site_name,date,status,site_total_kwh,incident_id,focus_inverter_name,omitted_days,Symo Advanced 24.0-3 480 (1)__rated_kw,Symo Advanced 24.0-3 480 (1)__daily_energy_kwh,Symo Advanced 24.0-3 480 (1)__specific_yield_kwh_per_kw,Symo Advanced 24.0-3 480 (1)__relative_specific_yield_vs_site_avg,Symo Advanced 24.0-3 480 (2)__rated_kw,Symo Advanced 24.0-3 480 (2)__daily_energy_kwh,Symo Advanced 24.0-3 480 (2)__specific_yield_kwh_per_kw,Symo Advanced 24.0-3 480 (2)__relative_specific_yield_vs_site_avg,Symo Advanced 24.0-3 480 (3)__rated_kw,Symo Advanced 24.0-3 480 (3)__daily_energy_kwh,Symo Advanced 24.0-3 480 (3)__specific_yield_kwh_per_kw,Symo Advanced 24.0-3 480 (3)__relative_specific_yield_vs_site_avg,Symo Advanced 24.0-3 480 (4)__rated_kw,Symo Advanced 24.0-3 480 (4)__daily_energy_kwh,Symo Advanced 24.0-3 480 (4)__specific_yield_kwh_per_kw,Symo Advanced 24.0-3 480 (4)__relative_specific_yield_vs_site_avg,Symo Advanced 24.0-3 480 (5)__rated_kw,Symo Advanced 24.0-3 480 (5)__daily_energy_kwh,Symo Advanced 24.0-3 480 (5)__specific_yield_kwh_per_kw,Symo Advanced 24.0-3 480 (5)__relative_specific_yield_vs_site_avg
NE19-8-11,2024-04-30,Normal,,,,,24.0,0.0,0.0,,24.0,0.0,0.0,,24.0,0.0,0.0,,24.0,0.0,0.0,,24.0,0.0,0.0,
NE19-8-11,2024-05-01,Normal,332.72,,,,24.0,62.54,2.605833,0.939829,24.0,61.72,2.571667,0.927507,24.0,61.65,2.56875,0.926455,24.0,62.6,2.608333,0.940731,24.0,84.21,3.50875,1.265478
NE19-8-11,2024-05-02,Normal,307.44,,,,24.0,57.81,2.40875,0.940183,24.0,57.23,2.384583,0.930751,24.0,57.63,2.40125,0.937256,24.0,57.78,2.4075,0.939696,24.0,76.99,3.207917,1.252114
NE19-8-11,2024-05-03,Normal,724.16,,,,24.0,141.27,5.88625,0.975406,24.0,139.54,5.814167,0.963461,24.0,139.8,5.825,0.965256,24.0,141.2,5.883333,0.974923,24.0,162.35,6.764583,1.120954
NE19-8-11,2024-05-04,Normal,941.95,,,,24.0,182.95,7.622917,0.971124,24.0,180.33,7.51375,0.957216,24.0,178.85,7.452083,0.94936,24.0,183.9,7.6625,0.976166,24.0,215.92,8.996667,1.146133
NE19-8-11,2024-05-05,Normal,461.96,,,,24.0,86.77,3.615417,0.939151,24.0,86.1,3.5875,0.931899,24.0,85.93,3.580417,0.930059,24.0,86.74,3.614167,0.938826,24.0,116.42,4.850833,1.260066
NE19-8-11,2024-05-06,Normal,545.45,,,,24.0,102.73,4.280417,0.9417,24.0,101.44,4.226667,0.929874,24.0,101.24,4.218333,0.928041,24.0,102.71,4.279583,0.941516,24.0,137.33,5.722083,1.258869
NE19-8-11,2024-05-07,Normal,78.06,,,,24.0,14.66,0.610833,0.939021,24.0,14.49,0.60375,0.928132,24.0,14.33,0.597083,0.917884,24.0,14.79,0.61625,0.947348,24.0,19.79,0.824583,1.267615
NE19-8-11,2024-05-08,Normal,145.06,,,,24.0,27.43,1.142917,0.945471,24.0,26.91,1.12125,0.927547,24.0,26.69,1.112083,0.919964,24.0,27.19,1.132917,0.937198,24.0,36.84,1.535,1.269819
NE19-8-11,2024-05-09,Normal,974.36,,,,24.0,190.43,7.934583,0.977206,24.0,185.99,7.749583,0.954421,24.0,183.68,7.653333,0.942567,24.0,190.5,7.9375,0.977565,24.0,223.76,9.323333,1.148241
NE19-8-11,2024-05-10,offline_or_near_zero,719.92,FRONIUS-35d57c96-ce57-4d21-8268--001,Symo Advanced 24.0-3 480 (1),,24.0,0.0,0.0,0.0,24.0,182.16,7.59,1.265141,24.0,179.03,7.459583,1.243402,24.0,135.94,5.664167,0.944133,24.0,222.79,9.282917,1.547325
NE19-8-11,2024-05-11,offline_or_near_zero,754.64,FRONIUS-35d57c96-ce57-4d21-8268--001,Symo Advanced 24.0-3 480 (1),,24.0,0.0,0.0,0.0,24.0,177.83,7.409583,1.178244,24.0,176.56,7.356667,1.169829,24.0,181.91,7.579583,1.205277,24.0,218.34,9.0975,1.44665
NE19-8-11,2024-05-12,offline_or_near_zero,680.05,FRONIUS-35d57c96-ce57-4d21-8268--001,Symo Advanced 24.0-3 480 (1),,24.0,0.0,0.0,0.0,24.0,159.51,6.64625,1.172781,24.0,158.96,6.623333,1.168738,24.0,163.46,6.810833,1.201823,24.0,198.12,8.255,1.456658
NE19-8-11,2024-05-13,offline_or_near_zero,326.79,FRONIUS-35d57c96-ce57-4d21-8268--001,Symo Advanced 24.0-3 480 (1),,24.0,2.55,0.10625,0.039016,24.0,97.02,4.0425,1.48444,24.0,96.1,4.004167,1.470363,24.0,2.65,0.110417,0.040546,24.0,128.47,5.352917,1.965635
NE19-8-11,,Omitted,,,,0,,,,,,,,,,,,,,,,,,,,
NE19-8-11,2024-05-13,offline_or_near_zero,326.79,FRONIUS-35d57c96-ce57-4d21-8268--002,Symo Advanced 24.0-3 480 (4),,24.0,2.55,0.10625,0.039016,24.0,97.02,4.0425,1.48444,24.0,96.1,4.004167,1.470363,24.0,2.65,0.110417,0.040546,24.0,128.47,5.352917,1.965635
NE19-8-11,2024-05-14,Normal,534.23,,,,24.0,102.98,4.290833,0.963817,24.0,101.36,4.223333,0.948655,24.0,100.73,4.197083,0.942759,24.0,103.12,4.296667,0.965127,24.0,126.04,5.251667,1.179642
NE19-8-11,2024-05-15,Normal,814.47,,,,24.0,155.14,6.464167,0.952398,24.0,152.32,6.346667,0.935087,24.0,151.63,6.317917,0.930851,24.0,155.39,6.474583,0.953933,24.0,199.99,8.332917,1.227731
NE19-8-11,2024-05-16,Normal,737.63,,,,24.0,141.6,5.9,0.959831,24.0,138.33,5.76375,0.937665,24.0,136.26,5.6775,0.923634,24.0,141.46,5.894167,0.958882,24.0,179.98,7.499167,1.219988
NE19-8-11,2024-05-17,Normal,336.85,,,,24.0,63.84,2.66,0.947603,24.0,63.32,2.638333,0.939884,24.0,63.51,2.64625,0.942704,24.0,63.77,2.657083,0.946564,24.0,82.41,3.43375,1.223245
NE19-8-11,2024-05-18,Normal,756.83,,,,24.0,146.33,6.097083,0.96673,24.0,144.29,6.012083,0.953252,24.0,143.69,5.987083,0.949288,24.0,146.26,6.094167,0.966267,24.0,176.26,7.344167,1.164462
NE19-8-11,2024-05-19,Normal,603.18,,,,24.0,115.33,4.805417,0.956016,24.0,113.75,4.739583,0.942919,24.0,113.26,4.719167,0.938857,24.0,115.49,4.812083,0.957343,24.0,145.35,6.05625,1.204864
NE19-8-11,2024-05-20,Normal,611.28,,,,24.0,117.11,4.879583,0.957908,24.0,115.44,4.81,0.944248,24.0,114.94,4.789167,0.940158,24.0,117.12,4.88,0.95799,24.0,146.67,6.11125,1.199696
NE19-8-11,,Omitted,,,,3,,,,,,,,,,,,,,,,,,,,
NE19-8-11,2024-05-24,Normal,798.6,,,,24.0,154.66,6.444167,0.96832,24.0,152.25,6.34375,0.953231,24.0,150.61,6.275417,0.942963,24.0,154.49,6.437083,0.967255,24.0,186.59,7.774583,1.168232
NE19-8-11,2024-05-25,Normal,715.61,,,,24.0,138.31,5.762917,0.966378,24.0,136.05,5.66875,0.950588,24.0,134.54,5.605833,0.940037,24.0,138.41,5.767083,0.967077,24.0,168.3,7.0125,1.17592
NE19-8-11,2024-05-26,Normal,506.06,,,,24.0,97.78,4.074167,0.966091,24.0,96.48,4.02,0.953247,24.0,96.02,4.000833,0.948702,24.0,97.73,4.072083,0.965597,24.0,118.05,4.91875,1.166364
NE19-8-11,2024-05-27,Normal,970.27,,,,24.0,188.98,7.874167,0.973853,24.0,184.35,7.68125,0.949993,24.0,181.89,7.57875,0.937316,24.0,188.42,7.850833,0.970967,24.0,226.63,9.442917,1.167871
NE19-8-11,2024-05-28,Normal,913.14,,,,24.0,182.27,7.594583,0.99804,24.0,179.66,7.485833,0.983748,24.0,178.43,7.434583,0.977013,24.0,151.35,6.30625,0.828734,24.0,221.43,9.22625,1.212465
NE19-8-11,2024-05-29,offline_or_near_zero,713.78,FRONIUS-35d57c96-ce57-4d21-8268--003,Symo Advanced 24.0-3 480 (4),,24.0,173.54,7.230833,1.215641,24.0,169.42,7.059167,1.18678,24.0,167.11,6.962917,1.170599,24.0,0.0,0.0,0.0,24.0,203.71,8.487917,1.42698
NE19-8-11,2024-05-30,offline_or_near_zero,439.92,FRONIUS-35d57c96-ce57-4d21-8268--003,Symo Advanced 24.0-3 480 (4),,24.0,103.75,4.322917,1.179192,24.0,102.48,4.27,1.164757,24.0,101.7,4.2375,1.155892,24.0,0.0,0.0,0.0,24.0,131.99,5.499583,1.500159
NE19-8-11,2024-05-31,offline_or_near_zero,610.7,FRONIUS-35d57c96-ce57-4d21-8268--003,Symo Advanced 24.0-3 480 (4),,24.0,145.43,6.059583,1.190683,24.0,141.91,5.912917,1.161863,24.0,140.36,5.848333,1.149173,24.0,0.0,0.0,0.0,24.0,183.0,7.625,1.498281
NE19-8-11,2024-06-01,offline_or_near_zero,670.48,FRONIUS-35d57c96-ce57-4d21-8268--003,Symo Advanced 24.0-3 480 (4),,24.0,159.88,6.661667,1.19228,24.0,157.27,6.552917,1.172816,24.0,156.71,6.529583,1.16864,24.0,0.0,0.0,0.0,24.0,196.62,8.1925,1.466263
NE19-8-11,2024-06-02,offline_or_near_zero,716.21,FRONIUS-35d57c96-ce57-4d21-8268--003,Symo Advanced 24.0-3 480 (4),,24.0,172.74,7.1975,1.205931,24.0,169.36,7.056667,1.182335,24.0,168.55,7.022917,1.17668,24.0,0.0,0.0,0.0,24.0,205.56,8.565,1.435054
NE19-8-11,2024-06-03,offline_or_near_zero,480.87,FRONIUS-35d57c96-ce57-4d21-8268--003,Symo Advanced 24.0-3 480 (4),,24.0,112.99,4.707917,1.17485,24.0,110.99,4.624583,1.154054,24.0,110.43,4.60125,1.148231,24.0,0.0,0.0,0.0,24.0,146.46,6.1025,1.522865
NE19-8-11,2024-06-04,offline_or_near_zero,798.54,FRONIUS-35d57c96-ce57-4d21-8268--003,Symo Advanced 24.0-3 480 (4),,24.0,195.07,8.127917,1.221417,24.0,190.5,7.9375,1.192802,24.0,188.62,7.859167,1.18103,24.0,0.0,0.0,0.0,24.0,224.35,9.347917,1.404751
NE19-8-11,2024-06-05,offline_or_near_zero,762.96,FRONIUS-35d57c96-ce57-4d21-8268--003,Symo Advanced 24.0-3 480 (4),,24.0,185.29,7.720417,1.214284,24.0,181.59,7.56625,1.190036,24.0,179.83,7.492917,1.178502,24.0,0.0,0.0,0.0,24.0,216.25,9.010417,1.417178
NE19-8-11,2024-06-06,offline_or_near_zero,761.85,FRONIUS-35d57c96-ce57-4d21-8268--003,Symo Advanced 24.0-3 480 (4),,24.0,183.16,7.631667,1.202074,24.0,178.99,7.457917,1.174706,24.0,177.79,7.407917,1.166831,24.0,0.0,0.0,0.0,24.0,221.91,9.24625,1.456389
NE19-8-11,2024-06-07,offline_or_near_zero,698.56,FRONIUS-35d57c96-ce57-4d21-8268--003,Symo Advanced 24.0-3 480 (4),,24.0,170.44,7.101667,1.219938,24.0,166.39,6.932917,1.19095,24.0,164.63,6.859583,1.178353,24.0,0.0,0.0,0.0,24.0,197.1,8.2125,1.410759
NE19-8-11,2024-06-08,offline_or_near_zero,538.34,FRONIUS-35d57c96-ce57-4d21-8268--003,Symo Advanced 24.0-3 480 (4),,24.0,127.72,5.321667,1.186239,24.0,125.05,5.210417,1.161441,24.0,123.75,5.15625,1.149367,24.0,0.0,0.0,0.0,24.0,161.82,6.7425,1.502954
NE19-8-11,2024-06-09,offline_or_near_zero,781.76,FRONIUS-35d57c96-ce57-4d21-8268--003,Symo Advanced 24.0-3 480 (4),,24.0,186.52,7.771667,1.192949,24.0,184.51,7.687917,1.180094,24.0,183.78,7.6575,1.175425,24.0,0.0,0.0,0.0,24.0,226.95,9.45625,1.451532
NE19-8-11,2024-06-10,offline_or_near_zero,599.97,FRONIUS-35d57c96-ce57-4d21-8268--003,Symo Advanced 24.0-3 480 (4),,24.0,145.85,6.077083,1.215477,24.0,142.88,5.953333,1.190726,24.0,142.2,5.925,1.185059,24.0,0.0,0.0,0.0,24.0,169.04,7.043333,1.408737
NE19-8-11,2024-06-11,offline_or_near_zero,767.95,FRONIUS-35d57c96-ce57-4d21-8268--003,Symo Advanced 24.0-3 480 (4),,24.0,185.56,7.731667,1.208152,24.0,181.4,7.558333,1.181066,24.0,179.58,7.4825,1.169217,24.0,0.0,0.0,0.0,24.0,221.41,9.225417,1.441565
NE19-8-11,,Omitted,,,,1,,,,,,,,,,,,,,,,,,,,
NE19-8-11,2024-06-13,offline_or_near_zero,767.69,FRONIUS-35d57c96-ce57-4d21-8268--004,Symo Advanced 24.0-3 480 (4),,24.0,183.76,7.656667,1.196837,24.0,181.07,7.544583,1.179317,24.0,180.05,7.502083,1.172674,24.0,0.0,0.0,0.0,24.0,222.81,9.28375,1.451172
NE19-8-11,2024-06-14,offline_or_near_zero,645.22,FRONIUS-35d57c96-ce57-4d21-8268--004,Symo Advanced 24.0-3 480 (4),,24.0,153.93,6.41375,1.192849,24.0,150.76,6.281667,1.168284,24.0,149.66,6.235833,1.159759,24.0,0.0,0.0,0.0,24.0,190.87,7.952917,1.479108
NE19-8-11,2024-06-15,offline_or_near_zero,431.84,FRONIUS-35d57c96-ce57-4d21-8268--004,Symo Advanced 24.0-3 480 (4),,24.0,101.08,4.211667,1.170341,24.0,99.03,4.12625,1.146605,24.0,98.82,4.1175,1.144174,24.0,0.0,0.0,0.0,24.0,132.91,5.537917,1.53888
NE19-8-11,2024-06-16,offline_or_near_zero,301.16,FRONIUS-35d57c96-ce57-4d21-8268--004,Symo Advanced 24.0-3 480 (4),,24.0,69.3,2.8875,1.150551,24.0,68.81,2.867083,1.142416,24.0,69.07,2.877917,1.146733,24.0,0.0,0.0,0.0,24.0,93.98,3.915833,1.5603
NE19-8-11,2024-06-17,offline_or_near_zero,269.29,FRONIUS-35d57c96-ce57-4d21-8268--004,Symo Advanced 24.0-3 480 (4),,24.0,62.05,2.585417,1.152104,24.0,61.57,2.565417,1.143191,24.0,61.79,2.574583,1.147276,24.0,0.0,0.0,0.0,24.0,83.88,3.495,1.557429
NE19-8-11,2024-06-18,offline_or_near_zero,205.96,FRONIUS-35d57c96-ce57-4d21-8268--004,Symo Advanced 24.0-3 480 (4),,24.0,47.18,1.965833,1.145368,24.0,46.89,1.95375,1.138328,24.0,47.33,1.972083,1.14901,24.0,0.0,0.0,0.0,24.0,64.56,2.69,1.567295
NE19-8-11,2024-06-19,offline_or_near_zero,704.0,FRONIUS-35d57c96-ce57-4d21-8268--004,Symo Advanced 24.0-3 480 (4),,24.0,167.81,6.992083,1.191832,24.0,165.4,6.891667,1.174716,24.0,164.44,6.851667,1.167898,24.0,0.0,0.0,0.0,24.0,206.35,8.597917,1.465554
NE19-8-11,2024-06-20,offline_or_near_zero,692.76,FRONIUS-35d57c96-ce57-4d21-8268--004,Symo Advanced 24.0-3 480 (4),,24.0,165.63,6.90125,1.195436,24.0,165.11,6.879583,1.191683,24.0,165.4,6.891667,1.193776,24.0,0.0,0.0,0.0,24.0,196.62,8.1925,1.419106
NE19-8-11,2024-06-21,offline_or_near_zero,674.03,FRONIUS-35d57c96-ce57-4d21-8268--004,Symo Advanced 24.0-3 480 (4),,24.0,161.52,6.73,1.198166,24.0,160.3,6.679167,1.189116,24.0,159.73,6.655417,1.184888,24.0,0.0,0.0,0.0,24.0,192.48,8.02,1.42783
NE19-8-11,2024-06-22,offline_or_near_zero,770.22,FRONIUS-35d57c96-ce57-4d21-8268--004,Symo Advanced 24.0-3 480 (4),,24.0,184.38,7.6825,1.196931,24.0,180.72,7.53,1.173171,24.0,179.74,7.489167,1.166809,24.0,0.0,0.0,0.0,24.0,225.38,9.390833,1.463088
NE19-8-11,2024-06-23,offline_or_near_zero,721.78,FRONIUS-35d57c96-ce57-4d21-8268--004,Symo Advanced 24.0-3 480 (4),,24.0,173.07,7.21125,1.198911,24.0,169.54,7.064167,1.174458,24.0,168.62,7.025833,1.168084,24.0,0.0,0.0,0.0,24.0,210.55,8.772917,1.458547
NE19-8-11,2024-06-24,offline_or_near_zero,794.45,FRONIUS-35d57c96-ce57-4d21-8268--004,Symo Advanced 24.0-3 480 (4),,24.0,191.96,7.998333,1.208131,24.0,187.84,7.826667,1.182202,24.0,185.94,7.7475,1.170244,24.0,0.0,0.0,0.0,24.0,228.71,9.529583,1.439424
NE19-8-11,2024-06-25,offline_or_near_zero,794.32,FRONIUS-35d57c96-ce57-4d21-8268--004,Symo Advanced 24.0-3 480 (4),,24.0,191.75,7.989583,1.207007,24.0,188.28,7.845,1.185165,24.0,186.61,7.775417,1.174653,24.0,0.0,0.0,0.0,24.0,227.68,9.486667,1.433176
NE19-8-11,2024-06-26,offline_or_near_zero,578.94,FRONIUS-35d57c96-ce57-4d21-8268--004,Symo Advanced 24.0-3 480 (4),,24.0,136.15,5.672917,1.175856,24.0,135.73,5.655417,1.172229,24.0,136.13,5.672083,1.175683,24.0,0.0,0.0,0.0,24.0,170.93,7.122083,1.476232
NE19-8-11,2024-06-27,offline_or_near_zero,297.54,FRONIUS-35d57c96-ce57-4d21-8268--004,Symo Advanced 24.0-3 480 (4),,24.0,69.74,2.905833,1.171943,24.0,68.92,2.871667,1.158164,24.0,68.21,2.842083,1.146232,24.0,0.0,0.0,0.0,24.0,90.67,3.777917,1.523661
NE19-8-11,2024-06-28,offline_or_near_zero,428.8,FRONIUS-35d57c96-ce57-4d21-8268--004,Symo Advanced 24.0-3 480 (4),,24.0,101.23,4.217917,1.180387,24.0,100.09,4.170417,1.167094,24.0,99.44,4.143333,1.159515,24.0,0.0,0.0,0.0,24.0,128.04,5.335,1.493004
NE19-8-11,2024-06-29,offline_or_near_zero,769.66,FRONIUS-35d57c96-ce57-4d21-8268--004,Symo Advanced 24.0-3 480 (4),,24.0,183.34,7.639167,1.191045,24.0,181.45,7.560417,1.178767,24.0,181.07,7.544583,1.176299,24.0,0.0,0.0,0.0,24.0,223.8,9.325,1.453889
NE19-8-11,2024-06-30,offline_or_near_zero,267.4,FRONIUS-35d57c96-ce57-4d21-8268--004,Symo Advanced 24.0-3 480 (4),,24.0,62.41,2.600417,1.166978,24.0,61.03,2.542917,1.141174,24.0,60.58,2.524167,1.13276,24.0,0.0,0.0,0.0,24.0,83.38,3.474167,1.559088
NE19-8-11,2024-07-01,offline_or_near_zero,399.4,FRONIUS-35d57c96-ce57-4d21-8268--004,Symo Advanced 24.0-3 480 (4),,24.0,93.27,3.88625,1.167626,24.0,92.31,3.84625,1.155608,24.0,92.63,3.859583,1.159614,24.0,0.0,0.0,0.0,24.0,121.19,5.049583,1.517151
NE19-8-11,2024-07-02,offline_or_near_zero,605.03,FRONIUS-35d57c96-ce57-4d21-8268--004,Symo Advanced 24.0-3 480 (4),,24.0,143.92,5.996667,1.189363,24.0,141.24,5.885,1.167215,24.0,140.24,5.843333,1.158951,24.0,0.0,0.0,0.0,24.0,179.63,7.484583,1.484472
NE19-8-11,2024-07-03,offline_or_near_zero,521.36,FRONIUS-35d57c96-ce57-4d21-8268--004,Symo Advanced 24.0-3 480 (4),,24.0,123.12,5.13,1.180758,24.0,121.07,5.044583,1.161098,24.0,120.62,5.025833,1.156782,24.0,0.0,0.0,0.0,24.0,156.55,6.522917,1.501362
NE19-8-11,2024-07-04,offline_or_near_zero,600.58,FRONIUS-35d57c96-ce57-4d21-8268--004,Symo Advanced 24.0-3 480 (4),,24.0,143.91,5.99625,1.198092,24.0,141.41,5.892083,1.177279,24.0,140.72,5.863333,1.171534,24.0,0.0,0.0,0.0,24.0,174.54,7.2725,1.453095
NE19-8-11,2024-07-05,offline_or_near_zero,767.56,FRONIUS-35d57c96-ce57-4d21-8268--004,Symo Advanced 24.0-3 480 (4),,24.0,184.73,7.697083,1.203359,24.0,181.03,7.542917,1.179256,24.0,178.94,7.455833,1.165642,24.0,0.0,0.0,0.0,24.0,222.86,9.285833,1.451743
NE19-8-11,2024-07-06,offline_or_near_zero,682.07,FRONIUS-35d57c96-ce57-4d21-8268--004,Symo Advanced 24.0-3 480 (4),,24.0,163.97,6.832083,1.202003,24.0,161.59,6.732917,1.184556,24.0,160.41,6.68375,1.175906,24.0,0.0,0.0,0.0,24.0,196.1,8.170833,1.437536
NE19-8-11,2024-07-07,offline_or_near_zero,761.86,FRONIUS-35d57c96-ce57-4d21-8268--004,Symo Advanced 24.0-3 480 (4),,24.0,181.95,7.58125,1.194117,24.0,178.39,7.432917,1.170753,24.0,176.96,7.373333,1.161368,24.0,0.0,0.0,0.0,24.0,224.56,9.356667,1.473762
NE19-8-11,2024-07-08,offline_or_near_zero,747.11,FRONIUS-35d57c96-ce57-4d21-8268--004,Symo Advanced 24.0-3 480 (4),,24.0,174.32,7.263333,1.166629,24.0,175.63,7.317917,1.175396,24.0,173.94,7.2475,1.164086,24.0,0.0,0.0,0.0,24.0,223.22,9.300833,1.49389
NE19-8-11,2024-07-09,offline_or_near_zero,695.96,FRONIUS-35d57c96-ce57-4d21-8268--004,Symo Advanced 24.0-3 480 (4),,24.0,125.92,5.246667,0.90465,24.0,174.26,7.260833,1.25194,24.0,173.02,7.209167,1.243031,24.0,0.0,0.0,0.0,24.0,222.76,9.281667,1.600379
NE19-8-11,2024-07-10,offline_or_near_zero,744.58,FRONIUS-35d57c96-ce57-4d21-8268--004,Symo Advanced 24.0-3 480 (4),,24.0,175.03,7.292917,1.175361,24.0,174.06,7.2525,1.168847,24.0,173.25,7.21875,1.163408,24.0,0.0,0.0,0.0,24.0,222.24,9.26,1.492385
NE19-8-11,2024-07-11,offline_or_near_zero,748.1,FRONIUS-35d57c96-ce57-4d21-8268--004,Symo Advanced 24.0-3 480 (4),,24.0,178.25,7.427083,1.191351,24.0,174.71,7.279583,1.167691,24.0,172.99,7.207917,1.156196,24.0,0.0,0.0,0.0,24.0,222.15,9.25625,1.484761
NE19-8-11,2024-07-12,offline_or_near_zero,732.76,FRONIUS-35d57c96-ce57-4d21-8268--004,Symo Advanced 24.0-3 480 (4),,24.0,175.52,7.313333,1.197664,24.0,172.37,7.182083,1.17617,24.0,171.19,7.132917,1.168118,24.0,0.0,0.0,0.0,24.0,213.68,8.903333,1.458049
NE19-8-11,2024-07-13,offline_or_near_zero,711.66,FRONIUS-35d57c96-ce57-4d21-8268--004,Symo Advanced 24.0-3 480 (4),,24.0,170.04,7.085,1.194672,24.0,166.48,6.936667,1.16966,24.0,164.8,6.866667,1.157856,24.0,0.0,0.0,0.0,24.0,210.34,8.764167,1.477812
NE19-8-11,2024-07-14,offline_or_near_zero,750.62,FRONIUS-35d57c96-ce57-4d21-8268--004,Symo Advanced 24.0-3 480 (4),,24.0,178.6,7.441667,1.189683,24.0,176.48,7.353333,1.175562,24.0,175.68,7.32,1.170233,24.0,0.0,0.0,0.0,24.0,219.86,9.160833,1.464523
NE19-8-11,2024-07-15,offline_or_near_zero,715.39,FRONIUS-35d57c96-ce57-4d21-8268--004,Symo Advanced 24.0-3 480 (4),,24.0,169.61,7.067083,1.185437,24.0,166.82,6.950833,1.165937,24.0,165.65,6.902083,1.15776,24.0,0.0,0.0,0.0,24.0,213.31,8.887917,1.490865
NE19-8-11,2024-07-16,offline_or_near_zero,712.88,FRONIUS-35d57c96-ce57-4d21-8268--004,Symo Advanced 24.0-3 480 (4),,24.0,169.53,7.06375,1.18905,24.0,166.4,6.933333,1.167097,24.0,165.72,6.905,1.162327,24.0,0.0,0.0,0.0,24.0,211.23,8.80125,1.481526
NE19-8-11,2024-07-17,offline_or_near_zero,741.56,FRONIUS-35d57c96-ce57-4d21-8268--004,Symo Advanced 24.0-3 480 (4),,24.0,175.6,7.316667,1.183991,24.0,173.19,7.21625,1.167741,24.0,172.28,7.178333,1.161605,24.0,0.0,0.0,0.0,24.0,220.49,9.187083,1.486663
NE19-8-11,2024-07-18,offline_or_near_zero,454.52,FRONIUS-35d57c96-ce57-4d21-8268--004,Symo Advanced 24.0-3 480 (4),,24.0,106.77,4.44875,1.174536,24.0,104.79,4.36625,1.152755,24.0,104.05,4.335417,1.144614,24.0,0.0,0.0,0.0,24.0,138.91,5.787917,1.528096
NE19-8-11,2024-07-19,offline_or_near_zero,725.17,FRONIUS-35d57c96-ce57-4d21-8268--004,Symo Advanced 24.0-3 480 (4),,24.0,171.06,7.1275,1.179448,24.0,168.07,7.002917,1.158832,24.0,166.98,6.9575,1.151316,24.0,0.0,0.0,0.0,24.0,219.06,9.1275,1.510404
NE19-8-11,2024-07-20,offline_or_near_zero,711.57,FRONIUS-35d57c96-ce57-4d21-8268--004,Symo Advanced 24.0-3 480 (4),,24.0,167.87,6.994583,1.179575,24.0,165.0,6.875,1.159408,24.0,164.06,6.835833,1.152803,24.0,0.0,0.0,0.0,24.0,214.64,8.943333,1.508214
NE19-8-11,2024-07-21,offline_or_near_zero,685.6,FRONIUS-35d57c96-ce57-4d21-8268--004,Symo Advanced 24.0-3 480 (4),,24.0,161.08,6.711667,1.174737,24.0,158.52,6.605,1.156068,24.0,157.88,6.578333,1.1514,24.0,0.0,0.0,0.0,24.0,208.12,8.671667,1.517795
NE19-8-11,2024-07-22,offline_or_near_zero,574.38,FRONIUS-35d57c96-ce57-4d21-8268--004,Symo Advanced 24.0-3 480 (4),,24.0,132.83,5.534583,1.15629,24.0,131.4,5.475,1.143842,24.0,131.45,5.477083,1.144277,24.0,0.0,0.0,0.0,24.0,178.7,7.445833,1.55559
NE19-8-11,2024-07-23,offline_or_near_zero,695.63,FRONIUS-35d57c96-ce57-4d21-8268--004,Symo Advanced 24.0-3 480 (4),,24.0,163.98,6.8325,1.178644,24.0,160.62,6.6925,1.154493,24.0,159.73,6.655417,1.148096,24.0,0.0,0.0,0.0,24.0,211.3,8.804167,1.518767
NE19-8-11,2024-07-24,offline_or_near_zero,718.36,FRONIUS-35d57c96-ce57-4d21-8268--004,Symo Advanced 24.0-3 480 (4),,24.0,169.67,7.069583,1.180954,24.0,166.67,6.944583,1.160073,24.0,165.83,6.909583,1.154226,24.0,0.0,0.0,0.0,24.0,216.19,9.007917,1.504747
NE19-8-11,2024-07-25,offline_or_near_zero,615.56,FRONIUS-35d57c96-ce57-4d21-8268--004,Symo Advanced 24.0-3 480 (4),,24.0,146.08,6.086667,1.186562,24.0,142.83,5.95125,1.160163,24.0,141.55,5.897917,1.149766,24.0,0.0,0.0,0.0,24.0,185.1,7.7125,1.503509
NE19-8-11,2024-07-26,offline_or_near_zero,757.85,FRONIUS-35d57c96-ce57-4d21-8268--004,Symo Advanced 24.0-3 480 (4),,24.0,181.6,7.566667,1.198126,24.0,178.11,7.42125,1.175101,24.0,176.63,7.359583,1.165336,24.0,0.0,0.0,0.0,24.0,221.51,9.229583,1.461437
NE19-8-11,2024-07-27,offline_or_near_zero,669.72,FRONIUS-35d57c96-ce57-4d21-8268--004,Symo Advanced 24.0-3 480 (4),,24.0,158.97,6.62375,1.186839,24.0,156.95,6.539583,1.171758,24.0,156.68,6.528333,1.169743,24.0,0.0,0.0,0.0,24.0,197.12,8.213333,1.47166
NE19-8-11,2024-07-28,offline_or_near_zero,673.71,FRONIUS-35d57c96-ce57-4d21-8268--004,Symo Advanced 24.0-3 480 (4),,24.0,159.46,6.644167,1.183447,24.0,157.03,6.542917,1.165412,24.0,156.32,6.513333,1.160143,24.0,0.0,0.0,0.0,24.0,200.9,8.370833,1.490998
NE19-8-11,2024-07-29,Normal,866.86,,,,24.0,169.54,7.064167,0.977897,24.0,165.93,6.91375,0.957075,24.0,164.45,6.852083,0.948538,24.0,157.25,6.552083,0.907009,24.0,209.69,8.737083,1.20948
NE19-8-11,,Omitted,,,,1,,,,,,,,,,,,,,,,,,,,
NE19-8-11,2024-07-31,offline_or_near_zero,721.81,FRONIUS-35d57c96-ce57-4d21-8268--005,Symo Advanced 24.0-3 480 (4),,24.0,172.93,7.205417,1.197891,24.0,169.22,7.050833,1.172192,24.0,167.41,6.975417,1.159654,24.0,0.0,0.0,0.0,24.0,212.25,8.84375,1.470262
NE19-8-11,2024-08-01,offline_or_near_zero,725.64,FRONIUS-35d57c96-ce57-4d21-8268--005,Symo Advanced 24.0-3 480 (4),,24.0,172.62,7.1925,1.189433,24.0,169.23,7.05125,1.166074,24.0,167.62,6.984167,1.15498,24.0,0.0,0.0,0.0,24.0,216.17,9.007083,1.489513
NE19-8-11,2024-08-02,offline_or_near_zero,714.27,FRONIUS-35d57c96-ce57-4d21-8268--005,Symo Advanced 24.0-3 480 (4),,24.0,170.37,7.09875,1.192616,24.0,167.46,6.9775,1.172246,24.0,165.85,6.910417,1.160976,24.0,0.0,0.0,0.0,24.0,210.59,8.774583,1.474162
NE19-8-11,2024-08-03,offline_or_near_zero,469.13,FRONIUS-35d57c96-ce57-4d21-8268--005,Symo Advanced 24.0-3 480 (4),,24.0,108.67,4.527917,1.158208,24.0,107.98,4.499167,1.150854,24.0,107.43,4.47625,1.144992,24.0,0.0,0.0,0.0,24.0,145.05,6.04375,1.545947
NE19-8-11,2024-08-04,offline_or_near_zero,458.69,FRONIUS-35d57c96-ce57-4d21-8268--005,Symo Advanced 24.0-3 480 (4),,24.0,107.3,4.470833,1.169635,24.0,106.38,4.4325,1.159607,24.0,105.92,4.413333,1.154592,24.0,0.0,0.0,0.0,24.0,139.09,5.795417,1.516166
NE19-8-11,2024-08-05,offline_or_near_zero,559.01,FRONIUS-35d57c96-ce57-4d21-8268--005,Symo Advanced 24.0-3 480 (4),,24.0,132.09,5.50375,1.181464,24.0,130.05,5.41875,1.163217,24.0,128.52,5.355,1.149532,24.0,0.0,0.0,0.0,24.0,168.35,7.014583,1.505787
NE19-8-11,2024-08-06,offline_or_near_zero,520.44,FRONIUS-35d57c96-ce57-4d21-8268--005,Symo Advanced 24.0-3 480 (4),,24.0,124.29,5.17875,1.194086,24.0,122.68,5.111667,1.178618,24.0,121.86,5.0775,1.17074,24.0,0.0,0.0,0.0,24.0,151.61,6.317083,1.456556
NE19-8-11,2024-08-07,offline_or_near_zero,298.97,FRONIUS-35d57c96-ce57-4d21-8268--005,Symo Advanced 24.0-3 480 (4),,24.0,69.75,2.90625,1.166505,24.0,69.05,2.877083,1.154798,24.0,68.76,2.865,1.149948,24.0,0.0,0.0,0.0,24.0,91.41,3.80875,1.528749
NE19-8-11,2024-08-08,offline_or_near_zero,742.37,FRONIUS-35d57c96-ce57-4d21-8268--005,Symo Advanced 24.0-3 480 (4),,24.0,179.96,7.498333,1.212064,24.0,176.81,7.367083,1.190848,24.0,172.66,7.194167,1.162897,24.0,0.0,0.0,0.0,24.0,212.94,8.8725,1.43419
NE19-8-11,2024-08-09,offline_or_near_zero,652.83,FRONIUS-35d57c96-ce57-4d21-8268--005,Symo Advanced 24.0-3 480 (4),,24.0,157.97,6.582083,1.209886,24.0,155.54,6.480833,1.191275,24.0,152.27,6.344583,1.16623,24.0,0.0,0.0,0.0,24.0,187.05,7.79375,1.432609
NE19-8-11,2024-08-10,offline_or_near_zero,695.33,FRONIUS-35d57c96-ce57-4d21-8268--005,Symo Advanced 24.0-3 480 (4),,24.0,167.08,6.961667,1.201444,24.0,165.15,6.88125,1.187566,24.0,161.31,6.72125,1.159953,24.0,0.0,0.0,0.0,24.0,201.79,8.407917,1.451038
NE19-8-11,2024-08-11,offline_or_near_zero,532.2,FRONIUS-35d57c96-ce57-4d21-8268--005,Symo Advanced 24.0-3 480 (4),,24.0,126.69,5.27875,1.190248,24.0,124.78,5.199167,1.172304,24.0,121.15,5.047917,1.1382,24.0,0.0,0.0,0.0,24.0,159.58,6.649167,1.499248
NE19-8-11,2024-08-12,offline_or_near_zero,593.36,FRONIUS-35d57c96-ce57-4d21-8268--005,Symo Advanced 24.0-3 480 (4),,24.0,141.12,5.88,1.18916,24.0,138.9,5.7875,1.170453,24.0,136.23,5.67625,1.147954,24.0,0.0,0.0,0.0,24.0,177.11,7.379583,1.492433
NE19-8-11,2024-08-13,offline_or_near_zero,684.53,FRONIUS-35d57c96-ce57-4d21-8268--005,Symo Advanced 24.0-3 480 (4),,24.0,165.08,6.878333,1.205791,24.0,161.65,6.735417,1.180737,24.0,157.66,6.569167,1.151593,24.0,0.0,0.0,0.0,24.0,200.14,8.339167,1.461879
NE19-8-11,2024-08-14,offline_or_near_zero,666.78,FRONIUS-35d57c96-ce57-4d21-8268--005,Symo Advanced 24.0-3 480 (4),,24.0,159.25,6.635417,1.194172,24.0,156.24,6.51,1.171601,24.0,152.02,6.334167,1.139956,24.0,0.0,0.0,0.0,24.0,199.27,8.302917,1.494271
NE19-8-11,,Omitted,,,,1,,,,,,,,,,,,,,,,,,,,
NE19-8-11,2024-08-16,offline_or_near_zero,375.07,FRONIUS-35d57c96-ce57-4d21-8268--006,Symo Advanced 24.0-3 480 (4),,24.0,89.3,3.720833,1.190444,24.0,88.5,3.6875,1.17978,24.0,85.97,3.582083,1.146053,24.0,0.0,0.0,0.0,24.0,111.3,4.6375,1.483723
NE19-8-11,2024-08-17,offline_or_near_zero,691.08,FRONIUS-35d57c96-ce57-4d21-8268--006,Symo Advanced 24.0-3 480 (4),,24.0,167.21,6.967083,1.209773,24.0,163.61,6.817083,1.183727,24.0,158.22,6.5925,1.14473,24.0,0.0,0.0,0.0,24.0,202.04,8.418333,1.46177
NE19-8-11,2024-08-18,offline_or_near_zero,604.26,FRONIUS-35d57c96-ce57-4d21-8268--006,Symo Advanced 24.0-3 480 (4),,24.0,145.09,6.045417,1.200559,24.0,142.18,5.924167,1.17648,24.0,136.94,5.705833,1.133122,24.0,0.0,0.0,0.0,24.0,180.05,7.502083,1.489839
NE19-8-11,,Omitted,,,,1,,,,,,,,,,,,,,,,,,,,
NE19-8-11,2024-08-20,offline_or_near_zero,554.4,FRONIUS-35d57c96-ce57-4d21-8268--007,Symo Advanced 24.0-3 480 (4),,24.0,132.28,5.511667,1.193001,24.0,130.05,5.41875,1.17289,24.0,126.81,5.28375,1.143669,24.0,0.0,0.0,0.0,24.0,165.26,6.885833,1.49044
NE19-8-11,2024-08-21,offline_or_near_zero,449.62,FRONIUS-35d57c96-ce57-4d21-8268--007,Symo Advanced 24.0-3 480 (4),,24.0,107.64,4.485,1.197011,24.0,105.58,4.399167,1.174103,24.0,102.19,4.257917,1.136404,24.0,0.0,0.0,0.0,24.0,134.21,5.592083,1.492483
NE19-8-11,2024-08-22,offline_or_near_zero,689.33,FRONIUS-35d57c96-ce57-4d21-8268--007,Symo Advanced 24.0-3 480 (4),,24.0,165.51,6.89625,1.200514,24.0,162.28,6.761667,1.177085,24.0,157.03,6.542917,1.139005,24.0,0.0,0.0,0.0,24.0,204.51,8.52125,1.483397
NE19-8-11,2024-08-23,offline_or_near_zero,534.18,FRONIUS-35d57c96-ce57-4d21-8268--007,Symo Advanced 24.0-3 480 (4),,24.0,126.23,5.259583,1.181531,24.0,124.73,5.197083,1.16749,24.0,119.01,4.95875,1.11395,24.0,0.0,0.0,0.0,24.0,164.21,6.842083,1.537029
NE19-8-11,2024-08-24,offline_or_near_zero,616.42,FRONIUS-35d57c96-ce57-4d21-8268--007,Symo Advanced 24.0-3 480 (4),,24.0,147.72,6.155,1.198209,24.0,145.08,6.045,1.176795,24.0,140.2,5.841667,1.137212,24.0,0.0,0.0,0.0,24.0,183.42,7.6425,1.487784
NE19-8-11,2024-08-25,offline_or_near_zero,692.75,FRONIUS-35d57c96-ce57-4d21-8268--007,Symo Advanced 24.0-3 480 (4),,24.0,167.28,6.97,1.207362,24.0,164.12,6.838333,1.184554,24.0,159.03,6.62625,1.147817,24.0,0.0,0.0,0.0,24.0,202.32,8.43,1.460267
NE19-8-11,2024-08-26,offline_or_near_zero,680.85,FRONIUS-35d57c96-ce57-4d21-8268--007,Symo Advanced 24.0-3 480 (4),,24.0,164.3,6.845833,1.20658,24.0,161.01,6.70875,1.182419,24.0,153.9,6.4125,1.130205,24.0,0.0,0.0,0.0,24.0,201.64,8.401667,1.480796
NE19-8-11,2024-08-27,offline_or_near_zero,471.57,FRONIUS-35d57c96-ce57-4d21-8268--007,Symo Advanced 24.0-3 480 (4),,24.0,113.41,4.725417,1.202473,24.0,111.73,4.655417,1.18466,24.0,108.45,4.51875,1.149882,24.0,0.0,0.0,0.0,24.0,137.98,5.749167,1.462985
NE19-8-11,2024-08-28,offline_or_near_zero,370.39,FRONIUS-35d57c96-ce57-4d21-8268--007,Symo Advanced 24.0-3 480 (4),,24.0,87.6,3.65,1.182537,24.0,86.39,3.599583,1.166203,24.0,84.95,3.539583,1.146764,24.0,0.0,0.0,0.0,24.0,111.45,4.64375,1.504495
NE19-8-11,2024-08-29,offline_or_near_zero,714.09,FRONIUS-35d57c96-ce57-4d21-8268--007,Symo Advanced 24.0-3 480 (4),,24.0,174.29,7.262083,1.220364,24.0,169.75,7.072917,1.188576,24.0,162.37,6.765417,1.136902,24.0,0.0,0.0,0.0,24.0,207.68,8.653333,1.454158
NE19-8-11,2024-08-30,offline_or_near_zero,684.85,FRONIUS-35d57c96-ce57-4d21-8268--007,Symo Advanced 24.0-3 480 (4),,24.0,166.3,6.929167,1.214134,24.0,162.62,6.775833,1.187267,24.0,155.37,6.47375,1.134336,24.0,0.0,0.0,0.0,24.0,200.56,8.356667,1.464262
NE19-8-11,2024-08-31,offline_or_near_zero,683.82,FRONIUS-35d57c96-ce57-4d21-8268--007,Symo Advanced 24.0-3 480 (4),,24.0,166.03,6.917917,1.213989,24.0,161.36,6.723333,1.179843,24.0,153.1,6.379167,1.119447,24.0,0.0,0.0,0.0,24.0,203.33,8.472083,1.486722
NE19-8-11,2024-09-01,offline_or_near_zero,683.12,FRONIUS-35d57c96-ce57-4d21-8268--007,Symo Advanced 24.0-3 480 (4),,24.0,165.73,6.905417,1.213037,24.0,161.96,6.748333,1.185443,24.0,153.35,6.389583,1.122424,24.0,0.0,0.0,0.0,24.0,202.08,8.42,1.479096
NE19-8-11,2024-09-02,offline_or_near_zero,643.26,FRONIUS-35d57c96-ce57-4d21-8268--007,Symo Advanced 24.0-3 480 (4),,24.0,155.1,6.4625,1.205578,24.0,151.84,6.326667,1.180238,24.0,144.0,6.0,1.119299,24.0,0.0,0.0,0.0,24.0,192.32,8.013333,1.494885
NE19-8-11,2024-09-03,offline_or_near_zero,544.43,FRONIUS-35d57c96-ce57-4d21-8268--007,Symo Advanced 24.0-3 480 (4),,24.0,132.62,5.525833,1.217971,24.0,128.66,5.360833,1.181603,24.0,122.35,5.097917,1.123652,24.0,0.0,0.0,0.0,24.0,160.8,6.7,1.476774
NE19-8-11,2024-09-04,offline_or_near_zero,647.22,FRONIUS-35d57c96-ce57-4d21-8268--007,Symo Advanced 24.0-3 480 (4),,24.0,156.61,6.525417,1.209867,24.0,153.12,6.38,1.182905,24.0,148.48,6.186667,1.14706,24.0,0.0,0.0,0.0,24.0,189.01,7.875417,1.460168
NE19-8-11,2024-09-05,offline_or_near_zero,653.67,FRONIUS-35d57c96-ce57-4d21-8268--007,Symo Advanced 24.0-3 480 (4),,24.0,158.73,6.61375,1.214145,24.0,153.67,6.402917,1.17544,24.0,145.55,6.064583,1.113329,24.0,0.0,0.0,0.0,24.0,195.72,8.155,1.497086
NE19-8-11,2024-09-06,offline_or_near_zero,658.58,FRONIUS-35d57c96-ce57-4d21-8268--007,Symo Advanced 24.0-3 480 (4),,24.0,160.15,6.672917,1.215874,24.0,155.19,6.46625,1.178217,24.0,146.38,6.099167,1.11133,24.0,0.0,0.0,0.0,24.0,196.86,8.2025,1.494579
NE19-8-11,2024-09-07,offline_or_near_zero,656.64,FRONIUS-35d57c96-ce57-4d21-8268--007,Symo Advanced 24.0-3 480 (4),,24.0,160.1,6.670833,1.219085,24.0,153.97,6.415417,1.172408,24.0,145.93,6.080417,1.111187,24.0,0.0,0.0,0.0,24.0,196.64,8.193333,1.49732
NE19-8-11,2024-09-08,offline_or_near_zero,626.18,FRONIUS-35d57c96-ce57-4d21-8268--007,Symo Advanced 24.0-3 480 (4),,24.0,151.51,6.312917,1.209796,24.0,146.18,6.090833,1.167236,24.0,139.37,5.807083,1.112859,24.0,0.0,0.0,0.0,24.0,189.12,7.88,1.510109
NE19-8-11,2024-09-09,offline_or_near_zero,335.64,FRONIUS-35d57c96-ce57-4d21-8268--007,Symo Advanced 24.0-3 480 (4),,24.0,0.0,0.0,0.0,24.0,102.07,4.252917,1.520528,24.0,98.3,4.095833,1.464367,24.0,0.0,0.0,0.0,24.0,135.27,5.63625,2.015105
NE19-8-11,2024-09-10,offline_or_near_zero,419.88,FRONIUS-35d57c96-ce57-4d21-8268--007,Symo Advanced 24.0-3 480 (4),,24.0,0.0,0.0,0.0,24.0,130.39,5.432917,1.552706,24.0,125.03,5.209583,1.488878,24.0,0.0,0.0,0.0,24.0,164.46,6.8525,1.958417
NE19-8-11,2024-09-11,offline_or_near_zero,221.54,FRONIUS-35d57c96-ce57-4d21-8268--007,Symo Advanced 24.0-3 480 (4),,24.0,0.0,0.0,0.0,24.0,67.71,2.82125,1.528166,24.0,65.3,2.720833,1.473774,24.0,0.0,0.0,0.0,24.0,88.53,3.68875,1.998059
NE19-8-11,,Omitted,,,,0,,,,,,,,,,,,,,,,,,,,
NE19-8-11,2024-09-09,offline_or_near_zero,335.64,FRONIUS-35d57c96-ce57-4d21-8268--008,Symo Advanced 24.0-3 480 (1),,24.0,0.0,0.0,0.0,24.0,102.07,4.252917,1.520528,24.0,98.3,4.095833,1.464367,24.0,0.0,0.0,0.0,24.0,135.27,5.63625,2.015105
NE19-8-11,2024-09-10,offline_or_near_zero,419.88,FRONIUS-35d57c96-ce57-4d21-8268--008,Symo Advanced 24.0-3 480 (1),,24.0,0.0,0.0,0.0,24.0,130.39,5.432917,1.552706,24.0,125.03,5.209583,1.488878,24.0,0.0,0.0,0.0,24.0,164.46,6.8525,1.958417
NE19-8-11,2024-09-11,offline_or_near_zero,221.54,FRONIUS-35d57c96-ce57-4d21-8268--008,Symo Advanced 24.0-3 480 (1),,24.0,0.0,0.0,0.0,24.0,67.71,2.82125,1.528166,24.0,65.3,2.720833,1.473774,24.0,0.0,0.0,0.0,24.0,88.53,3.68875,1.998059
NE19-8-11,,Omitted,,,,1,,,,,,,,,,,,,,,,,,,,
NE19-8-11,2024-09-13,offline_or_near_zero,369.36,FRONIUS-35d57c96-ce57-4d21-8268--009,Symo Advanced 24.0-3 480 (1),,24.0,0.0,0.0,0.0,24.0,116.81,4.867083,1.581249,24.0,113.19,4.71625,1.532245,24.0,0.0,0.0,0.0,24.0,139.36,5.806667,1.886506
NE19-8-11,2024-09-14,offline_or_near_zero,331.85,FRONIUS-35d57c96-ce57-4d21-8268--009,Symo Advanced 24.0-3 480 (1),,24.0,0.0,0.0,0.0,24.0,101.45,4.227083,1.528552,24.0,97.66,4.069167,1.471448,24.0,0.0,0.0,0.0,24.0,132.74,5.530833,2.0
NE19-8-11,2024-09-15,offline_or_near_zero,343.37,FRONIUS-35d57c96-ce57-4d21-8268--009,Symo Advanced 24.0-3 480 (1),,24.0,0.0,0.0,0.0,24.0,105.83,4.409583,1.541049,24.0,102.6,4.275,1.494015,24.0,0.0,0.0,0.0,24.0,134.94,5.6225,1.964936
NE19-8-11,2024-09-16,offline_or_near_zero,449.54,FRONIUS-35d57c96-ce57-4d21-8268--009,Symo Advanced 24.0-3 480 (1),,24.0,0.0,0.0,0.0,24.0,140.36,5.848333,1.561151,24.0,134.49,5.60375,1.495862,24.0,0.0,0.0,0.0,24.0,174.69,7.27875,1.942986
NE19-8-11,2024-09-17,offline_or_near_zero,371.28,FRONIUS-35d57c96-ce57-4d21-8268--009,Symo Advanced 24.0-3 480 (1),,24.0,0.0,0.0,0.0,24.0,115.66,4.819167,1.557585,24.0,111.72,4.655,1.504525,24.0,0.0,0.0,0.0,24.0,143.9,5.995833,1.937891
NE19-8-11,,Omitted,,,,0,,,,,,,,,,,,,,,,,,,,
NE19-8-11,2024-09-13,offline_or_near_zero,369.36,FRONIUS-35d57c96-ce57-4d21-8268--010,Symo Advanced 24.0-3 480 (4),,24.0,0.0,0.0,0.0,24.0,116.81,4.867083,1.581249,24.0,113.19,4.71625,1.532245,24.0,0.0,0.0,0.0,24.0,139.36,5.806667,1.886506
NE19-8-11,2024-09-14,offline_or_near_zero,331.85,FRONIUS-35d57c96-ce57-4d21-8268--010,Symo Advanced 24.0-3 480 (4),,24.0,0.0,0.0,0.0,24.0,101.45,4.227083,1.528552,24.0,97.66,4.069167,1.471448,24.0,0.0,0.0,0.0,24.0,132.74,5.530833,2.0
NE19-8-11,2024-09-15,offline_or_near_zero,343.37,FRONIUS-35d57c96-ce57-4d21-8268--010,Symo Advanced 24.0-3 480 (4),,24.0,0.0,0.0,0.0,24.0,105.83,4.409583,1.541049,24.0,102.6,4.275,1.494015,24.0,0.0,0.0,0.0,24.0,134.94,5.6225,1.964936
NE19-8-11,2024-09-16,offline_or_near_zero,449.54,FRONIUS-35d57c96-ce57-4d21-8268--010,Symo Advanced 24.0-3 480 (4),,24.0,0.0,0.0,0.0,24.0,140.36,5.848333,1.561151,24.0,134.49,5.60375,1.495862,24.0,0.0,0.0,0.0,24.0,174.69,7.27875,1.942986
NE19-8-11,2024-09-17,offline_or_near_zero,371.28,FRONIUS-35d57c96-ce57-4d21-8268--010,Symo Advanced 24.0-3 480 (4),,24.0,0.0,0.0,0.0,24.0,115.66,4.819167,1.557585,24.0,111.72,4.655,1.504525,24.0,0.0,0.0,0.0,24.0,143.9,5.995833,1.937891
NE19-8-11,,Omitted,,,,1,,,,,,,,,,,,,,,,,,,,
NE19-8-11,2024-09-19,offline_or_near_zero,391.92,FRONIUS-35d57c96-ce57-4d21-8268--011,Symo Advanced 24.0-3 480 (1),,24.0,0.0,0.0,0.0,24.0,122.23,5.092917,1.559374,24.0,117.35,4.889583,1.497117,24.0,0.0,0.0,0.0,24.0,152.34,6.3475,1.943509
NE19-8-11,,Omitted,,,,0,,,,,,,,,,,,,,,,,,,,
NE19-8-11,2024-09-19,offline_or_near_zero,391.92,FRONIUS-35d57c96-ce57-4d21-8268--012,Symo Advanced 24.0-3 480 (4),,24.0,0.0,0.0,0.0,24.0,122.23,5.092917,1.559374,24.0,117.35,4.889583,1.497117,24.0,0.0,0.0,0.0,24.0,152.34,6.3475,1.943509
NE19-8-11,,Omitted,,,,1,,,,,,,,,,,,,,,,,,,,
NE19-8-11,2024-09-21,offline_or_near_zero,507.8,FRONIUS-35d57c96-ce57-4d21-8268--013,Symo Advanced 24.0-3 480 (1),,24.0,0.0,0.0,0.0,24.0,159.22,6.634167,1.567743,24.0,152.51,6.354583,1.501674,24.0,0.0,0.0,0.0,24.0,196.07,8.169583,1.930583
NE19-8-11,2024-09-22,offline_or_near_zero,393.05,FRONIUS-35d57c96-ce57-4d21-8268--013,Symo Advanced 24.0-3 480 (1),,24.0,0.0,0.0,0.0,24.0,120.77,5.032083,1.536319,24.0,115.44,4.81,1.468515,24.0,0.0,0.0,0.0,24.0,156.84,6.535,1.995166
NE19-8-11,2024-09-23,offline_or_near_zero,456.55,FRONIUS-35d57c96-ce57-4d21-8268--013,Symo Advanced 24.0-3 480 (1),,24.0,0.0,0.0,0.0,24.0,141.93,5.91375,1.554375,24.0,135.02,5.625833,1.478699,24.0,0.0,0.0,0.0,24.0,179.6,7.483333,1.966926
NE19-8-11,2024-09-24,offline_or_near_zero,473.43,FRONIUS-35d57c96-ce57-4d21-8268--013,Symo Advanced 24.0-3 480 (1),,24.0,0.0,0.0,0.0,24.0,146.82,6.1175,1.550599,24.0,139.49,5.812083,1.473185,24.0,0.0,0.0,0.0,24.0,187.12,7.796667,1.976216
NE19-8-11,2024-09-25,offline_or_near_zero,461.17,FRONIUS-35d57c96-ce57-4d21-8268--013,Symo Advanced 24.0-3 480 (1),,24.0,0.0,0.0,0.0,24.0,142.35,5.93125,1.543357,24.0,136.05,5.66875,1.475053,24.0,0.0,0.0,0.0,24.0,182.77,7.615417,1.98159
NE19-8-11,2024-09-26,offline_or_near_zero,457.11,FRONIUS-35d57c96-ce57-4d21-8268--013,Symo Advanced 24.0-3 480 (1),,24.0,0.0,0.0,0.0,24.0,142.9,5.954167,1.563081,24.0,137.15,5.714583,1.500186,24.0,0.0,0.0,0.0,24.0,177.06,7.3775,1.936733
NE19-8-11,2024-09-27,offline_or_near_zero,481.77,FRONIUS-35d57c96-ce57-4d21-8268--013,Symo Advanced 24.0-3 480 (1),,24.0,0.0,0.0,0.0,24.0,149.98,6.249167,1.556552,24.0,144.0,6.0,1.494489,24.0,0.0,0.0,0.0,24.0,187.79,7.824583,1.948959
NE19-8-11,2024-09-28,offline_or_near_zero,460.67,FRONIUS-35d57c96-ce57-4d21-8268--013,Symo Advanced 24.0-3 480 (1),,24.0,0.0,0.0,0.0,24.0,143.04,5.96,1.552521,24.0,137.68,5.736667,1.494345,24.0,0.0,0.0,0.0,24.0,179.95,7.497917,1.953133
NE19-8-11,2024-09-29,offline_or_near_zero,174.5,FRONIUS-35d57c96-ce57-4d21-8268--013,Symo Advanced 24.0-3 480 (1),,24.0,0.0,0.0,0.0,24.0,52.75,2.197917,1.511461,24.0,50.73,2.11375,1.453582,24.0,0.0,0.0,0.0,24.0,71.02,2.959167,2.034957
NE19-8-11,2024-09-30,offline_or_near_zero,474.27,FRONIUS-35d57c96-ce57-4d21-8268--013,Symo Advanced 24.0-3 480 (1),,24.0,0.0,0.0,0.0,24.0,149.73,6.23875,1.578531,24.0,142.57,5.940417,1.503047,24.0,0.0,0.0,0.0,24.0,181.97,7.582083,1.918422
NE19-8-11,2024-10-01,offline_or_near_zero,351.71,FRONIUS-35d57c96-ce57-4d21-8268--013,Symo Advanced 24.0-3 480 (1),,24.0,0.0,0.0,0.0,24.0,109.66,4.569167,1.558955,24.0,105.56,4.398333,1.500668,24.0,0.0,0.0,0.0,24.0,136.49,5.687083,1.940377
NE19-8-11,2024-10-02,offline_or_near_zero,387.86,FRONIUS-35d57c96-ce57-4d21-8268--013,Symo Advanced 24.0-3 480 (1),,24.0,0.0,0.0,0.0,24.0,122.65,5.110417,1.581112,24.0,117.99,4.91625,1.521039,24.0,0.0,0.0,0.0,24.0,147.22,6.134167,1.89785
NE19-8-11,2024-10-03,offline_or_near_zero,470.19,FRONIUS-35d57c96-ce57-4d21-8268--013,Symo Advanced 24.0-3 480 (1),,24.0,0.0,0.0,0.0,24.0,146.84,6.118333,1.561496,24.0,139.15,5.797917,1.479721,24.0,0.0,0.0,0.0,24.0,184.2,7.675,1.958783
NE19-8-11,2024-10-04,offline_or_near_zero,355.36,FRONIUS-35d57c96-ce57-4d21-8268--013,Symo Advanced 24.0-3 480 (1),,24.0,0.0,0.0,0.0,24.0,108.87,4.53625,1.531827,24.0,103.56,4.315,1.457114,24.0,0.0,0.0,0.0,24.0,142.93,5.955417,2.011059
NE19-8-11,2024-10-05,offline_or_near_zero,477.42,FRONIUS-35d57c96-ce57-4d21-8268--013,Symo Advanced 24.0-3 480 (1),,24.0,0.0,0.0,0.0,24.0,148.8,6.2,1.558376,24.0,143.45,5.977083,1.502346,24.0,0.0,0.0,0.0,24.0,185.17,7.715417,1.939278
NE19-8-11,2024-10-06,offline_or_near_zero,417.12,FRONIUS-35d57c96-ce57-4d21-8268--013,Symo Advanced 24.0-3 480 (1),,24.0,0.0,0.0,0.0,24.0,128.65,5.360417,1.542122,24.0,124.27,5.177917,1.489619,24.0,0.0,0.0,0.0,24.0,164.2,6.841667,1.968259
NE19-8-11,2024-10-07,offline_or_near_zero,461.06,FRONIUS-35d57c96-ce57-4d21-8268--013,Symo Advanced 24.0-3 480 (1),,24.0,0.0,0.0,0.0,24.0,142.78,5.949167,1.548388,24.0,136.79,5.699583,1.483429,24.0,0.0,0.0,0.0,24.0,181.49,7.562083,1.968182
NE19-8-11,2024-10-08,offline_or_near_zero,455.93,FRONIUS-35d57c96-ce57-4d21-8268--013,Symo Advanced 24.0-3 480 (1),,24.0,0.0,0.0,0.0,24.0,141.42,5.8925,1.550896,24.0,135.49,5.645417,1.485864,24.0,0.0,0.0,0.0,24.0,179.02,7.459167,1.96324
NE19-8-11,2024-10-09,offline_or_near_zero,167.22,FRONIUS-35d57c96-ce57-4d21-8268--013,Symo Advanced 24.0-3 480 (1),,24.0,0.0,0.0,0.0,24.0,50.34,2.0975,1.505203,24.0,49.13,2.047083,1.469023,24.0,0.0,0.0,0.0,24.0,67.75,2.822917,2.025774
NE19-8-11,2024-10-10,offline_or_near_zero,411.78,FRONIUS-35d57c96-ce57-4d21-8268--013,Symo Advanced 24.0-3 480 (1),,24.0,0.0,0.0,0.0,24.0,127.3,5.304167,1.545728,24.0,121.91,5.079583,1.480281,24.0,0.0,0.0,0.0,24.0,162.57,6.77375,1.973991
NE19-8-11,2024-10-11,offline_or_near_zero,390.87,FRONIUS-35d57c96-ce57-4d21-8268--013,Symo Advanced 24.0-3 480 (1),,24.0,0.0,0.0,0.0,24.0,121.18,5.049167,1.550132,24.0,115.03,4.792917,1.471461,24.0,0.0,0.0,0.0,24.0,154.66,6.444167,1.978407
NE19-8-11,2024-10-12,offline_or_near_zero,435.34,FRONIUS-35d57c96-ce57-4d21-8268--013,Symo Advanced 24.0-3 480 (1),,24.0,0.0,0.0,0.0,24.0,135.18,5.6325,1.55258,24.0,127.62,5.3175,1.465751,24.0,0.0,0.0,0.0,24.0,172.54,7.189167,1.981669
NE19-8-11,2024-10-13,offline_or_near_zero,446.3,FRONIUS-35d57c96-ce57-4d21-8268--013,Symo Advanced 24.0-3 480 (1),,24.0,0.0,0.0,0.0,24.0,139.42,5.809167,1.561954,24.0,130.22,5.425833,1.458884,24.0,0.0,0.0,0.0,24.0,176.66,7.360833,1.979162
NE19-8-11,2024-10-14,offline_or_near_zero,411.68,FRONIUS-35d57c96-ce57-4d21-8268--013,Symo Advanced 24.0-3 480 (1),,24.0,0.0,0.0,0.0,24.0,127.51,5.312917,1.548654,24.0,120.05,5.002083,1.45805,24.0,0.0,0.0,0.0,24.0,164.12,6.838333,1.993296
NE19-8-11,2024-10-15,offline_or_near_zero,225.89,FRONIUS-35d57c96-ce57-4d21-8268--013,Symo Advanced 24.0-3 480 (1),,24.0,0.0,0.0,0.0,24.0,68.92,2.871667,1.525521,24.0,65.68,2.736667,1.453805,24.0,0.0,0.0,0.0,24.0,91.29,3.80375,2.020674
NE19-8-11,2024-10-16,offline_or_near_zero,112.78,FRONIUS-35d57c96-ce57-4d21-8268--013,Symo Advanced 24.0-3 480 (1),,24.0,0.0,0.0,0.0,24.0,33.92,1.413333,1.503813,24.0,33.17,1.382083,1.470562,24.0,0.0,0.0,0.0,24.0,45.69,1.90375,2.025625
NE19-8-11,,Omitted,,,,0,,,,,,,,,,,,,,,,,,,,
NE19-8-11,2024-09-21,offline_or_near_zero,507.8,FRONIUS-35d57c96-ce57-4d21-8268--014,Symo Advanced 24.0-3 480 (4),,24.0,0.0,0.0,0.0,24.0,159.22,6.634167,1.567743,24.0,152.51,6.354583,1.501674,24.0,0.0,0.0,0.0,24.0,196.07,8.169583,1.930583
NE19-8-11,2024-09-22,offline_or_near_zero,393.05,FRONIUS-35d57c96-ce57-4d21-8268--014,Symo Advanced 24.0-3 480 (4),,24.0,0.0,0.0,0.0,24.0,120.77,5.032083,1.536319,24.0,115.44,4.81,1.468515,24.0,0.0,0.0,0.0,24.0,156.84,6.535,1.995166
NE19-8-11,2024-09-23,offline_or_near_zero,456.55,FRONIUS-35d57c96-ce57-4d21-8268--014,Symo Advanced 24.0-3 480 (4),,24.0,0.0,0.0,0.0,24.0,141.93,5.91375,1.554375,24.0,135.02,5.625833,1.478699,24.0,0.0,0.0,0.0,24.0,179.6,7.483333,1.966926
NE19-8-11,2024-09-24,offline_or_near_zero,473.43,FRONIUS-35d57c96-ce57-4d21-8268--014,Symo Advanced 24.0-3 480 (4),,24.0,0.0,0.0,0.0,24.0,146.82,6.1175,1.550599,24.0,139.49,5.812083,1.473185,24.0,0.0,0.0,0.0,24.0,187.12,7.796667,1.976216
NE19-8-11,2024-09-25,offline_or_near_zero,461.17,FRONIUS-35d57c96-ce57-4d21-8268--014,Symo Advanced 24.0-3 480 (4),,24.0,0.0,0.0,0.0,24.0,142.35,5.93125,1.543357,24.0,136.05,5.66875,1.475053,24.0,0.0,0.0,0.0,24.0,182.77,7.615417,1.98159
NE19-8-11,2024-09-26,offline_or_near_zero,457.11,FRONIUS-35d57c96-ce57-4d21-8268--014,Symo Advanced 24.0-3 480 (4),,24.0,0.0,0.0,0.0,24.0,142.9,5.954167,1.563081,24.0,137.15,5.714583,1.500186,24.0,0.0,0.0,0.0,24.0,177.06,7.3775,1.936733
NE19-8-11,2024-09-27,offline_or_near_zero,481.77,FRONIUS-35d57c96-ce57-4d21-8268--014,Symo Advanced 24.0-3 480 (4),,24.0,0.0,0.0,0.0,24.0,149.98,6.249167,1.556552,24.0,144.0,6.0,1.494489,24.0,0.0,0.0,0.0,24.0,187.79,7.824583,1.948959
NE19-8-11,2024-09-28,offline_or_near_zero,460.67,FRONIUS-35d57c96-ce57-4d21-8268--014,Symo Advanced 24.0-3 480 (4),,24.0,0.0,0.0,0.0,24.0,143.04,5.96,1.552521,24.0,137.68,5.736667,1.494345,24.0,0.0,0.0,0.0,24.0,179.95,7.497917,1.953133
NE19-8-11,2024-09-29,offline_or_near_zero,174.5,FRONIUS-35d57c96-ce57-4d21-8268--014,Symo Advanced 24.0-3 480 (4),,24.0,0.0,0.0,0.0,24.0,52.75,2.197917,1.511461,24.0,50.73,2.11375,1.453582,24.0,0.0,0.0,0.0,24.0,71.02,2.959167,2.034957
NE19-8-11,2024-09-30,offline_or_near_zero,474.27,FRONIUS-35d57c96-ce57-4d21-8268--014,Symo Advanced 24.0-3 480 (4),,24.0,0.0,0.0,0.0,24.0,149.73,6.23875,1.578531,24.0,142.57,5.940417,1.503047,24.0,0.0,0.0,0.0,24.0,181.97,7.582083,1.918422
NE19-8-11,2024-10-01,offline_or_near_zero,351.71,FRONIUS-35d57c96-ce57-4d21-8268--014,Symo Advanced 24.0-3 480 (4),,24.0,0.0,0.0,0.0,24.0,109.66,4.569167,1.558955,24.0,105.56,4.398333,1.500668,24.0,0.0,0.0,0.0,24.0,136.49,5.687083,1.940377
NE19-8-11,2024-10-02,offline_or_near_zero,387.86,FRONIUS-35d57c96-ce57-4d21-8268--014,Symo Advanced 24.0-3 480 (4),,24.0,0.0,0.0,0.0,24.0,122.65,5.110417,1.581112,24.0,117.99,4.91625,1.521039,24.0,0.0,0.0,0.0,24.0,147.22,6.134167,1.89785
NE19-8-11,2024-10-03,offline_or_near_zero,470.19,FRONIUS-35d57c96-ce57-4d21-8268--014,Symo Advanced 24.0-3 480 (4),,24.0,0.0,0.0,0.0,24.0,146.84,6.118333,1.561496,24.0,139.15,5.797917,1.479721,24.0,0.0,0.0,0.0,24.0,184.2,7.675,1.958783
NE19-8-11,2024-10-04,offline_or_near_zero,355.36,FRONIUS-35d57c96-ce57-4d21-8268--014,Symo Advanced 24.0-3 480 (4),,24.0,0.0,0.0,0.0,24.0,108.87,4.53625,1.531827,24.0,103.56,4.315,1.457114,24.0,0.0,0.0,0.0,24.0,142.93,5.955417,2.011059
NE19-8-11,2024-10-05,offline_or_near_zero,477.42,FRONIUS-35d57c96-ce57-4d21-8268--014,Symo Advanced 24.0-3 480 (4),,24.0,0.0,0.0,0.0,24.0,148.8,6.2,1.558376,24.0,143.45,5.977083,1.502346,24.0,0.0,0.0,0.0,24.0,185.17,7.715417,1.939278
NE19-8-11,2024-10-06,offline_or_near_zero,417.12,FRONIUS-35d57c96-ce57-4d21-8268--014,Symo Advanced 24.0-3 480 (4),,24.0,0.0,0.0,0.0,24.0,128.65,5.360417,1.542122,24.0,124.27,5.177917,1.489619,24.0,0.0,0.0,0.0,24.0,164.2,6.841667,1.968259
NE19-8-11,2024-10-07,offline_or_near_zero,461.06,FRONIUS-35d57c96-ce57-4d21-8268--014,Symo Advanced 24.0-3 480 (4),,24.0,0.0,0.0,0.0,24.0,142.78,5.949167,1.548388,24.0,136.79,5.699583,1.483429,24.0,0.0,0.0,0.0,24.0,181.49,7.562083,1.968182
NE19-8-11,2024-10-08,offline_or_near_zero,455.93,FRONIUS-35d57c96-ce57-4d21-8268--014,Symo Advanced 24.0-3 480 (4),,24.0,0.0,0.0,0.0,24.0,141.42,5.8925,1.550896,24.0,135.49,5.645417,1.485864,24.0,0.0,0.0,0.0,24.0,179.02,7.459167,1.96324
NE19-8-11,2024-10-09,offline_or_near_zero,167.22,FRONIUS-35d57c96-ce57-4d21-8268--014,Symo Advanced 24.0-3 480 (4),,24.0,0.0,0.0,0.0,24.0,50.34,2.0975,1.505203,24.0,49.13,2.047083,1.469023,24.0,0.0,0.0,0.0,24.0,67.75,2.822917,2.025774
NE19-8-11,2024-10-10,offline_or_near_zero,411.78,FRONIUS-35d57c96-ce57-4d21-8268--014,Symo Advanced 24.0-3 480 (4),,24.0,0.0,0.0,0.0,24.0,127.3,5.304167,1.545728,24.0,121.91,5.079583,1.480281,24.0,0.0,0.0,0.0,24.0,162.57,6.77375,1.973991
NE19-8-11,2024-10-11,offline_or_near_zero,390.87,FRONIUS-35d57c96-ce57-4d21-8268--014,Symo Advanced 24.0-3 480 (4),,24.0,0.0,0.0,0.0,24.0,121.18,5.049167,1.550132,24.0,115.03,4.792917,1.471461,24.0,0.0,0.0,0.0,24.0,154.66,6.444167,1.978407
NE19-8-11,2024-10-12,offline_or_near_zero,435.34,FRONIUS-35d57c96-ce57-4d21-8268--014,Symo Advanced 24.0-3 480 (4),,24.0,0.0,0.0,0.0,24.0,135.18,5.6325,1.55258,24.0,127.62,5.3175,1.465751,24.0,0.0,0.0,0.0,24.0,172.54,7.189167,1.981669
NE19-8-11,2024-10-13,offline_or_near_zero,446.3,FRONIUS-35d57c96-ce57-4d21-8268--014,Symo Advanced 24.0-3 480 (4),,24.0,0.0,0.0,0.0,24.0,139.42,5.809167,1.561954,24.0,130.22,5.425833,1.458884,24.0,0.0,0.0,0.0,24.0,176.66,7.360833,1.979162
NE19-8-11,2024-10-14,offline_or_near_zero,411.68,FRONIUS-35d57c96-ce57-4d21-8268--014,Symo Advanced 24.0-3 480 (4),,24.0,0.0,0.0,0.0,24.0,127.51,5.312917,1.548654,24.0,120.05,5.002083,1.45805,24.0,0.0,0.0,0.0,24.0,164.12,6.838333,1.993296
NE19-8-11,2024-10-15,offline_or_near_zero,225.89,FRONIUS-35d57c96-ce57-4d21-8268--014,Symo Advanced 24.0-3 480 (4),,24.0,0.0,0.0,0.0,24.0,68.92,2.871667,1.525521,24.0,65.68,2.736667,1.453805,24.0,0.0,0.0,0.0,24.0,91.29,3.80375,2.020674
NE19-8-11,2024-10-16,offline_or_near_zero,112.78,FRONIUS-35d57c96-ce57-4d21-8268--014,Symo Advanced 24.0-3 480 (4),,24.0,0.0,0.0,0.0,24.0,33.92,1.413333,1.503813,24.0,33.17,1.382083,1.470562,24.0,0.0,0.0,0.0,24.0,45.69,1.90375,2.025625
NE19-8-11,2024-10-17,Normal,531.13,,,,24.0,102.81,4.28375,0.967842,24.0,100.87,4.202917,0.949579,24.0,95.3,3.970833,0.897144,24.0,102.23,4.259583,0.962382,24.0,129.92,5.413333,1.223053
NE19-8-11,2024-10-18,Normal,661.92,,,,24.0,128.31,5.34625,0.969226,24.0,125.96,5.248333,0.951474,24.0,119.12,4.963333,0.899807,24.0,128.91,5.37125,0.973758,24.0,159.62,6.650833,1.205735
NE19-8-11,2024-10-19,Normal,588.91,,,,24.0,113.75,4.739583,0.965767,24.0,111.98,4.665833,0.95074,24.0,107.99,4.499583,0.916863,24.0,114.1,4.754167,0.968739,24.0,141.09,5.87875,1.197891
NE19-8-11,2024-10-20,Normal,334.86,,,,24.0,63.78,2.6575,0.952338,24.0,62.69,2.612083,0.936063,24.0,60.27,2.51125,0.899928,24.0,64.18,2.674167,0.958311,24.0,83.94,3.4975,1.25336
NE19-8-11,2024-10-21,Normal,44.51,,,,24.0,8.33,0.347083,0.935745,24.0,8.21,0.342083,0.922265,24.0,8.22,0.3425,0.923388,24.0,8.4,0.35,0.943608,24.0,11.35,0.472917,1.274994
NE19-8-11,2024-10-22,Normal,524.19,,,,24.0,101.81,4.242083,0.971117,24.0,99.11,4.129583,0.945363,24.0,94.96,3.956667,0.905778,24.0,102.86,4.285833,0.981133,24.0,125.45,5.227083,1.196608
NE19-8-11,2024-10-23,Normal,707.7,,,,24.0,136.27,5.677917,0.962767,24.0,133.99,5.582917,0.946658,24.0,128.11,5.337917,0.905115,24.0,137.51,5.729583,0.971527,24.0,171.82,7.159167,1.213932
NE19-8-11,2024-10-24,Normal,652.01,,,,24.0,125.52,5.23,0.962562,24.0,123.54,5.1475,0.947378,24.0,118.76,4.948333,0.910722,24.0,126.98,5.290833,0.973758,24.0,157.21,6.550417,1.20558
NE19-8-11,2024-10-25,Normal,639.5,,,,24.0,121.96,5.081667,0.953557,24.0,120.97,5.040417,0.945817,24.0,116.35,4.847917,0.909695,24.0,123.56,5.148333,0.966067,24.0,156.66,6.5275,1.224863
NE19-8-11,2024-10-26,Normal,435.01,,,,24.0,83.13,3.46375,0.955495,24.0,82.06,3.419167,0.943197,24.0,79.58,3.315833,0.914692,24.0,84.3,3.5125,0.968943,24.0,105.94,4.414167,1.217673
NE19-8-11,,Omitted,,,,20,,,,,,,,,,,,,,,,,,,,
NE19-8-11,2024-11-16,Normal,527.89,,,,24.0,100.99,4.207917,0.956544,24.0,98.94,4.1225,0.937127,24.0,94.96,3.956667,0.89943,24.0,102.17,4.257083,0.967721,24.0,130.83,5.45125,1.239179
NE19-8-11,2024-11-17,Normal,108.98,,,,24.0,20.32,0.846667,0.932281,24.0,20.0,0.833333,0.9176,24.0,20.04,0.835,0.919435,24.0,20.74,0.864167,0.951551,24.0,27.88,1.161667,1.279134
NE19-8-11,2024-11-18,Normal,349.1,,,,24.0,66.47,2.769583,0.952019,24.0,65.83,2.742917,0.942853,24.0,64.13,2.672083,0.918505,24.0,66.75,2.78125,0.95603,24.0,85.92,3.58,1.230593
NE19-8-11,2024-11-19,Normal,278.66,,,,24.0,50.68,2.111667,0.909352,24.0,45.92,1.913333,0.823943,24.0,48.03,2.00125,0.861803,24.0,63.79,2.657917,1.144585,24.0,70.24,2.926667,1.260317
NE19-8-11,2024-11-20,Normal,160.61,,,,24.0,29.47,1.227917,0.91744,24.0,29.66,1.235833,0.923355,24.0,29.94,1.2475,0.932071,24.0,29.87,1.244583,0.929892,24.0,41.67,1.73625,1.297242
NE19-8-11,2024-11-21,Normal,309.45,,,,24.0,57.46,2.394167,0.928421,24.0,57.03,2.37625,0.921474,24.0,58.01,2.417083,0.937308,24.0,60.28,2.511667,0.973986,24.0,76.67,3.194583,1.238811
NE19-8-11,2024-11-22,Normal,23.79,,,,24.0,4.9,0.204167,1.029844,24.0,4.47,0.18625,0.93947,24.0,4.26,0.1775,0.895334,24.0,5.06,0.210833,1.063472,24.0,5.1,0.2125,1.071879
NE19-8-11,2024-11-23,Normal,25.57,,,,24.0,4.58,0.190833,0.895581,24.0,5.67,0.23625,1.108721,24.0,4.9,0.204167,0.958154,24.0,4.79,0.199583,0.936645,24.0,5.63,0.234583,1.100899
NE19-8-11,2024-11-24,Normal,76.07,,,,24.0,10.54,0.439167,0.692783,24.0,17.47,0.727917,1.148284,24.0,15.34,0.639167,1.008282,24.0,13.84,0.576667,0.909688,24.0,18.88,0.786667,1.240962
NE19-8-11,2024-11-25,Normal,70.26,,,,24.0,9.66,0.4025,0.687447,24.0,16.74,0.6975,1.191289,24.0,13.88,0.578333,0.98776,24.0,12.57,0.52375,0.894535,24.0,17.41,0.725417,1.23897
NE19-8-11,2024-11-26,sustained_underperformance,252.4,FRONIUS-35d57c96-ce57-4d21-8268--015,Symo Advanced 24.0-3 480 (1),,24.0,29.25,1.21875,0.579437,24.0,57.27,2.38625,1.134509,24.0,50.59,2.107917,1.002179,24.0,57.88,2.411667,1.146593,24.0,57.41,2.392083,1.137282
NE19-8-11,2024-11-27,sustained_underperformance,121.91,FRONIUS-35d57c96-ce57-4d21-8268--015,Symo Advanced 24.0-3 480 (1),,24.0,14.43,0.60125,0.59183,24.0,24.97,1.040417,1.024116,24.0,22.7,0.945833,0.931015,24.0,26.36,1.098333,1.081125,24.0,33.45,1.39375,1.371914
NE19-8-11,2024-11-28,sustained_underperformance,162.45,FRONIUS-35d57c96-ce57-4d21-8268--015,Symo Advanced 24.0-3 480 (1),,24.0,20.67,0.86125,0.636196,24.0,41.95,1.747917,1.291167,24.0,29.39,1.224583,0.904586,24.0,35.35,1.472917,1.088027,24.0,35.09,1.462083,1.080025
NE19-8-11,,Omitted,,,,1,,,,,,,,,,,,,,,,,,,,
NE19-8-11,2024-11-30,sustained_underperformance,172.51,FRONIUS-35d57c96-ce57-4d21-8268--016,Symo Advanced 24.0-3 480 (1),,24.0,20.35,0.847917,0.589821,24.0,36.51,1.52125,1.0582,24.0,32.76,1.365,0.94951,24.0,36.72,1.53,1.064286,24.0,46.17,1.92375,1.338183
NE19-8-11,2024-12-01,sustained_underperformance,199.67,FRONIUS-35d57c96-ce57-4d21-8268--016,Symo Advanced 24.0-3 480 (1),,24.0,22.58,0.940833,0.565433,24.0,39.9,1.6625,0.999149,24.0,35.64,1.485,0.892473,24.0,44.14,1.839167,1.105324,24.0,57.41,2.392083,1.437622
NE19-8-11,2024-12-02,sustained_underperformance,422.74,FRONIUS-35d57c96-ce57-4d21-8268--016,Symo Advanced 24.0-3 480 (1),,24.0,47.38,1.974167,0.560392,24.0,85.64,3.568333,1.012916,24.0,74.36,3.098333,0.8795,24.0,94.6,3.941667,1.118891,24.0,120.76,5.031667,1.428301
NE19-8-11,2024-12-03,Normal,300.6,,,,24.0,56.26,2.344167,0.935795,24.0,54.45,2.26875,0.905689,24.0,55.15,2.297917,0.917332,24.0,58.96,2.456667,0.980705,24.0,75.78,3.1575,1.260479
NE19-8-11,2024-12-04,Normal,265.99,,,,24.0,49.9,2.079167,0.938005,24.0,48.89,2.037083,0.91902,24.0,49.04,2.043333,0.921839,24.0,51.11,2.129583,0.96075,24.0,67.05,2.79375,1.260386
NE19-8-11,2024-12-05,Normal,515.61,,,,24.0,94.69,3.945417,0.918233,24.0,92.61,3.85875,0.898062,24.0,93.46,3.894167,0.906305,24.0,101.62,4.234167,0.985435,24.0,133.23,5.55125,1.291965
NE19-8-11,2024-12-06,Normal,300.36,,,,24.0,54.71,2.279583,0.91074,24.0,53.63,2.234583,0.892762,24.0,56.24,2.343333,0.93621,24.0,58.27,2.427917,0.970003,24.0,77.51,3.229583,1.290285
NE19-8-11,2024-12-07,Normal,140.98,,,,24.0,25.87,1.077917,0.917506,24.0,25.72,1.071667,0.912186,24.0,26.26,1.094167,0.931338,24.0,26.79,1.11625,0.950135,24.0,36.34,1.514167,1.288835
NE19-8-11,2024-12-08,Normal,37.47,,,,24.0,7.12,0.296667,0.950093,24.0,6.86,0.285833,0.915399,24.0,7.01,0.292083,0.935415,24.0,7.59,0.31625,1.01281,24.0,8.89,0.370417,1.186282
NE19-8-11,2024-12-09,Normal,145.98,,,,24.0,29.54,1.230833,1.011782,24.0,25.58,1.065833,0.876147,24.0,25.78,1.074167,0.882998,24.0,32.76,1.365,1.122072,24.0,32.32,1.346667,1.107001
NE19-8-11,2024-12-10,Normal,116.44,,,,24.0,22.37,0.932083,0.960581,24.0,21.64,0.901667,0.929234,24.0,21.33,0.88875,0.915922,24.0,23.08,0.961667,0.991068,24.0,28.02,1.1675,1.203195
NE19-8-11,2024-12-11,Normal,130.31,,,,24.0,24.08,1.003333,0.923951,24.0,23.91,0.99625,0.917428,24.0,24.6,1.025,0.943903,24.0,24.54,1.0225,0.941601,24.0,33.18,1.3825,1.273118
NE19-8-11,2024-12-12,Normal,475.16,,,,24.0,85.33,3.555417,0.897908,24.0,85.2,3.55,0.89654,24.0,88.08,3.67,0.926846,24.0,93.54,3.8975,0.9843,24.0,123.01,5.125417,1.294406
NE19-8-11,,Omitted,,,,25,,,,,,,,,,,,,,,,,,,,
NE19-8-11,2025-01-07,Normal,556.75,,,,24.0,102.01,4.250417,0.91612,24.0,100.2,4.175,0.899865,24.0,101.79,4.24125,0.914145,24.0,110.56,4.606667,0.992905,24.0,142.19,5.924583,1.276965
NE19-8-11,2025-01-08,Normal,151.28,,,,24.0,28.32,1.18,0.936013,24.0,27.96,1.165,0.924114,24.0,27.75,1.15625,0.917173,24.0,28.58,1.190833,0.944606,24.0,38.67,1.61125,1.278094
NE19-8-11,2025-01-09,Normal,560.04,,,,24.0,102.96,4.29,0.91922,24.0,101.63,4.234583,0.907346,24.0,101.61,4.23375,0.907167,24.0,109.98,4.5825,0.981894,24.0,143.86,5.994167,1.284373
NE19-8-11,2025-01-10,Normal,146.16,,,,24.0,27.29,1.137083,0.933566,24.0,27.06,1.1275,0.925698,24.0,27.06,1.1275,0.925698,24.0,27.71,1.154583,0.947934,24.0,37.04,1.543333,1.267105
NE19-8-11,2025-01-11,Normal,107.94,,,,24.0,19.93,0.830417,0.923198,24.0,20.02,0.834167,0.927367,24.0,20.27,0.844583,0.938948,24.0,20.1,0.8375,0.931073,24.0,27.62,1.150833,1.279414
NE19-8-11,2025-01-12,Normal,38.06,,,,24.0,7.33,0.305417,0.962953,24.0,6.6,0.275,0.867052,24.0,6.49,0.270417,0.852601,24.0,7.18,0.299167,0.943248,24.0,10.46,0.435833,1.374146
NE19-8-11,2025-01-13,Normal,316.59,,,,24.0,57.17,2.382083,0.902903,24.0,56.16,2.34,0.886952,24.0,58.56,2.44,0.924855,24.0,62.42,2.600833,0.985818,24.0,82.28,3.428333,1.299473
NE19-8-11,2025-01-14,Normal,242.32,,,,24.0,44.96,1.873333,0.927699,24.0,44.34,1.8475,0.914906,24.0,43.9,1.829167,0.905827,24.0,47.14,1.964167,0.972681,24.0,61.98,2.5825,1.278887
NE19-8-11,2025-01-15,Normal,525.75,,,,24.0,96.38,4.015833,0.916595,24.0,95.19,3.96625,0.905278,24.0,96.42,4.0175,0.916976,24.0,102.1,4.254167,0.970994,24.0,135.66,5.6525,1.290157
NE19-8-11,2025-01-16,Normal,451.85,,,,24.0,84.64,3.526667,0.936594,24.0,83.2,3.466667,0.92066,24.0,81.96,3.415,0.906938,24.0,87.59,3.649583,0.969238,24.0,114.46,4.769167,1.266571
NE19-8-11,2025-01-17,sustained_underperformance,126.87,FRONIUS-35d57c96-ce57-4d21-8268--017,Symo Advanced 24.0-3 480 (1),,24.0,15.72,0.655,0.619532,24.0,18.95,0.789583,0.746827,24.0,22.27,0.927917,0.87767,24.0,30.57,1.27375,1.204777,24.0,39.36,1.64,1.551194
NE19-8-11,2025-01-18,sustained_underperformance,200.95,FRONIUS-35d57c96-ce57-4d21-8268--017,Symo Advanced 24.0-3 480 (1),,24.0,22.41,0.93375,0.557601,24.0,26.91,1.12125,0.66957,24.0,18.83,0.784583,0.468525,24.0,59.81,2.492083,1.488181,24.0,72.99,3.04125,1.816123
NE19-8-11,2025-01-19,sustained_underperformance,365.8,FRONIUS-35d57c96-ce57-4d21-8268--017,Symo Advanced 24.0-3 480 (1),,24.0,36.1,1.504167,0.493439,24.0,37.59,1.56625,0.513805,24.0,49.82,2.075833,0.680973,24.0,104.54,4.355833,1.428923,24.0,137.75,5.739583,1.882859
NE19-8-11,2025-01-20,sustained_underperformance,372.14,FRONIUS-35d57c96-ce57-4d21-8268--017,Symo Advanced 24.0-3 480 (1),,24.0,37.63,1.567917,0.505589,24.0,41.46,1.7275,0.557048,24.0,53.4,2.225,0.717472,24.0,103.76,4.323333,1.394099,24.0,135.89,5.662083,1.825791
NE19-8-11,,Omitted,,,,0,,,,,,,,,,,,,,,,,,,,
NE19-8-11,2025-01-17,sustained_underperformance,126.87,FRONIUS-35d57c96-ce57-4d21-8268--018,Symo Advanced 24.0-3 480 (2),,24.0,15.72,0.655,0.619532,24.0,18.95,0.789583,0.746827,24.0,22.27,0.927917,0.87767,24.0,30.57,1.27375,1.204777,24.0,39.36,1.64,1.551194
NE19-8-11,2025-01-18,sustained_underperformance,200.95,FRONIUS-35d57c96-ce57-4d21-8268--018,Symo Advanced 24.0-3 480 (2),,24.0,22.41,0.93375,0.557601,24.0,26.91,1.12125,0.66957,24.0,18.83,0.784583,0.468525,24.0,59.81,2.492083,1.488181,24.0,72.99,3.04125,1.816123
NE19-8-11,2025-01-19,sustained_underperformance,365.8,FRONIUS-35d57c96-ce57-4d21-8268--018,Symo Advanced 24.0-3 480 (2),,24.0,36.1,1.504167,0.493439,24.0,37.59,1.56625,0.513805,24.0,49.82,2.075833,0.680973,24.0,104.54,4.355833,1.428923,24.0,137.75,5.739583,1.882859
NE19-8-11,2025-01-20,sustained_underperformance,372.14,FRONIUS-35d57c96-ce57-4d21-8268--018,Symo Advanced 24.0-3 480 (2),,24.0,37.63,1.567917,0.505589,24.0,41.46,1.7275,0.557048,24.0,53.4,2.225,0.717472,24.0,103.76,4.323333,1.394099,24.0,135.89,5.662083,1.825791
NE19-8-11,2025-01-21,sustained_underperformance,132.66,FRONIUS-35d57c96-ce57-4d21-8268--018,Symo Advanced 24.0-3 480 (2),,24.0,25.12,1.046667,0.946781,24.0,21.85,0.910417,0.823534,24.0,20.6,0.858333,0.776421,24.0,29.53,1.230417,1.112996,24.0,35.56,1.481667,1.340268
NE19-8-11,2025-01-22,sustained_underperformance,216.67,FRONIUS-35d57c96-ce57-4d21-8268--018,Symo Advanced 24.0-3 480 (2),,24.0,38.69,1.612083,0.892832,24.0,31.7,1.320833,0.731527,24.0,30.94,1.289167,0.713989,24.0,54.55,2.272917,1.258827,24.0,60.79,2.532917,1.402825
NE19-8-11,,Omitted,,,,0,,,,,,,,,,,,,,,,,,,,
NE19-8-11,2025-01-18,sustained_underperformance,200.95,FRONIUS-35d57c96-ce57-4d21-8268--019,Symo Advanced 24.0-3 480 (3),,24.0,22.41,0.93375,0.557601,24.0,26.91,1.12125,0.66957,24.0,18.83,0.784583,0.468525,24.0,59.81,2.492083,1.488181,24.0,72.99,3.04125,1.816123
NE19-8-11,2025-01-19,sustained_underperformance,365.8,FRONIUS-35d57c96-ce57-4d21-8268--019,Symo Advanced 24.0-3 480 (3),,24.0,36.1,1.504167,0.493439,24.0,37.59,1.56625,0.513805,24.0,49.82,2.075833,0.680973,24.0,104.54,4.355833,1.428923,24.0,137.75,5.739583,1.882859
NE19-8-11,2025-01-20,sustained_underperformance,372.14,FRONIUS-35d57c96-ce57-4d21-8268--019,Symo Advanced 24.0-3 480 (3),,24.0,37.63,1.567917,0.505589,24.0,41.46,1.7275,0.557048,24.0,53.4,2.225,0.717472,24.0,103.76,4.323333,1.394099,24.0,135.89,5.662083,1.825791
NE19-8-11,2025-01-21,sustained_underperformance,132.66,FRONIUS-35d57c96-ce57-4d21-8268--019,Symo Advanced 24.0-3 480 (3),,24.0,25.12,1.046667,0.946781,24.0,21.85,0.910417,0.823534,24.0,20.6,0.858333,0.776421,24.0,29.53,1.230417,1.112996,24.0,35.56,1.481667,1.340268
NE19-8-11,2025-01-22,sustained_underperformance,216.67,FRONIUS-35d57c96-ce57-4d21-8268--019,Symo Advanced 24.0-3 480 (3),,24.0,38.69,1.612083,0.892832,24.0,31.7,1.320833,0.731527,24.0,30.94,1.289167,0.713989,24.0,54.55,2.272917,1.258827,24.0,60.79,2.532917,1.402825
NE19-8-11,2025-01-23,Normal,142.33,,,,24.0,26.72,1.113333,0.938664,24.0,24.92,1.038333,0.87543,24.0,25.56,1.065,0.897913,24.0,27.28,1.136667,0.958336,24.0,37.85,1.577083,1.329656
NE19-8-11,2025-01-24,Normal,162.91,,,,24.0,33.01,1.375417,1.013136,24.0,29.18,1.215833,0.895587,24.0,29.55,1.23125,0.906942,24.0,31.33,1.305417,0.961574,24.0,39.84,1.66,1.222761
NE19-8-11,2025-01-25,Normal,517.9,,,,24.0,98.44,4.101667,0.950377,24.0,93.84,3.91,0.905966,24.0,95.39,3.974583,0.920931,24.0,103.11,4.29625,0.995462,24.0,127.12,5.296667,1.227264
NE19-8-11,2025-01-26,Normal,655.37,,,,24.0,123.45,5.14375,0.941834,24.0,120.69,5.02875,0.920778,24.0,121.63,5.067917,0.927949,24.0,128.38,5.349167,0.979447,24.0,161.22,6.7175,1.229992
NE19-8-11,2025-01-27,Normal,636.36,,,,24.0,119.89,4.995417,0.941998,24.0,117.62,4.900833,0.924162,24.0,117.59,4.899583,0.923927,24.0,124.53,5.18875,0.978456,24.0,156.73,6.530417,1.231457
NE19-8-11,2025-01-28,Normal,581.71,,,,24.0,107.38,4.474167,0.922968,24.0,106.6,4.441667,0.916264,24.0,107.55,4.48125,0.92443,24.0,112.17,4.67375,0.96414,24.0,148.01,6.167083,1.272197
NE19-8-11,2025-01-29,Normal,338.73,,,,24.0,63.01,2.625417,0.930092,24.0,61.73,2.572083,0.911198,24.0,61.16,2.548333,0.902784,24.0,64.99,2.707917,0.959319,24.0,87.84,3.66,1.296608
NE19-8-11,2025-01-30,Normal,404.57,,,,24.0,75.13,3.130417,0.928517,24.0,74.19,3.09125,0.916899,24.0,74.87,3.119583,0.925303,24.0,77.27,3.219583,0.954965,24.0,103.11,4.29625,1.274316
NE19-8-11,,Omitted,,,,2,,,,,,,,,,,,,,,,,,,,
NE19-8-11,2025-02-02,Normal,99.18,,,,24.0,18.97,0.790417,0.956342,24.0,16.96,0.706667,0.855011,24.0,17.81,0.742083,0.897862,24.0,20.25,0.84375,1.020871,24.0,25.19,1.049583,1.269913
NE19-8-11,2025-02-03,Normal,96.25,,,,24.0,17.43,0.72625,0.905455,24.0,14.03,0.584583,0.728831,24.0,16.79,0.699583,0.872208,24.0,25.15,1.047917,1.306494,24.0,22.85,0.952083,1.187013
NE19-8-11,2025-02-04,Normal,46.58,,,,24.0,7.95,0.33125,0.853371,24.0,8.49,0.35375,0.911335,24.0,10.14,0.4225,1.08845,24.0,7.93,0.330417,0.851224,24.0,12.07,0.502917,1.29562
NE19-8-11,2025-02-05,Normal,75.42,,,,24.0,15.29,0.637083,1.013657,24.0,13.01,0.542083,0.862503,24.0,13.26,0.5525,0.879077,24.0,18.39,0.76625,1.219173,24.0,15.47,0.644583,1.02559
NE19-8-11,2025-02-06,Normal,78.41,,,,24.0,16.25,0.677083,1.03622,24.0,13.44,0.56,0.857034,24.0,13.47,0.56125,0.858947,24.0,19.43,0.809583,1.239,24.0,15.82,0.659167,1.0088
NE19-8-11,2025-02-07,Normal,95.87,,,,24.0,27.28,1.136667,1.42276,24.0,16.41,0.68375,0.855846,24.0,15.86,0.660833,0.827162,24.0,21.82,0.909167,1.137999,24.0,14.5,0.604167,0.756232
NE19-8-11,2025-02-08,sustained_underperformance,175.77,FRONIUS-35d57c96-ce57-4d21-8268--020,Symo Advanced 24.0-3 480 (5),,24.0,43.8,1.825,1.245946,24.0,40.68,1.695,1.157194,24.0,35.36,1.473333,1.00586,24.0,33.27,1.38625,0.946407,24.0,22.66,0.944167,0.644592
NE19-8-11,2025-02-09,sustained_underperformance,139.99,FRONIUS-35d57c96-ce57-4d21-8268--020,Symo Advanced 24.0-3 480 (5),,24.0,32.9,1.370833,1.175084,24.0,30.61,1.275417,1.093292,24.0,28.93,1.205417,1.033288,24.0,27.21,1.13375,0.971855,24.0,20.34,0.8475,0.72648
NE19-8-11,2025-02-10,sustained_underperformance,210.47,FRONIUS-35d57c96-ce57-4d21-8268--020,Symo Advanced 24.0-3 480 (5),,24.0,45.37,1.890417,1.077826,24.0,52.37,2.182083,1.24412,24.0,31.47,1.31125,0.747612,24.0,49.94,2.080833,1.186392,24.0,31.32,1.305,0.744049
NE19-8-11,2025-02-11,sustained_underperformance,195.7,FRONIUS-35d57c96-ce57-4d21-8268--020,Symo Advanced 24.0-3 480 (5),,24.0,45.22,1.884167,1.15534,24.0,49.81,2.075417,1.272611,24.0,35.09,1.462083,0.896525,24.0,40.31,1.679583,1.029893,24.0,25.27,1.052917,0.645631
NE19-8-11,2025-02-12,sustained_underperformance,272.18,FRONIUS-35d57c96-ce57-4d21-8268--020,Symo Advanced 24.0-3 480 (5),,24.0,60.06,2.5025,1.103314,24.0,73.81,3.075417,1.355904,24.0,52.12,2.171667,0.957455,24.0,53.08,2.211667,0.97509,24.0,33.11,1.379583,0.608237
NE19-8-11,2025-02-13,sustained_underperformance,453.57,FRONIUS-35d57c96-ce57-4d21-8268--020,Symo Advanced 24.0-3 480 (5),,24.0,105.35,4.389583,1.161342,24.0,113.7,4.7375,1.25339,24.0,90.14,3.755833,0.993672,24.0,91.56,3.815,1.009326,24.0,52.82,2.200833,0.58227
NE19-8-11,2025-02-14,Normal,110.54,,,,24.0,23.61,0.98375,1.067939,24.0,20.82,0.8675,0.941741,24.0,21.63,0.90125,0.978379,24.0,24.66,1.0275,1.115433,24.0,19.82,0.825833,0.896508
NE19-8-11,,Omitted,,,,2,,,,,,,,,,,,,,,,,,,,
NE19-8-11,2025-02-17,sustained_underperformance,268.81,FRONIUS-35d57c96-ce57-4d21-8268--021,Symo Advanced 24.0-3 480 (3),,24.0,82.65,3.44375,1.537331,24.0,98.91,4.12125,1.839775,24.0,26.54,1.105833,0.493657,24.0,27.77,1.157083,0.516536,24.0,32.94,1.3725,0.6127
NE19-8-11,2025-02-18,sustained_underperformance,336.59,FRONIUS-35d57c96-ce57-4d21-8268--021,Symo Advanced 24.0-3 480 (3),,24.0,90.14,3.755833,1.339018,24.0,110.3,4.595833,1.638492,24.0,38.02,1.584167,0.564782,24.0,63.87,2.66125,0.94878,24.0,34.26,1.4275,0.508928
NE19-8-11,2025-02-19,sustained_underperformance,329.93,FRONIUS-35d57c96-ce57-4d21-8268--021,Symo Advanced 24.0-3 480 (3),,24.0,74.43,3.10125,1.127967,24.0,106.65,4.44375,1.616252,24.0,46.48,1.936667,0.704392,24.0,62.06,2.585833,0.940503,24.0,40.31,1.679583,0.610887
NE19-8-11,,Omitted,,,,0,,,,,,,,,,,,,,,,,,,,
NE19-8-11,2025-02-17,sustained_underperformance,268.81,FRONIUS-35d57c96-ce57-4d21-8268--022,Symo Advanced 24.0-3 480 (5),,24.0,82.65,3.44375,1.537331,24.0,98.91,4.12125,1.839775,24.0,26.54,1.105833,0.493657,24.0,27.77,1.157083,0.516536,24.0,32.94,1.3725,0.6127
NE19-8-11,2025-02-18,sustained_underperformance,336.59,FRONIUS-35d57c96-ce57-4d21-8268--022,Symo Advanced 24.0-3 480 (5),,24.0,90.14,3.755833,1.339018,24.0,110.3,4.595833,1.638492,24.0,38.02,1.584167,0.564782,24.0,63.87,2.66125,0.94878,24.0,34.26,1.4275,0.508928
NE19-8-11,2025-02-19,sustained_underperformance,329.93,FRONIUS-35d57c96-ce57-4d21-8268--022,Symo Advanced 24.0-3 480 (5),,24.0,74.43,3.10125,1.127967,24.0,106.65,4.44375,1.616252,24.0,46.48,1.936667,0.704392,24.0,62.06,2.585833,0.940503,24.0,40.31,1.679583,0.610887
NE19-8-11,2025-02-20,sustained_underperformance,444.1,FRONIUS-35d57c96-ce57-4d21-8268--022,Symo Advanced 24.0-3 480 (5),,24.0,90.71,3.779583,1.021279,24.0,110.17,4.590417,1.240374,24.0,77.4,3.225,0.871425,24.0,81.0,3.375,0.911957,24.0,84.82,3.534167,0.954965
NE19-8-11,2025-02-21,Normal,423.08,,,,24.0,73.36,3.056667,0.866976,24.0,83.16,3.465,0.982793,24.0,82.21,3.425417,0.971566,24.0,80.84,3.368333,0.955375,24.0,103.51,4.312917,1.223291
NE19-8-11,2025-02-22,Normal,583.16,,,,24.0,99.16,4.131667,0.850195,24.0,112.62,4.6925,0.965601,24.0,112.8,4.7,0.967145,24.0,114.15,4.75625,0.978719,24.0,144.43,6.017917,1.238339
NE19-8-11,2025-02-23,Normal,562.0,,,,24.0,99.63,4.15125,0.886388,24.0,106.12,4.421667,0.944128,24.0,109.12,4.546667,0.970819,24.0,110.61,4.60875,0.984075,24.0,136.52,5.688333,1.214591
NE19-8-11,2025-02-24,Normal,691.24,,,,24.0,125.26,5.219167,0.906053,24.0,130.44,5.435,0.943522,24.0,132.78,5.5325,0.960448,24.0,136.64,5.693333,0.988369,24.0,166.12,6.921667,1.201609
NE19-8-11,2025-02-25,Normal,765.3,,,,24.0,140.83,5.867917,0.920097,24.0,144.5,6.020833,0.944074,24.0,146.02,6.084167,0.954005,24.0,151.6,6.316667,0.990461,24.0,182.35,7.597917,1.191363
NE19-8-11,2025-02-26,Normal,717.87,,,,24.0,131.53,5.480417,0.916113,24.0,135.01,5.625417,0.940351,24.0,136.49,5.687083,0.95066,24.0,141.42,5.8925,0.984997,24.0,173.42,7.225833,1.207879
NE19-8-11,2025-02-27,Normal,487.82,,,,24.0,88.8,3.7,0.910172,24.0,91.29,3.80375,0.935693,24.0,93.31,3.887917,0.956398,24.0,95.26,3.969167,0.976385,24.0,119.16,4.965,1.221352
NE19-8-11,2025-02-28,Normal,737.63,,,,24.0,134.62,5.609167,0.912517,24.0,137.87,5.744583,0.934547,24.0,139.27,5.802917,0.944037,24.0,143.97,5.99875,0.975896,24.0,181.9,7.579167,1.233003
NE19-8-11,2025-03-01,Normal,746.11,,,,24.0,137.42,5.725833,0.92091,24.0,140.07,5.83625,0.938669,24.0,140.51,5.854583,0.941617,24.0,146.35,6.097917,0.980754,24.0,181.76,7.573333,1.218051
NE19-8-11,2025-03-02,Normal,769.8,,,,24.0,142.77,5.94875,0.927319,24.0,144.77,6.032083,0.940309,24.0,144.53,6.022083,0.93875,24.0,150.07,6.252917,0.974734,24.0,187.66,7.819167,1.218888
NE19-8-11,,Omitted,,,,73,,,,,,,,,,,,,,,,,,,,
NE19-8-11,2025-05-15,Normal,323.37,,,,24.0,61.07,2.544583,0.944274,24.0,59.9,2.495833,0.926184,24.0,59.91,2.49625,0.926338,24.0,61.33,2.555417,0.948295,24.0,81.16,3.381667,1.254909
NE19-8-11,2025-05-16,Normal,841.43,,,,24.0,163.23,6.80125,0.969956,24.0,161.9,6.745833,0.962053,24.0,163.07,6.794583,0.969005,24.0,163.01,6.792083,0.968649,24.0,190.22,7.925833,1.130338
NE19-8-11,2025-05-17,Normal,628.87,,,,24.0,120.64,5.026667,0.959181,24.0,119.15,4.964583,0.947334,24.0,119.91,4.99625,0.953377,24.0,120.95,5.039583,0.961645,24.0,148.22,6.175833,1.178463
NE19-8-11,2025-05-18,Normal,258.13,,,,24.0,48.51,2.02125,0.939643,24.0,47.83,1.992917,0.926471,24.0,48.18,2.0075,0.933251,24.0,48.5,2.020833,0.939449,24.0,65.11,2.712917,1.261186
NE19-8-11,2025-05-19,Normal,600.19,,,,24.0,116.39,4.849583,0.96961,24.0,114.94,4.789167,0.95753,24.0,115.31,4.804583,0.960612,24.0,116.72,4.863333,0.972359,24.0,136.83,5.70125,1.139889
NE19-8-11,2025-05-20,Normal,741.39,,,,24.0,143.88,5.995,0.970339,24.0,141.53,5.897083,0.954491,24.0,141.35,5.889583,0.953277,24.0,143.96,5.998333,0.970879,24.0,170.67,7.11125,1.151014
NE19-8-11,2025-05-21,Normal,706.32,,,,24.0,136.2,5.675,0.964152,24.0,134.22,5.5925,0.950136,24.0,133.81,5.575417,0.947234,24.0,136.65,5.69375,0.967338,24.0,165.44,6.893333,1.171141
NE19-8-11,2025-05-22,Normal,751.41,,,,24.0,142.59,5.94125,0.948816,24.0,141.04,5.876667,0.938502,24.0,141.76,5.906667,0.943293,24.0,143.2,5.966667,0.952875,24.0,182.82,7.6175,1.216513
NE19-8-11,2025-05-23,Normal,273.7,,,,24.0,38.9,1.620833,0.710632,24.0,38.4,1.6,0.701498,24.0,38.65,1.610417,0.706065,24.0,67.36,2.806667,1.230544,24.0,90.39,3.76625,1.651261
NE19-8-11,2025-05-24,Normal,373.64,,,,24.0,116.43,4.85125,1.558051,24.0,113.59,4.732917,1.520046,24.0,112.2,4.675,1.501445,24.0,13.38,0.5575,0.179049,24.0,18.04,0.751667,0.241409
NE19-8-11,2025-05-25,offline_or_near_zero,545.98,FRONIUS-35d57c96-ce57-4d21-8268--023,Symo Advanced 24.0-3 480 (4),,24.0,183.52,7.646667,1.680648,24.0,181.54,7.564167,1.662515,24.0,180.92,7.538333,1.656837,24.0,0.0,0.0,0.0,24.0,0.0,0.0,0.0
NE19-8-11,2025-05-26,offline_or_near_zero,522.82,FRONIUS-35d57c96-ce57-4d21-8268--023,Symo Advanced 24.0-3 480 (4),,24.0,174.69,7.27875,1.670651,24.0,174.2,7.258333,1.665965,24.0,173.93,7.247083,1.663383,24.0,0.0,0.0,0.0,24.0,0.0,0.0,0.0
NE19-8-11,2025-05-27,offline_or_near_zero,531.49,FRONIUS-35d57c96-ce57-4d21-8268--023,Symo Advanced 24.0-3 480 (4),,24.0,177.56,7.398333,1.670398,24.0,177.56,7.398333,1.670398,24.0,176.37,7.34875,1.659203,24.0,0.0,0.0,0.0,24.0,0.0,0.0,0.0
NE19-8-11,,Omitted,,,,0,,,,,,,,,,,,,,,,,,,,
NE19-8-11,2025-05-25,offline_or_near_zero,545.98,FRONIUS-35d57c96-ce57-4d21-8268--024,Symo Advanced 24.0-3 480 (5),,24.0,183.52,7.646667,1.680648,24.0,181.54,7.564167,1.662515,24.0,180.92,7.538333,1.656837,24.0,0.0,0.0,0.0,24.0,0.0,0.0,0.0
NE19-8-11,2025-05-26,offline_or_near_zero,522.82,FRONIUS-35d57c96-ce57-4d21-8268--024,Symo Advanced 24.0-3 480 (5),,24.0,174.69,7.27875,1.670651,24.0,174.2,7.258333,1.665965,24.0,173.93,7.247083,1.663383,24.0,0.0,0.0,0.0,24.0,0.0,0.0,0.0
NE19-8-11,2025-05-27,offline_or_near_zero,531.49,FRONIUS-35d57c96-ce57-4d21-8268--024,Symo Advanced 24.0-3 480 (5),,24.0,177.56,7.398333,1.670398,24.0,177.56,7.398333,1.670398,24.0,176.37,7.34875,1.659203,24.0,0.0,0.0,0.0,24.0,0.0,0.0,0.0
NE19-8-11,2025-05-28,Normal,906.92,,,,24.0,175.52,7.313333,0.967671,24.0,172.03,7.167917,0.94843,24.0,171.15,7.13125,0.943578,24.0,175.08,7.295,0.965245,24.0,213.14,8.880833,1.175076
NE19-8-11,2025-05-29,Normal,945.67,,,,24.0,182.22,7.5925,0.963444,24.0,177.82,7.409167,0.94018,24.0,178.38,7.4325,0.943141,24.0,183.39,7.64125,0.96963,24.0,223.86,9.3275,1.183605
NE19-8-11,2025-05-30,Normal,894.81,,,,24.0,123.02,5.125833,0.687409,24.0,181.18,7.549167,1.012394,24.0,180.16,7.506667,1.006694,24.0,185.81,7.742083,1.038265,24.0,224.64,9.36,1.255239
NE19-8-11,2025-05-31,Normal,846.45,,,,24.0,162.27,6.76125,0.958533,24.0,159.01,6.625417,0.939276,24.0,159.96,6.665,0.944887,24.0,162.49,6.770417,0.959832,24.0,202.72,8.446667,1.197472
NE19-8-11,2025-06-01,Normal,930.38,,,,24.0,181.55,7.564583,0.975677,24.0,176.9,7.370833,0.950687,24.0,176.56,7.356667,0.94886,24.0,180.55,7.522917,0.970302,24.0,214.82,8.950833,1.154475
NE19-8-11,2025-06-02,Normal,556.77,,,,24.0,106.99,4.457917,0.96081,24.0,104.96,4.373333,0.94258,24.0,104.8,4.366667,0.941143,24.0,106.96,4.456667,0.96054,24.0,133.06,5.544167,1.194928
NE19-8-11,2025-06-03,Normal,730.27,,,,24.0,141.07,5.877917,0.965876,24.0,138.55,5.772917,0.948622,24.0,138.82,5.784167,0.95047,24.0,140.84,5.868333,0.964301,24.0,170.99,7.124583,1.170731
NE19-8-11,2025-06-04,Normal,926.2,,,,24.0,179.39,7.474583,0.968419,24.0,175.65,7.31875,0.948229,24.0,174.85,7.285417,0.943911,24.0,179.2,7.466667,0.967394,24.0,217.11,9.04625,1.172047
NE19-8-11,2025-06-05,Normal,917.15,,,,24.0,177.73,7.405417,0.968925,24.0,173.39,7.224583,0.945265,24.0,173.34,7.2225,0.944993,24.0,178.1,7.420833,0.970943,24.0,214.59,8.94125,1.169874
NE19-8-11,2025-06-06,Normal,741.78,,,,24.0,142.21,5.925417,0.958573,24.0,139.34,5.805833,0.939227,24.0,139.58,5.815833,0.940845,24.0,142.23,5.92625,0.958707,24.0,178.42,7.434167,1.202648
NE19-8-11,,Omitted,,,,2,,,,,,,,,,,,,,,,,,,,
NE19-8-11,2025-06-09,Normal,946.97,,,,24.0,183.26,7.635833,0.967612,24.0,179.09,7.462083,0.945595,24.0,177.57,7.39875,0.937569,24.0,182.66,7.610833,0.964444,24.0,224.39,9.349583,1.184779
NE19-8-11,2025-06-10,Normal,929.6,,,,24.0,178.16,7.423333,0.958262,24.0,175.18,7.299167,0.942233,24.0,175.18,7.299167,0.942233,24.0,177.81,7.40875,0.956379,24.0,223.27,9.302917,1.200893
NE19-8-11,2025-06-11,Normal,866.15,,,,24.0,166.11,6.92125,0.958899,24.0,163.5,6.8125,0.943832,24.0,163.56,6.815,0.944178,24.0,166.07,6.919583,0.958668,24.0,206.91,8.62125,1.194424
NE19-8-11,2025-06-12,Normal,224.17,,,,24.0,42.04,1.751667,0.937681,24.0,41.46,1.7275,0.924745,24.0,41.92,1.746667,0.935005,24.0,41.99,1.749583,0.936566,24.0,56.76,2.365,1.266003
NE19-8-11,2025-06-13,Normal,747.4,,,,24.0,143.21,5.967083,0.958055,24.0,140.66,5.860833,0.940995,24.0,141.41,5.892083,0.946013,24.0,143.8,5.991667,0.962002,24.0,178.32,7.43,1.192936
NE19-8-11,2025-06-14,Normal,919.08,,,,24.0,177.98,7.415833,0.968251,24.0,174.28,7.261667,0.948122,24.0,173.7,7.2375,0.944967,24.0,177.44,7.393333,0.965313,24.0,215.68,8.986667,1.173347
NE19-8-11,2025-06-15,Normal,877.96,,,,24.0,165.09,6.87875,0.940191,24.0,165.07,6.877917,0.940077,24.0,165.19,6.882917,0.94076,24.0,168.6,7.025,0.96018,24.0,214.01,8.917083,1.218791
NE19-8-11,2025-06-16,Normal,894.56,,,,24.0,126.12,5.255,0.704928,24.0,178.45,7.435417,0.997418,24.0,179.21,7.467083,1.001666,24.0,183.85,7.660417,1.0276,24.0,226.93,9.455417,1.268389
NE19-8-11,2025-06-17,Normal,890.88,,,,24.0,142.06,5.919167,0.797302,24.0,174.62,7.275833,0.980042,24.0,174.8,7.283333,0.981052,24.0,179.54,7.480833,1.007655,24.0,219.86,9.160833,1.233948
NE19-8-11,2025-06-18,Normal,867.1,,,,24.0,140.85,5.86875,0.81219,24.0,169.64,7.068333,0.978203,24.0,169.81,7.075417,0.979183,24.0,174.1,7.254167,1.003921,24.0,212.7,8.8625,1.226502
NE19-8-11,2025-06-19,offline_or_near_zero,779.35,FRONIUS-35d57c96-ce57-4d21-8268--025,Symo Advanced 24.0-3 480 (1),,24.0,0.0,0.0,0.0,24.0,182.69,7.612083,1.172066,24.0,180.77,7.532083,1.159749,24.0,187.52,7.813333,1.203054,24.0,228.37,9.515417,1.465131
NE19-8-11,2025-06-20,offline_or_near_zero,116.53,FRONIUS-35d57c96-ce57-4d21-8268--025,Symo Advanced 24.0-3 480 (1),,24.0,0.0,0.0,0.0,24.0,28.02,1.1675,1.202266,24.0,21.61,0.900417,0.927229,24.0,28.37,1.182083,1.217283,24.0,38.53,1.605417,1.653222
NE19-8-11,2025-06-21,offline_or_near_zero,266.92,FRONIUS-35d57c96-ce57-4d21-8268--025,Symo Advanced 24.0-3 480 (1),,24.0,0.0,0.0,0.0,24.0,61.18,2.549167,1.146036,24.0,61.69,2.570417,1.15559,24.0,62.04,2.585,1.162146,24.0,82.01,3.417083,1.536228
NE19-8-11,2025-06-22,offline_or_near_zero,240.38,FRONIUS-35d57c96-ce57-4d21-8268--025,Symo Advanced 24.0-3 480 (1),,24.0,0.0,0.0,0.0,24.0,39.62,1.650833,0.824112,24.0,59.61,2.48375,1.239912,24.0,60.32,2.513333,1.25468,24.0,80.83,3.367917,1.681296
NE19-8-11,2025-06-23,offline_or_near_zero,671.26,FRONIUS-35d57c96-ce57-4d21-8268--025,Symo Advanced 24.0-3 480 (1),,24.0,0.0,0.0,0.0,24.0,115.23,4.80125,0.858311,24.0,171.95,7.164583,1.2808,24.0,174.94,7.289167,1.303072,24.0,209.14,8.714167,1.557817
NE19-8-11,2025-06-24,offline_or_near_zero,676.24,FRONIUS-35d57c96-ce57-4d21-8268--025,Symo Advanced 24.0-3 480 (1),,24.0,0.0,0.0,0.0,24.0,114.75,4.78125,0.848441,24.0,169.88,7.078333,1.256063,24.0,174.22,7.259167,1.288152,24.0,217.39,9.057917,1.607344
NE19-8-11,2025-06-25,offline_or_near_zero,698.18,FRONIUS-35d57c96-ce57-4d21-8268--025,Symo Advanced 24.0-3 480 (1),,24.0,0.0,0.0,0.0,24.0,118.55,4.939583,0.848993,24.0,176.13,7.33875,1.261351,24.0,180.28,7.511667,1.291071,24.0,223.22,9.300833,1.598585
NE19-8-11,2025-06-26,offline_or_near_zero,592.32,FRONIUS-35d57c96-ce57-4d21-8268--025,Symo Advanced 24.0-3 480 (1),,24.0,0.0,0.0,0.0,24.0,100.34,4.180833,0.847008,24.0,148.41,6.18375,1.252786,24.0,152.61,6.35875,1.288239,24.0,190.96,7.956667,1.611967
NE19-8-11,2025-06-27,Normal,684.81,,,,24.0,18.23,0.759583,0.133103,24.0,118.95,4.95625,0.868489,24.0,167.7,6.9875,1.224427,24.0,171.69,7.15375,1.253559,24.0,208.24,8.676667,1.520422
NE19-8-11,2025-06-28,Normal,796.22,,,,24.0,154.46,6.435833,0.969958,24.0,147.55,6.147917,0.926566,24.0,151.21,6.300417,0.949549,24.0,154.33,6.430417,0.969142,24.0,188.67,7.86125,1.184786
NE19-8-11,2025-06-29,Normal,918.43,,,,24.0,179.61,7.48375,0.97781,24.0,170.91,7.12125,0.930447,24.0,174.47,7.269583,0.949827,24.0,179.22,7.4675,0.975687,24.0,214.22,8.925833,1.166229
NE19-8-11,,Omitted,,,,4,,,,,,,,,,,,,,,,,,,,
NE19-8-11,2025-07-04,offline_or_near_zero,717.44,FRONIUS-35d57c96-ce57-4d21-8268--026,Symo Advanced 24.0-3 480 (1),,24.0,0.0,0.0,0.0,24.0,165.26,6.885833,1.151734,24.0,168.94,7.039167,1.177381,24.0,171.42,7.1425,1.194664,24.0,211.82,8.825833,1.476221
NE19-8-11,2025-07-05,offline_or_near_zero,252.76,FRONIUS-35d57c96-ce57-4d21-8268--026,Symo Advanced 24.0-3 480 (1),,24.0,0.0,0.0,0.0,24.0,55.99,2.332917,1.107572,24.0,58.31,2.429583,1.153466,24.0,59.39,2.474583,1.17483,24.0,79.07,3.294583,1.564132
NE19-8-11,2025-07-06,offline_or_near_zero,580.73,FRONIUS-35d57c96-ce57-4d21-8268--026,Symo Advanced 24.0-3 480 (1),,24.0,0.0,0.0,0.0,24.0,133.5,5.5625,1.149415,24.0,136.59,5.69125,1.17602,24.0,139.93,5.830417,1.204777,24.0,170.71,7.112917,1.469788
NE19-8-11,2025-07-07,offline_or_near_zero,719.59,FRONIUS-35d57c96-ce57-4d21-8268--026,Symo Advanced 24.0-3 480 (1),,24.0,0.0,0.0,0.0,24.0,165.32,6.888333,1.14871,24.0,169.41,7.05875,1.177129,24.0,173.49,7.22875,1.205478,24.0,211.37,8.807083,1.468684
NE19-8-11,2025-07-08,offline_or_near_zero,746.29,FRONIUS-35d57c96-ce57-4d21-8268--026,Symo Advanced 24.0-3 480 (1),,24.0,0.0,0.0,0.0,24.0,170.29,7.095417,1.14091,24.0,174.37,7.265417,1.168246,24.0,179.14,7.464167,1.200204,24.0,222.49,9.270417,1.49064
NE19-8-11,2025-07-09,offline_or_near_zero,706.51,FRONIUS-35d57c96-ce57-4d21-8268--026,Symo Advanced 24.0-3 480 (1),,24.0,0.0,0.0,0.0,24.0,161.91,6.74625,1.145844,24.0,166.77,6.94875,1.180238,24.0,169.78,7.074167,1.20154,24.0,208.05,8.66875,1.472378
NE19-8-11,2025-07-10,offline_or_near_zero,346.53,FRONIUS-35d57c96-ce57-4d21-8268--026,Symo Advanced 24.0-3 480 (1),,24.0,0.0,0.0,0.0,24.0,78.02,3.250833,1.125732,24.0,81.13,3.380417,1.170606,24.0,82.0,3.416667,1.183159,24.0,105.38,4.390833,1.520503
NE19-8-11,2025-07-11,offline_or_near_zero,747.92,FRONIUS-35d57c96-ce57-4d21-8268--026,Symo Advanced 24.0-3 480 (1),,24.0,0.0,0.0,0.0,24.0,170.77,7.115417,1.141633,24.0,175.23,7.30125,1.171449,24.0,179.7,7.4875,1.201332,24.0,222.22,9.259167,1.485587
NE19-8-11,2025-07-12,offline_or_near_zero,722.33,FRONIUS-35d57c96-ce57-4d21-8268--026,Symo Advanced 24.0-3 480 (1),,24.0,0.0,0.0,0.0,24.0,165.44,6.893333,1.145183,24.0,169.0,7.041667,1.169825,24.0,174.31,7.262917,1.206581,24.0,213.58,8.899167,1.47841
NE19-8-11,2025-07-13,offline_or_near_zero,675.42,FRONIUS-35d57c96-ce57-4d21-8268--026,Symo Advanced 24.0-3 480 (1),,24.0,0.0,0.0,0.0,24.0,154.0,6.416667,1.140031,24.0,157.75,6.572917,1.167792,24.0,161.82,6.7425,1.197921,24.0,201.85,8.410417,1.494255
NE19-8-11,,Omitted,,,,1,,,,,,,,,,,,,,,,,,,,
NE19-8-11,2025-07-15,offline_or_near_zero,333.95,FRONIUS-35d57c96-ce57-4d21-8268--027,Symo Advanced 24.0-3 480 (1),,24.0,0.0,0.0,0.0,24.0,73.99,3.082917,1.107801,24.0,77.15,3.214583,1.155113,24.0,78.03,3.25125,1.168289,24.0,104.78,4.365833,1.568798
NE19-8-11,2025-07-16,offline_or_near_zero,645.96,FRONIUS-35d57c96-ce57-4d21-8268--027,Symo Advanced 24.0-3 480 (1),,24.0,0.0,0.0,0.0,24.0,148.39,6.182917,1.148601,24.0,152.59,6.357917,1.18111,24.0,155.91,6.49625,1.206808,24.0,189.07,7.877917,1.463481
NE19-8-11,2025-07-17,Normal,385.14,,,,24.0,63.62,2.650833,0.825933,24.0,70.69,2.945417,0.917718,24.0,74.27,3.094583,0.964195,24.0,76.0,3.166667,0.986654,24.0,100.56,4.19,1.305499
NE19-8-11,2025-07-18,Normal,811.58,,,,24.0,157.43,6.559583,0.969898,24.0,150.7,6.279167,0.928436,24.0,154.59,6.44125,0.952401,24.0,157.37,6.557083,0.969529,24.0,191.49,7.97875,1.179736
NE19-8-11,,Omitted,,,,3,,,,,,,,,,,,,,,,,,,,
NE19-8-11,2025-07-22,offline_or_near_zero,123.93,FRONIUS-35d57c96-ce57-4d21-8268--028,Symo Advanced 24.0-3 480 (1),,24.0,0.0,0.0,0.0,24.0,27.41,1.142083,1.105866,24.0,28.67,1.194583,1.156701,24.0,28.83,1.20125,1.163157,24.0,39.02,1.625833,1.574276
NE19-8-11,2025-07-23,offline_or_near_zero,539.1,FRONIUS-35d57c96-ce57-4d21-8268--028,Symo Advanced 24.0-3 480 (1),,24.0,0.0,0.0,0.0,24.0,123.86,5.160833,1.148766,24.0,126.19,5.257917,1.170377,24.0,129.58,5.399167,1.201818,24.0,159.47,6.644583,1.479039
NE19-8-11,2025-07-24,offline_or_near_zero,742.66,FRONIUS-35d57c96-ce57-4d21-8268--028,Symo Advanced 24.0-3 480 (1),,24.0,0.0,0.0,0.0,24.0,169.88,7.078333,1.143727,24.0,173.35,7.222917,1.167089,24.0,179.04,7.46,1.205397,24.0,220.39,9.182917,1.483788
NE19-8-11,2025-07-25,offline_or_near_zero,732.96,FRONIUS-35d57c96-ce57-4d21-8268--028,Symo Advanced 24.0-3 480 (1),,24.0,0.0,0.0,0.0,24.0,167.5,6.979167,1.142627,24.0,170.78,7.115833,1.165002,24.0,176.07,7.33625,1.201089,24.0,218.61,9.10875,1.491282
NE19-8-11,2025-07-26,offline_or_near_zero,665.03,FRONIUS-35d57c96-ce57-4d21-8268--028,Symo Advanced 24.0-3 480 (1),,24.0,0.0,0.0,0.0,24.0,152.53,6.355417,1.14679,24.0,156.04,6.501667,1.17318,24.0,159.48,6.645,1.199044,24.0,196.98,8.2075,1.480986
NE19-8-11,2025-07-27,offline_or_near_zero,689.8,FRONIUS-35d57c96-ce57-4d21-8268--028,Symo Advanced 24.0-3 480 (1),,24.0,0.0,0.0,0.0,24.0,159.41,6.642083,1.15548,24.0,162.76,6.781667,1.179762,24.0,167.31,6.97125,1.212743,24.0,200.32,8.346667,1.452015
NE19-8-11,2025-07-28,offline_or_near_zero,429.66,FRONIUS-35d57c96-ce57-4d21-8268--028,Symo Advanced 24.0-3 480 (1),,24.0,0.0,0.0,0.0,24.0,95.92,3.996667,1.116231,24.0,98.9,4.120833,1.15091,24.0,101.46,4.2275,1.180701,24.0,133.38,5.5575,1.552158
NE19-8-11,2025-07-29,offline_or_near_zero,704.32,FRONIUS-35d57c96-ce57-4d21-8268--028,Symo Advanced 24.0-3 480 (1),,24.0,0.0,0.0,0.0,24.0,161.79,6.74125,1.148555,24.0,163.64,6.818333,1.161688,24.0,171.62,7.150833,1.218338,24.0,207.27,8.63625,1.471419
NE19-8-11,2025-07-30,offline_or_near_zero,731.06,FRONIUS-35d57c96-ce57-4d21-8268--028,Symo Advanced 24.0-3 480 (1),,24.0,0.0,0.0,0.0,24.0,167.92,6.996667,1.148469,24.0,171.36,7.14,1.171997,24.0,176.49,7.35375,1.207083,24.0,215.29,8.970417,1.472451
NE19-8-11,2025-07-31,offline_or_near_zero,719.29,FRONIUS-35d57c96-ce57-4d21-8268--028,Symo Advanced 24.0-3 480 (1),,24.0,0.0,0.0,0.0,24.0,165.14,6.880833,1.147938,24.0,169.47,7.06125,1.178037,24.0,173.56,7.231667,1.206467,24.0,211.12,8.796667,1.467558
NE19-8-11,2025-08-01,offline_or_near_zero,612.54,FRONIUS-35d57c96-ce57-4d21-8268--028,Symo Advanced 24.0-3 480 (1),,24.0,0.0,0.0,0.0,24.0,138.56,5.773333,1.131028,24.0,142.02,5.9175,1.159271,24.0,145.71,6.07125,1.189392,24.0,186.25,7.760417,1.520309
NE19-8-11,2025-08-02,offline_or_near_zero,367.2,FRONIUS-35d57c96-ce57-4d21-8268--028,Symo Advanced 24.0-3 480 (1),,24.0,0.0,0.0,0.0,24.0,82.24,3.426667,1.119826,24.0,85.96,3.581667,1.170479,24.0,86.32,3.596667,1.175381,24.0,112.68,4.695,1.534314
NE19-8-11,2025-08-03,offline_or_near_zero,343.73,FRONIUS-35d57c96-ce57-4d21-8268--028,Symo Advanced 24.0-3 480 (1),,24.0,0.0,0.0,0.0,24.0,76.3,3.179167,1.109883,24.0,79.38,3.3075,1.154685,24.0,81.09,3.37875,1.17956,24.0,106.96,4.456667,1.555872
NE19-8-11,2025-08-04,offline_or_near_zero,403.59,FRONIUS-35d57c96-ce57-4d21-8268--028,Symo Advanced 24.0-3 480 (1),,24.0,0.0,0.0,0.0,24.0,91.48,3.811667,1.133328,24.0,94.76,3.948333,1.173964,24.0,95.76,3.99,1.186352,24.0,121.59,5.06625,1.506355
NE19-8-11,2025-08-05,offline_or_near_zero,481.25,FRONIUS-35d57c96-ce57-4d21-8268--028,Symo Advanced 24.0-3 480 (1),,24.0,0.0,0.0,0.0,24.0,108.53,4.522083,1.127584,24.0,111.13,4.630417,1.154597,24.0,114.33,4.76375,1.187844,24.0,147.26,6.135833,1.529974
NE19-8-11,2025-08-06,offline_or_near_zero,644.21,FRONIUS-35d57c96-ce57-4d21-8268--028,Symo Advanced 24.0-3 480 (1),,24.0,0.0,0.0,0.0,24.0,146.99,6.124583,1.140855,24.0,151.63,6.317917,1.176868,24.0,153.68,6.403333,1.192779,24.0,191.91,7.99625,1.489499
NE19-8-11,2025-08-07,offline_or_near_zero,555.3,FRONIUS-35d57c96-ce57-4d21-8268--028,Symo Advanced 24.0-3 480 (1),,24.0,0.0,0.0,0.0,24.0,126.0,5.25,1.134522,24.0,129.32,5.388333,1.164416,24.0,133.11,5.54625,1.198541,24.0,166.87,6.952917,1.502521
NE19-8-11,2025-08-08,offline_or_near_zero,163.87,FRONIUS-35d57c96-ce57-4d21-8268--028,Symo Advanced 24.0-3 480 (1),,24.0,0.0,0.0,0.0,24.0,36.34,1.514167,1.108806,24.0,37.91,1.579583,1.15671,24.0,38.17,1.590417,1.164643,24.0,51.45,2.14375,1.569842
NE19-8-11,2025-08-09,offline_or_near_zero,510.7,FRONIUS-35d57c96-ce57-4d21-8268--028,Symo Advanced 24.0-3 480 (1),,24.0,0.0,0.0,0.0,24.0,115.75,4.822917,1.133248,24.0,119.45,4.977083,1.169473,24.0,121.9,5.079167,1.19346,24.0,153.6,6.4,1.503818
NE19-8-11,2025-08-10,offline_or_near_zero,708.01,FRONIUS-35d57c96-ce57-4d21-8268--028,Symo Advanced 24.0-3 480 (1),,24.0,0.0,0.0,0.0,24.0,161.09,6.712083,1.137625,24.0,164.93,6.872083,1.164743,24.0,170.49,7.10375,1.204008,24.0,211.5,8.8125,1.493623
NE19-8-11,2025-08-11,offline_or_near_zero,475.07,FRONIUS-35d57c96-ce57-4d21-8268--028,Symo Advanced 24.0-3 480 (1),,24.0,0.0,0.0,0.0,24.0,108.57,4.52375,1.142674,24.0,110.69,4.612083,1.164986,24.0,114.44,4.768333,1.204454,24.0,141.37,5.890417,1.487886
NE19-8-11,2025-08-12,offline_or_near_zero,659.02,FRONIUS-35d57c96-ce57-4d21-8268--028,Symo Advanced 24.0-3 480 (1),,24.0,0.0,0.0,0.0,24.0,150.42,6.2675,1.14124,24.0,154.73,6.447083,1.17394,24.0,159.42,6.6425,1.209523,24.0,194.45,8.102083,1.475297
NE19-8-11,2025-08-13,Normal,784.69,,,,24.0,128.55,5.35625,0.819113,24.0,149.67,6.23625,0.953689,24.0,149.11,6.212917,0.95012,24.0,160.34,6.680833,1.021677,24.0,197.02,8.209167,1.2554
NE19-8-11,2025-08-14,Normal,611.56,,,,24.0,105.11,4.379583,0.85936,24.0,114.82,4.784167,0.938747,24.0,114.97,4.790417,0.939973,24.0,122.22,5.0925,0.999248,24.0,154.44,6.435,1.262673
NE19-8-11,2025-08-15,Normal,606.36,,,,24.0,114.26,4.760833,0.94218,24.0,110.29,4.595417,0.909443,24.0,110.53,4.605417,0.911422,24.0,118.14,4.9225,0.974174,24.0,153.14,6.380833,1.262781
NE19-8-11,2025-08-16,Normal,717.08,,,,24.0,138.89,5.787083,0.968441,24.0,132.15,5.50625,0.921445,24.0,131.95,5.497917,0.920051,24.0,139.82,5.825833,0.974926,24.0,174.27,7.26125,1.215136
NE19-8-11,2025-08-17,Normal,804.75,,,,24.0,157.81,6.575417,0.980491,24.0,150.31,6.262917,0.933893,24.0,142.24,5.926667,0.883753,24.0,158.91,6.62125,0.987325,24.0,195.48,8.145,1.214539
NE19-8-11,2025-08-18,Normal,839.8,,,,24.0,163.32,6.805,0.972374,24.0,154.51,6.437917,0.919921,24.0,154.23,6.42625,0.918254,24.0,164.73,6.86375,0.980769,24.0,203.01,8.45875,1.208681
NE19-8-11,,Omitted,,,,4,,,,,,,,,,,,,,,,,,,,
NE19-8-11,2025-08-23,Normal,849.22,,,,24.0,163.15,6.797917,0.960587,24.0,155.26,6.469167,0.914133,24.0,156.68,6.528333,0.922494,24.0,166.72,6.946667,0.981607,24.0,207.41,8.642083,1.221179
NE19-8-11,2025-08-24,Normal,845.04,,,,24.0,163.61,6.817083,0.968061,24.0,154.26,6.4275,0.912738,24.0,153.78,6.4075,0.909898,24.0,166.9,6.954167,0.987527,24.0,206.49,8.60375,1.221776
NE19-8-11,2025-08-25,Normal,825.36,,,,24.0,158.83,6.617917,0.962186,24.0,149.57,6.232083,0.906089,24.0,151.32,6.305,0.916691,24.0,161.6,6.733333,0.978967,24.0,204.04,8.501667,1.236067
NE19-8-11,2025-08-26,offline_or_near_zero,634.14,FRONIUS-35d57c96-ce57-4d21-8268--029,Symo Advanced 24.0-3 480 (1),,24.0,0.0,0.0,0.0,24.0,149.06,6.210833,1.175293,24.0,120.75,5.03125,0.952077,24.0,161.25,6.71875,1.271407,24.0,203.08,8.461667,1.601224
NE19-8-11,2025-08-27,offline_or_near_zero,556.64,FRONIUS-35d57c96-ce57-4d21-8268--029,Symo Advanced 24.0-3 480 (1),,24.0,0.0,0.0,0.0,24.0,142.03,5.917917,1.27578,24.0,64.69,2.695417,0.581076,24.0,153.58,6.399167,1.379527,24.0,196.34,8.180833,1.763617
NE19-8-11,2025-08-28,offline_or_near_zero,237.11,FRONIUS-35d57c96-ce57-4d21-8268--029,Symo Advanced 24.0-3 480 (1),,24.0,0.0,0.0,0.0,24.0,52.92,2.205,1.115938,24.0,52.98,2.2075,1.117203,24.0,56.3,2.345833,1.187213,24.0,74.91,3.12125,1.579647
NE19-8-11,2025-08-29,offline_or_near_zero,345.93,FRONIUS-35d57c96-ce57-4d21-8268--029,Symo Advanced 24.0-3 480 (1),,24.0,0.0,0.0,0.0,24.0,77.9,3.245833,1.12595,24.0,78.34,3.264167,1.13231,24.0,82.86,3.4525,1.197641,24.0,106.83,4.45125,1.544099
NE19-8-11,2025-08-30,offline_or_near_zero,671.01,FRONIUS-35d57c96-ce57-4d21-8268--029,Symo Advanced 24.0-3 480 (1),,24.0,0.0,0.0,0.0,24.0,151.8,6.325,1.131131,24.0,153.78,6.4075,1.145885,24.0,162.66,6.7775,1.212053,24.0,202.77,8.44875,1.510931
NE19-8-11,2025-08-31,offline_or_near_zero,668.16,FRONIUS-35d57c96-ce57-4d21-8268--029,Symo Advanced 24.0-3 480 (1),,24.0,0.0,0.0,0.0,24.0,150.94,6.289167,1.12952,24.0,152.39,6.349583,1.140371,24.0,162.34,6.764167,1.214829,24.0,202.49,8.437083,1.515281
NE19-8-11,2025-09-01,offline_or_near_zero,630.24,FRONIUS-35d57c96-ce57-4d21-8268--029,Symo Advanced 24.0-3 480 (1),,24.0,0.0,0.0,0.0,24.0,141.18,5.8825,1.12005,24.0,142.91,5.954583,1.133774,24.0,151.46,6.310833,1.201606,24.0,194.69,8.112083,1.54457
NE19-8-11,2025-09-02,offline_or_near_zero,503.03,FRONIUS-35d57c96-ce57-4d21-8268--029,Symo Advanced 24.0-3 480 (1),,24.0,7.53,0.31375,0.074846,24.0,121.45,5.060417,1.207184,24.0,74.76,3.115,0.743097,24.0,129.22,5.384167,1.284416,24.0,170.07,7.08625,1.690456
NE19-8-11,2025-09-03,Normal,462.82,,,,24.0,87.26,3.635833,0.942699,24.0,83.31,3.47125,0.900026,24.0,85.14,3.5475,0.919796,24.0,88.73,3.697083,0.95858,24.0,118.38,4.9325,1.278899
NE19-8-11,,Omitted,,,,2,,,,,,,,,,,,,,,,,,,,
NE19-8-11,2025-09-06,offline_or_near_zero,642.42,FRONIUS-35d57c96-ce57-4d21-8268--030,Symo Advanced 24.0-3 480 (1),,24.0,0.0,0.0,0.0,24.0,143.89,5.995417,1.119906,24.0,146.24,6.093333,1.138196,24.0,154.95,6.45625,1.205987,24.0,197.34,8.2225,1.535911
NE19-8-11,2025-09-07,offline_or_near_zero,497.2,FRONIUS-35d57c96-ce57-4d21-8268--030,Symo Advanced 24.0-3 480 (1),,24.0,0.0,0.0,0.0,24.0,110.13,4.58875,1.107502,24.0,112.25,4.677083,1.128821,24.0,118.27,4.927917,1.18936,24.0,156.55,6.522917,1.574316
NE19-8-11,2025-09-08,offline_or_near_zero,213.66,FRONIUS-35d57c96-ce57-4d21-8268--030,Symo Advanced 24.0-3 480 (1),,24.0,0.0,0.0,0.0,24.0,47.31,1.97125,1.107133,24.0,47.85,1.99375,1.11977,24.0,50.78,2.115833,1.188337,24.0,67.72,2.821667,1.584761
NE19-8-11,2025-09-09,offline_or_near_zero,593.19,FRONIUS-35d57c96-ce57-4d21-8268--030,Symo Advanced 24.0-3 480 (1),,24.0,0.0,0.0,0.0,24.0,132.34,5.514167,1.115494,24.0,133.56,5.565,1.125778,24.0,143.57,5.982083,1.210152,24.0,183.72,7.655,1.548576
NE19-8-11,2025-09-10,offline_or_near_zero,290.86,FRONIUS-35d57c96-ce57-4d21-8268--030,Symo Advanced 24.0-3 480 (1),,24.0,0.0,0.0,0.0,24.0,65.34,2.7225,1.123221,24.0,65.98,2.749167,1.134223,24.0,69.63,2.90125,1.196968,24.0,89.91,3.74625,1.545589
NE19-8-11,2025-09-11,offline_or_near_zero,616.5,FRONIUS-35d57c96-ce57-4d21-8268--030,Symo Advanced 24.0-3 480 (1),,24.0,0.0,0.0,0.0,24.0,138.95,5.789583,1.126926,24.0,138.85,5.785417,1.126115,24.0,149.06,6.210833,1.208921,24.0,189.64,7.901667,1.538037
NE19-8-11,2025-09-12,offline_or_near_zero,594.94,FRONIUS-35d57c96-ce57-4d21-8268--030,Symo Advanced 24.0-3 480 (1),,24.0,0.0,0.0,0.0,24.0,133.07,5.544583,1.118348,24.0,135.0,5.625,1.134568,24.0,142.91,5.954583,1.201045,24.0,183.96,7.665,1.546038
NE19-8-11,2025-09-13,offline_or_near_zero,613.87,FRONIUS-35d57c96-ce57-4d21-8268--030,Symo Advanced 24.0-3 480 (1),,24.0,0.0,0.0,0.0,24.0,139.7,5.820833,1.137863,24.0,131.93,5.497083,1.074576,24.0,150.12,6.255,1.222734,24.0,192.12,8.005,1.564826
NE19-8-11,2025-09-14,offline_or_near_zero,483.79,FRONIUS-35d57c96-ce57-4d21-8268--030,Symo Advanced 24.0-3 480 (1),,24.0,0.0,0.0,0.0,24.0,108.43,4.517917,1.120631,24.0,106.06,4.419167,1.096137,24.0,117.46,4.894167,1.213956,24.0,151.84,6.326667,1.569276
NE19-8-11,2025-09-15,offline_or_near_zero,362.36,FRONIUS-35d57c96-ce57-4d21-8268--030,Symo Advanced 24.0-3 480 (1),,24.0,0.0,0.0,0.0,24.0,104.17,4.340417,1.437383,24.0,0.0,0.0,0.0,24.0,111.1,4.629167,1.533006,24.0,147.09,6.12875,2.029611
NE19-8-11,,Omitted,,,,0,,,,,,,,,,,,,,,,,,,,
NE19-8-11,2025-09-15,offline_or_near_zero,362.36,FRONIUS-35d57c96-ce57-4d21-8268--031,Symo Advanced 24.0-3 480 (3),,24.0,0.0,0.0,0.0,24.0,104.17,4.340417,1.437383,24.0,0.0,0.0,0.0,24.0,111.1,4.629167,1.533006,24.0,147.09,6.12875,2.029611
NE19-8-11,,Omitted,,,,1,,,,,,,,,,,,,,,,,,,,
NE19-8-11,2025-09-17,offline_or_near_zero,616.36,FRONIUS-35d57c96-ce57-4d21-8268--032,Symo Advanced 24.0-3 480 (1),,24.0,0.0,0.0,0.0,24.0,138.34,5.764167,1.122234,24.0,140.02,5.834167,1.135862,24.0,149.08,6.211667,1.209358,24.0,188.92,7.871667,1.532546
NE19-8-11,2025-09-18,offline_or_near_zero,624.55,FRONIUS-35d57c96-ce57-4d21-8268--032,Symo Advanced 24.0-3 480 (1),,24.0,0.0,0.0,0.0,24.0,139.86,5.8275,1.119686,24.0,143.51,5.979583,1.148907,24.0,150.06,6.2525,1.201345,24.0,191.12,7.963333,1.530062
NE19-8-11,2025-09-19,offline_or_near_zero,577.94,FRONIUS-35d57c96-ce57-4d21-8268--032,Symo Advanced 24.0-3 480 (1),,24.0,0.0,0.0,0.0,24.0,128.31,5.34625,1.110063,24.0,131.54,5.480833,1.138007,24.0,138.4,5.766667,1.197356,24.0,179.69,7.487083,1.554573
NE19-8-11,2025-09-20,offline_or_near_zero,595.66,FRONIUS-35d57c96-ce57-4d21-8268--032,Symo Advanced 24.0-3 480 (1),,24.0,0.0,0.0,0.0,24.0,132.96,5.54,1.116073,24.0,135.52,5.646667,1.137562,24.0,143.56,5.981667,1.20505,24.0,183.62,7.650833,1.541316
NE19-8-11,2025-09-21,offline_or_near_zero,554.64,FRONIUS-35d57c96-ce57-4d21-8268--032,Symo Advanced 24.0-3 480 (1),,24.0,0.0,0.0,0.0,24.0,124.68,5.195,1.123972,24.0,126.19,5.257917,1.137585,24.0,132.93,5.53875,1.198345,24.0,170.84,7.118333,1.540098
NE19-8-11,2025-09-22,offline_or_near_zero,607.42,FRONIUS-35d57c96-ce57-4d21-8268--032,Symo Advanced 24.0-3 480 (1),,24.0,0.0,0.0,0.0,24.0,137.29,5.720417,1.130108,24.0,137.82,5.7425,1.13447,24.0,146.26,6.094167,1.203945,24.0,186.05,7.752083,1.531477
NE19-8-11,2025-09-23,offline_or_near_zero,612.0,FRONIUS-35d57c96-ce57-4d21-8268--032,Symo Advanced 24.0-3 480 (1),,24.0,0.0,0.0,0.0,24.0,137.64,5.735,1.12451,24.0,138.64,5.776667,1.13268,24.0,147.38,6.140833,1.204085,24.0,188.34,7.8475,1.538725
NE19-8-11,2025-09-24,offline_or_near_zero,621.63,FRONIUS-35d57c96-ce57-4d21-8268--032,Symo Advanced 24.0-3 480 (1),,24.0,0.0,0.0,0.0,24.0,141.61,5.900417,1.139022,24.0,141.97,5.915417,1.141917,24.0,149.79,6.24125,1.204816,24.0,188.26,7.844167,1.514245
NE19-8-11,2025-09-25,offline_or_near_zero,606.11,FRONIUS-35d57c96-ce57-4d21-8268--032,Symo Advanced 24.0-3 480 (1),,24.0,0.0,0.0,0.0,24.0,135.49,5.645417,1.117701,24.0,138.18,5.7575,1.139892,24.0,146.21,6.092083,1.206134,24.0,186.23,7.759583,1.536272
NE19-8-11,2025-09-26,offline_or_near_zero,571.46,FRONIUS-35d57c96-ce57-4d21-8268--032,Symo Advanced 24.0-3 480 (1),,24.0,0.0,0.0,0.0,24.0,131.79,5.49125,1.153099,24.0,119.52,4.98,1.045742,24.0,140.77,5.865417,1.23167,24.0,179.38,7.474167,1.569489
NE19-8-11,2025-09-27,offline_or_near_zero,245.91,FRONIUS-35d57c96-ce57-4d21-8268--032,Symo Advanced 24.0-3 480 (1),,24.0,0.0,0.0,0.0,24.0,54.58,2.274167,1.109756,24.0,55.0,2.291667,1.118295,24.0,58.68,2.445,1.193119,24.0,77.65,3.235417,1.57883
NE19-8-11,2025-09-28,offline_or_near_zero,468.8,FRONIUS-35d57c96-ce57-4d21-8268--032,Symo Advanced 24.0-3 480 (1),,24.0,0.0,0.0,0.0,24.0,105.21,4.38375,1.12212,24.0,105.94,4.414167,1.129906,24.0,111.97,4.665417,1.194219,24.0,145.68,6.07,1.553754
NE19-8-11,2025-09-29,offline_or_near_zero,564.98,FRONIUS-35d57c96-ce57-4d21-8268--032,Symo Advanced 24.0-3 480 (1),,24.0,0.0,0.0,0.0,24.0,125.93,5.247083,1.114464,24.0,128.47,5.352917,1.136943,24.0,135.35,5.639583,1.19783,24.0,175.23,7.30125,1.550763
NE19-8-11,2025-09-30,offline_or_near_zero,335.3,FRONIUS-35d57c96-ce57-4d21-8268--032,Symo Advanced 24.0-3 480 (1),,24.0,0.0,0.0,0.0,24.0,74.32,3.096667,1.108261,24.0,75.54,3.1475,1.126454,24.0,79.62,3.3175,1.187295,24.0,105.82,4.409167,1.57799
NE19-8-11,2025-10-01,offline_or_near_zero,429.54,FRONIUS-35d57c96-ce57-4d21-8268--032,Symo Advanced 24.0-3 480 (1),,24.0,0.0,0.0,0.0,24.0,96.25,4.010417,1.120385,24.0,96.92,4.038333,1.128184,24.0,101.94,4.2475,1.186618,24.0,134.43,5.60125,1.564814
NE19-8-11,2025-10-02,offline_or_near_zero,378.67,FRONIUS-35d57c96-ce57-4d21-8268--032,Symo Advanced 24.0-3 480 (1),,24.0,0.0,0.0,0.0,24.0,84.42,3.5175,1.114691,24.0,85.07,3.544583,1.123274,24.0,89.97,3.74875,1.187974,24.0,119.21,4.967083,1.574062
NE19-8-11,2025-10-03,offline_or_near_zero,324.0,FRONIUS-35d57c96-ce57-4d21-8268--032,Symo Advanced 24.0-3 480 (1),,24.0,0.0,0.0,0.0,24.0,72.51,3.02125,1.118981,24.0,72.33,3.01375,1.116204,24.0,77.28,3.22,1.192593,24.0,101.88,4.245,1.572222
NE19-8-11,,Omitted,,,,1,,,,,,,,,,,,,,,,,,,,
NE19-8-11,2025-10-05,offline_or_near_zero,525.44,FRONIUS-35d57c96-ce57-4d21-8268--033,Symo Advanced 24.0-3 480 (1),,24.0,0.0,0.0,0.0,24.0,121.44,5.06,1.155603,24.0,120.87,5.03625,1.150179,24.0,129.2,5.383333,1.229446,24.0,153.93,6.41375,1.464772
NE19-8-11,2025-10-06,offline_or_near_zero,554.68,FRONIUS-35d57c96-ce57-4d21-8268--033,Symo Advanced 24.0-3 480 (1),,24.0,0.0,0.0,0.0,24.0,126.4,5.266667,1.139396,24.0,126.99,5.29125,1.144714,24.0,133.4,5.558333,1.202495,24.0,167.89,6.995417,1.513395
NE19-8-11,2025-10-07,offline_or_near_zero,612.05,FRONIUS-35d57c96-ce57-4d21-8268--033,Symo Advanced 24.0-3 480 (1),,24.0,0.0,0.0,0.0,24.0,138.83,5.784583,1.134139,24.0,139.4,5.808333,1.138796,24.0,148.26,6.1775,1.211176,24.0,185.56,7.731667,1.515889
NE19-8-11,2025-10-08,offline_or_near_zero,610.91,FRONIUS-35d57c96-ce57-4d21-8268--033,Symo Advanced 24.0-3 480 (1),,24.0,0.0,0.0,0.0,24.0,139.69,5.820417,1.143294,24.0,139.37,5.807083,1.140675,24.0,147.56,6.148333,1.207707,24.0,184.29,7.67875,1.508324
NE19-8-11,2025-10-09,offline_or_near_zero,572.55,FRONIUS-35d57c96-ce57-4d21-8268--033,Symo Advanced 24.0-3 480 (1),,24.0,0.0,0.0,0.0,24.0,129.57,5.39875,1.131517,24.0,129.59,5.399583,1.131692,24.0,137.48,5.728333,1.200594,24.0,175.91,7.329583,1.536198
NE19-8-11,2025-10-10,offline_or_near_zero,586.62,FRONIUS-35d57c96-ce57-4d21-8268--033,Symo Advanced 24.0-3 480 (1),,24.0,0.0,0.0,0.0,24.0,131.96,5.498333,1.124749,24.0,133.54,5.564167,1.138216,24.0,141.47,5.894583,1.205806,24.0,179.65,7.485417,1.53123
NE19-8-11,2025-10-11,offline_or_near_zero,483.24,FRONIUS-35d57c96-ce57-4d21-8268--033,Symo Advanced 24.0-3 480 (1),,24.0,0.0,0.0,0.0,24.0,110.22,4.5925,1.140427,24.0,110.31,4.59625,1.141358,24.0,117.06,4.8775,1.211199,24.0,145.65,6.06875,1.507015
NE19-8-11,,Omitted,,,,1,,,,,,,,,,,,,,,,,,,,
NE19-8-11,2025-10-13,offline_or_near_zero,328.36,FRONIUS-35d57c96-ce57-4d21-8268--034,Symo Advanced 24.0-3 480 (1),,24.0,0.0,0.0,0.0,24.0,73.33,3.055417,1.11661,24.0,73.95,3.08125,1.126051,24.0,77.44,3.226667,1.179194,24.0,103.64,4.318333,1.578146
NE19-8-11,2025-10-14,offline_or_near_zero,138.83,FRONIUS-35d57c96-ce57-4d21-8268--034,Symo Advanced 24.0-3 480 (1),,24.0,0.0,0.0,0.0,24.0,30.85,1.285417,1.111071,24.0,31.08,1.295,1.119355,24.0,32.7,1.3625,1.177699,24.0,44.2,1.841667,1.591875
NE19-8-11,2025-10-15,offline_or_near_zero,476.98,FRONIUS-35d57c96-ce57-4d21-8268--034,Symo Advanced 24.0-3 480 (1),,24.0,0.0,0.0,0.0,24.0,107.97,4.49875,1.131808,24.0,108.6,4.525,1.138413,24.0,116.22,4.8425,1.21829,24.0,144.19,6.007917,1.511489
NE19-8-11,2025-10-16,offline_or_near_zero,584.67,FRONIUS-35d57c96-ce57-4d21-8268--034,Symo Advanced 24.0-3 480 (1),,24.0,0.0,0.0,0.0,24.0,131.7,5.4875,1.126276,24.0,132.45,5.51875,1.13269,24.0,141.26,5.885833,1.208032,24.0,179.26,7.469167,1.533002
NE19-8-11,2025-10-17,offline_or_near_zero,115.09,FRONIUS-35d57c96-ce57-4d21-8268--034,Symo Advanced 24.0-3 480 (1),,24.0,0.0,0.0,0.0,24.0,25.23,1.05125,1.096099,24.0,25.78,1.074167,1.119993,24.0,27.38,1.140833,1.189504,24.0,36.7,1.529167,1.594404
NE19-8-11,2025-10-18,offline_or_near_zero,538.05,FRONIUS-35d57c96-ce57-4d21-8268--034,Symo Advanced 24.0-3 480 (1),,24.0,0.0,0.0,0.0,24.0,122.77,5.115417,1.140879,24.0,123.32,5.138333,1.14599,24.0,130.39,5.432917,1.21169,24.0,161.57,6.732083,1.50144
NE19-8-11,2025-10-19,offline_or_near_zero,276.26,FRONIUS-35d57c96-ce57-4d21-8268--034,Symo Advanced 24.0-3 480 (1),,24.0,0.0,0.0,0.0,24.0,63.12,2.63,1.142402,24.0,62.13,2.58875,1.124484,24.0,66.82,2.784167,1.209368,24.0,84.19,3.507917,1.523746
NE19-8-11,2025-10-20,offline_or_near_zero,459.41,FRONIUS-35d57c96-ce57-4d21-8268--034,Symo Advanced 24.0-3 480 (1),,24.0,0.0,0.0,0.0,24.0,106.19,4.424583,1.155721,24.0,105.31,4.387917,1.146144,24.0,112.21,4.675417,1.22124,24.0,135.7,5.654167,1.476894
NE19-8-11,2025-10-21,offline_or_near_zero,578.68,FRONIUS-35d57c96-ce57-4d21-8268--034,Symo Advanced 24.0-3 480 (1),,24.0,0.0,0.0,0.0,24.0,132.09,5.50375,1.141304,24.0,131.15,5.464583,1.133182,24.0,139.9,5.829167,1.208786,24.0,175.54,7.314167,1.516728
NE19-8-11,2025-10-22,offline_or_near_zero,573.71,FRONIUS-35d57c96-ce57-4d21-8268--034,Symo Advanced 24.0-3 480 (1),,24.0,0.0,0.0,0.0,24.0,129.91,5.412917,1.132192,24.0,129.97,5.415417,1.132715,24.0,138.31,5.762917,1.2054,24.0,175.52,7.313333,1.529693
NE19-8-11,2025-10-23,offline_or_near_zero,553.57,FRONIUS-35d57c96-ce57-4d21-8268--034,Symo Advanced 24.0-3 480 (1),,24.0,0.0,0.0,0.0,24.0,125.78,5.240833,1.13608,24.0,125.16,5.215,1.13048,24.0,133.36,5.556667,1.204545,24.0,169.27,7.052917,1.528894
NE19-8-11,2025-10-24,offline_or_near_zero,241.65,FRONIUS-35d57c96-ce57-4d21-8268--034,Symo Advanced 24.0-3 480 (1),,24.0,0.0,0.0,0.0,24.0,53.79,2.24125,1.112973,24.0,54.32,2.263333,1.12394,24.0,57.54,2.3975,1.190565,24.0,76.0,3.166667,1.572522
NE19-8-11,2025-10-25,offline_or_near_zero,328.97,FRONIUS-35d57c96-ce57-4d21-8268--034,Symo Advanced 24.0-3 480 (1),,24.0,0.0,0.0,0.0,24.0,74.41,3.100417,1.130954,24.0,74.6,3.108333,1.133842,24.0,78.48,3.27,1.192814,24.0,101.48,4.228333,1.54239
NE19-8-11,2025-10-26,offline_or_near_zero,485.63,FRONIUS-35d57c96-ce57-4d21-8268--034,Symo Advanced 24.0-3 480 (1),,24.0,0.0,0.0,0.0,24.0,111.46,4.644167,1.147581,24.0,111.24,4.635,1.145316,24.0,117.5,4.895833,1.209769,24.0,145.43,6.059583,1.497333
NE19-8-11,2025-10-27,offline_or_near_zero,430.79,FRONIUS-35d57c96-ce57-4d21-8268--034,Symo Advanced 24.0-3 480 (1),,24.0,0.0,0.0,0.0,24.0,98.53,4.105417,1.143597,24.0,98.42,4.100833,1.14232,24.0,104.18,4.340833,1.209174,24.0,129.66,5.4025,1.50491
NE19-8-11,2025-10-28,offline_or_near_zero,557.01,FRONIUS-35d57c96-ce57-4d21-8268--034,Symo Advanced 24.0-3 480 (1),,24.0,0.0,0.0,0.0,24.0,126.96,5.29,1.139656,24.0,126.2,5.258333,1.132834,24.0,133.81,5.575417,1.201145,24.0,170.04,7.085,1.526364
NE19-8-11,2025-10-29,offline_or_near_zero,517.73,FRONIUS-35d57c96-ce57-4d21-8268--034,Symo Advanced 24.0-3 480 (1),,24.0,0.0,0.0,0.0,24.0,117.79,4.907917,1.137562,24.0,116.64,4.86,1.126456,24.0,125.14,5.214167,1.208545,24.0,158.16,6.59,1.527437
NE19-8-11,2025-10-30,offline_or_near_zero,544.06,FRONIUS-35d57c96-ce57-4d21-8268--034,Symo Advanced 24.0-3 480 (1),,24.0,0.0,0.0,0.0,24.0,123.76,5.156667,1.137375,24.0,123.08,5.128333,1.131125,24.0,130.65,5.44375,1.200695,24.0,166.57,6.940417,1.530805
NE19-8-11,2025-10-31,offline_or_near_zero,386.34,FRONIUS-35d57c96-ce57-4d21-8268--034,Symo Advanced 24.0-3 480 (1),,24.0,0.0,0.0,0.0,24.0,86.78,3.615833,1.123104,24.0,87.67,3.652917,1.134622,24.0,91.56,3.815,1.184967,24.0,120.33,5.01375,1.557307
NE19-8-11,2025-11-01,offline_or_near_zero,115.44,FRONIUS-35d57c96-ce57-4d21-8268--034,Symo Advanced 24.0-3 480 (1),,24.0,0.0,0.0,0.0,24.0,25.27,1.052917,1.094508,24.0,25.37,1.057083,1.098839,24.0,27.72,1.155,1.200624,24.0,37.08,1.545,1.606029
NE19-8-11,2025-11-02,offline_or_near_zero,547.32,FRONIUS-35d57c96-ce57-4d21-8268--034,Symo Advanced 24.0-3 480 (1),,24.0,0.0,0.0,0.0,24.0,124.45,5.185417,1.136903,24.0,123.6,5.15,1.129138,24.0,132.15,5.50625,1.207246,24.0,167.12,6.963333,1.526712
NE19-8-11,2025-11-03,offline_or_near_zero,132.71,FRONIUS-35d57c96-ce57-4d21-8268--034,Symo Advanced 24.0-3 480 (1),,24.0,0.0,0.0,0.0,24.0,29.48,1.228333,1.110692,24.0,29.61,1.23375,1.11559,24.0,31.41,1.30875,1.183407,24.0,42.21,1.75875,1.59031
NE19-8-11,2025-11-04,offline_or_near_zero,525.8,FRONIUS-35d57c96-ce57-4d21-8268--034,Symo Advanced 24.0-3 480 (1),,24.0,0.0,0.0,0.0,24.0,119.42,4.975833,1.135603,24.0,118.31,4.929583,1.125048,24.0,126.74,5.280833,1.205211,24.0,161.33,6.722083,1.534138
NE19-8-11,2025-11-05,offline_or_near_zero,174.31,FRONIUS-35d57c96-ce57-4d21-8268--034,Symo Advanced 24.0-3 480 (1),,24.0,0.0,0.0,0.0,24.0,38.81,1.617083,1.113247,24.0,39.23,1.634583,1.125294,24.0,41.11,1.712917,1.179221,24.0,55.16,2.298333,1.582239
NE19-8-11,2025-11-06,offline_or_near_zero,481.62,FRONIUS-35d57c96-ce57-4d21-8268--034,Symo Advanced 24.0-3 480 (1),,24.0,0.0,0.0,0.0,24.0,108.65,4.527083,1.127964,24.0,107.48,4.478333,1.115817,24.0,115.89,4.82875,1.203127,24.0,149.6,6.233333,1.553092
NE19-8-11,2025-11-07,Normal,69.68,,,,24.0,0.0,0.0,0.0,24.0,15.61,0.650417,1.120121,24.0,15.73,0.655417,1.128731,24.0,16.38,0.6825,1.175373,24.0,21.96,0.915,1.575775
NE19-8-11,2025-11-08,Normal,,,,,24.0,0.0,0.0,,24.0,0.0,0.0,,24.0,0.0,0.0,,24.0,0.0,0.0,,24.0,0.0,0.0,
NE19-8-11,2025-11-09,Normal,,,,,24.0,0.0,0.0,,24.0,0.0,0.0,,24.0,0.0,0.0,,24.0,0.0,0.0,,24.0,0.0,0.0,
NE19-8-11,2025-11-10,Normal,,,,,24.0,0.0,0.0,,24.0,0.0,0.0,,24.0,0.0,0.0,,24.0,0.0,0.0,,24.0,0.0,0.0,
NE19-8-11,2025-11-11,Normal,,,,,24.0,0.0,0.0,,24.0,0.0,0.0,,24.0,0.0,0.0,,24.0,0.0,0.0,,24.0,0.0,0.0,
NE19-8-11,2025-11-12,Normal,,,,,24.0,0.0,0.0,,24.0,0.0,0.0,,24.0,0.0,0.0,,24.0,0.0,0.0,,24.0,0.0,0.0,
NE19-8-11,2025-11-13,Normal,,,,,24.0,0.0,0.0,,24.0,0.0,0.0,,24.0,0.0,0.0,,24.0,0.0,0.0,,24.0,0.0,0.0,
NE19-8-11,2025-11-14,Normal,,,,,24.0,0.0,0.0,,24.0,0.0,0.0,,24.0,0.0,0.0,,24.0,0.0,0.0,,24.0,0.0,0.0,
NE19-8-11,2025-11-15,Normal,,,,,24.0,0.0,0.0,,24.0,0.0,0.0,,24.0,0.0,0.0,,24.0,0.0,0.0,,24.0,0.0,0.0,
NE19-8-11,2025-11-16,Normal,,,,,24.0,0.0,0.0,,24.0,0.0,0.0,,24.0,0.0,0.0,,24.0,0.0,0.0,,24.0,0.0,0.0,
