site_name,date,status,site_total_kwh,incident_id,focus_inverter_name,Symo Advanced 24.0-3 480 (1) (4E57EE)__rated_kw,Symo Advanced 24.0-3 480 (1) (4E57EE)__daily_energy_kwh,Symo Advanced 24.0-3 480 (1) (4E57EE)__specific_yield_kwh_per_kw,Symo Advanced 24.0-3 480 (1) (4E57EE)__relative_specific_yield_vs_site_avg,Symo Advanced 24.0-3 480 (2) (514423)__rated_kw,Symo Advanced 24.0-3 480 (2) (514423)__daily_energy_kwh,Symo Advanced 24.0-3 480 (2) (514423)__specific_yield_kwh_per_kw,Symo Advanced 24.0-3 480 (2) (514423)__relative_specific_yield_vs_site_avg
SW28-8-11-w4,2023-12-11,Normal,,,,24.0,0.0,0.0,,24.0,0.0,0.0,
SW28-8-11-w4,2023-12-12,Normal,,,,24.0,0.0,0.0,,24.0,0.0,0.0,
SW28-8-11-w4,2023-12-13,Normal,,,,24.0,0.0,0.0,,24.0,0.0,0.0,
SW28-8-11-w4,2023-12-14,Normal,,,,24.0,0.0,0.0,,24.0,0.0,0.0,
SW28-8-11-w4,2023-12-15,Normal,,,,24.0,0.0,0.0,,24.0,0.0,0.0,
SW28-8-11-w4,2023-12-16,Normal,,,,24.0,0.0,0.0,,24.0,0.0,0.0,
SW28-8-11-w4,2023-12-17,Normal,,,,24.0,0.0,0.0,,24.0,0.0,0.0,
SW28-8-11-w4,2023-12-18,Normal,,,,24.0,0.0,0.0,,24.0,0.0,0.0,
SW28-8-11-w4,2023-12-19,Normal,,,,24.0,0.0,0.0,,24.0,0.0,0.0,
SW28-8-11-w4,2023-12-20,Normal,,,,24.0,0.0,0.0,,24.0,0.0,0.0,
SW28-8-11-w4,2023-12-21,sustained_underperformance,136.2,FRONIUS-541a9f8e-ab20-4397-85a9--G001,Symo Advanced 24.0-3 480 (1) (4E57EE),24.0,68.32,2.846667,1.003231,24.0,67.88,2.828333,0.996769
SW28-8-11-w4,2023-12-22,sustained_underperformance,179.19,FRONIUS-541a9f8e-ab20-4397-85a9--G001,Symo Advanced 24.0-3 480 (1) (4E57EE),24.0,89.54,3.730833,0.999386,24.0,89.65,3.735417,1.000614
SW28-8-11-w4,2023-12-23,sustained_underperformance,124.67,FRONIUS-541a9f8e-ab20-4397-85a9--G001,Symo Advanced 24.0-3 480 (1) (4E57EE),24.0,62.15,2.589583,0.997032,24.0,62.52,2.605,1.002968
SW28-8-11-w4,2023-12-24,sustained_underperformance,208.41,FRONIUS-541a9f8e-ab20-4397-85a9--G001,Symo Advanced 24.0-3 480 (1) (4E57EE),24.0,104.19,4.34125,0.999856,24.0,104.22,4.3425,1.000144
SW28-8-11-w4,2023-12-25,sustained_underperformance,208.72,FRONIUS-541a9f8e-ab20-4397-85a9--G001,Symo Advanced 24.0-3 480 (1) (4E57EE),24.0,104.38,4.349167,1.000192,24.0,104.34,4.3475,0.999808
SW28-8-11-w4,2023-12-26,sustained_underperformance,172.73,FRONIUS-541a9f8e-ab20-4397-85a9--G001,Symo Advanced 24.0-3 480 (1) (4E57EE),24.0,86.31,3.59625,0.999363,24.0,86.42,3.600833,1.000637
SW28-8-11-w4,2023-12-27,sustained_underperformance,161.89,FRONIUS-541a9f8e-ab20-4397-85a9--G001,Symo Advanced 24.0-3 480 (1) (4E57EE),24.0,80.94,3.3725,0.999938,24.0,80.95,3.372917,1.000062
SW28-8-11-w4,2023-12-28,sustained_underperformance,181.45,FRONIUS-541a9f8e-ab20-4397-85a9--G001,Symo Advanced 24.0-3 480 (1) (4E57EE),24.0,90.58,3.774167,0.998402,24.0,90.87,3.78625,1.001598
SW28-8-11-w4,2023-12-29,sustained_underperformance,166.07,FRONIUS-541a9f8e-ab20-4397-85a9--G001,Symo Advanced 24.0-3 480 (1) (4E57EE),24.0,82.91,3.454583,0.998495,24.0,83.16,3.465,1.001505
SW28-8-11-w4,2023-12-30,sustained_underperformance,166.61,FRONIUS-541a9f8e-ab20-4397-85a9--G001,Symo Advanced 24.0-3 480 (1) (4E57EE),24.0,83.29,3.470417,0.99982,24.0,83.32,3.471667,1.00018
SW28-8-11-w4,2023-12-31,sustained_underperformance,159.93,FRONIUS-541a9f8e-ab20-4397-85a9--G001,Symo Advanced 24.0-3 480 (1) (4E57EE),24.0,79.79,3.324583,0.997812,24.0,80.14,3.339167,1.002188
SW28-8-11-w4,2024-01-01,sustained_underperformance,99.2,FRONIUS-541a9f8e-ab20-4397-85a9--G001,Symo Advanced 24.0-3 480 (1) (4E57EE),24.0,49.52,2.063333,0.998387,24.0,49.68,2.07,1.001613
SW28-8-11-w4,2024-01-02,sustained_underperformance,106.11,FRONIUS-541a9f8e-ab20-4397-85a9--G001,Symo Advanced 24.0-3 480 (1) (4E57EE),24.0,53.01,2.20875,0.999152,24.0,53.1,2.2125,1.000848
SW28-8-11-w4,2024-01-03,sustained_underperformance,91.63,FRONIUS-541a9f8e-ab20-4397-85a9--G001,Symo Advanced 24.0-3 480 (1) (4E57EE),24.0,45.75,1.90625,0.998581,24.0,45.88,1.911667,1.001419
SW28-8-11-w4,2024-01-04,sustained_underperformance,179.52,FRONIUS-541a9f8e-ab20-4397-85a9--G001,Symo Advanced 24.0-3 480 (1) (4E57EE),24.0,89.65,3.735417,0.998775,24.0,89.87,3.744583,1.001225
SW28-8-11-w4,2024-01-05,sustained_underperformance,158.3,FRONIUS-541a9f8e-ab20-4397-85a9--G001,Symo Advanced 24.0-3 480 (1) (4E57EE),24.0,79.0,3.291667,0.998105,24.0,79.3,3.304167,1.001895
SW28-8-11-w4,2024-01-06,sustained_underperformance,59.36,FRONIUS-541a9f8e-ab20-4397-85a9--G001,Symo Advanced 24.0-3 480 (1) (4E57EE),24.0,29.59,1.232917,0.996968,24.0,29.77,1.240417,1.003032
SW28-8-11-w4,2024-01-07,Normal,19.27,,,24.0,8.31,0.34625,0.862481,24.0,10.96,0.456667,1.137519
SW28-8-11-w4,2024-01-08,Normal,53.07,,,24.0,17.96,0.748333,0.676842,24.0,35.11,1.462917,1.323158
SW28-8-11-w4,,Marker - 0 additional day(s) without incident,,,,,,,,,,,
SW28-8-11-w4,2024-01-09,Normal,104.13,,,24.0,50.81,2.117083,0.975896,24.0,53.32,2.221667,1.024104
SW28-8-11-w4,2024-01-10,Normal,14.01,,,24.0,6.3,0.2625,0.899358,24.0,7.71,0.32125,1.100642
SW28-8-11-w4,2024-01-11,Normal,11.94,,,24.0,5.32,0.221667,0.891122,24.0,6.62,0.275833,1.108878
SW28-8-11-w4,2024-01-12,sustained_underperformance,41.99,FRONIUS-541a9f8e-ab20-4397-85a9--G002,Symo Advanced 24.0-3 480 (1) (4E57EE),24.0,12.87,0.53625,0.613003,24.0,29.12,1.213333,1.386997
SW28-8-11-w4,2024-01-13,sustained_underperformance,64.17,FRONIUS-541a9f8e-ab20-4397-85a9--G002,Symo Advanced 24.0-3 480 (1) (4E57EE),24.0,14.77,0.615417,0.46034,24.0,49.4,2.058333,1.53966
SW28-8-11-w4,2024-01-14,sustained_underperformance,61.75,FRONIUS-541a9f8e-ab20-4397-85a9--G002,Symo Advanced 24.0-3 480 (1) (4E57EE),24.0,14.62,0.609167,0.473522,24.0,47.13,1.96375,1.526478
SW28-8-11-w4,2024-01-15,sustained_underperformance,73.8,FRONIUS-541a9f8e-ab20-4397-85a9--G002,Symo Advanced 24.0-3 480 (1) (4E57EE),24.0,15.53,0.647083,0.420867,24.0,58.27,2.427917,1.579133
SW28-8-11-w4,2024-01-16,sustained_underperformance,36.33,FRONIUS-541a9f8e-ab20-4397-85a9--G002,Symo Advanced 24.0-3 480 (1) (4E57EE),24.0,9.73,0.405417,0.535645,24.0,26.6,1.108333,1.464355
SW28-8-11-w4,2024-01-17,Normal,13.8,,,24.0,6.58,0.274167,0.953623,24.0,7.22,0.300833,1.046377
SW28-8-11-w4,,Marker - 0 additional day(s) without incident,,,,,,,,,,,
SW28-8-11-w4,2024-01-18,Normal,23.59,,,24.0,10.82,0.450833,0.917338,24.0,12.77,0.532083,1.082662
SW28-8-11-w4,2024-01-19,Normal,22.43,,,24.0,10.59,0.44125,0.944271,24.0,11.84,0.493333,1.055729
SW28-8-11-w4,2024-01-20,site_missing_data,92.28,FRONIUS-541a9f8e-ab20-4397-85a9--G003,"ALL_INVERTERS, Symo Advanced 24.0-3 480 (1) (4E57EE), Symo Advanced 24.0-3 480 (2) (514423)",24.0,42.57,1.77375,0.922627,24.0,49.71,2.07125,1.077373
SW28-8-11-w4,2024-01-21,site_missing_data,108.2,FRONIUS-541a9f8e-ab20-4397-85a9--G003,"ALL_INVERTERS, Symo Advanced 24.0-3 480 (1) (4E57EE), Symo Advanced 24.0-3 480 (2) (514423)",24.0,53.66,2.235833,0.991867,24.0,54.54,2.2725,1.008133
SW28-8-11-w4,2024-01-22,site_missing_data,37.15,FRONIUS-541a9f8e-ab20-4397-85a9--G003,"ALL_INVERTERS, Symo Advanced 24.0-3 480 (1) (4E57EE), Symo Advanced 24.0-3 480 (2) (514423)",24.0,18.85,0.785417,1.014805,24.0,18.3,0.7625,0.985195
SW28-8-11-w4,2024-01-23,site_missing_data,123.55,FRONIUS-541a9f8e-ab20-4397-85a9--G003,"ALL_INVERTERS, Symo Advanced 24.0-3 480 (1) (4E57EE), Symo Advanced 24.0-3 480 (2) (514423)",24.0,63.29,2.637083,1.024524,24.0,60.26,2.510833,0.975476
SW28-8-11-w4,2024-01-24,site_missing_data,234.31,FRONIUS-541a9f8e-ab20-4397-85a9--G003,"ALL_INVERTERS, Symo Advanced 24.0-3 480 (1) (4E57EE), Symo Advanced 24.0-3 480 (2) (514423)",24.0,116.88,4.87,0.997653,24.0,117.43,4.892917,1.002347
SW28-8-11-w4,2024-01-25,site_missing_data,245.91,FRONIUS-541a9f8e-ab20-4397-85a9--G003,"ALL_INVERTERS, Symo Advanced 24.0-3 480 (1) (4E57EE), Symo Advanced 24.0-3 480 (2) (514423)",24.0,122.39,5.099583,0.995405,24.0,123.52,5.146667,1.004595
SW28-8-11-w4,2024-01-26,site_missing_data,237.99,FRONIUS-541a9f8e-ab20-4397-85a9--G003,"ALL_INVERTERS, Symo Advanced 24.0-3 480 (1) (4E57EE), Symo Advanced 24.0-3 480 (2) (514423)",24.0,118.67,4.944583,0.997269,24.0,119.32,4.971667,1.002731
SW28-8-11-w4,2024-01-27,site_missing_data,208.54,FRONIUS-541a9f8e-ab20-4397-85a9--G003,"ALL_INVERTERS, Symo Advanced 24.0-3 480 (1) (4E57EE), Symo Advanced 24.0-3 480 (2) (514423)",24.0,103.91,4.329583,0.996547,24.0,104.63,4.359583,1.003453
SW28-8-11-w4,2024-01-28,site_missing_data,72.75,FRONIUS-541a9f8e-ab20-4397-85a9--G003,"ALL_INVERTERS, Symo Advanced 24.0-3 480 (1) (4E57EE), Symo Advanced 24.0-3 480 (2) (514423)",24.0,36.41,1.517083,1.000962,24.0,36.34,1.514167,0.999038
SW28-8-11-w4,2024-01-29,site_missing_data,89.74,FRONIUS-541a9f8e-ab20-4397-85a9--G003,"ALL_INVERTERS, Symo Advanced 24.0-3 480 (1) (4E57EE), Symo Advanced 24.0-3 480 (2) (514423)",24.0,44.89,1.870417,1.000446,24.0,44.85,1.86875,0.999554
SW28-8-11-w4,2024-01-30,site_missing_data,148.77,FRONIUS-541a9f8e-ab20-4397-85a9--G003,"ALL_INVERTERS, Symo Advanced 24.0-3 480 (1) (4E57EE), Symo Advanced 24.0-3 480 (2) (514423)",24.0,74.38,3.099167,0.999933,24.0,74.39,3.099583,1.000067
SW28-8-11-w4,2024-01-31,site_missing_data,234.37,FRONIUS-541a9f8e-ab20-4397-85a9--G003,"ALL_INVERTERS, Symo Advanced 24.0-3 480 (1) (4E57EE), Symo Advanced 24.0-3 480 (2) (514423)",24.0,117.09,4.87875,0.999189,24.0,117.28,4.886667,1.000811
SW28-8-11-w4,2024-02-01,site_missing_data,254.54,FRONIUS-541a9f8e-ab20-4397-85a9--G003,"ALL_INVERTERS, Symo Advanced 24.0-3 480 (1) (4E57EE), Symo Advanced 24.0-3 480 (2) (514423)",24.0,127.09,5.295417,0.998586,24.0,127.45,5.310417,1.001414
SW28-8-11-w4,2024-02-02,site_missing_data,238.84,FRONIUS-541a9f8e-ab20-4397-85a9--G003,"ALL_INVERTERS, Symo Advanced 24.0-3 480 (1) (4E57EE), Symo Advanced 24.0-3 480 (2) (514423)",24.0,119.25,4.96875,0.998576,24.0,119.59,4.982917,1.001424
SW28-8-11-w4,2024-02-03,site_missing_data,41.3,FRONIUS-541a9f8e-ab20-4397-85a9--G003,"ALL_INVERTERS, Symo Advanced 24.0-3 480 (1) (4E57EE), Symo Advanced 24.0-3 480 (2) (514423)",24.0,20.66,0.860833,1.000484,24.0,20.64,0.86,0.999516
SW28-8-11-w4,2024-02-04,site_missing_data,30.61,FRONIUS-541a9f8e-ab20-4397-85a9--G003,"ALL_INVERTERS, Symo Advanced 24.0-3 480 (1) (4E57EE), Symo Advanced 24.0-3 480 (2) (514423)",24.0,10.73,0.447083,0.701078,24.0,19.88,0.828333,1.298922
SW28-8-11-w4,2024-02-05,site_missing_data,59.48,FRONIUS-541a9f8e-ab20-4397-85a9--G003,"ALL_INVERTERS, Symo Advanced 24.0-3 480 (1) (4E57EE), Symo Advanced 24.0-3 480 (2) (514423)",24.0,15.03,0.62625,0.50538,24.0,44.45,1.852083,1.49462
SW28-8-11-w4,2024-02-06,site_missing_data,37.85,FRONIUS-541a9f8e-ab20-4397-85a9--G003,"ALL_INVERTERS, Symo Advanced 24.0-3 480 (1) (4E57EE), Symo Advanced 24.0-3 480 (2) (514423)",24.0,12.51,0.52125,0.66103,24.0,25.34,1.055833,1.33897
SW28-8-11-w4,2024-02-07,site_missing_data,39.31,FRONIUS-541a9f8e-ab20-4397-85a9--G003,"ALL_INVERTERS, Symo Advanced 24.0-3 480 (1) (4E57EE), Symo Advanced 24.0-3 480 (2) (514423)",24.0,14.28,0.595,0.726533,24.0,25.03,1.042917,1.273467
SW28-8-11-w4,2024-02-08,site_missing_data,41.42,FRONIUS-541a9f8e-ab20-4397-85a9--G003,"ALL_INVERTERS, Symo Advanced 24.0-3 480 (1) (4E57EE), Symo Advanced 24.0-3 480 (2) (514423)",24.0,13.94,0.580833,0.673105,24.0,27.48,1.145,1.326895
SW28-8-11-w4,2024-02-09,site_missing_data,32.09,FRONIUS-541a9f8e-ab20-4397-85a9--G003,"ALL_INVERTERS, Symo Advanced 24.0-3 480 (1) (4E57EE), Symo Advanced 24.0-3 480 (2) (514423)",24.0,12.37,0.515417,0.770957,24.0,19.72,0.821667,1.229043
SW28-8-11-w4,2024-02-10,site_missing_data,155.97,FRONIUS-541a9f8e-ab20-4397-85a9--G003,"ALL_INVERTERS, Symo Advanced 24.0-3 480 (1) (4E57EE), Symo Advanced 24.0-3 480 (2) (514423)",24.0,62.9,2.620833,0.806565,24.0,93.07,3.877917,1.193435
SW28-8-11-w4,2024-02-11,site_missing_data,121.07,FRONIUS-541a9f8e-ab20-4397-85a9--G003,"ALL_INVERTERS, Symo Advanced 24.0-3 480 (1) (4E57EE), Symo Advanced 24.0-3 480 (2) (514423)",24.0,60.35,2.514583,0.996944,24.0,60.72,2.53,1.003056
SW28-8-11-w4,2024-02-12,site_missing_data,137.22,FRONIUS-541a9f8e-ab20-4397-85a9--G003,"ALL_INVERTERS, Symo Advanced 24.0-3 480 (1) (4E57EE), Symo Advanced 24.0-3 480 (2) (514423)",24.0,68.47,2.852917,0.997959,24.0,68.75,2.864583,1.002041
SW28-8-11-w4,2024-02-13,site_missing_data,107.29,FRONIUS-541a9f8e-ab20-4397-85a9--G003,"ALL_INVERTERS, Symo Advanced 24.0-3 480 (1) (4E57EE), Symo Advanced 24.0-3 480 (2) (514423)",24.0,54.18,2.2575,1.009973,24.0,53.11,2.212917,0.990027
SW28-8-11-w4,2024-02-14,site_missing_data,253.74,FRONIUS-541a9f8e-ab20-4397-85a9--G003,"ALL_INVERTERS, Symo Advanced 24.0-3 480 (1) (4E57EE), Symo Advanced 24.0-3 480 (2) (514423)",24.0,127.56,5.315,1.005439,24.0,126.18,5.2575,0.994561
SW28-8-11-w4,2024-02-15,site_missing_data,212.26,FRONIUS-541a9f8e-ab20-4397-85a9--G003,"ALL_INVERTERS, Symo Advanced 24.0-3 480 (1) (4E57EE), Symo Advanced 24.0-3 480 (2) (514423)",24.0,106.93,4.455417,1.007538,24.0,105.33,4.38875,0.992462
SW28-8-11-w4,2024-02-16,site_missing_data,319.93,FRONIUS-541a9f8e-ab20-4397-85a9--G003,"ALL_INVERTERS, Symo Advanced 24.0-3 480 (1) (4E57EE), Symo Advanced 24.0-3 480 (2) (514423)",24.0,160.45,6.685417,1.003032,24.0,159.48,6.645,0.996968
SW28-8-11-w4,2024-02-17,site_missing_data,321.69,FRONIUS-541a9f8e-ab20-4397-85a9--G003,"ALL_INVERTERS, Symo Advanced 24.0-3 480 (1) (4E57EE), Symo Advanced 24.0-3 480 (2) (514423)",24.0,161.57,6.732083,1.004507,24.0,160.12,6.671667,0.995493
SW28-8-11-w4,2024-02-18,site_missing_data,256.3,FRONIUS-541a9f8e-ab20-4397-85a9--G003,"ALL_INVERTERS, Symo Advanced 24.0-3 480 (1) (4E57EE), Symo Advanced 24.0-3 480 (2) (514423)",24.0,128.82,5.3675,1.005228,24.0,127.48,5.311667,0.994772
SW28-8-11-w4,2024-02-19,site_missing_data,315.9,FRONIUS-541a9f8e-ab20-4397-85a9--G003,"ALL_INVERTERS, Symo Advanced 24.0-3 480 (1) (4E57EE), Symo Advanced 24.0-3 480 (2) (514423)",24.0,158.47,6.602917,1.003292,24.0,157.43,6.559583,0.996708
SW28-8-11-w4,2024-02-20,site_missing_data,227.26,FRONIUS-541a9f8e-ab20-4397-85a9--G003,"ALL_INVERTERS, Symo Advanced 24.0-3 480 (1) (4E57EE), Symo Advanced 24.0-3 480 (2) (514423)",24.0,114.36,4.765,1.006424,24.0,112.9,4.704167,0.993576
SW28-8-11-w4,2024-02-21,site_missing_data,303.65,FRONIUS-541a9f8e-ab20-4397-85a9--G003,"ALL_INVERTERS, Symo Advanced 24.0-3 480 (1) (4E57EE), Symo Advanced 24.0-3 480 (2) (514423)",24.0,152.21,6.342083,1.002536,24.0,151.44,6.31,0.997464
SW28-8-11-w4,2024-02-22,site_missing_data,283.51,FRONIUS-541a9f8e-ab20-4397-85a9--G003,"ALL_INVERTERS, Symo Advanced 24.0-3 480 (1) (4E57EE), Symo Advanced 24.0-3 480 (2) (514423)",24.0,142.31,5.929583,1.003915,24.0,141.2,5.883333,0.996085
SW28-8-11-w4,2024-02-23,site_missing_data,302.76,FRONIUS-541a9f8e-ab20-4397-85a9--G003,"ALL_INVERTERS, Symo Advanced 24.0-3 480 (1) (4E57EE), Symo Advanced 24.0-3 480 (2) (514423)",24.0,151.57,6.315417,1.001255,24.0,151.19,6.299583,0.998745
SW28-8-11-w4,2024-02-24,site_missing_data,104.23,FRONIUS-541a9f8e-ab20-4397-85a9--G003,"ALL_INVERTERS, Symo Advanced 24.0-3 480 (1) (4E57EE), Symo Advanced 24.0-3 480 (2) (514423)",24.0,52.22,2.175833,1.002015,24.0,52.01,2.167083,0.997985
SW28-8-11-w4,2024-02-25,site_missing_data,102.72,FRONIUS-541a9f8e-ab20-4397-85a9--G003,"ALL_INVERTERS, Symo Advanced 24.0-3 480 (1) (4E57EE), Symo Advanced 24.0-3 480 (2) (514423)",24.0,51.42,2.1425,1.001168,24.0,51.3,2.1375,0.998832
SW28-8-11-w4,2024-02-26,site_missing_data,162.74,FRONIUS-541a9f8e-ab20-4397-85a9--G003,"ALL_INVERTERS, Symo Advanced 24.0-3 480 (1) (4E57EE), Symo Advanced 24.0-3 480 (2) (514423)",24.0,72.28,3.011667,0.888288,24.0,90.46,3.769167,1.111712
SW28-8-11-w4,2024-02-27,site_missing_data,180.18,FRONIUS-541a9f8e-ab20-4397-85a9--G003,"ALL_INVERTERS, Symo Advanced 24.0-3 480 (1) (4E57EE), Symo Advanced 24.0-3 480 (2) (514423)",24.0,85.24,3.551667,0.946165,24.0,94.94,3.955833,1.053835
SW28-8-11-w4,2024-02-28,site_missing_data,107.08,FRONIUS-541a9f8e-ab20-4397-85a9--G003,"ALL_INVERTERS, Symo Advanced 24.0-3 480 (1) (4E57EE), Symo Advanced 24.0-3 480 (2) (514423)",24.0,53.16,2.215,0.992903,24.0,53.92,2.246667,1.007097
SW28-8-11-w4,2024-02-29,site_missing_data,126.14,FRONIUS-541a9f8e-ab20-4397-85a9--G003,"ALL_INVERTERS, Symo Advanced 24.0-3 480 (1) (4E57EE), Symo Advanced 24.0-3 480 (2) (514423)",24.0,63.13,2.630417,1.000951,24.0,63.01,2.625417,0.999049
SW28-8-11-w4,2024-03-01,site_missing_data,232.34,FRONIUS-541a9f8e-ab20-4397-85a9--G003,"ALL_INVERTERS, Symo Advanced 24.0-3 480 (1) (4E57EE), Symo Advanced 24.0-3 480 (2) (514423)",24.0,116.34,4.8475,1.001463,24.0,116.0,4.833333,0.998537
SW28-8-11-w4,2024-03-02,site_missing_data,27.45,FRONIUS-541a9f8e-ab20-4397-85a9--G003,"ALL_INVERTERS, Symo Advanced 24.0-3 480 (1) (4E57EE), Symo Advanced 24.0-3 480 (2) (514423)",24.0,11.26,0.469167,0.820401,24.0,16.19,0.674583,1.179599
SW28-8-11-w4,2024-03-03,site_missing_data,258.35,FRONIUS-541a9f8e-ab20-4397-85a9--G003,"ALL_INVERTERS, Symo Advanced 24.0-3 480 (1) (4E57EE), Symo Advanced 24.0-3 480 (2) (514423)",24.0,130.27,5.427917,1.008477,24.0,128.08,5.336667,0.991523
SW28-8-11-w4,2024-03-04,site_missing_data,235.02,FRONIUS-541a9f8e-ab20-4397-85a9--G003,"ALL_INVERTERS, Symo Advanced 24.0-3 480 (1) (4E57EE), Symo Advanced 24.0-3 480 (2) (514423)",24.0,123.26,5.135833,1.048932,24.0,111.76,4.656667,0.951068
SW28-8-11-w4,2024-03-05,site_missing_data,157.8,FRONIUS-541a9f8e-ab20-4397-85a9--G003,"ALL_INVERTERS, Symo Advanced 24.0-3 480 (1) (4E57EE), Symo Advanced 24.0-3 480 (2) (514423)",24.0,81.85,3.410417,1.037389,24.0,75.95,3.164583,0.962611
SW28-8-11-w4,2024-03-06,site_missing_data,182.84,FRONIUS-541a9f8e-ab20-4397-85a9--G003,"ALL_INVERTERS, Symo Advanced 24.0-3 480 (1) (4E57EE), Symo Advanced 24.0-3 480 (2) (514423)",24.0,89.23,3.717917,0.976045,24.0,93.61,3.900417,1.023955
SW28-8-11-w4,2024-03-07,site_missing_data,342.53,FRONIUS-541a9f8e-ab20-4397-85a9--G003,"ALL_INVERTERS, Symo Advanced 24.0-3 480 (1) (4E57EE), Symo Advanced 24.0-3 480 (2) (514423)",24.0,170.79,7.11625,0.997227,24.0,171.74,7.155833,1.002773
SW28-8-11-w4,2024-03-08,site_missing_data,337.32,FRONIUS-541a9f8e-ab20-4397-85a9--G003,"ALL_INVERTERS, Symo Advanced 24.0-3 480 (1) (4E57EE), Symo Advanced 24.0-3 480 (2) (514423)",24.0,168.54,7.0225,0.999289,24.0,168.78,7.0325,1.000711
SW28-8-11-w4,2024-03-09,site_missing_data,274.67,FRONIUS-541a9f8e-ab20-4397-85a9--G003,"ALL_INVERTERS, Symo Advanced 24.0-3 480 (1) (4E57EE), Symo Advanced 24.0-3 480 (2) (514423)",24.0,137.4,5.725,1.000473,24.0,137.27,5.719583,0.999527
SW28-8-11-w4,2024-03-10,site_missing_data,230.89,FRONIUS-541a9f8e-ab20-4397-85a9--G003,"ALL_INVERTERS, Symo Advanced 24.0-3 480 (1) (4E57EE), Symo Advanced 24.0-3 480 (2) (514423)",24.0,115.43,4.809583,0.99987,24.0,115.46,4.810833,1.00013
SW28-8-11-w4,2024-03-11,site_missing_data,332.21,FRONIUS-541a9f8e-ab20-4397-85a9--G003,"ALL_INVERTERS, Symo Advanced 24.0-3 480 (1) (4E57EE), Symo Advanced 24.0-3 480 (2) (514423)",24.0,165.98,6.915833,0.999247,24.0,166.23,6.92625,1.000753
SW28-8-11-w4,2024-03-12,site_missing_data,296.09,FRONIUS-541a9f8e-ab20-4397-85a9--G003,"ALL_INVERTERS, Symo Advanced 24.0-3 480 (1) (4E57EE), Symo Advanced 24.0-3 480 (2) (514423)",24.0,147.9,6.1625,0.999021,24.0,148.19,6.174583,1.000979
SW28-8-11-w4,2024-03-13,site_missing_data,103.62,FRONIUS-541a9f8e-ab20-4397-85a9--G003,"ALL_INVERTERS, Symo Advanced 24.0-3 480 (1) (4E57EE), Symo Advanced 24.0-3 480 (2) (514423)",24.0,51.96,2.165,1.002895,24.0,51.66,2.1525,0.997105
SW28-8-11-w4,2024-03-14,site_missing_data,255.72,FRONIUS-541a9f8e-ab20-4397-85a9--G003,"ALL_INVERTERS, Symo Advanced 24.0-3 480 (1) (4E57EE), Symo Advanced 24.0-3 480 (2) (514423)",24.0,127.69,5.320417,0.99867,24.0,128.03,5.334583,1.00133
SW28-8-11-w4,2024-03-15,site_missing_data,284.15,FRONIUS-541a9f8e-ab20-4397-85a9--G003,"ALL_INVERTERS, Symo Advanced 24.0-3 480 (1) (4E57EE), Symo Advanced 24.0-3 480 (2) (514423)",24.0,141.82,5.909167,0.998205,24.0,142.33,5.930417,1.001795
SW28-8-11-w4,2024-03-16,site_missing_data,292.15,FRONIUS-541a9f8e-ab20-4397-85a9--G003,"ALL_INVERTERS, Symo Advanced 24.0-3 480 (1) (4E57EE), Symo Advanced 24.0-3 480 (2) (514423)",24.0,145.89,6.07875,0.998734,24.0,146.26,6.094167,1.001266
SW28-8-11-w4,2024-03-17,site_missing_data,335.92,FRONIUS-541a9f8e-ab20-4397-85a9--G003,"ALL_INVERTERS, Symo Advanced 24.0-3 480 (1) (4E57EE), Symo Advanced 24.0-3 480 (2) (514423)",24.0,167.85,6.99375,0.999345,24.0,168.07,7.002917,1.000655
SW28-8-11-w4,2024-03-18,site_missing_data,331.14,FRONIUS-541a9f8e-ab20-4397-85a9--G003,"ALL_INVERTERS, Symo Advanced 24.0-3 480 (1) (4E57EE), Symo Advanced 24.0-3 480 (2) (514423)",24.0,165.13,6.880417,0.997343,24.0,166.01,6.917083,1.002657
SW28-8-11-w4,2024-03-19,site_missing_data,150.02,FRONIUS-541a9f8e-ab20-4397-85a9--G003,"ALL_INVERTERS, Symo Advanced 24.0-3 480 (1) (4E57EE), Symo Advanced 24.0-3 480 (2) (514423)",24.0,74.92,3.121667,0.9988,24.0,75.1,3.129167,1.0012
SW28-8-11-w4,2024-03-20,site_missing_data,78.26,FRONIUS-541a9f8e-ab20-4397-85a9--G003,"ALL_INVERTERS, Symo Advanced 24.0-3 480 (1) (4E57EE), Symo Advanced 24.0-3 480 (2) (514423)",24.0,41.64,1.735,1.064145,24.0,36.62,1.525833,0.935855
SW28-8-11-w4,2024-03-21,site_missing_data,237.25,FRONIUS-541a9f8e-ab20-4397-85a9--G003,"ALL_INVERTERS, Symo Advanced 24.0-3 480 (1) (4E57EE), Symo Advanced 24.0-3 480 (2) (514423)",24.0,117.71,4.904583,0.992287,24.0,119.54,4.980833,1.007713
SW28-8-11-w4,2024-03-22,site_missing_data,262.69,FRONIUS-541a9f8e-ab20-4397-85a9--G003,"ALL_INVERTERS, Symo Advanced 24.0-3 480 (1) (4E57EE), Symo Advanced 24.0-3 480 (2) (514423)",24.0,130.37,5.432083,0.992577,24.0,132.32,5.513333,1.007423
SW28-8-11-w4,2024-03-23,site_missing_data,203.27,FRONIUS-541a9f8e-ab20-4397-85a9--G003,"ALL_INVERTERS, Symo Advanced 24.0-3 480 (1) (4E57EE), Symo Advanced 24.0-3 480 (2) (514423)",24.0,101.48,4.228333,0.998475,24.0,101.79,4.24125,1.001525
SW28-8-11-w4,2024-03-24,site_missing_data,271.23,FRONIUS-541a9f8e-ab20-4397-85a9--G003,"ALL_INVERTERS, Symo Advanced 24.0-3 480 (1) (4E57EE), Symo Advanced 24.0-3 480 (2) (514423)",24.0,137.37,5.72375,1.012941,24.0,133.86,5.5775,0.987059
SW28-8-11-w4,2024-03-25,site_missing_data,374.94,FRONIUS-541a9f8e-ab20-4397-85a9--G003,"ALL_INVERTERS, Symo Advanced 24.0-3 480 (1) (4E57EE), Symo Advanced 24.0-3 480 (2) (514423)",24.0,187.26,7.8025,0.99888,24.0,187.68,7.82,1.00112
SW28-8-11-w4,2024-03-26,site_missing_data,367.13,FRONIUS-541a9f8e-ab20-4397-85a9--G003,"ALL_INVERTERS, Symo Advanced 24.0-3 480 (1) (4E57EE), Symo Advanced 24.0-3 480 (2) (514423)",24.0,183.31,7.637917,0.998611,24.0,183.82,7.659167,1.001389
SW28-8-11-w4,2024-03-27,site_missing_data,346.23,FRONIUS-541a9f8e-ab20-4397-85a9--G003,"ALL_INVERTERS, Symo Advanced 24.0-3 480 (1) (4E57EE), Symo Advanced 24.0-3 480 (2) (514423)",24.0,173.23,7.217917,1.000664,24.0,173.0,7.208333,0.999336
SW28-8-11-w4,2024-03-28,site_missing_data,194.99,FRONIUS-541a9f8e-ab20-4397-85a9--G003,"ALL_INVERTERS, Symo Advanced 24.0-3 480 (1) (4E57EE), Symo Advanced 24.0-3 480 (2) (514423)",24.0,97.48,4.061667,0.999846,24.0,97.51,4.062917,1.000154
SW28-8-11-w4,2024-03-29,site_missing_data,203.64,FRONIUS-541a9f8e-ab20-4397-85a9--G003,"ALL_INVERTERS, Symo Advanced 24.0-3 480 (1) (4E57EE), Symo Advanced 24.0-3 480 (2) (514423)",24.0,101.84,4.243333,1.000196,24.0,101.8,4.241667,0.999804
SW28-8-11-w4,2024-03-30,site_missing_data,283.41,FRONIUS-541a9f8e-ab20-4397-85a9--G003,"ALL_INVERTERS, Symo Advanced 24.0-3 480 (1) (4E57EE), Symo Advanced 24.0-3 480 (2) (514423)",24.0,140.92,5.871667,0.99446,24.0,142.49,5.937083,1.00554
SW28-8-11-w4,2024-03-31,site_missing_data,343.43,FRONIUS-541a9f8e-ab20-4397-85a9--G003,"ALL_INVERTERS, Symo Advanced 24.0-3 480 (1) (4E57EE), Symo Advanced 24.0-3 480 (2) (514423)",24.0,171.21,7.13375,0.997059,24.0,172.22,7.175833,1.002941
SW28-8-11-w4,2024-04-01,site_missing_data,367.89,FRONIUS-541a9f8e-ab20-4397-85a9--G003,"ALL_INVERTERS, Symo Advanced 24.0-3 480 (1) (4E57EE), Symo Advanced 24.0-3 480 (2) (514423)",24.0,183.35,7.639583,0.996765,24.0,184.54,7.689167,1.003235
SW28-8-11-w4,2024-04-02,site_missing_data,254.77,FRONIUS-541a9f8e-ab20-4397-85a9--G003,"ALL_INVERTERS, Symo Advanced 24.0-3 480 (1) (4E57EE), Symo Advanced 24.0-3 480 (2) (514423)",24.0,127.05,5.29375,0.99737,24.0,127.72,5.321667,1.00263
SW28-8-11-w4,2024-04-03,site_missing_data,188.42,FRONIUS-541a9f8e-ab20-4397-85a9--G003,"ALL_INVERTERS, Symo Advanced 24.0-3 480 (1) (4E57EE), Symo Advanced 24.0-3 480 (2) (514423)",24.0,94.25,3.927083,1.000425,24.0,94.17,3.92375,0.999575
SW28-8-11-w4,2024-04-04,site_missing_data,27.36,FRONIUS-541a9f8e-ab20-4397-85a9--G003,"ALL_INVERTERS, Symo Advanced 24.0-3 480 (1) (4E57EE), Symo Advanced 24.0-3 480 (2) (514423)",24.0,13.71,0.57125,1.002193,24.0,13.65,0.56875,0.997807
SW28-8-11-w4,2024-04-05,site_missing_data,57.46,FRONIUS-541a9f8e-ab20-4397-85a9--G003,"ALL_INVERTERS, Symo Advanced 24.0-3 480 (1) (4E57EE), Symo Advanced 24.0-3 480 (2) (514423)",24.0,28.75,1.197917,1.000696,24.0,28.71,1.19625,0.999304
SW28-8-11-w4,2024-04-06,site_missing_data,35.2,FRONIUS-541a9f8e-ab20-4397-85a9--G003,"ALL_INVERTERS, Symo Advanced 24.0-3 480 (1) (4E57EE), Symo Advanced 24.0-3 480 (2) (514423)",24.0,17.62,0.734167,1.001136,24.0,17.58,0.7325,0.998864
SW28-8-11-w4,2024-04-07,site_missing_data,69.82,FRONIUS-541a9f8e-ab20-4397-85a9--G003,"ALL_INVERTERS, Symo Advanced 24.0-3 480 (1) (4E57EE), Symo Advanced 24.0-3 480 (2) (514423)",24.0,34.82,1.450833,0.997422,24.0,35.0,1.458333,1.002578
SW28-8-11-w4,2024-04-08,site_missing_data,351.84,FRONIUS-541a9f8e-ab20-4397-85a9--G003,"ALL_INVERTERS, Symo Advanced 24.0-3 480 (1) (4E57EE), Symo Advanced 24.0-3 480 (2) (514423)",24.0,175.43,7.309583,0.997215,24.0,176.41,7.350417,1.002785
SW28-8-11-w4,2024-04-09,site_missing_data,256.08,FRONIUS-541a9f8e-ab20-4397-85a9--G003,"ALL_INVERTERS, Symo Advanced 24.0-3 480 (1) (4E57EE), Symo Advanced 24.0-3 480 (2) (514423)",24.0,127.59,5.31625,0.996485,24.0,128.49,5.35375,1.003515
SW28-8-11-w4,2024-04-10,site_missing_data,330.75,FRONIUS-541a9f8e-ab20-4397-85a9--G003,"ALL_INVERTERS, Symo Advanced 24.0-3 480 (1) (4E57EE), Symo Advanced 24.0-3 480 (2) (514423)",24.0,164.83,6.867917,0.996704,24.0,165.92,6.913333,1.003296
SW28-8-11-w4,2024-04-11,site_missing_data,322.33,FRONIUS-541a9f8e-ab20-4397-85a9--G003,"ALL_INVERTERS, Symo Advanced 24.0-3 480 (1) (4E57EE), Symo Advanced 24.0-3 480 (2) (514423)",24.0,160.85,6.702083,0.998045,24.0,161.48,6.728333,1.001955
SW28-8-11-w4,2024-04-12,site_missing_data,267.84,FRONIUS-541a9f8e-ab20-4397-85a9--G003,"ALL_INVERTERS, Symo Advanced 24.0-3 480 (1) (4E57EE), Symo Advanced 24.0-3 480 (2) (514423)",24.0,133.34,5.555833,0.995669,24.0,134.5,5.604167,1.004331
SW28-8-11-w4,2024-04-13,site_missing_data,357.62,FRONIUS-541a9f8e-ab20-4397-85a9--G003,"ALL_INVERTERS, Symo Advanced 24.0-3 480 (1) (4E57EE), Symo Advanced 24.0-3 480 (2) (514423)",24.0,178.21,7.425417,0.996644,24.0,179.41,7.475417,1.003356
SW28-8-11-w4,2024-04-14,site_missing_data,366.42,FRONIUS-541a9f8e-ab20-4397-85a9--G003,"ALL_INVERTERS, Symo Advanced 24.0-3 480 (1) (4E57EE), Symo Advanced 24.0-3 480 (2) (514423)",24.0,182.48,7.603333,0.996016,24.0,183.94,7.664167,1.003984
SW28-8-11-w4,2024-04-15,site_missing_data,262.46,FRONIUS-541a9f8e-ab20-4397-85a9--G003,"ALL_INVERTERS, Symo Advanced 24.0-3 480 (1) (4E57EE), Symo Advanced 24.0-3 480 (2) (514423)",24.0,130.46,5.435833,0.994132,24.0,132.0,5.5,1.005868
SW28-8-11-w4,2024-04-16,site_missing_data,75.45,FRONIUS-541a9f8e-ab20-4397-85a9--G003,"ALL_INVERTERS, Symo Advanced 24.0-3 480 (1) (4E57EE), Symo Advanced 24.0-3 480 (2) (514423)",24.0,37.5,1.5625,0.994036,24.0,37.95,1.58125,1.005964
SW28-8-11-w4,2024-04-17,site_missing_data,115.55,FRONIUS-541a9f8e-ab20-4397-85a9--G003,"ALL_INVERTERS, Symo Advanced 24.0-3 480 (1) (4E57EE), Symo Advanced 24.0-3 480 (2) (514423)",24.0,54.4,2.266667,0.941584,24.0,61.15,2.547917,1.058416
SW28-8-11-w4,2024-04-18,site_missing_data,354.68,FRONIUS-541a9f8e-ab20-4397-85a9--G003,"ALL_INVERTERS, Symo Advanced 24.0-3 480 (1) (4E57EE), Symo Advanced 24.0-3 480 (2) (514423)",24.0,176.8,7.366667,0.996955,24.0,177.88,7.411667,1.003045
SW28-8-11-w4,2024-04-19,site_missing_data,145.48,FRONIUS-541a9f8e-ab20-4397-85a9--G003,"ALL_INVERTERS, Symo Advanced 24.0-3 480 (1) (4E57EE), Symo Advanced 24.0-3 480 (2) (514423)",24.0,72.23,3.009583,0.992989,24.0,73.25,3.052083,1.007011
SW28-8-11-w4,2024-04-20,site_missing_data,378.49,FRONIUS-541a9f8e-ab20-4397-85a9--G003,"ALL_INVERTERS, Symo Advanced 24.0-3 480 (1) (4E57EE), Symo Advanced 24.0-3 480 (2) (514423)",24.0,188.83,7.867917,0.997807,24.0,189.66,7.9025,1.002193
SW28-8-11-w4,2024-04-21,site_missing_data,341.6,FRONIUS-541a9f8e-ab20-4397-85a9--G003,"ALL_INVERTERS, Symo Advanced 24.0-3 480 (1) (4E57EE), Symo Advanced 24.0-3 480 (2) (514423)",24.0,170.23,7.092917,0.996663,24.0,171.37,7.140417,1.003337
SW28-8-11-w4,2024-04-22,site_missing_data,245.06,FRONIUS-541a9f8e-ab20-4397-85a9--G003,"ALL_INVERTERS, Symo Advanced 24.0-3 480 (1) (4E57EE), Symo Advanced 24.0-3 480 (2) (514423)",24.0,121.9,5.079167,0.994858,24.0,123.16,5.131667,1.005142
SW28-8-11-w4,2024-04-23,site_missing_data,365.21,FRONIUS-541a9f8e-ab20-4397-85a9--G003,"ALL_INVERTERS, Symo Advanced 24.0-3 480 (1) (4E57EE), Symo Advanced 24.0-3 480 (2) (514423)",24.0,181.84,7.576667,0.995811,24.0,183.37,7.640417,1.004189
SW28-8-11-w4,2024-04-24,site_missing_data,302.9,FRONIUS-541a9f8e-ab20-4397-85a9--G003,"ALL_INVERTERS, Symo Advanced 24.0-3 480 (1) (4E57EE), Symo Advanced 24.0-3 480 (2) (514423)",24.0,150.92,6.288333,0.9965,24.0,151.98,6.3325,1.0035
SW28-8-11-w4,2024-04-25,site_missing_data,233.65,FRONIUS-541a9f8e-ab20-4397-85a9--G003,"ALL_INVERTERS, Symo Advanced 24.0-3 480 (1) (4E57EE), Symo Advanced 24.0-3 480 (2) (514423)",24.0,116.36,4.848333,0.99602,24.0,117.29,4.887083,1.00398
SW28-8-11-w4,2024-04-26,site_missing_data,358.35,FRONIUS-541a9f8e-ab20-4397-85a9--G003,"ALL_INVERTERS, Symo Advanced 24.0-3 480 (1) (4E57EE), Symo Advanced 24.0-3 480 (2) (514423)",24.0,178.87,7.452917,0.998298,24.0,179.48,7.478333,1.001702
SW28-8-11-w4,2024-04-27,site_missing_data,114.28,FRONIUS-541a9f8e-ab20-4397-85a9--G003,"ALL_INVERTERS, Symo Advanced 24.0-3 480 (1) (4E57EE), Symo Advanced 24.0-3 480 (2) (514423)",24.0,56.93,2.372083,0.996325,24.0,57.35,2.389583,1.003675
SW28-8-11-w4,2024-04-28,site_missing_data,347.59,FRONIUS-541a9f8e-ab20-4397-85a9--G003,"ALL_INVERTERS, Symo Advanced 24.0-3 480 (1) (4E57EE), Symo Advanced 24.0-3 480 (2) (514423)",24.0,173.2,7.216667,0.996576,24.0,174.39,7.26625,1.003424
SW28-8-11-w4,2024-04-29,site_missing_data,306.85,FRONIUS-541a9f8e-ab20-4397-85a9--G003,"ALL_INVERTERS, Symo Advanced 24.0-3 480 (1) (4E57EE), Symo Advanced 24.0-3 480 (2) (514423)",24.0,152.93,6.372083,0.996774,24.0,153.92,6.413333,1.003226
SW28-8-11-w4,2024-04-30,site_missing_data,113.1,FRONIUS-541a9f8e-ab20-4397-85a9--G003,"ALL_INVERTERS, Symo Advanced 24.0-3 480 (1) (4E57EE), Symo Advanced 24.0-3 480 (2) (514423)",24.0,56.69,2.362083,1.002476,24.0,56.41,2.350417,0.997524
SW28-8-11-w4,2024-05-01,site_missing_data,128.03,FRONIUS-541a9f8e-ab20-4397-85a9--G003,"ALL_INVERTERS, Symo Advanced 24.0-3 480 (1) (4E57EE), Symo Advanced 24.0-3 480 (2) (514423)",24.0,63.75,2.65625,0.99586,24.0,64.28,2.678333,1.00414
SW28-8-11-w4,2024-05-02,site_missing_data,124.79,FRONIUS-541a9f8e-ab20-4397-85a9--G003,"ALL_INVERTERS, Symo Advanced 24.0-3 480 (1) (4E57EE), Symo Advanced 24.0-3 480 (2) (514423)",24.0,61.76,2.573333,0.989823,24.0,63.03,2.62625,1.010177
SW28-8-11-w4,2024-05-03,site_missing_data,287.79,FRONIUS-541a9f8e-ab20-4397-85a9--G003,"ALL_INVERTERS, Symo Advanced 24.0-3 480 (1) (4E57EE), Symo Advanced 24.0-3 480 (2) (514423)",24.0,143.61,5.98375,0.998019,24.0,144.18,6.0075,1.001981
SW28-8-11-w4,2024-05-04,site_missing_data,365.93,FRONIUS-541a9f8e-ab20-4397-85a9--G003,"ALL_INVERTERS, Symo Advanced 24.0-3 480 (1) (4E57EE), Symo Advanced 24.0-3 480 (2) (514423)",24.0,182.84,7.618333,0.999317,24.0,183.09,7.62875,1.000683
SW28-8-11-w4,2024-05-05,site_missing_data,173.47,FRONIUS-541a9f8e-ab20-4397-85a9--G003,"ALL_INVERTERS, Symo Advanced 24.0-3 480 (1) (4E57EE), Symo Advanced 24.0-3 480 (2) (514423)",24.0,86.34,3.5975,0.995446,24.0,87.13,3.630417,1.004554
SW28-8-11-w4,2024-05-06,site_missing_data,209.57,FRONIUS-541a9f8e-ab20-4397-85a9--G003,"ALL_INVERTERS, Symo Advanced 24.0-3 480 (1) (4E57EE), Symo Advanced 24.0-3 480 (2) (514423)",24.0,104.26,4.344167,0.99499,24.0,105.31,4.387917,1.00501
SW28-8-11-w4,2024-05-07,site_missing_data,28.57,FRONIUS-541a9f8e-ab20-4397-85a9--G003,"ALL_INVERTERS, Symo Advanced 24.0-3 480 (1) (4E57EE), Symo Advanced 24.0-3 480 (2) (514423)",24.0,14.23,0.592917,0.99615,24.0,14.34,0.5975,1.00385
SW28-8-11-w4,2024-05-08,site_missing_data,54.09,FRONIUS-541a9f8e-ab20-4397-85a9--G003,"ALL_INVERTERS, Symo Advanced 24.0-3 480 (1) (4E57EE), Symo Advanced 24.0-3 480 (2) (514423)",24.0,26.88,1.12,0.993899,24.0,27.21,1.13375,1.006101
SW28-8-11-w4,2024-05-09,site_missing_data,375.15,FRONIUS-541a9f8e-ab20-4397-85a9--G003,"ALL_INVERTERS, Symo Advanced 24.0-3 480 (1) (4E57EE), Symo Advanced 24.0-3 480 (2) (514423)",24.0,186.79,7.782917,0.995815,24.0,188.36,7.848333,1.004185
SW28-8-11-w4,2024-05-10,site_missing_data,368.51,FRONIUS-541a9f8e-ab20-4397-85a9--G003,"ALL_INVERTERS, Symo Advanced 24.0-3 480 (1) (4E57EE), Symo Advanced 24.0-3 480 (2) (514423)",24.0,184.58,7.690833,1.001764,24.0,183.93,7.66375,0.998236
SW28-8-11-w4,2024-05-11,site_missing_data,360.57,FRONIUS-541a9f8e-ab20-4397-85a9--G003,"ALL_INVERTERS, Symo Advanced 24.0-3 480 (1) (4E57EE), Symo Advanced 24.0-3 480 (2) (514423)",24.0,179.26,7.469167,0.994315,24.0,181.31,7.554583,1.005685
SW28-8-11-w4,2024-05-12,site_missing_data,331.26,FRONIUS-541a9f8e-ab20-4397-85a9--G003,"ALL_INVERTERS, Symo Advanced 24.0-3 480 (1) (4E57EE), Symo Advanced 24.0-3 480 (2) (514423)",24.0,164.83,6.867917,0.99517,24.0,166.43,6.934583,1.00483
SW28-8-11-w4,2024-05-13,site_missing_data,192.97,FRONIUS-541a9f8e-ab20-4397-85a9--G003,"ALL_INVERTERS, Symo Advanced 24.0-3 480 (1) (4E57EE), Symo Advanced 24.0-3 480 (2) (514423)",24.0,95.75,3.989583,0.992382,24.0,97.22,4.050833,1.007618
SW28-8-11-w4,2024-05-14,site_missing_data,248.02,FRONIUS-541a9f8e-ab20-4397-85a9--G003,"ALL_INVERTERS, Symo Advanced 24.0-3 480 (1) (4E57EE), Symo Advanced 24.0-3 480 (2) (514423)",24.0,123.03,5.12625,0.992097,24.0,124.99,5.207917,1.007903
SW28-8-11-w4,2024-05-15,site_missing_data,311.95,FRONIUS-541a9f8e-ab20-4397-85a9--G003,"ALL_INVERTERS, Symo Advanced 24.0-3 480 (1) (4E57EE), Symo Advanced 24.0-3 480 (2) (514423)",24.0,154.4,6.433333,0.989902,24.0,157.55,6.564583,1.010098
SW28-8-11-w4,2024-05-16,site_missing_data,283.93,FRONIUS-541a9f8e-ab20-4397-85a9--G003,"ALL_INVERTERS, Symo Advanced 24.0-3 480 (1) (4E57EE), Symo Advanced 24.0-3 480 (2) (514423)",24.0,140.94,5.8725,0.99278,24.0,142.99,5.957917,1.00722
SW28-8-11-w4,2024-05-17,site_missing_data,130.37,FRONIUS-541a9f8e-ab20-4397-85a9--G003,"ALL_INVERTERS, Symo Advanced 24.0-3 480 (1) (4E57EE), Symo Advanced 24.0-3 480 (2) (514423)",24.0,65.02,2.709167,0.997469,24.0,65.35,2.722917,1.002531
SW28-8-11-w4,2024-05-18,site_missing_data,290.83,FRONIUS-541a9f8e-ab20-4397-85a9--G003,"ALL_INVERTERS, Symo Advanced 24.0-3 480 (1) (4E57EE), Symo Advanced 24.0-3 480 (2) (514423)",24.0,144.92,6.038333,0.996596,24.0,145.91,6.079583,1.003404
SW28-8-11-w4,2024-05-19,site_missing_data,238.05,FRONIUS-541a9f8e-ab20-4397-85a9--G003,"ALL_INVERTERS, Symo Advanced 24.0-3 480 (1) (4E57EE), Symo Advanced 24.0-3 480 (2) (514423)",24.0,118.39,4.932917,0.994665,24.0,119.66,4.985833,1.005335
SW28-8-11-w4,2024-05-20,site_missing_data,235.94,FRONIUS-541a9f8e-ab20-4397-85a9--G003,"ALL_INVERTERS, Symo Advanced 24.0-3 480 (1) (4E57EE), Symo Advanced 24.0-3 480 (2) (514423)",24.0,117.38,4.890833,0.994999,24.0,118.56,4.94,1.005001
SW28-8-11-w4,2024-05-21,site_missing_data,303.29,FRONIUS-541a9f8e-ab20-4397-85a9--G003,"ALL_INVERTERS, Symo Advanced 24.0-3 480 (1) (4E57EE), Symo Advanced 24.0-3 480 (2) (514423)",24.0,151.5,6.3125,0.999044,24.0,151.79,6.324583,1.000956
SW28-8-11-w4,2024-05-22,site_missing_data,205.69,FRONIUS-541a9f8e-ab20-4397-85a9--G003,"ALL_INVERTERS, Symo Advanced 24.0-3 480 (1) (4E57EE), Symo Advanced 24.0-3 480 (2) (514423)",24.0,102.62,4.275833,0.997812,24.0,103.07,4.294583,1.002188
SW28-8-11-w4,2024-05-23,site_missing_data,227.11,FRONIUS-541a9f8e-ab20-4397-85a9--G003,"ALL_INVERTERS, Symo Advanced 24.0-3 480 (1) (4E57EE), Symo Advanced 24.0-3 480 (2) (514423)",24.0,113.2,4.716667,0.996874,24.0,113.91,4.74625,1.003126
SW28-8-11-w4,2024-05-24,site_missing_data,309.37,FRONIUS-541a9f8e-ab20-4397-85a9--G003,"ALL_INVERTERS, Symo Advanced 24.0-3 480 (1) (4E57EE), Symo Advanced 24.0-3 480 (2) (514423)",24.0,154.34,6.430833,0.99777,24.0,155.03,6.459583,1.00223
SW28-8-11-w4,2024-05-25,site_missing_data,265.17,FRONIUS-541a9f8e-ab20-4397-85a9--G003,"ALL_INVERTERS, Symo Advanced 24.0-3 480 (1) (4E57EE), Symo Advanced 24.0-3 480 (2) (514423)",24.0,132.17,5.507083,0.99687,24.0,133.0,5.541667,1.00313
SW28-8-11-w4,2024-05-26,site_missing_data,188.65,FRONIUS-541a9f8e-ab20-4397-85a9--G003,"ALL_INVERTERS, Symo Advanced 24.0-3 480 (1) (4E57EE), Symo Advanced 24.0-3 480 (2) (514423)",24.0,94.0,3.916667,0.996554,24.0,94.65,3.94375,1.003446
SW28-8-11-w4,2024-05-27,site_missing_data,375.31,FRONIUS-541a9f8e-ab20-4397-85a9--G003,"ALL_INVERTERS, Symo Advanced 24.0-3 480 (1) (4E57EE), Symo Advanced 24.0-3 480 (2) (514423)",24.0,186.72,7.78,0.995017,24.0,188.59,7.857917,1.004983
SW28-8-11-w4,2024-05-28,site_missing_data,358.52,FRONIUS-541a9f8e-ab20-4397-85a9--G003,"ALL_INVERTERS, Symo Advanced 24.0-3 480 (1) (4E57EE), Symo Advanced 24.0-3 480 (2) (514423)",24.0,178.73,7.447083,0.997043,24.0,179.79,7.49125,1.002957
SW28-8-11-w4,2024-05-29,site_missing_data,337.11,FRONIUS-541a9f8e-ab20-4397-85a9--G003,"ALL_INVERTERS, Symo Advanced 24.0-3 480 (1) (4E57EE), Symo Advanced 24.0-3 480 (2) (514423)",24.0,167.85,6.99375,0.995817,24.0,169.26,7.0525,1.004183
SW28-8-11-w4,2024-05-30,site_missing_data,209.55,FRONIUS-541a9f8e-ab20-4397-85a9--G003,"ALL_INVERTERS, Symo Advanced 24.0-3 480 (1) (4E57EE), Symo Advanced 24.0-3 480 (2) (514423)",24.0,104.42,4.350833,0.996612,24.0,105.13,4.380417,1.003388
SW28-8-11-w4,2024-05-31,site_missing_data,291.78,FRONIUS-541a9f8e-ab20-4397-85a9--G003,"ALL_INVERTERS, Symo Advanced 24.0-3 480 (1) (4E57EE), Symo Advanced 24.0-3 480 (2) (514423)",24.0,145.34,6.055833,0.99623,24.0,146.44,6.101667,1.00377
SW28-8-11-w4,2024-06-01,site_missing_data,323.66,FRONIUS-541a9f8e-ab20-4397-85a9--G003,"ALL_INVERTERS, Symo Advanced 24.0-3 480 (1) (4E57EE), Symo Advanced 24.0-3 480 (2) (514423)",24.0,161.21,6.717083,0.996169,24.0,162.45,6.76875,1.003831
SW28-8-11-w4,2024-06-02,site_missing_data,343.64,FRONIUS-541a9f8e-ab20-4397-85a9--G003,"ALL_INVERTERS, Symo Advanced 24.0-3 480 (1) (4E57EE), Symo Advanced 24.0-3 480 (2) (514423)",24.0,171.44,7.143333,0.997788,24.0,172.2,7.175,1.002212
SW28-8-11-w4,2024-06-03,site_missing_data,230.71,FRONIUS-541a9f8e-ab20-4397-85a9--G003,"ALL_INVERTERS, Symo Advanced 24.0-3 480 (1) (4E57EE), Symo Advanced 24.0-3 480 (2) (514423)",24.0,114.72,4.78,0.994495,24.0,115.99,4.832917,1.005505
SW28-8-11-w4,2024-06-04,site_missing_data,380.15,FRONIUS-541a9f8e-ab20-4397-85a9--G003,"ALL_INVERTERS, Symo Advanced 24.0-3 480 (1) (4E57EE), Symo Advanced 24.0-3 480 (2) (514423)",24.0,189.64,7.901667,0.997711,24.0,190.51,7.937917,1.002289
SW28-8-11-w4,2024-06-05,site_missing_data,367.33,FRONIUS-541a9f8e-ab20-4397-85a9--G003,"ALL_INVERTERS, Symo Advanced 24.0-3 480 (1) (4E57EE), Symo Advanced 24.0-3 480 (2) (514423)",24.0,182.95,7.622917,0.996107,24.0,184.38,7.6825,1.003893
SW28-8-11-w4,2024-06-06,site_missing_data,367.58,FRONIUS-541a9f8e-ab20-4397-85a9--G003,"ALL_INVERTERS, Symo Advanced 24.0-3 480 (1) (4E57EE), Symo Advanced 24.0-3 480 (2) (514423)",24.0,183.22,7.634167,0.996899,24.0,184.36,7.681667,1.003101
SW28-8-11-w4,2024-06-07,site_missing_data,335.25,FRONIUS-541a9f8e-ab20-4397-85a9--G003,"ALL_INVERTERS, Symo Advanced 24.0-3 480 (1) (4E57EE), Symo Advanced 24.0-3 480 (2) (514423)",24.0,167.08,6.961667,0.996749,24.0,168.17,7.007083,1.003251
SW28-8-11-w4,2024-06-08,site_missing_data,260.26,FRONIUS-541a9f8e-ab20-4397-85a9--G003,"ALL_INVERTERS, Symo Advanced 24.0-3 480 (1) (4E57EE), Symo Advanced 24.0-3 480 (2) (514423)",24.0,129.56,5.398333,0.99562,24.0,130.7,5.445833,1.00438
SW28-8-11-w4,2024-06-09,site_missing_data,375.82,FRONIUS-541a9f8e-ab20-4397-85a9--G003,"ALL_INVERTERS, Symo Advanced 24.0-3 480 (1) (4E57EE), Symo Advanced 24.0-3 480 (2) (514423)",24.0,187.43,7.809583,0.997446,24.0,188.39,7.849583,1.002554
SW28-8-11-w4,2024-06-10,site_missing_data,278.53,FRONIUS-541a9f8e-ab20-4397-85a9--G003,"ALL_INVERTERS, Symo Advanced 24.0-3 480 (1) (4E57EE), Symo Advanced 24.0-3 480 (2) (514423)",24.0,138.66,5.7775,0.995656,24.0,139.87,5.827917,1.004344
SW28-8-11-w4,2024-06-11,site_missing_data,374.79,FRONIUS-541a9f8e-ab20-4397-85a9--G003,"ALL_INVERTERS, Symo Advanced 24.0-3 480 (1) (4E57EE), Symo Advanced 24.0-3 480 (2) (514423)",24.0,186.62,7.775833,0.995864,24.0,188.17,7.840417,1.004136
SW28-8-11-w4,2024-06-12,site_missing_data,364.62,FRONIUS-541a9f8e-ab20-4397-85a9--G003,"ALL_INVERTERS, Symo Advanced 24.0-3 480 (1) (4E57EE), Symo Advanced 24.0-3 480 (2) (514423)",24.0,181.48,7.561667,0.995447,24.0,183.14,7.630833,1.004553
SW28-8-11-w4,2024-06-13,site_missing_data,376.34,FRONIUS-541a9f8e-ab20-4397-85a9--G003,"ALL_INVERTERS, Symo Advanced 24.0-3 480 (1) (4E57EE), Symo Advanced 24.0-3 480 (2) (514423)",24.0,187.71,7.82125,0.997555,24.0,188.63,7.859583,1.002445
SW28-8-11-w4,2024-06-14,site_missing_data,308.73,FRONIUS-541a9f8e-ab20-4397-85a9--G003,"ALL_INVERTERS, Symo Advanced 24.0-3 480 (1) (4E57EE), Symo Advanced 24.0-3 480 (2) (514423)",24.0,153.53,6.397083,0.994591,24.0,155.2,6.466667,1.005409
SW28-8-11-w4,2024-06-15,site_missing_data,205.92,FRONIUS-541a9f8e-ab20-4397-85a9--G003,"ALL_INVERTERS, Symo Advanced 24.0-3 480 (1) (4E57EE), Symo Advanced 24.0-3 480 (2) (514423)",24.0,102.6,4.275,0.996503,24.0,103.32,4.305,1.003497
SW28-8-11-w4,2024-06-16,site_missing_data,141.65,FRONIUS-541a9f8e-ab20-4397-85a9--G003,"ALL_INVERTERS, Symo Advanced 24.0-3 480 (1) (4E57EE), Symo Advanced 24.0-3 480 (2) (514423)",24.0,70.61,2.942083,0.996964,24.0,71.04,2.96,1.003036
SW28-8-11-w4,2024-06-17,site_missing_data,124.87,FRONIUS-541a9f8e-ab20-4397-85a9--G003,"ALL_INVERTERS, Symo Advanced 24.0-3 480 (1) (4E57EE), Symo Advanced 24.0-3 480 (2) (514423)",24.0,62.27,2.594583,0.997357,24.0,62.6,2.608333,1.002643
SW28-8-11-w4,2024-06-18,site_missing_data,98.92,FRONIUS-541a9f8e-ab20-4397-85a9--G003,"ALL_INVERTERS, Symo Advanced 24.0-3 480 (1) (4E57EE), Symo Advanced 24.0-3 480 (2) (514423)",24.0,49.34,2.055833,0.997574,24.0,49.58,2.065833,1.002426
SW28-8-11-w4,2024-06-19,site_missing_data,339.71,FRONIUS-541a9f8e-ab20-4397-85a9--G003,"ALL_INVERTERS, Symo Advanced 24.0-3 480 (1) (4E57EE), Symo Advanced 24.0-3 480 (2) (514423)",24.0,169.33,7.055417,0.996909,24.0,170.38,7.099167,1.003091
SW28-8-11-w4,2024-06-20,site_missing_data,324.3,FRONIUS-541a9f8e-ab20-4397-85a9--G003,"ALL_INVERTERS, Symo Advanced 24.0-3 480 (1) (4E57EE), Symo Advanced 24.0-3 480 (2) (514423)",24.0,161.78,6.740833,0.997718,24.0,162.52,6.771667,1.002282
SW28-8-11-w4,2024-06-21,site_missing_data,335.17,FRONIUS-541a9f8e-ab20-4397-85a9--G003,"ALL_INVERTERS, Symo Advanced 24.0-3 480 (1) (4E57EE), Symo Advanced 24.0-3 480 (2) (514423)",24.0,167.41,6.975417,0.998956,24.0,167.76,6.99,1.001044
SW28-8-11-w4,2024-06-22,site_missing_data,325.74,FRONIUS-541a9f8e-ab20-4397-85a9--G003,"ALL_INVERTERS, Symo Advanced 24.0-3 480 (1) (4E57EE), Symo Advanced 24.0-3 480 (2) (514423)",24.0,186.49,7.770417,1.145024,24.0,139.25,5.802083,0.854976
SW28-8-11-w4,2024-06-23,site_missing_data,342.02,FRONIUS-541a9f8e-ab20-4397-85a9--G003,"ALL_INVERTERS, Symo Advanced 24.0-3 480 (1) (4E57EE), Symo Advanced 24.0-3 480 (2) (514423)",24.0,169.31,7.054583,0.990059,24.0,172.71,7.19625,1.009941
SW28-8-11-w4,2024-06-24,site_missing_data,256.47,FRONIUS-541a9f8e-ab20-4397-85a9--G003,"ALL_INVERTERS, Symo Advanced 24.0-3 480 (1) (4E57EE), Symo Advanced 24.0-3 480 (2) (514423)",24.0,191.03,7.959583,1.489687,24.0,65.44,2.726667,0.510313
SW28-8-11-w4,2024-06-25,site_missing_data,384.78,FRONIUS-541a9f8e-ab20-4397-85a9--G003,"ALL_INVERTERS, Symo Advanced 24.0-3 480 (1) (4E57EE), Symo Advanced 24.0-3 480 (2) (514423)",24.0,191.66,7.985833,0.996206,24.0,193.12,8.046667,1.003794
SW28-8-11-w4,2024-06-26,site_missing_data,275.3,FRONIUS-541a9f8e-ab20-4397-85a9--G003,"ALL_INVERTERS, Symo Advanced 24.0-3 480 (1) (4E57EE), Symo Advanced 24.0-3 480 (2) (514423)",24.0,137.31,5.72125,0.99753,24.0,137.99,5.749583,1.00247
SW28-8-11-w4,2024-06-27,site_missing_data,143.87,FRONIUS-541a9f8e-ab20-4397-85a9--G003,"ALL_INVERTERS, Symo Advanced 24.0-3 480 (1) (4E57EE), Symo Advanced 24.0-3 480 (2) (514423)",24.0,71.67,2.98625,0.996316,24.0,72.2,3.008333,1.003684
SW28-8-11-w4,2024-06-28,site_missing_data,215.18,FRONIUS-541a9f8e-ab20-4397-85a9--G003,"ALL_INVERTERS, Symo Advanced 24.0-3 480 (1) (4E57EE), Symo Advanced 24.0-3 480 (2) (514423)",24.0,107.33,4.472083,0.997583,24.0,107.85,4.49375,1.002417
SW28-8-11-w4,2024-06-29,site_missing_data,372.56,FRONIUS-541a9f8e-ab20-4397-85a9--G003,"ALL_INVERTERS, Symo Advanced 24.0-3 480 (1) (4E57EE), Symo Advanced 24.0-3 480 (2) (514423)",24.0,185.89,7.745417,0.997906,24.0,186.67,7.777917,1.002094
SW28-8-11-w4,2024-06-30,site_missing_data,123.82,FRONIUS-541a9f8e-ab20-4397-85a9--G003,"ALL_INVERTERS, Symo Advanced 24.0-3 480 (1) (4E57EE), Symo Advanced 24.0-3 480 (2) (514423)",24.0,61.78,2.574167,0.9979,24.0,62.04,2.585,1.0021
SW28-8-11-w4,2024-07-01,site_missing_data,184.62,FRONIUS-541a9f8e-ab20-4397-85a9--G003,"ALL_INVERTERS, Symo Advanced 24.0-3 480 (1) (4E57EE), Symo Advanced 24.0-3 480 (2) (514423)",24.0,91.99,3.832917,0.996533,24.0,92.63,3.859583,1.003467
SW28-8-11-w4,2024-07-02,site_missing_data,280.38,FRONIUS-541a9f8e-ab20-4397-85a9--G003,"ALL_INVERTERS, Symo Advanced 24.0-3 480 (1) (4E57EE), Symo Advanced 24.0-3 480 (2) (514423)",24.0,139.73,5.822083,0.996719,24.0,140.65,5.860417,1.003281
SW28-8-11-w4,2024-07-03,site_missing_data,259.48,FRONIUS-541a9f8e-ab20-4397-85a9--G003,"ALL_INVERTERS, Symo Advanced 24.0-3 480 (1) (4E57EE), Symo Advanced 24.0-3 480 (2) (514423)",24.0,129.26,5.385833,0.9963,24.0,130.22,5.425833,1.0037
SW28-8-11-w4,2024-07-04,site_missing_data,279.65,FRONIUS-541a9f8e-ab20-4397-85a9--G003,"ALL_INVERTERS, Symo Advanced 24.0-3 480 (1) (4E57EE), Symo Advanced 24.0-3 480 (2) (514423)",24.0,139.14,5.7975,0.995101,24.0,140.51,5.854583,1.004899
SW28-8-11-w4,2024-07-05,site_missing_data,363.54,FRONIUS-541a9f8e-ab20-4397-85a9--G003,"ALL_INVERTERS, Symo Advanced 24.0-3 480 (1) (4E57EE), Symo Advanced 24.0-3 480 (2) (514423)",24.0,180.91,7.537917,0.995269,24.0,182.63,7.609583,1.004731
SW28-8-11-w4,2024-07-06,site_missing_data,308.51,FRONIUS-541a9f8e-ab20-4397-85a9--G003,"ALL_INVERTERS, Symo Advanced 24.0-3 480 (1) (4E57EE), Symo Advanced 24.0-3 480 (2) (514423)",24.0,153.43,6.392917,0.994652,24.0,155.08,6.461667,1.005348
SW28-8-11-w4,2024-07-07,site_missing_data,367.6,FRONIUS-541a9f8e-ab20-4397-85a9--G003,"ALL_INVERTERS, Symo Advanced 24.0-3 480 (1) (4E57EE), Symo Advanced 24.0-3 480 (2) (514423)",24.0,182.83,7.617917,0.994723,24.0,184.77,7.69875,1.005277
SW28-8-11-w4,2024-07-08,site_missing_data,362.39,FRONIUS-541a9f8e-ab20-4397-85a9--G003,"ALL_INVERTERS, Symo Advanced 24.0-3 480 (1) (4E57EE), Symo Advanced 24.0-3 480 (2) (514423)",24.0,180.07,7.502917,0.993791,24.0,182.32,7.596667,1.006209
SW28-8-11-w4,2024-07-09,site_missing_data,359.68,FRONIUS-541a9f8e-ab20-4397-85a9--G003,"ALL_INVERTERS, Symo Advanced 24.0-3 480 (1) (4E57EE), Symo Advanced 24.0-3 480 (2) (514423)",24.0,179.23,7.467917,0.996608,24.0,180.45,7.51875,1.003392
SW28-8-11-w4,2024-07-10,site_missing_data,357.46,FRONIUS-541a9f8e-ab20-4397-85a9--G003,"ALL_INVERTERS, Symo Advanced 24.0-3 480 (1) (4E57EE), Symo Advanced 24.0-3 480 (2) (514423)",24.0,178.73,7.447083,1.0,24.0,178.73,7.447083,1.0
SW28-8-11-w4,2024-07-11,site_missing_data,359.51,FRONIUS-541a9f8e-ab20-4397-85a9--G003,"ALL_INVERTERS, Symo Advanced 24.0-3 480 (1) (4E57EE), Symo Advanced 24.0-3 480 (2) (514423)",24.0,178.48,7.436667,0.992907,24.0,181.03,7.542917,1.007093
SW28-8-11-w4,2024-07-12,site_missing_data,356.84,FRONIUS-541a9f8e-ab20-4397-85a9--G003,"ALL_INVERTERS, Symo Advanced 24.0-3 480 (1) (4E57EE), Symo Advanced 24.0-3 480 (2) (514423)",24.0,177.79,7.407917,0.996469,24.0,179.05,7.460417,1.003531
SW28-8-11-w4,2024-07-13,site_missing_data,356.37,FRONIUS-541a9f8e-ab20-4397-85a9--G003,"ALL_INVERTERS, Symo Advanced 24.0-3 480 (1) (4E57EE), Symo Advanced 24.0-3 480 (2) (514423)",24.0,177.34,7.389167,0.995258,24.0,179.03,7.459583,1.004742
SW28-8-11-w4,2024-07-14,site_missing_data,358.14,FRONIUS-541a9f8e-ab20-4397-85a9--G003,"ALL_INVERTERS, Symo Advanced 24.0-3 480 (1) (4E57EE), Symo Advanced 24.0-3 480 (2) (514423)",24.0,178.67,7.444583,0.997766,24.0,179.47,7.477917,1.002234
SW28-8-11-w4,2024-07-15,site_missing_data,341.34,FRONIUS-541a9f8e-ab20-4397-85a9--G003,"ALL_INVERTERS, Symo Advanced 24.0-3 480 (1) (4E57EE), Symo Advanced 24.0-3 480 (2) (514423)",24.0,170.17,7.090417,0.99707,24.0,171.17,7.132083,1.00293
SW28-8-11-w4,2024-07-16,site_missing_data,174.73,FRONIUS-541a9f8e-ab20-4397-85a9--G003,"ALL_INVERTERS, Symo Advanced 24.0-3 480 (1) (4E57EE), Symo Advanced 24.0-3 480 (2) (514423)",24.0,174.73,7.280417,2.0,24.0,0.0,0.0,0.0
SW28-8-11-w4,2024-07-17,site_missing_data,178.46,FRONIUS-541a9f8e-ab20-4397-85a9--G003,"ALL_INVERTERS, Symo Advanced 24.0-3 480 (1) (4E57EE), Symo Advanced 24.0-3 480 (2) (514423)",24.0,178.46,7.435833,2.0,24.0,0.0,0.0,0.0
SW28-8-11-w4,2024-07-18,site_missing_data,108.96,FRONIUS-541a9f8e-ab20-4397-85a9--G003,"ALL_INVERTERS, Symo Advanced 24.0-3 480 (1) (4E57EE), Symo Advanced 24.0-3 480 (2) (514423)",24.0,108.96,4.54,2.0,24.0,0.0,0.0,0.0
SW28-8-11-w4,2024-07-19,site_missing_data,171.62,FRONIUS-541a9f8e-ab20-4397-85a9--G003,"ALL_INVERTERS, Symo Advanced 24.0-3 480 (1) (4E57EE), Symo Advanced 24.0-3 480 (2) (514423)",24.0,171.62,7.150833,2.0,24.0,0.0,0.0,0.0
SW28-8-11-w4,2024-07-20,site_missing_data,169.16,FRONIUS-541a9f8e-ab20-4397-85a9--G003,"ALL_INVERTERS, Symo Advanced 24.0-3 480 (1) (4E57EE), Symo Advanced 24.0-3 480 (2) (514423)",24.0,169.16,7.048333,2.0,24.0,0.0,0.0,0.0
SW28-8-11-w4,2024-07-21,site_missing_data,163.2,FRONIUS-541a9f8e-ab20-4397-85a9--G003,"ALL_INVERTERS, Symo Advanced 24.0-3 480 (1) (4E57EE), Symo Advanced 24.0-3 480 (2) (514423)",24.0,163.2,6.8,2.0,24.0,0.0,0.0,0.0
SW28-8-11-w4,2024-07-22,site_missing_data,134.92,FRONIUS-541a9f8e-ab20-4397-85a9--G003,"ALL_INVERTERS, Symo Advanced 24.0-3 480 (1) (4E57EE), Symo Advanced 24.0-3 480 (2) (514423)",24.0,134.92,5.621667,2.0,24.0,0.0,0.0,0.0
SW28-8-11-w4,2024-07-23,site_missing_data,166.24,FRONIUS-541a9f8e-ab20-4397-85a9--G003,"ALL_INVERTERS, Symo Advanced 24.0-3 480 (1) (4E57EE), Symo Advanced 24.0-3 480 (2) (514423)",24.0,166.24,6.926667,2.0,24.0,0.0,0.0,0.0
SW28-8-11-w4,2024-07-24,site_missing_data,171.66,FRONIUS-541a9f8e-ab20-4397-85a9--G003,"ALL_INVERTERS, Symo Advanced 24.0-3 480 (1) (4E57EE), Symo Advanced 24.0-3 480 (2) (514423)",24.0,171.66,7.1525,2.0,24.0,0.0,0.0,0.0
SW28-8-11-w4,2024-07-25,site_missing_data,149.82,FRONIUS-541a9f8e-ab20-4397-85a9--G003,"ALL_INVERTERS, Symo Advanced 24.0-3 480 (1) (4E57EE), Symo Advanced 24.0-3 480 (2) (514423)",24.0,149.82,6.2425,2.0,24.0,0.0,0.0,0.0
SW28-8-11-w4,2024-07-26,site_missing_data,181.7,FRONIUS-541a9f8e-ab20-4397-85a9--G003,"ALL_INVERTERS, Symo Advanced 24.0-3 480 (1) (4E57EE), Symo Advanced 24.0-3 480 (2) (514423)",24.0,181.7,7.570833,2.0,24.0,0.0,0.0,0.0
SW28-8-11-w4,2024-07-27,site_missing_data,158.03,FRONIUS-541a9f8e-ab20-4397-85a9--G003,"ALL_INVERTERS, Symo Advanced 24.0-3 480 (1) (4E57EE), Symo Advanced 24.0-3 480 (2) (514423)",24.0,158.03,6.584583,2.0,24.0,0.0,0.0,0.0
SW28-8-11-w4,2024-07-28,site_missing_data,160.3,FRONIUS-541a9f8e-ab20-4397-85a9--G003,"ALL_INVERTERS, Symo Advanced 24.0-3 480 (1) (4E57EE), Symo Advanced 24.0-3 480 (2) (514423)",24.0,160.3,6.679167,2.0,24.0,0.0,0.0,0.0
SW28-8-11-w4,2024-07-29,site_missing_data,329.92,FRONIUS-541a9f8e-ab20-4397-85a9--G003,"ALL_INVERTERS, Symo Advanced 24.0-3 480 (1) (4E57EE), Symo Advanced 24.0-3 480 (2) (514423)",24.0,167.61,6.98375,1.016065,24.0,162.31,6.762917,0.983935
SW28-8-11-w4,2024-07-30,site_missing_data,314.78,FRONIUS-541a9f8e-ab20-4397-85a9--G003,"ALL_INVERTERS, Symo Advanced 24.0-3 480 (1) (4E57EE), Symo Advanced 24.0-3 480 (2) (514423)",24.0,155.37,6.47375,0.987166,24.0,159.41,6.642083,1.012834
SW28-8-11-w4,2024-07-31,site_missing_data,171.18,FRONIUS-541a9f8e-ab20-4397-85a9--G003,"ALL_INVERTERS, Symo Advanced 24.0-3 480 (1) (4E57EE), Symo Advanced 24.0-3 480 (2) (514423)",24.0,171.18,7.1325,2.0,24.0,0.0,0.0,0.0
SW28-8-11-w4,2024-08-01,site_missing_data,2.07,FRONIUS-541a9f8e-ab20-4397-85a9--G003,"ALL_INVERTERS, Symo Advanced 24.0-3 480 (1) (4E57EE), Symo Advanced 24.0-3 480 (2) (514423)",24.0,2.07,0.08625,2.0,24.0,0.0,0.0,0.0
SW28-8-11-w4,2024-08-02,site_missing_data,141.67,FRONIUS-541a9f8e-ab20-4397-85a9--G003,"ALL_INVERTERS, Symo Advanced 24.0-3 480 (1) (4E57EE), Symo Advanced 24.0-3 480 (2) (514423)",24.0,141.67,5.902917,2.0,24.0,0.0,0.0,0.0
SW28-8-11-w4,2024-08-03,site_missing_data,107.99,FRONIUS-541a9f8e-ab20-4397-85a9--G003,"ALL_INVERTERS, Symo Advanced 24.0-3 480 (1) (4E57EE), Symo Advanced 24.0-3 480 (2) (514423)",24.0,107.99,4.499583,2.0,24.0,0.0,0.0,0.0
SW28-8-11-w4,2024-08-04,site_missing_data,107.26,FRONIUS-541a9f8e-ab20-4397-85a9--G003,"ALL_INVERTERS, Symo Advanced 24.0-3 480 (1) (4E57EE), Symo Advanced 24.0-3 480 (2) (514423)",24.0,107.26,4.469167,2.0,24.0,0.0,0.0,0.0
SW28-8-11-w4,2024-08-05,site_missing_data,133.67,FRONIUS-541a9f8e-ab20-4397-85a9--G003,"ALL_INVERTERS, Symo Advanced 24.0-3 480 (1) (4E57EE), Symo Advanced 24.0-3 480 (2) (514423)",24.0,133.67,5.569583,2.0,24.0,0.0,0.0,0.0
SW28-8-11-w4,2024-08-06,site_missing_data,116.04,FRONIUS-541a9f8e-ab20-4397-85a9--G003,"ALL_INVERTERS, Symo Advanced 24.0-3 480 (1) (4E57EE), Symo Advanced 24.0-3 480 (2) (514423)",24.0,116.04,4.835,2.0,24.0,0.0,0.0,0.0
SW28-8-11-w4,2024-08-07,site_missing_data,67.91,FRONIUS-541a9f8e-ab20-4397-85a9--G003,"ALL_INVERTERS, Symo Advanced 24.0-3 480 (1) (4E57EE), Symo Advanced 24.0-3 480 (2) (514423)",24.0,67.91,2.829583,2.0,24.0,0.0,0.0,0.0
SW28-8-11-w4,2024-08-08,site_missing_data,175.37,FRONIUS-541a9f8e-ab20-4397-85a9--G003,"ALL_INVERTERS, Symo Advanced 24.0-3 480 (1) (4E57EE), Symo Advanced 24.0-3 480 (2) (514423)",24.0,175.37,7.307083,2.0,24.0,0.0,0.0,0.0
SW28-8-11-w4,2024-08-09,site_missing_data,151.93,FRONIUS-541a9f8e-ab20-4397-85a9--G003,"ALL_INVERTERS, Symo Advanced 24.0-3 480 (1) (4E57EE), Symo Advanced 24.0-3 480 (2) (514423)",24.0,151.93,6.330417,2.0,24.0,0.0,0.0,0.0
SW28-8-11-w4,2024-08-10,site_missing_data,162.25,FRONIUS-541a9f8e-ab20-4397-85a9--G003,"ALL_INVERTERS, Symo Advanced 24.0-3 480 (1) (4E57EE), Symo Advanced 24.0-3 480 (2) (514423)",24.0,162.25,6.760417,2.0,24.0,0.0,0.0,0.0
SW28-8-11-w4,2024-08-11,site_missing_data,126.44,FRONIUS-541a9f8e-ab20-4397-85a9--G003,"ALL_INVERTERS, Symo Advanced 24.0-3 480 (1) (4E57EE), Symo Advanced 24.0-3 480 (2) (514423)",24.0,126.44,5.268333,2.0,24.0,0.0,0.0,0.0
SW28-8-11-w4,2024-08-12,site_missing_data,138.8,FRONIUS-541a9f8e-ab20-4397-85a9--G003,"ALL_INVERTERS, Symo Advanced 24.0-3 480 (1) (4E57EE), Symo Advanced 24.0-3 480 (2) (514423)",24.0,138.8,5.783333,2.0,24.0,0.0,0.0,0.0
SW28-8-11-w4,2024-08-13,site_missing_data,164.2,FRONIUS-541a9f8e-ab20-4397-85a9--G003,"ALL_INVERTERS, Symo Advanced 24.0-3 480 (1) (4E57EE), Symo Advanced 24.0-3 480 (2) (514423)",24.0,164.2,6.841667,2.0,24.0,0.0,0.0,0.0
SW28-8-11-w4,2024-08-14,site_missing_data,157.09,FRONIUS-541a9f8e-ab20-4397-85a9--G003,"ALL_INVERTERS, Symo Advanced 24.0-3 480 (1) (4E57EE), Symo Advanced 24.0-3 480 (2) (514423)",24.0,0.0,0.0,,24.0,0.0,0.0,
SW28-8-11-w4,2024-08-15,site_missing_data,192.74,FRONIUS-541a9f8e-ab20-4397-85a9--G003,"ALL_INVERTERS, Symo Advanced 24.0-3 480 (1) (4E57EE), Symo Advanced 24.0-3 480 (2) (514423)",24.0,96.34,4.014167,0.999689,24.0,96.4,4.016667,1.000311
SW28-8-11-w4,2024-08-16,site_missing_data,181.81,FRONIUS-541a9f8e-ab20-4397-85a9--G003,"ALL_INVERTERS, Symo Advanced 24.0-3 480 (1) (4E57EE), Symo Advanced 24.0-3 480 (2) (514423)",24.0,90.23,3.759583,0.992575,24.0,91.58,3.815833,1.007425
SW28-8-11-w4,2024-08-17,site_missing_data,334.52,FRONIUS-541a9f8e-ab20-4397-85a9--G003,"ALL_INVERTERS, Symo Advanced 24.0-3 480 (1) (4E57EE), Symo Advanced 24.0-3 480 (2) (514423)",24.0,165.37,6.890417,0.9887,24.0,169.15,7.047917,1.0113
SW28-8-11-w4,2024-08-18,site_missing_data,144.03,FRONIUS-541a9f8e-ab20-4397-85a9--G003,"ALL_INVERTERS, Symo Advanced 24.0-3 480 (1) (4E57EE), Symo Advanced 24.0-3 480 (2) (514423)",24.0,144.03,6.00125,2.0,24.0,0.0,0.0,0.0
SW28-8-11-w4,2024-08-19,site_missing_data,275.13,FRONIUS-541a9f8e-ab20-4397-85a9--G003,"ALL_INVERTERS, Symo Advanced 24.0-3 480 (1) (4E57EE), Symo Advanced 24.0-3 480 (2) (514423)",24.0,152.63,6.359583,1.109512,24.0,122.5,5.104167,0.890488
SW28-8-11-w4,2024-08-20,site_missing_data,133.98,FRONIUS-541a9f8e-ab20-4397-85a9--G003,"ALL_INVERTERS, Symo Advanced 24.0-3 480 (1) (4E57EE), Symo Advanced 24.0-3 480 (2) (514423)",24.0,133.98,5.5825,2.0,24.0,0.0,0.0,0.0
SW28-8-11-w4,2024-08-21,site_missing_data,107.36,FRONIUS-541a9f8e-ab20-4397-85a9--G003,"ALL_INVERTERS, Symo Advanced 24.0-3 480 (1) (4E57EE), Symo Advanced 24.0-3 480 (2) (514423)",24.0,107.36,4.473333,2.0,24.0,0.0,0.0,0.0
SW28-8-11-w4,2024-08-22,site_missing_data,165.58,FRONIUS-541a9f8e-ab20-4397-85a9--G003,"ALL_INVERTERS, Symo Advanced 24.0-3 480 (1) (4E57EE), Symo Advanced 24.0-3 480 (2) (514423)",24.0,165.58,6.899167,2.0,24.0,0.0,0.0,0.0
SW28-8-11-w4,2024-08-23,site_missing_data,130.36,FRONIUS-541a9f8e-ab20-4397-85a9--G003,"ALL_INVERTERS, Symo Advanced 24.0-3 480 (1) (4E57EE), Symo Advanced 24.0-3 480 (2) (514423)",24.0,130.36,5.431667,2.0,24.0,0.0,0.0,0.0
SW28-8-11-w4,2024-08-24,site_missing_data,149.46,FRONIUS-541a9f8e-ab20-4397-85a9--G003,"ALL_INVERTERS, Symo Advanced 24.0-3 480 (1) (4E57EE), Symo Advanced 24.0-3 480 (2) (514423)",24.0,149.46,6.2275,2.0,24.0,0.0,0.0,0.0
SW28-8-11-w4,2024-08-25,site_missing_data,168.1,FRONIUS-541a9f8e-ab20-4397-85a9--G003,"ALL_INVERTERS, Symo Advanced 24.0-3 480 (1) (4E57EE), Symo Advanced 24.0-3 480 (2) (514423)",24.0,168.1,7.004167,2.0,24.0,0.0,0.0,0.0
SW28-8-11-w4,2024-08-26,site_missing_data,164.15,FRONIUS-541a9f8e-ab20-4397-85a9--G003,"ALL_INVERTERS, Symo Advanced 24.0-3 480 (1) (4E57EE), Symo Advanced 24.0-3 480 (2) (514423)",24.0,164.15,6.839583,2.0,24.0,0.0,0.0,0.0
SW28-8-11-w4,2024-08-27,site_missing_data,112.69,FRONIUS-541a9f8e-ab20-4397-85a9--G003,"ALL_INVERTERS, Symo Advanced 24.0-3 480 (1) (4E57EE), Symo Advanced 24.0-3 480 (2) (514423)",24.0,112.69,4.695417,2.0,24.0,0.0,0.0,0.0
SW28-8-11-w4,2024-08-28,site_missing_data,84.91,FRONIUS-541a9f8e-ab20-4397-85a9--G003,"ALL_INVERTERS, Symo Advanced 24.0-3 480 (1) (4E57EE), Symo Advanced 24.0-3 480 (2) (514423)",24.0,84.91,3.537917,2.0,24.0,0.0,0.0,0.0
SW28-8-11-w4,2024-08-29,site_missing_data,171.38,FRONIUS-541a9f8e-ab20-4397-85a9--G003,"ALL_INVERTERS, Symo Advanced 24.0-3 480 (1) (4E57EE), Symo Advanced 24.0-3 480 (2) (514423)",24.0,171.38,7.140833,2.0,24.0,0.0,0.0,0.0
SW28-8-11-w4,2024-08-30,site_missing_data,163.69,FRONIUS-541a9f8e-ab20-4397-85a9--G003,"ALL_INVERTERS, Symo Advanced 24.0-3 480 (1) (4E57EE), Symo Advanced 24.0-3 480 (2) (514423)",24.0,163.69,6.820417,2.0,24.0,0.0,0.0,0.0
SW28-8-11-w4,2024-08-31,site_missing_data,163.01,FRONIUS-541a9f8e-ab20-4397-85a9--G003,"ALL_INVERTERS, Symo Advanced 24.0-3 480 (1) (4E57EE), Symo Advanced 24.0-3 480 (2) (514423)",24.0,163.01,6.792083,2.0,24.0,0.0,0.0,0.0
SW28-8-11-w4,2024-09-01,site_missing_data,164.86,FRONIUS-541a9f8e-ab20-4397-85a9--G003,"ALL_INVERTERS, Symo Advanced 24.0-3 480 (1) (4E57EE), Symo Advanced 24.0-3 480 (2) (514423)",24.0,164.86,6.869167,2.0,24.0,0.0,0.0,0.0
SW28-8-11-w4,2024-09-02,site_missing_data,152.53,FRONIUS-541a9f8e-ab20-4397-85a9--G003,"ALL_INVERTERS, Symo Advanced 24.0-3 480 (1) (4E57EE), Symo Advanced 24.0-3 480 (2) (514423)",24.0,152.53,6.355417,2.0,24.0,0.0,0.0,0.0
SW28-8-11-w4,2024-09-03,site_missing_data,128.37,FRONIUS-541a9f8e-ab20-4397-85a9--G003,"ALL_INVERTERS, Symo Advanced 24.0-3 480 (1) (4E57EE), Symo Advanced 24.0-3 480 (2) (514423)",24.0,128.37,5.34875,2.0,24.0,0.0,0.0,0.0
SW28-8-11-w4,2024-09-04,site_missing_data,156.64,FRONIUS-541a9f8e-ab20-4397-85a9--G003,"ALL_INVERTERS, Symo Advanced 24.0-3 480 (1) (4E57EE), Symo Advanced 24.0-3 480 (2) (514423)",24.0,156.64,6.526667,2.0,24.0,0.0,0.0,0.0
SW28-8-11-w4,2024-09-05,site_missing_data,157.81,FRONIUS-541a9f8e-ab20-4397-85a9--G003,"ALL_INVERTERS, Symo Advanced 24.0-3 480 (1) (4E57EE), Symo Advanced 24.0-3 480 (2) (514423)",24.0,157.81,6.575417,2.0,24.0,0.0,0.0,0.0
SW28-8-11-w4,2024-09-06,site_missing_data,157.81,FRONIUS-541a9f8e-ab20-4397-85a9--G003,"ALL_INVERTERS, Symo Advanced 24.0-3 480 (1) (4E57EE), Symo Advanced 24.0-3 480 (2) (514423)",24.0,0.0,0.0,,24.0,0.0,0.0,
SW28-8-11-w4,2024-09-07,site_missing_data,157.225,FRONIUS-541a9f8e-ab20-4397-85a9--G003,"ALL_INVERTERS, Symo Advanced 24.0-3 480 (1) (4E57EE), Symo Advanced 24.0-3 480 (2) (514423)",24.0,0.0,0.0,,24.0,0.0,0.0,
SW28-8-11-w4,2024-09-08,site_missing_data,156.64,FRONIUS-541a9f8e-ab20-4397-85a9--G003,"ALL_INVERTERS, Symo Advanced 24.0-3 480 (1) (4E57EE), Symo Advanced 24.0-3 480 (2) (514423)",24.0,0.0,0.0,,24.0,0.0,0.0,
SW28-8-11-w4,2024-09-09,site_missing_data,154.585,FRONIUS-541a9f8e-ab20-4397-85a9--G003,"ALL_INVERTERS, Symo Advanced 24.0-3 480 (1) (4E57EE), Symo Advanced 24.0-3 480 (2) (514423)",24.0,0.0,0.0,,24.0,0.0,0.0,
SW28-8-11-w4,2024-09-10,site_missing_data,156.64,FRONIUS-541a9f8e-ab20-4397-85a9--G003,"ALL_INVERTERS, Symo Advanced 24.0-3 480 (1) (4E57EE), Symo Advanced 24.0-3 480 (2) (514423)",24.0,0.0,0.0,,24.0,0.0,0.0,
SW28-8-11-w4,2024-09-11,site_missing_data,157.225,FRONIUS-541a9f8e-ab20-4397-85a9--G003,"ALL_INVERTERS, Symo Advanced 24.0-3 480 (1) (4E57EE), Symo Advanced 24.0-3 480 (2) (514423)",24.0,0.0,0.0,,24.0,0.0,0.0,
SW28-8-11-w4,2024-09-12,site_missing_data,157.81,FRONIUS-541a9f8e-ab20-4397-85a9--G003,"ALL_INVERTERS, Symo Advanced 24.0-3 480 (1) (4E57EE), Symo Advanced 24.0-3 480 (2) (514423)",24.0,0.0,0.0,,24.0,0.0,0.0,
SW28-8-11-w4,2024-09-13,Normal,,,,24.0,0.0,0.0,,24.0,0.0,0.0,
SW28-8-11-w4,2024-09-14,Normal,,,,24.0,0.0,0.0,,24.0,0.0,0.0,
SW28-8-11-w4,2024-09-15,Normal,,,,24.0,0.0,0.0,,24.0,0.0,0.0,
SW28-8-11-w4,2024-09-16,Normal,,,,24.0,0.0,0.0,,24.0,0.0,0.0,
SW28-8-11-w4,2024-09-17,Normal,,,,24.0,0.0,0.0,,24.0,0.0,0.0,
SW28-8-11-w4,,Marker - 195 additional day(s) without incident,,,,,,,,,,,
SW28-8-11-w4,2025-04-01,Normal,,,,24.0,0.0,0.0,,24.0,0.0,0.0,
SW28-8-11-w4,2025-04-02,Normal,,,,24.0,0.0,0.0,,24.0,0.0,0.0,
SW28-8-11-w4,2025-04-03,Normal,,,,24.0,0.0,0.0,,24.0,0.0,0.0,
SW28-8-11-w4,2025-04-04,Normal,,,,24.0,0.0,0.0,,24.0,0.0,0.0,
SW28-8-11-w4,2025-04-05,Normal,,,,24.0,0.0,0.0,,24.0,0.0,0.0,
SW28-8-11-w4,2025-04-06,site_missing_data,164.93,FRONIUS-541a9f8e-ab20-4397-85a9--G004,"ALL_INVERTERS, Symo Advanced 24.0-3 480 (1) (4E57EE), Symo Advanced 24.0-3 480 (2) (514423)",24.0,0.0,0.0,,24.0,0.0,0.0,
SW28-8-11-w4,2025-04-07,site_missing_data,173.34,FRONIUS-541a9f8e-ab20-4397-85a9--G004,"ALL_INVERTERS, Symo Advanced 24.0-3 480 (1) (4E57EE), Symo Advanced 24.0-3 480 (2) (514423)",24.0,0.0,0.0,,24.0,0.0,0.0,
SW28-8-11-w4,2025-04-08,site_missing_data,178.21,FRONIUS-541a9f8e-ab20-4397-85a9--G004,"ALL_INVERTERS, Symo Advanced 24.0-3 480 (1) (4E57EE), Symo Advanced 24.0-3 480 (2) (514423)",24.0,0.0,0.0,,24.0,0.0,0.0,
SW28-8-11-w4,2025-04-09,site_missing_data,171.57,FRONIUS-541a9f8e-ab20-4397-85a9--G004,"ALL_INVERTERS, Symo Advanced 24.0-3 480 (1) (4E57EE), Symo Advanced 24.0-3 480 (2) (514423)",24.0,0.0,0.0,,24.0,0.0,0.0,
SW28-8-11-w4,2025-04-10,site_missing_data,164.93,FRONIUS-541a9f8e-ab20-4397-85a9--G004,"ALL_INVERTERS, Symo Advanced 24.0-3 480 (1) (4E57EE), Symo Advanced 24.0-3 480 (2) (514423)",24.0,0.0,0.0,,24.0,0.0,0.0,
SW28-8-11-w4,2025-04-11,site_missing_data,171.57,FRONIUS-541a9f8e-ab20-4397-85a9--G004,"ALL_INVERTERS, Symo Advanced 24.0-3 480 (1) (4E57EE), Symo Advanced 24.0-3 480 (2) (514423)",24.0,0.0,0.0,,24.0,0.0,0.0,
SW28-8-11-w4,2025-04-12,site_missing_data,164.93,FRONIUS-541a9f8e-ab20-4397-85a9--G004,"ALL_INVERTERS, Symo Advanced 24.0-3 480 (1) (4E57EE), Symo Advanced 24.0-3 480 (2) (514423)",24.0,0.0,0.0,,24.0,0.0,0.0,
SW28-8-11-w4,2025-04-13,site_missing_data,164.93,FRONIUS-541a9f8e-ab20-4397-85a9--G004,"ALL_INVERTERS, Symo Advanced 24.0-3 480 (1) (4E57EE), Symo Advanced 24.0-3 480 (2) (514423)",24.0,164.93,6.872083,2.0,24.0,0.0,0.0,0.0
SW28-8-11-w4,2025-04-14,site_missing_data,181.75,FRONIUS-541a9f8e-ab20-4397-85a9--G004,"ALL_INVERTERS, Symo Advanced 24.0-3 480 (1) (4E57EE), Symo Advanced 24.0-3 480 (2) (514423)",24.0,181.75,7.572917,2.0,24.0,0.0,0.0,0.0
SW28-8-11-w4,2025-04-15,site_missing_data,178.21,FRONIUS-541a9f8e-ab20-4397-85a9--G004,"ALL_INVERTERS, Symo Advanced 24.0-3 480 (1) (4E57EE), Symo Advanced 24.0-3 480 (2) (514423)",24.0,178.21,7.425417,2.0,24.0,0.0,0.0,0.0
SW28-8-11-w4,2025-04-16,site_missing_data,48.26,FRONIUS-541a9f8e-ab20-4397-85a9--G004,"ALL_INVERTERS, Symo Advanced 24.0-3 480 (1) (4E57EE), Symo Advanced 24.0-3 480 (2) (514423)",24.0,48.26,2.010833,2.0,24.0,0.0,0.0,0.0
SW28-8-11-w4,2025-04-17,site_missing_data,139.21,FRONIUS-541a9f8e-ab20-4397-85a9--G004,"ALL_INVERTERS, Symo Advanced 24.0-3 480 (1) (4E57EE), Symo Advanced 24.0-3 480 (2) (514423)",24.0,139.21,5.800417,2.0,24.0,0.0,0.0,0.0
SW28-8-11-w4,2025-04-18,site_missing_data,188.28,FRONIUS-541a9f8e-ab20-4397-85a9--G004,"ALL_INVERTERS, Symo Advanced 24.0-3 480 (1) (4E57EE), Symo Advanced 24.0-3 480 (2) (514423)",24.0,188.28,7.845,2.0,24.0,0.0,0.0,0.0
SW28-8-11-w4,2025-04-19,site_missing_data,96.91,FRONIUS-541a9f8e-ab20-4397-85a9--G004,"ALL_INVERTERS, Symo Advanced 24.0-3 480 (1) (4E57EE), Symo Advanced 24.0-3 480 (2) (514423)",24.0,96.91,4.037917,2.0,24.0,0.0,0.0,0.0
SW28-8-11-w4,2025-04-20,site_missing_data,57.54,FRONIUS-541a9f8e-ab20-4397-85a9--G004,"ALL_INVERTERS, Symo Advanced 24.0-3 480 (1) (4E57EE), Symo Advanced 24.0-3 480 (2) (514423)",24.0,57.54,2.3975,2.0,24.0,0.0,0.0,0.0
SW28-8-11-w4,2025-04-21,site_missing_data,76.6,FRONIUS-541a9f8e-ab20-4397-85a9--G004,"ALL_INVERTERS, Symo Advanced 24.0-3 480 (1) (4E57EE), Symo Advanced 24.0-3 480 (2) (514423)",24.0,76.6,3.191667,2.0,24.0,0.0,0.0,0.0
SW28-8-11-w4,2025-04-22,site_missing_data,98.64,FRONIUS-541a9f8e-ab20-4397-85a9--G004,"ALL_INVERTERS, Symo Advanced 24.0-3 480 (1) (4E57EE), Symo Advanced 24.0-3 480 (2) (514423)",24.0,98.64,4.11,2.0,24.0,0.0,0.0,0.0
SW28-8-11-w4,2025-04-23,site_missing_data,158.67,FRONIUS-541a9f8e-ab20-4397-85a9--G004,"ALL_INVERTERS, Symo Advanced 24.0-3 480 (1) (4E57EE), Symo Advanced 24.0-3 480 (2) (514423)",24.0,158.67,6.61125,2.0,24.0,0.0,0.0,0.0
SW28-8-11-w4,2025-04-24,site_missing_data,189.08,FRONIUS-541a9f8e-ab20-4397-85a9--G004,"ALL_INVERTERS, Symo Advanced 24.0-3 480 (1) (4E57EE), Symo Advanced 24.0-3 480 (2) (514423)",24.0,189.08,7.878333,2.0,24.0,0.0,0.0,0.0
SW28-8-11-w4,2025-04-25,site_missing_data,193.77,FRONIUS-541a9f8e-ab20-4397-85a9--G004,"ALL_INVERTERS, Symo Advanced 24.0-3 480 (1) (4E57EE), Symo Advanced 24.0-3 480 (2) (514423)",24.0,193.77,8.07375,2.0,24.0,0.0,0.0,0.0
SW28-8-11-w4,2025-04-26,site_missing_data,185.59,FRONIUS-541a9f8e-ab20-4397-85a9--G004,"ALL_INVERTERS, Symo Advanced 24.0-3 480 (1) (4E57EE), Symo Advanced 24.0-3 480 (2) (514423)",24.0,185.59,7.732917,2.0,24.0,0.0,0.0,0.0
SW28-8-11-w4,2025-04-27,site_missing_data,191.21,FRONIUS-541a9f8e-ab20-4397-85a9--G004,"ALL_INVERTERS, Symo Advanced 24.0-3 480 (1) (4E57EE), Symo Advanced 24.0-3 480 (2) (514423)",24.0,191.21,7.967083,2.0,24.0,0.0,0.0,0.0
SW28-8-11-w4,2025-04-28,site_missing_data,186.45,FRONIUS-541a9f8e-ab20-4397-85a9--G004,"ALL_INVERTERS, Symo Advanced 24.0-3 480 (1) (4E57EE), Symo Advanced 24.0-3 480 (2) (514423)",24.0,186.45,7.76875,2.0,24.0,0.0,0.0,0.0
SW28-8-11-w4,2025-04-29,site_missing_data,103.25,FRONIUS-541a9f8e-ab20-4397-85a9--G004,"ALL_INVERTERS, Symo Advanced 24.0-3 480 (1) (4E57EE), Symo Advanced 24.0-3 480 (2) (514423)",24.0,103.25,4.302083,2.0,24.0,0.0,0.0,0.0
SW28-8-11-w4,2025-04-30,site_missing_data,162.73,FRONIUS-541a9f8e-ab20-4397-85a9--G004,"ALL_INVERTERS, Symo Advanced 24.0-3 480 (1) (4E57EE), Symo Advanced 24.0-3 480 (2) (514423)",24.0,162.73,6.780417,2.0,24.0,0.0,0.0,0.0
SW28-8-11-w4,2025-05-01,site_missing_data,186.42,FRONIUS-541a9f8e-ab20-4397-85a9--G004,"ALL_INVERTERS, Symo Advanced 24.0-3 480 (1) (4E57EE), Symo Advanced 24.0-3 480 (2) (514423)",24.0,186.42,7.7675,2.0,24.0,0.0,0.0,0.0
SW28-8-11-w4,2025-05-02,site_missing_data,182.82,FRONIUS-541a9f8e-ab20-4397-85a9--G004,"ALL_INVERTERS, Symo Advanced 24.0-3 480 (1) (4E57EE), Symo Advanced 24.0-3 480 (2) (514423)",24.0,182.82,7.6175,2.0,24.0,0.0,0.0,0.0
SW28-8-11-w4,2025-05-03,site_missing_data,179.03,FRONIUS-541a9f8e-ab20-4397-85a9--G004,"ALL_INVERTERS, Symo Advanced 24.0-3 480 (1) (4E57EE), Symo Advanced 24.0-3 480 (2) (514423)",24.0,179.03,7.459583,2.0,24.0,0.0,0.0,0.0
SW28-8-11-w4,2025-05-04,site_missing_data,63.11,FRONIUS-541a9f8e-ab20-4397-85a9--G004,"ALL_INVERTERS, Symo Advanced 24.0-3 480 (1) (4E57EE), Symo Advanced 24.0-3 480 (2) (514423)",24.0,63.11,2.629583,2.0,24.0,0.0,0.0,0.0
SW28-8-11-w4,2025-05-05,site_missing_data,173.56,FRONIUS-541a9f8e-ab20-4397-85a9--G004,"ALL_INVERTERS, Symo Advanced 24.0-3 480 (1) (4E57EE), Symo Advanced 24.0-3 480 (2) (514423)",24.0,173.56,7.231667,2.0,24.0,0.0,0.0,0.0
SW28-8-11-w4,2025-05-06,site_missing_data,191.44,FRONIUS-541a9f8e-ab20-4397-85a9--G004,"ALL_INVERTERS, Symo Advanced 24.0-3 480 (1) (4E57EE), Symo Advanced 24.0-3 480 (2) (514423)",24.0,191.44,7.976667,2.0,24.0,0.0,0.0,0.0
SW28-8-11-w4,2025-05-07,site_missing_data,185.82,FRONIUS-541a9f8e-ab20-4397-85a9--G004,"ALL_INVERTERS, Symo Advanced 24.0-3 480 (1) (4E57EE), Symo Advanced 24.0-3 480 (2) (514423)",24.0,185.82,7.7425,2.0,24.0,0.0,0.0,0.0
SW28-8-11-w4,2025-05-08,site_missing_data,188.86,FRONIUS-541a9f8e-ab20-4397-85a9--G004,"ALL_INVERTERS, Symo Advanced 24.0-3 480 (1) (4E57EE), Symo Advanced 24.0-3 480 (2) (514423)",24.0,188.86,7.869167,2.0,24.0,0.0,0.0,0.0
SW28-8-11-w4,2025-05-09,site_missing_data,162.14,FRONIUS-541a9f8e-ab20-4397-85a9--G004,"ALL_INVERTERS, Symo Advanced 24.0-3 480 (1) (4E57EE), Symo Advanced 24.0-3 480 (2) (514423)",24.0,162.14,6.755833,2.0,24.0,0.0,0.0,0.0
SW28-8-11-w4,2025-05-10,site_missing_data,148.58,FRONIUS-541a9f8e-ab20-4397-85a9--G004,"ALL_INVERTERS, Symo Advanced 24.0-3 480 (1) (4E57EE), Symo Advanced 24.0-3 480 (2) (514423)",24.0,148.58,6.190833,2.0,24.0,0.0,0.0,0.0
SW28-8-11-w4,2025-05-11,site_missing_data,123.17,FRONIUS-541a9f8e-ab20-4397-85a9--G004,"ALL_INVERTERS, Symo Advanced 24.0-3 480 (1) (4E57EE), Symo Advanced 24.0-3 480 (2) (514423)",24.0,123.17,5.132083,2.0,24.0,0.0,0.0,0.0
SW28-8-11-w4,2025-05-12,site_missing_data,142.68,FRONIUS-541a9f8e-ab20-4397-85a9--G004,"ALL_INVERTERS, Symo Advanced 24.0-3 480 (1) (4E57EE), Symo Advanced 24.0-3 480 (2) (514423)",24.0,142.68,5.945,2.0,24.0,0.0,0.0,0.0
SW28-8-11-w4,2025-05-13,site_missing_data,127.5,FRONIUS-541a9f8e-ab20-4397-85a9--G004,"ALL_INVERTERS, Symo Advanced 24.0-3 480 (1) (4E57EE), Symo Advanced 24.0-3 480 (2) (514423)",24.0,127.5,5.3125,2.0,24.0,0.0,0.0,0.0
SW28-8-11-w4,2025-05-14,site_missing_data,113.81,FRONIUS-541a9f8e-ab20-4397-85a9--G004,"ALL_INVERTERS, Symo Advanced 24.0-3 480 (1) (4E57EE), Symo Advanced 24.0-3 480 (2) (514423)",24.0,113.81,4.742083,2.0,24.0,0.0,0.0,0.0
SW28-8-11-w4,2025-05-15,site_missing_data,58.88,FRONIUS-541a9f8e-ab20-4397-85a9--G004,"ALL_INVERTERS, Symo Advanced 24.0-3 480 (1) (4E57EE), Symo Advanced 24.0-3 480 (2) (514423)",24.0,58.88,2.453333,2.0,24.0,0.0,0.0,0.0
SW28-8-11-w4,2025-05-16,site_missing_data,159.16,FRONIUS-541a9f8e-ab20-4397-85a9--G004,"ALL_INVERTERS, Symo Advanced 24.0-3 480 (1) (4E57EE), Symo Advanced 24.0-3 480 (2) (514423)",24.0,159.16,6.631667,2.0,24.0,0.0,0.0,0.0
SW28-8-11-w4,2025-05-17,site_missing_data,118.95,FRONIUS-541a9f8e-ab20-4397-85a9--G004,"ALL_INVERTERS, Symo Advanced 24.0-3 480 (1) (4E57EE), Symo Advanced 24.0-3 480 (2) (514423)",24.0,118.95,4.95625,2.0,24.0,0.0,0.0,0.0
SW28-8-11-w4,2025-05-18,site_missing_data,49.67,FRONIUS-541a9f8e-ab20-4397-85a9--G004,"ALL_INVERTERS, Symo Advanced 24.0-3 480 (1) (4E57EE), Symo Advanced 24.0-3 480 (2) (514423)",24.0,49.67,2.069583,2.0,24.0,0.0,0.0,0.0
SW28-8-11-w4,2025-05-19,site_missing_data,122.02,FRONIUS-541a9f8e-ab20-4397-85a9--G004,"ALL_INVERTERS, Symo Advanced 24.0-3 480 (1) (4E57EE), Symo Advanced 24.0-3 480 (2) (514423)",24.0,122.02,5.084167,2.0,24.0,0.0,0.0,0.0
SW28-8-11-w4,2025-05-20,site_missing_data,147.23,FRONIUS-541a9f8e-ab20-4397-85a9--G004,"ALL_INVERTERS, Symo Advanced 24.0-3 480 (1) (4E57EE), Symo Advanced 24.0-3 480 (2) (514423)",24.0,147.23,6.134583,2.0,24.0,0.0,0.0,0.0
SW28-8-11-w4,2025-05-21,site_missing_data,135.39,FRONIUS-541a9f8e-ab20-4397-85a9--G004,"ALL_INVERTERS, Symo Advanced 24.0-3 480 (1) (4E57EE), Symo Advanced 24.0-3 480 (2) (514423)",24.0,135.39,5.64125,2.0,24.0,0.0,0.0,0.0
SW28-8-11-w4,2025-05-22,site_missing_data,151.27,FRONIUS-541a9f8e-ab20-4397-85a9--G004,"ALL_INVERTERS, Symo Advanced 24.0-3 480 (1) (4E57EE), Symo Advanced 24.0-3 480 (2) (514423)",24.0,151.27,6.302917,2.0,24.0,0.0,0.0,0.0
SW28-8-11-w4,2025-05-23,site_missing_data,69.11,FRONIUS-541a9f8e-ab20-4397-85a9--G004,"ALL_INVERTERS, Symo Advanced 24.0-3 480 (1) (4E57EE), Symo Advanced 24.0-3 480 (2) (514423)",24.0,69.11,2.879583,2.0,24.0,0.0,0.0,0.0
SW28-8-11-w4,2025-05-24,site_missing_data,181.06,FRONIUS-541a9f8e-ab20-4397-85a9--G004,"ALL_INVERTERS, Symo Advanced 24.0-3 480 (1) (4E57EE), Symo Advanced 24.0-3 480 (2) (514423)",24.0,181.06,7.544167,2.0,24.0,0.0,0.0,0.0
SW28-8-11-w4,2025-05-25,site_missing_data,187.93,FRONIUS-541a9f8e-ab20-4397-85a9--G004,"ALL_INVERTERS, Symo Advanced 24.0-3 480 (1) (4E57EE), Symo Advanced 24.0-3 480 (2) (514423)",24.0,187.93,7.830417,2.0,24.0,0.0,0.0,0.0
SW28-8-11-w4,2025-05-26,site_missing_data,178.86,FRONIUS-541a9f8e-ab20-4397-85a9--G004,"ALL_INVERTERS, Symo Advanced 24.0-3 480 (1) (4E57EE), Symo Advanced 24.0-3 480 (2) (514423)",24.0,178.86,7.4525,2.0,24.0,0.0,0.0,0.0
SW28-8-11-w4,2025-05-27,site_missing_data,184.09,FRONIUS-541a9f8e-ab20-4397-85a9--G004,"ALL_INVERTERS, Symo Advanced 24.0-3 480 (1) (4E57EE), Symo Advanced 24.0-3 480 (2) (514423)",24.0,184.09,7.670417,2.0,24.0,0.0,0.0,0.0
SW28-8-11-w4,2025-05-28,site_missing_data,172.4,FRONIUS-541a9f8e-ab20-4397-85a9--G004,"ALL_INVERTERS, Symo Advanced 24.0-3 480 (1) (4E57EE), Symo Advanced 24.0-3 480 (2) (514423)",24.0,172.4,7.183333,2.0,24.0,0.0,0.0,0.0
SW28-8-11-w4,2025-05-29,site_missing_data,185.21,FRONIUS-541a9f8e-ab20-4397-85a9--G004,"ALL_INVERTERS, Symo Advanced 24.0-3 480 (1) (4E57EE), Symo Advanced 24.0-3 480 (2) (514423)",24.0,185.21,7.717083,2.0,24.0,0.0,0.0,0.0
SW28-8-11-w4,2025-05-30,site_missing_data,187.58,FRONIUS-541a9f8e-ab20-4397-85a9--G004,"ALL_INVERTERS, Symo Advanced 24.0-3 480 (1) (4E57EE), Symo Advanced 24.0-3 480 (2) (514423)",24.0,187.58,7.815833,2.0,24.0,0.0,0.0,0.0
SW28-8-11-w4,2025-05-31,site_missing_data,165.07,FRONIUS-541a9f8e-ab20-4397-85a9--G004,"ALL_INVERTERS, Symo Advanced 24.0-3 480 (1) (4E57EE), Symo Advanced 24.0-3 480 (2) (514423)",24.0,165.07,6.877917,2.0,24.0,0.0,0.0,0.0
SW28-8-11-w4,2025-06-01,site_missing_data,188.66,FRONIUS-541a9f8e-ab20-4397-85a9--G004,"ALL_INVERTERS, Symo Advanced 24.0-3 480 (1) (4E57EE), Symo Advanced 24.0-3 480 (2) (514423)",24.0,188.66,7.860833,2.0,24.0,0.0,0.0,0.0
SW28-8-11-w4,2025-06-02,site_missing_data,109.75,FRONIUS-541a9f8e-ab20-4397-85a9--G004,"ALL_INVERTERS, Symo Advanced 24.0-3 480 (1) (4E57EE), Symo Advanced 24.0-3 480 (2) (514423)",24.0,109.75,4.572917,2.0,24.0,0.0,0.0,0.0
SW28-8-11-w4,2025-06-03,site_missing_data,142.16,FRONIUS-541a9f8e-ab20-4397-85a9--G004,"ALL_INVERTERS, Symo Advanced 24.0-3 480 (1) (4E57EE), Symo Advanced 24.0-3 480 (2) (514423)",24.0,142.16,5.923333,2.0,24.0,0.0,0.0,0.0
SW28-8-11-w4,2025-06-04,site_missing_data,186.54,FRONIUS-541a9f8e-ab20-4397-85a9--G004,"ALL_INVERTERS, Symo Advanced 24.0-3 480 (1) (4E57EE), Symo Advanced 24.0-3 480 (2) (514423)",24.0,186.54,7.7725,2.0,24.0,0.0,0.0,0.0
SW28-8-11-w4,2025-06-05,site_missing_data,176.92,FRONIUS-541a9f8e-ab20-4397-85a9--G004,"ALL_INVERTERS, Symo Advanced 24.0-3 480 (1) (4E57EE), Symo Advanced 24.0-3 480 (2) (514423)",24.0,176.92,7.371667,2.0,24.0,0.0,0.0,0.0
SW28-8-11-w4,2025-06-06,site_missing_data,142.99,FRONIUS-541a9f8e-ab20-4397-85a9--G004,"ALL_INVERTERS, Symo Advanced 24.0-3 480 (1) (4E57EE), Symo Advanced 24.0-3 480 (2) (514423)",24.0,142.99,5.957917,2.0,24.0,0.0,0.0,0.0
SW28-8-11-w4,2025-06-07,site_missing_data,103.97,FRONIUS-541a9f8e-ab20-4397-85a9--G004,"ALL_INVERTERS, Symo Advanced 24.0-3 480 (1) (4E57EE), Symo Advanced 24.0-3 480 (2) (514423)",24.0,103.97,4.332083,2.0,24.0,0.0,0.0,0.0
SW28-8-11-w4,2025-06-08,site_missing_data,182.65,FRONIUS-541a9f8e-ab20-4397-85a9--G004,"ALL_INVERTERS, Symo Advanced 24.0-3 480 (1) (4E57EE), Symo Advanced 24.0-3 480 (2) (514423)",24.0,182.65,7.610417,2.0,24.0,0.0,0.0,0.0
SW28-8-11-w4,2025-06-09,site_missing_data,183.9,FRONIUS-541a9f8e-ab20-4397-85a9--G004,"ALL_INVERTERS, Symo Advanced 24.0-3 480 (1) (4E57EE), Symo Advanced 24.0-3 480 (2) (514423)",24.0,183.9,7.6625,2.0,24.0,0.0,0.0,0.0
SW28-8-11-w4,2025-06-10,site_missing_data,180.52,FRONIUS-541a9f8e-ab20-4397-85a9--G004,"ALL_INVERTERS, Symo Advanced 24.0-3 480 (1) (4E57EE), Symo Advanced 24.0-3 480 (2) (514423)",24.0,180.52,7.521667,2.0,24.0,0.0,0.0,0.0
SW28-8-11-w4,2025-06-11,site_missing_data,167.61,FRONIUS-541a9f8e-ab20-4397-85a9--G004,"ALL_INVERTERS, Symo Advanced 24.0-3 480 (1) (4E57EE), Symo Advanced 24.0-3 480 (2) (514423)",24.0,167.61,6.98375,2.0,24.0,0.0,0.0,0.0
SW28-8-11-w4,2025-06-12,site_missing_data,44.24,FRONIUS-541a9f8e-ab20-4397-85a9--G004,"ALL_INVERTERS, Symo Advanced 24.0-3 480 (1) (4E57EE), Symo Advanced 24.0-3 480 (2) (514423)",24.0,44.24,1.843333,2.0,24.0,0.0,0.0,0.0
SW28-8-11-w4,2025-06-13,site_missing_data,143.95,FRONIUS-541a9f8e-ab20-4397-85a9--G004,"ALL_INVERTERS, Symo Advanced 24.0-3 480 (1) (4E57EE), Symo Advanced 24.0-3 480 (2) (514423)",24.0,143.95,5.997917,2.0,24.0,0.0,0.0,0.0
SW28-8-11-w4,2025-06-14,site_missing_data,176.2,FRONIUS-541a9f8e-ab20-4397-85a9--G004,"ALL_INVERTERS, Symo Advanced 24.0-3 480 (1) (4E57EE), Symo Advanced 24.0-3 480 (2) (514423)",24.0,176.2,7.341667,2.0,24.0,0.0,0.0,0.0
SW28-8-11-w4,2025-06-15,site_missing_data,169.52,FRONIUS-541a9f8e-ab20-4397-85a9--G004,"ALL_INVERTERS, Symo Advanced 24.0-3 480 (1) (4E57EE), Symo Advanced 24.0-3 480 (2) (514423)",24.0,169.52,7.063333,2.0,24.0,0.0,0.0,0.0
SW28-8-11-w4,2025-06-16,site_missing_data,184.25,FRONIUS-541a9f8e-ab20-4397-85a9--G004,"ALL_INVERTERS, Symo Advanced 24.0-3 480 (1) (4E57EE), Symo Advanced 24.0-3 480 (2) (514423)",24.0,184.25,7.677083,2.0,24.0,0.0,0.0,0.0
SW28-8-11-w4,2025-06-17,site_missing_data,179.4,FRONIUS-541a9f8e-ab20-4397-85a9--G004,"ALL_INVERTERS, Symo Advanced 24.0-3 480 (1) (4E57EE), Symo Advanced 24.0-3 480 (2) (514423)",24.0,179.4,7.475,2.0,24.0,0.0,0.0,0.0
SW28-8-11-w4,2025-06-18,site_missing_data,176.12,FRONIUS-541a9f8e-ab20-4397-85a9--G004,"ALL_INVERTERS, Symo Advanced 24.0-3 480 (1) (4E57EE), Symo Advanced 24.0-3 480 (2) (514423)",24.0,176.12,7.338333,2.0,24.0,0.0,0.0,0.0
SW28-8-11-w4,2025-06-19,site_missing_data,188.81,FRONIUS-541a9f8e-ab20-4397-85a9--G004,"ALL_INVERTERS, Symo Advanced 24.0-3 480 (1) (4E57EE), Symo Advanced 24.0-3 480 (2) (514423)",24.0,188.81,7.867083,2.0,24.0,0.0,0.0,0.0
SW28-8-11-w4,2025-06-20,site_missing_data,29.46,FRONIUS-541a9f8e-ab20-4397-85a9--G004,"ALL_INVERTERS, Symo Advanced 24.0-3 480 (1) (4E57EE), Symo Advanced 24.0-3 480 (2) (514423)",24.0,29.46,1.2275,2.0,24.0,0.0,0.0,0.0
SW28-8-11-w4,2025-06-21,site_missing_data,64.09,FRONIUS-541a9f8e-ab20-4397-85a9--G004,"ALL_INVERTERS, Symo Advanced 24.0-3 480 (1) (4E57EE), Symo Advanced 24.0-3 480 (2) (514423)",24.0,64.09,2.670417,2.0,24.0,0.0,0.0,0.0
SW28-8-11-w4,2025-06-22,site_missing_data,58.19,FRONIUS-541a9f8e-ab20-4397-85a9--G004,"ALL_INVERTERS, Symo Advanced 24.0-3 480 (1) (4E57EE), Symo Advanced 24.0-3 480 (2) (514423)",24.0,58.19,2.424583,2.0,24.0,0.0,0.0,0.0
SW28-8-11-w4,2025-06-23,site_missing_data,176.81,FRONIUS-541a9f8e-ab20-4397-85a9--G004,"ALL_INVERTERS, Symo Advanced 24.0-3 480 (1) (4E57EE), Symo Advanced 24.0-3 480 (2) (514423)",24.0,176.81,7.367083,2.0,24.0,0.0,0.0,0.0
SW28-8-11-w4,2025-06-24,site_missing_data,180.97,FRONIUS-541a9f8e-ab20-4397-85a9--G004,"ALL_INVERTERS, Symo Advanced 24.0-3 480 (1) (4E57EE), Symo Advanced 24.0-3 480 (2) (514423)",24.0,180.97,7.540417,2.0,24.0,0.0,0.0,0.0
SW28-8-11-w4,2025-06-25,site_missing_data,181.9,FRONIUS-541a9f8e-ab20-4397-85a9--G004,"ALL_INVERTERS, Symo Advanced 24.0-3 480 (1) (4E57EE), Symo Advanced 24.0-3 480 (2) (514423)",24.0,181.9,7.579167,2.0,24.0,0.0,0.0,0.0
SW28-8-11-w4,2025-06-26,site_missing_data,151.82,FRONIUS-541a9f8e-ab20-4397-85a9--G004,"ALL_INVERTERS, Symo Advanced 24.0-3 480 (1) (4E57EE), Symo Advanced 24.0-3 480 (2) (514423)",24.0,151.82,6.325833,2.0,24.0,0.0,0.0,0.0
SW28-8-11-w4,2025-06-27,site_missing_data,175.04,FRONIUS-541a9f8e-ab20-4397-85a9--G004,"ALL_INVERTERS, Symo Advanced 24.0-3 480 (1) (4E57EE), Symo Advanced 24.0-3 480 (2) (514423)",24.0,175.04,7.293333,2.0,24.0,0.0,0.0,0.0
SW28-8-11-w4,2025-06-28,site_missing_data,159.3,FRONIUS-541a9f8e-ab20-4397-85a9--G004,"ALL_INVERTERS, Symo Advanced 24.0-3 480 (1) (4E57EE), Symo Advanced 24.0-3 480 (2) (514423)",24.0,159.3,6.6375,2.0,24.0,0.0,0.0,0.0
SW28-8-11-w4,2025-06-29,site_missing_data,179.44,FRONIUS-541a9f8e-ab20-4397-85a9--G004,"ALL_INVERTERS, Symo Advanced 24.0-3 480 (1) (4E57EE), Symo Advanced 24.0-3 480 (2) (514423)",24.0,179.44,7.476667,2.0,24.0,0.0,0.0,0.0
SW28-8-11-w4,2025-06-30,site_missing_data,184.59,FRONIUS-541a9f8e-ab20-4397-85a9--G004,"ALL_INVERTERS, Symo Advanced 24.0-3 480 (1) (4E57EE), Symo Advanced 24.0-3 480 (2) (514423)",24.0,184.59,7.69125,2.0,24.0,0.0,0.0,0.0
SW28-8-11-w4,2025-07-01,site_missing_data,179.89,FRONIUS-541a9f8e-ab20-4397-85a9--G004,"ALL_INVERTERS, Symo Advanced 24.0-3 480 (1) (4E57EE), Symo Advanced 24.0-3 480 (2) (514423)",24.0,179.89,7.495417,2.0,24.0,0.0,0.0,0.0
SW28-8-11-w4,2025-07-02,site_missing_data,157.48,FRONIUS-541a9f8e-ab20-4397-85a9--G004,"ALL_INVERTERS, Symo Advanced 24.0-3 480 (1) (4E57EE), Symo Advanced 24.0-3 480 (2) (514423)",24.0,157.48,6.561667,2.0,24.0,0.0,0.0,0.0
SW28-8-11-w4,2025-07-03,site_missing_data,185.12,FRONIUS-541a9f8e-ab20-4397-85a9--G004,"ALL_INVERTERS, Symo Advanced 24.0-3 480 (1) (4E57EE), Symo Advanced 24.0-3 480 (2) (514423)",24.0,185.12,7.713333,2.0,24.0,0.0,0.0,0.0
SW28-8-11-w4,2025-07-04,site_missing_data,173.42,FRONIUS-541a9f8e-ab20-4397-85a9--G004,"ALL_INVERTERS, Symo Advanced 24.0-3 480 (1) (4E57EE), Symo Advanced 24.0-3 480 (2) (514423)",24.0,173.42,7.225833,2.0,24.0,0.0,0.0,0.0
SW28-8-11-w4,2025-07-05,site_missing_data,60.4,FRONIUS-541a9f8e-ab20-4397-85a9--G004,"ALL_INVERTERS, Symo Advanced 24.0-3 480 (1) (4E57EE), Symo Advanced 24.0-3 480 (2) (514423)",24.0,60.4,2.516667,2.0,24.0,0.0,0.0,0.0
SW28-8-11-w4,2025-07-06,site_missing_data,141.1,FRONIUS-541a9f8e-ab20-4397-85a9--G004,"ALL_INVERTERS, Symo Advanced 24.0-3 480 (1) (4E57EE), Symo Advanced 24.0-3 480 (2) (514423)",24.0,141.1,5.879167,2.0,24.0,0.0,0.0,0.0
SW28-8-11-w4,2025-07-07,site_missing_data,177.7,FRONIUS-541a9f8e-ab20-4397-85a9--G004,"ALL_INVERTERS, Symo Advanced 24.0-3 480 (1) (4E57EE), Symo Advanced 24.0-3 480 (2) (514423)",24.0,177.7,7.404167,2.0,24.0,0.0,0.0,0.0
SW28-8-11-w4,2025-07-08,site_missing_data,179.45,FRONIUS-541a9f8e-ab20-4397-85a9--G004,"ALL_INVERTERS, Symo Advanced 24.0-3 480 (1) (4E57EE), Symo Advanced 24.0-3 480 (2) (514423)",24.0,179.45,7.477083,2.0,24.0,0.0,0.0,0.0
SW28-8-11-w4,2025-07-09,site_missing_data,169.86,FRONIUS-541a9f8e-ab20-4397-85a9--G004,"ALL_INVERTERS, Symo Advanced 24.0-3 480 (1) (4E57EE), Symo Advanced 24.0-3 480 (2) (514423)",24.0,169.86,7.0775,2.0,24.0,0.0,0.0,0.0
SW28-8-11-w4,2025-07-10,site_missing_data,82.49,FRONIUS-541a9f8e-ab20-4397-85a9--G004,"ALL_INVERTERS, Symo Advanced 24.0-3 480 (1) (4E57EE), Symo Advanced 24.0-3 480 (2) (514423)",24.0,82.49,3.437083,2.0,24.0,0.0,0.0,0.0
SW28-8-11-w4,2025-07-11,site_missing_data,179.02,FRONIUS-541a9f8e-ab20-4397-85a9--G004,"ALL_INVERTERS, Symo Advanced 24.0-3 480 (1) (4E57EE), Symo Advanced 24.0-3 480 (2) (514423)",24.0,179.02,7.459167,2.0,24.0,0.0,0.0,0.0
SW28-8-11-w4,2025-07-12,site_missing_data,170.47,FRONIUS-541a9f8e-ab20-4397-85a9--G004,"ALL_INVERTERS, Symo Advanced 24.0-3 480 (1) (4E57EE), Symo Advanced 24.0-3 480 (2) (514423)",24.0,170.47,7.102917,2.0,24.0,0.0,0.0,0.0
SW28-8-11-w4,2025-07-13,site_missing_data,165.13,FRONIUS-541a9f8e-ab20-4397-85a9--G004,"ALL_INVERTERS, Symo Advanced 24.0-3 480 (1) (4E57EE), Symo Advanced 24.0-3 480 (2) (514423)",24.0,165.13,6.880417,2.0,24.0,0.0,0.0,0.0
SW28-8-11-w4,2025-07-14,site_missing_data,23.48,FRONIUS-541a9f8e-ab20-4397-85a9--G004,"ALL_INVERTERS, Symo Advanced 24.0-3 480 (1) (4E57EE), Symo Advanced 24.0-3 480 (2) (514423)",24.0,23.48,0.978333,2.0,24.0,0.0,0.0,0.0
SW28-8-11-w4,2025-07-15,site_missing_data,81.5,FRONIUS-541a9f8e-ab20-4397-85a9--G004,"ALL_INVERTERS, Symo Advanced 24.0-3 480 (1) (4E57EE), Symo Advanced 24.0-3 480 (2) (514423)",24.0,81.5,3.395833,2.0,24.0,0.0,0.0,0.0
SW28-8-11-w4,2025-07-16,site_missing_data,163.14,FRONIUS-541a9f8e-ab20-4397-85a9--G004,"ALL_INVERTERS, Symo Advanced 24.0-3 480 (1) (4E57EE), Symo Advanced 24.0-3 480 (2) (514423)",24.0,163.14,6.7975,2.0,24.0,0.0,0.0,0.0
SW28-8-11-w4,2025-07-17,site_missing_data,134.86,FRONIUS-541a9f8e-ab20-4397-85a9--G004,"ALL_INVERTERS, Symo Advanced 24.0-3 480 (1) (4E57EE), Symo Advanced 24.0-3 480 (2) (514423)",24.0,78.35,3.264583,1.161946,24.0,56.51,2.354583,0.838054
SW28-8-11-w4,2025-07-18,site_missing_data,341.14,FRONIUS-541a9f8e-ab20-4397-85a9--G004,"ALL_INVERTERS, Symo Advanced 24.0-3 480 (1) (4E57EE), Symo Advanced 24.0-3 480 (2) (514423)",24.0,171.84,7.16,1.007446,24.0,169.3,7.054167,0.992554
SW28-8-11-w4,2025-07-19,site_missing_data,249.45,FRONIUS-541a9f8e-ab20-4397-85a9--G004,"ALL_INVERTERS, Symo Advanced 24.0-3 480 (1) (4E57EE), Symo Advanced 24.0-3 480 (2) (514423)",24.0,125.44,5.226667,1.005733,24.0,124.01,5.167083,0.994267
SW28-8-11-w4,2025-07-20,site_missing_data,347.55,FRONIUS-541a9f8e-ab20-4397-85a9--G004,"ALL_INVERTERS, Symo Advanced 24.0-3 480 (1) (4E57EE), Symo Advanced 24.0-3 480 (2) (514423)",24.0,174.23,7.259583,1.002618,24.0,173.32,7.221667,0.997382
SW28-8-11-w4,2025-07-21,site_missing_data,57.04,FRONIUS-541a9f8e-ab20-4397-85a9--G004,"ALL_INVERTERS, Symo Advanced 24.0-3 480 (1) (4E57EE), Symo Advanced 24.0-3 480 (2) (514423)",24.0,57.04,2.376667,2.0,24.0,0.0,0.0,0.0
SW28-8-11-w4,2025-07-22,site_missing_data,57.93,FRONIUS-541a9f8e-ab20-4397-85a9--G004,"ALL_INVERTERS, Symo Advanced 24.0-3 480 (1) (4E57EE), Symo Advanced 24.0-3 480 (2) (514423)",24.0,28.83,1.20125,0.995339,24.0,29.1,1.2125,1.004661
SW28-8-11-w4,2025-07-23,site_missing_data,128.65,FRONIUS-541a9f8e-ab20-4397-85a9--G004,"ALL_INVERTERS, Symo Advanced 24.0-3 480 (1) (4E57EE), Symo Advanced 24.0-3 480 (2) (514423)",24.0,128.65,5.360417,2.0,24.0,0.0,0.0,0.0
SW28-8-11-w4,2025-07-24,site_missing_data,178.43,FRONIUS-541a9f8e-ab20-4397-85a9--G004,"ALL_INVERTERS, Symo Advanced 24.0-3 480 (1) (4E57EE), Symo Advanced 24.0-3 480 (2) (514423)",24.0,178.43,7.434583,2.0,24.0,0.0,0.0,0.0
SW28-8-11-w4,2025-07-25,site_missing_data,176.83,FRONIUS-541a9f8e-ab20-4397-85a9--G004,"ALL_INVERTERS, Symo Advanced 24.0-3 480 (1) (4E57EE), Symo Advanced 24.0-3 480 (2) (514423)",24.0,176.83,7.367917,2.0,24.0,0.0,0.0,0.0
SW28-8-11-w4,2025-07-26,site_missing_data,166.8,FRONIUS-541a9f8e-ab20-4397-85a9--G004,"ALL_INVERTERS, Symo Advanced 24.0-3 480 (1) (4E57EE), Symo Advanced 24.0-3 480 (2) (514423)",24.0,166.8,6.95,2.0,24.0,0.0,0.0,0.0
SW28-8-11-w4,2025-07-27,site_missing_data,170.5,FRONIUS-541a9f8e-ab20-4397-85a9--G004,"ALL_INVERTERS, Symo Advanced 24.0-3 480 (1) (4E57EE), Symo Advanced 24.0-3 480 (2) (514423)",24.0,170.5,7.104167,2.0,24.0,0.0,0.0,0.0
SW28-8-11-w4,2025-07-28,site_missing_data,102.58,FRONIUS-541a9f8e-ab20-4397-85a9--G004,"ALL_INVERTERS, Symo Advanced 24.0-3 480 (1) (4E57EE), Symo Advanced 24.0-3 480 (2) (514423)",24.0,102.58,4.274167,2.0,24.0,0.0,0.0,0.0
SW28-8-11-w4,2025-07-29,site_missing_data,165.78,FRONIUS-541a9f8e-ab20-4397-85a9--G004,"ALL_INVERTERS, Symo Advanced 24.0-3 480 (1) (4E57EE), Symo Advanced 24.0-3 480 (2) (514423)",24.0,165.78,6.9075,2.0,24.0,0.0,0.0,0.0
SW28-8-11-w4,2025-07-30,site_missing_data,174.6,FRONIUS-541a9f8e-ab20-4397-85a9--G004,"ALL_INVERTERS, Symo Advanced 24.0-3 480 (1) (4E57EE), Symo Advanced 24.0-3 480 (2) (514423)",24.0,174.6,7.275,2.0,24.0,0.0,0.0,0.0
SW28-8-11-w4,2025-07-31,site_missing_data,178.73,FRONIUS-541a9f8e-ab20-4397-85a9--G004,"ALL_INVERTERS, Symo Advanced 24.0-3 480 (1) (4E57EE), Symo Advanced 24.0-3 480 (2) (514423)",24.0,178.73,7.447083,2.0,24.0,0.0,0.0,0.0
SW28-8-11-w4,2025-08-01,site_missing_data,141.94,FRONIUS-541a9f8e-ab20-4397-85a9--G004,"ALL_INVERTERS, Symo Advanced 24.0-3 480 (1) (4E57EE), Symo Advanced 24.0-3 480 (2) (514423)",24.0,141.94,5.914167,2.0,24.0,0.0,0.0,0.0
SW28-8-11-w4,2025-08-02,site_missing_data,103.11,FRONIUS-541a9f8e-ab20-4397-85a9--G004,"ALL_INVERTERS, Symo Advanced 24.0-3 480 (1) (4E57EE), Symo Advanced 24.0-3 480 (2) (514423)",24.0,103.11,4.29625,2.0,24.0,0.0,0.0,0.0
SW28-8-11-w4,2025-08-03,site_missing_data,84.48,FRONIUS-541a9f8e-ab20-4397-85a9--G004,"ALL_INVERTERS, Symo Advanced 24.0-3 480 (1) (4E57EE), Symo Advanced 24.0-3 480 (2) (514423)",24.0,84.48,3.52,2.0,24.0,0.0,0.0,0.0
SW28-8-11-w4,2025-08-04,site_missing_data,101.13,FRONIUS-541a9f8e-ab20-4397-85a9--G004,"ALL_INVERTERS, Symo Advanced 24.0-3 480 (1) (4E57EE), Symo Advanced 24.0-3 480 (2) (514423)",24.0,101.13,4.21375,2.0,24.0,0.0,0.0,0.0
SW28-8-11-w4,2025-08-05,site_missing_data,112.05,FRONIUS-541a9f8e-ab20-4397-85a9--G004,"ALL_INVERTERS, Symo Advanced 24.0-3 480 (1) (4E57EE), Symo Advanced 24.0-3 480 (2) (514423)",24.0,112.05,4.66875,2.0,24.0,0.0,0.0,0.0
SW28-8-11-w4,2025-08-06,site_missing_data,154.66,FRONIUS-541a9f8e-ab20-4397-85a9--G004,"ALL_INVERTERS, Symo Advanced 24.0-3 480 (1) (4E57EE), Symo Advanced 24.0-3 480 (2) (514423)",24.0,154.66,6.444167,2.0,24.0,0.0,0.0,0.0
SW28-8-11-w4,2025-08-07,site_missing_data,131.91,FRONIUS-541a9f8e-ab20-4397-85a9--G004,"ALL_INVERTERS, Symo Advanced 24.0-3 480 (1) (4E57EE), Symo Advanced 24.0-3 480 (2) (514423)",24.0,131.91,5.49625,2.0,24.0,0.0,0.0,0.0
SW28-8-11-w4,2025-08-08,site_missing_data,37.14,FRONIUS-541a9f8e-ab20-4397-85a9--G004,"ALL_INVERTERS, Symo Advanced 24.0-3 480 (1) (4E57EE), Symo Advanced 24.0-3 480 (2) (514423)",24.0,37.14,1.5475,2.0,24.0,0.0,0.0,0.0
SW28-8-11-w4,2025-08-09,site_missing_data,119.91,FRONIUS-541a9f8e-ab20-4397-85a9--G004,"ALL_INVERTERS, Symo Advanced 24.0-3 480 (1) (4E57EE), Symo Advanced 24.0-3 480 (2) (514423)",24.0,119.91,4.99625,2.0,24.0,0.0,0.0,0.0
SW28-8-11-w4,2025-08-10,site_missing_data,169.87,FRONIUS-541a9f8e-ab20-4397-85a9--G004,"ALL_INVERTERS, Symo Advanced 24.0-3 480 (1) (4E57EE), Symo Advanced 24.0-3 480 (2) (514423)",24.0,169.87,7.077917,2.0,24.0,0.0,0.0,0.0
SW28-8-11-w4,2025-08-11,site_missing_data,116.14,FRONIUS-541a9f8e-ab20-4397-85a9--G004,"ALL_INVERTERS, Symo Advanced 24.0-3 480 (1) (4E57EE), Symo Advanced 24.0-3 480 (2) (514423)",24.0,116.14,4.839167,2.0,24.0,0.0,0.0,0.0
SW28-8-11-w4,2025-08-12,site_missing_data,159.36,FRONIUS-541a9f8e-ab20-4397-85a9--G004,"ALL_INVERTERS, Symo Advanced 24.0-3 480 (1) (4E57EE), Symo Advanced 24.0-3 480 (2) (514423)",24.0,159.36,6.64,2.0,24.0,0.0,0.0,0.0
SW28-8-11-w4,2025-08-13,site_missing_data,160.91,FRONIUS-541a9f8e-ab20-4397-85a9--G004,"ALL_INVERTERS, Symo Advanced 24.0-3 480 (1) (4E57EE), Symo Advanced 24.0-3 480 (2) (514423)",24.0,160.9,6.704167,1.999876,24.0,0.01,0.000417,0.000124
SW28-8-11-w4,2025-08-14,site_missing_data,123.76,FRONIUS-541a9f8e-ab20-4397-85a9--G004,"ALL_INVERTERS, Symo Advanced 24.0-3 480 (1) (4E57EE), Symo Advanced 24.0-3 480 (2) (514423)",24.0,123.76,5.156667,2.0,24.0,0.0,0.0,0.0
SW28-8-11-w4,2025-08-15,site_missing_data,153.12,FRONIUS-541a9f8e-ab20-4397-85a9--G004,"ALL_INVERTERS, Symo Advanced 24.0-3 480 (1) (4E57EE), Symo Advanced 24.0-3 480 (2) (514423)",24.0,115.95,4.83125,1.514498,24.0,37.17,1.54875,0.485502
SW28-8-11-w4,2025-08-16,site_missing_data,185.46,FRONIUS-541a9f8e-ab20-4397-85a9--G004,"ALL_INVERTERS, Symo Advanced 24.0-3 480 (1) (4E57EE), Symo Advanced 24.0-3 480 (2) (514423)",24.0,140.71,5.862917,1.517416,24.0,44.75,1.864583,0.482584
SW28-8-11-w4,2025-08-17,site_missing_data,162.43,FRONIUS-541a9f8e-ab20-4397-85a9--G004,"ALL_INVERTERS, Symo Advanced 24.0-3 480 (1) (4E57EE), Symo Advanced 24.0-3 480 (2) (514423)",24.0,162.43,6.767917,2.0,24.0,0.0,0.0,0.0
SW28-8-11-w4,2025-08-18,site_missing_data,164.96,FRONIUS-541a9f8e-ab20-4397-85a9--G004,"ALL_INVERTERS, Symo Advanced 24.0-3 480 (1) (4E57EE), Symo Advanced 24.0-3 480 (2) (514423)",24.0,164.96,6.873333,2.0,24.0,0.0,0.0,0.0
SW28-8-11-w4,2025-08-19,site_missing_data,162.45,FRONIUS-541a9f8e-ab20-4397-85a9--G004,"ALL_INVERTERS, Symo Advanced 24.0-3 480 (1) (4E57EE), Symo Advanced 24.0-3 480 (2) (514423)",24.0,162.45,6.76875,2.0,24.0,0.0,0.0,0.0
SW28-8-11-w4,2025-08-20,site_missing_data,159.23,FRONIUS-541a9f8e-ab20-4397-85a9--G004,"ALL_INVERTERS, Symo Advanced 24.0-3 480 (1) (4E57EE), Symo Advanced 24.0-3 480 (2) (514423)",24.0,159.23,6.634583,2.0,24.0,0.0,0.0,0.0
SW28-8-11-w4,2025-08-21,site_missing_data,171.84,FRONIUS-541a9f8e-ab20-4397-85a9--G004,"ALL_INVERTERS, Symo Advanced 24.0-3 480 (1) (4E57EE), Symo Advanced 24.0-3 480 (2) (514423)",24.0,171.84,7.16,2.0,24.0,0.0,0.0,0.0
SW28-8-11-w4,2025-08-22,site_missing_data,169.62,FRONIUS-541a9f8e-ab20-4397-85a9--G004,"ALL_INVERTERS, Symo Advanced 24.0-3 480 (1) (4E57EE), Symo Advanced 24.0-3 480 (2) (514423)",24.0,169.62,7.0675,2.0,24.0,0.0,0.0,0.0
SW28-8-11-w4,2025-08-23,site_missing_data,168.72,FRONIUS-541a9f8e-ab20-4397-85a9--G004,"ALL_INVERTERS, Symo Advanced 24.0-3 480 (1) (4E57EE), Symo Advanced 24.0-3 480 (2) (514423)",24.0,168.72,7.03,2.0,24.0,0.0,0.0,0.0
SW28-8-11-w4,2025-08-24,site_missing_data,169.1,FRONIUS-541a9f8e-ab20-4397-85a9--G004,"ALL_INVERTERS, Symo Advanced 24.0-3 480 (1) (4E57EE), Symo Advanced 24.0-3 480 (2) (514423)",24.0,169.1,7.045833,2.0,24.0,0.0,0.0,0.0
SW28-8-11-w4,2025-08-25,site_missing_data,163.59,FRONIUS-541a9f8e-ab20-4397-85a9--G004,"ALL_INVERTERS, Symo Advanced 24.0-3 480 (1) (4E57EE), Symo Advanced 24.0-3 480 (2) (514423)",24.0,163.59,6.81625,2.0,24.0,0.0,0.0,0.0
SW28-8-11-w4,2025-08-26,site_missing_data,162.97,FRONIUS-541a9f8e-ab20-4397-85a9--G004,"ALL_INVERTERS, Symo Advanced 24.0-3 480 (1) (4E57EE), Symo Advanced 24.0-3 480 (2) (514423)",24.0,162.97,6.790417,2.0,24.0,0.0,0.0,0.0
SW28-8-11-w4,2025-08-27,site_missing_data,156.27,FRONIUS-541a9f8e-ab20-4397-85a9--G004,"ALL_INVERTERS, Symo Advanced 24.0-3 480 (1) (4E57EE), Symo Advanced 24.0-3 480 (2) (514423)",24.0,156.27,6.51125,2.0,24.0,0.0,0.0,0.0
SW28-8-11-w4,2025-08-28,site_missing_data,57.51,FRONIUS-541a9f8e-ab20-4397-85a9--G004,"ALL_INVERTERS, Symo Advanced 24.0-3 480 (1) (4E57EE), Symo Advanced 24.0-3 480 (2) (514423)",24.0,57.51,2.39625,2.0,24.0,0.0,0.0,0.0
SW28-8-11-w4,2025-08-29,site_missing_data,84.7,FRONIUS-541a9f8e-ab20-4397-85a9--G004,"ALL_INVERTERS, Symo Advanced 24.0-3 480 (1) (4E57EE), Symo Advanced 24.0-3 480 (2) (514423)",24.0,84.7,3.529167,2.0,24.0,0.0,0.0,0.0
SW28-8-11-w4,2025-08-30,site_missing_data,164.22,FRONIUS-541a9f8e-ab20-4397-85a9--G004,"ALL_INVERTERS, Symo Advanced 24.0-3 480 (1) (4E57EE), Symo Advanced 24.0-3 480 (2) (514423)",24.0,164.22,6.8425,2.0,24.0,0.0,0.0,0.0
SW28-8-11-w4,2025-08-31,site_missing_data,162.45,FRONIUS-541a9f8e-ab20-4397-85a9--G004,"ALL_INVERTERS, Symo Advanced 24.0-3 480 (1) (4E57EE), Symo Advanced 24.0-3 480 (2) (514423)",24.0,162.45,6.76875,2.0,24.0,0.0,0.0,0.0
SW28-8-11-w4,2025-09-01,site_missing_data,152.36,FRONIUS-541a9f8e-ab20-4397-85a9--G004,"ALL_INVERTERS, Symo Advanced 24.0-3 480 (1) (4E57EE), Symo Advanced 24.0-3 480 (2) (514423)",24.0,152.36,6.348333,2.0,24.0,0.0,0.0,0.0
SW28-8-11-w4,2025-09-02,site_missing_data,131.03,FRONIUS-541a9f8e-ab20-4397-85a9--G004,"ALL_INVERTERS, Symo Advanced 24.0-3 480 (1) (4E57EE), Symo Advanced 24.0-3 480 (2) (514423)",24.0,131.03,5.459583,2.0,24.0,0.0,0.0,0.0
SW28-8-11-w4,2025-09-03,site_missing_data,91.36,FRONIUS-541a9f8e-ab20-4397-85a9--G004,"ALL_INVERTERS, Symo Advanced 24.0-3 480 (1) (4E57EE), Symo Advanced 24.0-3 480 (2) (514423)",24.0,91.36,3.806667,2.0,24.0,0.0,0.0,0.0
SW28-8-11-w4,2025-09-04,site_missing_data,149.04,FRONIUS-541a9f8e-ab20-4397-85a9--G004,"ALL_INVERTERS, Symo Advanced 24.0-3 480 (1) (4E57EE), Symo Advanced 24.0-3 480 (2) (514423)",24.0,149.04,6.21,2.0,24.0,0.0,0.0,0.0
SW28-8-11-w4,2025-09-05,site_missing_data,167.24,FRONIUS-541a9f8e-ab20-4397-85a9--G004,"ALL_INVERTERS, Symo Advanced 24.0-3 480 (1) (4E57EE), Symo Advanced 24.0-3 480 (2) (514423)",24.0,167.24,6.968333,2.0,24.0,0.0,0.0,0.0
SW28-8-11-w4,2025-09-06,site_missing_data,155.28,FRONIUS-541a9f8e-ab20-4397-85a9--G004,"ALL_INVERTERS, Symo Advanced 24.0-3 480 (1) (4E57EE), Symo Advanced 24.0-3 480 (2) (514423)",24.0,155.28,6.47,2.0,24.0,0.0,0.0,0.0
SW28-8-11-w4,2025-09-07,site_missing_data,117.67,FRONIUS-541a9f8e-ab20-4397-85a9--G004,"ALL_INVERTERS, Symo Advanced 24.0-3 480 (1) (4E57EE), Symo Advanced 24.0-3 480 (2) (514423)",24.0,117.67,4.902917,2.0,24.0,0.0,0.0,0.0
SW28-8-11-w4,2025-09-08,site_missing_data,144.94,FRONIUS-541a9f8e-ab20-4397-85a9--G004,"ALL_INVERTERS, Symo Advanced 24.0-3 480 (1) (4E57EE), Symo Advanced 24.0-3 480 (2) (514423)",24.0,0.0,0.0,,24.0,0.0,0.0,
SW28-8-11-w4,2025-09-09,site_missing_data,144.94,FRONIUS-541a9f8e-ab20-4397-85a9--G004,"ALL_INVERTERS, Symo Advanced 24.0-3 480 (1) (4E57EE), Symo Advanced 24.0-3 480 (2) (514423)",24.0,0.0,0.0,,24.0,0.0,0.0,
SW28-8-11-w4,2025-09-10,site_missing_data,149.04,FRONIUS-541a9f8e-ab20-4397-85a9--G004,"ALL_INVERTERS, Symo Advanced 24.0-3 480 (1) (4E57EE), Symo Advanced 24.0-3 480 (2) (514423)",24.0,0.0,0.0,,24.0,0.0,0.0,
SW28-8-11-w4,2025-09-11,site_missing_data,152.3,FRONIUS-541a9f8e-ab20-4397-85a9--G004,"ALL_INVERTERS, Symo Advanced 24.0-3 480 (1) (4E57EE), Symo Advanced 24.0-3 480 (2) (514423)",24.0,0.0,0.0,,24.0,0.0,0.0,
SW28-8-11-w4,2025-09-12,site_missing_data,144.94,FRONIUS-541a9f8e-ab20-4397-85a9--G004,"ALL_INVERTERS, Symo Advanced 24.0-3 480 (1) (4E57EE), Symo Advanced 24.0-3 480 (2) (514423)",24.0,144.94,6.039167,2.0,24.0,0.0,0.0,0.0
SW28-8-11-w4,2025-09-13,site_missing_data,152.3,FRONIUS-541a9f8e-ab20-4397-85a9--G004,"ALL_INVERTERS, Symo Advanced 24.0-3 480 (1) (4E57EE), Symo Advanced 24.0-3 480 (2) (514423)",24.0,152.3,6.345833,2.0,24.0,0.0,0.0,0.0
SW28-8-11-w4,2025-09-14,site_missing_data,119.69,FRONIUS-541a9f8e-ab20-4397-85a9--G004,"ALL_INVERTERS, Symo Advanced 24.0-3 480 (1) (4E57EE), Symo Advanced 24.0-3 480 (2) (514423)",24.0,119.69,4.987083,2.0,24.0,0.0,0.0,0.0
SW28-8-11-w4,2025-09-15,site_missing_data,111.5,FRONIUS-541a9f8e-ab20-4397-85a9--G004,"ALL_INVERTERS, Symo Advanced 24.0-3 480 (1) (4E57EE), Symo Advanced 24.0-3 480 (2) (514423)",24.0,111.5,4.645833,2.0,24.0,0.0,0.0,0.0
SW28-8-11-w4,2025-09-16,site_missing_data,304.05,FRONIUS-541a9f8e-ab20-4397-85a9--G004,"ALL_INVERTERS, Symo Advanced 24.0-3 480 (1) (4E57EE), Symo Advanced 24.0-3 480 (2) (514423)",24.0,155.43,6.47625,1.022398,24.0,148.62,6.1925,0.977602
SW28-8-11-w4,2025-09-17,site_missing_data,158.15,FRONIUS-541a9f8e-ab20-4397-85a9--G004,"ALL_INVERTERS, Symo Advanced 24.0-3 480 (1) (4E57EE), Symo Advanced 24.0-3 480 (2) (514423)",24.0,158.15,6.589583,2.0,24.0,0.0,0.0,0.0
SW28-8-11-w4,2025-09-18,site_missing_data,156.24,FRONIUS-541a9f8e-ab20-4397-85a9--G004,"ALL_INVERTERS, Symo Advanced 24.0-3 480 (1) (4E57EE), Symo Advanced 24.0-3 480 (2) (514423)",24.0,156.24,6.51,2.0,24.0,0.0,0.0,0.0
SW28-8-11-w4,2025-09-19,site_missing_data,144.71,FRONIUS-541a9f8e-ab20-4397-85a9--G004,"ALL_INVERTERS, Symo Advanced 24.0-3 480 (1) (4E57EE), Symo Advanced 24.0-3 480 (2) (514423)",24.0,144.71,6.029583,2.0,24.0,0.0,0.0,0.0
SW28-8-11-w4,2025-09-20,site_missing_data,149.0,FRONIUS-541a9f8e-ab20-4397-85a9--G004,"ALL_INVERTERS, Symo Advanced 24.0-3 480 (1) (4E57EE), Symo Advanced 24.0-3 480 (2) (514423)",24.0,149.0,6.208333,2.0,24.0,0.0,0.0,0.0
SW28-8-11-w4,2025-09-21,site_missing_data,139.6,FRONIUS-541a9f8e-ab20-4397-85a9--G004,"ALL_INVERTERS, Symo Advanced 24.0-3 480 (1) (4E57EE), Symo Advanced 24.0-3 480 (2) (514423)",24.0,139.6,5.816667,2.0,24.0,0.0,0.0,0.0
SW28-8-11-w4,2025-09-22,site_missing_data,153.15,FRONIUS-541a9f8e-ab20-4397-85a9--G004,"ALL_INVERTERS, Symo Advanced 24.0-3 480 (1) (4E57EE), Symo Advanced 24.0-3 480 (2) (514423)",24.0,153.15,6.38125,2.0,24.0,0.0,0.0,0.0
SW28-8-11-w4,2025-09-23,site_missing_data,153.99,FRONIUS-541a9f8e-ab20-4397-85a9--G004,"ALL_INVERTERS, Symo Advanced 24.0-3 480 (1) (4E57EE), Symo Advanced 24.0-3 480 (2) (514423)",24.0,153.99,6.41625,2.0,24.0,0.0,0.0,0.0
SW28-8-11-w4,2025-09-24,site_missing_data,156.28,FRONIUS-541a9f8e-ab20-4397-85a9--G004,"ALL_INVERTERS, Symo Advanced 24.0-3 480 (1) (4E57EE), Symo Advanced 24.0-3 480 (2) (514423)",24.0,156.28,6.511667,2.0,24.0,0.0,0.0,0.0
SW28-8-11-w4,2025-09-25,site_missing_data,152.79,FRONIUS-541a9f8e-ab20-4397-85a9--G004,"ALL_INVERTERS, Symo Advanced 24.0-3 480 (1) (4E57EE), Symo Advanced 24.0-3 480 (2) (514423)",24.0,152.79,6.36625,2.0,24.0,0.0,0.0,0.0
SW28-8-11-w4,2025-09-26,site_missing_data,147.21,FRONIUS-541a9f8e-ab20-4397-85a9--G004,"ALL_INVERTERS, Symo Advanced 24.0-3 480 (1) (4E57EE), Symo Advanced 24.0-3 480 (2) (514423)",24.0,147.21,6.13375,2.0,24.0,0.0,0.0,0.0
SW28-8-11-w4,2025-09-27,site_missing_data,65.85,FRONIUS-541a9f8e-ab20-4397-85a9--G004,"ALL_INVERTERS, Symo Advanced 24.0-3 480 (1) (4E57EE), Symo Advanced 24.0-3 480 (2) (514423)",24.0,65.85,2.74375,2.0,24.0,0.0,0.0,0.0
SW28-8-11-w4,2025-09-28,site_missing_data,117.26,FRONIUS-541a9f8e-ab20-4397-85a9--G004,"ALL_INVERTERS, Symo Advanced 24.0-3 480 (1) (4E57EE), Symo Advanced 24.0-3 480 (2) (514423)",24.0,117.26,4.885833,2.0,24.0,0.0,0.0,0.0
SW28-8-11-w4,2025-09-29,site_missing_data,141.32,FRONIUS-541a9f8e-ab20-4397-85a9--G004,"ALL_INVERTERS, Symo Advanced 24.0-3 480 (1) (4E57EE), Symo Advanced 24.0-3 480 (2) (514423)",24.0,141.32,5.888333,2.0,24.0,0.0,0.0,0.0
SW28-8-11-w4,2025-09-30,site_missing_data,84.18,FRONIUS-541a9f8e-ab20-4397-85a9--G004,"ALL_INVERTERS, Symo Advanced 24.0-3 480 (1) (4E57EE), Symo Advanced 24.0-3 480 (2) (514423)",24.0,84.18,3.5075,2.0,24.0,0.0,0.0,0.0
SW28-8-11-w4,2025-10-01,site_missing_data,106.9,FRONIUS-541a9f8e-ab20-4397-85a9--G004,"ALL_INVERTERS, Symo Advanced 24.0-3 480 (1) (4E57EE), Symo Advanced 24.0-3 480 (2) (514423)",24.0,106.9,4.454167,2.0,24.0,0.0,0.0,0.0
SW28-8-11-w4,2025-10-02,site_missing_data,95.17,FRONIUS-541a9f8e-ab20-4397-85a9--G004,"ALL_INVERTERS, Symo Advanced 24.0-3 480 (1) (4E57EE), Symo Advanced 24.0-3 480 (2) (514423)",24.0,95.17,3.965417,2.0,24.0,0.0,0.0,0.0
SW28-8-11-w4,2025-10-03,site_missing_data,79.33,FRONIUS-541a9f8e-ab20-4397-85a9--G004,"ALL_INVERTERS, Symo Advanced 24.0-3 480 (1) (4E57EE), Symo Advanced 24.0-3 480 (2) (514423)",24.0,79.33,3.305417,2.0,24.0,0.0,0.0,0.0
SW28-8-11-w4,2025-10-04,site_missing_data,20.34,FRONIUS-541a9f8e-ab20-4397-85a9--G004,"ALL_INVERTERS, Symo Advanced 24.0-3 480 (1) (4E57EE), Symo Advanced 24.0-3 480 (2) (514423)",24.0,20.34,0.8475,2.0,24.0,0.0,0.0,0.0
SW28-8-11-w4,2025-10-05,site_missing_data,130.78,FRONIUS-541a9f8e-ab20-4397-85a9--G004,"ALL_INVERTERS, Symo Advanced 24.0-3 480 (1) (4E57EE), Symo Advanced 24.0-3 480 (2) (514423)",24.0,130.78,5.449167,2.0,24.0,0.0,0.0,0.0
SW28-8-11-w4,2025-10-06,site_missing_data,135.46,FRONIUS-541a9f8e-ab20-4397-85a9--G004,"ALL_INVERTERS, Symo Advanced 24.0-3 480 (1) (4E57EE), Symo Advanced 24.0-3 480 (2) (514423)",24.0,135.46,5.644167,2.0,24.0,0.0,0.0,0.0
SW28-8-11-w4,2025-10-07,site_missing_data,149.57,FRONIUS-541a9f8e-ab20-4397-85a9--G004,"ALL_INVERTERS, Symo Advanced 24.0-3 480 (1) (4E57EE), Symo Advanced 24.0-3 480 (2) (514423)",24.0,149.57,6.232083,2.0,24.0,0.0,0.0,0.0
SW28-8-11-w4,2025-10-08,site_missing_data,149.06,FRONIUS-541a9f8e-ab20-4397-85a9--G004,"ALL_INVERTERS, Symo Advanced 24.0-3 480 (1) (4E57EE), Symo Advanced 24.0-3 480 (2) (514423)",24.0,149.06,6.210833,2.0,24.0,0.0,0.0,0.0
SW28-8-11-w4,2025-10-09,site_missing_data,139.77,FRONIUS-541a9f8e-ab20-4397-85a9--G004,"ALL_INVERTERS, Symo Advanced 24.0-3 480 (1) (4E57EE), Symo Advanced 24.0-3 480 (2) (514423)",24.0,139.77,5.82375,2.0,24.0,0.0,0.0,0.0
SW28-8-11-w4,2025-10-10,site_missing_data,143.64,FRONIUS-541a9f8e-ab20-4397-85a9--G004,"ALL_INVERTERS, Symo Advanced 24.0-3 480 (1) (4E57EE), Symo Advanced 24.0-3 480 (2) (514423)",24.0,143.64,5.985,2.0,24.0,0.0,0.0,0.0
SW28-8-11-w4,2025-10-11,site_missing_data,117.54,FRONIUS-541a9f8e-ab20-4397-85a9--G004,"ALL_INVERTERS, Symo Advanced 24.0-3 480 (1) (4E57EE), Symo Advanced 24.0-3 480 (2) (514423)",24.0,117.54,4.8975,2.0,24.0,0.0,0.0,0.0
SW28-8-11-w4,2025-10-12,site_missing_data,21.55,FRONIUS-541a9f8e-ab20-4397-85a9--G004,"ALL_INVERTERS, Symo Advanced 24.0-3 480 (1) (4E57EE), Symo Advanced 24.0-3 480 (2) (514423)",24.0,21.55,0.897917,2.0,24.0,0.0,0.0,0.0
SW28-8-11-w4,2025-10-13,site_missing_data,77.92,FRONIUS-541a9f8e-ab20-4397-85a9--G004,"ALL_INVERTERS, Symo Advanced 24.0-3 480 (1) (4E57EE), Symo Advanced 24.0-3 480 (2) (514423)",24.0,77.92,3.246667,2.0,24.0,0.0,0.0,0.0
SW28-8-11-w4,2025-10-14,site_missing_data,33.24,FRONIUS-541a9f8e-ab20-4397-85a9--G004,"ALL_INVERTERS, Symo Advanced 24.0-3 480 (1) (4E57EE), Symo Advanced 24.0-3 480 (2) (514423)",24.0,33.24,1.385,2.0,24.0,0.0,0.0,0.0
SW28-8-11-w4,2025-10-15,site_missing_data,116.42,FRONIUS-541a9f8e-ab20-4397-85a9--G004,"ALL_INVERTERS, Symo Advanced 24.0-3 480 (1) (4E57EE), Symo Advanced 24.0-3 480 (2) (514423)",24.0,116.42,4.850833,2.0,24.0,0.0,0.0,0.0
SW28-8-11-w4,2025-10-16,site_missing_data,142.25,FRONIUS-541a9f8e-ab20-4397-85a9--G004,"ALL_INVERTERS, Symo Advanced 24.0-3 480 (1) (4E57EE), Symo Advanced 24.0-3 480 (2) (514423)",24.0,142.25,5.927083,2.0,24.0,0.0,0.0,0.0
SW28-8-11-w4,2025-10-17,site_missing_data,27.6,FRONIUS-541a9f8e-ab20-4397-85a9--G004,"ALL_INVERTERS, Symo Advanced 24.0-3 480 (1) (4E57EE), Symo Advanced 24.0-3 480 (2) (514423)",24.0,27.6,1.15,2.0,24.0,0.0,0.0,0.0
SW28-8-11-w4,2025-10-18,site_missing_data,129.92,FRONIUS-541a9f8e-ab20-4397-85a9--G004,"ALL_INVERTERS, Symo Advanced 24.0-3 480 (1) (4E57EE), Symo Advanced 24.0-3 480 (2) (514423)",24.0,129.92,5.413333,2.0,24.0,0.0,0.0,0.0
SW28-8-11-w4,2025-10-19,site_missing_data,64.2,FRONIUS-541a9f8e-ab20-4397-85a9--G004,"ALL_INVERTERS, Symo Advanced 24.0-3 480 (1) (4E57EE), Symo Advanced 24.0-3 480 (2) (514423)",24.0,64.2,2.675,2.0,24.0,0.0,0.0,0.0
SW28-8-11-w4,2025-10-20,site_missing_data,112.87,FRONIUS-541a9f8e-ab20-4397-85a9--G004,"ALL_INVERTERS, Symo Advanced 24.0-3 480 (1) (4E57EE), Symo Advanced 24.0-3 480 (2) (514423)",24.0,112.87,4.702917,2.0,24.0,0.0,0.0,0.0
SW28-8-11-w4,2025-10-21,site_missing_data,140.59,FRONIUS-541a9f8e-ab20-4397-85a9--G004,"ALL_INVERTERS, Symo Advanced 24.0-3 480 (1) (4E57EE), Symo Advanced 24.0-3 480 (2) (514423)",24.0,140.59,5.857917,2.0,24.0,0.0,0.0,0.0
SW28-8-11-w4,2025-10-22,site_missing_data,139.38,FRONIUS-541a9f8e-ab20-4397-85a9--G004,"ALL_INVERTERS, Symo Advanced 24.0-3 480 (1) (4E57EE), Symo Advanced 24.0-3 480 (2) (514423)",24.0,139.38,5.8075,2.0,24.0,0.0,0.0,0.0
SW28-8-11-w4,2025-10-23,site_missing_data,133.16,FRONIUS-541a9f8e-ab20-4397-85a9--G004,"ALL_INVERTERS, Symo Advanced 24.0-3 480 (1) (4E57EE), Symo Advanced 24.0-3 480 (2) (514423)",24.0,133.16,5.548333,2.0,24.0,0.0,0.0,0.0
SW28-8-11-w4,2025-10-24,site_missing_data,60.23,FRONIUS-541a9f8e-ab20-4397-85a9--G004,"ALL_INVERTERS, Symo Advanced 24.0-3 480 (1) (4E57EE), Symo Advanced 24.0-3 480 (2) (514423)",24.0,60.23,2.509583,2.0,24.0,0.0,0.0,0.0
SW28-8-11-w4,2025-10-25,site_missing_data,79.29,FRONIUS-541a9f8e-ab20-4397-85a9--G004,"ALL_INVERTERS, Symo Advanced 24.0-3 480 (1) (4E57EE), Symo Advanced 24.0-3 480 (2) (514423)",24.0,79.29,3.30375,2.0,24.0,0.0,0.0,0.0
SW28-8-11-w4,2025-10-26,site_missing_data,118.84,FRONIUS-541a9f8e-ab20-4397-85a9--G004,"ALL_INVERTERS, Symo Advanced 24.0-3 480 (1) (4E57EE), Symo Advanced 24.0-3 480 (2) (514423)",24.0,118.84,4.951667,2.0,24.0,0.0,0.0,0.0
SW28-8-11-w4,2025-10-27,site_missing_data,107.42,FRONIUS-541a9f8e-ab20-4397-85a9--G004,"ALL_INVERTERS, Symo Advanced 24.0-3 480 (1) (4E57EE), Symo Advanced 24.0-3 480 (2) (514423)",24.0,107.42,4.475833,2.0,24.0,0.0,0.0,0.0
SW28-8-11-w4,2025-10-28,site_missing_data,134.88,FRONIUS-541a9f8e-ab20-4397-85a9--G004,"ALL_INVERTERS, Symo Advanced 24.0-3 480 (1) (4E57EE), Symo Advanced 24.0-3 480 (2) (514423)",24.0,134.88,5.62,2.0,24.0,0.0,0.0,0.0
SW28-8-11-w4,2025-10-29,site_missing_data,125.2,FRONIUS-541a9f8e-ab20-4397-85a9--G004,"ALL_INVERTERS, Symo Advanced 24.0-3 480 (1) (4E57EE), Symo Advanced 24.0-3 480 (2) (514423)",24.0,125.2,5.216667,2.0,24.0,0.0,0.0,0.0
SW28-8-11-w4,2025-10-30,site_missing_data,131.77,FRONIUS-541a9f8e-ab20-4397-85a9--G004,"ALL_INVERTERS, Symo Advanced 24.0-3 480 (1) (4E57EE), Symo Advanced 24.0-3 480 (2) (514423)",24.0,131.77,5.490417,2.0,24.0,0.0,0.0,0.0
SW28-8-11-w4,2025-10-31,site_missing_data,93.42,FRONIUS-541a9f8e-ab20-4397-85a9--G004,"ALL_INVERTERS, Symo Advanced 24.0-3 480 (1) (4E57EE), Symo Advanced 24.0-3 480 (2) (514423)",24.0,93.42,3.8925,2.0,24.0,0.0,0.0,0.0
SW28-8-11-w4,2025-11-01,site_missing_data,28.5,FRONIUS-541a9f8e-ab20-4397-85a9--G004,"ALL_INVERTERS, Symo Advanced 24.0-3 480 (1) (4E57EE), Symo Advanced 24.0-3 480 (2) (514423)",24.0,28.5,1.1875,2.0,24.0,0.0,0.0,0.0
SW28-8-11-w4,2025-11-02,site_missing_data,133.41,FRONIUS-541a9f8e-ab20-4397-85a9--G004,"ALL_INVERTERS, Symo Advanced 24.0-3 480 (1) (4E57EE), Symo Advanced 24.0-3 480 (2) (514423)",24.0,133.41,5.55875,2.0,24.0,0.0,0.0,0.0
SW28-8-11-w4,2025-11-03,site_missing_data,31.62,FRONIUS-541a9f8e-ab20-4397-85a9--G004,"ALL_INVERTERS, Symo Advanced 24.0-3 480 (1) (4E57EE), Symo Advanced 24.0-3 480 (2) (514423)",24.0,31.62,1.3175,2.0,24.0,0.0,0.0,0.0
SW28-8-11-w4,2025-11-04,site_missing_data,127.85,FRONIUS-541a9f8e-ab20-4397-85a9--G004,"ALL_INVERTERS, Symo Advanced 24.0-3 480 (1) (4E57EE), Symo Advanced 24.0-3 480 (2) (514423)",24.0,127.85,5.327083,2.0,24.0,0.0,0.0,0.0
SW28-8-11-w4,2025-11-05,site_missing_data,41.52,FRONIUS-541a9f8e-ab20-4397-85a9--G004,"ALL_INVERTERS, Symo Advanced 24.0-3 480 (1) (4E57EE), Symo Advanced 24.0-3 480 (2) (514423)",24.0,41.52,1.73,2.0,24.0,0.0,0.0,0.0
SW28-8-11-w4,2025-11-06,site_missing_data,116.86,FRONIUS-541a9f8e-ab20-4397-85a9--G004,"ALL_INVERTERS, Symo Advanced 24.0-3 480 (1) (4E57EE), Symo Advanced 24.0-3 480 (2) (514423)",24.0,116.86,4.869167,2.0,24.0,0.0,0.0,0.0
SW28-8-11-w4,2025-11-07,Normal,18.37,,,24.0,18.37,0.765417,2.0,24.0,0.0,0.0,0.0
SW28-8-11-w4,2025-11-08,Normal,,,,24.0,0.0,0.0,,24.0,0.0,0.0,
SW28-8-11-w4,2025-11-09,Normal,,,,24.0,0.0,0.0,,24.0,0.0,0.0,
SW28-8-11-w4,2025-11-10,Normal,,,,24.0,0.0,0.0,,24.0,0.0,0.0,
SW28-8-11-w4,2025-11-11,Normal,,,,24.0,0.0,0.0,,24.0,0.0,0.0,
SW28-8-11-w4,2025-11-12,Normal,,,,24.0,0.0,0.0,,24.0,0.0,0.0,
SW28-8-11-w4,2025-11-13,Normal,,,,24.0,0.0,0.0,,24.0,0.0,0.0,
SW28-8-11-w4,2025-11-14,Normal,,,,24.0,0.0,0.0,,24.0,0.0,0.0,
SW28-8-11-w4,2025-11-15,Normal,,,,24.0,0.0,0.0,,24.0,0.0,0.0,
SW28-8-11-w4,2025-11-16,Normal,,,,24.0,0.0,0.0,,24.0,0.0,0.0,
