date,pv_system_id,pv_system_name,device_id,inverter_name,inverter_rated_kw,inverter_rating_source,daily_output_kwh,source_interval,source_channel
2022-06-15,61817dff-da76-40c9-9ad8-cbb859ae8e37,Allen Clewes,918f2943-ac26-491f-972f-aeb5015a2cf2,Primo 10.0-1 208-240 (1),10.0,parsed_from_inverter_name,0.01,month,devwork
2022-06-17,61817dff-da76-40c9-9ad8-cbb859ae8e37,Allen Clewes,918f2943-ac26-491f-972f-aeb5015a2cf2,Primo 10.0-1 208-240 (1),10.0,parsed_from_inverter_name,40.65,month,devwork
2022-06-18,61817dff-da76-40c9-9ad8-cbb859ae8e37,Allen Clewes,918f2943-ac26-491f-972f-aeb5015a2cf2,Primo 10.0-1 208-240 (1),10.0,parsed_from_inverter_name,43.96,month,devwork
2022-06-19,61817dff-da76-40c9-9ad8-cbb859ae8e37,Allen Clewes,918f2943-ac26-491f-972f-aeb5015a2cf2,Primo 10.0-1 208-240 (1),10.0,parsed_from_inverter_name,60.76,month,devwork
2022-06-20,61817dff-da76-40c9-9ad8-cbb859ae8e37,Allen Clewes,918f2943-ac26-491f-972f-aeb5015a2cf2,Primo 10.0-1 208-240 (1),10.0,parsed_from_inverter_name,18.04,month,devwork
2022-06-21,61817dff-da76-40c9-9ad8-cbb859ae8e37,Allen Clewes,918f2943-ac26-491f-972f-aeb5015a2cf2,Primo 10.0-1 208-240 (1),10.0,parsed_from_inverter_name,85.02,month,devwork
2022-06-22,61817dff-da76-40c9-9ad8-cbb859ae8e37,Allen Clewes,918f2943-ac26-491f-972f-aeb5015a2cf2,Primo 10.0-1 208-240 (1),10.0,parsed_from_inverter_name,80.69,month,devwork
2022-06-23,61817dff-da76-40c9-9ad8-cbb859ae8e37,Allen Clewes,918f2943-ac26-491f-972f-aeb5015a2cf2,Primo 10.0-1 208-240 (1),10.0,parsed_from_inverter_name,77.78,month,devwork
2022-06-24,61817dff-da76-40c9-9ad8-cbb859ae8e37,Allen Clewes,918f2943-ac26-491f-972f-aeb5015a2cf2,Primo 10.0-1 208-240 (1),10.0,parsed_from_inverter_name,30.83,month,devwork
2022-06-25,61817dff-da76-40c9-9ad8-cbb859ae8e37,Allen Clewes,918f2943-ac26-491f-972f-aeb5015a2cf2,Primo 10.0-1 208-240 (1),10.0,parsed_from_inverter_name,83.03,month,devwork
2022-06-26,61817dff-da76-40c9-9ad8-cbb859ae8e37,Allen Clewes,918f2943-ac26-491f-972f-aeb5015a2cf2,Primo 10.0-1 208-240 (1),10.0,parsed_from_inverter_name,85.62,month,devwork
2022-06-27,61817dff-da76-40c9-9ad8-cbb859ae8e37,Allen Clewes,918f2943-ac26-491f-972f-aeb5015a2cf2,Primo 10.0-1 208-240 (1),10.0,parsed_from_inverter_name,73.7,month,devwork
2022-06-28,61817dff-da76-40c9-9ad8-cbb859ae8e37,Allen Clewes,918f2943-ac26-491f-972f-aeb5015a2cf2,Primo 10.0-1 208-240 (1),10.0,parsed_from_inverter_name,72.04,month,devwork
2022-06-29,61817dff-da76-40c9-9ad8-cbb859ae8e37,Allen Clewes,918f2943-ac26-491f-972f-aeb5015a2cf2,Primo 10.0-1 208-240 (1),10.0,parsed_from_inverter_name,83.32,month,devwork
2022-06-30,61817dff-da76-40c9-9ad8-cbb859ae8e37,Allen Clewes,918f2943-ac26-491f-972f-aeb5015a2cf2,Primo 10.0-1 208-240 (1),10.0,parsed_from_inverter_name,69.59,month,devwork
2022-07-01,61817dff-da76-40c9-9ad8-cbb859ae8e37,Allen Clewes,918f2943-ac26-491f-972f-aeb5015a2cf2,Primo 10.0-1 208-240 (1),10.0,parsed_from_inverter_name,79.71,month,devwork
2022-07-02,61817dff-da76-40c9-9ad8-cbb859ae8e37,Allen Clewes,918f2943-ac26-491f-972f-aeb5015a2cf2,Primo 10.0-1 208-240 (1),10.0,parsed_from_inverter_name,68.61,month,devwork
2022-07-03,61817dff-da76-40c9-9ad8-cbb859ae8e37,Allen Clewes,918f2943-ac26-491f-972f-aeb5015a2cf2,Primo 10.0-1 208-240 (1),10.0,parsed_from_inverter_name,10.32,month,devwork
2022-07-04,61817dff-da76-40c9-9ad8-cbb859ae8e37,Allen Clewes,918f2943-ac26-491f-972f-aeb5015a2cf2,Primo 10.0-1 208-240 (1),10.0,parsed_from_inverter_name,31.73,month,devwork
2022-07-05,61817dff-da76-40c9-9ad8-cbb859ae8e37,Allen Clewes,918f2943-ac26-491f-972f-aeb5015a2cf2,Primo 10.0-1 208-240 (1),10.0,parsed_from_inverter_name,75.35,month,devwork
2022-07-06,61817dff-da76-40c9-9ad8-cbb859ae8e37,Allen Clewes,918f2943-ac26-491f-972f-aeb5015a2cf2,Primo 10.0-1 208-240 (1),10.0,parsed_from_inverter_name,55.93,month,devwork
2022-07-07,61817dff-da76-40c9-9ad8-cbb859ae8e37,Allen Clewes,918f2943-ac26-491f-972f-aeb5015a2cf2,Primo 10.0-1 208-240 (1),10.0,parsed_from_inverter_name,62.82,month,devwork
2022-07-08,61817dff-da76-40c9-9ad8-cbb859ae8e37,Allen Clewes,918f2943-ac26-491f-972f-aeb5015a2cf2,Primo 10.0-1 208-240 (1),10.0,parsed_from_inverter_name,74.0,month,devwork
2022-07-09,61817dff-da76-40c9-9ad8-cbb859ae8e37,Allen Clewes,918f2943-ac26-491f-972f-aeb5015a2cf2,Primo 10.0-1 208-240 (1),10.0,parsed_from_inverter_name,80.28,month,devwork
2022-07-10,61817dff-da76-40c9-9ad8-cbb859ae8e37,Allen Clewes,918f2943-ac26-491f-972f-aeb5015a2cf2,Primo 10.0-1 208-240 (1),10.0,parsed_from_inverter_name,64.43,month,devwork
2022-07-11,61817dff-da76-40c9-9ad8-cbb859ae8e37,Allen Clewes,918f2943-ac26-491f-972f-aeb5015a2cf2,Primo 10.0-1 208-240 (1),10.0,parsed_from_inverter_name,53.09,month,devwork
2022-07-12,61817dff-da76-40c9-9ad8-cbb859ae8e37,Allen Clewes,918f2943-ac26-491f-972f-aeb5015a2cf2,Primo 10.0-1 208-240 (1),10.0,parsed_from_inverter_name,81.82,month,devwork
2022-07-13,61817dff-da76-40c9-9ad8-cbb859ae8e37,Allen Clewes,918f2943-ac26-491f-972f-aeb5015a2cf2,Primo 10.0-1 208-240 (1),10.0,parsed_from_inverter_name,42.77,month,devwork
2022-07-14,61817dff-da76-40c9-9ad8-cbb859ae8e37,Allen Clewes,918f2943-ac26-491f-972f-aeb5015a2cf2,Primo 10.0-1 208-240 (1),10.0,parsed_from_inverter_name,83.26,month,devwork
2022-07-15,61817dff-da76-40c9-9ad8-cbb859ae8e37,Allen Clewes,918f2943-ac26-491f-972f-aeb5015a2cf2,Primo 10.0-1 208-240 (1),10.0,parsed_from_inverter_name,59.89,month,devwork
2022-07-16,61817dff-da76-40c9-9ad8-cbb859ae8e37,Allen Clewes,918f2943-ac26-491f-972f-aeb5015a2cf2,Primo 10.0-1 208-240 (1),10.0,parsed_from_inverter_name,81.69,month,devwork
2022-07-17,61817dff-da76-40c9-9ad8-cbb859ae8e37,Allen Clewes,918f2943-ac26-491f-972f-aeb5015a2cf2,Primo 10.0-1 208-240 (1),10.0,parsed_from_inverter_name,80.71,month,devwork
2022-07-18,61817dff-da76-40c9-9ad8-cbb859ae8e37,Allen Clewes,918f2943-ac26-491f-972f-aeb5015a2cf2,Primo 10.0-1 208-240 (1),10.0,parsed_from_inverter_name,17.74,month,devwork
2022-07-19,61817dff-da76-40c9-9ad8-cbb859ae8e37,Allen Clewes,918f2943-ac26-491f-972f-aeb5015a2cf2,Primo 10.0-1 208-240 (1),10.0,parsed_from_inverter_name,83.57,month,devwork
2022-07-20,61817dff-da76-40c9-9ad8-cbb859ae8e37,Allen Clewes,918f2943-ac26-491f-972f-aeb5015a2cf2,Primo 10.0-1 208-240 (1),10.0,parsed_from_inverter_name,81.24,month,devwork
2022-07-21,61817dff-da76-40c9-9ad8-cbb859ae8e37,Allen Clewes,918f2943-ac26-491f-972f-aeb5015a2cf2,Primo 10.0-1 208-240 (1),10.0,parsed_from_inverter_name,79.25,month,devwork
2022-07-22,61817dff-da76-40c9-9ad8-cbb859ae8e37,Allen Clewes,918f2943-ac26-491f-972f-aeb5015a2cf2,Primo 10.0-1 208-240 (1),10.0,parsed_from_inverter_name,56.48,month,devwork
2022-07-23,61817dff-da76-40c9-9ad8-cbb859ae8e37,Allen Clewes,918f2943-ac26-491f-972f-aeb5015a2cf2,Primo 10.0-1 208-240 (1),10.0,parsed_from_inverter_name,76.61,month,devwork
2022-07-24,61817dff-da76-40c9-9ad8-cbb859ae8e37,Allen Clewes,918f2943-ac26-491f-972f-aeb5015a2cf2,Primo 10.0-1 208-240 (1),10.0,parsed_from_inverter_name,74.38,month,devwork
2022-07-25,61817dff-da76-40c9-9ad8-cbb859ae8e37,Allen Clewes,918f2943-ac26-491f-972f-aeb5015a2cf2,Primo 10.0-1 208-240 (1),10.0,parsed_from_inverter_name,47.22,month,devwork
2022-07-26,61817dff-da76-40c9-9ad8-cbb859ae8e37,Allen Clewes,918f2943-ac26-491f-972f-aeb5015a2cf2,Primo 10.0-1 208-240 (1),10.0,parsed_from_inverter_name,64.29,month,devwork
2022-07-27,61817dff-da76-40c9-9ad8-cbb859ae8e37,Allen Clewes,918f2943-ac26-491f-972f-aeb5015a2cf2,Primo 10.0-1 208-240 (1),10.0,parsed_from_inverter_name,77.25,month,devwork
2022-07-28,61817dff-da76-40c9-9ad8-cbb859ae8e37,Allen Clewes,918f2943-ac26-491f-972f-aeb5015a2cf2,Primo 10.0-1 208-240 (1),10.0,parsed_from_inverter_name,77.48,month,devwork
2022-07-29,61817dff-da76-40c9-9ad8-cbb859ae8e37,Allen Clewes,918f2943-ac26-491f-972f-aeb5015a2cf2,Primo 10.0-1 208-240 (1),10.0,parsed_from_inverter_name,51.05,month,devwork
2022-07-30,61817dff-da76-40c9-9ad8-cbb859ae8e37,Allen Clewes,918f2943-ac26-491f-972f-aeb5015a2cf2,Primo 10.0-1 208-240 (1),10.0,parsed_from_inverter_name,67.87,month,devwork
2022-07-31,61817dff-da76-40c9-9ad8-cbb859ae8e37,Allen Clewes,918f2943-ac26-491f-972f-aeb5015a2cf2,Primo 10.0-1 208-240 (1),10.0,parsed_from_inverter_name,69.22,month,devwork
2022-08-01,61817dff-da76-40c9-9ad8-cbb859ae8e37,Allen Clewes,918f2943-ac26-491f-972f-aeb5015a2cf2,Primo 10.0-1 208-240 (1),10.0,parsed_from_inverter_name,67.29,month,devwork
2022-08-02,61817dff-da76-40c9-9ad8-cbb859ae8e37,Allen Clewes,918f2943-ac26-491f-972f-aeb5015a2cf2,Primo 10.0-1 208-240 (1),10.0,parsed_from_inverter_name,69.62,month,devwork
2022-08-03,61817dff-da76-40c9-9ad8-cbb859ae8e37,Allen Clewes,918f2943-ac26-491f-972f-aeb5015a2cf2,Primo 10.0-1 208-240 (1),10.0,parsed_from_inverter_name,62.18,month,devwork
2022-08-04,61817dff-da76-40c9-9ad8-cbb859ae8e37,Allen Clewes,918f2943-ac26-491f-972f-aeb5015a2cf2,Primo 10.0-1 208-240 (1),10.0,parsed_from_inverter_name,70.11,month,devwork
2022-08-05,61817dff-da76-40c9-9ad8-cbb859ae8e37,Allen Clewes,918f2943-ac26-491f-972f-aeb5015a2cf2,Primo 10.0-1 208-240 (1),10.0,parsed_from_inverter_name,69.09,month,devwork
2022-08-06,61817dff-da76-40c9-9ad8-cbb859ae8e37,Allen Clewes,918f2943-ac26-491f-972f-aeb5015a2cf2,Primo 10.0-1 208-240 (1),10.0,parsed_from_inverter_name,78.31,month,devwork
2022-08-07,61817dff-da76-40c9-9ad8-cbb859ae8e37,Allen Clewes,918f2943-ac26-491f-972f-aeb5015a2cf2,Primo 10.0-1 208-240 (1),10.0,parsed_from_inverter_name,74.72,month,devwork
2022-08-08,61817dff-da76-40c9-9ad8-cbb859ae8e37,Allen Clewes,918f2943-ac26-491f-972f-aeb5015a2cf2,Primo 10.0-1 208-240 (1),10.0,parsed_from_inverter_name,75.77,month,devwork
2022-08-09,61817dff-da76-40c9-9ad8-cbb859ae8e37,Allen Clewes,918f2943-ac26-491f-972f-aeb5015a2cf2,Primo 10.0-1 208-240 (1),10.0,parsed_from_inverter_name,73.15,month,devwork
2022-08-10,61817dff-da76-40c9-9ad8-cbb859ae8e37,Allen Clewes,918f2943-ac26-491f-972f-aeb5015a2cf2,Primo 10.0-1 208-240 (1),10.0,parsed_from_inverter_name,31.37,month,devwork
2022-08-11,61817dff-da76-40c9-9ad8-cbb859ae8e37,Allen Clewes,918f2943-ac26-491f-972f-aeb5015a2cf2,Primo 10.0-1 208-240 (1),10.0,parsed_from_inverter_name,68.8,month,devwork
2022-08-12,61817dff-da76-40c9-9ad8-cbb859ae8e37,Allen Clewes,918f2943-ac26-491f-972f-aeb5015a2cf2,Primo 10.0-1 208-240 (1),10.0,parsed_from_inverter_name,55.55,month,devwork
2022-08-13,61817dff-da76-40c9-9ad8-cbb859ae8e37,Allen Clewes,918f2943-ac26-491f-972f-aeb5015a2cf2,Primo 10.0-1 208-240 (1),10.0,parsed_from_inverter_name,71.64,month,devwork
2022-08-14,61817dff-da76-40c9-9ad8-cbb859ae8e37,Allen Clewes,918f2943-ac26-491f-972f-aeb5015a2cf2,Primo 10.0-1 208-240 (1),10.0,parsed_from_inverter_name,73.87,month,devwork
2022-08-15,61817dff-da76-40c9-9ad8-cbb859ae8e37,Allen Clewes,918f2943-ac26-491f-972f-aeb5015a2cf2,Primo 10.0-1 208-240 (1),10.0,parsed_from_inverter_name,68.29,month,devwork
2022-08-16,61817dff-da76-40c9-9ad8-cbb859ae8e37,Allen Clewes,918f2943-ac26-491f-972f-aeb5015a2cf2,Primo 10.0-1 208-240 (1),10.0,parsed_from_inverter_name,68.92,month,devwork
2022-08-17,61817dff-da76-40c9-9ad8-cbb859ae8e37,Allen Clewes,918f2943-ac26-491f-972f-aeb5015a2cf2,Primo 10.0-1 208-240 (1),10.0,parsed_from_inverter_name,70.93,month,devwork
2022-08-18,61817dff-da76-40c9-9ad8-cbb859ae8e37,Allen Clewes,918f2943-ac26-491f-972f-aeb5015a2cf2,Primo 10.0-1 208-240 (1),10.0,parsed_from_inverter_name,70.39,month,devwork
2022-08-19,61817dff-da76-40c9-9ad8-cbb859ae8e37,Allen Clewes,918f2943-ac26-491f-972f-aeb5015a2cf2,Primo 10.0-1 208-240 (1),10.0,parsed_from_inverter_name,69.46,month,devwork
2022-08-20,61817dff-da76-40c9-9ad8-cbb859ae8e37,Allen Clewes,918f2943-ac26-491f-972f-aeb5015a2cf2,Primo 10.0-1 208-240 (1),10.0,parsed_from_inverter_name,67.23,month,devwork
2022-08-21,61817dff-da76-40c9-9ad8-cbb859ae8e37,Allen Clewes,918f2943-ac26-491f-972f-aeb5015a2cf2,Primo 10.0-1 208-240 (1),10.0,parsed_from_inverter_name,53.35,month,devwork
2022-08-22,61817dff-da76-40c9-9ad8-cbb859ae8e37,Allen Clewes,918f2943-ac26-491f-972f-aeb5015a2cf2,Primo 10.0-1 208-240 (1),10.0,parsed_from_inverter_name,66.62,month,devwork
2022-08-23,61817dff-da76-40c9-9ad8-cbb859ae8e37,Allen Clewes,918f2943-ac26-491f-972f-aeb5015a2cf2,Primo 10.0-1 208-240 (1),10.0,parsed_from_inverter_name,50.28,month,devwork
2022-08-24,61817dff-da76-40c9-9ad8-cbb859ae8e37,Allen Clewes,918f2943-ac26-491f-972f-aeb5015a2cf2,Primo 10.0-1 208-240 (1),10.0,parsed_from_inverter_name,37.84,month,devwork
2022-08-25,61817dff-da76-40c9-9ad8-cbb859ae8e37,Allen Clewes,918f2943-ac26-491f-972f-aeb5015a2cf2,Primo 10.0-1 208-240 (1),10.0,parsed_from_inverter_name,33.56,month,devwork
2022-08-26,61817dff-da76-40c9-9ad8-cbb859ae8e37,Allen Clewes,918f2943-ac26-491f-972f-aeb5015a2cf2,Primo 10.0-1 208-240 (1),10.0,parsed_from_inverter_name,46.9,month,devwork
2022-08-27,61817dff-da76-40c9-9ad8-cbb859ae8e37,Allen Clewes,918f2943-ac26-491f-972f-aeb5015a2cf2,Primo 10.0-1 208-240 (1),10.0,parsed_from_inverter_name,30.58,month,devwork
2022-08-28,61817dff-da76-40c9-9ad8-cbb859ae8e37,Allen Clewes,918f2943-ac26-491f-972f-aeb5015a2cf2,Primo 10.0-1 208-240 (1),10.0,parsed_from_inverter_name,64.19,month,devwork
2022-08-29,61817dff-da76-40c9-9ad8-cbb859ae8e37,Allen Clewes,918f2943-ac26-491f-972f-aeb5015a2cf2,Primo 10.0-1 208-240 (1),10.0,parsed_from_inverter_name,67.93,month,devwork
2022-08-30,61817dff-da76-40c9-9ad8-cbb859ae8e37,Allen Clewes,918f2943-ac26-491f-972f-aeb5015a2cf2,Primo 10.0-1 208-240 (1),10.0,parsed_from_inverter_name,66.15,month,devwork
2022-08-31,61817dff-da76-40c9-9ad8-cbb859ae8e37,Allen Clewes,918f2943-ac26-491f-972f-aeb5015a2cf2,Primo 10.0-1 208-240 (1),10.0,parsed_from_inverter_name,1.48,month,devwork
2022-09-01,61817dff-da76-40c9-9ad8-cbb859ae8e37,Allen Clewes,918f2943-ac26-491f-972f-aeb5015a2cf2,Primo 10.0-1 208-240 (1),10.0,parsed_from_inverter_name,16.6,month,devwork
2022-09-02,61817dff-da76-40c9-9ad8-cbb859ae8e37,Allen Clewes,918f2943-ac26-491f-972f-aeb5015a2cf2,Primo 10.0-1 208-240 (1),10.0,parsed_from_inverter_name,26.27,month,devwork
2022-09-03,61817dff-da76-40c9-9ad8-cbb859ae8e37,Allen Clewes,918f2943-ac26-491f-972f-aeb5015a2cf2,Primo 10.0-1 208-240 (1),10.0,parsed_from_inverter_name,57.91,month,devwork
2022-09-04,61817dff-da76-40c9-9ad8-cbb859ae8e37,Allen Clewes,918f2943-ac26-491f-972f-aeb5015a2cf2,Primo 10.0-1 208-240 (1),10.0,parsed_from_inverter_name,61.2,month,devwork
2022-09-05,61817dff-da76-40c9-9ad8-cbb859ae8e37,Allen Clewes,918f2943-ac26-491f-972f-aeb5015a2cf2,Primo 10.0-1 208-240 (1),10.0,parsed_from_inverter_name,67.92,month,devwork
2022-09-06,61817dff-da76-40c9-9ad8-cbb859ae8e37,Allen Clewes,918f2943-ac26-491f-972f-aeb5015a2cf2,Primo 10.0-1 208-240 (1),10.0,parsed_from_inverter_name,64.18,month,devwork
2022-09-07,61817dff-da76-40c9-9ad8-cbb859ae8e37,Allen Clewes,918f2943-ac26-491f-972f-aeb5015a2cf2,Primo 10.0-1 208-240 (1),10.0,parsed_from_inverter_name,63.55,month,devwork
2022-09-08,61817dff-da76-40c9-9ad8-cbb859ae8e37,Allen Clewes,918f2943-ac26-491f-972f-aeb5015a2cf2,Primo 10.0-1 208-240 (1),10.0,parsed_from_inverter_name,30.32,month,devwork
2022-09-09,61817dff-da76-40c9-9ad8-cbb859ae8e37,Allen Clewes,918f2943-ac26-491f-972f-aeb5015a2cf2,Primo 10.0-1 208-240 (1),10.0,parsed_from_inverter_name,54.46,month,devwork
2022-09-10,61817dff-da76-40c9-9ad8-cbb859ae8e37,Allen Clewes,918f2943-ac26-491f-972f-aeb5015a2cf2,Primo 10.0-1 208-240 (1),10.0,parsed_from_inverter_name,66.56,month,devwork
2022-09-11,61817dff-da76-40c9-9ad8-cbb859ae8e37,Allen Clewes,918f2943-ac26-491f-972f-aeb5015a2cf2,Primo 10.0-1 208-240 (1),10.0,parsed_from_inverter_name,50.69,month,devwork
2022-09-12,61817dff-da76-40c9-9ad8-cbb859ae8e37,Allen Clewes,918f2943-ac26-491f-972f-aeb5015a2cf2,Primo 10.0-1 208-240 (1),10.0,parsed_from_inverter_name,31.54,month,devwork
2022-09-13,61817dff-da76-40c9-9ad8-cbb859ae8e37,Allen Clewes,918f2943-ac26-491f-972f-aeb5015a2cf2,Primo 10.0-1 208-240 (1),10.0,parsed_from_inverter_name,27.94,month,devwork
2022-09-14,61817dff-da76-40c9-9ad8-cbb859ae8e37,Allen Clewes,918f2943-ac26-491f-972f-aeb5015a2cf2,Primo 10.0-1 208-240 (1),10.0,parsed_from_inverter_name,56.87,month,devwork
2022-09-15,61817dff-da76-40c9-9ad8-cbb859ae8e37,Allen Clewes,918f2943-ac26-491f-972f-aeb5015a2cf2,Primo 10.0-1 208-240 (1),10.0,parsed_from_inverter_name,55.77,month,devwork
2022-09-16,61817dff-da76-40c9-9ad8-cbb859ae8e37,Allen Clewes,918f2943-ac26-491f-972f-aeb5015a2cf2,Primo 10.0-1 208-240 (1),10.0,parsed_from_inverter_name,41.6,month,devwork
2022-09-17,61817dff-da76-40c9-9ad8-cbb859ae8e37,Allen Clewes,918f2943-ac26-491f-972f-aeb5015a2cf2,Primo 10.0-1 208-240 (1),10.0,parsed_from_inverter_name,59.23,month,devwork
2022-09-18,61817dff-da76-40c9-9ad8-cbb859ae8e37,Allen Clewes,918f2943-ac26-491f-972f-aeb5015a2cf2,Primo 10.0-1 208-240 (1),10.0,parsed_from_inverter_name,48.77,month,devwork
2022-09-19,61817dff-da76-40c9-9ad8-cbb859ae8e37,Allen Clewes,918f2943-ac26-491f-972f-aeb5015a2cf2,Primo 10.0-1 208-240 (1),10.0,parsed_from_inverter_name,35.04,month,devwork
2022-09-20,61817dff-da76-40c9-9ad8-cbb859ae8e37,Allen Clewes,918f2943-ac26-491f-972f-aeb5015a2cf2,Primo 10.0-1 208-240 (1),10.0,parsed_from_inverter_name,52.73,month,devwork
2022-09-21,61817dff-da76-40c9-9ad8-cbb859ae8e37,Allen Clewes,918f2943-ac26-491f-972f-aeb5015a2cf2,Primo 10.0-1 208-240 (1),10.0,parsed_from_inverter_name,62.4,month,devwork
2022-09-22,61817dff-da76-40c9-9ad8-cbb859ae8e37,Allen Clewes,918f2943-ac26-491f-972f-aeb5015a2cf2,Primo 10.0-1 208-240 (1),10.0,parsed_from_inverter_name,9.31,month,devwork
2022-09-23,61817dff-da76-40c9-9ad8-cbb859ae8e37,Allen Clewes,918f2943-ac26-491f-972f-aeb5015a2cf2,Primo 10.0-1 208-240 (1),10.0,parsed_from_inverter_name,50.12,month,devwork
2022-09-24,61817dff-da76-40c9-9ad8-cbb859ae8e37,Allen Clewes,918f2943-ac26-491f-972f-aeb5015a2cf2,Primo 10.0-1 208-240 (1),10.0,parsed_from_inverter_name,53.7,month,devwork
2022-09-25,61817dff-da76-40c9-9ad8-cbb859ae8e37,Allen Clewes,918f2943-ac26-491f-972f-aeb5015a2cf2,Primo 10.0-1 208-240 (1),10.0,parsed_from_inverter_name,56.6,month,devwork
2022-09-26,61817dff-da76-40c9-9ad8-cbb859ae8e37,Allen Clewes,918f2943-ac26-491f-972f-aeb5015a2cf2,Primo 10.0-1 208-240 (1),10.0,parsed_from_inverter_name,55.44,month,devwork
2022-09-27,61817dff-da76-40c9-9ad8-cbb859ae8e37,Allen Clewes,918f2943-ac26-491f-972f-aeb5015a2cf2,Primo 10.0-1 208-240 (1),10.0,parsed_from_inverter_name,55.83,month,devwork
2022-09-28,61817dff-da76-40c9-9ad8-cbb859ae8e37,Allen Clewes,918f2943-ac26-491f-972f-aeb5015a2cf2,Primo 10.0-1 208-240 (1),10.0,parsed_from_inverter_name,47.74,month,devwork
2022-09-29,61817dff-da76-40c9-9ad8-cbb859ae8e37,Allen Clewes,918f2943-ac26-491f-972f-aeb5015a2cf2,Primo 10.0-1 208-240 (1),10.0,parsed_from_inverter_name,26.21,month,devwork
2022-09-30,61817dff-da76-40c9-9ad8-cbb859ae8e37,Allen Clewes,918f2943-ac26-491f-972f-aeb5015a2cf2,Primo 10.0-1 208-240 (1),10.0,parsed_from_inverter_name,15.14,month,devwork
2022-10-01,61817dff-da76-40c9-9ad8-cbb859ae8e37,Allen Clewes,918f2943-ac26-491f-972f-aeb5015a2cf2,Primo 10.0-1 208-240 (1),10.0,parsed_from_inverter_name,51.37,month,devwork
2022-10-02,61817dff-da76-40c9-9ad8-cbb859ae8e37,Allen Clewes,918f2943-ac26-491f-972f-aeb5015a2cf2,Primo 10.0-1 208-240 (1),10.0,parsed_from_inverter_name,46.8,month,devwork
2022-10-03,61817dff-da76-40c9-9ad8-cbb859ae8e37,Allen Clewes,918f2943-ac26-491f-972f-aeb5015a2cf2,Primo 10.0-1 208-240 (1),10.0,parsed_from_inverter_name,51.48,month,devwork
2022-10-04,61817dff-da76-40c9-9ad8-cbb859ae8e37,Allen Clewes,918f2943-ac26-491f-972f-aeb5015a2cf2,Primo 10.0-1 208-240 (1),10.0,parsed_from_inverter_name,50.21,month,devwork
2022-10-05,61817dff-da76-40c9-9ad8-cbb859ae8e37,Allen Clewes,918f2943-ac26-491f-972f-aeb5015a2cf2,Primo 10.0-1 208-240 (1),10.0,parsed_from_inverter_name,48.74,month,devwork
2022-10-06,61817dff-da76-40c9-9ad8-cbb859ae8e37,Allen Clewes,918f2943-ac26-491f-972f-aeb5015a2cf2,Primo 10.0-1 208-240 (1),10.0,parsed_from_inverter_name,48.0,month,devwork
2022-10-07,61817dff-da76-40c9-9ad8-cbb859ae8e37,Allen Clewes,918f2943-ac26-491f-972f-aeb5015a2cf2,Primo 10.0-1 208-240 (1),10.0,parsed_from_inverter_name,49.11,month,devwork
2022-10-08,61817dff-da76-40c9-9ad8-cbb859ae8e37,Allen Clewes,918f2943-ac26-491f-972f-aeb5015a2cf2,Primo 10.0-1 208-240 (1),10.0,parsed_from_inverter_name,49.15,month,devwork
2022-10-09,61817dff-da76-40c9-9ad8-cbb859ae8e37,Allen Clewes,918f2943-ac26-491f-972f-aeb5015a2cf2,Primo 10.0-1 208-240 (1),10.0,parsed_from_inverter_name,46.78,month,devwork
2022-10-10,61817dff-da76-40c9-9ad8-cbb859ae8e37,Allen Clewes,918f2943-ac26-491f-972f-aeb5015a2cf2,Primo 10.0-1 208-240 (1),10.0,parsed_from_inverter_name,29.59,month,devwork
2022-10-11,61817dff-da76-40c9-9ad8-cbb859ae8e37,Allen Clewes,918f2943-ac26-491f-972f-aeb5015a2cf2,Primo 10.0-1 208-240 (1),10.0,parsed_from_inverter_name,47.98,month,devwork
2022-10-12,61817dff-da76-40c9-9ad8-cbb859ae8e37,Allen Clewes,918f2943-ac26-491f-972f-aeb5015a2cf2,Primo 10.0-1 208-240 (1),10.0,parsed_from_inverter_name,34.85,month,devwork
2022-10-13,61817dff-da76-40c9-9ad8-cbb859ae8e37,Allen Clewes,918f2943-ac26-491f-972f-aeb5015a2cf2,Primo 10.0-1 208-240 (1),10.0,parsed_from_inverter_name,46.19,month,devwork
2022-10-14,61817dff-da76-40c9-9ad8-cbb859ae8e37,Allen Clewes,918f2943-ac26-491f-972f-aeb5015a2cf2,Primo 10.0-1 208-240 (1),10.0,parsed_from_inverter_name,33.32,month,devwork
2022-10-15,61817dff-da76-40c9-9ad8-cbb859ae8e37,Allen Clewes,918f2943-ac26-491f-972f-aeb5015a2cf2,Primo 10.0-1 208-240 (1),10.0,parsed_from_inverter_name,43.39,month,devwork
2022-10-16,61817dff-da76-40c9-9ad8-cbb859ae8e37,Allen Clewes,918f2943-ac26-491f-972f-aeb5015a2cf2,Primo 10.0-1 208-240 (1),10.0,parsed_from_inverter_name,43.08,month,devwork
2022-10-17,61817dff-da76-40c9-9ad8-cbb859ae8e37,Allen Clewes,918f2943-ac26-491f-972f-aeb5015a2cf2,Primo 10.0-1 208-240 (1),10.0,parsed_from_inverter_name,43.15,month,devwork
2022-10-18,61817dff-da76-40c9-9ad8-cbb859ae8e37,Allen Clewes,918f2943-ac26-491f-972f-aeb5015a2cf2,Primo 10.0-1 208-240 (1),10.0,parsed_from_inverter_name,41.38,month,devwork
2022-10-19,61817dff-da76-40c9-9ad8-cbb859ae8e37,Allen Clewes,918f2943-ac26-491f-972f-aeb5015a2cf2,Primo 10.0-1 208-240 (1),10.0,parsed_from_inverter_name,39.12,month,devwork
2022-10-20,61817dff-da76-40c9-9ad8-cbb859ae8e37,Allen Clewes,918f2943-ac26-491f-972f-aeb5015a2cf2,Primo 10.0-1 208-240 (1),10.0,parsed_from_inverter_name,26.0,month,devwork
2022-10-21,61817dff-da76-40c9-9ad8-cbb859ae8e37,Allen Clewes,918f2943-ac26-491f-972f-aeb5015a2cf2,Primo 10.0-1 208-240 (1),10.0,parsed_from_inverter_name,4.13,month,devwork
2022-10-22,61817dff-da76-40c9-9ad8-cbb859ae8e37,Allen Clewes,918f2943-ac26-491f-972f-aeb5015a2cf2,Primo 10.0-1 208-240 (1),10.0,parsed_from_inverter_name,4.03,month,devwork
2022-10-23,61817dff-da76-40c9-9ad8-cbb859ae8e37,Allen Clewes,918f2943-ac26-491f-972f-aeb5015a2cf2,Primo 10.0-1 208-240 (1),10.0,parsed_from_inverter_name,2.3,month,devwork
2022-10-24,61817dff-da76-40c9-9ad8-cbb859ae8e37,Allen Clewes,918f2943-ac26-491f-972f-aeb5015a2cf2,Primo 10.0-1 208-240 (1),10.0,parsed_from_inverter_name,24.97,month,devwork
2022-10-25,61817dff-da76-40c9-9ad8-cbb859ae8e37,Allen Clewes,918f2943-ac26-491f-972f-aeb5015a2cf2,Primo 10.0-1 208-240 (1),10.0,parsed_from_inverter_name,39.85,month,devwork
2022-10-26,61817dff-da76-40c9-9ad8-cbb859ae8e37,Allen Clewes,918f2943-ac26-491f-972f-aeb5015a2cf2,Primo 10.0-1 208-240 (1),10.0,parsed_from_inverter_name,38.59,month,devwork
2022-10-27,61817dff-da76-40c9-9ad8-cbb859ae8e37,Allen Clewes,918f2943-ac26-491f-972f-aeb5015a2cf2,Primo 10.0-1 208-240 (1),10.0,parsed_from_inverter_name,28.23,month,devwork
2022-10-28,61817dff-da76-40c9-9ad8-cbb859ae8e37,Allen Clewes,918f2943-ac26-491f-972f-aeb5015a2cf2,Primo 10.0-1 208-240 (1),10.0,parsed_from_inverter_name,18.17,month,devwork
2022-10-29,61817dff-da76-40c9-9ad8-cbb859ae8e37,Allen Clewes,918f2943-ac26-491f-972f-aeb5015a2cf2,Primo 10.0-1 208-240 (1),10.0,parsed_from_inverter_name,36.82,month,devwork
2022-10-30,61817dff-da76-40c9-9ad8-cbb859ae8e37,Allen Clewes,918f2943-ac26-491f-972f-aeb5015a2cf2,Primo 10.0-1 208-240 (1),10.0,parsed_from_inverter_name,10.59,month,devwork
2022-10-31,61817dff-da76-40c9-9ad8-cbb859ae8e37,Allen Clewes,918f2943-ac26-491f-972f-aeb5015a2cf2,Primo 10.0-1 208-240 (1),10.0,parsed_from_inverter_name,20.85,month,devwork
2022-11-01,61817dff-da76-40c9-9ad8-cbb859ae8e37,Allen Clewes,918f2943-ac26-491f-972f-aeb5015a2cf2,Primo 10.0-1 208-240 (1),10.0,parsed_from_inverter_name,4.96,month,devwork
2022-11-02,61817dff-da76-40c9-9ad8-cbb859ae8e37,Allen Clewes,918f2943-ac26-491f-972f-aeb5015a2cf2,Primo 10.0-1 208-240 (1),10.0,parsed_from_inverter_name,14.78,month,devwork
2022-11-03,61817dff-da76-40c9-9ad8-cbb859ae8e37,Allen Clewes,918f2943-ac26-491f-972f-aeb5015a2cf2,Primo 10.0-1 208-240 (1),10.0,parsed_from_inverter_name,33.72,month,devwork
2022-11-04,61817dff-da76-40c9-9ad8-cbb859ae8e37,Allen Clewes,918f2943-ac26-491f-972f-aeb5015a2cf2,Primo 10.0-1 208-240 (1),10.0,parsed_from_inverter_name,20.35,month,devwork
2022-11-05,61817dff-da76-40c9-9ad8-cbb859ae8e37,Allen Clewes,918f2943-ac26-491f-972f-aeb5015a2cf2,Primo 10.0-1 208-240 (1),10.0,parsed_from_inverter_name,0.67,month,devwork
2022-11-06,61817dff-da76-40c9-9ad8-cbb859ae8e37,Allen Clewes,918f2943-ac26-491f-972f-aeb5015a2cf2,Primo 10.0-1 208-240 (1),10.0,parsed_from_inverter_name,0.75,month,devwork
2022-11-08,61817dff-da76-40c9-9ad8-cbb859ae8e37,Allen Clewes,918f2943-ac26-491f-972f-aeb5015a2cf2,Primo 10.0-1 208-240 (1),10.0,parsed_from_inverter_name,0.44,month,devwork
2022-11-10,61817dff-da76-40c9-9ad8-cbb859ae8e37,Allen Clewes,918f2943-ac26-491f-972f-aeb5015a2cf2,Primo 10.0-1 208-240 (1),10.0,parsed_from_inverter_name,1.29,month,devwork
2022-11-11,61817dff-da76-40c9-9ad8-cbb859ae8e37,Allen Clewes,918f2943-ac26-491f-972f-aeb5015a2cf2,Primo 10.0-1 208-240 (1),10.0,parsed_from_inverter_name,4.03,month,devwork
2022-11-12,61817dff-da76-40c9-9ad8-cbb859ae8e37,Allen Clewes,918f2943-ac26-491f-972f-aeb5015a2cf2,Primo 10.0-1 208-240 (1),10.0,parsed_from_inverter_name,3.54,month,devwork
2022-11-13,61817dff-da76-40c9-9ad8-cbb859ae8e37,Allen Clewes,918f2943-ac26-491f-972f-aeb5015a2cf2,Primo 10.0-1 208-240 (1),10.0,parsed_from_inverter_name,4.69,month,devwork
2022-11-14,61817dff-da76-40c9-9ad8-cbb859ae8e37,Allen Clewes,918f2943-ac26-491f-972f-aeb5015a2cf2,Primo 10.0-1 208-240 (1),10.0,parsed_from_inverter_name,11.4,month,devwork
2022-11-15,61817dff-da76-40c9-9ad8-cbb859ae8e37,Allen Clewes,918f2943-ac26-491f-972f-aeb5015a2cf2,Primo 10.0-1 208-240 (1),10.0,parsed_from_inverter_name,13.36,month,devwork
2022-11-16,61817dff-da76-40c9-9ad8-cbb859ae8e37,Allen Clewes,918f2943-ac26-491f-972f-aeb5015a2cf2,Primo 10.0-1 208-240 (1),10.0,parsed_from_inverter_name,7.5,month,devwork
2022-11-17,61817dff-da76-40c9-9ad8-cbb859ae8e37,Allen Clewes,918f2943-ac26-491f-972f-aeb5015a2cf2,Primo 10.0-1 208-240 (1),10.0,parsed_from_inverter_name,22.45,month,devwork
2022-11-18,61817dff-da76-40c9-9ad8-cbb859ae8e37,Allen Clewes,918f2943-ac26-491f-972f-aeb5015a2cf2,Primo 10.0-1 208-240 (1),10.0,parsed_from_inverter_name,21.29,month,devwork
2022-11-19,61817dff-da76-40c9-9ad8-cbb859ae8e37,Allen Clewes,918f2943-ac26-491f-972f-aeb5015a2cf2,Primo 10.0-1 208-240 (1),10.0,parsed_from_inverter_name,20.31,month,devwork
2022-11-20,61817dff-da76-40c9-9ad8-cbb859ae8e37,Allen Clewes,918f2943-ac26-491f-972f-aeb5015a2cf2,Primo 10.0-1 208-240 (1),10.0,parsed_from_inverter_name,15.03,month,devwork
2022-11-21,61817dff-da76-40c9-9ad8-cbb859ae8e37,Allen Clewes,918f2943-ac26-491f-972f-aeb5015a2cf2,Primo 10.0-1 208-240 (1),10.0,parsed_from_inverter_name,18.02,month,devwork
2022-11-22,61817dff-da76-40c9-9ad8-cbb859ae8e37,Allen Clewes,918f2943-ac26-491f-972f-aeb5015a2cf2,Primo 10.0-1 208-240 (1),10.0,parsed_from_inverter_name,7.39,month,devwork
2022-11-23,61817dff-da76-40c9-9ad8-cbb859ae8e37,Allen Clewes,918f2943-ac26-491f-972f-aeb5015a2cf2,Primo 10.0-1 208-240 (1),10.0,parsed_from_inverter_name,19.37,month,devwork
2022-11-24,61817dff-da76-40c9-9ad8-cbb859ae8e37,Allen Clewes,918f2943-ac26-491f-972f-aeb5015a2cf2,Primo 10.0-1 208-240 (1),10.0,parsed_from_inverter_name,5.1,month,devwork
2022-11-25,61817dff-da76-40c9-9ad8-cbb859ae8e37,Allen Clewes,918f2943-ac26-491f-972f-aeb5015a2cf2,Primo 10.0-1 208-240 (1),10.0,parsed_from_inverter_name,17.94,month,devwork
2022-11-26,61817dff-da76-40c9-9ad8-cbb859ae8e37,Allen Clewes,918f2943-ac26-491f-972f-aeb5015a2cf2,Primo 10.0-1 208-240 (1),10.0,parsed_from_inverter_name,21.09,month,devwork
2022-11-27,61817dff-da76-40c9-9ad8-cbb859ae8e37,Allen Clewes,918f2943-ac26-491f-972f-aeb5015a2cf2,Primo 10.0-1 208-240 (1),10.0,parsed_from_inverter_name,7.12,month,devwork
2022-11-28,61817dff-da76-40c9-9ad8-cbb859ae8e37,Allen Clewes,918f2943-ac26-491f-972f-aeb5015a2cf2,Primo 10.0-1 208-240 (1),10.0,parsed_from_inverter_name,10.51,month,devwork
2022-11-29,61817dff-da76-40c9-9ad8-cbb859ae8e37,Allen Clewes,918f2943-ac26-491f-972f-aeb5015a2cf2,Primo 10.0-1 208-240 (1),10.0,parsed_from_inverter_name,17.53,month,devwork
2022-11-30,61817dff-da76-40c9-9ad8-cbb859ae8e37,Allen Clewes,918f2943-ac26-491f-972f-aeb5015a2cf2,Primo 10.0-1 208-240 (1),10.0,parsed_from_inverter_name,6.35,month,devwork
2022-12-01,61817dff-da76-40c9-9ad8-cbb859ae8e37,Allen Clewes,918f2943-ac26-491f-972f-aeb5015a2cf2,Primo 10.0-1 208-240 (1),10.0,parsed_from_inverter_name,2.23,month,devwork
2022-12-02,61817dff-da76-40c9-9ad8-cbb859ae8e37,Allen Clewes,918f2943-ac26-491f-972f-aeb5015a2cf2,Primo 10.0-1 208-240 (1),10.0,parsed_from_inverter_name,6.28,month,devwork
2022-12-03,61817dff-da76-40c9-9ad8-cbb859ae8e37,Allen Clewes,918f2943-ac26-491f-972f-aeb5015a2cf2,Primo 10.0-1 208-240 (1),10.0,parsed_from_inverter_name,17.57,month,devwork
2022-12-04,61817dff-da76-40c9-9ad8-cbb859ae8e37,Allen Clewes,918f2943-ac26-491f-972f-aeb5015a2cf2,Primo 10.0-1 208-240 (1),10.0,parsed_from_inverter_name,17.11,month,devwork
2022-12-05,61817dff-da76-40c9-9ad8-cbb859ae8e37,Allen Clewes,918f2943-ac26-491f-972f-aeb5015a2cf2,Primo 10.0-1 208-240 (1),10.0,parsed_from_inverter_name,1.39,month,devwork
2022-12-06,61817dff-da76-40c9-9ad8-cbb859ae8e37,Allen Clewes,918f2943-ac26-491f-972f-aeb5015a2cf2,Primo 10.0-1 208-240 (1),10.0,parsed_from_inverter_name,2.02,month,devwork
2022-12-07,61817dff-da76-40c9-9ad8-cbb859ae8e37,Allen Clewes,918f2943-ac26-491f-972f-aeb5015a2cf2,Primo 10.0-1 208-240 (1),10.0,parsed_from_inverter_name,18.04,month,devwork
2022-12-08,61817dff-da76-40c9-9ad8-cbb859ae8e37,Allen Clewes,918f2943-ac26-491f-972f-aeb5015a2cf2,Primo 10.0-1 208-240 (1),10.0,parsed_from_inverter_name,10.93,month,devwork
2022-12-09,61817dff-da76-40c9-9ad8-cbb859ae8e37,Allen Clewes,918f2943-ac26-491f-972f-aeb5015a2cf2,Primo 10.0-1 208-240 (1),10.0,parsed_from_inverter_name,14.96,month,devwork
2022-12-10,61817dff-da76-40c9-9ad8-cbb859ae8e37,Allen Clewes,918f2943-ac26-491f-972f-aeb5015a2cf2,Primo 10.0-1 208-240 (1),10.0,parsed_from_inverter_name,10.63,month,devwork
2022-12-11,61817dff-da76-40c9-9ad8-cbb859ae8e37,Allen Clewes,918f2943-ac26-491f-972f-aeb5015a2cf2,Primo 10.0-1 208-240 (1),10.0,parsed_from_inverter_name,5.0,month,devwork
2022-12-12,61817dff-da76-40c9-9ad8-cbb859ae8e37,Allen Clewes,918f2943-ac26-491f-972f-aeb5015a2cf2,Primo 10.0-1 208-240 (1),10.0,parsed_from_inverter_name,1.24,month,devwork
2022-12-13,61817dff-da76-40c9-9ad8-cbb859ae8e37,Allen Clewes,918f2943-ac26-491f-972f-aeb5015a2cf2,Primo 10.0-1 208-240 (1),10.0,parsed_from_inverter_name,2.93,month,devwork
2022-12-15,61817dff-da76-40c9-9ad8-cbb859ae8e37,Allen Clewes,918f2943-ac26-491f-972f-aeb5015a2cf2,Primo 10.0-1 208-240 (1),10.0,parsed_from_inverter_name,0.01,month,devwork
2022-12-19,61817dff-da76-40c9-9ad8-cbb859ae8e37,Allen Clewes,918f2943-ac26-491f-972f-aeb5015a2cf2,Primo 10.0-1 208-240 (1),10.0,parsed_from_inverter_name,0.07,month,devwork
2022-12-25,61817dff-da76-40c9-9ad8-cbb859ae8e37,Allen Clewes,918f2943-ac26-491f-972f-aeb5015a2cf2,Primo 10.0-1 208-240 (1),10.0,parsed_from_inverter_name,10.39,month,devwork
2022-12-26,61817dff-da76-40c9-9ad8-cbb859ae8e37,Allen Clewes,918f2943-ac26-491f-972f-aeb5015a2cf2,Primo 10.0-1 208-240 (1),10.0,parsed_from_inverter_name,7.92,month,devwork
2022-12-27,61817dff-da76-40c9-9ad8-cbb859ae8e37,Allen Clewes,918f2943-ac26-491f-972f-aeb5015a2cf2,Primo 10.0-1 208-240 (1),10.0,parsed_from_inverter_name,2.4,month,devwork
2022-12-28,61817dff-da76-40c9-9ad8-cbb859ae8e37,Allen Clewes,918f2943-ac26-491f-972f-aeb5015a2cf2,Primo 10.0-1 208-240 (1),10.0,parsed_from_inverter_name,3.74,month,devwork
2022-12-29,61817dff-da76-40c9-9ad8-cbb859ae8e37,Allen Clewes,918f2943-ac26-491f-972f-aeb5015a2cf2,Primo 10.0-1 208-240 (1),10.0,parsed_from_inverter_name,12.25,month,devwork
2022-12-30,61817dff-da76-40c9-9ad8-cbb859ae8e37,Allen Clewes,918f2943-ac26-491f-972f-aeb5015a2cf2,Primo 10.0-1 208-240 (1),10.0,parsed_from_inverter_name,8.53,month,devwork
2022-12-31,61817dff-da76-40c9-9ad8-cbb859ae8e37,Allen Clewes,918f2943-ac26-491f-972f-aeb5015a2cf2,Primo 10.0-1 208-240 (1),10.0,parsed_from_inverter_name,13.44,month,devwork
2023-01-01,61817dff-da76-40c9-9ad8-cbb859ae8e37,Allen Clewes,918f2943-ac26-491f-972f-aeb5015a2cf2,Primo 10.0-1 208-240 (1),10.0,parsed_from_inverter_name,12.75,month,devwork
2023-01-02,61817dff-da76-40c9-9ad8-cbb859ae8e37,Allen Clewes,918f2943-ac26-491f-972f-aeb5015a2cf2,Primo 10.0-1 208-240 (1),10.0,parsed_from_inverter_name,15.99,month,devwork
2023-01-03,61817dff-da76-40c9-9ad8-cbb859ae8e37,Allen Clewes,918f2943-ac26-491f-972f-aeb5015a2cf2,Primo 10.0-1 208-240 (1),10.0,parsed_from_inverter_name,12.96,month,devwork
2023-01-04,61817dff-da76-40c9-9ad8-cbb859ae8e37,Allen Clewes,918f2943-ac26-491f-972f-aeb5015a2cf2,Primo 10.0-1 208-240 (1),10.0,parsed_from_inverter_name,18.14,month,devwork
2023-01-05,61817dff-da76-40c9-9ad8-cbb859ae8e37,Allen Clewes,918f2943-ac26-491f-972f-aeb5015a2cf2,Primo 10.0-1 208-240 (1),10.0,parsed_from_inverter_name,11.06,month,devwork
2023-01-06,61817dff-da76-40c9-9ad8-cbb859ae8e37,Allen Clewes,918f2943-ac26-491f-972f-aeb5015a2cf2,Primo 10.0-1 208-240 (1),10.0,parsed_from_inverter_name,16.67,month,devwork
2023-01-07,61817dff-da76-40c9-9ad8-cbb859ae8e37,Allen Clewes,918f2943-ac26-491f-972f-aeb5015a2cf2,Primo 10.0-1 208-240 (1),10.0,parsed_from_inverter_name,13.25,month,devwork
2023-01-08,61817dff-da76-40c9-9ad8-cbb859ae8e37,Allen Clewes,918f2943-ac26-491f-972f-aeb5015a2cf2,Primo 10.0-1 208-240 (1),10.0,parsed_from_inverter_name,5.17,month,devwork
2023-01-09,61817dff-da76-40c9-9ad8-cbb859ae8e37,Allen Clewes,918f2943-ac26-491f-972f-aeb5015a2cf2,Primo 10.0-1 208-240 (1),10.0,parsed_from_inverter_name,16.83,month,devwork
2023-01-10,61817dff-da76-40c9-9ad8-cbb859ae8e37,Allen Clewes,918f2943-ac26-491f-972f-aeb5015a2cf2,Primo 10.0-1 208-240 (1),10.0,parsed_from_inverter_name,16.24,month,devwork
2023-01-11,61817dff-da76-40c9-9ad8-cbb859ae8e37,Allen Clewes,918f2943-ac26-491f-972f-aeb5015a2cf2,Primo 10.0-1 208-240 (1),10.0,parsed_from_inverter_name,17.34,month,devwork
2023-01-12,61817dff-da76-40c9-9ad8-cbb859ae8e37,Allen Clewes,918f2943-ac26-491f-972f-aeb5015a2cf2,Primo 10.0-1 208-240 (1),10.0,parsed_from_inverter_name,4.84,month,devwork
2023-01-13,61817dff-da76-40c9-9ad8-cbb859ae8e37,Allen Clewes,918f2943-ac26-491f-972f-aeb5015a2cf2,Primo 10.0-1 208-240 (1),10.0,parsed_from_inverter_name,13.28,month,devwork
2023-01-14,61817dff-da76-40c9-9ad8-cbb859ae8e37,Allen Clewes,918f2943-ac26-491f-972f-aeb5015a2cf2,Primo 10.0-1 208-240 (1),10.0,parsed_from_inverter_name,16.76,month,devwork
2023-01-15,61817dff-da76-40c9-9ad8-cbb859ae8e37,Allen Clewes,918f2943-ac26-491f-972f-aeb5015a2cf2,Primo 10.0-1 208-240 (1),10.0,parsed_from_inverter_name,10.08,month,devwork
2023-01-16,61817dff-da76-40c9-9ad8-cbb859ae8e37,Allen Clewes,918f2943-ac26-491f-972f-aeb5015a2cf2,Primo 10.0-1 208-240 (1),10.0,parsed_from_inverter_name,16.4,month,devwork
2023-01-17,61817dff-da76-40c9-9ad8-cbb859ae8e37,Allen Clewes,918f2943-ac26-491f-972f-aeb5015a2cf2,Primo 10.0-1 208-240 (1),10.0,parsed_from_inverter_name,19.24,month,devwork
2023-01-18,61817dff-da76-40c9-9ad8-cbb859ae8e37,Allen Clewes,918f2943-ac26-491f-972f-aeb5015a2cf2,Primo 10.0-1 208-240 (1),10.0,parsed_from_inverter_name,20.48,month,devwork
2023-01-19,61817dff-da76-40c9-9ad8-cbb859ae8e37,Allen Clewes,918f2943-ac26-491f-972f-aeb5015a2cf2,Primo 10.0-1 208-240 (1),10.0,parsed_from_inverter_name,15.02,month,devwork
2023-01-20,61817dff-da76-40c9-9ad8-cbb859ae8e37,Allen Clewes,918f2943-ac26-491f-972f-aeb5015a2cf2,Primo 10.0-1 208-240 (1),10.0,parsed_from_inverter_name,14.84,month,devwork
2023-01-21,61817dff-da76-40c9-9ad8-cbb859ae8e37,Allen Clewes,918f2943-ac26-491f-972f-aeb5015a2cf2,Primo 10.0-1 208-240 (1),10.0,parsed_from_inverter_name,23.81,month,devwork
2023-01-22,61817dff-da76-40c9-9ad8-cbb859ae8e37,Allen Clewes,918f2943-ac26-491f-972f-aeb5015a2cf2,Primo 10.0-1 208-240 (1),10.0,parsed_from_inverter_name,0.72,month,devwork
2023-01-23,61817dff-da76-40c9-9ad8-cbb859ae8e37,Allen Clewes,918f2943-ac26-491f-972f-aeb5015a2cf2,Primo 10.0-1 208-240 (1),10.0,parsed_from_inverter_name,14.12,month,devwork
2023-01-24,61817dff-da76-40c9-9ad8-cbb859ae8e37,Allen Clewes,918f2943-ac26-491f-972f-aeb5015a2cf2,Primo 10.0-1 208-240 (1),10.0,parsed_from_inverter_name,9.08,month,devwork
2023-01-25,61817dff-da76-40c9-9ad8-cbb859ae8e37,Allen Clewes,918f2943-ac26-491f-972f-aeb5015a2cf2,Primo 10.0-1 208-240 (1),10.0,parsed_from_inverter_name,5.54,month,devwork
2023-01-26,61817dff-da76-40c9-9ad8-cbb859ae8e37,Allen Clewes,918f2943-ac26-491f-972f-aeb5015a2cf2,Primo 10.0-1 208-240 (1),10.0,parsed_from_inverter_name,19.12,month,devwork
2023-01-27,61817dff-da76-40c9-9ad8-cbb859ae8e37,Allen Clewes,918f2943-ac26-491f-972f-aeb5015a2cf2,Primo 10.0-1 208-240 (1),10.0,parsed_from_inverter_name,2.38,month,devwork
2023-01-28,61817dff-da76-40c9-9ad8-cbb859ae8e37,Allen Clewes,918f2943-ac26-491f-972f-aeb5015a2cf2,Primo 10.0-1 208-240 (1),10.0,parsed_from_inverter_name,5.05,month,devwork
2023-01-29,61817dff-da76-40c9-9ad8-cbb859ae8e37,Allen Clewes,918f2943-ac26-491f-972f-aeb5015a2cf2,Primo 10.0-1 208-240 (1),10.0,parsed_from_inverter_name,9.55,month,devwork
2023-01-30,61817dff-da76-40c9-9ad8-cbb859ae8e37,Allen Clewes,918f2943-ac26-491f-972f-aeb5015a2cf2,Primo 10.0-1 208-240 (1),10.0,parsed_from_inverter_name,7.83,month,devwork
2023-01-31,61817dff-da76-40c9-9ad8-cbb859ae8e37,Allen Clewes,918f2943-ac26-491f-972f-aeb5015a2cf2,Primo 10.0-1 208-240 (1),10.0,parsed_from_inverter_name,10.05,month,devwork
2023-02-01,61817dff-da76-40c9-9ad8-cbb859ae8e37,Allen Clewes,918f2943-ac26-491f-972f-aeb5015a2cf2,Primo 10.0-1 208-240 (1),10.0,parsed_from_inverter_name,9.72,month,devwork
2023-02-02,61817dff-da76-40c9-9ad8-cbb859ae8e37,Allen Clewes,918f2943-ac26-491f-972f-aeb5015a2cf2,Primo 10.0-1 208-240 (1),10.0,parsed_from_inverter_name,7.17,month,devwork
2023-02-03,61817dff-da76-40c9-9ad8-cbb859ae8e37,Allen Clewes,918f2943-ac26-491f-972f-aeb5015a2cf2,Primo 10.0-1 208-240 (1),10.0,parsed_from_inverter_name,23.69,month,devwork
2023-02-04,61817dff-da76-40c9-9ad8-cbb859ae8e37,Allen Clewes,918f2943-ac26-491f-972f-aeb5015a2cf2,Primo 10.0-1 208-240 (1),10.0,parsed_from_inverter_name,32.66,month,devwork
2023-02-05,61817dff-da76-40c9-9ad8-cbb859ae8e37,Allen Clewes,918f2943-ac26-491f-972f-aeb5015a2cf2,Primo 10.0-1 208-240 (1),10.0,parsed_from_inverter_name,13.63,month,devwork
2023-02-06,61817dff-da76-40c9-9ad8-cbb859ae8e37,Allen Clewes,918f2943-ac26-491f-972f-aeb5015a2cf2,Primo 10.0-1 208-240 (1),10.0,parsed_from_inverter_name,33.07,month,devwork
2023-02-07,61817dff-da76-40c9-9ad8-cbb859ae8e37,Allen Clewes,918f2943-ac26-491f-972f-aeb5015a2cf2,Primo 10.0-1 208-240 (1),10.0,parsed_from_inverter_name,5.51,month,devwork
2023-02-08,61817dff-da76-40c9-9ad8-cbb859ae8e37,Allen Clewes,918f2943-ac26-491f-972f-aeb5015a2cf2,Primo 10.0-1 208-240 (1),10.0,parsed_from_inverter_name,16.77,month,devwork
2023-02-09,61817dff-da76-40c9-9ad8-cbb859ae8e37,Allen Clewes,918f2943-ac26-491f-972f-aeb5015a2cf2,Primo 10.0-1 208-240 (1),10.0,parsed_from_inverter_name,33.74,month,devwork
2023-02-10,61817dff-da76-40c9-9ad8-cbb859ae8e37,Allen Clewes,918f2943-ac26-491f-972f-aeb5015a2cf2,Primo 10.0-1 208-240 (1),10.0,parsed_from_inverter_name,37.75,month,devwork
2023-02-11,61817dff-da76-40c9-9ad8-cbb859ae8e37,Allen Clewes,918f2943-ac26-491f-972f-aeb5015a2cf2,Primo 10.0-1 208-240 (1),10.0,parsed_from_inverter_name,38.23,month,devwork
2023-02-12,61817dff-da76-40c9-9ad8-cbb859ae8e37,Allen Clewes,918f2943-ac26-491f-972f-aeb5015a2cf2,Primo 10.0-1 208-240 (1),10.0,parsed_from_inverter_name,27.69,month,devwork
2023-02-13,61817dff-da76-40c9-9ad8-cbb859ae8e37,Allen Clewes,918f2943-ac26-491f-972f-aeb5015a2cf2,Primo 10.0-1 208-240 (1),10.0,parsed_from_inverter_name,26.81,month,devwork
2023-02-14,61817dff-da76-40c9-9ad8-cbb859ae8e37,Allen Clewes,918f2943-ac26-491f-972f-aeb5015a2cf2,Primo 10.0-1 208-240 (1),10.0,parsed_from_inverter_name,23.43,month,devwork
2023-02-15,61817dff-da76-40c9-9ad8-cbb859ae8e37,Allen Clewes,918f2943-ac26-491f-972f-aeb5015a2cf2,Primo 10.0-1 208-240 (1),10.0,parsed_from_inverter_name,40.33,month,devwork
2023-02-16,61817dff-da76-40c9-9ad8-cbb859ae8e37,Allen Clewes,918f2943-ac26-491f-972f-aeb5015a2cf2,Primo 10.0-1 208-240 (1),10.0,parsed_from_inverter_name,20.43,month,devwork
2023-02-17,61817dff-da76-40c9-9ad8-cbb859ae8e37,Allen Clewes,918f2943-ac26-491f-972f-aeb5015a2cf2,Primo 10.0-1 208-240 (1),10.0,parsed_from_inverter_name,42.9,month,devwork
2023-02-18,61817dff-da76-40c9-9ad8-cbb859ae8e37,Allen Clewes,918f2943-ac26-491f-972f-aeb5015a2cf2,Primo 10.0-1 208-240 (1),10.0,parsed_from_inverter_name,28.41,month,devwork
2023-02-19,61817dff-da76-40c9-9ad8-cbb859ae8e37,Allen Clewes,918f2943-ac26-491f-972f-aeb5015a2cf2,Primo 10.0-1 208-240 (1),10.0,parsed_from_inverter_name,23.72,month,devwork
2023-02-20,61817dff-da76-40c9-9ad8-cbb859ae8e37,Allen Clewes,918f2943-ac26-491f-972f-aeb5015a2cf2,Primo 10.0-1 208-240 (1),10.0,parsed_from_inverter_name,0.88,month,devwork
2023-02-21,61817dff-da76-40c9-9ad8-cbb859ae8e37,Allen Clewes,918f2943-ac26-491f-972f-aeb5015a2cf2,Primo 10.0-1 208-240 (1),10.0,parsed_from_inverter_name,1.26,month,devwork
2023-02-22,61817dff-da76-40c9-9ad8-cbb859ae8e37,Allen Clewes,918f2943-ac26-491f-972f-aeb5015a2cf2,Primo 10.0-1 208-240 (1),10.0,parsed_from_inverter_name,0.74,month,devwork
2023-02-23,61817dff-da76-40c9-9ad8-cbb859ae8e37,Allen Clewes,918f2943-ac26-491f-972f-aeb5015a2cf2,Primo 10.0-1 208-240 (1),10.0,parsed_from_inverter_name,0.92,month,devwork
2023-02-24,61817dff-da76-40c9-9ad8-cbb859ae8e37,Allen Clewes,918f2943-ac26-491f-972f-aeb5015a2cf2,Primo 10.0-1 208-240 (1),10.0,parsed_from_inverter_name,2.79,month,devwork
2023-02-25,61817dff-da76-40c9-9ad8-cbb859ae8e37,Allen Clewes,918f2943-ac26-491f-972f-aeb5015a2cf2,Primo 10.0-1 208-240 (1),10.0,parsed_from_inverter_name,4.4,month,devwork
2023-02-26,61817dff-da76-40c9-9ad8-cbb859ae8e37,Allen Clewes,918f2943-ac26-491f-972f-aeb5015a2cf2,Primo 10.0-1 208-240 (1),10.0,parsed_from_inverter_name,8.85,month,devwork
2023-02-27,61817dff-da76-40c9-9ad8-cbb859ae8e37,Allen Clewes,918f2943-ac26-491f-972f-aeb5015a2cf2,Primo 10.0-1 208-240 (1),10.0,parsed_from_inverter_name,33.96,month,devwork
2023-02-28,61817dff-da76-40c9-9ad8-cbb859ae8e37,Allen Clewes,918f2943-ac26-491f-972f-aeb5015a2cf2,Primo 10.0-1 208-240 (1),10.0,parsed_from_inverter_name,16.12,month,devwork
2023-03-01,61817dff-da76-40c9-9ad8-cbb859ae8e37,Allen Clewes,918f2943-ac26-491f-972f-aeb5015a2cf2,Primo 10.0-1 208-240 (1),10.0,parsed_from_inverter_name,37.13,month,devwork
2023-03-02,61817dff-da76-40c9-9ad8-cbb859ae8e37,Allen Clewes,918f2943-ac26-491f-972f-aeb5015a2cf2,Primo 10.0-1 208-240 (1),10.0,parsed_from_inverter_name,51.78,month,devwork
2023-03-03,61817dff-da76-40c9-9ad8-cbb859ae8e37,Allen Clewes,918f2943-ac26-491f-972f-aeb5015a2cf2,Primo 10.0-1 208-240 (1),10.0,parsed_from_inverter_name,54.78,month,devwork
2023-03-04,61817dff-da76-40c9-9ad8-cbb859ae8e37,Allen Clewes,918f2943-ac26-491f-972f-aeb5015a2cf2,Primo 10.0-1 208-240 (1),10.0,parsed_from_inverter_name,54.94,month,devwork
2023-03-05,61817dff-da76-40c9-9ad8-cbb859ae8e37,Allen Clewes,918f2943-ac26-491f-972f-aeb5015a2cf2,Primo 10.0-1 208-240 (1),10.0,parsed_from_inverter_name,4.41,month,devwork
2023-03-06,61817dff-da76-40c9-9ad8-cbb859ae8e37,Allen Clewes,918f2943-ac26-491f-972f-aeb5015a2cf2,Primo 10.0-1 208-240 (1),10.0,parsed_from_inverter_name,2.01,month,devwork
2023-03-07,61817dff-da76-40c9-9ad8-cbb859ae8e37,Allen Clewes,918f2943-ac26-491f-972f-aeb5015a2cf2,Primo 10.0-1 208-240 (1),10.0,parsed_from_inverter_name,2.66,month,devwork
2023-03-08,61817dff-da76-40c9-9ad8-cbb859ae8e37,Allen Clewes,918f2943-ac26-491f-972f-aeb5015a2cf2,Primo 10.0-1 208-240 (1),10.0,parsed_from_inverter_name,1.46,month,devwork
2023-03-09,61817dff-da76-40c9-9ad8-cbb859ae8e37,Allen Clewes,918f2943-ac26-491f-972f-aeb5015a2cf2,Primo 10.0-1 208-240 (1),10.0,parsed_from_inverter_name,2.77,month,devwork
2023-03-10,61817dff-da76-40c9-9ad8-cbb859ae8e37,Allen Clewes,918f2943-ac26-491f-972f-aeb5015a2cf2,Primo 10.0-1 208-240 (1),10.0,parsed_from_inverter_name,0.59,month,devwork
2023-03-11,61817dff-da76-40c9-9ad8-cbb859ae8e37,Allen Clewes,918f2943-ac26-491f-972f-aeb5015a2cf2,Primo 10.0-1 208-240 (1),10.0,parsed_from_inverter_name,13.23,month,devwork
2023-03-12,61817dff-da76-40c9-9ad8-cbb859ae8e37,Allen Clewes,918f2943-ac26-491f-972f-aeb5015a2cf2,Primo 10.0-1 208-240 (1),10.0,parsed_from_inverter_name,41.76,month,devwork
2023-03-13,61817dff-da76-40c9-9ad8-cbb859ae8e37,Allen Clewes,918f2943-ac26-491f-972f-aeb5015a2cf2,Primo 10.0-1 208-240 (1),10.0,parsed_from_inverter_name,34.19,month,devwork
2023-03-14,61817dff-da76-40c9-9ad8-cbb859ae8e37,Allen Clewes,918f2943-ac26-491f-972f-aeb5015a2cf2,Primo 10.0-1 208-240 (1),10.0,parsed_from_inverter_name,56.11,month,devwork
2023-03-15,61817dff-da76-40c9-9ad8-cbb859ae8e37,Allen Clewes,918f2943-ac26-491f-972f-aeb5015a2cf2,Primo 10.0-1 208-240 (1),10.0,parsed_from_inverter_name,50.06,month,devwork
2023-03-16,61817dff-da76-40c9-9ad8-cbb859ae8e37,Allen Clewes,918f2943-ac26-491f-972f-aeb5015a2cf2,Primo 10.0-1 208-240 (1),10.0,parsed_from_inverter_name,64.15,month,devwork
2023-03-17,61817dff-da76-40c9-9ad8-cbb859ae8e37,Allen Clewes,918f2943-ac26-491f-972f-aeb5015a2cf2,Primo 10.0-1 208-240 (1),10.0,parsed_from_inverter_name,66.09,month,devwork
2023-03-18,61817dff-da76-40c9-9ad8-cbb859ae8e37,Allen Clewes,918f2943-ac26-491f-972f-aeb5015a2cf2,Primo 10.0-1 208-240 (1),10.0,parsed_from_inverter_name,50.56,month,devwork
2023-03-19,61817dff-da76-40c9-9ad8-cbb859ae8e37,Allen Clewes,918f2943-ac26-491f-972f-aeb5015a2cf2,Primo 10.0-1 208-240 (1),10.0,parsed_from_inverter_name,63.58,month,devwork
2023-03-20,61817dff-da76-40c9-9ad8-cbb859ae8e37,Allen Clewes,918f2943-ac26-491f-972f-aeb5015a2cf2,Primo 10.0-1 208-240 (1),10.0,parsed_from_inverter_name,63.62,month,devwork
2023-03-21,61817dff-da76-40c9-9ad8-cbb859ae8e37,Allen Clewes,918f2943-ac26-491f-972f-aeb5015a2cf2,Primo 10.0-1 208-240 (1),10.0,parsed_from_inverter_name,66.26,month,devwork
2023-03-22,61817dff-da76-40c9-9ad8-cbb859ae8e37,Allen Clewes,918f2943-ac26-491f-972f-aeb5015a2cf2,Primo 10.0-1 208-240 (1),10.0,parsed_from_inverter_name,68.09,month,devwork
2023-03-23,61817dff-da76-40c9-9ad8-cbb859ae8e37,Allen Clewes,918f2943-ac26-491f-972f-aeb5015a2cf2,Primo 10.0-1 208-240 (1),10.0,parsed_from_inverter_name,67.82,month,devwork
2023-03-24,61817dff-da76-40c9-9ad8-cbb859ae8e37,Allen Clewes,918f2943-ac26-491f-972f-aeb5015a2cf2,Primo 10.0-1 208-240 (1),10.0,parsed_from_inverter_name,45.72,month,devwork
2023-03-25,61817dff-da76-40c9-9ad8-cbb859ae8e37,Allen Clewes,918f2943-ac26-491f-972f-aeb5015a2cf2,Primo 10.0-1 208-240 (1),10.0,parsed_from_inverter_name,58.31,month,devwork
2023-03-26,61817dff-da76-40c9-9ad8-cbb859ae8e37,Allen Clewes,918f2943-ac26-491f-972f-aeb5015a2cf2,Primo 10.0-1 208-240 (1),10.0,parsed_from_inverter_name,48.35,month,devwork
2023-03-27,61817dff-da76-40c9-9ad8-cbb859ae8e37,Allen Clewes,918f2943-ac26-491f-972f-aeb5015a2cf2,Primo 10.0-1 208-240 (1),10.0,parsed_from_inverter_name,6.96,month,devwork
2023-03-28,61817dff-da76-40c9-9ad8-cbb859ae8e37,Allen Clewes,918f2943-ac26-491f-972f-aeb5015a2cf2,Primo 10.0-1 208-240 (1),10.0,parsed_from_inverter_name,41.25,month,devwork
2023-03-29,61817dff-da76-40c9-9ad8-cbb859ae8e37,Allen Clewes,918f2943-ac26-491f-972f-aeb5015a2cf2,Primo 10.0-1 208-240 (1),10.0,parsed_from_inverter_name,65.65,month,devwork
2023-03-30,61817dff-da76-40c9-9ad8-cbb859ae8e37,Allen Clewes,918f2943-ac26-491f-972f-aeb5015a2cf2,Primo 10.0-1 208-240 (1),10.0,parsed_from_inverter_name,60.24,month,devwork
2023-03-31,61817dff-da76-40c9-9ad8-cbb859ae8e37,Allen Clewes,918f2943-ac26-491f-972f-aeb5015a2cf2,Primo 10.0-1 208-240 (1),10.0,parsed_from_inverter_name,72.94,month,devwork
2023-04-01,61817dff-da76-40c9-9ad8-cbb859ae8e37,Allen Clewes,918f2943-ac26-491f-972f-aeb5015a2cf2,Primo 10.0-1 208-240 (1),10.0,parsed_from_inverter_name,45.79,month,devwork
2023-04-02,61817dff-da76-40c9-9ad8-cbb859ae8e37,Allen Clewes,918f2943-ac26-491f-972f-aeb5015a2cf2,Primo 10.0-1 208-240 (1),10.0,parsed_from_inverter_name,33.51,month,devwork
2023-04-03,61817dff-da76-40c9-9ad8-cbb859ae8e37,Allen Clewes,918f2943-ac26-491f-972f-aeb5015a2cf2,Primo 10.0-1 208-240 (1),10.0,parsed_from_inverter_name,21.93,month,devwork
2023-04-04,61817dff-da76-40c9-9ad8-cbb859ae8e37,Allen Clewes,918f2943-ac26-491f-972f-aeb5015a2cf2,Primo 10.0-1 208-240 (1),10.0,parsed_from_inverter_name,25.75,month,devwork
2023-04-05,61817dff-da76-40c9-9ad8-cbb859ae8e37,Allen Clewes,918f2943-ac26-491f-972f-aeb5015a2cf2,Primo 10.0-1 208-240 (1),10.0,parsed_from_inverter_name,68.09,month,devwork
2023-04-06,61817dff-da76-40c9-9ad8-cbb859ae8e37,Allen Clewes,918f2943-ac26-491f-972f-aeb5015a2cf2,Primo 10.0-1 208-240 (1),10.0,parsed_from_inverter_name,75.05,month,devwork
2023-04-07,61817dff-da76-40c9-9ad8-cbb859ae8e37,Allen Clewes,918f2943-ac26-491f-972f-aeb5015a2cf2,Primo 10.0-1 208-240 (1),10.0,parsed_from_inverter_name,52.74,month,devwork
2023-04-08,61817dff-da76-40c9-9ad8-cbb859ae8e37,Allen Clewes,918f2943-ac26-491f-972f-aeb5015a2cf2,Primo 10.0-1 208-240 (1),10.0,parsed_from_inverter_name,61.81,month,devwork
2023-04-09,61817dff-da76-40c9-9ad8-cbb859ae8e37,Allen Clewes,918f2943-ac26-491f-972f-aeb5015a2cf2,Primo 10.0-1 208-240 (1),10.0,parsed_from_inverter_name,62.86,month,devwork
2023-04-10,61817dff-da76-40c9-9ad8-cbb859ae8e37,Allen Clewes,918f2943-ac26-491f-972f-aeb5015a2cf2,Primo 10.0-1 208-240 (1),10.0,parsed_from_inverter_name,57.9,month,devwork
2023-04-11,61817dff-da76-40c9-9ad8-cbb859ae8e37,Allen Clewes,918f2943-ac26-491f-972f-aeb5015a2cf2,Primo 10.0-1 208-240 (1),10.0,parsed_from_inverter_name,71.54,month,devwork
2023-04-12,61817dff-da76-40c9-9ad8-cbb859ae8e37,Allen Clewes,918f2943-ac26-491f-972f-aeb5015a2cf2,Primo 10.0-1 208-240 (1),10.0,parsed_from_inverter_name,49.27,month,devwork
2023-04-13,61817dff-da76-40c9-9ad8-cbb859ae8e37,Allen Clewes,918f2943-ac26-491f-972f-aeb5015a2cf2,Primo 10.0-1 208-240 (1),10.0,parsed_from_inverter_name,51.38,month,devwork
2023-04-14,61817dff-da76-40c9-9ad8-cbb859ae8e37,Allen Clewes,918f2943-ac26-491f-972f-aeb5015a2cf2,Primo 10.0-1 208-240 (1),10.0,parsed_from_inverter_name,55.2,month,devwork
2023-04-15,61817dff-da76-40c9-9ad8-cbb859ae8e37,Allen Clewes,918f2943-ac26-491f-972f-aeb5015a2cf2,Primo 10.0-1 208-240 (1),10.0,parsed_from_inverter_name,75.98,month,devwork
2023-04-16,61817dff-da76-40c9-9ad8-cbb859ae8e37,Allen Clewes,918f2943-ac26-491f-972f-aeb5015a2cf2,Primo 10.0-1 208-240 (1),10.0,parsed_from_inverter_name,60.75,month,devwork
2023-04-17,61817dff-da76-40c9-9ad8-cbb859ae8e37,Allen Clewes,918f2943-ac26-491f-972f-aeb5015a2cf2,Primo 10.0-1 208-240 (1),10.0,parsed_from_inverter_name,78.81,month,devwork
2023-04-18,61817dff-da76-40c9-9ad8-cbb859ae8e37,Allen Clewes,918f2943-ac26-491f-972f-aeb5015a2cf2,Primo 10.0-1 208-240 (1),10.0,parsed_from_inverter_name,35.98,month,devwork
2023-04-19,61817dff-da76-40c9-9ad8-cbb859ae8e37,Allen Clewes,918f2943-ac26-491f-972f-aeb5015a2cf2,Primo 10.0-1 208-240 (1),10.0,parsed_from_inverter_name,12.88,month,devwork
2023-04-20,61817dff-da76-40c9-9ad8-cbb859ae8e37,Allen Clewes,918f2943-ac26-491f-972f-aeb5015a2cf2,Primo 10.0-1 208-240 (1),10.0,parsed_from_inverter_name,17.31,month,devwork
2023-04-21,61817dff-da76-40c9-9ad8-cbb859ae8e37,Allen Clewes,918f2943-ac26-491f-972f-aeb5015a2cf2,Primo 10.0-1 208-240 (1),10.0,parsed_from_inverter_name,36.56,month,devwork
2023-04-22,61817dff-da76-40c9-9ad8-cbb859ae8e37,Allen Clewes,918f2943-ac26-491f-972f-aeb5015a2cf2,Primo 10.0-1 208-240 (1),10.0,parsed_from_inverter_name,49.82,month,devwork
2023-04-23,61817dff-da76-40c9-9ad8-cbb859ae8e37,Allen Clewes,918f2943-ac26-491f-972f-aeb5015a2cf2,Primo 10.0-1 208-240 (1),10.0,parsed_from_inverter_name,69.89,month,devwork
2023-04-24,61817dff-da76-40c9-9ad8-cbb859ae8e37,Allen Clewes,918f2943-ac26-491f-972f-aeb5015a2cf2,Primo 10.0-1 208-240 (1),10.0,parsed_from_inverter_name,42.85,month,devwork
2023-04-25,61817dff-da76-40c9-9ad8-cbb859ae8e37,Allen Clewes,918f2943-ac26-491f-972f-aeb5015a2cf2,Primo 10.0-1 208-240 (1),10.0,parsed_from_inverter_name,72.39,month,devwork
2023-04-26,61817dff-da76-40c9-9ad8-cbb859ae8e37,Allen Clewes,918f2943-ac26-491f-972f-aeb5015a2cf2,Primo 10.0-1 208-240 (1),10.0,parsed_from_inverter_name,37.77,month,devwork
2023-04-27,61817dff-da76-40c9-9ad8-cbb859ae8e37,Allen Clewes,918f2943-ac26-491f-972f-aeb5015a2cf2,Primo 10.0-1 208-240 (1),10.0,parsed_from_inverter_name,68.02,month,devwork
2023-04-28,61817dff-da76-40c9-9ad8-cbb859ae8e37,Allen Clewes,918f2943-ac26-491f-972f-aeb5015a2cf2,Primo 10.0-1 208-240 (1),10.0,parsed_from_inverter_name,76.13,month,devwork
2023-04-29,61817dff-da76-40c9-9ad8-cbb859ae8e37,Allen Clewes,918f2943-ac26-491f-972f-aeb5015a2cf2,Primo 10.0-1 208-240 (1),10.0,parsed_from_inverter_name,76.76,month,devwork
2023-04-30,61817dff-da76-40c9-9ad8-cbb859ae8e37,Allen Clewes,918f2943-ac26-491f-972f-aeb5015a2cf2,Primo 10.0-1 208-240 (1),10.0,parsed_from_inverter_name,78.18,month,devwork
2023-05-01,61817dff-da76-40c9-9ad8-cbb859ae8e37,Allen Clewes,918f2943-ac26-491f-972f-aeb5015a2cf2,Primo 10.0-1 208-240 (1),10.0,parsed_from_inverter_name,79.72,month,devwork
2023-05-02,61817dff-da76-40c9-9ad8-cbb859ae8e37,Allen Clewes,918f2943-ac26-491f-972f-aeb5015a2cf2,Primo 10.0-1 208-240 (1),10.0,parsed_from_inverter_name,79.1,month,devwork
2023-05-03,61817dff-da76-40c9-9ad8-cbb859ae8e37,Allen Clewes,918f2943-ac26-491f-972f-aeb5015a2cf2,Primo 10.0-1 208-240 (1),10.0,parsed_from_inverter_name,72.87,month,devwork
2023-05-04,61817dff-da76-40c9-9ad8-cbb859ae8e37,Allen Clewes,918f2943-ac26-491f-972f-aeb5015a2cf2,Primo 10.0-1 208-240 (1),10.0,parsed_from_inverter_name,61.85,month,devwork
2023-05-05,61817dff-da76-40c9-9ad8-cbb859ae8e37,Allen Clewes,918f2943-ac26-491f-972f-aeb5015a2cf2,Primo 10.0-1 208-240 (1),10.0,parsed_from_inverter_name,62.69,month,devwork
2023-05-06,61817dff-da76-40c9-9ad8-cbb859ae8e37,Allen Clewes,918f2943-ac26-491f-972f-aeb5015a2cf2,Primo 10.0-1 208-240 (1),10.0,parsed_from_inverter_name,17.37,month,devwork
2023-05-07,61817dff-da76-40c9-9ad8-cbb859ae8e37,Allen Clewes,918f2943-ac26-491f-972f-aeb5015a2cf2,Primo 10.0-1 208-240 (1),10.0,parsed_from_inverter_name,51.08,month,devwork
2023-05-08,61817dff-da76-40c9-9ad8-cbb859ae8e37,Allen Clewes,918f2943-ac26-491f-972f-aeb5015a2cf2,Primo 10.0-1 208-240 (1),10.0,parsed_from_inverter_name,64.7,month,devwork
2023-05-09,61817dff-da76-40c9-9ad8-cbb859ae8e37,Allen Clewes,918f2943-ac26-491f-972f-aeb5015a2cf2,Primo 10.0-1 208-240 (1),10.0,parsed_from_inverter_name,54.73,month,devwork
2023-05-10,61817dff-da76-40c9-9ad8-cbb859ae8e37,Allen Clewes,918f2943-ac26-491f-972f-aeb5015a2cf2,Primo 10.0-1 208-240 (1),10.0,parsed_from_inverter_name,50.98,month,devwork
2023-05-11,61817dff-da76-40c9-9ad8-cbb859ae8e37,Allen Clewes,918f2943-ac26-491f-972f-aeb5015a2cf2,Primo 10.0-1 208-240 (1),10.0,parsed_from_inverter_name,67.57,month,devwork
2023-05-12,61817dff-da76-40c9-9ad8-cbb859ae8e37,Allen Clewes,918f2943-ac26-491f-972f-aeb5015a2cf2,Primo 10.0-1 208-240 (1),10.0,parsed_from_inverter_name,75.45,month,devwork
2023-05-13,61817dff-da76-40c9-9ad8-cbb859ae8e37,Allen Clewes,918f2943-ac26-491f-972f-aeb5015a2cf2,Primo 10.0-1 208-240 (1),10.0,parsed_from_inverter_name,72.69,month,devwork
2023-05-14,61817dff-da76-40c9-9ad8-cbb859ae8e37,Allen Clewes,918f2943-ac26-491f-972f-aeb5015a2cf2,Primo 10.0-1 208-240 (1),10.0,parsed_from_inverter_name,52.05,month,devwork
2023-05-15,61817dff-da76-40c9-9ad8-cbb859ae8e37,Allen Clewes,918f2943-ac26-491f-972f-aeb5015a2cf2,Primo 10.0-1 208-240 (1),10.0,parsed_from_inverter_name,79.92,month,devwork
2023-05-16,61817dff-da76-40c9-9ad8-cbb859ae8e37,Allen Clewes,918f2943-ac26-491f-972f-aeb5015a2cf2,Primo 10.0-1 208-240 (1),10.0,parsed_from_inverter_name,54.12,month,devwork
2023-05-17,61817dff-da76-40c9-9ad8-cbb859ae8e37,Allen Clewes,918f2943-ac26-491f-972f-aeb5015a2cf2,Primo 10.0-1 208-240 (1),10.0,parsed_from_inverter_name,52.97,month,devwork
2023-05-18,61817dff-da76-40c9-9ad8-cbb859ae8e37,Allen Clewes,918f2943-ac26-491f-972f-aeb5015a2cf2,Primo 10.0-1 208-240 (1),10.0,parsed_from_inverter_name,71.18,month,devwork
2023-05-19,61817dff-da76-40c9-9ad8-cbb859ae8e37,Allen Clewes,918f2943-ac26-491f-972f-aeb5015a2cf2,Primo 10.0-1 208-240 (1),10.0,parsed_from_inverter_name,72.39,month,devwork
2023-05-20,61817dff-da76-40c9-9ad8-cbb859ae8e37,Allen Clewes,918f2943-ac26-491f-972f-aeb5015a2cf2,Primo 10.0-1 208-240 (1),10.0,parsed_from_inverter_name,59.62,month,devwork
2023-05-21,61817dff-da76-40c9-9ad8-cbb859ae8e37,Allen Clewes,918f2943-ac26-491f-972f-aeb5015a2cf2,Primo 10.0-1 208-240 (1),10.0,parsed_from_inverter_name,67.29,month,devwork
2023-05-22,61817dff-da76-40c9-9ad8-cbb859ae8e37,Allen Clewes,918f2943-ac26-491f-972f-aeb5015a2cf2,Primo 10.0-1 208-240 (1),10.0,parsed_from_inverter_name,59.36,month,devwork
2023-05-23,61817dff-da76-40c9-9ad8-cbb859ae8e37,Allen Clewes,918f2943-ac26-491f-972f-aeb5015a2cf2,Primo 10.0-1 208-240 (1),10.0,parsed_from_inverter_name,73.67,month,devwork
2023-05-24,61817dff-da76-40c9-9ad8-cbb859ae8e37,Allen Clewes,918f2943-ac26-491f-972f-aeb5015a2cf2,Primo 10.0-1 208-240 (1),10.0,parsed_from_inverter_name,64.01,month,devwork
2023-05-25,61817dff-da76-40c9-9ad8-cbb859ae8e37,Allen Clewes,918f2943-ac26-491f-972f-aeb5015a2cf2,Primo 10.0-1 208-240 (1),10.0,parsed_from_inverter_name,45.7,month,devwork
2023-05-26,61817dff-da76-40c9-9ad8-cbb859ae8e37,Allen Clewes,918f2943-ac26-491f-972f-aeb5015a2cf2,Primo 10.0-1 208-240 (1),10.0,parsed_from_inverter_name,59.08,month,devwork
2023-05-27,61817dff-da76-40c9-9ad8-cbb859ae8e37,Allen Clewes,918f2943-ac26-491f-972f-aeb5015a2cf2,Primo 10.0-1 208-240 (1),10.0,parsed_from_inverter_name,28.8,month,devwork
2023-05-28,61817dff-da76-40c9-9ad8-cbb859ae8e37,Allen Clewes,918f2943-ac26-491f-972f-aeb5015a2cf2,Primo 10.0-1 208-240 (1),10.0,parsed_from_inverter_name,78.23,month,devwork
2023-05-29,61817dff-da76-40c9-9ad8-cbb859ae8e37,Allen Clewes,918f2943-ac26-491f-972f-aeb5015a2cf2,Primo 10.0-1 208-240 (1),10.0,parsed_from_inverter_name,71.53,month,devwork
2023-05-30,61817dff-da76-40c9-9ad8-cbb859ae8e37,Allen Clewes,918f2943-ac26-491f-972f-aeb5015a2cf2,Primo 10.0-1 208-240 (1),10.0,parsed_from_inverter_name,83.48,month,devwork
2023-05-31,61817dff-da76-40c9-9ad8-cbb859ae8e37,Allen Clewes,918f2943-ac26-491f-972f-aeb5015a2cf2,Primo 10.0-1 208-240 (1),10.0,parsed_from_inverter_name,56.46,month,devwork
2023-06-01,61817dff-da76-40c9-9ad8-cbb859ae8e37,Allen Clewes,918f2943-ac26-491f-972f-aeb5015a2cf2,Primo 10.0-1 208-240 (1),10.0,parsed_from_inverter_name,30.37,month,devwork
2023-06-02,61817dff-da76-40c9-9ad8-cbb859ae8e37,Allen Clewes,918f2943-ac26-491f-972f-aeb5015a2cf2,Primo 10.0-1 208-240 (1),10.0,parsed_from_inverter_name,65.59,month,devwork
2023-06-03,61817dff-da76-40c9-9ad8-cbb859ae8e37,Allen Clewes,918f2943-ac26-491f-972f-aeb5015a2cf2,Primo 10.0-1 208-240 (1),10.0,parsed_from_inverter_name,28.34,month,devwork
2023-06-04,61817dff-da76-40c9-9ad8-cbb859ae8e37,Allen Clewes,918f2943-ac26-491f-972f-aeb5015a2cf2,Primo 10.0-1 208-240 (1),10.0,parsed_from_inverter_name,78.87,month,devwork
2023-06-05,61817dff-da76-40c9-9ad8-cbb859ae8e37,Allen Clewes,918f2943-ac26-491f-972f-aeb5015a2cf2,Primo 10.0-1 208-240 (1),10.0,parsed_from_inverter_name,80.59,month,devwork
2023-06-06,61817dff-da76-40c9-9ad8-cbb859ae8e37,Allen Clewes,918f2943-ac26-491f-972f-aeb5015a2cf2,Primo 10.0-1 208-240 (1),10.0,parsed_from_inverter_name,54.65,month,devwork
2023-06-07,61817dff-da76-40c9-9ad8-cbb859ae8e37,Allen Clewes,918f2943-ac26-491f-972f-aeb5015a2cf2,Primo 10.0-1 208-240 (1),10.0,parsed_from_inverter_name,80.17,month,devwork
2023-06-08,61817dff-da76-40c9-9ad8-cbb859ae8e37,Allen Clewes,918f2943-ac26-491f-972f-aeb5015a2cf2,Primo 10.0-1 208-240 (1),10.0,parsed_from_inverter_name,66.4,month,devwork
2023-06-09,61817dff-da76-40c9-9ad8-cbb859ae8e37,Allen Clewes,918f2943-ac26-491f-972f-aeb5015a2cf2,Primo 10.0-1 208-240 (1),10.0,parsed_from_inverter_name,32.72,month,devwork
2023-06-10,61817dff-da76-40c9-9ad8-cbb859ae8e37,Allen Clewes,918f2943-ac26-491f-972f-aeb5015a2cf2,Primo 10.0-1 208-240 (1),10.0,parsed_from_inverter_name,51.92,month,devwork
2023-06-11,61817dff-da76-40c9-9ad8-cbb859ae8e37,Allen Clewes,918f2943-ac26-491f-972f-aeb5015a2cf2,Primo 10.0-1 208-240 (1),10.0,parsed_from_inverter_name,70.31,month,devwork
2023-06-12,61817dff-da76-40c9-9ad8-cbb859ae8e37,Allen Clewes,918f2943-ac26-491f-972f-aeb5015a2cf2,Primo 10.0-1 208-240 (1),10.0,parsed_from_inverter_name,58.52,month,devwork
2023-06-13,61817dff-da76-40c9-9ad8-cbb859ae8e37,Allen Clewes,918f2943-ac26-491f-972f-aeb5015a2cf2,Primo 10.0-1 208-240 (1),10.0,parsed_from_inverter_name,82.61,month,devwork
2023-06-14,61817dff-da76-40c9-9ad8-cbb859ae8e37,Allen Clewes,918f2943-ac26-491f-972f-aeb5015a2cf2,Primo 10.0-1 208-240 (1),10.0,parsed_from_inverter_name,52.15,month,devwork
2023-06-15,61817dff-da76-40c9-9ad8-cbb859ae8e37,Allen Clewes,918f2943-ac26-491f-972f-aeb5015a2cf2,Primo 10.0-1 208-240 (1),10.0,parsed_from_inverter_name,37.71,month,devwork
2023-06-16,61817dff-da76-40c9-9ad8-cbb859ae8e37,Allen Clewes,918f2943-ac26-491f-972f-aeb5015a2cf2,Primo 10.0-1 208-240 (1),10.0,parsed_from_inverter_name,78.73,month,devwork
2023-06-17,61817dff-da76-40c9-9ad8-cbb859ae8e37,Allen Clewes,918f2943-ac26-491f-972f-aeb5015a2cf2,Primo 10.0-1 208-240 (1),10.0,parsed_from_inverter_name,77.9,month,devwork
2023-06-18,61817dff-da76-40c9-9ad8-cbb859ae8e37,Allen Clewes,918f2943-ac26-491f-972f-aeb5015a2cf2,Primo 10.0-1 208-240 (1),10.0,parsed_from_inverter_name,60.52,month,devwork
2023-06-19,61817dff-da76-40c9-9ad8-cbb859ae8e37,Allen Clewes,918f2943-ac26-491f-972f-aeb5015a2cf2,Primo 10.0-1 208-240 (1),10.0,parsed_from_inverter_name,68.21,month,devwork
2023-06-20,61817dff-da76-40c9-9ad8-cbb859ae8e37,Allen Clewes,918f2943-ac26-491f-972f-aeb5015a2cf2,Primo 10.0-1 208-240 (1),10.0,parsed_from_inverter_name,48.77,month,devwork
2023-06-21,61817dff-da76-40c9-9ad8-cbb859ae8e37,Allen Clewes,918f2943-ac26-491f-972f-aeb5015a2cf2,Primo 10.0-1 208-240 (1),10.0,parsed_from_inverter_name,45.01,month,devwork
2023-06-22,61817dff-da76-40c9-9ad8-cbb859ae8e37,Allen Clewes,918f2943-ac26-491f-972f-aeb5015a2cf2,Primo 10.0-1 208-240 (1),10.0,parsed_from_inverter_name,43.53,month,devwork
2023-06-23,61817dff-da76-40c9-9ad8-cbb859ae8e37,Allen Clewes,918f2943-ac26-491f-972f-aeb5015a2cf2,Primo 10.0-1 208-240 (1),10.0,parsed_from_inverter_name,73.76,month,devwork
2023-06-24,61817dff-da76-40c9-9ad8-cbb859ae8e37,Allen Clewes,918f2943-ac26-491f-972f-aeb5015a2cf2,Primo 10.0-1 208-240 (1),10.0,parsed_from_inverter_name,62.99,month,devwork
2023-06-25,61817dff-da76-40c9-9ad8-cbb859ae8e37,Allen Clewes,918f2943-ac26-491f-972f-aeb5015a2cf2,Primo 10.0-1 208-240 (1),10.0,parsed_from_inverter_name,62.55,month,devwork
2023-06-26,61817dff-da76-40c9-9ad8-cbb859ae8e37,Allen Clewes,918f2943-ac26-491f-972f-aeb5015a2cf2,Primo 10.0-1 208-240 (1),10.0,parsed_from_inverter_name,74.8,month,devwork
2023-06-27,61817dff-da76-40c9-9ad8-cbb859ae8e37,Allen Clewes,918f2943-ac26-491f-972f-aeb5015a2cf2,Primo 10.0-1 208-240 (1),10.0,parsed_from_inverter_name,73.9,month,devwork
2023-06-28,61817dff-da76-40c9-9ad8-cbb859ae8e37,Allen Clewes,918f2943-ac26-491f-972f-aeb5015a2cf2,Primo 10.0-1 208-240 (1),10.0,parsed_from_inverter_name,62.87,month,devwork
2023-06-29,61817dff-da76-40c9-9ad8-cbb859ae8e37,Allen Clewes,918f2943-ac26-491f-972f-aeb5015a2cf2,Primo 10.0-1 208-240 (1),10.0,parsed_from_inverter_name,80.61,month,devwork
2023-06-30,61817dff-da76-40c9-9ad8-cbb859ae8e37,Allen Clewes,918f2943-ac26-491f-972f-aeb5015a2cf2,Primo 10.0-1 208-240 (1),10.0,parsed_from_inverter_name,67.64,month,devwork
2023-07-01,61817dff-da76-40c9-9ad8-cbb859ae8e37,Allen Clewes,918f2943-ac26-491f-972f-aeb5015a2cf2,Primo 10.0-1 208-240 (1),10.0,parsed_from_inverter_name,84.77,month,devwork
2023-07-02,61817dff-da76-40c9-9ad8-cbb859ae8e37,Allen Clewes,918f2943-ac26-491f-972f-aeb5015a2cf2,Primo 10.0-1 208-240 (1),10.0,parsed_from_inverter_name,74.63,month,devwork
2023-07-03,61817dff-da76-40c9-9ad8-cbb859ae8e37,Allen Clewes,918f2943-ac26-491f-972f-aeb5015a2cf2,Primo 10.0-1 208-240 (1),10.0,parsed_from_inverter_name,64.97,month,devwork
2023-07-04,61817dff-da76-40c9-9ad8-cbb859ae8e37,Allen Clewes,918f2943-ac26-491f-972f-aeb5015a2cf2,Primo 10.0-1 208-240 (1),10.0,parsed_from_inverter_name,61.39,month,devwork
2023-07-05,61817dff-da76-40c9-9ad8-cbb859ae8e37,Allen Clewes,918f2943-ac26-491f-972f-aeb5015a2cf2,Primo 10.0-1 208-240 (1),10.0,parsed_from_inverter_name,81.31,month,devwork
2023-07-06,61817dff-da76-40c9-9ad8-cbb859ae8e37,Allen Clewes,918f2943-ac26-491f-972f-aeb5015a2cf2,Primo 10.0-1 208-240 (1),10.0,parsed_from_inverter_name,75.02,month,devwork
2023-07-07,61817dff-da76-40c9-9ad8-cbb859ae8e37,Allen Clewes,918f2943-ac26-491f-972f-aeb5015a2cf2,Primo 10.0-1 208-240 (1),10.0,parsed_from_inverter_name,67.09,month,devwork
2023-07-08,61817dff-da76-40c9-9ad8-cbb859ae8e37,Allen Clewes,918f2943-ac26-491f-972f-aeb5015a2cf2,Primo 10.0-1 208-240 (1),10.0,parsed_from_inverter_name,77.9,month,devwork
2023-07-09,61817dff-da76-40c9-9ad8-cbb859ae8e37,Allen Clewes,918f2943-ac26-491f-972f-aeb5015a2cf2,Primo 10.0-1 208-240 (1),10.0,parsed_from_inverter_name,73.87,month,devwork
2023-07-10,61817dff-da76-40c9-9ad8-cbb859ae8e37,Allen Clewes,918f2943-ac26-491f-972f-aeb5015a2cf2,Primo 10.0-1 208-240 (1),10.0,parsed_from_inverter_name,55.06,month,devwork
2023-07-11,61817dff-da76-40c9-9ad8-cbb859ae8e37,Allen Clewes,918f2943-ac26-491f-972f-aeb5015a2cf2,Primo 10.0-1 208-240 (1),10.0,parsed_from_inverter_name,40.65,month,devwork
2023-07-12,61817dff-da76-40c9-9ad8-cbb859ae8e37,Allen Clewes,918f2943-ac26-491f-972f-aeb5015a2cf2,Primo 10.0-1 208-240 (1),10.0,parsed_from_inverter_name,73.06,month,devwork
2023-07-13,61817dff-da76-40c9-9ad8-cbb859ae8e37,Allen Clewes,918f2943-ac26-491f-972f-aeb5015a2cf2,Primo 10.0-1 208-240 (1),10.0,parsed_from_inverter_name,67.2,month,devwork
2023-07-14,61817dff-da76-40c9-9ad8-cbb859ae8e37,Allen Clewes,918f2943-ac26-491f-972f-aeb5015a2cf2,Primo 10.0-1 208-240 (1),10.0,parsed_from_inverter_name,53.25,month,devwork
2023-07-15,61817dff-da76-40c9-9ad8-cbb859ae8e37,Allen Clewes,918f2943-ac26-491f-972f-aeb5015a2cf2,Primo 10.0-1 208-240 (1),10.0,parsed_from_inverter_name,63.18,month,devwork
2023-07-16,61817dff-da76-40c9-9ad8-cbb859ae8e37,Allen Clewes,918f2943-ac26-491f-972f-aeb5015a2cf2,Primo 10.0-1 208-240 (1),10.0,parsed_from_inverter_name,75.95,month,devwork
2023-07-17,61817dff-da76-40c9-9ad8-cbb859ae8e37,Allen Clewes,918f2943-ac26-491f-972f-aeb5015a2cf2,Primo 10.0-1 208-240 (1),10.0,parsed_from_inverter_name,73.67,month,devwork
2023-07-18,61817dff-da76-40c9-9ad8-cbb859ae8e37,Allen Clewes,918f2943-ac26-491f-972f-aeb5015a2cf2,Primo 10.0-1 208-240 (1),10.0,parsed_from_inverter_name,59.19,month,devwork
2023-07-19,61817dff-da76-40c9-9ad8-cbb859ae8e37,Allen Clewes,918f2943-ac26-491f-972f-aeb5015a2cf2,Primo 10.0-1 208-240 (1),10.0,parsed_from_inverter_name,75.51,month,devwork
2023-07-20,61817dff-da76-40c9-9ad8-cbb859ae8e37,Allen Clewes,918f2943-ac26-491f-972f-aeb5015a2cf2,Primo 10.0-1 208-240 (1),10.0,parsed_from_inverter_name,76.78,month,devwork
2023-07-21,61817dff-da76-40c9-9ad8-cbb859ae8e37,Allen Clewes,918f2943-ac26-491f-972f-aeb5015a2cf2,Primo 10.0-1 208-240 (1),10.0,parsed_from_inverter_name,70.62,month,devwork
2023-07-22,61817dff-da76-40c9-9ad8-cbb859ae8e37,Allen Clewes,918f2943-ac26-491f-972f-aeb5015a2cf2,Primo 10.0-1 208-240 (1),10.0,parsed_from_inverter_name,79.93,month,devwork
2023-07-23,61817dff-da76-40c9-9ad8-cbb859ae8e37,Allen Clewes,918f2943-ac26-491f-972f-aeb5015a2cf2,Primo 10.0-1 208-240 (1),10.0,parsed_from_inverter_name,77.2,month,devwork
2023-07-24,61817dff-da76-40c9-9ad8-cbb859ae8e37,Allen Clewes,918f2943-ac26-491f-972f-aeb5015a2cf2,Primo 10.0-1 208-240 (1),10.0,parsed_from_inverter_name,72.25,month,devwork
2023-07-25,61817dff-da76-40c9-9ad8-cbb859ae8e37,Allen Clewes,918f2943-ac26-491f-972f-aeb5015a2cf2,Primo 10.0-1 208-240 (1),10.0,parsed_from_inverter_name,77.46,month,devwork
2023-07-26,61817dff-da76-40c9-9ad8-cbb859ae8e37,Allen Clewes,918f2943-ac26-491f-972f-aeb5015a2cf2,Primo 10.0-1 208-240 (1),10.0,parsed_from_inverter_name,83.83,month,devwork
2023-07-27,61817dff-da76-40c9-9ad8-cbb859ae8e37,Allen Clewes,918f2943-ac26-491f-972f-aeb5015a2cf2,Primo 10.0-1 208-240 (1),10.0,parsed_from_inverter_name,68.93,month,devwork
2023-07-28,61817dff-da76-40c9-9ad8-cbb859ae8e37,Allen Clewes,918f2943-ac26-491f-972f-aeb5015a2cf2,Primo 10.0-1 208-240 (1),10.0,parsed_from_inverter_name,48.93,month,devwork
2023-07-29,61817dff-da76-40c9-9ad8-cbb859ae8e37,Allen Clewes,918f2943-ac26-491f-972f-aeb5015a2cf2,Primo 10.0-1 208-240 (1),10.0,parsed_from_inverter_name,61.24,month,devwork
2023-07-30,61817dff-da76-40c9-9ad8-cbb859ae8e37,Allen Clewes,918f2943-ac26-491f-972f-aeb5015a2cf2,Primo 10.0-1 208-240 (1),10.0,parsed_from_inverter_name,57.46,month,devwork
2023-07-31,61817dff-da76-40c9-9ad8-cbb859ae8e37,Allen Clewes,918f2943-ac26-491f-972f-aeb5015a2cf2,Primo 10.0-1 208-240 (1),10.0,parsed_from_inverter_name,78.44,month,devwork
2023-08-01,61817dff-da76-40c9-9ad8-cbb859ae8e37,Allen Clewes,918f2943-ac26-491f-972f-aeb5015a2cf2,Primo 10.0-1 208-240 (1),10.0,parsed_from_inverter_name,78.25,month,devwork
2023-08-02,61817dff-da76-40c9-9ad8-cbb859ae8e37,Allen Clewes,918f2943-ac26-491f-972f-aeb5015a2cf2,Primo 10.0-1 208-240 (1),10.0,parsed_from_inverter_name,75.99,month,devwork
2023-08-03,61817dff-da76-40c9-9ad8-cbb859ae8e37,Allen Clewes,918f2943-ac26-491f-972f-aeb5015a2cf2,Primo 10.0-1 208-240 (1),10.0,parsed_from_inverter_name,75.97,month,devwork
2023-08-04,61817dff-da76-40c9-9ad8-cbb859ae8e37,Allen Clewes,918f2943-ac26-491f-972f-aeb5015a2cf2,Primo 10.0-1 208-240 (1),10.0,parsed_from_inverter_name,70.67,month,devwork
2023-08-05,61817dff-da76-40c9-9ad8-cbb859ae8e37,Allen Clewes,918f2943-ac26-491f-972f-aeb5015a2cf2,Primo 10.0-1 208-240 (1),10.0,parsed_from_inverter_name,51.65,month,devwork
2023-08-06,61817dff-da76-40c9-9ad8-cbb859ae8e37,Allen Clewes,918f2943-ac26-491f-972f-aeb5015a2cf2,Primo 10.0-1 208-240 (1),10.0,parsed_from_inverter_name,66.63,month,devwork
2023-08-07,61817dff-da76-40c9-9ad8-cbb859ae8e37,Allen Clewes,918f2943-ac26-491f-972f-aeb5015a2cf2,Primo 10.0-1 208-240 (1),10.0,parsed_from_inverter_name,62.61,month,devwork
2023-08-08,61817dff-da76-40c9-9ad8-cbb859ae8e37,Allen Clewes,918f2943-ac26-491f-972f-aeb5015a2cf2,Primo 10.0-1 208-240 (1),10.0,parsed_from_inverter_name,56.29,month,devwork
2023-08-09,61817dff-da76-40c9-9ad8-cbb859ae8e37,Allen Clewes,918f2943-ac26-491f-972f-aeb5015a2cf2,Primo 10.0-1 208-240 (1),10.0,parsed_from_inverter_name,29.23,month,devwork
2023-08-10,61817dff-da76-40c9-9ad8-cbb859ae8e37,Allen Clewes,918f2943-ac26-491f-972f-aeb5015a2cf2,Primo 10.0-1 208-240 (1),10.0,parsed_from_inverter_name,45.3,month,devwork
2023-08-11,61817dff-da76-40c9-9ad8-cbb859ae8e37,Allen Clewes,918f2943-ac26-491f-972f-aeb5015a2cf2,Primo 10.0-1 208-240 (1),10.0,parsed_from_inverter_name,76.1,month,devwork
2023-08-12,61817dff-da76-40c9-9ad8-cbb859ae8e37,Allen Clewes,918f2943-ac26-491f-972f-aeb5015a2cf2,Primo 10.0-1 208-240 (1),10.0,parsed_from_inverter_name,52.47,month,devwork
2023-08-13,61817dff-da76-40c9-9ad8-cbb859ae8e37,Allen Clewes,918f2943-ac26-491f-972f-aeb5015a2cf2,Primo 10.0-1 208-240 (1),10.0,parsed_from_inverter_name,73.82,month,devwork
2023-08-14,61817dff-da76-40c9-9ad8-cbb859ae8e37,Allen Clewes,918f2943-ac26-491f-972f-aeb5015a2cf2,Primo 10.0-1 208-240 (1),10.0,parsed_from_inverter_name,71.67,month,devwork
2023-08-15,61817dff-da76-40c9-9ad8-cbb859ae8e37,Allen Clewes,918f2943-ac26-491f-972f-aeb5015a2cf2,Primo 10.0-1 208-240 (1),10.0,parsed_from_inverter_name,70.06,month,devwork
2023-08-16,61817dff-da76-40c9-9ad8-cbb859ae8e37,Allen Clewes,918f2943-ac26-491f-972f-aeb5015a2cf2,Primo 10.0-1 208-240 (1),10.0,parsed_from_inverter_name,63.89,month,devwork
2023-08-17,61817dff-da76-40c9-9ad8-cbb859ae8e37,Allen Clewes,918f2943-ac26-491f-972f-aeb5015a2cf2,Primo 10.0-1 208-240 (1),10.0,parsed_from_inverter_name,59.9,month,devwork
2023-08-18,61817dff-da76-40c9-9ad8-cbb859ae8e37,Allen Clewes,918f2943-ac26-491f-972f-aeb5015a2cf2,Primo 10.0-1 208-240 (1),10.0,parsed_from_inverter_name,49.06,month,devwork
2023-08-19,61817dff-da76-40c9-9ad8-cbb859ae8e37,Allen Clewes,918f2943-ac26-491f-972f-aeb5015a2cf2,Primo 10.0-1 208-240 (1),10.0,parsed_from_inverter_name,50.35,month,devwork
2023-08-20,61817dff-da76-40c9-9ad8-cbb859ae8e37,Allen Clewes,918f2943-ac26-491f-972f-aeb5015a2cf2,Primo 10.0-1 208-240 (1),10.0,parsed_from_inverter_name,46.59,month,devwork
2023-08-21,61817dff-da76-40c9-9ad8-cbb859ae8e37,Allen Clewes,918f2943-ac26-491f-972f-aeb5015a2cf2,Primo 10.0-1 208-240 (1),10.0,parsed_from_inverter_name,19.78,month,devwork
2023-08-22,61817dff-da76-40c9-9ad8-cbb859ae8e37,Allen Clewes,918f2943-ac26-491f-972f-aeb5015a2cf2,Primo 10.0-1 208-240 (1),10.0,parsed_from_inverter_name,42.85,month,devwork
2023-08-23,61817dff-da76-40c9-9ad8-cbb859ae8e37,Allen Clewes,918f2943-ac26-491f-972f-aeb5015a2cf2,Primo 10.0-1 208-240 (1),10.0,parsed_from_inverter_name,69.46,month,devwork
2023-08-24,61817dff-da76-40c9-9ad8-cbb859ae8e37,Allen Clewes,918f2943-ac26-491f-972f-aeb5015a2cf2,Primo 10.0-1 208-240 (1),10.0,parsed_from_inverter_name,66.18,month,devwork
2023-08-25,61817dff-da76-40c9-9ad8-cbb859ae8e37,Allen Clewes,918f2943-ac26-491f-972f-aeb5015a2cf2,Primo 10.0-1 208-240 (1),10.0,parsed_from_inverter_name,67.51,month,devwork
2023-08-26,61817dff-da76-40c9-9ad8-cbb859ae8e37,Allen Clewes,918f2943-ac26-491f-972f-aeb5015a2cf2,Primo 10.0-1 208-240 (1),10.0,parsed_from_inverter_name,68.78,month,devwork
2023-08-27,61817dff-da76-40c9-9ad8-cbb859ae8e37,Allen Clewes,918f2943-ac26-491f-972f-aeb5015a2cf2,Primo 10.0-1 208-240 (1),10.0,parsed_from_inverter_name,64.41,month,devwork
2023-08-28,61817dff-da76-40c9-9ad8-cbb859ae8e37,Allen Clewes,918f2943-ac26-491f-972f-aeb5015a2cf2,Primo 10.0-1 208-240 (1),10.0,parsed_from_inverter_name,65.21,month,devwork
2023-08-29,61817dff-da76-40c9-9ad8-cbb859ae8e37,Allen Clewes,918f2943-ac26-491f-972f-aeb5015a2cf2,Primo 10.0-1 208-240 (1),10.0,parsed_from_inverter_name,65.6,month,devwork
2023-08-30,61817dff-da76-40c9-9ad8-cbb859ae8e37,Allen Clewes,918f2943-ac26-491f-972f-aeb5015a2cf2,Primo 10.0-1 208-240 (1),10.0,parsed_from_inverter_name,28.31,month,devwork
2023-08-31,61817dff-da76-40c9-9ad8-cbb859ae8e37,Allen Clewes,918f2943-ac26-491f-972f-aeb5015a2cf2,Primo 10.0-1 208-240 (1),10.0,parsed_from_inverter_name,38.49,month,devwork
2023-09-01,61817dff-da76-40c9-9ad8-cbb859ae8e37,Allen Clewes,918f2943-ac26-491f-972f-aeb5015a2cf2,Primo 10.0-1 208-240 (1),10.0,parsed_from_inverter_name,59.94,month,devwork
2023-09-02,61817dff-da76-40c9-9ad8-cbb859ae8e37,Allen Clewes,918f2943-ac26-491f-972f-aeb5015a2cf2,Primo 10.0-1 208-240 (1),10.0,parsed_from_inverter_name,65.9,month,devwork
2023-09-03,61817dff-da76-40c9-9ad8-cbb859ae8e37,Allen Clewes,918f2943-ac26-491f-972f-aeb5015a2cf2,Primo 10.0-1 208-240 (1),10.0,parsed_from_inverter_name,47.66,month,devwork
2023-09-04,61817dff-da76-40c9-9ad8-cbb859ae8e37,Allen Clewes,918f2943-ac26-491f-972f-aeb5015a2cf2,Primo 10.0-1 208-240 (1),10.0,parsed_from_inverter_name,17.7,month,devwork
2023-09-05,61817dff-da76-40c9-9ad8-cbb859ae8e37,Allen Clewes,918f2943-ac26-491f-972f-aeb5015a2cf2,Primo 10.0-1 208-240 (1),10.0,parsed_from_inverter_name,56.04,month,devwork
2023-09-06,61817dff-da76-40c9-9ad8-cbb859ae8e37,Allen Clewes,918f2943-ac26-491f-972f-aeb5015a2cf2,Primo 10.0-1 208-240 (1),10.0,parsed_from_inverter_name,36.01,month,devwork
2023-09-07,61817dff-da76-40c9-9ad8-cbb859ae8e37,Allen Clewes,918f2943-ac26-491f-972f-aeb5015a2cf2,Primo 10.0-1 208-240 (1),10.0,parsed_from_inverter_name,57.69,month,devwork
2023-09-08,61817dff-da76-40c9-9ad8-cbb859ae8e37,Allen Clewes,918f2943-ac26-491f-972f-aeb5015a2cf2,Primo 10.0-1 208-240 (1),10.0,parsed_from_inverter_name,42.99,month,devwork
2023-09-09,61817dff-da76-40c9-9ad8-cbb859ae8e37,Allen Clewes,918f2943-ac26-491f-972f-aeb5015a2cf2,Primo 10.0-1 208-240 (1),10.0,parsed_from_inverter_name,62.47,month,devwork
2023-09-10,61817dff-da76-40c9-9ad8-cbb859ae8e37,Allen Clewes,918f2943-ac26-491f-972f-aeb5015a2cf2,Primo 10.0-1 208-240 (1),10.0,parsed_from_inverter_name,64.39,month,devwork
2023-09-11,61817dff-da76-40c9-9ad8-cbb859ae8e37,Allen Clewes,918f2943-ac26-491f-972f-aeb5015a2cf2,Primo 10.0-1 208-240 (1),10.0,parsed_from_inverter_name,57.59,month,devwork
2023-09-12,61817dff-da76-40c9-9ad8-cbb859ae8e37,Allen Clewes,918f2943-ac26-491f-972f-aeb5015a2cf2,Primo 10.0-1 208-240 (1),10.0,parsed_from_inverter_name,36.01,month,devwork
2023-09-13,61817dff-da76-40c9-9ad8-cbb859ae8e37,Allen Clewes,918f2943-ac26-491f-972f-aeb5015a2cf2,Primo 10.0-1 208-240 (1),10.0,parsed_from_inverter_name,42.66,month,devwork
2023-09-14,61817dff-da76-40c9-9ad8-cbb859ae8e37,Allen Clewes,918f2943-ac26-491f-972f-aeb5015a2cf2,Primo 10.0-1 208-240 (1),10.0,parsed_from_inverter_name,62.51,month,devwork
2023-09-15,61817dff-da76-40c9-9ad8-cbb859ae8e37,Allen Clewes,918f2943-ac26-491f-972f-aeb5015a2cf2,Primo 10.0-1 208-240 (1),10.0,parsed_from_inverter_name,61.12,month,devwork
2023-09-16,61817dff-da76-40c9-9ad8-cbb859ae8e37,Allen Clewes,918f2943-ac26-491f-972f-aeb5015a2cf2,Primo 10.0-1 208-240 (1),10.0,parsed_from_inverter_name,61.56,month,devwork
2023-09-17,61817dff-da76-40c9-9ad8-cbb859ae8e37,Allen Clewes,918f2943-ac26-491f-972f-aeb5015a2cf2,Primo 10.0-1 208-240 (1),10.0,parsed_from_inverter_name,45.07,month,devwork
2023-09-18,61817dff-da76-40c9-9ad8-cbb859ae8e37,Allen Clewes,918f2943-ac26-491f-972f-aeb5015a2cf2,Primo 10.0-1 208-240 (1),10.0,parsed_from_inverter_name,38.18,month,devwork
2023-09-19,61817dff-da76-40c9-9ad8-cbb859ae8e37,Allen Clewes,918f2943-ac26-491f-972f-aeb5015a2cf2,Primo 10.0-1 208-240 (1),10.0,parsed_from_inverter_name,31.19,month,devwork
2023-09-20,61817dff-da76-40c9-9ad8-cbb859ae8e37,Allen Clewes,918f2943-ac26-491f-972f-aeb5015a2cf2,Primo 10.0-1 208-240 (1),10.0,parsed_from_inverter_name,38.11,month,devwork
2023-09-21,61817dff-da76-40c9-9ad8-cbb859ae8e37,Allen Clewes,918f2943-ac26-491f-972f-aeb5015a2cf2,Primo 10.0-1 208-240 (1),10.0,parsed_from_inverter_name,54.31,month,devwork
2023-09-22,61817dff-da76-40c9-9ad8-cbb859ae8e37,Allen Clewes,918f2943-ac26-491f-972f-aeb5015a2cf2,Primo 10.0-1 208-240 (1),10.0,parsed_from_inverter_name,7.42,month,devwork
2023-09-23,61817dff-da76-40c9-9ad8-cbb859ae8e37,Allen Clewes,918f2943-ac26-491f-972f-aeb5015a2cf2,Primo 10.0-1 208-240 (1),10.0,parsed_from_inverter_name,40.48,month,devwork
2023-09-24,61817dff-da76-40c9-9ad8-cbb859ae8e37,Allen Clewes,918f2943-ac26-491f-972f-aeb5015a2cf2,Primo 10.0-1 208-240 (1),10.0,parsed_from_inverter_name,38.56,month,devwork
2023-09-25,61817dff-da76-40c9-9ad8-cbb859ae8e37,Allen Clewes,918f2943-ac26-491f-972f-aeb5015a2cf2,Primo 10.0-1 208-240 (1),10.0,parsed_from_inverter_name,34.15,month,devwork
2023-09-26,61817dff-da76-40c9-9ad8-cbb859ae8e37,Allen Clewes,918f2943-ac26-491f-972f-aeb5015a2cf2,Primo 10.0-1 208-240 (1),10.0,parsed_from_inverter_name,45.43,month,devwork
2023-09-27,61817dff-da76-40c9-9ad8-cbb859ae8e37,Allen Clewes,918f2943-ac26-491f-972f-aeb5015a2cf2,Primo 10.0-1 208-240 (1),10.0,parsed_from_inverter_name,28.54,month,devwork
2023-09-28,61817dff-da76-40c9-9ad8-cbb859ae8e37,Allen Clewes,918f2943-ac26-491f-972f-aeb5015a2cf2,Primo 10.0-1 208-240 (1),10.0,parsed_from_inverter_name,57.91,month,devwork
2023-09-29,61817dff-da76-40c9-9ad8-cbb859ae8e37,Allen Clewes,918f2943-ac26-491f-972f-aeb5015a2cf2,Primo 10.0-1 208-240 (1),10.0,parsed_from_inverter_name,43.59,month,devwork
2023-09-30,61817dff-da76-40c9-9ad8-cbb859ae8e37,Allen Clewes,918f2943-ac26-491f-972f-aeb5015a2cf2,Primo 10.0-1 208-240 (1),10.0,parsed_from_inverter_name,8.16,month,devwork
2023-10-01,61817dff-da76-40c9-9ad8-cbb859ae8e37,Allen Clewes,918f2943-ac26-491f-972f-aeb5015a2cf2,Primo 10.0-1 208-240 (1),10.0,parsed_from_inverter_name,7.64,month,devwork
2023-10-02,61817dff-da76-40c9-9ad8-cbb859ae8e37,Allen Clewes,918f2943-ac26-491f-972f-aeb5015a2cf2,Primo 10.0-1 208-240 (1),10.0,parsed_from_inverter_name,30.28,month,devwork
2023-10-03,61817dff-da76-40c9-9ad8-cbb859ae8e37,Allen Clewes,918f2943-ac26-491f-972f-aeb5015a2cf2,Primo 10.0-1 208-240 (1),10.0,parsed_from_inverter_name,39.43,month,devwork
2023-10-04,61817dff-da76-40c9-9ad8-cbb859ae8e37,Allen Clewes,918f2943-ac26-491f-972f-aeb5015a2cf2,Primo 10.0-1 208-240 (1),10.0,parsed_from_inverter_name,26.03,month,devwork
2023-10-05,61817dff-da76-40c9-9ad8-cbb859ae8e37,Allen Clewes,918f2943-ac26-491f-972f-aeb5015a2cf2,Primo 10.0-1 208-240 (1),10.0,parsed_from_inverter_name,37.45,month,devwork
2023-10-06,61817dff-da76-40c9-9ad8-cbb859ae8e37,Allen Clewes,918f2943-ac26-491f-972f-aeb5015a2cf2,Primo 10.0-1 208-240 (1),10.0,parsed_from_inverter_name,51.36,month,devwork
2023-10-07,61817dff-da76-40c9-9ad8-cbb859ae8e37,Allen Clewes,918f2943-ac26-491f-972f-aeb5015a2cf2,Primo 10.0-1 208-240 (1),10.0,parsed_from_inverter_name,48.39,month,devwork
2023-10-08,61817dff-da76-40c9-9ad8-cbb859ae8e37,Allen Clewes,918f2943-ac26-491f-972f-aeb5015a2cf2,Primo 10.0-1 208-240 (1),10.0,parsed_from_inverter_name,49.1,month,devwork
2023-10-09,61817dff-da76-40c9-9ad8-cbb859ae8e37,Allen Clewes,918f2943-ac26-491f-972f-aeb5015a2cf2,Primo 10.0-1 208-240 (1),10.0,parsed_from_inverter_name,47.09,month,devwork
2023-10-10,61817dff-da76-40c9-9ad8-cbb859ae8e37,Allen Clewes,918f2943-ac26-491f-972f-aeb5015a2cf2,Primo 10.0-1 208-240 (1),10.0,parsed_from_inverter_name,18.65,month,devwork
2023-10-11,61817dff-da76-40c9-9ad8-cbb859ae8e37,Allen Clewes,918f2943-ac26-491f-972f-aeb5015a2cf2,Primo 10.0-1 208-240 (1),10.0,parsed_from_inverter_name,17.24,month,devwork
2023-10-12,61817dff-da76-40c9-9ad8-cbb859ae8e37,Allen Clewes,918f2943-ac26-491f-972f-aeb5015a2cf2,Primo 10.0-1 208-240 (1),10.0,parsed_from_inverter_name,2.65,month,devwork
2023-10-13,61817dff-da76-40c9-9ad8-cbb859ae8e37,Allen Clewes,918f2943-ac26-491f-972f-aeb5015a2cf2,Primo 10.0-1 208-240 (1),10.0,parsed_from_inverter_name,15.08,month,devwork
2023-10-14,61817dff-da76-40c9-9ad8-cbb859ae8e37,Allen Clewes,918f2943-ac26-491f-972f-aeb5015a2cf2,Primo 10.0-1 208-240 (1),10.0,parsed_from_inverter_name,39.57,month,devwork
2023-10-15,61817dff-da76-40c9-9ad8-cbb859ae8e37,Allen Clewes,918f2943-ac26-491f-972f-aeb5015a2cf2,Primo 10.0-1 208-240 (1),10.0,parsed_from_inverter_name,44.55,month,devwork
2023-10-16,61817dff-da76-40c9-9ad8-cbb859ae8e37,Allen Clewes,918f2943-ac26-491f-972f-aeb5015a2cf2,Primo 10.0-1 208-240 (1),10.0,parsed_from_inverter_name,15.74,month,devwork
2023-10-17,61817dff-da76-40c9-9ad8-cbb859ae8e37,Allen Clewes,918f2943-ac26-491f-972f-aeb5015a2cf2,Primo 10.0-1 208-240 (1),10.0,parsed_from_inverter_name,26.77,month,devwork
2023-10-18,61817dff-da76-40c9-9ad8-cbb859ae8e37,Allen Clewes,918f2943-ac26-491f-972f-aeb5015a2cf2,Primo 10.0-1 208-240 (1),10.0,parsed_from_inverter_name,9.56,month,devwork
2023-10-19,61817dff-da76-40c9-9ad8-cbb859ae8e37,Allen Clewes,918f2943-ac26-491f-972f-aeb5015a2cf2,Primo 10.0-1 208-240 (1),10.0,parsed_from_inverter_name,41.54,month,devwork
2023-10-20,61817dff-da76-40c9-9ad8-cbb859ae8e37,Allen Clewes,918f2943-ac26-491f-972f-aeb5015a2cf2,Primo 10.0-1 208-240 (1),10.0,parsed_from_inverter_name,25.37,month,devwork
2023-10-21,61817dff-da76-40c9-9ad8-cbb859ae8e37,Allen Clewes,918f2943-ac26-491f-972f-aeb5015a2cf2,Primo 10.0-1 208-240 (1),10.0,parsed_from_inverter_name,10.1,month,devwork
2023-10-22,61817dff-da76-40c9-9ad8-cbb859ae8e37,Allen Clewes,918f2943-ac26-491f-972f-aeb5015a2cf2,Primo 10.0-1 208-240 (1),10.0,parsed_from_inverter_name,6.91,month,devwork
2023-10-23,61817dff-da76-40c9-9ad8-cbb859ae8e37,Allen Clewes,918f2943-ac26-491f-972f-aeb5015a2cf2,Primo 10.0-1 208-240 (1),10.0,parsed_from_inverter_name,3.64,month,devwork
2023-10-24,61817dff-da76-40c9-9ad8-cbb859ae8e37,Allen Clewes,918f2943-ac26-491f-972f-aeb5015a2cf2,Primo 10.0-1 208-240 (1),10.0,parsed_from_inverter_name,0.37,month,devwork
2023-10-25,61817dff-da76-40c9-9ad8-cbb859ae8e37,Allen Clewes,918f2943-ac26-491f-972f-aeb5015a2cf2,Primo 10.0-1 208-240 (1),10.0,parsed_from_inverter_name,0.05,month,devwork
2023-10-26,61817dff-da76-40c9-9ad8-cbb859ae8e37,Allen Clewes,918f2943-ac26-491f-972f-aeb5015a2cf2,Primo 10.0-1 208-240 (1),10.0,parsed_from_inverter_name,0.04,month,devwork
2023-10-27,61817dff-da76-40c9-9ad8-cbb859ae8e37,Allen Clewes,918f2943-ac26-491f-972f-aeb5015a2cf2,Primo 10.0-1 208-240 (1),10.0,parsed_from_inverter_name,0.29,month,devwork
2023-10-29,61817dff-da76-40c9-9ad8-cbb859ae8e37,Allen Clewes,918f2943-ac26-491f-972f-aeb5015a2cf2,Primo 10.0-1 208-240 (1),10.0,parsed_from_inverter_name,1.55,month,devwork
2023-10-30,61817dff-da76-40c9-9ad8-cbb859ae8e37,Allen Clewes,918f2943-ac26-491f-972f-aeb5015a2cf2,Primo 10.0-1 208-240 (1),10.0,parsed_from_inverter_name,10.58,month,devwork
2023-10-31,61817dff-da76-40c9-9ad8-cbb859ae8e37,Allen Clewes,918f2943-ac26-491f-972f-aeb5015a2cf2,Primo 10.0-1 208-240 (1),10.0,parsed_from_inverter_name,23.68,month,devwork
2023-11-01,61817dff-da76-40c9-9ad8-cbb859ae8e37,Allen Clewes,918f2943-ac26-491f-972f-aeb5015a2cf2,Primo 10.0-1 208-240 (1),10.0,parsed_from_inverter_name,27.67,month,devwork
2023-11-02,61817dff-da76-40c9-9ad8-cbb859ae8e37,Allen Clewes,918f2943-ac26-491f-972f-aeb5015a2cf2,Primo 10.0-1 208-240 (1),10.0,parsed_from_inverter_name,6.26,month,devwork
2023-11-03,61817dff-da76-40c9-9ad8-cbb859ae8e37,Allen Clewes,918f2943-ac26-491f-972f-aeb5015a2cf2,Primo 10.0-1 208-240 (1),10.0,parsed_from_inverter_name,31.41,month,devwork
2023-11-04,61817dff-da76-40c9-9ad8-cbb859ae8e37,Allen Clewes,918f2943-ac26-491f-972f-aeb5015a2cf2,Primo 10.0-1 208-240 (1),10.0,parsed_from_inverter_name,4.34,month,devwork
2023-11-05,61817dff-da76-40c9-9ad8-cbb859ae8e37,Allen Clewes,918f2943-ac26-491f-972f-aeb5015a2cf2,Primo 10.0-1 208-240 (1),10.0,parsed_from_inverter_name,25.8,month,devwork
2023-11-06,61817dff-da76-40c9-9ad8-cbb859ae8e37,Allen Clewes,918f2943-ac26-491f-972f-aeb5015a2cf2,Primo 10.0-1 208-240 (1),10.0,parsed_from_inverter_name,20.16,month,devwork
2023-11-07,61817dff-da76-40c9-9ad8-cbb859ae8e37,Allen Clewes,918f2943-ac26-491f-972f-aeb5015a2cf2,Primo 10.0-1 208-240 (1),10.0,parsed_from_inverter_name,16.59,month,devwork
2023-11-08,61817dff-da76-40c9-9ad8-cbb859ae8e37,Allen Clewes,918f2943-ac26-491f-972f-aeb5015a2cf2,Primo 10.0-1 208-240 (1),10.0,parsed_from_inverter_name,29.95,month,devwork
2023-11-09,61817dff-da76-40c9-9ad8-cbb859ae8e37,Allen Clewes,918f2943-ac26-491f-972f-aeb5015a2cf2,Primo 10.0-1 208-240 (1),10.0,parsed_from_inverter_name,25.67,month,devwork
2023-11-10,61817dff-da76-40c9-9ad8-cbb859ae8e37,Allen Clewes,918f2943-ac26-491f-972f-aeb5015a2cf2,Primo 10.0-1 208-240 (1),10.0,parsed_from_inverter_name,24.22,month,devwork
2023-11-11,61817dff-da76-40c9-9ad8-cbb859ae8e37,Allen Clewes,918f2943-ac26-491f-972f-aeb5015a2cf2,Primo 10.0-1 208-240 (1),10.0,parsed_from_inverter_name,24.26,month,devwork
2023-11-12,61817dff-da76-40c9-9ad8-cbb859ae8e37,Allen Clewes,918f2943-ac26-491f-972f-aeb5015a2cf2,Primo 10.0-1 208-240 (1),10.0,parsed_from_inverter_name,24.23,month,devwork
2023-11-22,61817dff-da76-40c9-9ad8-cbb859ae8e37,Allen Clewes,918f2943-ac26-491f-972f-aeb5015a2cf2,Primo 10.0-1 208-240 (1),10.0,parsed_from_inverter_name,0.91,month,devwork
2023-11-23,61817dff-da76-40c9-9ad8-cbb859ae8e37,Allen Clewes,918f2943-ac26-491f-972f-aeb5015a2cf2,Primo 10.0-1 208-240 (1),10.0,parsed_from_inverter_name,4.59,month,devwork
2024-02-01,61817dff-da76-40c9-9ad8-cbb859ae8e37,Allen Clewes,918f2943-ac26-491f-972f-aeb5015a2cf2,Primo 10.0-1 208-240 (1),10.0,parsed_from_inverter_name,4.97,month,devwork
2024-02-02,61817dff-da76-40c9-9ad8-cbb859ae8e37,Allen Clewes,918f2943-ac26-491f-972f-aeb5015a2cf2,Primo 10.0-1 208-240 (1),10.0,parsed_from_inverter_name,25.66,month,devwork
2024-02-03,61817dff-da76-40c9-9ad8-cbb859ae8e37,Allen Clewes,918f2943-ac26-491f-972f-aeb5015a2cf2,Primo 10.0-1 208-240 (1),10.0,parsed_from_inverter_name,3.77,month,devwork
2024-02-04,61817dff-da76-40c9-9ad8-cbb859ae8e37,Allen Clewes,918f2943-ac26-491f-972f-aeb5015a2cf2,Primo 10.0-1 208-240 (1),10.0,parsed_from_inverter_name,0.63,month,devwork
2024-02-05,61817dff-da76-40c9-9ad8-cbb859ae8e37,Allen Clewes,918f2943-ac26-491f-972f-aeb5015a2cf2,Primo 10.0-1 208-240 (1),10.0,parsed_from_inverter_name,0.75,month,devwork
2024-02-06,61817dff-da76-40c9-9ad8-cbb859ae8e37,Allen Clewes,918f2943-ac26-491f-972f-aeb5015a2cf2,Primo 10.0-1 208-240 (1),10.0,parsed_from_inverter_name,1.03,month,devwork
2024-02-07,61817dff-da76-40c9-9ad8-cbb859ae8e37,Allen Clewes,918f2943-ac26-491f-972f-aeb5015a2cf2,Primo 10.0-1 208-240 (1),10.0,parsed_from_inverter_name,0.7,month,devwork
2024-02-08,61817dff-da76-40c9-9ad8-cbb859ae8e37,Allen Clewes,918f2943-ac26-491f-972f-aeb5015a2cf2,Primo 10.0-1 208-240 (1),10.0,parsed_from_inverter_name,4.39,month,devwork
2024-02-09,61817dff-da76-40c9-9ad8-cbb859ae8e37,Allen Clewes,918f2943-ac26-491f-972f-aeb5015a2cf2,Primo 10.0-1 208-240 (1),10.0,parsed_from_inverter_name,4.26,month,devwork
2024-02-10,61817dff-da76-40c9-9ad8-cbb859ae8e37,Allen Clewes,918f2943-ac26-491f-972f-aeb5015a2cf2,Primo 10.0-1 208-240 (1),10.0,parsed_from_inverter_name,16.36,month,devwork
2024-02-11,61817dff-da76-40c9-9ad8-cbb859ae8e37,Allen Clewes,918f2943-ac26-491f-972f-aeb5015a2cf2,Primo 10.0-1 208-240 (1),10.0,parsed_from_inverter_name,17.15,month,devwork
2024-02-12,61817dff-da76-40c9-9ad8-cbb859ae8e37,Allen Clewes,918f2943-ac26-491f-972f-aeb5015a2cf2,Primo 10.0-1 208-240 (1),10.0,parsed_from_inverter_name,16.36,month,devwork
2024-02-13,61817dff-da76-40c9-9ad8-cbb859ae8e37,Allen Clewes,918f2943-ac26-491f-972f-aeb5015a2cf2,Primo 10.0-1 208-240 (1),10.0,parsed_from_inverter_name,0.86,month,devwork
2024-02-14,61817dff-da76-40c9-9ad8-cbb859ae8e37,Allen Clewes,918f2943-ac26-491f-972f-aeb5015a2cf2,Primo 10.0-1 208-240 (1),10.0,parsed_from_inverter_name,11.77,month,devwork
2024-02-15,61817dff-da76-40c9-9ad8-cbb859ae8e37,Allen Clewes,918f2943-ac26-491f-972f-aeb5015a2cf2,Primo 10.0-1 208-240 (1),10.0,parsed_from_inverter_name,21.21,month,devwork
2024-02-16,61817dff-da76-40c9-9ad8-cbb859ae8e37,Allen Clewes,918f2943-ac26-491f-972f-aeb5015a2cf2,Primo 10.0-1 208-240 (1),10.0,parsed_from_inverter_name,36.2,month,devwork
2024-02-17,61817dff-da76-40c9-9ad8-cbb859ae8e37,Allen Clewes,918f2943-ac26-491f-972f-aeb5015a2cf2,Primo 10.0-1 208-240 (1),10.0,parsed_from_inverter_name,39.21,month,devwork
2024-02-18,61817dff-da76-40c9-9ad8-cbb859ae8e37,Allen Clewes,918f2943-ac26-491f-972f-aeb5015a2cf2,Primo 10.0-1 208-240 (1),10.0,parsed_from_inverter_name,31.08,month,devwork
2024-02-19,61817dff-da76-40c9-9ad8-cbb859ae8e37,Allen Clewes,918f2943-ac26-491f-972f-aeb5015a2cf2,Primo 10.0-1 208-240 (1),10.0,parsed_from_inverter_name,41.75,month,devwork
2024-02-20,61817dff-da76-40c9-9ad8-cbb859ae8e37,Allen Clewes,918f2943-ac26-491f-972f-aeb5015a2cf2,Primo 10.0-1 208-240 (1),10.0,parsed_from_inverter_name,18.17,month,devwork
2024-02-21,61817dff-da76-40c9-9ad8-cbb859ae8e37,Allen Clewes,918f2943-ac26-491f-972f-aeb5015a2cf2,Primo 10.0-1 208-240 (1),10.0,parsed_from_inverter_name,45.66,month,devwork
2024-02-22,61817dff-da76-40c9-9ad8-cbb859ae8e37,Allen Clewes,918f2943-ac26-491f-972f-aeb5015a2cf2,Primo 10.0-1 208-240 (1),10.0,parsed_from_inverter_name,39.45,month,devwork
2024-02-23,61817dff-da76-40c9-9ad8-cbb859ae8e37,Allen Clewes,918f2943-ac26-491f-972f-aeb5015a2cf2,Primo 10.0-1 208-240 (1),10.0,parsed_from_inverter_name,48.29,month,devwork
2024-02-24,61817dff-da76-40c9-9ad8-cbb859ae8e37,Allen Clewes,918f2943-ac26-491f-972f-aeb5015a2cf2,Primo 10.0-1 208-240 (1),10.0,parsed_from_inverter_name,13.15,month,devwork
2024-02-25,61817dff-da76-40c9-9ad8-cbb859ae8e37,Allen Clewes,918f2943-ac26-491f-972f-aeb5015a2cf2,Primo 10.0-1 208-240 (1),10.0,parsed_from_inverter_name,30.74,month,devwork
2024-02-26,61817dff-da76-40c9-9ad8-cbb859ae8e37,Allen Clewes,918f2943-ac26-491f-972f-aeb5015a2cf2,Primo 10.0-1 208-240 (1),10.0,parsed_from_inverter_name,29.7,month,devwork
2024-02-27,61817dff-da76-40c9-9ad8-cbb859ae8e37,Allen Clewes,918f2943-ac26-491f-972f-aeb5015a2cf2,Primo 10.0-1 208-240 (1),10.0,parsed_from_inverter_name,9.3,month,devwork
2024-02-28,61817dff-da76-40c9-9ad8-cbb859ae8e37,Allen Clewes,918f2943-ac26-491f-972f-aeb5015a2cf2,Primo 10.0-1 208-240 (1),10.0,parsed_from_inverter_name,32.18,month,devwork
2024-02-29,61817dff-da76-40c9-9ad8-cbb859ae8e37,Allen Clewes,918f2943-ac26-491f-972f-aeb5015a2cf2,Primo 10.0-1 208-240 (1),10.0,parsed_from_inverter_name,42.75,month,devwork
2024-03-01,61817dff-da76-40c9-9ad8-cbb859ae8e37,Allen Clewes,918f2943-ac26-491f-972f-aeb5015a2cf2,Primo 10.0-1 208-240 (1),10.0,parsed_from_inverter_name,12.29,month,devwork
2024-03-02,61817dff-da76-40c9-9ad8-cbb859ae8e37,Allen Clewes,918f2943-ac26-491f-972f-aeb5015a2cf2,Primo 10.0-1 208-240 (1),10.0,parsed_from_inverter_name,1.87,month,devwork
2024-03-03,61817dff-da76-40c9-9ad8-cbb859ae8e37,Allen Clewes,918f2943-ac26-491f-972f-aeb5015a2cf2,Primo 10.0-1 208-240 (1),10.0,parsed_from_inverter_name,22.5,month,devwork
2024-03-04,61817dff-da76-40c9-9ad8-cbb859ae8e37,Allen Clewes,918f2943-ac26-491f-972f-aeb5015a2cf2,Primo 10.0-1 208-240 (1),10.0,parsed_from_inverter_name,30.55,month,devwork
2024-03-05,61817dff-da76-40c9-9ad8-cbb859ae8e37,Allen Clewes,918f2943-ac26-491f-972f-aeb5015a2cf2,Primo 10.0-1 208-240 (1),10.0,parsed_from_inverter_name,20.37,month,devwork
2024-03-06,61817dff-da76-40c9-9ad8-cbb859ae8e37,Allen Clewes,918f2943-ac26-491f-972f-aeb5015a2cf2,Primo 10.0-1 208-240 (1),10.0,parsed_from_inverter_name,37.18,month,devwork
2024-03-07,61817dff-da76-40c9-9ad8-cbb859ae8e37,Allen Clewes,918f2943-ac26-491f-972f-aeb5015a2cf2,Primo 10.0-1 208-240 (1),10.0,parsed_from_inverter_name,59.5,month,devwork
2024-03-08,61817dff-da76-40c9-9ad8-cbb859ae8e37,Allen Clewes,918f2943-ac26-491f-972f-aeb5015a2cf2,Primo 10.0-1 208-240 (1),10.0,parsed_from_inverter_name,56.27,month,devwork
2024-03-09,61817dff-da76-40c9-9ad8-cbb859ae8e37,Allen Clewes,918f2943-ac26-491f-972f-aeb5015a2cf2,Primo 10.0-1 208-240 (1),10.0,parsed_from_inverter_name,39.19,month,devwork
2024-03-10,61817dff-da76-40c9-9ad8-cbb859ae8e37,Allen Clewes,918f2943-ac26-491f-972f-aeb5015a2cf2,Primo 10.0-1 208-240 (1),10.0,parsed_from_inverter_name,53.12,month,devwork
2024-03-11,61817dff-da76-40c9-9ad8-cbb859ae8e37,Allen Clewes,918f2943-ac26-491f-972f-aeb5015a2cf2,Primo 10.0-1 208-240 (1),10.0,parsed_from_inverter_name,58.46,month,devwork
2024-03-12,61817dff-da76-40c9-9ad8-cbb859ae8e37,Allen Clewes,918f2943-ac26-491f-972f-aeb5015a2cf2,Primo 10.0-1 208-240 (1),10.0,parsed_from_inverter_name,59.64,month,devwork
2024-03-13,61817dff-da76-40c9-9ad8-cbb859ae8e37,Allen Clewes,918f2943-ac26-491f-972f-aeb5015a2cf2,Primo 10.0-1 208-240 (1),10.0,parsed_from_inverter_name,53.25,month,devwork
2024-03-14,61817dff-da76-40c9-9ad8-cbb859ae8e37,Allen Clewes,918f2943-ac26-491f-972f-aeb5015a2cf2,Primo 10.0-1 208-240 (1),10.0,parsed_from_inverter_name,61.55,month,devwork
2024-03-15,61817dff-da76-40c9-9ad8-cbb859ae8e37,Allen Clewes,918f2943-ac26-491f-972f-aeb5015a2cf2,Primo 10.0-1 208-240 (1),10.0,parsed_from_inverter_name,54.51,month,devwork
2024-03-16,61817dff-da76-40c9-9ad8-cbb859ae8e37,Allen Clewes,918f2943-ac26-491f-972f-aeb5015a2cf2,Primo 10.0-1 208-240 (1),10.0,parsed_from_inverter_name,59.03,month,devwork
2024-03-17,61817dff-da76-40c9-9ad8-cbb859ae8e37,Allen Clewes,918f2943-ac26-491f-972f-aeb5015a2cf2,Primo 10.0-1 208-240 (1),10.0,parsed_from_inverter_name,60.88,month,devwork
2024-03-18,61817dff-da76-40c9-9ad8-cbb859ae8e37,Allen Clewes,918f2943-ac26-491f-972f-aeb5015a2cf2,Primo 10.0-1 208-240 (1),10.0,parsed_from_inverter_name,60.7,month,devwork
2024-03-19,61817dff-da76-40c9-9ad8-cbb859ae8e37,Allen Clewes,918f2943-ac26-491f-972f-aeb5015a2cf2,Primo 10.0-1 208-240 (1),10.0,parsed_from_inverter_name,38.74,month,devwork
2024-03-20,61817dff-da76-40c9-9ad8-cbb859ae8e37,Allen Clewes,918f2943-ac26-491f-972f-aeb5015a2cf2,Primo 10.0-1 208-240 (1),10.0,parsed_from_inverter_name,1.55,month,devwork
2024-03-22,61817dff-da76-40c9-9ad8-cbb859ae8e37,Allen Clewes,918f2943-ac26-491f-972f-aeb5015a2cf2,Primo 10.0-1 208-240 (1),10.0,parsed_from_inverter_name,0.05,month,devwork
2024-03-25,61817dff-da76-40c9-9ad8-cbb859ae8e37,Allen Clewes,918f2943-ac26-491f-972f-aeb5015a2cf2,Primo 10.0-1 208-240 (1),10.0,parsed_from_inverter_name,0.05,month,devwork
2024-03-26,61817dff-da76-40c9-9ad8-cbb859ae8e37,Allen Clewes,918f2943-ac26-491f-972f-aeb5015a2cf2,Primo 10.0-1 208-240 (1),10.0,parsed_from_inverter_name,5.54,month,devwork
2024-03-27,61817dff-da76-40c9-9ad8-cbb859ae8e37,Allen Clewes,918f2943-ac26-491f-972f-aeb5015a2cf2,Primo 10.0-1 208-240 (1),10.0,parsed_from_inverter_name,39.86,month,devwork
2024-03-28,61817dff-da76-40c9-9ad8-cbb859ae8e37,Allen Clewes,918f2943-ac26-491f-972f-aeb5015a2cf2,Primo 10.0-1 208-240 (1),10.0,parsed_from_inverter_name,19.7,month,devwork
2024-03-29,61817dff-da76-40c9-9ad8-cbb859ae8e37,Allen Clewes,918f2943-ac26-491f-972f-aeb5015a2cf2,Primo 10.0-1 208-240 (1),10.0,parsed_from_inverter_name,21.62,month,devwork
2024-03-30,61817dff-da76-40c9-9ad8-cbb859ae8e37,Allen Clewes,918f2943-ac26-491f-972f-aeb5015a2cf2,Primo 10.0-1 208-240 (1),10.0,parsed_from_inverter_name,61.98,month,devwork
2024-03-31,61817dff-da76-40c9-9ad8-cbb859ae8e37,Allen Clewes,918f2943-ac26-491f-972f-aeb5015a2cf2,Primo 10.0-1 208-240 (1),10.0,parsed_from_inverter_name,66.2,month,devwork
2024-04-01,61817dff-da76-40c9-9ad8-cbb859ae8e37,Allen Clewes,918f2943-ac26-491f-972f-aeb5015a2cf2,Primo 10.0-1 208-240 (1),10.0,parsed_from_inverter_name,70.55,month,devwork
2024-04-02,61817dff-da76-40c9-9ad8-cbb859ae8e37,Allen Clewes,918f2943-ac26-491f-972f-aeb5015a2cf2,Primo 10.0-1 208-240 (1),10.0,parsed_from_inverter_name,40.32,month,devwork
2024-04-03,61817dff-da76-40c9-9ad8-cbb859ae8e37,Allen Clewes,918f2943-ac26-491f-972f-aeb5015a2cf2,Primo 10.0-1 208-240 (1),10.0,parsed_from_inverter_name,58.09,month,devwork
2024-04-04,61817dff-da76-40c9-9ad8-cbb859ae8e37,Allen Clewes,918f2943-ac26-491f-972f-aeb5015a2cf2,Primo 10.0-1 208-240 (1),10.0,parsed_from_inverter_name,5.61,month,devwork
2024-04-05,61817dff-da76-40c9-9ad8-cbb859ae8e37,Allen Clewes,918f2943-ac26-491f-972f-aeb5015a2cf2,Primo 10.0-1 208-240 (1),10.0,parsed_from_inverter_name,9.53,month,devwork
2024-04-06,61817dff-da76-40c9-9ad8-cbb859ae8e37,Allen Clewes,918f2943-ac26-491f-972f-aeb5015a2cf2,Primo 10.0-1 208-240 (1),10.0,parsed_from_inverter_name,25.83,month,devwork
2024-04-07,61817dff-da76-40c9-9ad8-cbb859ae8e37,Allen Clewes,918f2943-ac26-491f-972f-aeb5015a2cf2,Primo 10.0-1 208-240 (1),10.0,parsed_from_inverter_name,28.33,month,devwork
2024-04-08,61817dff-da76-40c9-9ad8-cbb859ae8e37,Allen Clewes,918f2943-ac26-491f-972f-aeb5015a2cf2,Primo 10.0-1 208-240 (1),10.0,parsed_from_inverter_name,72.1,month,devwork
2024-04-09,61817dff-da76-40c9-9ad8-cbb859ae8e37,Allen Clewes,918f2943-ac26-491f-972f-aeb5015a2cf2,Primo 10.0-1 208-240 (1),10.0,parsed_from_inverter_name,64.66,month,devwork
2024-04-10,61817dff-da76-40c9-9ad8-cbb859ae8e37,Allen Clewes,918f2943-ac26-491f-972f-aeb5015a2cf2,Primo 10.0-1 208-240 (1),10.0,parsed_from_inverter_name,67.33,month,devwork
2024-04-11,61817dff-da76-40c9-9ad8-cbb859ae8e37,Allen Clewes,918f2943-ac26-491f-972f-aeb5015a2cf2,Primo 10.0-1 208-240 (1),10.0,parsed_from_inverter_name,57.19,month,devwork
2024-04-12,61817dff-da76-40c9-9ad8-cbb859ae8e37,Allen Clewes,918f2943-ac26-491f-972f-aeb5015a2cf2,Primo 10.0-1 208-240 (1),10.0,parsed_from_inverter_name,68.92,month,devwork
2024-04-13,61817dff-da76-40c9-9ad8-cbb859ae8e37,Allen Clewes,918f2943-ac26-491f-972f-aeb5015a2cf2,Primo 10.0-1 208-240 (1),10.0,parsed_from_inverter_name,76.12,month,devwork
2024-04-14,61817dff-da76-40c9-9ad8-cbb859ae8e37,Allen Clewes,918f2943-ac26-491f-972f-aeb5015a2cf2,Primo 10.0-1 208-240 (1),10.0,parsed_from_inverter_name,74.85,month,devwork
2024-04-15,61817dff-da76-40c9-9ad8-cbb859ae8e37,Allen Clewes,918f2943-ac26-491f-972f-aeb5015a2cf2,Primo 10.0-1 208-240 (1),10.0,parsed_from_inverter_name,59.83,month,devwork
2024-04-16,61817dff-da76-40c9-9ad8-cbb859ae8e37,Allen Clewes,918f2943-ac26-491f-972f-aeb5015a2cf2,Primo 10.0-1 208-240 (1),10.0,parsed_from_inverter_name,26.19,month,devwork
2024-04-17,61817dff-da76-40c9-9ad8-cbb859ae8e37,Allen Clewes,918f2943-ac26-491f-972f-aeb5015a2cf2,Primo 10.0-1 208-240 (1),10.0,parsed_from_inverter_name,41.26,month,devwork
2024-04-18,61817dff-da76-40c9-9ad8-cbb859ae8e37,Allen Clewes,918f2943-ac26-491f-972f-aeb5015a2cf2,Primo 10.0-1 208-240 (1),10.0,parsed_from_inverter_name,65.85,month,devwork
2024-04-19,61817dff-da76-40c9-9ad8-cbb859ae8e37,Allen Clewes,918f2943-ac26-491f-972f-aeb5015a2cf2,Primo 10.0-1 208-240 (1),10.0,parsed_from_inverter_name,60.54,month,devwork
2024-04-20,61817dff-da76-40c9-9ad8-cbb859ae8e37,Allen Clewes,918f2943-ac26-491f-972f-aeb5015a2cf2,Primo 10.0-1 208-240 (1),10.0,parsed_from_inverter_name,78.25,month,devwork
2024-04-21,61817dff-da76-40c9-9ad8-cbb859ae8e37,Allen Clewes,918f2943-ac26-491f-972f-aeb5015a2cf2,Primo 10.0-1 208-240 (1),10.0,parsed_from_inverter_name,76.96,month,devwork
2024-04-22,61817dff-da76-40c9-9ad8-cbb859ae8e37,Allen Clewes,918f2943-ac26-491f-972f-aeb5015a2cf2,Primo 10.0-1 208-240 (1),10.0,parsed_from_inverter_name,53.82,month,devwork
2024-04-23,61817dff-da76-40c9-9ad8-cbb859ae8e37,Allen Clewes,918f2943-ac26-491f-972f-aeb5015a2cf2,Primo 10.0-1 208-240 (1),10.0,parsed_from_inverter_name,76.09,month,devwork
2024-04-24,61817dff-da76-40c9-9ad8-cbb859ae8e37,Allen Clewes,918f2943-ac26-491f-972f-aeb5015a2cf2,Primo 10.0-1 208-240 (1),10.0,parsed_from_inverter_name,48.75,month,devwork
2024-04-25,61817dff-da76-40c9-9ad8-cbb859ae8e37,Allen Clewes,918f2943-ac26-491f-972f-aeb5015a2cf2,Primo 10.0-1 208-240 (1),10.0,parsed_from_inverter_name,53.4,month,devwork
2024-04-26,61817dff-da76-40c9-9ad8-cbb859ae8e37,Allen Clewes,918f2943-ac26-491f-972f-aeb5015a2cf2,Primo 10.0-1 208-240 (1),10.0,parsed_from_inverter_name,50.34,month,devwork
2024-04-27,61817dff-da76-40c9-9ad8-cbb859ae8e37,Allen Clewes,918f2943-ac26-491f-972f-aeb5015a2cf2,Primo 10.0-1 208-240 (1),10.0,parsed_from_inverter_name,49.4,month,devwork
2024-04-28,61817dff-da76-40c9-9ad8-cbb859ae8e37,Allen Clewes,918f2943-ac26-491f-972f-aeb5015a2cf2,Primo 10.0-1 208-240 (1),10.0,parsed_from_inverter_name,74.3,month,devwork
2024-04-29,61817dff-da76-40c9-9ad8-cbb859ae8e37,Allen Clewes,918f2943-ac26-491f-972f-aeb5015a2cf2,Primo 10.0-1 208-240 (1),10.0,parsed_from_inverter_name,61.83,month,devwork
2024-04-30,61817dff-da76-40c9-9ad8-cbb859ae8e37,Allen Clewes,918f2943-ac26-491f-972f-aeb5015a2cf2,Primo 10.0-1 208-240 (1),10.0,parsed_from_inverter_name,26.46,month,devwork
2024-05-01,61817dff-da76-40c9-9ad8-cbb859ae8e37,Allen Clewes,918f2943-ac26-491f-972f-aeb5015a2cf2,Primo 10.0-1 208-240 (1),10.0,parsed_from_inverter_name,19.92,month,devwork
2024-05-02,61817dff-da76-40c9-9ad8-cbb859ae8e37,Allen Clewes,918f2943-ac26-491f-972f-aeb5015a2cf2,Primo 10.0-1 208-240 (1),10.0,parsed_from_inverter_name,33.06,month,devwork
2024-05-03,61817dff-da76-40c9-9ad8-cbb859ae8e37,Allen Clewes,918f2943-ac26-491f-972f-aeb5015a2cf2,Primo 10.0-1 208-240 (1),10.0,parsed_from_inverter_name,62.92,month,devwork
2024-05-04,61817dff-da76-40c9-9ad8-cbb859ae8e37,Allen Clewes,918f2943-ac26-491f-972f-aeb5015a2cf2,Primo 10.0-1 208-240 (1),10.0,parsed_from_inverter_name,75.04,month,devwork
2024-05-05,61817dff-da76-40c9-9ad8-cbb859ae8e37,Allen Clewes,918f2943-ac26-491f-972f-aeb5015a2cf2,Primo 10.0-1 208-240 (1),10.0,parsed_from_inverter_name,27.17,month,devwork
2024-05-06,61817dff-da76-40c9-9ad8-cbb859ae8e37,Allen Clewes,918f2943-ac26-491f-972f-aeb5015a2cf2,Primo 10.0-1 208-240 (1),10.0,parsed_from_inverter_name,55.68,month,devwork
2024-05-07,61817dff-da76-40c9-9ad8-cbb859ae8e37,Allen Clewes,918f2943-ac26-491f-972f-aeb5015a2cf2,Primo 10.0-1 208-240 (1),10.0,parsed_from_inverter_name,8.52,month,devwork
2024-05-08,61817dff-da76-40c9-9ad8-cbb859ae8e37,Allen Clewes,918f2943-ac26-491f-972f-aeb5015a2cf2,Primo 10.0-1 208-240 (1),10.0,parsed_from_inverter_name,23.39,month,devwork
2024-05-09,61817dff-da76-40c9-9ad8-cbb859ae8e37,Allen Clewes,918f2943-ac26-491f-972f-aeb5015a2cf2,Primo 10.0-1 208-240 (1),10.0,parsed_from_inverter_name,82.27,month,devwork
2024-05-10,61817dff-da76-40c9-9ad8-cbb859ae8e37,Allen Clewes,918f2943-ac26-491f-972f-aeb5015a2cf2,Primo 10.0-1 208-240 (1),10.0,parsed_from_inverter_name,81.2,month,devwork
2024-05-11,61817dff-da76-40c9-9ad8-cbb859ae8e37,Allen Clewes,918f2943-ac26-491f-972f-aeb5015a2cf2,Primo 10.0-1 208-240 (1),10.0,parsed_from_inverter_name,61.8,month,devwork
2024-05-12,61817dff-da76-40c9-9ad8-cbb859ae8e37,Allen Clewes,918f2943-ac26-491f-972f-aeb5015a2cf2,Primo 10.0-1 208-240 (1),10.0,parsed_from_inverter_name,73.72,month,devwork
2024-05-13,61817dff-da76-40c9-9ad8-cbb859ae8e37,Allen Clewes,918f2943-ac26-491f-972f-aeb5015a2cf2,Primo 10.0-1 208-240 (1),10.0,parsed_from_inverter_name,48.64,month,devwork
2024-05-14,61817dff-da76-40c9-9ad8-cbb859ae8e37,Allen Clewes,918f2943-ac26-491f-972f-aeb5015a2cf2,Primo 10.0-1 208-240 (1),10.0,parsed_from_inverter_name,60.76,month,devwork
2024-05-15,61817dff-da76-40c9-9ad8-cbb859ae8e37,Allen Clewes,918f2943-ac26-491f-972f-aeb5015a2cf2,Primo 10.0-1 208-240 (1),10.0,parsed_from_inverter_name,57.66,month,devwork
2024-05-16,61817dff-da76-40c9-9ad8-cbb859ae8e37,Allen Clewes,918f2943-ac26-491f-972f-aeb5015a2cf2,Primo 10.0-1 208-240 (1),10.0,parsed_from_inverter_name,42.51,month,devwork
2024-05-17,61817dff-da76-40c9-9ad8-cbb859ae8e37,Allen Clewes,918f2943-ac26-491f-972f-aeb5015a2cf2,Primo 10.0-1 208-240 (1),10.0,parsed_from_inverter_name,29.27,month,devwork
2024-05-18,61817dff-da76-40c9-9ad8-cbb859ae8e37,Allen Clewes,918f2943-ac26-491f-972f-aeb5015a2cf2,Primo 10.0-1 208-240 (1),10.0,parsed_from_inverter_name,57.77,month,devwork
2024-05-19,61817dff-da76-40c9-9ad8-cbb859ae8e37,Allen Clewes,918f2943-ac26-491f-972f-aeb5015a2cf2,Primo 10.0-1 208-240 (1),10.0,parsed_from_inverter_name,38.67,month,devwork
2024-05-20,61817dff-da76-40c9-9ad8-cbb859ae8e37,Allen Clewes,918f2943-ac26-491f-972f-aeb5015a2cf2,Primo 10.0-1 208-240 (1),10.0,parsed_from_inverter_name,43.28,month,devwork
2024-05-21,61817dff-da76-40c9-9ad8-cbb859ae8e37,Allen Clewes,918f2943-ac26-491f-972f-aeb5015a2cf2,Primo 10.0-1 208-240 (1),10.0,parsed_from_inverter_name,61.95,month,devwork
2024-05-22,61817dff-da76-40c9-9ad8-cbb859ae8e37,Allen Clewes,918f2943-ac26-491f-972f-aeb5015a2cf2,Primo 10.0-1 208-240 (1),10.0,parsed_from_inverter_name,36.88,month,devwork
2024-05-23,61817dff-da76-40c9-9ad8-cbb859ae8e37,Allen Clewes,918f2943-ac26-491f-972f-aeb5015a2cf2,Primo 10.0-1 208-240 (1),10.0,parsed_from_inverter_name,48.1,month,devwork
2024-05-24,61817dff-da76-40c9-9ad8-cbb859ae8e37,Allen Clewes,918f2943-ac26-491f-972f-aeb5015a2cf2,Primo 10.0-1 208-240 (1),10.0,parsed_from_inverter_name,68.59,month,devwork
2024-05-25,61817dff-da76-40c9-9ad8-cbb859ae8e37,Allen Clewes,918f2943-ac26-491f-972f-aeb5015a2cf2,Primo 10.0-1 208-240 (1),10.0,parsed_from_inverter_name,73.37,month,devwork
2024-05-26,61817dff-da76-40c9-9ad8-cbb859ae8e37,Allen Clewes,918f2943-ac26-491f-972f-aeb5015a2cf2,Primo 10.0-1 208-240 (1),10.0,parsed_from_inverter_name,51.31,month,devwork
2024-05-27,61817dff-da76-40c9-9ad8-cbb859ae8e37,Allen Clewes,918f2943-ac26-491f-972f-aeb5015a2cf2,Primo 10.0-1 208-240 (1),10.0,parsed_from_inverter_name,77.18,month,devwork
2024-05-28,61817dff-da76-40c9-9ad8-cbb859ae8e37,Allen Clewes,918f2943-ac26-491f-972f-aeb5015a2cf2,Primo 10.0-1 208-240 (1),10.0,parsed_from_inverter_name,67.82,month,devwork
2024-05-29,61817dff-da76-40c9-9ad8-cbb859ae8e37,Allen Clewes,918f2943-ac26-491f-972f-aeb5015a2cf2,Primo 10.0-1 208-240 (1),10.0,parsed_from_inverter_name,66.47,month,devwork
2024-05-30,61817dff-da76-40c9-9ad8-cbb859ae8e37,Allen Clewes,918f2943-ac26-491f-972f-aeb5015a2cf2,Primo 10.0-1 208-240 (1),10.0,parsed_from_inverter_name,56.47,month,devwork
2024-05-31,61817dff-da76-40c9-9ad8-cbb859ae8e37,Allen Clewes,918f2943-ac26-491f-972f-aeb5015a2cf2,Primo 10.0-1 208-240 (1),10.0,parsed_from_inverter_name,65.3,month,devwork
2024-06-01,61817dff-da76-40c9-9ad8-cbb859ae8e37,Allen Clewes,918f2943-ac26-491f-972f-aeb5015a2cf2,Primo 10.0-1 208-240 (1),10.0,parsed_from_inverter_name,59.18,month,devwork
2024-06-02,61817dff-da76-40c9-9ad8-cbb859ae8e37,Allen Clewes,918f2943-ac26-491f-972f-aeb5015a2cf2,Primo 10.0-1 208-240 (1),10.0,parsed_from_inverter_name,72.65,month,devwork
2024-06-03,61817dff-da76-40c9-9ad8-cbb859ae8e37,Allen Clewes,918f2943-ac26-491f-972f-aeb5015a2cf2,Primo 10.0-1 208-240 (1),10.0,parsed_from_inverter_name,56.54,month,devwork
2024-06-04,61817dff-da76-40c9-9ad8-cbb859ae8e37,Allen Clewes,918f2943-ac26-491f-972f-aeb5015a2cf2,Primo 10.0-1 208-240 (1),10.0,parsed_from_inverter_name,88.08,month,devwork
2024-06-05,61817dff-da76-40c9-9ad8-cbb859ae8e37,Allen Clewes,918f2943-ac26-491f-972f-aeb5015a2cf2,Primo 10.0-1 208-240 (1),10.0,parsed_from_inverter_name,84.74,month,devwork
2024-06-06,61817dff-da76-40c9-9ad8-cbb859ae8e37,Allen Clewes,918f2943-ac26-491f-972f-aeb5015a2cf2,Primo 10.0-1 208-240 (1),10.0,parsed_from_inverter_name,77.44,month,devwork
2024-06-07,61817dff-da76-40c9-9ad8-cbb859ae8e37,Allen Clewes,918f2943-ac26-491f-972f-aeb5015a2cf2,Primo 10.0-1 208-240 (1),10.0,parsed_from_inverter_name,82.93,month,devwork
2024-06-08,61817dff-da76-40c9-9ad8-cbb859ae8e37,Allen Clewes,918f2943-ac26-491f-972f-aeb5015a2cf2,Primo 10.0-1 208-240 (1),10.0,parsed_from_inverter_name,60.49,month,devwork
2024-06-09,61817dff-da76-40c9-9ad8-cbb859ae8e37,Allen Clewes,918f2943-ac26-491f-972f-aeb5015a2cf2,Primo 10.0-1 208-240 (1),10.0,parsed_from_inverter_name,69.69,month,devwork
2024-06-10,61817dff-da76-40c9-9ad8-cbb859ae8e37,Allen Clewes,918f2943-ac26-491f-972f-aeb5015a2cf2,Primo 10.0-1 208-240 (1),10.0,parsed_from_inverter_name,58.42,month,devwork
2024-06-11,61817dff-da76-40c9-9ad8-cbb859ae8e37,Allen Clewes,918f2943-ac26-491f-972f-aeb5015a2cf2,Primo 10.0-1 208-240 (1),10.0,parsed_from_inverter_name,80.69,month,devwork
2024-06-12,61817dff-da76-40c9-9ad8-cbb859ae8e37,Allen Clewes,918f2943-ac26-491f-972f-aeb5015a2cf2,Primo 10.0-1 208-240 (1),10.0,parsed_from_inverter_name,42.91,month,devwork
2024-06-13,61817dff-da76-40c9-9ad8-cbb859ae8e37,Allen Clewes,918f2943-ac26-491f-972f-aeb5015a2cf2,Primo 10.0-1 208-240 (1),10.0,parsed_from_inverter_name,30.78,month,devwork
2024-06-14,61817dff-da76-40c9-9ad8-cbb859ae8e37,Allen Clewes,918f2943-ac26-491f-972f-aeb5015a2cf2,Primo 10.0-1 208-240 (1),10.0,parsed_from_inverter_name,35.77,month,devwork
2024-06-15,61817dff-da76-40c9-9ad8-cbb859ae8e37,Allen Clewes,918f2943-ac26-491f-972f-aeb5015a2cf2,Primo 10.0-1 208-240 (1),10.0,parsed_from_inverter_name,37.56,month,devwork
2024-06-16,61817dff-da76-40c9-9ad8-cbb859ae8e37,Allen Clewes,918f2943-ac26-491f-972f-aeb5015a2cf2,Primo 10.0-1 208-240 (1),10.0,parsed_from_inverter_name,18.7,month,devwork
2024-06-17,61817dff-da76-40c9-9ad8-cbb859ae8e37,Allen Clewes,918f2943-ac26-491f-972f-aeb5015a2cf2,Primo 10.0-1 208-240 (1),10.0,parsed_from_inverter_name,28.69,month,devwork
2024-06-18,61817dff-da76-40c9-9ad8-cbb859ae8e37,Allen Clewes,918f2943-ac26-491f-972f-aeb5015a2cf2,Primo 10.0-1 208-240 (1),10.0,parsed_from_inverter_name,23.71,month,devwork
2024-06-19,61817dff-da76-40c9-9ad8-cbb859ae8e37,Allen Clewes,918f2943-ac26-491f-972f-aeb5015a2cf2,Primo 10.0-1 208-240 (1),10.0,parsed_from_inverter_name,57.08,month,devwork
2024-06-20,61817dff-da76-40c9-9ad8-cbb859ae8e37,Allen Clewes,918f2943-ac26-491f-972f-aeb5015a2cf2,Primo 10.0-1 208-240 (1),10.0,parsed_from_inverter_name,60.5,month,devwork
2024-06-21,61817dff-da76-40c9-9ad8-cbb859ae8e37,Allen Clewes,918f2943-ac26-491f-972f-aeb5015a2cf2,Primo 10.0-1 208-240 (1),10.0,parsed_from_inverter_name,43.84,month,devwork
2024-06-22,61817dff-da76-40c9-9ad8-cbb859ae8e37,Allen Clewes,918f2943-ac26-491f-972f-aeb5015a2cf2,Primo 10.0-1 208-240 (1),10.0,parsed_from_inverter_name,56.86,month,devwork
2024-06-23,61817dff-da76-40c9-9ad8-cbb859ae8e37,Allen Clewes,918f2943-ac26-491f-972f-aeb5015a2cf2,Primo 10.0-1 208-240 (1),10.0,parsed_from_inverter_name,61.8,month,devwork
2024-06-24,61817dff-da76-40c9-9ad8-cbb859ae8e37,Allen Clewes,918f2943-ac26-491f-972f-aeb5015a2cf2,Primo 10.0-1 208-240 (1),10.0,parsed_from_inverter_name,63.71,month,devwork
2024-06-25,61817dff-da76-40c9-9ad8-cbb859ae8e37,Allen Clewes,918f2943-ac26-491f-972f-aeb5015a2cf2,Primo 10.0-1 208-240 (1),10.0,parsed_from_inverter_name,61.47,month,devwork
2024-06-26,61817dff-da76-40c9-9ad8-cbb859ae8e37,Allen Clewes,918f2943-ac26-491f-972f-aeb5015a2cf2,Primo 10.0-1 208-240 (1),10.0,parsed_from_inverter_name,34.81,month,devwork
2024-06-27,61817dff-da76-40c9-9ad8-cbb859ae8e37,Allen Clewes,918f2943-ac26-491f-972f-aeb5015a2cf2,Primo 10.0-1 208-240 (1),10.0,parsed_from_inverter_name,27.33,month,devwork
2024-06-28,61817dff-da76-40c9-9ad8-cbb859ae8e37,Allen Clewes,918f2943-ac26-491f-972f-aeb5015a2cf2,Primo 10.0-1 208-240 (1),10.0,parsed_from_inverter_name,45.77,month,devwork
2024-06-29,61817dff-da76-40c9-9ad8-cbb859ae8e37,Allen Clewes,918f2943-ac26-491f-972f-aeb5015a2cf2,Primo 10.0-1 208-240 (1),10.0,parsed_from_inverter_name,60.74,month,devwork
2024-06-30,61817dff-da76-40c9-9ad8-cbb859ae8e37,Allen Clewes,918f2943-ac26-491f-972f-aeb5015a2cf2,Primo 10.0-1 208-240 (1),10.0,parsed_from_inverter_name,29.21,month,devwork
2024-07-01,61817dff-da76-40c9-9ad8-cbb859ae8e37,Allen Clewes,918f2943-ac26-491f-972f-aeb5015a2cf2,Primo 10.0-1 208-240 (1),10.0,parsed_from_inverter_name,38.23,month,devwork
2024-07-02,61817dff-da76-40c9-9ad8-cbb859ae8e37,Allen Clewes,918f2943-ac26-491f-972f-aeb5015a2cf2,Primo 10.0-1 208-240 (1),10.0,parsed_from_inverter_name,51.34,month,devwork
2024-07-03,61817dff-da76-40c9-9ad8-cbb859ae8e37,Allen Clewes,918f2943-ac26-491f-972f-aeb5015a2cf2,Primo 10.0-1 208-240 (1),10.0,parsed_from_inverter_name,29.16,month,devwork
2024-07-04,61817dff-da76-40c9-9ad8-cbb859ae8e37,Allen Clewes,918f2943-ac26-491f-972f-aeb5015a2cf2,Primo 10.0-1 208-240 (1),10.0,parsed_from_inverter_name,57.22,month,devwork
2024-07-05,61817dff-da76-40c9-9ad8-cbb859ae8e37,Allen Clewes,918f2943-ac26-491f-972f-aeb5015a2cf2,Primo 10.0-1 208-240 (1),10.0,parsed_from_inverter_name,58.67,month,devwork
2024-07-06,61817dff-da76-40c9-9ad8-cbb859ae8e37,Allen Clewes,918f2943-ac26-491f-972f-aeb5015a2cf2,Primo 10.0-1 208-240 (1),10.0,parsed_from_inverter_name,54.26,month,devwork
2024-07-07,61817dff-da76-40c9-9ad8-cbb859ae8e37,Allen Clewes,918f2943-ac26-491f-972f-aeb5015a2cf2,Primo 10.0-1 208-240 (1),10.0,parsed_from_inverter_name,59.82,month,devwork
2024-07-08,61817dff-da76-40c9-9ad8-cbb859ae8e37,Allen Clewes,918f2943-ac26-491f-972f-aeb5015a2cf2,Primo 10.0-1 208-240 (1),10.0,parsed_from_inverter_name,58.36,month,devwork
2024-07-09,61817dff-da76-40c9-9ad8-cbb859ae8e37,Allen Clewes,918f2943-ac26-491f-972f-aeb5015a2cf2,Primo 10.0-1 208-240 (1),10.0,parsed_from_inverter_name,57.67,month,devwork
2024-07-10,61817dff-da76-40c9-9ad8-cbb859ae8e37,Allen Clewes,918f2943-ac26-491f-972f-aeb5015a2cf2,Primo 10.0-1 208-240 (1),10.0,parsed_from_inverter_name,56.41,month,devwork
2024-07-11,61817dff-da76-40c9-9ad8-cbb859ae8e37,Allen Clewes,918f2943-ac26-491f-972f-aeb5015a2cf2,Primo 10.0-1 208-240 (1),10.0,parsed_from_inverter_name,21.07,month,devwork
2024-07-12,61817dff-da76-40c9-9ad8-cbb859ae8e37,Allen Clewes,918f2943-ac26-491f-972f-aeb5015a2cf2,Primo 10.0-1 208-240 (1),10.0,parsed_from_inverter_name,21.79,month,devwork
2024-07-13,61817dff-da76-40c9-9ad8-cbb859ae8e37,Allen Clewes,918f2943-ac26-491f-972f-aeb5015a2cf2,Primo 10.0-1 208-240 (1),10.0,parsed_from_inverter_name,21.38,month,devwork
2024-07-14,61817dff-da76-40c9-9ad8-cbb859ae8e37,Allen Clewes,918f2943-ac26-491f-972f-aeb5015a2cf2,Primo 10.0-1 208-240 (1),10.0,parsed_from_inverter_name,20.21,month,devwork
2024-07-15,61817dff-da76-40c9-9ad8-cbb859ae8e37,Allen Clewes,918f2943-ac26-491f-972f-aeb5015a2cf2,Primo 10.0-1 208-240 (1),10.0,parsed_from_inverter_name,20.02,month,devwork
2024-07-16,61817dff-da76-40c9-9ad8-cbb859ae8e37,Allen Clewes,918f2943-ac26-491f-972f-aeb5015a2cf2,Primo 10.0-1 208-240 (1),10.0,parsed_from_inverter_name,19.14,month,devwork
2024-07-17,61817dff-da76-40c9-9ad8-cbb859ae8e37,Allen Clewes,918f2943-ac26-491f-972f-aeb5015a2cf2,Primo 10.0-1 208-240 (1),10.0,parsed_from_inverter_name,20.65,month,devwork
2024-07-18,61817dff-da76-40c9-9ad8-cbb859ae8e37,Allen Clewes,918f2943-ac26-491f-972f-aeb5015a2cf2,Primo 10.0-1 208-240 (1),10.0,parsed_from_inverter_name,10.15,month,devwork
2024-07-19,61817dff-da76-40c9-9ad8-cbb859ae8e37,Allen Clewes,918f2943-ac26-491f-972f-aeb5015a2cf2,Primo 10.0-1 208-240 (1),10.0,parsed_from_inverter_name,20.8,month,devwork
2024-07-20,61817dff-da76-40c9-9ad8-cbb859ae8e37,Allen Clewes,918f2943-ac26-491f-972f-aeb5015a2cf2,Primo 10.0-1 208-240 (1),10.0,parsed_from_inverter_name,20.35,month,devwork
2024-07-21,61817dff-da76-40c9-9ad8-cbb859ae8e37,Allen Clewes,918f2943-ac26-491f-972f-aeb5015a2cf2,Primo 10.0-1 208-240 (1),10.0,parsed_from_inverter_name,19.77,month,devwork
2024-07-22,61817dff-da76-40c9-9ad8-cbb859ae8e37,Allen Clewes,918f2943-ac26-491f-972f-aeb5015a2cf2,Primo 10.0-1 208-240 (1),10.0,parsed_from_inverter_name,52.02,month,devwork
2024-07-23,61817dff-da76-40c9-9ad8-cbb859ae8e37,Allen Clewes,918f2943-ac26-491f-972f-aeb5015a2cf2,Primo 10.0-1 208-240 (1),10.0,parsed_from_inverter_name,77.57,month,devwork
2024-07-24,61817dff-da76-40c9-9ad8-cbb859ae8e37,Allen Clewes,918f2943-ac26-491f-972f-aeb5015a2cf2,Primo 10.0-1 208-240 (1),10.0,parsed_from_inverter_name,73.32,month,devwork
2024-07-25,61817dff-da76-40c9-9ad8-cbb859ae8e37,Allen Clewes,918f2943-ac26-491f-972f-aeb5015a2cf2,Primo 10.0-1 208-240 (1),10.0,parsed_from_inverter_name,72.22,month,devwork
2024-07-26,61817dff-da76-40c9-9ad8-cbb859ae8e37,Allen Clewes,918f2943-ac26-491f-972f-aeb5015a2cf2,Primo 10.0-1 208-240 (1),10.0,parsed_from_inverter_name,76.96,month,devwork
2024-07-27,61817dff-da76-40c9-9ad8-cbb859ae8e37,Allen Clewes,918f2943-ac26-491f-972f-aeb5015a2cf2,Primo 10.0-1 208-240 (1),10.0,parsed_from_inverter_name,72.43,month,devwork
2024-07-28,61817dff-da76-40c9-9ad8-cbb859ae8e37,Allen Clewes,918f2943-ac26-491f-972f-aeb5015a2cf2,Primo 10.0-1 208-240 (1),10.0,parsed_from_inverter_name,55.29,month,devwork
2024-07-29,61817dff-da76-40c9-9ad8-cbb859ae8e37,Allen Clewes,918f2943-ac26-491f-972f-aeb5015a2cf2,Primo 10.0-1 208-240 (1),10.0,parsed_from_inverter_name,67.52,month,devwork
2024-07-30,61817dff-da76-40c9-9ad8-cbb859ae8e37,Allen Clewes,918f2943-ac26-491f-972f-aeb5015a2cf2,Primo 10.0-1 208-240 (1),10.0,parsed_from_inverter_name,46.07,month,devwork
2024-07-31,61817dff-da76-40c9-9ad8-cbb859ae8e37,Allen Clewes,918f2943-ac26-491f-972f-aeb5015a2cf2,Primo 10.0-1 208-240 (1),10.0,parsed_from_inverter_name,75.73,month,devwork
2024-08-01,61817dff-da76-40c9-9ad8-cbb859ae8e37,Allen Clewes,918f2943-ac26-491f-972f-aeb5015a2cf2,Primo 10.0-1 208-240 (1),10.0,parsed_from_inverter_name,76.17,month,devwork
2024-08-02,61817dff-da76-40c9-9ad8-cbb859ae8e37,Allen Clewes,918f2943-ac26-491f-972f-aeb5015a2cf2,Primo 10.0-1 208-240 (1),10.0,parsed_from_inverter_name,70.84,month,devwork
2024-08-03,61817dff-da76-40c9-9ad8-cbb859ae8e37,Allen Clewes,918f2943-ac26-491f-972f-aeb5015a2cf2,Primo 10.0-1 208-240 (1),10.0,parsed_from_inverter_name,41.09,month,devwork
2024-08-04,61817dff-da76-40c9-9ad8-cbb859ae8e37,Allen Clewes,918f2943-ac26-491f-972f-aeb5015a2cf2,Primo 10.0-1 208-240 (1),10.0,parsed_from_inverter_name,34.26,month,devwork
2024-08-05,61817dff-da76-40c9-9ad8-cbb859ae8e37,Allen Clewes,918f2943-ac26-491f-972f-aeb5015a2cf2,Primo 10.0-1 208-240 (1),10.0,parsed_from_inverter_name,71.39,month,devwork
2024-08-06,61817dff-da76-40c9-9ad8-cbb859ae8e37,Allen Clewes,918f2943-ac26-491f-972f-aeb5015a2cf2,Primo 10.0-1 208-240 (1),10.0,parsed_from_inverter_name,49.05,month,devwork
2024-08-07,61817dff-da76-40c9-9ad8-cbb859ae8e37,Allen Clewes,918f2943-ac26-491f-972f-aeb5015a2cf2,Primo 10.0-1 208-240 (1),10.0,parsed_from_inverter_name,37.1,month,devwork
2024-08-08,61817dff-da76-40c9-9ad8-cbb859ae8e37,Allen Clewes,918f2943-ac26-491f-972f-aeb5015a2cf2,Primo 10.0-1 208-240 (1),10.0,parsed_from_inverter_name,59.55,month,devwork
2024-08-09,61817dff-da76-40c9-9ad8-cbb859ae8e37,Allen Clewes,918f2943-ac26-491f-972f-aeb5015a2cf2,Primo 10.0-1 208-240 (1),10.0,parsed_from_inverter_name,61.51,month,devwork
2024-08-10,61817dff-da76-40c9-9ad8-cbb859ae8e37,Allen Clewes,918f2943-ac26-491f-972f-aeb5015a2cf2,Primo 10.0-1 208-240 (1),10.0,parsed_from_inverter_name,66.17,month,devwork
2024-08-11,61817dff-da76-40c9-9ad8-cbb859ae8e37,Allen Clewes,918f2943-ac26-491f-972f-aeb5015a2cf2,Primo 10.0-1 208-240 (1),10.0,parsed_from_inverter_name,59.2,month,devwork
2024-08-12,61817dff-da76-40c9-9ad8-cbb859ae8e37,Allen Clewes,918f2943-ac26-491f-972f-aeb5015a2cf2,Primo 10.0-1 208-240 (1),10.0,parsed_from_inverter_name,51.53,month,devwork
2024-08-13,61817dff-da76-40c9-9ad8-cbb859ae8e37,Allen Clewes,918f2943-ac26-491f-972f-aeb5015a2cf2,Primo 10.0-1 208-240 (1),10.0,parsed_from_inverter_name,53.61,month,devwork
2024-08-14,61817dff-da76-40c9-9ad8-cbb859ae8e37,Allen Clewes,918f2943-ac26-491f-972f-aeb5015a2cf2,Primo 10.0-1 208-240 (1),10.0,parsed_from_inverter_name,66.47,month,devwork
2024-08-15,61817dff-da76-40c9-9ad8-cbb859ae8e37,Allen Clewes,918f2943-ac26-491f-972f-aeb5015a2cf2,Primo 10.0-1 208-240 (1),10.0,parsed_from_inverter_name,49.29,month,devwork
2024-08-16,61817dff-da76-40c9-9ad8-cbb859ae8e37,Allen Clewes,918f2943-ac26-491f-972f-aeb5015a2cf2,Primo 10.0-1 208-240 (1),10.0,parsed_from_inverter_name,33.83,month,devwork
2024-08-17,61817dff-da76-40c9-9ad8-cbb859ae8e37,Allen Clewes,918f2943-ac26-491f-972f-aeb5015a2cf2,Primo 10.0-1 208-240 (1),10.0,parsed_from_inverter_name,70.94,month,devwork
2024-08-18,61817dff-da76-40c9-9ad8-cbb859ae8e37,Allen Clewes,918f2943-ac26-491f-972f-aeb5015a2cf2,Primo 10.0-1 208-240 (1),10.0,parsed_from_inverter_name,63.04,month,devwork
2024-08-19,61817dff-da76-40c9-9ad8-cbb859ae8e37,Allen Clewes,918f2943-ac26-491f-972f-aeb5015a2cf2,Primo 10.0-1 208-240 (1),10.0,parsed_from_inverter_name,61.46,month,devwork
2024-08-20,61817dff-da76-40c9-9ad8-cbb859ae8e37,Allen Clewes,918f2943-ac26-491f-972f-aeb5015a2cf2,Primo 10.0-1 208-240 (1),10.0,parsed_from_inverter_name,60.98,month,devwork
2024-08-21,61817dff-da76-40c9-9ad8-cbb859ae8e37,Allen Clewes,918f2943-ac26-491f-972f-aeb5015a2cf2,Primo 10.0-1 208-240 (1),10.0,parsed_from_inverter_name,57.22,month,devwork
2024-08-22,61817dff-da76-40c9-9ad8-cbb859ae8e37,Allen Clewes,918f2943-ac26-491f-972f-aeb5015a2cf2,Primo 10.0-1 208-240 (1),10.0,parsed_from_inverter_name,64.2,month,devwork
2024-08-23,61817dff-da76-40c9-9ad8-cbb859ae8e37,Allen Clewes,918f2943-ac26-491f-972f-aeb5015a2cf2,Primo 10.0-1 208-240 (1),10.0,parsed_from_inverter_name,53.64,month,devwork
2024-08-24,61817dff-da76-40c9-9ad8-cbb859ae8e37,Allen Clewes,918f2943-ac26-491f-972f-aeb5015a2cf2,Primo 10.0-1 208-240 (1),10.0,parsed_from_inverter_name,66.26,month,devwork
2024-08-25,61817dff-da76-40c9-9ad8-cbb859ae8e37,Allen Clewes,918f2943-ac26-491f-972f-aeb5015a2cf2,Primo 10.0-1 208-240 (1),10.0,parsed_from_inverter_name,54.42,month,devwork
2024-08-26,61817dff-da76-40c9-9ad8-cbb859ae8e37,Allen Clewes,918f2943-ac26-491f-972f-aeb5015a2cf2,Primo 10.0-1 208-240 (1),10.0,parsed_from_inverter_name,67.79,month,devwork
2024-08-27,61817dff-da76-40c9-9ad8-cbb859ae8e37,Allen Clewes,918f2943-ac26-491f-972f-aeb5015a2cf2,Primo 10.0-1 208-240 (1),10.0,parsed_from_inverter_name,30.54,month,devwork
2024-08-28,61817dff-da76-40c9-9ad8-cbb859ae8e37,Allen Clewes,918f2943-ac26-491f-972f-aeb5015a2cf2,Primo 10.0-1 208-240 (1),10.0,parsed_from_inverter_name,7.45,month,devwork
2024-08-29,61817dff-da76-40c9-9ad8-cbb859ae8e37,Allen Clewes,918f2943-ac26-491f-972f-aeb5015a2cf2,Primo 10.0-1 208-240 (1),10.0,parsed_from_inverter_name,70.01,month,devwork
2024-08-30,61817dff-da76-40c9-9ad8-cbb859ae8e37,Allen Clewes,918f2943-ac26-491f-972f-aeb5015a2cf2,Primo 10.0-1 208-240 (1),10.0,parsed_from_inverter_name,68.59,month,devwork
2024-08-31,61817dff-da76-40c9-9ad8-cbb859ae8e37,Allen Clewes,918f2943-ac26-491f-972f-aeb5015a2cf2,Primo 10.0-1 208-240 (1),10.0,parsed_from_inverter_name,67.54,month,devwork
2024-09-01,61817dff-da76-40c9-9ad8-cbb859ae8e37,Allen Clewes,918f2943-ac26-491f-972f-aeb5015a2cf2,Primo 10.0-1 208-240 (1),10.0,parsed_from_inverter_name,62.64,month,devwork
2024-09-02,61817dff-da76-40c9-9ad8-cbb859ae8e37,Allen Clewes,918f2943-ac26-491f-972f-aeb5015a2cf2,Primo 10.0-1 208-240 (1),10.0,parsed_from_inverter_name,59.06,month,devwork
2024-09-03,61817dff-da76-40c9-9ad8-cbb859ae8e37,Allen Clewes,918f2943-ac26-491f-972f-aeb5015a2cf2,Primo 10.0-1 208-240 (1),10.0,parsed_from_inverter_name,61.63,month,devwork
2024-09-04,61817dff-da76-40c9-9ad8-cbb859ae8e37,Allen Clewes,918f2943-ac26-491f-972f-aeb5015a2cf2,Primo 10.0-1 208-240 (1),10.0,parsed_from_inverter_name,58.93,month,devwork
2024-09-05,61817dff-da76-40c9-9ad8-cbb859ae8e37,Allen Clewes,918f2943-ac26-491f-972f-aeb5015a2cf2,Primo 10.0-1 208-240 (1),10.0,parsed_from_inverter_name,63.43,month,devwork
2024-09-06,61817dff-da76-40c9-9ad8-cbb859ae8e37,Allen Clewes,918f2943-ac26-491f-972f-aeb5015a2cf2,Primo 10.0-1 208-240 (1),10.0,parsed_from_inverter_name,63.81,month,devwork
2024-09-07,61817dff-da76-40c9-9ad8-cbb859ae8e37,Allen Clewes,918f2943-ac26-491f-972f-aeb5015a2cf2,Primo 10.0-1 208-240 (1),10.0,parsed_from_inverter_name,63.77,month,devwork
2024-09-08,61817dff-da76-40c9-9ad8-cbb859ae8e37,Allen Clewes,918f2943-ac26-491f-972f-aeb5015a2cf2,Primo 10.0-1 208-240 (1),10.0,parsed_from_inverter_name,58.7,month,devwork
2024-09-09,61817dff-da76-40c9-9ad8-cbb859ae8e37,Allen Clewes,918f2943-ac26-491f-972f-aeb5015a2cf2,Primo 10.0-1 208-240 (1),10.0,parsed_from_inverter_name,47.38,month,devwork
2024-09-10,61817dff-da76-40c9-9ad8-cbb859ae8e37,Allen Clewes,918f2943-ac26-491f-972f-aeb5015a2cf2,Primo 10.0-1 208-240 (1),10.0,parsed_from_inverter_name,46.32,month,devwork
2024-09-11,61817dff-da76-40c9-9ad8-cbb859ae8e37,Allen Clewes,918f2943-ac26-491f-972f-aeb5015a2cf2,Primo 10.0-1 208-240 (1),10.0,parsed_from_inverter_name,20.51,month,devwork
2024-09-12,61817dff-da76-40c9-9ad8-cbb859ae8e37,Allen Clewes,918f2943-ac26-491f-972f-aeb5015a2cf2,Primo 10.0-1 208-240 (1),10.0,parsed_from_inverter_name,3.42,month,devwork
2024-09-13,61817dff-da76-40c9-9ad8-cbb859ae8e37,Allen Clewes,918f2943-ac26-491f-972f-aeb5015a2cf2,Primo 10.0-1 208-240 (1),10.0,parsed_from_inverter_name,51.03,month,devwork
2024-09-14,61817dff-da76-40c9-9ad8-cbb859ae8e37,Allen Clewes,918f2943-ac26-491f-972f-aeb5015a2cf2,Primo 10.0-1 208-240 (1),10.0,parsed_from_inverter_name,45.22,month,devwork
2024-09-15,61817dff-da76-40c9-9ad8-cbb859ae8e37,Allen Clewes,918f2943-ac26-491f-972f-aeb5015a2cf2,Primo 10.0-1 208-240 (1),10.0,parsed_from_inverter_name,41.36,month,devwork
2024-09-16,61817dff-da76-40c9-9ad8-cbb859ae8e37,Allen Clewes,918f2943-ac26-491f-972f-aeb5015a2cf2,Primo 10.0-1 208-240 (1),10.0,parsed_from_inverter_name,58.37,month,devwork
2024-09-17,61817dff-da76-40c9-9ad8-cbb859ae8e37,Allen Clewes,918f2943-ac26-491f-972f-aeb5015a2cf2,Primo 10.0-1 208-240 (1),10.0,parsed_from_inverter_name,27.67,month,devwork
2024-09-18,61817dff-da76-40c9-9ad8-cbb859ae8e37,Allen Clewes,918f2943-ac26-491f-972f-aeb5015a2cf2,Primo 10.0-1 208-240 (1),10.0,parsed_from_inverter_name,45.08,month,devwork
2024-09-19,61817dff-da76-40c9-9ad8-cbb859ae8e37,Allen Clewes,918f2943-ac26-491f-972f-aeb5015a2cf2,Primo 10.0-1 208-240 (1),10.0,parsed_from_inverter_name,48.93,month,devwork
2024-09-20,61817dff-da76-40c9-9ad8-cbb859ae8e37,Allen Clewes,918f2943-ac26-491f-972f-aeb5015a2cf2,Primo 10.0-1 208-240 (1),10.0,parsed_from_inverter_name,14.55,month,devwork
2024-09-21,61817dff-da76-40c9-9ad8-cbb859ae8e37,Allen Clewes,918f2943-ac26-491f-972f-aeb5015a2cf2,Primo 10.0-1 208-240 (1),10.0,parsed_from_inverter_name,57.19,month,devwork
2024-09-22,61817dff-da76-40c9-9ad8-cbb859ae8e37,Allen Clewes,918f2943-ac26-491f-972f-aeb5015a2cf2,Primo 10.0-1 208-240 (1),10.0,parsed_from_inverter_name,45.08,month,devwork
2024-09-23,61817dff-da76-40c9-9ad8-cbb859ae8e37,Allen Clewes,918f2943-ac26-491f-972f-aeb5015a2cf2,Primo 10.0-1 208-240 (1),10.0,parsed_from_inverter_name,50.3,month,devwork
2024-09-24,61817dff-da76-40c9-9ad8-cbb859ae8e37,Allen Clewes,918f2943-ac26-491f-972f-aeb5015a2cf2,Primo 10.0-1 208-240 (1),10.0,parsed_from_inverter_name,53.18,month,devwork
2024-09-25,61817dff-da76-40c9-9ad8-cbb859ae8e37,Allen Clewes,918f2943-ac26-491f-972f-aeb5015a2cf2,Primo 10.0-1 208-240 (1),10.0,parsed_from_inverter_name,52.2,month,devwork
2024-09-26,61817dff-da76-40c9-9ad8-cbb859ae8e37,Allen Clewes,918f2943-ac26-491f-972f-aeb5015a2cf2,Primo 10.0-1 208-240 (1),10.0,parsed_from_inverter_name,55.16,month,devwork
2024-09-27,61817dff-da76-40c9-9ad8-cbb859ae8e37,Allen Clewes,918f2943-ac26-491f-972f-aeb5015a2cf2,Primo 10.0-1 208-240 (1),10.0,parsed_from_inverter_name,56.39,month,devwork
2024-09-28,61817dff-da76-40c9-9ad8-cbb859ae8e37,Allen Clewes,918f2943-ac26-491f-972f-aeb5015a2cf2,Primo 10.0-1 208-240 (1),10.0,parsed_from_inverter_name,48.1,month,devwork
2024-09-29,61817dff-da76-40c9-9ad8-cbb859ae8e37,Allen Clewes,918f2943-ac26-491f-972f-aeb5015a2cf2,Primo 10.0-1 208-240 (1),10.0,parsed_from_inverter_name,42.18,month,devwork
2024-09-30,61817dff-da76-40c9-9ad8-cbb859ae8e37,Allen Clewes,918f2943-ac26-491f-972f-aeb5015a2cf2,Primo 10.0-1 208-240 (1),10.0,parsed_from_inverter_name,56.21,month,devwork
2024-10-01,61817dff-da76-40c9-9ad8-cbb859ae8e37,Allen Clewes,918f2943-ac26-491f-972f-aeb5015a2cf2,Primo 10.0-1 208-240 (1),10.0,parsed_from_inverter_name,41.32,month,devwork
2024-10-02,61817dff-da76-40c9-9ad8-cbb859ae8e37,Allen Clewes,918f2943-ac26-491f-972f-aeb5015a2cf2,Primo 10.0-1 208-240 (1),10.0,parsed_from_inverter_name,35.2,month,devwork
2024-10-03,61817dff-da76-40c9-9ad8-cbb859ae8e37,Allen Clewes,918f2943-ac26-491f-972f-aeb5015a2cf2,Primo 10.0-1 208-240 (1),10.0,parsed_from_inverter_name,50.3,month,devwork
2024-10-04,61817dff-da76-40c9-9ad8-cbb859ae8e37,Allen Clewes,918f2943-ac26-491f-972f-aeb5015a2cf2,Primo 10.0-1 208-240 (1),10.0,parsed_from_inverter_name,34.37,month,devwork
2024-10-05,61817dff-da76-40c9-9ad8-cbb859ae8e37,Allen Clewes,918f2943-ac26-491f-972f-aeb5015a2cf2,Primo 10.0-1 208-240 (1),10.0,parsed_from_inverter_name,52.14,month,devwork
2024-10-06,61817dff-da76-40c9-9ad8-cbb859ae8e37,Allen Clewes,918f2943-ac26-491f-972f-aeb5015a2cf2,Primo 10.0-1 208-240 (1),10.0,parsed_from_inverter_name,40.74,month,devwork
2024-10-07,61817dff-da76-40c9-9ad8-cbb859ae8e37,Allen Clewes,918f2943-ac26-491f-972f-aeb5015a2cf2,Primo 10.0-1 208-240 (1),10.0,parsed_from_inverter_name,49.79,month,devwork
2024-10-08,61817dff-da76-40c9-9ad8-cbb859ae8e37,Allen Clewes,918f2943-ac26-491f-972f-aeb5015a2cf2,Primo 10.0-1 208-240 (1),10.0,parsed_from_inverter_name,38.85,month,devwork
2024-10-09,61817dff-da76-40c9-9ad8-cbb859ae8e37,Allen Clewes,918f2943-ac26-491f-972f-aeb5015a2cf2,Primo 10.0-1 208-240 (1),10.0,parsed_from_inverter_name,33.77,month,devwork
2024-10-10,61817dff-da76-40c9-9ad8-cbb859ae8e37,Allen Clewes,918f2943-ac26-491f-972f-aeb5015a2cf2,Primo 10.0-1 208-240 (1),10.0,parsed_from_inverter_name,44.26,month,devwork
2024-10-11,61817dff-da76-40c9-9ad8-cbb859ae8e37,Allen Clewes,918f2943-ac26-491f-972f-aeb5015a2cf2,Primo 10.0-1 208-240 (1),10.0,parsed_from_inverter_name,39.7,month,devwork
2024-10-12,61817dff-da76-40c9-9ad8-cbb859ae8e37,Allen Clewes,918f2943-ac26-491f-972f-aeb5015a2cf2,Primo 10.0-1 208-240 (1),10.0,parsed_from_inverter_name,41.9,month,devwork
2024-10-13,61817dff-da76-40c9-9ad8-cbb859ae8e37,Allen Clewes,918f2943-ac26-491f-972f-aeb5015a2cf2,Primo 10.0-1 208-240 (1),10.0,parsed_from_inverter_name,43.45,month,devwork
2024-10-14,61817dff-da76-40c9-9ad8-cbb859ae8e37,Allen Clewes,918f2943-ac26-491f-972f-aeb5015a2cf2,Primo 10.0-1 208-240 (1),10.0,parsed_from_inverter_name,38.25,month,devwork
2024-10-15,61817dff-da76-40c9-9ad8-cbb859ae8e37,Allen Clewes,918f2943-ac26-491f-972f-aeb5015a2cf2,Primo 10.0-1 208-240 (1),10.0,parsed_from_inverter_name,16.49,month,devwork
2024-10-16,61817dff-da76-40c9-9ad8-cbb859ae8e37,Allen Clewes,918f2943-ac26-491f-972f-aeb5015a2cf2,Primo 10.0-1 208-240 (1),10.0,parsed_from_inverter_name,33.51,month,devwork
2024-10-17,61817dff-da76-40c9-9ad8-cbb859ae8e37,Allen Clewes,918f2943-ac26-491f-972f-aeb5015a2cf2,Primo 10.0-1 208-240 (1),10.0,parsed_from_inverter_name,37.57,month,devwork
2024-10-18,61817dff-da76-40c9-9ad8-cbb859ae8e37,Allen Clewes,918f2943-ac26-491f-972f-aeb5015a2cf2,Primo 10.0-1 208-240 (1),10.0,parsed_from_inverter_name,37.61,month,devwork
2024-10-19,61817dff-da76-40c9-9ad8-cbb859ae8e37,Allen Clewes,918f2943-ac26-491f-972f-aeb5015a2cf2,Primo 10.0-1 208-240 (1),10.0,parsed_from_inverter_name,27.92,month,devwork
2024-10-20,61817dff-da76-40c9-9ad8-cbb859ae8e37,Allen Clewes,918f2943-ac26-491f-972f-aeb5015a2cf2,Primo 10.0-1 208-240 (1),10.0,parsed_from_inverter_name,27.65,month,devwork
2024-10-21,61817dff-da76-40c9-9ad8-cbb859ae8e37,Allen Clewes,918f2943-ac26-491f-972f-aeb5015a2cf2,Primo 10.0-1 208-240 (1),10.0,parsed_from_inverter_name,4.83,month,devwork
2024-10-22,61817dff-da76-40c9-9ad8-cbb859ae8e37,Allen Clewes,918f2943-ac26-491f-972f-aeb5015a2cf2,Primo 10.0-1 208-240 (1),10.0,parsed_from_inverter_name,31.09,month,devwork
2024-10-23,61817dff-da76-40c9-9ad8-cbb859ae8e37,Allen Clewes,918f2943-ac26-491f-972f-aeb5015a2cf2,Primo 10.0-1 208-240 (1),10.0,parsed_from_inverter_name,38.98,month,devwork
2024-10-24,61817dff-da76-40c9-9ad8-cbb859ae8e37,Allen Clewes,918f2943-ac26-491f-972f-aeb5015a2cf2,Primo 10.0-1 208-240 (1),10.0,parsed_from_inverter_name,38.1,month,devwork
2024-10-25,61817dff-da76-40c9-9ad8-cbb859ae8e37,Allen Clewes,918f2943-ac26-491f-972f-aeb5015a2cf2,Primo 10.0-1 208-240 (1),10.0,parsed_from_inverter_name,34.31,month,devwork
2024-10-26,61817dff-da76-40c9-9ad8-cbb859ae8e37,Allen Clewes,918f2943-ac26-491f-972f-aeb5015a2cf2,Primo 10.0-1 208-240 (1),10.0,parsed_from_inverter_name,25.24,month,devwork
2024-10-27,61817dff-da76-40c9-9ad8-cbb859ae8e37,Allen Clewes,918f2943-ac26-491f-972f-aeb5015a2cf2,Primo 10.0-1 208-240 (1),10.0,parsed_from_inverter_name,33.41,month,devwork
2024-10-28,61817dff-da76-40c9-9ad8-cbb859ae8e37,Allen Clewes,918f2943-ac26-491f-972f-aeb5015a2cf2,Primo 10.0-1 208-240 (1),10.0,parsed_from_inverter_name,27.74,month,devwork
2024-10-29,61817dff-da76-40c9-9ad8-cbb859ae8e37,Allen Clewes,918f2943-ac26-491f-972f-aeb5015a2cf2,Primo 10.0-1 208-240 (1),10.0,parsed_from_inverter_name,13.29,month,devwork
2024-10-30,61817dff-da76-40c9-9ad8-cbb859ae8e37,Allen Clewes,918f2943-ac26-491f-972f-aeb5015a2cf2,Primo 10.0-1 208-240 (1),10.0,parsed_from_inverter_name,33.27,month,devwork
2024-10-31,61817dff-da76-40c9-9ad8-cbb859ae8e37,Allen Clewes,918f2943-ac26-491f-972f-aeb5015a2cf2,Primo 10.0-1 208-240 (1),10.0,parsed_from_inverter_name,31.94,month,devwork
2024-11-01,61817dff-da76-40c9-9ad8-cbb859ae8e37,Allen Clewes,918f2943-ac26-491f-972f-aeb5015a2cf2,Primo 10.0-1 208-240 (1),10.0,parsed_from_inverter_name,30.51,month,devwork
2024-11-02,61817dff-da76-40c9-9ad8-cbb859ae8e37,Allen Clewes,918f2943-ac26-491f-972f-aeb5015a2cf2,Primo 10.0-1 208-240 (1),10.0,parsed_from_inverter_name,20.27,month,devwork
2024-11-03,61817dff-da76-40c9-9ad8-cbb859ae8e37,Allen Clewes,918f2943-ac26-491f-972f-aeb5015a2cf2,Primo 10.0-1 208-240 (1),10.0,parsed_from_inverter_name,19.74,month,devwork
2024-11-04,61817dff-da76-40c9-9ad8-cbb859ae8e37,Allen Clewes,918f2943-ac26-491f-972f-aeb5015a2cf2,Primo 10.0-1 208-240 (1),10.0,parsed_from_inverter_name,10.98,month,devwork
2024-11-05,61817dff-da76-40c9-9ad8-cbb859ae8e37,Allen Clewes,918f2943-ac26-491f-972f-aeb5015a2cf2,Primo 10.0-1 208-240 (1),10.0,parsed_from_inverter_name,4.85,month,devwork
2024-11-06,61817dff-da76-40c9-9ad8-cbb859ae8e37,Allen Clewes,918f2943-ac26-491f-972f-aeb5015a2cf2,Primo 10.0-1 208-240 (1),10.0,parsed_from_inverter_name,21.63,month,devwork
2024-11-07,61817dff-da76-40c9-9ad8-cbb859ae8e37,Allen Clewes,918f2943-ac26-491f-972f-aeb5015a2cf2,Primo 10.0-1 208-240 (1),10.0,parsed_from_inverter_name,28.72,month,devwork
2024-11-08,61817dff-da76-40c9-9ad8-cbb859ae8e37,Allen Clewes,918f2943-ac26-491f-972f-aeb5015a2cf2,Primo 10.0-1 208-240 (1),10.0,parsed_from_inverter_name,27.95,month,devwork
2024-11-09,61817dff-da76-40c9-9ad8-cbb859ae8e37,Allen Clewes,918f2943-ac26-491f-972f-aeb5015a2cf2,Primo 10.0-1 208-240 (1),10.0,parsed_from_inverter_name,13.36,month,devwork
2024-11-10,61817dff-da76-40c9-9ad8-cbb859ae8e37,Allen Clewes,918f2943-ac26-491f-972f-aeb5015a2cf2,Primo 10.0-1 208-240 (1),10.0,parsed_from_inverter_name,9.43,month,devwork
2024-11-11,61817dff-da76-40c9-9ad8-cbb859ae8e37,Allen Clewes,918f2943-ac26-491f-972f-aeb5015a2cf2,Primo 10.0-1 208-240 (1),10.0,parsed_from_inverter_name,11.84,month,devwork
2024-11-12,61817dff-da76-40c9-9ad8-cbb859ae8e37,Allen Clewes,918f2943-ac26-491f-972f-aeb5015a2cf2,Primo 10.0-1 208-240 (1),10.0,parsed_from_inverter_name,26.45,month,devwork
2024-11-13,61817dff-da76-40c9-9ad8-cbb859ae8e37,Allen Clewes,918f2943-ac26-491f-972f-aeb5015a2cf2,Primo 10.0-1 208-240 (1),10.0,parsed_from_inverter_name,9.26,month,devwork
2024-11-14,61817dff-da76-40c9-9ad8-cbb859ae8e37,Allen Clewes,918f2943-ac26-491f-972f-aeb5015a2cf2,Primo 10.0-1 208-240 (1),10.0,parsed_from_inverter_name,8.68,month,devwork
2024-11-15,61817dff-da76-40c9-9ad8-cbb859ae8e37,Allen Clewes,918f2943-ac26-491f-972f-aeb5015a2cf2,Primo 10.0-1 208-240 (1),10.0,parsed_from_inverter_name,17.96,month,devwork
2024-11-16,61817dff-da76-40c9-9ad8-cbb859ae8e37,Allen Clewes,918f2943-ac26-491f-972f-aeb5015a2cf2,Primo 10.0-1 208-240 (1),10.0,parsed_from_inverter_name,25.89,month,devwork
2024-11-17,61817dff-da76-40c9-9ad8-cbb859ae8e37,Allen Clewes,918f2943-ac26-491f-972f-aeb5015a2cf2,Primo 10.0-1 208-240 (1),10.0,parsed_from_inverter_name,13.47,month,devwork
2024-11-18,61817dff-da76-40c9-9ad8-cbb859ae8e37,Allen Clewes,918f2943-ac26-491f-972f-aeb5015a2cf2,Primo 10.0-1 208-240 (1),10.0,parsed_from_inverter_name,7.29,month,devwork
2024-11-19,61817dff-da76-40c9-9ad8-cbb859ae8e37,Allen Clewes,918f2943-ac26-491f-972f-aeb5015a2cf2,Primo 10.0-1 208-240 (1),10.0,parsed_from_inverter_name,4.74,month,devwork
2024-11-20,61817dff-da76-40c9-9ad8-cbb859ae8e37,Allen Clewes,918f2943-ac26-491f-972f-aeb5015a2cf2,Primo 10.0-1 208-240 (1),10.0,parsed_from_inverter_name,5.92,month,devwork
2024-11-21,61817dff-da76-40c9-9ad8-cbb859ae8e37,Allen Clewes,918f2943-ac26-491f-972f-aeb5015a2cf2,Primo 10.0-1 208-240 (1),10.0,parsed_from_inverter_name,4.01,month,devwork
2024-11-22,61817dff-da76-40c9-9ad8-cbb859ae8e37,Allen Clewes,918f2943-ac26-491f-972f-aeb5015a2cf2,Primo 10.0-1 208-240 (1),10.0,parsed_from_inverter_name,0.28,month,devwork
2024-11-26,61817dff-da76-40c9-9ad8-cbb859ae8e37,Allen Clewes,918f2943-ac26-491f-972f-aeb5015a2cf2,Primo 10.0-1 208-240 (1),10.0,parsed_from_inverter_name,0.12,month,devwork
2024-11-27,61817dff-da76-40c9-9ad8-cbb859ae8e37,Allen Clewes,918f2943-ac26-491f-972f-aeb5015a2cf2,Primo 10.0-1 208-240 (1),10.0,parsed_from_inverter_name,0.01,month,devwork
2024-11-29,61817dff-da76-40c9-9ad8-cbb859ae8e37,Allen Clewes,918f2943-ac26-491f-972f-aeb5015a2cf2,Primo 10.0-1 208-240 (1),10.0,parsed_from_inverter_name,0.05,month,devwork
2024-11-30,61817dff-da76-40c9-9ad8-cbb859ae8e37,Allen Clewes,918f2943-ac26-491f-972f-aeb5015a2cf2,Primo 10.0-1 208-240 (1),10.0,parsed_from_inverter_name,0.05,month,devwork
2024-12-02,61817dff-da76-40c9-9ad8-cbb859ae8e37,Allen Clewes,918f2943-ac26-491f-972f-aeb5015a2cf2,Primo 10.0-1 208-240 (1),10.0,parsed_from_inverter_name,0.21,month,devwork
2024-12-03,61817dff-da76-40c9-9ad8-cbb859ae8e37,Allen Clewes,918f2943-ac26-491f-972f-aeb5015a2cf2,Primo 10.0-1 208-240 (1),10.0,parsed_from_inverter_name,9.17,month,devwork
2024-12-04,61817dff-da76-40c9-9ad8-cbb859ae8e37,Allen Clewes,918f2943-ac26-491f-972f-aeb5015a2cf2,Primo 10.0-1 208-240 (1),10.0,parsed_from_inverter_name,5.23,month,devwork
2024-12-05,61817dff-da76-40c9-9ad8-cbb859ae8e37,Allen Clewes,918f2943-ac26-491f-972f-aeb5015a2cf2,Primo 10.0-1 208-240 (1),10.0,parsed_from_inverter_name,15.93,month,devwork
2024-12-06,61817dff-da76-40c9-9ad8-cbb859ae8e37,Allen Clewes,918f2943-ac26-491f-972f-aeb5015a2cf2,Primo 10.0-1 208-240 (1),10.0,parsed_from_inverter_name,9.25,month,devwork
2024-12-07,61817dff-da76-40c9-9ad8-cbb859ae8e37,Allen Clewes,918f2943-ac26-491f-972f-aeb5015a2cf2,Primo 10.0-1 208-240 (1),10.0,parsed_from_inverter_name,4.67,month,devwork
2024-12-08,61817dff-da76-40c9-9ad8-cbb859ae8e37,Allen Clewes,918f2943-ac26-491f-972f-aeb5015a2cf2,Primo 10.0-1 208-240 (1),10.0,parsed_from_inverter_name,3.98,month,devwork
2024-12-09,61817dff-da76-40c9-9ad8-cbb859ae8e37,Allen Clewes,918f2943-ac26-491f-972f-aeb5015a2cf2,Primo 10.0-1 208-240 (1),10.0,parsed_from_inverter_name,15.78,month,devwork
2024-12-10,61817dff-da76-40c9-9ad8-cbb859ae8e37,Allen Clewes,918f2943-ac26-491f-972f-aeb5015a2cf2,Primo 10.0-1 208-240 (1),10.0,parsed_from_inverter_name,11.25,month,devwork
2024-12-11,61817dff-da76-40c9-9ad8-cbb859ae8e37,Allen Clewes,918f2943-ac26-491f-972f-aeb5015a2cf2,Primo 10.0-1 208-240 (1),10.0,parsed_from_inverter_name,5.79,month,devwork
2024-12-12,61817dff-da76-40c9-9ad8-cbb859ae8e37,Allen Clewes,918f2943-ac26-491f-972f-aeb5015a2cf2,Primo 10.0-1 208-240 (1),10.0,parsed_from_inverter_name,14.7,month,devwork
2024-12-13,61817dff-da76-40c9-9ad8-cbb859ae8e37,Allen Clewes,918f2943-ac26-491f-972f-aeb5015a2cf2,Primo 10.0-1 208-240 (1),10.0,parsed_from_inverter_name,11.73,month,devwork
2024-12-14,61817dff-da76-40c9-9ad8-cbb859ae8e37,Allen Clewes,918f2943-ac26-491f-972f-aeb5015a2cf2,Primo 10.0-1 208-240 (1),10.0,parsed_from_inverter_name,11.66,month,devwork
2024-12-15,61817dff-da76-40c9-9ad8-cbb859ae8e37,Allen Clewes,918f2943-ac26-491f-972f-aeb5015a2cf2,Primo 10.0-1 208-240 (1),10.0,parsed_from_inverter_name,7.07,month,devwork
2024-12-16,61817dff-da76-40c9-9ad8-cbb859ae8e37,Allen Clewes,918f2943-ac26-491f-972f-aeb5015a2cf2,Primo 10.0-1 208-240 (1),10.0,parsed_from_inverter_name,3.86,month,devwork
2024-12-17,61817dff-da76-40c9-9ad8-cbb859ae8e37,Allen Clewes,918f2943-ac26-491f-972f-aeb5015a2cf2,Primo 10.0-1 208-240 (1),10.0,parsed_from_inverter_name,1.23,month,devwork
2024-12-18,61817dff-da76-40c9-9ad8-cbb859ae8e37,Allen Clewes,918f2943-ac26-491f-972f-aeb5015a2cf2,Primo 10.0-1 208-240 (1),10.0,parsed_from_inverter_name,3.19,month,devwork
2024-12-19,61817dff-da76-40c9-9ad8-cbb859ae8e37,Allen Clewes,918f2943-ac26-491f-972f-aeb5015a2cf2,Primo 10.0-1 208-240 (1),10.0,parsed_from_inverter_name,7.77,month,devwork
2024-12-20,61817dff-da76-40c9-9ad8-cbb859ae8e37,Allen Clewes,918f2943-ac26-491f-972f-aeb5015a2cf2,Primo 10.0-1 208-240 (1),10.0,parsed_from_inverter_name,15.35,month,devwork
2024-12-21,61817dff-da76-40c9-9ad8-cbb859ae8e37,Allen Clewes,918f2943-ac26-491f-972f-aeb5015a2cf2,Primo 10.0-1 208-240 (1),10.0,parsed_from_inverter_name,8.33,month,devwork
2024-12-22,61817dff-da76-40c9-9ad8-cbb859ae8e37,Allen Clewes,918f2943-ac26-491f-972f-aeb5015a2cf2,Primo 10.0-1 208-240 (1),10.0,parsed_from_inverter_name,11.26,month,devwork
2024-12-23,61817dff-da76-40c9-9ad8-cbb859ae8e37,Allen Clewes,918f2943-ac26-491f-972f-aeb5015a2cf2,Primo 10.0-1 208-240 (1),10.0,parsed_from_inverter_name,13.29,month,devwork
2024-12-24,61817dff-da76-40c9-9ad8-cbb859ae8e37,Allen Clewes,918f2943-ac26-491f-972f-aeb5015a2cf2,Primo 10.0-1 208-240 (1),10.0,parsed_from_inverter_name,13.49,month,devwork
2024-12-25,61817dff-da76-40c9-9ad8-cbb859ae8e37,Allen Clewes,918f2943-ac26-491f-972f-aeb5015a2cf2,Primo 10.0-1 208-240 (1),10.0,parsed_from_inverter_name,16.16,month,devwork
2024-12-26,61817dff-da76-40c9-9ad8-cbb859ae8e37,Allen Clewes,918f2943-ac26-491f-972f-aeb5015a2cf2,Primo 10.0-1 208-240 (1),10.0,parsed_from_inverter_name,5.08,month,devwork
2024-12-27,61817dff-da76-40c9-9ad8-cbb859ae8e37,Allen Clewes,918f2943-ac26-491f-972f-aeb5015a2cf2,Primo 10.0-1 208-240 (1),10.0,parsed_from_inverter_name,15.85,month,devwork
2024-12-28,61817dff-da76-40c9-9ad8-cbb859ae8e37,Allen Clewes,918f2943-ac26-491f-972f-aeb5015a2cf2,Primo 10.0-1 208-240 (1),10.0,parsed_from_inverter_name,8.08,month,devwork
2024-12-29,61817dff-da76-40c9-9ad8-cbb859ae8e37,Allen Clewes,918f2943-ac26-491f-972f-aeb5015a2cf2,Primo 10.0-1 208-240 (1),10.0,parsed_from_inverter_name,4.34,month,devwork
2024-12-30,61817dff-da76-40c9-9ad8-cbb859ae8e37,Allen Clewes,918f2943-ac26-491f-972f-aeb5015a2cf2,Primo 10.0-1 208-240 (1),10.0,parsed_from_inverter_name,1.7,month,devwork
2024-12-31,61817dff-da76-40c9-9ad8-cbb859ae8e37,Allen Clewes,918f2943-ac26-491f-972f-aeb5015a2cf2,Primo 10.0-1 208-240 (1),10.0,parsed_from_inverter_name,0.82,month,devwork
2025-01-01,61817dff-da76-40c9-9ad8-cbb859ae8e37,Allen Clewes,918f2943-ac26-491f-972f-aeb5015a2cf2,Primo 10.0-1 208-240 (1),10.0,parsed_from_inverter_name,0.49,month,devwork
2025-01-02,61817dff-da76-40c9-9ad8-cbb859ae8e37,Allen Clewes,918f2943-ac26-491f-972f-aeb5015a2cf2,Primo 10.0-1 208-240 (1),10.0,parsed_from_inverter_name,0.72,month,devwork
2025-01-03,61817dff-da76-40c9-9ad8-cbb859ae8e37,Allen Clewes,918f2943-ac26-491f-972f-aeb5015a2cf2,Primo 10.0-1 208-240 (1),10.0,parsed_from_inverter_name,0.19,month,devwork
2025-01-04,61817dff-da76-40c9-9ad8-cbb859ae8e37,Allen Clewes,918f2943-ac26-491f-972f-aeb5015a2cf2,Primo 10.0-1 208-240 (1),10.0,parsed_from_inverter_name,0.1,month,devwork
2025-01-05,61817dff-da76-40c9-9ad8-cbb859ae8e37,Allen Clewes,918f2943-ac26-491f-972f-aeb5015a2cf2,Primo 10.0-1 208-240 (1),10.0,parsed_from_inverter_name,0.21,month,devwork
2025-01-06,61817dff-da76-40c9-9ad8-cbb859ae8e37,Allen Clewes,918f2943-ac26-491f-972f-aeb5015a2cf2,Primo 10.0-1 208-240 (1),10.0,parsed_from_inverter_name,0.16,month,devwork
2025-01-07,61817dff-da76-40c9-9ad8-cbb859ae8e37,Allen Clewes,918f2943-ac26-491f-972f-aeb5015a2cf2,Primo 10.0-1 208-240 (1),10.0,parsed_from_inverter_name,4.04,month,devwork
2025-01-08,61817dff-da76-40c9-9ad8-cbb859ae8e37,Allen Clewes,918f2943-ac26-491f-972f-aeb5015a2cf2,Primo 10.0-1 208-240 (1),10.0,parsed_from_inverter_name,8.2,month,devwork
2025-01-09,61817dff-da76-40c9-9ad8-cbb859ae8e37,Allen Clewes,918f2943-ac26-491f-972f-aeb5015a2cf2,Primo 10.0-1 208-240 (1),10.0,parsed_from_inverter_name,19.83,month,devwork
2025-01-10,61817dff-da76-40c9-9ad8-cbb859ae8e37,Allen Clewes,918f2943-ac26-491f-972f-aeb5015a2cf2,Primo 10.0-1 208-240 (1),10.0,parsed_from_inverter_name,8.61,month,devwork
2025-01-11,61817dff-da76-40c9-9ad8-cbb859ae8e37,Allen Clewes,918f2943-ac26-491f-972f-aeb5015a2cf2,Primo 10.0-1 208-240 (1),10.0,parsed_from_inverter_name,3.13,month,devwork
2025-01-12,61817dff-da76-40c9-9ad8-cbb859ae8e37,Allen Clewes,918f2943-ac26-491f-972f-aeb5015a2cf2,Primo 10.0-1 208-240 (1),10.0,parsed_from_inverter_name,5.19,month,devwork
2025-01-13,61817dff-da76-40c9-9ad8-cbb859ae8e37,Allen Clewes,918f2943-ac26-491f-972f-aeb5015a2cf2,Primo 10.0-1 208-240 (1),10.0,parsed_from_inverter_name,11.76,month,devwork
2025-01-14,61817dff-da76-40c9-9ad8-cbb859ae8e37,Allen Clewes,918f2943-ac26-491f-972f-aeb5015a2cf2,Primo 10.0-1 208-240 (1),10.0,parsed_from_inverter_name,13.75,month,devwork
2025-01-15,61817dff-da76-40c9-9ad8-cbb859ae8e37,Allen Clewes,918f2943-ac26-491f-972f-aeb5015a2cf2,Primo 10.0-1 208-240 (1),10.0,parsed_from_inverter_name,18.77,month,devwork
2025-01-16,61817dff-da76-40c9-9ad8-cbb859ae8e37,Allen Clewes,918f2943-ac26-491f-972f-aeb5015a2cf2,Primo 10.0-1 208-240 (1),10.0,parsed_from_inverter_name,22.12,month,devwork
2025-01-17,61817dff-da76-40c9-9ad8-cbb859ae8e37,Allen Clewes,918f2943-ac26-491f-972f-aeb5015a2cf2,Primo 10.0-1 208-240 (1),10.0,parsed_from_inverter_name,7.47,month,devwork
2025-01-18,61817dff-da76-40c9-9ad8-cbb859ae8e37,Allen Clewes,918f2943-ac26-491f-972f-aeb5015a2cf2,Primo 10.0-1 208-240 (1),10.0,parsed_from_inverter_name,8.92,month,devwork
2025-01-19,61817dff-da76-40c9-9ad8-cbb859ae8e37,Allen Clewes,918f2943-ac26-491f-972f-aeb5015a2cf2,Primo 10.0-1 208-240 (1),10.0,parsed_from_inverter_name,10.58,month,devwork
2025-01-20,61817dff-da76-40c9-9ad8-cbb859ae8e37,Allen Clewes,918f2943-ac26-491f-972f-aeb5015a2cf2,Primo 10.0-1 208-240 (1),10.0,parsed_from_inverter_name,15.59,month,devwork
2025-01-21,61817dff-da76-40c9-9ad8-cbb859ae8e37,Allen Clewes,918f2943-ac26-491f-972f-aeb5015a2cf2,Primo 10.0-1 208-240 (1),10.0,parsed_from_inverter_name,10.63,month,devwork
2025-01-22,61817dff-da76-40c9-9ad8-cbb859ae8e37,Allen Clewes,918f2943-ac26-491f-972f-aeb5015a2cf2,Primo 10.0-1 208-240 (1),10.0,parsed_from_inverter_name,11.53,month,devwork
2025-01-23,61817dff-da76-40c9-9ad8-cbb859ae8e37,Allen Clewes,918f2943-ac26-491f-972f-aeb5015a2cf2,Primo 10.0-1 208-240 (1),10.0,parsed_from_inverter_name,5.44,month,devwork
2025-01-24,61817dff-da76-40c9-9ad8-cbb859ae8e37,Allen Clewes,918f2943-ac26-491f-972f-aeb5015a2cf2,Primo 10.0-1 208-240 (1),10.0,parsed_from_inverter_name,3.01,month,devwork
2025-01-25,61817dff-da76-40c9-9ad8-cbb859ae8e37,Allen Clewes,918f2943-ac26-491f-972f-aeb5015a2cf2,Primo 10.0-1 208-240 (1),10.0,parsed_from_inverter_name,24.03,month,devwork
2025-01-26,61817dff-da76-40c9-9ad8-cbb859ae8e37,Allen Clewes,918f2943-ac26-491f-972f-aeb5015a2cf2,Primo 10.0-1 208-240 (1),10.0,parsed_from_inverter_name,26.12,month,devwork
2025-01-27,61817dff-da76-40c9-9ad8-cbb859ae8e37,Allen Clewes,918f2943-ac26-491f-972f-aeb5015a2cf2,Primo 10.0-1 208-240 (1),10.0,parsed_from_inverter_name,26.77,month,devwork
2025-01-28,61817dff-da76-40c9-9ad8-cbb859ae8e37,Allen Clewes,918f2943-ac26-491f-972f-aeb5015a2cf2,Primo 10.0-1 208-240 (1),10.0,parsed_from_inverter_name,26.41,month,devwork
2025-01-29,61817dff-da76-40c9-9ad8-cbb859ae8e37,Allen Clewes,918f2943-ac26-491f-972f-aeb5015a2cf2,Primo 10.0-1 208-240 (1),10.0,parsed_from_inverter_name,17.21,month,devwork
2025-01-30,61817dff-da76-40c9-9ad8-cbb859ae8e37,Allen Clewes,918f2943-ac26-491f-972f-aeb5015a2cf2,Primo 10.0-1 208-240 (1),10.0,parsed_from_inverter_name,23.51,month,devwork
2025-01-31,61817dff-da76-40c9-9ad8-cbb859ae8e37,Allen Clewes,918f2943-ac26-491f-972f-aeb5015a2cf2,Primo 10.0-1 208-240 (1),10.0,parsed_from_inverter_name,19.12,month,devwork
2025-02-01,61817dff-da76-40c9-9ad8-cbb859ae8e37,Allen Clewes,918f2943-ac26-491f-972f-aeb5015a2cf2,Primo 10.0-1 208-240 (1),10.0,parsed_from_inverter_name,5.48,month,devwork
2025-02-02,61817dff-da76-40c9-9ad8-cbb859ae8e37,Allen Clewes,918f2943-ac26-491f-972f-aeb5015a2cf2,Primo 10.0-1 208-240 (1),10.0,parsed_from_inverter_name,3.36,month,devwork
2025-02-03,61817dff-da76-40c9-9ad8-cbb859ae8e37,Allen Clewes,918f2943-ac26-491f-972f-aeb5015a2cf2,Primo 10.0-1 208-240 (1),10.0,parsed_from_inverter_name,2.54,month,devwork
2025-02-04,61817dff-da76-40c9-9ad8-cbb859ae8e37,Allen Clewes,918f2943-ac26-491f-972f-aeb5015a2cf2,Primo 10.0-1 208-240 (1),10.0,parsed_from_inverter_name,0.53,month,devwork
2025-02-05,61817dff-da76-40c9-9ad8-cbb859ae8e37,Allen Clewes,918f2943-ac26-491f-972f-aeb5015a2cf2,Primo 10.0-1 208-240 (1),10.0,parsed_from_inverter_name,0.91,month,devwork
2025-02-06,61817dff-da76-40c9-9ad8-cbb859ae8e37,Allen Clewes,918f2943-ac26-491f-972f-aeb5015a2cf2,Primo 10.0-1 208-240 (1),10.0,parsed_from_inverter_name,1.1,month,devwork
2025-02-07,61817dff-da76-40c9-9ad8-cbb859ae8e37,Allen Clewes,918f2943-ac26-491f-972f-aeb5015a2cf2,Primo 10.0-1 208-240 (1),10.0,parsed_from_inverter_name,0.77,month,devwork
2025-02-08,61817dff-da76-40c9-9ad8-cbb859ae8e37,Allen Clewes,918f2943-ac26-491f-972f-aeb5015a2cf2,Primo 10.0-1 208-240 (1),10.0,parsed_from_inverter_name,0.94,month,devwork
2025-02-09,61817dff-da76-40c9-9ad8-cbb859ae8e37,Allen Clewes,918f2943-ac26-491f-972f-aeb5015a2cf2,Primo 10.0-1 208-240 (1),10.0,parsed_from_inverter_name,0.62,month,devwork
2025-02-10,61817dff-da76-40c9-9ad8-cbb859ae8e37,Allen Clewes,918f2943-ac26-491f-972f-aeb5015a2cf2,Primo 10.0-1 208-240 (1),10.0,parsed_from_inverter_name,1.13,month,devwork
2025-02-11,61817dff-da76-40c9-9ad8-cbb859ae8e37,Allen Clewes,918f2943-ac26-491f-972f-aeb5015a2cf2,Primo 10.0-1 208-240 (1),10.0,parsed_from_inverter_name,0.8,month,devwork
2025-02-12,61817dff-da76-40c9-9ad8-cbb859ae8e37,Allen Clewes,918f2943-ac26-491f-972f-aeb5015a2cf2,Primo 10.0-1 208-240 (1),10.0,parsed_from_inverter_name,1.1,month,devwork
2025-02-13,61817dff-da76-40c9-9ad8-cbb859ae8e37,Allen Clewes,918f2943-ac26-491f-972f-aeb5015a2cf2,Primo 10.0-1 208-240 (1),10.0,parsed_from_inverter_name,19.33,month,devwork
2025-02-14,61817dff-da76-40c9-9ad8-cbb859ae8e37,Allen Clewes,918f2943-ac26-491f-972f-aeb5015a2cf2,Primo 10.0-1 208-240 (1),10.0,parsed_from_inverter_name,1.0,month,devwork
2025-02-15,61817dff-da76-40c9-9ad8-cbb859ae8e37,Allen Clewes,918f2943-ac26-491f-972f-aeb5015a2cf2,Primo 10.0-1 208-240 (1),10.0,parsed_from_inverter_name,1.12,month,devwork
2025-02-16,61817dff-da76-40c9-9ad8-cbb859ae8e37,Allen Clewes,918f2943-ac26-491f-972f-aeb5015a2cf2,Primo 10.0-1 208-240 (1),10.0,parsed_from_inverter_name,0.66,month,devwork
2025-02-17,61817dff-da76-40c9-9ad8-cbb859ae8e37,Allen Clewes,918f2943-ac26-491f-972f-aeb5015a2cf2,Primo 10.0-1 208-240 (1),10.0,parsed_from_inverter_name,0.8,month,devwork
2025-02-18,61817dff-da76-40c9-9ad8-cbb859ae8e37,Allen Clewes,918f2943-ac26-491f-972f-aeb5015a2cf2,Primo 10.0-1 208-240 (1),10.0,parsed_from_inverter_name,0.81,month,devwork
2025-02-19,61817dff-da76-40c9-9ad8-cbb859ae8e37,Allen Clewes,918f2943-ac26-491f-972f-aeb5015a2cf2,Primo 10.0-1 208-240 (1),10.0,parsed_from_inverter_name,0.88,month,devwork
2025-02-20,61817dff-da76-40c9-9ad8-cbb859ae8e37,Allen Clewes,918f2943-ac26-491f-972f-aeb5015a2cf2,Primo 10.0-1 208-240 (1),10.0,parsed_from_inverter_name,21.79,month,devwork
2025-02-21,61817dff-da76-40c9-9ad8-cbb859ae8e37,Allen Clewes,918f2943-ac26-491f-972f-aeb5015a2cf2,Primo 10.0-1 208-240 (1),10.0,parsed_from_inverter_name,18.9,month,devwork
2025-02-22,61817dff-da76-40c9-9ad8-cbb859ae8e37,Allen Clewes,918f2943-ac26-491f-972f-aeb5015a2cf2,Primo 10.0-1 208-240 (1),10.0,parsed_from_inverter_name,45.33,month,devwork
2025-02-23,61817dff-da76-40c9-9ad8-cbb859ae8e37,Allen Clewes,918f2943-ac26-491f-972f-aeb5015a2cf2,Primo 10.0-1 208-240 (1),10.0,parsed_from_inverter_name,45.12,month,devwork
2025-02-24,61817dff-da76-40c9-9ad8-cbb859ae8e37,Allen Clewes,918f2943-ac26-491f-972f-aeb5015a2cf2,Primo 10.0-1 208-240 (1),10.0,parsed_from_inverter_name,42.14,month,devwork
2025-02-25,61817dff-da76-40c9-9ad8-cbb859ae8e37,Allen Clewes,918f2943-ac26-491f-972f-aeb5015a2cf2,Primo 10.0-1 208-240 (1),10.0,parsed_from_inverter_name,45.66,month,devwork
2025-02-26,61817dff-da76-40c9-9ad8-cbb859ae8e37,Allen Clewes,918f2943-ac26-491f-972f-aeb5015a2cf2,Primo 10.0-1 208-240 (1),10.0,parsed_from_inverter_name,47.41,month,devwork
2025-02-27,61817dff-da76-40c9-9ad8-cbb859ae8e37,Allen Clewes,918f2943-ac26-491f-972f-aeb5015a2cf2,Primo 10.0-1 208-240 (1),10.0,parsed_from_inverter_name,32.44,month,devwork
2025-02-28,61817dff-da76-40c9-9ad8-cbb859ae8e37,Allen Clewes,918f2943-ac26-491f-972f-aeb5015a2cf2,Primo 10.0-1 208-240 (1),10.0,parsed_from_inverter_name,43.1,month,devwork
2025-03-01,61817dff-da76-40c9-9ad8-cbb859ae8e37,Allen Clewes,918f2943-ac26-491f-972f-aeb5015a2cf2,Primo 10.0-1 208-240 (1),10.0,parsed_from_inverter_name,50.03,month,devwork
2025-03-02,61817dff-da76-40c9-9ad8-cbb859ae8e37,Allen Clewes,918f2943-ac26-491f-972f-aeb5015a2cf2,Primo 10.0-1 208-240 (1),10.0,parsed_from_inverter_name,50.04,month,devwork
2025-03-03,61817dff-da76-40c9-9ad8-cbb859ae8e37,Allen Clewes,918f2943-ac26-491f-972f-aeb5015a2cf2,Primo 10.0-1 208-240 (1),10.0,parsed_from_inverter_name,12.74,month,devwork
2025-03-04,61817dff-da76-40c9-9ad8-cbb859ae8e37,Allen Clewes,918f2943-ac26-491f-972f-aeb5015a2cf2,Primo 10.0-1 208-240 (1),10.0,parsed_from_inverter_name,48.06,month,devwork
2025-03-05,61817dff-da76-40c9-9ad8-cbb859ae8e37,Allen Clewes,918f2943-ac26-491f-972f-aeb5015a2cf2,Primo 10.0-1 208-240 (1),10.0,parsed_from_inverter_name,22.96,month,devwork
2025-03-06,61817dff-da76-40c9-9ad8-cbb859ae8e37,Allen Clewes,918f2943-ac26-491f-972f-aeb5015a2cf2,Primo 10.0-1 208-240 (1),10.0,parsed_from_inverter_name,48.46,month,devwork
2025-03-07,61817dff-da76-40c9-9ad8-cbb859ae8e37,Allen Clewes,918f2943-ac26-491f-972f-aeb5015a2cf2,Primo 10.0-1 208-240 (1),10.0,parsed_from_inverter_name,55.28,month,devwork
2025-03-08,61817dff-da76-40c9-9ad8-cbb859ae8e37,Allen Clewes,918f2943-ac26-491f-972f-aeb5015a2cf2,Primo 10.0-1 208-240 (1),10.0,parsed_from_inverter_name,31.06,month,devwork
2025-03-09,61817dff-da76-40c9-9ad8-cbb859ae8e37,Allen Clewes,918f2943-ac26-491f-972f-aeb5015a2cf2,Primo 10.0-1 208-240 (1),10.0,parsed_from_inverter_name,37.79,month,devwork
2025-03-10,61817dff-da76-40c9-9ad8-cbb859ae8e37,Allen Clewes,918f2943-ac26-491f-972f-aeb5015a2cf2,Primo 10.0-1 208-240 (1),10.0,parsed_from_inverter_name,39.86,month,devwork
2025-03-11,61817dff-da76-40c9-9ad8-cbb859ae8e37,Allen Clewes,918f2943-ac26-491f-972f-aeb5015a2cf2,Primo 10.0-1 208-240 (1),10.0,parsed_from_inverter_name,38.39,month,devwork
2025-03-12,61817dff-da76-40c9-9ad8-cbb859ae8e37,Allen Clewes,918f2943-ac26-491f-972f-aeb5015a2cf2,Primo 10.0-1 208-240 (1),10.0,parsed_from_inverter_name,47.18,month,devwork
2025-03-13,61817dff-da76-40c9-9ad8-cbb859ae8e37,Allen Clewes,918f2943-ac26-491f-972f-aeb5015a2cf2,Primo 10.0-1 208-240 (1),10.0,parsed_from_inverter_name,33.73,month,devwork
2025-03-14,61817dff-da76-40c9-9ad8-cbb859ae8e37,Allen Clewes,918f2943-ac26-491f-972f-aeb5015a2cf2,Primo 10.0-1 208-240 (1),10.0,parsed_from_inverter_name,50.33,month,devwork
2025-03-15,61817dff-da76-40c9-9ad8-cbb859ae8e37,Allen Clewes,918f2943-ac26-491f-972f-aeb5015a2cf2,Primo 10.0-1 208-240 (1),10.0,parsed_from_inverter_name,7.05,month,devwork
2025-03-16,61817dff-da76-40c9-9ad8-cbb859ae8e37,Allen Clewes,918f2943-ac26-491f-972f-aeb5015a2cf2,Primo 10.0-1 208-240 (1),10.0,parsed_from_inverter_name,1.18,month,devwork
2025-03-17,61817dff-da76-40c9-9ad8-cbb859ae8e37,Allen Clewes,918f2943-ac26-491f-972f-aeb5015a2cf2,Primo 10.0-1 208-240 (1),10.0,parsed_from_inverter_name,36.27,month,devwork
2025-03-18,61817dff-da76-40c9-9ad8-cbb859ae8e37,Allen Clewes,918f2943-ac26-491f-972f-aeb5015a2cf2,Primo 10.0-1 208-240 (1),10.0,parsed_from_inverter_name,36.52,month,devwork
2025-03-19,61817dff-da76-40c9-9ad8-cbb859ae8e37,Allen Clewes,918f2943-ac26-491f-972f-aeb5015a2cf2,Primo 10.0-1 208-240 (1),10.0,parsed_from_inverter_name,56.09,month,devwork
2025-03-20,61817dff-da76-40c9-9ad8-cbb859ae8e37,Allen Clewes,918f2943-ac26-491f-972f-aeb5015a2cf2,Primo 10.0-1 208-240 (1),10.0,parsed_from_inverter_name,34.43,month,devwork
2025-03-21,61817dff-da76-40c9-9ad8-cbb859ae8e37,Allen Clewes,918f2943-ac26-491f-972f-aeb5015a2cf2,Primo 10.0-1 208-240 (1),10.0,parsed_from_inverter_name,57.75,month,devwork
2025-03-22,61817dff-da76-40c9-9ad8-cbb859ae8e37,Allen Clewes,918f2943-ac26-491f-972f-aeb5015a2cf2,Primo 10.0-1 208-240 (1),10.0,parsed_from_inverter_name,37.69,month,devwork
2025-03-23,61817dff-da76-40c9-9ad8-cbb859ae8e37,Allen Clewes,918f2943-ac26-491f-972f-aeb5015a2cf2,Primo 10.0-1 208-240 (1),10.0,parsed_from_inverter_name,30.63,month,devwork
2025-03-24,61817dff-da76-40c9-9ad8-cbb859ae8e37,Allen Clewes,918f2943-ac26-491f-972f-aeb5015a2cf2,Primo 10.0-1 208-240 (1),10.0,parsed_from_inverter_name,57.5,month,devwork
2025-03-25,61817dff-da76-40c9-9ad8-cbb859ae8e37,Allen Clewes,918f2943-ac26-491f-972f-aeb5015a2cf2,Primo 10.0-1 208-240 (1),10.0,parsed_from_inverter_name,32.02,month,devwork
2025-03-26,61817dff-da76-40c9-9ad8-cbb859ae8e37,Allen Clewes,918f2943-ac26-491f-972f-aeb5015a2cf2,Primo 10.0-1 208-240 (1),10.0,parsed_from_inverter_name,56.21,month,devwork
2025-03-27,61817dff-da76-40c9-9ad8-cbb859ae8e37,Allen Clewes,918f2943-ac26-491f-972f-aeb5015a2cf2,Primo 10.0-1 208-240 (1),10.0,parsed_from_inverter_name,20.21,month,devwork
2025-03-28,61817dff-da76-40c9-9ad8-cbb859ae8e37,Allen Clewes,918f2943-ac26-491f-972f-aeb5015a2cf2,Primo 10.0-1 208-240 (1),10.0,parsed_from_inverter_name,17.92,month,devwork
2025-03-29,61817dff-da76-40c9-9ad8-cbb859ae8e37,Allen Clewes,918f2943-ac26-491f-972f-aeb5015a2cf2,Primo 10.0-1 208-240 (1),10.0,parsed_from_inverter_name,14.59,month,devwork
2025-03-30,61817dff-da76-40c9-9ad8-cbb859ae8e37,Allen Clewes,918f2943-ac26-491f-972f-aeb5015a2cf2,Primo 10.0-1 208-240 (1),10.0,parsed_from_inverter_name,25.54,month,devwork
2025-03-31,61817dff-da76-40c9-9ad8-cbb859ae8e37,Allen Clewes,918f2943-ac26-491f-972f-aeb5015a2cf2,Primo 10.0-1 208-240 (1),10.0,parsed_from_inverter_name,50.14,month,devwork
2025-04-01,61817dff-da76-40c9-9ad8-cbb859ae8e37,Allen Clewes,918f2943-ac26-491f-972f-aeb5015a2cf2,Primo 10.0-1 208-240 (1),10.0,parsed_from_inverter_name,59.4,month,devwork
2025-04-02,61817dff-da76-40c9-9ad8-cbb859ae8e37,Allen Clewes,918f2943-ac26-491f-972f-aeb5015a2cf2,Primo 10.0-1 208-240 (1),10.0,parsed_from_inverter_name,9.97,month,devwork
2025-04-03,61817dff-da76-40c9-9ad8-cbb859ae8e37,Allen Clewes,918f2943-ac26-491f-972f-aeb5015a2cf2,Primo 10.0-1 208-240 (1),10.0,parsed_from_inverter_name,40.56,month,devwork
2025-04-04,61817dff-da76-40c9-9ad8-cbb859ae8e37,Allen Clewes,918f2943-ac26-491f-972f-aeb5015a2cf2,Primo 10.0-1 208-240 (1),10.0,parsed_from_inverter_name,72.06,month,devwork
2025-04-05,61817dff-da76-40c9-9ad8-cbb859ae8e37,Allen Clewes,918f2943-ac26-491f-972f-aeb5015a2cf2,Primo 10.0-1 208-240 (1),10.0,parsed_from_inverter_name,72.24,month,devwork
2025-04-06,61817dff-da76-40c9-9ad8-cbb859ae8e37,Allen Clewes,918f2943-ac26-491f-972f-aeb5015a2cf2,Primo 10.0-1 208-240 (1),10.0,parsed_from_inverter_name,70.72,month,devwork
2025-04-07,61817dff-da76-40c9-9ad8-cbb859ae8e37,Allen Clewes,918f2943-ac26-491f-972f-aeb5015a2cf2,Primo 10.0-1 208-240 (1),10.0,parsed_from_inverter_name,39.45,month,devwork
2025-04-08,61817dff-da76-40c9-9ad8-cbb859ae8e37,Allen Clewes,918f2943-ac26-491f-972f-aeb5015a2cf2,Primo 10.0-1 208-240 (1),10.0,parsed_from_inverter_name,66.05,month,devwork
2025-04-09,61817dff-da76-40c9-9ad8-cbb859ae8e37,Allen Clewes,918f2943-ac26-491f-972f-aeb5015a2cf2,Primo 10.0-1 208-240 (1),10.0,parsed_from_inverter_name,71.36,month,devwork
2025-04-10,61817dff-da76-40c9-9ad8-cbb859ae8e37,Allen Clewes,918f2943-ac26-491f-972f-aeb5015a2cf2,Primo 10.0-1 208-240 (1),10.0,parsed_from_inverter_name,53.37,month,devwork
2025-04-11,61817dff-da76-40c9-9ad8-cbb859ae8e37,Allen Clewes,918f2943-ac26-491f-972f-aeb5015a2cf2,Primo 10.0-1 208-240 (1),10.0,parsed_from_inverter_name,72.15,month,devwork
2025-04-12,61817dff-da76-40c9-9ad8-cbb859ae8e37,Allen Clewes,918f2943-ac26-491f-972f-aeb5015a2cf2,Primo 10.0-1 208-240 (1),10.0,parsed_from_inverter_name,50.73,month,devwork
2025-04-13,61817dff-da76-40c9-9ad8-cbb859ae8e37,Allen Clewes,918f2943-ac26-491f-972f-aeb5015a2cf2,Primo 10.0-1 208-240 (1),10.0,parsed_from_inverter_name,59.7,month,devwork
2025-04-14,61817dff-da76-40c9-9ad8-cbb859ae8e37,Allen Clewes,918f2943-ac26-491f-972f-aeb5015a2cf2,Primo 10.0-1 208-240 (1),10.0,parsed_from_inverter_name,68.93,month,devwork
2025-04-15,61817dff-da76-40c9-9ad8-cbb859ae8e37,Allen Clewes,918f2943-ac26-491f-972f-aeb5015a2cf2,Primo 10.0-1 208-240 (1),10.0,parsed_from_inverter_name,68.97,month,devwork
2025-04-16,61817dff-da76-40c9-9ad8-cbb859ae8e37,Allen Clewes,918f2943-ac26-491f-972f-aeb5015a2cf2,Primo 10.0-1 208-240 (1),10.0,parsed_from_inverter_name,33.0,month,devwork
2025-04-17,61817dff-da76-40c9-9ad8-cbb859ae8e37,Allen Clewes,918f2943-ac26-491f-972f-aeb5015a2cf2,Primo 10.0-1 208-240 (1),10.0,parsed_from_inverter_name,52.67,month,devwork
2025-04-18,61817dff-da76-40c9-9ad8-cbb859ae8e37,Allen Clewes,918f2943-ac26-491f-972f-aeb5015a2cf2,Primo 10.0-1 208-240 (1),10.0,parsed_from_inverter_name,69.35,month,devwork
2025-04-19,61817dff-da76-40c9-9ad8-cbb859ae8e37,Allen Clewes,918f2943-ac26-491f-972f-aeb5015a2cf2,Primo 10.0-1 208-240 (1),10.0,parsed_from_inverter_name,34.98,month,devwork
2025-04-20,61817dff-da76-40c9-9ad8-cbb859ae8e37,Allen Clewes,918f2943-ac26-491f-972f-aeb5015a2cf2,Primo 10.0-1 208-240 (1),10.0,parsed_from_inverter_name,16.21,month,devwork
2025-04-21,61817dff-da76-40c9-9ad8-cbb859ae8e37,Allen Clewes,918f2943-ac26-491f-972f-aeb5015a2cf2,Primo 10.0-1 208-240 (1),10.0,parsed_from_inverter_name,24.17,month,devwork
2025-04-22,61817dff-da76-40c9-9ad8-cbb859ae8e37,Allen Clewes,918f2943-ac26-491f-972f-aeb5015a2cf2,Primo 10.0-1 208-240 (1),10.0,parsed_from_inverter_name,50.98,month,devwork
2025-04-23,61817dff-da76-40c9-9ad8-cbb859ae8e37,Allen Clewes,918f2943-ac26-491f-972f-aeb5015a2cf2,Primo 10.0-1 208-240 (1),10.0,parsed_from_inverter_name,71.65,month,devwork
2025-04-24,61817dff-da76-40c9-9ad8-cbb859ae8e37,Allen Clewes,918f2943-ac26-491f-972f-aeb5015a2cf2,Primo 10.0-1 208-240 (1),10.0,parsed_from_inverter_name,74.66,month,devwork
2025-04-25,61817dff-da76-40c9-9ad8-cbb859ae8e37,Allen Clewes,918f2943-ac26-491f-972f-aeb5015a2cf2,Primo 10.0-1 208-240 (1),10.0,parsed_from_inverter_name,79.1,month,devwork
2025-04-26,61817dff-da76-40c9-9ad8-cbb859ae8e37,Allen Clewes,918f2943-ac26-491f-972f-aeb5015a2cf2,Primo 10.0-1 208-240 (1),10.0,parsed_from_inverter_name,67.51,month,devwork
2025-04-27,61817dff-da76-40c9-9ad8-cbb859ae8e37,Allen Clewes,918f2943-ac26-491f-972f-aeb5015a2cf2,Primo 10.0-1 208-240 (1),10.0,parsed_from_inverter_name,41.52,month,devwork
2025-04-28,61817dff-da76-40c9-9ad8-cbb859ae8e37,Allen Clewes,918f2943-ac26-491f-972f-aeb5015a2cf2,Primo 10.0-1 208-240 (1),10.0,parsed_from_inverter_name,72.44,month,devwork
2025-04-29,61817dff-da76-40c9-9ad8-cbb859ae8e37,Allen Clewes,918f2943-ac26-491f-972f-aeb5015a2cf2,Primo 10.0-1 208-240 (1),10.0,parsed_from_inverter_name,42.38,month,devwork
2025-04-30,61817dff-da76-40c9-9ad8-cbb859ae8e37,Allen Clewes,918f2943-ac26-491f-972f-aeb5015a2cf2,Primo 10.0-1 208-240 (1),10.0,parsed_from_inverter_name,60.11,month,devwork
2025-05-01,61817dff-da76-40c9-9ad8-cbb859ae8e37,Allen Clewes,918f2943-ac26-491f-972f-aeb5015a2cf2,Primo 10.0-1 208-240 (1),10.0,parsed_from_inverter_name,76.85,month,devwork
2025-05-02,61817dff-da76-40c9-9ad8-cbb859ae8e37,Allen Clewes,918f2943-ac26-491f-972f-aeb5015a2cf2,Primo 10.0-1 208-240 (1),10.0,parsed_from_inverter_name,79.89,month,devwork
2025-05-03,61817dff-da76-40c9-9ad8-cbb859ae8e37,Allen Clewes,918f2943-ac26-491f-972f-aeb5015a2cf2,Primo 10.0-1 208-240 (1),10.0,parsed_from_inverter_name,78.53,month,devwork
2025-05-04,61817dff-da76-40c9-9ad8-cbb859ae8e37,Allen Clewes,918f2943-ac26-491f-972f-aeb5015a2cf2,Primo 10.0-1 208-240 (1),10.0,parsed_from_inverter_name,31.38,month,devwork
2025-05-05,61817dff-da76-40c9-9ad8-cbb859ae8e37,Allen Clewes,918f2943-ac26-491f-972f-aeb5015a2cf2,Primo 10.0-1 208-240 (1),10.0,parsed_from_inverter_name,76.01,month,devwork
2025-05-06,61817dff-da76-40c9-9ad8-cbb859ae8e37,Allen Clewes,918f2943-ac26-491f-972f-aeb5015a2cf2,Primo 10.0-1 208-240 (1),10.0,parsed_from_inverter_name,84.25,month,devwork
2025-05-07,61817dff-da76-40c9-9ad8-cbb859ae8e37,Allen Clewes,918f2943-ac26-491f-972f-aeb5015a2cf2,Primo 10.0-1 208-240 (1),10.0,parsed_from_inverter_name,80.9,month,devwork
2025-05-08,61817dff-da76-40c9-9ad8-cbb859ae8e37,Allen Clewes,918f2943-ac26-491f-972f-aeb5015a2cf2,Primo 10.0-1 208-240 (1),10.0,parsed_from_inverter_name,81.67,month,devwork
2025-05-09,61817dff-da76-40c9-9ad8-cbb859ae8e37,Allen Clewes,918f2943-ac26-491f-972f-aeb5015a2cf2,Primo 10.0-1 208-240 (1),10.0,parsed_from_inverter_name,72.98,month,devwork
2025-05-10,61817dff-da76-40c9-9ad8-cbb859ae8e37,Allen Clewes,918f2943-ac26-491f-972f-aeb5015a2cf2,Primo 10.0-1 208-240 (1),10.0,parsed_from_inverter_name,70.32,month,devwork
2025-05-11,61817dff-da76-40c9-9ad8-cbb859ae8e37,Allen Clewes,918f2943-ac26-491f-972f-aeb5015a2cf2,Primo 10.0-1 208-240 (1),10.0,parsed_from_inverter_name,43.49,month,devwork
2025-05-12,61817dff-da76-40c9-9ad8-cbb859ae8e37,Allen Clewes,918f2943-ac26-491f-972f-aeb5015a2cf2,Primo 10.0-1 208-240 (1),10.0,parsed_from_inverter_name,71.34,month,devwork
2025-05-13,61817dff-da76-40c9-9ad8-cbb859ae8e37,Allen Clewes,918f2943-ac26-491f-972f-aeb5015a2cf2,Primo 10.0-1 208-240 (1),10.0,parsed_from_inverter_name,49.13,month,devwork
2025-05-14,61817dff-da76-40c9-9ad8-cbb859ae8e37,Allen Clewes,918f2943-ac26-491f-972f-aeb5015a2cf2,Primo 10.0-1 208-240 (1),10.0,parsed_from_inverter_name,48.31,month,devwork
2025-05-15,61817dff-da76-40c9-9ad8-cbb859ae8e37,Allen Clewes,918f2943-ac26-491f-972f-aeb5015a2cf2,Primo 10.0-1 208-240 (1),10.0,parsed_from_inverter_name,18.45,month,devwork
2025-05-16,61817dff-da76-40c9-9ad8-cbb859ae8e37,Allen Clewes,918f2943-ac26-491f-972f-aeb5015a2cf2,Primo 10.0-1 208-240 (1),10.0,parsed_from_inverter_name,46.84,month,devwork
2025-05-17,61817dff-da76-40c9-9ad8-cbb859ae8e37,Allen Clewes,918f2943-ac26-491f-972f-aeb5015a2cf2,Primo 10.0-1 208-240 (1),10.0,parsed_from_inverter_name,63.12,month,devwork
2025-05-18,61817dff-da76-40c9-9ad8-cbb859ae8e37,Allen Clewes,918f2943-ac26-491f-972f-aeb5015a2cf2,Primo 10.0-1 208-240 (1),10.0,parsed_from_inverter_name,22.72,month,devwork
2025-05-19,61817dff-da76-40c9-9ad8-cbb859ae8e37,Allen Clewes,918f2943-ac26-491f-972f-aeb5015a2cf2,Primo 10.0-1 208-240 (1),10.0,parsed_from_inverter_name,75.39,month,devwork
2025-05-20,61817dff-da76-40c9-9ad8-cbb859ae8e37,Allen Clewes,918f2943-ac26-491f-972f-aeb5015a2cf2,Primo 10.0-1 208-240 (1),10.0,parsed_from_inverter_name,70.56,month,devwork
2025-05-21,61817dff-da76-40c9-9ad8-cbb859ae8e37,Allen Clewes,918f2943-ac26-491f-972f-aeb5015a2cf2,Primo 10.0-1 208-240 (1),10.0,parsed_from_inverter_name,62.31,month,devwork
2025-05-22,61817dff-da76-40c9-9ad8-cbb859ae8e37,Allen Clewes,918f2943-ac26-491f-972f-aeb5015a2cf2,Primo 10.0-1 208-240 (1),10.0,parsed_from_inverter_name,53.79,month,devwork
2025-05-23,61817dff-da76-40c9-9ad8-cbb859ae8e37,Allen Clewes,918f2943-ac26-491f-972f-aeb5015a2cf2,Primo 10.0-1 208-240 (1),10.0,parsed_from_inverter_name,27.16,month,devwork
2025-05-24,61817dff-da76-40c9-9ad8-cbb859ae8e37,Allen Clewes,918f2943-ac26-491f-972f-aeb5015a2cf2,Primo 10.0-1 208-240 (1),10.0,parsed_from_inverter_name,80.5,month,devwork
2025-05-25,61817dff-da76-40c9-9ad8-cbb859ae8e37,Allen Clewes,918f2943-ac26-491f-972f-aeb5015a2cf2,Primo 10.0-1 208-240 (1),10.0,parsed_from_inverter_name,82.18,month,devwork
2025-05-26,61817dff-da76-40c9-9ad8-cbb859ae8e37,Allen Clewes,918f2943-ac26-491f-972f-aeb5015a2cf2,Primo 10.0-1 208-240 (1),10.0,parsed_from_inverter_name,65.03,month,devwork
2025-05-27,61817dff-da76-40c9-9ad8-cbb859ae8e37,Allen Clewes,918f2943-ac26-491f-972f-aeb5015a2cf2,Primo 10.0-1 208-240 (1),10.0,parsed_from_inverter_name,78.02,month,devwork
2025-05-28,61817dff-da76-40c9-9ad8-cbb859ae8e37,Allen Clewes,918f2943-ac26-491f-972f-aeb5015a2cf2,Primo 10.0-1 208-240 (1),10.0,parsed_from_inverter_name,80.22,month,devwork
2025-05-29,61817dff-da76-40c9-9ad8-cbb859ae8e37,Allen Clewes,918f2943-ac26-491f-972f-aeb5015a2cf2,Primo 10.0-1 208-240 (1),10.0,parsed_from_inverter_name,75.28,month,devwork
2025-05-30,61817dff-da76-40c9-9ad8-cbb859ae8e37,Allen Clewes,918f2943-ac26-491f-972f-aeb5015a2cf2,Primo 10.0-1 208-240 (1),10.0,parsed_from_inverter_name,84.22,month,devwork
2025-05-31,61817dff-da76-40c9-9ad8-cbb859ae8e37,Allen Clewes,918f2943-ac26-491f-972f-aeb5015a2cf2,Primo 10.0-1 208-240 (1),10.0,parsed_from_inverter_name,67.22,month,devwork
2025-06-01,61817dff-da76-40c9-9ad8-cbb859ae8e37,Allen Clewes,918f2943-ac26-491f-972f-aeb5015a2cf2,Primo 10.0-1 208-240 (1),10.0,parsed_from_inverter_name,80.31,month,devwork
2025-06-02,61817dff-da76-40c9-9ad8-cbb859ae8e37,Allen Clewes,918f2943-ac26-491f-972f-aeb5015a2cf2,Primo 10.0-1 208-240 (1),10.0,parsed_from_inverter_name,50.51,month,devwork
2025-06-03,61817dff-da76-40c9-9ad8-cbb859ae8e37,Allen Clewes,918f2943-ac26-491f-972f-aeb5015a2cf2,Primo 10.0-1 208-240 (1),10.0,parsed_from_inverter_name,58.35,month,devwork
2025-06-04,61817dff-da76-40c9-9ad8-cbb859ae8e37,Allen Clewes,918f2943-ac26-491f-972f-aeb5015a2cf2,Primo 10.0-1 208-240 (1),10.0,parsed_from_inverter_name,79.93,month,devwork
2025-06-05,61817dff-da76-40c9-9ad8-cbb859ae8e37,Allen Clewes,918f2943-ac26-491f-972f-aeb5015a2cf2,Primo 10.0-1 208-240 (1),10.0,parsed_from_inverter_name,81.0,month,devwork
2025-06-06,61817dff-da76-40c9-9ad8-cbb859ae8e37,Allen Clewes,918f2943-ac26-491f-972f-aeb5015a2cf2,Primo 10.0-1 208-240 (1),10.0,parsed_from_inverter_name,61.8,month,devwork
2025-06-07,61817dff-da76-40c9-9ad8-cbb859ae8e37,Allen Clewes,918f2943-ac26-491f-972f-aeb5015a2cf2,Primo 10.0-1 208-240 (1),10.0,parsed_from_inverter_name,45.42,month,devwork
2025-06-08,61817dff-da76-40c9-9ad8-cbb859ae8e37,Allen Clewes,918f2943-ac26-491f-972f-aeb5015a2cf2,Primo 10.0-1 208-240 (1),10.0,parsed_from_inverter_name,79.02,month,devwork
2025-06-09,61817dff-da76-40c9-9ad8-cbb859ae8e37,Allen Clewes,918f2943-ac26-491f-972f-aeb5015a2cf2,Primo 10.0-1 208-240 (1),10.0,parsed_from_inverter_name,81.6,month,devwork
2025-06-10,61817dff-da76-40c9-9ad8-cbb859ae8e37,Allen Clewes,918f2943-ac26-491f-972f-aeb5015a2cf2,Primo 10.0-1 208-240 (1),10.0,parsed_from_inverter_name,79.93,month,devwork
2025-06-11,61817dff-da76-40c9-9ad8-cbb859ae8e37,Allen Clewes,918f2943-ac26-491f-972f-aeb5015a2cf2,Primo 10.0-1 208-240 (1),10.0,parsed_from_inverter_name,70.34,month,devwork
2025-06-12,61817dff-da76-40c9-9ad8-cbb859ae8e37,Allen Clewes,918f2943-ac26-491f-972f-aeb5015a2cf2,Primo 10.0-1 208-240 (1),10.0,parsed_from_inverter_name,40.28,month,devwork
2025-06-13,61817dff-da76-40c9-9ad8-cbb859ae8e37,Allen Clewes,918f2943-ac26-491f-972f-aeb5015a2cf2,Primo 10.0-1 208-240 (1),10.0,parsed_from_inverter_name,63.78,month,devwork
2025-06-14,61817dff-da76-40c9-9ad8-cbb859ae8e37,Allen Clewes,918f2943-ac26-491f-972f-aeb5015a2cf2,Primo 10.0-1 208-240 (1),10.0,parsed_from_inverter_name,78.49,month,devwork
2025-06-15,61817dff-da76-40c9-9ad8-cbb859ae8e37,Allen Clewes,918f2943-ac26-491f-972f-aeb5015a2cf2,Primo 10.0-1 208-240 (1),10.0,parsed_from_inverter_name,70.43,month,devwork
2025-06-16,61817dff-da76-40c9-9ad8-cbb859ae8e37,Allen Clewes,918f2943-ac26-491f-972f-aeb5015a2cf2,Primo 10.0-1 208-240 (1),10.0,parsed_from_inverter_name,81.31,month,devwork
2025-06-17,61817dff-da76-40c9-9ad8-cbb859ae8e37,Allen Clewes,918f2943-ac26-491f-972f-aeb5015a2cf2,Primo 10.0-1 208-240 (1),10.0,parsed_from_inverter_name,70.91,month,devwork
2025-06-18,61817dff-da76-40c9-9ad8-cbb859ae8e37,Allen Clewes,918f2943-ac26-491f-972f-aeb5015a2cf2,Primo 10.0-1 208-240 (1),10.0,parsed_from_inverter_name,83.37,month,devwork
2025-06-19,61817dff-da76-40c9-9ad8-cbb859ae8e37,Allen Clewes,918f2943-ac26-491f-972f-aeb5015a2cf2,Primo 10.0-1 208-240 (1),10.0,parsed_from_inverter_name,82.48,month,devwork
2025-06-20,61817dff-da76-40c9-9ad8-cbb859ae8e37,Allen Clewes,918f2943-ac26-491f-972f-aeb5015a2cf2,Primo 10.0-1 208-240 (1),10.0,parsed_from_inverter_name,12.04,month,devwork
2025-06-21,61817dff-da76-40c9-9ad8-cbb859ae8e37,Allen Clewes,918f2943-ac26-491f-972f-aeb5015a2cf2,Primo 10.0-1 208-240 (1),10.0,parsed_from_inverter_name,7.76,month,devwork
2025-06-22,61817dff-da76-40c9-9ad8-cbb859ae8e37,Allen Clewes,918f2943-ac26-491f-972f-aeb5015a2cf2,Primo 10.0-1 208-240 (1),10.0,parsed_from_inverter_name,54.08,month,devwork
2025-06-23,61817dff-da76-40c9-9ad8-cbb859ae8e37,Allen Clewes,918f2943-ac26-491f-972f-aeb5015a2cf2,Primo 10.0-1 208-240 (1),10.0,parsed_from_inverter_name,71.49,month,devwork
2025-06-24,61817dff-da76-40c9-9ad8-cbb859ae8e37,Allen Clewes,918f2943-ac26-491f-972f-aeb5015a2cf2,Primo 10.0-1 208-240 (1),10.0,parsed_from_inverter_name,74.75,month,devwork
2025-06-25,61817dff-da76-40c9-9ad8-cbb859ae8e37,Allen Clewes,918f2943-ac26-491f-972f-aeb5015a2cf2,Primo 10.0-1 208-240 (1),10.0,parsed_from_inverter_name,71.82,month,devwork
2025-06-26,61817dff-da76-40c9-9ad8-cbb859ae8e37,Allen Clewes,918f2943-ac26-491f-972f-aeb5015a2cf2,Primo 10.0-1 208-240 (1),10.0,parsed_from_inverter_name,62.91,month,devwork
2025-06-27,61817dff-da76-40c9-9ad8-cbb859ae8e37,Allen Clewes,918f2943-ac26-491f-972f-aeb5015a2cf2,Primo 10.0-1 208-240 (1),10.0,parsed_from_inverter_name,81.67,month,devwork
2025-06-28,61817dff-da76-40c9-9ad8-cbb859ae8e37,Allen Clewes,918f2943-ac26-491f-972f-aeb5015a2cf2,Primo 10.0-1 208-240 (1),10.0,parsed_from_inverter_name,64.82,month,devwork
2025-06-29,61817dff-da76-40c9-9ad8-cbb859ae8e37,Allen Clewes,918f2943-ac26-491f-972f-aeb5015a2cf2,Primo 10.0-1 208-240 (1),10.0,parsed_from_inverter_name,72.96,month,devwork
2025-06-30,61817dff-da76-40c9-9ad8-cbb859ae8e37,Allen Clewes,918f2943-ac26-491f-972f-aeb5015a2cf2,Primo 10.0-1 208-240 (1),10.0,parsed_from_inverter_name,82.32,month,devwork
2025-07-01,61817dff-da76-40c9-9ad8-cbb859ae8e37,Allen Clewes,918f2943-ac26-491f-972f-aeb5015a2cf2,Primo 10.0-1 208-240 (1),10.0,parsed_from_inverter_name,81.17,month,devwork
2025-07-02,61817dff-da76-40c9-9ad8-cbb859ae8e37,Allen Clewes,918f2943-ac26-491f-972f-aeb5015a2cf2,Primo 10.0-1 208-240 (1),10.0,parsed_from_inverter_name,64.32,month,devwork
2025-07-03,61817dff-da76-40c9-9ad8-cbb859ae8e37,Allen Clewes,918f2943-ac26-491f-972f-aeb5015a2cf2,Primo 10.0-1 208-240 (1),10.0,parsed_from_inverter_name,84.61,month,devwork
2025-07-04,61817dff-da76-40c9-9ad8-cbb859ae8e37,Allen Clewes,918f2943-ac26-491f-972f-aeb5015a2cf2,Primo 10.0-1 208-240 (1),10.0,parsed_from_inverter_name,42.18,month,devwork
2025-07-13,61817dff-da76-40c9-9ad8-cbb859ae8e37,Allen Clewes,918f2943-ac26-491f-972f-aeb5015a2cf2,Primo 10.0-1 208-240 (1),10.0,parsed_from_inverter_name,2.08,month,devwork
2025-07-20,61817dff-da76-40c9-9ad8-cbb859ae8e37,Allen Clewes,918f2943-ac26-491f-972f-aeb5015a2cf2,Primo 10.0-1 208-240 (1),10.0,parsed_from_inverter_name,1.14,month,devwork
2025-08-11,61817dff-da76-40c9-9ad8-cbb859ae8e37,Allen Clewes,918f2943-ac26-491f-972f-aeb5015a2cf2,Primo 10.0-1 208-240 (1),10.0,parsed_from_inverter_name,9.21,month,devwork
