provider,date,site_id,site_name,inverter_id,inverter_name,inverter_serial,inverter_model,inverter_rated_kw,inverter_rating_source,daily_energy_kwh,sun_hours,revenue_amount
fronius,2024-05-01,c3c803c9-49a6-4c83-9884-7f28e9244f2b,Penner Farms - 32-8-13 pump (site 1),71ba6d53-c04f-476f-9da3-ae0401115c8e,Symo  24.0-3 480 (1),,,24.0,parsed_from_inverter_name,72.15,,
fronius,2024-05-01,c3c803c9-49a6-4c83-9884-7f28e9244f2b,Penner Farms - 32-8-13 pump (site 1),528b81d7-df8d-4f62-9b35-ae0401115c98,Symo  24.0-3 480 (2),,,24.0,parsed_from_inverter_name,71.67,,
fronius,2024-05-01,c3c803c9-49a6-4c83-9884-7f28e9244f2b,Penner Farms - 32-8-13 pump (site 1),f97377a3-6539-450f-9b74-ae0401115ca1,Symo 24.0-3 480 (3),,,24.0,parsed_from_inverter_name,72.91,,
fronius,2024-05-02,c3c803c9-49a6-4c83-9884-7f28e9244f2b,Penner Farms - 32-8-13 pump (site 1),71ba6d53-c04f-476f-9da3-ae0401115c8e,Symo  24.0-3 480 (1),,,24.0,parsed_from_inverter_name,70.91,,
fronius,2024-05-02,c3c803c9-49a6-4c83-9884-7f28e9244f2b,Penner Farms - 32-8-13 pump (site 1),528b81d7-df8d-4f62-9b35-ae0401115c98,Symo  24.0-3 480 (2),,,24.0,parsed_from_inverter_name,70.12,,
fronius,2024-05-02,c3c803c9-49a6-4c83-9884-7f28e9244f2b,Penner Farms - 32-8-13 pump (site 1),f97377a3-6539-450f-9b74-ae0401115ca1,Symo 24.0-3 480 (3),,,24.0,parsed_from_inverter_name,71.39,,
fronius,2024-05-03,c3c803c9-49a6-4c83-9884-7f28e9244f2b,Penner Farms - 32-8-13 pump (site 1),71ba6d53-c04f-476f-9da3-ae0401115c8e,Symo  24.0-3 480 (1),,,24.0,parsed_from_inverter_name,82.5,,
fronius,2024-05-03,c3c803c9-49a6-4c83-9884-7f28e9244f2b,Penner Farms - 32-8-13 pump (site 1),528b81d7-df8d-4f62-9b35-ae0401115c98,Symo  24.0-3 480 (2),,,24.0,parsed_from_inverter_name,156.69,,
fronius,2024-05-03,c3c803c9-49a6-4c83-9884-7f28e9244f2b,Penner Farms - 32-8-13 pump (site 1),f97377a3-6539-450f-9b74-ae0401115ca1,Symo 24.0-3 480 (3),,,24.0,parsed_from_inverter_name,157.92,,
fronius,2024-05-04,c3c803c9-49a6-4c83-9884-7f28e9244f2b,Penner Farms - 32-8-13 pump (site 1),71ba6d53-c04f-476f-9da3-ae0401115c8e,Symo  24.0-3 480 (1),,,24.0,parsed_from_inverter_name,96.79,,
fronius,2024-05-04,c3c803c9-49a6-4c83-9884-7f28e9244f2b,Penner Farms - 32-8-13 pump (site 1),528b81d7-df8d-4f62-9b35-ae0401115c98,Symo  24.0-3 480 (2),,,24.0,parsed_from_inverter_name,184.74,,
fronius,2024-05-04,c3c803c9-49a6-4c83-9884-7f28e9244f2b,Penner Farms - 32-8-13 pump (site 1),f97377a3-6539-450f-9b74-ae0401115ca1,Symo 24.0-3 480 (3),,,24.0,parsed_from_inverter_name,187.24,,
fronius,2024-05-05,c3c803c9-49a6-4c83-9884-7f28e9244f2b,Penner Farms - 32-8-13 pump (site 1),71ba6d53-c04f-476f-9da3-ae0401115c8e,Symo  24.0-3 480 (1),,,24.0,parsed_from_inverter_name,92.44,,
fronius,2024-05-05,c3c803c9-49a6-4c83-9884-7f28e9244f2b,Penner Farms - 32-8-13 pump (site 1),528b81d7-df8d-4f62-9b35-ae0401115c98,Symo  24.0-3 480 (2),,,24.0,parsed_from_inverter_name,91.23,,
fronius,2024-05-05,c3c803c9-49a6-4c83-9884-7f28e9244f2b,Penner Farms - 32-8-13 pump (site 1),f97377a3-6539-450f-9b74-ae0401115ca1,Symo 24.0-3 480 (3),,,24.0,parsed_from_inverter_name,92.47,,
fronius,2024-05-06,c3c803c9-49a6-4c83-9884-7f28e9244f2b,Penner Farms - 32-8-13 pump (site 1),71ba6d53-c04f-476f-9da3-ae0401115c8e,Symo  24.0-3 480 (1),,,24.0,parsed_from_inverter_name,126.08,,
fronius,2024-05-06,c3c803c9-49a6-4c83-9884-7f28e9244f2b,Penner Farms - 32-8-13 pump (site 1),528b81d7-df8d-4f62-9b35-ae0401115c98,Symo  24.0-3 480 (2),,,24.0,parsed_from_inverter_name,125.23,,
fronius,2024-05-06,c3c803c9-49a6-4c83-9884-7f28e9244f2b,Penner Farms - 32-8-13 pump (site 1),f97377a3-6539-450f-9b74-ae0401115ca1,Symo 24.0-3 480 (3),,,24.0,parsed_from_inverter_name,126.75,,
fronius,2024-05-07,c3c803c9-49a6-4c83-9884-7f28e9244f2b,Penner Farms - 32-8-13 pump (site 1),71ba6d53-c04f-476f-9da3-ae0401115c8e,Symo  24.0-3 480 (1),,,24.0,parsed_from_inverter_name,17.7,,
fronius,2024-05-07,c3c803c9-49a6-4c83-9884-7f28e9244f2b,Penner Farms - 32-8-13 pump (site 1),528b81d7-df8d-4f62-9b35-ae0401115c98,Symo  24.0-3 480 (2),,,24.0,parsed_from_inverter_name,17.67,,
fronius,2024-05-07,c3c803c9-49a6-4c83-9884-7f28e9244f2b,Penner Farms - 32-8-13 pump (site 1),f97377a3-6539-450f-9b74-ae0401115ca1,Symo 24.0-3 480 (3),,,24.0,parsed_from_inverter_name,14.12,,
fronius,2024-05-08,c3c803c9-49a6-4c83-9884-7f28e9244f2b,Penner Farms - 32-8-13 pump (site 1),71ba6d53-c04f-476f-9da3-ae0401115c8e,Symo  24.0-3 480 (1),,,24.0,parsed_from_inverter_name,32.13,,
fronius,2024-05-08,c3c803c9-49a6-4c83-9884-7f28e9244f2b,Penner Farms - 32-8-13 pump (site 1),528b81d7-df8d-4f62-9b35-ae0401115c98,Symo  24.0-3 480 (2),,,24.0,parsed_from_inverter_name,32.18,,
fronius,2024-05-08,c3c803c9-49a6-4c83-9884-7f28e9244f2b,Penner Farms - 32-8-13 pump (site 1),f97377a3-6539-450f-9b74-ae0401115ca1,Symo 24.0-3 480 (3),,,24.0,parsed_from_inverter_name,16.07,,
fronius,2024-05-09,c3c803c9-49a6-4c83-9884-7f28e9244f2b,Penner Farms - 32-8-13 pump (site 1),71ba6d53-c04f-476f-9da3-ae0401115c8e,Symo  24.0-3 480 (1),,,24.0,parsed_from_inverter_name,199.03,,
fronius,2024-05-09,c3c803c9-49a6-4c83-9884-7f28e9244f2b,Penner Farms - 32-8-13 pump (site 1),528b81d7-df8d-4f62-9b35-ae0401115c98,Symo  24.0-3 480 (2),,,24.0,parsed_from_inverter_name,199.22,,
fronius,2024-05-09,c3c803c9-49a6-4c83-9884-7f28e9244f2b,Penner Farms - 32-8-13 pump (site 1),f97377a3-6539-450f-9b74-ae0401115ca1,Symo 24.0-3 480 (3),,,24.0,parsed_from_inverter_name,100.56,,
fronius,2024-05-10,c3c803c9-49a6-4c83-9884-7f28e9244f2b,Penner Farms - 32-8-13 pump (site 1),71ba6d53-c04f-476f-9da3-ae0401115c8e,Symo  24.0-3 480 (1),,,24.0,parsed_from_inverter_name,191.28,,
fronius,2024-05-10,c3c803c9-49a6-4c83-9884-7f28e9244f2b,Penner Farms - 32-8-13 pump (site 1),528b81d7-df8d-4f62-9b35-ae0401115c98,Symo  24.0-3 480 (2),,,24.0,parsed_from_inverter_name,190.78,,
fronius,2024-05-10,c3c803c9-49a6-4c83-9884-7f28e9244f2b,Penner Farms - 32-8-13 pump (site 1),f97377a3-6539-450f-9b74-ae0401115ca1,Symo 24.0-3 480 (3),,,24.0,parsed_from_inverter_name,98.21,,
fronius,2024-05-11,c3c803c9-49a6-4c83-9884-7f28e9244f2b,Penner Farms - 32-8-13 pump (site 1),71ba6d53-c04f-476f-9da3-ae0401115c8e,Symo  24.0-3 480 (1),,,24.0,parsed_from_inverter_name,85.05,,
fronius,2024-05-11,c3c803c9-49a6-4c83-9884-7f28e9244f2b,Penner Farms - 32-8-13 pump (site 1),528b81d7-df8d-4f62-9b35-ae0401115c98,Symo  24.0-3 480 (2),,,24.0,parsed_from_inverter_name,187.5,,
fronius,2024-05-11,c3c803c9-49a6-4c83-9884-7f28e9244f2b,Penner Farms - 32-8-13 pump (site 1),f97377a3-6539-450f-9b74-ae0401115ca1,Symo 24.0-3 480 (3),,,24.0,parsed_from_inverter_name,94.5,,
fronius,2024-05-12,c3c803c9-49a6-4c83-9884-7f28e9244f2b,Penner Farms - 32-8-13 pump (site 1),71ba6d53-c04f-476f-9da3-ae0401115c8e,Symo  24.0-3 480 (1),,,24.0,parsed_from_inverter_name,175.39,,
fronius,2024-05-12,c3c803c9-49a6-4c83-9884-7f28e9244f2b,Penner Farms - 32-8-13 pump (site 1),528b81d7-df8d-4f62-9b35-ae0401115c98,Symo  24.0-3 480 (2),,,24.0,parsed_from_inverter_name,173.26,,
fronius,2024-05-12,c3c803c9-49a6-4c83-9884-7f28e9244f2b,Penner Farms - 32-8-13 pump (site 1),f97377a3-6539-450f-9b74-ae0401115ca1,Symo 24.0-3 480 (3),,,24.0,parsed_from_inverter_name,88.48,,
fronius,2024-05-13,c3c803c9-49a6-4c83-9884-7f28e9244f2b,Penner Farms - 32-8-13 pump (site 1),71ba6d53-c04f-476f-9da3-ae0401115c8e,Symo  24.0-3 480 (1),,,24.0,parsed_from_inverter_name,125.4,,
fronius,2024-05-13,c3c803c9-49a6-4c83-9884-7f28e9244f2b,Penner Farms - 32-8-13 pump (site 1),528b81d7-df8d-4f62-9b35-ae0401115c98,Symo  24.0-3 480 (2),,,24.0,parsed_from_inverter_name,137.3,,
fronius,2024-05-13,c3c803c9-49a6-4c83-9884-7f28e9244f2b,Penner Farms - 32-8-13 pump (site 1),f97377a3-6539-450f-9b74-ae0401115ca1,Symo 24.0-3 480 (3),,,24.0,parsed_from_inverter_name,70.41,,
fronius,2024-05-14,c3c803c9-49a6-4c83-9884-7f28e9244f2b,Penner Farms - 32-8-13 pump (site 1),71ba6d53-c04f-476f-9da3-ae0401115c8e,Symo  24.0-3 480 (1),,,24.0,parsed_from_inverter_name,137.48,,
fronius,2024-05-14,c3c803c9-49a6-4c83-9884-7f28e9244f2b,Penner Farms - 32-8-13 pump (site 1),528b81d7-df8d-4f62-9b35-ae0401115c98,Symo  24.0-3 480 (2),,,24.0,parsed_from_inverter_name,145.92,,
fronius,2024-05-14,c3c803c9-49a6-4c83-9884-7f28e9244f2b,Penner Farms - 32-8-13 pump (site 1),f97377a3-6539-450f-9b74-ae0401115ca1,Symo 24.0-3 480 (3),,,24.0,parsed_from_inverter_name,75.54,,
fronius,2024-05-15,c3c803c9-49a6-4c83-9884-7f28e9244f2b,Penner Farms - 32-8-13 pump (site 1),71ba6d53-c04f-476f-9da3-ae0401115c8e,Symo  24.0-3 480 (1),,,24.0,parsed_from_inverter_name,162.89,,
fronius,2024-05-15,c3c803c9-49a6-4c83-9884-7f28e9244f2b,Penner Farms - 32-8-13 pump (site 1),528b81d7-df8d-4f62-9b35-ae0401115c98,Symo  24.0-3 480 (2),,,24.0,parsed_from_inverter_name,162.6,,
fronius,2024-05-15,c3c803c9-49a6-4c83-9884-7f28e9244f2b,Penner Farms - 32-8-13 pump (site 1),f97377a3-6539-450f-9b74-ae0401115ca1,Symo 24.0-3 480 (3),,,24.0,parsed_from_inverter_name,82.05,,
fronius,2024-05-16,c3c803c9-49a6-4c83-9884-7f28e9244f2b,Penner Farms - 32-8-13 pump (site 1),71ba6d53-c04f-476f-9da3-ae0401115c8e,Symo  24.0-3 480 (1),,,24.0,parsed_from_inverter_name,126.12,,
fronius,2024-05-16,c3c803c9-49a6-4c83-9884-7f28e9244f2b,Penner Farms - 32-8-13 pump (site 1),528b81d7-df8d-4f62-9b35-ae0401115c98,Symo  24.0-3 480 (2),,,24.0,parsed_from_inverter_name,143.47,,
fronius,2024-05-16,c3c803c9-49a6-4c83-9884-7f28e9244f2b,Penner Farms - 32-8-13 pump (site 1),f97377a3-6539-450f-9b74-ae0401115ca1,Symo 24.0-3 480 (3),,,24.0,parsed_from_inverter_name,72.83,,
fronius,2024-05-17,c3c803c9-49a6-4c83-9884-7f28e9244f2b,Penner Farms - 32-8-13 pump (site 1),71ba6d53-c04f-476f-9da3-ae0401115c8e,Symo  24.0-3 480 (1),,,24.0,parsed_from_inverter_name,66.77,,
fronius,2024-05-17,c3c803c9-49a6-4c83-9884-7f28e9244f2b,Penner Farms - 32-8-13 pump (site 1),528b81d7-df8d-4f62-9b35-ae0401115c98,Symo  24.0-3 480 (2),,,24.0,parsed_from_inverter_name,66.42,,
fronius,2024-05-17,c3c803c9-49a6-4c83-9884-7f28e9244f2b,Penner Farms - 32-8-13 pump (site 1),f97377a3-6539-450f-9b74-ae0401115ca1,Symo 24.0-3 480 (3),,,24.0,parsed_from_inverter_name,35.06,,
fronius,2024-05-18,c3c803c9-49a6-4c83-9884-7f28e9244f2b,Penner Farms - 32-8-13 pump (site 1),71ba6d53-c04f-476f-9da3-ae0401115c8e,Symo  24.0-3 480 (1),,,24.0,parsed_from_inverter_name,138.5,,
fronius,2024-05-18,c3c803c9-49a6-4c83-9884-7f28e9244f2b,Penner Farms - 32-8-13 pump (site 1),528b81d7-df8d-4f62-9b35-ae0401115c98,Symo  24.0-3 480 (2),,,24.0,parsed_from_inverter_name,154.41,,
fronius,2024-05-18,c3c803c9-49a6-4c83-9884-7f28e9244f2b,Penner Farms - 32-8-13 pump (site 1),f97377a3-6539-450f-9b74-ae0401115ca1,Symo 24.0-3 480 (3),,,24.0,parsed_from_inverter_name,81.4,,
fronius,2024-05-19,c3c803c9-49a6-4c83-9884-7f28e9244f2b,Penner Farms - 32-8-13 pump (site 1),71ba6d53-c04f-476f-9da3-ae0401115c8e,Symo  24.0-3 480 (1),,,24.0,parsed_from_inverter_name,131.34,,
fronius,2024-05-19,c3c803c9-49a6-4c83-9884-7f28e9244f2b,Penner Farms - 32-8-13 pump (site 1),528b81d7-df8d-4f62-9b35-ae0401115c98,Symo  24.0-3 480 (2),,,24.0,parsed_from_inverter_name,130.9,,
fronius,2024-05-19,c3c803c9-49a6-4c83-9884-7f28e9244f2b,Penner Farms - 32-8-13 pump (site 1),f97377a3-6539-450f-9b74-ae0401115ca1,Symo 24.0-3 480 (3),,,24.0,parsed_from_inverter_name,68.48,,
fronius,2024-05-20,c3c803c9-49a6-4c83-9884-7f28e9244f2b,Penner Farms - 32-8-13 pump (site 1),71ba6d53-c04f-476f-9da3-ae0401115c8e,Symo  24.0-3 480 (1),,,24.0,parsed_from_inverter_name,122.57,,
fronius,2024-05-20,c3c803c9-49a6-4c83-9884-7f28e9244f2b,Penner Farms - 32-8-13 pump (site 1),528b81d7-df8d-4f62-9b35-ae0401115c98,Symo  24.0-3 480 (2),,,24.0,parsed_from_inverter_name,122.24,,
fronius,2024-05-20,c3c803c9-49a6-4c83-9884-7f28e9244f2b,Penner Farms - 32-8-13 pump (site 1),f97377a3-6539-450f-9b74-ae0401115ca1,Symo 24.0-3 480 (3),,,24.0,parsed_from_inverter_name,63.01,,
fronius,2024-05-21,c3c803c9-49a6-4c83-9884-7f28e9244f2b,Penner Farms - 32-8-13 pump (site 1),71ba6d53-c04f-476f-9da3-ae0401115c8e,Symo  24.0-3 480 (1),,,24.0,parsed_from_inverter_name,132.21,,
fronius,2024-05-21,c3c803c9-49a6-4c83-9884-7f28e9244f2b,Penner Farms - 32-8-13 pump (site 1),528b81d7-df8d-4f62-9b35-ae0401115c98,Symo  24.0-3 480 (2),,,24.0,parsed_from_inverter_name,152.72,,
fronius,2024-05-21,c3c803c9-49a6-4c83-9884-7f28e9244f2b,Penner Farms - 32-8-13 pump (site 1),f97377a3-6539-450f-9b74-ae0401115ca1,Symo 24.0-3 480 (3),,,24.0,parsed_from_inverter_name,79.69,,
fronius,2024-05-22,c3c803c9-49a6-4c83-9884-7f28e9244f2b,Penner Farms - 32-8-13 pump (site 1),71ba6d53-c04f-476f-9da3-ae0401115c8e,Symo  24.0-3 480 (1),,,24.0,parsed_from_inverter_name,102.51,,
fronius,2024-05-22,c3c803c9-49a6-4c83-9884-7f28e9244f2b,Penner Farms - 32-8-13 pump (site 1),528b81d7-df8d-4f62-9b35-ae0401115c98,Symo  24.0-3 480 (2),,,24.0,parsed_from_inverter_name,101.59,,
fronius,2024-05-22,c3c803c9-49a6-4c83-9884-7f28e9244f2b,Penner Farms - 32-8-13 pump (site 1),f97377a3-6539-450f-9b74-ae0401115ca1,Symo 24.0-3 480 (3),,,24.0,parsed_from_inverter_name,51.83,,
fronius,2024-05-23,c3c803c9-49a6-4c83-9884-7f28e9244f2b,Penner Farms - 32-8-13 pump (site 1),71ba6d53-c04f-476f-9da3-ae0401115c8e,Symo  24.0-3 480 (1),,,24.0,parsed_from_inverter_name,130.05,,
fronius,2024-05-23,c3c803c9-49a6-4c83-9884-7f28e9244f2b,Penner Farms - 32-8-13 pump (site 1),528b81d7-df8d-4f62-9b35-ae0401115c98,Symo  24.0-3 480 (2),,,24.0,parsed_from_inverter_name,129.66,,
fronius,2024-05-23,c3c803c9-49a6-4c83-9884-7f28e9244f2b,Penner Farms - 32-8-13 pump (site 1),f97377a3-6539-450f-9b74-ae0401115ca1,Symo 24.0-3 480 (3),,,24.0,parsed_from_inverter_name,66.96,,
fronius,2024-05-24,c3c803c9-49a6-4c83-9884-7f28e9244f2b,Penner Farms - 32-8-13 pump (site 1),71ba6d53-c04f-476f-9da3-ae0401115c8e,Symo  24.0-3 480 (1),,,24.0,parsed_from_inverter_name,161.16,,
fronius,2024-05-24,c3c803c9-49a6-4c83-9884-7f28e9244f2b,Penner Farms - 32-8-13 pump (site 1),528b81d7-df8d-4f62-9b35-ae0401115c98,Symo  24.0-3 480 (2),,,24.0,parsed_from_inverter_name,160.41,,
fronius,2024-05-24,c3c803c9-49a6-4c83-9884-7f28e9244f2b,Penner Farms - 32-8-13 pump (site 1),f97377a3-6539-450f-9b74-ae0401115ca1,Symo 24.0-3 480 (3),,,24.0,parsed_from_inverter_name,82.2,,
fronius,2024-05-25,c3c803c9-49a6-4c83-9884-7f28e9244f2b,Penner Farms - 32-8-13 pump (site 1),71ba6d53-c04f-476f-9da3-ae0401115c8e,Symo  24.0-3 480 (1),,,24.0,parsed_from_inverter_name,138.12,,
fronius,2024-05-25,c3c803c9-49a6-4c83-9884-7f28e9244f2b,Penner Farms - 32-8-13 pump (site 1),528b81d7-df8d-4f62-9b35-ae0401115c98,Symo  24.0-3 480 (2),,,24.0,parsed_from_inverter_name,137.09,,
fronius,2024-05-25,c3c803c9-49a6-4c83-9884-7f28e9244f2b,Penner Farms - 32-8-13 pump (site 1),f97377a3-6539-450f-9b74-ae0401115ca1,Symo 24.0-3 480 (3),,,24.0,parsed_from_inverter_name,70.81,,
fronius,2024-05-26,c3c803c9-49a6-4c83-9884-7f28e9244f2b,Penner Farms - 32-8-13 pump (site 1),71ba6d53-c04f-476f-9da3-ae0401115c8e,Symo  24.0-3 480 (1),,,24.0,parsed_from_inverter_name,136.22,,
fronius,2024-05-26,c3c803c9-49a6-4c83-9884-7f28e9244f2b,Penner Farms - 32-8-13 pump (site 1),528b81d7-df8d-4f62-9b35-ae0401115c98,Symo  24.0-3 480 (2),,,24.0,parsed_from_inverter_name,135.85,,
fronius,2024-05-26,c3c803c9-49a6-4c83-9884-7f28e9244f2b,Penner Farms - 32-8-13 pump (site 1),f97377a3-6539-450f-9b74-ae0401115ca1,Symo 24.0-3 480 (3),,,24.0,parsed_from_inverter_name,71.22,,
fronius,2024-05-27,c3c803c9-49a6-4c83-9884-7f28e9244f2b,Penner Farms - 32-8-13 pump (site 1),71ba6d53-c04f-476f-9da3-ae0401115c8e,Symo  24.0-3 480 (1),,,24.0,parsed_from_inverter_name,196.85,,
fronius,2024-05-27,c3c803c9-49a6-4c83-9884-7f28e9244f2b,Penner Farms - 32-8-13 pump (site 1),528b81d7-df8d-4f62-9b35-ae0401115c98,Symo  24.0-3 480 (2),,,24.0,parsed_from_inverter_name,196.0,,
fronius,2024-05-27,c3c803c9-49a6-4c83-9884-7f28e9244f2b,Penner Farms - 32-8-13 pump (site 1),f97377a3-6539-450f-9b74-ae0401115ca1,Symo 24.0-3 480 (3),,,24.0,parsed_from_inverter_name,99.79,,
fronius,2024-05-28,c3c803c9-49a6-4c83-9884-7f28e9244f2b,Penner Farms - 32-8-13 pump (site 1),71ba6d53-c04f-476f-9da3-ae0401115c8e,Symo  24.0-3 480 (1),,,24.0,parsed_from_inverter_name,191.13,,
fronius,2024-05-28,c3c803c9-49a6-4c83-9884-7f28e9244f2b,Penner Farms - 32-8-13 pump (site 1),528b81d7-df8d-4f62-9b35-ae0401115c98,Symo  24.0-3 480 (2),,,24.0,parsed_from_inverter_name,188.38,,
fronius,2024-05-28,c3c803c9-49a6-4c83-9884-7f28e9244f2b,Penner Farms - 32-8-13 pump (site 1),f97377a3-6539-450f-9b74-ae0401115ca1,Symo 24.0-3 480 (3),,,24.0,parsed_from_inverter_name,96.63,,
fronius,2024-05-29,c3c803c9-49a6-4c83-9884-7f28e9244f2b,Penner Farms - 32-8-13 pump (site 1),71ba6d53-c04f-476f-9da3-ae0401115c8e,Symo  24.0-3 480 (1),,,24.0,parsed_from_inverter_name,188.09,,
fronius,2024-05-29,c3c803c9-49a6-4c83-9884-7f28e9244f2b,Penner Farms - 32-8-13 pump (site 1),528b81d7-df8d-4f62-9b35-ae0401115c98,Symo  24.0-3 480 (2),,,24.0,parsed_from_inverter_name,187.37,,
fronius,2024-05-29,c3c803c9-49a6-4c83-9884-7f28e9244f2b,Penner Farms - 32-8-13 pump (site 1),f97377a3-6539-450f-9b74-ae0401115ca1,Symo 24.0-3 480 (3),,,24.0,parsed_from_inverter_name,96.0,,
fronius,2024-05-30,c3c803c9-49a6-4c83-9884-7f28e9244f2b,Penner Farms - 32-8-13 pump (site 1),71ba6d53-c04f-476f-9da3-ae0401115c8e,Symo  24.0-3 480 (1),,,24.0,parsed_from_inverter_name,103.06,,
fronius,2024-05-30,c3c803c9-49a6-4c83-9884-7f28e9244f2b,Penner Farms - 32-8-13 pump (site 1),528b81d7-df8d-4f62-9b35-ae0401115c98,Symo  24.0-3 480 (2),,,24.0,parsed_from_inverter_name,102.5,,
fronius,2024-05-30,c3c803c9-49a6-4c83-9884-7f28e9244f2b,Penner Farms - 32-8-13 pump (site 1),f97377a3-6539-450f-9b74-ae0401115ca1,Symo 24.0-3 480 (3),,,24.0,parsed_from_inverter_name,52.13,,
fronius,2024-05-31,c3c803c9-49a6-4c83-9884-7f28e9244f2b,Penner Farms - 32-8-13 pump (site 1),71ba6d53-c04f-476f-9da3-ae0401115c8e,Symo  24.0-3 480 (1),,,24.0,parsed_from_inverter_name,155.77,,
fronius,2024-05-31,c3c803c9-49a6-4c83-9884-7f28e9244f2b,Penner Farms - 32-8-13 pump (site 1),528b81d7-df8d-4f62-9b35-ae0401115c98,Symo  24.0-3 480 (2),,,24.0,parsed_from_inverter_name,154.77,,
fronius,2024-05-31,c3c803c9-49a6-4c83-9884-7f28e9244f2b,Penner Farms - 32-8-13 pump (site 1),f97377a3-6539-450f-9b74-ae0401115ca1,Symo 24.0-3 480 (3),,,24.0,parsed_from_inverter_name,80.28,,
fronius,2024-06-01,c3c803c9-49a6-4c83-9884-7f28e9244f2b,Penner Farms - 32-8-13 pump (site 1),71ba6d53-c04f-476f-9da3-ae0401115c8e,Symo  24.0-3 480 (1),,,24.0,parsed_from_inverter_name,160.15,,
fronius,2024-06-01,c3c803c9-49a6-4c83-9884-7f28e9244f2b,Penner Farms - 32-8-13 pump (site 1),528b81d7-df8d-4f62-9b35-ae0401115c98,Symo  24.0-3 480 (2),,,24.0,parsed_from_inverter_name,158.97,,
fronius,2024-06-01,c3c803c9-49a6-4c83-9884-7f28e9244f2b,Penner Farms - 32-8-13 pump (site 1),f97377a3-6539-450f-9b74-ae0401115ca1,Symo 24.0-3 480 (3),,,24.0,parsed_from_inverter_name,80.76,,
fronius,2024-06-02,c3c803c9-49a6-4c83-9884-7f28e9244f2b,Penner Farms - 32-8-13 pump (site 1),71ba6d53-c04f-476f-9da3-ae0401115c8e,Symo  24.0-3 480 (1),,,24.0,parsed_from_inverter_name,166.63,,
fronius,2024-06-02,c3c803c9-49a6-4c83-9884-7f28e9244f2b,Penner Farms - 32-8-13 pump (site 1),528b81d7-df8d-4f62-9b35-ae0401115c98,Symo  24.0-3 480 (2),,,24.0,parsed_from_inverter_name,182.29,,
fronius,2024-06-02,c3c803c9-49a6-4c83-9884-7f28e9244f2b,Penner Farms - 32-8-13 pump (site 1),f97377a3-6539-450f-9b74-ae0401115ca1,Symo 24.0-3 480 (3),,,24.0,parsed_from_inverter_name,88.0,,
fronius,2024-06-03,c3c803c9-49a6-4c83-9884-7f28e9244f2b,Penner Farms - 32-8-13 pump (site 1),71ba6d53-c04f-476f-9da3-ae0401115c8e,Symo  24.0-3 480 (1),,,24.0,parsed_from_inverter_name,115.06,,
fronius,2024-06-03,c3c803c9-49a6-4c83-9884-7f28e9244f2b,Penner Farms - 32-8-13 pump (site 1),528b81d7-df8d-4f62-9b35-ae0401115c98,Symo  24.0-3 480 (2),,,24.0,parsed_from_inverter_name,113.92,,
fronius,2024-06-03,c3c803c9-49a6-4c83-9884-7f28e9244f2b,Penner Farms - 32-8-13 pump (site 1),f97377a3-6539-450f-9b74-ae0401115ca1,Symo 24.0-3 480 (3),,,24.0,parsed_from_inverter_name,58.67,,
fronius,2024-06-04,c3c803c9-49a6-4c83-9884-7f28e9244f2b,Penner Farms - 32-8-13 pump (site 1),71ba6d53-c04f-476f-9da3-ae0401115c8e,Symo  24.0-3 480 (1),,,24.0,parsed_from_inverter_name,206.3,,
fronius,2024-06-04,c3c803c9-49a6-4c83-9884-7f28e9244f2b,Penner Farms - 32-8-13 pump (site 1),528b81d7-df8d-4f62-9b35-ae0401115c98,Symo  24.0-3 480 (2),,,24.0,parsed_from_inverter_name,205.54,,
fronius,2024-06-04,c3c803c9-49a6-4c83-9884-7f28e9244f2b,Penner Farms - 32-8-13 pump (site 1),f97377a3-6539-450f-9b74-ae0401115ca1,Symo 24.0-3 480 (3),,,24.0,parsed_from_inverter_name,48.37,,
fronius,2024-06-05,c3c803c9-49a6-4c83-9884-7f28e9244f2b,Penner Farms - 32-8-13 pump (site 1),71ba6d53-c04f-476f-9da3-ae0401115c8e,Symo  24.0-3 480 (1),,,24.0,parsed_from_inverter_name,197.07,,
fronius,2024-06-05,c3c803c9-49a6-4c83-9884-7f28e9244f2b,Penner Farms - 32-8-13 pump (site 1),528b81d7-df8d-4f62-9b35-ae0401115c98,Symo  24.0-3 480 (2),,,24.0,parsed_from_inverter_name,196.73,,
fronius,2024-06-06,c3c803c9-49a6-4c83-9884-7f28e9244f2b,Penner Farms - 32-8-13 pump (site 1),71ba6d53-c04f-476f-9da3-ae0401115c8e,Symo  24.0-3 480 (1),,,24.0,parsed_from_inverter_name,196.67,,
fronius,2024-06-06,c3c803c9-49a6-4c83-9884-7f28e9244f2b,Penner Farms - 32-8-13 pump (site 1),528b81d7-df8d-4f62-9b35-ae0401115c98,Symo  24.0-3 480 (2),,,24.0,parsed_from_inverter_name,195.42,,
fronius,2024-06-07,c3c803c9-49a6-4c83-9884-7f28e9244f2b,Penner Farms - 32-8-13 pump (site 1),71ba6d53-c04f-476f-9da3-ae0401115c8e,Symo  24.0-3 480 (1),,,24.0,parsed_from_inverter_name,174.34,,
fronius,2024-06-07,c3c803c9-49a6-4c83-9884-7f28e9244f2b,Penner Farms - 32-8-13 pump (site 1),528b81d7-df8d-4f62-9b35-ae0401115c98,Symo  24.0-3 480 (2),,,24.0,parsed_from_inverter_name,173.66,,
fronius,2024-06-08,c3c803c9-49a6-4c83-9884-7f28e9244f2b,Penner Farms - 32-8-13 pump (site 1),71ba6d53-c04f-476f-9da3-ae0401115c8e,Symo  24.0-3 480 (1),,,24.0,parsed_from_inverter_name,136.85,,
fronius,2024-06-08,c3c803c9-49a6-4c83-9884-7f28e9244f2b,Penner Farms - 32-8-13 pump (site 1),528b81d7-df8d-4f62-9b35-ae0401115c98,Symo  24.0-3 480 (2),,,24.0,parsed_from_inverter_name,135.78,,
fronius,2024-06-09,c3c803c9-49a6-4c83-9884-7f28e9244f2b,Penner Farms - 32-8-13 pump (site 1),71ba6d53-c04f-476f-9da3-ae0401115c8e,Symo  24.0-3 480 (1),,,24.0,parsed_from_inverter_name,198.97,,
fronius,2024-06-09,c3c803c9-49a6-4c83-9884-7f28e9244f2b,Penner Farms - 32-8-13 pump (site 1),528b81d7-df8d-4f62-9b35-ae0401115c98,Symo  24.0-3 480 (2),,,24.0,parsed_from_inverter_name,195.52,,
fronius,2024-06-10,c3c803c9-49a6-4c83-9884-7f28e9244f2b,Penner Farms - 32-8-13 pump (site 1),71ba6d53-c04f-476f-9da3-ae0401115c8e,Symo  24.0-3 480 (1),,,24.0,parsed_from_inverter_name,144.98,,
fronius,2024-06-10,c3c803c9-49a6-4c83-9884-7f28e9244f2b,Penner Farms - 32-8-13 pump (site 1),528b81d7-df8d-4f62-9b35-ae0401115c98,Symo  24.0-3 480 (2),,,24.0,parsed_from_inverter_name,144.5,,
fronius,2024-06-11,c3c803c9-49a6-4c83-9884-7f28e9244f2b,Penner Farms - 32-8-13 pump (site 1),71ba6d53-c04f-476f-9da3-ae0401115c8e,Symo  24.0-3 480 (1),,,24.0,parsed_from_inverter_name,193.64,,
fronius,2024-06-11,c3c803c9-49a6-4c83-9884-7f28e9244f2b,Penner Farms - 32-8-13 pump (site 1),528b81d7-df8d-4f62-9b35-ae0401115c98,Symo  24.0-3 480 (2),,,24.0,parsed_from_inverter_name,192.16,,
fronius,2024-06-12,c3c803c9-49a6-4c83-9884-7f28e9244f2b,Penner Farms - 32-8-13 pump (site 1),71ba6d53-c04f-476f-9da3-ae0401115c8e,Symo  24.0-3 480 (1),,,24.0,parsed_from_inverter_name,199.4,,
fronius,2024-06-12,c3c803c9-49a6-4c83-9884-7f28e9244f2b,Penner Farms - 32-8-13 pump (site 1),528b81d7-df8d-4f62-9b35-ae0401115c98,Symo  24.0-3 480 (2),,,24.0,parsed_from_inverter_name,198.67,,
fronius,2024-06-12,c3c803c9-49a6-4c83-9884-7f28e9244f2b,Penner Farms - 32-8-13 pump (site 1),f97377a3-6539-450f-9b74-ae0401115ca1,Symo 24.0-3 480 (3),,,24.0,parsed_from_inverter_name,14.29,,
fronius,2024-06-13,c3c803c9-49a6-4c83-9884-7f28e9244f2b,Penner Farms - 32-8-13 pump (site 1),71ba6d53-c04f-476f-9da3-ae0401115c8e,Symo  24.0-3 480 (1),,,24.0,parsed_from_inverter_name,190.18,,
fronius,2024-06-13,c3c803c9-49a6-4c83-9884-7f28e9244f2b,Penner Farms - 32-8-13 pump (site 1),528b81d7-df8d-4f62-9b35-ae0401115c98,Symo  24.0-3 480 (2),,,24.0,parsed_from_inverter_name,188.03,,
fronius,2024-06-14,c3c803c9-49a6-4c83-9884-7f28e9244f2b,Penner Farms - 32-8-13 pump (site 1),71ba6d53-c04f-476f-9da3-ae0401115c8e,Symo  24.0-3 480 (1),,,24.0,parsed_from_inverter_name,157.46,,
fronius,2024-06-14,c3c803c9-49a6-4c83-9884-7f28e9244f2b,Penner Farms - 32-8-13 pump (site 1),528b81d7-df8d-4f62-9b35-ae0401115c98,Symo  24.0-3 480 (2),,,24.0,parsed_from_inverter_name,156.35,,
fronius,2024-06-15,c3c803c9-49a6-4c83-9884-7f28e9244f2b,Penner Farms - 32-8-13 pump (site 1),71ba6d53-c04f-476f-9da3-ae0401115c8e,Symo  24.0-3 480 (1),,,24.0,parsed_from_inverter_name,115.46,,
fronius,2024-06-15,c3c803c9-49a6-4c83-9884-7f28e9244f2b,Penner Farms - 32-8-13 pump (site 1),528b81d7-df8d-4f62-9b35-ae0401115c98,Symo  24.0-3 480 (2),,,24.0,parsed_from_inverter_name,114.25,,
fronius,2024-06-16,c3c803c9-49a6-4c83-9884-7f28e9244f2b,Penner Farms - 32-8-13 pump (site 1),71ba6d53-c04f-476f-9da3-ae0401115c8e,Symo  24.0-3 480 (1),,,24.0,parsed_from_inverter_name,66.89,,
fronius,2024-06-16,c3c803c9-49a6-4c83-9884-7f28e9244f2b,Penner Farms - 32-8-13 pump (site 1),528b81d7-df8d-4f62-9b35-ae0401115c98,Symo  24.0-3 480 (2),,,24.0,parsed_from_inverter_name,66.15,,
fronius,2024-06-17,c3c803c9-49a6-4c83-9884-7f28e9244f2b,Penner Farms - 32-8-13 pump (site 1),71ba6d53-c04f-476f-9da3-ae0401115c8e,Symo  24.0-3 480 (1),,,24.0,parsed_from_inverter_name,73.78,,
fronius,2024-06-17,c3c803c9-49a6-4c83-9884-7f28e9244f2b,Penner Farms - 32-8-13 pump (site 1),528b81d7-df8d-4f62-9b35-ae0401115c98,Symo  24.0-3 480 (2),,,24.0,parsed_from_inverter_name,73.25,,
fronius,2024-06-18,c3c803c9-49a6-4c83-9884-7f28e9244f2b,Penner Farms - 32-8-13 pump (site 1),71ba6d53-c04f-476f-9da3-ae0401115c8e,Symo  24.0-3 480 (1),,,24.0,parsed_from_inverter_name,68.97,,
fronius,2024-06-18,c3c803c9-49a6-4c83-9884-7f28e9244f2b,Penner Farms - 32-8-13 pump (site 1),528b81d7-df8d-4f62-9b35-ae0401115c98,Symo  24.0-3 480 (2),,,24.0,parsed_from_inverter_name,68.47,,
fronius,2024-06-18,c3c803c9-49a6-4c83-9884-7f28e9244f2b,Penner Farms - 32-8-13 pump (site 1),f97377a3-6539-450f-9b74-ae0401115ca1,Symo 24.0-3 480 (3),,,24.0,parsed_from_inverter_name,0.0,,
fronius,2024-06-19,c3c803c9-49a6-4c83-9884-7f28e9244f2b,Penner Farms - 32-8-13 pump (site 1),71ba6d53-c04f-476f-9da3-ae0401115c8e,Symo  24.0-3 480 (1),,,24.0,parsed_from_inverter_name,170.6,,
fronius,2024-06-19,c3c803c9-49a6-4c83-9884-7f28e9244f2b,Penner Farms - 32-8-13 pump (site 1),528b81d7-df8d-4f62-9b35-ae0401115c98,Symo  24.0-3 480 (2),,,24.0,parsed_from_inverter_name,170.28,,
fronius,2024-06-20,c3c803c9-49a6-4c83-9884-7f28e9244f2b,Penner Farms - 32-8-13 pump (site 1),71ba6d53-c04f-476f-9da3-ae0401115c8e,Symo  24.0-3 480 (1),,,24.0,parsed_from_inverter_name,178.31,,
fronius,2024-06-20,c3c803c9-49a6-4c83-9884-7f28e9244f2b,Penner Farms - 32-8-13 pump (site 1),528b81d7-df8d-4f62-9b35-ae0401115c98,Symo  24.0-3 480 (2),,,24.0,parsed_from_inverter_name,176.06,,
fronius,2024-06-21,c3c803c9-49a6-4c83-9884-7f28e9244f2b,Penner Farms - 32-8-13 pump (site 1),71ba6d53-c04f-476f-9da3-ae0401115c8e,Symo  24.0-3 480 (1),,,24.0,parsed_from_inverter_name,169.26,,
fronius,2024-06-21,c3c803c9-49a6-4c83-9884-7f28e9244f2b,Penner Farms - 32-8-13 pump (site 1),528b81d7-df8d-4f62-9b35-ae0401115c98,Symo  24.0-3 480 (2),,,24.0,parsed_from_inverter_name,167.21,,
fronius,2024-06-22,c3c803c9-49a6-4c83-9884-7f28e9244f2b,Penner Farms - 32-8-13 pump (site 1),71ba6d53-c04f-476f-9da3-ae0401115c8e,Symo  24.0-3 480 (1),,,24.0,parsed_from_inverter_name,194.94,,
fronius,2024-06-22,c3c803c9-49a6-4c83-9884-7f28e9244f2b,Penner Farms - 32-8-13 pump (site 1),528b81d7-df8d-4f62-9b35-ae0401115c98,Symo  24.0-3 480 (2),,,24.0,parsed_from_inverter_name,193.59,,
fronius,2024-06-23,c3c803c9-49a6-4c83-9884-7f28e9244f2b,Penner Farms - 32-8-13 pump (site 1),71ba6d53-c04f-476f-9da3-ae0401115c8e,Symo  24.0-3 480 (1),,,24.0,parsed_from_inverter_name,189.27,,
fronius,2024-06-23,c3c803c9-49a6-4c83-9884-7f28e9244f2b,Penner Farms - 32-8-13 pump (site 1),528b81d7-df8d-4f62-9b35-ae0401115c98,Symo  24.0-3 480 (2),,,24.0,parsed_from_inverter_name,188.19,,
fronius,2024-06-24,c3c803c9-49a6-4c83-9884-7f28e9244f2b,Penner Farms - 32-8-13 pump (site 1),71ba6d53-c04f-476f-9da3-ae0401115c8e,Symo  24.0-3 480 (1),,,24.0,parsed_from_inverter_name,202.39,,
fronius,2024-06-24,c3c803c9-49a6-4c83-9884-7f28e9244f2b,Penner Farms - 32-8-13 pump (site 1),528b81d7-df8d-4f62-9b35-ae0401115c98,Symo  24.0-3 480 (2),,,24.0,parsed_from_inverter_name,201.86,,
fronius,2024-06-25,c3c803c9-49a6-4c83-9884-7f28e9244f2b,Penner Farms - 32-8-13 pump (site 1),71ba6d53-c04f-476f-9da3-ae0401115c8e,Symo  24.0-3 480 (1),,,24.0,parsed_from_inverter_name,206.41,,
fronius,2024-06-25,c3c803c9-49a6-4c83-9884-7f28e9244f2b,Penner Farms - 32-8-13 pump (site 1),528b81d7-df8d-4f62-9b35-ae0401115c98,Symo  24.0-3 480 (2),,,24.0,parsed_from_inverter_name,206.04,,
fronius,2024-06-26,c3c803c9-49a6-4c83-9884-7f28e9244f2b,Penner Farms - 32-8-13 pump (site 1),71ba6d53-c04f-476f-9da3-ae0401115c8e,Symo  24.0-3 480 (1),,,24.0,parsed_from_inverter_name,139.73,,
fronius,2024-06-26,c3c803c9-49a6-4c83-9884-7f28e9244f2b,Penner Farms - 32-8-13 pump (site 1),528b81d7-df8d-4f62-9b35-ae0401115c98,Symo  24.0-3 480 (2),,,24.0,parsed_from_inverter_name,137.97,,
fronius,2024-06-27,c3c803c9-49a6-4c83-9884-7f28e9244f2b,Penner Farms - 32-8-13 pump (site 1),71ba6d53-c04f-476f-9da3-ae0401115c8e,Symo  24.0-3 480 (1),,,24.0,parsed_from_inverter_name,75.11,,
fronius,2024-06-27,c3c803c9-49a6-4c83-9884-7f28e9244f2b,Penner Farms - 32-8-13 pump (site 1),528b81d7-df8d-4f62-9b35-ae0401115c98,Symo  24.0-3 480 (2),,,24.0,parsed_from_inverter_name,74.22,,
fronius,2024-06-27,c3c803c9-49a6-4c83-9884-7f28e9244f2b,Penner Farms - 32-8-13 pump (site 1),f97377a3-6539-450f-9b74-ae0401115ca1,Symo 24.0-3 480 (3),,,24.0,parsed_from_inverter_name,72.65,,
fronius,2024-06-28,c3c803c9-49a6-4c83-9884-7f28e9244f2b,Penner Farms - 32-8-13 pump (site 1),71ba6d53-c04f-476f-9da3-ae0401115c8e,Symo  24.0-3 480 (1),,,24.0,parsed_from_inverter_name,93.2,,
fronius,2024-06-28,c3c803c9-49a6-4c83-9884-7f28e9244f2b,Penner Farms - 32-8-13 pump (site 1),528b81d7-df8d-4f62-9b35-ae0401115c98,Symo  24.0-3 480 (2),,,24.0,parsed_from_inverter_name,92.17,,
fronius,2024-06-28,c3c803c9-49a6-4c83-9884-7f28e9244f2b,Penner Farms - 32-8-13 pump (site 1),f97377a3-6539-450f-9b74-ae0401115ca1,Symo 24.0-3 480 (3),,,24.0,parsed_from_inverter_name,94.29,,
fronius,2024-06-29,c3c803c9-49a6-4c83-9884-7f28e9244f2b,Penner Farms - 32-8-13 pump (site 1),71ba6d53-c04f-476f-9da3-ae0401115c8e,Symo  24.0-3 480 (1),,,24.0,parsed_from_inverter_name,196.96,,
fronius,2024-06-29,c3c803c9-49a6-4c83-9884-7f28e9244f2b,Penner Farms - 32-8-13 pump (site 1),528b81d7-df8d-4f62-9b35-ae0401115c98,Symo  24.0-3 480 (2),,,24.0,parsed_from_inverter_name,193.34,,
fronius,2024-06-29,c3c803c9-49a6-4c83-9884-7f28e9244f2b,Penner Farms - 32-8-13 pump (site 1),f97377a3-6539-450f-9b74-ae0401115ca1,Symo 24.0-3 480 (3),,,24.0,parsed_from_inverter_name,199.29,,
fronius,2024-06-30,c3c803c9-49a6-4c83-9884-7f28e9244f2b,Penner Farms - 32-8-13 pump (site 1),71ba6d53-c04f-476f-9da3-ae0401115c8e,Symo  24.0-3 480 (1),,,24.0,parsed_from_inverter_name,70.36,,
fronius,2024-06-30,c3c803c9-49a6-4c83-9884-7f28e9244f2b,Penner Farms - 32-8-13 pump (site 1),528b81d7-df8d-4f62-9b35-ae0401115c98,Symo  24.0-3 480 (2),,,24.0,parsed_from_inverter_name,69.25,,
fronius,2024-06-30,c3c803c9-49a6-4c83-9884-7f28e9244f2b,Penner Farms - 32-8-13 pump (site 1),f97377a3-6539-450f-9b74-ae0401115ca1,Symo 24.0-3 480 (3),,,24.0,parsed_from_inverter_name,71.66,,
fronius,2024-07-01,c3c803c9-49a6-4c83-9884-7f28e9244f2b,Penner Farms - 32-8-13 pump (site 1),71ba6d53-c04f-476f-9da3-ae0401115c8e,Symo  24.0-3 480 (1),,,24.0,parsed_from_inverter_name,110.56,,
fronius,2024-07-01,c3c803c9-49a6-4c83-9884-7f28e9244f2b,Penner Farms - 32-8-13 pump (site 1),528b81d7-df8d-4f62-9b35-ae0401115c98,Symo  24.0-3 480 (2),,,24.0,parsed_from_inverter_name,109.54,,
fronius,2024-07-01,c3c803c9-49a6-4c83-9884-7f28e9244f2b,Penner Farms - 32-8-13 pump (site 1),f97377a3-6539-450f-9b74-ae0401115ca1,Symo 24.0-3 480 (3),,,24.0,parsed_from_inverter_name,112.49,,
fronius,2024-07-02,c3c803c9-49a6-4c83-9884-7f28e9244f2b,Penner Farms - 32-8-13 pump (site 1),71ba6d53-c04f-476f-9da3-ae0401115c8e,Symo  24.0-3 480 (1),,,24.0,parsed_from_inverter_name,176.23,,
fronius,2024-07-02,c3c803c9-49a6-4c83-9884-7f28e9244f2b,Penner Farms - 32-8-13 pump (site 1),528b81d7-df8d-4f62-9b35-ae0401115c98,Symo  24.0-3 480 (2),,,24.0,parsed_from_inverter_name,175.82,,
fronius,2024-07-02,c3c803c9-49a6-4c83-9884-7f28e9244f2b,Penner Farms - 32-8-13 pump (site 1),f97377a3-6539-450f-9b74-ae0401115ca1,Symo 24.0-3 480 (3),,,24.0,parsed_from_inverter_name,178.62,,
fronius,2024-07-03,c3c803c9-49a6-4c83-9884-7f28e9244f2b,Penner Farms - 32-8-13 pump (site 1),71ba6d53-c04f-476f-9da3-ae0401115c8e,Symo  24.0-3 480 (1),,,24.0,parsed_from_inverter_name,132.2,,
fronius,2024-07-03,c3c803c9-49a6-4c83-9884-7f28e9244f2b,Penner Farms - 32-8-13 pump (site 1),528b81d7-df8d-4f62-9b35-ae0401115c98,Symo  24.0-3 480 (2),,,24.0,parsed_from_inverter_name,131.22,,
fronius,2024-07-03,c3c803c9-49a6-4c83-9884-7f28e9244f2b,Penner Farms - 32-8-13 pump (site 1),f97377a3-6539-450f-9b74-ae0401115ca1,Symo 24.0-3 480 (3),,,24.0,parsed_from_inverter_name,134.15,,
fronius,2024-07-04,c3c803c9-49a6-4c83-9884-7f28e9244f2b,Penner Farms - 32-8-13 pump (site 1),71ba6d53-c04f-476f-9da3-ae0401115c8e,Symo  24.0-3 480 (1),,,24.0,parsed_from_inverter_name,162.16,,
fronius,2024-07-04,c3c803c9-49a6-4c83-9884-7f28e9244f2b,Penner Farms - 32-8-13 pump (site 1),528b81d7-df8d-4f62-9b35-ae0401115c98,Symo  24.0-3 480 (2),,,24.0,parsed_from_inverter_name,169.42,,
fronius,2024-07-04,c3c803c9-49a6-4c83-9884-7f28e9244f2b,Penner Farms - 32-8-13 pump (site 1),f97377a3-6539-450f-9b74-ae0401115ca1,Symo 24.0-3 480 (3),,,24.0,parsed_from_inverter_name,172.1,,
fronius,2024-07-05,c3c803c9-49a6-4c83-9884-7f28e9244f2b,Penner Farms - 32-8-13 pump (site 1),71ba6d53-c04f-476f-9da3-ae0401115c8e,Symo  24.0-3 480 (1),,,24.0,parsed_from_inverter_name,194.43,,
fronius,2024-07-05,c3c803c9-49a6-4c83-9884-7f28e9244f2b,Penner Farms - 32-8-13 pump (site 1),528b81d7-df8d-4f62-9b35-ae0401115c98,Symo  24.0-3 480 (2),,,24.0,parsed_from_inverter_name,193.21,,
fronius,2024-07-05,c3c803c9-49a6-4c83-9884-7f28e9244f2b,Penner Farms - 32-8-13 pump (site 1),f97377a3-6539-450f-9b74-ae0401115ca1,Symo 24.0-3 480 (3),,,24.0,parsed_from_inverter_name,196.94,,
fronius,2024-07-06,c3c803c9-49a6-4c83-9884-7f28e9244f2b,Penner Farms - 32-8-13 pump (site 1),71ba6d53-c04f-476f-9da3-ae0401115c8e,Symo  24.0-3 480 (1),,,24.0,parsed_from_inverter_name,170.86,,
fronius,2024-07-06,c3c803c9-49a6-4c83-9884-7f28e9244f2b,Penner Farms - 32-8-13 pump (site 1),528b81d7-df8d-4f62-9b35-ae0401115c98,Symo  24.0-3 480 (2),,,24.0,parsed_from_inverter_name,170.01,,
fronius,2024-07-06,c3c803c9-49a6-4c83-9884-7f28e9244f2b,Penner Farms - 32-8-13 pump (site 1),f97377a3-6539-450f-9b74-ae0401115ca1,Symo 24.0-3 480 (3),,,24.0,parsed_from_inverter_name,172.66,,
fronius,2024-07-07,c3c803c9-49a6-4c83-9884-7f28e9244f2b,Penner Farms - 32-8-13 pump (site 1),71ba6d53-c04f-476f-9da3-ae0401115c8e,Symo  24.0-3 480 (1),,,24.0,parsed_from_inverter_name,191.98,,
fronius,2024-07-07,c3c803c9-49a6-4c83-9884-7f28e9244f2b,Penner Farms - 32-8-13 pump (site 1),528b81d7-df8d-4f62-9b35-ae0401115c98,Symo  24.0-3 480 (2),,,24.0,parsed_from_inverter_name,190.23,,
fronius,2024-07-07,c3c803c9-49a6-4c83-9884-7f28e9244f2b,Penner Farms - 32-8-13 pump (site 1),f97377a3-6539-450f-9b74-ae0401115ca1,Symo 24.0-3 480 (3),,,24.0,parsed_from_inverter_name,194.24,,
fronius,2024-07-08,c3c803c9-49a6-4c83-9884-7f28e9244f2b,Penner Farms - 32-8-13 pump (site 1),71ba6d53-c04f-476f-9da3-ae0401115c8e,Symo  24.0-3 480 (1),,,24.0,parsed_from_inverter_name,189.62,,
fronius,2024-07-08,c3c803c9-49a6-4c83-9884-7f28e9244f2b,Penner Farms - 32-8-13 pump (site 1),528b81d7-df8d-4f62-9b35-ae0401115c98,Symo  24.0-3 480 (2),,,24.0,parsed_from_inverter_name,188.27,,
fronius,2024-07-08,c3c803c9-49a6-4c83-9884-7f28e9244f2b,Penner Farms - 32-8-13 pump (site 1),f97377a3-6539-450f-9b74-ae0401115ca1,Symo 24.0-3 480 (3),,,24.0,parsed_from_inverter_name,191.5,,
fronius,2024-07-09,c3c803c9-49a6-4c83-9884-7f28e9244f2b,Penner Farms - 32-8-13 pump (site 1),71ba6d53-c04f-476f-9da3-ae0401115c8e,Symo  24.0-3 480 (1),,,24.0,parsed_from_inverter_name,187.77,,
fronius,2024-07-09,c3c803c9-49a6-4c83-9884-7f28e9244f2b,Penner Farms - 32-8-13 pump (site 1),528b81d7-df8d-4f62-9b35-ae0401115c98,Symo  24.0-3 480 (2),,,24.0,parsed_from_inverter_name,185.48,,
fronius,2024-07-09,c3c803c9-49a6-4c83-9884-7f28e9244f2b,Penner Farms - 32-8-13 pump (site 1),f97377a3-6539-450f-9b74-ae0401115ca1,Symo 24.0-3 480 (3),,,24.0,parsed_from_inverter_name,188.95,,
fronius,2024-07-10,c3c803c9-49a6-4c83-9884-7f28e9244f2b,Penner Farms - 32-8-13 pump (site 1),71ba6d53-c04f-476f-9da3-ae0401115c8e,Symo  24.0-3 480 (1),,,24.0,parsed_from_inverter_name,186.0,,
fronius,2024-07-10,c3c803c9-49a6-4c83-9884-7f28e9244f2b,Penner Farms - 32-8-13 pump (site 1),528b81d7-df8d-4f62-9b35-ae0401115c98,Symo  24.0-3 480 (2),,,24.0,parsed_from_inverter_name,183.28,,
fronius,2024-07-10,c3c803c9-49a6-4c83-9884-7f28e9244f2b,Penner Farms - 32-8-13 pump (site 1),f97377a3-6539-450f-9b74-ae0401115ca1,Symo 24.0-3 480 (3),,,24.0,parsed_from_inverter_name,187.22,,
fronius,2024-07-11,c3c803c9-49a6-4c83-9884-7f28e9244f2b,Penner Farms - 32-8-13 pump (site 1),71ba6d53-c04f-476f-9da3-ae0401115c8e,Symo  24.0-3 480 (1),,,24.0,parsed_from_inverter_name,186.57,,
fronius,2024-07-11,c3c803c9-49a6-4c83-9884-7f28e9244f2b,Penner Farms - 32-8-13 pump (site 1),528b81d7-df8d-4f62-9b35-ae0401115c98,Symo  24.0-3 480 (2),,,24.0,parsed_from_inverter_name,184.44,,
fronius,2024-07-11,c3c803c9-49a6-4c83-9884-7f28e9244f2b,Penner Farms - 32-8-13 pump (site 1),f97377a3-6539-450f-9b74-ae0401115ca1,Symo 24.0-3 480 (3),,,24.0,parsed_from_inverter_name,188.01,,
fronius,2024-07-12,c3c803c9-49a6-4c83-9884-7f28e9244f2b,Penner Farms - 32-8-13 pump (site 1),71ba6d53-c04f-476f-9da3-ae0401115c8e,Symo  24.0-3 480 (1),,,24.0,parsed_from_inverter_name,186.24,,
fronius,2024-07-12,c3c803c9-49a6-4c83-9884-7f28e9244f2b,Penner Farms - 32-8-13 pump (site 1),528b81d7-df8d-4f62-9b35-ae0401115c98,Symo  24.0-3 480 (2),,,24.0,parsed_from_inverter_name,184.17,,
fronius,2024-07-12,c3c803c9-49a6-4c83-9884-7f28e9244f2b,Penner Farms - 32-8-13 pump (site 1),f97377a3-6539-450f-9b74-ae0401115ca1,Symo 24.0-3 480 (3),,,24.0,parsed_from_inverter_name,187.66,,
fronius,2024-07-13,c3c803c9-49a6-4c83-9884-7f28e9244f2b,Penner Farms - 32-8-13 pump (site 1),71ba6d53-c04f-476f-9da3-ae0401115c8e,Symo  24.0-3 480 (1),,,24.0,parsed_from_inverter_name,186.82,,
fronius,2024-07-13,c3c803c9-49a6-4c83-9884-7f28e9244f2b,Penner Farms - 32-8-13 pump (site 1),528b81d7-df8d-4f62-9b35-ae0401115c98,Symo  24.0-3 480 (2),,,24.0,parsed_from_inverter_name,184.11,,
fronius,2024-07-13,c3c803c9-49a6-4c83-9884-7f28e9244f2b,Penner Farms - 32-8-13 pump (site 1),f97377a3-6539-450f-9b74-ae0401115ca1,Symo 24.0-3 480 (3),,,24.0,parsed_from_inverter_name,188.11,,
fronius,2024-07-14,c3c803c9-49a6-4c83-9884-7f28e9244f2b,Penner Farms - 32-8-13 pump (site 1),71ba6d53-c04f-476f-9da3-ae0401115c8e,Symo  24.0-3 480 (1),,,24.0,parsed_from_inverter_name,186.68,,
fronius,2024-07-14,c3c803c9-49a6-4c83-9884-7f28e9244f2b,Penner Farms - 32-8-13 pump (site 1),528b81d7-df8d-4f62-9b35-ae0401115c98,Symo  24.0-3 480 (2),,,24.0,parsed_from_inverter_name,183.27,,
fronius,2024-07-14,c3c803c9-49a6-4c83-9884-7f28e9244f2b,Penner Farms - 32-8-13 pump (site 1),f97377a3-6539-450f-9b74-ae0401115ca1,Symo 24.0-3 480 (3),,,24.0,parsed_from_inverter_name,186.52,,
fronius,2024-07-15,c3c803c9-49a6-4c83-9884-7f28e9244f2b,Penner Farms - 32-8-13 pump (site 1),71ba6d53-c04f-476f-9da3-ae0401115c8e,Symo  24.0-3 480 (1),,,24.0,parsed_from_inverter_name,181.21,,
fronius,2024-07-15,c3c803c9-49a6-4c83-9884-7f28e9244f2b,Penner Farms - 32-8-13 pump (site 1),528b81d7-df8d-4f62-9b35-ae0401115c98,Symo  24.0-3 480 (2),,,24.0,parsed_from_inverter_name,178.45,,
fronius,2024-07-15,c3c803c9-49a6-4c83-9884-7f28e9244f2b,Penner Farms - 32-8-13 pump (site 1),f97377a3-6539-450f-9b74-ae0401115ca1,Symo 24.0-3 480 (3),,,24.0,parsed_from_inverter_name,182.16,,
fronius,2024-07-16,c3c803c9-49a6-4c83-9884-7f28e9244f2b,Penner Farms - 32-8-13 pump (site 1),71ba6d53-c04f-476f-9da3-ae0401115c8e,Symo  24.0-3 480 (1),,,24.0,parsed_from_inverter_name,181.97,,
fronius,2024-07-16,c3c803c9-49a6-4c83-9884-7f28e9244f2b,Penner Farms - 32-8-13 pump (site 1),528b81d7-df8d-4f62-9b35-ae0401115c98,Symo  24.0-3 480 (2),,,24.0,parsed_from_inverter_name,178.98,,
fronius,2024-07-16,c3c803c9-49a6-4c83-9884-7f28e9244f2b,Penner Farms - 32-8-13 pump (site 1),f97377a3-6539-450f-9b74-ae0401115ca1,Symo 24.0-3 480 (3),,,24.0,parsed_from_inverter_name,182.35,,
fronius,2024-07-17,c3c803c9-49a6-4c83-9884-7f28e9244f2b,Penner Farms - 32-8-13 pump (site 1),71ba6d53-c04f-476f-9da3-ae0401115c8e,Symo  24.0-3 480 (1),,,24.0,parsed_from_inverter_name,184.24,,
fronius,2024-07-17,c3c803c9-49a6-4c83-9884-7f28e9244f2b,Penner Farms - 32-8-13 pump (site 1),528b81d7-df8d-4f62-9b35-ae0401115c98,Symo  24.0-3 480 (2),,,24.0,parsed_from_inverter_name,180.17,,
fronius,2024-07-17,c3c803c9-49a6-4c83-9884-7f28e9244f2b,Penner Farms - 32-8-13 pump (site 1),f97377a3-6539-450f-9b74-ae0401115ca1,Symo 24.0-3 480 (3),,,24.0,parsed_from_inverter_name,184.28,,
fronius,2024-07-18,c3c803c9-49a6-4c83-9884-7f28e9244f2b,Penner Farms - 32-8-13 pump (site 1),71ba6d53-c04f-476f-9da3-ae0401115c8e,Symo  24.0-3 480 (1),,,24.0,parsed_from_inverter_name,96.43,,
fronius,2024-07-18,c3c803c9-49a6-4c83-9884-7f28e9244f2b,Penner Farms - 32-8-13 pump (site 1),528b81d7-df8d-4f62-9b35-ae0401115c98,Symo  24.0-3 480 (2),,,24.0,parsed_from_inverter_name,94.96,,
fronius,2024-07-18,c3c803c9-49a6-4c83-9884-7f28e9244f2b,Penner Farms - 32-8-13 pump (site 1),f97377a3-6539-450f-9b74-ae0401115ca1,Symo 24.0-3 480 (3),,,24.0,parsed_from_inverter_name,97.33,,
fronius,2024-07-19,c3c803c9-49a6-4c83-9884-7f28e9244f2b,Penner Farms - 32-8-13 pump (site 1),71ba6d53-c04f-476f-9da3-ae0401115c8e,Symo  24.0-3 480 (1),,,24.0,parsed_from_inverter_name,178.36,,
fronius,2024-07-19,c3c803c9-49a6-4c83-9884-7f28e9244f2b,Penner Farms - 32-8-13 pump (site 1),528b81d7-df8d-4f62-9b35-ae0401115c98,Symo  24.0-3 480 (2),,,24.0,parsed_from_inverter_name,176.19,,
fronius,2024-07-19,c3c803c9-49a6-4c83-9884-7f28e9244f2b,Penner Farms - 32-8-13 pump (site 1),f97377a3-6539-450f-9b74-ae0401115ca1,Symo 24.0-3 480 (3),,,24.0,parsed_from_inverter_name,179.53,,
fronius,2024-07-20,c3c803c9-49a6-4c83-9884-7f28e9244f2b,Penner Farms - 32-8-13 pump (site 1),71ba6d53-c04f-476f-9da3-ae0401115c8e,Symo  24.0-3 480 (1),,,24.0,parsed_from_inverter_name,175.58,,
fronius,2024-07-20,c3c803c9-49a6-4c83-9884-7f28e9244f2b,Penner Farms - 32-8-13 pump (site 1),528b81d7-df8d-4f62-9b35-ae0401115c98,Symo  24.0-3 480 (2),,,24.0,parsed_from_inverter_name,173.65,,
fronius,2024-07-20,c3c803c9-49a6-4c83-9884-7f28e9244f2b,Penner Farms - 32-8-13 pump (site 1),f97377a3-6539-450f-9b74-ae0401115ca1,Symo 24.0-3 480 (3),,,24.0,parsed_from_inverter_name,176.93,,
fronius,2024-07-21,c3c803c9-49a6-4c83-9884-7f28e9244f2b,Penner Farms - 32-8-13 pump (site 1),71ba6d53-c04f-476f-9da3-ae0401115c8e,Symo  24.0-3 480 (1),,,24.0,parsed_from_inverter_name,171.75,,
fronius,2024-07-21,c3c803c9-49a6-4c83-9884-7f28e9244f2b,Penner Farms - 32-8-13 pump (site 1),528b81d7-df8d-4f62-9b35-ae0401115c98,Symo  24.0-3 480 (2),,,24.0,parsed_from_inverter_name,168.89,,
fronius,2024-07-21,c3c803c9-49a6-4c83-9884-7f28e9244f2b,Penner Farms - 32-8-13 pump (site 1),f97377a3-6539-450f-9b74-ae0401115ca1,Symo 24.0-3 480 (3),,,24.0,parsed_from_inverter_name,171.84,,
fronius,2024-07-22,c3c803c9-49a6-4c83-9884-7f28e9244f2b,Penner Farms - 32-8-13 pump (site 1),71ba6d53-c04f-476f-9da3-ae0401115c8e,Symo  24.0-3 480 (1),,,24.0,parsed_from_inverter_name,143.74,,
fronius,2024-07-22,c3c803c9-49a6-4c83-9884-7f28e9244f2b,Penner Farms - 32-8-13 pump (site 1),528b81d7-df8d-4f62-9b35-ae0401115c98,Symo  24.0-3 480 (2),,,24.0,parsed_from_inverter_name,140.83,,
fronius,2024-07-22,c3c803c9-49a6-4c83-9884-7f28e9244f2b,Penner Farms - 32-8-13 pump (site 1),f97377a3-6539-450f-9b74-ae0401115ca1,Symo 24.0-3 480 (3),,,24.0,parsed_from_inverter_name,143.69,,
fronius,2024-07-23,c3c803c9-49a6-4c83-9884-7f28e9244f2b,Penner Farms - 32-8-13 pump (site 1),71ba6d53-c04f-476f-9da3-ae0401115c8e,Symo  24.0-3 480 (1),,,24.0,parsed_from_inverter_name,172.84,,
fronius,2024-07-23,c3c803c9-49a6-4c83-9884-7f28e9244f2b,Penner Farms - 32-8-13 pump (site 1),528b81d7-df8d-4f62-9b35-ae0401115c98,Symo  24.0-3 480 (2),,,24.0,parsed_from_inverter_name,170.47,,
fronius,2024-07-23,c3c803c9-49a6-4c83-9884-7f28e9244f2b,Penner Farms - 32-8-13 pump (site 1),f97377a3-6539-450f-9b74-ae0401115ca1,Symo 24.0-3 480 (3),,,24.0,parsed_from_inverter_name,173.51,,
fronius,2024-07-24,c3c803c9-49a6-4c83-9884-7f28e9244f2b,Penner Farms - 32-8-13 pump (site 1),71ba6d53-c04f-476f-9da3-ae0401115c8e,Symo  24.0-3 480 (1),,,24.0,parsed_from_inverter_name,177.76,,
fronius,2024-07-24,c3c803c9-49a6-4c83-9884-7f28e9244f2b,Penner Farms - 32-8-13 pump (site 1),528b81d7-df8d-4f62-9b35-ae0401115c98,Symo  24.0-3 480 (2),,,24.0,parsed_from_inverter_name,174.97,,
fronius,2024-07-24,c3c803c9-49a6-4c83-9884-7f28e9244f2b,Penner Farms - 32-8-13 pump (site 1),f97377a3-6539-450f-9b74-ae0401115ca1,Symo 24.0-3 480 (3),,,24.0,parsed_from_inverter_name,177.92,,
fronius,2024-07-25,c3c803c9-49a6-4c83-9884-7f28e9244f2b,Penner Farms - 32-8-13 pump (site 1),71ba6d53-c04f-476f-9da3-ae0401115c8e,Symo  24.0-3 480 (1),,,24.0,parsed_from_inverter_name,163.98,,
fronius,2024-07-25,c3c803c9-49a6-4c83-9884-7f28e9244f2b,Penner Farms - 32-8-13 pump (site 1),528b81d7-df8d-4f62-9b35-ae0401115c98,Symo  24.0-3 480 (2),,,24.0,parsed_from_inverter_name,161.29,,
fronius,2024-07-25,c3c803c9-49a6-4c83-9884-7f28e9244f2b,Penner Farms - 32-8-13 pump (site 1),f97377a3-6539-450f-9b74-ae0401115ca1,Symo 24.0-3 480 (3),,,24.0,parsed_from_inverter_name,165.14,,
fronius,2024-07-26,c3c803c9-49a6-4c83-9884-7f28e9244f2b,Penner Farms - 32-8-13 pump (site 1),71ba6d53-c04f-476f-9da3-ae0401115c8e,Symo  24.0-3 480 (1),,,24.0,parsed_from_inverter_name,190.91,,
fronius,2024-07-26,c3c803c9-49a6-4c83-9884-7f28e9244f2b,Penner Farms - 32-8-13 pump (site 1),528b81d7-df8d-4f62-9b35-ae0401115c98,Symo  24.0-3 480 (2),,,24.0,parsed_from_inverter_name,188.52,,
fronius,2024-07-26,c3c803c9-49a6-4c83-9884-7f28e9244f2b,Penner Farms - 32-8-13 pump (site 1),f97377a3-6539-450f-9b74-ae0401115ca1,Symo 24.0-3 480 (3),,,24.0,parsed_from_inverter_name,191.94,,
fronius,2024-07-27,c3c803c9-49a6-4c83-9884-7f28e9244f2b,Penner Farms - 32-8-13 pump (site 1),71ba6d53-c04f-476f-9da3-ae0401115c8e,Symo  24.0-3 480 (1),,,24.0,parsed_from_inverter_name,165.66,,
fronius,2024-07-27,c3c803c9-49a6-4c83-9884-7f28e9244f2b,Penner Farms - 32-8-13 pump (site 1),528b81d7-df8d-4f62-9b35-ae0401115c98,Symo  24.0-3 480 (2),,,24.0,parsed_from_inverter_name,163.33,,
fronius,2024-07-27,c3c803c9-49a6-4c83-9884-7f28e9244f2b,Penner Farms - 32-8-13 pump (site 1),f97377a3-6539-450f-9b74-ae0401115ca1,Symo 24.0-3 480 (3),,,24.0,parsed_from_inverter_name,166.07,,
fronius,2024-07-28,c3c803c9-49a6-4c83-9884-7f28e9244f2b,Penner Farms - 32-8-13 pump (site 1),71ba6d53-c04f-476f-9da3-ae0401115c8e,Symo  24.0-3 480 (1),,,24.0,parsed_from_inverter_name,171.25,,
fronius,2024-07-28,c3c803c9-49a6-4c83-9884-7f28e9244f2b,Penner Farms - 32-8-13 pump (site 1),528b81d7-df8d-4f62-9b35-ae0401115c98,Symo  24.0-3 480 (2),,,24.0,parsed_from_inverter_name,168.82,,
fronius,2024-07-28,c3c803c9-49a6-4c83-9884-7f28e9244f2b,Penner Farms - 32-8-13 pump (site 1),f97377a3-6539-450f-9b74-ae0401115ca1,Symo 24.0-3 480 (3),,,24.0,parsed_from_inverter_name,172.2,,
fronius,2024-07-29,c3c803c9-49a6-4c83-9884-7f28e9244f2b,Penner Farms - 32-8-13 pump (site 1),71ba6d53-c04f-476f-9da3-ae0401115c8e,Symo  24.0-3 480 (1),,,24.0,parsed_from_inverter_name,181.41,,
fronius,2024-07-29,c3c803c9-49a6-4c83-9884-7f28e9244f2b,Penner Farms - 32-8-13 pump (site 1),528b81d7-df8d-4f62-9b35-ae0401115c98,Symo  24.0-3 480 (2),,,24.0,parsed_from_inverter_name,178.78,,
fronius,2024-07-29,c3c803c9-49a6-4c83-9884-7f28e9244f2b,Penner Farms - 32-8-13 pump (site 1),f97377a3-6539-450f-9b74-ae0401115ca1,Symo 24.0-3 480 (3),,,24.0,parsed_from_inverter_name,182.6,,
fronius,2024-07-30,c3c803c9-49a6-4c83-9884-7f28e9244f2b,Penner Farms - 32-8-13 pump (site 1),71ba6d53-c04f-476f-9da3-ae0401115c8e,Symo  24.0-3 480 (1),,,24.0,parsed_from_inverter_name,160.3,,
fronius,2024-07-30,c3c803c9-49a6-4c83-9884-7f28e9244f2b,Penner Farms - 32-8-13 pump (site 1),528b81d7-df8d-4f62-9b35-ae0401115c98,Symo  24.0-3 480 (2),,,24.0,parsed_from_inverter_name,158.15,,
fronius,2024-07-30,c3c803c9-49a6-4c83-9884-7f28e9244f2b,Penner Farms - 32-8-13 pump (site 1),f97377a3-6539-450f-9b74-ae0401115ca1,Symo 24.0-3 480 (3),,,24.0,parsed_from_inverter_name,160.39,,
fronius,2024-07-31,c3c803c9-49a6-4c83-9884-7f28e9244f2b,Penner Farms - 32-8-13 pump (site 1),71ba6d53-c04f-476f-9da3-ae0401115c8e,Symo  24.0-3 480 (1),,,24.0,parsed_from_inverter_name,183.51,,
fronius,2024-07-31,c3c803c9-49a6-4c83-9884-7f28e9244f2b,Penner Farms - 32-8-13 pump (site 1),528b81d7-df8d-4f62-9b35-ae0401115c98,Symo  24.0-3 480 (2),,,24.0,parsed_from_inverter_name,181.07,,
fronius,2024-07-31,c3c803c9-49a6-4c83-9884-7f28e9244f2b,Penner Farms - 32-8-13 pump (site 1),f97377a3-6539-450f-9b74-ae0401115ca1,Symo 24.0-3 480 (3),,,24.0,parsed_from_inverter_name,184.45,,
fronius,2024-08-01,c3c803c9-49a6-4c83-9884-7f28e9244f2b,Penner Farms - 32-8-13 pump (site 1),71ba6d53-c04f-476f-9da3-ae0401115c8e,Symo  24.0-3 480 (1),,,24.0,parsed_from_inverter_name,184.27,,
fronius,2024-08-01,c3c803c9-49a6-4c83-9884-7f28e9244f2b,Penner Farms - 32-8-13 pump (site 1),528b81d7-df8d-4f62-9b35-ae0401115c98,Symo  24.0-3 480 (2),,,24.0,parsed_from_inverter_name,180.85,,
fronius,2024-08-01,c3c803c9-49a6-4c83-9884-7f28e9244f2b,Penner Farms - 32-8-13 pump (site 1),f97377a3-6539-450f-9b74-ae0401115ca1,Symo 24.0-3 480 (3),,,24.0,parsed_from_inverter_name,184.19,,
fronius,2024-08-02,c3c803c9-49a6-4c83-9884-7f28e9244f2b,Penner Farms - 32-8-13 pump (site 1),71ba6d53-c04f-476f-9da3-ae0401115c8e,Symo  24.0-3 480 (1),,,24.0,parsed_from_inverter_name,180.69,,
fronius,2024-08-02,c3c803c9-49a6-4c83-9884-7f28e9244f2b,Penner Farms - 32-8-13 pump (site 1),528b81d7-df8d-4f62-9b35-ae0401115c98,Symo  24.0-3 480 (2),,,24.0,parsed_from_inverter_name,178.14,,
fronius,2024-08-02,c3c803c9-49a6-4c83-9884-7f28e9244f2b,Penner Farms - 32-8-13 pump (site 1),f97377a3-6539-450f-9b74-ae0401115ca1,Symo 24.0-3 480 (3),,,24.0,parsed_from_inverter_name,181.13,,
fronius,2024-08-03,c3c803c9-49a6-4c83-9884-7f28e9244f2b,Penner Farms - 32-8-13 pump (site 1),71ba6d53-c04f-476f-9da3-ae0401115c8e,Symo  24.0-3 480 (1),,,24.0,parsed_from_inverter_name,116.25,,
fronius,2024-08-03,c3c803c9-49a6-4c83-9884-7f28e9244f2b,Penner Farms - 32-8-13 pump (site 1),528b81d7-df8d-4f62-9b35-ae0401115c98,Symo  24.0-3 480 (2),,,24.0,parsed_from_inverter_name,113.62,,
fronius,2024-08-03,c3c803c9-49a6-4c83-9884-7f28e9244f2b,Penner Farms - 32-8-13 pump (site 1),f97377a3-6539-450f-9b74-ae0401115ca1,Symo 24.0-3 480 (3),,,24.0,parsed_from_inverter_name,116.29,,
fronius,2024-08-04,c3c803c9-49a6-4c83-9884-7f28e9244f2b,Penner Farms - 32-8-13 pump (site 1),71ba6d53-c04f-476f-9da3-ae0401115c8e,Symo  24.0-3 480 (1),,,24.0,parsed_from_inverter_name,110.2,,
fronius,2024-08-04,c3c803c9-49a6-4c83-9884-7f28e9244f2b,Penner Farms - 32-8-13 pump (site 1),528b81d7-df8d-4f62-9b35-ae0401115c98,Symo  24.0-3 480 (2),,,24.0,parsed_from_inverter_name,107.93,,
fronius,2024-08-04,c3c803c9-49a6-4c83-9884-7f28e9244f2b,Penner Farms - 32-8-13 pump (site 1),f97377a3-6539-450f-9b74-ae0401115ca1,Symo 24.0-3 480 (3),,,24.0,parsed_from_inverter_name,110.26,,
fronius,2024-08-05,c3c803c9-49a6-4c83-9884-7f28e9244f2b,Penner Farms - 32-8-13 pump (site 1),71ba6d53-c04f-476f-9da3-ae0401115c8e,Symo  24.0-3 480 (1),,,24.0,parsed_from_inverter_name,154.08,,
fronius,2024-08-05,c3c803c9-49a6-4c83-9884-7f28e9244f2b,Penner Farms - 32-8-13 pump (site 1),528b81d7-df8d-4f62-9b35-ae0401115c98,Symo  24.0-3 480 (2),,,24.0,parsed_from_inverter_name,151.38,,
fronius,2024-08-05,c3c803c9-49a6-4c83-9884-7f28e9244f2b,Penner Farms - 32-8-13 pump (site 1),f97377a3-6539-450f-9b74-ae0401115ca1,Symo 24.0-3 480 (3),,,24.0,parsed_from_inverter_name,155.63,,
fronius,2024-08-06,c3c803c9-49a6-4c83-9884-7f28e9244f2b,Penner Farms - 32-8-13 pump (site 1),71ba6d53-c04f-476f-9da3-ae0401115c8e,Symo  24.0-3 480 (1),,,24.0,parsed_from_inverter_name,141.57,,
fronius,2024-08-06,c3c803c9-49a6-4c83-9884-7f28e9244f2b,Penner Farms - 32-8-13 pump (site 1),528b81d7-df8d-4f62-9b35-ae0401115c98,Symo  24.0-3 480 (2),,,24.0,parsed_from_inverter_name,139.77,,
fronius,2024-08-06,c3c803c9-49a6-4c83-9884-7f28e9244f2b,Penner Farms - 32-8-13 pump (site 1),f97377a3-6539-450f-9b74-ae0401115ca1,Symo 24.0-3 480 (3),,,24.0,parsed_from_inverter_name,142.45,,
fronius,2024-08-07,c3c803c9-49a6-4c83-9884-7f28e9244f2b,Penner Farms - 32-8-13 pump (site 1),71ba6d53-c04f-476f-9da3-ae0401115c8e,Symo  24.0-3 480 (1),,,24.0,parsed_from_inverter_name,94.63,,
fronius,2024-08-07,c3c803c9-49a6-4c83-9884-7f28e9244f2b,Penner Farms - 32-8-13 pump (site 1),528b81d7-df8d-4f62-9b35-ae0401115c98,Symo  24.0-3 480 (2),,,24.0,parsed_from_inverter_name,92.77,,
fronius,2024-08-07,c3c803c9-49a6-4c83-9884-7f28e9244f2b,Penner Farms - 32-8-13 pump (site 1),f97377a3-6539-450f-9b74-ae0401115ca1,Symo 24.0-3 480 (3),,,24.0,parsed_from_inverter_name,95.26,,
fronius,2024-08-08,c3c803c9-49a6-4c83-9884-7f28e9244f2b,Penner Farms - 32-8-13 pump (site 1),71ba6d53-c04f-476f-9da3-ae0401115c8e,Symo  24.0-3 480 (1),,,24.0,parsed_from_inverter_name,183.88,,
fronius,2024-08-08,c3c803c9-49a6-4c83-9884-7f28e9244f2b,Penner Farms - 32-8-13 pump (site 1),528b81d7-df8d-4f62-9b35-ae0401115c98,Symo  24.0-3 480 (2),,,24.0,parsed_from_inverter_name,184.02,,
fronius,2024-08-08,c3c803c9-49a6-4c83-9884-7f28e9244f2b,Penner Farms - 32-8-13 pump (site 1),f97377a3-6539-450f-9b74-ae0401115ca1,Symo 24.0-3 480 (3),,,24.0,parsed_from_inverter_name,188.04,,
fronius,2024-08-09,c3c803c9-49a6-4c83-9884-7f28e9244f2b,Penner Farms - 32-8-13 pump (site 1),71ba6d53-c04f-476f-9da3-ae0401115c8e,Symo  24.0-3 480 (1),,,24.0,parsed_from_inverter_name,177.69,,
fronius,2024-08-09,c3c803c9-49a6-4c83-9884-7f28e9244f2b,Penner Farms - 32-8-13 pump (site 1),528b81d7-df8d-4f62-9b35-ae0401115c98,Symo  24.0-3 480 (2),,,24.0,parsed_from_inverter_name,174.71,,
fronius,2024-08-09,c3c803c9-49a6-4c83-9884-7f28e9244f2b,Penner Farms - 32-8-13 pump (site 1),f97377a3-6539-450f-9b74-ae0401115ca1,Symo 24.0-3 480 (3),,,24.0,parsed_from_inverter_name,177.99,,
fronius,2024-08-10,c3c803c9-49a6-4c83-9884-7f28e9244f2b,Penner Farms - 32-8-13 pump (site 1),71ba6d53-c04f-476f-9da3-ae0401115c8e,Symo  24.0-3 480 (1),,,24.0,parsed_from_inverter_name,170.53,,
fronius,2024-08-10,c3c803c9-49a6-4c83-9884-7f28e9244f2b,Penner Farms - 32-8-13 pump (site 1),528b81d7-df8d-4f62-9b35-ae0401115c98,Symo  24.0-3 480 (2),,,24.0,parsed_from_inverter_name,165.82,,
fronius,2024-08-10,c3c803c9-49a6-4c83-9884-7f28e9244f2b,Penner Farms - 32-8-13 pump (site 1),f97377a3-6539-450f-9b74-ae0401115ca1,Symo 24.0-3 480 (3),,,24.0,parsed_from_inverter_name,170.18,,
fronius,2024-08-11,c3c803c9-49a6-4c83-9884-7f28e9244f2b,Penner Farms - 32-8-13 pump (site 1),71ba6d53-c04f-476f-9da3-ae0401115c8e,Symo  24.0-3 480 (1),,,24.0,parsed_from_inverter_name,136.59,,
fronius,2024-08-11,c3c803c9-49a6-4c83-9884-7f28e9244f2b,Penner Farms - 32-8-13 pump (site 1),528b81d7-df8d-4f62-9b35-ae0401115c98,Symo  24.0-3 480 (2),,,24.0,parsed_from_inverter_name,132.64,,
fronius,2024-08-11,c3c803c9-49a6-4c83-9884-7f28e9244f2b,Penner Farms - 32-8-13 pump (site 1),f97377a3-6539-450f-9b74-ae0401115ca1,Symo 24.0-3 480 (3),,,24.0,parsed_from_inverter_name,136.95,,
fronius,2024-08-12,c3c803c9-49a6-4c83-9884-7f28e9244f2b,Penner Farms - 32-8-13 pump (site 1),71ba6d53-c04f-476f-9da3-ae0401115c8e,Symo  24.0-3 480 (1),,,24.0,parsed_from_inverter_name,140.21,,
fronius,2024-08-12,c3c803c9-49a6-4c83-9884-7f28e9244f2b,Penner Farms - 32-8-13 pump (site 1),528b81d7-df8d-4f62-9b35-ae0401115c98,Symo  24.0-3 480 (2),,,24.0,parsed_from_inverter_name,135.74,,
fronius,2024-08-12,c3c803c9-49a6-4c83-9884-7f28e9244f2b,Penner Farms - 32-8-13 pump (site 1),f97377a3-6539-450f-9b74-ae0401115ca1,Symo 24.0-3 480 (3),,,24.0,parsed_from_inverter_name,140.79,,
fronius,2024-08-13,c3c803c9-49a6-4c83-9884-7f28e9244f2b,Penner Farms - 32-8-13 pump (site 1),71ba6d53-c04f-476f-9da3-ae0401115c8e,Symo  24.0-3 480 (1),,,24.0,parsed_from_inverter_name,168.99,,
fronius,2024-08-13,c3c803c9-49a6-4c83-9884-7f28e9244f2b,Penner Farms - 32-8-13 pump (site 1),528b81d7-df8d-4f62-9b35-ae0401115c98,Symo  24.0-3 480 (2),,,24.0,parsed_from_inverter_name,165.37,,
fronius,2024-08-13,c3c803c9-49a6-4c83-9884-7f28e9244f2b,Penner Farms - 32-8-13 pump (site 1),f97377a3-6539-450f-9b74-ae0401115ca1,Symo 24.0-3 480 (3),,,24.0,parsed_from_inverter_name,169.91,,
fronius,2024-08-14,c3c803c9-49a6-4c83-9884-7f28e9244f2b,Penner Farms - 32-8-13 pump (site 1),71ba6d53-c04f-476f-9da3-ae0401115c8e,Symo  24.0-3 480 (1),,,24.0,parsed_from_inverter_name,169.81,,
fronius,2024-08-14,c3c803c9-49a6-4c83-9884-7f28e9244f2b,Penner Farms - 32-8-13 pump (site 1),528b81d7-df8d-4f62-9b35-ae0401115c98,Symo  24.0-3 480 (2),,,24.0,parsed_from_inverter_name,166.11,,
fronius,2024-08-14,c3c803c9-49a6-4c83-9884-7f28e9244f2b,Penner Farms - 32-8-13 pump (site 1),f97377a3-6539-450f-9b74-ae0401115ca1,Symo 24.0-3 480 (3),,,24.0,parsed_from_inverter_name,170.75,,
fronius,2024-08-15,c3c803c9-49a6-4c83-9884-7f28e9244f2b,Penner Farms - 32-8-13 pump (site 1),71ba6d53-c04f-476f-9da3-ae0401115c8e,Symo  24.0-3 480 (1),,,24.0,parsed_from_inverter_name,129.48,,
fronius,2024-08-15,c3c803c9-49a6-4c83-9884-7f28e9244f2b,Penner Farms - 32-8-13 pump (site 1),528b81d7-df8d-4f62-9b35-ae0401115c98,Symo  24.0-3 480 (2),,,24.0,parsed_from_inverter_name,125.75,,
fronius,2024-08-15,c3c803c9-49a6-4c83-9884-7f28e9244f2b,Penner Farms - 32-8-13 pump (site 1),f97377a3-6539-450f-9b74-ae0401115ca1,Symo 24.0-3 480 (3),,,24.0,parsed_from_inverter_name,129.94,,
fronius,2024-08-16,c3c803c9-49a6-4c83-9884-7f28e9244f2b,Penner Farms - 32-8-13 pump (site 1),71ba6d53-c04f-476f-9da3-ae0401115c8e,Symo  24.0-3 480 (1),,,24.0,parsed_from_inverter_name,84.15,,
fronius,2024-08-16,c3c803c9-49a6-4c83-9884-7f28e9244f2b,Penner Farms - 32-8-13 pump (site 1),528b81d7-df8d-4f62-9b35-ae0401115c98,Symo  24.0-3 480 (2),,,24.0,parsed_from_inverter_name,81.77,,
fronius,2024-08-16,c3c803c9-49a6-4c83-9884-7f28e9244f2b,Penner Farms - 32-8-13 pump (site 1),f97377a3-6539-450f-9b74-ae0401115ca1,Symo 24.0-3 480 (3),,,24.0,parsed_from_inverter_name,84.34,,
fronius,2024-08-17,c3c803c9-49a6-4c83-9884-7f28e9244f2b,Penner Farms - 32-8-13 pump (site 1),71ba6d53-c04f-476f-9da3-ae0401115c8e,Symo  24.0-3 480 (1),,,24.0,parsed_from_inverter_name,179.86,,
fronius,2024-08-17,c3c803c9-49a6-4c83-9884-7f28e9244f2b,Penner Farms - 32-8-13 pump (site 1),528b81d7-df8d-4f62-9b35-ae0401115c98,Symo  24.0-3 480 (2),,,24.0,parsed_from_inverter_name,175.83,,
fronius,2024-08-17,c3c803c9-49a6-4c83-9884-7f28e9244f2b,Penner Farms - 32-8-13 pump (site 1),f97377a3-6539-450f-9b74-ae0401115ca1,Symo 24.0-3 480 (3),,,24.0,parsed_from_inverter_name,181.19,,
fronius,2024-08-18,c3c803c9-49a6-4c83-9884-7f28e9244f2b,Penner Farms - 32-8-13 pump (site 1),71ba6d53-c04f-476f-9da3-ae0401115c8e,Symo  24.0-3 480 (1),,,24.0,parsed_from_inverter_name,158.04,,
fronius,2024-08-18,c3c803c9-49a6-4c83-9884-7f28e9244f2b,Penner Farms - 32-8-13 pump (site 1),528b81d7-df8d-4f62-9b35-ae0401115c98,Symo  24.0-3 480 (2),,,24.0,parsed_from_inverter_name,154.18,,
fronius,2024-08-18,c3c803c9-49a6-4c83-9884-7f28e9244f2b,Penner Farms - 32-8-13 pump (site 1),f97377a3-6539-450f-9b74-ae0401115ca1,Symo 24.0-3 480 (3),,,24.0,parsed_from_inverter_name,158.91,,
fronius,2024-08-19,c3c803c9-49a6-4c83-9884-7f28e9244f2b,Penner Farms - 32-8-13 pump (site 1),71ba6d53-c04f-476f-9da3-ae0401115c8e,Symo  24.0-3 480 (1),,,24.0,parsed_from_inverter_name,168.68,,
fronius,2024-08-19,c3c803c9-49a6-4c83-9884-7f28e9244f2b,Penner Farms - 32-8-13 pump (site 1),528b81d7-df8d-4f62-9b35-ae0401115c98,Symo  24.0-3 480 (2),,,24.0,parsed_from_inverter_name,164.48,,
fronius,2024-08-19,c3c803c9-49a6-4c83-9884-7f28e9244f2b,Penner Farms - 32-8-13 pump (site 1),f97377a3-6539-450f-9b74-ae0401115ca1,Symo 24.0-3 480 (3),,,24.0,parsed_from_inverter_name,169.91,,
fronius,2024-08-20,c3c803c9-49a6-4c83-9884-7f28e9244f2b,Penner Farms - 32-8-13 pump (site 1),71ba6d53-c04f-476f-9da3-ae0401115c8e,Symo  24.0-3 480 (1),,,24.0,parsed_from_inverter_name,138.09,,
fronius,2024-08-20,c3c803c9-49a6-4c83-9884-7f28e9244f2b,Penner Farms - 32-8-13 pump (site 1),528b81d7-df8d-4f62-9b35-ae0401115c98,Symo  24.0-3 480 (2),,,24.0,parsed_from_inverter_name,134.7,,
fronius,2024-08-20,c3c803c9-49a6-4c83-9884-7f28e9244f2b,Penner Farms - 32-8-13 pump (site 1),f97377a3-6539-450f-9b74-ae0401115ca1,Symo 24.0-3 480 (3),,,24.0,parsed_from_inverter_name,139.12,,
fronius,2024-08-21,c3c803c9-49a6-4c83-9884-7f28e9244f2b,Penner Farms - 32-8-13 pump (site 1),71ba6d53-c04f-476f-9da3-ae0401115c8e,Symo  24.0-3 480 (1),,,24.0,parsed_from_inverter_name,129.34,,
fronius,2024-08-21,c3c803c9-49a6-4c83-9884-7f28e9244f2b,Penner Farms - 32-8-13 pump (site 1),528b81d7-df8d-4f62-9b35-ae0401115c98,Symo  24.0-3 480 (2),,,24.0,parsed_from_inverter_name,126.42,,
fronius,2024-08-21,c3c803c9-49a6-4c83-9884-7f28e9244f2b,Penner Farms - 32-8-13 pump (site 1),f97377a3-6539-450f-9b74-ae0401115ca1,Symo 24.0-3 480 (3),,,24.0,parsed_from_inverter_name,130.48,,
fronius,2024-08-22,c3c803c9-49a6-4c83-9884-7f28e9244f2b,Penner Farms - 32-8-13 pump (site 1),71ba6d53-c04f-476f-9da3-ae0401115c8e,Symo  24.0-3 480 (1),,,24.0,parsed_from_inverter_name,176.24,,
fronius,2024-08-22,c3c803c9-49a6-4c83-9884-7f28e9244f2b,Penner Farms - 32-8-13 pump (site 1),528b81d7-df8d-4f62-9b35-ae0401115c98,Symo  24.0-3 480 (2),,,24.0,parsed_from_inverter_name,172.09,,
fronius,2024-08-22,c3c803c9-49a6-4c83-9884-7f28e9244f2b,Penner Farms - 32-8-13 pump (site 1),f97377a3-6539-450f-9b74-ae0401115ca1,Symo 24.0-3 480 (3),,,24.0,parsed_from_inverter_name,177.19,,
fronius,2024-08-23,c3c803c9-49a6-4c83-9884-7f28e9244f2b,Penner Farms - 32-8-13 pump (site 1),71ba6d53-c04f-476f-9da3-ae0401115c8e,Symo  24.0-3 480 (1),,,24.0,parsed_from_inverter_name,133.9,,
fronius,2024-08-23,c3c803c9-49a6-4c83-9884-7f28e9244f2b,Penner Farms - 32-8-13 pump (site 1),528b81d7-df8d-4f62-9b35-ae0401115c98,Symo  24.0-3 480 (2),,,24.0,parsed_from_inverter_name,129.89,,
fronius,2024-08-23,c3c803c9-49a6-4c83-9884-7f28e9244f2b,Penner Farms - 32-8-13 pump (site 1),f97377a3-6539-450f-9b74-ae0401115ca1,Symo 24.0-3 480 (3),,,24.0,parsed_from_inverter_name,134.27,,
fronius,2024-08-24,c3c803c9-49a6-4c83-9884-7f28e9244f2b,Penner Farms - 32-8-13 pump (site 1),71ba6d53-c04f-476f-9da3-ae0401115c8e,Symo  24.0-3 480 (1),,,24.0,parsed_from_inverter_name,151.25,,
fronius,2024-08-24,c3c803c9-49a6-4c83-9884-7f28e9244f2b,Penner Farms - 32-8-13 pump (site 1),528b81d7-df8d-4f62-9b35-ae0401115c98,Symo  24.0-3 480 (2),,,24.0,parsed_from_inverter_name,147.64,,
fronius,2024-08-24,c3c803c9-49a6-4c83-9884-7f28e9244f2b,Penner Farms - 32-8-13 pump (site 1),f97377a3-6539-450f-9b74-ae0401115ca1,Symo 24.0-3 480 (3),,,24.0,parsed_from_inverter_name,152.97,,
fronius,2024-08-25,c3c803c9-49a6-4c83-9884-7f28e9244f2b,Penner Farms - 32-8-13 pump (site 1),71ba6d53-c04f-476f-9da3-ae0401115c8e,Symo  24.0-3 480 (1),,,24.0,parsed_from_inverter_name,138.13,,
fronius,2024-08-25,c3c803c9-49a6-4c83-9884-7f28e9244f2b,Penner Farms - 32-8-13 pump (site 1),528b81d7-df8d-4f62-9b35-ae0401115c98,Symo  24.0-3 480 (2),,,24.0,parsed_from_inverter_name,176.07,,
fronius,2024-08-25,c3c803c9-49a6-4c83-9884-7f28e9244f2b,Penner Farms - 32-8-13 pump (site 1),f97377a3-6539-450f-9b74-ae0401115ca1,Symo 24.0-3 480 (3),,,24.0,parsed_from_inverter_name,180.72,,
fronius,2024-08-26,c3c803c9-49a6-4c83-9884-7f28e9244f2b,Penner Farms - 32-8-13 pump (site 1),71ba6d53-c04f-476f-9da3-ae0401115c8e,Symo  24.0-3 480 (1),,,24.0,parsed_from_inverter_name,170.26,,
fronius,2024-08-26,c3c803c9-49a6-4c83-9884-7f28e9244f2b,Penner Farms - 32-8-13 pump (site 1),528b81d7-df8d-4f62-9b35-ae0401115c98,Symo  24.0-3 480 (2),,,24.0,parsed_from_inverter_name,171.75,,
fronius,2024-08-26,c3c803c9-49a6-4c83-9884-7f28e9244f2b,Penner Farms - 32-8-13 pump (site 1),f97377a3-6539-450f-9b74-ae0401115ca1,Symo 24.0-3 480 (3),,,24.0,parsed_from_inverter_name,177.28,,
fronius,2024-08-27,c3c803c9-49a6-4c83-9884-7f28e9244f2b,Penner Farms - 32-8-13 pump (site 1),71ba6d53-c04f-476f-9da3-ae0401115c8e,Symo  24.0-3 480 (1),,,24.0,parsed_from_inverter_name,114.42,,
fronius,2024-08-27,c3c803c9-49a6-4c83-9884-7f28e9244f2b,Penner Farms - 32-8-13 pump (site 1),528b81d7-df8d-4f62-9b35-ae0401115c98,Symo  24.0-3 480 (2),,,24.0,parsed_from_inverter_name,111.42,,
fronius,2024-08-27,c3c803c9-49a6-4c83-9884-7f28e9244f2b,Penner Farms - 32-8-13 pump (site 1),f97377a3-6539-450f-9b74-ae0401115ca1,Symo 24.0-3 480 (3),,,24.0,parsed_from_inverter_name,115.26,,
fronius,2024-08-28,c3c803c9-49a6-4c83-9884-7f28e9244f2b,Penner Farms - 32-8-13 pump (site 1),71ba6d53-c04f-476f-9da3-ae0401115c8e,Symo  24.0-3 480 (1),,,24.0,parsed_from_inverter_name,75.11,,
fronius,2024-08-28,c3c803c9-49a6-4c83-9884-7f28e9244f2b,Penner Farms - 32-8-13 pump (site 1),528b81d7-df8d-4f62-9b35-ae0401115c98,Symo  24.0-3 480 (2),,,24.0,parsed_from_inverter_name,73.06,,
fronius,2024-08-28,c3c803c9-49a6-4c83-9884-7f28e9244f2b,Penner Farms - 32-8-13 pump (site 1),f97377a3-6539-450f-9b74-ae0401115ca1,Symo 24.0-3 480 (3),,,24.0,parsed_from_inverter_name,76.1,,
fronius,2024-08-29,c3c803c9-49a6-4c83-9884-7f28e9244f2b,Penner Farms - 32-8-13 pump (site 1),71ba6d53-c04f-476f-9da3-ae0401115c8e,Symo  24.0-3 480 (1),,,24.0,parsed_from_inverter_name,129.7,,
fronius,2024-08-29,c3c803c9-49a6-4c83-9884-7f28e9244f2b,Penner Farms - 32-8-13 pump (site 1),528b81d7-df8d-4f62-9b35-ae0401115c98,Symo  24.0-3 480 (2),,,24.0,parsed_from_inverter_name,180.67,,
fronius,2024-08-29,c3c803c9-49a6-4c83-9884-7f28e9244f2b,Penner Farms - 32-8-13 pump (site 1),f97377a3-6539-450f-9b74-ae0401115ca1,Symo 24.0-3 480 (3),,,24.0,parsed_from_inverter_name,185.21,,
fronius,2024-08-30,c3c803c9-49a6-4c83-9884-7f28e9244f2b,Penner Farms - 32-8-13 pump (site 1),71ba6d53-c04f-476f-9da3-ae0401115c8e,Symo  24.0-3 480 (1),,,24.0,parsed_from_inverter_name,173.73,,
fronius,2024-08-30,c3c803c9-49a6-4c83-9884-7f28e9244f2b,Penner Farms - 32-8-13 pump (site 1),528b81d7-df8d-4f62-9b35-ae0401115c98,Symo  24.0-3 480 (2),,,24.0,parsed_from_inverter_name,170.35,,
fronius,2024-08-30,c3c803c9-49a6-4c83-9884-7f28e9244f2b,Penner Farms - 32-8-13 pump (site 1),f97377a3-6539-450f-9b74-ae0401115ca1,Symo 24.0-3 480 (3),,,24.0,parsed_from_inverter_name,174.58,,
fronius,2024-08-31,c3c803c9-49a6-4c83-9884-7f28e9244f2b,Penner Farms - 32-8-13 pump (site 1),71ba6d53-c04f-476f-9da3-ae0401115c8e,Symo  24.0-3 480 (1),,,24.0,parsed_from_inverter_name,178.21,,
fronius,2024-08-31,c3c803c9-49a6-4c83-9884-7f28e9244f2b,Penner Farms - 32-8-13 pump (site 1),528b81d7-df8d-4f62-9b35-ae0401115c98,Symo  24.0-3 480 (2),,,24.0,parsed_from_inverter_name,173.67,,
fronius,2024-08-31,c3c803c9-49a6-4c83-9884-7f28e9244f2b,Penner Farms - 32-8-13 pump (site 1),f97377a3-6539-450f-9b74-ae0401115ca1,Symo 24.0-3 480 (3),,,24.0,parsed_from_inverter_name,178.14,,
fronius,2024-09-01,c3c803c9-49a6-4c83-9884-7f28e9244f2b,Penner Farms - 32-8-13 pump (site 1),71ba6d53-c04f-476f-9da3-ae0401115c8e,Symo  24.0-3 480 (1),,,24.0,parsed_from_inverter_name,177.39,,
fronius,2024-09-01,c3c803c9-49a6-4c83-9884-7f28e9244f2b,Penner Farms - 32-8-13 pump (site 1),528b81d7-df8d-4f62-9b35-ae0401115c98,Symo  24.0-3 480 (2),,,24.0,parsed_from_inverter_name,172.31,,
fronius,2024-09-01,c3c803c9-49a6-4c83-9884-7f28e9244f2b,Penner Farms - 32-8-13 pump (site 1),f97377a3-6539-450f-9b74-ae0401115ca1,Symo 24.0-3 480 (3),,,24.0,parsed_from_inverter_name,178.37,,
fronius,2024-09-02,c3c803c9-49a6-4c83-9884-7f28e9244f2b,Penner Farms - 32-8-13 pump (site 1),71ba6d53-c04f-476f-9da3-ae0401115c8e,Symo  24.0-3 480 (1),,,24.0,parsed_from_inverter_name,166.54,,
fronius,2024-09-02,c3c803c9-49a6-4c83-9884-7f28e9244f2b,Penner Farms - 32-8-13 pump (site 1),528b81d7-df8d-4f62-9b35-ae0401115c98,Symo  24.0-3 480 (2),,,24.0,parsed_from_inverter_name,162.96,,
fronius,2024-09-02,c3c803c9-49a6-4c83-9884-7f28e9244f2b,Penner Farms - 32-8-13 pump (site 1),f97377a3-6539-450f-9b74-ae0401115ca1,Symo 24.0-3 480 (3),,,24.0,parsed_from_inverter_name,167.16,,
fronius,2024-09-03,c3c803c9-49a6-4c83-9884-7f28e9244f2b,Penner Farms - 32-8-13 pump (site 1),71ba6d53-c04f-476f-9da3-ae0401115c8e,Symo  24.0-3 480 (1),,,24.0,parsed_from_inverter_name,98.85,,
fronius,2024-09-03,c3c803c9-49a6-4c83-9884-7f28e9244f2b,Penner Farms - 32-8-13 pump (site 1),528b81d7-df8d-4f62-9b35-ae0401115c98,Symo  24.0-3 480 (2),,,24.0,parsed_from_inverter_name,145.36,,
fronius,2024-09-03,c3c803c9-49a6-4c83-9884-7f28e9244f2b,Penner Farms - 32-8-13 pump (site 1),f97377a3-6539-450f-9b74-ae0401115ca1,Symo 24.0-3 480 (3),,,24.0,parsed_from_inverter_name,149.21,,
fronius,2024-09-04,c3c803c9-49a6-4c83-9884-7f28e9244f2b,Penner Farms - 32-8-13 pump (site 1),71ba6d53-c04f-476f-9da3-ae0401115c8e,Symo  24.0-3 480 (1),,,24.0,parsed_from_inverter_name,163.87,,
fronius,2024-09-04,c3c803c9-49a6-4c83-9884-7f28e9244f2b,Penner Farms - 32-8-13 pump (site 1),528b81d7-df8d-4f62-9b35-ae0401115c98,Symo  24.0-3 480 (2),,,24.0,parsed_from_inverter_name,159.71,,
fronius,2024-09-04,c3c803c9-49a6-4c83-9884-7f28e9244f2b,Penner Farms - 32-8-13 pump (site 1),f97377a3-6539-450f-9b74-ae0401115ca1,Symo 24.0-3 480 (3),,,24.0,parsed_from_inverter_name,163.96,,
fronius,2024-09-05,c3c803c9-49a6-4c83-9884-7f28e9244f2b,Penner Farms - 32-8-13 pump (site 1),71ba6d53-c04f-476f-9da3-ae0401115c8e,Symo  24.0-3 480 (1),,,24.0,parsed_from_inverter_name,171.49,,
fronius,2024-09-05,c3c803c9-49a6-4c83-9884-7f28e9244f2b,Penner Farms - 32-8-13 pump (site 1),528b81d7-df8d-4f62-9b35-ae0401115c98,Symo  24.0-3 480 (2),,,24.0,parsed_from_inverter_name,167.17,,
fronius,2024-09-05,c3c803c9-49a6-4c83-9884-7f28e9244f2b,Penner Farms - 32-8-13 pump (site 1),f97377a3-6539-450f-9b74-ae0401115ca1,Symo 24.0-3 480 (3),,,24.0,parsed_from_inverter_name,171.99,,
fronius,2024-09-06,c3c803c9-49a6-4c83-9884-7f28e9244f2b,Penner Farms - 32-8-13 pump (site 1),71ba6d53-c04f-476f-9da3-ae0401115c8e,Symo  24.0-3 480 (1),,,24.0,parsed_from_inverter_name,172.23,,
fronius,2024-09-06,c3c803c9-49a6-4c83-9884-7f28e9244f2b,Penner Farms - 32-8-13 pump (site 1),528b81d7-df8d-4f62-9b35-ae0401115c98,Symo  24.0-3 480 (2),,,24.0,parsed_from_inverter_name,167.17,,
fronius,2024-09-06,c3c803c9-49a6-4c83-9884-7f28e9244f2b,Penner Farms - 32-8-13 pump (site 1),f97377a3-6539-450f-9b74-ae0401115ca1,Symo 24.0-3 480 (3),,,24.0,parsed_from_inverter_name,172.74,,
fronius,2024-09-07,c3c803c9-49a6-4c83-9884-7f28e9244f2b,Penner Farms - 32-8-13 pump (site 1),71ba6d53-c04f-476f-9da3-ae0401115c8e,Symo  24.0-3 480 (1),,,24.0,parsed_from_inverter_name,169.72,,
fronius,2024-09-07,c3c803c9-49a6-4c83-9884-7f28e9244f2b,Penner Farms - 32-8-13 pump (site 1),528b81d7-df8d-4f62-9b35-ae0401115c98,Symo  24.0-3 480 (2),,,24.0,parsed_from_inverter_name,166.12,,
fronius,2024-09-07,c3c803c9-49a6-4c83-9884-7f28e9244f2b,Penner Farms - 32-8-13 pump (site 1),f97377a3-6539-450f-9b74-ae0401115ca1,Symo 24.0-3 480 (3),,,24.0,parsed_from_inverter_name,170.28,,
fronius,2024-09-08,c3c803c9-49a6-4c83-9884-7f28e9244f2b,Penner Farms - 32-8-13 pump (site 1),71ba6d53-c04f-476f-9da3-ae0401115c8e,Symo  24.0-3 480 (1),,,24.0,parsed_from_inverter_name,161.42,,
fronius,2024-09-08,c3c803c9-49a6-4c83-9884-7f28e9244f2b,Penner Farms - 32-8-13 pump (site 1),528b81d7-df8d-4f62-9b35-ae0401115c98,Symo  24.0-3 480 (2),,,24.0,parsed_from_inverter_name,157.68,,
fronius,2024-09-08,c3c803c9-49a6-4c83-9884-7f28e9244f2b,Penner Farms - 32-8-13 pump (site 1),f97377a3-6539-450f-9b74-ae0401115ca1,Symo 24.0-3 480 (3),,,24.0,parsed_from_inverter_name,161.98,,
fronius,2024-09-09,c3c803c9-49a6-4c83-9884-7f28e9244f2b,Penner Farms - 32-8-13 pump (site 1),71ba6d53-c04f-476f-9da3-ae0401115c8e,Symo  24.0-3 480 (1),,,24.0,parsed_from_inverter_name,114.44,,
fronius,2024-09-09,c3c803c9-49a6-4c83-9884-7f28e9244f2b,Penner Farms - 32-8-13 pump (site 1),528b81d7-df8d-4f62-9b35-ae0401115c98,Symo  24.0-3 480 (2),,,24.0,parsed_from_inverter_name,111.56,,
fronius,2024-09-09,c3c803c9-49a6-4c83-9884-7f28e9244f2b,Penner Farms - 32-8-13 pump (site 1),f97377a3-6539-450f-9b74-ae0401115ca1,Symo 24.0-3 480 (3),,,24.0,parsed_from_inverter_name,115.12,,
fronius,2024-09-10,c3c803c9-49a6-4c83-9884-7f28e9244f2b,Penner Farms - 32-8-13 pump (site 1),71ba6d53-c04f-476f-9da3-ae0401115c8e,Symo  24.0-3 480 (1),,,24.0,parsed_from_inverter_name,142.03,,
fronius,2024-09-10,c3c803c9-49a6-4c83-9884-7f28e9244f2b,Penner Farms - 32-8-13 pump (site 1),528b81d7-df8d-4f62-9b35-ae0401115c98,Symo  24.0-3 480 (2),,,24.0,parsed_from_inverter_name,137.8,,
fronius,2024-09-10,c3c803c9-49a6-4c83-9884-7f28e9244f2b,Penner Farms - 32-8-13 pump (site 1),f97377a3-6539-450f-9b74-ae0401115ca1,Symo 24.0-3 480 (3),,,24.0,parsed_from_inverter_name,142.16,,
fronius,2024-09-11,c3c803c9-49a6-4c83-9884-7f28e9244f2b,Penner Farms - 32-8-13 pump (site 1),71ba6d53-c04f-476f-9da3-ae0401115c8e,Symo  24.0-3 480 (1),,,24.0,parsed_from_inverter_name,68.71,,
fronius,2024-09-11,c3c803c9-49a6-4c83-9884-7f28e9244f2b,Penner Farms - 32-8-13 pump (site 1),528b81d7-df8d-4f62-9b35-ae0401115c98,Symo  24.0-3 480 (2),,,24.0,parsed_from_inverter_name,66.77,,
fronius,2024-09-11,c3c803c9-49a6-4c83-9884-7f28e9244f2b,Penner Farms - 32-8-13 pump (site 1),f97377a3-6539-450f-9b74-ae0401115ca1,Symo 24.0-3 480 (3),,,24.0,parsed_from_inverter_name,69.12,,
fronius,2024-09-12,c3c803c9-49a6-4c83-9884-7f28e9244f2b,Penner Farms - 32-8-13 pump (site 1),71ba6d53-c04f-476f-9da3-ae0401115c8e,Symo  24.0-3 480 (1),,,24.0,parsed_from_inverter_name,12.53,,
fronius,2024-09-12,c3c803c9-49a6-4c83-9884-7f28e9244f2b,Penner Farms - 32-8-13 pump (site 1),528b81d7-df8d-4f62-9b35-ae0401115c98,Symo  24.0-3 480 (2),,,24.0,parsed_from_inverter_name,12.13,,
fronius,2024-09-12,c3c803c9-49a6-4c83-9884-7f28e9244f2b,Penner Farms - 32-8-13 pump (site 1),f97377a3-6539-450f-9b74-ae0401115ca1,Symo 24.0-3 480 (3),,,24.0,parsed_from_inverter_name,12.66,,
fronius,2024-09-13,c3c803c9-49a6-4c83-9884-7f28e9244f2b,Penner Farms - 32-8-13 pump (site 1),71ba6d53-c04f-476f-9da3-ae0401115c8e,Symo  24.0-3 480 (1),,,24.0,parsed_from_inverter_name,108.51,,
fronius,2024-09-13,c3c803c9-49a6-4c83-9884-7f28e9244f2b,Penner Farms - 32-8-13 pump (site 1),528b81d7-df8d-4f62-9b35-ae0401115c98,Symo  24.0-3 480 (2),,,24.0,parsed_from_inverter_name,132.53,,
fronius,2024-09-13,c3c803c9-49a6-4c83-9884-7f28e9244f2b,Penner Farms - 32-8-13 pump (site 1),f97377a3-6539-450f-9b74-ae0401115ca1,Symo 24.0-3 480 (3),,,24.0,parsed_from_inverter_name,135.08,,
fronius,2024-09-14,c3c803c9-49a6-4c83-9884-7f28e9244f2b,Penner Farms - 32-8-13 pump (site 1),71ba6d53-c04f-476f-9da3-ae0401115c8e,Symo  24.0-3 480 (1),,,24.0,parsed_from_inverter_name,117.51,,
fronius,2024-09-14,c3c803c9-49a6-4c83-9884-7f28e9244f2b,Penner Farms - 32-8-13 pump (site 1),528b81d7-df8d-4f62-9b35-ae0401115c98,Symo  24.0-3 480 (2),,,24.0,parsed_from_inverter_name,114.57,,
fronius,2024-09-14,c3c803c9-49a6-4c83-9884-7f28e9244f2b,Penner Farms - 32-8-13 pump (site 1),f97377a3-6539-450f-9b74-ae0401115ca1,Symo 24.0-3 480 (3),,,24.0,parsed_from_inverter_name,118.47,,
fronius,2024-09-15,c3c803c9-49a6-4c83-9884-7f28e9244f2b,Penner Farms - 32-8-13 pump (site 1),71ba6d53-c04f-476f-9da3-ae0401115c8e,Symo  24.0-3 480 (1),,,24.0,parsed_from_inverter_name,102.27,,
fronius,2024-09-15,c3c803c9-49a6-4c83-9884-7f28e9244f2b,Penner Farms - 32-8-13 pump (site 1),528b81d7-df8d-4f62-9b35-ae0401115c98,Symo  24.0-3 480 (2),,,24.0,parsed_from_inverter_name,106.99,,
fronius,2024-09-15,c3c803c9-49a6-4c83-9884-7f28e9244f2b,Penner Farms - 32-8-13 pump (site 1),f97377a3-6539-450f-9b74-ae0401115ca1,Symo 24.0-3 480 (3),,,24.0,parsed_from_inverter_name,109.82,,
fronius,2024-09-16,c3c803c9-49a6-4c83-9884-7f28e9244f2b,Penner Farms - 32-8-13 pump (site 1),71ba6d53-c04f-476f-9da3-ae0401115c8e,Symo  24.0-3 480 (1),,,24.0,parsed_from_inverter_name,162.14,,
fronius,2024-09-16,c3c803c9-49a6-4c83-9884-7f28e9244f2b,Penner Farms - 32-8-13 pump (site 1),528b81d7-df8d-4f62-9b35-ae0401115c98,Symo  24.0-3 480 (2),,,24.0,parsed_from_inverter_name,158.74,,
fronius,2024-09-16,c3c803c9-49a6-4c83-9884-7f28e9244f2b,Penner Farms - 32-8-13 pump (site 1),f97377a3-6539-450f-9b74-ae0401115ca1,Symo 24.0-3 480 (3),,,24.0,parsed_from_inverter_name,162.35,,
fronius,2024-09-17,c3c803c9-49a6-4c83-9884-7f28e9244f2b,Penner Farms - 32-8-13 pump (site 1),71ba6d53-c04f-476f-9da3-ae0401115c8e,Symo  24.0-3 480 (1),,,24.0,parsed_from_inverter_name,118.4,,
fronius,2024-09-17,c3c803c9-49a6-4c83-9884-7f28e9244f2b,Penner Farms - 32-8-13 pump (site 1),528b81d7-df8d-4f62-9b35-ae0401115c98,Symo  24.0-3 480 (2),,,24.0,parsed_from_inverter_name,115.94,,
fronius,2024-09-17,c3c803c9-49a6-4c83-9884-7f28e9244f2b,Penner Farms - 32-8-13 pump (site 1),f97377a3-6539-450f-9b74-ae0401115ca1,Symo 24.0-3 480 (3),,,24.0,parsed_from_inverter_name,119.17,,
fronius,2024-09-18,c3c803c9-49a6-4c83-9884-7f28e9244f2b,Penner Farms - 32-8-13 pump (site 1),71ba6d53-c04f-476f-9da3-ae0401115c8e,Symo  24.0-3 480 (1),,,24.0,parsed_from_inverter_name,31.12,,
fronius,2024-09-18,c3c803c9-49a6-4c83-9884-7f28e9244f2b,Penner Farms - 32-8-13 pump (site 1),528b81d7-df8d-4f62-9b35-ae0401115c98,Symo  24.0-3 480 (2),,,24.0,parsed_from_inverter_name,30.26,,
fronius,2024-09-18,c3c803c9-49a6-4c83-9884-7f28e9244f2b,Penner Farms - 32-8-13 pump (site 1),f97377a3-6539-450f-9b74-ae0401115ca1,Symo 24.0-3 480 (3),,,24.0,parsed_from_inverter_name,31.47,,
fronius,2024-09-19,c3c803c9-49a6-4c83-9884-7f28e9244f2b,Penner Farms - 32-8-13 pump (site 1),71ba6d53-c04f-476f-9da3-ae0401115c8e,Symo  24.0-3 480 (1),,,24.0,parsed_from_inverter_name,136.34,,
fronius,2024-09-19,c3c803c9-49a6-4c83-9884-7f28e9244f2b,Penner Farms - 32-8-13 pump (site 1),528b81d7-df8d-4f62-9b35-ae0401115c98,Symo  24.0-3 480 (2),,,24.0,parsed_from_inverter_name,132.98,,
fronius,2024-09-19,c3c803c9-49a6-4c83-9884-7f28e9244f2b,Penner Farms - 32-8-13 pump (site 1),f97377a3-6539-450f-9b74-ae0401115ca1,Symo 24.0-3 480 (3),,,24.0,parsed_from_inverter_name,136.33,,
fronius,2024-09-20,c3c803c9-49a6-4c83-9884-7f28e9244f2b,Penner Farms - 32-8-13 pump (site 1),71ba6d53-c04f-476f-9da3-ae0401115c8e,Symo  24.0-3 480 (1),,,24.0,parsed_from_inverter_name,28.43,,
fronius,2024-09-20,c3c803c9-49a6-4c83-9884-7f28e9244f2b,Penner Farms - 32-8-13 pump (site 1),528b81d7-df8d-4f62-9b35-ae0401115c98,Symo  24.0-3 480 (2),,,24.0,parsed_from_inverter_name,27.56,,
fronius,2024-09-20,c3c803c9-49a6-4c83-9884-7f28e9244f2b,Penner Farms - 32-8-13 pump (site 1),f97377a3-6539-450f-9b74-ae0401115ca1,Symo 24.0-3 480 (3),,,24.0,parsed_from_inverter_name,28.72,,
fronius,2024-09-21,c3c803c9-49a6-4c83-9884-7f28e9244f2b,Penner Farms - 32-8-13 pump (site 1),71ba6d53-c04f-476f-9da3-ae0401115c8e,Symo  24.0-3 480 (1),,,24.0,parsed_from_inverter_name,120.56,,
fronius,2024-09-21,c3c803c9-49a6-4c83-9884-7f28e9244f2b,Penner Farms - 32-8-13 pump (site 1),528b81d7-df8d-4f62-9b35-ae0401115c98,Symo  24.0-3 480 (2),,,24.0,parsed_from_inverter_name,167.85,,
fronius,2024-09-21,c3c803c9-49a6-4c83-9884-7f28e9244f2b,Penner Farms - 32-8-13 pump (site 1),f97377a3-6539-450f-9b74-ae0401115ca1,Symo 24.0-3 480 (3),,,24.0,parsed_from_inverter_name,172.43,,
fronius,2024-09-22,c3c803c9-49a6-4c83-9884-7f28e9244f2b,Penner Farms - 32-8-13 pump (site 1),71ba6d53-c04f-476f-9da3-ae0401115c8e,Symo  24.0-3 480 (1),,,24.0,parsed_from_inverter_name,122.59,,
fronius,2024-09-22,c3c803c9-49a6-4c83-9884-7f28e9244f2b,Penner Farms - 32-8-13 pump (site 1),528b81d7-df8d-4f62-9b35-ae0401115c98,Symo  24.0-3 480 (2),,,24.0,parsed_from_inverter_name,124.67,,
fronius,2024-09-22,c3c803c9-49a6-4c83-9884-7f28e9244f2b,Penner Farms - 32-8-13 pump (site 1),f97377a3-6539-450f-9b74-ae0401115ca1,Symo 24.0-3 480 (3),,,24.0,parsed_from_inverter_name,128.06,,
fronius,2024-09-23,c3c803c9-49a6-4c83-9884-7f28e9244f2b,Penner Farms - 32-8-13 pump (site 1),71ba6d53-c04f-476f-9da3-ae0401115c8e,Symo  24.0-3 480 (1),,,24.0,parsed_from_inverter_name,150.55,,
fronius,2024-09-23,c3c803c9-49a6-4c83-9884-7f28e9244f2b,Penner Farms - 32-8-13 pump (site 1),528b81d7-df8d-4f62-9b35-ae0401115c98,Symo  24.0-3 480 (2),,,24.0,parsed_from_inverter_name,149.35,,
fronius,2024-09-23,c3c803c9-49a6-4c83-9884-7f28e9244f2b,Penner Farms - 32-8-13 pump (site 1),f97377a3-6539-450f-9b74-ae0401115ca1,Symo 24.0-3 480 (3),,,24.0,parsed_from_inverter_name,152.57,,
fronius,2024-09-24,c3c803c9-49a6-4c83-9884-7f28e9244f2b,Penner Farms - 32-8-13 pump (site 1),71ba6d53-c04f-476f-9da3-ae0401115c8e,Symo  24.0-3 480 (1),,,24.0,parsed_from_inverter_name,154.12,,
fronius,2024-09-24,c3c803c9-49a6-4c83-9884-7f28e9244f2b,Penner Farms - 32-8-13 pump (site 1),528b81d7-df8d-4f62-9b35-ae0401115c98,Symo  24.0-3 480 (2),,,24.0,parsed_from_inverter_name,151.36,,
fronius,2024-09-24,c3c803c9-49a6-4c83-9884-7f28e9244f2b,Penner Farms - 32-8-13 pump (site 1),f97377a3-6539-450f-9b74-ae0401115ca1,Symo 24.0-3 480 (3),,,24.0,parsed_from_inverter_name,154.7,,
fronius,2024-09-25,c3c803c9-49a6-4c83-9884-7f28e9244f2b,Penner Farms - 32-8-13 pump (site 1),71ba6d53-c04f-476f-9da3-ae0401115c8e,Symo  24.0-3 480 (1),,,24.0,parsed_from_inverter_name,153.9,,
fronius,2024-09-25,c3c803c9-49a6-4c83-9884-7f28e9244f2b,Penner Farms - 32-8-13 pump (site 1),528b81d7-df8d-4f62-9b35-ae0401115c98,Symo  24.0-3 480 (2),,,24.0,parsed_from_inverter_name,150.84,,
fronius,2024-09-25,c3c803c9-49a6-4c83-9884-7f28e9244f2b,Penner Farms - 32-8-13 pump (site 1),f97377a3-6539-450f-9b74-ae0401115ca1,Symo 24.0-3 480 (3),,,24.0,parsed_from_inverter_name,155.1,,
fronius,2024-09-26,c3c803c9-49a6-4c83-9884-7f28e9244f2b,Penner Farms - 32-8-13 pump (site 1),71ba6d53-c04f-476f-9da3-ae0401115c8e,Symo  24.0-3 480 (1),,,24.0,parsed_from_inverter_name,154.04,,
fronius,2024-09-26,c3c803c9-49a6-4c83-9884-7f28e9244f2b,Penner Farms - 32-8-13 pump (site 1),528b81d7-df8d-4f62-9b35-ae0401115c98,Symo  24.0-3 480 (2),,,24.0,parsed_from_inverter_name,151.61,,
fronius,2024-09-26,c3c803c9-49a6-4c83-9884-7f28e9244f2b,Penner Farms - 32-8-13 pump (site 1),f97377a3-6539-450f-9b74-ae0401115ca1,Symo 24.0-3 480 (3),,,24.0,parsed_from_inverter_name,154.7,,
fronius,2024-09-27,c3c803c9-49a6-4c83-9884-7f28e9244f2b,Penner Farms - 32-8-13 pump (site 1),71ba6d53-c04f-476f-9da3-ae0401115c8e,Symo  24.0-3 480 (1),,,24.0,parsed_from_inverter_name,163.27,,
fronius,2024-09-27,c3c803c9-49a6-4c83-9884-7f28e9244f2b,Penner Farms - 32-8-13 pump (site 1),528b81d7-df8d-4f62-9b35-ae0401115c98,Symo  24.0-3 480 (2),,,24.0,parsed_from_inverter_name,160.29,,
fronius,2024-09-27,c3c803c9-49a6-4c83-9884-7f28e9244f2b,Penner Farms - 32-8-13 pump (site 1),f97377a3-6539-450f-9b74-ae0401115ca1,Symo 24.0-3 480 (3),,,24.0,parsed_from_inverter_name,164.09,,
fronius,2024-09-28,c3c803c9-49a6-4c83-9884-7f28e9244f2b,Penner Farms - 32-8-13 pump (site 1),71ba6d53-c04f-476f-9da3-ae0401115c8e,Symo  24.0-3 480 (1),,,24.0,parsed_from_inverter_name,120.43,,
fronius,2024-09-28,c3c803c9-49a6-4c83-9884-7f28e9244f2b,Penner Farms - 32-8-13 pump (site 1),528b81d7-df8d-4f62-9b35-ae0401115c98,Symo  24.0-3 480 (2),,,24.0,parsed_from_inverter_name,146.69,,
fronius,2024-09-28,c3c803c9-49a6-4c83-9884-7f28e9244f2b,Penner Farms - 32-8-13 pump (site 1),f97377a3-6539-450f-9b74-ae0401115ca1,Symo 24.0-3 480 (3),,,24.0,parsed_from_inverter_name,149.78,,
fronius,2024-09-29,c3c803c9-49a6-4c83-9884-7f28e9244f2b,Penner Farms - 32-8-13 pump (site 1),71ba6d53-c04f-476f-9da3-ae0401115c8e,Symo  24.0-3 480 (1),,,24.0,parsed_from_inverter_name,65.71,,
fronius,2024-09-29,c3c803c9-49a6-4c83-9884-7f28e9244f2b,Penner Farms - 32-8-13 pump (site 1),528b81d7-df8d-4f62-9b35-ae0401115c98,Symo  24.0-3 480 (2),,,24.0,parsed_from_inverter_name,63.9,,
fronius,2024-09-29,c3c803c9-49a6-4c83-9884-7f28e9244f2b,Penner Farms - 32-8-13 pump (site 1),f97377a3-6539-450f-9b74-ae0401115ca1,Symo 24.0-3 480 (3),,,24.0,parsed_from_inverter_name,66.29,,
fronius,2024-09-30,c3c803c9-49a6-4c83-9884-7f28e9244f2b,Penner Farms - 32-8-13 pump (site 1),71ba6d53-c04f-476f-9da3-ae0401115c8e,Symo  24.0-3 480 (1),,,24.0,parsed_from_inverter_name,156.37,,
fronius,2024-09-30,c3c803c9-49a6-4c83-9884-7f28e9244f2b,Penner Farms - 32-8-13 pump (site 1),528b81d7-df8d-4f62-9b35-ae0401115c98,Symo  24.0-3 480 (2),,,24.0,parsed_from_inverter_name,153.74,,
fronius,2024-09-30,c3c803c9-49a6-4c83-9884-7f28e9244f2b,Penner Farms - 32-8-13 pump (site 1),f97377a3-6539-450f-9b74-ae0401115ca1,Symo 24.0-3 480 (3),,,24.0,parsed_from_inverter_name,156.95,,
fronius,2024-10-01,c3c803c9-49a6-4c83-9884-7f28e9244f2b,Penner Farms - 32-8-13 pump (site 1),71ba6d53-c04f-476f-9da3-ae0401115c8e,Symo  24.0-3 480 (1),,,24.0,parsed_from_inverter_name,115.81,,
fronius,2024-10-01,c3c803c9-49a6-4c83-9884-7f28e9244f2b,Penner Farms - 32-8-13 pump (site 1),528b81d7-df8d-4f62-9b35-ae0401115c98,Symo  24.0-3 480 (2),,,24.0,parsed_from_inverter_name,115.56,,
fronius,2024-10-01,c3c803c9-49a6-4c83-9884-7f28e9244f2b,Penner Farms - 32-8-13 pump (site 1),f97377a3-6539-450f-9b74-ae0401115ca1,Symo 24.0-3 480 (3),,,24.0,parsed_from_inverter_name,119.05,,
fronius,2024-10-02,c3c803c9-49a6-4c83-9884-7f28e9244f2b,Penner Farms - 32-8-13 pump (site 1),71ba6d53-c04f-476f-9da3-ae0401115c8e,Symo  24.0-3 480 (1),,,24.0,parsed_from_inverter_name,127.42,,
fronius,2024-10-02,c3c803c9-49a6-4c83-9884-7f28e9244f2b,Penner Farms - 32-8-13 pump (site 1),528b81d7-df8d-4f62-9b35-ae0401115c98,Symo  24.0-3 480 (2),,,24.0,parsed_from_inverter_name,125.29,,
fronius,2024-10-02,c3c803c9-49a6-4c83-9884-7f28e9244f2b,Penner Farms - 32-8-13 pump (site 1),f97377a3-6539-450f-9b74-ae0401115ca1,Symo 24.0-3 480 (3),,,24.0,parsed_from_inverter_name,127.98,,
fronius,2024-10-03,c3c803c9-49a6-4c83-9884-7f28e9244f2b,Penner Farms - 32-8-13 pump (site 1),71ba6d53-c04f-476f-9da3-ae0401115c8e,Symo  24.0-3 480 (1),,,24.0,parsed_from_inverter_name,159.78,,
fronius,2024-10-03,c3c803c9-49a6-4c83-9884-7f28e9244f2b,Penner Farms - 32-8-13 pump (site 1),528b81d7-df8d-4f62-9b35-ae0401115c98,Symo  24.0-3 480 (2),,,24.0,parsed_from_inverter_name,156.89,,
fronius,2024-10-03,c3c803c9-49a6-4c83-9884-7f28e9244f2b,Penner Farms - 32-8-13 pump (site 1),f97377a3-6539-450f-9b74-ae0401115ca1,Symo 24.0-3 480 (3),,,24.0,parsed_from_inverter_name,160.17,,
fronius,2024-10-04,c3c803c9-49a6-4c83-9884-7f28e9244f2b,Penner Farms - 32-8-13 pump (site 1),71ba6d53-c04f-476f-9da3-ae0401115c8e,Symo  24.0-3 480 (1),,,24.0,parsed_from_inverter_name,116.97,,
fronius,2024-10-04,c3c803c9-49a6-4c83-9884-7f28e9244f2b,Penner Farms - 32-8-13 pump (site 1),528b81d7-df8d-4f62-9b35-ae0401115c98,Symo  24.0-3 480 (2),,,24.0,parsed_from_inverter_name,113.89,,
fronius,2024-10-04,c3c803c9-49a6-4c83-9884-7f28e9244f2b,Penner Farms - 32-8-13 pump (site 1),f97377a3-6539-450f-9b74-ae0401115ca1,Symo 24.0-3 480 (3),,,24.0,parsed_from_inverter_name,117.9,,
fronius,2024-10-05,c3c803c9-49a6-4c83-9884-7f28e9244f2b,Penner Farms - 32-8-13 pump (site 1),71ba6d53-c04f-476f-9da3-ae0401115c8e,Symo  24.0-3 480 (1),,,24.0,parsed_from_inverter_name,161.38,,
fronius,2024-10-05,c3c803c9-49a6-4c83-9884-7f28e9244f2b,Penner Farms - 32-8-13 pump (site 1),528b81d7-df8d-4f62-9b35-ae0401115c98,Symo  24.0-3 480 (2),,,24.0,parsed_from_inverter_name,158.52,,
fronius,2024-10-05,c3c803c9-49a6-4c83-9884-7f28e9244f2b,Penner Farms - 32-8-13 pump (site 1),f97377a3-6539-450f-9b74-ae0401115ca1,Symo 24.0-3 480 (3),,,24.0,parsed_from_inverter_name,161.57,,
fronius,2024-10-06,c3c803c9-49a6-4c83-9884-7f28e9244f2b,Penner Farms - 32-8-13 pump (site 1),71ba6d53-c04f-476f-9da3-ae0401115c8e,Symo  24.0-3 480 (1),,,24.0,parsed_from_inverter_name,138.95,,
fronius,2024-10-06,c3c803c9-49a6-4c83-9884-7f28e9244f2b,Penner Farms - 32-8-13 pump (site 1),528b81d7-df8d-4f62-9b35-ae0401115c98,Symo  24.0-3 480 (2),,,24.0,parsed_from_inverter_name,136.29,,
fronius,2024-10-06,c3c803c9-49a6-4c83-9884-7f28e9244f2b,Penner Farms - 32-8-13 pump (site 1),f97377a3-6539-450f-9b74-ae0401115ca1,Symo 24.0-3 480 (3),,,24.0,parsed_from_inverter_name,140.09,,
fronius,2024-10-07,c3c803c9-49a6-4c83-9884-7f28e9244f2b,Penner Farms - 32-8-13 pump (site 1),71ba6d53-c04f-476f-9da3-ae0401115c8e,Symo  24.0-3 480 (1),,,24.0,parsed_from_inverter_name,156.07,,
fronius,2024-10-07,c3c803c9-49a6-4c83-9884-7f28e9244f2b,Penner Farms - 32-8-13 pump (site 1),528b81d7-df8d-4f62-9b35-ae0401115c98,Symo  24.0-3 480 (2),,,24.0,parsed_from_inverter_name,153.16,,
fronius,2024-10-07,c3c803c9-49a6-4c83-9884-7f28e9244f2b,Penner Farms - 32-8-13 pump (site 1),f97377a3-6539-450f-9b74-ae0401115ca1,Symo 24.0-3 480 (3),,,24.0,parsed_from_inverter_name,157.02,,
fronius,2024-10-08,c3c803c9-49a6-4c83-9884-7f28e9244f2b,Penner Farms - 32-8-13 pump (site 1),71ba6d53-c04f-476f-9da3-ae0401115c8e,Symo  24.0-3 480 (1),,,24.0,parsed_from_inverter_name,152.57,,
fronius,2024-10-08,c3c803c9-49a6-4c83-9884-7f28e9244f2b,Penner Farms - 32-8-13 pump (site 1),528b81d7-df8d-4f62-9b35-ae0401115c98,Symo  24.0-3 480 (2),,,24.0,parsed_from_inverter_name,149.59,,
fronius,2024-10-08,c3c803c9-49a6-4c83-9884-7f28e9244f2b,Penner Farms - 32-8-13 pump (site 1),f97377a3-6539-450f-9b74-ae0401115ca1,Symo 24.0-3 480 (3),,,24.0,parsed_from_inverter_name,153.59,,
fronius,2024-10-09,c3c803c9-49a6-4c83-9884-7f28e9244f2b,Penner Farms - 32-8-13 pump (site 1),71ba6d53-c04f-476f-9da3-ae0401115c8e,Symo  24.0-3 480 (1),,,24.0,parsed_from_inverter_name,56.69,,
fronius,2024-10-09,c3c803c9-49a6-4c83-9884-7f28e9244f2b,Penner Farms - 32-8-13 pump (site 1),528b81d7-df8d-4f62-9b35-ae0401115c98,Symo  24.0-3 480 (2),,,24.0,parsed_from_inverter_name,54.91,,
fronius,2024-10-09,c3c803c9-49a6-4c83-9884-7f28e9244f2b,Penner Farms - 32-8-13 pump (site 1),f97377a3-6539-450f-9b74-ae0401115ca1,Symo 24.0-3 480 (3),,,24.0,parsed_from_inverter_name,57.27,,
fronius,2024-10-10,c3c803c9-49a6-4c83-9884-7f28e9244f2b,Penner Farms - 32-8-13 pump (site 1),71ba6d53-c04f-476f-9da3-ae0401115c8e,Symo  24.0-3 480 (1),,,24.0,parsed_from_inverter_name,144.07,,
fronius,2024-10-10,c3c803c9-49a6-4c83-9884-7f28e9244f2b,Penner Farms - 32-8-13 pump (site 1),528b81d7-df8d-4f62-9b35-ae0401115c98,Symo  24.0-3 480 (2),,,24.0,parsed_from_inverter_name,141.25,,
fronius,2024-10-10,c3c803c9-49a6-4c83-9884-7f28e9244f2b,Penner Farms - 32-8-13 pump (site 1),f97377a3-6539-450f-9b74-ae0401115ca1,Symo 24.0-3 480 (3),,,24.0,parsed_from_inverter_name,144.71,,
fronius,2024-10-11,c3c803c9-49a6-4c83-9884-7f28e9244f2b,Penner Farms - 32-8-13 pump (site 1),71ba6d53-c04f-476f-9da3-ae0401115c8e,Symo  24.0-3 480 (1),,,24.0,parsed_from_inverter_name,139.43,,
fronius,2024-10-11,c3c803c9-49a6-4c83-9884-7f28e9244f2b,Penner Farms - 32-8-13 pump (site 1),528b81d7-df8d-4f62-9b35-ae0401115c98,Symo  24.0-3 480 (2),,,24.0,parsed_from_inverter_name,135.9,,
fronius,2024-10-11,c3c803c9-49a6-4c83-9884-7f28e9244f2b,Penner Farms - 32-8-13 pump (site 1),f97377a3-6539-450f-9b74-ae0401115ca1,Symo 24.0-3 480 (3),,,24.0,parsed_from_inverter_name,140.5,,
fronius,2024-10-12,c3c803c9-49a6-4c83-9884-7f28e9244f2b,Penner Farms - 32-8-13 pump (site 1),71ba6d53-c04f-476f-9da3-ae0401115c8e,Symo  24.0-3 480 (1),,,24.0,parsed_from_inverter_name,147.48,,
fronius,2024-10-12,c3c803c9-49a6-4c83-9884-7f28e9244f2b,Penner Farms - 32-8-13 pump (site 1),528b81d7-df8d-4f62-9b35-ae0401115c98,Symo  24.0-3 480 (2),,,24.0,parsed_from_inverter_name,144.23,,
fronius,2024-10-12,c3c803c9-49a6-4c83-9884-7f28e9244f2b,Penner Farms - 32-8-13 pump (site 1),f97377a3-6539-450f-9b74-ae0401115ca1,Symo 24.0-3 480 (3),,,24.0,parsed_from_inverter_name,147.65,,
fronius,2024-10-13,c3c803c9-49a6-4c83-9884-7f28e9244f2b,Penner Farms - 32-8-13 pump (site 1),71ba6d53-c04f-476f-9da3-ae0401115c8e,Symo  24.0-3 480 (1),,,24.0,parsed_from_inverter_name,153.71,,
fronius,2024-10-13,c3c803c9-49a6-4c83-9884-7f28e9244f2b,Penner Farms - 32-8-13 pump (site 1),528b81d7-df8d-4f62-9b35-ae0401115c98,Symo  24.0-3 480 (2),,,24.0,parsed_from_inverter_name,149.49,,
fronius,2024-10-13,c3c803c9-49a6-4c83-9884-7f28e9244f2b,Penner Farms - 32-8-13 pump (site 1),f97377a3-6539-450f-9b74-ae0401115ca1,Symo 24.0-3 480 (3),,,24.0,parsed_from_inverter_name,154.54,,
fronius,2024-10-14,c3c803c9-49a6-4c83-9884-7f28e9244f2b,Penner Farms - 32-8-13 pump (site 1),71ba6d53-c04f-476f-9da3-ae0401115c8e,Symo  24.0-3 480 (1),,,24.0,parsed_from_inverter_name,81.47,,
fronius,2024-10-14,c3c803c9-49a6-4c83-9884-7f28e9244f2b,Penner Farms - 32-8-13 pump (site 1),528b81d7-df8d-4f62-9b35-ae0401115c98,Symo  24.0-3 480 (2),,,24.0,parsed_from_inverter_name,133.18,,
fronius,2024-10-14,c3c803c9-49a6-4c83-9884-7f28e9244f2b,Penner Farms - 32-8-13 pump (site 1),f97377a3-6539-450f-9b74-ae0401115ca1,Symo 24.0-3 480 (3),,,24.0,parsed_from_inverter_name,137.34,,
fronius,2024-10-15,c3c803c9-49a6-4c83-9884-7f28e9244f2b,Penner Farms - 32-8-13 pump (site 1),71ba6d53-c04f-476f-9da3-ae0401115c8e,Symo  24.0-3 480 (1),,,24.0,parsed_from_inverter_name,77.94,,
fronius,2024-10-15,c3c803c9-49a6-4c83-9884-7f28e9244f2b,Penner Farms - 32-8-13 pump (site 1),528b81d7-df8d-4f62-9b35-ae0401115c98,Symo  24.0-3 480 (2),,,24.0,parsed_from_inverter_name,75.8,,
fronius,2024-10-15,c3c803c9-49a6-4c83-9884-7f28e9244f2b,Penner Farms - 32-8-13 pump (site 1),f97377a3-6539-450f-9b74-ae0401115ca1,Symo 24.0-3 480 (3),,,24.0,parsed_from_inverter_name,78.59,,
fronius,2024-10-16,c3c803c9-49a6-4c83-9884-7f28e9244f2b,Penner Farms - 32-8-13 pump (site 1),71ba6d53-c04f-476f-9da3-ae0401115c8e,Symo  24.0-3 480 (1),,,24.0,parsed_from_inverter_name,31.26,,
fronius,2024-10-16,c3c803c9-49a6-4c83-9884-7f28e9244f2b,Penner Farms - 32-8-13 pump (site 1),528b81d7-df8d-4f62-9b35-ae0401115c98,Symo  24.0-3 480 (2),,,24.0,parsed_from_inverter_name,30.05,,
fronius,2024-10-16,c3c803c9-49a6-4c83-9884-7f28e9244f2b,Penner Farms - 32-8-13 pump (site 1),f97377a3-6539-450f-9b74-ae0401115ca1,Symo 24.0-3 480 (3),,,24.0,parsed_from_inverter_name,31.73,,
fronius,2024-10-17,c3c803c9-49a6-4c83-9884-7f28e9244f2b,Penner Farms - 32-8-13 pump (site 1),71ba6d53-c04f-476f-9da3-ae0401115c8e,Symo  24.0-3 480 (1),,,24.0,parsed_from_inverter_name,108.81,,
fronius,2024-10-17,c3c803c9-49a6-4c83-9884-7f28e9244f2b,Penner Farms - 32-8-13 pump (site 1),528b81d7-df8d-4f62-9b35-ae0401115c98,Symo  24.0-3 480 (2),,,24.0,parsed_from_inverter_name,106.47,,
fronius,2024-10-17,c3c803c9-49a6-4c83-9884-7f28e9244f2b,Penner Farms - 32-8-13 pump (site 1),f97377a3-6539-450f-9b74-ae0401115ca1,Symo 24.0-3 480 (3),,,24.0,parsed_from_inverter_name,109.79,,
fronius,2024-10-18,c3c803c9-49a6-4c83-9884-7f28e9244f2b,Penner Farms - 32-8-13 pump (site 1),71ba6d53-c04f-476f-9da3-ae0401115c8e,Symo  24.0-3 480 (1),,,24.0,parsed_from_inverter_name,133.88,,
fronius,2024-10-18,c3c803c9-49a6-4c83-9884-7f28e9244f2b,Penner Farms - 32-8-13 pump (site 1),528b81d7-df8d-4f62-9b35-ae0401115c98,Symo  24.0-3 480 (2),,,24.0,parsed_from_inverter_name,130.91,,
fronius,2024-10-18,c3c803c9-49a6-4c83-9884-7f28e9244f2b,Penner Farms - 32-8-13 pump (site 1),f97377a3-6539-450f-9b74-ae0401115ca1,Symo 24.0-3 480 (3),,,24.0,parsed_from_inverter_name,135.09,,
fronius,2024-10-19,c3c803c9-49a6-4c83-9884-7f28e9244f2b,Penner Farms - 32-8-13 pump (site 1),71ba6d53-c04f-476f-9da3-ae0401115c8e,Symo  24.0-3 480 (1),,,24.0,parsed_from_inverter_name,125.16,,
fronius,2024-10-19,c3c803c9-49a6-4c83-9884-7f28e9244f2b,Penner Farms - 32-8-13 pump (site 1),528b81d7-df8d-4f62-9b35-ae0401115c98,Symo  24.0-3 480 (2),,,24.0,parsed_from_inverter_name,122.51,,
fronius,2024-10-19,c3c803c9-49a6-4c83-9884-7f28e9244f2b,Penner Farms - 32-8-13 pump (site 1),f97377a3-6539-450f-9b74-ae0401115ca1,Symo 24.0-3 480 (3),,,24.0,parsed_from_inverter_name,126.31,,
fronius,2024-10-20,c3c803c9-49a6-4c83-9884-7f28e9244f2b,Penner Farms - 32-8-13 pump (site 1),71ba6d53-c04f-476f-9da3-ae0401115c8e,Symo  24.0-3 480 (1),,,24.0,parsed_from_inverter_name,77.04,,
fronius,2024-10-20,c3c803c9-49a6-4c83-9884-7f28e9244f2b,Penner Farms - 32-8-13 pump (site 1),528b81d7-df8d-4f62-9b35-ae0401115c98,Symo  24.0-3 480 (2),,,24.0,parsed_from_inverter_name,75.15,,
fronius,2024-10-20,c3c803c9-49a6-4c83-9884-7f28e9244f2b,Penner Farms - 32-8-13 pump (site 1),f97377a3-6539-450f-9b74-ae0401115ca1,Symo 24.0-3 480 (3),,,24.0,parsed_from_inverter_name,77.91,,
fronius,2024-10-21,c3c803c9-49a6-4c83-9884-7f28e9244f2b,Penner Farms - 32-8-13 pump (site 1),71ba6d53-c04f-476f-9da3-ae0401115c8e,Symo  24.0-3 480 (1),,,24.0,parsed_from_inverter_name,8.59,,
fronius,2024-10-21,c3c803c9-49a6-4c83-9884-7f28e9244f2b,Penner Farms - 32-8-13 pump (site 1),528b81d7-df8d-4f62-9b35-ae0401115c98,Symo  24.0-3 480 (2),,,24.0,parsed_from_inverter_name,8.33,,
fronius,2024-10-21,c3c803c9-49a6-4c83-9884-7f28e9244f2b,Penner Farms - 32-8-13 pump (site 1),f97377a3-6539-450f-9b74-ae0401115ca1,Symo 24.0-3 480 (3),,,24.0,parsed_from_inverter_name,8.74,,
fronius,2024-10-22,c3c803c9-49a6-4c83-9884-7f28e9244f2b,Penner Farms - 32-8-13 pump (site 1),71ba6d53-c04f-476f-9da3-ae0401115c8e,Symo  24.0-3 480 (1),,,24.0,parsed_from_inverter_name,110.27,,
fronius,2024-10-22,c3c803c9-49a6-4c83-9884-7f28e9244f2b,Penner Farms - 32-8-13 pump (site 1),528b81d7-df8d-4f62-9b35-ae0401115c98,Symo  24.0-3 480 (2),,,24.0,parsed_from_inverter_name,108.36,,
fronius,2024-10-22,c3c803c9-49a6-4c83-9884-7f28e9244f2b,Penner Farms - 32-8-13 pump (site 1),f97377a3-6539-450f-9b74-ae0401115ca1,Symo 24.0-3 480 (3),,,24.0,parsed_from_inverter_name,111.32,,
fronius,2024-10-23,c3c803c9-49a6-4c83-9884-7f28e9244f2b,Penner Farms - 32-8-13 pump (site 1),71ba6d53-c04f-476f-9da3-ae0401115c8e,Symo  24.0-3 480 (1),,,24.0,parsed_from_inverter_name,145.62,,
fronius,2024-10-23,c3c803c9-49a6-4c83-9884-7f28e9244f2b,Penner Farms - 32-8-13 pump (site 1),528b81d7-df8d-4f62-9b35-ae0401115c98,Symo  24.0-3 480 (2),,,24.0,parsed_from_inverter_name,142.26,,
fronius,2024-10-23,c3c803c9-49a6-4c83-9884-7f28e9244f2b,Penner Farms - 32-8-13 pump (site 1),f97377a3-6539-450f-9b74-ae0401115ca1,Symo 24.0-3 480 (3),,,24.0,parsed_from_inverter_name,146.48,,
fronius,2024-10-24,c3c803c9-49a6-4c83-9884-7f28e9244f2b,Penner Farms - 32-8-13 pump (site 1),71ba6d53-c04f-476f-9da3-ae0401115c8e,Symo  24.0-3 480 (1),,,24.0,parsed_from_inverter_name,136.14,,
fronius,2024-10-24,c3c803c9-49a6-4c83-9884-7f28e9244f2b,Penner Farms - 32-8-13 pump (site 1),528b81d7-df8d-4f62-9b35-ae0401115c98,Symo  24.0-3 480 (2),,,24.0,parsed_from_inverter_name,132.94,,
fronius,2024-10-24,c3c803c9-49a6-4c83-9884-7f28e9244f2b,Penner Farms - 32-8-13 pump (site 1),f97377a3-6539-450f-9b74-ae0401115ca1,Symo 24.0-3 480 (3),,,24.0,parsed_from_inverter_name,137.27,,
fronius,2024-10-25,c3c803c9-49a6-4c83-9884-7f28e9244f2b,Penner Farms - 32-8-13 pump (site 1),71ba6d53-c04f-476f-9da3-ae0401115c8e,Symo  24.0-3 480 (1),,,24.0,parsed_from_inverter_name,129.07,,
fronius,2024-10-25,c3c803c9-49a6-4c83-9884-7f28e9244f2b,Penner Farms - 32-8-13 pump (site 1),528b81d7-df8d-4f62-9b35-ae0401115c98,Symo  24.0-3 480 (2),,,24.0,parsed_from_inverter_name,125.52,,
fronius,2024-10-25,c3c803c9-49a6-4c83-9884-7f28e9244f2b,Penner Farms - 32-8-13 pump (site 1),f97377a3-6539-450f-9b74-ae0401115ca1,Symo 24.0-3 480 (3),,,24.0,parsed_from_inverter_name,129.83,,
fronius,2024-10-26,c3c803c9-49a6-4c83-9884-7f28e9244f2b,Penner Farms - 32-8-13 pump (site 1),71ba6d53-c04f-476f-9da3-ae0401115c8e,Symo  24.0-3 480 (1),,,24.0,parsed_from_inverter_name,86.32,,
fronius,2024-10-26,c3c803c9-49a6-4c83-9884-7f28e9244f2b,Penner Farms - 32-8-13 pump (site 1),528b81d7-df8d-4f62-9b35-ae0401115c98,Symo  24.0-3 480 (2),,,24.0,parsed_from_inverter_name,83.34,,
fronius,2024-10-26,c3c803c9-49a6-4c83-9884-7f28e9244f2b,Penner Farms - 32-8-13 pump (site 1),f97377a3-6539-450f-9b74-ae0401115ca1,Symo 24.0-3 480 (3),,,24.0,parsed_from_inverter_name,87.44,,
fronius,2024-10-27,c3c803c9-49a6-4c83-9884-7f28e9244f2b,Penner Farms - 32-8-13 pump (site 1),71ba6d53-c04f-476f-9da3-ae0401115c8e,Symo  24.0-3 480 (1),,,24.0,parsed_from_inverter_name,121.02,,
fronius,2024-10-27,c3c803c9-49a6-4c83-9884-7f28e9244f2b,Penner Farms - 32-8-13 pump (site 1),528b81d7-df8d-4f62-9b35-ae0401115c98,Symo  24.0-3 480 (2),,,24.0,parsed_from_inverter_name,118.58,,
fronius,2024-10-27,c3c803c9-49a6-4c83-9884-7f28e9244f2b,Penner Farms - 32-8-13 pump (site 1),f97377a3-6539-450f-9b74-ae0401115ca1,Symo 24.0-3 480 (3),,,24.0,parsed_from_inverter_name,122.33,,
fronius,2024-10-28,c3c803c9-49a6-4c83-9884-7f28e9244f2b,Penner Farms - 32-8-13 pump (site 1),71ba6d53-c04f-476f-9da3-ae0401115c8e,Symo  24.0-3 480 (1),,,24.0,parsed_from_inverter_name,122.75,,
fronius,2024-10-28,c3c803c9-49a6-4c83-9884-7f28e9244f2b,Penner Farms - 32-8-13 pump (site 1),528b81d7-df8d-4f62-9b35-ae0401115c98,Symo  24.0-3 480 (2),,,24.0,parsed_from_inverter_name,119.65,,
fronius,2024-10-28,c3c803c9-49a6-4c83-9884-7f28e9244f2b,Penner Farms - 32-8-13 pump (site 1),f97377a3-6539-450f-9b74-ae0401115ca1,Symo 24.0-3 480 (3),,,24.0,parsed_from_inverter_name,123.66,,
fronius,2024-10-29,c3c803c9-49a6-4c83-9884-7f28e9244f2b,Penner Farms - 32-8-13 pump (site 1),71ba6d53-c04f-476f-9da3-ae0401115c8e,Symo  24.0-3 480 (1),,,24.0,parsed_from_inverter_name,43.45,,
fronius,2024-10-29,c3c803c9-49a6-4c83-9884-7f28e9244f2b,Penner Farms - 32-8-13 pump (site 1),528b81d7-df8d-4f62-9b35-ae0401115c98,Symo  24.0-3 480 (2),,,24.0,parsed_from_inverter_name,41.57,,
fronius,2024-10-29,c3c803c9-49a6-4c83-9884-7f28e9244f2b,Penner Farms - 32-8-13 pump (site 1),f97377a3-6539-450f-9b74-ae0401115ca1,Symo 24.0-3 480 (3),,,24.0,parsed_from_inverter_name,43.93,,
fronius,2024-10-30,c3c803c9-49a6-4c83-9884-7f28e9244f2b,Penner Farms - 32-8-13 pump (site 1),71ba6d53-c04f-476f-9da3-ae0401115c8e,Symo  24.0-3 480 (1),,,24.0,parsed_from_inverter_name,139.76,,
fronius,2024-10-30,c3c803c9-49a6-4c83-9884-7f28e9244f2b,Penner Farms - 32-8-13 pump (site 1),528b81d7-df8d-4f62-9b35-ae0401115c98,Symo  24.0-3 480 (2),,,24.0,parsed_from_inverter_name,135.73,,
fronius,2024-10-30,c3c803c9-49a6-4c83-9884-7f28e9244f2b,Penner Farms - 32-8-13 pump (site 1),f97377a3-6539-450f-9b74-ae0401115ca1,Symo 24.0-3 480 (3),,,24.0,parsed_from_inverter_name,141.61,,
fronius,2024-10-31,c3c803c9-49a6-4c83-9884-7f28e9244f2b,Penner Farms - 32-8-13 pump (site 1),71ba6d53-c04f-476f-9da3-ae0401115c8e,Symo  24.0-3 480 (1),,,24.0,parsed_from_inverter_name,131.5,,
fronius,2024-10-31,c3c803c9-49a6-4c83-9884-7f28e9244f2b,Penner Farms - 32-8-13 pump (site 1),528b81d7-df8d-4f62-9b35-ae0401115c98,Symo  24.0-3 480 (2),,,24.0,parsed_from_inverter_name,128.5,,
fronius,2024-10-31,c3c803c9-49a6-4c83-9884-7f28e9244f2b,Penner Farms - 32-8-13 pump (site 1),f97377a3-6539-450f-9b74-ae0401115ca1,Symo 24.0-3 480 (3),,,24.0,parsed_from_inverter_name,132.92,,
fronius,2024-11-01,c3c803c9-49a6-4c83-9884-7f28e9244f2b,Penner Farms - 32-8-13 pump (site 1),71ba6d53-c04f-476f-9da3-ae0401115c8e,Symo  24.0-3 480 (1),,,24.0,parsed_from_inverter_name,133.11,,
fronius,2024-11-01,c3c803c9-49a6-4c83-9884-7f28e9244f2b,Penner Farms - 32-8-13 pump (site 1),528b81d7-df8d-4f62-9b35-ae0401115c98,Symo  24.0-3 480 (2),,,24.0,parsed_from_inverter_name,129.2,,
fronius,2024-11-01,c3c803c9-49a6-4c83-9884-7f28e9244f2b,Penner Farms - 32-8-13 pump (site 1),f97377a3-6539-450f-9b74-ae0401115ca1,Symo 24.0-3 480 (3),,,24.0,parsed_from_inverter_name,135.29,,
fronius,2024-11-02,c3c803c9-49a6-4c83-9884-7f28e9244f2b,Penner Farms - 32-8-13 pump (site 1),71ba6d53-c04f-476f-9da3-ae0401115c8e,Symo  24.0-3 480 (1),,,24.0,parsed_from_inverter_name,92.16,,
fronius,2024-11-02,c3c803c9-49a6-4c83-9884-7f28e9244f2b,Penner Farms - 32-8-13 pump (site 1),528b81d7-df8d-4f62-9b35-ae0401115c98,Symo  24.0-3 480 (2),,,24.0,parsed_from_inverter_name,89.87,,
fronius,2024-11-02,c3c803c9-49a6-4c83-9884-7f28e9244f2b,Penner Farms - 32-8-13 pump (site 1),f97377a3-6539-450f-9b74-ae0401115ca1,Symo 24.0-3 480 (3),,,24.0,parsed_from_inverter_name,93.19,,
fronius,2024-11-03,c3c803c9-49a6-4c83-9884-7f28e9244f2b,Penner Farms - 32-8-13 pump (site 1),71ba6d53-c04f-476f-9da3-ae0401115c8e,Symo  24.0-3 480 (1),,,24.0,parsed_from_inverter_name,89.44,,
fronius,2024-11-03,c3c803c9-49a6-4c83-9884-7f28e9244f2b,Penner Farms - 32-8-13 pump (site 1),528b81d7-df8d-4f62-9b35-ae0401115c98,Symo  24.0-3 480 (2),,,24.0,parsed_from_inverter_name,87.1,,
fronius,2024-11-03,c3c803c9-49a6-4c83-9884-7f28e9244f2b,Penner Farms - 32-8-13 pump (site 1),f97377a3-6539-450f-9b74-ae0401115ca1,Symo 24.0-3 480 (3),,,24.0,parsed_from_inverter_name,91.16,,
fronius,2024-11-04,c3c803c9-49a6-4c83-9884-7f28e9244f2b,Penner Farms - 32-8-13 pump (site 1),71ba6d53-c04f-476f-9da3-ae0401115c8e,Symo  24.0-3 480 (1),,,24.0,parsed_from_inverter_name,54.54,,
fronius,2024-11-04,c3c803c9-49a6-4c83-9884-7f28e9244f2b,Penner Farms - 32-8-13 pump (site 1),528b81d7-df8d-4f62-9b35-ae0401115c98,Symo  24.0-3 480 (2),,,24.0,parsed_from_inverter_name,51.86,,
fronius,2024-11-04,c3c803c9-49a6-4c83-9884-7f28e9244f2b,Penner Farms - 32-8-13 pump (site 1),f97377a3-6539-450f-9b74-ae0401115ca1,Symo 24.0-3 480 (3),,,24.0,parsed_from_inverter_name,55.37,,
fronius,2024-11-05,c3c803c9-49a6-4c83-9884-7f28e9244f2b,Penner Farms - 32-8-13 pump (site 1),71ba6d53-c04f-476f-9da3-ae0401115c8e,Symo  24.0-3 480 (1),,,24.0,parsed_from_inverter_name,6.81,,
fronius,2024-11-05,c3c803c9-49a6-4c83-9884-7f28e9244f2b,Penner Farms - 32-8-13 pump (site 1),528b81d7-df8d-4f62-9b35-ae0401115c98,Symo  24.0-3 480 (2),,,24.0,parsed_from_inverter_name,8.18,,
fronius,2024-11-05,c3c803c9-49a6-4c83-9884-7f28e9244f2b,Penner Farms - 32-8-13 pump (site 1),f97377a3-6539-450f-9b74-ae0401115ca1,Symo 24.0-3 480 (3),,,24.0,parsed_from_inverter_name,7.08,,
fronius,2024-11-06,c3c803c9-49a6-4c83-9884-7f28e9244f2b,Penner Farms - 32-8-13 pump (site 1),71ba6d53-c04f-476f-9da3-ae0401115c8e,Symo  24.0-3 480 (1),,,24.0,parsed_from_inverter_name,104.13,,
fronius,2024-11-06,c3c803c9-49a6-4c83-9884-7f28e9244f2b,Penner Farms - 32-8-13 pump (site 1),528b81d7-df8d-4f62-9b35-ae0401115c98,Symo  24.0-3 480 (2),,,24.0,parsed_from_inverter_name,102.43,,
fronius,2024-11-06,c3c803c9-49a6-4c83-9884-7f28e9244f2b,Penner Farms - 32-8-13 pump (site 1),f97377a3-6539-450f-9b74-ae0401115ca1,Symo 24.0-3 480 (3),,,24.0,parsed_from_inverter_name,105.91,,
fronius,2024-11-07,c3c803c9-49a6-4c83-9884-7f28e9244f2b,Penner Farms - 32-8-13 pump (site 1),71ba6d53-c04f-476f-9da3-ae0401115c8e,Symo  24.0-3 480 (1),,,24.0,parsed_from_inverter_name,125.49,,
fronius,2024-11-07,c3c803c9-49a6-4c83-9884-7f28e9244f2b,Penner Farms - 32-8-13 pump (site 1),528b81d7-df8d-4f62-9b35-ae0401115c98,Symo  24.0-3 480 (2),,,24.0,parsed_from_inverter_name,121.55,,
fronius,2024-11-07,c3c803c9-49a6-4c83-9884-7f28e9244f2b,Penner Farms - 32-8-13 pump (site 1),f97377a3-6539-450f-9b74-ae0401115ca1,Symo 24.0-3 480 (3),,,24.0,parsed_from_inverter_name,127.02,,
fronius,2024-11-08,c3c803c9-49a6-4c83-9884-7f28e9244f2b,Penner Farms - 32-8-13 pump (site 1),71ba6d53-c04f-476f-9da3-ae0401115c8e,Symo  24.0-3 480 (1),,,24.0,parsed_from_inverter_name,94.0,,
fronius,2024-11-08,c3c803c9-49a6-4c83-9884-7f28e9244f2b,Penner Farms - 32-8-13 pump (site 1),528b81d7-df8d-4f62-9b35-ae0401115c98,Symo  24.0-3 480 (2),,,24.0,parsed_from_inverter_name,90.57,,
fronius,2024-11-08,c3c803c9-49a6-4c83-9884-7f28e9244f2b,Penner Farms - 32-8-13 pump (site 1),f97377a3-6539-450f-9b74-ae0401115ca1,Symo 24.0-3 480 (3),,,24.0,parsed_from_inverter_name,95.15,,
fronius,2024-11-09,c3c803c9-49a6-4c83-9884-7f28e9244f2b,Penner Farms - 32-8-13 pump (site 1),71ba6d53-c04f-476f-9da3-ae0401115c8e,Symo  24.0-3 480 (1),,,24.0,parsed_from_inverter_name,56.9,,
fronius,2024-11-09,c3c803c9-49a6-4c83-9884-7f28e9244f2b,Penner Farms - 32-8-13 pump (site 1),528b81d7-df8d-4f62-9b35-ae0401115c98,Symo  24.0-3 480 (2),,,24.0,parsed_from_inverter_name,54.99,,
fronius,2024-11-09,c3c803c9-49a6-4c83-9884-7f28e9244f2b,Penner Farms - 32-8-13 pump (site 1),f97377a3-6539-450f-9b74-ae0401115ca1,Symo 24.0-3 480 (3),,,24.0,parsed_from_inverter_name,57.62,,
fronius,2024-11-10,c3c803c9-49a6-4c83-9884-7f28e9244f2b,Penner Farms - 32-8-13 pump (site 1),71ba6d53-c04f-476f-9da3-ae0401115c8e,Symo  24.0-3 480 (1),,,24.0,parsed_from_inverter_name,12.05,,
fronius,2024-11-10,c3c803c9-49a6-4c83-9884-7f28e9244f2b,Penner Farms - 32-8-13 pump (site 1),528b81d7-df8d-4f62-9b35-ae0401115c98,Symo  24.0-3 480 (2),,,24.0,parsed_from_inverter_name,11.69,,
fronius,2024-11-10,c3c803c9-49a6-4c83-9884-7f28e9244f2b,Penner Farms - 32-8-13 pump (site 1),f97377a3-6539-450f-9b74-ae0401115ca1,Symo 24.0-3 480 (3),,,24.0,parsed_from_inverter_name,12.23,,
fronius,2024-11-11,c3c803c9-49a6-4c83-9884-7f28e9244f2b,Penner Farms - 32-8-13 pump (site 1),71ba6d53-c04f-476f-9da3-ae0401115c8e,Symo  24.0-3 480 (1),,,24.0,parsed_from_inverter_name,27.46,,
fronius,2024-11-11,c3c803c9-49a6-4c83-9884-7f28e9244f2b,Penner Farms - 32-8-13 pump (site 1),528b81d7-df8d-4f62-9b35-ae0401115c98,Symo  24.0-3 480 (2),,,24.0,parsed_from_inverter_name,25.94,,
fronius,2024-11-11,c3c803c9-49a6-4c83-9884-7f28e9244f2b,Penner Farms - 32-8-13 pump (site 1),f97377a3-6539-450f-9b74-ae0401115ca1,Symo 24.0-3 480 (3),,,24.0,parsed_from_inverter_name,27.94,,
fronius,2024-11-12,c3c803c9-49a6-4c83-9884-7f28e9244f2b,Penner Farms - 32-8-13 pump (site 1),71ba6d53-c04f-476f-9da3-ae0401115c8e,Symo  24.0-3 480 (1),,,24.0,parsed_from_inverter_name,120.75,,
fronius,2024-11-12,c3c803c9-49a6-4c83-9884-7f28e9244f2b,Penner Farms - 32-8-13 pump (site 1),528b81d7-df8d-4f62-9b35-ae0401115c98,Symo  24.0-3 480 (2),,,24.0,parsed_from_inverter_name,117.98,,
fronius,2024-11-12,c3c803c9-49a6-4c83-9884-7f28e9244f2b,Penner Farms - 32-8-13 pump (site 1),f97377a3-6539-450f-9b74-ae0401115ca1,Symo 24.0-3 480 (3),,,24.0,parsed_from_inverter_name,122.51,,
fronius,2024-11-13,c3c803c9-49a6-4c83-9884-7f28e9244f2b,Penner Farms - 32-8-13 pump (site 1),71ba6d53-c04f-476f-9da3-ae0401115c8e,Symo  24.0-3 480 (1),,,24.0,parsed_from_inverter_name,49.31,,
fronius,2024-11-13,c3c803c9-49a6-4c83-9884-7f28e9244f2b,Penner Farms - 32-8-13 pump (site 1),528b81d7-df8d-4f62-9b35-ae0401115c98,Symo  24.0-3 480 (2),,,24.0,parsed_from_inverter_name,47.62,,
fronius,2024-11-13,c3c803c9-49a6-4c83-9884-7f28e9244f2b,Penner Farms - 32-8-13 pump (site 1),f97377a3-6539-450f-9b74-ae0401115ca1,Symo 24.0-3 480 (3),,,24.0,parsed_from_inverter_name,49.97,,
fronius,2024-11-14,c3c803c9-49a6-4c83-9884-7f28e9244f2b,Penner Farms - 32-8-13 pump (site 1),71ba6d53-c04f-476f-9da3-ae0401115c8e,Symo  24.0-3 480 (1),,,24.0,parsed_from_inverter_name,70.42,,
fronius,2024-11-14,c3c803c9-49a6-4c83-9884-7f28e9244f2b,Penner Farms - 32-8-13 pump (site 1),528b81d7-df8d-4f62-9b35-ae0401115c98,Symo  24.0-3 480 (2),,,24.0,parsed_from_inverter_name,67.67,,
fronius,2024-11-14,c3c803c9-49a6-4c83-9884-7f28e9244f2b,Penner Farms - 32-8-13 pump (site 1),f97377a3-6539-450f-9b74-ae0401115ca1,Symo 24.0-3 480 (3),,,24.0,parsed_from_inverter_name,71.4,,
fronius,2024-11-15,c3c803c9-49a6-4c83-9884-7f28e9244f2b,Penner Farms - 32-8-13 pump (site 1),71ba6d53-c04f-476f-9da3-ae0401115c8e,Symo  24.0-3 480 (1),,,24.0,parsed_from_inverter_name,58.3,,
fronius,2024-11-15,c3c803c9-49a6-4c83-9884-7f28e9244f2b,Penner Farms - 32-8-13 pump (site 1),528b81d7-df8d-4f62-9b35-ae0401115c98,Symo  24.0-3 480 (2),,,24.0,parsed_from_inverter_name,55.35,,
fronius,2024-11-15,c3c803c9-49a6-4c83-9884-7f28e9244f2b,Penner Farms - 32-8-13 pump (site 1),f97377a3-6539-450f-9b74-ae0401115ca1,Symo 24.0-3 480 (3),,,24.0,parsed_from_inverter_name,59.56,,
fronius,2024-11-16,c3c803c9-49a6-4c83-9884-7f28e9244f2b,Penner Farms - 32-8-13 pump (site 1),71ba6d53-c04f-476f-9da3-ae0401115c8e,Symo  24.0-3 480 (1),,,24.0,parsed_from_inverter_name,111.05,,
fronius,2024-11-16,c3c803c9-49a6-4c83-9884-7f28e9244f2b,Penner Farms - 32-8-13 pump (site 1),528b81d7-df8d-4f62-9b35-ae0401115c98,Symo  24.0-3 480 (2),,,24.0,parsed_from_inverter_name,108.51,,
fronius,2024-11-16,c3c803c9-49a6-4c83-9884-7f28e9244f2b,Penner Farms - 32-8-13 pump (site 1),f97377a3-6539-450f-9b74-ae0401115ca1,Symo 24.0-3 480 (3),,,24.0,parsed_from_inverter_name,113.5,,
fronius,2024-11-17,c3c803c9-49a6-4c83-9884-7f28e9244f2b,Penner Farms - 32-8-13 pump (site 1),71ba6d53-c04f-476f-9da3-ae0401115c8e,Symo  24.0-3 480 (1),,,24.0,parsed_from_inverter_name,21.55,,
fronius,2024-11-17,c3c803c9-49a6-4c83-9884-7f28e9244f2b,Penner Farms - 32-8-13 pump (site 1),528b81d7-df8d-4f62-9b35-ae0401115c98,Symo  24.0-3 480 (2),,,24.0,parsed_from_inverter_name,20.63,,
fronius,2024-11-17,c3c803c9-49a6-4c83-9884-7f28e9244f2b,Penner Farms - 32-8-13 pump (site 1),f97377a3-6539-450f-9b74-ae0401115ca1,Symo 24.0-3 480 (3),,,24.0,parsed_from_inverter_name,22.08,,
fronius,2024-11-18,c3c803c9-49a6-4c83-9884-7f28e9244f2b,Penner Farms - 32-8-13 pump (site 1),71ba6d53-c04f-476f-9da3-ae0401115c8e,Symo  24.0-3 480 (1),,,24.0,parsed_from_inverter_name,51.8,,
fronius,2024-11-18,c3c803c9-49a6-4c83-9884-7f28e9244f2b,Penner Farms - 32-8-13 pump (site 1),528b81d7-df8d-4f62-9b35-ae0401115c98,Symo  24.0-3 480 (2),,,24.0,parsed_from_inverter_name,50.45,,
fronius,2024-11-18,c3c803c9-49a6-4c83-9884-7f28e9244f2b,Penner Farms - 32-8-13 pump (site 1),f97377a3-6539-450f-9b74-ae0401115ca1,Symo 24.0-3 480 (3),,,24.0,parsed_from_inverter_name,52.35,,
fronius,2024-11-19,c3c803c9-49a6-4c83-9884-7f28e9244f2b,Penner Farms - 32-8-13 pump (site 1),71ba6d53-c04f-476f-9da3-ae0401115c8e,Symo  24.0-3 480 (1),,,24.0,parsed_from_inverter_name,16.41,,
fronius,2024-11-19,c3c803c9-49a6-4c83-9884-7f28e9244f2b,Penner Farms - 32-8-13 pump (site 1),528b81d7-df8d-4f62-9b35-ae0401115c98,Symo  24.0-3 480 (2),,,24.0,parsed_from_inverter_name,16.25,,
fronius,2024-11-19,c3c803c9-49a6-4c83-9884-7f28e9244f2b,Penner Farms - 32-8-13 pump (site 1),f97377a3-6539-450f-9b74-ae0401115ca1,Symo 24.0-3 480 (3),,,24.0,parsed_from_inverter_name,16.4,,
fronius,2024-11-20,c3c803c9-49a6-4c83-9884-7f28e9244f2b,Penner Farms - 32-8-13 pump (site 1),71ba6d53-c04f-476f-9da3-ae0401115c8e,Symo  24.0-3 480 (1),,,24.0,parsed_from_inverter_name,20.42,,
fronius,2024-11-20,c3c803c9-49a6-4c83-9884-7f28e9244f2b,Penner Farms - 32-8-13 pump (site 1),528b81d7-df8d-4f62-9b35-ae0401115c98,Symo  24.0-3 480 (2),,,24.0,parsed_from_inverter_name,19.94,,
fronius,2024-11-20,c3c803c9-49a6-4c83-9884-7f28e9244f2b,Penner Farms - 32-8-13 pump (site 1),f97377a3-6539-450f-9b74-ae0401115ca1,Symo 24.0-3 480 (3),,,24.0,parsed_from_inverter_name,19.19,,
fronius,2024-11-21,c3c803c9-49a6-4c83-9884-7f28e9244f2b,Penner Farms - 32-8-13 pump (site 1),71ba6d53-c04f-476f-9da3-ae0401115c8e,Symo  24.0-3 480 (1),,,24.0,parsed_from_inverter_name,36.52,,
fronius,2024-11-21,c3c803c9-49a6-4c83-9884-7f28e9244f2b,Penner Farms - 32-8-13 pump (site 1),528b81d7-df8d-4f62-9b35-ae0401115c98,Symo  24.0-3 480 (2),,,24.0,parsed_from_inverter_name,33.99,,
fronius,2024-11-21,c3c803c9-49a6-4c83-9884-7f28e9244f2b,Penner Farms - 32-8-13 pump (site 1),f97377a3-6539-450f-9b74-ae0401115ca1,Symo 24.0-3 480 (3),,,24.0,parsed_from_inverter_name,39.01,,
fronius,2024-11-22,c3c803c9-49a6-4c83-9884-7f28e9244f2b,Penner Farms - 32-8-13 pump (site 1),71ba6d53-c04f-476f-9da3-ae0401115c8e,Symo  24.0-3 480 (1),,,24.0,parsed_from_inverter_name,5.47,,
fronius,2024-11-22,c3c803c9-49a6-4c83-9884-7f28e9244f2b,Penner Farms - 32-8-13 pump (site 1),528b81d7-df8d-4f62-9b35-ae0401115c98,Symo  24.0-3 480 (2),,,24.0,parsed_from_inverter_name,5.52,,
fronius,2024-11-22,c3c803c9-49a6-4c83-9884-7f28e9244f2b,Penner Farms - 32-8-13 pump (site 1),f97377a3-6539-450f-9b74-ae0401115ca1,Symo 24.0-3 480 (3),,,24.0,parsed_from_inverter_name,5.39,,
fronius,2024-11-23,c3c803c9-49a6-4c83-9884-7f28e9244f2b,Penner Farms - 32-8-13 pump (site 1),71ba6d53-c04f-476f-9da3-ae0401115c8e,Symo  24.0-3 480 (1),,,24.0,parsed_from_inverter_name,4.18,,
fronius,2024-11-23,c3c803c9-49a6-4c83-9884-7f28e9244f2b,Penner Farms - 32-8-13 pump (site 1),528b81d7-df8d-4f62-9b35-ae0401115c98,Symo  24.0-3 480 (2),,,24.0,parsed_from_inverter_name,3.77,,
fronius,2024-11-23,c3c803c9-49a6-4c83-9884-7f28e9244f2b,Penner Farms - 32-8-13 pump (site 1),f97377a3-6539-450f-9b74-ae0401115ca1,Symo 24.0-3 480 (3),,,24.0,parsed_from_inverter_name,3.83,,
fronius,2024-11-24,c3c803c9-49a6-4c83-9884-7f28e9244f2b,Penner Farms - 32-8-13 pump (site 1),71ba6d53-c04f-476f-9da3-ae0401115c8e,Symo  24.0-3 480 (1),,,24.0,parsed_from_inverter_name,10.25,,
fronius,2024-11-24,c3c803c9-49a6-4c83-9884-7f28e9244f2b,Penner Farms - 32-8-13 pump (site 1),528b81d7-df8d-4f62-9b35-ae0401115c98,Symo  24.0-3 480 (2),,,24.0,parsed_from_inverter_name,11.38,,
fronius,2024-11-24,c3c803c9-49a6-4c83-9884-7f28e9244f2b,Penner Farms - 32-8-13 pump (site 1),f97377a3-6539-450f-9b74-ae0401115ca1,Symo 24.0-3 480 (3),,,24.0,parsed_from_inverter_name,10.81,,
fronius,2024-11-25,c3c803c9-49a6-4c83-9884-7f28e9244f2b,Penner Farms - 32-8-13 pump (site 1),71ba6d53-c04f-476f-9da3-ae0401115c8e,Symo  24.0-3 480 (1),,,24.0,parsed_from_inverter_name,7.08,,
fronius,2024-11-25,c3c803c9-49a6-4c83-9884-7f28e9244f2b,Penner Farms - 32-8-13 pump (site 1),528b81d7-df8d-4f62-9b35-ae0401115c98,Symo  24.0-3 480 (2),,,24.0,parsed_from_inverter_name,7.95,,
fronius,2024-11-25,c3c803c9-49a6-4c83-9884-7f28e9244f2b,Penner Farms - 32-8-13 pump (site 1),f97377a3-6539-450f-9b74-ae0401115ca1,Symo 24.0-3 480 (3),,,24.0,parsed_from_inverter_name,7.37,,
fronius,2024-11-26,c3c803c9-49a6-4c83-9884-7f28e9244f2b,Penner Farms - 32-8-13 pump (site 1),71ba6d53-c04f-476f-9da3-ae0401115c8e,Symo  24.0-3 480 (1),,,24.0,parsed_from_inverter_name,12.85,,
fronius,2024-11-26,c3c803c9-49a6-4c83-9884-7f28e9244f2b,Penner Farms - 32-8-13 pump (site 1),528b81d7-df8d-4f62-9b35-ae0401115c98,Symo  24.0-3 480 (2),,,24.0,parsed_from_inverter_name,19.46,,
fronius,2024-11-26,c3c803c9-49a6-4c83-9884-7f28e9244f2b,Penner Farms - 32-8-13 pump (site 1),f97377a3-6539-450f-9b74-ae0401115ca1,Symo 24.0-3 480 (3),,,24.0,parsed_from_inverter_name,14.24,,
fronius,2024-11-27,c3c803c9-49a6-4c83-9884-7f28e9244f2b,Penner Farms - 32-8-13 pump (site 1),71ba6d53-c04f-476f-9da3-ae0401115c8e,Symo  24.0-3 480 (1),,,24.0,parsed_from_inverter_name,9.36,,
fronius,2024-11-27,c3c803c9-49a6-4c83-9884-7f28e9244f2b,Penner Farms - 32-8-13 pump (site 1),528b81d7-df8d-4f62-9b35-ae0401115c98,Symo  24.0-3 480 (2),,,24.0,parsed_from_inverter_name,11.96,,
fronius,2024-11-27,c3c803c9-49a6-4c83-9884-7f28e9244f2b,Penner Farms - 32-8-13 pump (site 1),f97377a3-6539-450f-9b74-ae0401115ca1,Symo 24.0-3 480 (3),,,24.0,parsed_from_inverter_name,10.14,,
fronius,2024-11-28,c3c803c9-49a6-4c83-9884-7f28e9244f2b,Penner Farms - 32-8-13 pump (site 1),71ba6d53-c04f-476f-9da3-ae0401115c8e,Symo  24.0-3 480 (1),,,24.0,parsed_from_inverter_name,11.15,,
fronius,2024-11-28,c3c803c9-49a6-4c83-9884-7f28e9244f2b,Penner Farms - 32-8-13 pump (site 1),528b81d7-df8d-4f62-9b35-ae0401115c98,Symo  24.0-3 480 (2),,,24.0,parsed_from_inverter_name,15.22,,
fronius,2024-11-28,c3c803c9-49a6-4c83-9884-7f28e9244f2b,Penner Farms - 32-8-13 pump (site 1),f97377a3-6539-450f-9b74-ae0401115ca1,Symo 24.0-3 480 (3),,,24.0,parsed_from_inverter_name,12.04,,
fronius,2024-11-29,c3c803c9-49a6-4c83-9884-7f28e9244f2b,Penner Farms - 32-8-13 pump (site 1),71ba6d53-c04f-476f-9da3-ae0401115c8e,Symo  24.0-3 480 (1),,,24.0,parsed_from_inverter_name,8.07,,
fronius,2024-11-29,c3c803c9-49a6-4c83-9884-7f28e9244f2b,Penner Farms - 32-8-13 pump (site 1),528b81d7-df8d-4f62-9b35-ae0401115c98,Symo  24.0-3 480 (2),,,24.0,parsed_from_inverter_name,9.13,,
fronius,2024-11-29,c3c803c9-49a6-4c83-9884-7f28e9244f2b,Penner Farms - 32-8-13 pump (site 1),f97377a3-6539-450f-9b74-ae0401115ca1,Symo 24.0-3 480 (3),,,24.0,parsed_from_inverter_name,8.87,,
fronius,2024-11-30,c3c803c9-49a6-4c83-9884-7f28e9244f2b,Penner Farms - 32-8-13 pump (site 1),71ba6d53-c04f-476f-9da3-ae0401115c8e,Symo  24.0-3 480 (1),,,24.0,parsed_from_inverter_name,11.79,,
fronius,2024-11-30,c3c803c9-49a6-4c83-9884-7f28e9244f2b,Penner Farms - 32-8-13 pump (site 1),528b81d7-df8d-4f62-9b35-ae0401115c98,Symo  24.0-3 480 (2),,,24.0,parsed_from_inverter_name,19.03,,
fronius,2024-11-30,c3c803c9-49a6-4c83-9884-7f28e9244f2b,Penner Farms - 32-8-13 pump (site 1),f97377a3-6539-450f-9b74-ae0401115ca1,Symo 24.0-3 480 (3),,,24.0,parsed_from_inverter_name,13.28,,
fronius,2024-12-01,c3c803c9-49a6-4c83-9884-7f28e9244f2b,Penner Farms - 32-8-13 pump (site 1),71ba6d53-c04f-476f-9da3-ae0401115c8e,Symo  24.0-3 480 (1),,,24.0,parsed_from_inverter_name,12.71,,
fronius,2024-12-01,c3c803c9-49a6-4c83-9884-7f28e9244f2b,Penner Farms - 32-8-13 pump (site 1),528b81d7-df8d-4f62-9b35-ae0401115c98,Symo  24.0-3 480 (2),,,24.0,parsed_from_inverter_name,15.38,,
fronius,2024-12-01,c3c803c9-49a6-4c83-9884-7f28e9244f2b,Penner Farms - 32-8-13 pump (site 1),f97377a3-6539-450f-9b74-ae0401115ca1,Symo 24.0-3 480 (3),,,24.0,parsed_from_inverter_name,12.47,,
fronius,2024-12-02,c3c803c9-49a6-4c83-9884-7f28e9244f2b,Penner Farms - 32-8-13 pump (site 1),71ba6d53-c04f-476f-9da3-ae0401115c8e,Symo  24.0-3 480 (1),,,24.0,parsed_from_inverter_name,47.16,,
fronius,2024-12-02,c3c803c9-49a6-4c83-9884-7f28e9244f2b,Penner Farms - 32-8-13 pump (site 1),528b81d7-df8d-4f62-9b35-ae0401115c98,Symo  24.0-3 480 (2),,,24.0,parsed_from_inverter_name,41.28,,
fronius,2024-12-02,c3c803c9-49a6-4c83-9884-7f28e9244f2b,Penner Farms - 32-8-13 pump (site 1),f97377a3-6539-450f-9b74-ae0401115ca1,Symo 24.0-3 480 (3),,,24.0,parsed_from_inverter_name,30.95,,
fronius,2024-12-03,c3c803c9-49a6-4c83-9884-7f28e9244f2b,Penner Farms - 32-8-13 pump (site 1),71ba6d53-c04f-476f-9da3-ae0401115c8e,Symo  24.0-3 480 (1),,,24.0,parsed_from_inverter_name,53.97,,
fronius,2024-12-03,c3c803c9-49a6-4c83-9884-7f28e9244f2b,Penner Farms - 32-8-13 pump (site 1),528b81d7-df8d-4f62-9b35-ae0401115c98,Symo  24.0-3 480 (2),,,24.0,parsed_from_inverter_name,52.04,,
fronius,2024-12-03,c3c803c9-49a6-4c83-9884-7f28e9244f2b,Penner Farms - 32-8-13 pump (site 1),f97377a3-6539-450f-9b74-ae0401115ca1,Symo 24.0-3 480 (3),,,24.0,parsed_from_inverter_name,55.71,,
fronius,2024-12-04,c3c803c9-49a6-4c83-9884-7f28e9244f2b,Penner Farms - 32-8-13 pump (site 1),71ba6d53-c04f-476f-9da3-ae0401115c8e,Symo  24.0-3 480 (1),,,24.0,parsed_from_inverter_name,55.6,,
fronius,2024-12-04,c3c803c9-49a6-4c83-9884-7f28e9244f2b,Penner Farms - 32-8-13 pump (site 1),528b81d7-df8d-4f62-9b35-ae0401115c98,Symo  24.0-3 480 (2),,,24.0,parsed_from_inverter_name,52.92,,
fronius,2024-12-04,c3c803c9-49a6-4c83-9884-7f28e9244f2b,Penner Farms - 32-8-13 pump (site 1),f97377a3-6539-450f-9b74-ae0401115ca1,Symo 24.0-3 480 (3),,,24.0,parsed_from_inverter_name,57.08,,
fronius,2024-12-05,c3c803c9-49a6-4c83-9884-7f28e9244f2b,Penner Farms - 32-8-13 pump (site 1),71ba6d53-c04f-476f-9da3-ae0401115c8e,Symo  24.0-3 480 (1),,,24.0,parsed_from_inverter_name,94.95,,
fronius,2024-12-05,c3c803c9-49a6-4c83-9884-7f28e9244f2b,Penner Farms - 32-8-13 pump (site 1),528b81d7-df8d-4f62-9b35-ae0401115c98,Symo  24.0-3 480 (2),,,24.0,parsed_from_inverter_name,87.35,,
fronius,2024-12-05,c3c803c9-49a6-4c83-9884-7f28e9244f2b,Penner Farms - 32-8-13 pump (site 1),f97377a3-6539-450f-9b74-ae0401115ca1,Symo 24.0-3 480 (3),,,24.0,parsed_from_inverter_name,99.08,,
fronius,2024-12-06,c3c803c9-49a6-4c83-9884-7f28e9244f2b,Penner Farms - 32-8-13 pump (site 1),71ba6d53-c04f-476f-9da3-ae0401115c8e,Symo  24.0-3 480 (1),,,24.0,parsed_from_inverter_name,55.25,,
fronius,2024-12-06,c3c803c9-49a6-4c83-9884-7f28e9244f2b,Penner Farms - 32-8-13 pump (site 1),528b81d7-df8d-4f62-9b35-ae0401115c98,Symo  24.0-3 480 (2),,,24.0,parsed_from_inverter_name,51.59,,
fronius,2024-12-06,c3c803c9-49a6-4c83-9884-7f28e9244f2b,Penner Farms - 32-8-13 pump (site 1),f97377a3-6539-450f-9b74-ae0401115ca1,Symo 24.0-3 480 (3),,,24.0,parsed_from_inverter_name,56.8,,
fronius,2024-12-07,c3c803c9-49a6-4c83-9884-7f28e9244f2b,Penner Farms - 32-8-13 pump (site 1),71ba6d53-c04f-476f-9da3-ae0401115c8e,Symo  24.0-3 480 (1),,,24.0,parsed_from_inverter_name,25.18,,
fronius,2024-12-07,c3c803c9-49a6-4c83-9884-7f28e9244f2b,Penner Farms - 32-8-13 pump (site 1),528b81d7-df8d-4f62-9b35-ae0401115c98,Symo  24.0-3 480 (2),,,24.0,parsed_from_inverter_name,24.27,,
fronius,2024-12-07,c3c803c9-49a6-4c83-9884-7f28e9244f2b,Penner Farms - 32-8-13 pump (site 1),f97377a3-6539-450f-9b74-ae0401115ca1,Symo 24.0-3 480 (3),,,24.0,parsed_from_inverter_name,25.7,,
fronius,2024-12-08,c3c803c9-49a6-4c83-9884-7f28e9244f2b,Penner Farms - 32-8-13 pump (site 1),71ba6d53-c04f-476f-9da3-ae0401115c8e,Symo  24.0-3 480 (1),,,24.0,parsed_from_inverter_name,6.71,,
fronius,2024-12-08,c3c803c9-49a6-4c83-9884-7f28e9244f2b,Penner Farms - 32-8-13 pump (site 1),528b81d7-df8d-4f62-9b35-ae0401115c98,Symo  24.0-3 480 (2),,,24.0,parsed_from_inverter_name,6.99,,
fronius,2024-12-08,c3c803c9-49a6-4c83-9884-7f28e9244f2b,Penner Farms - 32-8-13 pump (site 1),f97377a3-6539-450f-9b74-ae0401115ca1,Symo 24.0-3 480 (3),,,24.0,parsed_from_inverter_name,6.93,,
fronius,2024-12-09,c3c803c9-49a6-4c83-9884-7f28e9244f2b,Penner Farms - 32-8-13 pump (site 1),71ba6d53-c04f-476f-9da3-ae0401115c8e,Symo  24.0-3 480 (1),,,24.0,parsed_from_inverter_name,27.44,,
fronius,2024-12-09,c3c803c9-49a6-4c83-9884-7f28e9244f2b,Penner Farms - 32-8-13 pump (site 1),528b81d7-df8d-4f62-9b35-ae0401115c98,Symo  24.0-3 480 (2),,,24.0,parsed_from_inverter_name,29.76,,
fronius,2024-12-09,c3c803c9-49a6-4c83-9884-7f28e9244f2b,Penner Farms - 32-8-13 pump (site 1),f97377a3-6539-450f-9b74-ae0401115ca1,Symo 24.0-3 480 (3),,,24.0,parsed_from_inverter_name,30.17,,
fronius,2024-12-10,c3c803c9-49a6-4c83-9884-7f28e9244f2b,Penner Farms - 32-8-13 pump (site 1),71ba6d53-c04f-476f-9da3-ae0401115c8e,Symo  24.0-3 480 (1),,,24.0,parsed_from_inverter_name,27.83,,
fronius,2024-12-10,c3c803c9-49a6-4c83-9884-7f28e9244f2b,Penner Farms - 32-8-13 pump (site 1),528b81d7-df8d-4f62-9b35-ae0401115c98,Symo  24.0-3 480 (2),,,24.0,parsed_from_inverter_name,26.8,,
fronius,2024-12-10,c3c803c9-49a6-4c83-9884-7f28e9244f2b,Penner Farms - 32-8-13 pump (site 1),f97377a3-6539-450f-9b74-ae0401115ca1,Symo 24.0-3 480 (3),,,24.0,parsed_from_inverter_name,28.4,,
fronius,2024-12-11,c3c803c9-49a6-4c83-9884-7f28e9244f2b,Penner Farms - 32-8-13 pump (site 1),71ba6d53-c04f-476f-9da3-ae0401115c8e,Symo  24.0-3 480 (1),,,24.0,parsed_from_inverter_name,24.64,,
fronius,2024-12-11,c3c803c9-49a6-4c83-9884-7f28e9244f2b,Penner Farms - 32-8-13 pump (site 1),528b81d7-df8d-4f62-9b35-ae0401115c98,Symo  24.0-3 480 (2),,,24.0,parsed_from_inverter_name,23.84,,
fronius,2024-12-11,c3c803c9-49a6-4c83-9884-7f28e9244f2b,Penner Farms - 32-8-13 pump (site 1),f97377a3-6539-450f-9b74-ae0401115ca1,Symo 24.0-3 480 (3),,,24.0,parsed_from_inverter_name,24.97,,
fronius,2024-12-12,c3c803c9-49a6-4c83-9884-7f28e9244f2b,Penner Farms - 32-8-13 pump (site 1),71ba6d53-c04f-476f-9da3-ae0401115c8e,Symo  24.0-3 480 (1),,,24.0,parsed_from_inverter_name,94.58,,
fronius,2024-12-12,c3c803c9-49a6-4c83-9884-7f28e9244f2b,Penner Farms - 32-8-13 pump (site 1),528b81d7-df8d-4f62-9b35-ae0401115c98,Symo  24.0-3 480 (2),,,24.0,parsed_from_inverter_name,87.96,,
fronius,2024-12-12,c3c803c9-49a6-4c83-9884-7f28e9244f2b,Penner Farms - 32-8-13 pump (site 1),f97377a3-6539-450f-9b74-ae0401115ca1,Symo 24.0-3 480 (3),,,24.0,parsed_from_inverter_name,99.15,,
fronius,2024-12-13,c3c803c9-49a6-4c83-9884-7f28e9244f2b,Penner Farms - 32-8-13 pump (site 1),71ba6d53-c04f-476f-9da3-ae0401115c8e,Symo  24.0-3 480 (1),,,24.0,parsed_from_inverter_name,57.66,,
fronius,2024-12-13,c3c803c9-49a6-4c83-9884-7f28e9244f2b,Penner Farms - 32-8-13 pump (site 1),528b81d7-df8d-4f62-9b35-ae0401115c98,Symo  24.0-3 480 (2),,,24.0,parsed_from_inverter_name,54.12,,
fronius,2024-12-13,c3c803c9-49a6-4c83-9884-7f28e9244f2b,Penner Farms - 32-8-13 pump (site 1),f97377a3-6539-450f-9b74-ae0401115ca1,Symo 24.0-3 480 (3),,,24.0,parsed_from_inverter_name,60.68,,
fronius,2024-12-14,c3c803c9-49a6-4c83-9884-7f28e9244f2b,Penner Farms - 32-8-13 pump (site 1),71ba6d53-c04f-476f-9da3-ae0401115c8e,Symo  24.0-3 480 (1),,,24.0,parsed_from_inverter_name,30.01,,
fronius,2024-12-14,c3c803c9-49a6-4c83-9884-7f28e9244f2b,Penner Farms - 32-8-13 pump (site 1),528b81d7-df8d-4f62-9b35-ae0401115c98,Symo  24.0-3 480 (2),,,24.0,parsed_from_inverter_name,27.58,,
fronius,2024-12-14,c3c803c9-49a6-4c83-9884-7f28e9244f2b,Penner Farms - 32-8-13 pump (site 1),f97377a3-6539-450f-9b74-ae0401115ca1,Symo 24.0-3 480 (3),,,24.0,parsed_from_inverter_name,32.42,,
fronius,2024-12-15,c3c803c9-49a6-4c83-9884-7f28e9244f2b,Penner Farms - 32-8-13 pump (site 1),71ba6d53-c04f-476f-9da3-ae0401115c8e,Symo  24.0-3 480 (1),,,24.0,parsed_from_inverter_name,38.99,,
fronius,2024-12-15,c3c803c9-49a6-4c83-9884-7f28e9244f2b,Penner Farms - 32-8-13 pump (site 1),528b81d7-df8d-4f62-9b35-ae0401115c98,Symo  24.0-3 480 (2),,,24.0,parsed_from_inverter_name,36.34,,
fronius,2024-12-15,c3c803c9-49a6-4c83-9884-7f28e9244f2b,Penner Farms - 32-8-13 pump (site 1),f97377a3-6539-450f-9b74-ae0401115ca1,Symo 24.0-3 480 (3),,,24.0,parsed_from_inverter_name,40.78,,
fronius,2024-12-16,c3c803c9-49a6-4c83-9884-7f28e9244f2b,Penner Farms - 32-8-13 pump (site 1),71ba6d53-c04f-476f-9da3-ae0401115c8e,Symo  24.0-3 480 (1),,,24.0,parsed_from_inverter_name,14.56,,
fronius,2024-12-16,c3c803c9-49a6-4c83-9884-7f28e9244f2b,Penner Farms - 32-8-13 pump (site 1),528b81d7-df8d-4f62-9b35-ae0401115c98,Symo  24.0-3 480 (2),,,24.0,parsed_from_inverter_name,13.43,,
fronius,2024-12-16,c3c803c9-49a6-4c83-9884-7f28e9244f2b,Penner Farms - 32-8-13 pump (site 1),f97377a3-6539-450f-9b74-ae0401115ca1,Symo 24.0-3 480 (3),,,24.0,parsed_from_inverter_name,15.03,,
fronius,2024-12-17,c3c803c9-49a6-4c83-9884-7f28e9244f2b,Penner Farms - 32-8-13 pump (site 1),71ba6d53-c04f-476f-9da3-ae0401115c8e,Symo  24.0-3 480 (1),,,24.0,parsed_from_inverter_name,17.76,,
fronius,2024-12-17,c3c803c9-49a6-4c83-9884-7f28e9244f2b,Penner Farms - 32-8-13 pump (site 1),528b81d7-df8d-4f62-9b35-ae0401115c98,Symo  24.0-3 480 (2),,,24.0,parsed_from_inverter_name,13.22,,
fronius,2024-12-17,c3c803c9-49a6-4c83-9884-7f28e9244f2b,Penner Farms - 32-8-13 pump (site 1),f97377a3-6539-450f-9b74-ae0401115ca1,Symo 24.0-3 480 (3),,,24.0,parsed_from_inverter_name,18.95,,
fronius,2024-12-18,c3c803c9-49a6-4c83-9884-7f28e9244f2b,Penner Farms - 32-8-13 pump (site 1),71ba6d53-c04f-476f-9da3-ae0401115c8e,Symo  24.0-3 480 (1),,,24.0,parsed_from_inverter_name,16.04,,
fronius,2024-12-18,c3c803c9-49a6-4c83-9884-7f28e9244f2b,Penner Farms - 32-8-13 pump (site 1),528b81d7-df8d-4f62-9b35-ae0401115c98,Symo  24.0-3 480 (2),,,24.0,parsed_from_inverter_name,15.53,,
fronius,2024-12-18,c3c803c9-49a6-4c83-9884-7f28e9244f2b,Penner Farms - 32-8-13 pump (site 1),f97377a3-6539-450f-9b74-ae0401115ca1,Symo 24.0-3 480 (3),,,24.0,parsed_from_inverter_name,16.21,,
fronius,2024-12-19,c3c803c9-49a6-4c83-9884-7f28e9244f2b,Penner Farms - 32-8-13 pump (site 1),71ba6d53-c04f-476f-9da3-ae0401115c8e,Symo  24.0-3 480 (1),,,24.0,parsed_from_inverter_name,82.96,,
fronius,2024-12-19,c3c803c9-49a6-4c83-9884-7f28e9244f2b,Penner Farms - 32-8-13 pump (site 1),528b81d7-df8d-4f62-9b35-ae0401115c98,Symo  24.0-3 480 (2),,,24.0,parsed_from_inverter_name,76.89,,
fronius,2024-12-19,c3c803c9-49a6-4c83-9884-7f28e9244f2b,Penner Farms - 32-8-13 pump (site 1),f97377a3-6539-450f-9b74-ae0401115ca1,Symo 24.0-3 480 (3),,,24.0,parsed_from_inverter_name,85.85,,
fronius,2024-12-20,c3c803c9-49a6-4c83-9884-7f28e9244f2b,Penner Farms - 32-8-13 pump (site 1),71ba6d53-c04f-476f-9da3-ae0401115c8e,Symo  24.0-3 480 (1),,,24.0,parsed_from_inverter_name,94.64,,
fronius,2024-12-20,c3c803c9-49a6-4c83-9884-7f28e9244f2b,Penner Farms - 32-8-13 pump (site 1),528b81d7-df8d-4f62-9b35-ae0401115c98,Symo  24.0-3 480 (2),,,24.0,parsed_from_inverter_name,88.52,,
fronius,2024-12-20,c3c803c9-49a6-4c83-9884-7f28e9244f2b,Penner Farms - 32-8-13 pump (site 1),f97377a3-6539-450f-9b74-ae0401115ca1,Symo 24.0-3 480 (3),,,24.0,parsed_from_inverter_name,98.7,,
fronius,2024-12-21,c3c803c9-49a6-4c83-9884-7f28e9244f2b,Penner Farms - 32-8-13 pump (site 1),71ba6d53-c04f-476f-9da3-ae0401115c8e,Symo  24.0-3 480 (1),,,24.0,parsed_from_inverter_name,52.45,,
fronius,2024-12-21,c3c803c9-49a6-4c83-9884-7f28e9244f2b,Penner Farms - 32-8-13 pump (site 1),528b81d7-df8d-4f62-9b35-ae0401115c98,Symo  24.0-3 480 (2),,,24.0,parsed_from_inverter_name,47.78,,
fronius,2024-12-21,c3c803c9-49a6-4c83-9884-7f28e9244f2b,Penner Farms - 32-8-13 pump (site 1),f97377a3-6539-450f-9b74-ae0401115ca1,Symo 24.0-3 480 (3),,,24.0,parsed_from_inverter_name,55.06,,
fronius,2024-12-22,c3c803c9-49a6-4c83-9884-7f28e9244f2b,Penner Farms - 32-8-13 pump (site 1),71ba6d53-c04f-476f-9da3-ae0401115c8e,Symo  24.0-3 480 (1),,,24.0,parsed_from_inverter_name,46.19,,
fronius,2024-12-22,c3c803c9-49a6-4c83-9884-7f28e9244f2b,Penner Farms - 32-8-13 pump (site 1),528b81d7-df8d-4f62-9b35-ae0401115c98,Symo  24.0-3 480 (2),,,24.0,parsed_from_inverter_name,43.75,,
fronius,2024-12-22,c3c803c9-49a6-4c83-9884-7f28e9244f2b,Penner Farms - 32-8-13 pump (site 1),f97377a3-6539-450f-9b74-ae0401115ca1,Symo 24.0-3 480 (3),,,24.0,parsed_from_inverter_name,48.55,,
fronius,2024-12-23,c3c803c9-49a6-4c83-9884-7f28e9244f2b,Penner Farms - 32-8-13 pump (site 1),71ba6d53-c04f-476f-9da3-ae0401115c8e,Symo  24.0-3 480 (1),,,24.0,parsed_from_inverter_name,54.41,,
fronius,2024-12-23,c3c803c9-49a6-4c83-9884-7f28e9244f2b,Penner Farms - 32-8-13 pump (site 1),528b81d7-df8d-4f62-9b35-ae0401115c98,Symo  24.0-3 480 (2),,,24.0,parsed_from_inverter_name,52.72,,
fronius,2024-12-23,c3c803c9-49a6-4c83-9884-7f28e9244f2b,Penner Farms - 32-8-13 pump (site 1),f97377a3-6539-450f-9b74-ae0401115ca1,Symo 24.0-3 480 (3),,,24.0,parsed_from_inverter_name,56.57,,
fronius,2024-12-24,c3c803c9-49a6-4c83-9884-7f28e9244f2b,Penner Farms - 32-8-13 pump (site 1),71ba6d53-c04f-476f-9da3-ae0401115c8e,Symo  24.0-3 480 (1),,,24.0,parsed_from_inverter_name,43.11,,
fronius,2024-12-24,c3c803c9-49a6-4c83-9884-7f28e9244f2b,Penner Farms - 32-8-13 pump (site 1),528b81d7-df8d-4f62-9b35-ae0401115c98,Symo  24.0-3 480 (2),,,24.0,parsed_from_inverter_name,39.92,,
fronius,2024-12-24,c3c803c9-49a6-4c83-9884-7f28e9244f2b,Penner Farms - 32-8-13 pump (site 1),f97377a3-6539-450f-9b74-ae0401115ca1,Symo 24.0-3 480 (3),,,24.0,parsed_from_inverter_name,45.51,,
fronius,2024-12-25,c3c803c9-49a6-4c83-9884-7f28e9244f2b,Penner Farms - 32-8-13 pump (site 1),71ba6d53-c04f-476f-9da3-ae0401115c8e,Symo  24.0-3 480 (1),,,24.0,parsed_from_inverter_name,96.35,,
fronius,2024-12-25,c3c803c9-49a6-4c83-9884-7f28e9244f2b,Penner Farms - 32-8-13 pump (site 1),528b81d7-df8d-4f62-9b35-ae0401115c98,Symo  24.0-3 480 (2),,,24.0,parsed_from_inverter_name,91.17,,
fronius,2024-12-25,c3c803c9-49a6-4c83-9884-7f28e9244f2b,Penner Farms - 32-8-13 pump (site 1),f97377a3-6539-450f-9b74-ae0401115ca1,Symo 24.0-3 480 (3),,,24.0,parsed_from_inverter_name,100.48,,
fronius,2024-12-26,c3c803c9-49a6-4c83-9884-7f28e9244f2b,Penner Farms - 32-8-13 pump (site 1),71ba6d53-c04f-476f-9da3-ae0401115c8e,Symo  24.0-3 480 (1),,,24.0,parsed_from_inverter_name,13.01,,
fronius,2024-12-26,c3c803c9-49a6-4c83-9884-7f28e9244f2b,Penner Farms - 32-8-13 pump (site 1),528b81d7-df8d-4f62-9b35-ae0401115c98,Symo  24.0-3 480 (2),,,24.0,parsed_from_inverter_name,12.63,,
fronius,2024-12-26,c3c803c9-49a6-4c83-9884-7f28e9244f2b,Penner Farms - 32-8-13 pump (site 1),f97377a3-6539-450f-9b74-ae0401115ca1,Symo 24.0-3 480 (3),,,24.0,parsed_from_inverter_name,13.19,,
fronius,2024-12-27,c3c803c9-49a6-4c83-9884-7f28e9244f2b,Penner Farms - 32-8-13 pump (site 1),71ba6d53-c04f-476f-9da3-ae0401115c8e,Symo  24.0-3 480 (1),,,24.0,parsed_from_inverter_name,60.57,,
fronius,2024-12-27,c3c803c9-49a6-4c83-9884-7f28e9244f2b,Penner Farms - 32-8-13 pump (site 1),528b81d7-df8d-4f62-9b35-ae0401115c98,Symo  24.0-3 480 (2),,,24.0,parsed_from_inverter_name,59.82,,
fronius,2024-12-27,c3c803c9-49a6-4c83-9884-7f28e9244f2b,Penner Farms - 32-8-13 pump (site 1),f97377a3-6539-450f-9b74-ae0401115ca1,Symo 24.0-3 480 (3),,,24.0,parsed_from_inverter_name,62.42,,
fronius,2024-12-28,c3c803c9-49a6-4c83-9884-7f28e9244f2b,Penner Farms - 32-8-13 pump (site 1),71ba6d53-c04f-476f-9da3-ae0401115c8e,Symo  24.0-3 480 (1),,,24.0,parsed_from_inverter_name,66.29,,
fronius,2024-12-28,c3c803c9-49a6-4c83-9884-7f28e9244f2b,Penner Farms - 32-8-13 pump (site 1),528b81d7-df8d-4f62-9b35-ae0401115c98,Symo  24.0-3 480 (2),,,24.0,parsed_from_inverter_name,62.98,,
fronius,2024-12-28,c3c803c9-49a6-4c83-9884-7f28e9244f2b,Penner Farms - 32-8-13 pump (site 1),f97377a3-6539-450f-9b74-ae0401115ca1,Symo 24.0-3 480 (3),,,24.0,parsed_from_inverter_name,68.87,,
fronius,2024-12-29,c3c803c9-49a6-4c83-9884-7f28e9244f2b,Penner Farms - 32-8-13 pump (site 1),71ba6d53-c04f-476f-9da3-ae0401115c8e,Symo  24.0-3 480 (1),,,24.0,parsed_from_inverter_name,12.42,,
fronius,2024-12-29,c3c803c9-49a6-4c83-9884-7f28e9244f2b,Penner Farms - 32-8-13 pump (site 1),528b81d7-df8d-4f62-9b35-ae0401115c98,Symo  24.0-3 480 (2),,,24.0,parsed_from_inverter_name,11.87,,
fronius,2024-12-29,c3c803c9-49a6-4c83-9884-7f28e9244f2b,Penner Farms - 32-8-13 pump (site 1),f97377a3-6539-450f-9b74-ae0401115ca1,Symo 24.0-3 480 (3),,,24.0,parsed_from_inverter_name,12.67,,
fronius,2024-12-30,c3c803c9-49a6-4c83-9884-7f28e9244f2b,Penner Farms - 32-8-13 pump (site 1),71ba6d53-c04f-476f-9da3-ae0401115c8e,Symo  24.0-3 480 (1),,,24.0,parsed_from_inverter_name,21.24,,
fronius,2024-12-30,c3c803c9-49a6-4c83-9884-7f28e9244f2b,Penner Farms - 32-8-13 pump (site 1),528b81d7-df8d-4f62-9b35-ae0401115c98,Symo  24.0-3 480 (2),,,24.0,parsed_from_inverter_name,20.24,,
fronius,2024-12-30,c3c803c9-49a6-4c83-9884-7f28e9244f2b,Penner Farms - 32-8-13 pump (site 1),f97377a3-6539-450f-9b74-ae0401115ca1,Symo 24.0-3 480 (3),,,24.0,parsed_from_inverter_name,21.94,,
fronius,2024-12-31,c3c803c9-49a6-4c83-9884-7f28e9244f2b,Penner Farms - 32-8-13 pump (site 1),71ba6d53-c04f-476f-9da3-ae0401115c8e,Symo  24.0-3 480 (1),,,24.0,parsed_from_inverter_name,5.73,,
fronius,2024-12-31,c3c803c9-49a6-4c83-9884-7f28e9244f2b,Penner Farms - 32-8-13 pump (site 1),528b81d7-df8d-4f62-9b35-ae0401115c98,Symo  24.0-3 480 (2),,,24.0,parsed_from_inverter_name,5.56,,
fronius,2024-12-31,c3c803c9-49a6-4c83-9884-7f28e9244f2b,Penner Farms - 32-8-13 pump (site 1),f97377a3-6539-450f-9b74-ae0401115ca1,Symo 24.0-3 480 (3),,,24.0,parsed_from_inverter_name,5.81,,
fronius,2025-01-01,c3c803c9-49a6-4c83-9884-7f28e9244f2b,Penner Farms - 32-8-13 pump (site 1),71ba6d53-c04f-476f-9da3-ae0401115c8e,Symo  24.0-3 480 (1),,,24.0,parsed_from_inverter_name,6.55,,
fronius,2025-01-01,c3c803c9-49a6-4c83-9884-7f28e9244f2b,Penner Farms - 32-8-13 pump (site 1),528b81d7-df8d-4f62-9b35-ae0401115c98,Symo  24.0-3 480 (2),,,24.0,parsed_from_inverter_name,5.91,,
fronius,2025-01-01,c3c803c9-49a6-4c83-9884-7f28e9244f2b,Penner Farms - 32-8-13 pump (site 1),f97377a3-6539-450f-9b74-ae0401115ca1,Symo 24.0-3 480 (3),,,24.0,parsed_from_inverter_name,5.93,,
fronius,2025-01-02,c3c803c9-49a6-4c83-9884-7f28e9244f2b,Penner Farms - 32-8-13 pump (site 1),71ba6d53-c04f-476f-9da3-ae0401115c8e,Symo  24.0-3 480 (1),,,24.0,parsed_from_inverter_name,6.1,,
fronius,2025-01-02,c3c803c9-49a6-4c83-9884-7f28e9244f2b,Penner Farms - 32-8-13 pump (site 1),528b81d7-df8d-4f62-9b35-ae0401115c98,Symo  24.0-3 480 (2),,,24.0,parsed_from_inverter_name,5.41,,
fronius,2025-01-02,c3c803c9-49a6-4c83-9884-7f28e9244f2b,Penner Farms - 32-8-13 pump (site 1),f97377a3-6539-450f-9b74-ae0401115ca1,Symo 24.0-3 480 (3),,,24.0,parsed_from_inverter_name,5.56,,
fronius,2025-01-03,c3c803c9-49a6-4c83-9884-7f28e9244f2b,Penner Farms - 32-8-13 pump (site 1),71ba6d53-c04f-476f-9da3-ae0401115c8e,Symo  24.0-3 480 (1),,,24.0,parsed_from_inverter_name,6.4,,
fronius,2025-01-03,c3c803c9-49a6-4c83-9884-7f28e9244f2b,Penner Farms - 32-8-13 pump (site 1),528b81d7-df8d-4f62-9b35-ae0401115c98,Symo  24.0-3 480 (2),,,24.0,parsed_from_inverter_name,9.85,,
fronius,2025-01-03,c3c803c9-49a6-4c83-9884-7f28e9244f2b,Penner Farms - 32-8-13 pump (site 1),f97377a3-6539-450f-9b74-ae0401115ca1,Symo 24.0-3 480 (3),,,24.0,parsed_from_inverter_name,9.61,,
fronius,2025-01-04,c3c803c9-49a6-4c83-9884-7f28e9244f2b,Penner Farms - 32-8-13 pump (site 1),71ba6d53-c04f-476f-9da3-ae0401115c8e,Symo  24.0-3 480 (1),,,24.0,parsed_from_inverter_name,29.67,,
fronius,2025-01-04,c3c803c9-49a6-4c83-9884-7f28e9244f2b,Penner Farms - 32-8-13 pump (site 1),528b81d7-df8d-4f62-9b35-ae0401115c98,Symo  24.0-3 480 (2),,,24.0,parsed_from_inverter_name,35.52,,
fronius,2025-01-04,c3c803c9-49a6-4c83-9884-7f28e9244f2b,Penner Farms - 32-8-13 pump (site 1),f97377a3-6539-450f-9b74-ae0401115ca1,Symo 24.0-3 480 (3),,,24.0,parsed_from_inverter_name,36.38,,
fronius,2025-01-05,c3c803c9-49a6-4c83-9884-7f28e9244f2b,Penner Farms - 32-8-13 pump (site 1),71ba6d53-c04f-476f-9da3-ae0401115c8e,Symo  24.0-3 480 (1),,,24.0,parsed_from_inverter_name,64.54,,
fronius,2025-01-05,c3c803c9-49a6-4c83-9884-7f28e9244f2b,Penner Farms - 32-8-13 pump (site 1),528b81d7-df8d-4f62-9b35-ae0401115c98,Symo  24.0-3 480 (2),,,24.0,parsed_from_inverter_name,65.99,,
fronius,2025-01-05,c3c803c9-49a6-4c83-9884-7f28e9244f2b,Penner Farms - 32-8-13 pump (site 1),f97377a3-6539-450f-9b74-ae0401115ca1,Symo 24.0-3 480 (3),,,24.0,parsed_from_inverter_name,70.76,,
fronius,2025-01-06,c3c803c9-49a6-4c83-9884-7f28e9244f2b,Penner Farms - 32-8-13 pump (site 1),71ba6d53-c04f-476f-9da3-ae0401115c8e,Symo  24.0-3 480 (1),,,24.0,parsed_from_inverter_name,31.93,,
fronius,2025-01-06,c3c803c9-49a6-4c83-9884-7f28e9244f2b,Penner Farms - 32-8-13 pump (site 1),528b81d7-df8d-4f62-9b35-ae0401115c98,Symo  24.0-3 480 (2),,,24.0,parsed_from_inverter_name,30.57,,
fronius,2025-01-06,c3c803c9-49a6-4c83-9884-7f28e9244f2b,Penner Farms - 32-8-13 pump (site 1),f97377a3-6539-450f-9b74-ae0401115ca1,Symo 24.0-3 480 (3),,,24.0,parsed_from_inverter_name,32.32,,
fronius,2025-01-07,c3c803c9-49a6-4c83-9884-7f28e9244f2b,Penner Farms - 32-8-13 pump (site 1),71ba6d53-c04f-476f-9da3-ae0401115c8e,Symo  24.0-3 480 (1),,,24.0,parsed_from_inverter_name,111.73,,
fronius,2025-01-07,c3c803c9-49a6-4c83-9884-7f28e9244f2b,Penner Farms - 32-8-13 pump (site 1),528b81d7-df8d-4f62-9b35-ae0401115c98,Symo  24.0-3 480 (2),,,24.0,parsed_from_inverter_name,103.6,,
fronius,2025-01-07,c3c803c9-49a6-4c83-9884-7f28e9244f2b,Penner Farms - 32-8-13 pump (site 1),f97377a3-6539-450f-9b74-ae0401115ca1,Symo 24.0-3 480 (3),,,24.0,parsed_from_inverter_name,116.92,,
fronius,2025-01-08,c3c803c9-49a6-4c83-9884-7f28e9244f2b,Penner Farms - 32-8-13 pump (site 1),71ba6d53-c04f-476f-9da3-ae0401115c8e,Symo  24.0-3 480 (1),,,24.0,parsed_from_inverter_name,27.79,,
fronius,2025-01-08,c3c803c9-49a6-4c83-9884-7f28e9244f2b,Penner Farms - 32-8-13 pump (site 1),528b81d7-df8d-4f62-9b35-ae0401115c98,Symo  24.0-3 480 (2),,,24.0,parsed_from_inverter_name,27.33,,
fronius,2025-01-08,c3c803c9-49a6-4c83-9884-7f28e9244f2b,Penner Farms - 32-8-13 pump (site 1),f97377a3-6539-450f-9b74-ae0401115ca1,Symo 24.0-3 480 (3),,,24.0,parsed_from_inverter_name,28.51,,
fronius,2025-01-09,c3c803c9-49a6-4c83-9884-7f28e9244f2b,Penner Farms - 32-8-13 pump (site 1),71ba6d53-c04f-476f-9da3-ae0401115c8e,Symo  24.0-3 480 (1),,,24.0,parsed_from_inverter_name,110.33,,
fronius,2025-01-09,c3c803c9-49a6-4c83-9884-7f28e9244f2b,Penner Farms - 32-8-13 pump (site 1),528b81d7-df8d-4f62-9b35-ae0401115c98,Symo  24.0-3 480 (2),,,24.0,parsed_from_inverter_name,104.69,,
fronius,2025-01-09,c3c803c9-49a6-4c83-9884-7f28e9244f2b,Penner Farms - 32-8-13 pump (site 1),f97377a3-6539-450f-9b74-ae0401115ca1,Symo 24.0-3 480 (3),,,24.0,parsed_from_inverter_name,114.53,,
fronius,2025-01-10,c3c803c9-49a6-4c83-9884-7f28e9244f2b,Penner Farms - 32-8-13 pump (site 1),71ba6d53-c04f-476f-9da3-ae0401115c8e,Symo  24.0-3 480 (1),,,24.0,parsed_from_inverter_name,22.89,,
fronius,2025-01-10,c3c803c9-49a6-4c83-9884-7f28e9244f2b,Penner Farms - 32-8-13 pump (site 1),528b81d7-df8d-4f62-9b35-ae0401115c98,Symo  24.0-3 480 (2),,,24.0,parsed_from_inverter_name,22.28,,
fronius,2025-01-10,c3c803c9-49a6-4c83-9884-7f28e9244f2b,Penner Farms - 32-8-13 pump (site 1),f97377a3-6539-450f-9b74-ae0401115ca1,Symo 24.0-3 480 (3),,,24.0,parsed_from_inverter_name,23.4,,
fronius,2025-01-11,c3c803c9-49a6-4c83-9884-7f28e9244f2b,Penner Farms - 32-8-13 pump (site 1),71ba6d53-c04f-476f-9da3-ae0401115c8e,Symo  24.0-3 480 (1),,,24.0,parsed_from_inverter_name,13.92,,
fronius,2025-01-11,c3c803c9-49a6-4c83-9884-7f28e9244f2b,Penner Farms - 32-8-13 pump (site 1),528b81d7-df8d-4f62-9b35-ae0401115c98,Symo  24.0-3 480 (2),,,24.0,parsed_from_inverter_name,13.52,,
fronius,2025-01-11,c3c803c9-49a6-4c83-9884-7f28e9244f2b,Penner Farms - 32-8-13 pump (site 1),f97377a3-6539-450f-9b74-ae0401115ca1,Symo 24.0-3 480 (3),,,24.0,parsed_from_inverter_name,14.13,,
fronius,2025-01-12,c3c803c9-49a6-4c83-9884-7f28e9244f2b,Penner Farms - 32-8-13 pump (site 1),71ba6d53-c04f-476f-9da3-ae0401115c8e,Symo  24.0-3 480 (1),,,24.0,parsed_from_inverter_name,4.42,,
fronius,2025-01-12,c3c803c9-49a6-4c83-9884-7f28e9244f2b,Penner Farms - 32-8-13 pump (site 1),528b81d7-df8d-4f62-9b35-ae0401115c98,Symo  24.0-3 480 (2),,,24.0,parsed_from_inverter_name,4.84,,
fronius,2025-01-12,c3c803c9-49a6-4c83-9884-7f28e9244f2b,Penner Farms - 32-8-13 pump (site 1),f97377a3-6539-450f-9b74-ae0401115ca1,Symo 24.0-3 480 (3),,,24.0,parsed_from_inverter_name,4.82,,
fronius,2025-01-13,c3c803c9-49a6-4c83-9884-7f28e9244f2b,Penner Farms - 32-8-13 pump (site 1),71ba6d53-c04f-476f-9da3-ae0401115c8e,Symo  24.0-3 480 (1),,,24.0,parsed_from_inverter_name,52.8,,
fronius,2025-01-13,c3c803c9-49a6-4c83-9884-7f28e9244f2b,Penner Farms - 32-8-13 pump (site 1),528b81d7-df8d-4f62-9b35-ae0401115c98,Symo  24.0-3 480 (2),,,24.0,parsed_from_inverter_name,48.18,,
fronius,2025-01-13,c3c803c9-49a6-4c83-9884-7f28e9244f2b,Penner Farms - 32-8-13 pump (site 1),f97377a3-6539-450f-9b74-ae0401115ca1,Symo 24.0-3 480 (3),,,24.0,parsed_from_inverter_name,56.33,,
fronius,2025-01-14,c3c803c9-49a6-4c83-9884-7f28e9244f2b,Penner Farms - 32-8-13 pump (site 1),71ba6d53-c04f-476f-9da3-ae0401115c8e,Symo  24.0-3 480 (1),,,24.0,parsed_from_inverter_name,57.51,,
fronius,2025-01-14,c3c803c9-49a6-4c83-9884-7f28e9244f2b,Penner Farms - 32-8-13 pump (site 1),528b81d7-df8d-4f62-9b35-ae0401115c98,Symo  24.0-3 480 (2),,,24.0,parsed_from_inverter_name,55.9,,
fronius,2025-01-14,c3c803c9-49a6-4c83-9884-7f28e9244f2b,Penner Farms - 32-8-13 pump (site 1),f97377a3-6539-450f-9b74-ae0401115ca1,Symo 24.0-3 480 (3),,,24.0,parsed_from_inverter_name,59.38,,
fronius,2025-01-15,c3c803c9-49a6-4c83-9884-7f28e9244f2b,Penner Farms - 32-8-13 pump (site 1),71ba6d53-c04f-476f-9da3-ae0401115c8e,Symo  24.0-3 480 (1),,,24.0,parsed_from_inverter_name,101.02,,
fronius,2025-01-15,c3c803c9-49a6-4c83-9884-7f28e9244f2b,Penner Farms - 32-8-13 pump (site 1),528b81d7-df8d-4f62-9b35-ae0401115c98,Symo  24.0-3 480 (2),,,24.0,parsed_from_inverter_name,96.62,,
fronius,2025-01-15,c3c803c9-49a6-4c83-9884-7f28e9244f2b,Penner Farms - 32-8-13 pump (site 1),f97377a3-6539-450f-9b74-ae0401115ca1,Symo 24.0-3 480 (3),,,24.0,parsed_from_inverter_name,103.85,,
fronius,2025-01-16,c3c803c9-49a6-4c83-9884-7f28e9244f2b,Penner Farms - 32-8-13 pump (site 1),71ba6d53-c04f-476f-9da3-ae0401115c8e,Symo  24.0-3 480 (1),,,24.0,parsed_from_inverter_name,93.23,,
fronius,2025-01-16,c3c803c9-49a6-4c83-9884-7f28e9244f2b,Penner Farms - 32-8-13 pump (site 1),528b81d7-df8d-4f62-9b35-ae0401115c98,Symo  24.0-3 480 (2),,,24.0,parsed_from_inverter_name,90.95,,
fronius,2025-01-16,c3c803c9-49a6-4c83-9884-7f28e9244f2b,Penner Farms - 32-8-13 pump (site 1),f97377a3-6539-450f-9b74-ae0401115ca1,Symo 24.0-3 480 (3),,,24.0,parsed_from_inverter_name,95.56,,
fronius,2025-01-17,c3c803c9-49a6-4c83-9884-7f28e9244f2b,Penner Farms - 32-8-13 pump (site 1),71ba6d53-c04f-476f-9da3-ae0401115c8e,Symo  24.0-3 480 (1),,,24.0,parsed_from_inverter_name,43.01,,
fronius,2025-01-17,c3c803c9-49a6-4c83-9884-7f28e9244f2b,Penner Farms - 32-8-13 pump (site 1),528b81d7-df8d-4f62-9b35-ae0401115c98,Symo  24.0-3 480 (2),,,24.0,parsed_from_inverter_name,33.55,,
fronius,2025-01-17,c3c803c9-49a6-4c83-9884-7f28e9244f2b,Penner Farms - 32-8-13 pump (site 1),f97377a3-6539-450f-9b74-ae0401115ca1,Symo 24.0-3 480 (3),,,24.0,parsed_from_inverter_name,47.09,,
fronius,2025-01-18,c3c803c9-49a6-4c83-9884-7f28e9244f2b,Penner Farms - 32-8-13 pump (site 1),71ba6d53-c04f-476f-9da3-ae0401115c8e,Symo  24.0-3 480 (1),,,24.0,parsed_from_inverter_name,61.19,,
fronius,2025-01-18,c3c803c9-49a6-4c83-9884-7f28e9244f2b,Penner Farms - 32-8-13 pump (site 1),528b81d7-df8d-4f62-9b35-ae0401115c98,Symo  24.0-3 480 (2),,,24.0,parsed_from_inverter_name,28.85,,
fronius,2025-01-18,c3c803c9-49a6-4c83-9884-7f28e9244f2b,Penner Farms - 32-8-13 pump (site 1),f97377a3-6539-450f-9b74-ae0401115ca1,Symo 24.0-3 480 (3),,,24.0,parsed_from_inverter_name,88.4,,
fronius,2025-01-19,c3c803c9-49a6-4c83-9884-7f28e9244f2b,Penner Farms - 32-8-13 pump (site 1),71ba6d53-c04f-476f-9da3-ae0401115c8e,Symo  24.0-3 480 (1),,,24.0,parsed_from_inverter_name,101.7,,
fronius,2025-01-19,c3c803c9-49a6-4c83-9884-7f28e9244f2b,Penner Farms - 32-8-13 pump (site 1),528b81d7-df8d-4f62-9b35-ae0401115c98,Symo  24.0-3 480 (2),,,24.0,parsed_from_inverter_name,35.79,,
fronius,2025-01-19,c3c803c9-49a6-4c83-9884-7f28e9244f2b,Penner Farms - 32-8-13 pump (site 1),f97377a3-6539-450f-9b74-ae0401115ca1,Symo 24.0-3 480 (3),,,24.0,parsed_from_inverter_name,130.18,,
fronius,2025-01-20,c3c803c9-49a6-4c83-9884-7f28e9244f2b,Penner Farms - 32-8-13 pump (site 1),71ba6d53-c04f-476f-9da3-ae0401115c8e,Symo  24.0-3 480 (1),,,24.0,parsed_from_inverter_name,101.18,,
fronius,2025-01-20,c3c803c9-49a6-4c83-9884-7f28e9244f2b,Penner Farms - 32-8-13 pump (site 1),528b81d7-df8d-4f62-9b35-ae0401115c98,Symo  24.0-3 480 (2),,,24.0,parsed_from_inverter_name,39.62,,
fronius,2025-01-20,c3c803c9-49a6-4c83-9884-7f28e9244f2b,Penner Farms - 32-8-13 pump (site 1),f97377a3-6539-450f-9b74-ae0401115ca1,Symo 24.0-3 480 (3),,,24.0,parsed_from_inverter_name,123.88,,
fronius,2025-01-21,c3c803c9-49a6-4c83-9884-7f28e9244f2b,Penner Farms - 32-8-13 pump (site 1),71ba6d53-c04f-476f-9da3-ae0401115c8e,Symo  24.0-3 480 (1),,,24.0,parsed_from_inverter_name,25.31,,
fronius,2025-01-21,c3c803c9-49a6-4c83-9884-7f28e9244f2b,Penner Farms - 32-8-13 pump (site 1),528b81d7-df8d-4f62-9b35-ae0401115c98,Symo  24.0-3 480 (2),,,24.0,parsed_from_inverter_name,25.31,,
fronius,2025-01-21,c3c803c9-49a6-4c83-9884-7f28e9244f2b,Penner Farms - 32-8-13 pump (site 1),f97377a3-6539-450f-9b74-ae0401115ca1,Symo 24.0-3 480 (3),,,24.0,parsed_from_inverter_name,26.53,,
fronius,2025-01-22,c3c803c9-49a6-4c83-9884-7f28e9244f2b,Penner Farms - 32-8-13 pump (site 1),71ba6d53-c04f-476f-9da3-ae0401115c8e,Symo  24.0-3 480 (1),,,24.0,parsed_from_inverter_name,53.35,,
fronius,2025-01-22,c3c803c9-49a6-4c83-9884-7f28e9244f2b,Penner Farms - 32-8-13 pump (site 1),528b81d7-df8d-4f62-9b35-ae0401115c98,Symo  24.0-3 480 (2),,,24.0,parsed_from_inverter_name,52.36,,
fronius,2025-01-22,c3c803c9-49a6-4c83-9884-7f28e9244f2b,Penner Farms - 32-8-13 pump (site 1),f97377a3-6539-450f-9b74-ae0401115ca1,Symo 24.0-3 480 (3),,,24.0,parsed_from_inverter_name,55.22,,
fronius,2025-01-23,c3c803c9-49a6-4c83-9884-7f28e9244f2b,Penner Farms - 32-8-13 pump (site 1),71ba6d53-c04f-476f-9da3-ae0401115c8e,Symo  24.0-3 480 (1),,,24.0,parsed_from_inverter_name,27.35,,
fronius,2025-01-23,c3c803c9-49a6-4c83-9884-7f28e9244f2b,Penner Farms - 32-8-13 pump (site 1),528b81d7-df8d-4f62-9b35-ae0401115c98,Symo  24.0-3 480 (2),,,24.0,parsed_from_inverter_name,26.82,,
fronius,2025-01-23,c3c803c9-49a6-4c83-9884-7f28e9244f2b,Penner Farms - 32-8-13 pump (site 1),f97377a3-6539-450f-9b74-ae0401115ca1,Symo 24.0-3 480 (3),,,24.0,parsed_from_inverter_name,28.03,,
fronius,2025-01-24,c3c803c9-49a6-4c83-9884-7f28e9244f2b,Penner Farms - 32-8-13 pump (site 1),71ba6d53-c04f-476f-9da3-ae0401115c8e,Symo  24.0-3 480 (1),,,24.0,parsed_from_inverter_name,44.1,,
fronius,2025-01-24,c3c803c9-49a6-4c83-9884-7f28e9244f2b,Penner Farms - 32-8-13 pump (site 1),528b81d7-df8d-4f62-9b35-ae0401115c98,Symo  24.0-3 480 (2),,,24.0,parsed_from_inverter_name,43.55,,
fronius,2025-01-24,c3c803c9-49a6-4c83-9884-7f28e9244f2b,Penner Farms - 32-8-13 pump (site 1),f97377a3-6539-450f-9b74-ae0401115ca1,Symo 24.0-3 480 (3),,,24.0,parsed_from_inverter_name,42.85,,
fronius,2025-01-25,c3c803c9-49a6-4c83-9884-7f28e9244f2b,Penner Farms - 32-8-13 pump (site 1),71ba6d53-c04f-476f-9da3-ae0401115c8e,Symo  24.0-3 480 (1),,,24.0,parsed_from_inverter_name,111.03,,
fronius,2025-01-25,c3c803c9-49a6-4c83-9884-7f28e9244f2b,Penner Farms - 32-8-13 pump (site 1),528b81d7-df8d-4f62-9b35-ae0401115c98,Symo  24.0-3 480 (2),,,24.0,parsed_from_inverter_name,106.12,,
fronius,2025-01-25,c3c803c9-49a6-4c83-9884-7f28e9244f2b,Penner Farms - 32-8-13 pump (site 1),f97377a3-6539-450f-9b74-ae0401115ca1,Symo 24.0-3 480 (3),,,24.0,parsed_from_inverter_name,114.09,,
fronius,2025-01-26,c3c803c9-49a6-4c83-9884-7f28e9244f2b,Penner Farms - 32-8-13 pump (site 1),71ba6d53-c04f-476f-9da3-ae0401115c8e,Symo  24.0-3 480 (1),,,24.0,parsed_from_inverter_name,131.61,,
fronius,2025-01-26,c3c803c9-49a6-4c83-9884-7f28e9244f2b,Penner Farms - 32-8-13 pump (site 1),528b81d7-df8d-4f62-9b35-ae0401115c98,Symo  24.0-3 480 (2),,,24.0,parsed_from_inverter_name,126.42,,
fronius,2025-01-26,c3c803c9-49a6-4c83-9884-7f28e9244f2b,Penner Farms - 32-8-13 pump (site 1),f97377a3-6539-450f-9b74-ae0401115ca1,Symo 24.0-3 480 (3),,,24.0,parsed_from_inverter_name,134.78,,
fronius,2025-01-27,c3c803c9-49a6-4c83-9884-7f28e9244f2b,Penner Farms - 32-8-13 pump (site 1),71ba6d53-c04f-476f-9da3-ae0401115c8e,Symo  24.0-3 480 (1),,,24.0,parsed_from_inverter_name,120.6,,
fronius,2025-01-27,c3c803c9-49a6-4c83-9884-7f28e9244f2b,Penner Farms - 32-8-13 pump (site 1),528b81d7-df8d-4f62-9b35-ae0401115c98,Symo  24.0-3 480 (2),,,24.0,parsed_from_inverter_name,116.05,,
fronius,2025-01-27,c3c803c9-49a6-4c83-9884-7f28e9244f2b,Penner Farms - 32-8-13 pump (site 1),f97377a3-6539-450f-9b74-ae0401115ca1,Symo 24.0-3 480 (3),,,24.0,parsed_from_inverter_name,123.45,,
fronius,2025-01-28,c3c803c9-49a6-4c83-9884-7f28e9244f2b,Penner Farms - 32-8-13 pump (site 1),71ba6d53-c04f-476f-9da3-ae0401115c8e,Symo  24.0-3 480 (1),,,24.0,parsed_from_inverter_name,112.01,,
fronius,2025-01-28,c3c803c9-49a6-4c83-9884-7f28e9244f2b,Penner Farms - 32-8-13 pump (site 1),528b81d7-df8d-4f62-9b35-ae0401115c98,Symo  24.0-3 480 (2),,,24.0,parsed_from_inverter_name,107.65,,
fronius,2025-01-28,c3c803c9-49a6-4c83-9884-7f28e9244f2b,Penner Farms - 32-8-13 pump (site 1),f97377a3-6539-450f-9b74-ae0401115ca1,Symo 24.0-3 480 (3),,,24.0,parsed_from_inverter_name,114.23,,
fronius,2025-01-29,c3c803c9-49a6-4c83-9884-7f28e9244f2b,Penner Farms - 32-8-13 pump (site 1),71ba6d53-c04f-476f-9da3-ae0401115c8e,Symo  24.0-3 480 (1),,,24.0,parsed_from_inverter_name,63.63,,
fronius,2025-01-29,c3c803c9-49a6-4c83-9884-7f28e9244f2b,Penner Farms - 32-8-13 pump (site 1),528b81d7-df8d-4f62-9b35-ae0401115c98,Symo  24.0-3 480 (2),,,24.0,parsed_from_inverter_name,61.09,,
fronius,2025-01-29,c3c803c9-49a6-4c83-9884-7f28e9244f2b,Penner Farms - 32-8-13 pump (site 1),f97377a3-6539-450f-9b74-ae0401115ca1,Symo 24.0-3 480 (3),,,24.0,parsed_from_inverter_name,65.83,,
fronius,2025-01-30,c3c803c9-49a6-4c83-9884-7f28e9244f2b,Penner Farms - 32-8-13 pump (site 1),71ba6d53-c04f-476f-9da3-ae0401115c8e,Symo  24.0-3 480 (1),,,24.0,parsed_from_inverter_name,81.92,,
fronius,2025-01-30,c3c803c9-49a6-4c83-9884-7f28e9244f2b,Penner Farms - 32-8-13 pump (site 1),528b81d7-df8d-4f62-9b35-ae0401115c98,Symo  24.0-3 480 (2),,,24.0,parsed_from_inverter_name,78.05,,
fronius,2025-01-30,c3c803c9-49a6-4c83-9884-7f28e9244f2b,Penner Farms - 32-8-13 pump (site 1),f97377a3-6539-450f-9b74-ae0401115ca1,Symo 24.0-3 480 (3),,,24.0,parsed_from_inverter_name,84.01,,
fronius,2025-01-31,c3c803c9-49a6-4c83-9884-7f28e9244f2b,Penner Farms - 32-8-13 pump (site 1),71ba6d53-c04f-476f-9da3-ae0401115c8e,Symo  24.0-3 480 (1),,,24.0,parsed_from_inverter_name,63.24,,
fronius,2025-01-31,c3c803c9-49a6-4c83-9884-7f28e9244f2b,Penner Farms - 32-8-13 pump (site 1),528b81d7-df8d-4f62-9b35-ae0401115c98,Symo  24.0-3 480 (2),,,24.0,parsed_from_inverter_name,61.22,,
fronius,2025-01-31,c3c803c9-49a6-4c83-9884-7f28e9244f2b,Penner Farms - 32-8-13 pump (site 1),f97377a3-6539-450f-9b74-ae0401115ca1,Symo 24.0-3 480 (3),,,24.0,parsed_from_inverter_name,64.01,,
fronius,2025-02-01,c3c803c9-49a6-4c83-9884-7f28e9244f2b,Penner Farms - 32-8-13 pump (site 1),71ba6d53-c04f-476f-9da3-ae0401115c8e,Symo  24.0-3 480 (1),,,24.0,parsed_from_inverter_name,17.37,,
fronius,2025-02-01,c3c803c9-49a6-4c83-9884-7f28e9244f2b,Penner Farms - 32-8-13 pump (site 1),528b81d7-df8d-4f62-9b35-ae0401115c98,Symo  24.0-3 480 (2),,,24.0,parsed_from_inverter_name,15.59,,
fronius,2025-02-01,c3c803c9-49a6-4c83-9884-7f28e9244f2b,Penner Farms - 32-8-13 pump (site 1),f97377a3-6539-450f-9b74-ae0401115ca1,Symo 24.0-3 480 (3),,,24.0,parsed_from_inverter_name,18.55,,
fronius,2025-02-02,c3c803c9-49a6-4c83-9884-7f28e9244f2b,Penner Farms - 32-8-13 pump (site 1),71ba6d53-c04f-476f-9da3-ae0401115c8e,Symo  24.0-3 480 (1),,,24.0,parsed_from_inverter_name,17.72,,
fronius,2025-02-02,c3c803c9-49a6-4c83-9884-7f28e9244f2b,Penner Farms - 32-8-13 pump (site 1),528b81d7-df8d-4f62-9b35-ae0401115c98,Symo  24.0-3 480 (2),,,24.0,parsed_from_inverter_name,15.64,,
fronius,2025-02-02,c3c803c9-49a6-4c83-9884-7f28e9244f2b,Penner Farms - 32-8-13 pump (site 1),f97377a3-6539-450f-9b74-ae0401115ca1,Symo 24.0-3 480 (3),,,24.0,parsed_from_inverter_name,18.73,,
fronius,2025-02-03,c3c803c9-49a6-4c83-9884-7f28e9244f2b,Penner Farms - 32-8-13 pump (site 1),71ba6d53-c04f-476f-9da3-ae0401115c8e,Symo  24.0-3 480 (1),,,24.0,parsed_from_inverter_name,16.01,,
fronius,2025-02-03,c3c803c9-49a6-4c83-9884-7f28e9244f2b,Penner Farms - 32-8-13 pump (site 1),528b81d7-df8d-4f62-9b35-ae0401115c98,Symo  24.0-3 480 (2),,,24.0,parsed_from_inverter_name,14.02,,
fronius,2025-02-03,c3c803c9-49a6-4c83-9884-7f28e9244f2b,Penner Farms - 32-8-13 pump (site 1),f97377a3-6539-450f-9b74-ae0401115ca1,Symo 24.0-3 480 (3),,,24.0,parsed_from_inverter_name,17.46,,
fronius,2025-02-04,c3c803c9-49a6-4c83-9884-7f28e9244f2b,Penner Farms - 32-8-13 pump (site 1),71ba6d53-c04f-476f-9da3-ae0401115c8e,Symo  24.0-3 480 (1),,,24.0,parsed_from_inverter_name,10.24,,
fronius,2025-02-04,c3c803c9-49a6-4c83-9884-7f28e9244f2b,Penner Farms - 32-8-13 pump (site 1),528b81d7-df8d-4f62-9b35-ae0401115c98,Symo  24.0-3 480 (2),,,24.0,parsed_from_inverter_name,9.21,,
fronius,2025-02-04,c3c803c9-49a6-4c83-9884-7f28e9244f2b,Penner Farms - 32-8-13 pump (site 1),f97377a3-6539-450f-9b74-ae0401115ca1,Symo 24.0-3 480 (3),,,24.0,parsed_from_inverter_name,9.03,,
fronius,2025-02-05,c3c803c9-49a6-4c83-9884-7f28e9244f2b,Penner Farms - 32-8-13 pump (site 1),71ba6d53-c04f-476f-9da3-ae0401115c8e,Symo  24.0-3 480 (1),,,24.0,parsed_from_inverter_name,18.48,,
fronius,2025-02-05,c3c803c9-49a6-4c83-9884-7f28e9244f2b,Penner Farms - 32-8-13 pump (site 1),528b81d7-df8d-4f62-9b35-ae0401115c98,Symo  24.0-3 480 (2),,,24.0,parsed_from_inverter_name,18.9,,
fronius,2025-02-05,c3c803c9-49a6-4c83-9884-7f28e9244f2b,Penner Farms - 32-8-13 pump (site 1),f97377a3-6539-450f-9b74-ae0401115ca1,Symo 24.0-3 480 (3),,,24.0,parsed_from_inverter_name,19.79,,
fronius,2025-02-06,c3c803c9-49a6-4c83-9884-7f28e9244f2b,Penner Farms - 32-8-13 pump (site 1),71ba6d53-c04f-476f-9da3-ae0401115c8e,Symo  24.0-3 480 (1),,,24.0,parsed_from_inverter_name,19.2,,
fronius,2025-02-06,c3c803c9-49a6-4c83-9884-7f28e9244f2b,Penner Farms - 32-8-13 pump (site 1),528b81d7-df8d-4f62-9b35-ae0401115c98,Symo  24.0-3 480 (2),,,24.0,parsed_from_inverter_name,21.53,,
fronius,2025-02-06,c3c803c9-49a6-4c83-9884-7f28e9244f2b,Penner Farms - 32-8-13 pump (site 1),f97377a3-6539-450f-9b74-ae0401115ca1,Symo 24.0-3 480 (3),,,24.0,parsed_from_inverter_name,20.6,,
fronius,2025-02-07,c3c803c9-49a6-4c83-9884-7f28e9244f2b,Penner Farms - 32-8-13 pump (site 1),71ba6d53-c04f-476f-9da3-ae0401115c8e,Symo  24.0-3 480 (1),,,24.0,parsed_from_inverter_name,29.45,,
fronius,2025-02-07,c3c803c9-49a6-4c83-9884-7f28e9244f2b,Penner Farms - 32-8-13 pump (site 1),528b81d7-df8d-4f62-9b35-ae0401115c98,Symo  24.0-3 480 (2),,,24.0,parsed_from_inverter_name,46.07,,
fronius,2025-02-07,c3c803c9-49a6-4c83-9884-7f28e9244f2b,Penner Farms - 32-8-13 pump (site 1),f97377a3-6539-450f-9b74-ae0401115ca1,Symo 24.0-3 480 (3),,,24.0,parsed_from_inverter_name,22.88,,
fronius,2025-02-08,c3c803c9-49a6-4c83-9884-7f28e9244f2b,Penner Farms - 32-8-13 pump (site 1),71ba6d53-c04f-476f-9da3-ae0401115c8e,Symo  24.0-3 480 (1),,,24.0,parsed_from_inverter_name,52.79,,
fronius,2025-02-08,c3c803c9-49a6-4c83-9884-7f28e9244f2b,Penner Farms - 32-8-13 pump (site 1),528b81d7-df8d-4f62-9b35-ae0401115c98,Symo  24.0-3 480 (2),,,24.0,parsed_from_inverter_name,63.0,,
fronius,2025-02-08,c3c803c9-49a6-4c83-9884-7f28e9244f2b,Penner Farms - 32-8-13 pump (site 1),f97377a3-6539-450f-9b74-ae0401115ca1,Symo 24.0-3 480 (3),,,24.0,parsed_from_inverter_name,41.95,,
fronius,2025-02-09,c3c803c9-49a6-4c83-9884-7f28e9244f2b,Penner Farms - 32-8-13 pump (site 1),71ba6d53-c04f-476f-9da3-ae0401115c8e,Symo  24.0-3 480 (1),,,24.0,parsed_from_inverter_name,42.48,,
fronius,2025-02-09,c3c803c9-49a6-4c83-9884-7f28e9244f2b,Penner Farms - 32-8-13 pump (site 1),528b81d7-df8d-4f62-9b35-ae0401115c98,Symo  24.0-3 480 (2),,,24.0,parsed_from_inverter_name,42.46,,
fronius,2025-02-09,c3c803c9-49a6-4c83-9884-7f28e9244f2b,Penner Farms - 32-8-13 pump (site 1),f97377a3-6539-450f-9b74-ae0401115ca1,Symo 24.0-3 480 (3),,,24.0,parsed_from_inverter_name,34.43,,
fronius,2025-02-10,c3c803c9-49a6-4c83-9884-7f28e9244f2b,Penner Farms - 32-8-13 pump (site 1),71ba6d53-c04f-476f-9da3-ae0401115c8e,Symo  24.0-3 480 (1),,,24.0,parsed_from_inverter_name,78.62,,
fronius,2025-02-10,c3c803c9-49a6-4c83-9884-7f28e9244f2b,Penner Farms - 32-8-13 pump (site 1),528b81d7-df8d-4f62-9b35-ae0401115c98,Symo  24.0-3 480 (2),,,24.0,parsed_from_inverter_name,74.93,,
fronius,2025-02-10,c3c803c9-49a6-4c83-9884-7f28e9244f2b,Penner Farms - 32-8-13 pump (site 1),f97377a3-6539-450f-9b74-ae0401115ca1,Symo 24.0-3 480 (3),,,24.0,parsed_from_inverter_name,64.34,,
fronius,2025-02-11,c3c803c9-49a6-4c83-9884-7f28e9244f2b,Penner Farms - 32-8-13 pump (site 1),71ba6d53-c04f-476f-9da3-ae0401115c8e,Symo  24.0-3 480 (1),,,24.0,parsed_from_inverter_name,56.31,,
fronius,2025-02-11,c3c803c9-49a6-4c83-9884-7f28e9244f2b,Penner Farms - 32-8-13 pump (site 1),528b81d7-df8d-4f62-9b35-ae0401115c98,Symo  24.0-3 480 (2),,,24.0,parsed_from_inverter_name,61.65,,
fronius,2025-02-11,c3c803c9-49a6-4c83-9884-7f28e9244f2b,Penner Farms - 32-8-13 pump (site 1),f97377a3-6539-450f-9b74-ae0401115ca1,Symo 24.0-3 480 (3),,,24.0,parsed_from_inverter_name,44.4,,
fronius,2025-02-12,c3c803c9-49a6-4c83-9884-7f28e9244f2b,Penner Farms - 32-8-13 pump (site 1),71ba6d53-c04f-476f-9da3-ae0401115c8e,Symo  24.0-3 480 (1),,,24.0,parsed_from_inverter_name,94.08,,
fronius,2025-02-12,c3c803c9-49a6-4c83-9884-7f28e9244f2b,Penner Farms - 32-8-13 pump (site 1),528b81d7-df8d-4f62-9b35-ae0401115c98,Symo  24.0-3 480 (2),,,24.0,parsed_from_inverter_name,100.84,,
fronius,2025-02-12,c3c803c9-49a6-4c83-9884-7f28e9244f2b,Penner Farms - 32-8-13 pump (site 1),f97377a3-6539-450f-9b74-ae0401115ca1,Symo 24.0-3 480 (3),,,24.0,parsed_from_inverter_name,69.41,,
fronius,2025-02-13,c3c803c9-49a6-4c83-9884-7f28e9244f2b,Penner Farms - 32-8-13 pump (site 1),71ba6d53-c04f-476f-9da3-ae0401115c8e,Symo  24.0-3 480 (1),,,24.0,parsed_from_inverter_name,124.95,,
fronius,2025-02-13,c3c803c9-49a6-4c83-9884-7f28e9244f2b,Penner Farms - 32-8-13 pump (site 1),528b81d7-df8d-4f62-9b35-ae0401115c98,Symo  24.0-3 480 (2),,,24.0,parsed_from_inverter_name,131.11,,
fronius,2025-02-13,c3c803c9-49a6-4c83-9884-7f28e9244f2b,Penner Farms - 32-8-13 pump (site 1),f97377a3-6539-450f-9b74-ae0401115ca1,Symo 24.0-3 480 (3),,,24.0,parsed_from_inverter_name,110.21,,
fronius,2025-02-14,c3c803c9-49a6-4c83-9884-7f28e9244f2b,Penner Farms - 32-8-13 pump (site 1),71ba6d53-c04f-476f-9da3-ae0401115c8e,Symo  24.0-3 480 (1),,,24.0,parsed_from_inverter_name,25.18,,
fronius,2025-02-14,c3c803c9-49a6-4c83-9884-7f28e9244f2b,Penner Farms - 32-8-13 pump (site 1),528b81d7-df8d-4f62-9b35-ae0401115c98,Symo  24.0-3 480 (2),,,24.0,parsed_from_inverter_name,27.28,,
fronius,2025-02-14,c3c803c9-49a6-4c83-9884-7f28e9244f2b,Penner Farms - 32-8-13 pump (site 1),f97377a3-6539-450f-9b74-ae0401115ca1,Symo 24.0-3 480 (3),,,24.0,parsed_from_inverter_name,25.55,,
fronius,2025-02-15,c3c803c9-49a6-4c83-9884-7f28e9244f2b,Penner Farms - 32-8-13 pump (site 1),71ba6d53-c04f-476f-9da3-ae0401115c8e,Symo  24.0-3 480 (1),,,24.0,parsed_from_inverter_name,24.98,,
fronius,2025-02-15,c3c803c9-49a6-4c83-9884-7f28e9244f2b,Penner Farms - 32-8-13 pump (site 1),528b81d7-df8d-4f62-9b35-ae0401115c98,Symo  24.0-3 480 (2),,,24.0,parsed_from_inverter_name,24.28,,
fronius,2025-02-15,c3c803c9-49a6-4c83-9884-7f28e9244f2b,Penner Farms - 32-8-13 pump (site 1),f97377a3-6539-450f-9b74-ae0401115ca1,Symo 24.0-3 480 (3),,,24.0,parsed_from_inverter_name,23.4,,
fronius,2025-02-16,c3c803c9-49a6-4c83-9884-7f28e9244f2b,Penner Farms - 32-8-13 pump (site 1),71ba6d53-c04f-476f-9da3-ae0401115c8e,Symo  24.0-3 480 (1),,,24.0,parsed_from_inverter_name,19.64,,
fronius,2025-02-16,c3c803c9-49a6-4c83-9884-7f28e9244f2b,Penner Farms - 32-8-13 pump (site 1),528b81d7-df8d-4f62-9b35-ae0401115c98,Symo  24.0-3 480 (2),,,24.0,parsed_from_inverter_name,19.59,,
fronius,2025-02-16,c3c803c9-49a6-4c83-9884-7f28e9244f2b,Penner Farms - 32-8-13 pump (site 1),f97377a3-6539-450f-9b74-ae0401115ca1,Symo 24.0-3 480 (3),,,24.0,parsed_from_inverter_name,18.33,,
fronius,2025-02-17,c3c803c9-49a6-4c83-9884-7f28e9244f2b,Penner Farms - 32-8-13 pump (site 1),71ba6d53-c04f-476f-9da3-ae0401115c8e,Symo  24.0-3 480 (1),,,24.0,parsed_from_inverter_name,33.8,,
fronius,2025-02-17,c3c803c9-49a6-4c83-9884-7f28e9244f2b,Penner Farms - 32-8-13 pump (site 1),528b81d7-df8d-4f62-9b35-ae0401115c98,Symo  24.0-3 480 (2),,,24.0,parsed_from_inverter_name,35.33,,
fronius,2025-02-17,c3c803c9-49a6-4c83-9884-7f28e9244f2b,Penner Farms - 32-8-13 pump (site 1),f97377a3-6539-450f-9b74-ae0401115ca1,Symo 24.0-3 480 (3),,,24.0,parsed_from_inverter_name,32.92,,
fronius,2025-02-18,c3c803c9-49a6-4c83-9884-7f28e9244f2b,Penner Farms - 32-8-13 pump (site 1),71ba6d53-c04f-476f-9da3-ae0401115c8e,Symo  24.0-3 480 (1),,,24.0,parsed_from_inverter_name,43.86,,
fronius,2025-02-18,c3c803c9-49a6-4c83-9884-7f28e9244f2b,Penner Farms - 32-8-13 pump (site 1),528b81d7-df8d-4f62-9b35-ae0401115c98,Symo  24.0-3 480 (2),,,24.0,parsed_from_inverter_name,71.58,,
fronius,2025-02-18,c3c803c9-49a6-4c83-9884-7f28e9244f2b,Penner Farms - 32-8-13 pump (site 1),f97377a3-6539-450f-9b74-ae0401115ca1,Symo 24.0-3 480 (3),,,24.0,parsed_from_inverter_name,45.48,,
fronius,2025-02-19,c3c803c9-49a6-4c83-9884-7f28e9244f2b,Penner Farms - 32-8-13 pump (site 1),71ba6d53-c04f-476f-9da3-ae0401115c8e,Symo  24.0-3 480 (1),,,24.0,parsed_from_inverter_name,51.7,,
fronius,2025-02-19,c3c803c9-49a6-4c83-9884-7f28e9244f2b,Penner Farms - 32-8-13 pump (site 1),528b81d7-df8d-4f62-9b35-ae0401115c98,Symo  24.0-3 480 (2),,,24.0,parsed_from_inverter_name,94.74,,
fronius,2025-02-19,c3c803c9-49a6-4c83-9884-7f28e9244f2b,Penner Farms - 32-8-13 pump (site 1),f97377a3-6539-450f-9b74-ae0401115ca1,Symo 24.0-3 480 (3),,,24.0,parsed_from_inverter_name,48.08,,
fronius,2025-02-20,c3c803c9-49a6-4c83-9884-7f28e9244f2b,Penner Farms - 32-8-13 pump (site 1),71ba6d53-c04f-476f-9da3-ae0401115c8e,Symo  24.0-3 480 (1),,,24.0,parsed_from_inverter_name,108.13,,
fronius,2025-02-20,c3c803c9-49a6-4c83-9884-7f28e9244f2b,Penner Farms - 32-8-13 pump (site 1),528b81d7-df8d-4f62-9b35-ae0401115c98,Symo  24.0-3 480 (2),,,24.0,parsed_from_inverter_name,127.4,,
fronius,2025-02-20,c3c803c9-49a6-4c83-9884-7f28e9244f2b,Penner Farms - 32-8-13 pump (site 1),f97377a3-6539-450f-9b74-ae0401115ca1,Symo 24.0-3 480 (3),,,24.0,parsed_from_inverter_name,110.11,,
fronius,2025-02-21,c3c803c9-49a6-4c83-9884-7f28e9244f2b,Penner Farms - 32-8-13 pump (site 1),71ba6d53-c04f-476f-9da3-ae0401115c8e,Symo  24.0-3 480 (1),,,24.0,parsed_from_inverter_name,104.04,,
fronius,2025-02-21,c3c803c9-49a6-4c83-9884-7f28e9244f2b,Penner Farms - 32-8-13 pump (site 1),528b81d7-df8d-4f62-9b35-ae0401115c98,Symo  24.0-3 480 (2),,,24.0,parsed_from_inverter_name,101.84,,
fronius,2025-02-21,c3c803c9-49a6-4c83-9884-7f28e9244f2b,Penner Farms - 32-8-13 pump (site 1),f97377a3-6539-450f-9b74-ae0401115ca1,Symo 24.0-3 480 (3),,,24.0,parsed_from_inverter_name,104.84,,
fronius,2025-02-22,c3c803c9-49a6-4c83-9884-7f28e9244f2b,Penner Farms - 32-8-13 pump (site 1),71ba6d53-c04f-476f-9da3-ae0401115c8e,Symo  24.0-3 480 (1),,,24.0,parsed_from_inverter_name,139.62,,
fronius,2025-02-22,c3c803c9-49a6-4c83-9884-7f28e9244f2b,Penner Farms - 32-8-13 pump (site 1),528b81d7-df8d-4f62-9b35-ae0401115c98,Symo  24.0-3 480 (2),,,24.0,parsed_from_inverter_name,138.02,,
fronius,2025-02-22,c3c803c9-49a6-4c83-9884-7f28e9244f2b,Penner Farms - 32-8-13 pump (site 1),f97377a3-6539-450f-9b74-ae0401115ca1,Symo 24.0-3 480 (3),,,24.0,parsed_from_inverter_name,141.11,,
fronius,2025-02-23,c3c803c9-49a6-4c83-9884-7f28e9244f2b,Penner Farms - 32-8-13 pump (site 1),71ba6d53-c04f-476f-9da3-ae0401115c8e,Symo  24.0-3 480 (1),,,24.0,parsed_from_inverter_name,124.8,,
fronius,2025-02-23,c3c803c9-49a6-4c83-9884-7f28e9244f2b,Penner Farms - 32-8-13 pump (site 1),528b81d7-df8d-4f62-9b35-ae0401115c98,Symo  24.0-3 480 (2),,,24.0,parsed_from_inverter_name,123.93,,
fronius,2025-02-23,c3c803c9-49a6-4c83-9884-7f28e9244f2b,Penner Farms - 32-8-13 pump (site 1),f97377a3-6539-450f-9b74-ae0401115ca1,Symo 24.0-3 480 (3),,,24.0,parsed_from_inverter_name,126.36,,
fronius,2025-02-24,c3c803c9-49a6-4c83-9884-7f28e9244f2b,Penner Farms - 32-8-13 pump (site 1),71ba6d53-c04f-476f-9da3-ae0401115c8e,Symo  24.0-3 480 (1),,,24.0,parsed_from_inverter_name,144.9,,
fronius,2025-02-24,c3c803c9-49a6-4c83-9884-7f28e9244f2b,Penner Farms - 32-8-13 pump (site 1),528b81d7-df8d-4f62-9b35-ae0401115c98,Symo  24.0-3 480 (2),,,24.0,parsed_from_inverter_name,143.92,,
fronius,2025-02-24,c3c803c9-49a6-4c83-9884-7f28e9244f2b,Penner Farms - 32-8-13 pump (site 1),f97377a3-6539-450f-9b74-ae0401115ca1,Symo 24.0-3 480 (3),,,24.0,parsed_from_inverter_name,146.43,,
fronius,2025-02-25,c3c803c9-49a6-4c83-9884-7f28e9244f2b,Penner Farms - 32-8-13 pump (site 1),71ba6d53-c04f-476f-9da3-ae0401115c8e,Symo  24.0-3 480 (1),,,24.0,parsed_from_inverter_name,160.55,,
fronius,2025-02-25,c3c803c9-49a6-4c83-9884-7f28e9244f2b,Penner Farms - 32-8-13 pump (site 1),528b81d7-df8d-4f62-9b35-ae0401115c98,Symo  24.0-3 480 (2),,,24.0,parsed_from_inverter_name,159.33,,
fronius,2025-02-25,c3c803c9-49a6-4c83-9884-7f28e9244f2b,Penner Farms - 32-8-13 pump (site 1),f97377a3-6539-450f-9b74-ae0401115ca1,Symo 24.0-3 480 (3),,,24.0,parsed_from_inverter_name,162.37,,
fronius,2025-02-26,c3c803c9-49a6-4c83-9884-7f28e9244f2b,Penner Farms - 32-8-13 pump (site 1),71ba6d53-c04f-476f-9da3-ae0401115c8e,Symo  24.0-3 480 (1),,,24.0,parsed_from_inverter_name,148.06,,
fronius,2025-02-26,c3c803c9-49a6-4c83-9884-7f28e9244f2b,Penner Farms - 32-8-13 pump (site 1),528b81d7-df8d-4f62-9b35-ae0401115c98,Symo  24.0-3 480 (2),,,24.0,parsed_from_inverter_name,146.59,,
fronius,2025-02-26,c3c803c9-49a6-4c83-9884-7f28e9244f2b,Penner Farms - 32-8-13 pump (site 1),f97377a3-6539-450f-9b74-ae0401115ca1,Symo 24.0-3 480 (3),,,24.0,parsed_from_inverter_name,149.94,,
fronius,2025-02-27,c3c803c9-49a6-4c83-9884-7f28e9244f2b,Penner Farms - 32-8-13 pump (site 1),71ba6d53-c04f-476f-9da3-ae0401115c8e,Symo  24.0-3 480 (1),,,24.0,parsed_from_inverter_name,97.34,,
fronius,2025-02-27,c3c803c9-49a6-4c83-9884-7f28e9244f2b,Penner Farms - 32-8-13 pump (site 1),528b81d7-df8d-4f62-9b35-ae0401115c98,Symo  24.0-3 480 (2),,,24.0,parsed_from_inverter_name,96.29,,
fronius,2025-02-27,c3c803c9-49a6-4c83-9884-7f28e9244f2b,Penner Farms - 32-8-13 pump (site 1),f97377a3-6539-450f-9b74-ae0401115ca1,Symo 24.0-3 480 (3),,,24.0,parsed_from_inverter_name,98.74,,
fronius,2025-02-28,c3c803c9-49a6-4c83-9884-7f28e9244f2b,Penner Farms - 32-8-13 pump (site 1),71ba6d53-c04f-476f-9da3-ae0401115c8e,Symo  24.0-3 480 (1),,,24.0,parsed_from_inverter_name,149.76,,
fronius,2025-02-28,c3c803c9-49a6-4c83-9884-7f28e9244f2b,Penner Farms - 32-8-13 pump (site 1),528b81d7-df8d-4f62-9b35-ae0401115c98,Symo  24.0-3 480 (2),,,24.0,parsed_from_inverter_name,150.05,,
fronius,2025-02-28,c3c803c9-49a6-4c83-9884-7f28e9244f2b,Penner Farms - 32-8-13 pump (site 1),f97377a3-6539-450f-9b74-ae0401115ca1,Symo 24.0-3 480 (3),,,24.0,parsed_from_inverter_name,153.63,,
fronius,2025-03-01,c3c803c9-49a6-4c83-9884-7f28e9244f2b,Penner Farms - 32-8-13 pump (site 1),71ba6d53-c04f-476f-9da3-ae0401115c8e,Symo  24.0-3 480 (1),,,24.0,parsed_from_inverter_name,131.73,,
fronius,2025-03-01,c3c803c9-49a6-4c83-9884-7f28e9244f2b,Penner Farms - 32-8-13 pump (site 1),528b81d7-df8d-4f62-9b35-ae0401115c98,Symo  24.0-3 480 (2),,,24.0,parsed_from_inverter_name,153.67,,
fronius,2025-03-01,c3c803c9-49a6-4c83-9884-7f28e9244f2b,Penner Farms - 32-8-13 pump (site 1),f97377a3-6539-450f-9b74-ae0401115ca1,Symo 24.0-3 480 (3),,,24.0,parsed_from_inverter_name,157.62,,
fronius,2025-03-02,c3c803c9-49a6-4c83-9884-7f28e9244f2b,Penner Farms - 32-8-13 pump (site 1),71ba6d53-c04f-476f-9da3-ae0401115c8e,Symo  24.0-3 480 (1),,,24.0,parsed_from_inverter_name,158.03,,
fronius,2025-03-02,c3c803c9-49a6-4c83-9884-7f28e9244f2b,Penner Farms - 32-8-13 pump (site 1),528b81d7-df8d-4f62-9b35-ae0401115c98,Symo  24.0-3 480 (2),,,24.0,parsed_from_inverter_name,156.18,,
fronius,2025-03-02,c3c803c9-49a6-4c83-9884-7f28e9244f2b,Penner Farms - 32-8-13 pump (site 1),f97377a3-6539-450f-9b74-ae0401115ca1,Symo 24.0-3 480 (3),,,24.0,parsed_from_inverter_name,159.33,,
fronius,2025-03-03,c3c803c9-49a6-4c83-9884-7f28e9244f2b,Penner Farms - 32-8-13 pump (site 1),71ba6d53-c04f-476f-9da3-ae0401115c8e,Symo  24.0-3 480 (1),,,24.0,parsed_from_inverter_name,32.58,,
fronius,2025-03-03,c3c803c9-49a6-4c83-9884-7f28e9244f2b,Penner Farms - 32-8-13 pump (site 1),528b81d7-df8d-4f62-9b35-ae0401115c98,Symo  24.0-3 480 (2),,,24.0,parsed_from_inverter_name,31.95,,
fronius,2025-03-03,c3c803c9-49a6-4c83-9884-7f28e9244f2b,Penner Farms - 32-8-13 pump (site 1),f97377a3-6539-450f-9b74-ae0401115ca1,Symo 24.0-3 480 (3),,,24.0,parsed_from_inverter_name,32.99,,
fronius,2025-03-04,c3c803c9-49a6-4c83-9884-7f28e9244f2b,Penner Farms - 32-8-13 pump (site 1),71ba6d53-c04f-476f-9da3-ae0401115c8e,Symo  24.0-3 480 (1),,,24.0,parsed_from_inverter_name,123.08,,
fronius,2025-03-04,c3c803c9-49a6-4c83-9884-7f28e9244f2b,Penner Farms - 32-8-13 pump (site 1),528b81d7-df8d-4f62-9b35-ae0401115c98,Symo  24.0-3 480 (2),,,24.0,parsed_from_inverter_name,155.29,,
fronius,2025-03-04,c3c803c9-49a6-4c83-9884-7f28e9244f2b,Penner Farms - 32-8-13 pump (site 1),f97377a3-6539-450f-9b74-ae0401115ca1,Symo 24.0-3 480 (3),,,24.0,parsed_from_inverter_name,158.49,,
fronius,2025-03-05,c3c803c9-49a6-4c83-9884-7f28e9244f2b,Penner Farms - 32-8-13 pump (site 1),71ba6d53-c04f-476f-9da3-ae0401115c8e,Symo  24.0-3 480 (1),,,24.0,parsed_from_inverter_name,118.41,,
fronius,2025-03-05,c3c803c9-49a6-4c83-9884-7f28e9244f2b,Penner Farms - 32-8-13 pump (site 1),528b81d7-df8d-4f62-9b35-ae0401115c98,Symo  24.0-3 480 (2),,,24.0,parsed_from_inverter_name,116.69,,
fronius,2025-03-05,c3c803c9-49a6-4c83-9884-7f28e9244f2b,Penner Farms - 32-8-13 pump (site 1),f97377a3-6539-450f-9b74-ae0401115ca1,Symo 24.0-3 480 (3),,,24.0,parsed_from_inverter_name,119.6,,
fronius,2025-03-06,c3c803c9-49a6-4c83-9884-7f28e9244f2b,Penner Farms - 32-8-13 pump (site 1),71ba6d53-c04f-476f-9da3-ae0401115c8e,Symo  24.0-3 480 (1),,,24.0,parsed_from_inverter_name,113.09,,
fronius,2025-03-06,c3c803c9-49a6-4c83-9884-7f28e9244f2b,Penner Farms - 32-8-13 pump (site 1),528b81d7-df8d-4f62-9b35-ae0401115c98,Symo  24.0-3 480 (2),,,24.0,parsed_from_inverter_name,160.56,,
fronius,2025-03-06,c3c803c9-49a6-4c83-9884-7f28e9244f2b,Penner Farms - 32-8-13 pump (site 1),f97377a3-6539-450f-9b74-ae0401115ca1,Symo 24.0-3 480 (3),,,24.0,parsed_from_inverter_name,158.25,,
fronius,2025-03-07,c3c803c9-49a6-4c83-9884-7f28e9244f2b,Penner Farms - 32-8-13 pump (site 1),71ba6d53-c04f-476f-9da3-ae0401115c8e,Symo  24.0-3 480 (1),,,24.0,parsed_from_inverter_name,168.78,,
fronius,2025-03-07,c3c803c9-49a6-4c83-9884-7f28e9244f2b,Penner Farms - 32-8-13 pump (site 1),528b81d7-df8d-4f62-9b35-ae0401115c98,Symo  24.0-3 480 (2),,,24.0,parsed_from_inverter_name,166.8,,
fronius,2025-03-07,c3c803c9-49a6-4c83-9884-7f28e9244f2b,Penner Farms - 32-8-13 pump (site 1),f97377a3-6539-450f-9b74-ae0401115ca1,Symo 24.0-3 480 (3),,,24.0,parsed_from_inverter_name,170.06,,
fronius,2025-03-08,c3c803c9-49a6-4c83-9884-7f28e9244f2b,Penner Farms - 32-8-13 pump (site 1),71ba6d53-c04f-476f-9da3-ae0401115c8e,Symo  24.0-3 480 (1),,,24.0,parsed_from_inverter_name,77.78,,
fronius,2025-03-08,c3c803c9-49a6-4c83-9884-7f28e9244f2b,Penner Farms - 32-8-13 pump (site 1),528b81d7-df8d-4f62-9b35-ae0401115c98,Symo  24.0-3 480 (2),,,24.0,parsed_from_inverter_name,76.31,,
fronius,2025-03-08,c3c803c9-49a6-4c83-9884-7f28e9244f2b,Penner Farms - 32-8-13 pump (site 1),f97377a3-6539-450f-9b74-ae0401115ca1,Symo 24.0-3 480 (3),,,24.0,parsed_from_inverter_name,78.69,,
fronius,2025-03-09,c3c803c9-49a6-4c83-9884-7f28e9244f2b,Penner Farms - 32-8-13 pump (site 1),71ba6d53-c04f-476f-9da3-ae0401115c8e,Symo  24.0-3 480 (1),,,24.0,parsed_from_inverter_name,59.57,,
fronius,2025-03-09,c3c803c9-49a6-4c83-9884-7f28e9244f2b,Penner Farms - 32-8-13 pump (site 1),528b81d7-df8d-4f62-9b35-ae0401115c98,Symo  24.0-3 480 (2),,,24.0,parsed_from_inverter_name,58.23,,
fronius,2025-03-09,c3c803c9-49a6-4c83-9884-7f28e9244f2b,Penner Farms - 32-8-13 pump (site 1),f97377a3-6539-450f-9b74-ae0401115ca1,Symo 24.0-3 480 (3),,,24.0,parsed_from_inverter_name,60.48,,
fronius,2025-03-10,c3c803c9-49a6-4c83-9884-7f28e9244f2b,Penner Farms - 32-8-13 pump (site 1),71ba6d53-c04f-476f-9da3-ae0401115c8e,Symo  24.0-3 480 (1),,,24.0,parsed_from_inverter_name,127.71,,
fronius,2025-03-10,c3c803c9-49a6-4c83-9884-7f28e9244f2b,Penner Farms - 32-8-13 pump (site 1),528b81d7-df8d-4f62-9b35-ae0401115c98,Symo  24.0-3 480 (2),,,24.0,parsed_from_inverter_name,124.48,,
fronius,2025-03-10,c3c803c9-49a6-4c83-9884-7f28e9244f2b,Penner Farms - 32-8-13 pump (site 1),f97377a3-6539-450f-9b74-ae0401115ca1,Symo 24.0-3 480 (3),,,24.0,parsed_from_inverter_name,129.56,,
fronius,2025-03-11,c3c803c9-49a6-4c83-9884-7f28e9244f2b,Penner Farms - 32-8-13 pump (site 1),71ba6d53-c04f-476f-9da3-ae0401115c8e,Symo  24.0-3 480 (1),,,24.0,parsed_from_inverter_name,96.66,,
fronius,2025-03-11,c3c803c9-49a6-4c83-9884-7f28e9244f2b,Penner Farms - 32-8-13 pump (site 1),528b81d7-df8d-4f62-9b35-ae0401115c98,Symo  24.0-3 480 (2),,,24.0,parsed_from_inverter_name,130.44,,
fronius,2025-03-11,c3c803c9-49a6-4c83-9884-7f28e9244f2b,Penner Farms - 32-8-13 pump (site 1),f97377a3-6539-450f-9b74-ae0401115ca1,Symo 24.0-3 480 (3),,,24.0,parsed_from_inverter_name,132.91,,
fronius,2025-03-12,c3c803c9-49a6-4c83-9884-7f28e9244f2b,Penner Farms - 32-8-13 pump (site 1),71ba6d53-c04f-476f-9da3-ae0401115c8e,Symo  24.0-3 480 (1),,,24.0,parsed_from_inverter_name,133.6,,
fronius,2025-03-12,c3c803c9-49a6-4c83-9884-7f28e9244f2b,Penner Farms - 32-8-13 pump (site 1),528b81d7-df8d-4f62-9b35-ae0401115c98,Symo  24.0-3 480 (2),,,24.0,parsed_from_inverter_name,131.42,,
fronius,2025-03-12,c3c803c9-49a6-4c83-9884-7f28e9244f2b,Penner Farms - 32-8-13 pump (site 1),f97377a3-6539-450f-9b74-ae0401115ca1,Symo 24.0-3 480 (3),,,24.0,parsed_from_inverter_name,134.62,,
fronius,2025-03-13,c3c803c9-49a6-4c83-9884-7f28e9244f2b,Penner Farms - 32-8-13 pump (site 1),71ba6d53-c04f-476f-9da3-ae0401115c8e,Symo  24.0-3 480 (1),,,24.0,parsed_from_inverter_name,57.55,,
fronius,2025-03-13,c3c803c9-49a6-4c83-9884-7f28e9244f2b,Penner Farms - 32-8-13 pump (site 1),528b81d7-df8d-4f62-9b35-ae0401115c98,Symo  24.0-3 480 (2),,,24.0,parsed_from_inverter_name,56.34,,
fronius,2025-03-13,c3c803c9-49a6-4c83-9884-7f28e9244f2b,Penner Farms - 32-8-13 pump (site 1),f97377a3-6539-450f-9b74-ae0401115ca1,Symo 24.0-3 480 (3),,,24.0,parsed_from_inverter_name,58.4,,
fronius,2025-03-14,c3c803c9-49a6-4c83-9884-7f28e9244f2b,Penner Farms - 32-8-13 pump (site 1),71ba6d53-c04f-476f-9da3-ae0401115c8e,Symo  24.0-3 480 (1),,,24.0,parsed_from_inverter_name,133.55,,
fronius,2025-03-14,c3c803c9-49a6-4c83-9884-7f28e9244f2b,Penner Farms - 32-8-13 pump (site 1),528b81d7-df8d-4f62-9b35-ae0401115c98,Symo  24.0-3 480 (2),,,24.0,parsed_from_inverter_name,138.81,,
fronius,2025-03-14,c3c803c9-49a6-4c83-9884-7f28e9244f2b,Penner Farms - 32-8-13 pump (site 1),f97377a3-6539-450f-9b74-ae0401115ca1,Symo 24.0-3 480 (3),,,24.0,parsed_from_inverter_name,142.49,,
fronius,2025-03-15,c3c803c9-49a6-4c83-9884-7f28e9244f2b,Penner Farms - 32-8-13 pump (site 1),71ba6d53-c04f-476f-9da3-ae0401115c8e,Symo  24.0-3 480 (1),,,24.0,parsed_from_inverter_name,39.77,,
fronius,2025-03-15,c3c803c9-49a6-4c83-9884-7f28e9244f2b,Penner Farms - 32-8-13 pump (site 1),528b81d7-df8d-4f62-9b35-ae0401115c98,Symo  24.0-3 480 (2),,,24.0,parsed_from_inverter_name,34.43,,
fronius,2025-03-15,c3c803c9-49a6-4c83-9884-7f28e9244f2b,Penner Farms - 32-8-13 pump (site 1),f97377a3-6539-450f-9b74-ae0401115ca1,Symo 24.0-3 480 (3),,,24.0,parsed_from_inverter_name,37.2,,
fronius,2025-03-16,c3c803c9-49a6-4c83-9884-7f28e9244f2b,Penner Farms - 32-8-13 pump (site 1),71ba6d53-c04f-476f-9da3-ae0401115c8e,Symo  24.0-3 480 (1),,,24.0,parsed_from_inverter_name,37.84,,
fronius,2025-03-16,c3c803c9-49a6-4c83-9884-7f28e9244f2b,Penner Farms - 32-8-13 pump (site 1),528b81d7-df8d-4f62-9b35-ae0401115c98,Symo  24.0-3 480 (2),,,24.0,parsed_from_inverter_name,26.09,,
fronius,2025-03-16,c3c803c9-49a6-4c83-9884-7f28e9244f2b,Penner Farms - 32-8-13 pump (site 1),f97377a3-6539-450f-9b74-ae0401115ca1,Symo 24.0-3 480 (3),,,24.0,parsed_from_inverter_name,40.09,,
fronius,2025-03-17,c3c803c9-49a6-4c83-9884-7f28e9244f2b,Penner Farms - 32-8-13 pump (site 1),71ba6d53-c04f-476f-9da3-ae0401115c8e,Symo  24.0-3 480 (1),,,24.0,parsed_from_inverter_name,110.75,,
fronius,2025-03-17,c3c803c9-49a6-4c83-9884-7f28e9244f2b,Penner Farms - 32-8-13 pump (site 1),528b81d7-df8d-4f62-9b35-ae0401115c98,Symo  24.0-3 480 (2),,,24.0,parsed_from_inverter_name,144.08,,
fronius,2025-03-17,c3c803c9-49a6-4c83-9884-7f28e9244f2b,Penner Farms - 32-8-13 pump (site 1),f97377a3-6539-450f-9b74-ae0401115ca1,Symo 24.0-3 480 (3),,,24.0,parsed_from_inverter_name,149.83,,
fronius,2025-03-18,c3c803c9-49a6-4c83-9884-7f28e9244f2b,Penner Farms - 32-8-13 pump (site 1),71ba6d53-c04f-476f-9da3-ae0401115c8e,Symo  24.0-3 480 (1),,,24.0,parsed_from_inverter_name,46.05,,
fronius,2025-03-18,c3c803c9-49a6-4c83-9884-7f28e9244f2b,Penner Farms - 32-8-13 pump (site 1),528b81d7-df8d-4f62-9b35-ae0401115c98,Symo  24.0-3 480 (2),,,24.0,parsed_from_inverter_name,44.91,,
fronius,2025-03-18,c3c803c9-49a6-4c83-9884-7f28e9244f2b,Penner Farms - 32-8-13 pump (site 1),f97377a3-6539-450f-9b74-ae0401115ca1,Symo 24.0-3 480 (3),,,24.0,parsed_from_inverter_name,46.74,,
fronius,2025-03-19,c3c803c9-49a6-4c83-9884-7f28e9244f2b,Penner Farms - 32-8-13 pump (site 1),71ba6d53-c04f-476f-9da3-ae0401115c8e,Symo  24.0-3 480 (1),,,24.0,parsed_from_inverter_name,175.87,,
fronius,2025-03-19,c3c803c9-49a6-4c83-9884-7f28e9244f2b,Penner Farms - 32-8-13 pump (site 1),528b81d7-df8d-4f62-9b35-ae0401115c98,Symo  24.0-3 480 (2),,,24.0,parsed_from_inverter_name,173.88,,
fronius,2025-03-19,c3c803c9-49a6-4c83-9884-7f28e9244f2b,Penner Farms - 32-8-13 pump (site 1),f97377a3-6539-450f-9b74-ae0401115ca1,Symo 24.0-3 480 (3),,,24.0,parsed_from_inverter_name,176.89,,
fronius,2025-03-20,c3c803c9-49a6-4c83-9884-7f28e9244f2b,Penner Farms - 32-8-13 pump (site 1),71ba6d53-c04f-476f-9da3-ae0401115c8e,Symo  24.0-3 480 (1),,,24.0,parsed_from_inverter_name,90.72,,
fronius,2025-03-20,c3c803c9-49a6-4c83-9884-7f28e9244f2b,Penner Farms - 32-8-13 pump (site 1),528b81d7-df8d-4f62-9b35-ae0401115c98,Symo  24.0-3 480 (2),,,24.0,parsed_from_inverter_name,89.03,,
fronius,2025-03-20,c3c803c9-49a6-4c83-9884-7f28e9244f2b,Penner Farms - 32-8-13 pump (site 1),f97377a3-6539-450f-9b74-ae0401115ca1,Symo 24.0-3 480 (3),,,24.0,parsed_from_inverter_name,91.69,,
fronius,2025-03-21,c3c803c9-49a6-4c83-9884-7f28e9244f2b,Penner Farms - 32-8-13 pump (site 1),71ba6d53-c04f-476f-9da3-ae0401115c8e,Symo  24.0-3 480 (1),,,24.0,parsed_from_inverter_name,158.48,,
fronius,2025-03-21,c3c803c9-49a6-4c83-9884-7f28e9244f2b,Penner Farms - 32-8-13 pump (site 1),528b81d7-df8d-4f62-9b35-ae0401115c98,Symo  24.0-3 480 (2),,,24.0,parsed_from_inverter_name,156.6,,
fronius,2025-03-21,c3c803c9-49a6-4c83-9884-7f28e9244f2b,Penner Farms - 32-8-13 pump (site 1),f97377a3-6539-450f-9b74-ae0401115ca1,Symo 24.0-3 480 (3),,,24.0,parsed_from_inverter_name,159.76,,
fronius,2025-03-22,c3c803c9-49a6-4c83-9884-7f28e9244f2b,Penner Farms - 32-8-13 pump (site 1),71ba6d53-c04f-476f-9da3-ae0401115c8e,Symo  24.0-3 480 (1),,,24.0,parsed_from_inverter_name,126.91,,
fronius,2025-03-22,c3c803c9-49a6-4c83-9884-7f28e9244f2b,Penner Farms - 32-8-13 pump (site 1),528b81d7-df8d-4f62-9b35-ae0401115c98,Symo  24.0-3 480 (2),,,24.0,parsed_from_inverter_name,127.5,,
fronius,2025-03-22,c3c803c9-49a6-4c83-9884-7f28e9244f2b,Penner Farms - 32-8-13 pump (site 1),f97377a3-6539-450f-9b74-ae0401115ca1,Symo 24.0-3 480 (3),,,24.0,parsed_from_inverter_name,129.75,,
fronius,2025-03-23,c3c803c9-49a6-4c83-9884-7f28e9244f2b,Penner Farms - 32-8-13 pump (site 1),71ba6d53-c04f-476f-9da3-ae0401115c8e,Symo  24.0-3 480 (1),,,24.0,parsed_from_inverter_name,105.25,,
fronius,2025-03-23,c3c803c9-49a6-4c83-9884-7f28e9244f2b,Penner Farms - 32-8-13 pump (site 1),528b81d7-df8d-4f62-9b35-ae0401115c98,Symo  24.0-3 480 (2),,,24.0,parsed_from_inverter_name,103.14,,
fronius,2025-03-23,c3c803c9-49a6-4c83-9884-7f28e9244f2b,Penner Farms - 32-8-13 pump (site 1),f97377a3-6539-450f-9b74-ae0401115ca1,Symo 24.0-3 480 (3),,,24.0,parsed_from_inverter_name,106.36,,
fronius,2025-03-24,c3c803c9-49a6-4c83-9884-7f28e9244f2b,Penner Farms - 32-8-13 pump (site 1),71ba6d53-c04f-476f-9da3-ae0401115c8e,Symo  24.0-3 480 (1),,,24.0,parsed_from_inverter_name,91.87,,
fronius,2025-03-24,c3c803c9-49a6-4c83-9884-7f28e9244f2b,Penner Farms - 32-8-13 pump (site 1),528b81d7-df8d-4f62-9b35-ae0401115c98,Symo  24.0-3 480 (2),,,24.0,parsed_from_inverter_name,90.12,,
fronius,2025-03-24,c3c803c9-49a6-4c83-9884-7f28e9244f2b,Penner Farms - 32-8-13 pump (site 1),f97377a3-6539-450f-9b74-ae0401115ca1,Symo 24.0-3 480 (3),,,24.0,parsed_from_inverter_name,92.58,,
fronius,2025-03-25,c3c803c9-49a6-4c83-9884-7f28e9244f2b,Penner Farms - 32-8-13 pump (site 1),71ba6d53-c04f-476f-9da3-ae0401115c8e,Symo  24.0-3 480 (1),,,24.0,parsed_from_inverter_name,99.36,,
fronius,2025-03-25,c3c803c9-49a6-4c83-9884-7f28e9244f2b,Penner Farms - 32-8-13 pump (site 1),528b81d7-df8d-4f62-9b35-ae0401115c98,Symo  24.0-3 480 (2),,,24.0,parsed_from_inverter_name,97.28,,
fronius,2025-03-25,c3c803c9-49a6-4c83-9884-7f28e9244f2b,Penner Farms - 32-8-13 pump (site 1),f97377a3-6539-450f-9b74-ae0401115ca1,Symo 24.0-3 480 (3),,,24.0,parsed_from_inverter_name,100.0,,
fronius,2025-03-26,c3c803c9-49a6-4c83-9884-7f28e9244f2b,Penner Farms - 32-8-13 pump (site 1),71ba6d53-c04f-476f-9da3-ae0401115c8e,Symo  24.0-3 480 (1),,,24.0,parsed_from_inverter_name,159.46,,
fronius,2025-03-26,c3c803c9-49a6-4c83-9884-7f28e9244f2b,Penner Farms - 32-8-13 pump (site 1),528b81d7-df8d-4f62-9b35-ae0401115c98,Symo  24.0-3 480 (2),,,24.0,parsed_from_inverter_name,169.63,,
fronius,2025-03-26,c3c803c9-49a6-4c83-9884-7f28e9244f2b,Penner Farms - 32-8-13 pump (site 1),f97377a3-6539-450f-9b74-ae0401115ca1,Symo 24.0-3 480 (3),,,24.0,parsed_from_inverter_name,173.54,,
fronius,2025-03-27,c3c803c9-49a6-4c83-9884-7f28e9244f2b,Penner Farms - 32-8-13 pump (site 1),71ba6d53-c04f-476f-9da3-ae0401115c8e,Symo  24.0-3 480 (1),,,24.0,parsed_from_inverter_name,71.6,,
fronius,2025-03-27,c3c803c9-49a6-4c83-9884-7f28e9244f2b,Penner Farms - 32-8-13 pump (site 1),528b81d7-df8d-4f62-9b35-ae0401115c98,Symo  24.0-3 480 (2),,,24.0,parsed_from_inverter_name,70.4,,
fronius,2025-03-27,c3c803c9-49a6-4c83-9884-7f28e9244f2b,Penner Farms - 32-8-13 pump (site 1),f97377a3-6539-450f-9b74-ae0401115ca1,Symo 24.0-3 480 (3),,,24.0,parsed_from_inverter_name,72.35,,
fronius,2025-03-28,c3c803c9-49a6-4c83-9884-7f28e9244f2b,Penner Farms - 32-8-13 pump (site 1),71ba6d53-c04f-476f-9da3-ae0401115c8e,Symo  24.0-3 480 (1),,,24.0,parsed_from_inverter_name,45.48,,
fronius,2025-03-28,c3c803c9-49a6-4c83-9884-7f28e9244f2b,Penner Farms - 32-8-13 pump (site 1),528b81d7-df8d-4f62-9b35-ae0401115c98,Symo  24.0-3 480 (2),,,24.0,parsed_from_inverter_name,43.35,,
fronius,2025-03-28,c3c803c9-49a6-4c83-9884-7f28e9244f2b,Penner Farms - 32-8-13 pump (site 1),f97377a3-6539-450f-9b74-ae0401115ca1,Symo 24.0-3 480 (3),,,24.0,parsed_from_inverter_name,45.78,,
fronius,2025-03-29,c3c803c9-49a6-4c83-9884-7f28e9244f2b,Penner Farms - 32-8-13 pump (site 1),71ba6d53-c04f-476f-9da3-ae0401115c8e,Symo  24.0-3 480 (1),,,24.0,parsed_from_inverter_name,35.89,,
fronius,2025-03-29,c3c803c9-49a6-4c83-9884-7f28e9244f2b,Penner Farms - 32-8-13 pump (site 1),528b81d7-df8d-4f62-9b35-ae0401115c98,Symo  24.0-3 480 (2),,,24.0,parsed_from_inverter_name,35.74,,
fronius,2025-03-29,c3c803c9-49a6-4c83-9884-7f28e9244f2b,Penner Farms - 32-8-13 pump (site 1),f97377a3-6539-450f-9b74-ae0401115ca1,Symo 24.0-3 480 (3),,,24.0,parsed_from_inverter_name,35.58,,
fronius,2025-03-30,c3c803c9-49a6-4c83-9884-7f28e9244f2b,Penner Farms - 32-8-13 pump (site 1),71ba6d53-c04f-476f-9da3-ae0401115c8e,Symo  24.0-3 480 (1),,,24.0,parsed_from_inverter_name,109.09,,
fronius,2025-03-30,c3c803c9-49a6-4c83-9884-7f28e9244f2b,Penner Farms - 32-8-13 pump (site 1),528b81d7-df8d-4f62-9b35-ae0401115c98,Symo  24.0-3 480 (2),,,24.0,parsed_from_inverter_name,102.88,,
fronius,2025-03-30,c3c803c9-49a6-4c83-9884-7f28e9244f2b,Penner Farms - 32-8-13 pump (site 1),f97377a3-6539-450f-9b74-ae0401115ca1,Symo 24.0-3 480 (3),,,24.0,parsed_from_inverter_name,105.46,,
fronius,2025-03-31,c3c803c9-49a6-4c83-9884-7f28e9244f2b,Penner Farms - 32-8-13 pump (site 1),71ba6d53-c04f-476f-9da3-ae0401115c8e,Symo  24.0-3 480 (1),,,24.0,parsed_from_inverter_name,84.44,,
fronius,2025-03-31,c3c803c9-49a6-4c83-9884-7f28e9244f2b,Penner Farms - 32-8-13 pump (site 1),528b81d7-df8d-4f62-9b35-ae0401115c98,Symo  24.0-3 480 (2),,,24.0,parsed_from_inverter_name,82.28,,
fronius,2025-03-31,c3c803c9-49a6-4c83-9884-7f28e9244f2b,Penner Farms - 32-8-13 pump (site 1),f97377a3-6539-450f-9b74-ae0401115ca1,Symo 24.0-3 480 (3),,,24.0,parsed_from_inverter_name,85.47,,
fronius,2025-04-01,c3c803c9-49a6-4c83-9884-7f28e9244f2b,Penner Farms - 32-8-13 pump (site 1),71ba6d53-c04f-476f-9da3-ae0401115c8e,Symo  24.0-3 480 (1),,,24.0,parsed_from_inverter_name,136.2,,
fronius,2025-04-01,c3c803c9-49a6-4c83-9884-7f28e9244f2b,Penner Farms - 32-8-13 pump (site 1),528b81d7-df8d-4f62-9b35-ae0401115c98,Symo  24.0-3 480 (2),,,24.0,parsed_from_inverter_name,134.16,,
fronius,2025-04-01,c3c803c9-49a6-4c83-9884-7f28e9244f2b,Penner Farms - 32-8-13 pump (site 1),f97377a3-6539-450f-9b74-ae0401115ca1,Symo 24.0-3 480 (3),,,24.0,parsed_from_inverter_name,137.69,,
fronius,2025-04-02,c3c803c9-49a6-4c83-9884-7f28e9244f2b,Penner Farms - 32-8-13 pump (site 1),71ba6d53-c04f-476f-9da3-ae0401115c8e,Symo  24.0-3 480 (1),,,24.0,parsed_from_inverter_name,34.17,,
fronius,2025-04-02,c3c803c9-49a6-4c83-9884-7f28e9244f2b,Penner Farms - 32-8-13 pump (site 1),528b81d7-df8d-4f62-9b35-ae0401115c98,Symo  24.0-3 480 (2),,,24.0,parsed_from_inverter_name,31.86,,
fronius,2025-04-02,c3c803c9-49a6-4c83-9884-7f28e9244f2b,Penner Farms - 32-8-13 pump (site 1),f97377a3-6539-450f-9b74-ae0401115ca1,Symo 24.0-3 480 (3),,,24.0,parsed_from_inverter_name,35.68,,
fronius,2025-04-03,c3c803c9-49a6-4c83-9884-7f28e9244f2b,Penner Farms - 32-8-13 pump (site 1),71ba6d53-c04f-476f-9da3-ae0401115c8e,Symo  24.0-3 480 (1),,,24.0,parsed_from_inverter_name,125.01,,
fronius,2025-04-03,c3c803c9-49a6-4c83-9884-7f28e9244f2b,Penner Farms - 32-8-13 pump (site 1),528b81d7-df8d-4f62-9b35-ae0401115c98,Symo  24.0-3 480 (2),,,24.0,parsed_from_inverter_name,121.9,,
fronius,2025-04-03,c3c803c9-49a6-4c83-9884-7f28e9244f2b,Penner Farms - 32-8-13 pump (site 1),f97377a3-6539-450f-9b74-ae0401115ca1,Symo 24.0-3 480 (3),,,24.0,parsed_from_inverter_name,125.83,,
fronius,2025-04-04,c3c803c9-49a6-4c83-9884-7f28e9244f2b,Penner Farms - 32-8-13 pump (site 1),71ba6d53-c04f-476f-9da3-ae0401115c8e,Symo  24.0-3 480 (1),,,24.0,parsed_from_inverter_name,193.93,,
fronius,2025-04-04,c3c803c9-49a6-4c83-9884-7f28e9244f2b,Penner Farms - 32-8-13 pump (site 1),528b81d7-df8d-4f62-9b35-ae0401115c98,Symo  24.0-3 480 (2),,,24.0,parsed_from_inverter_name,191.45,,
fronius,2025-04-04,c3c803c9-49a6-4c83-9884-7f28e9244f2b,Penner Farms - 32-8-13 pump (site 1),f97377a3-6539-450f-9b74-ae0401115ca1,Symo 24.0-3 480 (3),,,24.0,parsed_from_inverter_name,194.89,,
fronius,2025-04-05,c3c803c9-49a6-4c83-9884-7f28e9244f2b,Penner Farms - 32-8-13 pump (site 1),71ba6d53-c04f-476f-9da3-ae0401115c8e,Symo  24.0-3 480 (1),,,24.0,parsed_from_inverter_name,190.22,,
fronius,2025-04-05,c3c803c9-49a6-4c83-9884-7f28e9244f2b,Penner Farms - 32-8-13 pump (site 1),528b81d7-df8d-4f62-9b35-ae0401115c98,Symo  24.0-3 480 (2),,,24.0,parsed_from_inverter_name,187.54,,
fronius,2025-04-05,c3c803c9-49a6-4c83-9884-7f28e9244f2b,Penner Farms - 32-8-13 pump (site 1),f97377a3-6539-450f-9b74-ae0401115ca1,Symo 24.0-3 480 (3),,,24.0,parsed_from_inverter_name,191.57,,
fronius,2025-04-06,c3c803c9-49a6-4c83-9884-7f28e9244f2b,Penner Farms - 32-8-13 pump (site 1),71ba6d53-c04f-476f-9da3-ae0401115c8e,Symo  24.0-3 480 (1),,,24.0,parsed_from_inverter_name,182.89,,
fronius,2025-04-06,c3c803c9-49a6-4c83-9884-7f28e9244f2b,Penner Farms - 32-8-13 pump (site 1),528b81d7-df8d-4f62-9b35-ae0401115c98,Symo  24.0-3 480 (2),,,24.0,parsed_from_inverter_name,179.58,,
fronius,2025-04-06,c3c803c9-49a6-4c83-9884-7f28e9244f2b,Penner Farms - 32-8-13 pump (site 1),f97377a3-6539-450f-9b74-ae0401115ca1,Symo 24.0-3 480 (3),,,24.0,parsed_from_inverter_name,184.23,,
fronius,2025-04-07,c3c803c9-49a6-4c83-9884-7f28e9244f2b,Penner Farms - 32-8-13 pump (site 1),71ba6d53-c04f-476f-9da3-ae0401115c8e,Symo  24.0-3 480 (1),,,24.0,parsed_from_inverter_name,122.53,,
fronius,2025-04-07,c3c803c9-49a6-4c83-9884-7f28e9244f2b,Penner Farms - 32-8-13 pump (site 1),528b81d7-df8d-4f62-9b35-ae0401115c98,Symo  24.0-3 480 (2),,,24.0,parsed_from_inverter_name,119.98,,
fronius,2025-04-07,c3c803c9-49a6-4c83-9884-7f28e9244f2b,Penner Farms - 32-8-13 pump (site 1),f97377a3-6539-450f-9b74-ae0401115ca1,Symo 24.0-3 480 (3),,,24.0,parsed_from_inverter_name,123.8,,
fronius,2025-04-08,c3c803c9-49a6-4c83-9884-7f28e9244f2b,Penner Farms - 32-8-13 pump (site 1),71ba6d53-c04f-476f-9da3-ae0401115c8e,Symo  24.0-3 480 (1),,,24.0,parsed_from_inverter_name,145.62,,
fronius,2025-04-08,c3c803c9-49a6-4c83-9884-7f28e9244f2b,Penner Farms - 32-8-13 pump (site 1),528b81d7-df8d-4f62-9b35-ae0401115c98,Symo  24.0-3 480 (2),,,24.0,parsed_from_inverter_name,151.0,,
fronius,2025-04-08,c3c803c9-49a6-4c83-9884-7f28e9244f2b,Penner Farms - 32-8-13 pump (site 1),f97377a3-6539-450f-9b74-ae0401115ca1,Symo 24.0-3 480 (3),,,24.0,parsed_from_inverter_name,154.36,,
fronius,2025-04-09,c3c803c9-49a6-4c83-9884-7f28e9244f2b,Penner Farms - 32-8-13 pump (site 1),71ba6d53-c04f-476f-9da3-ae0401115c8e,Symo  24.0-3 480 (1),,,24.0,parsed_from_inverter_name,138.17,,
fronius,2025-04-09,c3c803c9-49a6-4c83-9884-7f28e9244f2b,Penner Farms - 32-8-13 pump (site 1),528b81d7-df8d-4f62-9b35-ae0401115c98,Symo  24.0-3 480 (2),,,24.0,parsed_from_inverter_name,143.47,,
fronius,2025-04-09,c3c803c9-49a6-4c83-9884-7f28e9244f2b,Penner Farms - 32-8-13 pump (site 1),f97377a3-6539-450f-9b74-ae0401115ca1,Symo 24.0-3 480 (3),,,24.0,parsed_from_inverter_name,146.63,,
fronius,2025-04-10,c3c803c9-49a6-4c83-9884-7f28e9244f2b,Penner Farms - 32-8-13 pump (site 1),71ba6d53-c04f-476f-9da3-ae0401115c8e,Symo  24.0-3 480 (1),,,24.0,parsed_from_inverter_name,161.24,,
fronius,2025-04-10,c3c803c9-49a6-4c83-9884-7f28e9244f2b,Penner Farms - 32-8-13 pump (site 1),528b81d7-df8d-4f62-9b35-ae0401115c98,Symo  24.0-3 480 (2),,,24.0,parsed_from_inverter_name,158.18,,
fronius,2025-04-10,c3c803c9-49a6-4c83-9884-7f28e9244f2b,Penner Farms - 32-8-13 pump (site 1),f97377a3-6539-450f-9b74-ae0401115ca1,Symo 24.0-3 480 (3),,,24.0,parsed_from_inverter_name,162.93,,
fronius,2025-04-11,c3c803c9-49a6-4c83-9884-7f28e9244f2b,Penner Farms - 32-8-13 pump (site 1),71ba6d53-c04f-476f-9da3-ae0401115c8e,Symo  24.0-3 480 (1),,,24.0,parsed_from_inverter_name,170.45,,
fronius,2025-04-11,c3c803c9-49a6-4c83-9884-7f28e9244f2b,Penner Farms - 32-8-13 pump (site 1),528b81d7-df8d-4f62-9b35-ae0401115c98,Symo  24.0-3 480 (2),,,24.0,parsed_from_inverter_name,168.14,,
fronius,2025-04-11,c3c803c9-49a6-4c83-9884-7f28e9244f2b,Penner Farms - 32-8-13 pump (site 1),f97377a3-6539-450f-9b74-ae0401115ca1,Symo 24.0-3 480 (3),,,24.0,parsed_from_inverter_name,171.75,,
fronius,2025-04-12,c3c803c9-49a6-4c83-9884-7f28e9244f2b,Penner Farms - 32-8-13 pump (site 1),71ba6d53-c04f-476f-9da3-ae0401115c8e,Symo  24.0-3 480 (1),,,24.0,parsed_from_inverter_name,161.79,,
fronius,2025-04-12,c3c803c9-49a6-4c83-9884-7f28e9244f2b,Penner Farms - 32-8-13 pump (site 1),528b81d7-df8d-4f62-9b35-ae0401115c98,Symo  24.0-3 480 (2),,,24.0,parsed_from_inverter_name,159.24,,
fronius,2025-04-12,c3c803c9-49a6-4c83-9884-7f28e9244f2b,Penner Farms - 32-8-13 pump (site 1),f97377a3-6539-450f-9b74-ae0401115ca1,Symo 24.0-3 480 (3),,,24.0,parsed_from_inverter_name,162.95,,
fronius,2025-04-13,c3c803c9-49a6-4c83-9884-7f28e9244f2b,Penner Farms - 32-8-13 pump (site 1),71ba6d53-c04f-476f-9da3-ae0401115c8e,Symo  24.0-3 480 (1),,,24.0,parsed_from_inverter_name,183.78,,
fronius,2025-04-13,c3c803c9-49a6-4c83-9884-7f28e9244f2b,Penner Farms - 32-8-13 pump (site 1),528b81d7-df8d-4f62-9b35-ae0401115c98,Symo  24.0-3 480 (2),,,24.0,parsed_from_inverter_name,184.0,,
fronius,2025-04-13,c3c803c9-49a6-4c83-9884-7f28e9244f2b,Penner Farms - 32-8-13 pump (site 1),f97377a3-6539-450f-9b74-ae0401115ca1,Symo 24.0-3 480 (3),,,24.0,parsed_from_inverter_name,181.81,,
fronius,2025-04-14,c3c803c9-49a6-4c83-9884-7f28e9244f2b,Penner Farms - 32-8-13 pump (site 1),71ba6d53-c04f-476f-9da3-ae0401115c8e,Symo  24.0-3 480 (1),,,24.0,parsed_from_inverter_name,192.18,,
fronius,2025-04-14,c3c803c9-49a6-4c83-9884-7f28e9244f2b,Penner Farms - 32-8-13 pump (site 1),528b81d7-df8d-4f62-9b35-ae0401115c98,Symo  24.0-3 480 (2),,,24.0,parsed_from_inverter_name,189.51,,
fronius,2025-04-14,c3c803c9-49a6-4c83-9884-7f28e9244f2b,Penner Farms - 32-8-13 pump (site 1),f97377a3-6539-450f-9b74-ae0401115ca1,Symo 24.0-3 480 (3),,,24.0,parsed_from_inverter_name,193.3,,
fronius,2025-04-15,c3c803c9-49a6-4c83-9884-7f28e9244f2b,Penner Farms - 32-8-13 pump (site 1),71ba6d53-c04f-476f-9da3-ae0401115c8e,Symo  24.0-3 480 (1),,,24.0,parsed_from_inverter_name,184.19,,
fronius,2025-04-15,c3c803c9-49a6-4c83-9884-7f28e9244f2b,Penner Farms - 32-8-13 pump (site 1),528b81d7-df8d-4f62-9b35-ae0401115c98,Symo  24.0-3 480 (2),,,24.0,parsed_from_inverter_name,181.92,,
fronius,2025-04-15,c3c803c9-49a6-4c83-9884-7f28e9244f2b,Penner Farms - 32-8-13 pump (site 1),f97377a3-6539-450f-9b74-ae0401115ca1,Symo 24.0-3 480 (3),,,24.0,parsed_from_inverter_name,185.01,,
fronius,2025-04-16,c3c803c9-49a6-4c83-9884-7f28e9244f2b,Penner Farms - 32-8-13 pump (site 1),71ba6d53-c04f-476f-9da3-ae0401115c8e,Symo  24.0-3 480 (1),,,24.0,parsed_from_inverter_name,60.41,,
fronius,2025-04-16,c3c803c9-49a6-4c83-9884-7f28e9244f2b,Penner Farms - 32-8-13 pump (site 1),528b81d7-df8d-4f62-9b35-ae0401115c98,Symo  24.0-3 480 (2),,,24.0,parsed_from_inverter_name,59.19,,
fronius,2025-04-16,c3c803c9-49a6-4c83-9884-7f28e9244f2b,Penner Farms - 32-8-13 pump (site 1),f97377a3-6539-450f-9b74-ae0401115ca1,Symo 24.0-3 480 (3),,,24.0,parsed_from_inverter_name,61.15,,
fronius,2025-04-17,c3c803c9-49a6-4c83-9884-7f28e9244f2b,Penner Farms - 32-8-13 pump (site 1),71ba6d53-c04f-476f-9da3-ae0401115c8e,Symo  24.0-3 480 (1),,,24.0,parsed_from_inverter_name,131.94,,
fronius,2025-04-17,c3c803c9-49a6-4c83-9884-7f28e9244f2b,Penner Farms - 32-8-13 pump (site 1),528b81d7-df8d-4f62-9b35-ae0401115c98,Symo  24.0-3 480 (2),,,24.0,parsed_from_inverter_name,132.5,,
fronius,2025-04-17,c3c803c9-49a6-4c83-9884-7f28e9244f2b,Penner Farms - 32-8-13 pump (site 1),f97377a3-6539-450f-9b74-ae0401115ca1,Symo 24.0-3 480 (3),,,24.0,parsed_from_inverter_name,135.39,,
fronius,2025-04-18,c3c803c9-49a6-4c83-9884-7f28e9244f2b,Penner Farms - 32-8-13 pump (site 1),71ba6d53-c04f-476f-9da3-ae0401115c8e,Symo  24.0-3 480 (1),,,24.0,parsed_from_inverter_name,197.2,,
fronius,2025-04-18,c3c803c9-49a6-4c83-9884-7f28e9244f2b,Penner Farms - 32-8-13 pump (site 1),528b81d7-df8d-4f62-9b35-ae0401115c98,Symo  24.0-3 480 (2),,,24.0,parsed_from_inverter_name,195.38,,
fronius,2025-04-18,c3c803c9-49a6-4c83-9884-7f28e9244f2b,Penner Farms - 32-8-13 pump (site 1),f97377a3-6539-450f-9b74-ae0401115ca1,Symo 24.0-3 480 (3),,,24.0,parsed_from_inverter_name,198.96,,
fronius,2025-04-19,c3c803c9-49a6-4c83-9884-7f28e9244f2b,Penner Farms - 32-8-13 pump (site 1),71ba6d53-c04f-476f-9da3-ae0401115c8e,Symo  24.0-3 480 (1),,,24.0,parsed_from_inverter_name,100.98,,
fronius,2025-04-19,c3c803c9-49a6-4c83-9884-7f28e9244f2b,Penner Farms - 32-8-13 pump (site 1),528b81d7-df8d-4f62-9b35-ae0401115c98,Symo  24.0-3 480 (2),,,24.0,parsed_from_inverter_name,99.39,,
fronius,2025-04-19,c3c803c9-49a6-4c83-9884-7f28e9244f2b,Penner Farms - 32-8-13 pump (site 1),f97377a3-6539-450f-9b74-ae0401115ca1,Symo 24.0-3 480 (3),,,24.0,parsed_from_inverter_name,102.28,,
fronius,2025-04-20,c3c803c9-49a6-4c83-9884-7f28e9244f2b,Penner Farms - 32-8-13 pump (site 1),71ba6d53-c04f-476f-9da3-ae0401115c8e,Symo  24.0-3 480 (1),,,24.0,parsed_from_inverter_name,55.09,,
fronius,2025-04-20,c3c803c9-49a6-4c83-9884-7f28e9244f2b,Penner Farms - 32-8-13 pump (site 1),528b81d7-df8d-4f62-9b35-ae0401115c98,Symo  24.0-3 480 (2),,,24.0,parsed_from_inverter_name,54.07,,
fronius,2025-04-20,c3c803c9-49a6-4c83-9884-7f28e9244f2b,Penner Farms - 32-8-13 pump (site 1),f97377a3-6539-450f-9b74-ae0401115ca1,Symo 24.0-3 480 (3),,,24.0,parsed_from_inverter_name,55.72,,
fronius,2025-04-21,c3c803c9-49a6-4c83-9884-7f28e9244f2b,Penner Farms - 32-8-13 pump (site 1),71ba6d53-c04f-476f-9da3-ae0401115c8e,Symo  24.0-3 480 (1),,,24.0,parsed_from_inverter_name,63.51,,
fronius,2025-04-21,c3c803c9-49a6-4c83-9884-7f28e9244f2b,Penner Farms - 32-8-13 pump (site 1),528b81d7-df8d-4f62-9b35-ae0401115c98,Symo  24.0-3 480 (2),,,24.0,parsed_from_inverter_name,62.61,,
fronius,2025-04-21,c3c803c9-49a6-4c83-9884-7f28e9244f2b,Penner Farms - 32-8-13 pump (site 1),f97377a3-6539-450f-9b74-ae0401115ca1,Symo 24.0-3 480 (3),,,24.0,parsed_from_inverter_name,64.21,,
fronius,2025-04-22,c3c803c9-49a6-4c83-9884-7f28e9244f2b,Penner Farms - 32-8-13 pump (site 1),71ba6d53-c04f-476f-9da3-ae0401115c8e,Symo  24.0-3 480 (1),,,24.0,parsed_from_inverter_name,95.5,,
fronius,2025-04-22,c3c803c9-49a6-4c83-9884-7f28e9244f2b,Penner Farms - 32-8-13 pump (site 1),528b81d7-df8d-4f62-9b35-ae0401115c98,Symo  24.0-3 480 (2),,,24.0,parsed_from_inverter_name,93.72,,
fronius,2025-04-22,c3c803c9-49a6-4c83-9884-7f28e9244f2b,Penner Farms - 32-8-13 pump (site 1),f97377a3-6539-450f-9b74-ae0401115ca1,Symo 24.0-3 480 (3),,,24.0,parsed_from_inverter_name,96.94,,
fronius,2025-04-23,c3c803c9-49a6-4c83-9884-7f28e9244f2b,Penner Farms - 32-8-13 pump (site 1),71ba6d53-c04f-476f-9da3-ae0401115c8e,Symo  24.0-3 480 (1),,,24.0,parsed_from_inverter_name,143.5,,
fronius,2025-04-23,c3c803c9-49a6-4c83-9884-7f28e9244f2b,Penner Farms - 32-8-13 pump (site 1),528b81d7-df8d-4f62-9b35-ae0401115c98,Symo  24.0-3 480 (2),,,24.0,parsed_from_inverter_name,141.74,,
fronius,2025-04-23,c3c803c9-49a6-4c83-9884-7f28e9244f2b,Penner Farms - 32-8-13 pump (site 1),f97377a3-6539-450f-9b74-ae0401115ca1,Symo 24.0-3 480 (3),,,24.0,parsed_from_inverter_name,145.66,,
fronius,2025-04-24,c3c803c9-49a6-4c83-9884-7f28e9244f2b,Penner Farms - 32-8-13 pump (site 1),71ba6d53-c04f-476f-9da3-ae0401115c8e,Symo  24.0-3 480 (1),,,24.0,parsed_from_inverter_name,192.47,,
fronius,2025-04-24,c3c803c9-49a6-4c83-9884-7f28e9244f2b,Penner Farms - 32-8-13 pump (site 1),528b81d7-df8d-4f62-9b35-ae0401115c98,Symo  24.0-3 480 (2),,,24.0,parsed_from_inverter_name,190.2,,
fronius,2025-04-24,c3c803c9-49a6-4c83-9884-7f28e9244f2b,Penner Farms - 32-8-13 pump (site 1),f97377a3-6539-450f-9b74-ae0401115ca1,Symo 24.0-3 480 (3),,,24.0,parsed_from_inverter_name,194.4,,
fronius,2025-04-25,c3c803c9-49a6-4c83-9884-7f28e9244f2b,Penner Farms - 32-8-13 pump (site 1),71ba6d53-c04f-476f-9da3-ae0401115c8e,Symo  24.0-3 480 (1),,,24.0,parsed_from_inverter_name,199.72,,
fronius,2025-04-25,c3c803c9-49a6-4c83-9884-7f28e9244f2b,Penner Farms - 32-8-13 pump (site 1),528b81d7-df8d-4f62-9b35-ae0401115c98,Symo  24.0-3 480 (2),,,24.0,parsed_from_inverter_name,197.36,,
fronius,2025-04-25,c3c803c9-49a6-4c83-9884-7f28e9244f2b,Penner Farms - 32-8-13 pump (site 1),f97377a3-6539-450f-9b74-ae0401115ca1,Symo 24.0-3 480 (3),,,24.0,parsed_from_inverter_name,202.01,,
fronius,2025-04-26,c3c803c9-49a6-4c83-9884-7f28e9244f2b,Penner Farms - 32-8-13 pump (site 1),71ba6d53-c04f-476f-9da3-ae0401115c8e,Symo  24.0-3 480 (1),,,24.0,parsed_from_inverter_name,191.31,,
fronius,2025-04-26,c3c803c9-49a6-4c83-9884-7f28e9244f2b,Penner Farms - 32-8-13 pump (site 1),528b81d7-df8d-4f62-9b35-ae0401115c98,Symo  24.0-3 480 (2),,,24.0,parsed_from_inverter_name,188.38,,
fronius,2025-04-26,c3c803c9-49a6-4c83-9884-7f28e9244f2b,Penner Farms - 32-8-13 pump (site 1),f97377a3-6539-450f-9b74-ae0401115ca1,Symo 24.0-3 480 (3),,,24.0,parsed_from_inverter_name,193.49,,
fronius,2025-04-27,c3c803c9-49a6-4c83-9884-7f28e9244f2b,Penner Farms - 32-8-13 pump (site 1),71ba6d53-c04f-476f-9da3-ae0401115c8e,Symo  24.0-3 480 (1),,,24.0,parsed_from_inverter_name,198.51,,
fronius,2025-04-27,c3c803c9-49a6-4c83-9884-7f28e9244f2b,Penner Farms - 32-8-13 pump (site 1),528b81d7-df8d-4f62-9b35-ae0401115c98,Symo  24.0-3 480 (2),,,24.0,parsed_from_inverter_name,197.27,,
fronius,2025-04-27,c3c803c9-49a6-4c83-9884-7f28e9244f2b,Penner Farms - 32-8-13 pump (site 1),f97377a3-6539-450f-9b74-ae0401115ca1,Symo 24.0-3 480 (3),,,24.0,parsed_from_inverter_name,200.84,,
fronius,2025-04-28,c3c803c9-49a6-4c83-9884-7f28e9244f2b,Penner Farms - 32-8-13 pump (site 1),71ba6d53-c04f-476f-9da3-ae0401115c8e,Symo  24.0-3 480 (1),,,24.0,parsed_from_inverter_name,191.71,,
fronius,2025-04-28,c3c803c9-49a6-4c83-9884-7f28e9244f2b,Penner Farms - 32-8-13 pump (site 1),528b81d7-df8d-4f62-9b35-ae0401115c98,Symo  24.0-3 480 (2),,,24.0,parsed_from_inverter_name,189.66,,
fronius,2025-04-28,c3c803c9-49a6-4c83-9884-7f28e9244f2b,Penner Farms - 32-8-13 pump (site 1),f97377a3-6539-450f-9b74-ae0401115ca1,Symo 24.0-3 480 (3),,,24.0,parsed_from_inverter_name,194.21,,
fronius,2025-04-29,c3c803c9-49a6-4c83-9884-7f28e9244f2b,Penner Farms - 32-8-13 pump (site 1),71ba6d53-c04f-476f-9da3-ae0401115c8e,Symo  24.0-3 480 (1),,,24.0,parsed_from_inverter_name,121.7,,
fronius,2025-04-29,c3c803c9-49a6-4c83-9884-7f28e9244f2b,Penner Farms - 32-8-13 pump (site 1),528b81d7-df8d-4f62-9b35-ae0401115c98,Symo  24.0-3 480 (2),,,24.0,parsed_from_inverter_name,120.97,,
fronius,2025-04-29,c3c803c9-49a6-4c83-9884-7f28e9244f2b,Penner Farms - 32-8-13 pump (site 1),f97377a3-6539-450f-9b74-ae0401115ca1,Symo 24.0-3 480 (3),,,24.0,parsed_from_inverter_name,124.2,,
fronius,2025-04-30,c3c803c9-49a6-4c83-9884-7f28e9244f2b,Penner Farms - 32-8-13 pump (site 1),71ba6d53-c04f-476f-9da3-ae0401115c8e,Symo  24.0-3 480 (1),,,24.0,parsed_from_inverter_name,169.95,,
fronius,2025-04-30,c3c803c9-49a6-4c83-9884-7f28e9244f2b,Penner Farms - 32-8-13 pump (site 1),528b81d7-df8d-4f62-9b35-ae0401115c98,Symo  24.0-3 480 (2),,,24.0,parsed_from_inverter_name,168.18,,
fronius,2025-04-30,c3c803c9-49a6-4c83-9884-7f28e9244f2b,Penner Farms - 32-8-13 pump (site 1),f97377a3-6539-450f-9b74-ae0401115ca1,Symo 24.0-3 480 (3),,,24.0,parsed_from_inverter_name,171.53,,
fronius,2025-05-01,c3c803c9-49a6-4c83-9884-7f28e9244f2b,Penner Farms - 32-8-13 pump (site 1),71ba6d53-c04f-476f-9da3-ae0401115c8e,Symo  24.0-3 480 (1),,,24.0,parsed_from_inverter_name,198.04,,
fronius,2025-05-01,c3c803c9-49a6-4c83-9884-7f28e9244f2b,Penner Farms - 32-8-13 pump (site 1),528b81d7-df8d-4f62-9b35-ae0401115c98,Symo  24.0-3 480 (2),,,24.0,parsed_from_inverter_name,195.06,,
fronius,2025-05-01,c3c803c9-49a6-4c83-9884-7f28e9244f2b,Penner Farms - 32-8-13 pump (site 1),f97377a3-6539-450f-9b74-ae0401115ca1,Symo 24.0-3 480 (3),,,24.0,parsed_from_inverter_name,199.33,,
fronius,2025-05-02,c3c803c9-49a6-4c83-9884-7f28e9244f2b,Penner Farms - 32-8-13 pump (site 1),71ba6d53-c04f-476f-9da3-ae0401115c8e,Symo  24.0-3 480 (1),,,24.0,parsed_from_inverter_name,195.07,,
fronius,2025-05-02,c3c803c9-49a6-4c83-9884-7f28e9244f2b,Penner Farms - 32-8-13 pump (site 1),528b81d7-df8d-4f62-9b35-ae0401115c98,Symo  24.0-3 480 (2),,,24.0,parsed_from_inverter_name,192.18,,
fronius,2025-05-02,c3c803c9-49a6-4c83-9884-7f28e9244f2b,Penner Farms - 32-8-13 pump (site 1),f97377a3-6539-450f-9b74-ae0401115ca1,Symo 24.0-3 480 (3),,,24.0,parsed_from_inverter_name,197.5,,
fronius,2025-05-03,c3c803c9-49a6-4c83-9884-7f28e9244f2b,Penner Farms - 32-8-13 pump (site 1),71ba6d53-c04f-476f-9da3-ae0401115c8e,Symo  24.0-3 480 (1),,,24.0,parsed_from_inverter_name,191.04,,
fronius,2025-05-03,c3c803c9-49a6-4c83-9884-7f28e9244f2b,Penner Farms - 32-8-13 pump (site 1),528b81d7-df8d-4f62-9b35-ae0401115c98,Symo  24.0-3 480 (2),,,24.0,parsed_from_inverter_name,188.39,,
fronius,2025-05-03,c3c803c9-49a6-4c83-9884-7f28e9244f2b,Penner Farms - 32-8-13 pump (site 1),f97377a3-6539-450f-9b74-ae0401115ca1,Symo 24.0-3 480 (3),,,24.0,parsed_from_inverter_name,193.26,,
fronius,2025-05-04,c3c803c9-49a6-4c83-9884-7f28e9244f2b,Penner Farms - 32-8-13 pump (site 1),71ba6d53-c04f-476f-9da3-ae0401115c8e,Symo  24.0-3 480 (1),,,24.0,parsed_from_inverter_name,70.59,,
fronius,2025-05-04,c3c803c9-49a6-4c83-9884-7f28e9244f2b,Penner Farms - 32-8-13 pump (site 1),528b81d7-df8d-4f62-9b35-ae0401115c98,Symo  24.0-3 480 (2),,,24.0,parsed_from_inverter_name,69.59,,
fronius,2025-05-04,c3c803c9-49a6-4c83-9884-7f28e9244f2b,Penner Farms - 32-8-13 pump (site 1),f97377a3-6539-450f-9b74-ae0401115ca1,Symo 24.0-3 480 (3),,,24.0,parsed_from_inverter_name,71.84,,
fronius,2025-05-05,c3c803c9-49a6-4c83-9884-7f28e9244f2b,Penner Farms - 32-8-13 pump (site 1),71ba6d53-c04f-476f-9da3-ae0401115c8e,Symo  24.0-3 480 (1),,,24.0,parsed_from_inverter_name,178.81,,
fronius,2025-05-05,c3c803c9-49a6-4c83-9884-7f28e9244f2b,Penner Farms - 32-8-13 pump (site 1),528b81d7-df8d-4f62-9b35-ae0401115c98,Symo  24.0-3 480 (2),,,24.0,parsed_from_inverter_name,177.94,,
fronius,2025-05-05,c3c803c9-49a6-4c83-9884-7f28e9244f2b,Penner Farms - 32-8-13 pump (site 1),f97377a3-6539-450f-9b74-ae0401115ca1,Symo 24.0-3 480 (3),,,24.0,parsed_from_inverter_name,180.59,,
fronius,2025-05-06,c3c803c9-49a6-4c83-9884-7f28e9244f2b,Penner Farms - 32-8-13 pump (site 1),71ba6d53-c04f-476f-9da3-ae0401115c8e,Symo  24.0-3 480 (1),,,24.0,parsed_from_inverter_name,201.76,,
fronius,2025-05-06,c3c803c9-49a6-4c83-9884-7f28e9244f2b,Penner Farms - 32-8-13 pump (site 1),528b81d7-df8d-4f62-9b35-ae0401115c98,Symo  24.0-3 480 (2),,,24.0,parsed_from_inverter_name,198.58,,
fronius,2025-05-06,c3c803c9-49a6-4c83-9884-7f28e9244f2b,Penner Farms - 32-8-13 pump (site 1),f97377a3-6539-450f-9b74-ae0401115ca1,Symo 24.0-3 480 (3),,,24.0,parsed_from_inverter_name,203.01,,
fronius,2025-05-07,c3c803c9-49a6-4c83-9884-7f28e9244f2b,Penner Farms - 32-8-13 pump (site 1),71ba6d53-c04f-476f-9da3-ae0401115c8e,Symo  24.0-3 480 (1),,,24.0,parsed_from_inverter_name,197.03,,
fronius,2025-05-07,c3c803c9-49a6-4c83-9884-7f28e9244f2b,Penner Farms - 32-8-13 pump (site 1),528b81d7-df8d-4f62-9b35-ae0401115c98,Symo  24.0-3 480 (2),,,24.0,parsed_from_inverter_name,194.6,,
fronius,2025-05-07,c3c803c9-49a6-4c83-9884-7f28e9244f2b,Penner Farms - 32-8-13 pump (site 1),f97377a3-6539-450f-9b74-ae0401115ca1,Symo 24.0-3 480 (3),,,24.0,parsed_from_inverter_name,199.42,,
fronius,2025-05-08,c3c803c9-49a6-4c83-9884-7f28e9244f2b,Penner Farms - 32-8-13 pump (site 1),71ba6d53-c04f-476f-9da3-ae0401115c8e,Symo  24.0-3 480 (1),,,24.0,parsed_from_inverter_name,198.74,,
fronius,2025-05-08,c3c803c9-49a6-4c83-9884-7f28e9244f2b,Penner Farms - 32-8-13 pump (site 1),528b81d7-df8d-4f62-9b35-ae0401115c98,Symo  24.0-3 480 (2),,,24.0,parsed_from_inverter_name,199.5,,
fronius,2025-05-08,c3c803c9-49a6-4c83-9884-7f28e9244f2b,Penner Farms - 32-8-13 pump (site 1),f97377a3-6539-450f-9b74-ae0401115ca1,Symo 24.0-3 480 (3),,,24.0,parsed_from_inverter_name,202.64,,
fronius,2025-05-09,c3c803c9-49a6-4c83-9884-7f28e9244f2b,Penner Farms - 32-8-13 pump (site 1),71ba6d53-c04f-476f-9da3-ae0401115c8e,Symo  24.0-3 480 (1),,,24.0,parsed_from_inverter_name,175.05,,
fronius,2025-05-09,c3c803c9-49a6-4c83-9884-7f28e9244f2b,Penner Farms - 32-8-13 pump (site 1),528b81d7-df8d-4f62-9b35-ae0401115c98,Symo  24.0-3 480 (2),,,24.0,parsed_from_inverter_name,171.6,,
fronius,2025-05-09,c3c803c9-49a6-4c83-9884-7f28e9244f2b,Penner Farms - 32-8-13 pump (site 1),f97377a3-6539-450f-9b74-ae0401115ca1,Symo 24.0-3 480 (3),,,24.0,parsed_from_inverter_name,176.59,,
fronius,2025-05-10,c3c803c9-49a6-4c83-9884-7f28e9244f2b,Penner Farms - 32-8-13 pump (site 1),71ba6d53-c04f-476f-9da3-ae0401115c8e,Symo  24.0-3 480 (1),,,24.0,parsed_from_inverter_name,163.79,,
fronius,2025-05-10,c3c803c9-49a6-4c83-9884-7f28e9244f2b,Penner Farms - 32-8-13 pump (site 1),528b81d7-df8d-4f62-9b35-ae0401115c98,Symo  24.0-3 480 (2),,,24.0,parsed_from_inverter_name,161.04,,
fronius,2025-05-10,c3c803c9-49a6-4c83-9884-7f28e9244f2b,Penner Farms - 32-8-13 pump (site 1),f97377a3-6539-450f-9b74-ae0401115ca1,Symo 24.0-3 480 (3),,,24.0,parsed_from_inverter_name,164.89,,
fronius,2025-05-11,c3c803c9-49a6-4c83-9884-7f28e9244f2b,Penner Farms - 32-8-13 pump (site 1),71ba6d53-c04f-476f-9da3-ae0401115c8e,Symo  24.0-3 480 (1),,,24.0,parsed_from_inverter_name,116.94,,
fronius,2025-05-11,c3c803c9-49a6-4c83-9884-7f28e9244f2b,Penner Farms - 32-8-13 pump (site 1),528b81d7-df8d-4f62-9b35-ae0401115c98,Symo  24.0-3 480 (2),,,24.0,parsed_from_inverter_name,115.51,,
fronius,2025-05-11,c3c803c9-49a6-4c83-9884-7f28e9244f2b,Penner Farms - 32-8-13 pump (site 1),f97377a3-6539-450f-9b74-ae0401115ca1,Symo 24.0-3 480 (3),,,24.0,parsed_from_inverter_name,118.6,,
fronius,2025-05-12,c3c803c9-49a6-4c83-9884-7f28e9244f2b,Penner Farms - 32-8-13 pump (site 1),71ba6d53-c04f-476f-9da3-ae0401115c8e,Symo  24.0-3 480 (1),,,24.0,parsed_from_inverter_name,103.01,,
fronius,2025-05-12,c3c803c9-49a6-4c83-9884-7f28e9244f2b,Penner Farms - 32-8-13 pump (site 1),528b81d7-df8d-4f62-9b35-ae0401115c98,Symo  24.0-3 480 (2),,,24.0,parsed_from_inverter_name,101.55,,
fronius,2025-05-12,c3c803c9-49a6-4c83-9884-7f28e9244f2b,Penner Farms - 32-8-13 pump (site 1),f97377a3-6539-450f-9b74-ae0401115ca1,Symo 24.0-3 480 (3),,,24.0,parsed_from_inverter_name,104.41,,
fronius,2025-05-13,c3c803c9-49a6-4c83-9884-7f28e9244f2b,Penner Farms - 32-8-13 pump (site 1),71ba6d53-c04f-476f-9da3-ae0401115c8e,Symo  24.0-3 480 (1),,,24.0,parsed_from_inverter_name,161.0,,
fronius,2025-05-13,c3c803c9-49a6-4c83-9884-7f28e9244f2b,Penner Farms - 32-8-13 pump (site 1),528b81d7-df8d-4f62-9b35-ae0401115c98,Symo  24.0-3 480 (2),,,24.0,parsed_from_inverter_name,160.42,,
fronius,2025-05-13,c3c803c9-49a6-4c83-9884-7f28e9244f2b,Penner Farms - 32-8-13 pump (site 1),f97377a3-6539-450f-9b74-ae0401115ca1,Symo 24.0-3 480 (3),,,24.0,parsed_from_inverter_name,163.78,,
fronius,2025-05-14,c3c803c9-49a6-4c83-9884-7f28e9244f2b,Penner Farms - 32-8-13 pump (site 1),71ba6d53-c04f-476f-9da3-ae0401115c8e,Symo  24.0-3 480 (1),,,24.0,parsed_from_inverter_name,115.75,,
fronius,2025-05-14,c3c803c9-49a6-4c83-9884-7f28e9244f2b,Penner Farms - 32-8-13 pump (site 1),528b81d7-df8d-4f62-9b35-ae0401115c98,Symo  24.0-3 480 (2),,,24.0,parsed_from_inverter_name,112.78,,
fronius,2025-05-14,c3c803c9-49a6-4c83-9884-7f28e9244f2b,Penner Farms - 32-8-13 pump (site 1),f97377a3-6539-450f-9b74-ae0401115ca1,Symo 24.0-3 480 (3),,,24.0,parsed_from_inverter_name,116.64,,
fronius,2025-05-15,c3c803c9-49a6-4c83-9884-7f28e9244f2b,Penner Farms - 32-8-13 pump (site 1),71ba6d53-c04f-476f-9da3-ae0401115c8e,Symo  24.0-3 480 (1),,,24.0,parsed_from_inverter_name,54.5,,
fronius,2025-05-15,c3c803c9-49a6-4c83-9884-7f28e9244f2b,Penner Farms - 32-8-13 pump (site 1),528b81d7-df8d-4f62-9b35-ae0401115c98,Symo  24.0-3 480 (2),,,24.0,parsed_from_inverter_name,53.24,,
fronius,2025-05-15,c3c803c9-49a6-4c83-9884-7f28e9244f2b,Penner Farms - 32-8-13 pump (site 1),f97377a3-6539-450f-9b74-ae0401115ca1,Symo 24.0-3 480 (3),,,24.0,parsed_from_inverter_name,55.34,,
fronius,2025-05-16,c3c803c9-49a6-4c83-9884-7f28e9244f2b,Penner Farms - 32-8-13 pump (site 1),71ba6d53-c04f-476f-9da3-ae0401115c8e,Symo  24.0-3 480 (1),,,24.0,parsed_from_inverter_name,162.39,,
fronius,2025-05-16,c3c803c9-49a6-4c83-9884-7f28e9244f2b,Penner Farms - 32-8-13 pump (site 1),528b81d7-df8d-4f62-9b35-ae0401115c98,Symo  24.0-3 480 (2),,,24.0,parsed_from_inverter_name,160.03,,
fronius,2025-05-16,c3c803c9-49a6-4c83-9884-7f28e9244f2b,Penner Farms - 32-8-13 pump (site 1),f97377a3-6539-450f-9b74-ae0401115ca1,Symo 24.0-3 480 (3),,,24.0,parsed_from_inverter_name,163.37,,
fronius,2025-05-17,c3c803c9-49a6-4c83-9884-7f28e9244f2b,Penner Farms - 32-8-13 pump (site 1),71ba6d53-c04f-476f-9da3-ae0401115c8e,Symo  24.0-3 480 (1),,,24.0,parsed_from_inverter_name,141.72,,
fronius,2025-05-17,c3c803c9-49a6-4c83-9884-7f28e9244f2b,Penner Farms - 32-8-13 pump (site 1),528b81d7-df8d-4f62-9b35-ae0401115c98,Symo  24.0-3 480 (2),,,24.0,parsed_from_inverter_name,139.29,,
fronius,2025-05-17,c3c803c9-49a6-4c83-9884-7f28e9244f2b,Penner Farms - 32-8-13 pump (site 1),f97377a3-6539-450f-9b74-ae0401115ca1,Symo 24.0-3 480 (3),,,24.0,parsed_from_inverter_name,142.96,,
fronius,2025-05-18,c3c803c9-49a6-4c83-9884-7f28e9244f2b,Penner Farms - 32-8-13 pump (site 1),71ba6d53-c04f-476f-9da3-ae0401115c8e,Symo  24.0-3 480 (1),,,24.0,parsed_from_inverter_name,57.44,,
fronius,2025-05-18,c3c803c9-49a6-4c83-9884-7f28e9244f2b,Penner Farms - 32-8-13 pump (site 1),528b81d7-df8d-4f62-9b35-ae0401115c98,Symo  24.0-3 480 (2),,,24.0,parsed_from_inverter_name,56.04,,
fronius,2025-05-18,c3c803c9-49a6-4c83-9884-7f28e9244f2b,Penner Farms - 32-8-13 pump (site 1),f97377a3-6539-450f-9b74-ae0401115ca1,Symo 24.0-3 480 (3),,,24.0,parsed_from_inverter_name,58.24,,
fronius,2025-05-19,c3c803c9-49a6-4c83-9884-7f28e9244f2b,Penner Farms - 32-8-13 pump (site 1),71ba6d53-c04f-476f-9da3-ae0401115c8e,Symo  24.0-3 480 (1),,,24.0,parsed_from_inverter_name,119.3,,
fronius,2025-05-19,c3c803c9-49a6-4c83-9884-7f28e9244f2b,Penner Farms - 32-8-13 pump (site 1),528b81d7-df8d-4f62-9b35-ae0401115c98,Symo  24.0-3 480 (2),,,24.0,parsed_from_inverter_name,118.04,,
fronius,2025-05-19,c3c803c9-49a6-4c83-9884-7f28e9244f2b,Penner Farms - 32-8-13 pump (site 1),f97377a3-6539-450f-9b74-ae0401115ca1,Symo 24.0-3 480 (3),,,24.0,parsed_from_inverter_name,120.26,,
fronius,2025-05-20,c3c803c9-49a6-4c83-9884-7f28e9244f2b,Penner Farms - 32-8-13 pump (site 1),71ba6d53-c04f-476f-9da3-ae0401115c8e,Symo  24.0-3 480 (1),,,24.0,parsed_from_inverter_name,145.65,,
fronius,2025-05-20,c3c803c9-49a6-4c83-9884-7f28e9244f2b,Penner Farms - 32-8-13 pump (site 1),528b81d7-df8d-4f62-9b35-ae0401115c98,Symo  24.0-3 480 (2),,,24.0,parsed_from_inverter_name,146.17,,
fronius,2025-05-20,c3c803c9-49a6-4c83-9884-7f28e9244f2b,Penner Farms - 32-8-13 pump (site 1),f97377a3-6539-450f-9b74-ae0401115ca1,Symo 24.0-3 480 (3),,,24.0,parsed_from_inverter_name,149.72,,
fronius,2025-05-21,c3c803c9-49a6-4c83-9884-7f28e9244f2b,Penner Farms - 32-8-13 pump (site 1),71ba6d53-c04f-476f-9da3-ae0401115c8e,Symo  24.0-3 480 (1),,,24.0,parsed_from_inverter_name,139.38,,
fronius,2025-05-21,c3c803c9-49a6-4c83-9884-7f28e9244f2b,Penner Farms - 32-8-13 pump (site 1),528b81d7-df8d-4f62-9b35-ae0401115c98,Symo  24.0-3 480 (2),,,24.0,parsed_from_inverter_name,137.05,,
fronius,2025-05-21,c3c803c9-49a6-4c83-9884-7f28e9244f2b,Penner Farms - 32-8-13 pump (site 1),f97377a3-6539-450f-9b74-ae0401115ca1,Symo 24.0-3 480 (3),,,24.0,parsed_from_inverter_name,141.27,,
fronius,2025-05-22,c3c803c9-49a6-4c83-9884-7f28e9244f2b,Penner Farms - 32-8-13 pump (site 1),71ba6d53-c04f-476f-9da3-ae0401115c8e,Symo  24.0-3 480 (1),,,24.0,parsed_from_inverter_name,165.97,,
fronius,2025-05-22,c3c803c9-49a6-4c83-9884-7f28e9244f2b,Penner Farms - 32-8-13 pump (site 1),528b81d7-df8d-4f62-9b35-ae0401115c98,Symo  24.0-3 480 (2),,,24.0,parsed_from_inverter_name,161.68,,
fronius,2025-05-22,c3c803c9-49a6-4c83-9884-7f28e9244f2b,Penner Farms - 32-8-13 pump (site 1),f97377a3-6539-450f-9b74-ae0401115ca1,Symo 24.0-3 480 (3),,,24.0,parsed_from_inverter_name,166.92,,
fronius,2025-05-23,c3c803c9-49a6-4c83-9884-7f28e9244f2b,Penner Farms - 32-8-13 pump (site 1),71ba6d53-c04f-476f-9da3-ae0401115c8e,Symo  24.0-3 480 (1),,,24.0,parsed_from_inverter_name,77.49,,
fronius,2025-05-23,c3c803c9-49a6-4c83-9884-7f28e9244f2b,Penner Farms - 32-8-13 pump (site 1),528b81d7-df8d-4f62-9b35-ae0401115c98,Symo  24.0-3 480 (2),,,24.0,parsed_from_inverter_name,76.07,,
fronius,2025-05-23,c3c803c9-49a6-4c83-9884-7f28e9244f2b,Penner Farms - 32-8-13 pump (site 1),f97377a3-6539-450f-9b74-ae0401115ca1,Symo 24.0-3 480 (3),,,24.0,parsed_from_inverter_name,78.57,,
fronius,2025-05-24,c3c803c9-49a6-4c83-9884-7f28e9244f2b,Penner Farms - 32-8-13 pump (site 1),71ba6d53-c04f-476f-9da3-ae0401115c8e,Symo  24.0-3 480 (1),,,24.0,parsed_from_inverter_name,197.02,,
fronius,2025-05-24,c3c803c9-49a6-4c83-9884-7f28e9244f2b,Penner Farms - 32-8-13 pump (site 1),528b81d7-df8d-4f62-9b35-ae0401115c98,Symo  24.0-3 480 (2),,,24.0,parsed_from_inverter_name,192.85,,
fronius,2025-05-24,c3c803c9-49a6-4c83-9884-7f28e9244f2b,Penner Farms - 32-8-13 pump (site 1),f97377a3-6539-450f-9b74-ae0401115ca1,Symo 24.0-3 480 (3),,,24.0,parsed_from_inverter_name,198.22,,
fronius,2025-05-25,c3c803c9-49a6-4c83-9884-7f28e9244f2b,Penner Farms - 32-8-13 pump (site 1),71ba6d53-c04f-476f-9da3-ae0401115c8e,Symo  24.0-3 480 (1),,,24.0,parsed_from_inverter_name,199.44,,
fronius,2025-05-25,c3c803c9-49a6-4c83-9884-7f28e9244f2b,Penner Farms - 32-8-13 pump (site 1),528b81d7-df8d-4f62-9b35-ae0401115c98,Symo  24.0-3 480 (2),,,24.0,parsed_from_inverter_name,193.49,,
fronius,2025-05-25,c3c803c9-49a6-4c83-9884-7f28e9244f2b,Penner Farms - 32-8-13 pump (site 1),f97377a3-6539-450f-9b74-ae0401115ca1,Symo 24.0-3 480 (3),,,24.0,parsed_from_inverter_name,201.14,,
fronius,2025-05-26,c3c803c9-49a6-4c83-9884-7f28e9244f2b,Penner Farms - 32-8-13 pump (site 1),71ba6d53-c04f-476f-9da3-ae0401115c8e,Symo  24.0-3 480 (1),,,24.0,parsed_from_inverter_name,185.38,,
fronius,2025-05-26,c3c803c9-49a6-4c83-9884-7f28e9244f2b,Penner Farms - 32-8-13 pump (site 1),528b81d7-df8d-4f62-9b35-ae0401115c98,Symo  24.0-3 480 (2),,,24.0,parsed_from_inverter_name,179.99,,
fronius,2025-05-26,c3c803c9-49a6-4c83-9884-7f28e9244f2b,Penner Farms - 32-8-13 pump (site 1),f97377a3-6539-450f-9b74-ae0401115ca1,Symo 24.0-3 480 (3),,,24.0,parsed_from_inverter_name,187.32,,
fronius,2025-05-27,c3c803c9-49a6-4c83-9884-7f28e9244f2b,Penner Farms - 32-8-13 pump (site 1),71ba6d53-c04f-476f-9da3-ae0401115c8e,Symo  24.0-3 480 (1),,,24.0,parsed_from_inverter_name,194.57,,
fronius,2025-05-27,c3c803c9-49a6-4c83-9884-7f28e9244f2b,Penner Farms - 32-8-13 pump (site 1),528b81d7-df8d-4f62-9b35-ae0401115c98,Symo  24.0-3 480 (2),,,24.0,parsed_from_inverter_name,191.65,,
fronius,2025-05-27,c3c803c9-49a6-4c83-9884-7f28e9244f2b,Penner Farms - 32-8-13 pump (site 1),f97377a3-6539-450f-9b74-ae0401115ca1,Symo 24.0-3 480 (3),,,24.0,parsed_from_inverter_name,197.29,,
fronius,2025-05-28,c3c803c9-49a6-4c83-9884-7f28e9244f2b,Penner Farms - 32-8-13 pump (site 1),71ba6d53-c04f-476f-9da3-ae0401115c8e,Symo  24.0-3 480 (1),,,24.0,parsed_from_inverter_name,189.8,,
fronius,2025-05-28,c3c803c9-49a6-4c83-9884-7f28e9244f2b,Penner Farms - 32-8-13 pump (site 1),528b81d7-df8d-4f62-9b35-ae0401115c98,Symo  24.0-3 480 (2),,,24.0,parsed_from_inverter_name,185.69,,
fronius,2025-05-28,c3c803c9-49a6-4c83-9884-7f28e9244f2b,Penner Farms - 32-8-13 pump (site 1),f97377a3-6539-450f-9b74-ae0401115ca1,Symo 24.0-3 480 (3),,,24.0,parsed_from_inverter_name,191.48,,
fronius,2025-05-29,c3c803c9-49a6-4c83-9884-7f28e9244f2b,Penner Farms - 32-8-13 pump (site 1),71ba6d53-c04f-476f-9da3-ae0401115c8e,Symo  24.0-3 480 (1),,,24.0,parsed_from_inverter_name,195.33,,
fronius,2025-05-29,c3c803c9-49a6-4c83-9884-7f28e9244f2b,Penner Farms - 32-8-13 pump (site 1),528b81d7-df8d-4f62-9b35-ae0401115c98,Symo  24.0-3 480 (2),,,24.0,parsed_from_inverter_name,190.41,,
fronius,2025-05-29,c3c803c9-49a6-4c83-9884-7f28e9244f2b,Penner Farms - 32-8-13 pump (site 1),f97377a3-6539-450f-9b74-ae0401115ca1,Symo 24.0-3 480 (3),,,24.0,parsed_from_inverter_name,198.77,,
fronius,2025-05-30,c3c803c9-49a6-4c83-9884-7f28e9244f2b,Penner Farms - 32-8-13 pump (site 1),71ba6d53-c04f-476f-9da3-ae0401115c8e,Symo  24.0-3 480 (1),,,24.0,parsed_from_inverter_name,196.66,,
fronius,2025-05-30,c3c803c9-49a6-4c83-9884-7f28e9244f2b,Penner Farms - 32-8-13 pump (site 1),528b81d7-df8d-4f62-9b35-ae0401115c98,Symo  24.0-3 480 (2),,,24.0,parsed_from_inverter_name,193.16,,
fronius,2025-05-30,c3c803c9-49a6-4c83-9884-7f28e9244f2b,Penner Farms - 32-8-13 pump (site 1),f97377a3-6539-450f-9b74-ae0401115ca1,Symo 24.0-3 480 (3),,,24.0,parsed_from_inverter_name,199.15,,
fronius,2025-05-31,c3c803c9-49a6-4c83-9884-7f28e9244f2b,Penner Farms - 32-8-13 pump (site 1),71ba6d53-c04f-476f-9da3-ae0401115c8e,Symo  24.0-3 480 (1),,,24.0,parsed_from_inverter_name,168.33,,
fronius,2025-05-31,c3c803c9-49a6-4c83-9884-7f28e9244f2b,Penner Farms - 32-8-13 pump (site 1),528b81d7-df8d-4f62-9b35-ae0401115c98,Symo  24.0-3 480 (2),,,24.0,parsed_from_inverter_name,164.55,,
fronius,2025-05-31,c3c803c9-49a6-4c83-9884-7f28e9244f2b,Penner Farms - 32-8-13 pump (site 1),f97377a3-6539-450f-9b74-ae0401115ca1,Symo 24.0-3 480 (3),,,24.0,parsed_from_inverter_name,170.49,,
fronius,2025-06-01,c3c803c9-49a6-4c83-9884-7f28e9244f2b,Penner Farms - 32-8-13 pump (site 1),71ba6d53-c04f-476f-9da3-ae0401115c8e,Symo  24.0-3 480 (1),,,24.0,parsed_from_inverter_name,201.73,,
fronius,2025-06-01,c3c803c9-49a6-4c83-9884-7f28e9244f2b,Penner Farms - 32-8-13 pump (site 1),528b81d7-df8d-4f62-9b35-ae0401115c98,Symo  24.0-3 480 (2),,,24.0,parsed_from_inverter_name,199.21,,
fronius,2025-06-01,c3c803c9-49a6-4c83-9884-7f28e9244f2b,Penner Farms - 32-8-13 pump (site 1),f97377a3-6539-450f-9b74-ae0401115ca1,Symo 24.0-3 480 (3),,,24.0,parsed_from_inverter_name,203.63,,
fronius,2025-06-02,c3c803c9-49a6-4c83-9884-7f28e9244f2b,Penner Farms - 32-8-13 pump (site 1),71ba6d53-c04f-476f-9da3-ae0401115c8e,Symo  24.0-3 480 (1),,,24.0,parsed_from_inverter_name,114.78,,
fronius,2025-06-02,c3c803c9-49a6-4c83-9884-7f28e9244f2b,Penner Farms - 32-8-13 pump (site 1),528b81d7-df8d-4f62-9b35-ae0401115c98,Symo  24.0-3 480 (2),,,24.0,parsed_from_inverter_name,113.09,,
fronius,2025-06-02,c3c803c9-49a6-4c83-9884-7f28e9244f2b,Penner Farms - 32-8-13 pump (site 1),f97377a3-6539-450f-9b74-ae0401115ca1,Symo 24.0-3 480 (3),,,24.0,parsed_from_inverter_name,116.22,,
fronius,2025-06-03,c3c803c9-49a6-4c83-9884-7f28e9244f2b,Penner Farms - 32-8-13 pump (site 1),71ba6d53-c04f-476f-9da3-ae0401115c8e,Symo  24.0-3 480 (1),,,24.0,parsed_from_inverter_name,145.56,,
fronius,2025-06-03,c3c803c9-49a6-4c83-9884-7f28e9244f2b,Penner Farms - 32-8-13 pump (site 1),528b81d7-df8d-4f62-9b35-ae0401115c98,Symo  24.0-3 480 (2),,,24.0,parsed_from_inverter_name,145.55,,
fronius,2025-06-03,c3c803c9-49a6-4c83-9884-7f28e9244f2b,Penner Farms - 32-8-13 pump (site 1),f97377a3-6539-450f-9b74-ae0401115ca1,Symo 24.0-3 480 (3),,,24.0,parsed_from_inverter_name,149.49,,
fronius,2025-06-04,c3c803c9-49a6-4c83-9884-7f28e9244f2b,Penner Farms - 32-8-13 pump (site 1),71ba6d53-c04f-476f-9da3-ae0401115c8e,Symo  24.0-3 480 (1),,,24.0,parsed_from_inverter_name,190.74,,
fronius,2025-06-04,c3c803c9-49a6-4c83-9884-7f28e9244f2b,Penner Farms - 32-8-13 pump (site 1),528b81d7-df8d-4f62-9b35-ae0401115c98,Symo  24.0-3 480 (2),,,24.0,parsed_from_inverter_name,186.93,,
fronius,2025-06-04,c3c803c9-49a6-4c83-9884-7f28e9244f2b,Penner Farms - 32-8-13 pump (site 1),f97377a3-6539-450f-9b74-ae0401115ca1,Symo 24.0-3 480 (3),,,24.0,parsed_from_inverter_name,190.52,,
fronius,2025-06-05,c3c803c9-49a6-4c83-9884-7f28e9244f2b,Penner Farms - 32-8-13 pump (site 1),71ba6d53-c04f-476f-9da3-ae0401115c8e,Symo  24.0-3 480 (1),,,24.0,parsed_from_inverter_name,191.56,,
fronius,2025-06-05,c3c803c9-49a6-4c83-9884-7f28e9244f2b,Penner Farms - 32-8-13 pump (site 1),528b81d7-df8d-4f62-9b35-ae0401115c98,Symo  24.0-3 480 (2),,,24.0,parsed_from_inverter_name,187.22,,
fronius,2025-06-05,c3c803c9-49a6-4c83-9884-7f28e9244f2b,Penner Farms - 32-8-13 pump (site 1),f97377a3-6539-450f-9b74-ae0401115ca1,Symo 24.0-3 480 (3),,,24.0,parsed_from_inverter_name,194.81,,
fronius,2025-06-06,c3c803c9-49a6-4c83-9884-7f28e9244f2b,Penner Farms - 32-8-13 pump (site 1),71ba6d53-c04f-476f-9da3-ae0401115c8e,Symo  24.0-3 480 (1),,,24.0,parsed_from_inverter_name,151.76,,
fronius,2025-06-06,c3c803c9-49a6-4c83-9884-7f28e9244f2b,Penner Farms - 32-8-13 pump (site 1),528b81d7-df8d-4f62-9b35-ae0401115c98,Symo  24.0-3 480 (2),,,24.0,parsed_from_inverter_name,148.47,,
fronius,2025-06-06,c3c803c9-49a6-4c83-9884-7f28e9244f2b,Penner Farms - 32-8-13 pump (site 1),f97377a3-6539-450f-9b74-ae0401115ca1,Symo 24.0-3 480 (3),,,24.0,parsed_from_inverter_name,153.99,,
fronius,2025-06-07,c3c803c9-49a6-4c83-9884-7f28e9244f2b,Penner Farms - 32-8-13 pump (site 1),71ba6d53-c04f-476f-9da3-ae0401115c8e,Symo  24.0-3 480 (1),,,24.0,parsed_from_inverter_name,113.43,,
fronius,2025-06-07,c3c803c9-49a6-4c83-9884-7f28e9244f2b,Penner Farms - 32-8-13 pump (site 1),528b81d7-df8d-4f62-9b35-ae0401115c98,Symo  24.0-3 480 (2),,,24.0,parsed_from_inverter_name,111.38,,
fronius,2025-06-07,c3c803c9-49a6-4c83-9884-7f28e9244f2b,Penner Farms - 32-8-13 pump (site 1),f97377a3-6539-450f-9b74-ae0401115ca1,Symo 24.0-3 480 (3),,,24.0,parsed_from_inverter_name,114.96,,
fronius,2025-06-08,c3c803c9-49a6-4c83-9884-7f28e9244f2b,Penner Farms - 32-8-13 pump (site 1),71ba6d53-c04f-476f-9da3-ae0401115c8e,Symo  24.0-3 480 (1),,,24.0,parsed_from_inverter_name,193.46,,
fronius,2025-06-08,c3c803c9-49a6-4c83-9884-7f28e9244f2b,Penner Farms - 32-8-13 pump (site 1),528b81d7-df8d-4f62-9b35-ae0401115c98,Symo  24.0-3 480 (2),,,24.0,parsed_from_inverter_name,189.72,,
fronius,2025-06-08,c3c803c9-49a6-4c83-9884-7f28e9244f2b,Penner Farms - 32-8-13 pump (site 1),f97377a3-6539-450f-9b74-ae0401115ca1,Symo 24.0-3 480 (3),,,24.0,parsed_from_inverter_name,195.8,,
fronius,2025-06-09,c3c803c9-49a6-4c83-9884-7f28e9244f2b,Penner Farms - 32-8-13 pump (site 1),71ba6d53-c04f-476f-9da3-ae0401115c8e,Symo  24.0-3 480 (1),,,24.0,parsed_from_inverter_name,194.56,,
fronius,2025-06-09,c3c803c9-49a6-4c83-9884-7f28e9244f2b,Penner Farms - 32-8-13 pump (site 1),528b81d7-df8d-4f62-9b35-ae0401115c98,Symo  24.0-3 480 (2),,,24.0,parsed_from_inverter_name,190.91,,
fronius,2025-06-09,c3c803c9-49a6-4c83-9884-7f28e9244f2b,Penner Farms - 32-8-13 pump (site 1),f97377a3-6539-450f-9b74-ae0401115ca1,Symo 24.0-3 480 (3),,,24.0,parsed_from_inverter_name,196.6,,
fronius,2025-06-10,c3c803c9-49a6-4c83-9884-7f28e9244f2b,Penner Farms - 32-8-13 pump (site 1),71ba6d53-c04f-476f-9da3-ae0401115c8e,Symo  24.0-3 480 (1),,,24.0,parsed_from_inverter_name,193.04,,
fronius,2025-06-10,c3c803c9-49a6-4c83-9884-7f28e9244f2b,Penner Farms - 32-8-13 pump (site 1),528b81d7-df8d-4f62-9b35-ae0401115c98,Symo  24.0-3 480 (2),,,24.0,parsed_from_inverter_name,187.6,,
fronius,2025-06-10,c3c803c9-49a6-4c83-9884-7f28e9244f2b,Penner Farms - 32-8-13 pump (site 1),f97377a3-6539-450f-9b74-ae0401115ca1,Symo 24.0-3 480 (3),,,24.0,parsed_from_inverter_name,194.18,,
fronius,2025-06-11,c3c803c9-49a6-4c83-9884-7f28e9244f2b,Penner Farms - 32-8-13 pump (site 1),71ba6d53-c04f-476f-9da3-ae0401115c8e,Symo  24.0-3 480 (1),,,24.0,parsed_from_inverter_name,177.16,,
fronius,2025-06-11,c3c803c9-49a6-4c83-9884-7f28e9244f2b,Penner Farms - 32-8-13 pump (site 1),528b81d7-df8d-4f62-9b35-ae0401115c98,Symo  24.0-3 480 (2),,,24.0,parsed_from_inverter_name,172.07,,
fronius,2025-06-11,c3c803c9-49a6-4c83-9884-7f28e9244f2b,Penner Farms - 32-8-13 pump (site 1),f97377a3-6539-450f-9b74-ae0401115ca1,Symo 24.0-3 480 (3),,,24.0,parsed_from_inverter_name,178.24,,
fronius,2025-06-12,c3c803c9-49a6-4c83-9884-7f28e9244f2b,Penner Farms - 32-8-13 pump (site 1),71ba6d53-c04f-476f-9da3-ae0401115c8e,Symo  24.0-3 480 (1),,,24.0,parsed_from_inverter_name,46.26,,
fronius,2025-06-12,c3c803c9-49a6-4c83-9884-7f28e9244f2b,Penner Farms - 32-8-13 pump (site 1),528b81d7-df8d-4f62-9b35-ae0401115c98,Symo  24.0-3 480 (2),,,24.0,parsed_from_inverter_name,45.01,,
fronius,2025-06-12,c3c803c9-49a6-4c83-9884-7f28e9244f2b,Penner Farms - 32-8-13 pump (site 1),f97377a3-6539-450f-9b74-ae0401115ca1,Symo 24.0-3 480 (3),,,24.0,parsed_from_inverter_name,47.07,,
fronius,2025-06-13,c3c803c9-49a6-4c83-9884-7f28e9244f2b,Penner Farms - 32-8-13 pump (site 1),71ba6d53-c04f-476f-9da3-ae0401115c8e,Symo  24.0-3 480 (1),,,24.0,parsed_from_inverter_name,158.53,,
fronius,2025-06-13,c3c803c9-49a6-4c83-9884-7f28e9244f2b,Penner Farms - 32-8-13 pump (site 1),528b81d7-df8d-4f62-9b35-ae0401115c98,Symo  24.0-3 480 (2),,,24.0,parsed_from_inverter_name,155.0,,
fronius,2025-06-13,c3c803c9-49a6-4c83-9884-7f28e9244f2b,Penner Farms - 32-8-13 pump (site 1),f97377a3-6539-450f-9b74-ae0401115ca1,Symo 24.0-3 480 (3),,,24.0,parsed_from_inverter_name,160.93,,
fronius,2025-06-14,c3c803c9-49a6-4c83-9884-7f28e9244f2b,Penner Farms - 32-8-13 pump (site 1),71ba6d53-c04f-476f-9da3-ae0401115c8e,Symo  24.0-3 480 (1),,,24.0,parsed_from_inverter_name,193.44,,
fronius,2025-06-14,c3c803c9-49a6-4c83-9884-7f28e9244f2b,Penner Farms - 32-8-13 pump (site 1),528b81d7-df8d-4f62-9b35-ae0401115c98,Symo  24.0-3 480 (2),,,24.0,parsed_from_inverter_name,189.25,,
fronius,2025-06-14,c3c803c9-49a6-4c83-9884-7f28e9244f2b,Penner Farms - 32-8-13 pump (site 1),f97377a3-6539-450f-9b74-ae0401115ca1,Symo 24.0-3 480 (3),,,24.0,parsed_from_inverter_name,195.21,,
fronius,2025-06-15,c3c803c9-49a6-4c83-9884-7f28e9244f2b,Penner Farms - 32-8-13 pump (site 1),71ba6d53-c04f-476f-9da3-ae0401115c8e,Symo  24.0-3 480 (1),,,24.0,parsed_from_inverter_name,185.37,,
fronius,2025-06-15,c3c803c9-49a6-4c83-9884-7f28e9244f2b,Penner Farms - 32-8-13 pump (site 1),528b81d7-df8d-4f62-9b35-ae0401115c98,Symo  24.0-3 480 (2),,,24.0,parsed_from_inverter_name,182.07,,
fronius,2025-06-15,c3c803c9-49a6-4c83-9884-7f28e9244f2b,Penner Farms - 32-8-13 pump (site 1),f97377a3-6539-450f-9b74-ae0401115ca1,Symo 24.0-3 480 (3),,,24.0,parsed_from_inverter_name,187.8,,
fronius,2025-06-16,c3c803c9-49a6-4c83-9884-7f28e9244f2b,Penner Farms - 32-8-13 pump (site 1),71ba6d53-c04f-476f-9da3-ae0401115c8e,Symo  24.0-3 480 (1),,,24.0,parsed_from_inverter_name,195.17,,
fronius,2025-06-16,c3c803c9-49a6-4c83-9884-7f28e9244f2b,Penner Farms - 32-8-13 pump (site 1),528b81d7-df8d-4f62-9b35-ae0401115c98,Symo  24.0-3 480 (2),,,24.0,parsed_from_inverter_name,190.87,,
fronius,2025-06-16,c3c803c9-49a6-4c83-9884-7f28e9244f2b,Penner Farms - 32-8-13 pump (site 1),f97377a3-6539-450f-9b74-ae0401115ca1,Symo 24.0-3 480 (3),,,24.0,parsed_from_inverter_name,197.09,,
fronius,2025-06-17,c3c803c9-49a6-4c83-9884-7f28e9244f2b,Penner Farms - 32-8-13 pump (site 1),71ba6d53-c04f-476f-9da3-ae0401115c8e,Symo  24.0-3 480 (1),,,24.0,parsed_from_inverter_name,188.81,,
fronius,2025-06-17,c3c803c9-49a6-4c83-9884-7f28e9244f2b,Penner Farms - 32-8-13 pump (site 1),528b81d7-df8d-4f62-9b35-ae0401115c98,Symo  24.0-3 480 (2),,,24.0,parsed_from_inverter_name,185.14,,
fronius,2025-06-17,c3c803c9-49a6-4c83-9884-7f28e9244f2b,Penner Farms - 32-8-13 pump (site 1),f97377a3-6539-450f-9b74-ae0401115ca1,Symo 24.0-3 480 (3),,,24.0,parsed_from_inverter_name,191.53,,
fronius,2025-06-18,c3c803c9-49a6-4c83-9884-7f28e9244f2b,Penner Farms - 32-8-13 pump (site 1),71ba6d53-c04f-476f-9da3-ae0401115c8e,Symo  24.0-3 480 (1),,,24.0,parsed_from_inverter_name,191.42,,
fronius,2025-06-18,c3c803c9-49a6-4c83-9884-7f28e9244f2b,Penner Farms - 32-8-13 pump (site 1),528b81d7-df8d-4f62-9b35-ae0401115c98,Symo  24.0-3 480 (2),,,24.0,parsed_from_inverter_name,187.26,,
fronius,2025-06-18,c3c803c9-49a6-4c83-9884-7f28e9244f2b,Penner Farms - 32-8-13 pump (site 1),f97377a3-6539-450f-9b74-ae0401115ca1,Symo 24.0-3 480 (3),,,24.0,parsed_from_inverter_name,193.71,,
fronius,2025-06-19,c3c803c9-49a6-4c83-9884-7f28e9244f2b,Penner Farms - 32-8-13 pump (site 1),71ba6d53-c04f-476f-9da3-ae0401115c8e,Symo  24.0-3 480 (1),,,24.0,parsed_from_inverter_name,198.09,,
fronius,2025-06-19,c3c803c9-49a6-4c83-9884-7f28e9244f2b,Penner Farms - 32-8-13 pump (site 1),528b81d7-df8d-4f62-9b35-ae0401115c98,Symo  24.0-3 480 (2),,,24.0,parsed_from_inverter_name,194.88,,
fronius,2025-06-19,c3c803c9-49a6-4c83-9884-7f28e9244f2b,Penner Farms - 32-8-13 pump (site 1),f97377a3-6539-450f-9b74-ae0401115ca1,Symo 24.0-3 480 (3),,,24.0,parsed_from_inverter_name,200.36,,
fronius,2025-06-20,c3c803c9-49a6-4c83-9884-7f28e9244f2b,Penner Farms - 32-8-13 pump (site 1),71ba6d53-c04f-476f-9da3-ae0401115c8e,Symo  24.0-3 480 (1),,,24.0,parsed_from_inverter_name,30.77,,
fronius,2025-06-20,c3c803c9-49a6-4c83-9884-7f28e9244f2b,Penner Farms - 32-8-13 pump (site 1),528b81d7-df8d-4f62-9b35-ae0401115c98,Symo  24.0-3 480 (2),,,24.0,parsed_from_inverter_name,30.04,,
fronius,2025-06-20,c3c803c9-49a6-4c83-9884-7f28e9244f2b,Penner Farms - 32-8-13 pump (site 1),f97377a3-6539-450f-9b74-ae0401115ca1,Symo 24.0-3 480 (3),,,24.0,parsed_from_inverter_name,31.31,,
fronius,2025-06-21,c3c803c9-49a6-4c83-9884-7f28e9244f2b,Penner Farms - 32-8-13 pump (site 1),71ba6d53-c04f-476f-9da3-ae0401115c8e,Symo  24.0-3 480 (1),,,24.0,parsed_from_inverter_name,67.02,,
fronius,2025-06-21,c3c803c9-49a6-4c83-9884-7f28e9244f2b,Penner Farms - 32-8-13 pump (site 1),528b81d7-df8d-4f62-9b35-ae0401115c98,Symo  24.0-3 480 (2),,,24.0,parsed_from_inverter_name,65.7,,
fronius,2025-06-21,c3c803c9-49a6-4c83-9884-7f28e9244f2b,Penner Farms - 32-8-13 pump (site 1),f97377a3-6539-450f-9b74-ae0401115ca1,Symo 24.0-3 480 (3),,,24.0,parsed_from_inverter_name,68.46,,
fronius,2025-06-22,c3c803c9-49a6-4c83-9884-7f28e9244f2b,Penner Farms - 32-8-13 pump (site 1),71ba6d53-c04f-476f-9da3-ae0401115c8e,Symo  24.0-3 480 (1),,,24.0,parsed_from_inverter_name,73.6,,
fronius,2025-06-22,c3c803c9-49a6-4c83-9884-7f28e9244f2b,Penner Farms - 32-8-13 pump (site 1),528b81d7-df8d-4f62-9b35-ae0401115c98,Symo  24.0-3 480 (2),,,24.0,parsed_from_inverter_name,71.78,,
fronius,2025-06-22,c3c803c9-49a6-4c83-9884-7f28e9244f2b,Penner Farms - 32-8-13 pump (site 1),f97377a3-6539-450f-9b74-ae0401115ca1,Symo 24.0-3 480 (3),,,24.0,parsed_from_inverter_name,74.87,,
fronius,2025-06-23,c3c803c9-49a6-4c83-9884-7f28e9244f2b,Penner Farms - 32-8-13 pump (site 1),71ba6d53-c04f-476f-9da3-ae0401115c8e,Symo  24.0-3 480 (1),,,24.0,parsed_from_inverter_name,189.06,,
fronius,2025-06-23,c3c803c9-49a6-4c83-9884-7f28e9244f2b,Penner Farms - 32-8-13 pump (site 1),528b81d7-df8d-4f62-9b35-ae0401115c98,Symo  24.0-3 480 (2),,,24.0,parsed_from_inverter_name,185.53,,
fronius,2025-06-23,c3c803c9-49a6-4c83-9884-7f28e9244f2b,Penner Farms - 32-8-13 pump (site 1),f97377a3-6539-450f-9b74-ae0401115ca1,Symo 24.0-3 480 (3),,,24.0,parsed_from_inverter_name,191.56,,
fronius,2025-06-24,c3c803c9-49a6-4c83-9884-7f28e9244f2b,Penner Farms - 32-8-13 pump (site 1),71ba6d53-c04f-476f-9da3-ae0401115c8e,Symo  24.0-3 480 (1),,,24.0,parsed_from_inverter_name,153.86,,
fronius,2025-06-24,c3c803c9-49a6-4c83-9884-7f28e9244f2b,Penner Farms - 32-8-13 pump (site 1),528b81d7-df8d-4f62-9b35-ae0401115c98,Symo  24.0-3 480 (2),,,24.0,parsed_from_inverter_name,184.39,,
fronius,2025-06-24,c3c803c9-49a6-4c83-9884-7f28e9244f2b,Penner Farms - 32-8-13 pump (site 1),f97377a3-6539-450f-9b74-ae0401115ca1,Symo 24.0-3 480 (3),,,24.0,parsed_from_inverter_name,191.23,,
fronius,2025-06-25,c3c803c9-49a6-4c83-9884-7f28e9244f2b,Penner Farms - 32-8-13 pump (site 1),71ba6d53-c04f-476f-9da3-ae0401115c8e,Symo  24.0-3 480 (1),,,24.0,parsed_from_inverter_name,189.86,,
fronius,2025-06-25,c3c803c9-49a6-4c83-9884-7f28e9244f2b,Penner Farms - 32-8-13 pump (site 1),528b81d7-df8d-4f62-9b35-ae0401115c98,Symo  24.0-3 480 (2),,,24.0,parsed_from_inverter_name,185.97,,
fronius,2025-06-25,c3c803c9-49a6-4c83-9884-7f28e9244f2b,Penner Farms - 32-8-13 pump (site 1),f97377a3-6539-450f-9b74-ae0401115ca1,Symo 24.0-3 480 (3),,,24.0,parsed_from_inverter_name,192.87,,
fronius,2025-06-26,c3c803c9-49a6-4c83-9884-7f28e9244f2b,Penner Farms - 32-8-13 pump (site 1),71ba6d53-c04f-476f-9da3-ae0401115c8e,Symo  24.0-3 480 (1),,,24.0,parsed_from_inverter_name,160.82,,
fronius,2025-06-26,c3c803c9-49a6-4c83-9884-7f28e9244f2b,Penner Farms - 32-8-13 pump (site 1),528b81d7-df8d-4f62-9b35-ae0401115c98,Symo  24.0-3 480 (2),,,24.0,parsed_from_inverter_name,157.38,,
fronius,2025-06-26,c3c803c9-49a6-4c83-9884-7f28e9244f2b,Penner Farms - 32-8-13 pump (site 1),f97377a3-6539-450f-9b74-ae0401115ca1,Symo 24.0-3 480 (3),,,24.0,parsed_from_inverter_name,163.28,,
fronius,2025-06-27,c3c803c9-49a6-4c83-9884-7f28e9244f2b,Penner Farms - 32-8-13 pump (site 1),71ba6d53-c04f-476f-9da3-ae0401115c8e,Symo  24.0-3 480 (1),,,24.0,parsed_from_inverter_name,187.34,,
fronius,2025-06-27,c3c803c9-49a6-4c83-9884-7f28e9244f2b,Penner Farms - 32-8-13 pump (site 1),528b81d7-df8d-4f62-9b35-ae0401115c98,Symo  24.0-3 480 (2),,,24.0,parsed_from_inverter_name,184.02,,
fronius,2025-06-27,c3c803c9-49a6-4c83-9884-7f28e9244f2b,Penner Farms - 32-8-13 pump (site 1),f97377a3-6539-450f-9b74-ae0401115ca1,Symo 24.0-3 480 (3),,,24.0,parsed_from_inverter_name,189.32,,
fronius,2025-06-28,c3c803c9-49a6-4c83-9884-7f28e9244f2b,Penner Farms - 32-8-13 pump (site 1),71ba6d53-c04f-476f-9da3-ae0401115c8e,Symo  24.0-3 480 (1),,,24.0,parsed_from_inverter_name,154.76,,
fronius,2025-06-28,c3c803c9-49a6-4c83-9884-7f28e9244f2b,Penner Farms - 32-8-13 pump (site 1),528b81d7-df8d-4f62-9b35-ae0401115c98,Symo  24.0-3 480 (2),,,24.0,parsed_from_inverter_name,151.94,,
fronius,2025-06-28,c3c803c9-49a6-4c83-9884-7f28e9244f2b,Penner Farms - 32-8-13 pump (site 1),f97377a3-6539-450f-9b74-ae0401115ca1,Symo 24.0-3 480 (3),,,24.0,parsed_from_inverter_name,155.9,,
fronius,2025-06-29,c3c803c9-49a6-4c83-9884-7f28e9244f2b,Penner Farms - 32-8-13 pump (site 1),71ba6d53-c04f-476f-9da3-ae0401115c8e,Symo  24.0-3 480 (1),,,24.0,parsed_from_inverter_name,188.69,,
fronius,2025-06-29,c3c803c9-49a6-4c83-9884-7f28e9244f2b,Penner Farms - 32-8-13 pump (site 1),528b81d7-df8d-4f62-9b35-ae0401115c98,Symo  24.0-3 480 (2),,,24.0,parsed_from_inverter_name,186.21,,
fronius,2025-06-29,c3c803c9-49a6-4c83-9884-7f28e9244f2b,Penner Farms - 32-8-13 pump (site 1),f97377a3-6539-450f-9b74-ae0401115ca1,Symo 24.0-3 480 (3),,,24.0,parsed_from_inverter_name,190.59,,
fronius,2025-06-30,c3c803c9-49a6-4c83-9884-7f28e9244f2b,Penner Farms - 32-8-13 pump (site 1),71ba6d53-c04f-476f-9da3-ae0401115c8e,Symo  24.0-3 480 (1),,,24.0,parsed_from_inverter_name,194.04,,
fronius,2025-06-30,c3c803c9-49a6-4c83-9884-7f28e9244f2b,Penner Farms - 32-8-13 pump (site 1),528b81d7-df8d-4f62-9b35-ae0401115c98,Symo  24.0-3 480 (2),,,24.0,parsed_from_inverter_name,188.47,,
fronius,2025-06-30,c3c803c9-49a6-4c83-9884-7f28e9244f2b,Penner Farms - 32-8-13 pump (site 1),f97377a3-6539-450f-9b74-ae0401115ca1,Symo 24.0-3 480 (3),,,24.0,parsed_from_inverter_name,195.39,,
fronius,2025-07-01,c3c803c9-49a6-4c83-9884-7f28e9244f2b,Penner Farms - 32-8-13 pump (site 1),71ba6d53-c04f-476f-9da3-ae0401115c8e,Symo  24.0-3 480 (1),,,24.0,parsed_from_inverter_name,185.31,,
fronius,2025-07-01,c3c803c9-49a6-4c83-9884-7f28e9244f2b,Penner Farms - 32-8-13 pump (site 1),528b81d7-df8d-4f62-9b35-ae0401115c98,Symo  24.0-3 480 (2),,,24.0,parsed_from_inverter_name,180.85,,
fronius,2025-07-01,c3c803c9-49a6-4c83-9884-7f28e9244f2b,Penner Farms - 32-8-13 pump (site 1),f97377a3-6539-450f-9b74-ae0401115ca1,Symo 24.0-3 480 (3),,,24.0,parsed_from_inverter_name,185.76,,
fronius,2025-07-02,c3c803c9-49a6-4c83-9884-7f28e9244f2b,Penner Farms - 32-8-13 pump (site 1),71ba6d53-c04f-476f-9da3-ae0401115c8e,Symo  24.0-3 480 (1),,,24.0,parsed_from_inverter_name,167.63,,
fronius,2025-07-02,c3c803c9-49a6-4c83-9884-7f28e9244f2b,Penner Farms - 32-8-13 pump (site 1),528b81d7-df8d-4f62-9b35-ae0401115c98,Symo  24.0-3 480 (2),,,24.0,parsed_from_inverter_name,162.5,,
fronius,2025-07-02,c3c803c9-49a6-4c83-9884-7f28e9244f2b,Penner Farms - 32-8-13 pump (site 1),f97377a3-6539-450f-9b74-ae0401115ca1,Symo 24.0-3 480 (3),,,24.0,parsed_from_inverter_name,168.36,,
fronius,2025-07-03,c3c803c9-49a6-4c83-9884-7f28e9244f2b,Penner Farms - 32-8-13 pump (site 1),71ba6d53-c04f-476f-9da3-ae0401115c8e,Symo  24.0-3 480 (1),,,24.0,parsed_from_inverter_name,194.53,,
fronius,2025-07-03,c3c803c9-49a6-4c83-9884-7f28e9244f2b,Penner Farms - 32-8-13 pump (site 1),528b81d7-df8d-4f62-9b35-ae0401115c98,Symo  24.0-3 480 (2),,,24.0,parsed_from_inverter_name,189.96,,
fronius,2025-07-03,c3c803c9-49a6-4c83-9884-7f28e9244f2b,Penner Farms - 32-8-13 pump (site 1),f97377a3-6539-450f-9b74-ae0401115ca1,Symo 24.0-3 480 (3),,,24.0,parsed_from_inverter_name,195.26,,
fronius,2025-07-04,c3c803c9-49a6-4c83-9884-7f28e9244f2b,Penner Farms - 32-8-13 pump (site 1),71ba6d53-c04f-476f-9da3-ae0401115c8e,Symo  24.0-3 480 (1),,,24.0,parsed_from_inverter_name,184.33,,
fronius,2025-07-04,c3c803c9-49a6-4c83-9884-7f28e9244f2b,Penner Farms - 32-8-13 pump (site 1),528b81d7-df8d-4f62-9b35-ae0401115c98,Symo  24.0-3 480 (2),,,24.0,parsed_from_inverter_name,179.48,,
fronius,2025-07-04,c3c803c9-49a6-4c83-9884-7f28e9244f2b,Penner Farms - 32-8-13 pump (site 1),f97377a3-6539-450f-9b74-ae0401115ca1,Symo 24.0-3 480 (3),,,24.0,parsed_from_inverter_name,183.92,,
fronius,2025-07-05,c3c803c9-49a6-4c83-9884-7f28e9244f2b,Penner Farms - 32-8-13 pump (site 1),71ba6d53-c04f-476f-9da3-ae0401115c8e,Symo  24.0-3 480 (1),,,24.0,parsed_from_inverter_name,72.27,,
fronius,2025-07-05,c3c803c9-49a6-4c83-9884-7f28e9244f2b,Penner Farms - 32-8-13 pump (site 1),528b81d7-df8d-4f62-9b35-ae0401115c98,Symo  24.0-3 480 (2),,,24.0,parsed_from_inverter_name,70.03,,
fronius,2025-07-05,c3c803c9-49a6-4c83-9884-7f28e9244f2b,Penner Farms - 32-8-13 pump (site 1),f97377a3-6539-450f-9b74-ae0401115ca1,Symo 24.0-3 480 (3),,,24.0,parsed_from_inverter_name,73.2,,
fronius,2025-07-06,c3c803c9-49a6-4c83-9884-7f28e9244f2b,Penner Farms - 32-8-13 pump (site 1),71ba6d53-c04f-476f-9da3-ae0401115c8e,Symo  24.0-3 480 (1),,,24.0,parsed_from_inverter_name,143.75,,
fronius,2025-07-06,c3c803c9-49a6-4c83-9884-7f28e9244f2b,Penner Farms - 32-8-13 pump (site 1),528b81d7-df8d-4f62-9b35-ae0401115c98,Symo  24.0-3 480 (2),,,24.0,parsed_from_inverter_name,140.6,,
fronius,2025-07-06,c3c803c9-49a6-4c83-9884-7f28e9244f2b,Penner Farms - 32-8-13 pump (site 1),f97377a3-6539-450f-9b74-ae0401115ca1,Symo 24.0-3 480 (3),,,24.0,parsed_from_inverter_name,144.8,,
fronius,2025-07-07,c3c803c9-49a6-4c83-9884-7f28e9244f2b,Penner Farms - 32-8-13 pump (site 1),71ba6d53-c04f-476f-9da3-ae0401115c8e,Symo  24.0-3 480 (1),,,24.0,parsed_from_inverter_name,171.86,,
fronius,2025-07-07,c3c803c9-49a6-4c83-9884-7f28e9244f2b,Penner Farms - 32-8-13 pump (site 1),528b81d7-df8d-4f62-9b35-ae0401115c98,Symo  24.0-3 480 (2),,,24.0,parsed_from_inverter_name,167.96,,
fronius,2025-07-07,c3c803c9-49a6-4c83-9884-7f28e9244f2b,Penner Farms - 32-8-13 pump (site 1),f97377a3-6539-450f-9b74-ae0401115ca1,Symo 24.0-3 480 (3),,,24.0,parsed_from_inverter_name,172.91,,
fronius,2025-07-08,c3c803c9-49a6-4c83-9884-7f28e9244f2b,Penner Farms - 32-8-13 pump (site 1),71ba6d53-c04f-476f-9da3-ae0401115c8e,Symo  24.0-3 480 (1),,,24.0,parsed_from_inverter_name,188.48,,
fronius,2025-07-08,c3c803c9-49a6-4c83-9884-7f28e9244f2b,Penner Farms - 32-8-13 pump (site 1),528b81d7-df8d-4f62-9b35-ae0401115c98,Symo  24.0-3 480 (2),,,24.0,parsed_from_inverter_name,183.66,,
fronius,2025-07-08,c3c803c9-49a6-4c83-9884-7f28e9244f2b,Penner Farms - 32-8-13 pump (site 1),f97377a3-6539-450f-9b74-ae0401115ca1,Symo 24.0-3 480 (3),,,24.0,parsed_from_inverter_name,190.4,,
fronius,2025-07-09,c3c803c9-49a6-4c83-9884-7f28e9244f2b,Penner Farms - 32-8-13 pump (site 1),71ba6d53-c04f-476f-9da3-ae0401115c8e,Symo  24.0-3 480 (1),,,24.0,parsed_from_inverter_name,177.16,,
fronius,2025-07-09,c3c803c9-49a6-4c83-9884-7f28e9244f2b,Penner Farms - 32-8-13 pump (site 1),528b81d7-df8d-4f62-9b35-ae0401115c98,Symo  24.0-3 480 (2),,,24.0,parsed_from_inverter_name,172.41,,
fronius,2025-07-09,c3c803c9-49a6-4c83-9884-7f28e9244f2b,Penner Farms - 32-8-13 pump (site 1),f97377a3-6539-450f-9b74-ae0401115ca1,Symo 24.0-3 480 (3),,,24.0,parsed_from_inverter_name,178.83,,
fronius,2025-07-10,c3c803c9-49a6-4c83-9884-7f28e9244f2b,Penner Farms - 32-8-13 pump (site 1),71ba6d53-c04f-476f-9da3-ae0401115c8e,Symo  24.0-3 480 (1),,,24.0,parsed_from_inverter_name,103.69,,
fronius,2025-07-10,c3c803c9-49a6-4c83-9884-7f28e9244f2b,Penner Farms - 32-8-13 pump (site 1),528b81d7-df8d-4f62-9b35-ae0401115c98,Symo  24.0-3 480 (2),,,24.0,parsed_from_inverter_name,101.08,,
fronius,2025-07-10,c3c803c9-49a6-4c83-9884-7f28e9244f2b,Penner Farms - 32-8-13 pump (site 1),f97377a3-6539-450f-9b74-ae0401115ca1,Symo 24.0-3 480 (3),,,24.0,parsed_from_inverter_name,104.43,,
fronius,2025-07-11,c3c803c9-49a6-4c83-9884-7f28e9244f2b,Penner Farms - 32-8-13 pump (site 1),71ba6d53-c04f-476f-9da3-ae0401115c8e,Symo  24.0-3 480 (1),,,24.0,parsed_from_inverter_name,185.41,,
fronius,2025-07-11,c3c803c9-49a6-4c83-9884-7f28e9244f2b,Penner Farms - 32-8-13 pump (site 1),528b81d7-df8d-4f62-9b35-ae0401115c98,Symo  24.0-3 480 (2),,,24.0,parsed_from_inverter_name,180.76,,
fronius,2025-07-11,c3c803c9-49a6-4c83-9884-7f28e9244f2b,Penner Farms - 32-8-13 pump (site 1),f97377a3-6539-450f-9b74-ae0401115ca1,Symo 24.0-3 480 (3),,,24.0,parsed_from_inverter_name,186.79,,
fronius,2025-07-12,c3c803c9-49a6-4c83-9884-7f28e9244f2b,Penner Farms - 32-8-13 pump (site 1),71ba6d53-c04f-476f-9da3-ae0401115c8e,Symo  24.0-3 480 (1),,,24.0,parsed_from_inverter_name,178.46,,
fronius,2025-07-12,c3c803c9-49a6-4c83-9884-7f28e9244f2b,Penner Farms - 32-8-13 pump (site 1),528b81d7-df8d-4f62-9b35-ae0401115c98,Symo  24.0-3 480 (2),,,24.0,parsed_from_inverter_name,174.83,,
fronius,2025-07-12,c3c803c9-49a6-4c83-9884-7f28e9244f2b,Penner Farms - 32-8-13 pump (site 1),f97377a3-6539-450f-9b74-ae0401115ca1,Symo 24.0-3 480 (3),,,24.0,parsed_from_inverter_name,179.55,,
fronius,2025-07-13,c3c803c9-49a6-4c83-9884-7f28e9244f2b,Penner Farms - 32-8-13 pump (site 1),71ba6d53-c04f-476f-9da3-ae0401115c8e,Symo  24.0-3 480 (1),,,24.0,parsed_from_inverter_name,173.27,,
fronius,2025-07-13,c3c803c9-49a6-4c83-9884-7f28e9244f2b,Penner Farms - 32-8-13 pump (site 1),528b81d7-df8d-4f62-9b35-ae0401115c98,Symo  24.0-3 480 (2),,,24.0,parsed_from_inverter_name,169.61,,
fronius,2025-07-13,c3c803c9-49a6-4c83-9884-7f28e9244f2b,Penner Farms - 32-8-13 pump (site 1),f97377a3-6539-450f-9b74-ae0401115ca1,Symo 24.0-3 480 (3),,,24.0,parsed_from_inverter_name,174.27,,
fronius,2025-07-14,c3c803c9-49a6-4c83-9884-7f28e9244f2b,Penner Farms - 32-8-13 pump (site 1),71ba6d53-c04f-476f-9da3-ae0401115c8e,Symo  24.0-3 480 (1),,,24.0,parsed_from_inverter_name,33.35,,
fronius,2025-07-14,c3c803c9-49a6-4c83-9884-7f28e9244f2b,Penner Farms - 32-8-13 pump (site 1),528b81d7-df8d-4f62-9b35-ae0401115c98,Symo  24.0-3 480 (2),,,24.0,parsed_from_inverter_name,32.36,,
fronius,2025-07-14,c3c803c9-49a6-4c83-9884-7f28e9244f2b,Penner Farms - 32-8-13 pump (site 1),f97377a3-6539-450f-9b74-ae0401115ca1,Symo 24.0-3 480 (3),,,24.0,parsed_from_inverter_name,33.72,,
fronius,2025-07-15,c3c803c9-49a6-4c83-9884-7f28e9244f2b,Penner Farms - 32-8-13 pump (site 1),71ba6d53-c04f-476f-9da3-ae0401115c8e,Symo  24.0-3 480 (1),,,24.0,parsed_from_inverter_name,85.87,,
fronius,2025-07-15,c3c803c9-49a6-4c83-9884-7f28e9244f2b,Penner Farms - 32-8-13 pump (site 1),528b81d7-df8d-4f62-9b35-ae0401115c98,Symo  24.0-3 480 (2),,,24.0,parsed_from_inverter_name,83.02,,
fronius,2025-07-15,c3c803c9-49a6-4c83-9884-7f28e9244f2b,Penner Farms - 32-8-13 pump (site 1),f97377a3-6539-450f-9b74-ae0401115ca1,Symo 24.0-3 480 (3),,,24.0,parsed_from_inverter_name,86.73,,
fronius,2025-07-16,c3c803c9-49a6-4c83-9884-7f28e9244f2b,Penner Farms - 32-8-13 pump (site 1),71ba6d53-c04f-476f-9da3-ae0401115c8e,Symo  24.0-3 480 (1),,,24.0,parsed_from_inverter_name,159.49,,
fronius,2025-07-16,c3c803c9-49a6-4c83-9884-7f28e9244f2b,Penner Farms - 32-8-13 pump (site 1),528b81d7-df8d-4f62-9b35-ae0401115c98,Symo  24.0-3 480 (2),,,24.0,parsed_from_inverter_name,154.75,,
fronius,2025-07-16,c3c803c9-49a6-4c83-9884-7f28e9244f2b,Penner Farms - 32-8-13 pump (site 1),f97377a3-6539-450f-9b74-ae0401115ca1,Symo 24.0-3 480 (3),,,24.0,parsed_from_inverter_name,160.78,,
fronius,2025-07-17,c3c803c9-49a6-4c83-9884-7f28e9244f2b,Penner Farms - 32-8-13 pump (site 1),71ba6d53-c04f-476f-9da3-ae0401115c8e,Symo  24.0-3 480 (1),,,24.0,parsed_from_inverter_name,72.38,,
fronius,2025-07-17,c3c803c9-49a6-4c83-9884-7f28e9244f2b,Penner Farms - 32-8-13 pump (site 1),528b81d7-df8d-4f62-9b35-ae0401115c98,Symo  24.0-3 480 (2),,,24.0,parsed_from_inverter_name,70.09,,
fronius,2025-07-17,c3c803c9-49a6-4c83-9884-7f28e9244f2b,Penner Farms - 32-8-13 pump (site 1),f97377a3-6539-450f-9b74-ae0401115ca1,Symo 24.0-3 480 (3),,,24.0,parsed_from_inverter_name,73.44,,
fronius,2025-07-18,c3c803c9-49a6-4c83-9884-7f28e9244f2b,Penner Farms - 32-8-13 pump (site 1),71ba6d53-c04f-476f-9da3-ae0401115c8e,Symo  24.0-3 480 (1),,,24.0,parsed_from_inverter_name,177.82,,
fronius,2025-07-18,c3c803c9-49a6-4c83-9884-7f28e9244f2b,Penner Farms - 32-8-13 pump (site 1),528b81d7-df8d-4f62-9b35-ae0401115c98,Symo  24.0-3 480 (2),,,24.0,parsed_from_inverter_name,173.88,,
fronius,2025-07-18,c3c803c9-49a6-4c83-9884-7f28e9244f2b,Penner Farms - 32-8-13 pump (site 1),f97377a3-6539-450f-9b74-ae0401115ca1,Symo 24.0-3 480 (3),,,24.0,parsed_from_inverter_name,178.8,,
fronius,2025-07-19,c3c803c9-49a6-4c83-9884-7f28e9244f2b,Penner Farms - 32-8-13 pump (site 1),71ba6d53-c04f-476f-9da3-ae0401115c8e,Symo  24.0-3 480 (1),,,24.0,parsed_from_inverter_name,130.87,,
fronius,2025-07-19,c3c803c9-49a6-4c83-9884-7f28e9244f2b,Penner Farms - 32-8-13 pump (site 1),528b81d7-df8d-4f62-9b35-ae0401115c98,Symo  24.0-3 480 (2),,,24.0,parsed_from_inverter_name,128.18,,
fronius,2025-07-19,c3c803c9-49a6-4c83-9884-7f28e9244f2b,Penner Farms - 32-8-13 pump (site 1),f97377a3-6539-450f-9b74-ae0401115ca1,Symo 24.0-3 480 (3),,,24.0,parsed_from_inverter_name,131.86,,
fronius,2025-07-20,c3c803c9-49a6-4c83-9884-7f28e9244f2b,Penner Farms - 32-8-13 pump (site 1),71ba6d53-c04f-476f-9da3-ae0401115c8e,Symo  24.0-3 480 (1),,,24.0,parsed_from_inverter_name,170.97,,
fronius,2025-07-20,c3c803c9-49a6-4c83-9884-7f28e9244f2b,Penner Farms - 32-8-13 pump (site 1),528b81d7-df8d-4f62-9b35-ae0401115c98,Symo  24.0-3 480 (2),,,24.0,parsed_from_inverter_name,167.94,,
fronius,2025-07-20,c3c803c9-49a6-4c83-9884-7f28e9244f2b,Penner Farms - 32-8-13 pump (site 1),f97377a3-6539-450f-9b74-ae0401115ca1,Symo 24.0-3 480 (3),,,24.0,parsed_from_inverter_name,172.4,,
fronius,2025-07-21,c3c803c9-49a6-4c83-9884-7f28e9244f2b,Penner Farms - 32-8-13 pump (site 1),71ba6d53-c04f-476f-9da3-ae0401115c8e,Symo  24.0-3 480 (1),,,24.0,parsed_from_inverter_name,71.25,,
fronius,2025-07-21,c3c803c9-49a6-4c83-9884-7f28e9244f2b,Penner Farms - 32-8-13 pump (site 1),528b81d7-df8d-4f62-9b35-ae0401115c98,Symo  24.0-3 480 (2),,,24.0,parsed_from_inverter_name,69.66,,
fronius,2025-07-21,c3c803c9-49a6-4c83-9884-7f28e9244f2b,Penner Farms - 32-8-13 pump (site 1),f97377a3-6539-450f-9b74-ae0401115ca1,Symo 24.0-3 480 (3),,,24.0,parsed_from_inverter_name,72.4,,
fronius,2025-07-22,c3c803c9-49a6-4c83-9884-7f28e9244f2b,Penner Farms - 32-8-13 pump (site 1),71ba6d53-c04f-476f-9da3-ae0401115c8e,Symo  24.0-3 480 (1),,,24.0,parsed_from_inverter_name,24.63,,
fronius,2025-07-22,c3c803c9-49a6-4c83-9884-7f28e9244f2b,Penner Farms - 32-8-13 pump (site 1),528b81d7-df8d-4f62-9b35-ae0401115c98,Symo  24.0-3 480 (2),,,24.0,parsed_from_inverter_name,23.95,,
fronius,2025-07-22,c3c803c9-49a6-4c83-9884-7f28e9244f2b,Penner Farms - 32-8-13 pump (site 1),f97377a3-6539-450f-9b74-ae0401115ca1,Symo 24.0-3 480 (3),,,24.0,parsed_from_inverter_name,25.07,,
fronius,2025-07-23,c3c803c9-49a6-4c83-9884-7f28e9244f2b,Penner Farms - 32-8-13 pump (site 1),71ba6d53-c04f-476f-9da3-ae0401115c8e,Symo  24.0-3 480 (1),,,24.0,parsed_from_inverter_name,142.57,,
fronius,2025-07-23,c3c803c9-49a6-4c83-9884-7f28e9244f2b,Penner Farms - 32-8-13 pump (site 1),528b81d7-df8d-4f62-9b35-ae0401115c98,Symo  24.0-3 480 (2),,,24.0,parsed_from_inverter_name,139.26,,
fronius,2025-07-23,c3c803c9-49a6-4c83-9884-7f28e9244f2b,Penner Farms - 32-8-13 pump (site 1),f97377a3-6539-450f-9b74-ae0401115ca1,Symo 24.0-3 480 (3),,,24.0,parsed_from_inverter_name,143.31,,
fronius,2025-07-24,c3c803c9-49a6-4c83-9884-7f28e9244f2b,Penner Farms - 32-8-13 pump (site 1),71ba6d53-c04f-476f-9da3-ae0401115c8e,Symo  24.0-3 480 (1),,,24.0,parsed_from_inverter_name,185.16,,
fronius,2025-07-24,c3c803c9-49a6-4c83-9884-7f28e9244f2b,Penner Farms - 32-8-13 pump (site 1),528b81d7-df8d-4f62-9b35-ae0401115c98,Symo  24.0-3 480 (2),,,24.0,parsed_from_inverter_name,181.26,,
fronius,2025-07-24,c3c803c9-49a6-4c83-9884-7f28e9244f2b,Penner Farms - 32-8-13 pump (site 1),f97377a3-6539-450f-9b74-ae0401115ca1,Symo 24.0-3 480 (3),,,24.0,parsed_from_inverter_name,186.97,,
fronius,2025-07-25,c3c803c9-49a6-4c83-9884-7f28e9244f2b,Penner Farms - 32-8-13 pump (site 1),71ba6d53-c04f-476f-9da3-ae0401115c8e,Symo  24.0-3 480 (1),,,24.0,parsed_from_inverter_name,183.7,,
fronius,2025-07-25,c3c803c9-49a6-4c83-9884-7f28e9244f2b,Penner Farms - 32-8-13 pump (site 1),528b81d7-df8d-4f62-9b35-ae0401115c98,Symo  24.0-3 480 (2),,,24.0,parsed_from_inverter_name,180.72,,
fronius,2025-07-25,c3c803c9-49a6-4c83-9884-7f28e9244f2b,Penner Farms - 32-8-13 pump (site 1),f97377a3-6539-450f-9b74-ae0401115ca1,Symo 24.0-3 480 (3),,,24.0,parsed_from_inverter_name,185.36,,
fronius,2025-07-26,c3c803c9-49a6-4c83-9884-7f28e9244f2b,Penner Farms - 32-8-13 pump (site 1),71ba6d53-c04f-476f-9da3-ae0401115c8e,Symo  24.0-3 480 (1),,,24.0,parsed_from_inverter_name,175.64,,
fronius,2025-07-26,c3c803c9-49a6-4c83-9884-7f28e9244f2b,Penner Farms - 32-8-13 pump (site 1),528b81d7-df8d-4f62-9b35-ae0401115c98,Symo  24.0-3 480 (2),,,24.0,parsed_from_inverter_name,171.7,,
fronius,2025-07-26,c3c803c9-49a6-4c83-9884-7f28e9244f2b,Penner Farms - 32-8-13 pump (site 1),f97377a3-6539-450f-9b74-ae0401115ca1,Symo 24.0-3 480 (3),,,24.0,parsed_from_inverter_name,176.58,,
fronius,2025-07-27,c3c803c9-49a6-4c83-9884-7f28e9244f2b,Penner Farms - 32-8-13 pump (site 1),71ba6d53-c04f-476f-9da3-ae0401115c8e,Symo  24.0-3 480 (1),,,24.0,parsed_from_inverter_name,156.16,,
fronius,2025-07-27,c3c803c9-49a6-4c83-9884-7f28e9244f2b,Penner Farms - 32-8-13 pump (site 1),528b81d7-df8d-4f62-9b35-ae0401115c98,Symo  24.0-3 480 (2),,,24.0,parsed_from_inverter_name,153.43,,
fronius,2025-07-27,c3c803c9-49a6-4c83-9884-7f28e9244f2b,Penner Farms - 32-8-13 pump (site 1),f97377a3-6539-450f-9b74-ae0401115ca1,Symo 24.0-3 480 (3),,,24.0,parsed_from_inverter_name,157.31,,
fronius,2025-07-28,c3c803c9-49a6-4c83-9884-7f28e9244f2b,Penner Farms - 32-8-13 pump (site 1),71ba6d53-c04f-476f-9da3-ae0401115c8e,Symo  24.0-3 480 (1),,,24.0,parsed_from_inverter_name,110.9,,
fronius,2025-07-28,c3c803c9-49a6-4c83-9884-7f28e9244f2b,Penner Farms - 32-8-13 pump (site 1),528b81d7-df8d-4f62-9b35-ae0401115c98,Symo  24.0-3 480 (2),,,24.0,parsed_from_inverter_name,107.38,,
fronius,2025-07-28,c3c803c9-49a6-4c83-9884-7f28e9244f2b,Penner Farms - 32-8-13 pump (site 1),f97377a3-6539-450f-9b74-ae0401115ca1,Symo 24.0-3 480 (3),,,24.0,parsed_from_inverter_name,112.3,,
fronius,2025-07-29,c3c803c9-49a6-4c83-9884-7f28e9244f2b,Penner Farms - 32-8-13 pump (site 1),71ba6d53-c04f-476f-9da3-ae0401115c8e,Symo  24.0-3 480 (1),,,24.0,parsed_from_inverter_name,164.28,,
fronius,2025-07-29,c3c803c9-49a6-4c83-9884-7f28e9244f2b,Penner Farms - 32-8-13 pump (site 1),528b81d7-df8d-4f62-9b35-ae0401115c98,Symo  24.0-3 480 (2),,,24.0,parsed_from_inverter_name,161.14,,
fronius,2025-07-29,c3c803c9-49a6-4c83-9884-7f28e9244f2b,Penner Farms - 32-8-13 pump (site 1),f97377a3-6539-450f-9b74-ae0401115ca1,Symo 24.0-3 480 (3),,,24.0,parsed_from_inverter_name,165.8,,
fronius,2025-07-30,c3c803c9-49a6-4c83-9884-7f28e9244f2b,Penner Farms - 32-8-13 pump (site 1),71ba6d53-c04f-476f-9da3-ae0401115c8e,Symo  24.0-3 480 (1),,,24.0,parsed_from_inverter_name,177.76,,
fronius,2025-07-30,c3c803c9-49a6-4c83-9884-7f28e9244f2b,Penner Farms - 32-8-13 pump (site 1),528b81d7-df8d-4f62-9b35-ae0401115c98,Symo  24.0-3 480 (2),,,24.0,parsed_from_inverter_name,176.41,,
fronius,2025-07-30,c3c803c9-49a6-4c83-9884-7f28e9244f2b,Penner Farms - 32-8-13 pump (site 1),f97377a3-6539-450f-9b74-ae0401115ca1,Symo 24.0-3 480 (3),,,24.0,parsed_from_inverter_name,182.32,,
fronius,2025-07-31,c3c803c9-49a6-4c83-9884-7f28e9244f2b,Penner Farms - 32-8-13 pump (site 1),71ba6d53-c04f-476f-9da3-ae0401115c8e,Symo  24.0-3 480 (1),,,24.0,parsed_from_inverter_name,142.48,,
fronius,2025-07-31,c3c803c9-49a6-4c83-9884-7f28e9244f2b,Penner Farms - 32-8-13 pump (site 1),528b81d7-df8d-4f62-9b35-ae0401115c98,Symo  24.0-3 480 (2),,,24.0,parsed_from_inverter_name,177.64,,
fronius,2025-07-31,c3c803c9-49a6-4c83-9884-7f28e9244f2b,Penner Farms - 32-8-13 pump (site 1),f97377a3-6539-450f-9b74-ae0401115ca1,Symo 24.0-3 480 (3),,,24.0,parsed_from_inverter_name,183.25,,
fronius,2025-08-01,c3c803c9-49a6-4c83-9884-7f28e9244f2b,Penner Farms - 32-8-13 pump (site 1),71ba6d53-c04f-476f-9da3-ae0401115c8e,Symo  24.0-3 480 (1),,,24.0,parsed_from_inverter_name,140.06,,
fronius,2025-08-01,c3c803c9-49a6-4c83-9884-7f28e9244f2b,Penner Farms - 32-8-13 pump (site 1),528b81d7-df8d-4f62-9b35-ae0401115c98,Symo  24.0-3 480 (2),,,24.0,parsed_from_inverter_name,136.46,,
fronius,2025-08-01,c3c803c9-49a6-4c83-9884-7f28e9244f2b,Penner Farms - 32-8-13 pump (site 1),f97377a3-6539-450f-9b74-ae0401115ca1,Symo 24.0-3 480 (3),,,24.0,parsed_from_inverter_name,141.02,,
fronius,2025-08-02,c3c803c9-49a6-4c83-9884-7f28e9244f2b,Penner Farms - 32-8-13 pump (site 1),71ba6d53-c04f-476f-9da3-ae0401115c8e,Symo  24.0-3 480 (1),,,24.0,parsed_from_inverter_name,82.75,,
fronius,2025-08-02,c3c803c9-49a6-4c83-9884-7f28e9244f2b,Penner Farms - 32-8-13 pump (site 1),528b81d7-df8d-4f62-9b35-ae0401115c98,Symo  24.0-3 480 (2),,,24.0,parsed_from_inverter_name,95.06,,
fronius,2025-08-02,c3c803c9-49a6-4c83-9884-7f28e9244f2b,Penner Farms - 32-8-13 pump (site 1),f97377a3-6539-450f-9b74-ae0401115ca1,Symo 24.0-3 480 (3),,,24.0,parsed_from_inverter_name,95.73,,
fronius,2025-08-03,c3c803c9-49a6-4c83-9884-7f28e9244f2b,Penner Farms - 32-8-13 pump (site 1),71ba6d53-c04f-476f-9da3-ae0401115c8e,Symo  24.0-3 480 (1),,,24.0,parsed_from_inverter_name,94.27,,
fronius,2025-08-03,c3c803c9-49a6-4c83-9884-7f28e9244f2b,Penner Farms - 32-8-13 pump (site 1),528b81d7-df8d-4f62-9b35-ae0401115c98,Symo  24.0-3 480 (2),,,24.0,parsed_from_inverter_name,91.62,,
fronius,2025-08-03,c3c803c9-49a6-4c83-9884-7f28e9244f2b,Penner Farms - 32-8-13 pump (site 1),f97377a3-6539-450f-9b74-ae0401115ca1,Symo 24.0-3 480 (3),,,24.0,parsed_from_inverter_name,95.25,,
fronius,2025-08-04,c3c803c9-49a6-4c83-9884-7f28e9244f2b,Penner Farms - 32-8-13 pump (site 1),71ba6d53-c04f-476f-9da3-ae0401115c8e,Symo  24.0-3 480 (1),,,24.0,parsed_from_inverter_name,111.71,,
fronius,2025-08-04,c3c803c9-49a6-4c83-9884-7f28e9244f2b,Penner Farms - 32-8-13 pump (site 1),528b81d7-df8d-4f62-9b35-ae0401115c98,Symo  24.0-3 480 (2),,,24.0,parsed_from_inverter_name,109.11,,
fronius,2025-08-04,c3c803c9-49a6-4c83-9884-7f28e9244f2b,Penner Farms - 32-8-13 pump (site 1),f97377a3-6539-450f-9b74-ae0401115ca1,Symo 24.0-3 480 (3),,,24.0,parsed_from_inverter_name,115.09,,
fronius,2025-08-05,c3c803c9-49a6-4c83-9884-7f28e9244f2b,Penner Farms - 32-8-13 pump (site 1),71ba6d53-c04f-476f-9da3-ae0401115c8e,Symo  24.0-3 480 (1),,,24.0,parsed_from_inverter_name,118.72,,
fronius,2025-08-05,c3c803c9-49a6-4c83-9884-7f28e9244f2b,Penner Farms - 32-8-13 pump (site 1),528b81d7-df8d-4f62-9b35-ae0401115c98,Symo  24.0-3 480 (2),,,24.0,parsed_from_inverter_name,117.62,,
fronius,2025-08-05,c3c803c9-49a6-4c83-9884-7f28e9244f2b,Penner Farms - 32-8-13 pump (site 1),f97377a3-6539-450f-9b74-ae0401115ca1,Symo 24.0-3 480 (3),,,24.0,parsed_from_inverter_name,123.89,,
fronius,2025-08-06,c3c803c9-49a6-4c83-9884-7f28e9244f2b,Penner Farms - 32-8-13 pump (site 1),71ba6d53-c04f-476f-9da3-ae0401115c8e,Symo  24.0-3 480 (1),,,24.0,parsed_from_inverter_name,156.67,,
fronius,2025-08-06,c3c803c9-49a6-4c83-9884-7f28e9244f2b,Penner Farms - 32-8-13 pump (site 1),528b81d7-df8d-4f62-9b35-ae0401115c98,Symo  24.0-3 480 (2),,,24.0,parsed_from_inverter_name,153.51,,
fronius,2025-08-06,c3c803c9-49a6-4c83-9884-7f28e9244f2b,Penner Farms - 32-8-13 pump (site 1),f97377a3-6539-450f-9b74-ae0401115ca1,Symo 24.0-3 480 (3),,,24.0,parsed_from_inverter_name,157.86,,
fronius,2025-08-07,c3c803c9-49a6-4c83-9884-7f28e9244f2b,Penner Farms - 32-8-13 pump (site 1),71ba6d53-c04f-476f-9da3-ae0401115c8e,Symo  24.0-3 480 (1),,,24.0,parsed_from_inverter_name,140.01,,
fronius,2025-08-07,c3c803c9-49a6-4c83-9884-7f28e9244f2b,Penner Farms - 32-8-13 pump (site 1),528b81d7-df8d-4f62-9b35-ae0401115c98,Symo  24.0-3 480 (2),,,24.0,parsed_from_inverter_name,137.02,,
fronius,2025-08-07,c3c803c9-49a6-4c83-9884-7f28e9244f2b,Penner Farms - 32-8-13 pump (site 1),f97377a3-6539-450f-9b74-ae0401115ca1,Symo 24.0-3 480 (3),,,24.0,parsed_from_inverter_name,141.05,,
fronius,2025-08-08,c3c803c9-49a6-4c83-9884-7f28e9244f2b,Penner Farms - 32-8-13 pump (site 1),71ba6d53-c04f-476f-9da3-ae0401115c8e,Symo  24.0-3 480 (1),,,24.0,parsed_from_inverter_name,43.0,,
fronius,2025-08-08,c3c803c9-49a6-4c83-9884-7f28e9244f2b,Penner Farms - 32-8-13 pump (site 1),528b81d7-df8d-4f62-9b35-ae0401115c98,Symo  24.0-3 480 (2),,,24.0,parsed_from_inverter_name,41.76,,
fronius,2025-08-08,c3c803c9-49a6-4c83-9884-7f28e9244f2b,Penner Farms - 32-8-13 pump (site 1),f97377a3-6539-450f-9b74-ae0401115ca1,Symo 24.0-3 480 (3),,,24.0,parsed_from_inverter_name,43.51,,
fronius,2025-08-09,c3c803c9-49a6-4c83-9884-7f28e9244f2b,Penner Farms - 32-8-13 pump (site 1),71ba6d53-c04f-476f-9da3-ae0401115c8e,Symo  24.0-3 480 (1),,,24.0,parsed_from_inverter_name,121.98,,
fronius,2025-08-09,c3c803c9-49a6-4c83-9884-7f28e9244f2b,Penner Farms - 32-8-13 pump (site 1),528b81d7-df8d-4f62-9b35-ae0401115c98,Symo  24.0-3 480 (2),,,24.0,parsed_from_inverter_name,128.82,,
fronius,2025-08-09,c3c803c9-49a6-4c83-9884-7f28e9244f2b,Penner Farms - 32-8-13 pump (site 1),f97377a3-6539-450f-9b74-ae0401115ca1,Symo 24.0-3 480 (3),,,24.0,parsed_from_inverter_name,134.78,,
fronius,2025-08-10,c3c803c9-49a6-4c83-9884-7f28e9244f2b,Penner Farms - 32-8-13 pump (site 1),71ba6d53-c04f-476f-9da3-ae0401115c8e,Symo  24.0-3 480 (1),,,24.0,parsed_from_inverter_name,175.49,,
fronius,2025-08-10,c3c803c9-49a6-4c83-9884-7f28e9244f2b,Penner Farms - 32-8-13 pump (site 1),528b81d7-df8d-4f62-9b35-ae0401115c98,Symo  24.0-3 480 (2),,,24.0,parsed_from_inverter_name,174.87,,
fronius,2025-08-10,c3c803c9-49a6-4c83-9884-7f28e9244f2b,Penner Farms - 32-8-13 pump (site 1),f97377a3-6539-450f-9b74-ae0401115ca1,Symo 24.0-3 480 (3),,,24.0,parsed_from_inverter_name,179.18,,
fronius,2025-08-11,c3c803c9-49a6-4c83-9884-7f28e9244f2b,Penner Farms - 32-8-13 pump (site 1),71ba6d53-c04f-476f-9da3-ae0401115c8e,Symo  24.0-3 480 (1),,,24.0,parsed_from_inverter_name,119.95,,
fronius,2025-08-11,c3c803c9-49a6-4c83-9884-7f28e9244f2b,Penner Farms - 32-8-13 pump (site 1),528b81d7-df8d-4f62-9b35-ae0401115c98,Symo  24.0-3 480 (2),,,24.0,parsed_from_inverter_name,119.38,,
fronius,2025-08-11,c3c803c9-49a6-4c83-9884-7f28e9244f2b,Penner Farms - 32-8-13 pump (site 1),f97377a3-6539-450f-9b74-ae0401115ca1,Symo 24.0-3 480 (3),,,24.0,parsed_from_inverter_name,122.23,,
fronius,2025-08-12,c3c803c9-49a6-4c83-9884-7f28e9244f2b,Penner Farms - 32-8-13 pump (site 1),71ba6d53-c04f-476f-9da3-ae0401115c8e,Symo  24.0-3 480 (1),,,24.0,parsed_from_inverter_name,175.16,,
fronius,2025-08-12,c3c803c9-49a6-4c83-9884-7f28e9244f2b,Penner Farms - 32-8-13 pump (site 1),528b81d7-df8d-4f62-9b35-ae0401115c98,Symo  24.0-3 480 (2),,,24.0,parsed_from_inverter_name,170.91,,
fronius,2025-08-12,c3c803c9-49a6-4c83-9884-7f28e9244f2b,Penner Farms - 32-8-13 pump (site 1),f97377a3-6539-450f-9b74-ae0401115ca1,Symo 24.0-3 480 (3),,,24.0,parsed_from_inverter_name,176.18,,
fronius,2025-08-13,c3c803c9-49a6-4c83-9884-7f28e9244f2b,Penner Farms - 32-8-13 pump (site 1),71ba6d53-c04f-476f-9da3-ae0401115c8e,Symo  24.0-3 480 (1),,,24.0,parsed_from_inverter_name,173.7,,
fronius,2025-08-13,c3c803c9-49a6-4c83-9884-7f28e9244f2b,Penner Farms - 32-8-13 pump (site 1),528b81d7-df8d-4f62-9b35-ae0401115c98,Symo  24.0-3 480 (2),,,24.0,parsed_from_inverter_name,171.13,,
fronius,2025-08-13,c3c803c9-49a6-4c83-9884-7f28e9244f2b,Penner Farms - 32-8-13 pump (site 1),f97377a3-6539-450f-9b74-ae0401115ca1,Symo 24.0-3 480 (3),,,24.0,parsed_from_inverter_name,175.88,,
fronius,2025-08-14,c3c803c9-49a6-4c83-9884-7f28e9244f2b,Penner Farms - 32-8-13 pump (site 1),71ba6d53-c04f-476f-9da3-ae0401115c8e,Symo  24.0-3 480 (1),,,24.0,parsed_from_inverter_name,124.39,,
fronius,2025-08-14,c3c803c9-49a6-4c83-9884-7f28e9244f2b,Penner Farms - 32-8-13 pump (site 1),528b81d7-df8d-4f62-9b35-ae0401115c98,Symo  24.0-3 480 (2),,,24.0,parsed_from_inverter_name,122.45,,
fronius,2025-08-14,c3c803c9-49a6-4c83-9884-7f28e9244f2b,Penner Farms - 32-8-13 pump (site 1),f97377a3-6539-450f-9b74-ae0401115ca1,Symo 24.0-3 480 (3),,,24.0,parsed_from_inverter_name,125.94,,
fronius,2025-08-15,c3c803c9-49a6-4c83-9884-7f28e9244f2b,Penner Farms - 32-8-13 pump (site 1),71ba6d53-c04f-476f-9da3-ae0401115c8e,Symo  24.0-3 480 (1),,,24.0,parsed_from_inverter_name,132.36,,
fronius,2025-08-15,c3c803c9-49a6-4c83-9884-7f28e9244f2b,Penner Farms - 32-8-13 pump (site 1),528b81d7-df8d-4f62-9b35-ae0401115c98,Symo  24.0-3 480 (2),,,24.0,parsed_from_inverter_name,129.99,,
fronius,2025-08-15,c3c803c9-49a6-4c83-9884-7f28e9244f2b,Penner Farms - 32-8-13 pump (site 1),f97377a3-6539-450f-9b74-ae0401115ca1,Symo 24.0-3 480 (3),,,24.0,parsed_from_inverter_name,134.54,,
fronius,2025-08-16,c3c803c9-49a6-4c83-9884-7f28e9244f2b,Penner Farms - 32-8-13 pump (site 1),71ba6d53-c04f-476f-9da3-ae0401115c8e,Symo  24.0-3 480 (1),,,24.0,parsed_from_inverter_name,152.69,,
fronius,2025-08-16,c3c803c9-49a6-4c83-9884-7f28e9244f2b,Penner Farms - 32-8-13 pump (site 1),528b81d7-df8d-4f62-9b35-ae0401115c98,Symo  24.0-3 480 (2),,,24.0,parsed_from_inverter_name,150.67,,
fronius,2025-08-16,c3c803c9-49a6-4c83-9884-7f28e9244f2b,Penner Farms - 32-8-13 pump (site 1),f97377a3-6539-450f-9b74-ae0401115ca1,Symo 24.0-3 480 (3),,,24.0,parsed_from_inverter_name,154.72,,
fronius,2025-08-17,c3c803c9-49a6-4c83-9884-7f28e9244f2b,Penner Farms - 32-8-13 pump (site 1),71ba6d53-c04f-476f-9da3-ae0401115c8e,Symo  24.0-3 480 (1),,,24.0,parsed_from_inverter_name,155.21,,
fronius,2025-08-17,c3c803c9-49a6-4c83-9884-7f28e9244f2b,Penner Farms - 32-8-13 pump (site 1),528b81d7-df8d-4f62-9b35-ae0401115c98,Symo  24.0-3 480 (2),,,24.0,parsed_from_inverter_name,153.19,,
fronius,2025-08-17,c3c803c9-49a6-4c83-9884-7f28e9244f2b,Penner Farms - 32-8-13 pump (site 1),f97377a3-6539-450f-9b74-ae0401115ca1,Symo 24.0-3 480 (3),,,24.0,parsed_from_inverter_name,156.56,,
fronius,2025-08-18,c3c803c9-49a6-4c83-9884-7f28e9244f2b,Penner Farms - 32-8-13 pump (site 1),71ba6d53-c04f-476f-9da3-ae0401115c8e,Symo  24.0-3 480 (1),,,24.0,parsed_from_inverter_name,167.54,,
fronius,2025-08-18,c3c803c9-49a6-4c83-9884-7f28e9244f2b,Penner Farms - 32-8-13 pump (site 1),528b81d7-df8d-4f62-9b35-ae0401115c98,Symo  24.0-3 480 (2),,,24.0,parsed_from_inverter_name,164.38,,
fronius,2025-08-18,c3c803c9-49a6-4c83-9884-7f28e9244f2b,Penner Farms - 32-8-13 pump (site 1),f97377a3-6539-450f-9b74-ae0401115ca1,Symo 24.0-3 480 (3),,,24.0,parsed_from_inverter_name,169.19,,
fronius,2025-08-19,c3c803c9-49a6-4c83-9884-7f28e9244f2b,Penner Farms - 32-8-13 pump (site 1),71ba6d53-c04f-476f-9da3-ae0401115c8e,Symo  24.0-3 480 (1),,,24.0,parsed_from_inverter_name,167.03,,
fronius,2025-08-19,c3c803c9-49a6-4c83-9884-7f28e9244f2b,Penner Farms - 32-8-13 pump (site 1),528b81d7-df8d-4f62-9b35-ae0401115c98,Symo  24.0-3 480 (2),,,24.0,parsed_from_inverter_name,163.93,,
fronius,2025-08-19,c3c803c9-49a6-4c83-9884-7f28e9244f2b,Penner Farms - 32-8-13 pump (site 1),f97377a3-6539-450f-9b74-ae0401115ca1,Symo 24.0-3 480 (3),,,24.0,parsed_from_inverter_name,167.81,,
fronius,2025-08-20,c3c803c9-49a6-4c83-9884-7f28e9244f2b,Penner Farms - 32-8-13 pump (site 1),71ba6d53-c04f-476f-9da3-ae0401115c8e,Symo  24.0-3 480 (1),,,24.0,parsed_from_inverter_name,159.25,,
fronius,2025-08-20,c3c803c9-49a6-4c83-9884-7f28e9244f2b,Penner Farms - 32-8-13 pump (site 1),528b81d7-df8d-4f62-9b35-ae0401115c98,Symo  24.0-3 480 (2),,,24.0,parsed_from_inverter_name,157.3,,
fronius,2025-08-20,c3c803c9-49a6-4c83-9884-7f28e9244f2b,Penner Farms - 32-8-13 pump (site 1),f97377a3-6539-450f-9b74-ae0401115ca1,Symo 24.0-3 480 (3),,,24.0,parsed_from_inverter_name,160.77,,
fronius,2025-08-21,c3c803c9-49a6-4c83-9884-7f28e9244f2b,Penner Farms - 32-8-13 pump (site 1),71ba6d53-c04f-476f-9da3-ae0401115c8e,Symo  24.0-3 480 (1),,,24.0,parsed_from_inverter_name,176.87,,
fronius,2025-08-21,c3c803c9-49a6-4c83-9884-7f28e9244f2b,Penner Farms - 32-8-13 pump (site 1),528b81d7-df8d-4f62-9b35-ae0401115c98,Symo  24.0-3 480 (2),,,24.0,parsed_from_inverter_name,174.41,,
fronius,2025-08-21,c3c803c9-49a6-4c83-9884-7f28e9244f2b,Penner Farms - 32-8-13 pump (site 1),f97377a3-6539-450f-9b74-ae0401115ca1,Symo 24.0-3 480 (3),,,24.0,parsed_from_inverter_name,178.57,,
fronius,2025-08-22,c3c803c9-49a6-4c83-9884-7f28e9244f2b,Penner Farms - 32-8-13 pump (site 1),71ba6d53-c04f-476f-9da3-ae0401115c8e,Symo  24.0-3 480 (1),,,24.0,parsed_from_inverter_name,178.52,,
fronius,2025-08-22,c3c803c9-49a6-4c83-9884-7f28e9244f2b,Penner Farms - 32-8-13 pump (site 1),528b81d7-df8d-4f62-9b35-ae0401115c98,Symo  24.0-3 480 (2),,,24.0,parsed_from_inverter_name,176.04,,
fronius,2025-08-22,c3c803c9-49a6-4c83-9884-7f28e9244f2b,Penner Farms - 32-8-13 pump (site 1),f97377a3-6539-450f-9b74-ae0401115ca1,Symo 24.0-3 480 (3),,,24.0,parsed_from_inverter_name,180.23,,
fronius,2025-08-23,c3c803c9-49a6-4c83-9884-7f28e9244f2b,Penner Farms - 32-8-13 pump (site 1),71ba6d53-c04f-476f-9da3-ae0401115c8e,Symo  24.0-3 480 (1),,,24.0,parsed_from_inverter_name,173.27,,
fronius,2025-08-23,c3c803c9-49a6-4c83-9884-7f28e9244f2b,Penner Farms - 32-8-13 pump (site 1),528b81d7-df8d-4f62-9b35-ae0401115c98,Symo  24.0-3 480 (2),,,24.0,parsed_from_inverter_name,169.64,,
fronius,2025-08-23,c3c803c9-49a6-4c83-9884-7f28e9244f2b,Penner Farms - 32-8-13 pump (site 1),f97377a3-6539-450f-9b74-ae0401115ca1,Symo 24.0-3 480 (3),,,24.0,parsed_from_inverter_name,174.25,,
fronius,2025-08-24,c3c803c9-49a6-4c83-9884-7f28e9244f2b,Penner Farms - 32-8-13 pump (site 1),71ba6d53-c04f-476f-9da3-ae0401115c8e,Symo  24.0-3 480 (1),,,24.0,parsed_from_inverter_name,172.32,,
fronius,2025-08-24,c3c803c9-49a6-4c83-9884-7f28e9244f2b,Penner Farms - 32-8-13 pump (site 1),528b81d7-df8d-4f62-9b35-ae0401115c98,Symo  24.0-3 480 (2),,,24.0,parsed_from_inverter_name,168.38,,
fronius,2025-08-24,c3c803c9-49a6-4c83-9884-7f28e9244f2b,Penner Farms - 32-8-13 pump (site 1),f97377a3-6539-450f-9b74-ae0401115ca1,Symo 24.0-3 480 (3),,,24.0,parsed_from_inverter_name,173.59,,
fronius,2025-08-25,c3c803c9-49a6-4c83-9884-7f28e9244f2b,Penner Farms - 32-8-13 pump (site 1),71ba6d53-c04f-476f-9da3-ae0401115c8e,Symo  24.0-3 480 (1),,,24.0,parsed_from_inverter_name,167.43,,
fronius,2025-08-25,c3c803c9-49a6-4c83-9884-7f28e9244f2b,Penner Farms - 32-8-13 pump (site 1),528b81d7-df8d-4f62-9b35-ae0401115c98,Symo  24.0-3 480 (2),,,24.0,parsed_from_inverter_name,164.01,,
fronius,2025-08-25,c3c803c9-49a6-4c83-9884-7f28e9244f2b,Penner Farms - 32-8-13 pump (site 1),f97377a3-6539-450f-9b74-ae0401115ca1,Symo 24.0-3 480 (3),,,24.0,parsed_from_inverter_name,168.56,,
fronius,2025-08-26,c3c803c9-49a6-4c83-9884-7f28e9244f2b,Penner Farms - 32-8-13 pump (site 1),71ba6d53-c04f-476f-9da3-ae0401115c8e,Symo  24.0-3 480 (1),,,24.0,parsed_from_inverter_name,165.38,,
fronius,2025-08-26,c3c803c9-49a6-4c83-9884-7f28e9244f2b,Penner Farms - 32-8-13 pump (site 1),528b81d7-df8d-4f62-9b35-ae0401115c98,Symo  24.0-3 480 (2),,,24.0,parsed_from_inverter_name,161.7,,
fronius,2025-08-26,c3c803c9-49a6-4c83-9884-7f28e9244f2b,Penner Farms - 32-8-13 pump (site 1),f97377a3-6539-450f-9b74-ae0401115ca1,Symo 24.0-3 480 (3),,,24.0,parsed_from_inverter_name,166.57,,
fronius,2025-08-27,c3c803c9-49a6-4c83-9884-7f28e9244f2b,Penner Farms - 32-8-13 pump (site 1),71ba6d53-c04f-476f-9da3-ae0401115c8e,Symo  24.0-3 480 (1),,,24.0,parsed_from_inverter_name,160.89,,
fronius,2025-08-27,c3c803c9-49a6-4c83-9884-7f28e9244f2b,Penner Farms - 32-8-13 pump (site 1),528b81d7-df8d-4f62-9b35-ae0401115c98,Symo  24.0-3 480 (2),,,24.0,parsed_from_inverter_name,157.12,,
fronius,2025-08-27,c3c803c9-49a6-4c83-9884-7f28e9244f2b,Penner Farms - 32-8-13 pump (site 1),f97377a3-6539-450f-9b74-ae0401115ca1,Symo 24.0-3 480 (3),,,24.0,parsed_from_inverter_name,161.83,,
fronius,2025-08-28,c3c803c9-49a6-4c83-9884-7f28e9244f2b,Penner Farms - 32-8-13 pump (site 1),71ba6d53-c04f-476f-9da3-ae0401115c8e,Symo  24.0-3 480 (1),,,24.0,parsed_from_inverter_name,56.41,,
fronius,2025-08-28,c3c803c9-49a6-4c83-9884-7f28e9244f2b,Penner Farms - 32-8-13 pump (site 1),528b81d7-df8d-4f62-9b35-ae0401115c98,Symo  24.0-3 480 (2),,,24.0,parsed_from_inverter_name,55.28,,
fronius,2025-08-28,c3c803c9-49a6-4c83-9884-7f28e9244f2b,Penner Farms - 32-8-13 pump (site 1),f97377a3-6539-450f-9b74-ae0401115ca1,Symo 24.0-3 480 (3),,,24.0,parsed_from_inverter_name,57.14,,
fronius,2025-08-29,c3c803c9-49a6-4c83-9884-7f28e9244f2b,Penner Farms - 32-8-13 pump (site 1),71ba6d53-c04f-476f-9da3-ae0401115c8e,Symo  24.0-3 480 (1),,,24.0,parsed_from_inverter_name,105.38,,
fronius,2025-08-29,c3c803c9-49a6-4c83-9884-7f28e9244f2b,Penner Farms - 32-8-13 pump (site 1),528b81d7-df8d-4f62-9b35-ae0401115c98,Symo  24.0-3 480 (2),,,24.0,parsed_from_inverter_name,103.22,,
fronius,2025-08-29,c3c803c9-49a6-4c83-9884-7f28e9244f2b,Penner Farms - 32-8-13 pump (site 1),f97377a3-6539-450f-9b74-ae0401115ca1,Symo 24.0-3 480 (3),,,24.0,parsed_from_inverter_name,106.76,,
fronius,2025-08-30,c3c803c9-49a6-4c83-9884-7f28e9244f2b,Penner Farms - 32-8-13 pump (site 1),71ba6d53-c04f-476f-9da3-ae0401115c8e,Symo  24.0-3 480 (1),,,24.0,parsed_from_inverter_name,167.93,,
fronius,2025-08-30,c3c803c9-49a6-4c83-9884-7f28e9244f2b,Penner Farms - 32-8-13 pump (site 1),528b81d7-df8d-4f62-9b35-ae0401115c98,Symo  24.0-3 480 (2),,,24.0,parsed_from_inverter_name,164.27,,
fronius,2025-08-30,c3c803c9-49a6-4c83-9884-7f28e9244f2b,Penner Farms - 32-8-13 pump (site 1),f97377a3-6539-450f-9b74-ae0401115ca1,Symo 24.0-3 480 (3),,,24.0,parsed_from_inverter_name,168.65,,
fronius,2025-08-31,c3c803c9-49a6-4c83-9884-7f28e9244f2b,Penner Farms - 32-8-13 pump (site 1),71ba6d53-c04f-476f-9da3-ae0401115c8e,Symo  24.0-3 480 (1),,,24.0,parsed_from_inverter_name,165.68,,
fronius,2025-08-31,c3c803c9-49a6-4c83-9884-7f28e9244f2b,Penner Farms - 32-8-13 pump (site 1),528b81d7-df8d-4f62-9b35-ae0401115c98,Symo  24.0-3 480 (2),,,24.0,parsed_from_inverter_name,163.57,,
fronius,2025-08-31,c3c803c9-49a6-4c83-9884-7f28e9244f2b,Penner Farms - 32-8-13 pump (site 1),f97377a3-6539-450f-9b74-ae0401115ca1,Symo 24.0-3 480 (3),,,24.0,parsed_from_inverter_name,167.3,,
fronius,2025-09-01,c3c803c9-49a6-4c83-9884-7f28e9244f2b,Penner Farms - 32-8-13 pump (site 1),71ba6d53-c04f-476f-9da3-ae0401115c8e,Symo  24.0-3 480 (1),,,24.0,parsed_from_inverter_name,156.5,,
fronius,2025-09-01,c3c803c9-49a6-4c83-9884-7f28e9244f2b,Penner Farms - 32-8-13 pump (site 1),528b81d7-df8d-4f62-9b35-ae0401115c98,Symo  24.0-3 480 (2),,,24.0,parsed_from_inverter_name,153.39,,
fronius,2025-09-01,c3c803c9-49a6-4c83-9884-7f28e9244f2b,Penner Farms - 32-8-13 pump (site 1),f97377a3-6539-450f-9b74-ae0401115ca1,Symo 24.0-3 480 (3),,,24.0,parsed_from_inverter_name,157.34,,
fronius,2025-09-02,c3c803c9-49a6-4c83-9884-7f28e9244f2b,Penner Farms - 32-8-13 pump (site 1),71ba6d53-c04f-476f-9da3-ae0401115c8e,Symo  24.0-3 480 (1),,,24.0,parsed_from_inverter_name,136.12,,
fronius,2025-09-02,c3c803c9-49a6-4c83-9884-7f28e9244f2b,Penner Farms - 32-8-13 pump (site 1),528b81d7-df8d-4f62-9b35-ae0401115c98,Symo  24.0-3 480 (2),,,24.0,parsed_from_inverter_name,133.56,,
fronius,2025-09-02,c3c803c9-49a6-4c83-9884-7f28e9244f2b,Penner Farms - 32-8-13 pump (site 1),f97377a3-6539-450f-9b74-ae0401115ca1,Symo 24.0-3 480 (3),,,24.0,parsed_from_inverter_name,137.41,,
fronius,2025-09-03,c3c803c9-49a6-4c83-9884-7f28e9244f2b,Penner Farms - 32-8-13 pump (site 1),71ba6d53-c04f-476f-9da3-ae0401115c8e,Symo  24.0-3 480 (1),,,24.0,parsed_from_inverter_name,82.68,,
fronius,2025-09-03,c3c803c9-49a6-4c83-9884-7f28e9244f2b,Penner Farms - 32-8-13 pump (site 1),528b81d7-df8d-4f62-9b35-ae0401115c98,Symo  24.0-3 480 (2),,,24.0,parsed_from_inverter_name,80.49,,
fronius,2025-09-03,c3c803c9-49a6-4c83-9884-7f28e9244f2b,Penner Farms - 32-8-13 pump (site 1),f97377a3-6539-450f-9b74-ae0401115ca1,Symo 24.0-3 480 (3),,,24.0,parsed_from_inverter_name,83.27,,
fronius,2025-09-04,c3c803c9-49a6-4c83-9884-7f28e9244f2b,Penner Farms - 32-8-13 pump (site 1),71ba6d53-c04f-476f-9da3-ae0401115c8e,Symo  24.0-3 480 (1),,,24.0,parsed_from_inverter_name,148.44,,
fronius,2025-09-04,c3c803c9-49a6-4c83-9884-7f28e9244f2b,Penner Farms - 32-8-13 pump (site 1),528b81d7-df8d-4f62-9b35-ae0401115c98,Symo  24.0-3 480 (2),,,24.0,parsed_from_inverter_name,146.53,,
fronius,2025-09-04,c3c803c9-49a6-4c83-9884-7f28e9244f2b,Penner Farms - 32-8-13 pump (site 1),f97377a3-6539-450f-9b74-ae0401115ca1,Symo 24.0-3 480 (3),,,24.0,parsed_from_inverter_name,150.1,,
fronius,2025-09-05,c3c803c9-49a6-4c83-9884-7f28e9244f2b,Penner Farms - 32-8-13 pump (site 1),71ba6d53-c04f-476f-9da3-ae0401115c8e,Symo  24.0-3 480 (1),,,24.0,parsed_from_inverter_name,172.15,,
fronius,2025-09-05,c3c803c9-49a6-4c83-9884-7f28e9244f2b,Penner Farms - 32-8-13 pump (site 1),528b81d7-df8d-4f62-9b35-ae0401115c98,Symo  24.0-3 480 (2),,,24.0,parsed_from_inverter_name,162.92,,
fronius,2025-09-05,c3c803c9-49a6-4c83-9884-7f28e9244f2b,Penner Farms - 32-8-13 pump (site 1),f97377a3-6539-450f-9b74-ae0401115ca1,Symo 24.0-3 480 (3),,,24.0,parsed_from_inverter_name,173.05,,
fronius,2025-09-06,c3c803c9-49a6-4c83-9884-7f28e9244f2b,Penner Farms - 32-8-13 pump (site 1),71ba6d53-c04f-476f-9da3-ae0401115c8e,Symo  24.0-3 480 (1),,,24.0,parsed_from_inverter_name,159.58,,
fronius,2025-09-06,c3c803c9-49a6-4c83-9884-7f28e9244f2b,Penner Farms - 32-8-13 pump (site 1),528b81d7-df8d-4f62-9b35-ae0401115c98,Symo  24.0-3 480 (2),,,24.0,parsed_from_inverter_name,155.97,,
fronius,2025-09-06,c3c803c9-49a6-4c83-9884-7f28e9244f2b,Penner Farms - 32-8-13 pump (site 1),f97377a3-6539-450f-9b74-ae0401115ca1,Symo 24.0-3 480 (3),,,24.0,parsed_from_inverter_name,160.44,,
fronius,2025-09-07,c3c803c9-49a6-4c83-9884-7f28e9244f2b,Penner Farms - 32-8-13 pump (site 1),71ba6d53-c04f-476f-9da3-ae0401115c8e,Symo  24.0-3 480 (1),,,24.0,parsed_from_inverter_name,116.04,,
fronius,2025-09-07,c3c803c9-49a6-4c83-9884-7f28e9244f2b,Penner Farms - 32-8-13 pump (site 1),528b81d7-df8d-4f62-9b35-ae0401115c98,Symo  24.0-3 480 (2),,,24.0,parsed_from_inverter_name,114.23,,
fronius,2025-09-07,c3c803c9-49a6-4c83-9884-7f28e9244f2b,Penner Farms - 32-8-13 pump (site 1),f97377a3-6539-450f-9b74-ae0401115ca1,Symo 24.0-3 480 (3),,,24.0,parsed_from_inverter_name,117.52,,
fronius,2025-09-08,c3c803c9-49a6-4c83-9884-7f28e9244f2b,Penner Farms - 32-8-13 pump (site 1),71ba6d53-c04f-476f-9da3-ae0401115c8e,Symo  24.0-3 480 (1),,,24.0,parsed_from_inverter_name,64.56,,
fronius,2025-09-08,c3c803c9-49a6-4c83-9884-7f28e9244f2b,Penner Farms - 32-8-13 pump (site 1),528b81d7-df8d-4f62-9b35-ae0401115c98,Symo  24.0-3 480 (2),,,24.0,parsed_from_inverter_name,63.01,,
fronius,2025-09-08,c3c803c9-49a6-4c83-9884-7f28e9244f2b,Penner Farms - 32-8-13 pump (site 1),f97377a3-6539-450f-9b74-ae0401115ca1,Symo 24.0-3 480 (3),,,24.0,parsed_from_inverter_name,65.39,,
fronius,2025-09-09,c3c803c9-49a6-4c83-9884-7f28e9244f2b,Penner Farms - 32-8-13 pump (site 1),71ba6d53-c04f-476f-9da3-ae0401115c8e,Symo  24.0-3 480 (1),,,24.0,parsed_from_inverter_name,151.11,,
fronius,2025-09-09,c3c803c9-49a6-4c83-9884-7f28e9244f2b,Penner Farms - 32-8-13 pump (site 1),528b81d7-df8d-4f62-9b35-ae0401115c98,Symo  24.0-3 480 (2),,,24.0,parsed_from_inverter_name,148.2,,
fronius,2025-09-09,c3c803c9-49a6-4c83-9884-7f28e9244f2b,Penner Farms - 32-8-13 pump (site 1),f97377a3-6539-450f-9b74-ae0401115ca1,Symo 24.0-3 480 (3),,,24.0,parsed_from_inverter_name,152.07,,
fronius,2025-09-10,c3c803c9-49a6-4c83-9884-7f28e9244f2b,Penner Farms - 32-8-13 pump (site 1),71ba6d53-c04f-476f-9da3-ae0401115c8e,Symo  24.0-3 480 (1),,,24.0,parsed_from_inverter_name,44.84,,
fronius,2025-09-10,c3c803c9-49a6-4c83-9884-7f28e9244f2b,Penner Farms - 32-8-13 pump (site 1),528b81d7-df8d-4f62-9b35-ae0401115c98,Symo  24.0-3 480 (2),,,24.0,parsed_from_inverter_name,43.9,,
fronius,2025-09-10,c3c803c9-49a6-4c83-9884-7f28e9244f2b,Penner Farms - 32-8-13 pump (site 1),f97377a3-6539-450f-9b74-ae0401115ca1,Symo 24.0-3 480 (3),,,24.0,parsed_from_inverter_name,45.61,,
fronius,2025-09-11,c3c803c9-49a6-4c83-9884-7f28e9244f2b,Penner Farms - 32-8-13 pump (site 1),71ba6d53-c04f-476f-9da3-ae0401115c8e,Symo  24.0-3 480 (1),,,24.0,parsed_from_inverter_name,150.9,,
fronius,2025-09-11,c3c803c9-49a6-4c83-9884-7f28e9244f2b,Penner Farms - 32-8-13 pump (site 1),528b81d7-df8d-4f62-9b35-ae0401115c98,Symo  24.0-3 480 (2),,,24.0,parsed_from_inverter_name,148.72,,
fronius,2025-09-11,c3c803c9-49a6-4c83-9884-7f28e9244f2b,Penner Farms - 32-8-13 pump (site 1),f97377a3-6539-450f-9b74-ae0401115ca1,Symo 24.0-3 480 (3),,,24.0,parsed_from_inverter_name,152.18,,
fronius,2025-09-12,c3c803c9-49a6-4c83-9884-7f28e9244f2b,Penner Farms - 32-8-13 pump (site 1),71ba6d53-c04f-476f-9da3-ae0401115c8e,Symo  24.0-3 480 (1),,,24.0,parsed_from_inverter_name,127.52,,
fronius,2025-09-12,c3c803c9-49a6-4c83-9884-7f28e9244f2b,Penner Farms - 32-8-13 pump (site 1),528b81d7-df8d-4f62-9b35-ae0401115c98,Symo  24.0-3 480 (2),,,24.0,parsed_from_inverter_name,124.65,,
fronius,2025-09-12,c3c803c9-49a6-4c83-9884-7f28e9244f2b,Penner Farms - 32-8-13 pump (site 1),f97377a3-6539-450f-9b74-ae0401115ca1,Symo 24.0-3 480 (3),,,24.0,parsed_from_inverter_name,128.49,,
fronius,2025-09-13,c3c803c9-49a6-4c83-9884-7f28e9244f2b,Penner Farms - 32-8-13 pump (site 1),71ba6d53-c04f-476f-9da3-ae0401115c8e,Symo  24.0-3 480 (1),,,24.0,parsed_from_inverter_name,156.29,,
fronius,2025-09-13,c3c803c9-49a6-4c83-9884-7f28e9244f2b,Penner Farms - 32-8-13 pump (site 1),528b81d7-df8d-4f62-9b35-ae0401115c98,Symo  24.0-3 480 (2),,,24.0,parsed_from_inverter_name,153.59,,
fronius,2025-09-13,c3c803c9-49a6-4c83-9884-7f28e9244f2b,Penner Farms - 32-8-13 pump (site 1),f97377a3-6539-450f-9b74-ae0401115ca1,Symo 24.0-3 480 (3),,,24.0,parsed_from_inverter_name,156.9,,
fronius,2025-09-14,c3c803c9-49a6-4c83-9884-7f28e9244f2b,Penner Farms - 32-8-13 pump (site 1),71ba6d53-c04f-476f-9da3-ae0401115c8e,Symo  24.0-3 480 (1),,,24.0,parsed_from_inverter_name,128.97,,
fronius,2025-09-14,c3c803c9-49a6-4c83-9884-7f28e9244f2b,Penner Farms - 32-8-13 pump (site 1),528b81d7-df8d-4f62-9b35-ae0401115c98,Symo  24.0-3 480 (2),,,24.0,parsed_from_inverter_name,126.74,,
fronius,2025-09-14,c3c803c9-49a6-4c83-9884-7f28e9244f2b,Penner Farms - 32-8-13 pump (site 1),f97377a3-6539-450f-9b74-ae0401115ca1,Symo 24.0-3 480 (3),,,24.0,parsed_from_inverter_name,130.66,,
fronius,2025-09-15,c3c803c9-49a6-4c83-9884-7f28e9244f2b,Penner Farms - 32-8-13 pump (site 1),71ba6d53-c04f-476f-9da3-ae0401115c8e,Symo  24.0-3 480 (1),,,24.0,parsed_from_inverter_name,111.42,,
fronius,2025-09-15,c3c803c9-49a6-4c83-9884-7f28e9244f2b,Penner Farms - 32-8-13 pump (site 1),528b81d7-df8d-4f62-9b35-ae0401115c98,Symo  24.0-3 480 (2),,,24.0,parsed_from_inverter_name,109.98,,
fronius,2025-09-15,c3c803c9-49a6-4c83-9884-7f28e9244f2b,Penner Farms - 32-8-13 pump (site 1),f97377a3-6539-450f-9b74-ae0401115ca1,Symo 24.0-3 480 (3),,,24.0,parsed_from_inverter_name,112.34,,
fronius,2025-09-16,c3c803c9-49a6-4c83-9884-7f28e9244f2b,Penner Farms - 32-8-13 pump (site 1),71ba6d53-c04f-476f-9da3-ae0401115c8e,Symo  24.0-3 480 (1),,,24.0,parsed_from_inverter_name,160.23,,
fronius,2025-09-16,c3c803c9-49a6-4c83-9884-7f28e9244f2b,Penner Farms - 32-8-13 pump (site 1),528b81d7-df8d-4f62-9b35-ae0401115c98,Symo  24.0-3 480 (2),,,24.0,parsed_from_inverter_name,158.6,,
fronius,2025-09-16,c3c803c9-49a6-4c83-9884-7f28e9244f2b,Penner Farms - 32-8-13 pump (site 1),f97377a3-6539-450f-9b74-ae0401115ca1,Symo 24.0-3 480 (3),,,24.0,parsed_from_inverter_name,161.5,,
fronius,2025-09-17,c3c803c9-49a6-4c83-9884-7f28e9244f2b,Penner Farms - 32-8-13 pump (site 1),71ba6d53-c04f-476f-9da3-ae0401115c8e,Symo  24.0-3 480 (1),,,24.0,parsed_from_inverter_name,162.8,,
fronius,2025-09-17,c3c803c9-49a6-4c83-9884-7f28e9244f2b,Penner Farms - 32-8-13 pump (site 1),528b81d7-df8d-4f62-9b35-ae0401115c98,Symo  24.0-3 480 (2),,,24.0,parsed_from_inverter_name,159.76,,
fronius,2025-09-17,c3c803c9-49a6-4c83-9884-7f28e9244f2b,Penner Farms - 32-8-13 pump (site 1),f97377a3-6539-450f-9b74-ae0401115ca1,Symo 24.0-3 480 (3),,,24.0,parsed_from_inverter_name,163.77,,
fronius,2025-09-18,c3c803c9-49a6-4c83-9884-7f28e9244f2b,Penner Farms - 32-8-13 pump (site 1),71ba6d53-c04f-476f-9da3-ae0401115c8e,Symo  24.0-3 480 (1),,,24.0,parsed_from_inverter_name,159.58,,
fronius,2025-09-18,c3c803c9-49a6-4c83-9884-7f28e9244f2b,Penner Farms - 32-8-13 pump (site 1),528b81d7-df8d-4f62-9b35-ae0401115c98,Symo  24.0-3 480 (2),,,24.0,parsed_from_inverter_name,156.92,,
fronius,2025-09-18,c3c803c9-49a6-4c83-9884-7f28e9244f2b,Penner Farms - 32-8-13 pump (site 1),f97377a3-6539-450f-9b74-ae0401115ca1,Symo 24.0-3 480 (3),,,24.0,parsed_from_inverter_name,161.1,,
fronius,2025-09-19,c3c803c9-49a6-4c83-9884-7f28e9244f2b,Penner Farms - 32-8-13 pump (site 1),71ba6d53-c04f-476f-9da3-ae0401115c8e,Symo  24.0-3 480 (1),,,24.0,parsed_from_inverter_name,149.1,,
fronius,2025-09-19,c3c803c9-49a6-4c83-9884-7f28e9244f2b,Penner Farms - 32-8-13 pump (site 1),528b81d7-df8d-4f62-9b35-ae0401115c98,Symo  24.0-3 480 (2),,,24.0,parsed_from_inverter_name,147.33,,
fronius,2025-09-19,c3c803c9-49a6-4c83-9884-7f28e9244f2b,Penner Farms - 32-8-13 pump (site 1),f97377a3-6539-450f-9b74-ae0401115ca1,Symo 24.0-3 480 (3),,,24.0,parsed_from_inverter_name,150.97,,
fronius,2025-09-20,c3c803c9-49a6-4c83-9884-7f28e9244f2b,Penner Farms - 32-8-13 pump (site 1),71ba6d53-c04f-476f-9da3-ae0401115c8e,Symo  24.0-3 480 (1),,,24.0,parsed_from_inverter_name,156.7,,
fronius,2025-09-20,c3c803c9-49a6-4c83-9884-7f28e9244f2b,Penner Farms - 32-8-13 pump (site 1),528b81d7-df8d-4f62-9b35-ae0401115c98,Symo  24.0-3 480 (2),,,24.0,parsed_from_inverter_name,154.7,,
fronius,2025-09-20,c3c803c9-49a6-4c83-9884-7f28e9244f2b,Penner Farms - 32-8-13 pump (site 1),f97377a3-6539-450f-9b74-ae0401115ca1,Symo 24.0-3 480 (3),,,24.0,parsed_from_inverter_name,158.71,,
fronius,2025-09-21,c3c803c9-49a6-4c83-9884-7f28e9244f2b,Penner Farms - 32-8-13 pump (site 1),71ba6d53-c04f-476f-9da3-ae0401115c8e,Symo  24.0-3 480 (1),,,24.0,parsed_from_inverter_name,135.2,,
fronius,2025-09-21,c3c803c9-49a6-4c83-9884-7f28e9244f2b,Penner Farms - 32-8-13 pump (site 1),528b81d7-df8d-4f62-9b35-ae0401115c98,Symo  24.0-3 480 (2),,,24.0,parsed_from_inverter_name,133.38,,
fronius,2025-09-21,c3c803c9-49a6-4c83-9884-7f28e9244f2b,Penner Farms - 32-8-13 pump (site 1),f97377a3-6539-450f-9b74-ae0401115ca1,Symo 24.0-3 480 (3),,,24.0,parsed_from_inverter_name,136.74,,
fronius,2025-09-22,c3c803c9-49a6-4c83-9884-7f28e9244f2b,Penner Farms - 32-8-13 pump (site 1),71ba6d53-c04f-476f-9da3-ae0401115c8e,Symo  24.0-3 480 (1),,,24.0,parsed_from_inverter_name,160.64,,
fronius,2025-09-22,c3c803c9-49a6-4c83-9884-7f28e9244f2b,Penner Farms - 32-8-13 pump (site 1),528b81d7-df8d-4f62-9b35-ae0401115c98,Symo  24.0-3 480 (2),,,24.0,parsed_from_inverter_name,158.91,,
fronius,2025-09-22,c3c803c9-49a6-4c83-9884-7f28e9244f2b,Penner Farms - 32-8-13 pump (site 1),f97377a3-6539-450f-9b74-ae0401115ca1,Symo 24.0-3 480 (3),,,24.0,parsed_from_inverter_name,161.91,,
fronius,2025-09-23,c3c803c9-49a6-4c83-9884-7f28e9244f2b,Penner Farms - 32-8-13 pump (site 1),71ba6d53-c04f-476f-9da3-ae0401115c8e,Symo  24.0-3 480 (1),,,24.0,parsed_from_inverter_name,157.56,,
fronius,2025-09-23,c3c803c9-49a6-4c83-9884-7f28e9244f2b,Penner Farms - 32-8-13 pump (site 1),528b81d7-df8d-4f62-9b35-ae0401115c98,Symo  24.0-3 480 (2),,,24.0,parsed_from_inverter_name,155.56,,
fronius,2025-09-23,c3c803c9-49a6-4c83-9884-7f28e9244f2b,Penner Farms - 32-8-13 pump (site 1),f97377a3-6539-450f-9b74-ae0401115ca1,Symo 24.0-3 480 (3),,,24.0,parsed_from_inverter_name,159.56,,
fronius,2025-09-24,c3c803c9-49a6-4c83-9884-7f28e9244f2b,Penner Farms - 32-8-13 pump (site 1),71ba6d53-c04f-476f-9da3-ae0401115c8e,Symo  24.0-3 480 (1),,,24.0,parsed_from_inverter_name,163.17,,
fronius,2025-09-24,c3c803c9-49a6-4c83-9884-7f28e9244f2b,Penner Farms - 32-8-13 pump (site 1),528b81d7-df8d-4f62-9b35-ae0401115c98,Symo  24.0-3 480 (2),,,24.0,parsed_from_inverter_name,161.57,,
fronius,2025-09-24,c3c803c9-49a6-4c83-9884-7f28e9244f2b,Penner Farms - 32-8-13 pump (site 1),f97377a3-6539-450f-9b74-ae0401115ca1,Symo 24.0-3 480 (3),,,24.0,parsed_from_inverter_name,164.3,,
fronius,2025-09-25,c3c803c9-49a6-4c83-9884-7f28e9244f2b,Penner Farms - 32-8-13 pump (site 1),71ba6d53-c04f-476f-9da3-ae0401115c8e,Symo  24.0-3 480 (1),,,24.0,parsed_from_inverter_name,157.54,,
fronius,2025-09-25,c3c803c9-49a6-4c83-9884-7f28e9244f2b,Penner Farms - 32-8-13 pump (site 1),528b81d7-df8d-4f62-9b35-ae0401115c98,Symo  24.0-3 480 (2),,,24.0,parsed_from_inverter_name,155.11,,
fronius,2025-09-25,c3c803c9-49a6-4c83-9884-7f28e9244f2b,Penner Farms - 32-8-13 pump (site 1),f97377a3-6539-450f-9b74-ae0401115ca1,Symo 24.0-3 480 (3),,,24.0,parsed_from_inverter_name,159.91,,
fronius,2025-09-26,c3c803c9-49a6-4c83-9884-7f28e9244f2b,Penner Farms - 32-8-13 pump (site 1),71ba6d53-c04f-476f-9da3-ae0401115c8e,Symo  24.0-3 480 (1),,,24.0,parsed_from_inverter_name,153.24,,
fronius,2025-09-26,c3c803c9-49a6-4c83-9884-7f28e9244f2b,Penner Farms - 32-8-13 pump (site 1),528b81d7-df8d-4f62-9b35-ae0401115c98,Symo  24.0-3 480 (2),,,24.0,parsed_from_inverter_name,151.7,,
fronius,2025-09-26,c3c803c9-49a6-4c83-9884-7f28e9244f2b,Penner Farms - 32-8-13 pump (site 1),f97377a3-6539-450f-9b74-ae0401115ca1,Symo 24.0-3 480 (3),,,24.0,parsed_from_inverter_name,154.98,,
fronius,2025-09-27,c3c803c9-49a6-4c83-9884-7f28e9244f2b,Penner Farms - 32-8-13 pump (site 1),71ba6d53-c04f-476f-9da3-ae0401115c8e,Symo  24.0-3 480 (1),,,24.0,parsed_from_inverter_name,55.48,,
fronius,2025-09-27,c3c803c9-49a6-4c83-9884-7f28e9244f2b,Penner Farms - 32-8-13 pump (site 1),528b81d7-df8d-4f62-9b35-ae0401115c98,Symo  24.0-3 480 (2),,,24.0,parsed_from_inverter_name,54.47,,
fronius,2025-09-27,c3c803c9-49a6-4c83-9884-7f28e9244f2b,Penner Farms - 32-8-13 pump (site 1),f97377a3-6539-450f-9b74-ae0401115ca1,Symo 24.0-3 480 (3),,,24.0,parsed_from_inverter_name,56.39,,
fronius,2025-09-28,c3c803c9-49a6-4c83-9884-7f28e9244f2b,Penner Farms - 32-8-13 pump (site 1),71ba6d53-c04f-476f-9da3-ae0401115c8e,Symo  24.0-3 480 (1),,,24.0,parsed_from_inverter_name,131.28,,
fronius,2025-09-28,c3c803c9-49a6-4c83-9884-7f28e9244f2b,Penner Farms - 32-8-13 pump (site 1),528b81d7-df8d-4f62-9b35-ae0401115c98,Symo  24.0-3 480 (2),,,24.0,parsed_from_inverter_name,129.45,,
fronius,2025-09-28,c3c803c9-49a6-4c83-9884-7f28e9244f2b,Penner Farms - 32-8-13 pump (site 1),f97377a3-6539-450f-9b74-ae0401115ca1,Symo 24.0-3 480 (3),,,24.0,parsed_from_inverter_name,132.38,,
fronius,2025-09-29,c3c803c9-49a6-4c83-9884-7f28e9244f2b,Penner Farms - 32-8-13 pump (site 1),71ba6d53-c04f-476f-9da3-ae0401115c8e,Symo  24.0-3 480 (1),,,24.0,parsed_from_inverter_name,144.75,,
fronius,2025-09-29,c3c803c9-49a6-4c83-9884-7f28e9244f2b,Penner Farms - 32-8-13 pump (site 1),528b81d7-df8d-4f62-9b35-ae0401115c98,Symo  24.0-3 480 (2),,,24.0,parsed_from_inverter_name,142.26,,
fronius,2025-09-29,c3c803c9-49a6-4c83-9884-7f28e9244f2b,Penner Farms - 32-8-13 pump (site 1),f97377a3-6539-450f-9b74-ae0401115ca1,Symo 24.0-3 480 (3),,,24.0,parsed_from_inverter_name,146.79,,
fronius,2025-09-30,c3c803c9-49a6-4c83-9884-7f28e9244f2b,Penner Farms - 32-8-13 pump (site 1),71ba6d53-c04f-476f-9da3-ae0401115c8e,Symo  24.0-3 480 (1),,,24.0,parsed_from_inverter_name,74.46,,
fronius,2025-09-30,c3c803c9-49a6-4c83-9884-7f28e9244f2b,Penner Farms - 32-8-13 pump (site 1),528b81d7-df8d-4f62-9b35-ae0401115c98,Symo  24.0-3 480 (2),,,24.0,parsed_from_inverter_name,73.16,,
fronius,2025-09-30,c3c803c9-49a6-4c83-9884-7f28e9244f2b,Penner Farms - 32-8-13 pump (site 1),f97377a3-6539-450f-9b74-ae0401115ca1,Symo 24.0-3 480 (3),,,24.0,parsed_from_inverter_name,75.56,,
fronius,2025-10-01,c3c803c9-49a6-4c83-9884-7f28e9244f2b,Penner Farms - 32-8-13 pump (site 1),71ba6d53-c04f-476f-9da3-ae0401115c8e,Symo  24.0-3 480 (1),,,24.0,parsed_from_inverter_name,101.27,,
fronius,2025-10-01,c3c803c9-49a6-4c83-9884-7f28e9244f2b,Penner Farms - 32-8-13 pump (site 1),528b81d7-df8d-4f62-9b35-ae0401115c98,Symo  24.0-3 480 (2),,,24.0,parsed_from_inverter_name,99.77,,
fronius,2025-10-01,c3c803c9-49a6-4c83-9884-7f28e9244f2b,Penner Farms - 32-8-13 pump (site 1),f97377a3-6539-450f-9b74-ae0401115ca1,Symo 24.0-3 480 (3),,,24.0,parsed_from_inverter_name,102.61,,
fronius,2025-10-02,c3c803c9-49a6-4c83-9884-7f28e9244f2b,Penner Farms - 32-8-13 pump (site 1),71ba6d53-c04f-476f-9da3-ae0401115c8e,Symo  24.0-3 480 (1),,,24.0,parsed_from_inverter_name,89.96,,
fronius,2025-10-02,c3c803c9-49a6-4c83-9884-7f28e9244f2b,Penner Farms - 32-8-13 pump (site 1),528b81d7-df8d-4f62-9b35-ae0401115c98,Symo  24.0-3 480 (2),,,24.0,parsed_from_inverter_name,88.63,,
fronius,2025-10-02,c3c803c9-49a6-4c83-9884-7f28e9244f2b,Penner Farms - 32-8-13 pump (site 1),f97377a3-6539-450f-9b74-ae0401115ca1,Symo 24.0-3 480 (3),,,24.0,parsed_from_inverter_name,91.12,,
fronius,2025-10-03,c3c803c9-49a6-4c83-9884-7f28e9244f2b,Penner Farms - 32-8-13 pump (site 1),71ba6d53-c04f-476f-9da3-ae0401115c8e,Symo  24.0-3 480 (1),,,24.0,parsed_from_inverter_name,110.83,,
fronius,2025-10-03,c3c803c9-49a6-4c83-9884-7f28e9244f2b,Penner Farms - 32-8-13 pump (site 1),528b81d7-df8d-4f62-9b35-ae0401115c98,Symo  24.0-3 480 (2),,,24.0,parsed_from_inverter_name,109.92,,
fronius,2025-10-03,c3c803c9-49a6-4c83-9884-7f28e9244f2b,Penner Farms - 32-8-13 pump (site 1),f97377a3-6539-450f-9b74-ae0401115ca1,Symo 24.0-3 480 (3),,,24.0,parsed_from_inverter_name,112.19,,
fronius,2025-10-04,c3c803c9-49a6-4c83-9884-7f28e9244f2b,Penner Farms - 32-8-13 pump (site 1),71ba6d53-c04f-476f-9da3-ae0401115c8e,Symo  24.0-3 480 (1),,,24.0,parsed_from_inverter_name,15.09,,
fronius,2025-10-04,c3c803c9-49a6-4c83-9884-7f28e9244f2b,Penner Farms - 32-8-13 pump (site 1),528b81d7-df8d-4f62-9b35-ae0401115c98,Symo  24.0-3 480 (2),,,24.0,parsed_from_inverter_name,14.68,,
fronius,2025-10-04,c3c803c9-49a6-4c83-9884-7f28e9244f2b,Penner Farms - 32-8-13 pump (site 1),f97377a3-6539-450f-9b74-ae0401115ca1,Symo 24.0-3 480 (3),,,24.0,parsed_from_inverter_name,15.35,,
fronius,2025-10-05,c3c803c9-49a6-4c83-9884-7f28e9244f2b,Penner Farms - 32-8-13 pump (site 1),71ba6d53-c04f-476f-9da3-ae0401115c8e,Symo  24.0-3 480 (1),,,24.0,parsed_from_inverter_name,142.78,,
fronius,2025-10-05,c3c803c9-49a6-4c83-9884-7f28e9244f2b,Penner Farms - 32-8-13 pump (site 1),528b81d7-df8d-4f62-9b35-ae0401115c98,Symo  24.0-3 480 (2),,,24.0,parsed_from_inverter_name,141.58,,
fronius,2025-10-05,c3c803c9-49a6-4c83-9884-7f28e9244f2b,Penner Farms - 32-8-13 pump (site 1),f97377a3-6539-450f-9b74-ae0401115ca1,Symo 24.0-3 480 (3),,,24.0,parsed_from_inverter_name,144.29,,
fronius,2025-10-06,c3c803c9-49a6-4c83-9884-7f28e9244f2b,Penner Farms - 32-8-13 pump (site 1),71ba6d53-c04f-476f-9da3-ae0401115c8e,Symo  24.0-3 480 (1),,,24.0,parsed_from_inverter_name,150.72,,
fronius,2025-10-06,c3c803c9-49a6-4c83-9884-7f28e9244f2b,Penner Farms - 32-8-13 pump (site 1),528b81d7-df8d-4f62-9b35-ae0401115c98,Symo  24.0-3 480 (2),,,24.0,parsed_from_inverter_name,148.89,,
fronius,2025-10-06,c3c803c9-49a6-4c83-9884-7f28e9244f2b,Penner Farms - 32-8-13 pump (site 1),f97377a3-6539-450f-9b74-ae0401115ca1,Symo 24.0-3 480 (3),,,24.0,parsed_from_inverter_name,152.01,,
fronius,2025-10-07,c3c803c9-49a6-4c83-9884-7f28e9244f2b,Penner Farms - 32-8-13 pump (site 1),71ba6d53-c04f-476f-9da3-ae0401115c8e,Symo  24.0-3 480 (1),,,24.0,parsed_from_inverter_name,154.66,,
fronius,2025-10-07,c3c803c9-49a6-4c83-9884-7f28e9244f2b,Penner Farms - 32-8-13 pump (site 1),528b81d7-df8d-4f62-9b35-ae0401115c98,Symo  24.0-3 480 (2),,,24.0,parsed_from_inverter_name,152.64,,
fronius,2025-10-07,c3c803c9-49a6-4c83-9884-7f28e9244f2b,Penner Farms - 32-8-13 pump (site 1),f97377a3-6539-450f-9b74-ae0401115ca1,Symo 24.0-3 480 (3),,,24.0,parsed_from_inverter_name,156.87,,
fronius,2025-10-08,c3c803c9-49a6-4c83-9884-7f28e9244f2b,Penner Farms - 32-8-13 pump (site 1),71ba6d53-c04f-476f-9da3-ae0401115c8e,Symo  24.0-3 480 (1),,,24.0,parsed_from_inverter_name,154.89,,
fronius,2025-10-08,c3c803c9-49a6-4c83-9884-7f28e9244f2b,Penner Farms - 32-8-13 pump (site 1),528b81d7-df8d-4f62-9b35-ae0401115c98,Symo  24.0-3 480 (2),,,24.0,parsed_from_inverter_name,153.56,,
fronius,2025-10-08,c3c803c9-49a6-4c83-9884-7f28e9244f2b,Penner Farms - 32-8-13 pump (site 1),f97377a3-6539-450f-9b74-ae0401115ca1,Symo 24.0-3 480 (3),,,24.0,parsed_from_inverter_name,156.24,,
fronius,2025-10-09,c3c803c9-49a6-4c83-9884-7f28e9244f2b,Penner Farms - 32-8-13 pump (site 1),71ba6d53-c04f-476f-9da3-ae0401115c8e,Symo  24.0-3 480 (1),,,24.0,parsed_from_inverter_name,143.51,,
fronius,2025-10-09,c3c803c9-49a6-4c83-9884-7f28e9244f2b,Penner Farms - 32-8-13 pump (site 1),528b81d7-df8d-4f62-9b35-ae0401115c98,Symo  24.0-3 480 (2),,,24.0,parsed_from_inverter_name,141.36,,
fronius,2025-10-09,c3c803c9-49a6-4c83-9884-7f28e9244f2b,Penner Farms - 32-8-13 pump (site 1),f97377a3-6539-450f-9b74-ae0401115ca1,Symo 24.0-3 480 (3),,,24.0,parsed_from_inverter_name,143.94,,
fronius,2025-10-10,c3c803c9-49a6-4c83-9884-7f28e9244f2b,Penner Farms - 32-8-13 pump (site 1),71ba6d53-c04f-476f-9da3-ae0401115c8e,Symo  24.0-3 480 (1),,,24.0,parsed_from_inverter_name,148.43,,
fronius,2025-10-10,c3c803c9-49a6-4c83-9884-7f28e9244f2b,Penner Farms - 32-8-13 pump (site 1),528b81d7-df8d-4f62-9b35-ae0401115c98,Symo  24.0-3 480 (2),,,24.0,parsed_from_inverter_name,145.13,,
fronius,2025-10-10,c3c803c9-49a6-4c83-9884-7f28e9244f2b,Penner Farms - 32-8-13 pump (site 1),f97377a3-6539-450f-9b74-ae0401115ca1,Symo 24.0-3 480 (3),,,24.0,parsed_from_inverter_name,149.47,,
fronius,2025-10-11,c3c803c9-49a6-4c83-9884-7f28e9244f2b,Penner Farms - 32-8-13 pump (site 1),71ba6d53-c04f-476f-9da3-ae0401115c8e,Symo  24.0-3 480 (1),,,24.0,parsed_from_inverter_name,119.9,,
fronius,2025-10-11,c3c803c9-49a6-4c83-9884-7f28e9244f2b,Penner Farms - 32-8-13 pump (site 1),528b81d7-df8d-4f62-9b35-ae0401115c98,Symo  24.0-3 480 (2),,,24.0,parsed_from_inverter_name,120.67,,
fronius,2025-10-11,c3c803c9-49a6-4c83-9884-7f28e9244f2b,Penner Farms - 32-8-13 pump (site 1),f97377a3-6539-450f-9b74-ae0401115ca1,Symo 24.0-3 480 (3),,,24.0,parsed_from_inverter_name,124.24,,
fronius,2025-10-12,c3c803c9-49a6-4c83-9884-7f28e9244f2b,Penner Farms - 32-8-13 pump (site 1),71ba6d53-c04f-476f-9da3-ae0401115c8e,Symo  24.0-3 480 (1),,,24.0,parsed_from_inverter_name,18.68,,
fronius,2025-10-12,c3c803c9-49a6-4c83-9884-7f28e9244f2b,Penner Farms - 32-8-13 pump (site 1),528b81d7-df8d-4f62-9b35-ae0401115c98,Symo  24.0-3 480 (2),,,24.0,parsed_from_inverter_name,18.34,,
fronius,2025-10-12,c3c803c9-49a6-4c83-9884-7f28e9244f2b,Penner Farms - 32-8-13 pump (site 1),f97377a3-6539-450f-9b74-ae0401115ca1,Symo 24.0-3 480 (3),,,24.0,parsed_from_inverter_name,19.0,,
fronius,2025-10-13,c3c803c9-49a6-4c83-9884-7f28e9244f2b,Penner Farms - 32-8-13 pump (site 1),71ba6d53-c04f-476f-9da3-ae0401115c8e,Symo  24.0-3 480 (1),,,24.0,parsed_from_inverter_name,96.26,,
fronius,2025-10-13,c3c803c9-49a6-4c83-9884-7f28e9244f2b,Penner Farms - 32-8-13 pump (site 1),528b81d7-df8d-4f62-9b35-ae0401115c98,Symo  24.0-3 480 (2),,,24.0,parsed_from_inverter_name,94.48,,
fronius,2025-10-13,c3c803c9-49a6-4c83-9884-7f28e9244f2b,Penner Farms - 32-8-13 pump (site 1),f97377a3-6539-450f-9b74-ae0401115ca1,Symo 24.0-3 480 (3),,,24.0,parsed_from_inverter_name,96.86,,
fronius,2025-10-14,c3c803c9-49a6-4c83-9884-7f28e9244f2b,Penner Farms - 32-8-13 pump (site 1),71ba6d53-c04f-476f-9da3-ae0401115c8e,Symo  24.0-3 480 (1),,,24.0,parsed_from_inverter_name,27.23,,
fronius,2025-10-14,c3c803c9-49a6-4c83-9884-7f28e9244f2b,Penner Farms - 32-8-13 pump (site 1),528b81d7-df8d-4f62-9b35-ae0401115c98,Symo  24.0-3 480 (2),,,24.0,parsed_from_inverter_name,26.7,,
fronius,2025-10-14,c3c803c9-49a6-4c83-9884-7f28e9244f2b,Penner Farms - 32-8-13 pump (site 1),f97377a3-6539-450f-9b74-ae0401115ca1,Symo 24.0-3 480 (3),,,24.0,parsed_from_inverter_name,27.58,,
fronius,2025-10-15,c3c803c9-49a6-4c83-9884-7f28e9244f2b,Penner Farms - 32-8-13 pump (site 1),71ba6d53-c04f-476f-9da3-ae0401115c8e,Symo  24.0-3 480 (1),,,24.0,parsed_from_inverter_name,127.64,,
fronius,2025-10-15,c3c803c9-49a6-4c83-9884-7f28e9244f2b,Penner Farms - 32-8-13 pump (site 1),528b81d7-df8d-4f62-9b35-ae0401115c98,Symo  24.0-3 480 (2),,,24.0,parsed_from_inverter_name,125.42,,
fronius,2025-10-15,c3c803c9-49a6-4c83-9884-7f28e9244f2b,Penner Farms - 32-8-13 pump (site 1),f97377a3-6539-450f-9b74-ae0401115ca1,Symo 24.0-3 480 (3),,,24.0,parsed_from_inverter_name,129.71,,
fronius,2025-10-16,c3c803c9-49a6-4c83-9884-7f28e9244f2b,Penner Farms - 32-8-13 pump (site 1),71ba6d53-c04f-476f-9da3-ae0401115c8e,Symo  24.0-3 480 (1),,,24.0,parsed_from_inverter_name,148.46,,
fronius,2025-10-16,c3c803c9-49a6-4c83-9884-7f28e9244f2b,Penner Farms - 32-8-13 pump (site 1),528b81d7-df8d-4f62-9b35-ae0401115c98,Symo  24.0-3 480 (2),,,24.0,parsed_from_inverter_name,146.52,,
fronius,2025-10-16,c3c803c9-49a6-4c83-9884-7f28e9244f2b,Penner Farms - 32-8-13 pump (site 1),f97377a3-6539-450f-9b74-ae0401115ca1,Symo 24.0-3 480 (3),,,24.0,parsed_from_inverter_name,150.21,,
fronius,2025-10-17,c3c803c9-49a6-4c83-9884-7f28e9244f2b,Penner Farms - 32-8-13 pump (site 1),71ba6d53-c04f-476f-9da3-ae0401115c8e,Symo  24.0-3 480 (1),,,24.0,parsed_from_inverter_name,30.11,,
fronius,2025-10-17,c3c803c9-49a6-4c83-9884-7f28e9244f2b,Penner Farms - 32-8-13 pump (site 1),528b81d7-df8d-4f62-9b35-ae0401115c98,Symo  24.0-3 480 (2),,,24.0,parsed_from_inverter_name,29.26,,
fronius,2025-10-17,c3c803c9-49a6-4c83-9884-7f28e9244f2b,Penner Farms - 32-8-13 pump (site 1),f97377a3-6539-450f-9b74-ae0401115ca1,Symo 24.0-3 480 (3),,,24.0,parsed_from_inverter_name,30.74,,
fronius,2025-10-18,c3c803c9-49a6-4c83-9884-7f28e9244f2b,Penner Farms - 32-8-13 pump (site 1),71ba6d53-c04f-476f-9da3-ae0401115c8e,Symo  24.0-3 480 (1),,,24.0,parsed_from_inverter_name,137.47,,
fronius,2025-10-18,c3c803c9-49a6-4c83-9884-7f28e9244f2b,Penner Farms - 32-8-13 pump (site 1),528b81d7-df8d-4f62-9b35-ae0401115c98,Symo  24.0-3 480 (2),,,24.0,parsed_from_inverter_name,135.89,,
fronius,2025-10-18,c3c803c9-49a6-4c83-9884-7f28e9244f2b,Penner Farms - 32-8-13 pump (site 1),f97377a3-6539-450f-9b74-ae0401115ca1,Symo 24.0-3 480 (3),,,24.0,parsed_from_inverter_name,139.09,,
fronius,2025-10-19,c3c803c9-49a6-4c83-9884-7f28e9244f2b,Penner Farms - 32-8-13 pump (site 1),71ba6d53-c04f-476f-9da3-ae0401115c8e,Symo  24.0-3 480 (1),,,24.0,parsed_from_inverter_name,72.01,,
fronius,2025-10-19,c3c803c9-49a6-4c83-9884-7f28e9244f2b,Penner Farms - 32-8-13 pump (site 1),528b81d7-df8d-4f62-9b35-ae0401115c98,Symo  24.0-3 480 (2),,,24.0,parsed_from_inverter_name,71.11,,
fronius,2025-10-19,c3c803c9-49a6-4c83-9884-7f28e9244f2b,Penner Farms - 32-8-13 pump (site 1),f97377a3-6539-450f-9b74-ae0401115ca1,Symo 24.0-3 480 (3),,,24.0,parsed_from_inverter_name,72.9,,
fronius,2025-10-20,c3c803c9-49a6-4c83-9884-7f28e9244f2b,Penner Farms - 32-8-13 pump (site 1),71ba6d53-c04f-476f-9da3-ae0401115c8e,Symo  24.0-3 480 (1),,,24.0,parsed_from_inverter_name,109.67,,
fronius,2025-10-20,c3c803c9-49a6-4c83-9884-7f28e9244f2b,Penner Farms - 32-8-13 pump (site 1),528b81d7-df8d-4f62-9b35-ae0401115c98,Symo  24.0-3 480 (2),,,24.0,parsed_from_inverter_name,110.89,,
fronius,2025-10-20,c3c803c9-49a6-4c83-9884-7f28e9244f2b,Penner Farms - 32-8-13 pump (site 1),f97377a3-6539-450f-9b74-ae0401115ca1,Symo 24.0-3 480 (3),,,24.0,parsed_from_inverter_name,113.32,,
fronius,2025-10-21,c3c803c9-49a6-4c83-9884-7f28e9244f2b,Penner Farms - 32-8-13 pump (site 1),71ba6d53-c04f-476f-9da3-ae0401115c8e,Symo  24.0-3 480 (1),,,24.0,parsed_from_inverter_name,146.98,,
fronius,2025-10-21,c3c803c9-49a6-4c83-9884-7f28e9244f2b,Penner Farms - 32-8-13 pump (site 1),528b81d7-df8d-4f62-9b35-ae0401115c98,Symo  24.0-3 480 (2),,,24.0,parsed_from_inverter_name,145.29,,
fronius,2025-10-21,c3c803c9-49a6-4c83-9884-7f28e9244f2b,Penner Farms - 32-8-13 pump (site 1),f97377a3-6539-450f-9b74-ae0401115ca1,Symo 24.0-3 480 (3),,,24.0,parsed_from_inverter_name,148.55,,
fronius,2025-10-22,c3c803c9-49a6-4c83-9884-7f28e9244f2b,Penner Farms - 32-8-13 pump (site 1),71ba6d53-c04f-476f-9da3-ae0401115c8e,Symo  24.0-3 480 (1),,,24.0,parsed_from_inverter_name,145.51,,
fronius,2025-10-22,c3c803c9-49a6-4c83-9884-7f28e9244f2b,Penner Farms - 32-8-13 pump (site 1),528b81d7-df8d-4f62-9b35-ae0401115c98,Symo  24.0-3 480 (2),,,24.0,parsed_from_inverter_name,142.56,,
fronius,2025-10-22,c3c803c9-49a6-4c83-9884-7f28e9244f2b,Penner Farms - 32-8-13 pump (site 1),f97377a3-6539-450f-9b74-ae0401115ca1,Symo 24.0-3 480 (3),,,24.0,parsed_from_inverter_name,147.58,,
fronius,2025-10-23,c3c803c9-49a6-4c83-9884-7f28e9244f2b,Penner Farms - 32-8-13 pump (site 1),71ba6d53-c04f-476f-9da3-ae0401115c8e,Symo  24.0-3 480 (1),,,24.0,parsed_from_inverter_name,138.02,,
fronius,2025-10-23,c3c803c9-49a6-4c83-9884-7f28e9244f2b,Penner Farms - 32-8-13 pump (site 1),528b81d7-df8d-4f62-9b35-ae0401115c98,Symo  24.0-3 480 (2),,,24.0,parsed_from_inverter_name,136.05,,
fronius,2025-10-23,c3c803c9-49a6-4c83-9884-7f28e9244f2b,Penner Farms - 32-8-13 pump (site 1),f97377a3-6539-450f-9b74-ae0401115ca1,Symo 24.0-3 480 (3),,,24.0,parsed_from_inverter_name,139.74,,
fronius,2025-10-24,c3c803c9-49a6-4c83-9884-7f28e9244f2b,Penner Farms - 32-8-13 pump (site 1),71ba6d53-c04f-476f-9da3-ae0401115c8e,Symo  24.0-3 480 (1),,,24.0,parsed_from_inverter_name,48.8,,
fronius,2025-10-24,c3c803c9-49a6-4c83-9884-7f28e9244f2b,Penner Farms - 32-8-13 pump (site 1),528b81d7-df8d-4f62-9b35-ae0401115c98,Symo  24.0-3 480 (2),,,24.0,parsed_from_inverter_name,47.66,,
fronius,2025-10-24,c3c803c9-49a6-4c83-9884-7f28e9244f2b,Penner Farms - 32-8-13 pump (site 1),f97377a3-6539-450f-9b74-ae0401115ca1,Symo 24.0-3 480 (3),,,24.0,parsed_from_inverter_name,49.84,,
fronius,2025-10-25,c3c803c9-49a6-4c83-9884-7f28e9244f2b,Penner Farms - 32-8-13 pump (site 1),71ba6d53-c04f-476f-9da3-ae0401115c8e,Symo  24.0-3 480 (1),,,24.0,parsed_from_inverter_name,82.89,,
fronius,2025-10-25,c3c803c9-49a6-4c83-9884-7f28e9244f2b,Penner Farms - 32-8-13 pump (site 1),528b81d7-df8d-4f62-9b35-ae0401115c98,Symo  24.0-3 480 (2),,,24.0,parsed_from_inverter_name,81.82,,
fronius,2025-10-25,c3c803c9-49a6-4c83-9884-7f28e9244f2b,Penner Farms - 32-8-13 pump (site 1),f97377a3-6539-450f-9b74-ae0401115ca1,Symo 24.0-3 480 (3),,,24.0,parsed_from_inverter_name,84.11,,
fronius,2025-10-26,c3c803c9-49a6-4c83-9884-7f28e9244f2b,Penner Farms - 32-8-13 pump (site 1),71ba6d53-c04f-476f-9da3-ae0401115c8e,Symo  24.0-3 480 (1),,,24.0,parsed_from_inverter_name,130.56,,
fronius,2025-10-26,c3c803c9-49a6-4c83-9884-7f28e9244f2b,Penner Farms - 32-8-13 pump (site 1),528b81d7-df8d-4f62-9b35-ae0401115c98,Symo  24.0-3 480 (2),,,24.0,parsed_from_inverter_name,128.13,,
fronius,2025-10-26,c3c803c9-49a6-4c83-9884-7f28e9244f2b,Penner Farms - 32-8-13 pump (site 1),f97377a3-6539-450f-9b74-ae0401115ca1,Symo 24.0-3 480 (3),,,24.0,parsed_from_inverter_name,132.61,,
fronius,2025-10-27,c3c803c9-49a6-4c83-9884-7f28e9244f2b,Penner Farms - 32-8-13 pump (site 1),71ba6d53-c04f-476f-9da3-ae0401115c8e,Symo  24.0-3 480 (1),,,24.0,parsed_from_inverter_name,114.0,,
fronius,2025-10-27,c3c803c9-49a6-4c83-9884-7f28e9244f2b,Penner Farms - 32-8-13 pump (site 1),528b81d7-df8d-4f62-9b35-ae0401115c98,Symo  24.0-3 480 (2),,,24.0,parsed_from_inverter_name,112.31,,
fronius,2025-10-27,c3c803c9-49a6-4c83-9884-7f28e9244f2b,Penner Farms - 32-8-13 pump (site 1),f97377a3-6539-450f-9b74-ae0401115ca1,Symo 24.0-3 480 (3),,,24.0,parsed_from_inverter_name,115.28,,
fronius,2025-10-28,c3c803c9-49a6-4c83-9884-7f28e9244f2b,Penner Farms - 32-8-13 pump (site 1),71ba6d53-c04f-476f-9da3-ae0401115c8e,Symo  24.0-3 480 (1),,,24.0,parsed_from_inverter_name,141.66,,
fronius,2025-10-28,c3c803c9-49a6-4c83-9884-7f28e9244f2b,Penner Farms - 32-8-13 pump (site 1),528b81d7-df8d-4f62-9b35-ae0401115c98,Symo  24.0-3 480 (2),,,24.0,parsed_from_inverter_name,139.37,,
fronius,2025-10-28,c3c803c9-49a6-4c83-9884-7f28e9244f2b,Penner Farms - 32-8-13 pump (site 1),f97377a3-6539-450f-9b74-ae0401115ca1,Symo 24.0-3 480 (3),,,24.0,parsed_from_inverter_name,143.54,,
fronius,2025-10-29,c3c803c9-49a6-4c83-9884-7f28e9244f2b,Penner Farms - 32-8-13 pump (site 1),71ba6d53-c04f-476f-9da3-ae0401115c8e,Symo  24.0-3 480 (1),,,24.0,parsed_from_inverter_name,131.44,,
fronius,2025-10-29,c3c803c9-49a6-4c83-9884-7f28e9244f2b,Penner Farms - 32-8-13 pump (site 1),528b81d7-df8d-4f62-9b35-ae0401115c98,Symo  24.0-3 480 (2),,,24.0,parsed_from_inverter_name,129.78,,
fronius,2025-10-29,c3c803c9-49a6-4c83-9884-7f28e9244f2b,Penner Farms - 32-8-13 pump (site 1),f97377a3-6539-450f-9b74-ae0401115ca1,Symo 24.0-3 480 (3),,,24.0,parsed_from_inverter_name,133.45,,
fronius,2025-10-30,c3c803c9-49a6-4c83-9884-7f28e9244f2b,Penner Farms - 32-8-13 pump (site 1),71ba6d53-c04f-476f-9da3-ae0401115c8e,Symo  24.0-3 480 (1),,,24.0,parsed_from_inverter_name,136.86,,
fronius,2025-10-30,c3c803c9-49a6-4c83-9884-7f28e9244f2b,Penner Farms - 32-8-13 pump (site 1),528b81d7-df8d-4f62-9b35-ae0401115c98,Symo  24.0-3 480 (2),,,24.0,parsed_from_inverter_name,134.39,,
fronius,2025-10-30,c3c803c9-49a6-4c83-9884-7f28e9244f2b,Penner Farms - 32-8-13 pump (site 1),f97377a3-6539-450f-9b74-ae0401115ca1,Symo 24.0-3 480 (3),,,24.0,parsed_from_inverter_name,138.63,,
fronius,2025-10-31,c3c803c9-49a6-4c83-9884-7f28e9244f2b,Penner Farms - 32-8-13 pump (site 1),71ba6d53-c04f-476f-9da3-ae0401115c8e,Symo  24.0-3 480 (1),,,24.0,parsed_from_inverter_name,99.63,,
fronius,2025-10-31,c3c803c9-49a6-4c83-9884-7f28e9244f2b,Penner Farms - 32-8-13 pump (site 1),528b81d7-df8d-4f62-9b35-ae0401115c98,Symo  24.0-3 480 (2),,,24.0,parsed_from_inverter_name,96.56,,
fronius,2025-10-31,c3c803c9-49a6-4c83-9884-7f28e9244f2b,Penner Farms - 32-8-13 pump (site 1),f97377a3-6539-450f-9b74-ae0401115ca1,Symo 24.0-3 480 (3),,,24.0,parsed_from_inverter_name,100.91,,
fronius,2025-11-01,c3c803c9-49a6-4c83-9884-7f28e9244f2b,Penner Farms - 32-8-13 pump (site 1),71ba6d53-c04f-476f-9da3-ae0401115c8e,Symo  24.0-3 480 (1),,,24.0,parsed_from_inverter_name,33.46,,
fronius,2025-11-01,c3c803c9-49a6-4c83-9884-7f28e9244f2b,Penner Farms - 32-8-13 pump (site 1),528b81d7-df8d-4f62-9b35-ae0401115c98,Symo  24.0-3 480 (2),,,24.0,parsed_from_inverter_name,32.38,,
fronius,2025-11-01,c3c803c9-49a6-4c83-9884-7f28e9244f2b,Penner Farms - 32-8-13 pump (site 1),f97377a3-6539-450f-9b74-ae0401115ca1,Symo 24.0-3 480 (3),,,24.0,parsed_from_inverter_name,34.41,,
fronius,2025-11-02,c3c803c9-49a6-4c83-9884-7f28e9244f2b,Penner Farms - 32-8-13 pump (site 1),71ba6d53-c04f-476f-9da3-ae0401115c8e,Symo  24.0-3 480 (1),,,24.0,parsed_from_inverter_name,139.34,,
fronius,2025-11-02,c3c803c9-49a6-4c83-9884-7f28e9244f2b,Penner Farms - 32-8-13 pump (site 1),528b81d7-df8d-4f62-9b35-ae0401115c98,Symo  24.0-3 480 (2),,,24.0,parsed_from_inverter_name,136.38,,
fronius,2025-11-02,c3c803c9-49a6-4c83-9884-7f28e9244f2b,Penner Farms - 32-8-13 pump (site 1),f97377a3-6539-450f-9b74-ae0401115ca1,Symo 24.0-3 480 (3),,,24.0,parsed_from_inverter_name,141.46,,
fronius,2025-11-03,c3c803c9-49a6-4c83-9884-7f28e9244f2b,Penner Farms - 32-8-13 pump (site 1),71ba6d53-c04f-476f-9da3-ae0401115c8e,Symo  24.0-3 480 (1),,,24.0,parsed_from_inverter_name,33.77,,
fronius,2025-11-03,c3c803c9-49a6-4c83-9884-7f28e9244f2b,Penner Farms - 32-8-13 pump (site 1),528b81d7-df8d-4f62-9b35-ae0401115c98,Symo  24.0-3 480 (2),,,24.0,parsed_from_inverter_name,33.07,,
fronius,2025-11-03,c3c803c9-49a6-4c83-9884-7f28e9244f2b,Penner Farms - 32-8-13 pump (site 1),f97377a3-6539-450f-9b74-ae0401115ca1,Symo 24.0-3 480 (3),,,24.0,parsed_from_inverter_name,34.38,,
fronius,2025-11-04,c3c803c9-49a6-4c83-9884-7f28e9244f2b,Penner Farms - 32-8-13 pump (site 1),71ba6d53-c04f-476f-9da3-ae0401115c8e,Symo  24.0-3 480 (1),,,24.0,parsed_from_inverter_name,133.91,,
fronius,2025-11-04,c3c803c9-49a6-4c83-9884-7f28e9244f2b,Penner Farms - 32-8-13 pump (site 1),528b81d7-df8d-4f62-9b35-ae0401115c98,Symo  24.0-3 480 (2),,,24.0,parsed_from_inverter_name,131.92,,
fronius,2025-11-04,c3c803c9-49a6-4c83-9884-7f28e9244f2b,Penner Farms - 32-8-13 pump (site 1),f97377a3-6539-450f-9b74-ae0401115ca1,Symo 24.0-3 480 (3),,,24.0,parsed_from_inverter_name,136.21,,
fronius,2025-11-05,c3c803c9-49a6-4c83-9884-7f28e9244f2b,Penner Farms - 32-8-13 pump (site 1),71ba6d53-c04f-476f-9da3-ae0401115c8e,Symo  24.0-3 480 (1),,,24.0,parsed_from_inverter_name,48.51,,
fronius,2025-11-05,c3c803c9-49a6-4c83-9884-7f28e9244f2b,Penner Farms - 32-8-13 pump (site 1),528b81d7-df8d-4f62-9b35-ae0401115c98,Symo  24.0-3 480 (2),,,24.0,parsed_from_inverter_name,47.25,,
fronius,2025-11-05,c3c803c9-49a6-4c83-9884-7f28e9244f2b,Penner Farms - 32-8-13 pump (site 1),f97377a3-6539-450f-9b74-ae0401115ca1,Symo 24.0-3 480 (3),,,24.0,parsed_from_inverter_name,49.13,,
fronius,2025-11-06,c3c803c9-49a6-4c83-9884-7f28e9244f2b,Penner Farms - 32-8-13 pump (site 1),71ba6d53-c04f-476f-9da3-ae0401115c8e,Symo  24.0-3 480 (1),,,24.0,parsed_from_inverter_name,109.58,,
fronius,2025-11-06,c3c803c9-49a6-4c83-9884-7f28e9244f2b,Penner Farms - 32-8-13 pump (site 1),528b81d7-df8d-4f62-9b35-ae0401115c98,Symo  24.0-3 480 (2),,,24.0,parsed_from_inverter_name,116.56,,
fronius,2025-11-06,c3c803c9-49a6-4c83-9884-7f28e9244f2b,Penner Farms - 32-8-13 pump (site 1),f97377a3-6539-450f-9b74-ae0401115ca1,Symo 24.0-3 480 (3),,,24.0,parsed_from_inverter_name,120.87,,
fronius,2025-11-07,c3c803c9-49a6-4c83-9884-7f28e9244f2b,Penner Farms - 32-8-13 pump (site 1),71ba6d53-c04f-476f-9da3-ae0401115c8e,Symo  24.0-3 480 (1),,,24.0,parsed_from_inverter_name,15.55,,
fronius,2025-11-07,c3c803c9-49a6-4c83-9884-7f28e9244f2b,Penner Farms - 32-8-13 pump (site 1),528b81d7-df8d-4f62-9b35-ae0401115c98,Symo  24.0-3 480 (2),,,24.0,parsed_from_inverter_name,15.42,,
fronius,2025-11-07,c3c803c9-49a6-4c83-9884-7f28e9244f2b,Penner Farms - 32-8-13 pump (site 1),f97377a3-6539-450f-9b74-ae0401115ca1,Symo 24.0-3 480 (3),,,24.0,parsed_from_inverter_name,15.84,,
fronius,2025-11-08,c3c803c9-49a6-4c83-9884-7f28e9244f2b,Penner Farms - 32-8-13 pump (site 1),71ba6d53-c04f-476f-9da3-ae0401115c8e,Symo  24.0-3 480 (1),,,24.0,parsed_from_inverter_name,69.68,,
fronius,2025-11-08,c3c803c9-49a6-4c83-9884-7f28e9244f2b,Penner Farms - 32-8-13 pump (site 1),528b81d7-df8d-4f62-9b35-ae0401115c98,Symo  24.0-3 480 (2),,,24.0,parsed_from_inverter_name,75.25,,
fronius,2025-11-08,c3c803c9-49a6-4c83-9884-7f28e9244f2b,Penner Farms - 32-8-13 pump (site 1),f97377a3-6539-450f-9b74-ae0401115ca1,Symo 24.0-3 480 (3),,,24.0,parsed_from_inverter_name,74.68,,
fronius,2025-11-09,c3c803c9-49a6-4c83-9884-7f28e9244f2b,Penner Farms - 32-8-13 pump (site 1),71ba6d53-c04f-476f-9da3-ae0401115c8e,Symo  24.0-3 480 (1),,,24.0,parsed_from_inverter_name,36.97,,
fronius,2025-11-09,c3c803c9-49a6-4c83-9884-7f28e9244f2b,Penner Farms - 32-8-13 pump (site 1),528b81d7-df8d-4f62-9b35-ae0401115c98,Symo  24.0-3 480 (2),,,24.0,parsed_from_inverter_name,35.9,,
fronius,2025-11-09,c3c803c9-49a6-4c83-9884-7f28e9244f2b,Penner Farms - 32-8-13 pump (site 1),f97377a3-6539-450f-9b74-ae0401115ca1,Symo 24.0-3 480 (3),,,24.0,parsed_from_inverter_name,37.55,,
fronius,2025-11-10,c3c803c9-49a6-4c83-9884-7f28e9244f2b,Penner Farms - 32-8-13 pump (site 1),71ba6d53-c04f-476f-9da3-ae0401115c8e,Symo  24.0-3 480 (1),,,24.0,parsed_from_inverter_name,18.95,,
fronius,2025-11-10,c3c803c9-49a6-4c83-9884-7f28e9244f2b,Penner Farms - 32-8-13 pump (site 1),528b81d7-df8d-4f62-9b35-ae0401115c98,Symo  24.0-3 480 (2),,,24.0,parsed_from_inverter_name,18.1,,
fronius,2025-11-10,c3c803c9-49a6-4c83-9884-7f28e9244f2b,Penner Farms - 32-8-13 pump (site 1),f97377a3-6539-450f-9b74-ae0401115ca1,Symo 24.0-3 480 (3),,,24.0,parsed_from_inverter_name,19.69,,
fronius,2025-11-11,c3c803c9-49a6-4c83-9884-7f28e9244f2b,Penner Farms - 32-8-13 pump (site 1),71ba6d53-c04f-476f-9da3-ae0401115c8e,Symo  24.0-3 480 (1),,,24.0,parsed_from_inverter_name,67.65,,
fronius,2025-11-11,c3c803c9-49a6-4c83-9884-7f28e9244f2b,Penner Farms - 32-8-13 pump (site 1),528b81d7-df8d-4f62-9b35-ae0401115c98,Symo  24.0-3 480 (2),,,24.0,parsed_from_inverter_name,66.21,,
fronius,2025-11-11,c3c803c9-49a6-4c83-9884-7f28e9244f2b,Penner Farms - 32-8-13 pump (site 1),f97377a3-6539-450f-9b74-ae0401115ca1,Symo 24.0-3 480 (3),,,24.0,parsed_from_inverter_name,69.3,,
fronius,2025-11-12,c3c803c9-49a6-4c83-9884-7f28e9244f2b,Penner Farms - 32-8-13 pump (site 1),71ba6d53-c04f-476f-9da3-ae0401115c8e,Symo  24.0-3 480 (1),,,24.0,parsed_from_inverter_name,74.06,,
fronius,2025-11-12,c3c803c9-49a6-4c83-9884-7f28e9244f2b,Penner Farms - 32-8-13 pump (site 1),528b81d7-df8d-4f62-9b35-ae0401115c98,Symo  24.0-3 480 (2),,,24.0,parsed_from_inverter_name,72.41,,
fronius,2025-11-12,c3c803c9-49a6-4c83-9884-7f28e9244f2b,Penner Farms - 32-8-13 pump (site 1),f97377a3-6539-450f-9b74-ae0401115ca1,Symo 24.0-3 480 (3),,,24.0,parsed_from_inverter_name,75.08,,
fronius,2025-11-13,c3c803c9-49a6-4c83-9884-7f28e9244f2b,Penner Farms - 32-8-13 pump (site 1),71ba6d53-c04f-476f-9da3-ae0401115c8e,Symo  24.0-3 480 (1),,,24.0,parsed_from_inverter_name,55.42,,
fronius,2025-11-13,c3c803c9-49a6-4c83-9884-7f28e9244f2b,Penner Farms - 32-8-13 pump (site 1),528b81d7-df8d-4f62-9b35-ae0401115c98,Symo  24.0-3 480 (2),,,24.0,parsed_from_inverter_name,54.09,,
fronius,2025-11-13,c3c803c9-49a6-4c83-9884-7f28e9244f2b,Penner Farms - 32-8-13 pump (site 1),f97377a3-6539-450f-9b74-ae0401115ca1,Symo 24.0-3 480 (3),,,24.0,parsed_from_inverter_name,56.69,,
fronius,2025-11-14,c3c803c9-49a6-4c83-9884-7f28e9244f2b,Penner Farms - 32-8-13 pump (site 1),71ba6d53-c04f-476f-9da3-ae0401115c8e,Symo  24.0-3 480 (1),,,24.0,parsed_from_inverter_name,13.31,,
fronius,2025-11-14,c3c803c9-49a6-4c83-9884-7f28e9244f2b,Penner Farms - 32-8-13 pump (site 1),528b81d7-df8d-4f62-9b35-ae0401115c98,Symo  24.0-3 480 (2),,,24.0,parsed_from_inverter_name,13.03,,
fronius,2025-11-14,c3c803c9-49a6-4c83-9884-7f28e9244f2b,Penner Farms - 32-8-13 pump (site 1),f97377a3-6539-450f-9b74-ae0401115ca1,Symo 24.0-3 480 (3),,,24.0,parsed_from_inverter_name,13.51,,
fronius,2025-11-15,c3c803c9-49a6-4c83-9884-7f28e9244f2b,Penner Farms - 32-8-13 pump (site 1),71ba6d53-c04f-476f-9da3-ae0401115c8e,Symo  24.0-3 480 (1),,,24.0,parsed_from_inverter_name,71.33,,
fronius,2025-11-15,c3c803c9-49a6-4c83-9884-7f28e9244f2b,Penner Farms - 32-8-13 pump (site 1),528b81d7-df8d-4f62-9b35-ae0401115c98,Symo  24.0-3 480 (2),,,24.0,parsed_from_inverter_name,70.69,,
fronius,2025-11-15,c3c803c9-49a6-4c83-9884-7f28e9244f2b,Penner Farms - 32-8-13 pump (site 1),f97377a3-6539-450f-9b74-ae0401115ca1,Symo 24.0-3 480 (3),,,24.0,parsed_from_inverter_name,73.07,,
fronius,2025-11-16,c3c803c9-49a6-4c83-9884-7f28e9244f2b,Penner Farms - 32-8-13 pump (site 1),71ba6d53-c04f-476f-9da3-ae0401115c8e,Symo  24.0-3 480 (1),,,24.0,parsed_from_inverter_name,87.01,,
fronius,2025-11-16,c3c803c9-49a6-4c83-9884-7f28e9244f2b,Penner Farms - 32-8-13 pump (site 1),528b81d7-df8d-4f62-9b35-ae0401115c98,Symo  24.0-3 480 (2),,,24.0,parsed_from_inverter_name,82.9,,
fronius,2025-11-16,c3c803c9-49a6-4c83-9884-7f28e9244f2b,Penner Farms - 32-8-13 pump (site 1),f97377a3-6539-450f-9b74-ae0401115ca1,Symo 24.0-3 480 (3),,,24.0,parsed_from_inverter_name,89.56,,
fronius,2025-11-17,c3c803c9-49a6-4c83-9884-7f28e9244f2b,Penner Farms - 32-8-13 pump (site 1),71ba6d53-c04f-476f-9da3-ae0401115c8e,Symo  24.0-3 480 (1),,,24.0,parsed_from_inverter_name,68.17,,
fronius,2025-11-17,c3c803c9-49a6-4c83-9884-7f28e9244f2b,Penner Farms - 32-8-13 pump (site 1),528b81d7-df8d-4f62-9b35-ae0401115c98,Symo  24.0-3 480 (2),,,24.0,parsed_from_inverter_name,65.28,,
fronius,2025-11-17,c3c803c9-49a6-4c83-9884-7f28e9244f2b,Penner Farms - 32-8-13 pump (site 1),f97377a3-6539-450f-9b74-ae0401115ca1,Symo 24.0-3 480 (3),,,24.0,parsed_from_inverter_name,69.72,,
fronius,2025-11-18,c3c803c9-49a6-4c83-9884-7f28e9244f2b,Penner Farms - 32-8-13 pump (site 1),71ba6d53-c04f-476f-9da3-ae0401115c8e,Symo  24.0-3 480 (1),,,24.0,parsed_from_inverter_name,11.22,,
fronius,2025-11-18,c3c803c9-49a6-4c83-9884-7f28e9244f2b,Penner Farms - 32-8-13 pump (site 1),528b81d7-df8d-4f62-9b35-ae0401115c98,Symo  24.0-3 480 (2),,,24.0,parsed_from_inverter_name,10.96,,
fronius,2025-11-18,c3c803c9-49a6-4c83-9884-7f28e9244f2b,Penner Farms - 32-8-13 pump (site 1),f97377a3-6539-450f-9b74-ae0401115ca1,Symo 24.0-3 480 (3),,,24.0,parsed_from_inverter_name,11.41,,
fronius,2025-11-19,c3c803c9-49a6-4c83-9884-7f28e9244f2b,Penner Farms - 32-8-13 pump (site 1),71ba6d53-c04f-476f-9da3-ae0401115c8e,Symo  24.0-3 480 (1),,,24.0,parsed_from_inverter_name,112.32,,
fronius,2025-11-19,c3c803c9-49a6-4c83-9884-7f28e9244f2b,Penner Farms - 32-8-13 pump (site 1),528b81d7-df8d-4f62-9b35-ae0401115c98,Symo  24.0-3 480 (2),,,24.0,parsed_from_inverter_name,110.0,,
fronius,2025-11-19,c3c803c9-49a6-4c83-9884-7f28e9244f2b,Penner Farms - 32-8-13 pump (site 1),f97377a3-6539-450f-9b74-ae0401115ca1,Symo 24.0-3 480 (3),,,24.0,parsed_from_inverter_name,117.45,,
fronius,2025-11-20,c3c803c9-49a6-4c83-9884-7f28e9244f2b,Penner Farms - 32-8-13 pump (site 1),71ba6d53-c04f-476f-9da3-ae0401115c8e,Symo  24.0-3 480 (1),,,24.0,parsed_from_inverter_name,116.6,,
fronius,2025-11-20,c3c803c9-49a6-4c83-9884-7f28e9244f2b,Penner Farms - 32-8-13 pump (site 1),528b81d7-df8d-4f62-9b35-ae0401115c98,Symo  24.0-3 480 (2),,,24.0,parsed_from_inverter_name,111.72,,
fronius,2025-11-20,c3c803c9-49a6-4c83-9884-7f28e9244f2b,Penner Farms - 32-8-13 pump (site 1),f97377a3-6539-450f-9b74-ae0401115ca1,Symo 24.0-3 480 (3),,,24.0,parsed_from_inverter_name,120.31,,
fronius,2025-11-21,c3c803c9-49a6-4c83-9884-7f28e9244f2b,Penner Farms - 32-8-13 pump (site 1),71ba6d53-c04f-476f-9da3-ae0401115c8e,Symo  24.0-3 480 (1),,,24.0,parsed_from_inverter_name,50.1,,
fronius,2025-11-21,c3c803c9-49a6-4c83-9884-7f28e9244f2b,Penner Farms - 32-8-13 pump (site 1),528b81d7-df8d-4f62-9b35-ae0401115c98,Symo  24.0-3 480 (2),,,24.0,parsed_from_inverter_name,48.23,,
fronius,2025-11-21,c3c803c9-49a6-4c83-9884-7f28e9244f2b,Penner Farms - 32-8-13 pump (site 1),f97377a3-6539-450f-9b74-ae0401115ca1,Symo 24.0-3 480 (3),,,24.0,parsed_from_inverter_name,51.41,,
fronius,2025-11-22,c3c803c9-49a6-4c83-9884-7f28e9244f2b,Penner Farms - 32-8-13 pump (site 1),71ba6d53-c04f-476f-9da3-ae0401115c8e,Symo  24.0-3 480 (1),,,24.0,parsed_from_inverter_name,59.74,,
fronius,2025-11-22,c3c803c9-49a6-4c83-9884-7f28e9244f2b,Penner Farms - 32-8-13 pump (site 1),528b81d7-df8d-4f62-9b35-ae0401115c98,Symo  24.0-3 480 (2),,,24.0,parsed_from_inverter_name,58.31,,
fronius,2025-11-22,c3c803c9-49a6-4c83-9884-7f28e9244f2b,Penner Farms - 32-8-13 pump (site 1),f97377a3-6539-450f-9b74-ae0401115ca1,Symo 24.0-3 480 (3),,,24.0,parsed_from_inverter_name,61.29,,
fronius,2025-11-23,c3c803c9-49a6-4c83-9884-7f28e9244f2b,Penner Farms - 32-8-13 pump (site 1),71ba6d53-c04f-476f-9da3-ae0401115c8e,Symo  24.0-3 480 (1),,,24.0,parsed_from_inverter_name,44.43,,
fronius,2025-11-23,c3c803c9-49a6-4c83-9884-7f28e9244f2b,Penner Farms - 32-8-13 pump (site 1),528b81d7-df8d-4f62-9b35-ae0401115c98,Symo  24.0-3 480 (2),,,24.0,parsed_from_inverter_name,43.35,,
fronius,2025-11-23,c3c803c9-49a6-4c83-9884-7f28e9244f2b,Penner Farms - 32-8-13 pump (site 1),f97377a3-6539-450f-9b74-ae0401115ca1,Symo 24.0-3 480 (3),,,24.0,parsed_from_inverter_name,45.37,,
fronius,2025-11-24,c3c803c9-49a6-4c83-9884-7f28e9244f2b,Penner Farms - 32-8-13 pump (site 1),71ba6d53-c04f-476f-9da3-ae0401115c8e,Symo  24.0-3 480 (1),,,24.0,parsed_from_inverter_name,6.29,,
fronius,2025-11-24,c3c803c9-49a6-4c83-9884-7f28e9244f2b,Penner Farms - 32-8-13 pump (site 1),528b81d7-df8d-4f62-9b35-ae0401115c98,Symo  24.0-3 480 (2),,,24.0,parsed_from_inverter_name,5.04,,
fronius,2025-11-24,c3c803c9-49a6-4c83-9884-7f28e9244f2b,Penner Farms - 32-8-13 pump (site 1),f97377a3-6539-450f-9b74-ae0401115ca1,Symo 24.0-3 480 (3),,,24.0,parsed_from_inverter_name,5.44,,
fronius,2025-11-25,c3c803c9-49a6-4c83-9884-7f28e9244f2b,Penner Farms - 32-8-13 pump (site 1),71ba6d53-c04f-476f-9da3-ae0401115c8e,Symo  24.0-3 480 (1),,,24.0,parsed_from_inverter_name,22.86,,
fronius,2025-11-25,c3c803c9-49a6-4c83-9884-7f28e9244f2b,Penner Farms - 32-8-13 pump (site 1),528b81d7-df8d-4f62-9b35-ae0401115c98,Symo  24.0-3 480 (2),,,24.0,parsed_from_inverter_name,15.68,,
fronius,2025-11-25,c3c803c9-49a6-4c83-9884-7f28e9244f2b,Penner Farms - 32-8-13 pump (site 1),f97377a3-6539-450f-9b74-ae0401115ca1,Symo 24.0-3 480 (3),,,24.0,parsed_from_inverter_name,21.14,,
fronius,2025-11-26,c3c803c9-49a6-4c83-9884-7f28e9244f2b,Penner Farms - 32-8-13 pump (site 1),71ba6d53-c04f-476f-9da3-ae0401115c8e,Symo  24.0-3 480 (1),,,24.0,parsed_from_inverter_name,60.53,,
fronius,2025-11-26,c3c803c9-49a6-4c83-9884-7f28e9244f2b,Penner Farms - 32-8-13 pump (site 1),528b81d7-df8d-4f62-9b35-ae0401115c98,Symo  24.0-3 480 (2),,,24.0,parsed_from_inverter_name,37.26,,
fronius,2025-11-26,c3c803c9-49a6-4c83-9884-7f28e9244f2b,Penner Farms - 32-8-13 pump (site 1),f97377a3-6539-450f-9b74-ae0401115ca1,Symo 24.0-3 480 (3),,,24.0,parsed_from_inverter_name,46.52,,
fronius,2025-11-27,c3c803c9-49a6-4c83-9884-7f28e9244f2b,Penner Farms - 32-8-13 pump (site 1),71ba6d53-c04f-476f-9da3-ae0401115c8e,Symo  24.0-3 480 (1),,,24.0,parsed_from_inverter_name,33.53,,
fronius,2025-11-27,c3c803c9-49a6-4c83-9884-7f28e9244f2b,Penner Farms - 32-8-13 pump (site 1),528b81d7-df8d-4f62-9b35-ae0401115c98,Symo  24.0-3 480 (2),,,24.0,parsed_from_inverter_name,21.77,,
fronius,2025-11-27,c3c803c9-49a6-4c83-9884-7f28e9244f2b,Penner Farms - 32-8-13 pump (site 1),f97377a3-6539-450f-9b74-ae0401115ca1,Symo 24.0-3 480 (3),,,24.0,parsed_from_inverter_name,26.97,,
fronius,2025-11-28,c3c803c9-49a6-4c83-9884-7f28e9244f2b,Penner Farms - 32-8-13 pump (site 1),71ba6d53-c04f-476f-9da3-ae0401115c8e,Symo  24.0-3 480 (1),,,24.0,parsed_from_inverter_name,12.66,,
fronius,2025-11-28,c3c803c9-49a6-4c83-9884-7f28e9244f2b,Penner Farms - 32-8-13 pump (site 1),528b81d7-df8d-4f62-9b35-ae0401115c98,Symo  24.0-3 480 (2),,,24.0,parsed_from_inverter_name,7.8,,
fronius,2025-11-28,c3c803c9-49a6-4c83-9884-7f28e9244f2b,Penner Farms - 32-8-13 pump (site 1),f97377a3-6539-450f-9b74-ae0401115ca1,Symo 24.0-3 480 (3),,,24.0,parsed_from_inverter_name,12.11,,
fronius,2025-11-29,c3c803c9-49a6-4c83-9884-7f28e9244f2b,Penner Farms - 32-8-13 pump (site 1),71ba6d53-c04f-476f-9da3-ae0401115c8e,Symo  24.0-3 480 (1),,,24.0,parsed_from_inverter_name,47.75,,
fronius,2025-11-29,c3c803c9-49a6-4c83-9884-7f28e9244f2b,Penner Farms - 32-8-13 pump (site 1),528b81d7-df8d-4f62-9b35-ae0401115c98,Symo  24.0-3 480 (2),,,24.0,parsed_from_inverter_name,18.43,,
fronius,2025-11-29,c3c803c9-49a6-4c83-9884-7f28e9244f2b,Penner Farms - 32-8-13 pump (site 1),f97377a3-6539-450f-9b74-ae0401115ca1,Symo 24.0-3 480 (3),,,24.0,parsed_from_inverter_name,53.78,,
fronius,2025-11-30,c3c803c9-49a6-4c83-9884-7f28e9244f2b,Penner Farms - 32-8-13 pump (site 1),71ba6d53-c04f-476f-9da3-ae0401115c8e,Symo  24.0-3 480 (1),,,24.0,parsed_from_inverter_name,45.02,,
fronius,2025-11-30,c3c803c9-49a6-4c83-9884-7f28e9244f2b,Penner Farms - 32-8-13 pump (site 1),528b81d7-df8d-4f62-9b35-ae0401115c98,Symo  24.0-3 480 (2),,,24.0,parsed_from_inverter_name,24.14,,
fronius,2025-11-30,c3c803c9-49a6-4c83-9884-7f28e9244f2b,Penner Farms - 32-8-13 pump (site 1),f97377a3-6539-450f-9b74-ae0401115ca1,Symo 24.0-3 480 (3),,,24.0,parsed_from_inverter_name,51.42,,
fronius,2025-12-01,c3c803c9-49a6-4c83-9884-7f28e9244f2b,Penner Farms - 32-8-13 pump (site 1),71ba6d53-c04f-476f-9da3-ae0401115c8e,Symo  24.0-3 480 (1),,,24.0,parsed_from_inverter_name,35.0,,
fronius,2025-12-01,c3c803c9-49a6-4c83-9884-7f28e9244f2b,Penner Farms - 32-8-13 pump (site 1),528b81d7-df8d-4f62-9b35-ae0401115c98,Symo  24.0-3 480 (2),,,24.0,parsed_from_inverter_name,23.0,,
fronius,2025-12-01,c3c803c9-49a6-4c83-9884-7f28e9244f2b,Penner Farms - 32-8-13 pump (site 1),f97377a3-6539-450f-9b74-ae0401115ca1,Symo 24.0-3 480 (3),,,24.0,parsed_from_inverter_name,33.11,,
fronius,2025-12-02,c3c803c9-49a6-4c83-9884-7f28e9244f2b,Penner Farms - 32-8-13 pump (site 1),71ba6d53-c04f-476f-9da3-ae0401115c8e,Symo  24.0-3 480 (1),,,24.0,parsed_from_inverter_name,26.47,,
fronius,2025-12-02,c3c803c9-49a6-4c83-9884-7f28e9244f2b,Penner Farms - 32-8-13 pump (site 1),528b81d7-df8d-4f62-9b35-ae0401115c98,Symo  24.0-3 480 (2),,,24.0,parsed_from_inverter_name,25.73,,
fronius,2025-12-02,c3c803c9-49a6-4c83-9884-7f28e9244f2b,Penner Farms - 32-8-13 pump (site 1),f97377a3-6539-450f-9b74-ae0401115ca1,Symo 24.0-3 480 (3),,,24.0,parsed_from_inverter_name,26.96,,
fronius,2025-12-03,c3c803c9-49a6-4c83-9884-7f28e9244f2b,Penner Farms - 32-8-13 pump (site 1),71ba6d53-c04f-476f-9da3-ae0401115c8e,Symo  24.0-3 480 (1),,,24.0,parsed_from_inverter_name,97.03,,
fronius,2025-12-03,c3c803c9-49a6-4c83-9884-7f28e9244f2b,Penner Farms - 32-8-13 pump (site 1),528b81d7-df8d-4f62-9b35-ae0401115c98,Symo  24.0-3 480 (2),,,24.0,parsed_from_inverter_name,89.94,,
fronius,2025-12-03,c3c803c9-49a6-4c83-9884-7f28e9244f2b,Penner Farms - 32-8-13 pump (site 1),f97377a3-6539-450f-9b74-ae0401115ca1,Symo 24.0-3 480 (3),,,24.0,parsed_from_inverter_name,101.97,,
fronius,2025-12-04,c3c803c9-49a6-4c83-9884-7f28e9244f2b,Penner Farms - 32-8-13 pump (site 1),71ba6d53-c04f-476f-9da3-ae0401115c8e,Symo  24.0-3 480 (1),,,24.0,parsed_from_inverter_name,67.58,,
fronius,2025-12-04,c3c803c9-49a6-4c83-9884-7f28e9244f2b,Penner Farms - 32-8-13 pump (site 1),528b81d7-df8d-4f62-9b35-ae0401115c98,Symo  24.0-3 480 (2),,,24.0,parsed_from_inverter_name,67.67,,
fronius,2025-12-04,c3c803c9-49a6-4c83-9884-7f28e9244f2b,Penner Farms - 32-8-13 pump (site 1),f97377a3-6539-450f-9b74-ae0401115ca1,Symo 24.0-3 480 (3),,,24.0,parsed_from_inverter_name,70.76,,
fronius,2025-12-05,c3c803c9-49a6-4c83-9884-7f28e9244f2b,Penner Farms - 32-8-13 pump (site 1),71ba6d53-c04f-476f-9da3-ae0401115c8e,Symo  24.0-3 480 (1),,,24.0,parsed_from_inverter_name,35.24,,
fronius,2025-12-05,c3c803c9-49a6-4c83-9884-7f28e9244f2b,Penner Farms - 32-8-13 pump (site 1),528b81d7-df8d-4f62-9b35-ae0401115c98,Symo  24.0-3 480 (2),,,24.0,parsed_from_inverter_name,33.83,,
fronius,2025-12-05,c3c803c9-49a6-4c83-9884-7f28e9244f2b,Penner Farms - 32-8-13 pump (site 1),f97377a3-6539-450f-9b74-ae0401115ca1,Symo 24.0-3 480 (3),,,24.0,parsed_from_inverter_name,36.42,,
fronius,2025-12-06,c3c803c9-49a6-4c83-9884-7f28e9244f2b,Penner Farms - 32-8-13 pump (site 1),71ba6d53-c04f-476f-9da3-ae0401115c8e,Symo  24.0-3 480 (1),,,24.0,parsed_from_inverter_name,14.62,,
fronius,2025-12-06,c3c803c9-49a6-4c83-9884-7f28e9244f2b,Penner Farms - 32-8-13 pump (site 1),528b81d7-df8d-4f62-9b35-ae0401115c98,Symo  24.0-3 480 (2),,,24.0,parsed_from_inverter_name,13.78,,
fronius,2025-12-06,c3c803c9-49a6-4c83-9884-7f28e9244f2b,Penner Farms - 32-8-13 pump (site 1),f97377a3-6539-450f-9b74-ae0401115ca1,Symo 24.0-3 480 (3),,,24.0,parsed_from_inverter_name,13.32,,
fronius,2025-12-07,c3c803c9-49a6-4c83-9884-7f28e9244f2b,Penner Farms - 32-8-13 pump (site 1),71ba6d53-c04f-476f-9da3-ae0401115c8e,Symo  24.0-3 480 (1),,,24.0,parsed_from_inverter_name,27.07,,
fronius,2025-12-07,c3c803c9-49a6-4c83-9884-7f28e9244f2b,Penner Farms - 32-8-13 pump (site 1),528b81d7-df8d-4f62-9b35-ae0401115c98,Symo  24.0-3 480 (2),,,24.0,parsed_from_inverter_name,21.93,,
fronius,2025-12-07,c3c803c9-49a6-4c83-9884-7f28e9244f2b,Penner Farms - 32-8-13 pump (site 1),f97377a3-6539-450f-9b74-ae0401115ca1,Symo 24.0-3 480 (3),,,24.0,parsed_from_inverter_name,28.25,,
fronius,2025-12-08,c3c803c9-49a6-4c83-9884-7f28e9244f2b,Penner Farms - 32-8-13 pump (site 1),71ba6d53-c04f-476f-9da3-ae0401115c8e,Symo  24.0-3 480 (1),,,24.0,parsed_from_inverter_name,20.35,,
fronius,2025-12-08,c3c803c9-49a6-4c83-9884-7f28e9244f2b,Penner Farms - 32-8-13 pump (site 1),528b81d7-df8d-4f62-9b35-ae0401115c98,Symo  24.0-3 480 (2),,,24.0,parsed_from_inverter_name,19.76,,
fronius,2025-12-08,c3c803c9-49a6-4c83-9884-7f28e9244f2b,Penner Farms - 32-8-13 pump (site 1),f97377a3-6539-450f-9b74-ae0401115ca1,Symo 24.0-3 480 (3),,,24.0,parsed_from_inverter_name,20.83,,
fronius,2025-12-09,c3c803c9-49a6-4c83-9884-7f28e9244f2b,Penner Farms - 32-8-13 pump (site 1),71ba6d53-c04f-476f-9da3-ae0401115c8e,Symo  24.0-3 480 (1),,,24.0,parsed_from_inverter_name,69.41,,
fronius,2025-12-09,c3c803c9-49a6-4c83-9884-7f28e9244f2b,Penner Farms - 32-8-13 pump (site 1),528b81d7-df8d-4f62-9b35-ae0401115c98,Symo  24.0-3 480 (2),,,24.0,parsed_from_inverter_name,66.45,,
fronius,2025-12-09,c3c803c9-49a6-4c83-9884-7f28e9244f2b,Penner Farms - 32-8-13 pump (site 1),f97377a3-6539-450f-9b74-ae0401115ca1,Symo 24.0-3 480 (3),,,24.0,parsed_from_inverter_name,72.57,,
fronius,2025-12-10,c3c803c9-49a6-4c83-9884-7f28e9244f2b,Penner Farms - 32-8-13 pump (site 1),71ba6d53-c04f-476f-9da3-ae0401115c8e,Symo  24.0-3 480 (1),,,24.0,parsed_from_inverter_name,19.77,,
fronius,2025-12-10,c3c803c9-49a6-4c83-9884-7f28e9244f2b,Penner Farms - 32-8-13 pump (site 1),528b81d7-df8d-4f62-9b35-ae0401115c98,Symo  24.0-3 480 (2),,,24.0,parsed_from_inverter_name,19.32,,
fronius,2025-12-10,c3c803c9-49a6-4c83-9884-7f28e9244f2b,Penner Farms - 32-8-13 pump (site 1),f97377a3-6539-450f-9b74-ae0401115ca1,Symo 24.0-3 480 (3),,,24.0,parsed_from_inverter_name,19.94,,
fronius,2025-12-11,c3c803c9-49a6-4c83-9884-7f28e9244f2b,Penner Farms - 32-8-13 pump (site 1),71ba6d53-c04f-476f-9da3-ae0401115c8e,Symo  24.0-3 480 (1),,,24.0,parsed_from_inverter_name,14.36,,
fronius,2025-12-11,c3c803c9-49a6-4c83-9884-7f28e9244f2b,Penner Farms - 32-8-13 pump (site 1),528b81d7-df8d-4f62-9b35-ae0401115c98,Symo  24.0-3 480 (2),,,24.0,parsed_from_inverter_name,14.33,,
fronius,2025-12-11,c3c803c9-49a6-4c83-9884-7f28e9244f2b,Penner Farms - 32-8-13 pump (site 1),f97377a3-6539-450f-9b74-ae0401115ca1,Symo 24.0-3 480 (3),,,24.0,parsed_from_inverter_name,15.79,,
fronius,2025-12-12,c3c803c9-49a6-4c83-9884-7f28e9244f2b,Penner Farms - 32-8-13 pump (site 1),71ba6d53-c04f-476f-9da3-ae0401115c8e,Symo  24.0-3 480 (1),,,24.0,parsed_from_inverter_name,13.42,,
fronius,2025-12-12,c3c803c9-49a6-4c83-9884-7f28e9244f2b,Penner Farms - 32-8-13 pump (site 1),528b81d7-df8d-4f62-9b35-ae0401115c98,Symo  24.0-3 480 (2),,,24.0,parsed_from_inverter_name,13.03,,
fronius,2025-12-12,c3c803c9-49a6-4c83-9884-7f28e9244f2b,Penner Farms - 32-8-13 pump (site 1),f97377a3-6539-450f-9b74-ae0401115ca1,Symo 24.0-3 480 (3),,,24.0,parsed_from_inverter_name,13.65,,
fronius,2025-12-13,c3c803c9-49a6-4c83-9884-7f28e9244f2b,Penner Farms - 32-8-13 pump (site 1),71ba6d53-c04f-476f-9da3-ae0401115c8e,Symo  24.0-3 480 (1),,,24.0,parsed_from_inverter_name,12.88,,
fronius,2025-12-13,c3c803c9-49a6-4c83-9884-7f28e9244f2b,Penner Farms - 32-8-13 pump (site 1),528b81d7-df8d-4f62-9b35-ae0401115c98,Symo  24.0-3 480 (2),,,24.0,parsed_from_inverter_name,12.99,,
fronius,2025-12-13,c3c803c9-49a6-4c83-9884-7f28e9244f2b,Penner Farms - 32-8-13 pump (site 1),f97377a3-6539-450f-9b74-ae0401115ca1,Symo 24.0-3 480 (3),,,24.0,parsed_from_inverter_name,11.78,,
fronius,2025-12-14,c3c803c9-49a6-4c83-9884-7f28e9244f2b,Penner Farms - 32-8-13 pump (site 1),71ba6d53-c04f-476f-9da3-ae0401115c8e,Symo  24.0-3 480 (1),,,24.0,parsed_from_inverter_name,24.56,,
fronius,2025-12-14,c3c803c9-49a6-4c83-9884-7f28e9244f2b,Penner Farms - 32-8-13 pump (site 1),528b81d7-df8d-4f62-9b35-ae0401115c98,Symo  24.0-3 480 (2),,,24.0,parsed_from_inverter_name,22.39,,
fronius,2025-12-14,c3c803c9-49a6-4c83-9884-7f28e9244f2b,Penner Farms - 32-8-13 pump (site 1),f97377a3-6539-450f-9b74-ae0401115ca1,Symo 24.0-3 480 (3),,,24.0,parsed_from_inverter_name,25.76,,
fronius,2025-12-15,c3c803c9-49a6-4c83-9884-7f28e9244f2b,Penner Farms - 32-8-13 pump (site 1),71ba6d53-c04f-476f-9da3-ae0401115c8e,Symo  24.0-3 480 (1),,,24.0,parsed_from_inverter_name,22.26,,
fronius,2025-12-15,c3c803c9-49a6-4c83-9884-7f28e9244f2b,Penner Farms - 32-8-13 pump (site 1),528b81d7-df8d-4f62-9b35-ae0401115c98,Symo  24.0-3 480 (2),,,24.0,parsed_from_inverter_name,20.44,,
fronius,2025-12-15,c3c803c9-49a6-4c83-9884-7f28e9244f2b,Penner Farms - 32-8-13 pump (site 1),f97377a3-6539-450f-9b74-ae0401115ca1,Symo 24.0-3 480 (3),,,24.0,parsed_from_inverter_name,23.12,,
fronius,2025-12-16,c3c803c9-49a6-4c83-9884-7f28e9244f2b,Penner Farms - 32-8-13 pump (site 1),71ba6d53-c04f-476f-9da3-ae0401115c8e,Symo  24.0-3 480 (1),,,24.0,parsed_from_inverter_name,88.52,,
fronius,2025-12-16,c3c803c9-49a6-4c83-9884-7f28e9244f2b,Penner Farms - 32-8-13 pump (site 1),528b81d7-df8d-4f62-9b35-ae0401115c98,Symo  24.0-3 480 (2),,,24.0,parsed_from_inverter_name,82.33,,
fronius,2025-12-16,c3c803c9-49a6-4c83-9884-7f28e9244f2b,Penner Farms - 32-8-13 pump (site 1),f97377a3-6539-450f-9b74-ae0401115ca1,Symo 24.0-3 480 (3),,,24.0,parsed_from_inverter_name,92.42,,
fronius,2025-12-17,c3c803c9-49a6-4c83-9884-7f28e9244f2b,Penner Farms - 32-8-13 pump (site 1),71ba6d53-c04f-476f-9da3-ae0401115c8e,Symo  24.0-3 480 (1),,,24.0,parsed_from_inverter_name,28.16,,
fronius,2025-12-17,c3c803c9-49a6-4c83-9884-7f28e9244f2b,Penner Farms - 32-8-13 pump (site 1),528b81d7-df8d-4f62-9b35-ae0401115c98,Symo  24.0-3 480 (2),,,24.0,parsed_from_inverter_name,26.25,,
fronius,2025-12-17,c3c803c9-49a6-4c83-9884-7f28e9244f2b,Penner Farms - 32-8-13 pump (site 1),f97377a3-6539-450f-9b74-ae0401115ca1,Symo 24.0-3 480 (3),,,24.0,parsed_from_inverter_name,29.23,,
fronius,2025-12-18,c3c803c9-49a6-4c83-9884-7f28e9244f2b,Penner Farms - 32-8-13 pump (site 1),71ba6d53-c04f-476f-9da3-ae0401115c8e,Symo  24.0-3 480 (1),,,24.0,parsed_from_inverter_name,43.61,,
fronius,2025-12-18,c3c803c9-49a6-4c83-9884-7f28e9244f2b,Penner Farms - 32-8-13 pump (site 1),528b81d7-df8d-4f62-9b35-ae0401115c98,Symo  24.0-3 480 (2),,,24.0,parsed_from_inverter_name,40.33,,
fronius,2025-12-18,c3c803c9-49a6-4c83-9884-7f28e9244f2b,Penner Farms - 32-8-13 pump (site 1),f97377a3-6539-450f-9b74-ae0401115ca1,Symo 24.0-3 480 (3),,,24.0,parsed_from_inverter_name,45.37,,
fronius,2025-12-19,c3c803c9-49a6-4c83-9884-7f28e9244f2b,Penner Farms - 32-8-13 pump (site 1),71ba6d53-c04f-476f-9da3-ae0401115c8e,Symo  24.0-3 480 (1),,,24.0,parsed_from_inverter_name,80.01,,
fronius,2025-12-19,c3c803c9-49a6-4c83-9884-7f28e9244f2b,Penner Farms - 32-8-13 pump (site 1),528b81d7-df8d-4f62-9b35-ae0401115c98,Symo  24.0-3 480 (2),,,24.0,parsed_from_inverter_name,76.02,,
fronius,2025-12-19,c3c803c9-49a6-4c83-9884-7f28e9244f2b,Penner Farms - 32-8-13 pump (site 1),f97377a3-6539-450f-9b74-ae0401115ca1,Symo 24.0-3 480 (3),,,24.0,parsed_from_inverter_name,83.97,,
fronius,2025-12-20,c3c803c9-49a6-4c83-9884-7f28e9244f2b,Penner Farms - 32-8-13 pump (site 1),71ba6d53-c04f-476f-9da3-ae0401115c8e,Symo  24.0-3 480 (1),,,24.0,parsed_from_inverter_name,88.17,,
fronius,2025-12-20,c3c803c9-49a6-4c83-9884-7f28e9244f2b,Penner Farms - 32-8-13 pump (site 1),528b81d7-df8d-4f62-9b35-ae0401115c98,Symo  24.0-3 480 (2),,,24.0,parsed_from_inverter_name,80.79,,
fronius,2025-12-20,c3c803c9-49a6-4c83-9884-7f28e9244f2b,Penner Farms - 32-8-13 pump (site 1),f97377a3-6539-450f-9b74-ae0401115ca1,Symo 24.0-3 480 (3),,,24.0,parsed_from_inverter_name,93.08,,
fronius,2025-12-21,c3c803c9-49a6-4c83-9884-7f28e9244f2b,Penner Farms - 32-8-13 pump (site 1),71ba6d53-c04f-476f-9da3-ae0401115c8e,Symo  24.0-3 480 (1),,,24.0,parsed_from_inverter_name,24.78,,
fronius,2025-12-21,c3c803c9-49a6-4c83-9884-7f28e9244f2b,Penner Farms - 32-8-13 pump (site 1),528b81d7-df8d-4f62-9b35-ae0401115c98,Symo  24.0-3 480 (2),,,24.0,parsed_from_inverter_name,24.22,,
fronius,2025-12-21,c3c803c9-49a6-4c83-9884-7f28e9244f2b,Penner Farms - 32-8-13 pump (site 1),f97377a3-6539-450f-9b74-ae0401115ca1,Symo 24.0-3 480 (3),,,24.0,parsed_from_inverter_name,24.91,,
fronius,2025-12-22,c3c803c9-49a6-4c83-9884-7f28e9244f2b,Penner Farms - 32-8-13 pump (site 1),71ba6d53-c04f-476f-9da3-ae0401115c8e,Symo  24.0-3 480 (1),,,24.0,parsed_from_inverter_name,11.41,,
fronius,2025-12-22,c3c803c9-49a6-4c83-9884-7f28e9244f2b,Penner Farms - 32-8-13 pump (site 1),528b81d7-df8d-4f62-9b35-ae0401115c98,Symo  24.0-3 480 (2),,,24.0,parsed_from_inverter_name,11.12,,
fronius,2025-12-22,c3c803c9-49a6-4c83-9884-7f28e9244f2b,Penner Farms - 32-8-13 pump (site 1),f97377a3-6539-450f-9b74-ae0401115ca1,Symo 24.0-3 480 (3),,,24.0,parsed_from_inverter_name,11.71,,
fronius,2025-12-23,c3c803c9-49a6-4c83-9884-7f28e9244f2b,Penner Farms - 32-8-13 pump (site 1),71ba6d53-c04f-476f-9da3-ae0401115c8e,Symo  24.0-3 480 (1),,,24.0,parsed_from_inverter_name,42.39,,
fronius,2025-12-23,c3c803c9-49a6-4c83-9884-7f28e9244f2b,Penner Farms - 32-8-13 pump (site 1),528b81d7-df8d-4f62-9b35-ae0401115c98,Symo  24.0-3 480 (2),,,24.0,parsed_from_inverter_name,39.95,,
fronius,2025-12-23,c3c803c9-49a6-4c83-9884-7f28e9244f2b,Penner Farms - 32-8-13 pump (site 1),f97377a3-6539-450f-9b74-ae0401115ca1,Symo 24.0-3 480 (3),,,24.0,parsed_from_inverter_name,43.99,,
fronius,2025-12-24,c3c803c9-49a6-4c83-9884-7f28e9244f2b,Penner Farms - 32-8-13 pump (site 1),71ba6d53-c04f-476f-9da3-ae0401115c8e,Symo  24.0-3 480 (1),,,24.0,parsed_from_inverter_name,8.15,,
fronius,2025-12-24,c3c803c9-49a6-4c83-9884-7f28e9244f2b,Penner Farms - 32-8-13 pump (site 1),528b81d7-df8d-4f62-9b35-ae0401115c98,Symo  24.0-3 480 (2),,,24.0,parsed_from_inverter_name,7.94,,
fronius,2025-12-24,c3c803c9-49a6-4c83-9884-7f28e9244f2b,Penner Farms - 32-8-13 pump (site 1),f97377a3-6539-450f-9b74-ae0401115ca1,Symo 24.0-3 480 (3),,,24.0,parsed_from_inverter_name,8.21,,
fronius,2025-12-25,c3c803c9-49a6-4c83-9884-7f28e9244f2b,Penner Farms - 32-8-13 pump (site 1),71ba6d53-c04f-476f-9da3-ae0401115c8e,Symo  24.0-3 480 (1),,,24.0,parsed_from_inverter_name,84.74,,
fronius,2025-12-25,c3c803c9-49a6-4c83-9884-7f28e9244f2b,Penner Farms - 32-8-13 pump (site 1),528b81d7-df8d-4f62-9b35-ae0401115c98,Symo  24.0-3 480 (2),,,24.0,parsed_from_inverter_name,81.43,,
fronius,2025-12-25,c3c803c9-49a6-4c83-9884-7f28e9244f2b,Penner Farms - 32-8-13 pump (site 1),f97377a3-6539-450f-9b74-ae0401115ca1,Symo 24.0-3 480 (3),,,24.0,parsed_from_inverter_name,88.37,,
fronius,2025-12-26,c3c803c9-49a6-4c83-9884-7f28e9244f2b,Penner Farms - 32-8-13 pump (site 1),71ba6d53-c04f-476f-9da3-ae0401115c8e,Symo  24.0-3 480 (1),,,24.0,parsed_from_inverter_name,7.38,,
fronius,2025-12-26,c3c803c9-49a6-4c83-9884-7f28e9244f2b,Penner Farms - 32-8-13 pump (site 1),528b81d7-df8d-4f62-9b35-ae0401115c98,Symo  24.0-3 480 (2),,,24.0,parsed_from_inverter_name,7.18,,
fronius,2025-12-26,c3c803c9-49a6-4c83-9884-7f28e9244f2b,Penner Farms - 32-8-13 pump (site 1),f97377a3-6539-450f-9b74-ae0401115ca1,Symo 24.0-3 480 (3),,,24.0,parsed_from_inverter_name,7.45,,
fronius,2025-12-27,c3c803c9-49a6-4c83-9884-7f28e9244f2b,Penner Farms - 32-8-13 pump (site 1),71ba6d53-c04f-476f-9da3-ae0401115c8e,Symo  24.0-3 480 (1),,,24.0,parsed_from_inverter_name,30.02,,
fronius,2025-12-27,c3c803c9-49a6-4c83-9884-7f28e9244f2b,Penner Farms - 32-8-13 pump (site 1),528b81d7-df8d-4f62-9b35-ae0401115c98,Symo  24.0-3 480 (2),,,24.0,parsed_from_inverter_name,25.37,,
fronius,2025-12-27,c3c803c9-49a6-4c83-9884-7f28e9244f2b,Penner Farms - 32-8-13 pump (site 1),f97377a3-6539-450f-9b74-ae0401115ca1,Symo 24.0-3 480 (3),,,24.0,parsed_from_inverter_name,33.34,,
fronius,2025-12-28,c3c803c9-49a6-4c83-9884-7f28e9244f2b,Penner Farms - 32-8-13 pump (site 1),71ba6d53-c04f-476f-9da3-ae0401115c8e,Symo  24.0-3 480 (1),,,24.0,parsed_from_inverter_name,60.87,,
fronius,2025-12-28,c3c803c9-49a6-4c83-9884-7f28e9244f2b,Penner Farms - 32-8-13 pump (site 1),528b81d7-df8d-4f62-9b35-ae0401115c98,Symo  24.0-3 480 (2),,,24.0,parsed_from_inverter_name,56.98,,
fronius,2025-12-28,c3c803c9-49a6-4c83-9884-7f28e9244f2b,Penner Farms - 32-8-13 pump (site 1),f97377a3-6539-450f-9b74-ae0401115ca1,Symo 24.0-3 480 (3),,,24.0,parsed_from_inverter_name,72.91,,
fronius,2025-12-29,c3c803c9-49a6-4c83-9884-7f28e9244f2b,Penner Farms - 32-8-13 pump (site 1),71ba6d53-c04f-476f-9da3-ae0401115c8e,Symo  24.0-3 480 (1),,,24.0,parsed_from_inverter_name,44.34,,
fronius,2025-12-29,c3c803c9-49a6-4c83-9884-7f28e9244f2b,Penner Farms - 32-8-13 pump (site 1),528b81d7-df8d-4f62-9b35-ae0401115c98,Symo  24.0-3 480 (2),,,24.0,parsed_from_inverter_name,39.11,,
fronius,2025-12-29,c3c803c9-49a6-4c83-9884-7f28e9244f2b,Penner Farms - 32-8-13 pump (site 1),f97377a3-6539-450f-9b74-ae0401115ca1,Symo 24.0-3 480 (3),,,24.0,parsed_from_inverter_name,47.98,,
fronius,2025-12-30,c3c803c9-49a6-4c83-9884-7f28e9244f2b,Penner Farms - 32-8-13 pump (site 1),71ba6d53-c04f-476f-9da3-ae0401115c8e,Symo  24.0-3 480 (1),,,24.0,parsed_from_inverter_name,74.05,,
fronius,2025-12-30,c3c803c9-49a6-4c83-9884-7f28e9244f2b,Penner Farms - 32-8-13 pump (site 1),528b81d7-df8d-4f62-9b35-ae0401115c98,Symo  24.0-3 480 (2),,,24.0,parsed_from_inverter_name,70.39,,
fronius,2025-12-30,c3c803c9-49a6-4c83-9884-7f28e9244f2b,Penner Farms - 32-8-13 pump (site 1),f97377a3-6539-450f-9b74-ae0401115ca1,Symo 24.0-3 480 (3),,,24.0,parsed_from_inverter_name,77.62,,
fronius,2025-12-31,c3c803c9-49a6-4c83-9884-7f28e9244f2b,Penner Farms - 32-8-13 pump (site 1),71ba6d53-c04f-476f-9da3-ae0401115c8e,Symo  24.0-3 480 (1),,,24.0,parsed_from_inverter_name,34.25,,
fronius,2025-12-31,c3c803c9-49a6-4c83-9884-7f28e9244f2b,Penner Farms - 32-8-13 pump (site 1),528b81d7-df8d-4f62-9b35-ae0401115c98,Symo  24.0-3 480 (2),,,24.0,parsed_from_inverter_name,31.76,,
fronius,2025-12-31,c3c803c9-49a6-4c83-9884-7f28e9244f2b,Penner Farms - 32-8-13 pump (site 1),f97377a3-6539-450f-9b74-ae0401115ca1,Symo 24.0-3 480 (3),,,24.0,parsed_from_inverter_name,36.21,,
fronius,2026-01-01,c3c803c9-49a6-4c83-9884-7f28e9244f2b,Penner Farms - 32-8-13 pump (site 1),71ba6d53-c04f-476f-9da3-ae0401115c8e,Symo  24.0-3 480 (1),,,24.0,parsed_from_inverter_name,51.74,,
fronius,2026-01-01,c3c803c9-49a6-4c83-9884-7f28e9244f2b,Penner Farms - 32-8-13 pump (site 1),528b81d7-df8d-4f62-9b35-ae0401115c98,Symo  24.0-3 480 (2),,,24.0,parsed_from_inverter_name,47.55,,
fronius,2026-01-01,c3c803c9-49a6-4c83-9884-7f28e9244f2b,Penner Farms - 32-8-13 pump (site 1),f97377a3-6539-450f-9b74-ae0401115ca1,Symo 24.0-3 480 (3),,,24.0,parsed_from_inverter_name,53.92,,
fronius,2026-01-02,c3c803c9-49a6-4c83-9884-7f28e9244f2b,Penner Farms - 32-8-13 pump (site 1),71ba6d53-c04f-476f-9da3-ae0401115c8e,Symo  24.0-3 480 (1),,,24.0,parsed_from_inverter_name,18.12,,
fronius,2026-01-02,c3c803c9-49a6-4c83-9884-7f28e9244f2b,Penner Farms - 32-8-13 pump (site 1),528b81d7-df8d-4f62-9b35-ae0401115c98,Symo  24.0-3 480 (2),,,24.0,parsed_from_inverter_name,18.16,,
fronius,2026-01-02,c3c803c9-49a6-4c83-9884-7f28e9244f2b,Penner Farms - 32-8-13 pump (site 1),f97377a3-6539-450f-9b74-ae0401115ca1,Symo 24.0-3 480 (3),,,24.0,parsed_from_inverter_name,19.01,,
fronius,2026-01-03,c3c803c9-49a6-4c83-9884-7f28e9244f2b,Penner Farms - 32-8-13 pump (site 1),71ba6d53-c04f-476f-9da3-ae0401115c8e,Symo  24.0-3 480 (1),,,24.0,parsed_from_inverter_name,42.37,,
fronius,2026-01-03,c3c803c9-49a6-4c83-9884-7f28e9244f2b,Penner Farms - 32-8-13 pump (site 1),528b81d7-df8d-4f62-9b35-ae0401115c98,Symo  24.0-3 480 (2),,,24.0,parsed_from_inverter_name,39.41,,
fronius,2026-01-03,c3c803c9-49a6-4c83-9884-7f28e9244f2b,Penner Farms - 32-8-13 pump (site 1),f97377a3-6539-450f-9b74-ae0401115ca1,Symo 24.0-3 480 (3),,,24.0,parsed_from_inverter_name,45.78,,
fronius,2026-01-04,c3c803c9-49a6-4c83-9884-7f28e9244f2b,Penner Farms - 32-8-13 pump (site 1),71ba6d53-c04f-476f-9da3-ae0401115c8e,Symo  24.0-3 480 (1),,,24.0,parsed_from_inverter_name,50.56,,
fronius,2026-01-04,c3c803c9-49a6-4c83-9884-7f28e9244f2b,Penner Farms - 32-8-13 pump (site 1),528b81d7-df8d-4f62-9b35-ae0401115c98,Symo  24.0-3 480 (2),,,24.0,parsed_from_inverter_name,42.99,,
fronius,2026-01-04,c3c803c9-49a6-4c83-9884-7f28e9244f2b,Penner Farms - 32-8-13 pump (site 1),f97377a3-6539-450f-9b74-ae0401115ca1,Symo 24.0-3 480 (3),,,24.0,parsed_from_inverter_name,51.87,,
fronius,2026-01-05,c3c803c9-49a6-4c83-9884-7f28e9244f2b,Penner Farms - 32-8-13 pump (site 1),71ba6d53-c04f-476f-9da3-ae0401115c8e,Symo  24.0-3 480 (1),,,24.0,parsed_from_inverter_name,18.37,,
fronius,2026-01-05,c3c803c9-49a6-4c83-9884-7f28e9244f2b,Penner Farms - 32-8-13 pump (site 1),528b81d7-df8d-4f62-9b35-ae0401115c98,Symo  24.0-3 480 (2),,,24.0,parsed_from_inverter_name,18.08,,
fronius,2026-01-05,c3c803c9-49a6-4c83-9884-7f28e9244f2b,Penner Farms - 32-8-13 pump (site 1),f97377a3-6539-450f-9b74-ae0401115ca1,Symo 24.0-3 480 (3),,,24.0,parsed_from_inverter_name,18.64,,
fronius,2026-01-06,c3c803c9-49a6-4c83-9884-7f28e9244f2b,Penner Farms - 32-8-13 pump (site 1),71ba6d53-c04f-476f-9da3-ae0401115c8e,Symo  24.0-3 480 (1),,,24.0,parsed_from_inverter_name,17.6,,
fronius,2026-01-06,c3c803c9-49a6-4c83-9884-7f28e9244f2b,Penner Farms - 32-8-13 pump (site 1),528b81d7-df8d-4f62-9b35-ae0401115c98,Symo  24.0-3 480 (2),,,24.0,parsed_from_inverter_name,17.0,,
fronius,2026-01-06,c3c803c9-49a6-4c83-9884-7f28e9244f2b,Penner Farms - 32-8-13 pump (site 1),f97377a3-6539-450f-9b74-ae0401115ca1,Symo 24.0-3 480 (3),,,24.0,parsed_from_inverter_name,17.84,,
fronius,2026-01-07,c3c803c9-49a6-4c83-9884-7f28e9244f2b,Penner Farms - 32-8-13 pump (site 1),71ba6d53-c04f-476f-9da3-ae0401115c8e,Symo  24.0-3 480 (1),,,24.0,parsed_from_inverter_name,63.94,,
fronius,2026-01-07,c3c803c9-49a6-4c83-9884-7f28e9244f2b,Penner Farms - 32-8-13 pump (site 1),528b81d7-df8d-4f62-9b35-ae0401115c98,Symo  24.0-3 480 (2),,,24.0,parsed_from_inverter_name,60.48,,
fronius,2026-01-07,c3c803c9-49a6-4c83-9884-7f28e9244f2b,Penner Farms - 32-8-13 pump (site 1),f97377a3-6539-450f-9b74-ae0401115ca1,Symo 24.0-3 480 (3),,,24.0,parsed_from_inverter_name,66.62,,
fronius,2026-01-08,c3c803c9-49a6-4c83-9884-7f28e9244f2b,Penner Farms - 32-8-13 pump (site 1),71ba6d53-c04f-476f-9da3-ae0401115c8e,Symo  24.0-3 480 (1),,,24.0,parsed_from_inverter_name,103.54,,
fronius,2026-01-08,c3c803c9-49a6-4c83-9884-7f28e9244f2b,Penner Farms - 32-8-13 pump (site 1),528b81d7-df8d-4f62-9b35-ae0401115c98,Symo  24.0-3 480 (2),,,24.0,parsed_from_inverter_name,100.35,,
fronius,2026-01-08,c3c803c9-49a6-4c83-9884-7f28e9244f2b,Penner Farms - 32-8-13 pump (site 1),f97377a3-6539-450f-9b74-ae0401115ca1,Symo 24.0-3 480 (3),,,24.0,parsed_from_inverter_name,107.27,,
fronius,2026-01-09,c3c803c9-49a6-4c83-9884-7f28e9244f2b,Penner Farms - 32-8-13 pump (site 1),71ba6d53-c04f-476f-9da3-ae0401115c8e,Symo  24.0-3 480 (1),,,24.0,parsed_from_inverter_name,75.08,,
fronius,2026-01-09,c3c803c9-49a6-4c83-9884-7f28e9244f2b,Penner Farms - 32-8-13 pump (site 1),528b81d7-df8d-4f62-9b35-ae0401115c98,Symo  24.0-3 480 (2),,,24.0,parsed_from_inverter_name,70.3,,
fronius,2026-01-09,c3c803c9-49a6-4c83-9884-7f28e9244f2b,Penner Farms - 32-8-13 pump (site 1),f97377a3-6539-450f-9b74-ae0401115ca1,Symo 24.0-3 480 (3),,,24.0,parsed_from_inverter_name,77.93,,
fronius,2026-01-10,c3c803c9-49a6-4c83-9884-7f28e9244f2b,Penner Farms - 32-8-13 pump (site 1),71ba6d53-c04f-476f-9da3-ae0401115c8e,Symo  24.0-3 480 (1),,,24.0,parsed_from_inverter_name,27.04,,
fronius,2026-01-10,c3c803c9-49a6-4c83-9884-7f28e9244f2b,Penner Farms - 32-8-13 pump (site 1),528b81d7-df8d-4f62-9b35-ae0401115c98,Symo  24.0-3 480 (2),,,24.0,parsed_from_inverter_name,25.73,,
fronius,2026-01-10,c3c803c9-49a6-4c83-9884-7f28e9244f2b,Penner Farms - 32-8-13 pump (site 1),f97377a3-6539-450f-9b74-ae0401115ca1,Symo 24.0-3 480 (3),,,24.0,parsed_from_inverter_name,27.62,,
fronius,2026-01-11,c3c803c9-49a6-4c83-9884-7f28e9244f2b,Penner Farms - 32-8-13 pump (site 1),71ba6d53-c04f-476f-9da3-ae0401115c8e,Symo  24.0-3 480 (1),,,24.0,parsed_from_inverter_name,48.77,,
fronius,2026-01-11,c3c803c9-49a6-4c83-9884-7f28e9244f2b,Penner Farms - 32-8-13 pump (site 1),528b81d7-df8d-4f62-9b35-ae0401115c98,Symo  24.0-3 480 (2),,,24.0,parsed_from_inverter_name,47.65,,
fronius,2026-01-11,c3c803c9-49a6-4c83-9884-7f28e9244f2b,Penner Farms - 32-8-13 pump (site 1),f97377a3-6539-450f-9b74-ae0401115ca1,Symo 24.0-3 480 (3),,,24.0,parsed_from_inverter_name,50.09,,
fronius,2026-01-12,c3c803c9-49a6-4c83-9884-7f28e9244f2b,Penner Farms - 32-8-13 pump (site 1),71ba6d53-c04f-476f-9da3-ae0401115c8e,Symo  24.0-3 480 (1),,,24.0,parsed_from_inverter_name,15.49,,
fronius,2026-01-12,c3c803c9-49a6-4c83-9884-7f28e9244f2b,Penner Farms - 32-8-13 pump (site 1),528b81d7-df8d-4f62-9b35-ae0401115c98,Symo  24.0-3 480 (2),,,24.0,parsed_from_inverter_name,15.09,,
fronius,2026-01-12,c3c803c9-49a6-4c83-9884-7f28e9244f2b,Penner Farms - 32-8-13 pump (site 1),f97377a3-6539-450f-9b74-ae0401115ca1,Symo 24.0-3 480 (3),,,24.0,parsed_from_inverter_name,15.8,,
fronius,2026-01-13,c3c803c9-49a6-4c83-9884-7f28e9244f2b,Penner Farms - 32-8-13 pump (site 1),71ba6d53-c04f-476f-9da3-ae0401115c8e,Symo  24.0-3 480 (1),,,24.0,parsed_from_inverter_name,73.52,,
fronius,2026-01-13,c3c803c9-49a6-4c83-9884-7f28e9244f2b,Penner Farms - 32-8-13 pump (site 1),528b81d7-df8d-4f62-9b35-ae0401115c98,Symo  24.0-3 480 (2),,,24.0,parsed_from_inverter_name,70.71,,
fronius,2026-01-13,c3c803c9-49a6-4c83-9884-7f28e9244f2b,Penner Farms - 32-8-13 pump (site 1),f97377a3-6539-450f-9b74-ae0401115ca1,Symo 24.0-3 480 (3),,,24.0,parsed_from_inverter_name,75.77,,
fronius,2026-01-14,c3c803c9-49a6-4c83-9884-7f28e9244f2b,Penner Farms - 32-8-13 pump (site 1),71ba6d53-c04f-476f-9da3-ae0401115c8e,Symo  24.0-3 480 (1),,,24.0,parsed_from_inverter_name,112.45,,
fronius,2026-01-14,c3c803c9-49a6-4c83-9884-7f28e9244f2b,Penner Farms - 32-8-13 pump (site 1),528b81d7-df8d-4f62-9b35-ae0401115c98,Symo  24.0-3 480 (2),,,24.0,parsed_from_inverter_name,106.41,,
fronius,2026-01-14,c3c803c9-49a6-4c83-9884-7f28e9244f2b,Penner Farms - 32-8-13 pump (site 1),f97377a3-6539-450f-9b74-ae0401115ca1,Symo 24.0-3 480 (3),,,24.0,parsed_from_inverter_name,116.75,,
fronius,2026-01-15,c3c803c9-49a6-4c83-9884-7f28e9244f2b,Penner Farms - 32-8-13 pump (site 1),71ba6d53-c04f-476f-9da3-ae0401115c8e,Symo  24.0-3 480 (1),,,24.0,parsed_from_inverter_name,41.79,,
fronius,2026-01-15,c3c803c9-49a6-4c83-9884-7f28e9244f2b,Penner Farms - 32-8-13 pump (site 1),528b81d7-df8d-4f62-9b35-ae0401115c98,Symo  24.0-3 480 (2),,,24.0,parsed_from_inverter_name,40.22,,
fronius,2026-01-15,c3c803c9-49a6-4c83-9884-7f28e9244f2b,Penner Farms - 32-8-13 pump (site 1),f97377a3-6539-450f-9b74-ae0401115ca1,Symo 24.0-3 480 (3),,,24.0,parsed_from_inverter_name,43.76,,
fronius,2026-01-16,c3c803c9-49a6-4c83-9884-7f28e9244f2b,Penner Farms - 32-8-13 pump (site 1),71ba6d53-c04f-476f-9da3-ae0401115c8e,Symo  24.0-3 480 (1),,,24.0,parsed_from_inverter_name,93.49,,
fronius,2026-01-16,c3c803c9-49a6-4c83-9884-7f28e9244f2b,Penner Farms - 32-8-13 pump (site 1),528b81d7-df8d-4f62-9b35-ae0401115c98,Symo  24.0-3 480 (2),,,24.0,parsed_from_inverter_name,90.63,,
fronius,2026-01-16,c3c803c9-49a6-4c83-9884-7f28e9244f2b,Penner Farms - 32-8-13 pump (site 1),f97377a3-6539-450f-9b74-ae0401115ca1,Symo 24.0-3 480 (3),,,24.0,parsed_from_inverter_name,96.42,,
fronius,2026-01-17,c3c803c9-49a6-4c83-9884-7f28e9244f2b,Penner Farms - 32-8-13 pump (site 1),71ba6d53-c04f-476f-9da3-ae0401115c8e,Symo  24.0-3 480 (1),,,24.0,parsed_from_inverter_name,97.75,,
fronius,2026-01-17,c3c803c9-49a6-4c83-9884-7f28e9244f2b,Penner Farms - 32-8-13 pump (site 1),528b81d7-df8d-4f62-9b35-ae0401115c98,Symo  24.0-3 480 (2),,,24.0,parsed_from_inverter_name,92.91,,
fronius,2026-01-17,c3c803c9-49a6-4c83-9884-7f28e9244f2b,Penner Farms - 32-8-13 pump (site 1),f97377a3-6539-450f-9b74-ae0401115ca1,Symo 24.0-3 480 (3),,,24.0,parsed_from_inverter_name,100.93,,
fronius,2026-01-18,c3c803c9-49a6-4c83-9884-7f28e9244f2b,Penner Farms - 32-8-13 pump (site 1),71ba6d53-c04f-476f-9da3-ae0401115c8e,Symo  24.0-3 480 (1),,,24.0,parsed_from_inverter_name,74.59,,
fronius,2026-01-18,c3c803c9-49a6-4c83-9884-7f28e9244f2b,Penner Farms - 32-8-13 pump (site 1),528b81d7-df8d-4f62-9b35-ae0401115c98,Symo  24.0-3 480 (2),,,24.0,parsed_from_inverter_name,73.06,,
fronius,2026-01-18,c3c803c9-49a6-4c83-9884-7f28e9244f2b,Penner Farms - 32-8-13 pump (site 1),f97377a3-6539-450f-9b74-ae0401115ca1,Symo 24.0-3 480 (3),,,24.0,parsed_from_inverter_name,75.69,,
fronius,2026-01-19,c3c803c9-49a6-4c83-9884-7f28e9244f2b,Penner Farms - 32-8-13 pump (site 1),71ba6d53-c04f-476f-9da3-ae0401115c8e,Symo  24.0-3 480 (1),,,24.0,parsed_from_inverter_name,70.33,,
fronius,2026-01-19,c3c803c9-49a6-4c83-9884-7f28e9244f2b,Penner Farms - 32-8-13 pump (site 1),528b81d7-df8d-4f62-9b35-ae0401115c98,Symo  24.0-3 480 (2),,,24.0,parsed_from_inverter_name,66.65,,
fronius,2026-01-19,c3c803c9-49a6-4c83-9884-7f28e9244f2b,Penner Farms - 32-8-13 pump (site 1),f97377a3-6539-450f-9b74-ae0401115ca1,Symo 24.0-3 480 (3),,,24.0,parsed_from_inverter_name,73.06,,
fronius,2026-01-20,c3c803c9-49a6-4c83-9884-7f28e9244f2b,Penner Farms - 32-8-13 pump (site 1),71ba6d53-c04f-476f-9da3-ae0401115c8e,Symo  24.0-3 480 (1),,,24.0,parsed_from_inverter_name,23.55,,
fronius,2026-01-20,c3c803c9-49a6-4c83-9884-7f28e9244f2b,Penner Farms - 32-8-13 pump (site 1),528b81d7-df8d-4f62-9b35-ae0401115c98,Symo  24.0-3 480 (2),,,24.0,parsed_from_inverter_name,22.81,,
fronius,2026-01-20,c3c803c9-49a6-4c83-9884-7f28e9244f2b,Penner Farms - 32-8-13 pump (site 1),f97377a3-6539-450f-9b74-ae0401115ca1,Symo 24.0-3 480 (3),,,24.0,parsed_from_inverter_name,26.8,,
fronius,2026-01-21,c3c803c9-49a6-4c83-9884-7f28e9244f2b,Penner Farms - 32-8-13 pump (site 1),71ba6d53-c04f-476f-9da3-ae0401115c8e,Symo  24.0-3 480 (1),,,24.0,parsed_from_inverter_name,102.52,,
fronius,2026-01-21,c3c803c9-49a6-4c83-9884-7f28e9244f2b,Penner Farms - 32-8-13 pump (site 1),528b81d7-df8d-4f62-9b35-ae0401115c98,Symo  24.0-3 480 (2),,,24.0,parsed_from_inverter_name,97.08,,
fronius,2026-01-21,c3c803c9-49a6-4c83-9884-7f28e9244f2b,Penner Farms - 32-8-13 pump (site 1),f97377a3-6539-450f-9b74-ae0401115ca1,Symo 24.0-3 480 (3),,,24.0,parsed_from_inverter_name,105.21,,
fronius,2026-01-22,c3c803c9-49a6-4c83-9884-7f28e9244f2b,Penner Farms - 32-8-13 pump (site 1),71ba6d53-c04f-476f-9da3-ae0401115c8e,Symo  24.0-3 480 (1),,,24.0,parsed_from_inverter_name,39.01,,
fronius,2026-01-22,c3c803c9-49a6-4c83-9884-7f28e9244f2b,Penner Farms - 32-8-13 pump (site 1),528b81d7-df8d-4f62-9b35-ae0401115c98,Symo  24.0-3 480 (2),,,24.0,parsed_from_inverter_name,36.99,,
fronius,2026-01-22,c3c803c9-49a6-4c83-9884-7f28e9244f2b,Penner Farms - 32-8-13 pump (site 1),f97377a3-6539-450f-9b74-ae0401115ca1,Symo 24.0-3 480 (3),,,24.0,parsed_from_inverter_name,38.52,,
fronius,2026-01-23,c3c803c9-49a6-4c83-9884-7f28e9244f2b,Penner Farms - 32-8-13 pump (site 1),71ba6d53-c04f-476f-9da3-ae0401115c8e,Symo  24.0-3 480 (1),,,24.0,parsed_from_inverter_name,101.94,,
fronius,2026-01-23,c3c803c9-49a6-4c83-9884-7f28e9244f2b,Penner Farms - 32-8-13 pump (site 1),528b81d7-df8d-4f62-9b35-ae0401115c98,Symo  24.0-3 480 (2),,,24.0,parsed_from_inverter_name,95.49,,
fronius,2026-01-23,c3c803c9-49a6-4c83-9884-7f28e9244f2b,Penner Farms - 32-8-13 pump (site 1),f97377a3-6539-450f-9b74-ae0401115ca1,Symo 24.0-3 480 (3),,,24.0,parsed_from_inverter_name,103.85,,
fronius,2026-01-24,c3c803c9-49a6-4c83-9884-7f28e9244f2b,Penner Farms - 32-8-13 pump (site 1),71ba6d53-c04f-476f-9da3-ae0401115c8e,Symo  24.0-3 480 (1),,,24.0,parsed_from_inverter_name,25.36,,
fronius,2026-01-24,c3c803c9-49a6-4c83-9884-7f28e9244f2b,Penner Farms - 32-8-13 pump (site 1),528b81d7-df8d-4f62-9b35-ae0401115c98,Symo  24.0-3 480 (2),,,24.0,parsed_from_inverter_name,23.39,,
fronius,2026-01-24,c3c803c9-49a6-4c83-9884-7f28e9244f2b,Penner Farms - 32-8-13 pump (site 1),f97377a3-6539-450f-9b74-ae0401115ca1,Symo 24.0-3 480 (3),,,24.0,parsed_from_inverter_name,27.72,,
fronius,2026-01-25,c3c803c9-49a6-4c83-9884-7f28e9244f2b,Penner Farms - 32-8-13 pump (site 1),71ba6d53-c04f-476f-9da3-ae0401115c8e,Symo  24.0-3 480 (1),,,24.0,parsed_from_inverter_name,71.05,,
fronius,2026-01-25,c3c803c9-49a6-4c83-9884-7f28e9244f2b,Penner Farms - 32-8-13 pump (site 1),528b81d7-df8d-4f62-9b35-ae0401115c98,Symo  24.0-3 480 (2),,,24.0,parsed_from_inverter_name,64.21,,
fronius,2026-01-25,c3c803c9-49a6-4c83-9884-7f28e9244f2b,Penner Farms - 32-8-13 pump (site 1),f97377a3-6539-450f-9b74-ae0401115ca1,Symo 24.0-3 480 (3),,,24.0,parsed_from_inverter_name,77.07,,
fronius,2026-01-26,c3c803c9-49a6-4c83-9884-7f28e9244f2b,Penner Farms - 32-8-13 pump (site 1),71ba6d53-c04f-476f-9da3-ae0401115c8e,Symo  24.0-3 480 (1),,,24.0,parsed_from_inverter_name,68.35,,
fronius,2026-01-26,c3c803c9-49a6-4c83-9884-7f28e9244f2b,Penner Farms - 32-8-13 pump (site 1),528b81d7-df8d-4f62-9b35-ae0401115c98,Symo  24.0-3 480 (2),,,24.0,parsed_from_inverter_name,63.7,,
fronius,2026-01-26,c3c803c9-49a6-4c83-9884-7f28e9244f2b,Penner Farms - 32-8-13 pump (site 1),f97377a3-6539-450f-9b74-ae0401115ca1,Symo 24.0-3 480 (3),,,24.0,parsed_from_inverter_name,72.44,,
fronius,2026-01-27,c3c803c9-49a6-4c83-9884-7f28e9244f2b,Penner Farms - 32-8-13 pump (site 1),71ba6d53-c04f-476f-9da3-ae0401115c8e,Symo  24.0-3 480 (1),,,24.0,parsed_from_inverter_name,123.95,,
fronius,2026-01-27,c3c803c9-49a6-4c83-9884-7f28e9244f2b,Penner Farms - 32-8-13 pump (site 1),528b81d7-df8d-4f62-9b35-ae0401115c98,Symo  24.0-3 480 (2),,,24.0,parsed_from_inverter_name,118.74,,
fronius,2026-01-27,c3c803c9-49a6-4c83-9884-7f28e9244f2b,Penner Farms - 32-8-13 pump (site 1),f97377a3-6539-450f-9b74-ae0401115ca1,Symo 24.0-3 480 (3),,,24.0,parsed_from_inverter_name,128.39,,
fronius,2026-01-28,c3c803c9-49a6-4c83-9884-7f28e9244f2b,Penner Farms - 32-8-13 pump (site 1),71ba6d53-c04f-476f-9da3-ae0401115c8e,Symo  24.0-3 480 (1),,,24.0,parsed_from_inverter_name,32.97,,
fronius,2026-01-28,c3c803c9-49a6-4c83-9884-7f28e9244f2b,Penner Farms - 32-8-13 pump (site 1),528b81d7-df8d-4f62-9b35-ae0401115c98,Symo  24.0-3 480 (2),,,24.0,parsed_from_inverter_name,31.91,,
fronius,2026-01-28,c3c803c9-49a6-4c83-9884-7f28e9244f2b,Penner Farms - 32-8-13 pump (site 1),f97377a3-6539-450f-9b74-ae0401115ca1,Symo 24.0-3 480 (3),,,24.0,parsed_from_inverter_name,33.47,,
fronius,2026-01-29,c3c803c9-49a6-4c83-9884-7f28e9244f2b,Penner Farms - 32-8-13 pump (site 1),71ba6d53-c04f-476f-9da3-ae0401115c8e,Symo  24.0-3 480 (1),,,24.0,parsed_from_inverter_name,81.48,,
fronius,2026-01-29,c3c803c9-49a6-4c83-9884-7f28e9244f2b,Penner Farms - 32-8-13 pump (site 1),528b81d7-df8d-4f62-9b35-ae0401115c98,Symo  24.0-3 480 (2),,,24.0,parsed_from_inverter_name,78.02,,
fronius,2026-01-29,c3c803c9-49a6-4c83-9884-7f28e9244f2b,Penner Farms - 32-8-13 pump (site 1),f97377a3-6539-450f-9b74-ae0401115ca1,Symo 24.0-3 480 (3),,,24.0,parsed_from_inverter_name,83.52,,
fronius,2026-01-30,c3c803c9-49a6-4c83-9884-7f28e9244f2b,Penner Farms - 32-8-13 pump (site 1),71ba6d53-c04f-476f-9da3-ae0401115c8e,Symo  24.0-3 480 (1),,,24.0,parsed_from_inverter_name,47.37,,
fronius,2026-01-30,c3c803c9-49a6-4c83-9884-7f28e9244f2b,Penner Farms - 32-8-13 pump (site 1),528b81d7-df8d-4f62-9b35-ae0401115c98,Symo  24.0-3 480 (2),,,24.0,parsed_from_inverter_name,46.41,,
fronius,2026-01-30,c3c803c9-49a6-4c83-9884-7f28e9244f2b,Penner Farms - 32-8-13 pump (site 1),f97377a3-6539-450f-9b74-ae0401115ca1,Symo 24.0-3 480 (3),,,24.0,parsed_from_inverter_name,48.19,,
fronius,2026-01-31,c3c803c9-49a6-4c83-9884-7f28e9244f2b,Penner Farms - 32-8-13 pump (site 1),71ba6d53-c04f-476f-9da3-ae0401115c8e,Symo  24.0-3 480 (1),,,24.0,parsed_from_inverter_name,101.49,,
fronius,2026-01-31,c3c803c9-49a6-4c83-9884-7f28e9244f2b,Penner Farms - 32-8-13 pump (site 1),528b81d7-df8d-4f62-9b35-ae0401115c98,Symo  24.0-3 480 (2),,,24.0,parsed_from_inverter_name,105.22,,
fronius,2026-01-31,c3c803c9-49a6-4c83-9884-7f28e9244f2b,Penner Farms - 32-8-13 pump (site 1),f97377a3-6539-450f-9b74-ae0401115ca1,Symo 24.0-3 480 (3),,,24.0,parsed_from_inverter_name,109.85,,
fronius,2026-02-01,c3c803c9-49a6-4c83-9884-7f28e9244f2b,Penner Farms - 32-8-13 pump (site 1),71ba6d53-c04f-476f-9da3-ae0401115c8e,Symo  24.0-3 480 (1),,,24.0,parsed_from_inverter_name,36.11,,
fronius,2026-02-01,c3c803c9-49a6-4c83-9884-7f28e9244f2b,Penner Farms - 32-8-13 pump (site 1),528b81d7-df8d-4f62-9b35-ae0401115c98,Symo  24.0-3 480 (2),,,24.0,parsed_from_inverter_name,35.15,,
fronius,2026-02-01,c3c803c9-49a6-4c83-9884-7f28e9244f2b,Penner Farms - 32-8-13 pump (site 1),f97377a3-6539-450f-9b74-ae0401115ca1,Symo 24.0-3 480 (3),,,24.0,parsed_from_inverter_name,36.97,,
fronius,2026-02-02,c3c803c9-49a6-4c83-9884-7f28e9244f2b,Penner Farms - 32-8-13 pump (site 1),71ba6d53-c04f-476f-9da3-ae0401115c8e,Symo  24.0-3 480 (1),,,24.0,parsed_from_inverter_name,116.84,,
fronius,2026-02-02,c3c803c9-49a6-4c83-9884-7f28e9244f2b,Penner Farms - 32-8-13 pump (site 1),528b81d7-df8d-4f62-9b35-ae0401115c98,Symo  24.0-3 480 (2),,,24.0,parsed_from_inverter_name,114.09,,
fronius,2026-02-02,c3c803c9-49a6-4c83-9884-7f28e9244f2b,Penner Farms - 32-8-13 pump (site 1),f97377a3-6539-450f-9b74-ae0401115ca1,Symo 24.0-3 480 (3),,,24.0,parsed_from_inverter_name,118.37,,
fronius,2026-02-03,c3c803c9-49a6-4c83-9884-7f28e9244f2b,Penner Farms - 32-8-13 pump (site 1),71ba6d53-c04f-476f-9da3-ae0401115c8e,Symo  24.0-3 480 (1),,,24.0,parsed_from_inverter_name,86.05,,
fronius,2026-02-03,c3c803c9-49a6-4c83-9884-7f28e9244f2b,Penner Farms - 32-8-13 pump (site 1),528b81d7-df8d-4f62-9b35-ae0401115c98,Symo  24.0-3 480 (2),,,24.0,parsed_from_inverter_name,83.64,,
fronius,2026-02-03,c3c803c9-49a6-4c83-9884-7f28e9244f2b,Penner Farms - 32-8-13 pump (site 1),f97377a3-6539-450f-9b74-ae0401115ca1,Symo 24.0-3 480 (3),,,24.0,parsed_from_inverter_name,87.65,,
fronius,2026-02-04,c3c803c9-49a6-4c83-9884-7f28e9244f2b,Penner Farms - 32-8-13 pump (site 1),71ba6d53-c04f-476f-9da3-ae0401115c8e,Symo  24.0-3 480 (1),,,24.0,parsed_from_inverter_name,74.92,,
fronius,2026-02-04,c3c803c9-49a6-4c83-9884-7f28e9244f2b,Penner Farms - 32-8-13 pump (site 1),528b81d7-df8d-4f62-9b35-ae0401115c98,Symo  24.0-3 480 (2),,,24.0,parsed_from_inverter_name,73.73,,
fronius,2026-02-04,c3c803c9-49a6-4c83-9884-7f28e9244f2b,Penner Farms - 32-8-13 pump (site 1),f97377a3-6539-450f-9b74-ae0401115ca1,Symo 24.0-3 480 (3),,,24.0,parsed_from_inverter_name,76.1,,
fronius,2026-02-05,c3c803c9-49a6-4c83-9884-7f28e9244f2b,Penner Farms - 32-8-13 pump (site 1),71ba6d53-c04f-476f-9da3-ae0401115c8e,Symo  24.0-3 480 (1),,,24.0,parsed_from_inverter_name,132.11,,
fronius,2026-02-05,c3c803c9-49a6-4c83-9884-7f28e9244f2b,Penner Farms - 32-8-13 pump (site 1),528b81d7-df8d-4f62-9b35-ae0401115c98,Symo  24.0-3 480 (2),,,24.0,parsed_from_inverter_name,128.71,,
fronius,2026-02-05,c3c803c9-49a6-4c83-9884-7f28e9244f2b,Penner Farms - 32-8-13 pump (site 1),f97377a3-6539-450f-9b74-ae0401115ca1,Symo 24.0-3 480 (3),,,24.0,parsed_from_inverter_name,133.95,,
fronius,2026-02-06,c3c803c9-49a6-4c83-9884-7f28e9244f2b,Penner Farms - 32-8-13 pump (site 1),71ba6d53-c04f-476f-9da3-ae0401115c8e,Symo  24.0-3 480 (1),,,24.0,parsed_from_inverter_name,110.11,,
fronius,2026-02-06,c3c803c9-49a6-4c83-9884-7f28e9244f2b,Penner Farms - 32-8-13 pump (site 1),528b81d7-df8d-4f62-9b35-ae0401115c98,Symo  24.0-3 480 (2),,,24.0,parsed_from_inverter_name,107.46,,
fronius,2026-02-06,c3c803c9-49a6-4c83-9884-7f28e9244f2b,Penner Farms - 32-8-13 pump (site 1),f97377a3-6539-450f-9b74-ae0401115ca1,Symo 24.0-3 480 (3),,,24.0,parsed_from_inverter_name,111.93,,
fronius,2026-02-07,c3c803c9-49a6-4c83-9884-7f28e9244f2b,Penner Farms - 32-8-13 pump (site 1),71ba6d53-c04f-476f-9da3-ae0401115c8e,Symo  24.0-3 480 (1),,,24.0,parsed_from_inverter_name,104.96,,
fronius,2026-02-07,c3c803c9-49a6-4c83-9884-7f28e9244f2b,Penner Farms - 32-8-13 pump (site 1),528b81d7-df8d-4f62-9b35-ae0401115c98,Symo  24.0-3 480 (2),,,24.0,parsed_from_inverter_name,102.89,,
fronius,2026-02-07,c3c803c9-49a6-4c83-9884-7f28e9244f2b,Penner Farms - 32-8-13 pump (site 1),f97377a3-6539-450f-9b74-ae0401115ca1,Symo 24.0-3 480 (3),,,24.0,parsed_from_inverter_name,106.39,,
fronius,2026-02-08,c3c803c9-49a6-4c83-9884-7f28e9244f2b,Penner Farms - 32-8-13 pump (site 1),71ba6d53-c04f-476f-9da3-ae0401115c8e,Symo  24.0-3 480 (1),,,24.0,parsed_from_inverter_name,52.81,,
fronius,2026-02-08,c3c803c9-49a6-4c83-9884-7f28e9244f2b,Penner Farms - 32-8-13 pump (site 1),528b81d7-df8d-4f62-9b35-ae0401115c98,Symo  24.0-3 480 (2),,,24.0,parsed_from_inverter_name,51.15,,
fronius,2026-02-08,c3c803c9-49a6-4c83-9884-7f28e9244f2b,Penner Farms - 32-8-13 pump (site 1),f97377a3-6539-450f-9b74-ae0401115ca1,Symo 24.0-3 480 (3),,,24.0,parsed_from_inverter_name,53.63,,
fronius,2026-02-09,c3c803c9-49a6-4c83-9884-7f28e9244f2b,Penner Farms - 32-8-13 pump (site 1),71ba6d53-c04f-476f-9da3-ae0401115c8e,Symo  24.0-3 480 (1),,,24.0,parsed_from_inverter_name,69.25,,
fronius,2026-02-09,c3c803c9-49a6-4c83-9884-7f28e9244f2b,Penner Farms - 32-8-13 pump (site 1),528b81d7-df8d-4f62-9b35-ae0401115c98,Symo  24.0-3 480 (2),,,24.0,parsed_from_inverter_name,68.08,,
fronius,2026-02-09,c3c803c9-49a6-4c83-9884-7f28e9244f2b,Penner Farms - 32-8-13 pump (site 1),f97377a3-6539-450f-9b74-ae0401115ca1,Symo 24.0-3 480 (3),,,24.0,parsed_from_inverter_name,70.38,,
fronius,2026-02-10,c3c803c9-49a6-4c83-9884-7f28e9244f2b,Penner Farms - 32-8-13 pump (site 1),71ba6d53-c04f-476f-9da3-ae0401115c8e,Symo  24.0-3 480 (1),,,24.0,parsed_from_inverter_name,144.72,,
fronius,2026-02-10,c3c803c9-49a6-4c83-9884-7f28e9244f2b,Penner Farms - 32-8-13 pump (site 1),528b81d7-df8d-4f62-9b35-ae0401115c98,Symo  24.0-3 480 (2),,,24.0,parsed_from_inverter_name,141.65,,
fronius,2026-02-10,c3c803c9-49a6-4c83-9884-7f28e9244f2b,Penner Farms - 32-8-13 pump (site 1),f97377a3-6539-450f-9b74-ae0401115ca1,Symo 24.0-3 480 (3),,,24.0,parsed_from_inverter_name,146.82,,
fronius,2026-02-11,c3c803c9-49a6-4c83-9884-7f28e9244f2b,Penner Farms - 32-8-13 pump (site 1),71ba6d53-c04f-476f-9da3-ae0401115c8e,Symo  24.0-3 480 (1),,,24.0,parsed_from_inverter_name,143.92,,
fronius,2026-02-11,c3c803c9-49a6-4c83-9884-7f28e9244f2b,Penner Farms - 32-8-13 pump (site 1),528b81d7-df8d-4f62-9b35-ae0401115c98,Symo  24.0-3 480 (2),,,24.0,parsed_from_inverter_name,141.16,,
fronius,2026-02-11,c3c803c9-49a6-4c83-9884-7f28e9244f2b,Penner Farms - 32-8-13 pump (site 1),f97377a3-6539-450f-9b74-ae0401115ca1,Symo 24.0-3 480 (3),,,24.0,parsed_from_inverter_name,146.02,,
fronius,2026-02-12,c3c803c9-49a6-4c83-9884-7f28e9244f2b,Penner Farms - 32-8-13 pump (site 1),71ba6d53-c04f-476f-9da3-ae0401115c8e,Symo  24.0-3 480 (1),,,24.0,parsed_from_inverter_name,96.28,,
fronius,2026-02-12,c3c803c9-49a6-4c83-9884-7f28e9244f2b,Penner Farms - 32-8-13 pump (site 1),528b81d7-df8d-4f62-9b35-ae0401115c98,Symo  24.0-3 480 (2),,,24.0,parsed_from_inverter_name,94.44,,
fronius,2026-02-12,c3c803c9-49a6-4c83-9884-7f28e9244f2b,Penner Farms - 32-8-13 pump (site 1),f97377a3-6539-450f-9b74-ae0401115ca1,Symo 24.0-3 480 (3),,,24.0,parsed_from_inverter_name,97.43,,
fronius,2026-02-13,c3c803c9-49a6-4c83-9884-7f28e9244f2b,Penner Farms - 32-8-13 pump (site 1),71ba6d53-c04f-476f-9da3-ae0401115c8e,Symo  24.0-3 480 (1),,,24.0,parsed_from_inverter_name,61.28,,
fronius,2026-02-13,c3c803c9-49a6-4c83-9884-7f28e9244f2b,Penner Farms - 32-8-13 pump (site 1),528b81d7-df8d-4f62-9b35-ae0401115c98,Symo  24.0-3 480 (2),,,24.0,parsed_from_inverter_name,60.03,,
fronius,2026-02-13,c3c803c9-49a6-4c83-9884-7f28e9244f2b,Penner Farms - 32-8-13 pump (site 1),f97377a3-6539-450f-9b74-ae0401115ca1,Symo 24.0-3 480 (3),,,24.0,parsed_from_inverter_name,62.0,,
fronius,2026-02-14,c3c803c9-49a6-4c83-9884-7f28e9244f2b,Penner Farms - 32-8-13 pump (site 1),71ba6d53-c04f-476f-9da3-ae0401115c8e,Symo  24.0-3 480 (1),,,24.0,parsed_from_inverter_name,131.76,,
fronius,2026-02-14,c3c803c9-49a6-4c83-9884-7f28e9244f2b,Penner Farms - 32-8-13 pump (site 1),528b81d7-df8d-4f62-9b35-ae0401115c98,Symo  24.0-3 480 (2),,,24.0,parsed_from_inverter_name,129.7,,
fronius,2026-02-14,c3c803c9-49a6-4c83-9884-7f28e9244f2b,Penner Farms - 32-8-13 pump (site 1),f97377a3-6539-450f-9b74-ae0401115ca1,Symo 24.0-3 480 (3),,,24.0,parsed_from_inverter_name,133.42,,
fronius,2026-02-15,c3c803c9-49a6-4c83-9884-7f28e9244f2b,Penner Farms - 32-8-13 pump (site 1),71ba6d53-c04f-476f-9da3-ae0401115c8e,Symo  24.0-3 480 (1),,,24.0,parsed_from_inverter_name,149.77,,
fronius,2026-02-15,c3c803c9-49a6-4c83-9884-7f28e9244f2b,Penner Farms - 32-8-13 pump (site 1),528b81d7-df8d-4f62-9b35-ae0401115c98,Symo  24.0-3 480 (2),,,24.0,parsed_from_inverter_name,147.78,,
fronius,2026-02-15,c3c803c9-49a6-4c83-9884-7f28e9244f2b,Penner Farms - 32-8-13 pump (site 1),f97377a3-6539-450f-9b74-ae0401115ca1,Symo 24.0-3 480 (3),,,24.0,parsed_from_inverter_name,151.74,,
fronius,2026-02-16,c3c803c9-49a6-4c83-9884-7f28e9244f2b,Penner Farms - 32-8-13 pump (site 1),71ba6d53-c04f-476f-9da3-ae0401115c8e,Symo  24.0-3 480 (1),,,24.0,parsed_from_inverter_name,98.6,,
fronius,2026-02-16,c3c803c9-49a6-4c83-9884-7f28e9244f2b,Penner Farms - 32-8-13 pump (site 1),528b81d7-df8d-4f62-9b35-ae0401115c98,Symo  24.0-3 480 (2),,,24.0,parsed_from_inverter_name,96.49,,
fronius,2026-02-16,c3c803c9-49a6-4c83-9884-7f28e9244f2b,Penner Farms - 32-8-13 pump (site 1),f97377a3-6539-450f-9b74-ae0401115ca1,Symo 24.0-3 480 (3),,,24.0,parsed_from_inverter_name,99.34,,
fronius,2026-02-17,c3c803c9-49a6-4c83-9884-7f28e9244f2b,Penner Farms - 32-8-13 pump (site 1),71ba6d53-c04f-476f-9da3-ae0401115c8e,Symo  24.0-3 480 (1),,,24.0,parsed_from_inverter_name,29.12,,
fronius,2026-02-17,c3c803c9-49a6-4c83-9884-7f28e9244f2b,Penner Farms - 32-8-13 pump (site 1),528b81d7-df8d-4f62-9b35-ae0401115c98,Symo  24.0-3 480 (2),,,24.0,parsed_from_inverter_name,28.18,,
fronius,2026-02-17,c3c803c9-49a6-4c83-9884-7f28e9244f2b,Penner Farms - 32-8-13 pump (site 1),f97377a3-6539-450f-9b74-ae0401115ca1,Symo 24.0-3 480 (3),,,24.0,parsed_from_inverter_name,29.57,,
fronius,2026-02-18,c3c803c9-49a6-4c83-9884-7f28e9244f2b,Penner Farms - 32-8-13 pump (site 1),71ba6d53-c04f-476f-9da3-ae0401115c8e,Symo  24.0-3 480 (1),,,24.0,parsed_from_inverter_name,96.6,,
fronius,2026-02-18,c3c803c9-49a6-4c83-9884-7f28e9244f2b,Penner Farms - 32-8-13 pump (site 1),528b81d7-df8d-4f62-9b35-ae0401115c98,Symo  24.0-3 480 (2),,,24.0,parsed_from_inverter_name,93.38,,
fronius,2026-02-18,c3c803c9-49a6-4c83-9884-7f28e9244f2b,Penner Farms - 32-8-13 pump (site 1),f97377a3-6539-450f-9b74-ae0401115ca1,Symo 24.0-3 480 (3),,,24.0,parsed_from_inverter_name,97.61,,
fronius,2026-02-19,c3c803c9-49a6-4c83-9884-7f28e9244f2b,Penner Farms - 32-8-13 pump (site 1),71ba6d53-c04f-476f-9da3-ae0401115c8e,Symo  24.0-3 480 (1),,,24.0,parsed_from_inverter_name,128.99,,
fronius,2026-02-19,c3c803c9-49a6-4c83-9884-7f28e9244f2b,Penner Farms - 32-8-13 pump (site 1),528b81d7-df8d-4f62-9b35-ae0401115c98,Symo  24.0-3 480 (2),,,24.0,parsed_from_inverter_name,137.36,,
fronius,2026-02-19,c3c803c9-49a6-4c83-9884-7f28e9244f2b,Penner Farms - 32-8-13 pump (site 1),f97377a3-6539-450f-9b74-ae0401115ca1,Symo 24.0-3 480 (3),,,24.0,parsed_from_inverter_name,131.28,,
fronius,2026-02-20,c3c803c9-49a6-4c83-9884-7f28e9244f2b,Penner Farms - 32-8-13 pump (site 1),71ba6d53-c04f-476f-9da3-ae0401115c8e,Symo  24.0-3 480 (1),,,24.0,parsed_from_inverter_name,119.61,,
fronius,2026-02-20,c3c803c9-49a6-4c83-9884-7f28e9244f2b,Penner Farms - 32-8-13 pump (site 1),528b81d7-df8d-4f62-9b35-ae0401115c98,Symo  24.0-3 480 (2),,,24.0,parsed_from_inverter_name,114.65,,
fronius,2026-02-20,c3c803c9-49a6-4c83-9884-7f28e9244f2b,Penner Farms - 32-8-13 pump (site 1),f97377a3-6539-450f-9b74-ae0401115ca1,Symo 24.0-3 480 (3),,,24.0,parsed_from_inverter_name,113.54,,
fronius,2026-02-21,c3c803c9-49a6-4c83-9884-7f28e9244f2b,Penner Farms - 32-8-13 pump (site 1),71ba6d53-c04f-476f-9da3-ae0401115c8e,Symo  24.0-3 480 (1),,,24.0,parsed_from_inverter_name,169.68,,
fronius,2026-02-21,c3c803c9-49a6-4c83-9884-7f28e9244f2b,Penner Farms - 32-8-13 pump (site 1),528b81d7-df8d-4f62-9b35-ae0401115c98,Symo  24.0-3 480 (2),,,24.0,parsed_from_inverter_name,165.58,,
fronius,2026-02-21,c3c803c9-49a6-4c83-9884-7f28e9244f2b,Penner Farms - 32-8-13 pump (site 1),f97377a3-6539-450f-9b74-ae0401115ca1,Symo 24.0-3 480 (3),,,24.0,parsed_from_inverter_name,169.21,,
fronius,2026-02-22,c3c803c9-49a6-4c83-9884-7f28e9244f2b,Penner Farms - 32-8-13 pump (site 1),71ba6d53-c04f-476f-9da3-ae0401115c8e,Symo  24.0-3 480 (1),,,24.0,parsed_from_inverter_name,154.53,,
fronius,2026-02-22,c3c803c9-49a6-4c83-9884-7f28e9244f2b,Penner Farms - 32-8-13 pump (site 1),528b81d7-df8d-4f62-9b35-ae0401115c98,Symo  24.0-3 480 (2),,,24.0,parsed_from_inverter_name,149.44,,
fronius,2026-02-22,c3c803c9-49a6-4c83-9884-7f28e9244f2b,Penner Farms - 32-8-13 pump (site 1),f97377a3-6539-450f-9b74-ae0401115ca1,Symo 24.0-3 480 (3),,,24.0,parsed_from_inverter_name,154.73,,
fronius,2026-02-23,c3c803c9-49a6-4c83-9884-7f28e9244f2b,Penner Farms - 32-8-13 pump (site 1),71ba6d53-c04f-476f-9da3-ae0401115c8e,Symo  24.0-3 480 (1),,,24.0,parsed_from_inverter_name,107.7,,
fronius,2026-02-23,c3c803c9-49a6-4c83-9884-7f28e9244f2b,Penner Farms - 32-8-13 pump (site 1),528b81d7-df8d-4f62-9b35-ae0401115c98,Symo  24.0-3 480 (2),,,24.0,parsed_from_inverter_name,105.4,,
fronius,2026-02-23,c3c803c9-49a6-4c83-9884-7f28e9244f2b,Penner Farms - 32-8-13 pump (site 1),f97377a3-6539-450f-9b74-ae0401115ca1,Symo 24.0-3 480 (3),,,24.0,parsed_from_inverter_name,108.65,,
fronius,2026-02-24,c3c803c9-49a6-4c83-9884-7f28e9244f2b,Penner Farms - 32-8-13 pump (site 1),71ba6d53-c04f-476f-9da3-ae0401115c8e,Symo  24.0-3 480 (1),,,24.0,parsed_from_inverter_name,161.84,,
fronius,2026-02-24,c3c803c9-49a6-4c83-9884-7f28e9244f2b,Penner Farms - 32-8-13 pump (site 1),528b81d7-df8d-4f62-9b35-ae0401115c98,Symo  24.0-3 480 (2),,,24.0,parsed_from_inverter_name,158.51,,
fronius,2026-02-24,c3c803c9-49a6-4c83-9884-7f28e9244f2b,Penner Farms - 32-8-13 pump (site 1),f97377a3-6539-450f-9b74-ae0401115ca1,Symo 24.0-3 480 (3),,,24.0,parsed_from_inverter_name,163.28,,
fronius,2026-02-25,c3c803c9-49a6-4c83-9884-7f28e9244f2b,Penner Farms - 32-8-13 pump (site 1),71ba6d53-c04f-476f-9da3-ae0401115c8e,Symo  24.0-3 480 (1),,,24.0,parsed_from_inverter_name,91.83,,
fronius,2026-02-25,c3c803c9-49a6-4c83-9884-7f28e9244f2b,Penner Farms - 32-8-13 pump (site 1),528b81d7-df8d-4f62-9b35-ae0401115c98,Symo  24.0-3 480 (2),,,24.0,parsed_from_inverter_name,90.12,,
fronius,2026-02-25,c3c803c9-49a6-4c83-9884-7f28e9244f2b,Penner Farms - 32-8-13 pump (site 1),f97377a3-6539-450f-9b74-ae0401115ca1,Symo 24.0-3 480 (3),,,24.0,parsed_from_inverter_name,92.78,,
fronius,2026-02-26,c3c803c9-49a6-4c83-9884-7f28e9244f2b,Penner Farms - 32-8-13 pump (site 1),71ba6d53-c04f-476f-9da3-ae0401115c8e,Symo  24.0-3 480 (1),,,24.0,parsed_from_inverter_name,30.9,,
fronius,2026-02-26,c3c803c9-49a6-4c83-9884-7f28e9244f2b,Penner Farms - 32-8-13 pump (site 1),528b81d7-df8d-4f62-9b35-ae0401115c98,Symo  24.0-3 480 (2),,,24.0,parsed_from_inverter_name,30.24,,
fronius,2026-02-26,c3c803c9-49a6-4c83-9884-7f28e9244f2b,Penner Farms - 32-8-13 pump (site 1),f97377a3-6539-450f-9b74-ae0401115ca1,Symo 24.0-3 480 (3),,,24.0,parsed_from_inverter_name,31.53,,
fronius,2026-02-27,c3c803c9-49a6-4c83-9884-7f28e9244f2b,Penner Farms - 32-8-13 pump (site 1),71ba6d53-c04f-476f-9da3-ae0401115c8e,Symo  24.0-3 480 (1),,,24.0,parsed_from_inverter_name,47.08,,
fronius,2026-02-27,c3c803c9-49a6-4c83-9884-7f28e9244f2b,Penner Farms - 32-8-13 pump (site 1),528b81d7-df8d-4f62-9b35-ae0401115c98,Symo  24.0-3 480 (2),,,24.0,parsed_from_inverter_name,45.92,,
fronius,2026-02-27,c3c803c9-49a6-4c83-9884-7f28e9244f2b,Penner Farms - 32-8-13 pump (site 1),f97377a3-6539-450f-9b74-ae0401115ca1,Symo 24.0-3 480 (3),,,24.0,parsed_from_inverter_name,47.62,,
fronius,2026-02-28,c3c803c9-49a6-4c83-9884-7f28e9244f2b,Penner Farms - 32-8-13 pump (site 1),71ba6d53-c04f-476f-9da3-ae0401115c8e,Symo  24.0-3 480 (1),,,24.0,parsed_from_inverter_name,102.99,,
fronius,2026-02-28,c3c803c9-49a6-4c83-9884-7f28e9244f2b,Penner Farms - 32-8-13 pump (site 1),528b81d7-df8d-4f62-9b35-ae0401115c98,Symo  24.0-3 480 (2),,,24.0,parsed_from_inverter_name,96.75,,
fronius,2026-02-28,c3c803c9-49a6-4c83-9884-7f28e9244f2b,Penner Farms - 32-8-13 pump (site 1),f97377a3-6539-450f-9b74-ae0401115ca1,Symo 24.0-3 480 (3),,,24.0,parsed_from_inverter_name,106.73,,
fronius,2026-03-01,c3c803c9-49a6-4c83-9884-7f28e9244f2b,Penner Farms - 32-8-13 pump (site 1),71ba6d53-c04f-476f-9da3-ae0401115c8e,Symo  24.0-3 480 (1),,,24.0,parsed_from_inverter_name,165.05,,
fronius,2026-03-01,c3c803c9-49a6-4c83-9884-7f28e9244f2b,Penner Farms - 32-8-13 pump (site 1),528b81d7-df8d-4f62-9b35-ae0401115c98,Symo  24.0-3 480 (2),,,24.0,parsed_from_inverter_name,162.31,,
fronius,2026-03-01,c3c803c9-49a6-4c83-9884-7f28e9244f2b,Penner Farms - 32-8-13 pump (site 1),f97377a3-6539-450f-9b74-ae0401115ca1,Symo 24.0-3 480 (3),,,24.0,parsed_from_inverter_name,166.78,,
fronius,2026-03-02,c3c803c9-49a6-4c83-9884-7f28e9244f2b,Penner Farms - 32-8-13 pump (site 1),71ba6d53-c04f-476f-9da3-ae0401115c8e,Symo  24.0-3 480 (1),,,24.0,parsed_from_inverter_name,159.85,,
fronius,2026-03-02,c3c803c9-49a6-4c83-9884-7f28e9244f2b,Penner Farms - 32-8-13 pump (site 1),528b81d7-df8d-4f62-9b35-ae0401115c98,Symo  24.0-3 480 (2),,,24.0,parsed_from_inverter_name,157.87,,
fronius,2026-03-02,c3c803c9-49a6-4c83-9884-7f28e9244f2b,Penner Farms - 32-8-13 pump (site 1),f97377a3-6539-450f-9b74-ae0401115ca1,Symo 24.0-3 480 (3),,,24.0,parsed_from_inverter_name,161.41,,
fronius,2026-03-03,c3c803c9-49a6-4c83-9884-7f28e9244f2b,Penner Farms - 32-8-13 pump (site 1),71ba6d53-c04f-476f-9da3-ae0401115c8e,Symo  24.0-3 480 (1),,,24.0,parsed_from_inverter_name,42.58,,
fronius,2026-03-03,c3c803c9-49a6-4c83-9884-7f28e9244f2b,Penner Farms - 32-8-13 pump (site 1),528b81d7-df8d-4f62-9b35-ae0401115c98,Symo  24.0-3 480 (2),,,24.0,parsed_from_inverter_name,41.43,,
fronius,2026-03-03,c3c803c9-49a6-4c83-9884-7f28e9244f2b,Penner Farms - 32-8-13 pump (site 1),f97377a3-6539-450f-9b74-ae0401115ca1,Symo 24.0-3 480 (3),,,24.0,parsed_from_inverter_name,43.41,,
fronius,2026-03-04,c3c803c9-49a6-4c83-9884-7f28e9244f2b,Penner Farms - 32-8-13 pump (site 1),71ba6d53-c04f-476f-9da3-ae0401115c8e,Symo  24.0-3 480 (1),,,24.0,parsed_from_inverter_name,50.44,,
fronius,2026-03-04,c3c803c9-49a6-4c83-9884-7f28e9244f2b,Penner Farms - 32-8-13 pump (site 1),528b81d7-df8d-4f62-9b35-ae0401115c98,Symo  24.0-3 480 (2),,,24.0,parsed_from_inverter_name,49.21,,
fronius,2026-03-04,c3c803c9-49a6-4c83-9884-7f28e9244f2b,Penner Farms - 32-8-13 pump (site 1),f97377a3-6539-450f-9b74-ae0401115ca1,Symo 24.0-3 480 (3),,,24.0,parsed_from_inverter_name,51.16,,
fronius,2026-03-05,c3c803c9-49a6-4c83-9884-7f28e9244f2b,Penner Farms - 32-8-13 pump (site 1),71ba6d53-c04f-476f-9da3-ae0401115c8e,Symo  24.0-3 480 (1),,,24.0,parsed_from_inverter_name,111.6,,
fronius,2026-03-05,c3c803c9-49a6-4c83-9884-7f28e9244f2b,Penner Farms - 32-8-13 pump (site 1),528b81d7-df8d-4f62-9b35-ae0401115c98,Symo  24.0-3 480 (2),,,24.0,parsed_from_inverter_name,109.8,,
fronius,2026-03-05,c3c803c9-49a6-4c83-9884-7f28e9244f2b,Penner Farms - 32-8-13 pump (site 1),f97377a3-6539-450f-9b74-ae0401115ca1,Symo 24.0-3 480 (3),,,24.0,parsed_from_inverter_name,112.75,,
fronius,2026-03-06,c3c803c9-49a6-4c83-9884-7f28e9244f2b,Penner Farms - 32-8-13 pump (site 1),71ba6d53-c04f-476f-9da3-ae0401115c8e,Symo  24.0-3 480 (1),,,24.0,parsed_from_inverter_name,168.86,,
fronius,2026-03-06,c3c803c9-49a6-4c83-9884-7f28e9244f2b,Penner Farms - 32-8-13 pump (site 1),528b81d7-df8d-4f62-9b35-ae0401115c98,Symo  24.0-3 480 (2),,,24.0,parsed_from_inverter_name,166.97,,
fronius,2026-03-06,c3c803c9-49a6-4c83-9884-7f28e9244f2b,Penner Farms - 32-8-13 pump (site 1),f97377a3-6539-450f-9b74-ae0401115ca1,Symo 24.0-3 480 (3),,,24.0,parsed_from_inverter_name,170.22,,
fronius,2026-03-07,c3c803c9-49a6-4c83-9884-7f28e9244f2b,Penner Farms - 32-8-13 pump (site 1),71ba6d53-c04f-476f-9da3-ae0401115c8e,Symo  24.0-3 480 (1),,,24.0,parsed_from_inverter_name,129.54,,
fronius,2026-03-07,c3c803c9-49a6-4c83-9884-7f28e9244f2b,Penner Farms - 32-8-13 pump (site 1),528b81d7-df8d-4f62-9b35-ae0401115c98,Symo  24.0-3 480 (2),,,24.0,parsed_from_inverter_name,127.49,,
fronius,2026-03-07,c3c803c9-49a6-4c83-9884-7f28e9244f2b,Penner Farms - 32-8-13 pump (site 1),f97377a3-6539-450f-9b74-ae0401115ca1,Symo 24.0-3 480 (3),,,24.0,parsed_from_inverter_name,131.3,,
fronius,2026-03-08,c3c803c9-49a6-4c83-9884-7f28e9244f2b,Penner Farms - 32-8-13 pump (site 1),71ba6d53-c04f-476f-9da3-ae0401115c8e,Symo  24.0-3 480 (1),,,24.0,parsed_from_inverter_name,70.92,,
fronius,2026-03-08,c3c803c9-49a6-4c83-9884-7f28e9244f2b,Penner Farms - 32-8-13 pump (site 1),528b81d7-df8d-4f62-9b35-ae0401115c98,Symo  24.0-3 480 (2),,,24.0,parsed_from_inverter_name,70.73,,
fronius,2026-03-08,c3c803c9-49a6-4c83-9884-7f28e9244f2b,Penner Farms - 32-8-13 pump (site 1),f97377a3-6539-450f-9b74-ae0401115ca1,Symo 24.0-3 480 (3),,,24.0,parsed_from_inverter_name,73.1,,
fronius,2026-03-09,c3c803c9-49a6-4c83-9884-7f28e9244f2b,Penner Farms - 32-8-13 pump (site 1),71ba6d53-c04f-476f-9da3-ae0401115c8e,Symo  24.0-3 480 (1),,,24.0,parsed_from_inverter_name,154.2,,
fronius,2026-03-09,c3c803c9-49a6-4c83-9884-7f28e9244f2b,Penner Farms - 32-8-13 pump (site 1),528b81d7-df8d-4f62-9b35-ae0401115c98,Symo  24.0-3 480 (2),,,24.0,parsed_from_inverter_name,155.15,,
fronius,2026-03-09,c3c803c9-49a6-4c83-9884-7f28e9244f2b,Penner Farms - 32-8-13 pump (site 1),f97377a3-6539-450f-9b74-ae0401115ca1,Symo 24.0-3 480 (3),,,24.0,parsed_from_inverter_name,153.67,,
fronius,2026-03-10,c3c803c9-49a6-4c83-9884-7f28e9244f2b,Penner Farms - 32-8-13 pump (site 1),71ba6d53-c04f-476f-9da3-ae0401115c8e,Symo  24.0-3 480 (1),,,24.0,parsed_from_inverter_name,167.03,,
fronius,2026-03-10,c3c803c9-49a6-4c83-9884-7f28e9244f2b,Penner Farms - 32-8-13 pump (site 1),528b81d7-df8d-4f62-9b35-ae0401115c98,Symo  24.0-3 480 (2),,,24.0,parsed_from_inverter_name,165.25,,
fronius,2026-03-10,c3c803c9-49a6-4c83-9884-7f28e9244f2b,Penner Farms - 32-8-13 pump (site 1),f97377a3-6539-450f-9b74-ae0401115ca1,Symo 24.0-3 480 (3),,,24.0,parsed_from_inverter_name,168.26,,
fronius,2026-03-11,c3c803c9-49a6-4c83-9884-7f28e9244f2b,Penner Farms - 32-8-13 pump (site 1),71ba6d53-c04f-476f-9da3-ae0401115c8e,Symo  24.0-3 480 (1),,,24.0,parsed_from_inverter_name,172.42,,
fronius,2026-03-11,c3c803c9-49a6-4c83-9884-7f28e9244f2b,Penner Farms - 32-8-13 pump (site 1),528b81d7-df8d-4f62-9b35-ae0401115c98,Symo  24.0-3 480 (2),,,24.0,parsed_from_inverter_name,170.51,,
fronius,2026-03-11,c3c803c9-49a6-4c83-9884-7f28e9244f2b,Penner Farms - 32-8-13 pump (site 1),f97377a3-6539-450f-9b74-ae0401115ca1,Symo 24.0-3 480 (3),,,24.0,parsed_from_inverter_name,173.52,,
fronius,2026-03-12,c3c803c9-49a6-4c83-9884-7f28e9244f2b,Penner Farms - 32-8-13 pump (site 1),71ba6d53-c04f-476f-9da3-ae0401115c8e,Symo  24.0-3 480 (1),,,24.0,parsed_from_inverter_name,38.07,,
fronius,2026-03-12,c3c803c9-49a6-4c83-9884-7f28e9244f2b,Penner Farms - 32-8-13 pump (site 1),528b81d7-df8d-4f62-9b35-ae0401115c98,Symo  24.0-3 480 (2),,,24.0,parsed_from_inverter_name,37.05,,
fronius,2026-03-12,c3c803c9-49a6-4c83-9884-7f28e9244f2b,Penner Farms - 32-8-13 pump (site 1),f97377a3-6539-450f-9b74-ae0401115ca1,Symo 24.0-3 480 (3),,,24.0,parsed_from_inverter_name,37.95,,
fronius,2026-03-13,c3c803c9-49a6-4c83-9884-7f28e9244f2b,Penner Farms - 32-8-13 pump (site 1),71ba6d53-c04f-476f-9da3-ae0401115c8e,Symo  24.0-3 480 (1),,,24.0,parsed_from_inverter_name,51.02,,
fronius,2026-03-13,c3c803c9-49a6-4c83-9884-7f28e9244f2b,Penner Farms - 32-8-13 pump (site 1),528b81d7-df8d-4f62-9b35-ae0401115c98,Symo  24.0-3 480 (2),,,24.0,parsed_from_inverter_name,49.97,,
fronius,2026-03-13,c3c803c9-49a6-4c83-9884-7f28e9244f2b,Penner Farms - 32-8-13 pump (site 1),f97377a3-6539-450f-9b74-ae0401115ca1,Symo 24.0-3 480 (3),,,24.0,parsed_from_inverter_name,51.51,,
fronius,2026-03-14,c3c803c9-49a6-4c83-9884-7f28e9244f2b,Penner Farms - 32-8-13 pump (site 1),71ba6d53-c04f-476f-9da3-ae0401115c8e,Symo  24.0-3 480 (1),,,24.0,parsed_from_inverter_name,33.78,,
fronius,2026-03-14,c3c803c9-49a6-4c83-9884-7f28e9244f2b,Penner Farms - 32-8-13 pump (site 1),528b81d7-df8d-4f62-9b35-ae0401115c98,Symo  24.0-3 480 (2),,,24.0,parsed_from_inverter_name,28.42,,
fronius,2026-03-14,c3c803c9-49a6-4c83-9884-7f28e9244f2b,Penner Farms - 32-8-13 pump (site 1),f97377a3-6539-450f-9b74-ae0401115ca1,Symo 24.0-3 480 (3),,,24.0,parsed_from_inverter_name,37.14,,
fronius,2026-03-15,c3c803c9-49a6-4c83-9884-7f28e9244f2b,Penner Farms - 32-8-13 pump (site 1),71ba6d53-c04f-476f-9da3-ae0401115c8e,Symo  24.0-3 480 (1),,,24.0,parsed_from_inverter_name,145.07,,
fronius,2026-03-15,c3c803c9-49a6-4c83-9884-7f28e9244f2b,Penner Farms - 32-8-13 pump (site 1),528b81d7-df8d-4f62-9b35-ae0401115c98,Symo  24.0-3 480 (2),,,24.0,parsed_from_inverter_name,123.64,,
fronius,2026-03-15,c3c803c9-49a6-4c83-9884-7f28e9244f2b,Penner Farms - 32-8-13 pump (site 1),f97377a3-6539-450f-9b74-ae0401115ca1,Symo 24.0-3 480 (3),,,24.0,parsed_from_inverter_name,152.54,,
fronius,2026-03-16,c3c803c9-49a6-4c83-9884-7f28e9244f2b,Penner Farms - 32-8-13 pump (site 1),71ba6d53-c04f-476f-9da3-ae0401115c8e,Symo  24.0-3 480 (1),,,24.0,parsed_from_inverter_name,78.57,,
fronius,2026-03-16,c3c803c9-49a6-4c83-9884-7f28e9244f2b,Penner Farms - 32-8-13 pump (site 1),528b81d7-df8d-4f62-9b35-ae0401115c98,Symo  24.0-3 480 (2),,,24.0,parsed_from_inverter_name,76.38,,
fronius,2026-03-16,c3c803c9-49a6-4c83-9884-7f28e9244f2b,Penner Farms - 32-8-13 pump (site 1),f97377a3-6539-450f-9b74-ae0401115ca1,Symo 24.0-3 480 (3),,,24.0,parsed_from_inverter_name,79.99,,
fronius,2026-03-17,c3c803c9-49a6-4c83-9884-7f28e9244f2b,Penner Farms - 32-8-13 pump (site 1),71ba6d53-c04f-476f-9da3-ae0401115c8e,Symo  24.0-3 480 (1),,,24.0,parsed_from_inverter_name,28.34,,
fronius,2026-03-17,c3c803c9-49a6-4c83-9884-7f28e9244f2b,Penner Farms - 32-8-13 pump (site 1),528b81d7-df8d-4f62-9b35-ae0401115c98,Symo  24.0-3 480 (2),,,24.0,parsed_from_inverter_name,27.68,,
fronius,2026-03-17,c3c803c9-49a6-4c83-9884-7f28e9244f2b,Penner Farms - 32-8-13 pump (site 1),f97377a3-6539-450f-9b74-ae0401115ca1,Symo 24.0-3 480 (3),,,24.0,parsed_from_inverter_name,28.85,,
fronius,2026-03-18,c3c803c9-49a6-4c83-9884-7f28e9244f2b,Penner Farms - 32-8-13 pump (site 1),71ba6d53-c04f-476f-9da3-ae0401115c8e,Symo  24.0-3 480 (1),,,24.0,parsed_from_inverter_name,68.36,,
fronius,2026-03-18,c3c803c9-49a6-4c83-9884-7f28e9244f2b,Penner Farms - 32-8-13 pump (site 1),528b81d7-df8d-4f62-9b35-ae0401115c98,Symo  24.0-3 480 (2),,,24.0,parsed_from_inverter_name,67.12,,
fronius,2026-03-18,c3c803c9-49a6-4c83-9884-7f28e9244f2b,Penner Farms - 32-8-13 pump (site 1),f97377a3-6539-450f-9b74-ae0401115ca1,Symo 24.0-3 480 (3),,,24.0,parsed_from_inverter_name,69.43,,
fronius,2026-03-19,c3c803c9-49a6-4c83-9884-7f28e9244f2b,Penner Farms - 32-8-13 pump (site 1),71ba6d53-c04f-476f-9da3-ae0401115c8e,Symo  24.0-3 480 (1),,,24.0,parsed_from_inverter_name,72.89,,
fronius,2026-03-19,c3c803c9-49a6-4c83-9884-7f28e9244f2b,Penner Farms - 32-8-13 pump (site 1),528b81d7-df8d-4f62-9b35-ae0401115c98,Symo  24.0-3 480 (2),,,24.0,parsed_from_inverter_name,71.62,,
fronius,2026-03-19,c3c803c9-49a6-4c83-9884-7f28e9244f2b,Penner Farms - 32-8-13 pump (site 1),f97377a3-6539-450f-9b74-ae0401115ca1,Symo 24.0-3 480 (3),,,24.0,parsed_from_inverter_name,73.85,,
fronius,2026-03-20,c3c803c9-49a6-4c83-9884-7f28e9244f2b,Penner Farms - 32-8-13 pump (site 1),71ba6d53-c04f-476f-9da3-ae0401115c8e,Symo  24.0-3 480 (1),,,24.0,parsed_from_inverter_name,129.9,,
fronius,2026-03-20,c3c803c9-49a6-4c83-9884-7f28e9244f2b,Penner Farms - 32-8-13 pump (site 1),528b81d7-df8d-4f62-9b35-ae0401115c98,Symo  24.0-3 480 (2),,,24.0,parsed_from_inverter_name,133.59,,
fronius,2026-03-20,c3c803c9-49a6-4c83-9884-7f28e9244f2b,Penner Farms - 32-8-13 pump (site 1),f97377a3-6539-450f-9b74-ae0401115ca1,Symo 24.0-3 480 (3),,,24.0,parsed_from_inverter_name,137.48,,
fronius,2026-03-21,c3c803c9-49a6-4c83-9884-7f28e9244f2b,Penner Farms - 32-8-13 pump (site 1),71ba6d53-c04f-476f-9da3-ae0401115c8e,Symo  24.0-3 480 (1),,,24.0,parsed_from_inverter_name,42.85,,
fronius,2026-03-21,c3c803c9-49a6-4c83-9884-7f28e9244f2b,Penner Farms - 32-8-13 pump (site 1),528b81d7-df8d-4f62-9b35-ae0401115c98,Symo  24.0-3 480 (2),,,24.0,parsed_from_inverter_name,42.03,,
fronius,2026-03-21,c3c803c9-49a6-4c83-9884-7f28e9244f2b,Penner Farms - 32-8-13 pump (site 1),f97377a3-6539-450f-9b74-ae0401115ca1,Symo 24.0-3 480 (3),,,24.0,parsed_from_inverter_name,43.58,,
fronius,2026-03-22,c3c803c9-49a6-4c83-9884-7f28e9244f2b,Penner Farms - 32-8-13 pump (site 1),71ba6d53-c04f-476f-9da3-ae0401115c8e,Symo  24.0-3 480 (1),,,24.0,parsed_from_inverter_name,95.37,,
fronius,2026-03-22,c3c803c9-49a6-4c83-9884-7f28e9244f2b,Penner Farms - 32-8-13 pump (site 1),528b81d7-df8d-4f62-9b35-ae0401115c98,Symo  24.0-3 480 (2),,,24.0,parsed_from_inverter_name,161.91,,
fronius,2026-03-22,c3c803c9-49a6-4c83-9884-7f28e9244f2b,Penner Farms - 32-8-13 pump (site 1),f97377a3-6539-450f-9b74-ae0401115ca1,Symo 24.0-3 480 (3),,,24.0,parsed_from_inverter_name,166.32,,
fronius,2026-03-23,c3c803c9-49a6-4c83-9884-7f28e9244f2b,Penner Farms - 32-8-13 pump (site 1),71ba6d53-c04f-476f-9da3-ae0401115c8e,Symo  24.0-3 480 (1),,,24.0,parsed_from_inverter_name,163.22,,
fronius,2026-03-23,c3c803c9-49a6-4c83-9884-7f28e9244f2b,Penner Farms - 32-8-13 pump (site 1),528b81d7-df8d-4f62-9b35-ae0401115c98,Symo  24.0-3 480 (2),,,24.0,parsed_from_inverter_name,160.27,,
fronius,2026-03-23,c3c803c9-49a6-4c83-9884-7f28e9244f2b,Penner Farms - 32-8-13 pump (site 1),f97377a3-6539-450f-9b74-ae0401115ca1,Symo 24.0-3 480 (3),,,24.0,parsed_from_inverter_name,164.5,,
fronius,2026-03-24,c3c803c9-49a6-4c83-9884-7f28e9244f2b,Penner Farms - 32-8-13 pump (site 1),71ba6d53-c04f-476f-9da3-ae0401115c8e,Symo  24.0-3 480 (1),,,24.0,parsed_from_inverter_name,47.45,,
fronius,2026-03-24,c3c803c9-49a6-4c83-9884-7f28e9244f2b,Penner Farms - 32-8-13 pump (site 1),528b81d7-df8d-4f62-9b35-ae0401115c98,Symo  24.0-3 480 (2),,,24.0,parsed_from_inverter_name,46.39,,
fronius,2026-03-24,c3c803c9-49a6-4c83-9884-7f28e9244f2b,Penner Farms - 32-8-13 pump (site 1),f97377a3-6539-450f-9b74-ae0401115ca1,Symo 24.0-3 480 (3),,,24.0,parsed_from_inverter_name,48.3,,
fronius,2026-03-25,c3c803c9-49a6-4c83-9884-7f28e9244f2b,Penner Farms - 32-8-13 pump (site 1),71ba6d53-c04f-476f-9da3-ae0401115c8e,Symo  24.0-3 480 (1),,,24.0,parsed_from_inverter_name,150.82,,
fronius,2026-03-25,c3c803c9-49a6-4c83-9884-7f28e9244f2b,Penner Farms - 32-8-13 pump (site 1),528b81d7-df8d-4f62-9b35-ae0401115c98,Symo  24.0-3 480 (2),,,24.0,parsed_from_inverter_name,158.13,,
fronius,2026-03-25,c3c803c9-49a6-4c83-9884-7f28e9244f2b,Penner Farms - 32-8-13 pump (site 1),f97377a3-6539-450f-9b74-ae0401115ca1,Symo 24.0-3 480 (3),,,24.0,parsed_from_inverter_name,160.84,,
fronius,2026-03-26,c3c803c9-49a6-4c83-9884-7f28e9244f2b,Penner Farms - 32-8-13 pump (site 1),71ba6d53-c04f-476f-9da3-ae0401115c8e,Symo  24.0-3 480 (1),,,24.0,parsed_from_inverter_name,145.6,,
fronius,2026-03-26,c3c803c9-49a6-4c83-9884-7f28e9244f2b,Penner Farms - 32-8-13 pump (site 1),528b81d7-df8d-4f62-9b35-ae0401115c98,Symo  24.0-3 480 (2),,,24.0,parsed_from_inverter_name,107.54,,
fronius,2026-03-26,c3c803c9-49a6-4c83-9884-7f28e9244f2b,Penner Farms - 32-8-13 pump (site 1),f97377a3-6539-450f-9b74-ae0401115ca1,Symo 24.0-3 480 (3),,,24.0,parsed_from_inverter_name,124.85,,
fronius,2026-03-27,c3c803c9-49a6-4c83-9884-7f28e9244f2b,Penner Farms - 32-8-13 pump (site 1),71ba6d53-c04f-476f-9da3-ae0401115c8e,Symo  24.0-3 480 (1),,,24.0,parsed_from_inverter_name,167.73,,
fronius,2026-03-27,c3c803c9-49a6-4c83-9884-7f28e9244f2b,Penner Farms - 32-8-13 pump (site 1),528b81d7-df8d-4f62-9b35-ae0401115c98,Symo  24.0-3 480 (2),,,24.0,parsed_from_inverter_name,169.35,,
fronius,2026-03-27,c3c803c9-49a6-4c83-9884-7f28e9244f2b,Penner Farms - 32-8-13 pump (site 1),f97377a3-6539-450f-9b74-ae0401115ca1,Symo 24.0-3 480 (3),,,24.0,parsed_from_inverter_name,173.35,,
fronius,2026-03-28,c3c803c9-49a6-4c83-9884-7f28e9244f2b,Penner Farms - 32-8-13 pump (site 1),71ba6d53-c04f-476f-9da3-ae0401115c8e,Symo  24.0-3 480 (1),,,24.0,parsed_from_inverter_name,127.9,,
fronius,2026-03-28,c3c803c9-49a6-4c83-9884-7f28e9244f2b,Penner Farms - 32-8-13 pump (site 1),528b81d7-df8d-4f62-9b35-ae0401115c98,Symo  24.0-3 480 (2),,,24.0,parsed_from_inverter_name,128.04,,
fronius,2026-03-28,c3c803c9-49a6-4c83-9884-7f28e9244f2b,Penner Farms - 32-8-13 pump (site 1),f97377a3-6539-450f-9b74-ae0401115ca1,Symo 24.0-3 480 (3),,,24.0,parsed_from_inverter_name,131.54,,
fronius,2026-03-29,c3c803c9-49a6-4c83-9884-7f28e9244f2b,Penner Farms - 32-8-13 pump (site 1),71ba6d53-c04f-476f-9da3-ae0401115c8e,Symo  24.0-3 480 (1),,,24.0,parsed_from_inverter_name,36.74,,
fronius,2026-03-29,c3c803c9-49a6-4c83-9884-7f28e9244f2b,Penner Farms - 32-8-13 pump (site 1),528b81d7-df8d-4f62-9b35-ae0401115c98,Symo  24.0-3 480 (2),,,24.0,parsed_from_inverter_name,35.82,,
fronius,2026-03-29,c3c803c9-49a6-4c83-9884-7f28e9244f2b,Penner Farms - 32-8-13 pump (site 1),f97377a3-6539-450f-9b74-ae0401115ca1,Symo 24.0-3 480 (3),,,24.0,parsed_from_inverter_name,37.33,,
fronius,2026-03-30,c3c803c9-49a6-4c83-9884-7f28e9244f2b,Penner Farms - 32-8-13 pump (site 1),71ba6d53-c04f-476f-9da3-ae0401115c8e,Symo  24.0-3 480 (1),,,24.0,parsed_from_inverter_name,63.63,,
fronius,2026-03-30,c3c803c9-49a6-4c83-9884-7f28e9244f2b,Penner Farms - 32-8-13 pump (site 1),528b81d7-df8d-4f62-9b35-ae0401115c98,Symo  24.0-3 480 (2),,,24.0,parsed_from_inverter_name,60.78,,
fronius,2026-03-30,c3c803c9-49a6-4c83-9884-7f28e9244f2b,Penner Farms - 32-8-13 pump (site 1),f97377a3-6539-450f-9b74-ae0401115ca1,Symo 24.0-3 480 (3),,,24.0,parsed_from_inverter_name,64.58,,
fronius,2026-03-31,c3c803c9-49a6-4c83-9884-7f28e9244f2b,Penner Farms - 32-8-13 pump (site 1),71ba6d53-c04f-476f-9da3-ae0401115c8e,Symo  24.0-3 480 (1),,,24.0,parsed_from_inverter_name,160.31,,
fronius,2026-03-31,c3c803c9-49a6-4c83-9884-7f28e9244f2b,Penner Farms - 32-8-13 pump (site 1),528b81d7-df8d-4f62-9b35-ae0401115c98,Symo  24.0-3 480 (2),,,24.0,parsed_from_inverter_name,156.62,,
fronius,2026-03-31,c3c803c9-49a6-4c83-9884-7f28e9244f2b,Penner Farms - 32-8-13 pump (site 1),f97377a3-6539-450f-9b74-ae0401115ca1,Symo 24.0-3 480 (3),,,24.0,parsed_from_inverter_name,161.51,,
fronius,2026-04-01,c3c803c9-49a6-4c83-9884-7f28e9244f2b,Penner Farms - 32-8-13 pump (site 1),71ba6d53-c04f-476f-9da3-ae0401115c8e,Symo  24.0-3 480 (1),,,24.0,parsed_from_inverter_name,156.83,,
fronius,2026-04-01,c3c803c9-49a6-4c83-9884-7f28e9244f2b,Penner Farms - 32-8-13 pump (site 1),528b81d7-df8d-4f62-9b35-ae0401115c98,Symo  24.0-3 480 (2),,,24.0,parsed_from_inverter_name,153.93,,
fronius,2026-04-01,c3c803c9-49a6-4c83-9884-7f28e9244f2b,Penner Farms - 32-8-13 pump (site 1),f97377a3-6539-450f-9b74-ae0401115ca1,Symo 24.0-3 480 (3),,,24.0,parsed_from_inverter_name,157.66,,
fronius,2026-04-02,c3c803c9-49a6-4c83-9884-7f28e9244f2b,Penner Farms - 32-8-13 pump (site 1),71ba6d53-c04f-476f-9da3-ae0401115c8e,Symo  24.0-3 480 (1),,,24.0,parsed_from_inverter_name,38.13,,
fronius,2026-04-02,c3c803c9-49a6-4c83-9884-7f28e9244f2b,Penner Farms - 32-8-13 pump (site 1),528b81d7-df8d-4f62-9b35-ae0401115c98,Symo  24.0-3 480 (2),,,24.0,parsed_from_inverter_name,39.1,,
fronius,2026-04-02,c3c803c9-49a6-4c83-9884-7f28e9244f2b,Penner Farms - 32-8-13 pump (site 1),f97377a3-6539-450f-9b74-ae0401115ca1,Symo 24.0-3 480 (3),,,24.0,parsed_from_inverter_name,39.12,,
fronius,2026-04-03,c3c803c9-49a6-4c83-9884-7f28e9244f2b,Penner Farms - 32-8-13 pump (site 1),71ba6d53-c04f-476f-9da3-ae0401115c8e,Symo  24.0-3 480 (1),,,24.0,parsed_from_inverter_name,108.67,,
fronius,2026-04-03,c3c803c9-49a6-4c83-9884-7f28e9244f2b,Penner Farms - 32-8-13 pump (site 1),528b81d7-df8d-4f62-9b35-ae0401115c98,Symo  24.0-3 480 (2),,,24.0,parsed_from_inverter_name,111.76,,
fronius,2026-04-03,c3c803c9-49a6-4c83-9884-7f28e9244f2b,Penner Farms - 32-8-13 pump (site 1),f97377a3-6539-450f-9b74-ae0401115ca1,Symo 24.0-3 480 (3),,,24.0,parsed_from_inverter_name,115.23,,
fronius,2026-04-04,c3c803c9-49a6-4c83-9884-7f28e9244f2b,Penner Farms - 32-8-13 pump (site 1),71ba6d53-c04f-476f-9da3-ae0401115c8e,Symo  24.0-3 480 (1),,,24.0,parsed_from_inverter_name,150.47,,
fronius,2026-04-04,c3c803c9-49a6-4c83-9884-7f28e9244f2b,Penner Farms - 32-8-13 pump (site 1),528b81d7-df8d-4f62-9b35-ae0401115c98,Symo  24.0-3 480 (2),,,24.0,parsed_from_inverter_name,164.69,,
fronius,2026-04-04,c3c803c9-49a6-4c83-9884-7f28e9244f2b,Penner Farms - 32-8-13 pump (site 1),f97377a3-6539-450f-9b74-ae0401115ca1,Symo 24.0-3 480 (3),,,24.0,parsed_from_inverter_name,168.16,,
fronius,2026-04-05,c3c803c9-49a6-4c83-9884-7f28e9244f2b,Penner Farms - 32-8-13 pump (site 1),71ba6d53-c04f-476f-9da3-ae0401115c8e,Symo  24.0-3 480 (1),,,24.0,parsed_from_inverter_name,108.43,,
fronius,2026-04-05,c3c803c9-49a6-4c83-9884-7f28e9244f2b,Penner Farms - 32-8-13 pump (site 1),528b81d7-df8d-4f62-9b35-ae0401115c98,Symo  24.0-3 480 (2),,,24.0,parsed_from_inverter_name,105.84,,
fronius,2026-04-05,c3c803c9-49a6-4c83-9884-7f28e9244f2b,Penner Farms - 32-8-13 pump (site 1),f97377a3-6539-450f-9b74-ae0401115ca1,Symo 24.0-3 480 (3),,,24.0,parsed_from_inverter_name,111.77,,
fronius,2026-04-06,c3c803c9-49a6-4c83-9884-7f28e9244f2b,Penner Farms - 32-8-13 pump (site 1),71ba6d53-c04f-476f-9da3-ae0401115c8e,Symo  24.0-3 480 (1),,,24.0,parsed_from_inverter_name,158.08,,
fronius,2026-04-06,c3c803c9-49a6-4c83-9884-7f28e9244f2b,Penner Farms - 32-8-13 pump (site 1),528b81d7-df8d-4f62-9b35-ae0401115c98,Symo  24.0-3 480 (2),,,24.0,parsed_from_inverter_name,158.4,,
fronius,2026-04-06,c3c803c9-49a6-4c83-9884-7f28e9244f2b,Penner Farms - 32-8-13 pump (site 1),f97377a3-6539-450f-9b74-ae0401115ca1,Symo 24.0-3 480 (3),,,24.0,parsed_from_inverter_name,161.5,,
fronius,2026-04-07,c3c803c9-49a6-4c83-9884-7f28e9244f2b,Penner Farms - 32-8-13 pump (site 1),71ba6d53-c04f-476f-9da3-ae0401115c8e,Symo  24.0-3 480 (1),,,24.0,parsed_from_inverter_name,56.37,,
fronius,2026-04-07,c3c803c9-49a6-4c83-9884-7f28e9244f2b,Penner Farms - 32-8-13 pump (site 1),528b81d7-df8d-4f62-9b35-ae0401115c98,Symo  24.0-3 480 (2),,,24.0,parsed_from_inverter_name,57.63,,
fronius,2026-04-07,c3c803c9-49a6-4c83-9884-7f28e9244f2b,Penner Farms - 32-8-13 pump (site 1),f97377a3-6539-450f-9b74-ae0401115ca1,Symo 24.0-3 480 (3),,,24.0,parsed_from_inverter_name,58.08,,
fronius,2026-04-08,c3c803c9-49a6-4c83-9884-7f28e9244f2b,Penner Farms - 32-8-13 pump (site 1),71ba6d53-c04f-476f-9da3-ae0401115c8e,Symo  24.0-3 480 (1),,,24.0,parsed_from_inverter_name,136.02,,
fronius,2026-04-08,c3c803c9-49a6-4c83-9884-7f28e9244f2b,Penner Farms - 32-8-13 pump (site 1),528b81d7-df8d-4f62-9b35-ae0401115c98,Symo  24.0-3 480 (2),,,24.0,parsed_from_inverter_name,134.48,,
fronius,2026-04-08,c3c803c9-49a6-4c83-9884-7f28e9244f2b,Penner Farms - 32-8-13 pump (site 1),f97377a3-6539-450f-9b74-ae0401115ca1,Symo 24.0-3 480 (3),,,24.0,parsed_from_inverter_name,137.76,,
fronius,2026-04-09,c3c803c9-49a6-4c83-9884-7f28e9244f2b,Penner Farms - 32-8-13 pump (site 1),71ba6d53-c04f-476f-9da3-ae0401115c8e,Symo  24.0-3 480 (1),,,24.0,parsed_from_inverter_name,154.31,,
fronius,2026-04-09,c3c803c9-49a6-4c83-9884-7f28e9244f2b,Penner Farms - 32-8-13 pump (site 1),528b81d7-df8d-4f62-9b35-ae0401115c98,Symo  24.0-3 480 (2),,,24.0,parsed_from_inverter_name,152.37,,
fronius,2026-04-09,c3c803c9-49a6-4c83-9884-7f28e9244f2b,Penner Farms - 32-8-13 pump (site 1),f97377a3-6539-450f-9b74-ae0401115ca1,Symo 24.0-3 480 (3),,,24.0,parsed_from_inverter_name,155.43,,
fronius,2026-04-10,c3c803c9-49a6-4c83-9884-7f28e9244f2b,Penner Farms - 32-8-13 pump (site 1),71ba6d53-c04f-476f-9da3-ae0401115c8e,Symo  24.0-3 480 (1),,,24.0,parsed_from_inverter_name,190.58,,
fronius,2026-04-10,c3c803c9-49a6-4c83-9884-7f28e9244f2b,Penner Farms - 32-8-13 pump (site 1),528b81d7-df8d-4f62-9b35-ae0401115c98,Symo  24.0-3 480 (2),,,24.0,parsed_from_inverter_name,187.52,,
fronius,2026-04-10,c3c803c9-49a6-4c83-9884-7f28e9244f2b,Penner Farms - 32-8-13 pump (site 1),f97377a3-6539-450f-9b74-ae0401115ca1,Symo 24.0-3 480 (3),,,24.0,parsed_from_inverter_name,191.85,,
fronius,2026-04-11,c3c803c9-49a6-4c83-9884-7f28e9244f2b,Penner Farms - 32-8-13 pump (site 1),71ba6d53-c04f-476f-9da3-ae0401115c8e,Symo  24.0-3 480 (1),,,24.0,parsed_from_inverter_name,100.28,,
fronius,2026-04-11,c3c803c9-49a6-4c83-9884-7f28e9244f2b,Penner Farms - 32-8-13 pump (site 1),528b81d7-df8d-4f62-9b35-ae0401115c98,Symo  24.0-3 480 (2),,,24.0,parsed_from_inverter_name,103.38,,
fronius,2026-04-11,c3c803c9-49a6-4c83-9884-7f28e9244f2b,Penner Farms - 32-8-13 pump (site 1),f97377a3-6539-450f-9b74-ae0401115ca1,Symo 24.0-3 480 (3),,,24.0,parsed_from_inverter_name,106.47,,
fronius,2026-04-12,c3c803c9-49a6-4c83-9884-7f28e9244f2b,Penner Farms - 32-8-13 pump (site 1),71ba6d53-c04f-476f-9da3-ae0401115c8e,Symo  24.0-3 480 (1),,,24.0,parsed_from_inverter_name,31.99,,
fronius,2026-04-12,c3c803c9-49a6-4c83-9884-7f28e9244f2b,Penner Farms - 32-8-13 pump (site 1),528b81d7-df8d-4f62-9b35-ae0401115c98,Symo  24.0-3 480 (2),,,24.0,parsed_from_inverter_name,31.43,,
fronius,2026-04-12,c3c803c9-49a6-4c83-9884-7f28e9244f2b,Penner Farms - 32-8-13 pump (site 1),f97377a3-6539-450f-9b74-ae0401115ca1,Symo 24.0-3 480 (3),,,24.0,parsed_from_inverter_name,32.53,,
fronius,2026-04-13,c3c803c9-49a6-4c83-9884-7f28e9244f2b,Penner Farms - 32-8-13 pump (site 1),71ba6d53-c04f-476f-9da3-ae0401115c8e,Symo  24.0-3 480 (1),,,24.0,parsed_from_inverter_name,137.74,,
fronius,2026-04-13,c3c803c9-49a6-4c83-9884-7f28e9244f2b,Penner Farms - 32-8-13 pump (site 1),528b81d7-df8d-4f62-9b35-ae0401115c98,Symo  24.0-3 480 (2),,,24.0,parsed_from_inverter_name,160.86,,
fronius,2026-04-13,c3c803c9-49a6-4c83-9884-7f28e9244f2b,Penner Farms - 32-8-13 pump (site 1),f97377a3-6539-450f-9b74-ae0401115ca1,Symo 24.0-3 480 (3),,,24.0,parsed_from_inverter_name,163.78,,
fronius,2026-04-14,c3c803c9-49a6-4c83-9884-7f28e9244f2b,Penner Farms - 32-8-13 pump (site 1),71ba6d53-c04f-476f-9da3-ae0401115c8e,Symo  24.0-3 480 (1),,,24.0,parsed_from_inverter_name,46.62,,
fronius,2026-04-14,c3c803c9-49a6-4c83-9884-7f28e9244f2b,Penner Farms - 32-8-13 pump (site 1),528b81d7-df8d-4f62-9b35-ae0401115c98,Symo  24.0-3 480 (2),,,24.0,parsed_from_inverter_name,147.8,,
fronius,2026-04-14,c3c803c9-49a6-4c83-9884-7f28e9244f2b,Penner Farms - 32-8-13 pump (site 1),f97377a3-6539-450f-9b74-ae0401115ca1,Symo 24.0-3 480 (3),,,24.0,parsed_from_inverter_name,174.85,,
fronius,2026-04-15,c3c803c9-49a6-4c83-9884-7f28e9244f2b,Penner Farms - 32-8-13 pump (site 1),71ba6d53-c04f-476f-9da3-ae0401115c8e,Symo  24.0-3 480 (1),,,24.0,parsed_from_inverter_name,92.96,,
fronius,2026-04-15,c3c803c9-49a6-4c83-9884-7f28e9244f2b,Penner Farms - 32-8-13 pump (site 1),528b81d7-df8d-4f62-9b35-ae0401115c98,Symo  24.0-3 480 (2),,,24.0,parsed_from_inverter_name,91.4,,
fronius,2026-04-15,c3c803c9-49a6-4c83-9884-7f28e9244f2b,Penner Farms - 32-8-13 pump (site 1),f97377a3-6539-450f-9b74-ae0401115ca1,Symo 24.0-3 480 (3),,,24.0,parsed_from_inverter_name,94.47,,
fronius,2026-04-16,c3c803c9-49a6-4c83-9884-7f28e9244f2b,Penner Farms - 32-8-13 pump (site 1),71ba6d53-c04f-476f-9da3-ae0401115c8e,Symo  24.0-3 480 (1),,,24.0,parsed_from_inverter_name,71.32,,
fronius,2026-04-16,c3c803c9-49a6-4c83-9884-7f28e9244f2b,Penner Farms - 32-8-13 pump (site 1),528b81d7-df8d-4f62-9b35-ae0401115c98,Symo  24.0-3 480 (2),,,24.0,parsed_from_inverter_name,71.41,,
fronius,2026-04-16,c3c803c9-49a6-4c83-9884-7f28e9244f2b,Penner Farms - 32-8-13 pump (site 1),f97377a3-6539-450f-9b74-ae0401115ca1,Symo 24.0-3 480 (3),,,24.0,parsed_from_inverter_name,78.59,,
fronius,2026-04-17,c3c803c9-49a6-4c83-9884-7f28e9244f2b,Penner Farms - 32-8-13 pump (site 1),71ba6d53-c04f-476f-9da3-ae0401115c8e,Symo  24.0-3 480 (1),,,24.0,parsed_from_inverter_name,149.97,,
fronius,2026-04-17,c3c803c9-49a6-4c83-9884-7f28e9244f2b,Penner Farms - 32-8-13 pump (site 1),528b81d7-df8d-4f62-9b35-ae0401115c98,Symo  24.0-3 480 (2),,,24.0,parsed_from_inverter_name,147.52,,
fronius,2026-04-17,c3c803c9-49a6-4c83-9884-7f28e9244f2b,Penner Farms - 32-8-13 pump (site 1),f97377a3-6539-450f-9b74-ae0401115ca1,Symo 24.0-3 480 (3),,,24.0,parsed_from_inverter_name,154.09,,
fronius,2026-04-18,c3c803c9-49a6-4c83-9884-7f28e9244f2b,Penner Farms - 32-8-13 pump (site 1),71ba6d53-c04f-476f-9da3-ae0401115c8e,Symo  24.0-3 480 (1),,,24.0,parsed_from_inverter_name,143.78,,
fronius,2026-04-18,c3c803c9-49a6-4c83-9884-7f28e9244f2b,Penner Farms - 32-8-13 pump (site 1),528b81d7-df8d-4f62-9b35-ae0401115c98,Symo  24.0-3 480 (2),,,24.0,parsed_from_inverter_name,193.41,,
fronius,2026-04-18,c3c803c9-49a6-4c83-9884-7f28e9244f2b,Penner Farms - 32-8-13 pump (site 1),f97377a3-6539-450f-9b74-ae0401115ca1,Symo 24.0-3 480 (3),,,24.0,parsed_from_inverter_name,196.55,,
fronius,2026-04-19,c3c803c9-49a6-4c83-9884-7f28e9244f2b,Penner Farms - 32-8-13 pump (site 1),71ba6d53-c04f-476f-9da3-ae0401115c8e,Symo  24.0-3 480 (1),,,24.0,parsed_from_inverter_name,145.4,,
fronius,2026-04-19,c3c803c9-49a6-4c83-9884-7f28e9244f2b,Penner Farms - 32-8-13 pump (site 1),528b81d7-df8d-4f62-9b35-ae0401115c98,Symo  24.0-3 480 (2),,,24.0,parsed_from_inverter_name,186.79,,
fronius,2026-04-19,c3c803c9-49a6-4c83-9884-7f28e9244f2b,Penner Farms - 32-8-13 pump (site 1),f97377a3-6539-450f-9b74-ae0401115ca1,Symo 24.0-3 480 (3),,,24.0,parsed_from_inverter_name,191.48,,
fronius,2026-04-20,c3c803c9-49a6-4c83-9884-7f28e9244f2b,Penner Farms - 32-8-13 pump (site 1),71ba6d53-c04f-476f-9da3-ae0401115c8e,Symo  24.0-3 480 (1),,,24.0,parsed_from_inverter_name,188.66,,
fronius,2026-04-20,c3c803c9-49a6-4c83-9884-7f28e9244f2b,Penner Farms - 32-8-13 pump (site 1),528b81d7-df8d-4f62-9b35-ae0401115c98,Symo  24.0-3 480 (2),,,24.0,parsed_from_inverter_name,185.44,,
fronius,2026-04-20,c3c803c9-49a6-4c83-9884-7f28e9244f2b,Penner Farms - 32-8-13 pump (site 1),f97377a3-6539-450f-9b74-ae0401115ca1,Symo 24.0-3 480 (3),,,24.0,parsed_from_inverter_name,190.23,,
fronius,2026-04-21,c3c803c9-49a6-4c83-9884-7f28e9244f2b,Penner Farms - 32-8-13 pump (site 1),71ba6d53-c04f-476f-9da3-ae0401115c8e,Symo  24.0-3 480 (1),,,24.0,parsed_from_inverter_name,188.42,,
fronius,2026-04-21,c3c803c9-49a6-4c83-9884-7f28e9244f2b,Penner Farms - 32-8-13 pump (site 1),528b81d7-df8d-4f62-9b35-ae0401115c98,Symo  24.0-3 480 (2),,,24.0,parsed_from_inverter_name,185.97,,
fronius,2026-04-21,c3c803c9-49a6-4c83-9884-7f28e9244f2b,Penner Farms - 32-8-13 pump (site 1),f97377a3-6539-450f-9b74-ae0401115ca1,Symo 24.0-3 480 (3),,,24.0,parsed_from_inverter_name,190.09,,
fronius,2026-04-22,c3c803c9-49a6-4c83-9884-7f28e9244f2b,Penner Farms - 32-8-13 pump (site 1),71ba6d53-c04f-476f-9da3-ae0401115c8e,Symo  24.0-3 480 (1),,,24.0,parsed_from_inverter_name,110.74,,
fronius,2026-04-22,c3c803c9-49a6-4c83-9884-7f28e9244f2b,Penner Farms - 32-8-13 pump (site 1),528b81d7-df8d-4f62-9b35-ae0401115c98,Symo  24.0-3 480 (2),,,24.0,parsed_from_inverter_name,173.23,,
fronius,2026-04-22,c3c803c9-49a6-4c83-9884-7f28e9244f2b,Penner Farms - 32-8-13 pump (site 1),f97377a3-6539-450f-9b74-ae0401115ca1,Symo 24.0-3 480 (3),,,24.0,parsed_from_inverter_name,176.25,,
fronius,2026-04-23,c3c803c9-49a6-4c83-9884-7f28e9244f2b,Penner Farms - 32-8-13 pump (site 1),71ba6d53-c04f-476f-9da3-ae0401115c8e,Symo  24.0-3 480 (1),,,24.0,parsed_from_inverter_name,134.35,,
fronius,2026-04-23,c3c803c9-49a6-4c83-9884-7f28e9244f2b,Penner Farms - 32-8-13 pump (site 1),528b81d7-df8d-4f62-9b35-ae0401115c98,Symo  24.0-3 480 (2),,,24.0,parsed_from_inverter_name,132.78,,
fronius,2026-04-23,c3c803c9-49a6-4c83-9884-7f28e9244f2b,Penner Farms - 32-8-13 pump (site 1),f97377a3-6539-450f-9b74-ae0401115ca1,Symo 24.0-3 480 (3),,,24.0,parsed_from_inverter_name,136.0,,
fronius,2026-04-24,c3c803c9-49a6-4c83-9884-7f28e9244f2b,Penner Farms - 32-8-13 pump (site 1),71ba6d53-c04f-476f-9da3-ae0401115c8e,Symo  24.0-3 480 (1),,,24.0,parsed_from_inverter_name,125.55,,
fronius,2026-04-24,c3c803c9-49a6-4c83-9884-7f28e9244f2b,Penner Farms - 32-8-13 pump (site 1),528b81d7-df8d-4f62-9b35-ae0401115c98,Symo  24.0-3 480 (2),,,24.0,parsed_from_inverter_name,122.24,,
fronius,2026-04-24,c3c803c9-49a6-4c83-9884-7f28e9244f2b,Penner Farms - 32-8-13 pump (site 1),f97377a3-6539-450f-9b74-ae0401115ca1,Symo 24.0-3 480 (3),,,24.0,parsed_from_inverter_name,132.23,,
fronius,2026-04-25,c3c803c9-49a6-4c83-9884-7f28e9244f2b,Penner Farms - 32-8-13 pump (site 1),71ba6d53-c04f-476f-9da3-ae0401115c8e,Symo  24.0-3 480 (1),,,24.0,parsed_from_inverter_name,145.11,,
fronius,2026-04-25,c3c803c9-49a6-4c83-9884-7f28e9244f2b,Penner Farms - 32-8-13 pump (site 1),528b81d7-df8d-4f62-9b35-ae0401115c98,Symo  24.0-3 480 (2),,,24.0,parsed_from_inverter_name,149.16,,
fronius,2026-04-25,c3c803c9-49a6-4c83-9884-7f28e9244f2b,Penner Farms - 32-8-13 pump (site 1),f97377a3-6539-450f-9b74-ae0401115ca1,Symo 24.0-3 480 (3),,,24.0,parsed_from_inverter_name,151.58,,
fronius,2026-04-26,c3c803c9-49a6-4c83-9884-7f28e9244f2b,Penner Farms - 32-8-13 pump (site 1),71ba6d53-c04f-476f-9da3-ae0401115c8e,Symo  24.0-3 480 (1),,,24.0,parsed_from_inverter_name,145.91,,
fronius,2026-04-26,c3c803c9-49a6-4c83-9884-7f28e9244f2b,Penner Farms - 32-8-13 pump (site 1),528b81d7-df8d-4f62-9b35-ae0401115c98,Symo  24.0-3 480 (2),,,24.0,parsed_from_inverter_name,142.64,,
fronius,2026-04-26,c3c803c9-49a6-4c83-9884-7f28e9244f2b,Penner Farms - 32-8-13 pump (site 1),f97377a3-6539-450f-9b74-ae0401115ca1,Symo 24.0-3 480 (3),,,24.0,parsed_from_inverter_name,147.56,,
fronius,2026-04-27,c3c803c9-49a6-4c83-9884-7f28e9244f2b,Penner Farms - 32-8-13 pump (site 1),71ba6d53-c04f-476f-9da3-ae0401115c8e,Symo  24.0-3 480 (1),,,24.0,parsed_from_inverter_name,212.03,,
fronius,2026-04-27,c3c803c9-49a6-4c83-9884-7f28e9244f2b,Penner Farms - 32-8-13 pump (site 1),528b81d7-df8d-4f62-9b35-ae0401115c98,Symo  24.0-3 480 (2),,,24.0,parsed_from_inverter_name,208.51,,
fronius,2026-04-27,c3c803c9-49a6-4c83-9884-7f28e9244f2b,Penner Farms - 32-8-13 pump (site 1),f97377a3-6539-450f-9b74-ae0401115ca1,Symo 24.0-3 480 (3),,,24.0,parsed_from_inverter_name,212.28,,
fronius,2026-04-28,c3c803c9-49a6-4c83-9884-7f28e9244f2b,Penner Farms - 32-8-13 pump (site 1),71ba6d53-c04f-476f-9da3-ae0401115c8e,Symo  24.0-3 480 (1),,,24.0,parsed_from_inverter_name,131.77,,
fronius,2026-04-28,c3c803c9-49a6-4c83-9884-7f28e9244f2b,Penner Farms - 32-8-13 pump (site 1),528b81d7-df8d-4f62-9b35-ae0401115c98,Symo  24.0-3 480 (2),,,24.0,parsed_from_inverter_name,188.27,,
fronius,2026-04-28,c3c803c9-49a6-4c83-9884-7f28e9244f2b,Penner Farms - 32-8-13 pump (site 1),f97377a3-6539-450f-9b74-ae0401115ca1,Symo 24.0-3 480 (3),,,24.0,parsed_from_inverter_name,197.19,,
fronius,2026-04-29,c3c803c9-49a6-4c83-9884-7f28e9244f2b,Penner Farms - 32-8-13 pump (site 1),71ba6d53-c04f-476f-9da3-ae0401115c8e,Symo  24.0-3 480 (1),,,24.0,parsed_from_inverter_name,175.85,,
fronius,2026-04-29,c3c803c9-49a6-4c83-9884-7f28e9244f2b,Penner Farms - 32-8-13 pump (site 1),528b81d7-df8d-4f62-9b35-ae0401115c98,Symo  24.0-3 480 (2),,,24.0,parsed_from_inverter_name,179.82,,
fronius,2026-04-29,c3c803c9-49a6-4c83-9884-7f28e9244f2b,Penner Farms - 32-8-13 pump (site 1),f97377a3-6539-450f-9b74-ae0401115ca1,Symo 24.0-3 480 (3),,,24.0,parsed_from_inverter_name,179.53,,
fronius,2026-04-30,c3c803c9-49a6-4c83-9884-7f28e9244f2b,Penner Farms - 32-8-13 pump (site 1),71ba6d53-c04f-476f-9da3-ae0401115c8e,Symo  24.0-3 480 (1),,,24.0,parsed_from_inverter_name,195.48,,
fronius,2026-04-30,c3c803c9-49a6-4c83-9884-7f28e9244f2b,Penner Farms - 32-8-13 pump (site 1),528b81d7-df8d-4f62-9b35-ae0401115c98,Symo  24.0-3 480 (2),,,24.0,parsed_from_inverter_name,193.42,,
fronius,2026-04-30,c3c803c9-49a6-4c83-9884-7f28e9244f2b,Penner Farms - 32-8-13 pump (site 1),f97377a3-6539-450f-9b74-ae0401115ca1,Symo 24.0-3 480 (3),,,24.0,parsed_from_inverter_name,196.96,,
fronius,2026-05-01,c3c803c9-49a6-4c83-9884-7f28e9244f2b,Penner Farms - 32-8-13 pump (site 1),71ba6d53-c04f-476f-9da3-ae0401115c8e,Symo  24.0-3 480 (1),,,24.0,parsed_from_inverter_name,111.43,,
fronius,2026-05-01,c3c803c9-49a6-4c83-9884-7f28e9244f2b,Penner Farms - 32-8-13 pump (site 1),528b81d7-df8d-4f62-9b35-ae0401115c98,Symo  24.0-3 480 (2),,,24.0,parsed_from_inverter_name,189.08,,
fronius,2026-05-01,c3c803c9-49a6-4c83-9884-7f28e9244f2b,Penner Farms - 32-8-13 pump (site 1),f97377a3-6539-450f-9b74-ae0401115ca1,Symo 24.0-3 480 (3),,,24.0,parsed_from_inverter_name,192.72,,
fronius,2026-05-02,c3c803c9-49a6-4c83-9884-7f28e9244f2b,Penner Farms - 32-8-13 pump (site 1),71ba6d53-c04f-476f-9da3-ae0401115c8e,Symo  24.0-3 480 (1),,,24.0,parsed_from_inverter_name,144.71,,
fronius,2026-05-02,c3c803c9-49a6-4c83-9884-7f28e9244f2b,Penner Farms - 32-8-13 pump (site 1),528b81d7-df8d-4f62-9b35-ae0401115c98,Symo  24.0-3 480 (2),,,24.0,parsed_from_inverter_name,143.18,,
fronius,2026-05-02,c3c803c9-49a6-4c83-9884-7f28e9244f2b,Penner Farms - 32-8-13 pump (site 1),f97377a3-6539-450f-9b74-ae0401115ca1,Symo 24.0-3 480 (3),,,24.0,parsed_from_inverter_name,147.17,,
fronius,2026-05-03,c3c803c9-49a6-4c83-9884-7f28e9244f2b,Penner Farms - 32-8-13 pump (site 1),71ba6d53-c04f-476f-9da3-ae0401115c8e,Symo  24.0-3 480 (1),,,24.0,parsed_from_inverter_name,189.34,,
fronius,2026-05-03,c3c803c9-49a6-4c83-9884-7f28e9244f2b,Penner Farms - 32-8-13 pump (site 1),528b81d7-df8d-4f62-9b35-ae0401115c98,Symo  24.0-3 480 (2),,,24.0,parsed_from_inverter_name,188.16,,
fronius,2026-05-03,c3c803c9-49a6-4c83-9884-7f28e9244f2b,Penner Farms - 32-8-13 pump (site 1),f97377a3-6539-450f-9b74-ae0401115ca1,Symo 24.0-3 480 (3),,,24.0,parsed_from_inverter_name,191.87,,
fronius,2026-05-04,c3c803c9-49a6-4c83-9884-7f28e9244f2b,Penner Farms - 32-8-13 pump (site 1),71ba6d53-c04f-476f-9da3-ae0401115c8e,Symo  24.0-3 480 (1),,,24.0,parsed_from_inverter_name,178.5,,
fronius,2026-05-04,c3c803c9-49a6-4c83-9884-7f28e9244f2b,Penner Farms - 32-8-13 pump (site 1),528b81d7-df8d-4f62-9b35-ae0401115c98,Symo  24.0-3 480 (2),,,24.0,parsed_from_inverter_name,177.29,,
fronius,2026-05-04,c3c803c9-49a6-4c83-9884-7f28e9244f2b,Penner Farms - 32-8-13 pump (site 1),f97377a3-6539-450f-9b74-ae0401115ca1,Symo 24.0-3 480 (3),,,24.0,parsed_from_inverter_name,180.82,,
fronius,2026-05-05,c3c803c9-49a6-4c83-9884-7f28e9244f2b,Penner Farms - 32-8-13 pump (site 1),71ba6d53-c04f-476f-9da3-ae0401115c8e,Symo  24.0-3 480 (1),,,24.0,parsed_from_inverter_name,173.22,,
fronius,2026-05-05,c3c803c9-49a6-4c83-9884-7f28e9244f2b,Penner Farms - 32-8-13 pump (site 1),528b81d7-df8d-4f62-9b35-ae0401115c98,Symo  24.0-3 480 (2),,,24.0,parsed_from_inverter_name,171.64,,
fronius,2026-05-05,c3c803c9-49a6-4c83-9884-7f28e9244f2b,Penner Farms - 32-8-13 pump (site 1),f97377a3-6539-450f-9b74-ae0401115ca1,Symo 24.0-3 480 (3),,,24.0,parsed_from_inverter_name,175.59,,
fronius,2026-05-06,c3c803c9-49a6-4c83-9884-7f28e9244f2b,Penner Farms - 32-8-13 pump (site 1),71ba6d53-c04f-476f-9da3-ae0401115c8e,Symo  24.0-3 480 (1),,,24.0,parsed_from_inverter_name,189.73,,
fronius,2026-05-06,c3c803c9-49a6-4c83-9884-7f28e9244f2b,Penner Farms - 32-8-13 pump (site 1),528b81d7-df8d-4f62-9b35-ae0401115c98,Symo  24.0-3 480 (2),,,24.0,parsed_from_inverter_name,187.15,,
fronius,2026-05-06,c3c803c9-49a6-4c83-9884-7f28e9244f2b,Penner Farms - 32-8-13 pump (site 1),f97377a3-6539-450f-9b74-ae0401115ca1,Symo 24.0-3 480 (3),,,24.0,parsed_from_inverter_name,192.84,,
fronius,2026-05-07,c3c803c9-49a6-4c83-9884-7f28e9244f2b,Penner Farms - 32-8-13 pump (site 1),71ba6d53-c04f-476f-9da3-ae0401115c8e,Symo  24.0-3 480 (1),,,24.0,parsed_from_inverter_name,169.5,,
fronius,2026-05-07,c3c803c9-49a6-4c83-9884-7f28e9244f2b,Penner Farms - 32-8-13 pump (site 1),528b81d7-df8d-4f62-9b35-ae0401115c98,Symo  24.0-3 480 (2),,,24.0,parsed_from_inverter_name,167.94,,
fronius,2026-05-07,c3c803c9-49a6-4c83-9884-7f28e9244f2b,Penner Farms - 32-8-13 pump (site 1),f97377a3-6539-450f-9b74-ae0401115ca1,Symo 24.0-3 480 (3),,,24.0,parsed_from_inverter_name,172.38,,
fronius,2026-05-08,c3c803c9-49a6-4c83-9884-7f28e9244f2b,Penner Farms - 32-8-13 pump (site 1),71ba6d53-c04f-476f-9da3-ae0401115c8e,Symo  24.0-3 480 (1),,,24.0,parsed_from_inverter_name,147.85,,
fronius,2026-05-08,c3c803c9-49a6-4c83-9884-7f28e9244f2b,Penner Farms - 32-8-13 pump (site 1),528b81d7-df8d-4f62-9b35-ae0401115c98,Symo  24.0-3 480 (2),,,24.0,parsed_from_inverter_name,145.96,,
fronius,2026-05-08,c3c803c9-49a6-4c83-9884-7f28e9244f2b,Penner Farms - 32-8-13 pump (site 1),f97377a3-6539-450f-9b74-ae0401115ca1,Symo 24.0-3 480 (3),,,24.0,parsed_from_inverter_name,150.03,,
fronius,2026-05-09,c3c803c9-49a6-4c83-9884-7f28e9244f2b,Penner Farms - 32-8-13 pump (site 1),71ba6d53-c04f-476f-9da3-ae0401115c8e,Symo  24.0-3 480 (1),,,24.0,parsed_from_inverter_name,108.28,,
fronius,2026-05-09,c3c803c9-49a6-4c83-9884-7f28e9244f2b,Penner Farms - 32-8-13 pump (site 1),528b81d7-df8d-4f62-9b35-ae0401115c98,Symo  24.0-3 480 (2),,,24.0,parsed_from_inverter_name,106.22,,
fronius,2026-05-09,c3c803c9-49a6-4c83-9884-7f28e9244f2b,Penner Farms - 32-8-13 pump (site 1),f97377a3-6539-450f-9b74-ae0401115ca1,Symo 24.0-3 480 (3),,,24.0,parsed_from_inverter_name,110.4,,
fronius,2026-05-10,c3c803c9-49a6-4c83-9884-7f28e9244f2b,Penner Farms - 32-8-13 pump (site 1),71ba6d53-c04f-476f-9da3-ae0401115c8e,Symo  24.0-3 480 (1),,,24.0,parsed_from_inverter_name,146.79,,
fronius,2026-05-10,c3c803c9-49a6-4c83-9884-7f28e9244f2b,Penner Farms - 32-8-13 pump (site 1),528b81d7-df8d-4f62-9b35-ae0401115c98,Symo  24.0-3 480 (2),,,24.0,parsed_from_inverter_name,144.29,,
fronius,2026-05-10,c3c803c9-49a6-4c83-9884-7f28e9244f2b,Penner Farms - 32-8-13 pump (site 1),f97377a3-6539-450f-9b74-ae0401115ca1,Symo 24.0-3 480 (3),,,24.0,parsed_from_inverter_name,150.39,,
fronius,2026-05-11,c3c803c9-49a6-4c83-9884-7f28e9244f2b,Penner Farms - 32-8-13 pump (site 1),71ba6d53-c04f-476f-9da3-ae0401115c8e,Symo  24.0-3 480 (1),,,24.0,parsed_from_inverter_name,182.84,,
fronius,2026-05-11,c3c803c9-49a6-4c83-9884-7f28e9244f2b,Penner Farms - 32-8-13 pump (site 1),528b81d7-df8d-4f62-9b35-ae0401115c98,Symo  24.0-3 480 (2),,,24.0,parsed_from_inverter_name,183.71,,
fronius,2026-05-11,c3c803c9-49a6-4c83-9884-7f28e9244f2b,Penner Farms - 32-8-13 pump (site 1),f97377a3-6539-450f-9b74-ae0401115ca1,Symo 24.0-3 480 (3),,,24.0,parsed_from_inverter_name,188.2,,
fronius,2026-05-12,c3c803c9-49a6-4c83-9884-7f28e9244f2b,Penner Farms - 32-8-13 pump (site 1),71ba6d53-c04f-476f-9da3-ae0401115c8e,Symo  24.0-3 480 (1),,,24.0,parsed_from_inverter_name,191.8,,
fronius,2026-05-12,c3c803c9-49a6-4c83-9884-7f28e9244f2b,Penner Farms - 32-8-13 pump (site 1),528b81d7-df8d-4f62-9b35-ae0401115c98,Symo  24.0-3 480 (2),,,24.0,parsed_from_inverter_name,187.62,,
fronius,2026-05-12,c3c803c9-49a6-4c83-9884-7f28e9244f2b,Penner Farms - 32-8-13 pump (site 1),f97377a3-6539-450f-9b74-ae0401115ca1,Symo 24.0-3 480 (3),,,24.0,parsed_from_inverter_name,195.09,,
fronius,2026-05-13,c3c803c9-49a6-4c83-9884-7f28e9244f2b,Penner Farms - 32-8-13 pump (site 1),71ba6d53-c04f-476f-9da3-ae0401115c8e,Symo  24.0-3 480 (1),,,24.0,parsed_from_inverter_name,80.21,,
fronius,2026-05-13,c3c803c9-49a6-4c83-9884-7f28e9244f2b,Penner Farms - 32-8-13 pump (site 1),528b81d7-df8d-4f62-9b35-ae0401115c98,Symo  24.0-3 480 (2),,,24.0,parsed_from_inverter_name,78.45,,
fronius,2026-05-13,c3c803c9-49a6-4c83-9884-7f28e9244f2b,Penner Farms - 32-8-13 pump (site 1),f97377a3-6539-450f-9b74-ae0401115ca1,Symo 24.0-3 480 (3),,,24.0,parsed_from_inverter_name,81.91,,
fronius,2026-05-14,c3c803c9-49a6-4c83-9884-7f28e9244f2b,Penner Farms - 32-8-13 pump (site 1),71ba6d53-c04f-476f-9da3-ae0401115c8e,Symo  24.0-3 480 (1),,,24.0,parsed_from_inverter_name,0.48,,
fronius,2026-05-14,c3c803c9-49a6-4c83-9884-7f28e9244f2b,Penner Farms - 32-8-13 pump (site 1),528b81d7-df8d-4f62-9b35-ae0401115c98,Symo  24.0-3 480 (2),,,24.0,parsed_from_inverter_name,0.46,,
fronius,2026-05-14,c3c803c9-49a6-4c83-9884-7f28e9244f2b,Penner Farms - 32-8-13 pump (site 1),f97377a3-6539-450f-9b74-ae0401115ca1,Symo 24.0-3 480 (3),,,24.0,parsed_from_inverter_name,0.49,,
