date,pv_system_id,pv_system_name,device_id,inverter_name,inverter_rated_kw,inverter_rating_source,daily_output_kwh,source_interval,source_channel
2022-05-01,d95b5e9d-f2d5-4950-85a9-909e52f727ba,Penner Farms - SE 27-8-13 (site 2),b8a6c9fe-5838-42e7-9faa-adff01636559,Symo 24.0-3 480 (1),24.0,parsed_from_inverter_name,127.18,month,devwork
2022-05-01,d95b5e9d-f2d5-4950-85a9-909e52f727ba,Penner Farms - SE 27-8-13 (site 2),a9f3ac23-6f93-447b-9037-adff01636562,Symo 24.0-3 480 (2),24.0,parsed_from_inverter_name,127.82,month,devwork
2022-05-01,d95b5e9d-f2d5-4950-85a9-909e52f727ba,Penner Farms - SE 27-8-13 (site 2),c3ec3bd8-8836-45bb-97b7-adff01636570,Symo 24.0-3 480 (3),24.0,parsed_from_inverter_name,128.16,month,devwork
2022-05-02,d95b5e9d-f2d5-4950-85a9-909e52f727ba,Penner Farms - SE 27-8-13 (site 2),b8a6c9fe-5838-42e7-9faa-adff01636559,Symo 24.0-3 480 (1),24.0,parsed_from_inverter_name,165.58,month,devwork
2022-05-02,d95b5e9d-f2d5-4950-85a9-909e52f727ba,Penner Farms - SE 27-8-13 (site 2),a9f3ac23-6f93-447b-9037-adff01636562,Symo 24.0-3 480 (2),24.0,parsed_from_inverter_name,166.15,month,devwork
2022-05-02,d95b5e9d-f2d5-4950-85a9-909e52f727ba,Penner Farms - SE 27-8-13 (site 2),c3ec3bd8-8836-45bb-97b7-adff01636570,Symo 24.0-3 480 (3),24.0,parsed_from_inverter_name,167.61,month,devwork
2022-05-03,d95b5e9d-f2d5-4950-85a9-909e52f727ba,Penner Farms - SE 27-8-13 (site 2),b8a6c9fe-5838-42e7-9faa-adff01636559,Symo 24.0-3 480 (1),24.0,parsed_from_inverter_name,196.97,month,devwork
2022-05-03,d95b5e9d-f2d5-4950-85a9-909e52f727ba,Penner Farms - SE 27-8-13 (site 2),a9f3ac23-6f93-447b-9037-adff01636562,Symo 24.0-3 480 (2),24.0,parsed_from_inverter_name,196.96,month,devwork
2022-05-03,d95b5e9d-f2d5-4950-85a9-909e52f727ba,Penner Farms - SE 27-8-13 (site 2),c3ec3bd8-8836-45bb-97b7-adff01636570,Symo 24.0-3 480 (3),24.0,parsed_from_inverter_name,197.42,month,devwork
2022-05-04,d95b5e9d-f2d5-4950-85a9-909e52f727ba,Penner Farms - SE 27-8-13 (site 2),b8a6c9fe-5838-42e7-9faa-adff01636559,Symo 24.0-3 480 (1),24.0,parsed_from_inverter_name,150.65,month,devwork
2022-05-04,d95b5e9d-f2d5-4950-85a9-909e52f727ba,Penner Farms - SE 27-8-13 (site 2),a9f3ac23-6f93-447b-9037-adff01636562,Symo 24.0-3 480 (2),24.0,parsed_from_inverter_name,150.43,month,devwork
2022-05-04,d95b5e9d-f2d5-4950-85a9-909e52f727ba,Penner Farms - SE 27-8-13 (site 2),c3ec3bd8-8836-45bb-97b7-adff01636570,Symo 24.0-3 480 (3),24.0,parsed_from_inverter_name,150.86,month,devwork
2022-05-05,d95b5e9d-f2d5-4950-85a9-909e52f727ba,Penner Farms - SE 27-8-13 (site 2),b8a6c9fe-5838-42e7-9faa-adff01636559,Symo 24.0-3 480 (1),24.0,parsed_from_inverter_name,99.92,month,devwork
2022-05-05,d95b5e9d-f2d5-4950-85a9-909e52f727ba,Penner Farms - SE 27-8-13 (site 2),a9f3ac23-6f93-447b-9037-adff01636562,Symo 24.0-3 480 (2),24.0,parsed_from_inverter_name,101.78,month,devwork
2022-05-05,d95b5e9d-f2d5-4950-85a9-909e52f727ba,Penner Farms - SE 27-8-13 (site 2),c3ec3bd8-8836-45bb-97b7-adff01636570,Symo 24.0-3 480 (3),24.0,parsed_from_inverter_name,102.26,month,devwork
2022-05-06,d95b5e9d-f2d5-4950-85a9-909e52f727ba,Penner Farms - SE 27-8-13 (site 2),b8a6c9fe-5838-42e7-9faa-adff01636559,Symo 24.0-3 480 (1),24.0,parsed_from_inverter_name,204.92,month,devwork
2022-05-06,d95b5e9d-f2d5-4950-85a9-909e52f727ba,Penner Farms - SE 27-8-13 (site 2),a9f3ac23-6f93-447b-9037-adff01636562,Symo 24.0-3 480 (2),24.0,parsed_from_inverter_name,204.66,month,devwork
2022-05-06,d95b5e9d-f2d5-4950-85a9-909e52f727ba,Penner Farms - SE 27-8-13 (site 2),c3ec3bd8-8836-45bb-97b7-adff01636570,Symo 24.0-3 480 (3),24.0,parsed_from_inverter_name,205.29,month,devwork
2022-05-07,d95b5e9d-f2d5-4950-85a9-909e52f727ba,Penner Farms - SE 27-8-13 (site 2),b8a6c9fe-5838-42e7-9faa-adff01636559,Symo 24.0-3 480 (1),24.0,parsed_from_inverter_name,107.03,month,devwork
2022-05-07,d95b5e9d-f2d5-4950-85a9-909e52f727ba,Penner Farms - SE 27-8-13 (site 2),a9f3ac23-6f93-447b-9037-adff01636562,Symo 24.0-3 480 (2),24.0,parsed_from_inverter_name,107.15,month,devwork
2022-05-07,d95b5e9d-f2d5-4950-85a9-909e52f727ba,Penner Farms - SE 27-8-13 (site 2),c3ec3bd8-8836-45bb-97b7-adff01636570,Symo 24.0-3 480 (3),24.0,parsed_from_inverter_name,107.55,month,devwork
2022-05-08,d95b5e9d-f2d5-4950-85a9-909e52f727ba,Penner Farms - SE 27-8-13 (site 2),b8a6c9fe-5838-42e7-9faa-adff01636559,Symo 24.0-3 480 (1),24.0,parsed_from_inverter_name,114.84,month,devwork
2022-05-08,d95b5e9d-f2d5-4950-85a9-909e52f727ba,Penner Farms - SE 27-8-13 (site 2),a9f3ac23-6f93-447b-9037-adff01636562,Symo 24.0-3 480 (2),24.0,parsed_from_inverter_name,115.23,month,devwork
2022-05-08,d95b5e9d-f2d5-4950-85a9-909e52f727ba,Penner Farms - SE 27-8-13 (site 2),c3ec3bd8-8836-45bb-97b7-adff01636570,Symo 24.0-3 480 (3),24.0,parsed_from_inverter_name,114.97,month,devwork
2022-05-09,d95b5e9d-f2d5-4950-85a9-909e52f727ba,Penner Farms - SE 27-8-13 (site 2),b8a6c9fe-5838-42e7-9faa-adff01636559,Symo 24.0-3 480 (1),24.0,parsed_from_inverter_name,112.27,month,devwork
2022-05-09,d95b5e9d-f2d5-4950-85a9-909e52f727ba,Penner Farms - SE 27-8-13 (site 2),a9f3ac23-6f93-447b-9037-adff01636562,Symo 24.0-3 480 (2),24.0,parsed_from_inverter_name,112.15,month,devwork
2022-05-09,d95b5e9d-f2d5-4950-85a9-909e52f727ba,Penner Farms - SE 27-8-13 (site 2),c3ec3bd8-8836-45bb-97b7-adff01636570,Symo 24.0-3 480 (3),24.0,parsed_from_inverter_name,112.1,month,devwork
2022-05-10,d95b5e9d-f2d5-4950-85a9-909e52f727ba,Penner Farms - SE 27-8-13 (site 2),b8a6c9fe-5838-42e7-9faa-adff01636559,Symo 24.0-3 480 (1),24.0,parsed_from_inverter_name,165.54,month,devwork
2022-05-10,d95b5e9d-f2d5-4950-85a9-909e52f727ba,Penner Farms - SE 27-8-13 (site 2),a9f3ac23-6f93-447b-9037-adff01636562,Symo 24.0-3 480 (2),24.0,parsed_from_inverter_name,167.75,month,devwork
2022-05-10,d95b5e9d-f2d5-4950-85a9-909e52f727ba,Penner Farms - SE 27-8-13 (site 2),c3ec3bd8-8836-45bb-97b7-adff01636570,Symo 24.0-3 480 (3),24.0,parsed_from_inverter_name,168.41,month,devwork
2022-05-11,d95b5e9d-f2d5-4950-85a9-909e52f727ba,Penner Farms - SE 27-8-13 (site 2),b8a6c9fe-5838-42e7-9faa-adff01636559,Symo 24.0-3 480 (1),24.0,parsed_from_inverter_name,190.44,month,devwork
2022-05-11,d95b5e9d-f2d5-4950-85a9-909e52f727ba,Penner Farms - SE 27-8-13 (site 2),a9f3ac23-6f93-447b-9037-adff01636562,Symo 24.0-3 480 (2),24.0,parsed_from_inverter_name,190.86,month,devwork
2022-05-11,d95b5e9d-f2d5-4950-85a9-909e52f727ba,Penner Farms - SE 27-8-13 (site 2),c3ec3bd8-8836-45bb-97b7-adff01636570,Symo 24.0-3 480 (3),24.0,parsed_from_inverter_name,192.1,month,devwork
2022-05-12,d95b5e9d-f2d5-4950-85a9-909e52f727ba,Penner Farms - SE 27-8-13 (site 2),b8a6c9fe-5838-42e7-9faa-adff01636559,Symo 24.0-3 480 (1),24.0,parsed_from_inverter_name,108.76,month,devwork
2022-05-12,d95b5e9d-f2d5-4950-85a9-909e52f727ba,Penner Farms - SE 27-8-13 (site 2),a9f3ac23-6f93-447b-9037-adff01636562,Symo 24.0-3 480 (2),24.0,parsed_from_inverter_name,109.3,month,devwork
2022-05-12,d95b5e9d-f2d5-4950-85a9-909e52f727ba,Penner Farms - SE 27-8-13 (site 2),c3ec3bd8-8836-45bb-97b7-adff01636570,Symo 24.0-3 480 (3),24.0,parsed_from_inverter_name,109.43,month,devwork
2022-05-13,d95b5e9d-f2d5-4950-85a9-909e52f727ba,Penner Farms - SE 27-8-13 (site 2),b8a6c9fe-5838-42e7-9faa-adff01636559,Symo 24.0-3 480 (1),24.0,parsed_from_inverter_name,139.55,month,devwork
2022-05-13,d95b5e9d-f2d5-4950-85a9-909e52f727ba,Penner Farms - SE 27-8-13 (site 2),a9f3ac23-6f93-447b-9037-adff01636562,Symo 24.0-3 480 (2),24.0,parsed_from_inverter_name,139.61,month,devwork
2022-05-13,d95b5e9d-f2d5-4950-85a9-909e52f727ba,Penner Farms - SE 27-8-13 (site 2),c3ec3bd8-8836-45bb-97b7-adff01636570,Symo 24.0-3 480 (3),24.0,parsed_from_inverter_name,140.75,month,devwork
2022-05-14,d95b5e9d-f2d5-4950-85a9-909e52f727ba,Penner Farms - SE 27-8-13 (site 2),b8a6c9fe-5838-42e7-9faa-adff01636559,Symo 24.0-3 480 (1),24.0,parsed_from_inverter_name,184.66,month,devwork
2022-05-14,d95b5e9d-f2d5-4950-85a9-909e52f727ba,Penner Farms - SE 27-8-13 (site 2),a9f3ac23-6f93-447b-9037-adff01636562,Symo 24.0-3 480 (2),24.0,parsed_from_inverter_name,184.88,month,devwork
2022-05-14,d95b5e9d-f2d5-4950-85a9-909e52f727ba,Penner Farms - SE 27-8-13 (site 2),c3ec3bd8-8836-45bb-97b7-adff01636570,Symo 24.0-3 480 (3),24.0,parsed_from_inverter_name,185.07,month,devwork
2022-05-15,d95b5e9d-f2d5-4950-85a9-909e52f727ba,Penner Farms - SE 27-8-13 (site 2),b8a6c9fe-5838-42e7-9faa-adff01636559,Symo 24.0-3 480 (1),24.0,parsed_from_inverter_name,205.74,month,devwork
2022-05-15,d95b5e9d-f2d5-4950-85a9-909e52f727ba,Penner Farms - SE 27-8-13 (site 2),a9f3ac23-6f93-447b-9037-adff01636562,Symo 24.0-3 480 (2),24.0,parsed_from_inverter_name,205.46,month,devwork
2022-05-15,d95b5e9d-f2d5-4950-85a9-909e52f727ba,Penner Farms - SE 27-8-13 (site 2),c3ec3bd8-8836-45bb-97b7-adff01636570,Symo 24.0-3 480 (3),24.0,parsed_from_inverter_name,206.04,month,devwork
2022-05-16,d95b5e9d-f2d5-4950-85a9-909e52f727ba,Penner Farms - SE 27-8-13 (site 2),b8a6c9fe-5838-42e7-9faa-adff01636559,Symo 24.0-3 480 (1),24.0,parsed_from_inverter_name,160.44,month,devwork
2022-05-16,d95b5e9d-f2d5-4950-85a9-909e52f727ba,Penner Farms - SE 27-8-13 (site 2),a9f3ac23-6f93-447b-9037-adff01636562,Symo 24.0-3 480 (2),24.0,parsed_from_inverter_name,160.34,month,devwork
2022-05-16,d95b5e9d-f2d5-4950-85a9-909e52f727ba,Penner Farms - SE 27-8-13 (site 2),c3ec3bd8-8836-45bb-97b7-adff01636570,Symo 24.0-3 480 (3),24.0,parsed_from_inverter_name,160.93,month,devwork
2022-05-17,d95b5e9d-f2d5-4950-85a9-909e52f727ba,Penner Farms - SE 27-8-13 (site 2),b8a6c9fe-5838-42e7-9faa-adff01636559,Symo 24.0-3 480 (1),24.0,parsed_from_inverter_name,153.54,month,devwork
2022-05-17,d95b5e9d-f2d5-4950-85a9-909e52f727ba,Penner Farms - SE 27-8-13 (site 2),a9f3ac23-6f93-447b-9037-adff01636562,Symo 24.0-3 480 (2),24.0,parsed_from_inverter_name,153.24,month,devwork
2022-05-17,d95b5e9d-f2d5-4950-85a9-909e52f727ba,Penner Farms - SE 27-8-13 (site 2),c3ec3bd8-8836-45bb-97b7-adff01636570,Symo 24.0-3 480 (3),24.0,parsed_from_inverter_name,154.22,month,devwork
2022-05-18,d95b5e9d-f2d5-4950-85a9-909e52f727ba,Penner Farms - SE 27-8-13 (site 2),b8a6c9fe-5838-42e7-9faa-adff01636559,Symo 24.0-3 480 (1),24.0,parsed_from_inverter_name,154.3,month,devwork
2022-05-18,d95b5e9d-f2d5-4950-85a9-909e52f727ba,Penner Farms - SE 27-8-13 (site 2),a9f3ac23-6f93-447b-9037-adff01636562,Symo 24.0-3 480 (2),24.0,parsed_from_inverter_name,154.68,month,devwork
2022-05-18,d95b5e9d-f2d5-4950-85a9-909e52f727ba,Penner Farms - SE 27-8-13 (site 2),c3ec3bd8-8836-45bb-97b7-adff01636570,Symo 24.0-3 480 (3),24.0,parsed_from_inverter_name,155.35,month,devwork
2022-05-19,d95b5e9d-f2d5-4950-85a9-909e52f727ba,Penner Farms - SE 27-8-13 (site 2),b8a6c9fe-5838-42e7-9faa-adff01636559,Symo 24.0-3 480 (1),24.0,parsed_from_inverter_name,40.76,month,devwork
2022-05-19,d95b5e9d-f2d5-4950-85a9-909e52f727ba,Penner Farms - SE 27-8-13 (site 2),a9f3ac23-6f93-447b-9037-adff01636562,Symo 24.0-3 480 (2),24.0,parsed_from_inverter_name,41.04,month,devwork
2022-05-19,d95b5e9d-f2d5-4950-85a9-909e52f727ba,Penner Farms - SE 27-8-13 (site 2),c3ec3bd8-8836-45bb-97b7-adff01636570,Symo 24.0-3 480 (3),24.0,parsed_from_inverter_name,41.01,month,devwork
2022-05-20,d95b5e9d-f2d5-4950-85a9-909e52f727ba,Penner Farms - SE 27-8-13 (site 2),b8a6c9fe-5838-42e7-9faa-adff01636559,Symo 24.0-3 480 (1),24.0,parsed_from_inverter_name,123.85,month,devwork
2022-05-20,d95b5e9d-f2d5-4950-85a9-909e52f727ba,Penner Farms - SE 27-8-13 (site 2),a9f3ac23-6f93-447b-9037-adff01636562,Symo 24.0-3 480 (2),24.0,parsed_from_inverter_name,124.13,month,devwork
2022-05-20,d95b5e9d-f2d5-4950-85a9-909e52f727ba,Penner Farms - SE 27-8-13 (site 2),c3ec3bd8-8836-45bb-97b7-adff01636570,Symo 24.0-3 480 (3),24.0,parsed_from_inverter_name,123.82,month,devwork
2022-05-21,d95b5e9d-f2d5-4950-85a9-909e52f727ba,Penner Farms - SE 27-8-13 (site 2),b8a6c9fe-5838-42e7-9faa-adff01636559,Symo 24.0-3 480 (1),24.0,parsed_from_inverter_name,178.29,month,devwork
2022-05-21,d95b5e9d-f2d5-4950-85a9-909e52f727ba,Penner Farms - SE 27-8-13 (site 2),a9f3ac23-6f93-447b-9037-adff01636562,Symo 24.0-3 480 (2),24.0,parsed_from_inverter_name,178.88,month,devwork
2022-05-21,d95b5e9d-f2d5-4950-85a9-909e52f727ba,Penner Farms - SE 27-8-13 (site 2),c3ec3bd8-8836-45bb-97b7-adff01636570,Symo 24.0-3 480 (3),24.0,parsed_from_inverter_name,179.04,month,devwork
2022-05-22,d95b5e9d-f2d5-4950-85a9-909e52f727ba,Penner Farms - SE 27-8-13 (site 2),b8a6c9fe-5838-42e7-9faa-adff01636559,Symo 24.0-3 480 (1),24.0,parsed_from_inverter_name,192.52,month,devwork
2022-05-22,d95b5e9d-f2d5-4950-85a9-909e52f727ba,Penner Farms - SE 27-8-13 (site 2),a9f3ac23-6f93-447b-9037-adff01636562,Symo 24.0-3 480 (2),24.0,parsed_from_inverter_name,193.05,month,devwork
2022-05-22,d95b5e9d-f2d5-4950-85a9-909e52f727ba,Penner Farms - SE 27-8-13 (site 2),c3ec3bd8-8836-45bb-97b7-adff01636570,Symo 24.0-3 480 (3),24.0,parsed_from_inverter_name,188.69,month,devwork
2022-05-23,d95b5e9d-f2d5-4950-85a9-909e52f727ba,Penner Farms - SE 27-8-13 (site 2),b8a6c9fe-5838-42e7-9faa-adff01636559,Symo 24.0-3 480 (1),24.0,parsed_from_inverter_name,180.11,month,devwork
2022-05-23,d95b5e9d-f2d5-4950-85a9-909e52f727ba,Penner Farms - SE 27-8-13 (site 2),a9f3ac23-6f93-447b-9037-adff01636562,Symo 24.0-3 480 (2),24.0,parsed_from_inverter_name,180.49,month,devwork
2022-05-23,d95b5e9d-f2d5-4950-85a9-909e52f727ba,Penner Farms - SE 27-8-13 (site 2),c3ec3bd8-8836-45bb-97b7-adff01636570,Symo 24.0-3 480 (3),24.0,parsed_from_inverter_name,181.98,month,devwork
2022-05-24,d95b5e9d-f2d5-4950-85a9-909e52f727ba,Penner Farms - SE 27-8-13 (site 2),b8a6c9fe-5838-42e7-9faa-adff01636559,Symo 24.0-3 480 (1),24.0,parsed_from_inverter_name,174.84,month,devwork
2022-05-24,d95b5e9d-f2d5-4950-85a9-909e52f727ba,Penner Farms - SE 27-8-13 (site 2),a9f3ac23-6f93-447b-9037-adff01636562,Symo 24.0-3 480 (2),24.0,parsed_from_inverter_name,174.6,month,devwork
2022-05-24,d95b5e9d-f2d5-4950-85a9-909e52f727ba,Penner Farms - SE 27-8-13 (site 2),c3ec3bd8-8836-45bb-97b7-adff01636570,Symo 24.0-3 480 (3),24.0,parsed_from_inverter_name,175.08,month,devwork
2022-05-25,d95b5e9d-f2d5-4950-85a9-909e52f727ba,Penner Farms - SE 27-8-13 (site 2),b8a6c9fe-5838-42e7-9faa-adff01636559,Symo 24.0-3 480 (1),24.0,parsed_from_inverter_name,179.62,month,devwork
2022-05-25,d95b5e9d-f2d5-4950-85a9-909e52f727ba,Penner Farms - SE 27-8-13 (site 2),a9f3ac23-6f93-447b-9037-adff01636562,Symo 24.0-3 480 (2),24.0,parsed_from_inverter_name,179.79,month,devwork
2022-05-25,d95b5e9d-f2d5-4950-85a9-909e52f727ba,Penner Farms - SE 27-8-13 (site 2),c3ec3bd8-8836-45bb-97b7-adff01636570,Symo 24.0-3 480 (3),24.0,parsed_from_inverter_name,180.48,month,devwork
2022-05-26,d95b5e9d-f2d5-4950-85a9-909e52f727ba,Penner Farms - SE 27-8-13 (site 2),b8a6c9fe-5838-42e7-9faa-adff01636559,Symo 24.0-3 480 (1),24.0,parsed_from_inverter_name,185.73,month,devwork
2022-05-26,d95b5e9d-f2d5-4950-85a9-909e52f727ba,Penner Farms - SE 27-8-13 (site 2),a9f3ac23-6f93-447b-9037-adff01636562,Symo 24.0-3 480 (2),24.0,parsed_from_inverter_name,185.56,month,devwork
2022-05-26,d95b5e9d-f2d5-4950-85a9-909e52f727ba,Penner Farms - SE 27-8-13 (site 2),c3ec3bd8-8836-45bb-97b7-adff01636570,Symo 24.0-3 480 (3),24.0,parsed_from_inverter_name,186.83,month,devwork
2022-05-27,d95b5e9d-f2d5-4950-85a9-909e52f727ba,Penner Farms - SE 27-8-13 (site 2),b8a6c9fe-5838-42e7-9faa-adff01636559,Symo 24.0-3 480 (1),24.0,parsed_from_inverter_name,144.53,month,devwork
2022-05-27,d95b5e9d-f2d5-4950-85a9-909e52f727ba,Penner Farms - SE 27-8-13 (site 2),a9f3ac23-6f93-447b-9037-adff01636562,Symo 24.0-3 480 (2),24.0,parsed_from_inverter_name,144.73,month,devwork
2022-05-27,d95b5e9d-f2d5-4950-85a9-909e52f727ba,Penner Farms - SE 27-8-13 (site 2),c3ec3bd8-8836-45bb-97b7-adff01636570,Symo 24.0-3 480 (3),24.0,parsed_from_inverter_name,144.9,month,devwork
2022-05-28,d95b5e9d-f2d5-4950-85a9-909e52f727ba,Penner Farms - SE 27-8-13 (site 2),b8a6c9fe-5838-42e7-9faa-adff01636559,Symo 24.0-3 480 (1),24.0,parsed_from_inverter_name,152.83,month,devwork
2022-05-28,d95b5e9d-f2d5-4950-85a9-909e52f727ba,Penner Farms - SE 27-8-13 (site 2),a9f3ac23-6f93-447b-9037-adff01636562,Symo 24.0-3 480 (2),24.0,parsed_from_inverter_name,152.97,month,devwork
2022-05-28,d95b5e9d-f2d5-4950-85a9-909e52f727ba,Penner Farms - SE 27-8-13 (site 2),c3ec3bd8-8836-45bb-97b7-adff01636570,Symo 24.0-3 480 (3),24.0,parsed_from_inverter_name,153.59,month,devwork
2022-05-29,d95b5e9d-f2d5-4950-85a9-909e52f727ba,Penner Farms - SE 27-8-13 (site 2),b8a6c9fe-5838-42e7-9faa-adff01636559,Symo 24.0-3 480 (1),24.0,parsed_from_inverter_name,87.69,month,devwork
2022-05-29,d95b5e9d-f2d5-4950-85a9-909e52f727ba,Penner Farms - SE 27-8-13 (site 2),a9f3ac23-6f93-447b-9037-adff01636562,Symo 24.0-3 480 (2),24.0,parsed_from_inverter_name,87.74,month,devwork
2022-05-29,d95b5e9d-f2d5-4950-85a9-909e52f727ba,Penner Farms - SE 27-8-13 (site 2),c3ec3bd8-8836-45bb-97b7-adff01636570,Symo 24.0-3 480 (3),24.0,parsed_from_inverter_name,88.37,month,devwork
2022-05-30,d95b5e9d-f2d5-4950-85a9-909e52f727ba,Penner Farms - SE 27-8-13 (site 2),b8a6c9fe-5838-42e7-9faa-adff01636559,Symo 24.0-3 480 (1),24.0,parsed_from_inverter_name,101.83,month,devwork
2022-05-30,d95b5e9d-f2d5-4950-85a9-909e52f727ba,Penner Farms - SE 27-8-13 (site 2),a9f3ac23-6f93-447b-9037-adff01636562,Symo 24.0-3 480 (2),24.0,parsed_from_inverter_name,101.96,month,devwork
2022-05-30,d95b5e9d-f2d5-4950-85a9-909e52f727ba,Penner Farms - SE 27-8-13 (site 2),c3ec3bd8-8836-45bb-97b7-adff01636570,Symo 24.0-3 480 (3),24.0,parsed_from_inverter_name,102.35,month,devwork
2022-05-31,d95b5e9d-f2d5-4950-85a9-909e52f727ba,Penner Farms - SE 27-8-13 (site 2),b8a6c9fe-5838-42e7-9faa-adff01636559,Symo 24.0-3 480 (1),24.0,parsed_from_inverter_name,209.31,month,devwork
2022-05-31,d95b5e9d-f2d5-4950-85a9-909e52f727ba,Penner Farms - SE 27-8-13 (site 2),a9f3ac23-6f93-447b-9037-adff01636562,Symo 24.0-3 480 (2),24.0,parsed_from_inverter_name,208.94,month,devwork
2022-05-31,d95b5e9d-f2d5-4950-85a9-909e52f727ba,Penner Farms - SE 27-8-13 (site 2),c3ec3bd8-8836-45bb-97b7-adff01636570,Symo 24.0-3 480 (3),24.0,parsed_from_inverter_name,210.14,month,devwork
2022-06-01,d95b5e9d-f2d5-4950-85a9-909e52f727ba,Penner Farms - SE 27-8-13 (site 2),b8a6c9fe-5838-42e7-9faa-adff01636559,Symo 24.0-3 480 (1),24.0,parsed_from_inverter_name,195.3,month,devwork
2022-06-01,d95b5e9d-f2d5-4950-85a9-909e52f727ba,Penner Farms - SE 27-8-13 (site 2),a9f3ac23-6f93-447b-9037-adff01636562,Symo 24.0-3 480 (2),24.0,parsed_from_inverter_name,195.11,month,devwork
2022-06-01,d95b5e9d-f2d5-4950-85a9-909e52f727ba,Penner Farms - SE 27-8-13 (site 2),c3ec3bd8-8836-45bb-97b7-adff01636570,Symo 24.0-3 480 (3),24.0,parsed_from_inverter_name,195.86,month,devwork
2022-06-02,d95b5e9d-f2d5-4950-85a9-909e52f727ba,Penner Farms - SE 27-8-13 (site 2),b8a6c9fe-5838-42e7-9faa-adff01636559,Symo 24.0-3 480 (1),24.0,parsed_from_inverter_name,213.8,month,devwork
2022-06-02,d95b5e9d-f2d5-4950-85a9-909e52f727ba,Penner Farms - SE 27-8-13 (site 2),a9f3ac23-6f93-447b-9037-adff01636562,Symo 24.0-3 480 (2),24.0,parsed_from_inverter_name,213.72,month,devwork
2022-06-02,d95b5e9d-f2d5-4950-85a9-909e52f727ba,Penner Farms - SE 27-8-13 (site 2),c3ec3bd8-8836-45bb-97b7-adff01636570,Symo 24.0-3 480 (3),24.0,parsed_from_inverter_name,215.02,month,devwork
2022-06-03,d95b5e9d-f2d5-4950-85a9-909e52f727ba,Penner Farms - SE 27-8-13 (site 2),b8a6c9fe-5838-42e7-9faa-adff01636559,Symo 24.0-3 480 (1),24.0,parsed_from_inverter_name,115.81,month,devwork
2022-06-03,d95b5e9d-f2d5-4950-85a9-909e52f727ba,Penner Farms - SE 27-8-13 (site 2),a9f3ac23-6f93-447b-9037-adff01636562,Symo 24.0-3 480 (2),24.0,parsed_from_inverter_name,115.7,month,devwork
2022-06-03,d95b5e9d-f2d5-4950-85a9-909e52f727ba,Penner Farms - SE 27-8-13 (site 2),c3ec3bd8-8836-45bb-97b7-adff01636570,Symo 24.0-3 480 (3),24.0,parsed_from_inverter_name,117.48,month,devwork
2022-06-04,d95b5e9d-f2d5-4950-85a9-909e52f727ba,Penner Farms - SE 27-8-13 (site 2),b8a6c9fe-5838-42e7-9faa-adff01636559,Symo 24.0-3 480 (1),24.0,parsed_from_inverter_name,109.6,month,devwork
2022-06-04,d95b5e9d-f2d5-4950-85a9-909e52f727ba,Penner Farms - SE 27-8-13 (site 2),a9f3ac23-6f93-447b-9037-adff01636562,Symo 24.0-3 480 (2),24.0,parsed_from_inverter_name,109.89,month,devwork
2022-06-04,d95b5e9d-f2d5-4950-85a9-909e52f727ba,Penner Farms - SE 27-8-13 (site 2),c3ec3bd8-8836-45bb-97b7-adff01636570,Symo 24.0-3 480 (3),24.0,parsed_from_inverter_name,110.95,month,devwork
2022-06-05,d95b5e9d-f2d5-4950-85a9-909e52f727ba,Penner Farms - SE 27-8-13 (site 2),b8a6c9fe-5838-42e7-9faa-adff01636559,Symo 24.0-3 480 (1),24.0,parsed_from_inverter_name,127.14,month,devwork
2022-06-05,d95b5e9d-f2d5-4950-85a9-909e52f727ba,Penner Farms - SE 27-8-13 (site 2),a9f3ac23-6f93-447b-9037-adff01636562,Symo 24.0-3 480 (2),24.0,parsed_from_inverter_name,127.28,month,devwork
2022-06-05,d95b5e9d-f2d5-4950-85a9-909e52f727ba,Penner Farms - SE 27-8-13 (site 2),c3ec3bd8-8836-45bb-97b7-adff01636570,Symo 24.0-3 480 (3),24.0,parsed_from_inverter_name,127.77,month,devwork
2022-06-06,d95b5e9d-f2d5-4950-85a9-909e52f727ba,Penner Farms - SE 27-8-13 (site 2),b8a6c9fe-5838-42e7-9faa-adff01636559,Symo 24.0-3 480 (1),24.0,parsed_from_inverter_name,137.73,month,devwork
2022-06-06,d95b5e9d-f2d5-4950-85a9-909e52f727ba,Penner Farms - SE 27-8-13 (site 2),a9f3ac23-6f93-447b-9037-adff01636562,Symo 24.0-3 480 (2),24.0,parsed_from_inverter_name,137.89,month,devwork
2022-06-06,d95b5e9d-f2d5-4950-85a9-909e52f727ba,Penner Farms - SE 27-8-13 (site 2),c3ec3bd8-8836-45bb-97b7-adff01636570,Symo 24.0-3 480 (3),24.0,parsed_from_inverter_name,139.18,month,devwork
2022-06-07,d95b5e9d-f2d5-4950-85a9-909e52f727ba,Penner Farms - SE 27-8-13 (site 2),b8a6c9fe-5838-42e7-9faa-adff01636559,Symo 24.0-3 480 (1),24.0,parsed_from_inverter_name,81.33,month,devwork
2022-06-07,d95b5e9d-f2d5-4950-85a9-909e52f727ba,Penner Farms - SE 27-8-13 (site 2),a9f3ac23-6f93-447b-9037-adff01636562,Symo 24.0-3 480 (2),24.0,parsed_from_inverter_name,81.52,month,devwork
2022-06-07,d95b5e9d-f2d5-4950-85a9-909e52f727ba,Penner Farms - SE 27-8-13 (site 2),c3ec3bd8-8836-45bb-97b7-adff01636570,Symo 24.0-3 480 (3),24.0,parsed_from_inverter_name,81.77,month,devwork
2022-06-08,d95b5e9d-f2d5-4950-85a9-909e52f727ba,Penner Farms - SE 27-8-13 (site 2),b8a6c9fe-5838-42e7-9faa-adff01636559,Symo 24.0-3 480 (1),24.0,parsed_from_inverter_name,149.97,month,devwork
2022-06-08,d95b5e9d-f2d5-4950-85a9-909e52f727ba,Penner Farms - SE 27-8-13 (site 2),a9f3ac23-6f93-447b-9037-adff01636562,Symo 24.0-3 480 (2),24.0,parsed_from_inverter_name,151.1,month,devwork
2022-06-08,d95b5e9d-f2d5-4950-85a9-909e52f727ba,Penner Farms - SE 27-8-13 (site 2),c3ec3bd8-8836-45bb-97b7-adff01636570,Symo 24.0-3 480 (3),24.0,parsed_from_inverter_name,151.91,month,devwork
2022-06-09,d95b5e9d-f2d5-4950-85a9-909e52f727ba,Penner Farms - SE 27-8-13 (site 2),b8a6c9fe-5838-42e7-9faa-adff01636559,Symo 24.0-3 480 (1),24.0,parsed_from_inverter_name,183.81,month,devwork
2022-06-09,d95b5e9d-f2d5-4950-85a9-909e52f727ba,Penner Farms - SE 27-8-13 (site 2),a9f3ac23-6f93-447b-9037-adff01636562,Symo 24.0-3 480 (2),24.0,parsed_from_inverter_name,184.11,month,devwork
2022-06-09,d95b5e9d-f2d5-4950-85a9-909e52f727ba,Penner Farms - SE 27-8-13 (site 2),c3ec3bd8-8836-45bb-97b7-adff01636570,Symo 24.0-3 480 (3),24.0,parsed_from_inverter_name,185.53,month,devwork
2022-06-10,d95b5e9d-f2d5-4950-85a9-909e52f727ba,Penner Farms - SE 27-8-13 (site 2),b8a6c9fe-5838-42e7-9faa-adff01636559,Symo 24.0-3 480 (1),24.0,parsed_from_inverter_name,182.77,month,devwork
2022-06-10,d95b5e9d-f2d5-4950-85a9-909e52f727ba,Penner Farms - SE 27-8-13 (site 2),a9f3ac23-6f93-447b-9037-adff01636562,Symo 24.0-3 480 (2),24.0,parsed_from_inverter_name,183.15,month,devwork
2022-06-10,d95b5e9d-f2d5-4950-85a9-909e52f727ba,Penner Farms - SE 27-8-13 (site 2),c3ec3bd8-8836-45bb-97b7-adff01636570,Symo 24.0-3 480 (3),24.0,parsed_from_inverter_name,184.61,month,devwork
2022-06-11,d95b5e9d-f2d5-4950-85a9-909e52f727ba,Penner Farms - SE 27-8-13 (site 2),b8a6c9fe-5838-42e7-9faa-adff01636559,Symo 24.0-3 480 (1),24.0,parsed_from_inverter_name,169.67,month,devwork
2022-06-11,d95b5e9d-f2d5-4950-85a9-909e52f727ba,Penner Farms - SE 27-8-13 (site 2),a9f3ac23-6f93-447b-9037-adff01636562,Symo 24.0-3 480 (2),24.0,parsed_from_inverter_name,171.14,month,devwork
2022-06-11,d95b5e9d-f2d5-4950-85a9-909e52f727ba,Penner Farms - SE 27-8-13 (site 2),c3ec3bd8-8836-45bb-97b7-adff01636570,Symo 24.0-3 480 (3),24.0,parsed_from_inverter_name,171.62,month,devwork
2022-06-12,d95b5e9d-f2d5-4950-85a9-909e52f727ba,Penner Farms - SE 27-8-13 (site 2),b8a6c9fe-5838-42e7-9faa-adff01636559,Symo 24.0-3 480 (1),24.0,parsed_from_inverter_name,195.54,month,devwork
2022-06-12,d95b5e9d-f2d5-4950-85a9-909e52f727ba,Penner Farms - SE 27-8-13 (site 2),a9f3ac23-6f93-447b-9037-adff01636562,Symo 24.0-3 480 (2),24.0,parsed_from_inverter_name,196.08,month,devwork
2022-06-12,d95b5e9d-f2d5-4950-85a9-909e52f727ba,Penner Farms - SE 27-8-13 (site 2),c3ec3bd8-8836-45bb-97b7-adff01636570,Symo 24.0-3 480 (3),24.0,parsed_from_inverter_name,198.14,month,devwork
2022-06-13,d95b5e9d-f2d5-4950-85a9-909e52f727ba,Penner Farms - SE 27-8-13 (site 2),b8a6c9fe-5838-42e7-9faa-adff01636559,Symo 24.0-3 480 (1),24.0,parsed_from_inverter_name,68.86,month,devwork
2022-06-13,d95b5e9d-f2d5-4950-85a9-909e52f727ba,Penner Farms - SE 27-8-13 (site 2),a9f3ac23-6f93-447b-9037-adff01636562,Symo 24.0-3 480 (2),24.0,parsed_from_inverter_name,68.93,month,devwork
2022-06-13,d95b5e9d-f2d5-4950-85a9-909e52f727ba,Penner Farms - SE 27-8-13 (site 2),c3ec3bd8-8836-45bb-97b7-adff01636570,Symo 24.0-3 480 (3),24.0,parsed_from_inverter_name,69.13,month,devwork
2022-06-14,d95b5e9d-f2d5-4950-85a9-909e52f727ba,Penner Farms - SE 27-8-13 (site 2),b8a6c9fe-5838-42e7-9faa-adff01636559,Symo 24.0-3 480 (1),24.0,parsed_from_inverter_name,59.31,month,devwork
2022-06-14,d95b5e9d-f2d5-4950-85a9-909e52f727ba,Penner Farms - SE 27-8-13 (site 2),a9f3ac23-6f93-447b-9037-adff01636562,Symo 24.0-3 480 (2),24.0,parsed_from_inverter_name,59.47,month,devwork
2022-06-14,d95b5e9d-f2d5-4950-85a9-909e52f727ba,Penner Farms - SE 27-8-13 (site 2),c3ec3bd8-8836-45bb-97b7-adff01636570,Symo 24.0-3 480 (3),24.0,parsed_from_inverter_name,59.82,month,devwork
2022-06-15,d95b5e9d-f2d5-4950-85a9-909e52f727ba,Penner Farms - SE 27-8-13 (site 2),b8a6c9fe-5838-42e7-9faa-adff01636559,Symo 24.0-3 480 (1),24.0,parsed_from_inverter_name,75.54,month,devwork
2022-06-15,d95b5e9d-f2d5-4950-85a9-909e52f727ba,Penner Farms - SE 27-8-13 (site 2),a9f3ac23-6f93-447b-9037-adff01636562,Symo 24.0-3 480 (2),24.0,parsed_from_inverter_name,76.09,month,devwork
2022-06-15,d95b5e9d-f2d5-4950-85a9-909e52f727ba,Penner Farms - SE 27-8-13 (site 2),c3ec3bd8-8836-45bb-97b7-adff01636570,Symo 24.0-3 480 (3),24.0,parsed_from_inverter_name,76.78,month,devwork
2022-06-16,d95b5e9d-f2d5-4950-85a9-909e52f727ba,Penner Farms - SE 27-8-13 (site 2),b8a6c9fe-5838-42e7-9faa-adff01636559,Symo 24.0-3 480 (1),24.0,parsed_from_inverter_name,192.39,month,devwork
2022-06-16,d95b5e9d-f2d5-4950-85a9-909e52f727ba,Penner Farms - SE 27-8-13 (site 2),a9f3ac23-6f93-447b-9037-adff01636562,Symo 24.0-3 480 (2),24.0,parsed_from_inverter_name,191.24,month,devwork
2022-06-16,d95b5e9d-f2d5-4950-85a9-909e52f727ba,Penner Farms - SE 27-8-13 (site 2),c3ec3bd8-8836-45bb-97b7-adff01636570,Symo 24.0-3 480 (3),24.0,parsed_from_inverter_name,191.93,month,devwork
2022-06-17,d95b5e9d-f2d5-4950-85a9-909e52f727ba,Penner Farms - SE 27-8-13 (site 2),b8a6c9fe-5838-42e7-9faa-adff01636559,Symo 24.0-3 480 (1),24.0,parsed_from_inverter_name,182.87,month,devwork
2022-06-17,d95b5e9d-f2d5-4950-85a9-909e52f727ba,Penner Farms - SE 27-8-13 (site 2),a9f3ac23-6f93-447b-9037-adff01636562,Symo 24.0-3 480 (2),24.0,parsed_from_inverter_name,184.1,month,devwork
2022-06-17,d95b5e9d-f2d5-4950-85a9-909e52f727ba,Penner Farms - SE 27-8-13 (site 2),c3ec3bd8-8836-45bb-97b7-adff01636570,Symo 24.0-3 480 (3),24.0,parsed_from_inverter_name,185.18,month,devwork
2022-06-18,d95b5e9d-f2d5-4950-85a9-909e52f727ba,Penner Farms - SE 27-8-13 (site 2),b8a6c9fe-5838-42e7-9faa-adff01636559,Symo 24.0-3 480 (1),24.0,parsed_from_inverter_name,134.64,month,devwork
2022-06-18,d95b5e9d-f2d5-4950-85a9-909e52f727ba,Penner Farms - SE 27-8-13 (site 2),a9f3ac23-6f93-447b-9037-adff01636562,Symo 24.0-3 480 (2),24.0,parsed_from_inverter_name,136.78,month,devwork
2022-06-18,d95b5e9d-f2d5-4950-85a9-909e52f727ba,Penner Farms - SE 27-8-13 (site 2),c3ec3bd8-8836-45bb-97b7-adff01636570,Symo 24.0-3 480 (3),24.0,parsed_from_inverter_name,137.52,month,devwork
2022-06-19,d95b5e9d-f2d5-4950-85a9-909e52f727ba,Penner Farms - SE 27-8-13 (site 2),b8a6c9fe-5838-42e7-9faa-adff01636559,Symo 24.0-3 480 (1),24.0,parsed_from_inverter_name,122.12,month,devwork
2022-06-19,d95b5e9d-f2d5-4950-85a9-909e52f727ba,Penner Farms - SE 27-8-13 (site 2),a9f3ac23-6f93-447b-9037-adff01636562,Symo 24.0-3 480 (2),24.0,parsed_from_inverter_name,123.0,month,devwork
2022-06-19,d95b5e9d-f2d5-4950-85a9-909e52f727ba,Penner Farms - SE 27-8-13 (site 2),c3ec3bd8-8836-45bb-97b7-adff01636570,Symo 24.0-3 480 (3),24.0,parsed_from_inverter_name,122.64,month,devwork
2022-06-20,d95b5e9d-f2d5-4950-85a9-909e52f727ba,Penner Farms - SE 27-8-13 (site 2),b8a6c9fe-5838-42e7-9faa-adff01636559,Symo 24.0-3 480 (1),24.0,parsed_from_inverter_name,34.74,month,devwork
2022-06-20,d95b5e9d-f2d5-4950-85a9-909e52f727ba,Penner Farms - SE 27-8-13 (site 2),a9f3ac23-6f93-447b-9037-adff01636562,Symo 24.0-3 480 (2),24.0,parsed_from_inverter_name,34.9,month,devwork
2022-06-20,d95b5e9d-f2d5-4950-85a9-909e52f727ba,Penner Farms - SE 27-8-13 (site 2),c3ec3bd8-8836-45bb-97b7-adff01636570,Symo 24.0-3 480 (3),24.0,parsed_from_inverter_name,35.2,month,devwork
2022-06-21,d95b5e9d-f2d5-4950-85a9-909e52f727ba,Penner Farms - SE 27-8-13 (site 2),b8a6c9fe-5838-42e7-9faa-adff01636559,Symo 24.0-3 480 (1),24.0,parsed_from_inverter_name,201.58,month,devwork
2022-06-21,d95b5e9d-f2d5-4950-85a9-909e52f727ba,Penner Farms - SE 27-8-13 (site 2),a9f3ac23-6f93-447b-9037-adff01636562,Symo 24.0-3 480 (2),24.0,parsed_from_inverter_name,201.64,month,devwork
2022-06-21,d95b5e9d-f2d5-4950-85a9-909e52f727ba,Penner Farms - SE 27-8-13 (site 2),c3ec3bd8-8836-45bb-97b7-adff01636570,Symo 24.0-3 480 (3),24.0,parsed_from_inverter_name,202.8,month,devwork
2022-06-22,d95b5e9d-f2d5-4950-85a9-909e52f727ba,Penner Farms - SE 27-8-13 (site 2),b8a6c9fe-5838-42e7-9faa-adff01636559,Symo 24.0-3 480 (1),24.0,parsed_from_inverter_name,216.03,month,devwork
2022-06-22,d95b5e9d-f2d5-4950-85a9-909e52f727ba,Penner Farms - SE 27-8-13 (site 2),a9f3ac23-6f93-447b-9037-adff01636562,Symo 24.0-3 480 (2),24.0,parsed_from_inverter_name,216.58,month,devwork
2022-06-22,d95b5e9d-f2d5-4950-85a9-909e52f727ba,Penner Farms - SE 27-8-13 (site 2),c3ec3bd8-8836-45bb-97b7-adff01636570,Symo 24.0-3 480 (3),24.0,parsed_from_inverter_name,217.5,month,devwork
2022-06-23,d95b5e9d-f2d5-4950-85a9-909e52f727ba,Penner Farms - SE 27-8-13 (site 2),b8a6c9fe-5838-42e7-9faa-adff01636559,Symo 24.0-3 480 (1),24.0,parsed_from_inverter_name,198.76,month,devwork
2022-06-23,d95b5e9d-f2d5-4950-85a9-909e52f727ba,Penner Farms - SE 27-8-13 (site 2),a9f3ac23-6f93-447b-9037-adff01636562,Symo 24.0-3 480 (2),24.0,parsed_from_inverter_name,199.77,month,devwork
2022-06-23,d95b5e9d-f2d5-4950-85a9-909e52f727ba,Penner Farms - SE 27-8-13 (site 2),c3ec3bd8-8836-45bb-97b7-adff01636570,Symo 24.0-3 480 (3),24.0,parsed_from_inverter_name,201.16,month,devwork
2022-06-24,d95b5e9d-f2d5-4950-85a9-909e52f727ba,Penner Farms - SE 27-8-13 (site 2),b8a6c9fe-5838-42e7-9faa-adff01636559,Symo 24.0-3 480 (1),24.0,parsed_from_inverter_name,47.87,month,devwork
2022-06-24,d95b5e9d-f2d5-4950-85a9-909e52f727ba,Penner Farms - SE 27-8-13 (site 2),a9f3ac23-6f93-447b-9037-adff01636562,Symo 24.0-3 480 (2),24.0,parsed_from_inverter_name,48.28,month,devwork
2022-06-24,d95b5e9d-f2d5-4950-85a9-909e52f727ba,Penner Farms - SE 27-8-13 (site 2),c3ec3bd8-8836-45bb-97b7-adff01636570,Symo 24.0-3 480 (3),24.0,parsed_from_inverter_name,49.15,month,devwork
2022-06-25,d95b5e9d-f2d5-4950-85a9-909e52f727ba,Penner Farms - SE 27-8-13 (site 2),b8a6c9fe-5838-42e7-9faa-adff01636559,Symo 24.0-3 480 (1),24.0,parsed_from_inverter_name,203.86,month,devwork
2022-06-25,d95b5e9d-f2d5-4950-85a9-909e52f727ba,Penner Farms - SE 27-8-13 (site 2),a9f3ac23-6f93-447b-9037-adff01636562,Symo 24.0-3 480 (2),24.0,parsed_from_inverter_name,204.12,month,devwork
2022-06-25,d95b5e9d-f2d5-4950-85a9-909e52f727ba,Penner Farms - SE 27-8-13 (site 2),c3ec3bd8-8836-45bb-97b7-adff01636570,Symo 24.0-3 480 (3),24.0,parsed_from_inverter_name,205.46,month,devwork
2022-06-26,d95b5e9d-f2d5-4950-85a9-909e52f727ba,Penner Farms - SE 27-8-13 (site 2),b8a6c9fe-5838-42e7-9faa-adff01636559,Symo 24.0-3 480 (1),24.0,parsed_from_inverter_name,214.84,month,devwork
2022-06-26,d95b5e9d-f2d5-4950-85a9-909e52f727ba,Penner Farms - SE 27-8-13 (site 2),a9f3ac23-6f93-447b-9037-adff01636562,Symo 24.0-3 480 (2),24.0,parsed_from_inverter_name,215.81,month,devwork
2022-06-26,d95b5e9d-f2d5-4950-85a9-909e52f727ba,Penner Farms - SE 27-8-13 (site 2),c3ec3bd8-8836-45bb-97b7-adff01636570,Symo 24.0-3 480 (3),24.0,parsed_from_inverter_name,218.03,month,devwork
2022-06-27,d95b5e9d-f2d5-4950-85a9-909e52f727ba,Penner Farms - SE 27-8-13 (site 2),b8a6c9fe-5838-42e7-9faa-adff01636559,Symo 24.0-3 480 (1),24.0,parsed_from_inverter_name,212.84,month,devwork
2022-06-27,d95b5e9d-f2d5-4950-85a9-909e52f727ba,Penner Farms - SE 27-8-13 (site 2),a9f3ac23-6f93-447b-9037-adff01636562,Symo 24.0-3 480 (2),24.0,parsed_from_inverter_name,213.92,month,devwork
2022-06-27,d95b5e9d-f2d5-4950-85a9-909e52f727ba,Penner Farms - SE 27-8-13 (site 2),c3ec3bd8-8836-45bb-97b7-adff01636570,Symo 24.0-3 480 (3),24.0,parsed_from_inverter_name,216.41,month,devwork
2022-06-28,d95b5e9d-f2d5-4950-85a9-909e52f727ba,Penner Farms - SE 27-8-13 (site 2),b8a6c9fe-5838-42e7-9faa-adff01636559,Symo 24.0-3 480 (1),24.0,parsed_from_inverter_name,188.89,month,devwork
2022-06-28,d95b5e9d-f2d5-4950-85a9-909e52f727ba,Penner Farms - SE 27-8-13 (site 2),a9f3ac23-6f93-447b-9037-adff01636562,Symo 24.0-3 480 (2),24.0,parsed_from_inverter_name,190.14,month,devwork
2022-06-28,d95b5e9d-f2d5-4950-85a9-909e52f727ba,Penner Farms - SE 27-8-13 (site 2),c3ec3bd8-8836-45bb-97b7-adff01636570,Symo 24.0-3 480 (3),24.0,parsed_from_inverter_name,192.78,month,devwork
2022-06-29,d95b5e9d-f2d5-4950-85a9-909e52f727ba,Penner Farms - SE 27-8-13 (site 2),b8a6c9fe-5838-42e7-9faa-adff01636559,Symo 24.0-3 480 (1),24.0,parsed_from_inverter_name,202.9,month,devwork
2022-06-29,d95b5e9d-f2d5-4950-85a9-909e52f727ba,Penner Farms - SE 27-8-13 (site 2),a9f3ac23-6f93-447b-9037-adff01636562,Symo 24.0-3 480 (2),24.0,parsed_from_inverter_name,203.18,month,devwork
2022-06-29,d95b5e9d-f2d5-4950-85a9-909e52f727ba,Penner Farms - SE 27-8-13 (site 2),c3ec3bd8-8836-45bb-97b7-adff01636570,Symo 24.0-3 480 (3),24.0,parsed_from_inverter_name,205.26,month,devwork
2022-06-30,d95b5e9d-f2d5-4950-85a9-909e52f727ba,Penner Farms - SE 27-8-13 (site 2),b8a6c9fe-5838-42e7-9faa-adff01636559,Symo 24.0-3 480 (1),24.0,parsed_from_inverter_name,191.3,month,devwork
2022-06-30,d95b5e9d-f2d5-4950-85a9-909e52f727ba,Penner Farms - SE 27-8-13 (site 2),a9f3ac23-6f93-447b-9037-adff01636562,Symo 24.0-3 480 (2),24.0,parsed_from_inverter_name,192.22,month,devwork
2022-06-30,d95b5e9d-f2d5-4950-85a9-909e52f727ba,Penner Farms - SE 27-8-13 (site 2),c3ec3bd8-8836-45bb-97b7-adff01636570,Symo 24.0-3 480 (3),24.0,parsed_from_inverter_name,194.23,month,devwork
2022-07-01,d95b5e9d-f2d5-4950-85a9-909e52f727ba,Penner Farms - SE 27-8-13 (site 2),b8a6c9fe-5838-42e7-9faa-adff01636559,Symo 24.0-3 480 (1),24.0,parsed_from_inverter_name,208.61,month,devwork
2022-07-01,d95b5e9d-f2d5-4950-85a9-909e52f727ba,Penner Farms - SE 27-8-13 (site 2),a9f3ac23-6f93-447b-9037-adff01636562,Symo 24.0-3 480 (2),24.0,parsed_from_inverter_name,209.4,month,devwork
2022-07-01,d95b5e9d-f2d5-4950-85a9-909e52f727ba,Penner Farms - SE 27-8-13 (site 2),c3ec3bd8-8836-45bb-97b7-adff01636570,Symo 24.0-3 480 (3),24.0,parsed_from_inverter_name,211.51,month,devwork
2022-07-02,d95b5e9d-f2d5-4950-85a9-909e52f727ba,Penner Farms - SE 27-8-13 (site 2),b8a6c9fe-5838-42e7-9faa-adff01636559,Symo 24.0-3 480 (1),24.0,parsed_from_inverter_name,183.71,month,devwork
2022-07-02,d95b5e9d-f2d5-4950-85a9-909e52f727ba,Penner Farms - SE 27-8-13 (site 2),a9f3ac23-6f93-447b-9037-adff01636562,Symo 24.0-3 480 (2),24.0,parsed_from_inverter_name,184.41,month,devwork
2022-07-02,d95b5e9d-f2d5-4950-85a9-909e52f727ba,Penner Farms - SE 27-8-13 (site 2),c3ec3bd8-8836-45bb-97b7-adff01636570,Symo 24.0-3 480 (3),24.0,parsed_from_inverter_name,185.05,month,devwork
2022-07-03,d95b5e9d-f2d5-4950-85a9-909e52f727ba,Penner Farms - SE 27-8-13 (site 2),b8a6c9fe-5838-42e7-9faa-adff01636559,Symo 24.0-3 480 (1),24.0,parsed_from_inverter_name,44.71,month,devwork
2022-07-03,d95b5e9d-f2d5-4950-85a9-909e52f727ba,Penner Farms - SE 27-8-13 (site 2),a9f3ac23-6f93-447b-9037-adff01636562,Symo 24.0-3 480 (2),24.0,parsed_from_inverter_name,44.88,month,devwork
2022-07-03,d95b5e9d-f2d5-4950-85a9-909e52f727ba,Penner Farms - SE 27-8-13 (site 2),c3ec3bd8-8836-45bb-97b7-adff01636570,Symo 24.0-3 480 (3),24.0,parsed_from_inverter_name,45.47,month,devwork
2022-07-04,d95b5e9d-f2d5-4950-85a9-909e52f727ba,Penner Farms - SE 27-8-13 (site 2),b8a6c9fe-5838-42e7-9faa-adff01636559,Symo 24.0-3 480 (1),24.0,parsed_from_inverter_name,106.74,month,devwork
2022-07-04,d95b5e9d-f2d5-4950-85a9-909e52f727ba,Penner Farms - SE 27-8-13 (site 2),a9f3ac23-6f93-447b-9037-adff01636562,Symo 24.0-3 480 (2),24.0,parsed_from_inverter_name,108.73,month,devwork
2022-07-04,d95b5e9d-f2d5-4950-85a9-909e52f727ba,Penner Farms - SE 27-8-13 (site 2),c3ec3bd8-8836-45bb-97b7-adff01636570,Symo 24.0-3 480 (3),24.0,parsed_from_inverter_name,108.84,month,devwork
2022-07-05,d95b5e9d-f2d5-4950-85a9-909e52f727ba,Penner Farms - SE 27-8-13 (site 2),b8a6c9fe-5838-42e7-9faa-adff01636559,Symo 24.0-3 480 (1),24.0,parsed_from_inverter_name,190.65,month,devwork
2022-07-05,d95b5e9d-f2d5-4950-85a9-909e52f727ba,Penner Farms - SE 27-8-13 (site 2),a9f3ac23-6f93-447b-9037-adff01636562,Symo 24.0-3 480 (2),24.0,parsed_from_inverter_name,190.9,month,devwork
2022-07-05,d95b5e9d-f2d5-4950-85a9-909e52f727ba,Penner Farms - SE 27-8-13 (site 2),c3ec3bd8-8836-45bb-97b7-adff01636570,Symo 24.0-3 480 (3),24.0,parsed_from_inverter_name,192.59,month,devwork
2022-07-06,d95b5e9d-f2d5-4950-85a9-909e52f727ba,Penner Farms - SE 27-8-13 (site 2),b8a6c9fe-5838-42e7-9faa-adff01636559,Symo 24.0-3 480 (1),24.0,parsed_from_inverter_name,194.22,month,devwork
2022-07-06,d95b5e9d-f2d5-4950-85a9-909e52f727ba,Penner Farms - SE 27-8-13 (site 2),a9f3ac23-6f93-447b-9037-adff01636562,Symo 24.0-3 480 (2),24.0,parsed_from_inverter_name,194.56,month,devwork
2022-07-06,d95b5e9d-f2d5-4950-85a9-909e52f727ba,Penner Farms - SE 27-8-13 (site 2),c3ec3bd8-8836-45bb-97b7-adff01636570,Symo 24.0-3 480 (3),24.0,parsed_from_inverter_name,196.42,month,devwork
2022-07-07,d95b5e9d-f2d5-4950-85a9-909e52f727ba,Penner Farms - SE 27-8-13 (site 2),b8a6c9fe-5838-42e7-9faa-adff01636559,Symo 24.0-3 480 (1),24.0,parsed_from_inverter_name,162.36,month,devwork
2022-07-07,d95b5e9d-f2d5-4950-85a9-909e52f727ba,Penner Farms - SE 27-8-13 (site 2),a9f3ac23-6f93-447b-9037-adff01636562,Symo 24.0-3 480 (2),24.0,parsed_from_inverter_name,163.49,month,devwork
2022-07-07,d95b5e9d-f2d5-4950-85a9-909e52f727ba,Penner Farms - SE 27-8-13 (site 2),c3ec3bd8-8836-45bb-97b7-adff01636570,Symo 24.0-3 480 (3),24.0,parsed_from_inverter_name,165.7,month,devwork
2022-07-08,d95b5e9d-f2d5-4950-85a9-909e52f727ba,Penner Farms - SE 27-8-13 (site 2),b8a6c9fe-5838-42e7-9faa-adff01636559,Symo 24.0-3 480 (1),24.0,parsed_from_inverter_name,193.79,month,devwork
2022-07-08,d95b5e9d-f2d5-4950-85a9-909e52f727ba,Penner Farms - SE 27-8-13 (site 2),a9f3ac23-6f93-447b-9037-adff01636562,Symo 24.0-3 480 (2),24.0,parsed_from_inverter_name,193.87,month,devwork
2022-07-08,d95b5e9d-f2d5-4950-85a9-909e52f727ba,Penner Farms - SE 27-8-13 (site 2),c3ec3bd8-8836-45bb-97b7-adff01636570,Symo 24.0-3 480 (3),24.0,parsed_from_inverter_name,195.81,month,devwork
2022-07-09,d95b5e9d-f2d5-4950-85a9-909e52f727ba,Penner Farms - SE 27-8-13 (site 2),b8a6c9fe-5838-42e7-9faa-adff01636559,Symo 24.0-3 480 (1),24.0,parsed_from_inverter_name,199.34,month,devwork
2022-07-09,d95b5e9d-f2d5-4950-85a9-909e52f727ba,Penner Farms - SE 27-8-13 (site 2),a9f3ac23-6f93-447b-9037-adff01636562,Symo 24.0-3 480 (2),24.0,parsed_from_inverter_name,199.46,month,devwork
2022-07-09,d95b5e9d-f2d5-4950-85a9-909e52f727ba,Penner Farms - SE 27-8-13 (site 2),c3ec3bd8-8836-45bb-97b7-adff01636570,Symo 24.0-3 480 (3),24.0,parsed_from_inverter_name,201.35,month,devwork
2022-07-10,d95b5e9d-f2d5-4950-85a9-909e52f727ba,Penner Farms - SE 27-8-13 (site 2),b8a6c9fe-5838-42e7-9faa-adff01636559,Symo 24.0-3 480 (1),24.0,parsed_from_inverter_name,146.63,month,devwork
2022-07-10,d95b5e9d-f2d5-4950-85a9-909e52f727ba,Penner Farms - SE 27-8-13 (site 2),a9f3ac23-6f93-447b-9037-adff01636562,Symo 24.0-3 480 (2),24.0,parsed_from_inverter_name,147.99,month,devwork
2022-07-10,d95b5e9d-f2d5-4950-85a9-909e52f727ba,Penner Farms - SE 27-8-13 (site 2),c3ec3bd8-8836-45bb-97b7-adff01636570,Symo 24.0-3 480 (3),24.0,parsed_from_inverter_name,148.3,month,devwork
2022-07-11,d95b5e9d-f2d5-4950-85a9-909e52f727ba,Penner Farms - SE 27-8-13 (site 2),b8a6c9fe-5838-42e7-9faa-adff01636559,Symo 24.0-3 480 (1),24.0,parsed_from_inverter_name,210.59,month,devwork
2022-07-11,d95b5e9d-f2d5-4950-85a9-909e52f727ba,Penner Farms - SE 27-8-13 (site 2),a9f3ac23-6f93-447b-9037-adff01636562,Symo 24.0-3 480 (2),24.0,parsed_from_inverter_name,210.36,month,devwork
2022-07-11,d95b5e9d-f2d5-4950-85a9-909e52f727ba,Penner Farms - SE 27-8-13 (site 2),c3ec3bd8-8836-45bb-97b7-adff01636570,Symo 24.0-3 480 (3),24.0,parsed_from_inverter_name,209.52,month,devwork
2022-07-12,d95b5e9d-f2d5-4950-85a9-909e52f727ba,Penner Farms - SE 27-8-13 (site 2),b8a6c9fe-5838-42e7-9faa-adff01636559,Symo 24.0-3 480 (1),24.0,parsed_from_inverter_name,204.89,month,devwork
2022-07-12,d95b5e9d-f2d5-4950-85a9-909e52f727ba,Penner Farms - SE 27-8-13 (site 2),a9f3ac23-6f93-447b-9037-adff01636562,Symo 24.0-3 480 (2),24.0,parsed_from_inverter_name,206.0,month,devwork
2022-07-12,d95b5e9d-f2d5-4950-85a9-909e52f727ba,Penner Farms - SE 27-8-13 (site 2),c3ec3bd8-8836-45bb-97b7-adff01636570,Symo 24.0-3 480 (3),24.0,parsed_from_inverter_name,207.6,month,devwork
2022-07-13,d95b5e9d-f2d5-4950-85a9-909e52f727ba,Penner Farms - SE 27-8-13 (site 2),b8a6c9fe-5838-42e7-9faa-adff01636559,Symo 24.0-3 480 (1),24.0,parsed_from_inverter_name,118.69,month,devwork
2022-07-13,d95b5e9d-f2d5-4950-85a9-909e52f727ba,Penner Farms - SE 27-8-13 (site 2),a9f3ac23-6f93-447b-9037-adff01636562,Symo 24.0-3 480 (2),24.0,parsed_from_inverter_name,119.76,month,devwork
2022-07-13,d95b5e9d-f2d5-4950-85a9-909e52f727ba,Penner Farms - SE 27-8-13 (site 2),c3ec3bd8-8836-45bb-97b7-adff01636570,Symo 24.0-3 480 (3),24.0,parsed_from_inverter_name,120.34,month,devwork
2022-07-14,d95b5e9d-f2d5-4950-85a9-909e52f727ba,Penner Farms - SE 27-8-13 (site 2),b8a6c9fe-5838-42e7-9faa-adff01636559,Symo 24.0-3 480 (1),24.0,parsed_from_inverter_name,206.65,month,devwork
2022-07-14,d95b5e9d-f2d5-4950-85a9-909e52f727ba,Penner Farms - SE 27-8-13 (site 2),a9f3ac23-6f93-447b-9037-adff01636562,Symo 24.0-3 480 (2),24.0,parsed_from_inverter_name,207.15,month,devwork
2022-07-14,d95b5e9d-f2d5-4950-85a9-909e52f727ba,Penner Farms - SE 27-8-13 (site 2),c3ec3bd8-8836-45bb-97b7-adff01636570,Symo 24.0-3 480 (3),24.0,parsed_from_inverter_name,208.53,month,devwork
2022-07-15,d95b5e9d-f2d5-4950-85a9-909e52f727ba,Penner Farms - SE 27-8-13 (site 2),b8a6c9fe-5838-42e7-9faa-adff01636559,Symo 24.0-3 480 (1),24.0,parsed_from_inverter_name,142.4,month,devwork
2022-07-15,d95b5e9d-f2d5-4950-85a9-909e52f727ba,Penner Farms - SE 27-8-13 (site 2),a9f3ac23-6f93-447b-9037-adff01636562,Symo 24.0-3 480 (2),24.0,parsed_from_inverter_name,142.5,month,devwork
2022-07-15,d95b5e9d-f2d5-4950-85a9-909e52f727ba,Penner Farms - SE 27-8-13 (site 2),c3ec3bd8-8836-45bb-97b7-adff01636570,Symo 24.0-3 480 (3),24.0,parsed_from_inverter_name,144.08,month,devwork
2022-07-16,d95b5e9d-f2d5-4950-85a9-909e52f727ba,Penner Farms - SE 27-8-13 (site 2),b8a6c9fe-5838-42e7-9faa-adff01636559,Symo 24.0-3 480 (1),24.0,parsed_from_inverter_name,208.66,month,devwork
2022-07-16,d95b5e9d-f2d5-4950-85a9-909e52f727ba,Penner Farms - SE 27-8-13 (site 2),a9f3ac23-6f93-447b-9037-adff01636562,Symo 24.0-3 480 (2),24.0,parsed_from_inverter_name,208.58,month,devwork
2022-07-16,d95b5e9d-f2d5-4950-85a9-909e52f727ba,Penner Farms - SE 27-8-13 (site 2),c3ec3bd8-8836-45bb-97b7-adff01636570,Symo 24.0-3 480 (3),24.0,parsed_from_inverter_name,209.21,month,devwork
2022-07-17,d95b5e9d-f2d5-4950-85a9-909e52f727ba,Penner Farms - SE 27-8-13 (site 2),b8a6c9fe-5838-42e7-9faa-adff01636559,Symo 24.0-3 480 (1),24.0,parsed_from_inverter_name,206.31,month,devwork
2022-07-17,d95b5e9d-f2d5-4950-85a9-909e52f727ba,Penner Farms - SE 27-8-13 (site 2),a9f3ac23-6f93-447b-9037-adff01636562,Symo 24.0-3 480 (2),24.0,parsed_from_inverter_name,206.7,month,devwork
2022-07-17,d95b5e9d-f2d5-4950-85a9-909e52f727ba,Penner Farms - SE 27-8-13 (site 2),c3ec3bd8-8836-45bb-97b7-adff01636570,Symo 24.0-3 480 (3),24.0,parsed_from_inverter_name,207.16,month,devwork
2022-07-18,d95b5e9d-f2d5-4950-85a9-909e52f727ba,Penner Farms - SE 27-8-13 (site 2),b8a6c9fe-5838-42e7-9faa-adff01636559,Symo 24.0-3 480 (1),24.0,parsed_from_inverter_name,81.29,month,devwork
2022-07-18,d95b5e9d-f2d5-4950-85a9-909e52f727ba,Penner Farms - SE 27-8-13 (site 2),a9f3ac23-6f93-447b-9037-adff01636562,Symo 24.0-3 480 (2),24.0,parsed_from_inverter_name,81.58,month,devwork
2022-07-18,d95b5e9d-f2d5-4950-85a9-909e52f727ba,Penner Farms - SE 27-8-13 (site 2),c3ec3bd8-8836-45bb-97b7-adff01636570,Symo 24.0-3 480 (3),24.0,parsed_from_inverter_name,80.47,month,devwork
2022-07-19,d95b5e9d-f2d5-4950-85a9-909e52f727ba,Penner Farms - SE 27-8-13 (site 2),b8a6c9fe-5838-42e7-9faa-adff01636559,Symo 24.0-3 480 (1),24.0,parsed_from_inverter_name,208.35,month,devwork
2022-07-19,d95b5e9d-f2d5-4950-85a9-909e52f727ba,Penner Farms - SE 27-8-13 (site 2),a9f3ac23-6f93-447b-9037-adff01636562,Symo 24.0-3 480 (2),24.0,parsed_from_inverter_name,208.56,month,devwork
2022-07-19,d95b5e9d-f2d5-4950-85a9-909e52f727ba,Penner Farms - SE 27-8-13 (site 2),c3ec3bd8-8836-45bb-97b7-adff01636570,Symo 24.0-3 480 (3),24.0,parsed_from_inverter_name,204.34,month,devwork
2022-07-20,d95b5e9d-f2d5-4950-85a9-909e52f727ba,Penner Farms - SE 27-8-13 (site 2),b8a6c9fe-5838-42e7-9faa-adff01636559,Symo 24.0-3 480 (1),24.0,parsed_from_inverter_name,204.54,month,devwork
2022-07-20,d95b5e9d-f2d5-4950-85a9-909e52f727ba,Penner Farms - SE 27-8-13 (site 2),a9f3ac23-6f93-447b-9037-adff01636562,Symo 24.0-3 480 (2),24.0,parsed_from_inverter_name,206.29,month,devwork
2022-07-20,d95b5e9d-f2d5-4950-85a9-909e52f727ba,Penner Farms - SE 27-8-13 (site 2),c3ec3bd8-8836-45bb-97b7-adff01636570,Symo 24.0-3 480 (3),24.0,parsed_from_inverter_name,207.35,month,devwork
2022-07-21,d95b5e9d-f2d5-4950-85a9-909e52f727ba,Penner Farms - SE 27-8-13 (site 2),b8a6c9fe-5838-42e7-9faa-adff01636559,Symo 24.0-3 480 (1),24.0,parsed_from_inverter_name,207.16,month,devwork
2022-07-21,d95b5e9d-f2d5-4950-85a9-909e52f727ba,Penner Farms - SE 27-8-13 (site 2),a9f3ac23-6f93-447b-9037-adff01636562,Symo 24.0-3 480 (2),24.0,parsed_from_inverter_name,209.01,month,devwork
2022-07-21,d95b5e9d-f2d5-4950-85a9-909e52f727ba,Penner Farms - SE 27-8-13 (site 2),c3ec3bd8-8836-45bb-97b7-adff01636570,Symo 24.0-3 480 (3),24.0,parsed_from_inverter_name,209.97,month,devwork
2022-07-22,d95b5e9d-f2d5-4950-85a9-909e52f727ba,Penner Farms - SE 27-8-13 (site 2),b8a6c9fe-5838-42e7-9faa-adff01636559,Symo 24.0-3 480 (1),24.0,parsed_from_inverter_name,145.39,month,devwork
2022-07-22,d95b5e9d-f2d5-4950-85a9-909e52f727ba,Penner Farms - SE 27-8-13 (site 2),a9f3ac23-6f93-447b-9037-adff01636562,Symo 24.0-3 480 (2),24.0,parsed_from_inverter_name,148.19,month,devwork
2022-07-22,d95b5e9d-f2d5-4950-85a9-909e52f727ba,Penner Farms - SE 27-8-13 (site 2),c3ec3bd8-8836-45bb-97b7-adff01636570,Symo 24.0-3 480 (3),24.0,parsed_from_inverter_name,149.75,month,devwork
2022-07-23,d95b5e9d-f2d5-4950-85a9-909e52f727ba,Penner Farms - SE 27-8-13 (site 2),b8a6c9fe-5838-42e7-9faa-adff01636559,Symo 24.0-3 480 (1),24.0,parsed_from_inverter_name,200.99,month,devwork
2022-07-23,d95b5e9d-f2d5-4950-85a9-909e52f727ba,Penner Farms - SE 27-8-13 (site 2),a9f3ac23-6f93-447b-9037-adff01636562,Symo 24.0-3 480 (2),24.0,parsed_from_inverter_name,206.09,month,devwork
2022-07-23,d95b5e9d-f2d5-4950-85a9-909e52f727ba,Penner Farms - SE 27-8-13 (site 2),c3ec3bd8-8836-45bb-97b7-adff01636570,Symo 24.0-3 480 (3),24.0,parsed_from_inverter_name,207.17,month,devwork
2022-07-24,d95b5e9d-f2d5-4950-85a9-909e52f727ba,Penner Farms - SE 27-8-13 (site 2),b8a6c9fe-5838-42e7-9faa-adff01636559,Symo 24.0-3 480 (1),24.0,parsed_from_inverter_name,205.02,month,devwork
2022-07-24,d95b5e9d-f2d5-4950-85a9-909e52f727ba,Penner Farms - SE 27-8-13 (site 2),a9f3ac23-6f93-447b-9037-adff01636562,Symo 24.0-3 480 (2),24.0,parsed_from_inverter_name,207.69,month,devwork
2022-07-24,d95b5e9d-f2d5-4950-85a9-909e52f727ba,Penner Farms - SE 27-8-13 (site 2),c3ec3bd8-8836-45bb-97b7-adff01636570,Symo 24.0-3 480 (3),24.0,parsed_from_inverter_name,175.84,month,devwork
2022-07-25,d95b5e9d-f2d5-4950-85a9-909e52f727ba,Penner Farms - SE 27-8-13 (site 2),b8a6c9fe-5838-42e7-9faa-adff01636559,Symo 24.0-3 480 (1),24.0,parsed_from_inverter_name,142.45,month,devwork
2022-07-25,d95b5e9d-f2d5-4950-85a9-909e52f727ba,Penner Farms - SE 27-8-13 (site 2),a9f3ac23-6f93-447b-9037-adff01636562,Symo 24.0-3 480 (2),24.0,parsed_from_inverter_name,144.98,month,devwork
2022-07-25,d95b5e9d-f2d5-4950-85a9-909e52f727ba,Penner Farms - SE 27-8-13 (site 2),c3ec3bd8-8836-45bb-97b7-adff01636570,Symo 24.0-3 480 (3),24.0,parsed_from_inverter_name,145.81,month,devwork
2022-07-26,d95b5e9d-f2d5-4950-85a9-909e52f727ba,Penner Farms - SE 27-8-13 (site 2),b8a6c9fe-5838-42e7-9faa-adff01636559,Symo 24.0-3 480 (1),24.0,parsed_from_inverter_name,173.61,month,devwork
2022-07-26,d95b5e9d-f2d5-4950-85a9-909e52f727ba,Penner Farms - SE 27-8-13 (site 2),a9f3ac23-6f93-447b-9037-adff01636562,Symo 24.0-3 480 (2),24.0,parsed_from_inverter_name,175.8,month,devwork
2022-07-26,d95b5e9d-f2d5-4950-85a9-909e52f727ba,Penner Farms - SE 27-8-13 (site 2),c3ec3bd8-8836-45bb-97b7-adff01636570,Symo 24.0-3 480 (3),24.0,parsed_from_inverter_name,175.87,month,devwork
2022-07-27,d95b5e9d-f2d5-4950-85a9-909e52f727ba,Penner Farms - SE 27-8-13 (site 2),b8a6c9fe-5838-42e7-9faa-adff01636559,Symo 24.0-3 480 (1),24.0,parsed_from_inverter_name,170.15,month,devwork
2022-07-27,d95b5e9d-f2d5-4950-85a9-909e52f727ba,Penner Farms - SE 27-8-13 (site 2),a9f3ac23-6f93-447b-9037-adff01636562,Symo 24.0-3 480 (2),24.0,parsed_from_inverter_name,172.55,month,devwork
2022-07-27,d95b5e9d-f2d5-4950-85a9-909e52f727ba,Penner Farms - SE 27-8-13 (site 2),c3ec3bd8-8836-45bb-97b7-adff01636570,Symo 24.0-3 480 (3),24.0,parsed_from_inverter_name,173.27,month,devwork
2022-07-28,d95b5e9d-f2d5-4950-85a9-909e52f727ba,Penner Farms - SE 27-8-13 (site 2),b8a6c9fe-5838-42e7-9faa-adff01636559,Symo 24.0-3 480 (1),24.0,parsed_from_inverter_name,201.48,month,devwork
2022-07-28,d95b5e9d-f2d5-4950-85a9-909e52f727ba,Penner Farms - SE 27-8-13 (site 2),a9f3ac23-6f93-447b-9037-adff01636562,Symo 24.0-3 480 (2),24.0,parsed_from_inverter_name,203.7,month,devwork
2022-07-28,d95b5e9d-f2d5-4950-85a9-909e52f727ba,Penner Farms - SE 27-8-13 (site 2),c3ec3bd8-8836-45bb-97b7-adff01636570,Symo 24.0-3 480 (3),24.0,parsed_from_inverter_name,205.08,month,devwork
2022-07-29,d95b5e9d-f2d5-4950-85a9-909e52f727ba,Penner Farms - SE 27-8-13 (site 2),b8a6c9fe-5838-42e7-9faa-adff01636559,Symo 24.0-3 480 (1),24.0,parsed_from_inverter_name,177.7,month,devwork
2022-07-29,d95b5e9d-f2d5-4950-85a9-909e52f727ba,Penner Farms - SE 27-8-13 (site 2),a9f3ac23-6f93-447b-9037-adff01636562,Symo 24.0-3 480 (2),24.0,parsed_from_inverter_name,180.07,month,devwork
2022-07-29,d95b5e9d-f2d5-4950-85a9-909e52f727ba,Penner Farms - SE 27-8-13 (site 2),c3ec3bd8-8836-45bb-97b7-adff01636570,Symo 24.0-3 480 (3),24.0,parsed_from_inverter_name,181.02,month,devwork
2022-07-30,d95b5e9d-f2d5-4950-85a9-909e52f727ba,Penner Farms - SE 27-8-13 (site 2),b8a6c9fe-5838-42e7-9faa-adff01636559,Symo 24.0-3 480 (1),24.0,parsed_from_inverter_name,198.71,month,devwork
2022-07-30,d95b5e9d-f2d5-4950-85a9-909e52f727ba,Penner Farms - SE 27-8-13 (site 2),a9f3ac23-6f93-447b-9037-adff01636562,Symo 24.0-3 480 (2),24.0,parsed_from_inverter_name,203.27,month,devwork
2022-07-30,d95b5e9d-f2d5-4950-85a9-909e52f727ba,Penner Farms - SE 27-8-13 (site 2),c3ec3bd8-8836-45bb-97b7-adff01636570,Symo 24.0-3 480 (3),24.0,parsed_from_inverter_name,204.31,month,devwork
2022-07-31,d95b5e9d-f2d5-4950-85a9-909e52f727ba,Penner Farms - SE 27-8-13 (site 2),b8a6c9fe-5838-42e7-9faa-adff01636559,Symo 24.0-3 480 (1),24.0,parsed_from_inverter_name,198.16,month,devwork
2022-07-31,d95b5e9d-f2d5-4950-85a9-909e52f727ba,Penner Farms - SE 27-8-13 (site 2),a9f3ac23-6f93-447b-9037-adff01636562,Symo 24.0-3 480 (2),24.0,parsed_from_inverter_name,200.25,month,devwork
2022-07-31,d95b5e9d-f2d5-4950-85a9-909e52f727ba,Penner Farms - SE 27-8-13 (site 2),c3ec3bd8-8836-45bb-97b7-adff01636570,Symo 24.0-3 480 (3),24.0,parsed_from_inverter_name,201.01,month,devwork
2022-08-01,d95b5e9d-f2d5-4950-85a9-909e52f727ba,Penner Farms - SE 27-8-13 (site 2),b8a6c9fe-5838-42e7-9faa-adff01636559,Symo 24.0-3 480 (1),24.0,parsed_from_inverter_name,188.05,month,devwork
2022-08-01,d95b5e9d-f2d5-4950-85a9-909e52f727ba,Penner Farms - SE 27-8-13 (site 2),a9f3ac23-6f93-447b-9037-adff01636562,Symo 24.0-3 480 (2),24.0,parsed_from_inverter_name,189.66,month,devwork
2022-08-01,d95b5e9d-f2d5-4950-85a9-909e52f727ba,Penner Farms - SE 27-8-13 (site 2),c3ec3bd8-8836-45bb-97b7-adff01636570,Symo 24.0-3 480 (3),24.0,parsed_from_inverter_name,190.35,month,devwork
2022-08-02,d95b5e9d-f2d5-4950-85a9-909e52f727ba,Penner Farms - SE 27-8-13 (site 2),b8a6c9fe-5838-42e7-9faa-adff01636559,Symo 24.0-3 480 (1),24.0,parsed_from_inverter_name,196.71,month,devwork
2022-08-02,d95b5e9d-f2d5-4950-85a9-909e52f727ba,Penner Farms - SE 27-8-13 (site 2),a9f3ac23-6f93-447b-9037-adff01636562,Symo 24.0-3 480 (2),24.0,parsed_from_inverter_name,198.47,month,devwork
2022-08-02,d95b5e9d-f2d5-4950-85a9-909e52f727ba,Penner Farms - SE 27-8-13 (site 2),c3ec3bd8-8836-45bb-97b7-adff01636570,Symo 24.0-3 480 (3),24.0,parsed_from_inverter_name,199.24,month,devwork
2022-08-03,d95b5e9d-f2d5-4950-85a9-909e52f727ba,Penner Farms - SE 27-8-13 (site 2),b8a6c9fe-5838-42e7-9faa-adff01636559,Symo 24.0-3 480 (1),24.0,parsed_from_inverter_name,187.08,month,devwork
2022-08-03,d95b5e9d-f2d5-4950-85a9-909e52f727ba,Penner Farms - SE 27-8-13 (site 2),a9f3ac23-6f93-447b-9037-adff01636562,Symo 24.0-3 480 (2),24.0,parsed_from_inverter_name,188.16,month,devwork
2022-08-03,d95b5e9d-f2d5-4950-85a9-909e52f727ba,Penner Farms - SE 27-8-13 (site 2),c3ec3bd8-8836-45bb-97b7-adff01636570,Symo 24.0-3 480 (3),24.0,parsed_from_inverter_name,188.69,month,devwork
2022-08-04,d95b5e9d-f2d5-4950-85a9-909e52f727ba,Penner Farms - SE 27-8-13 (site 2),b8a6c9fe-5838-42e7-9faa-adff01636559,Symo 24.0-3 480 (1),24.0,parsed_from_inverter_name,189.49,month,devwork
2022-08-04,d95b5e9d-f2d5-4950-85a9-909e52f727ba,Penner Farms - SE 27-8-13 (site 2),a9f3ac23-6f93-447b-9037-adff01636562,Symo 24.0-3 480 (2),24.0,parsed_from_inverter_name,190.54,month,devwork
2022-08-04,d95b5e9d-f2d5-4950-85a9-909e52f727ba,Penner Farms - SE 27-8-13 (site 2),c3ec3bd8-8836-45bb-97b7-adff01636570,Symo 24.0-3 480 (3),24.0,parsed_from_inverter_name,191.26,month,devwork
2022-08-05,d95b5e9d-f2d5-4950-85a9-909e52f727ba,Penner Farms - SE 27-8-13 (site 2),b8a6c9fe-5838-42e7-9faa-adff01636559,Symo 24.0-3 480 (1),24.0,parsed_from_inverter_name,195.91,month,devwork
2022-08-05,d95b5e9d-f2d5-4950-85a9-909e52f727ba,Penner Farms - SE 27-8-13 (site 2),a9f3ac23-6f93-447b-9037-adff01636562,Symo 24.0-3 480 (2),24.0,parsed_from_inverter_name,197.45,month,devwork
2022-08-05,d95b5e9d-f2d5-4950-85a9-909e52f727ba,Penner Farms - SE 27-8-13 (site 2),c3ec3bd8-8836-45bb-97b7-adff01636570,Symo 24.0-3 480 (3),24.0,parsed_from_inverter_name,195.77,month,devwork
2022-08-06,d95b5e9d-f2d5-4950-85a9-909e52f727ba,Penner Farms - SE 27-8-13 (site 2),b8a6c9fe-5838-42e7-9faa-adff01636559,Symo 24.0-3 480 (1),24.0,parsed_from_inverter_name,206.23,month,devwork
2022-08-06,d95b5e9d-f2d5-4950-85a9-909e52f727ba,Penner Farms - SE 27-8-13 (site 2),a9f3ac23-6f93-447b-9037-adff01636562,Symo 24.0-3 480 (2),24.0,parsed_from_inverter_name,208.29,month,devwork
2022-08-06,d95b5e9d-f2d5-4950-85a9-909e52f727ba,Penner Farms - SE 27-8-13 (site 2),c3ec3bd8-8836-45bb-97b7-adff01636570,Symo 24.0-3 480 (3),24.0,parsed_from_inverter_name,208.74,month,devwork
2022-08-07,d95b5e9d-f2d5-4950-85a9-909e52f727ba,Penner Farms - SE 27-8-13 (site 2),b8a6c9fe-5838-42e7-9faa-adff01636559,Symo 24.0-3 480 (1),24.0,parsed_from_inverter_name,204.18,month,devwork
2022-08-07,d95b5e9d-f2d5-4950-85a9-909e52f727ba,Penner Farms - SE 27-8-13 (site 2),a9f3ac23-6f93-447b-9037-adff01636562,Symo 24.0-3 480 (2),24.0,parsed_from_inverter_name,205.04,month,devwork
2022-08-07,d95b5e9d-f2d5-4950-85a9-909e52f727ba,Penner Farms - SE 27-8-13 (site 2),c3ec3bd8-8836-45bb-97b7-adff01636570,Symo 24.0-3 480 (3),24.0,parsed_from_inverter_name,205.22,month,devwork
2022-08-08,d95b5e9d-f2d5-4950-85a9-909e52f727ba,Penner Farms - SE 27-8-13 (site 2),b8a6c9fe-5838-42e7-9faa-adff01636559,Symo 24.0-3 480 (1),24.0,parsed_from_inverter_name,202.16,month,devwork
2022-08-08,d95b5e9d-f2d5-4950-85a9-909e52f727ba,Penner Farms - SE 27-8-13 (site 2),a9f3ac23-6f93-447b-9037-adff01636562,Symo 24.0-3 480 (2),24.0,parsed_from_inverter_name,202.99,month,devwork
2022-08-08,d95b5e9d-f2d5-4950-85a9-909e52f727ba,Penner Farms - SE 27-8-13 (site 2),c3ec3bd8-8836-45bb-97b7-adff01636570,Symo 24.0-3 480 (3),24.0,parsed_from_inverter_name,203.18,month,devwork
2022-08-09,d95b5e9d-f2d5-4950-85a9-909e52f727ba,Penner Farms - SE 27-8-13 (site 2),b8a6c9fe-5838-42e7-9faa-adff01636559,Symo 24.0-3 480 (1),24.0,parsed_from_inverter_name,201.08,month,devwork
2022-08-09,d95b5e9d-f2d5-4950-85a9-909e52f727ba,Penner Farms - SE 27-8-13 (site 2),a9f3ac23-6f93-447b-9037-adff01636562,Symo 24.0-3 480 (2),24.0,parsed_from_inverter_name,202.62,month,devwork
2022-08-09,d95b5e9d-f2d5-4950-85a9-909e52f727ba,Penner Farms - SE 27-8-13 (site 2),c3ec3bd8-8836-45bb-97b7-adff01636570,Symo 24.0-3 480 (3),24.0,parsed_from_inverter_name,202.77,month,devwork
2022-08-10,d95b5e9d-f2d5-4950-85a9-909e52f727ba,Penner Farms - SE 27-8-13 (site 2),b8a6c9fe-5838-42e7-9faa-adff01636559,Symo 24.0-3 480 (1),24.0,parsed_from_inverter_name,133.92,month,devwork
2022-08-10,d95b5e9d-f2d5-4950-85a9-909e52f727ba,Penner Farms - SE 27-8-13 (site 2),a9f3ac23-6f93-447b-9037-adff01636562,Symo 24.0-3 480 (2),24.0,parsed_from_inverter_name,135.14,month,devwork
2022-08-10,d95b5e9d-f2d5-4950-85a9-909e52f727ba,Penner Farms - SE 27-8-13 (site 2),c3ec3bd8-8836-45bb-97b7-adff01636570,Symo 24.0-3 480 (3),24.0,parsed_from_inverter_name,135.26,month,devwork
2022-08-12,d95b5e9d-f2d5-4950-85a9-909e52f727ba,Penner Farms - SE 27-8-13 (site 2),b8a6c9fe-5838-42e7-9faa-adff01636559,Symo 24.0-3 480 (1),24.0,parsed_from_inverter_name,155.78,month,devwork
2022-08-12,d95b5e9d-f2d5-4950-85a9-909e52f727ba,Penner Farms - SE 27-8-13 (site 2),a9f3ac23-6f93-447b-9037-adff01636562,Symo 24.0-3 480 (2),24.0,parsed_from_inverter_name,156.52,month,devwork
2022-08-12,d95b5e9d-f2d5-4950-85a9-909e52f727ba,Penner Farms - SE 27-8-13 (site 2),c3ec3bd8-8836-45bb-97b7-adff01636570,Symo 24.0-3 480 (3),24.0,parsed_from_inverter_name,156.66,month,devwork
2022-08-13,d95b5e9d-f2d5-4950-85a9-909e52f727ba,Penner Farms - SE 27-8-13 (site 2),b8a6c9fe-5838-42e7-9faa-adff01636559,Symo 24.0-3 480 (1),24.0,parsed_from_inverter_name,171.08,month,devwork
2022-08-13,d95b5e9d-f2d5-4950-85a9-909e52f727ba,Penner Farms - SE 27-8-13 (site 2),a9f3ac23-6f93-447b-9037-adff01636562,Symo 24.0-3 480 (2),24.0,parsed_from_inverter_name,172.21,month,devwork
2022-08-13,d95b5e9d-f2d5-4950-85a9-909e52f727ba,Penner Farms - SE 27-8-13 (site 2),c3ec3bd8-8836-45bb-97b7-adff01636570,Symo 24.0-3 480 (3),24.0,parsed_from_inverter_name,172.05,month,devwork
2022-08-14,d95b5e9d-f2d5-4950-85a9-909e52f727ba,Penner Farms - SE 27-8-13 (site 2),b8a6c9fe-5838-42e7-9faa-adff01636559,Symo 24.0-3 480 (1),24.0,parsed_from_inverter_name,200.85,month,devwork
2022-08-14,d95b5e9d-f2d5-4950-85a9-909e52f727ba,Penner Farms - SE 27-8-13 (site 2),a9f3ac23-6f93-447b-9037-adff01636562,Symo 24.0-3 480 (2),24.0,parsed_from_inverter_name,201.58,month,devwork
2022-08-14,d95b5e9d-f2d5-4950-85a9-909e52f727ba,Penner Farms - SE 27-8-13 (site 2),c3ec3bd8-8836-45bb-97b7-adff01636570,Symo 24.0-3 480 (3),24.0,parsed_from_inverter_name,201.86,month,devwork
2022-08-15,d95b5e9d-f2d5-4950-85a9-909e52f727ba,Penner Farms - SE 27-8-13 (site 2),b8a6c9fe-5838-42e7-9faa-adff01636559,Symo 24.0-3 480 (1),24.0,parsed_from_inverter_name,195.81,month,devwork
2022-08-15,d95b5e9d-f2d5-4950-85a9-909e52f727ba,Penner Farms - SE 27-8-13 (site 2),a9f3ac23-6f93-447b-9037-adff01636562,Symo 24.0-3 480 (2),24.0,parsed_from_inverter_name,196.52,month,devwork
2022-08-15,d95b5e9d-f2d5-4950-85a9-909e52f727ba,Penner Farms - SE 27-8-13 (site 2),c3ec3bd8-8836-45bb-97b7-adff01636570,Symo 24.0-3 480 (3),24.0,parsed_from_inverter_name,196.69,month,devwork
2022-08-16,d95b5e9d-f2d5-4950-85a9-909e52f727ba,Penner Farms - SE 27-8-13 (site 2),b8a6c9fe-5838-42e7-9faa-adff01636559,Symo 24.0-3 480 (1),24.0,parsed_from_inverter_name,194.97,month,devwork
2022-08-16,d95b5e9d-f2d5-4950-85a9-909e52f727ba,Penner Farms - SE 27-8-13 (site 2),a9f3ac23-6f93-447b-9037-adff01636562,Symo 24.0-3 480 (2),24.0,parsed_from_inverter_name,195.68,month,devwork
2022-08-16,d95b5e9d-f2d5-4950-85a9-909e52f727ba,Penner Farms - SE 27-8-13 (site 2),c3ec3bd8-8836-45bb-97b7-adff01636570,Symo 24.0-3 480 (3),24.0,parsed_from_inverter_name,196.02,month,devwork
2022-08-17,d95b5e9d-f2d5-4950-85a9-909e52f727ba,Penner Farms - SE 27-8-13 (site 2),b8a6c9fe-5838-42e7-9faa-adff01636559,Symo 24.0-3 480 (1),24.0,parsed_from_inverter_name,196.45,month,devwork
2022-08-17,d95b5e9d-f2d5-4950-85a9-909e52f727ba,Penner Farms - SE 27-8-13 (site 2),a9f3ac23-6f93-447b-9037-adff01636562,Symo 24.0-3 480 (2),24.0,parsed_from_inverter_name,197.2,month,devwork
2022-08-17,d95b5e9d-f2d5-4950-85a9-909e52f727ba,Penner Farms - SE 27-8-13 (site 2),c3ec3bd8-8836-45bb-97b7-adff01636570,Symo 24.0-3 480 (3),24.0,parsed_from_inverter_name,197.46,month,devwork
2022-08-18,d95b5e9d-f2d5-4950-85a9-909e52f727ba,Penner Farms - SE 27-8-13 (site 2),b8a6c9fe-5838-42e7-9faa-adff01636559,Symo 24.0-3 480 (1),24.0,parsed_from_inverter_name,193.11,month,devwork
2022-08-18,d95b5e9d-f2d5-4950-85a9-909e52f727ba,Penner Farms - SE 27-8-13 (site 2),a9f3ac23-6f93-447b-9037-adff01636562,Symo 24.0-3 480 (2),24.0,parsed_from_inverter_name,193.69,month,devwork
2022-08-18,d95b5e9d-f2d5-4950-85a9-909e52f727ba,Penner Farms - SE 27-8-13 (site 2),c3ec3bd8-8836-45bb-97b7-adff01636570,Symo 24.0-3 480 (3),24.0,parsed_from_inverter_name,193.83,month,devwork
2022-08-19,d95b5e9d-f2d5-4950-85a9-909e52f727ba,Penner Farms - SE 27-8-13 (site 2),b8a6c9fe-5838-42e7-9faa-adff01636559,Symo 24.0-3 480 (1),24.0,parsed_from_inverter_name,184.06,month,devwork
2022-08-19,d95b5e9d-f2d5-4950-85a9-909e52f727ba,Penner Farms - SE 27-8-13 (site 2),a9f3ac23-6f93-447b-9037-adff01636562,Symo 24.0-3 480 (2),24.0,parsed_from_inverter_name,185.26,month,devwork
2022-08-19,d95b5e9d-f2d5-4950-85a9-909e52f727ba,Penner Farms - SE 27-8-13 (site 2),c3ec3bd8-8836-45bb-97b7-adff01636570,Symo 24.0-3 480 (3),24.0,parsed_from_inverter_name,185.46,month,devwork
2022-08-20,d95b5e9d-f2d5-4950-85a9-909e52f727ba,Penner Farms - SE 27-8-13 (site 2),b8a6c9fe-5838-42e7-9faa-adff01636559,Symo 24.0-3 480 (1),24.0,parsed_from_inverter_name,183.46,month,devwork
2022-08-20,d95b5e9d-f2d5-4950-85a9-909e52f727ba,Penner Farms - SE 27-8-13 (site 2),a9f3ac23-6f93-447b-9037-adff01636562,Symo 24.0-3 480 (2),24.0,parsed_from_inverter_name,185.02,month,devwork
2022-08-20,d95b5e9d-f2d5-4950-85a9-909e52f727ba,Penner Farms - SE 27-8-13 (site 2),c3ec3bd8-8836-45bb-97b7-adff01636570,Symo 24.0-3 480 (3),24.0,parsed_from_inverter_name,184.47,month,devwork
2022-08-21,d95b5e9d-f2d5-4950-85a9-909e52f727ba,Penner Farms - SE 27-8-13 (site 2),b8a6c9fe-5838-42e7-9faa-adff01636559,Symo 24.0-3 480 (1),24.0,parsed_from_inverter_name,155.6,month,devwork
2022-08-21,d95b5e9d-f2d5-4950-85a9-909e52f727ba,Penner Farms - SE 27-8-13 (site 2),a9f3ac23-6f93-447b-9037-adff01636562,Symo 24.0-3 480 (2),24.0,parsed_from_inverter_name,156.29,month,devwork
2022-08-21,d95b5e9d-f2d5-4950-85a9-909e52f727ba,Penner Farms - SE 27-8-13 (site 2),c3ec3bd8-8836-45bb-97b7-adff01636570,Symo 24.0-3 480 (3),24.0,parsed_from_inverter_name,155.8,month,devwork
2022-08-22,d95b5e9d-f2d5-4950-85a9-909e52f727ba,Penner Farms - SE 27-8-13 (site 2),b8a6c9fe-5838-42e7-9faa-adff01636559,Symo 24.0-3 480 (1),24.0,parsed_from_inverter_name,183.3,month,devwork
2022-08-22,d95b5e9d-f2d5-4950-85a9-909e52f727ba,Penner Farms - SE 27-8-13 (site 2),a9f3ac23-6f93-447b-9037-adff01636562,Symo 24.0-3 480 (2),24.0,parsed_from_inverter_name,184.38,month,devwork
2022-08-22,d95b5e9d-f2d5-4950-85a9-909e52f727ba,Penner Farms - SE 27-8-13 (site 2),c3ec3bd8-8836-45bb-97b7-adff01636570,Symo 24.0-3 480 (3),24.0,parsed_from_inverter_name,184.17,month,devwork
2022-08-23,d95b5e9d-f2d5-4950-85a9-909e52f727ba,Penner Farms - SE 27-8-13 (site 2),b8a6c9fe-5838-42e7-9faa-adff01636559,Symo 24.0-3 480 (1),24.0,parsed_from_inverter_name,141.88,month,devwork
2022-08-23,d95b5e9d-f2d5-4950-85a9-909e52f727ba,Penner Farms - SE 27-8-13 (site 2),a9f3ac23-6f93-447b-9037-adff01636562,Symo 24.0-3 480 (2),24.0,parsed_from_inverter_name,143.61,month,devwork
2022-08-23,d95b5e9d-f2d5-4950-85a9-909e52f727ba,Penner Farms - SE 27-8-13 (site 2),c3ec3bd8-8836-45bb-97b7-adff01636570,Symo 24.0-3 480 (3),24.0,parsed_from_inverter_name,143.47,month,devwork
2022-08-24,d95b5e9d-f2d5-4950-85a9-909e52f727ba,Penner Farms - SE 27-8-13 (site 2),b8a6c9fe-5838-42e7-9faa-adff01636559,Symo 24.0-3 480 (1),24.0,parsed_from_inverter_name,172.11,month,devwork
2022-08-24,d95b5e9d-f2d5-4950-85a9-909e52f727ba,Penner Farms - SE 27-8-13 (site 2),a9f3ac23-6f93-447b-9037-adff01636562,Symo 24.0-3 480 (2),24.0,parsed_from_inverter_name,173.5,month,devwork
2022-08-24,d95b5e9d-f2d5-4950-85a9-909e52f727ba,Penner Farms - SE 27-8-13 (site 2),c3ec3bd8-8836-45bb-97b7-adff01636570,Symo 24.0-3 480 (3),24.0,parsed_from_inverter_name,173.58,month,devwork
2022-08-25,d95b5e9d-f2d5-4950-85a9-909e52f727ba,Penner Farms - SE 27-8-13 (site 2),b8a6c9fe-5838-42e7-9faa-adff01636559,Symo 24.0-3 480 (1),24.0,parsed_from_inverter_name,111.12,month,devwork
2022-08-25,d95b5e9d-f2d5-4950-85a9-909e52f727ba,Penner Farms - SE 27-8-13 (site 2),a9f3ac23-6f93-447b-9037-adff01636562,Symo 24.0-3 480 (2),24.0,parsed_from_inverter_name,112.82,month,devwork
2022-08-25,d95b5e9d-f2d5-4950-85a9-909e52f727ba,Penner Farms - SE 27-8-13 (site 2),c3ec3bd8-8836-45bb-97b7-adff01636570,Symo 24.0-3 480 (3),24.0,parsed_from_inverter_name,113.86,month,devwork
2022-08-26,d95b5e9d-f2d5-4950-85a9-909e52f727ba,Penner Farms - SE 27-8-13 (site 2),b8a6c9fe-5838-42e7-9faa-adff01636559,Symo 24.0-3 480 (1),24.0,parsed_from_inverter_name,167.56,month,devwork
2022-08-26,d95b5e9d-f2d5-4950-85a9-909e52f727ba,Penner Farms - SE 27-8-13 (site 2),a9f3ac23-6f93-447b-9037-adff01636562,Symo 24.0-3 480 (2),24.0,parsed_from_inverter_name,168.04,month,devwork
2022-08-26,d95b5e9d-f2d5-4950-85a9-909e52f727ba,Penner Farms - SE 27-8-13 (site 2),c3ec3bd8-8836-45bb-97b7-adff01636570,Symo 24.0-3 480 (3),24.0,parsed_from_inverter_name,131.41,month,devwork
2022-08-27,d95b5e9d-f2d5-4950-85a9-909e52f727ba,Penner Farms - SE 27-8-13 (site 2),b8a6c9fe-5838-42e7-9faa-adff01636559,Symo 24.0-3 480 (1),24.0,parsed_from_inverter_name,134.02,month,devwork
2022-08-27,d95b5e9d-f2d5-4950-85a9-909e52f727ba,Penner Farms - SE 27-8-13 (site 2),a9f3ac23-6f93-447b-9037-adff01636562,Symo 24.0-3 480 (2),24.0,parsed_from_inverter_name,134.61,month,devwork
2022-08-27,d95b5e9d-f2d5-4950-85a9-909e52f727ba,Penner Farms - SE 27-8-13 (site 2),c3ec3bd8-8836-45bb-97b7-adff01636570,Symo 24.0-3 480 (3),24.0,parsed_from_inverter_name,135.04,month,devwork
2022-08-28,d95b5e9d-f2d5-4950-85a9-909e52f727ba,Penner Farms - SE 27-8-13 (site 2),b8a6c9fe-5838-42e7-9faa-adff01636559,Symo 24.0-3 480 (1),24.0,parsed_from_inverter_name,175.68,month,devwork
2022-08-28,d95b5e9d-f2d5-4950-85a9-909e52f727ba,Penner Farms - SE 27-8-13 (site 2),a9f3ac23-6f93-447b-9037-adff01636562,Symo 24.0-3 480 (2),24.0,parsed_from_inverter_name,176.2,month,devwork
2022-08-28,d95b5e9d-f2d5-4950-85a9-909e52f727ba,Penner Farms - SE 27-8-13 (site 2),c3ec3bd8-8836-45bb-97b7-adff01636570,Symo 24.0-3 480 (3),24.0,parsed_from_inverter_name,175.66,month,devwork
2022-08-29,d95b5e9d-f2d5-4950-85a9-909e52f727ba,Penner Farms - SE 27-8-13 (site 2),b8a6c9fe-5838-42e7-9faa-adff01636559,Symo 24.0-3 480 (1),24.0,parsed_from_inverter_name,180.51,month,devwork
2022-08-29,d95b5e9d-f2d5-4950-85a9-909e52f727ba,Penner Farms - SE 27-8-13 (site 2),a9f3ac23-6f93-447b-9037-adff01636562,Symo 24.0-3 480 (2),24.0,parsed_from_inverter_name,180.95,month,devwork
2022-08-29,d95b5e9d-f2d5-4950-85a9-909e52f727ba,Penner Farms - SE 27-8-13 (site 2),c3ec3bd8-8836-45bb-97b7-adff01636570,Symo 24.0-3 480 (3),24.0,parsed_from_inverter_name,180.81,month,devwork
2022-08-30,d95b5e9d-f2d5-4950-85a9-909e52f727ba,Penner Farms - SE 27-8-13 (site 2),b8a6c9fe-5838-42e7-9faa-adff01636559,Symo 24.0-3 480 (1),24.0,parsed_from_inverter_name,189.79,month,devwork
2022-08-30,d95b5e9d-f2d5-4950-85a9-909e52f727ba,Penner Farms - SE 27-8-13 (site 2),a9f3ac23-6f93-447b-9037-adff01636562,Symo 24.0-3 480 (2),24.0,parsed_from_inverter_name,190.34,month,devwork
2022-08-30,d95b5e9d-f2d5-4950-85a9-909e52f727ba,Penner Farms - SE 27-8-13 (site 2),c3ec3bd8-8836-45bb-97b7-adff01636570,Symo 24.0-3 480 (3),24.0,parsed_from_inverter_name,190.23,month,devwork
2022-08-31,d95b5e9d-f2d5-4950-85a9-909e52f727ba,Penner Farms - SE 27-8-13 (site 2),b8a6c9fe-5838-42e7-9faa-adff01636559,Symo 24.0-3 480 (1),24.0,parsed_from_inverter_name,174.16,month,devwork
2022-08-31,d95b5e9d-f2d5-4950-85a9-909e52f727ba,Penner Farms - SE 27-8-13 (site 2),a9f3ac23-6f93-447b-9037-adff01636562,Symo 24.0-3 480 (2),24.0,parsed_from_inverter_name,188.43,month,devwork
2022-08-31,d95b5e9d-f2d5-4950-85a9-909e52f727ba,Penner Farms - SE 27-8-13 (site 2),c3ec3bd8-8836-45bb-97b7-adff01636570,Symo 24.0-3 480 (3),24.0,parsed_from_inverter_name,188.05,month,devwork
2022-09-01,d95b5e9d-f2d5-4950-85a9-909e52f727ba,Penner Farms - SE 27-8-13 (site 2),b8a6c9fe-5838-42e7-9faa-adff01636559,Symo 24.0-3 480 (1),24.0,parsed_from_inverter_name,177.54,month,devwork
2022-09-01,d95b5e9d-f2d5-4950-85a9-909e52f727ba,Penner Farms - SE 27-8-13 (site 2),a9f3ac23-6f93-447b-9037-adff01636562,Symo 24.0-3 480 (2),24.0,parsed_from_inverter_name,179.74,month,devwork
2022-09-01,d95b5e9d-f2d5-4950-85a9-909e52f727ba,Penner Farms - SE 27-8-13 (site 2),c3ec3bd8-8836-45bb-97b7-adff01636570,Symo 24.0-3 480 (3),24.0,parsed_from_inverter_name,179.8,month,devwork
2022-09-02,d95b5e9d-f2d5-4950-85a9-909e52f727ba,Penner Farms - SE 27-8-13 (site 2),b8a6c9fe-5838-42e7-9faa-adff01636559,Symo 24.0-3 480 (1),24.0,parsed_from_inverter_name,188.74,month,devwork
2022-09-02,d95b5e9d-f2d5-4950-85a9-909e52f727ba,Penner Farms - SE 27-8-13 (site 2),a9f3ac23-6f93-447b-9037-adff01636562,Symo 24.0-3 480 (2),24.0,parsed_from_inverter_name,191.78,month,devwork
2022-09-02,d95b5e9d-f2d5-4950-85a9-909e52f727ba,Penner Farms - SE 27-8-13 (site 2),c3ec3bd8-8836-45bb-97b7-adff01636570,Symo 24.0-3 480 (3),24.0,parsed_from_inverter_name,187.57,month,devwork
2022-09-03,d95b5e9d-f2d5-4950-85a9-909e52f727ba,Penner Farms - SE 27-8-13 (site 2),b8a6c9fe-5838-42e7-9faa-adff01636559,Symo 24.0-3 480 (1),24.0,parsed_from_inverter_name,148.7,month,devwork
2022-09-03,d95b5e9d-f2d5-4950-85a9-909e52f727ba,Penner Farms - SE 27-8-13 (site 2),a9f3ac23-6f93-447b-9037-adff01636562,Symo 24.0-3 480 (2),24.0,parsed_from_inverter_name,152.25,month,devwork
2022-09-03,d95b5e9d-f2d5-4950-85a9-909e52f727ba,Penner Farms - SE 27-8-13 (site 2),c3ec3bd8-8836-45bb-97b7-adff01636570,Symo 24.0-3 480 (3),24.0,parsed_from_inverter_name,152.19,month,devwork
2022-09-04,d95b5e9d-f2d5-4950-85a9-909e52f727ba,Penner Farms - SE 27-8-13 (site 2),b8a6c9fe-5838-42e7-9faa-adff01636559,Symo 24.0-3 480 (1),24.0,parsed_from_inverter_name,155.52,month,devwork
2022-09-04,d95b5e9d-f2d5-4950-85a9-909e52f727ba,Penner Farms - SE 27-8-13 (site 2),a9f3ac23-6f93-447b-9037-adff01636562,Symo 24.0-3 480 (2),24.0,parsed_from_inverter_name,158.02,month,devwork
2022-09-04,d95b5e9d-f2d5-4950-85a9-909e52f727ba,Penner Farms - SE 27-8-13 (site 2),c3ec3bd8-8836-45bb-97b7-adff01636570,Symo 24.0-3 480 (3),24.0,parsed_from_inverter_name,157.38,month,devwork
2022-09-05,d95b5e9d-f2d5-4950-85a9-909e52f727ba,Penner Farms - SE 27-8-13 (site 2),b8a6c9fe-5838-42e7-9faa-adff01636559,Symo 24.0-3 480 (1),24.0,parsed_from_inverter_name,186.84,month,devwork
2022-09-05,d95b5e9d-f2d5-4950-85a9-909e52f727ba,Penner Farms - SE 27-8-13 (site 2),a9f3ac23-6f93-447b-9037-adff01636562,Symo 24.0-3 480 (2),24.0,parsed_from_inverter_name,188.46,month,devwork
2022-09-05,d95b5e9d-f2d5-4950-85a9-909e52f727ba,Penner Farms - SE 27-8-13 (site 2),c3ec3bd8-8836-45bb-97b7-adff01636570,Symo 24.0-3 480 (3),24.0,parsed_from_inverter_name,188.21,month,devwork
2022-09-06,d95b5e9d-f2d5-4950-85a9-909e52f727ba,Penner Farms - SE 27-8-13 (site 2),b8a6c9fe-5838-42e7-9faa-adff01636559,Symo 24.0-3 480 (1),24.0,parsed_from_inverter_name,183.04,month,devwork
2022-09-06,d95b5e9d-f2d5-4950-85a9-909e52f727ba,Penner Farms - SE 27-8-13 (site 2),a9f3ac23-6f93-447b-9037-adff01636562,Symo 24.0-3 480 (2),24.0,parsed_from_inverter_name,186.07,month,devwork
2022-09-06,d95b5e9d-f2d5-4950-85a9-909e52f727ba,Penner Farms - SE 27-8-13 (site 2),c3ec3bd8-8836-45bb-97b7-adff01636570,Symo 24.0-3 480 (3),24.0,parsed_from_inverter_name,186.05,month,devwork
2022-09-07,d95b5e9d-f2d5-4950-85a9-909e52f727ba,Penner Farms - SE 27-8-13 (site 2),b8a6c9fe-5838-42e7-9faa-adff01636559,Symo 24.0-3 480 (1),24.0,parsed_from_inverter_name,169.34,month,devwork
2022-09-07,d95b5e9d-f2d5-4950-85a9-909e52f727ba,Penner Farms - SE 27-8-13 (site 2),a9f3ac23-6f93-447b-9037-adff01636562,Symo 24.0-3 480 (2),24.0,parsed_from_inverter_name,171.52,month,devwork
2022-09-07,d95b5e9d-f2d5-4950-85a9-909e52f727ba,Penner Farms - SE 27-8-13 (site 2),c3ec3bd8-8836-45bb-97b7-adff01636570,Symo 24.0-3 480 (3),24.0,parsed_from_inverter_name,171.6,month,devwork
2022-09-08,d95b5e9d-f2d5-4950-85a9-909e52f727ba,Penner Farms - SE 27-8-13 (site 2),b8a6c9fe-5838-42e7-9faa-adff01636559,Symo 24.0-3 480 (1),24.0,parsed_from_inverter_name,77.42,month,devwork
2022-09-08,d95b5e9d-f2d5-4950-85a9-909e52f727ba,Penner Farms - SE 27-8-13 (site 2),a9f3ac23-6f93-447b-9037-adff01636562,Symo 24.0-3 480 (2),24.0,parsed_from_inverter_name,78.03,month,devwork
2022-09-08,d95b5e9d-f2d5-4950-85a9-909e52f727ba,Penner Farms - SE 27-8-13 (site 2),c3ec3bd8-8836-45bb-97b7-adff01636570,Symo 24.0-3 480 (3),24.0,parsed_from_inverter_name,77.63,month,devwork
2022-09-09,d95b5e9d-f2d5-4950-85a9-909e52f727ba,Penner Farms - SE 27-8-13 (site 2),b8a6c9fe-5838-42e7-9faa-adff01636559,Symo 24.0-3 480 (1),24.0,parsed_from_inverter_name,166.53,month,devwork
2022-09-09,d95b5e9d-f2d5-4950-85a9-909e52f727ba,Penner Farms - SE 27-8-13 (site 2),a9f3ac23-6f93-447b-9037-adff01636562,Symo 24.0-3 480 (2),24.0,parsed_from_inverter_name,167.14,month,devwork
2022-09-09,d95b5e9d-f2d5-4950-85a9-909e52f727ba,Penner Farms - SE 27-8-13 (site 2),c3ec3bd8-8836-45bb-97b7-adff01636570,Symo 24.0-3 480 (3),24.0,parsed_from_inverter_name,166.2,month,devwork
2022-09-10,d95b5e9d-f2d5-4950-85a9-909e52f727ba,Penner Farms - SE 27-8-13 (site 2),b8a6c9fe-5838-42e7-9faa-adff01636559,Symo 24.0-3 480 (1),24.0,parsed_from_inverter_name,195.15,month,devwork
2022-09-10,d95b5e9d-f2d5-4950-85a9-909e52f727ba,Penner Farms - SE 27-8-13 (site 2),a9f3ac23-6f93-447b-9037-adff01636562,Symo 24.0-3 480 (2),24.0,parsed_from_inverter_name,195.64,month,devwork
2022-09-10,d95b5e9d-f2d5-4950-85a9-909e52f727ba,Penner Farms - SE 27-8-13 (site 2),c3ec3bd8-8836-45bb-97b7-adff01636570,Symo 24.0-3 480 (3),24.0,parsed_from_inverter_name,194.54,month,devwork
2022-09-11,d95b5e9d-f2d5-4950-85a9-909e52f727ba,Penner Farms - SE 27-8-13 (site 2),b8a6c9fe-5838-42e7-9faa-adff01636559,Symo 24.0-3 480 (1),24.0,parsed_from_inverter_name,171.0,month,devwork
2022-09-11,d95b5e9d-f2d5-4950-85a9-909e52f727ba,Penner Farms - SE 27-8-13 (site 2),a9f3ac23-6f93-447b-9037-adff01636562,Symo 24.0-3 480 (2),24.0,parsed_from_inverter_name,171.52,month,devwork
2022-09-11,d95b5e9d-f2d5-4950-85a9-909e52f727ba,Penner Farms - SE 27-8-13 (site 2),c3ec3bd8-8836-45bb-97b7-adff01636570,Symo 24.0-3 480 (3),24.0,parsed_from_inverter_name,171.65,month,devwork
2022-09-12,d95b5e9d-f2d5-4950-85a9-909e52f727ba,Penner Farms - SE 27-8-13 (site 2),b8a6c9fe-5838-42e7-9faa-adff01636559,Symo 24.0-3 480 (1),24.0,parsed_from_inverter_name,92.68,month,devwork
2022-09-12,d95b5e9d-f2d5-4950-85a9-909e52f727ba,Penner Farms - SE 27-8-13 (site 2),a9f3ac23-6f93-447b-9037-adff01636562,Symo 24.0-3 480 (2),24.0,parsed_from_inverter_name,93.4,month,devwork
2022-09-12,d95b5e9d-f2d5-4950-85a9-909e52f727ba,Penner Farms - SE 27-8-13 (site 2),c3ec3bd8-8836-45bb-97b7-adff01636570,Symo 24.0-3 480 (3),24.0,parsed_from_inverter_name,93.84,month,devwork
2022-09-13,d95b5e9d-f2d5-4950-85a9-909e52f727ba,Penner Farms - SE 27-8-13 (site 2),b8a6c9fe-5838-42e7-9faa-adff01636559,Symo 24.0-3 480 (1),24.0,parsed_from_inverter_name,50.49,month,devwork
2022-09-13,d95b5e9d-f2d5-4950-85a9-909e52f727ba,Penner Farms - SE 27-8-13 (site 2),a9f3ac23-6f93-447b-9037-adff01636562,Symo 24.0-3 480 (2),24.0,parsed_from_inverter_name,50.87,month,devwork
2022-09-13,d95b5e9d-f2d5-4950-85a9-909e52f727ba,Penner Farms - SE 27-8-13 (site 2),c3ec3bd8-8836-45bb-97b7-adff01636570,Symo 24.0-3 480 (3),24.0,parsed_from_inverter_name,51.43,month,devwork
2022-09-14,d95b5e9d-f2d5-4950-85a9-909e52f727ba,Penner Farms - SE 27-8-13 (site 2),b8a6c9fe-5838-42e7-9faa-adff01636559,Symo 24.0-3 480 (1),24.0,parsed_from_inverter_name,159.61,month,devwork
2022-09-14,d95b5e9d-f2d5-4950-85a9-909e52f727ba,Penner Farms - SE 27-8-13 (site 2),a9f3ac23-6f93-447b-9037-adff01636562,Symo 24.0-3 480 (2),24.0,parsed_from_inverter_name,160.0,month,devwork
2022-09-14,d95b5e9d-f2d5-4950-85a9-909e52f727ba,Penner Farms - SE 27-8-13 (site 2),c3ec3bd8-8836-45bb-97b7-adff01636570,Symo 24.0-3 480 (3),24.0,parsed_from_inverter_name,159.32,month,devwork
2022-09-15,d95b5e9d-f2d5-4950-85a9-909e52f727ba,Penner Farms - SE 27-8-13 (site 2),b8a6c9fe-5838-42e7-9faa-adff01636559,Symo 24.0-3 480 (1),24.0,parsed_from_inverter_name,152.56,month,devwork
2022-09-15,d95b5e9d-f2d5-4950-85a9-909e52f727ba,Penner Farms - SE 27-8-13 (site 2),a9f3ac23-6f93-447b-9037-adff01636562,Symo 24.0-3 480 (2),24.0,parsed_from_inverter_name,154.28,month,devwork
2022-09-15,d95b5e9d-f2d5-4950-85a9-909e52f727ba,Penner Farms - SE 27-8-13 (site 2),c3ec3bd8-8836-45bb-97b7-adff01636570,Symo 24.0-3 480 (3),24.0,parsed_from_inverter_name,153.81,month,devwork
2022-09-16,d95b5e9d-f2d5-4950-85a9-909e52f727ba,Penner Farms - SE 27-8-13 (site 2),b8a6c9fe-5838-42e7-9faa-adff01636559,Symo 24.0-3 480 (1),24.0,parsed_from_inverter_name,69.65,month,devwork
2022-09-16,d95b5e9d-f2d5-4950-85a9-909e52f727ba,Penner Farms - SE 27-8-13 (site 2),a9f3ac23-6f93-447b-9037-adff01636562,Symo 24.0-3 480 (2),24.0,parsed_from_inverter_name,70.26,month,devwork
2022-09-16,d95b5e9d-f2d5-4950-85a9-909e52f727ba,Penner Farms - SE 27-8-13 (site 2),c3ec3bd8-8836-45bb-97b7-adff01636570,Symo 24.0-3 480 (3),24.0,parsed_from_inverter_name,70.25,month,devwork
2022-09-17,d95b5e9d-f2d5-4950-85a9-909e52f727ba,Penner Farms - SE 27-8-13 (site 2),b8a6c9fe-5838-42e7-9faa-adff01636559,Symo 24.0-3 480 (1),24.0,parsed_from_inverter_name,173.77,month,devwork
2022-09-17,d95b5e9d-f2d5-4950-85a9-909e52f727ba,Penner Farms - SE 27-8-13 (site 2),a9f3ac23-6f93-447b-9037-adff01636562,Symo 24.0-3 480 (2),24.0,parsed_from_inverter_name,174.54,month,devwork
2022-09-17,d95b5e9d-f2d5-4950-85a9-909e52f727ba,Penner Farms - SE 27-8-13 (site 2),c3ec3bd8-8836-45bb-97b7-adff01636570,Symo 24.0-3 480 (3),24.0,parsed_from_inverter_name,173.73,month,devwork
2022-09-18,d95b5e9d-f2d5-4950-85a9-909e52f727ba,Penner Farms - SE 27-8-13 (site 2),b8a6c9fe-5838-42e7-9faa-adff01636559,Symo 24.0-3 480 (1),24.0,parsed_from_inverter_name,142.75,month,devwork
2022-09-18,d95b5e9d-f2d5-4950-85a9-909e52f727ba,Penner Farms - SE 27-8-13 (site 2),a9f3ac23-6f93-447b-9037-adff01636562,Symo 24.0-3 480 (2),24.0,parsed_from_inverter_name,143.3,month,devwork
2022-09-18,d95b5e9d-f2d5-4950-85a9-909e52f727ba,Penner Farms - SE 27-8-13 (site 2),c3ec3bd8-8836-45bb-97b7-adff01636570,Symo 24.0-3 480 (3),24.0,parsed_from_inverter_name,142.87,month,devwork
2022-09-19,d95b5e9d-f2d5-4950-85a9-909e52f727ba,Penner Farms - SE 27-8-13 (site 2),b8a6c9fe-5838-42e7-9faa-adff01636559,Symo 24.0-3 480 (1),24.0,parsed_from_inverter_name,124.74,month,devwork
2022-09-19,d95b5e9d-f2d5-4950-85a9-909e52f727ba,Penner Farms - SE 27-8-13 (site 2),a9f3ac23-6f93-447b-9037-adff01636562,Symo 24.0-3 480 (2),24.0,parsed_from_inverter_name,124.71,month,devwork
2022-09-19,d95b5e9d-f2d5-4950-85a9-909e52f727ba,Penner Farms - SE 27-8-13 (site 2),c3ec3bd8-8836-45bb-97b7-adff01636570,Symo 24.0-3 480 (3),24.0,parsed_from_inverter_name,124.54,month,devwork
2022-09-20,d95b5e9d-f2d5-4950-85a9-909e52f727ba,Penner Farms - SE 27-8-13 (site 2),b8a6c9fe-5838-42e7-9faa-adff01636559,Symo 24.0-3 480 (1),24.0,parsed_from_inverter_name,150.19,month,devwork
2022-09-20,d95b5e9d-f2d5-4950-85a9-909e52f727ba,Penner Farms - SE 27-8-13 (site 2),a9f3ac23-6f93-447b-9037-adff01636562,Symo 24.0-3 480 (2),24.0,parsed_from_inverter_name,150.24,month,devwork
2022-09-20,d95b5e9d-f2d5-4950-85a9-909e52f727ba,Penner Farms - SE 27-8-13 (site 2),c3ec3bd8-8836-45bb-97b7-adff01636570,Symo 24.0-3 480 (3),24.0,parsed_from_inverter_name,149.31,month,devwork
2022-09-21,d95b5e9d-f2d5-4950-85a9-909e52f727ba,Penner Farms - SE 27-8-13 (site 2),b8a6c9fe-5838-42e7-9faa-adff01636559,Symo 24.0-3 480 (1),24.0,parsed_from_inverter_name,184.83,month,devwork
2022-09-21,d95b5e9d-f2d5-4950-85a9-909e52f727ba,Penner Farms - SE 27-8-13 (site 2),a9f3ac23-6f93-447b-9037-adff01636562,Symo 24.0-3 480 (2),24.0,parsed_from_inverter_name,185.67,month,devwork
2022-09-21,d95b5e9d-f2d5-4950-85a9-909e52f727ba,Penner Farms - SE 27-8-13 (site 2),c3ec3bd8-8836-45bb-97b7-adff01636570,Symo 24.0-3 480 (3),24.0,parsed_from_inverter_name,184.84,month,devwork
2022-09-22,d95b5e9d-f2d5-4950-85a9-909e52f727ba,Penner Farms - SE 27-8-13 (site 2),b8a6c9fe-5838-42e7-9faa-adff01636559,Symo 24.0-3 480 (1),24.0,parsed_from_inverter_name,36.35,month,devwork
2022-09-22,d95b5e9d-f2d5-4950-85a9-909e52f727ba,Penner Farms - SE 27-8-13 (site 2),a9f3ac23-6f93-447b-9037-adff01636562,Symo 24.0-3 480 (2),24.0,parsed_from_inverter_name,36.42,month,devwork
2022-09-22,d95b5e9d-f2d5-4950-85a9-909e52f727ba,Penner Farms - SE 27-8-13 (site 2),c3ec3bd8-8836-45bb-97b7-adff01636570,Symo 24.0-3 480 (3),24.0,parsed_from_inverter_name,36.67,month,devwork
2022-09-23,d95b5e9d-f2d5-4950-85a9-909e52f727ba,Penner Farms - SE 27-8-13 (site 2),b8a6c9fe-5838-42e7-9faa-adff01636559,Symo 24.0-3 480 (1),24.0,parsed_from_inverter_name,145.21,month,devwork
2022-09-23,d95b5e9d-f2d5-4950-85a9-909e52f727ba,Penner Farms - SE 27-8-13 (site 2),a9f3ac23-6f93-447b-9037-adff01636562,Symo 24.0-3 480 (2),24.0,parsed_from_inverter_name,144.55,month,devwork
2022-09-23,d95b5e9d-f2d5-4950-85a9-909e52f727ba,Penner Farms - SE 27-8-13 (site 2),c3ec3bd8-8836-45bb-97b7-adff01636570,Symo 24.0-3 480 (3),24.0,parsed_from_inverter_name,143.94,month,devwork
2022-09-24,d95b5e9d-f2d5-4950-85a9-909e52f727ba,Penner Farms - SE 27-8-13 (site 2),b8a6c9fe-5838-42e7-9faa-adff01636559,Symo 24.0-3 480 (1),24.0,parsed_from_inverter_name,175.11,month,devwork
2022-09-24,d95b5e9d-f2d5-4950-85a9-909e52f727ba,Penner Farms - SE 27-8-13 (site 2),a9f3ac23-6f93-447b-9037-adff01636562,Symo 24.0-3 480 (2),24.0,parsed_from_inverter_name,174.15,month,devwork
2022-09-24,d95b5e9d-f2d5-4950-85a9-909e52f727ba,Penner Farms - SE 27-8-13 (site 2),c3ec3bd8-8836-45bb-97b7-adff01636570,Symo 24.0-3 480 (3),24.0,parsed_from_inverter_name,172.78,month,devwork
2022-09-25,d95b5e9d-f2d5-4950-85a9-909e52f727ba,Penner Farms - SE 27-8-13 (site 2),b8a6c9fe-5838-42e7-9faa-adff01636559,Symo 24.0-3 480 (1),24.0,parsed_from_inverter_name,169.13,month,devwork
2022-09-25,d95b5e9d-f2d5-4950-85a9-909e52f727ba,Penner Farms - SE 27-8-13 (site 2),a9f3ac23-6f93-447b-9037-adff01636562,Symo 24.0-3 480 (2),24.0,parsed_from_inverter_name,168.67,month,devwork
2022-09-25,d95b5e9d-f2d5-4950-85a9-909e52f727ba,Penner Farms - SE 27-8-13 (site 2),c3ec3bd8-8836-45bb-97b7-adff01636570,Symo 24.0-3 480 (3),24.0,parsed_from_inverter_name,167.29,month,devwork
2022-09-26,d95b5e9d-f2d5-4950-85a9-909e52f727ba,Penner Farms - SE 27-8-13 (site 2),b8a6c9fe-5838-42e7-9faa-adff01636559,Symo 24.0-3 480 (1),24.0,parsed_from_inverter_name,167.05,month,devwork
2022-09-26,d95b5e9d-f2d5-4950-85a9-909e52f727ba,Penner Farms - SE 27-8-13 (site 2),a9f3ac23-6f93-447b-9037-adff01636562,Symo 24.0-3 480 (2),24.0,parsed_from_inverter_name,167.4,month,devwork
2022-09-26,d95b5e9d-f2d5-4950-85a9-909e52f727ba,Penner Farms - SE 27-8-13 (site 2),c3ec3bd8-8836-45bb-97b7-adff01636570,Symo 24.0-3 480 (3),24.0,parsed_from_inverter_name,166.29,month,devwork
2022-09-27,d95b5e9d-f2d5-4950-85a9-909e52f727ba,Penner Farms - SE 27-8-13 (site 2),b8a6c9fe-5838-42e7-9faa-adff01636559,Symo 24.0-3 480 (1),24.0,parsed_from_inverter_name,168.2,month,devwork
2022-09-27,d95b5e9d-f2d5-4950-85a9-909e52f727ba,Penner Farms - SE 27-8-13 (site 2),a9f3ac23-6f93-447b-9037-adff01636562,Symo 24.0-3 480 (2),24.0,parsed_from_inverter_name,167.78,month,devwork
2022-09-27,d95b5e9d-f2d5-4950-85a9-909e52f727ba,Penner Farms - SE 27-8-13 (site 2),c3ec3bd8-8836-45bb-97b7-adff01636570,Symo 24.0-3 480 (3),24.0,parsed_from_inverter_name,166.19,month,devwork
2022-09-28,d95b5e9d-f2d5-4950-85a9-909e52f727ba,Penner Farms - SE 27-8-13 (site 2),b8a6c9fe-5838-42e7-9faa-adff01636559,Symo 24.0-3 480 (1),24.0,parsed_from_inverter_name,148.01,month,devwork
2022-09-28,d95b5e9d-f2d5-4950-85a9-909e52f727ba,Penner Farms - SE 27-8-13 (site 2),a9f3ac23-6f93-447b-9037-adff01636562,Symo 24.0-3 480 (2),24.0,parsed_from_inverter_name,147.95,month,devwork
2022-09-28,d95b5e9d-f2d5-4950-85a9-909e52f727ba,Penner Farms - SE 27-8-13 (site 2),c3ec3bd8-8836-45bb-97b7-adff01636570,Symo 24.0-3 480 (3),24.0,parsed_from_inverter_name,146.74,month,devwork
2022-09-29,d95b5e9d-f2d5-4950-85a9-909e52f727ba,Penner Farms - SE 27-8-13 (site 2),b8a6c9fe-5838-42e7-9faa-adff01636559,Symo 24.0-3 480 (1),24.0,parsed_from_inverter_name,103.28,month,devwork
2022-09-29,d95b5e9d-f2d5-4950-85a9-909e52f727ba,Penner Farms - SE 27-8-13 (site 2),a9f3ac23-6f93-447b-9037-adff01636562,Symo 24.0-3 480 (2),24.0,parsed_from_inverter_name,103.14,month,devwork
2022-09-29,d95b5e9d-f2d5-4950-85a9-909e52f727ba,Penner Farms - SE 27-8-13 (site 2),c3ec3bd8-8836-45bb-97b7-adff01636570,Symo 24.0-3 480 (3),24.0,parsed_from_inverter_name,102.56,month,devwork
2022-09-30,d95b5e9d-f2d5-4950-85a9-909e52f727ba,Penner Farms - SE 27-8-13 (site 2),b8a6c9fe-5838-42e7-9faa-adff01636559,Symo 24.0-3 480 (1),24.0,parsed_from_inverter_name,96.18,month,devwork
2022-09-30,d95b5e9d-f2d5-4950-85a9-909e52f727ba,Penner Farms - SE 27-8-13 (site 2),a9f3ac23-6f93-447b-9037-adff01636562,Symo 24.0-3 480 (2),24.0,parsed_from_inverter_name,96.54,month,devwork
2022-09-30,d95b5e9d-f2d5-4950-85a9-909e52f727ba,Penner Farms - SE 27-8-13 (site 2),c3ec3bd8-8836-45bb-97b7-adff01636570,Symo 24.0-3 480 (3),24.0,parsed_from_inverter_name,95.6,month,devwork
2022-10-01,d95b5e9d-f2d5-4950-85a9-909e52f727ba,Penner Farms - SE 27-8-13 (site 2),b8a6c9fe-5838-42e7-9faa-adff01636559,Symo 24.0-3 480 (1),24.0,parsed_from_inverter_name,168.47,month,devwork
2022-10-01,d95b5e9d-f2d5-4950-85a9-909e52f727ba,Penner Farms - SE 27-8-13 (site 2),a9f3ac23-6f93-447b-9037-adff01636562,Symo 24.0-3 480 (2),24.0,parsed_from_inverter_name,169.46,month,devwork
2022-10-01,d95b5e9d-f2d5-4950-85a9-909e52f727ba,Penner Farms - SE 27-8-13 (site 2),c3ec3bd8-8836-45bb-97b7-adff01636570,Symo 24.0-3 480 (3),24.0,parsed_from_inverter_name,168.26,month,devwork
2022-10-02,d95b5e9d-f2d5-4950-85a9-909e52f727ba,Penner Farms - SE 27-8-13 (site 2),b8a6c9fe-5838-42e7-9faa-adff01636559,Symo 24.0-3 480 (1),24.0,parsed_from_inverter_name,85.9,month,devwork
2022-10-02,d95b5e9d-f2d5-4950-85a9-909e52f727ba,Penner Farms - SE 27-8-13 (site 2),a9f3ac23-6f93-447b-9037-adff01636562,Symo 24.0-3 480 (2),24.0,parsed_from_inverter_name,86.55,month,devwork
2022-10-02,d95b5e9d-f2d5-4950-85a9-909e52f727ba,Penner Farms - SE 27-8-13 (site 2),c3ec3bd8-8836-45bb-97b7-adff01636570,Symo 24.0-3 480 (3),24.0,parsed_from_inverter_name,86.5,month,devwork
2022-10-03,d95b5e9d-f2d5-4950-85a9-909e52f727ba,Penner Farms - SE 27-8-13 (site 2),b8a6c9fe-5838-42e7-9faa-adff01636559,Symo 24.0-3 480 (1),24.0,parsed_from_inverter_name,160.22,month,devwork
2022-10-03,d95b5e9d-f2d5-4950-85a9-909e52f727ba,Penner Farms - SE 27-8-13 (site 2),a9f3ac23-6f93-447b-9037-adff01636562,Symo 24.0-3 480 (2),24.0,parsed_from_inverter_name,160.69,month,devwork
2022-10-03,d95b5e9d-f2d5-4950-85a9-909e52f727ba,Penner Farms - SE 27-8-13 (site 2),c3ec3bd8-8836-45bb-97b7-adff01636570,Symo 24.0-3 480 (3),24.0,parsed_from_inverter_name,159.07,month,devwork
2022-10-04,d95b5e9d-f2d5-4950-85a9-909e52f727ba,Penner Farms - SE 27-8-13 (site 2),b8a6c9fe-5838-42e7-9faa-adff01636559,Symo 24.0-3 480 (1),24.0,parsed_from_inverter_name,166.6,month,devwork
2022-10-04,d95b5e9d-f2d5-4950-85a9-909e52f727ba,Penner Farms - SE 27-8-13 (site 2),a9f3ac23-6f93-447b-9037-adff01636562,Symo 24.0-3 480 (2),24.0,parsed_from_inverter_name,166.58,month,devwork
2022-10-04,d95b5e9d-f2d5-4950-85a9-909e52f727ba,Penner Farms - SE 27-8-13 (site 2),c3ec3bd8-8836-45bb-97b7-adff01636570,Symo 24.0-3 480 (3),24.0,parsed_from_inverter_name,164.83,month,devwork
2022-10-05,d95b5e9d-f2d5-4950-85a9-909e52f727ba,Penner Farms - SE 27-8-13 (site 2),b8a6c9fe-5838-42e7-9faa-adff01636559,Symo 24.0-3 480 (1),24.0,parsed_from_inverter_name,153.79,month,devwork
2022-10-05,d95b5e9d-f2d5-4950-85a9-909e52f727ba,Penner Farms - SE 27-8-13 (site 2),a9f3ac23-6f93-447b-9037-adff01636562,Symo 24.0-3 480 (2),24.0,parsed_from_inverter_name,154.39,month,devwork
2022-10-05,d95b5e9d-f2d5-4950-85a9-909e52f727ba,Penner Farms - SE 27-8-13 (site 2),c3ec3bd8-8836-45bb-97b7-adff01636570,Symo 24.0-3 480 (3),24.0,parsed_from_inverter_name,153.14,month,devwork
2022-10-06,d95b5e9d-f2d5-4950-85a9-909e52f727ba,Penner Farms - SE 27-8-13 (site 2),b8a6c9fe-5838-42e7-9faa-adff01636559,Symo 24.0-3 480 (1),24.0,parsed_from_inverter_name,148.33,month,devwork
2022-10-06,d95b5e9d-f2d5-4950-85a9-909e52f727ba,Penner Farms - SE 27-8-13 (site 2),a9f3ac23-6f93-447b-9037-adff01636562,Symo 24.0-3 480 (2),24.0,parsed_from_inverter_name,149.73,month,devwork
2022-10-06,d95b5e9d-f2d5-4950-85a9-909e52f727ba,Penner Farms - SE 27-8-13 (site 2),c3ec3bd8-8836-45bb-97b7-adff01636570,Symo 24.0-3 480 (3),24.0,parsed_from_inverter_name,148.42,month,devwork
2022-10-07,d95b5e9d-f2d5-4950-85a9-909e52f727ba,Penner Farms - SE 27-8-13 (site 2),b8a6c9fe-5838-42e7-9faa-adff01636559,Symo 24.0-3 480 (1),24.0,parsed_from_inverter_name,164.44,month,devwork
2022-10-07,d95b5e9d-f2d5-4950-85a9-909e52f727ba,Penner Farms - SE 27-8-13 (site 2),a9f3ac23-6f93-447b-9037-adff01636562,Symo 24.0-3 480 (2),24.0,parsed_from_inverter_name,165.23,month,devwork
2022-10-07,d95b5e9d-f2d5-4950-85a9-909e52f727ba,Penner Farms - SE 27-8-13 (site 2),c3ec3bd8-8836-45bb-97b7-adff01636570,Symo 24.0-3 480 (3),24.0,parsed_from_inverter_name,163.41,month,devwork
2022-10-08,d95b5e9d-f2d5-4950-85a9-909e52f727ba,Penner Farms - SE 27-8-13 (site 2),b8a6c9fe-5838-42e7-9faa-adff01636559,Symo 24.0-3 480 (1),24.0,parsed_from_inverter_name,165.98,month,devwork
2022-10-08,d95b5e9d-f2d5-4950-85a9-909e52f727ba,Penner Farms - SE 27-8-13 (site 2),a9f3ac23-6f93-447b-9037-adff01636562,Symo 24.0-3 480 (2),24.0,parsed_from_inverter_name,166.5,month,devwork
2022-10-08,d95b5e9d-f2d5-4950-85a9-909e52f727ba,Penner Farms - SE 27-8-13 (site 2),c3ec3bd8-8836-45bb-97b7-adff01636570,Symo 24.0-3 480 (3),24.0,parsed_from_inverter_name,164.58,month,devwork
2022-10-09,d95b5e9d-f2d5-4950-85a9-909e52f727ba,Penner Farms - SE 27-8-13 (site 2),b8a6c9fe-5838-42e7-9faa-adff01636559,Symo 24.0-3 480 (1),24.0,parsed_from_inverter_name,151.3,month,devwork
2022-10-09,d95b5e9d-f2d5-4950-85a9-909e52f727ba,Penner Farms - SE 27-8-13 (site 2),a9f3ac23-6f93-447b-9037-adff01636562,Symo 24.0-3 480 (2),24.0,parsed_from_inverter_name,152.04,month,devwork
2022-10-09,d95b5e9d-f2d5-4950-85a9-909e52f727ba,Penner Farms - SE 27-8-13 (site 2),c3ec3bd8-8836-45bb-97b7-adff01636570,Symo 24.0-3 480 (3),24.0,parsed_from_inverter_name,150.29,month,devwork
2022-10-10,d95b5e9d-f2d5-4950-85a9-909e52f727ba,Penner Farms - SE 27-8-13 (site 2),b8a6c9fe-5838-42e7-9faa-adff01636559,Symo 24.0-3 480 (1),24.0,parsed_from_inverter_name,118.07,month,devwork
2022-10-10,d95b5e9d-f2d5-4950-85a9-909e52f727ba,Penner Farms - SE 27-8-13 (site 2),a9f3ac23-6f93-447b-9037-adff01636562,Symo 24.0-3 480 (2),24.0,parsed_from_inverter_name,118.44,month,devwork
2022-10-10,d95b5e9d-f2d5-4950-85a9-909e52f727ba,Penner Farms - SE 27-8-13 (site 2),c3ec3bd8-8836-45bb-97b7-adff01636570,Symo 24.0-3 480 (3),24.0,parsed_from_inverter_name,117.49,month,devwork
2022-10-11,d95b5e9d-f2d5-4950-85a9-909e52f727ba,Penner Farms - SE 27-8-13 (site 2),b8a6c9fe-5838-42e7-9faa-adff01636559,Symo 24.0-3 480 (1),24.0,parsed_from_inverter_name,126.34,month,devwork
2022-10-11,d95b5e9d-f2d5-4950-85a9-909e52f727ba,Penner Farms - SE 27-8-13 (site 2),a9f3ac23-6f93-447b-9037-adff01636562,Symo 24.0-3 480 (2),24.0,parsed_from_inverter_name,126.86,month,devwork
2022-10-11,d95b5e9d-f2d5-4950-85a9-909e52f727ba,Penner Farms - SE 27-8-13 (site 2),c3ec3bd8-8836-45bb-97b7-adff01636570,Symo 24.0-3 480 (3),24.0,parsed_from_inverter_name,125.28,month,devwork
2022-10-12,d95b5e9d-f2d5-4950-85a9-909e52f727ba,Penner Farms - SE 27-8-13 (site 2),b8a6c9fe-5838-42e7-9faa-adff01636559,Symo 24.0-3 480 (1),24.0,parsed_from_inverter_name,115.54,month,devwork
2022-10-12,d95b5e9d-f2d5-4950-85a9-909e52f727ba,Penner Farms - SE 27-8-13 (site 2),a9f3ac23-6f93-447b-9037-adff01636562,Symo 24.0-3 480 (2),24.0,parsed_from_inverter_name,116.18,month,devwork
2022-10-12,d95b5e9d-f2d5-4950-85a9-909e52f727ba,Penner Farms - SE 27-8-13 (site 2),c3ec3bd8-8836-45bb-97b7-adff01636570,Symo 24.0-3 480 (3),24.0,parsed_from_inverter_name,114.97,month,devwork
2022-10-13,d95b5e9d-f2d5-4950-85a9-909e52f727ba,Penner Farms - SE 27-8-13 (site 2),b8a6c9fe-5838-42e7-9faa-adff01636559,Symo 24.0-3 480 (1),24.0,parsed_from_inverter_name,164.13,month,devwork
2022-10-13,d95b5e9d-f2d5-4950-85a9-909e52f727ba,Penner Farms - SE 27-8-13 (site 2),a9f3ac23-6f93-447b-9037-adff01636562,Symo 24.0-3 480 (2),24.0,parsed_from_inverter_name,164.29,month,devwork
2022-10-13,d95b5e9d-f2d5-4950-85a9-909e52f727ba,Penner Farms - SE 27-8-13 (site 2),c3ec3bd8-8836-45bb-97b7-adff01636570,Symo 24.0-3 480 (3),24.0,parsed_from_inverter_name,159.86,month,devwork
2022-10-14,d95b5e9d-f2d5-4950-85a9-909e52f727ba,Penner Farms - SE 27-8-13 (site 2),b8a6c9fe-5838-42e7-9faa-adff01636559,Symo 24.0-3 480 (1),24.0,parsed_from_inverter_name,74.69,month,devwork
2022-10-14,d95b5e9d-f2d5-4950-85a9-909e52f727ba,Penner Farms - SE 27-8-13 (site 2),a9f3ac23-6f93-447b-9037-adff01636562,Symo 24.0-3 480 (2),24.0,parsed_from_inverter_name,75.27,month,devwork
2022-10-14,d95b5e9d-f2d5-4950-85a9-909e52f727ba,Penner Farms - SE 27-8-13 (site 2),c3ec3bd8-8836-45bb-97b7-adff01636570,Symo 24.0-3 480 (3),24.0,parsed_from_inverter_name,74.92,month,devwork
2022-10-15,d95b5e9d-f2d5-4950-85a9-909e52f727ba,Penner Farms - SE 27-8-13 (site 2),b8a6c9fe-5838-42e7-9faa-adff01636559,Symo 24.0-3 480 (1),24.0,parsed_from_inverter_name,157.39,month,devwork
2022-10-15,d95b5e9d-f2d5-4950-85a9-909e52f727ba,Penner Farms - SE 27-8-13 (site 2),a9f3ac23-6f93-447b-9037-adff01636562,Symo 24.0-3 480 (2),24.0,parsed_from_inverter_name,158.45,month,devwork
2022-10-15,d95b5e9d-f2d5-4950-85a9-909e52f727ba,Penner Farms - SE 27-8-13 (site 2),c3ec3bd8-8836-45bb-97b7-adff01636570,Symo 24.0-3 480 (3),24.0,parsed_from_inverter_name,156.42,month,devwork
2022-10-16,d95b5e9d-f2d5-4950-85a9-909e52f727ba,Penner Farms - SE 27-8-13 (site 2),b8a6c9fe-5838-42e7-9faa-adff01636559,Symo 24.0-3 480 (1),24.0,parsed_from_inverter_name,159.26,month,devwork
2022-10-16,d95b5e9d-f2d5-4950-85a9-909e52f727ba,Penner Farms - SE 27-8-13 (site 2),a9f3ac23-6f93-447b-9037-adff01636562,Symo 24.0-3 480 (2),24.0,parsed_from_inverter_name,161.48,month,devwork
2022-10-16,d95b5e9d-f2d5-4950-85a9-909e52f727ba,Penner Farms - SE 27-8-13 (site 2),c3ec3bd8-8836-45bb-97b7-adff01636570,Symo 24.0-3 480 (3),24.0,parsed_from_inverter_name,159.2,month,devwork
2022-10-17,d95b5e9d-f2d5-4950-85a9-909e52f727ba,Penner Farms - SE 27-8-13 (site 2),b8a6c9fe-5838-42e7-9faa-adff01636559,Symo 24.0-3 480 (1),24.0,parsed_from_inverter_name,161.17,month,devwork
2022-10-17,d95b5e9d-f2d5-4950-85a9-909e52f727ba,Penner Farms - SE 27-8-13 (site 2),a9f3ac23-6f93-447b-9037-adff01636562,Symo 24.0-3 480 (2),24.0,parsed_from_inverter_name,163.42,month,devwork
2022-10-17,d95b5e9d-f2d5-4950-85a9-909e52f727ba,Penner Farms - SE 27-8-13 (site 2),c3ec3bd8-8836-45bb-97b7-adff01636570,Symo 24.0-3 480 (3),24.0,parsed_from_inverter_name,161.11,month,devwork
2022-10-18,d95b5e9d-f2d5-4950-85a9-909e52f727ba,Penner Farms - SE 27-8-13 (site 2),b8a6c9fe-5838-42e7-9faa-adff01636559,Symo 24.0-3 480 (1),24.0,parsed_from_inverter_name,151.23,month,devwork
2022-10-18,d95b5e9d-f2d5-4950-85a9-909e52f727ba,Penner Farms - SE 27-8-13 (site 2),a9f3ac23-6f93-447b-9037-adff01636562,Symo 24.0-3 480 (2),24.0,parsed_from_inverter_name,152.03,month,devwork
2022-10-18,d95b5e9d-f2d5-4950-85a9-909e52f727ba,Penner Farms - SE 27-8-13 (site 2),c3ec3bd8-8836-45bb-97b7-adff01636570,Symo 24.0-3 480 (3),24.0,parsed_from_inverter_name,149.92,month,devwork
2022-10-19,d95b5e9d-f2d5-4950-85a9-909e52f727ba,Penner Farms - SE 27-8-13 (site 2),b8a6c9fe-5838-42e7-9faa-adff01636559,Symo 24.0-3 480 (1),24.0,parsed_from_inverter_name,143.41,month,devwork
2022-10-19,d95b5e9d-f2d5-4950-85a9-909e52f727ba,Penner Farms - SE 27-8-13 (site 2),a9f3ac23-6f93-447b-9037-adff01636562,Symo 24.0-3 480 (2),24.0,parsed_from_inverter_name,145.13,month,devwork
2022-10-19,d95b5e9d-f2d5-4950-85a9-909e52f727ba,Penner Farms - SE 27-8-13 (site 2),c3ec3bd8-8836-45bb-97b7-adff01636570,Symo 24.0-3 480 (3),24.0,parsed_from_inverter_name,141.35,month,devwork
2022-10-20,d95b5e9d-f2d5-4950-85a9-909e52f727ba,Penner Farms - SE 27-8-13 (site 2),b8a6c9fe-5838-42e7-9faa-adff01636559,Symo 24.0-3 480 (1),24.0,parsed_from_inverter_name,69.4,month,devwork
2022-10-20,d95b5e9d-f2d5-4950-85a9-909e52f727ba,Penner Farms - SE 27-8-13 (site 2),a9f3ac23-6f93-447b-9037-adff01636562,Symo 24.0-3 480 (2),24.0,parsed_from_inverter_name,70.13,month,devwork
2022-10-20,d95b5e9d-f2d5-4950-85a9-909e52f727ba,Penner Farms - SE 27-8-13 (site 2),c3ec3bd8-8836-45bb-97b7-adff01636570,Symo 24.0-3 480 (3),24.0,parsed_from_inverter_name,69.39,month,devwork
2022-10-21,d95b5e9d-f2d5-4950-85a9-909e52f727ba,Penner Farms - SE 27-8-13 (site 2),b8a6c9fe-5838-42e7-9faa-adff01636559,Symo 24.0-3 480 (1),24.0,parsed_from_inverter_name,22.07,month,devwork
2022-10-21,d95b5e9d-f2d5-4950-85a9-909e52f727ba,Penner Farms - SE 27-8-13 (site 2),a9f3ac23-6f93-447b-9037-adff01636562,Symo 24.0-3 480 (2),24.0,parsed_from_inverter_name,22.19,month,devwork
2022-10-21,d95b5e9d-f2d5-4950-85a9-909e52f727ba,Penner Farms - SE 27-8-13 (site 2),c3ec3bd8-8836-45bb-97b7-adff01636570,Symo 24.0-3 480 (3),24.0,parsed_from_inverter_name,22.3,month,devwork
2022-10-22,d95b5e9d-f2d5-4950-85a9-909e52f727ba,Penner Farms - SE 27-8-13 (site 2),b8a6c9fe-5838-42e7-9faa-adff01636559,Symo 24.0-3 480 (1),24.0,parsed_from_inverter_name,11.6,month,devwork
2022-10-22,d95b5e9d-f2d5-4950-85a9-909e52f727ba,Penner Farms - SE 27-8-13 (site 2),a9f3ac23-6f93-447b-9037-adff01636562,Symo 24.0-3 480 (2),24.0,parsed_from_inverter_name,11.58,month,devwork
2022-10-22,d95b5e9d-f2d5-4950-85a9-909e52f727ba,Penner Farms - SE 27-8-13 (site 2),c3ec3bd8-8836-45bb-97b7-adff01636570,Symo 24.0-3 480 (3),24.0,parsed_from_inverter_name,11.63,month,devwork
2022-10-23,d95b5e9d-f2d5-4950-85a9-909e52f727ba,Penner Farms - SE 27-8-13 (site 2),b8a6c9fe-5838-42e7-9faa-adff01636559,Symo 24.0-3 480 (1),24.0,parsed_from_inverter_name,0.89,month,devwork
2022-10-23,d95b5e9d-f2d5-4950-85a9-909e52f727ba,Penner Farms - SE 27-8-13 (site 2),a9f3ac23-6f93-447b-9037-adff01636562,Symo 24.0-3 480 (2),24.0,parsed_from_inverter_name,1.08,month,devwork
2022-10-23,d95b5e9d-f2d5-4950-85a9-909e52f727ba,Penner Farms - SE 27-8-13 (site 2),c3ec3bd8-8836-45bb-97b7-adff01636570,Symo 24.0-3 480 (3),24.0,parsed_from_inverter_name,1.29,month,devwork
2022-11-01,d95b5e9d-f2d5-4950-85a9-909e52f727ba,Penner Farms - SE 27-8-13 (site 2),b8a6c9fe-5838-42e7-9faa-adff01636559,Symo 24.0-3 480 (1),24.0,parsed_from_inverter_name,28.2,month,devwork
2022-11-01,d95b5e9d-f2d5-4950-85a9-909e52f727ba,Penner Farms - SE 27-8-13 (site 2),a9f3ac23-6f93-447b-9037-adff01636562,Symo 24.0-3 480 (2),24.0,parsed_from_inverter_name,28.55,month,devwork
2022-11-01,d95b5e9d-f2d5-4950-85a9-909e52f727ba,Penner Farms - SE 27-8-13 (site 2),c3ec3bd8-8836-45bb-97b7-adff01636570,Symo 24.0-3 480 (3),24.0,parsed_from_inverter_name,28.51,month,devwork
2022-11-02,d95b5e9d-f2d5-4950-85a9-909e52f727ba,Penner Farms - SE 27-8-13 (site 2),b8a6c9fe-5838-42e7-9faa-adff01636559,Symo 24.0-3 480 (1),24.0,parsed_from_inverter_name,36.3,month,devwork
2022-11-02,d95b5e9d-f2d5-4950-85a9-909e52f727ba,Penner Farms - SE 27-8-13 (site 2),a9f3ac23-6f93-447b-9037-adff01636562,Symo 24.0-3 480 (2),24.0,parsed_from_inverter_name,42.22,month,devwork
2022-11-02,d95b5e9d-f2d5-4950-85a9-909e52f727ba,Penner Farms - SE 27-8-13 (site 2),c3ec3bd8-8836-45bb-97b7-adff01636570,Symo 24.0-3 480 (3),24.0,parsed_from_inverter_name,40.28,month,devwork
2022-11-03,d95b5e9d-f2d5-4950-85a9-909e52f727ba,Penner Farms - SE 27-8-13 (site 2),b8a6c9fe-5838-42e7-9faa-adff01636559,Symo 24.0-3 480 (1),24.0,parsed_from_inverter_name,146.99,month,devwork
2022-11-03,d95b5e9d-f2d5-4950-85a9-909e52f727ba,Penner Farms - SE 27-8-13 (site 2),a9f3ac23-6f93-447b-9037-adff01636562,Symo 24.0-3 480 (2),24.0,parsed_from_inverter_name,150.73,month,devwork
2022-11-03,d95b5e9d-f2d5-4950-85a9-909e52f727ba,Penner Farms - SE 27-8-13 (site 2),c3ec3bd8-8836-45bb-97b7-adff01636570,Symo 24.0-3 480 (3),24.0,parsed_from_inverter_name,150.03,month,devwork
2022-11-04,d95b5e9d-f2d5-4950-85a9-909e52f727ba,Penner Farms - SE 27-8-13 (site 2),b8a6c9fe-5838-42e7-9faa-adff01636559,Symo 24.0-3 480 (1),24.0,parsed_from_inverter_name,126.92,month,devwork
2022-11-04,d95b5e9d-f2d5-4950-85a9-909e52f727ba,Penner Farms - SE 27-8-13 (site 2),a9f3ac23-6f93-447b-9037-adff01636562,Symo 24.0-3 480 (2),24.0,parsed_from_inverter_name,128.96,month,devwork
2022-11-04,d95b5e9d-f2d5-4950-85a9-909e52f727ba,Penner Farms - SE 27-8-13 (site 2),c3ec3bd8-8836-45bb-97b7-adff01636570,Symo 24.0-3 480 (3),24.0,parsed_from_inverter_name,127.88,month,devwork
2022-11-05,d95b5e9d-f2d5-4950-85a9-909e52f727ba,Penner Farms - SE 27-8-13 (site 2),b8a6c9fe-5838-42e7-9faa-adff01636559,Symo 24.0-3 480 (1),24.0,parsed_from_inverter_name,19.54,month,devwork
2022-11-05,d95b5e9d-f2d5-4950-85a9-909e52f727ba,Penner Farms - SE 27-8-13 (site 2),a9f3ac23-6f93-447b-9037-adff01636562,Symo 24.0-3 480 (2),24.0,parsed_from_inverter_name,18.79,month,devwork
2022-11-05,d95b5e9d-f2d5-4950-85a9-909e52f727ba,Penner Farms - SE 27-8-13 (site 2),c3ec3bd8-8836-45bb-97b7-adff01636570,Symo 24.0-3 480 (3),24.0,parsed_from_inverter_name,14.72,month,devwork
2022-11-06,d95b5e9d-f2d5-4950-85a9-909e52f727ba,Penner Farms - SE 27-8-13 (site 2),b8a6c9fe-5838-42e7-9faa-adff01636559,Symo 24.0-3 480 (1),24.0,parsed_from_inverter_name,88.18,month,devwork
2022-11-06,d95b5e9d-f2d5-4950-85a9-909e52f727ba,Penner Farms - SE 27-8-13 (site 2),a9f3ac23-6f93-447b-9037-adff01636562,Symo 24.0-3 480 (2),24.0,parsed_from_inverter_name,83.3,month,devwork
2022-11-06,d95b5e9d-f2d5-4950-85a9-909e52f727ba,Penner Farms - SE 27-8-13 (site 2),c3ec3bd8-8836-45bb-97b7-adff01636570,Symo 24.0-3 480 (3),24.0,parsed_from_inverter_name,54.09,month,devwork
2022-11-07,d95b5e9d-f2d5-4950-85a9-909e52f727ba,Penner Farms - SE 27-8-13 (site 2),b8a6c9fe-5838-42e7-9faa-adff01636559,Symo 24.0-3 480 (1),24.0,parsed_from_inverter_name,35.17,month,devwork
2022-11-07,d95b5e9d-f2d5-4950-85a9-909e52f727ba,Penner Farms - SE 27-8-13 (site 2),a9f3ac23-6f93-447b-9037-adff01636562,Symo 24.0-3 480 (2),24.0,parsed_from_inverter_name,21.65,month,devwork
2022-11-07,d95b5e9d-f2d5-4950-85a9-909e52f727ba,Penner Farms - SE 27-8-13 (site 2),c3ec3bd8-8836-45bb-97b7-adff01636570,Symo 24.0-3 480 (3),24.0,parsed_from_inverter_name,30.83,month,devwork
2022-11-08,d95b5e9d-f2d5-4950-85a9-909e52f727ba,Penner Farms - SE 27-8-13 (site 2),b8a6c9fe-5838-42e7-9faa-adff01636559,Symo 24.0-3 480 (1),24.0,parsed_from_inverter_name,23.94,month,devwork
2022-11-08,d95b5e9d-f2d5-4950-85a9-909e52f727ba,Penner Farms - SE 27-8-13 (site 2),a9f3ac23-6f93-447b-9037-adff01636562,Symo 24.0-3 480 (2),24.0,parsed_from_inverter_name,19.09,month,devwork
2022-11-08,d95b5e9d-f2d5-4950-85a9-909e52f727ba,Penner Farms - SE 27-8-13 (site 2),c3ec3bd8-8836-45bb-97b7-adff01636570,Symo 24.0-3 480 (3),24.0,parsed_from_inverter_name,22.24,month,devwork
2022-11-09,d95b5e9d-f2d5-4950-85a9-909e52f727ba,Penner Farms - SE 27-8-13 (site 2),b8a6c9fe-5838-42e7-9faa-adff01636559,Symo 24.0-3 480 (1),24.0,parsed_from_inverter_name,15.88,month,devwork
2022-11-09,d95b5e9d-f2d5-4950-85a9-909e52f727ba,Penner Farms - SE 27-8-13 (site 2),a9f3ac23-6f93-447b-9037-adff01636562,Symo 24.0-3 480 (2),24.0,parsed_from_inverter_name,12.27,month,devwork
2022-11-09,d95b5e9d-f2d5-4950-85a9-909e52f727ba,Penner Farms - SE 27-8-13 (site 2),c3ec3bd8-8836-45bb-97b7-adff01636570,Symo 24.0-3 480 (3),24.0,parsed_from_inverter_name,14.19,month,devwork
2022-11-10,d95b5e9d-f2d5-4950-85a9-909e52f727ba,Penner Farms - SE 27-8-13 (site 2),b8a6c9fe-5838-42e7-9faa-adff01636559,Symo 24.0-3 480 (1),24.0,parsed_from_inverter_name,56.4,month,devwork
2022-11-10,d95b5e9d-f2d5-4950-85a9-909e52f727ba,Penner Farms - SE 27-8-13 (site 2),a9f3ac23-6f93-447b-9037-adff01636562,Symo 24.0-3 480 (2),24.0,parsed_from_inverter_name,30.69,month,devwork
2022-11-10,d95b5e9d-f2d5-4950-85a9-909e52f727ba,Penner Farms - SE 27-8-13 (site 2),c3ec3bd8-8836-45bb-97b7-adff01636570,Symo 24.0-3 480 (3),24.0,parsed_from_inverter_name,38.85,month,devwork
2022-11-11,d95b5e9d-f2d5-4950-85a9-909e52f727ba,Penner Farms - SE 27-8-13 (site 2),b8a6c9fe-5838-42e7-9faa-adff01636559,Symo 24.0-3 480 (1),24.0,parsed_from_inverter_name,135.32,month,devwork
2022-11-11,d95b5e9d-f2d5-4950-85a9-909e52f727ba,Penner Farms - SE 27-8-13 (site 2),a9f3ac23-6f93-447b-9037-adff01636562,Symo 24.0-3 480 (2),24.0,parsed_from_inverter_name,58.84,month,devwork
2022-11-11,d95b5e9d-f2d5-4950-85a9-909e52f727ba,Penner Farms - SE 27-8-13 (site 2),c3ec3bd8-8836-45bb-97b7-adff01636570,Symo 24.0-3 480 (3),24.0,parsed_from_inverter_name,88.77,month,devwork
2022-11-12,d95b5e9d-f2d5-4950-85a9-909e52f727ba,Penner Farms - SE 27-8-13 (site 2),b8a6c9fe-5838-42e7-9faa-adff01636559,Symo 24.0-3 480 (1),24.0,parsed_from_inverter_name,85.02,month,devwork
2022-11-12,d95b5e9d-f2d5-4950-85a9-909e52f727ba,Penner Farms - SE 27-8-13 (site 2),a9f3ac23-6f93-447b-9037-adff01636562,Symo 24.0-3 480 (2),24.0,parsed_from_inverter_name,73.59,month,devwork
2022-11-12,d95b5e9d-f2d5-4950-85a9-909e52f727ba,Penner Farms - SE 27-8-13 (site 2),c3ec3bd8-8836-45bb-97b7-adff01636570,Symo 24.0-3 480 (3),24.0,parsed_from_inverter_name,85.1,month,devwork
2022-11-13,d95b5e9d-f2d5-4950-85a9-909e52f727ba,Penner Farms - SE 27-8-13 (site 2),b8a6c9fe-5838-42e7-9faa-adff01636559,Symo 24.0-3 480 (1),24.0,parsed_from_inverter_name,100.28,month,devwork
2022-11-13,d95b5e9d-f2d5-4950-85a9-909e52f727ba,Penner Farms - SE 27-8-13 (site 2),a9f3ac23-6f93-447b-9037-adff01636562,Symo 24.0-3 480 (2),24.0,parsed_from_inverter_name,97.22,month,devwork
2022-11-13,d95b5e9d-f2d5-4950-85a9-909e52f727ba,Penner Farms - SE 27-8-13 (site 2),c3ec3bd8-8836-45bb-97b7-adff01636570,Symo 24.0-3 480 (3),24.0,parsed_from_inverter_name,102.25,month,devwork
2022-11-14,d95b5e9d-f2d5-4950-85a9-909e52f727ba,Penner Farms - SE 27-8-13 (site 2),b8a6c9fe-5838-42e7-9faa-adff01636559,Symo 24.0-3 480 (1),24.0,parsed_from_inverter_name,134.1,month,devwork
2022-11-14,d95b5e9d-f2d5-4950-85a9-909e52f727ba,Penner Farms - SE 27-8-13 (site 2),a9f3ac23-6f93-447b-9037-adff01636562,Symo 24.0-3 480 (2),24.0,parsed_from_inverter_name,136.2,month,devwork
2022-11-14,d95b5e9d-f2d5-4950-85a9-909e52f727ba,Penner Farms - SE 27-8-13 (site 2),c3ec3bd8-8836-45bb-97b7-adff01636570,Symo 24.0-3 480 (3),24.0,parsed_from_inverter_name,134.83,month,devwork
2022-11-15,d95b5e9d-f2d5-4950-85a9-909e52f727ba,Penner Farms - SE 27-8-13 (site 2),b8a6c9fe-5838-42e7-9faa-adff01636559,Symo 24.0-3 480 (1),24.0,parsed_from_inverter_name,78.59,month,devwork
2022-11-15,d95b5e9d-f2d5-4950-85a9-909e52f727ba,Penner Farms - SE 27-8-13 (site 2),a9f3ac23-6f93-447b-9037-adff01636562,Symo 24.0-3 480 (2),24.0,parsed_from_inverter_name,81.66,month,devwork
2022-11-15,d95b5e9d-f2d5-4950-85a9-909e52f727ba,Penner Farms - SE 27-8-13 (site 2),c3ec3bd8-8836-45bb-97b7-adff01636570,Symo 24.0-3 480 (3),24.0,parsed_from_inverter_name,81.04,month,devwork
2022-11-16,d95b5e9d-f2d5-4950-85a9-909e52f727ba,Penner Farms - SE 27-8-13 (site 2),b8a6c9fe-5838-42e7-9faa-adff01636559,Symo 24.0-3 480 (1),24.0,parsed_from_inverter_name,40.37,month,devwork
2022-11-16,d95b5e9d-f2d5-4950-85a9-909e52f727ba,Penner Farms - SE 27-8-13 (site 2),a9f3ac23-6f93-447b-9037-adff01636562,Symo 24.0-3 480 (2),24.0,parsed_from_inverter_name,41.91,month,devwork
2022-11-16,d95b5e9d-f2d5-4950-85a9-909e52f727ba,Penner Farms - SE 27-8-13 (site 2),c3ec3bd8-8836-45bb-97b7-adff01636570,Symo 24.0-3 480 (3),24.0,parsed_from_inverter_name,42.29,month,devwork
2022-11-17,d95b5e9d-f2d5-4950-85a9-909e52f727ba,Penner Farms - SE 27-8-13 (site 2),b8a6c9fe-5838-42e7-9faa-adff01636559,Symo 24.0-3 480 (1),24.0,parsed_from_inverter_name,129.97,month,devwork
2022-11-17,d95b5e9d-f2d5-4950-85a9-909e52f727ba,Penner Farms - SE 27-8-13 (site 2),a9f3ac23-6f93-447b-9037-adff01636562,Symo 24.0-3 480 (2),24.0,parsed_from_inverter_name,131.91,month,devwork
2022-11-17,d95b5e9d-f2d5-4950-85a9-909e52f727ba,Penner Farms - SE 27-8-13 (site 2),c3ec3bd8-8836-45bb-97b7-adff01636570,Symo 24.0-3 480 (3),24.0,parsed_from_inverter_name,127.94,month,devwork
2022-11-18,d95b5e9d-f2d5-4950-85a9-909e52f727ba,Penner Farms - SE 27-8-13 (site 2),b8a6c9fe-5838-42e7-9faa-adff01636559,Symo 24.0-3 480 (1),24.0,parsed_from_inverter_name,145.74,month,devwork
2022-11-18,d95b5e9d-f2d5-4950-85a9-909e52f727ba,Penner Farms - SE 27-8-13 (site 2),a9f3ac23-6f93-447b-9037-adff01636562,Symo 24.0-3 480 (2),24.0,parsed_from_inverter_name,151.54,month,devwork
2022-11-18,d95b5e9d-f2d5-4950-85a9-909e52f727ba,Penner Farms - SE 27-8-13 (site 2),c3ec3bd8-8836-45bb-97b7-adff01636570,Symo 24.0-3 480 (3),24.0,parsed_from_inverter_name,149.42,month,devwork
2022-11-19,d95b5e9d-f2d5-4950-85a9-909e52f727ba,Penner Farms - SE 27-8-13 (site 2),b8a6c9fe-5838-42e7-9faa-adff01636559,Symo 24.0-3 480 (1),24.0,parsed_from_inverter_name,130.24,month,devwork
2022-11-19,d95b5e9d-f2d5-4950-85a9-909e52f727ba,Penner Farms - SE 27-8-13 (site 2),a9f3ac23-6f93-447b-9037-adff01636562,Symo 24.0-3 480 (2),24.0,parsed_from_inverter_name,136.0,month,devwork
2022-11-19,d95b5e9d-f2d5-4950-85a9-909e52f727ba,Penner Farms - SE 27-8-13 (site 2),c3ec3bd8-8836-45bb-97b7-adff01636570,Symo 24.0-3 480 (3),24.0,parsed_from_inverter_name,134.33,month,devwork
2022-11-20,d95b5e9d-f2d5-4950-85a9-909e52f727ba,Penner Farms - SE 27-8-13 (site 2),b8a6c9fe-5838-42e7-9faa-adff01636559,Symo 24.0-3 480 (1),24.0,parsed_from_inverter_name,63.61,month,devwork
2022-11-20,d95b5e9d-f2d5-4950-85a9-909e52f727ba,Penner Farms - SE 27-8-13 (site 2),a9f3ac23-6f93-447b-9037-adff01636562,Symo 24.0-3 480 (2),24.0,parsed_from_inverter_name,67.46,month,devwork
2022-11-20,d95b5e9d-f2d5-4950-85a9-909e52f727ba,Penner Farms - SE 27-8-13 (site 2),c3ec3bd8-8836-45bb-97b7-adff01636570,Symo 24.0-3 480 (3),24.0,parsed_from_inverter_name,67.02,month,devwork
2022-11-21,d95b5e9d-f2d5-4950-85a9-909e52f727ba,Penner Farms - SE 27-8-13 (site 2),b8a6c9fe-5838-42e7-9faa-adff01636559,Symo 24.0-3 480 (1),24.0,parsed_from_inverter_name,116.11,month,devwork
2022-11-21,d95b5e9d-f2d5-4950-85a9-909e52f727ba,Penner Farms - SE 27-8-13 (site 2),a9f3ac23-6f93-447b-9037-adff01636562,Symo 24.0-3 480 (2),24.0,parsed_from_inverter_name,120.77,month,devwork
2022-11-21,d95b5e9d-f2d5-4950-85a9-909e52f727ba,Penner Farms - SE 27-8-13 (site 2),c3ec3bd8-8836-45bb-97b7-adff01636570,Symo 24.0-3 480 (3),24.0,parsed_from_inverter_name,118.52,month,devwork
2022-11-22,d95b5e9d-f2d5-4950-85a9-909e52f727ba,Penner Farms - SE 27-8-13 (site 2),b8a6c9fe-5838-42e7-9faa-adff01636559,Symo 24.0-3 480 (1),24.0,parsed_from_inverter_name,69.86,month,devwork
2022-11-22,d95b5e9d-f2d5-4950-85a9-909e52f727ba,Penner Farms - SE 27-8-13 (site 2),a9f3ac23-6f93-447b-9037-adff01636562,Symo 24.0-3 480 (2),24.0,parsed_from_inverter_name,72.41,month,devwork
2022-11-22,d95b5e9d-f2d5-4950-85a9-909e52f727ba,Penner Farms - SE 27-8-13 (site 2),c3ec3bd8-8836-45bb-97b7-adff01636570,Symo 24.0-3 480 (3),24.0,parsed_from_inverter_name,71.72,month,devwork
2022-11-23,d95b5e9d-f2d5-4950-85a9-909e52f727ba,Penner Farms - SE 27-8-13 (site 2),b8a6c9fe-5838-42e7-9faa-adff01636559,Symo 24.0-3 480 (1),24.0,parsed_from_inverter_name,95.57,month,devwork
2022-11-23,d95b5e9d-f2d5-4950-85a9-909e52f727ba,Penner Farms - SE 27-8-13 (site 2),a9f3ac23-6f93-447b-9037-adff01636562,Symo 24.0-3 480 (2),24.0,parsed_from_inverter_name,98.82,month,devwork
2022-11-23,d95b5e9d-f2d5-4950-85a9-909e52f727ba,Penner Farms - SE 27-8-13 (site 2),c3ec3bd8-8836-45bb-97b7-adff01636570,Symo 24.0-3 480 (3),24.0,parsed_from_inverter_name,96.43,month,devwork
2022-11-24,d95b5e9d-f2d5-4950-85a9-909e52f727ba,Penner Farms - SE 27-8-13 (site 2),b8a6c9fe-5838-42e7-9faa-adff01636559,Symo 24.0-3 480 (1),24.0,parsed_from_inverter_name,22.69,month,devwork
2022-11-24,d95b5e9d-f2d5-4950-85a9-909e52f727ba,Penner Farms - SE 27-8-13 (site 2),a9f3ac23-6f93-447b-9037-adff01636562,Symo 24.0-3 480 (2),24.0,parsed_from_inverter_name,23.86,month,devwork
2022-11-24,d95b5e9d-f2d5-4950-85a9-909e52f727ba,Penner Farms - SE 27-8-13 (site 2),c3ec3bd8-8836-45bb-97b7-adff01636570,Symo 24.0-3 480 (3),24.0,parsed_from_inverter_name,23.76,month,devwork
2022-11-25,d95b5e9d-f2d5-4950-85a9-909e52f727ba,Penner Farms - SE 27-8-13 (site 2),b8a6c9fe-5838-42e7-9faa-adff01636559,Symo 24.0-3 480 (1),24.0,parsed_from_inverter_name,34.68,month,devwork
2022-11-25,d95b5e9d-f2d5-4950-85a9-909e52f727ba,Penner Farms - SE 27-8-13 (site 2),a9f3ac23-6f93-447b-9037-adff01636562,Symo 24.0-3 480 (2),24.0,parsed_from_inverter_name,35.45,month,devwork
2022-11-25,d95b5e9d-f2d5-4950-85a9-909e52f727ba,Penner Farms - SE 27-8-13 (site 2),c3ec3bd8-8836-45bb-97b7-adff01636570,Symo 24.0-3 480 (3),24.0,parsed_from_inverter_name,35.02,month,devwork
2022-11-26,d95b5e9d-f2d5-4950-85a9-909e52f727ba,Penner Farms - SE 27-8-13 (site 2),b8a6c9fe-5838-42e7-9faa-adff01636559,Symo 24.0-3 480 (1),24.0,parsed_from_inverter_name,105.72,month,devwork
2022-11-26,d95b5e9d-f2d5-4950-85a9-909e52f727ba,Penner Farms - SE 27-8-13 (site 2),a9f3ac23-6f93-447b-9037-adff01636562,Symo 24.0-3 480 (2),24.0,parsed_from_inverter_name,109.15,month,devwork
2022-11-26,d95b5e9d-f2d5-4950-85a9-909e52f727ba,Penner Farms - SE 27-8-13 (site 2),c3ec3bd8-8836-45bb-97b7-adff01636570,Symo 24.0-3 480 (3),24.0,parsed_from_inverter_name,105.99,month,devwork
2022-11-27,d95b5e9d-f2d5-4950-85a9-909e52f727ba,Penner Farms - SE 27-8-13 (site 2),b8a6c9fe-5838-42e7-9faa-adff01636559,Symo 24.0-3 480 (1),24.0,parsed_from_inverter_name,14.99,month,devwork
2022-11-27,d95b5e9d-f2d5-4950-85a9-909e52f727ba,Penner Farms - SE 27-8-13 (site 2),a9f3ac23-6f93-447b-9037-adff01636562,Symo 24.0-3 480 (2),24.0,parsed_from_inverter_name,15.26,month,devwork
2022-11-27,d95b5e9d-f2d5-4950-85a9-909e52f727ba,Penner Farms - SE 27-8-13 (site 2),c3ec3bd8-8836-45bb-97b7-adff01636570,Symo 24.0-3 480 (3),24.0,parsed_from_inverter_name,15.16,month,devwork
2022-11-28,d95b5e9d-f2d5-4950-85a9-909e52f727ba,Penner Farms - SE 27-8-13 (site 2),b8a6c9fe-5838-42e7-9faa-adff01636559,Symo 24.0-3 480 (1),24.0,parsed_from_inverter_name,29.45,month,devwork
2022-11-28,d95b5e9d-f2d5-4950-85a9-909e52f727ba,Penner Farms - SE 27-8-13 (site 2),a9f3ac23-6f93-447b-9037-adff01636562,Symo 24.0-3 480 (2),24.0,parsed_from_inverter_name,29.41,month,devwork
2022-11-28,d95b5e9d-f2d5-4950-85a9-909e52f727ba,Penner Farms - SE 27-8-13 (site 2),c3ec3bd8-8836-45bb-97b7-adff01636570,Symo 24.0-3 480 (3),24.0,parsed_from_inverter_name,28.22,month,devwork
2022-11-29,d95b5e9d-f2d5-4950-85a9-909e52f727ba,Penner Farms - SE 27-8-13 (site 2),b8a6c9fe-5838-42e7-9faa-adff01636559,Symo 24.0-3 480 (1),24.0,parsed_from_inverter_name,70.94,month,devwork
2022-11-29,d95b5e9d-f2d5-4950-85a9-909e52f727ba,Penner Farms - SE 27-8-13 (site 2),a9f3ac23-6f93-447b-9037-adff01636562,Symo 24.0-3 480 (2),24.0,parsed_from_inverter_name,72.57,month,devwork
2022-11-29,d95b5e9d-f2d5-4950-85a9-909e52f727ba,Penner Farms - SE 27-8-13 (site 2),c3ec3bd8-8836-45bb-97b7-adff01636570,Symo 24.0-3 480 (3),24.0,parsed_from_inverter_name,66.6,month,devwork
2022-11-30,d95b5e9d-f2d5-4950-85a9-909e52f727ba,Penner Farms - SE 27-8-13 (site 2),b8a6c9fe-5838-42e7-9faa-adff01636559,Symo 24.0-3 480 (1),24.0,parsed_from_inverter_name,20.96,month,devwork
2022-11-30,d95b5e9d-f2d5-4950-85a9-909e52f727ba,Penner Farms - SE 27-8-13 (site 2),a9f3ac23-6f93-447b-9037-adff01636562,Symo 24.0-3 480 (2),24.0,parsed_from_inverter_name,20.68,month,devwork
2022-11-30,d95b5e9d-f2d5-4950-85a9-909e52f727ba,Penner Farms - SE 27-8-13 (site 2),c3ec3bd8-8836-45bb-97b7-adff01636570,Symo 24.0-3 480 (3),24.0,parsed_from_inverter_name,19.96,month,devwork
2022-12-01,d95b5e9d-f2d5-4950-85a9-909e52f727ba,Penner Farms - SE 27-8-13 (site 2),b8a6c9fe-5838-42e7-9faa-adff01636559,Symo 24.0-3 480 (1),24.0,parsed_from_inverter_name,22.23,month,devwork
2022-12-01,d95b5e9d-f2d5-4950-85a9-909e52f727ba,Penner Farms - SE 27-8-13 (site 2),a9f3ac23-6f93-447b-9037-adff01636562,Symo 24.0-3 480 (2),24.0,parsed_from_inverter_name,21.75,month,devwork
2022-12-01,d95b5e9d-f2d5-4950-85a9-909e52f727ba,Penner Farms - SE 27-8-13 (site 2),c3ec3bd8-8836-45bb-97b7-adff01636570,Symo 24.0-3 480 (3),24.0,parsed_from_inverter_name,18.98,month,devwork
2022-12-02,d95b5e9d-f2d5-4950-85a9-909e52f727ba,Penner Farms - SE 27-8-13 (site 2),b8a6c9fe-5838-42e7-9faa-adff01636559,Symo 24.0-3 480 (1),24.0,parsed_from_inverter_name,80.63,month,devwork
2022-12-02,d95b5e9d-f2d5-4950-85a9-909e52f727ba,Penner Farms - SE 27-8-13 (site 2),a9f3ac23-6f93-447b-9037-adff01636562,Symo 24.0-3 480 (2),24.0,parsed_from_inverter_name,78.19,month,devwork
2022-12-02,d95b5e9d-f2d5-4950-85a9-909e52f727ba,Penner Farms - SE 27-8-13 (site 2),c3ec3bd8-8836-45bb-97b7-adff01636570,Symo 24.0-3 480 (3),24.0,parsed_from_inverter_name,65.27,month,devwork
2022-12-03,d95b5e9d-f2d5-4950-85a9-909e52f727ba,Penner Farms - SE 27-8-13 (site 2),b8a6c9fe-5838-42e7-9faa-adff01636559,Symo 24.0-3 480 (1),24.0,parsed_from_inverter_name,123.81,month,devwork
2022-12-03,d95b5e9d-f2d5-4950-85a9-909e52f727ba,Penner Farms - SE 27-8-13 (site 2),a9f3ac23-6f93-447b-9037-adff01636562,Symo 24.0-3 480 (2),24.0,parsed_from_inverter_name,128.04,month,devwork
2022-12-03,d95b5e9d-f2d5-4950-85a9-909e52f727ba,Penner Farms - SE 27-8-13 (site 2),c3ec3bd8-8836-45bb-97b7-adff01636570,Symo 24.0-3 480 (3),24.0,parsed_from_inverter_name,116.46,month,devwork
2022-12-04,d95b5e9d-f2d5-4950-85a9-909e52f727ba,Penner Farms - SE 27-8-13 (site 2),b8a6c9fe-5838-42e7-9faa-adff01636559,Symo 24.0-3 480 (1),24.0,parsed_from_inverter_name,114.6,month,devwork
2022-12-04,d95b5e9d-f2d5-4950-85a9-909e52f727ba,Penner Farms - SE 27-8-13 (site 2),a9f3ac23-6f93-447b-9037-adff01636562,Symo 24.0-3 480 (2),24.0,parsed_from_inverter_name,122.61,month,devwork
2022-12-04,d95b5e9d-f2d5-4950-85a9-909e52f727ba,Penner Farms - SE 27-8-13 (site 2),c3ec3bd8-8836-45bb-97b7-adff01636570,Symo 24.0-3 480 (3),24.0,parsed_from_inverter_name,119.92,month,devwork
2022-12-05,d95b5e9d-f2d5-4950-85a9-909e52f727ba,Penner Farms - SE 27-8-13 (site 2),b8a6c9fe-5838-42e7-9faa-adff01636559,Symo 24.0-3 480 (1),24.0,parsed_from_inverter_name,13.04,month,devwork
2022-12-05,d95b5e9d-f2d5-4950-85a9-909e52f727ba,Penner Farms - SE 27-8-13 (site 2),a9f3ac23-6f93-447b-9037-adff01636562,Symo 24.0-3 480 (2),24.0,parsed_from_inverter_name,11.99,month,devwork
2022-12-05,d95b5e9d-f2d5-4950-85a9-909e52f727ba,Penner Farms - SE 27-8-13 (site 2),c3ec3bd8-8836-45bb-97b7-adff01636570,Symo 24.0-3 480 (3),24.0,parsed_from_inverter_name,14.73,month,devwork
2022-12-06,d95b5e9d-f2d5-4950-85a9-909e52f727ba,Penner Farms - SE 27-8-13 (site 2),b8a6c9fe-5838-42e7-9faa-adff01636559,Symo 24.0-3 480 (1),24.0,parsed_from_inverter_name,10.58,month,devwork
2022-12-06,d95b5e9d-f2d5-4950-85a9-909e52f727ba,Penner Farms - SE 27-8-13 (site 2),a9f3ac23-6f93-447b-9037-adff01636562,Symo 24.0-3 480 (2),24.0,parsed_from_inverter_name,10.14,month,devwork
2022-12-06,d95b5e9d-f2d5-4950-85a9-909e52f727ba,Penner Farms - SE 27-8-13 (site 2),c3ec3bd8-8836-45bb-97b7-adff01636570,Symo 24.0-3 480 (3),24.0,parsed_from_inverter_name,10.42,month,devwork
2022-12-07,d95b5e9d-f2d5-4950-85a9-909e52f727ba,Penner Farms - SE 27-8-13 (site 2),b8a6c9fe-5838-42e7-9faa-adff01636559,Symo 24.0-3 480 (1),24.0,parsed_from_inverter_name,105.95,month,devwork
2022-12-07,d95b5e9d-f2d5-4950-85a9-909e52f727ba,Penner Farms - SE 27-8-13 (site 2),a9f3ac23-6f93-447b-9037-adff01636562,Symo 24.0-3 480 (2),24.0,parsed_from_inverter_name,106.01,month,devwork
2022-12-07,d95b5e9d-f2d5-4950-85a9-909e52f727ba,Penner Farms - SE 27-8-13 (site 2),c3ec3bd8-8836-45bb-97b7-adff01636570,Symo 24.0-3 480 (3),24.0,parsed_from_inverter_name,110.45,month,devwork
2022-12-08,d95b5e9d-f2d5-4950-85a9-909e52f727ba,Penner Farms - SE 27-8-13 (site 2),b8a6c9fe-5838-42e7-9faa-adff01636559,Symo 24.0-3 480 (1),24.0,parsed_from_inverter_name,91.22,month,devwork
2022-12-08,d95b5e9d-f2d5-4950-85a9-909e52f727ba,Penner Farms - SE 27-8-13 (site 2),a9f3ac23-6f93-447b-9037-adff01636562,Symo 24.0-3 480 (2),24.0,parsed_from_inverter_name,97.46,month,devwork
2022-12-08,d95b5e9d-f2d5-4950-85a9-909e52f727ba,Penner Farms - SE 27-8-13 (site 2),c3ec3bd8-8836-45bb-97b7-adff01636570,Symo 24.0-3 480 (3),24.0,parsed_from_inverter_name,92.61,month,devwork
2022-12-09,d95b5e9d-f2d5-4950-85a9-909e52f727ba,Penner Farms - SE 27-8-13 (site 2),b8a6c9fe-5838-42e7-9faa-adff01636559,Symo 24.0-3 480 (1),24.0,parsed_from_inverter_name,88.91,month,devwork
2022-12-09,d95b5e9d-f2d5-4950-85a9-909e52f727ba,Penner Farms - SE 27-8-13 (site 2),a9f3ac23-6f93-447b-9037-adff01636562,Symo 24.0-3 480 (2),24.0,parsed_from_inverter_name,93.28,month,devwork
2022-12-09,d95b5e9d-f2d5-4950-85a9-909e52f727ba,Penner Farms - SE 27-8-13 (site 2),c3ec3bd8-8836-45bb-97b7-adff01636570,Symo 24.0-3 480 (3),24.0,parsed_from_inverter_name,90.64,month,devwork
2022-12-10,d95b5e9d-f2d5-4950-85a9-909e52f727ba,Penner Farms - SE 27-8-13 (site 2),b8a6c9fe-5838-42e7-9faa-adff01636559,Symo 24.0-3 480 (1),24.0,parsed_from_inverter_name,65.61,month,devwork
2022-12-10,d95b5e9d-f2d5-4950-85a9-909e52f727ba,Penner Farms - SE 27-8-13 (site 2),a9f3ac23-6f93-447b-9037-adff01636562,Symo 24.0-3 480 (2),24.0,parsed_from_inverter_name,68.09,month,devwork
2022-12-10,d95b5e9d-f2d5-4950-85a9-909e52f727ba,Penner Farms - SE 27-8-13 (site 2),c3ec3bd8-8836-45bb-97b7-adff01636570,Symo 24.0-3 480 (3),24.0,parsed_from_inverter_name,66.85,month,devwork
2022-12-11,d95b5e9d-f2d5-4950-85a9-909e52f727ba,Penner Farms - SE 27-8-13 (site 2),b8a6c9fe-5838-42e7-9faa-adff01636559,Symo 24.0-3 480 (1),24.0,parsed_from_inverter_name,21.74,month,devwork
2022-12-11,d95b5e9d-f2d5-4950-85a9-909e52f727ba,Penner Farms - SE 27-8-13 (site 2),a9f3ac23-6f93-447b-9037-adff01636562,Symo 24.0-3 480 (2),24.0,parsed_from_inverter_name,21.83,month,devwork
2022-12-11,d95b5e9d-f2d5-4950-85a9-909e52f727ba,Penner Farms - SE 27-8-13 (site 2),c3ec3bd8-8836-45bb-97b7-adff01636570,Symo 24.0-3 480 (3),24.0,parsed_from_inverter_name,21.85,month,devwork
2022-12-12,d95b5e9d-f2d5-4950-85a9-909e52f727ba,Penner Farms - SE 27-8-13 (site 2),b8a6c9fe-5838-42e7-9faa-adff01636559,Symo 24.0-3 480 (1),24.0,parsed_from_inverter_name,17.14,month,devwork
2022-12-12,d95b5e9d-f2d5-4950-85a9-909e52f727ba,Penner Farms - SE 27-8-13 (site 2),a9f3ac23-6f93-447b-9037-adff01636562,Symo 24.0-3 480 (2),24.0,parsed_from_inverter_name,17.49,month,devwork
2022-12-12,d95b5e9d-f2d5-4950-85a9-909e52f727ba,Penner Farms - SE 27-8-13 (site 2),c3ec3bd8-8836-45bb-97b7-adff01636570,Symo 24.0-3 480 (3),24.0,parsed_from_inverter_name,14.45,month,devwork
2022-12-13,d95b5e9d-f2d5-4950-85a9-909e52f727ba,Penner Farms - SE 27-8-13 (site 2),b8a6c9fe-5838-42e7-9faa-adff01636559,Symo 24.0-3 480 (1),24.0,parsed_from_inverter_name,69.0,month,devwork
2022-12-13,d95b5e9d-f2d5-4950-85a9-909e52f727ba,Penner Farms - SE 27-8-13 (site 2),a9f3ac23-6f93-447b-9037-adff01636562,Symo 24.0-3 480 (2),24.0,parsed_from_inverter_name,66.53,month,devwork
2022-12-13,d95b5e9d-f2d5-4950-85a9-909e52f727ba,Penner Farms - SE 27-8-13 (site 2),c3ec3bd8-8836-45bb-97b7-adff01636570,Symo 24.0-3 480 (3),24.0,parsed_from_inverter_name,64.17,month,devwork
2022-12-14,d95b5e9d-f2d5-4950-85a9-909e52f727ba,Penner Farms - SE 27-8-13 (site 2),b8a6c9fe-5838-42e7-9faa-adff01636559,Symo 24.0-3 480 (1),24.0,parsed_from_inverter_name,17.12,month,devwork
2022-12-14,d95b5e9d-f2d5-4950-85a9-909e52f727ba,Penner Farms - SE 27-8-13 (site 2),a9f3ac23-6f93-447b-9037-adff01636562,Symo 24.0-3 480 (2),24.0,parsed_from_inverter_name,18.49,month,devwork
2022-12-14,d95b5e9d-f2d5-4950-85a9-909e52f727ba,Penner Farms - SE 27-8-13 (site 2),c3ec3bd8-8836-45bb-97b7-adff01636570,Symo 24.0-3 480 (3),24.0,parsed_from_inverter_name,16.1,month,devwork
2022-12-15,d95b5e9d-f2d5-4950-85a9-909e52f727ba,Penner Farms - SE 27-8-13 (site 2),b8a6c9fe-5838-42e7-9faa-adff01636559,Symo 24.0-3 480 (1),24.0,parsed_from_inverter_name,71.99,month,devwork
2022-12-15,d95b5e9d-f2d5-4950-85a9-909e52f727ba,Penner Farms - SE 27-8-13 (site 2),a9f3ac23-6f93-447b-9037-adff01636562,Symo 24.0-3 480 (2),24.0,parsed_from_inverter_name,88.74,month,devwork
2022-12-15,d95b5e9d-f2d5-4950-85a9-909e52f727ba,Penner Farms - SE 27-8-13 (site 2),c3ec3bd8-8836-45bb-97b7-adff01636570,Symo 24.0-3 480 (3),24.0,parsed_from_inverter_name,74.05,month,devwork
2022-12-16,d95b5e9d-f2d5-4950-85a9-909e52f727ba,Penner Farms - SE 27-8-13 (site 2),b8a6c9fe-5838-42e7-9faa-adff01636559,Symo 24.0-3 480 (1),24.0,parsed_from_inverter_name,22.95,month,devwork
2022-12-16,d95b5e9d-f2d5-4950-85a9-909e52f727ba,Penner Farms - SE 27-8-13 (site 2),a9f3ac23-6f93-447b-9037-adff01636562,Symo 24.0-3 480 (2),24.0,parsed_from_inverter_name,25.76,month,devwork
2022-12-16,d95b5e9d-f2d5-4950-85a9-909e52f727ba,Penner Farms - SE 27-8-13 (site 2),c3ec3bd8-8836-45bb-97b7-adff01636570,Symo 24.0-3 480 (3),24.0,parsed_from_inverter_name,22.31,month,devwork
2022-12-17,d95b5e9d-f2d5-4950-85a9-909e52f727ba,Penner Farms - SE 27-8-13 (site 2),b8a6c9fe-5838-42e7-9faa-adff01636559,Symo 24.0-3 480 (1),24.0,parsed_from_inverter_name,17.9,month,devwork
2022-12-17,d95b5e9d-f2d5-4950-85a9-909e52f727ba,Penner Farms - SE 27-8-13 (site 2),a9f3ac23-6f93-447b-9037-adff01636562,Symo 24.0-3 480 (2),24.0,parsed_from_inverter_name,23.51,month,devwork
2022-12-17,d95b5e9d-f2d5-4950-85a9-909e52f727ba,Penner Farms - SE 27-8-13 (site 2),c3ec3bd8-8836-45bb-97b7-adff01636570,Symo 24.0-3 480 (3),24.0,parsed_from_inverter_name,17.66,month,devwork
2022-12-18,d95b5e9d-f2d5-4950-85a9-909e52f727ba,Penner Farms - SE 27-8-13 (site 2),b8a6c9fe-5838-42e7-9faa-adff01636559,Symo 24.0-3 480 (1),24.0,parsed_from_inverter_name,35.21,month,devwork
2022-12-18,d95b5e9d-f2d5-4950-85a9-909e52f727ba,Penner Farms - SE 27-8-13 (site 2),a9f3ac23-6f93-447b-9037-adff01636562,Symo 24.0-3 480 (2),24.0,parsed_from_inverter_name,47.26,month,devwork
2022-12-18,d95b5e9d-f2d5-4950-85a9-909e52f727ba,Penner Farms - SE 27-8-13 (site 2),c3ec3bd8-8836-45bb-97b7-adff01636570,Symo 24.0-3 480 (3),24.0,parsed_from_inverter_name,37.64,month,devwork
2022-12-19,d95b5e9d-f2d5-4950-85a9-909e52f727ba,Penner Farms - SE 27-8-13 (site 2),b8a6c9fe-5838-42e7-9faa-adff01636559,Symo 24.0-3 480 (1),24.0,parsed_from_inverter_name,67.68,month,devwork
2022-12-19,d95b5e9d-f2d5-4950-85a9-909e52f727ba,Penner Farms - SE 27-8-13 (site 2),a9f3ac23-6f93-447b-9037-adff01636562,Symo 24.0-3 480 (2),24.0,parsed_from_inverter_name,57.76,month,devwork
2022-12-19,d95b5e9d-f2d5-4950-85a9-909e52f727ba,Penner Farms - SE 27-8-13 (site 2),c3ec3bd8-8836-45bb-97b7-adff01636570,Symo 24.0-3 480 (3),24.0,parsed_from_inverter_name,32.05,month,devwork
2022-12-20,d95b5e9d-f2d5-4950-85a9-909e52f727ba,Penner Farms - SE 27-8-13 (site 2),b8a6c9fe-5838-42e7-9faa-adff01636559,Symo 24.0-3 480 (1),24.0,parsed_from_inverter_name,10.09,month,devwork
2022-12-20,d95b5e9d-f2d5-4950-85a9-909e52f727ba,Penner Farms - SE 27-8-13 (site 2),a9f3ac23-6f93-447b-9037-adff01636562,Symo 24.0-3 480 (2),24.0,parsed_from_inverter_name,8.7,month,devwork
2022-12-20,d95b5e9d-f2d5-4950-85a9-909e52f727ba,Penner Farms - SE 27-8-13 (site 2),c3ec3bd8-8836-45bb-97b7-adff01636570,Symo 24.0-3 480 (3),24.0,parsed_from_inverter_name,6.94,month,devwork
2022-12-21,d95b5e9d-f2d5-4950-85a9-909e52f727ba,Penner Farms - SE 27-8-13 (site 2),b8a6c9fe-5838-42e7-9faa-adff01636559,Symo 24.0-3 480 (1),24.0,parsed_from_inverter_name,19.69,month,devwork
2022-12-21,d95b5e9d-f2d5-4950-85a9-909e52f727ba,Penner Farms - SE 27-8-13 (site 2),a9f3ac23-6f93-447b-9037-adff01636562,Symo 24.0-3 480 (2),24.0,parsed_from_inverter_name,22.2,month,devwork
2022-12-21,d95b5e9d-f2d5-4950-85a9-909e52f727ba,Penner Farms - SE 27-8-13 (site 2),c3ec3bd8-8836-45bb-97b7-adff01636570,Symo 24.0-3 480 (3),24.0,parsed_from_inverter_name,17.02,month,devwork
2022-12-22,d95b5e9d-f2d5-4950-85a9-909e52f727ba,Penner Farms - SE 27-8-13 (site 2),b8a6c9fe-5838-42e7-9faa-adff01636559,Symo 24.0-3 480 (1),24.0,parsed_from_inverter_name,29.08,month,devwork
2022-12-22,d95b5e9d-f2d5-4950-85a9-909e52f727ba,Penner Farms - SE 27-8-13 (site 2),a9f3ac23-6f93-447b-9037-adff01636562,Symo 24.0-3 480 (2),24.0,parsed_from_inverter_name,62.95,month,devwork
2022-12-22,d95b5e9d-f2d5-4950-85a9-909e52f727ba,Penner Farms - SE 27-8-13 (site 2),c3ec3bd8-8836-45bb-97b7-adff01636570,Symo 24.0-3 480 (3),24.0,parsed_from_inverter_name,28.02,month,devwork
2022-12-23,d95b5e9d-f2d5-4950-85a9-909e52f727ba,Penner Farms - SE 27-8-13 (site 2),b8a6c9fe-5838-42e7-9faa-adff01636559,Symo 24.0-3 480 (1),24.0,parsed_from_inverter_name,11.31,month,devwork
2022-12-23,d95b5e9d-f2d5-4950-85a9-909e52f727ba,Penner Farms - SE 27-8-13 (site 2),a9f3ac23-6f93-447b-9037-adff01636562,Symo 24.0-3 480 (2),24.0,parsed_from_inverter_name,13.16,month,devwork
2022-12-23,d95b5e9d-f2d5-4950-85a9-909e52f727ba,Penner Farms - SE 27-8-13 (site 2),c3ec3bd8-8836-45bb-97b7-adff01636570,Symo 24.0-3 480 (3),24.0,parsed_from_inverter_name,7.96,month,devwork
2022-12-24,d95b5e9d-f2d5-4950-85a9-909e52f727ba,Penner Farms - SE 27-8-13 (site 2),b8a6c9fe-5838-42e7-9faa-adff01636559,Symo 24.0-3 480 (1),24.0,parsed_from_inverter_name,63.05,month,devwork
2022-12-24,d95b5e9d-f2d5-4950-85a9-909e52f727ba,Penner Farms - SE 27-8-13 (site 2),a9f3ac23-6f93-447b-9037-adff01636562,Symo 24.0-3 480 (2),24.0,parsed_from_inverter_name,65.51,month,devwork
2022-12-24,d95b5e9d-f2d5-4950-85a9-909e52f727ba,Penner Farms - SE 27-8-13 (site 2),c3ec3bd8-8836-45bb-97b7-adff01636570,Symo 24.0-3 480 (3),24.0,parsed_from_inverter_name,57.06,month,devwork
2022-12-25,d95b5e9d-f2d5-4950-85a9-909e52f727ba,Penner Farms - SE 27-8-13 (site 2),b8a6c9fe-5838-42e7-9faa-adff01636559,Symo 24.0-3 480 (1),24.0,parsed_from_inverter_name,68.9,month,devwork
2022-12-25,d95b5e9d-f2d5-4950-85a9-909e52f727ba,Penner Farms - SE 27-8-13 (site 2),a9f3ac23-6f93-447b-9037-adff01636562,Symo 24.0-3 480 (2),24.0,parsed_from_inverter_name,76.94,month,devwork
2022-12-25,d95b5e9d-f2d5-4950-85a9-909e52f727ba,Penner Farms - SE 27-8-13 (site 2),c3ec3bd8-8836-45bb-97b7-adff01636570,Symo 24.0-3 480 (3),24.0,parsed_from_inverter_name,74.94,month,devwork
2022-12-26,d95b5e9d-f2d5-4950-85a9-909e52f727ba,Penner Farms - SE 27-8-13 (site 2),b8a6c9fe-5838-42e7-9faa-adff01636559,Symo 24.0-3 480 (1),24.0,parsed_from_inverter_name,32.53,month,devwork
2022-12-26,d95b5e9d-f2d5-4950-85a9-909e52f727ba,Penner Farms - SE 27-8-13 (site 2),a9f3ac23-6f93-447b-9037-adff01636562,Symo 24.0-3 480 (2),24.0,parsed_from_inverter_name,33.31,month,devwork
2022-12-26,d95b5e9d-f2d5-4950-85a9-909e52f727ba,Penner Farms - SE 27-8-13 (site 2),c3ec3bd8-8836-45bb-97b7-adff01636570,Symo 24.0-3 480 (3),24.0,parsed_from_inverter_name,32.86,month,devwork
2022-12-27,d95b5e9d-f2d5-4950-85a9-909e52f727ba,Penner Farms - SE 27-8-13 (site 2),b8a6c9fe-5838-42e7-9faa-adff01636559,Symo 24.0-3 480 (1),24.0,parsed_from_inverter_name,10.85,month,devwork
2022-12-27,d95b5e9d-f2d5-4950-85a9-909e52f727ba,Penner Farms - SE 27-8-13 (site 2),a9f3ac23-6f93-447b-9037-adff01636562,Symo 24.0-3 480 (2),24.0,parsed_from_inverter_name,11.0,month,devwork
2022-12-27,d95b5e9d-f2d5-4950-85a9-909e52f727ba,Penner Farms - SE 27-8-13 (site 2),c3ec3bd8-8836-45bb-97b7-adff01636570,Symo 24.0-3 480 (3),24.0,parsed_from_inverter_name,10.93,month,devwork
2022-12-28,d95b5e9d-f2d5-4950-85a9-909e52f727ba,Penner Farms - SE 27-8-13 (site 2),b8a6c9fe-5838-42e7-9faa-adff01636559,Symo 24.0-3 480 (1),24.0,parsed_from_inverter_name,9.53,month,devwork
2022-12-28,d95b5e9d-f2d5-4950-85a9-909e52f727ba,Penner Farms - SE 27-8-13 (site 2),a9f3ac23-6f93-447b-9037-adff01636562,Symo 24.0-3 480 (2),24.0,parsed_from_inverter_name,11.36,month,devwork
2022-12-28,d95b5e9d-f2d5-4950-85a9-909e52f727ba,Penner Farms - SE 27-8-13 (site 2),c3ec3bd8-8836-45bb-97b7-adff01636570,Symo 24.0-3 480 (3),24.0,parsed_from_inverter_name,10.79,month,devwork
2022-12-29,d95b5e9d-f2d5-4950-85a9-909e52f727ba,Penner Farms - SE 27-8-13 (site 2),b8a6c9fe-5838-42e7-9faa-adff01636559,Symo 24.0-3 480 (1),24.0,parsed_from_inverter_name,55.01,month,devwork
2022-12-29,d95b5e9d-f2d5-4950-85a9-909e52f727ba,Penner Farms - SE 27-8-13 (site 2),a9f3ac23-6f93-447b-9037-adff01636562,Symo 24.0-3 480 (2),24.0,parsed_from_inverter_name,63.35,month,devwork
2022-12-29,d95b5e9d-f2d5-4950-85a9-909e52f727ba,Penner Farms - SE 27-8-13 (site 2),c3ec3bd8-8836-45bb-97b7-adff01636570,Symo 24.0-3 480 (3),24.0,parsed_from_inverter_name,57.61,month,devwork
2022-12-30,d95b5e9d-f2d5-4950-85a9-909e52f727ba,Penner Farms - SE 27-8-13 (site 2),b8a6c9fe-5838-42e7-9faa-adff01636559,Symo 24.0-3 480 (1),24.0,parsed_from_inverter_name,58.87,month,devwork
2022-12-30,d95b5e9d-f2d5-4950-85a9-909e52f727ba,Penner Farms - SE 27-8-13 (site 2),a9f3ac23-6f93-447b-9037-adff01636562,Symo 24.0-3 480 (2),24.0,parsed_from_inverter_name,63.55,month,devwork
2022-12-30,d95b5e9d-f2d5-4950-85a9-909e52f727ba,Penner Farms - SE 27-8-13 (site 2),c3ec3bd8-8836-45bb-97b7-adff01636570,Symo 24.0-3 480 (3),24.0,parsed_from_inverter_name,62.11,month,devwork
2022-12-31,d95b5e9d-f2d5-4950-85a9-909e52f727ba,Penner Farms - SE 27-8-13 (site 2),b8a6c9fe-5838-42e7-9faa-adff01636559,Symo 24.0-3 480 (1),24.0,parsed_from_inverter_name,100.36,month,devwork
2022-12-31,d95b5e9d-f2d5-4950-85a9-909e52f727ba,Penner Farms - SE 27-8-13 (site 2),a9f3ac23-6f93-447b-9037-adff01636562,Symo 24.0-3 480 (2),24.0,parsed_from_inverter_name,111.03,month,devwork
2022-12-31,d95b5e9d-f2d5-4950-85a9-909e52f727ba,Penner Farms - SE 27-8-13 (site 2),c3ec3bd8-8836-45bb-97b7-adff01636570,Symo 24.0-3 480 (3),24.0,parsed_from_inverter_name,107.3,month,devwork
2023-01-01,d95b5e9d-f2d5-4950-85a9-909e52f727ba,Penner Farms - SE 27-8-13 (site 2),b8a6c9fe-5838-42e7-9faa-adff01636559,Symo 24.0-3 480 (1),24.0,parsed_from_inverter_name,112.52,month,devwork
2023-01-01,d95b5e9d-f2d5-4950-85a9-909e52f727ba,Penner Farms - SE 27-8-13 (site 2),a9f3ac23-6f93-447b-9037-adff01636562,Symo 24.0-3 480 (2),24.0,parsed_from_inverter_name,120.79,month,devwork
2023-01-01,d95b5e9d-f2d5-4950-85a9-909e52f727ba,Penner Farms - SE 27-8-13 (site 2),c3ec3bd8-8836-45bb-97b7-adff01636570,Symo 24.0-3 480 (3),24.0,parsed_from_inverter_name,116.51,month,devwork
2023-01-02,d95b5e9d-f2d5-4950-85a9-909e52f727ba,Penner Farms - SE 27-8-13 (site 2),b8a6c9fe-5838-42e7-9faa-adff01636559,Symo 24.0-3 480 (1),24.0,parsed_from_inverter_name,118.3,month,devwork
2023-01-02,d95b5e9d-f2d5-4950-85a9-909e52f727ba,Penner Farms - SE 27-8-13 (site 2),a9f3ac23-6f93-447b-9037-adff01636562,Symo 24.0-3 480 (2),24.0,parsed_from_inverter_name,129.7,month,devwork
2023-01-02,d95b5e9d-f2d5-4950-85a9-909e52f727ba,Penner Farms - SE 27-8-13 (site 2),c3ec3bd8-8836-45bb-97b7-adff01636570,Symo 24.0-3 480 (3),24.0,parsed_from_inverter_name,124.69,month,devwork
2023-01-03,d95b5e9d-f2d5-4950-85a9-909e52f727ba,Penner Farms - SE 27-8-13 (site 2),b8a6c9fe-5838-42e7-9faa-adff01636559,Symo 24.0-3 480 (1),24.0,parsed_from_inverter_name,116.16,month,devwork
2023-01-03,d95b5e9d-f2d5-4950-85a9-909e52f727ba,Penner Farms - SE 27-8-13 (site 2),a9f3ac23-6f93-447b-9037-adff01636562,Symo 24.0-3 480 (2),24.0,parsed_from_inverter_name,127.69,month,devwork
2023-01-03,d95b5e9d-f2d5-4950-85a9-909e52f727ba,Penner Farms - SE 27-8-13 (site 2),c3ec3bd8-8836-45bb-97b7-adff01636570,Symo 24.0-3 480 (3),24.0,parsed_from_inverter_name,123.23,month,devwork
2023-01-04,d95b5e9d-f2d5-4950-85a9-909e52f727ba,Penner Farms - SE 27-8-13 (site 2),b8a6c9fe-5838-42e7-9faa-adff01636559,Symo 24.0-3 480 (1),24.0,parsed_from_inverter_name,117.4,month,devwork
2023-01-04,d95b5e9d-f2d5-4950-85a9-909e52f727ba,Penner Farms - SE 27-8-13 (site 2),a9f3ac23-6f93-447b-9037-adff01636562,Symo 24.0-3 480 (2),24.0,parsed_from_inverter_name,128.01,month,devwork
2023-01-04,d95b5e9d-f2d5-4950-85a9-909e52f727ba,Penner Farms - SE 27-8-13 (site 2),c3ec3bd8-8836-45bb-97b7-adff01636570,Symo 24.0-3 480 (3),24.0,parsed_from_inverter_name,123.22,month,devwork
2023-01-05,d95b5e9d-f2d5-4950-85a9-909e52f727ba,Penner Farms - SE 27-8-13 (site 2),b8a6c9fe-5838-42e7-9faa-adff01636559,Symo 24.0-3 480 (1),24.0,parsed_from_inverter_name,55.48,month,devwork
2023-01-05,d95b5e9d-f2d5-4950-85a9-909e52f727ba,Penner Farms - SE 27-8-13 (site 2),a9f3ac23-6f93-447b-9037-adff01636562,Symo 24.0-3 480 (2),24.0,parsed_from_inverter_name,58.3,month,devwork
2023-01-05,d95b5e9d-f2d5-4950-85a9-909e52f727ba,Penner Farms - SE 27-8-13 (site 2),c3ec3bd8-8836-45bb-97b7-adff01636570,Symo 24.0-3 480 (3),24.0,parsed_from_inverter_name,56.9,month,devwork
2023-01-06,d95b5e9d-f2d5-4950-85a9-909e52f727ba,Penner Farms - SE 27-8-13 (site 2),b8a6c9fe-5838-42e7-9faa-adff01636559,Symo 24.0-3 480 (1),24.0,parsed_from_inverter_name,91.72,month,devwork
2023-01-06,d95b5e9d-f2d5-4950-85a9-909e52f727ba,Penner Farms - SE 27-8-13 (site 2),a9f3ac23-6f93-447b-9037-adff01636562,Symo 24.0-3 480 (2),24.0,parsed_from_inverter_name,99.56,month,devwork
2023-01-06,d95b5e9d-f2d5-4950-85a9-909e52f727ba,Penner Farms - SE 27-8-13 (site 2),c3ec3bd8-8836-45bb-97b7-adff01636570,Symo 24.0-3 480 (3),24.0,parsed_from_inverter_name,96.12,month,devwork
2023-01-07,d95b5e9d-f2d5-4950-85a9-909e52f727ba,Penner Farms - SE 27-8-13 (site 2),b8a6c9fe-5838-42e7-9faa-adff01636559,Symo 24.0-3 480 (1),24.0,parsed_from_inverter_name,70.72,month,devwork
2023-01-07,d95b5e9d-f2d5-4950-85a9-909e52f727ba,Penner Farms - SE 27-8-13 (site 2),a9f3ac23-6f93-447b-9037-adff01636562,Symo 24.0-3 480 (2),24.0,parsed_from_inverter_name,78.65,month,devwork
2023-01-07,d95b5e9d-f2d5-4950-85a9-909e52f727ba,Penner Farms - SE 27-8-13 (site 2),c3ec3bd8-8836-45bb-97b7-adff01636570,Symo 24.0-3 480 (3),24.0,parsed_from_inverter_name,76.35,month,devwork
2023-01-08,d95b5e9d-f2d5-4950-85a9-909e52f727ba,Penner Farms - SE 27-8-13 (site 2),b8a6c9fe-5838-42e7-9faa-adff01636559,Symo 24.0-3 480 (1),24.0,parsed_from_inverter_name,42.05,month,devwork
2023-01-08,d95b5e9d-f2d5-4950-85a9-909e52f727ba,Penner Farms - SE 27-8-13 (site 2),a9f3ac23-6f93-447b-9037-adff01636562,Symo 24.0-3 480 (2),24.0,parsed_from_inverter_name,45.69,month,devwork
2023-01-08,d95b5e9d-f2d5-4950-85a9-909e52f727ba,Penner Farms - SE 27-8-13 (site 2),c3ec3bd8-8836-45bb-97b7-adff01636570,Symo 24.0-3 480 (3),24.0,parsed_from_inverter_name,44.82,month,devwork
2023-01-09,d95b5e9d-f2d5-4950-85a9-909e52f727ba,Penner Farms - SE 27-8-13 (site 2),b8a6c9fe-5838-42e7-9faa-adff01636559,Symo 24.0-3 480 (1),24.0,parsed_from_inverter_name,98.1,month,devwork
2023-01-09,d95b5e9d-f2d5-4950-85a9-909e52f727ba,Penner Farms - SE 27-8-13 (site 2),a9f3ac23-6f93-447b-9037-adff01636562,Symo 24.0-3 480 (2),24.0,parsed_from_inverter_name,102.44,month,devwork
2023-01-09,d95b5e9d-f2d5-4950-85a9-909e52f727ba,Penner Farms - SE 27-8-13 (site 2),c3ec3bd8-8836-45bb-97b7-adff01636570,Symo 24.0-3 480 (3),24.0,parsed_from_inverter_name,99.34,month,devwork
2023-01-10,d95b5e9d-f2d5-4950-85a9-909e52f727ba,Penner Farms - SE 27-8-13 (site 2),b8a6c9fe-5838-42e7-9faa-adff01636559,Symo 24.0-3 480 (1),24.0,parsed_from_inverter_name,112.89,month,devwork
2023-01-10,d95b5e9d-f2d5-4950-85a9-909e52f727ba,Penner Farms - SE 27-8-13 (site 2),a9f3ac23-6f93-447b-9037-adff01636562,Symo 24.0-3 480 (2),24.0,parsed_from_inverter_name,122.1,month,devwork
2023-01-10,d95b5e9d-f2d5-4950-85a9-909e52f727ba,Penner Farms - SE 27-8-13 (site 2),c3ec3bd8-8836-45bb-97b7-adff01636570,Symo 24.0-3 480 (3),24.0,parsed_from_inverter_name,117.9,month,devwork
2023-01-11,d95b5e9d-f2d5-4950-85a9-909e52f727ba,Penner Farms - SE 27-8-13 (site 2),b8a6c9fe-5838-42e7-9faa-adff01636559,Symo 24.0-3 480 (1),24.0,parsed_from_inverter_name,26.59,month,devwork
2023-01-11,d95b5e9d-f2d5-4950-85a9-909e52f727ba,Penner Farms - SE 27-8-13 (site 2),a9f3ac23-6f93-447b-9037-adff01636562,Symo 24.0-3 480 (2),24.0,parsed_from_inverter_name,28.0,month,devwork
2023-01-11,d95b5e9d-f2d5-4950-85a9-909e52f727ba,Penner Farms - SE 27-8-13 (site 2),c3ec3bd8-8836-45bb-97b7-adff01636570,Symo 24.0-3 480 (3),24.0,parsed_from_inverter_name,27.53,month,devwork
2023-01-12,d95b5e9d-f2d5-4950-85a9-909e52f727ba,Penner Farms - SE 27-8-13 (site 2),b8a6c9fe-5838-42e7-9faa-adff01636559,Symo 24.0-3 480 (1),24.0,parsed_from_inverter_name,44.78,month,devwork
2023-01-12,d95b5e9d-f2d5-4950-85a9-909e52f727ba,Penner Farms - SE 27-8-13 (site 2),a9f3ac23-6f93-447b-9037-adff01636562,Symo 24.0-3 480 (2),24.0,parsed_from_inverter_name,48.95,month,devwork
2023-01-12,d95b5e9d-f2d5-4950-85a9-909e52f727ba,Penner Farms - SE 27-8-13 (site 2),c3ec3bd8-8836-45bb-97b7-adff01636570,Symo 24.0-3 480 (3),24.0,parsed_from_inverter_name,47.93,month,devwork
2023-01-13,d95b5e9d-f2d5-4950-85a9-909e52f727ba,Penner Farms - SE 27-8-13 (site 2),b8a6c9fe-5838-42e7-9faa-adff01636559,Symo 24.0-3 480 (1),24.0,parsed_from_inverter_name,69.4,month,devwork
2023-01-13,d95b5e9d-f2d5-4950-85a9-909e52f727ba,Penner Farms - SE 27-8-13 (site 2),a9f3ac23-6f93-447b-9037-adff01636562,Symo 24.0-3 480 (2),24.0,parsed_from_inverter_name,72.67,month,devwork
2023-01-13,d95b5e9d-f2d5-4950-85a9-909e52f727ba,Penner Farms - SE 27-8-13 (site 2),c3ec3bd8-8836-45bb-97b7-adff01636570,Symo 24.0-3 480 (3),24.0,parsed_from_inverter_name,70.44,month,devwork
2023-01-14,d95b5e9d-f2d5-4950-85a9-909e52f727ba,Penner Farms - SE 27-8-13 (site 2),b8a6c9fe-5838-42e7-9faa-adff01636559,Symo 24.0-3 480 (1),24.0,parsed_from_inverter_name,73.91,month,devwork
2023-01-14,d95b5e9d-f2d5-4950-85a9-909e52f727ba,Penner Farms - SE 27-8-13 (site 2),a9f3ac23-6f93-447b-9037-adff01636562,Symo 24.0-3 480 (2),24.0,parsed_from_inverter_name,76.67,month,devwork
2023-01-14,d95b5e9d-f2d5-4950-85a9-909e52f727ba,Penner Farms - SE 27-8-13 (site 2),c3ec3bd8-8836-45bb-97b7-adff01636570,Symo 24.0-3 480 (3),24.0,parsed_from_inverter_name,74.44,month,devwork
2023-01-15,d95b5e9d-f2d5-4950-85a9-909e52f727ba,Penner Farms - SE 27-8-13 (site 2),b8a6c9fe-5838-42e7-9faa-adff01636559,Symo 24.0-3 480 (1),24.0,parsed_from_inverter_name,16.69,month,devwork
2023-01-15,d95b5e9d-f2d5-4950-85a9-909e52f727ba,Penner Farms - SE 27-8-13 (site 2),a9f3ac23-6f93-447b-9037-adff01636562,Symo 24.0-3 480 (2),24.0,parsed_from_inverter_name,16.92,month,devwork
2023-01-15,d95b5e9d-f2d5-4950-85a9-909e52f727ba,Penner Farms - SE 27-8-13 (site 2),c3ec3bd8-8836-45bb-97b7-adff01636570,Symo 24.0-3 480 (3),24.0,parsed_from_inverter_name,16.89,month,devwork
2023-01-16,d95b5e9d-f2d5-4950-85a9-909e52f727ba,Penner Farms - SE 27-8-13 (site 2),b8a6c9fe-5838-42e7-9faa-adff01636559,Symo 24.0-3 480 (1),24.0,parsed_from_inverter_name,35.65,month,devwork
2023-01-16,d95b5e9d-f2d5-4950-85a9-909e52f727ba,Penner Farms - SE 27-8-13 (site 2),a9f3ac23-6f93-447b-9037-adff01636562,Symo 24.0-3 480 (2),24.0,parsed_from_inverter_name,36.56,month,devwork
2023-01-16,d95b5e9d-f2d5-4950-85a9-909e52f727ba,Penner Farms - SE 27-8-13 (site 2),c3ec3bd8-8836-45bb-97b7-adff01636570,Symo 24.0-3 480 (3),24.0,parsed_from_inverter_name,36.03,month,devwork
2023-01-17,d95b5e9d-f2d5-4950-85a9-909e52f727ba,Penner Farms - SE 27-8-13 (site 2),b8a6c9fe-5838-42e7-9faa-adff01636559,Symo 24.0-3 480 (1),24.0,parsed_from_inverter_name,14.03,month,devwork
2023-01-17,d95b5e9d-f2d5-4950-85a9-909e52f727ba,Penner Farms - SE 27-8-13 (site 2),a9f3ac23-6f93-447b-9037-adff01636562,Symo 24.0-3 480 (2),24.0,parsed_from_inverter_name,14.18,month,devwork
2023-01-17,d95b5e9d-f2d5-4950-85a9-909e52f727ba,Penner Farms - SE 27-8-13 (site 2),c3ec3bd8-8836-45bb-97b7-adff01636570,Symo 24.0-3 480 (3),24.0,parsed_from_inverter_name,14.16,month,devwork
2023-01-18,d95b5e9d-f2d5-4950-85a9-909e52f727ba,Penner Farms - SE 27-8-13 (site 2),b8a6c9fe-5838-42e7-9faa-adff01636559,Symo 24.0-3 480 (1),24.0,parsed_from_inverter_name,121.21,month,devwork
2023-01-18,d95b5e9d-f2d5-4950-85a9-909e52f727ba,Penner Farms - SE 27-8-13 (site 2),a9f3ac23-6f93-447b-9037-adff01636562,Symo 24.0-3 480 (2),24.0,parsed_from_inverter_name,127.38,month,devwork
2023-01-18,d95b5e9d-f2d5-4950-85a9-909e52f727ba,Penner Farms - SE 27-8-13 (site 2),c3ec3bd8-8836-45bb-97b7-adff01636570,Symo 24.0-3 480 (3),24.0,parsed_from_inverter_name,123.44,month,devwork
2023-01-19,d95b5e9d-f2d5-4950-85a9-909e52f727ba,Penner Farms - SE 27-8-13 (site 2),b8a6c9fe-5838-42e7-9faa-adff01636559,Symo 24.0-3 480 (1),24.0,parsed_from_inverter_name,97.36,month,devwork
2023-01-19,d95b5e9d-f2d5-4950-85a9-909e52f727ba,Penner Farms - SE 27-8-13 (site 2),a9f3ac23-6f93-447b-9037-adff01636562,Symo 24.0-3 480 (2),24.0,parsed_from_inverter_name,100.39,month,devwork
2023-01-19,d95b5e9d-f2d5-4950-85a9-909e52f727ba,Penner Farms - SE 27-8-13 (site 2),c3ec3bd8-8836-45bb-97b7-adff01636570,Symo 24.0-3 480 (3),24.0,parsed_from_inverter_name,97.85,month,devwork
2023-01-20,d95b5e9d-f2d5-4950-85a9-909e52f727ba,Penner Farms - SE 27-8-13 (site 2),b8a6c9fe-5838-42e7-9faa-adff01636559,Symo 24.0-3 480 (1),24.0,parsed_from_inverter_name,59.29,month,devwork
2023-01-20,d95b5e9d-f2d5-4950-85a9-909e52f727ba,Penner Farms - SE 27-8-13 (site 2),a9f3ac23-6f93-447b-9037-adff01636562,Symo 24.0-3 480 (2),24.0,parsed_from_inverter_name,61.06,month,devwork
2023-01-20,d95b5e9d-f2d5-4950-85a9-909e52f727ba,Penner Farms - SE 27-8-13 (site 2),c3ec3bd8-8836-45bb-97b7-adff01636570,Symo 24.0-3 480 (3),24.0,parsed_from_inverter_name,59.84,month,devwork
2023-01-21,d95b5e9d-f2d5-4950-85a9-909e52f727ba,Penner Farms - SE 27-8-13 (site 2),b8a6c9fe-5838-42e7-9faa-adff01636559,Symo 24.0-3 480 (1),24.0,parsed_from_inverter_name,113.54,month,devwork
2023-01-21,d95b5e9d-f2d5-4950-85a9-909e52f727ba,Penner Farms - SE 27-8-13 (site 2),a9f3ac23-6f93-447b-9037-adff01636562,Symo 24.0-3 480 (2),24.0,parsed_from_inverter_name,117.2,month,devwork
2023-01-21,d95b5e9d-f2d5-4950-85a9-909e52f727ba,Penner Farms - SE 27-8-13 (site 2),c3ec3bd8-8836-45bb-97b7-adff01636570,Symo 24.0-3 480 (3),24.0,parsed_from_inverter_name,113.77,month,devwork
2023-01-22,d95b5e9d-f2d5-4950-85a9-909e52f727ba,Penner Farms - SE 27-8-13 (site 2),b8a6c9fe-5838-42e7-9faa-adff01636559,Symo 24.0-3 480 (1),24.0,parsed_from_inverter_name,15.65,month,devwork
2023-01-22,d95b5e9d-f2d5-4950-85a9-909e52f727ba,Penner Farms - SE 27-8-13 (site 2),a9f3ac23-6f93-447b-9037-adff01636562,Symo 24.0-3 480 (2),24.0,parsed_from_inverter_name,15.8,month,devwork
2023-01-22,d95b5e9d-f2d5-4950-85a9-909e52f727ba,Penner Farms - SE 27-8-13 (site 2),c3ec3bd8-8836-45bb-97b7-adff01636570,Symo 24.0-3 480 (3),24.0,parsed_from_inverter_name,16.17,month,devwork
2023-01-23,d95b5e9d-f2d5-4950-85a9-909e52f727ba,Penner Farms - SE 27-8-13 (site 2),b8a6c9fe-5838-42e7-9faa-adff01636559,Symo 24.0-3 480 (1),24.0,parsed_from_inverter_name,33.37,month,devwork
2023-01-23,d95b5e9d-f2d5-4950-85a9-909e52f727ba,Penner Farms - SE 27-8-13 (site 2),a9f3ac23-6f93-447b-9037-adff01636562,Symo 24.0-3 480 (2),24.0,parsed_from_inverter_name,35.63,month,devwork
2023-01-23,d95b5e9d-f2d5-4950-85a9-909e52f727ba,Penner Farms - SE 27-8-13 (site 2),c3ec3bd8-8836-45bb-97b7-adff01636570,Symo 24.0-3 480 (3),24.0,parsed_from_inverter_name,34.94,month,devwork
2023-01-24,d95b5e9d-f2d5-4950-85a9-909e52f727ba,Penner Farms - SE 27-8-13 (site 2),b8a6c9fe-5838-42e7-9faa-adff01636559,Symo 24.0-3 480 (1),24.0,parsed_from_inverter_name,37.75,month,devwork
2023-01-24,d95b5e9d-f2d5-4950-85a9-909e52f727ba,Penner Farms - SE 27-8-13 (site 2),a9f3ac23-6f93-447b-9037-adff01636562,Symo 24.0-3 480 (2),24.0,parsed_from_inverter_name,38.44,month,devwork
2023-01-24,d95b5e9d-f2d5-4950-85a9-909e52f727ba,Penner Farms - SE 27-8-13 (site 2),c3ec3bd8-8836-45bb-97b7-adff01636570,Symo 24.0-3 480 (3),24.0,parsed_from_inverter_name,37.98,month,devwork
2023-01-25,d95b5e9d-f2d5-4950-85a9-909e52f727ba,Penner Farms - SE 27-8-13 (site 2),b8a6c9fe-5838-42e7-9faa-adff01636559,Symo 24.0-3 480 (1),24.0,parsed_from_inverter_name,23.83,month,devwork
2023-01-25,d95b5e9d-f2d5-4950-85a9-909e52f727ba,Penner Farms - SE 27-8-13 (site 2),a9f3ac23-6f93-447b-9037-adff01636562,Symo 24.0-3 480 (2),24.0,parsed_from_inverter_name,24.78,month,devwork
2023-01-25,d95b5e9d-f2d5-4950-85a9-909e52f727ba,Penner Farms - SE 27-8-13 (site 2),c3ec3bd8-8836-45bb-97b7-adff01636570,Symo 24.0-3 480 (3),24.0,parsed_from_inverter_name,24.64,month,devwork
2023-01-26,d95b5e9d-f2d5-4950-85a9-909e52f727ba,Penner Farms - SE 27-8-13 (site 2),b8a6c9fe-5838-42e7-9faa-adff01636559,Symo 24.0-3 480 (1),24.0,parsed_from_inverter_name,36.93,month,devwork
2023-01-26,d95b5e9d-f2d5-4950-85a9-909e52f727ba,Penner Farms - SE 27-8-13 (site 2),a9f3ac23-6f93-447b-9037-adff01636562,Symo 24.0-3 480 (2),24.0,parsed_from_inverter_name,37.56,month,devwork
2023-01-26,d95b5e9d-f2d5-4950-85a9-909e52f727ba,Penner Farms - SE 27-8-13 (site 2),c3ec3bd8-8836-45bb-97b7-adff01636570,Symo 24.0-3 480 (3),24.0,parsed_from_inverter_name,37.13,month,devwork
2023-01-27,d95b5e9d-f2d5-4950-85a9-909e52f727ba,Penner Farms - SE 27-8-13 (site 2),b8a6c9fe-5838-42e7-9faa-adff01636559,Symo 24.0-3 480 (1),24.0,parsed_from_inverter_name,13.19,month,devwork
2023-01-27,d95b5e9d-f2d5-4950-85a9-909e52f727ba,Penner Farms - SE 27-8-13 (site 2),a9f3ac23-6f93-447b-9037-adff01636562,Symo 24.0-3 480 (2),24.0,parsed_from_inverter_name,16.22,month,devwork
2023-01-27,d95b5e9d-f2d5-4950-85a9-909e52f727ba,Penner Farms - SE 27-8-13 (site 2),c3ec3bd8-8836-45bb-97b7-adff01636570,Symo 24.0-3 480 (3),24.0,parsed_from_inverter_name,16.55,month,devwork
2023-01-28,d95b5e9d-f2d5-4950-85a9-909e52f727ba,Penner Farms - SE 27-8-13 (site 2),b8a6c9fe-5838-42e7-9faa-adff01636559,Symo 24.0-3 480 (1),24.0,parsed_from_inverter_name,70.23,month,devwork
2023-01-28,d95b5e9d-f2d5-4950-85a9-909e52f727ba,Penner Farms - SE 27-8-13 (site 2),a9f3ac23-6f93-447b-9037-adff01636562,Symo 24.0-3 480 (2),24.0,parsed_from_inverter_name,76.72,month,devwork
2023-01-28,d95b5e9d-f2d5-4950-85a9-909e52f727ba,Penner Farms - SE 27-8-13 (site 2),c3ec3bd8-8836-45bb-97b7-adff01636570,Symo 24.0-3 480 (3),24.0,parsed_from_inverter_name,79.62,month,devwork
2023-01-29,d95b5e9d-f2d5-4950-85a9-909e52f727ba,Penner Farms - SE 27-8-13 (site 2),b8a6c9fe-5838-42e7-9faa-adff01636559,Symo 24.0-3 480 (1),24.0,parsed_from_inverter_name,107.01,month,devwork
2023-01-29,d95b5e9d-f2d5-4950-85a9-909e52f727ba,Penner Farms - SE 27-8-13 (site 2),a9f3ac23-6f93-447b-9037-adff01636562,Symo 24.0-3 480 (2),24.0,parsed_from_inverter_name,110.45,month,devwork
2023-01-29,d95b5e9d-f2d5-4950-85a9-909e52f727ba,Penner Farms - SE 27-8-13 (site 2),c3ec3bd8-8836-45bb-97b7-adff01636570,Symo 24.0-3 480 (3),24.0,parsed_from_inverter_name,106.83,month,devwork
2023-01-30,d95b5e9d-f2d5-4950-85a9-909e52f727ba,Penner Farms - SE 27-8-13 (site 2),b8a6c9fe-5838-42e7-9faa-adff01636559,Symo 24.0-3 480 (1),24.0,parsed_from_inverter_name,33.93,month,devwork
2023-01-30,d95b5e9d-f2d5-4950-85a9-909e52f727ba,Penner Farms - SE 27-8-13 (site 2),a9f3ac23-6f93-447b-9037-adff01636562,Symo 24.0-3 480 (2),24.0,parsed_from_inverter_name,24.55,month,devwork
2023-01-30,d95b5e9d-f2d5-4950-85a9-909e52f727ba,Penner Farms - SE 27-8-13 (site 2),c3ec3bd8-8836-45bb-97b7-adff01636570,Symo 24.0-3 480 (3),24.0,parsed_from_inverter_name,19.09,month,devwork
2023-01-31,d95b5e9d-f2d5-4950-85a9-909e52f727ba,Penner Farms - SE 27-8-13 (site 2),b8a6c9fe-5838-42e7-9faa-adff01636559,Symo 24.0-3 480 (1),24.0,parsed_from_inverter_name,47.75,month,devwork
2023-01-31,d95b5e9d-f2d5-4950-85a9-909e52f727ba,Penner Farms - SE 27-8-13 (site 2),a9f3ac23-6f93-447b-9037-adff01636562,Symo 24.0-3 480 (2),24.0,parsed_from_inverter_name,46.2,month,devwork
2023-01-31,d95b5e9d-f2d5-4950-85a9-909e52f727ba,Penner Farms - SE 27-8-13 (site 2),c3ec3bd8-8836-45bb-97b7-adff01636570,Symo 24.0-3 480 (3),24.0,parsed_from_inverter_name,52.17,month,devwork
2023-02-01,d95b5e9d-f2d5-4950-85a9-909e52f727ba,Penner Farms - SE 27-8-13 (site 2),b8a6c9fe-5838-42e7-9faa-adff01636559,Symo 24.0-3 480 (1),24.0,parsed_from_inverter_name,62.86,month,devwork
2023-02-01,d95b5e9d-f2d5-4950-85a9-909e52f727ba,Penner Farms - SE 27-8-13 (site 2),a9f3ac23-6f93-447b-9037-adff01636562,Symo 24.0-3 480 (2),24.0,parsed_from_inverter_name,64.38,month,devwork
2023-02-01,d95b5e9d-f2d5-4950-85a9-909e52f727ba,Penner Farms - SE 27-8-13 (site 2),c3ec3bd8-8836-45bb-97b7-adff01636570,Symo 24.0-3 480 (3),24.0,parsed_from_inverter_name,65.34,month,devwork
2023-02-02,d95b5e9d-f2d5-4950-85a9-909e52f727ba,Penner Farms - SE 27-8-13 (site 2),b8a6c9fe-5838-42e7-9faa-adff01636559,Symo 24.0-3 480 (1),24.0,parsed_from_inverter_name,47.83,month,devwork
2023-02-02,d95b5e9d-f2d5-4950-85a9-909e52f727ba,Penner Farms - SE 27-8-13 (site 2),a9f3ac23-6f93-447b-9037-adff01636562,Symo 24.0-3 480 (2),24.0,parsed_from_inverter_name,48.21,month,devwork
2023-02-02,d95b5e9d-f2d5-4950-85a9-909e52f727ba,Penner Farms - SE 27-8-13 (site 2),c3ec3bd8-8836-45bb-97b7-adff01636570,Symo 24.0-3 480 (3),24.0,parsed_from_inverter_name,47.89,month,devwork
2023-02-03,d95b5e9d-f2d5-4950-85a9-909e52f727ba,Penner Farms - SE 27-8-13 (site 2),b8a6c9fe-5838-42e7-9faa-adff01636559,Symo 24.0-3 480 (1),24.0,parsed_from_inverter_name,62.94,month,devwork
2023-02-03,d95b5e9d-f2d5-4950-85a9-909e52f727ba,Penner Farms - SE 27-8-13 (site 2),a9f3ac23-6f93-447b-9037-adff01636562,Symo 24.0-3 480 (2),24.0,parsed_from_inverter_name,63.87,month,devwork
2023-02-03,d95b5e9d-f2d5-4950-85a9-909e52f727ba,Penner Farms - SE 27-8-13 (site 2),c3ec3bd8-8836-45bb-97b7-adff01636570,Symo 24.0-3 480 (3),24.0,parsed_from_inverter_name,63.3,month,devwork
2023-02-04,d95b5e9d-f2d5-4950-85a9-909e52f727ba,Penner Farms - SE 27-8-13 (site 2),b8a6c9fe-5838-42e7-9faa-adff01636559,Symo 24.0-3 480 (1),24.0,parsed_from_inverter_name,135.22,month,devwork
2023-02-04,d95b5e9d-f2d5-4950-85a9-909e52f727ba,Penner Farms - SE 27-8-13 (site 2),a9f3ac23-6f93-447b-9037-adff01636562,Symo 24.0-3 480 (2),24.0,parsed_from_inverter_name,137.7,month,devwork
2023-02-04,d95b5e9d-f2d5-4950-85a9-909e52f727ba,Penner Farms - SE 27-8-13 (site 2),c3ec3bd8-8836-45bb-97b7-adff01636570,Symo 24.0-3 480 (3),24.0,parsed_from_inverter_name,134.49,month,devwork
2023-02-05,d95b5e9d-f2d5-4950-85a9-909e52f727ba,Penner Farms - SE 27-8-13 (site 2),b8a6c9fe-5838-42e7-9faa-adff01636559,Symo 24.0-3 480 (1),24.0,parsed_from_inverter_name,72.16,month,devwork
2023-02-05,d95b5e9d-f2d5-4950-85a9-909e52f727ba,Penner Farms - SE 27-8-13 (site 2),a9f3ac23-6f93-447b-9037-adff01636562,Symo 24.0-3 480 (2),24.0,parsed_from_inverter_name,73.77,month,devwork
2023-02-05,d95b5e9d-f2d5-4950-85a9-909e52f727ba,Penner Farms - SE 27-8-13 (site 2),c3ec3bd8-8836-45bb-97b7-adff01636570,Symo 24.0-3 480 (3),24.0,parsed_from_inverter_name,72.73,month,devwork
2023-02-06,d95b5e9d-f2d5-4950-85a9-909e52f727ba,Penner Farms - SE 27-8-13 (site 2),b8a6c9fe-5838-42e7-9faa-adff01636559,Symo 24.0-3 480 (1),24.0,parsed_from_inverter_name,138.99,month,devwork
2023-02-06,d95b5e9d-f2d5-4950-85a9-909e52f727ba,Penner Farms - SE 27-8-13 (site 2),a9f3ac23-6f93-447b-9037-adff01636562,Symo 24.0-3 480 (2),24.0,parsed_from_inverter_name,142.42,month,devwork
2023-02-06,d95b5e9d-f2d5-4950-85a9-909e52f727ba,Penner Farms - SE 27-8-13 (site 2),c3ec3bd8-8836-45bb-97b7-adff01636570,Symo 24.0-3 480 (3),24.0,parsed_from_inverter_name,139.55,month,devwork
2023-02-07,d95b5e9d-f2d5-4950-85a9-909e52f727ba,Penner Farms - SE 27-8-13 (site 2),b8a6c9fe-5838-42e7-9faa-adff01636559,Symo 24.0-3 480 (1),24.0,parsed_from_inverter_name,13.49,month,devwork
2023-02-07,d95b5e9d-f2d5-4950-85a9-909e52f727ba,Penner Farms - SE 27-8-13 (site 2),a9f3ac23-6f93-447b-9037-adff01636562,Symo 24.0-3 480 (2),24.0,parsed_from_inverter_name,13.66,month,devwork
2023-02-07,d95b5e9d-f2d5-4950-85a9-909e52f727ba,Penner Farms - SE 27-8-13 (site 2),c3ec3bd8-8836-45bb-97b7-adff01636570,Symo 24.0-3 480 (3),24.0,parsed_from_inverter_name,13.76,month,devwork
2023-02-08,d95b5e9d-f2d5-4950-85a9-909e52f727ba,Penner Farms - SE 27-8-13 (site 2),b8a6c9fe-5838-42e7-9faa-adff01636559,Symo 24.0-3 480 (1),24.0,parsed_from_inverter_name,36.24,month,devwork
2023-02-08,d95b5e9d-f2d5-4950-85a9-909e52f727ba,Penner Farms - SE 27-8-13 (site 2),a9f3ac23-6f93-447b-9037-adff01636562,Symo 24.0-3 480 (2),24.0,parsed_from_inverter_name,36.59,month,devwork
2023-02-08,d95b5e9d-f2d5-4950-85a9-909e52f727ba,Penner Farms - SE 27-8-13 (site 2),c3ec3bd8-8836-45bb-97b7-adff01636570,Symo 24.0-3 480 (3),24.0,parsed_from_inverter_name,37.42,month,devwork
2023-02-09,d95b5e9d-f2d5-4950-85a9-909e52f727ba,Penner Farms - SE 27-8-13 (site 2),b8a6c9fe-5838-42e7-9faa-adff01636559,Symo 24.0-3 480 (1),24.0,parsed_from_inverter_name,156.43,month,devwork
2023-02-09,d95b5e9d-f2d5-4950-85a9-909e52f727ba,Penner Farms - SE 27-8-13 (site 2),a9f3ac23-6f93-447b-9037-adff01636562,Symo 24.0-3 480 (2),24.0,parsed_from_inverter_name,159.76,month,devwork
2023-02-09,d95b5e9d-f2d5-4950-85a9-909e52f727ba,Penner Farms - SE 27-8-13 (site 2),c3ec3bd8-8836-45bb-97b7-adff01636570,Symo 24.0-3 480 (3),24.0,parsed_from_inverter_name,157.15,month,devwork
2023-02-10,d95b5e9d-f2d5-4950-85a9-909e52f727ba,Penner Farms - SE 27-8-13 (site 2),b8a6c9fe-5838-42e7-9faa-adff01636559,Symo 24.0-3 480 (1),24.0,parsed_from_inverter_name,142.19,month,devwork
2023-02-10,d95b5e9d-f2d5-4950-85a9-909e52f727ba,Penner Farms - SE 27-8-13 (site 2),a9f3ac23-6f93-447b-9037-adff01636562,Symo 24.0-3 480 (2),24.0,parsed_from_inverter_name,144.22,month,devwork
2023-02-10,d95b5e9d-f2d5-4950-85a9-909e52f727ba,Penner Farms - SE 27-8-13 (site 2),c3ec3bd8-8836-45bb-97b7-adff01636570,Symo 24.0-3 480 (3),24.0,parsed_from_inverter_name,141.53,month,devwork
2023-02-11,d95b5e9d-f2d5-4950-85a9-909e52f727ba,Penner Farms - SE 27-8-13 (site 2),b8a6c9fe-5838-42e7-9faa-adff01636559,Symo 24.0-3 480 (1),24.0,parsed_from_inverter_name,154.84,month,devwork
2023-02-11,d95b5e9d-f2d5-4950-85a9-909e52f727ba,Penner Farms - SE 27-8-13 (site 2),a9f3ac23-6f93-447b-9037-adff01636562,Symo 24.0-3 480 (2),24.0,parsed_from_inverter_name,156.57,month,devwork
2023-02-11,d95b5e9d-f2d5-4950-85a9-909e52f727ba,Penner Farms - SE 27-8-13 (site 2),c3ec3bd8-8836-45bb-97b7-adff01636570,Symo 24.0-3 480 (3),24.0,parsed_from_inverter_name,154.1,month,devwork
2023-02-12,d95b5e9d-f2d5-4950-85a9-909e52f727ba,Penner Farms - SE 27-8-13 (site 2),b8a6c9fe-5838-42e7-9faa-adff01636559,Symo 24.0-3 480 (1),24.0,parsed_from_inverter_name,110.93,month,devwork
2023-02-12,d95b5e9d-f2d5-4950-85a9-909e52f727ba,Penner Farms - SE 27-8-13 (site 2),a9f3ac23-6f93-447b-9037-adff01636562,Symo 24.0-3 480 (2),24.0,parsed_from_inverter_name,112.02,month,devwork
2023-02-12,d95b5e9d-f2d5-4950-85a9-909e52f727ba,Penner Farms - SE 27-8-13 (site 2),c3ec3bd8-8836-45bb-97b7-adff01636570,Symo 24.0-3 480 (3),24.0,parsed_from_inverter_name,110.53,month,devwork
2023-02-13,d95b5e9d-f2d5-4950-85a9-909e52f727ba,Penner Farms - SE 27-8-13 (site 2),b8a6c9fe-5838-42e7-9faa-adff01636559,Symo 24.0-3 480 (1),24.0,parsed_from_inverter_name,58.23,month,devwork
2023-02-13,d95b5e9d-f2d5-4950-85a9-909e52f727ba,Penner Farms - SE 27-8-13 (site 2),a9f3ac23-6f93-447b-9037-adff01636562,Symo 24.0-3 480 (2),24.0,parsed_from_inverter_name,58.92,month,devwork
2023-02-13,d95b5e9d-f2d5-4950-85a9-909e52f727ba,Penner Farms - SE 27-8-13 (site 2),c3ec3bd8-8836-45bb-97b7-adff01636570,Symo 24.0-3 480 (3),24.0,parsed_from_inverter_name,58.36,month,devwork
2023-02-14,d95b5e9d-f2d5-4950-85a9-909e52f727ba,Penner Farms - SE 27-8-13 (site 2),b8a6c9fe-5838-42e7-9faa-adff01636559,Symo 24.0-3 480 (1),24.0,parsed_from_inverter_name,20.14,month,devwork
2023-02-14,d95b5e9d-f2d5-4950-85a9-909e52f727ba,Penner Farms - SE 27-8-13 (site 2),a9f3ac23-6f93-447b-9037-adff01636562,Symo 24.0-3 480 (2),24.0,parsed_from_inverter_name,23.86,month,devwork
2023-02-14,d95b5e9d-f2d5-4950-85a9-909e52f727ba,Penner Farms - SE 27-8-13 (site 2),c3ec3bd8-8836-45bb-97b7-adff01636570,Symo 24.0-3 480 (3),24.0,parsed_from_inverter_name,23.26,month,devwork
2023-02-15,d95b5e9d-f2d5-4950-85a9-909e52f727ba,Penner Farms - SE 27-8-13 (site 2),b8a6c9fe-5838-42e7-9faa-adff01636559,Symo 24.0-3 480 (1),24.0,parsed_from_inverter_name,90.78,month,devwork
2023-02-15,d95b5e9d-f2d5-4950-85a9-909e52f727ba,Penner Farms - SE 27-8-13 (site 2),a9f3ac23-6f93-447b-9037-adff01636562,Symo 24.0-3 480 (2),24.0,parsed_from_inverter_name,100.2,month,devwork
2023-02-15,d95b5e9d-f2d5-4950-85a9-909e52f727ba,Penner Farms - SE 27-8-13 (site 2),c3ec3bd8-8836-45bb-97b7-adff01636570,Symo 24.0-3 480 (3),24.0,parsed_from_inverter_name,96.24,month,devwork
2023-02-16,d95b5e9d-f2d5-4950-85a9-909e52f727ba,Penner Farms - SE 27-8-13 (site 2),b8a6c9fe-5838-42e7-9faa-adff01636559,Symo 24.0-3 480 (1),24.0,parsed_from_inverter_name,115.34,month,devwork
2023-02-16,d95b5e9d-f2d5-4950-85a9-909e52f727ba,Penner Farms - SE 27-8-13 (site 2),a9f3ac23-6f93-447b-9037-adff01636562,Symo 24.0-3 480 (2),24.0,parsed_from_inverter_name,117.82,month,devwork
2023-02-16,d95b5e9d-f2d5-4950-85a9-909e52f727ba,Penner Farms - SE 27-8-13 (site 2),c3ec3bd8-8836-45bb-97b7-adff01636570,Symo 24.0-3 480 (3),24.0,parsed_from_inverter_name,116.94,month,devwork
2023-02-17,d95b5e9d-f2d5-4950-85a9-909e52f727ba,Penner Farms - SE 27-8-13 (site 2),b8a6c9fe-5838-42e7-9faa-adff01636559,Symo 24.0-3 480 (1),24.0,parsed_from_inverter_name,98.17,month,devwork
2023-02-17,d95b5e9d-f2d5-4950-85a9-909e52f727ba,Penner Farms - SE 27-8-13 (site 2),a9f3ac23-6f93-447b-9037-adff01636562,Symo 24.0-3 480 (2),24.0,parsed_from_inverter_name,99.07,month,devwork
2023-02-17,d95b5e9d-f2d5-4950-85a9-909e52f727ba,Penner Farms - SE 27-8-13 (site 2),c3ec3bd8-8836-45bb-97b7-adff01636570,Symo 24.0-3 480 (3),24.0,parsed_from_inverter_name,98.04,month,devwork
2023-02-18,d95b5e9d-f2d5-4950-85a9-909e52f727ba,Penner Farms - SE 27-8-13 (site 2),b8a6c9fe-5838-42e7-9faa-adff01636559,Symo 24.0-3 480 (1),24.0,parsed_from_inverter_name,135.72,month,devwork
2023-02-18,d95b5e9d-f2d5-4950-85a9-909e52f727ba,Penner Farms - SE 27-8-13 (site 2),a9f3ac23-6f93-447b-9037-adff01636562,Symo 24.0-3 480 (2),24.0,parsed_from_inverter_name,136.37,month,devwork
2023-02-18,d95b5e9d-f2d5-4950-85a9-909e52f727ba,Penner Farms - SE 27-8-13 (site 2),c3ec3bd8-8836-45bb-97b7-adff01636570,Symo 24.0-3 480 (3),24.0,parsed_from_inverter_name,135.06,month,devwork
2023-02-19,d95b5e9d-f2d5-4950-85a9-909e52f727ba,Penner Farms - SE 27-8-13 (site 2),b8a6c9fe-5838-42e7-9faa-adff01636559,Symo 24.0-3 480 (1),24.0,parsed_from_inverter_name,112.17,month,devwork
2023-02-19,d95b5e9d-f2d5-4950-85a9-909e52f727ba,Penner Farms - SE 27-8-13 (site 2),a9f3ac23-6f93-447b-9037-adff01636562,Symo 24.0-3 480 (2),24.0,parsed_from_inverter_name,112.95,month,devwork
2023-02-19,d95b5e9d-f2d5-4950-85a9-909e52f727ba,Penner Farms - SE 27-8-13 (site 2),c3ec3bd8-8836-45bb-97b7-adff01636570,Symo 24.0-3 480 (3),24.0,parsed_from_inverter_name,111.67,month,devwork
2023-02-20,d95b5e9d-f2d5-4950-85a9-909e52f727ba,Penner Farms - SE 27-8-13 (site 2),b8a6c9fe-5838-42e7-9faa-adff01636559,Symo 24.0-3 480 (1),24.0,parsed_from_inverter_name,32.8,month,devwork
2023-02-20,d95b5e9d-f2d5-4950-85a9-909e52f727ba,Penner Farms - SE 27-8-13 (site 2),a9f3ac23-6f93-447b-9037-adff01636562,Symo 24.0-3 480 (2),24.0,parsed_from_inverter_name,31.99,month,devwork
2023-02-20,d95b5e9d-f2d5-4950-85a9-909e52f727ba,Penner Farms - SE 27-8-13 (site 2),c3ec3bd8-8836-45bb-97b7-adff01636570,Symo 24.0-3 480 (3),24.0,parsed_from_inverter_name,31.14,month,devwork
2023-02-21,d95b5e9d-f2d5-4950-85a9-909e52f727ba,Penner Farms - SE 27-8-13 (site 2),b8a6c9fe-5838-42e7-9faa-adff01636559,Symo 24.0-3 480 (1),24.0,parsed_from_inverter_name,53.31,month,devwork
2023-02-21,d95b5e9d-f2d5-4950-85a9-909e52f727ba,Penner Farms - SE 27-8-13 (site 2),a9f3ac23-6f93-447b-9037-adff01636562,Symo 24.0-3 480 (2),24.0,parsed_from_inverter_name,44.97,month,devwork
2023-02-21,d95b5e9d-f2d5-4950-85a9-909e52f727ba,Penner Farms - SE 27-8-13 (site 2),c3ec3bd8-8836-45bb-97b7-adff01636570,Symo 24.0-3 480 (3),24.0,parsed_from_inverter_name,47.42,month,devwork
2023-02-22,d95b5e9d-f2d5-4950-85a9-909e52f727ba,Penner Farms - SE 27-8-13 (site 2),b8a6c9fe-5838-42e7-9faa-adff01636559,Symo 24.0-3 480 (1),24.0,parsed_from_inverter_name,55.45,month,devwork
2023-02-22,d95b5e9d-f2d5-4950-85a9-909e52f727ba,Penner Farms - SE 27-8-13 (site 2),a9f3ac23-6f93-447b-9037-adff01636562,Symo 24.0-3 480 (2),24.0,parsed_from_inverter_name,41.69,month,devwork
2023-02-22,d95b5e9d-f2d5-4950-85a9-909e52f727ba,Penner Farms - SE 27-8-13 (site 2),c3ec3bd8-8836-45bb-97b7-adff01636570,Symo 24.0-3 480 (3),24.0,parsed_from_inverter_name,49.25,month,devwork
2023-02-23,d95b5e9d-f2d5-4950-85a9-909e52f727ba,Penner Farms - SE 27-8-13 (site 2),b8a6c9fe-5838-42e7-9faa-adff01636559,Symo 24.0-3 480 (1),24.0,parsed_from_inverter_name,55.58,month,devwork
2023-02-23,d95b5e9d-f2d5-4950-85a9-909e52f727ba,Penner Farms - SE 27-8-13 (site 2),a9f3ac23-6f93-447b-9037-adff01636562,Symo 24.0-3 480 (2),24.0,parsed_from_inverter_name,40.96,month,devwork
2023-02-23,d95b5e9d-f2d5-4950-85a9-909e52f727ba,Penner Farms - SE 27-8-13 (site 2),c3ec3bd8-8836-45bb-97b7-adff01636570,Symo 24.0-3 480 (3),24.0,parsed_from_inverter_name,48.74,month,devwork
2023-02-24,d95b5e9d-f2d5-4950-85a9-909e52f727ba,Penner Farms - SE 27-8-13 (site 2),b8a6c9fe-5838-42e7-9faa-adff01636559,Symo 24.0-3 480 (1),24.0,parsed_from_inverter_name,74.3,month,devwork
2023-02-24,d95b5e9d-f2d5-4950-85a9-909e52f727ba,Penner Farms - SE 27-8-13 (site 2),a9f3ac23-6f93-447b-9037-adff01636562,Symo 24.0-3 480 (2),24.0,parsed_from_inverter_name,49.04,month,devwork
2023-02-24,d95b5e9d-f2d5-4950-85a9-909e52f727ba,Penner Farms - SE 27-8-13 (site 2),c3ec3bd8-8836-45bb-97b7-adff01636570,Symo 24.0-3 480 (3),24.0,parsed_from_inverter_name,61.85,month,devwork
2023-02-25,d95b5e9d-f2d5-4950-85a9-909e52f727ba,Penner Farms - SE 27-8-13 (site 2),b8a6c9fe-5838-42e7-9faa-adff01636559,Symo 24.0-3 480 (1),24.0,parsed_from_inverter_name,126.75,month,devwork
2023-02-25,d95b5e9d-f2d5-4950-85a9-909e52f727ba,Penner Farms - SE 27-8-13 (site 2),a9f3ac23-6f93-447b-9037-adff01636562,Symo 24.0-3 480 (2),24.0,parsed_from_inverter_name,106.19,month,devwork
2023-02-25,d95b5e9d-f2d5-4950-85a9-909e52f727ba,Penner Farms - SE 27-8-13 (site 2),c3ec3bd8-8836-45bb-97b7-adff01636570,Symo 24.0-3 480 (3),24.0,parsed_from_inverter_name,116.58,month,devwork
2023-02-26,d95b5e9d-f2d5-4950-85a9-909e52f727ba,Penner Farms - SE 27-8-13 (site 2),b8a6c9fe-5838-42e7-9faa-adff01636559,Symo 24.0-3 480 (1),24.0,parsed_from_inverter_name,92.76,month,devwork
2023-02-26,d95b5e9d-f2d5-4950-85a9-909e52f727ba,Penner Farms - SE 27-8-13 (site 2),a9f3ac23-6f93-447b-9037-adff01636562,Symo 24.0-3 480 (2),24.0,parsed_from_inverter_name,94.11,month,devwork
2023-02-26,d95b5e9d-f2d5-4950-85a9-909e52f727ba,Penner Farms - SE 27-8-13 (site 2),c3ec3bd8-8836-45bb-97b7-adff01636570,Symo 24.0-3 480 (3),24.0,parsed_from_inverter_name,92.61,month,devwork
2023-02-27,d95b5e9d-f2d5-4950-85a9-909e52f727ba,Penner Farms - SE 27-8-13 (site 2),b8a6c9fe-5838-42e7-9faa-adff01636559,Symo 24.0-3 480 (1),24.0,parsed_from_inverter_name,171.36,month,devwork
2023-02-27,d95b5e9d-f2d5-4950-85a9-909e52f727ba,Penner Farms - SE 27-8-13 (site 2),a9f3ac23-6f93-447b-9037-adff01636562,Symo 24.0-3 480 (2),24.0,parsed_from_inverter_name,172.89,month,devwork
2023-02-27,d95b5e9d-f2d5-4950-85a9-909e52f727ba,Penner Farms - SE 27-8-13 (site 2),c3ec3bd8-8836-45bb-97b7-adff01636570,Symo 24.0-3 480 (3),24.0,parsed_from_inverter_name,168.94,month,devwork
2023-02-28,d95b5e9d-f2d5-4950-85a9-909e52f727ba,Penner Farms - SE 27-8-13 (site 2),b8a6c9fe-5838-42e7-9faa-adff01636559,Symo 24.0-3 480 (1),24.0,parsed_from_inverter_name,70.13,month,devwork
2023-02-28,d95b5e9d-f2d5-4950-85a9-909e52f727ba,Penner Farms - SE 27-8-13 (site 2),a9f3ac23-6f93-447b-9037-adff01636562,Symo 24.0-3 480 (2),24.0,parsed_from_inverter_name,67.39,month,devwork
2023-02-28,d95b5e9d-f2d5-4950-85a9-909e52f727ba,Penner Farms - SE 27-8-13 (site 2),c3ec3bd8-8836-45bb-97b7-adff01636570,Symo 24.0-3 480 (3),24.0,parsed_from_inverter_name,74.92,month,devwork
2023-03-01,d95b5e9d-f2d5-4950-85a9-909e52f727ba,Penner Farms - SE 27-8-13 (site 2),b8a6c9fe-5838-42e7-9faa-adff01636559,Symo 24.0-3 480 (1),24.0,parsed_from_inverter_name,176.62,month,devwork
2023-03-01,d95b5e9d-f2d5-4950-85a9-909e52f727ba,Penner Farms - SE 27-8-13 (site 2),a9f3ac23-6f93-447b-9037-adff01636562,Symo 24.0-3 480 (2),24.0,parsed_from_inverter_name,175.96,month,devwork
2023-03-01,d95b5e9d-f2d5-4950-85a9-909e52f727ba,Penner Farms - SE 27-8-13 (site 2),c3ec3bd8-8836-45bb-97b7-adff01636570,Symo 24.0-3 480 (3),24.0,parsed_from_inverter_name,176.67,month,devwork
2023-03-02,d95b5e9d-f2d5-4950-85a9-909e52f727ba,Penner Farms - SE 27-8-13 (site 2),b8a6c9fe-5838-42e7-9faa-adff01636559,Symo 24.0-3 480 (1),24.0,parsed_from_inverter_name,156.06,month,devwork
2023-03-02,d95b5e9d-f2d5-4950-85a9-909e52f727ba,Penner Farms - SE 27-8-13 (site 2),a9f3ac23-6f93-447b-9037-adff01636562,Symo 24.0-3 480 (2),24.0,parsed_from_inverter_name,158.07,month,devwork
2023-03-02,d95b5e9d-f2d5-4950-85a9-909e52f727ba,Penner Farms - SE 27-8-13 (site 2),c3ec3bd8-8836-45bb-97b7-adff01636570,Symo 24.0-3 480 (3),24.0,parsed_from_inverter_name,157.58,month,devwork
2023-03-03,d95b5e9d-f2d5-4950-85a9-909e52f727ba,Penner Farms - SE 27-8-13 (site 2),b8a6c9fe-5838-42e7-9faa-adff01636559,Symo 24.0-3 480 (1),24.0,parsed_from_inverter_name,187.54,month,devwork
2023-03-03,d95b5e9d-f2d5-4950-85a9-909e52f727ba,Penner Farms - SE 27-8-13 (site 2),a9f3ac23-6f93-447b-9037-adff01636562,Symo 24.0-3 480 (2),24.0,parsed_from_inverter_name,189.27,month,devwork
2023-03-03,d95b5e9d-f2d5-4950-85a9-909e52f727ba,Penner Farms - SE 27-8-13 (site 2),c3ec3bd8-8836-45bb-97b7-adff01636570,Symo 24.0-3 480 (3),24.0,parsed_from_inverter_name,188.3,month,devwork
2023-03-04,d95b5e9d-f2d5-4950-85a9-909e52f727ba,Penner Farms - SE 27-8-13 (site 2),b8a6c9fe-5838-42e7-9faa-adff01636559,Symo 24.0-3 480 (1),24.0,parsed_from_inverter_name,185.96,month,devwork
2023-03-04,d95b5e9d-f2d5-4950-85a9-909e52f727ba,Penner Farms - SE 27-8-13 (site 2),a9f3ac23-6f93-447b-9037-adff01636562,Symo 24.0-3 480 (2),24.0,parsed_from_inverter_name,187.61,month,devwork
2023-03-04,d95b5e9d-f2d5-4950-85a9-909e52f727ba,Penner Farms - SE 27-8-13 (site 2),c3ec3bd8-8836-45bb-97b7-adff01636570,Symo 24.0-3 480 (3),24.0,parsed_from_inverter_name,186.44,month,devwork
2023-03-05,d95b5e9d-f2d5-4950-85a9-909e52f727ba,Penner Farms - SE 27-8-13 (site 2),b8a6c9fe-5838-42e7-9faa-adff01636559,Symo 24.0-3 480 (1),24.0,parsed_from_inverter_name,75.1,month,devwork
2023-03-05,d95b5e9d-f2d5-4950-85a9-909e52f727ba,Penner Farms - SE 27-8-13 (site 2),a9f3ac23-6f93-447b-9037-adff01636562,Symo 24.0-3 480 (2),24.0,parsed_from_inverter_name,76.03,month,devwork
2023-03-05,d95b5e9d-f2d5-4950-85a9-909e52f727ba,Penner Farms - SE 27-8-13 (site 2),c3ec3bd8-8836-45bb-97b7-adff01636570,Symo 24.0-3 480 (3),24.0,parsed_from_inverter_name,77.16,month,devwork
2023-03-06,d95b5e9d-f2d5-4950-85a9-909e52f727ba,Penner Farms - SE 27-8-13 (site 2),b8a6c9fe-5838-42e7-9faa-adff01636559,Symo 24.0-3 480 (1),24.0,parsed_from_inverter_name,143.39,month,devwork
2023-03-06,d95b5e9d-f2d5-4950-85a9-909e52f727ba,Penner Farms - SE 27-8-13 (site 2),a9f3ac23-6f93-447b-9037-adff01636562,Symo 24.0-3 480 (2),24.0,parsed_from_inverter_name,145.55,month,devwork
2023-03-06,d95b5e9d-f2d5-4950-85a9-909e52f727ba,Penner Farms - SE 27-8-13 (site 2),c3ec3bd8-8836-45bb-97b7-adff01636570,Symo 24.0-3 480 (3),24.0,parsed_from_inverter_name,143.85,month,devwork
2023-03-07,d95b5e9d-f2d5-4950-85a9-909e52f727ba,Penner Farms - SE 27-8-13 (site 2),b8a6c9fe-5838-42e7-9faa-adff01636559,Symo 24.0-3 480 (1),24.0,parsed_from_inverter_name,140.41,month,devwork
2023-03-07,d95b5e9d-f2d5-4950-85a9-909e52f727ba,Penner Farms - SE 27-8-13 (site 2),a9f3ac23-6f93-447b-9037-adff01636562,Symo 24.0-3 480 (2),24.0,parsed_from_inverter_name,148.08,month,devwork
2023-03-07,d95b5e9d-f2d5-4950-85a9-909e52f727ba,Penner Farms - SE 27-8-13 (site 2),c3ec3bd8-8836-45bb-97b7-adff01636570,Symo 24.0-3 480 (3),24.0,parsed_from_inverter_name,147.43,month,devwork
2023-03-08,d95b5e9d-f2d5-4950-85a9-909e52f727ba,Penner Farms - SE 27-8-13 (site 2),b8a6c9fe-5838-42e7-9faa-adff01636559,Symo 24.0-3 480 (1),24.0,parsed_from_inverter_name,114.73,month,devwork
2023-03-08,d95b5e9d-f2d5-4950-85a9-909e52f727ba,Penner Farms - SE 27-8-13 (site 2),a9f3ac23-6f93-447b-9037-adff01636562,Symo 24.0-3 480 (2),24.0,parsed_from_inverter_name,115.65,month,devwork
2023-03-08,d95b5e9d-f2d5-4950-85a9-909e52f727ba,Penner Farms - SE 27-8-13 (site 2),c3ec3bd8-8836-45bb-97b7-adff01636570,Symo 24.0-3 480 (3),24.0,parsed_from_inverter_name,115.76,month,devwork
2023-03-09,d95b5e9d-f2d5-4950-85a9-909e52f727ba,Penner Farms - SE 27-8-13 (site 2),b8a6c9fe-5838-42e7-9faa-adff01636559,Symo 24.0-3 480 (1),24.0,parsed_from_inverter_name,158.71,month,devwork
2023-03-09,d95b5e9d-f2d5-4950-85a9-909e52f727ba,Penner Farms - SE 27-8-13 (site 2),a9f3ac23-6f93-447b-9037-adff01636562,Symo 24.0-3 480 (2),24.0,parsed_from_inverter_name,160.08,month,devwork
2023-03-09,d95b5e9d-f2d5-4950-85a9-909e52f727ba,Penner Farms - SE 27-8-13 (site 2),c3ec3bd8-8836-45bb-97b7-adff01636570,Symo 24.0-3 480 (3),24.0,parsed_from_inverter_name,160.38,month,devwork
2023-03-10,d95b5e9d-f2d5-4950-85a9-909e52f727ba,Penner Farms - SE 27-8-13 (site 2),b8a6c9fe-5838-42e7-9faa-adff01636559,Symo 24.0-3 480 (1),24.0,parsed_from_inverter_name,48.84,month,devwork
2023-03-10,d95b5e9d-f2d5-4950-85a9-909e52f727ba,Penner Farms - SE 27-8-13 (site 2),a9f3ac23-6f93-447b-9037-adff01636562,Symo 24.0-3 480 (2),24.0,parsed_from_inverter_name,49.03,month,devwork
2023-03-10,d95b5e9d-f2d5-4950-85a9-909e52f727ba,Penner Farms - SE 27-8-13 (site 2),c3ec3bd8-8836-45bb-97b7-adff01636570,Symo 24.0-3 480 (3),24.0,parsed_from_inverter_name,48.5,month,devwork
2023-03-11,d95b5e9d-f2d5-4950-85a9-909e52f727ba,Penner Farms - SE 27-8-13 (site 2),b8a6c9fe-5838-42e7-9faa-adff01636559,Symo 24.0-3 480 (1),24.0,parsed_from_inverter_name,154.92,month,devwork
2023-03-11,d95b5e9d-f2d5-4950-85a9-909e52f727ba,Penner Farms - SE 27-8-13 (site 2),a9f3ac23-6f93-447b-9037-adff01636562,Symo 24.0-3 480 (2),24.0,parsed_from_inverter_name,159.42,month,devwork
2023-03-11,d95b5e9d-f2d5-4950-85a9-909e52f727ba,Penner Farms - SE 27-8-13 (site 2),c3ec3bd8-8836-45bb-97b7-adff01636570,Symo 24.0-3 480 (3),24.0,parsed_from_inverter_name,139.43,month,devwork
2023-03-12,d95b5e9d-f2d5-4950-85a9-909e52f727ba,Penner Farms - SE 27-8-13 (site 2),b8a6c9fe-5838-42e7-9faa-adff01636559,Symo 24.0-3 480 (1),24.0,parsed_from_inverter_name,196.91,month,devwork
2023-03-12,d95b5e9d-f2d5-4950-85a9-909e52f727ba,Penner Farms - SE 27-8-13 (site 2),a9f3ac23-6f93-447b-9037-adff01636562,Symo 24.0-3 480 (2),24.0,parsed_from_inverter_name,197.25,month,devwork
2023-03-12,d95b5e9d-f2d5-4950-85a9-909e52f727ba,Penner Farms - SE 27-8-13 (site 2),c3ec3bd8-8836-45bb-97b7-adff01636570,Symo 24.0-3 480 (3),24.0,parsed_from_inverter_name,185.06,month,devwork
2023-03-13,d95b5e9d-f2d5-4950-85a9-909e52f727ba,Penner Farms - SE 27-8-13 (site 2),b8a6c9fe-5838-42e7-9faa-adff01636559,Symo 24.0-3 480 (1),24.0,parsed_from_inverter_name,172.57,month,devwork
2023-03-13,d95b5e9d-f2d5-4950-85a9-909e52f727ba,Penner Farms - SE 27-8-13 (site 2),a9f3ac23-6f93-447b-9037-adff01636562,Symo 24.0-3 480 (2),24.0,parsed_from_inverter_name,174.49,month,devwork
2023-03-13,d95b5e9d-f2d5-4950-85a9-909e52f727ba,Penner Farms - SE 27-8-13 (site 2),c3ec3bd8-8836-45bb-97b7-adff01636570,Symo 24.0-3 480 (3),24.0,parsed_from_inverter_name,168.36,month,devwork
2023-03-14,d95b5e9d-f2d5-4950-85a9-909e52f727ba,Penner Farms - SE 27-8-13 (site 2),b8a6c9fe-5838-42e7-9faa-adff01636559,Symo 24.0-3 480 (1),24.0,parsed_from_inverter_name,179.82,month,devwork
2023-03-14,d95b5e9d-f2d5-4950-85a9-909e52f727ba,Penner Farms - SE 27-8-13 (site 2),a9f3ac23-6f93-447b-9037-adff01636562,Symo 24.0-3 480 (2),24.0,parsed_from_inverter_name,181.62,month,devwork
2023-03-14,d95b5e9d-f2d5-4950-85a9-909e52f727ba,Penner Farms - SE 27-8-13 (site 2),c3ec3bd8-8836-45bb-97b7-adff01636570,Symo 24.0-3 480 (3),24.0,parsed_from_inverter_name,181.21,month,devwork
2023-03-15,d95b5e9d-f2d5-4950-85a9-909e52f727ba,Penner Farms - SE 27-8-13 (site 2),b8a6c9fe-5838-42e7-9faa-adff01636559,Symo 24.0-3 480 (1),24.0,parsed_from_inverter_name,131.5,month,devwork
2023-03-15,d95b5e9d-f2d5-4950-85a9-909e52f727ba,Penner Farms - SE 27-8-13 (site 2),a9f3ac23-6f93-447b-9037-adff01636562,Symo 24.0-3 480 (2),24.0,parsed_from_inverter_name,134.43,month,devwork
2023-03-15,d95b5e9d-f2d5-4950-85a9-909e52f727ba,Penner Farms - SE 27-8-13 (site 2),c3ec3bd8-8836-45bb-97b7-adff01636570,Symo 24.0-3 480 (3),24.0,parsed_from_inverter_name,134.76,month,devwork
2023-03-16,d95b5e9d-f2d5-4950-85a9-909e52f727ba,Penner Farms - SE 27-8-13 (site 2),b8a6c9fe-5838-42e7-9faa-adff01636559,Symo 24.0-3 480 (1),24.0,parsed_from_inverter_name,155.28,month,devwork
2023-03-16,d95b5e9d-f2d5-4950-85a9-909e52f727ba,Penner Farms - SE 27-8-13 (site 2),a9f3ac23-6f93-447b-9037-adff01636562,Symo 24.0-3 480 (2),24.0,parsed_from_inverter_name,195.03,month,devwork
2023-03-16,d95b5e9d-f2d5-4950-85a9-909e52f727ba,Penner Farms - SE 27-8-13 (site 2),c3ec3bd8-8836-45bb-97b7-adff01636570,Symo 24.0-3 480 (3),24.0,parsed_from_inverter_name,194.55,month,devwork
2023-03-17,d95b5e9d-f2d5-4950-85a9-909e52f727ba,Penner Farms - SE 27-8-13 (site 2),b8a6c9fe-5838-42e7-9faa-adff01636559,Symo 24.0-3 480 (1),24.0,parsed_from_inverter_name,204.57,month,devwork
2023-03-17,d95b5e9d-f2d5-4950-85a9-909e52f727ba,Penner Farms - SE 27-8-13 (site 2),a9f3ac23-6f93-447b-9037-adff01636562,Symo 24.0-3 480 (2),24.0,parsed_from_inverter_name,206.29,month,devwork
2023-03-17,d95b5e9d-f2d5-4950-85a9-909e52f727ba,Penner Farms - SE 27-8-13 (site 2),c3ec3bd8-8836-45bb-97b7-adff01636570,Symo 24.0-3 480 (3),24.0,parsed_from_inverter_name,202.22,month,devwork
2023-03-18,d95b5e9d-f2d5-4950-85a9-909e52f727ba,Penner Farms - SE 27-8-13 (site 2),b8a6c9fe-5838-42e7-9faa-adff01636559,Symo 24.0-3 480 (1),24.0,parsed_from_inverter_name,176.25,month,devwork
2023-03-18,d95b5e9d-f2d5-4950-85a9-909e52f727ba,Penner Farms - SE 27-8-13 (site 2),a9f3ac23-6f93-447b-9037-adff01636562,Symo 24.0-3 480 (2),24.0,parsed_from_inverter_name,178.7,month,devwork
2023-03-18,d95b5e9d-f2d5-4950-85a9-909e52f727ba,Penner Farms - SE 27-8-13 (site 2),c3ec3bd8-8836-45bb-97b7-adff01636570,Symo 24.0-3 480 (3),24.0,parsed_from_inverter_name,137.81,month,devwork
2023-03-19,d95b5e9d-f2d5-4950-85a9-909e52f727ba,Penner Farms - SE 27-8-13 (site 2),b8a6c9fe-5838-42e7-9faa-adff01636559,Symo 24.0-3 480 (1),24.0,parsed_from_inverter_name,196.91,month,devwork
2023-03-19,d95b5e9d-f2d5-4950-85a9-909e52f727ba,Penner Farms - SE 27-8-13 (site 2),a9f3ac23-6f93-447b-9037-adff01636562,Symo 24.0-3 480 (2),24.0,parsed_from_inverter_name,196.46,month,devwork
2023-03-19,d95b5e9d-f2d5-4950-85a9-909e52f727ba,Penner Farms - SE 27-8-13 (site 2),c3ec3bd8-8836-45bb-97b7-adff01636570,Symo 24.0-3 480 (3),24.0,parsed_from_inverter_name,196.11,month,devwork
2023-03-20,d95b5e9d-f2d5-4950-85a9-909e52f727ba,Penner Farms - SE 27-8-13 (site 2),b8a6c9fe-5838-42e7-9faa-adff01636559,Symo 24.0-3 480 (1),24.0,parsed_from_inverter_name,199.71,month,devwork
2023-03-20,d95b5e9d-f2d5-4950-85a9-909e52f727ba,Penner Farms - SE 27-8-13 (site 2),a9f3ac23-6f93-447b-9037-adff01636562,Symo 24.0-3 480 (2),24.0,parsed_from_inverter_name,201.77,month,devwork
2023-03-20,d95b5e9d-f2d5-4950-85a9-909e52f727ba,Penner Farms - SE 27-8-13 (site 2),c3ec3bd8-8836-45bb-97b7-adff01636570,Symo 24.0-3 480 (3),24.0,parsed_from_inverter_name,201.38,month,devwork
2023-03-21,d95b5e9d-f2d5-4950-85a9-909e52f727ba,Penner Farms - SE 27-8-13 (site 2),b8a6c9fe-5838-42e7-9faa-adff01636559,Symo 24.0-3 480 (1),24.0,parsed_from_inverter_name,169.34,month,devwork
2023-03-21,d95b5e9d-f2d5-4950-85a9-909e52f727ba,Penner Farms - SE 27-8-13 (site 2),a9f3ac23-6f93-447b-9037-adff01636562,Symo 24.0-3 480 (2),24.0,parsed_from_inverter_name,170.79,month,devwork
2023-03-21,d95b5e9d-f2d5-4950-85a9-909e52f727ba,Penner Farms - SE 27-8-13 (site 2),c3ec3bd8-8836-45bb-97b7-adff01636570,Symo 24.0-3 480 (3),24.0,parsed_from_inverter_name,171.66,month,devwork
2023-03-22,d95b5e9d-f2d5-4950-85a9-909e52f727ba,Penner Farms - SE 27-8-13 (site 2),b8a6c9fe-5838-42e7-9faa-adff01636559,Symo 24.0-3 480 (1),24.0,parsed_from_inverter_name,166.06,month,devwork
2023-03-22,d95b5e9d-f2d5-4950-85a9-909e52f727ba,Penner Farms - SE 27-8-13 (site 2),a9f3ac23-6f93-447b-9037-adff01636562,Symo 24.0-3 480 (2),24.0,parsed_from_inverter_name,168.4,month,devwork
2023-03-22,d95b5e9d-f2d5-4950-85a9-909e52f727ba,Penner Farms - SE 27-8-13 (site 2),c3ec3bd8-8836-45bb-97b7-adff01636570,Symo 24.0-3 480 (3),24.0,parsed_from_inverter_name,168.36,month,devwork
2023-03-23,d95b5e9d-f2d5-4950-85a9-909e52f727ba,Penner Farms - SE 27-8-13 (site 2),b8a6c9fe-5838-42e7-9faa-adff01636559,Symo 24.0-3 480 (1),24.0,parsed_from_inverter_name,199.38,month,devwork
2023-03-23,d95b5e9d-f2d5-4950-85a9-909e52f727ba,Penner Farms - SE 27-8-13 (site 2),a9f3ac23-6f93-447b-9037-adff01636562,Symo 24.0-3 480 (2),24.0,parsed_from_inverter_name,200.87,month,devwork
2023-03-23,d95b5e9d-f2d5-4950-85a9-909e52f727ba,Penner Farms - SE 27-8-13 (site 2),c3ec3bd8-8836-45bb-97b7-adff01636570,Symo 24.0-3 480 (3),24.0,parsed_from_inverter_name,200.83,month,devwork
2023-03-24,d95b5e9d-f2d5-4950-85a9-909e52f727ba,Penner Farms - SE 27-8-13 (site 2),b8a6c9fe-5838-42e7-9faa-adff01636559,Symo 24.0-3 480 (1),24.0,parsed_from_inverter_name,175.07,month,devwork
2023-03-24,d95b5e9d-f2d5-4950-85a9-909e52f727ba,Penner Farms - SE 27-8-13 (site 2),a9f3ac23-6f93-447b-9037-adff01636562,Symo 24.0-3 480 (2),24.0,parsed_from_inverter_name,176.84,month,devwork
2023-03-24,d95b5e9d-f2d5-4950-85a9-909e52f727ba,Penner Farms - SE 27-8-13 (site 2),c3ec3bd8-8836-45bb-97b7-adff01636570,Symo 24.0-3 480 (3),24.0,parsed_from_inverter_name,178.16,month,devwork
2023-03-25,d95b5e9d-f2d5-4950-85a9-909e52f727ba,Penner Farms - SE 27-8-13 (site 2),b8a6c9fe-5838-42e7-9faa-adff01636559,Symo 24.0-3 480 (1),24.0,parsed_from_inverter_name,66.52,month,devwork
2023-03-25,d95b5e9d-f2d5-4950-85a9-909e52f727ba,Penner Farms - SE 27-8-13 (site 2),a9f3ac23-6f93-447b-9037-adff01636562,Symo 24.0-3 480 (2),24.0,parsed_from_inverter_name,68.04,month,devwork
2023-03-25,d95b5e9d-f2d5-4950-85a9-909e52f727ba,Penner Farms - SE 27-8-13 (site 2),c3ec3bd8-8836-45bb-97b7-adff01636570,Symo 24.0-3 480 (3),24.0,parsed_from_inverter_name,69.53,month,devwork
2023-03-26,d95b5e9d-f2d5-4950-85a9-909e52f727ba,Penner Farms - SE 27-8-13 (site 2),b8a6c9fe-5838-42e7-9faa-adff01636559,Symo 24.0-3 480 (1),24.0,parsed_from_inverter_name,143.03,month,devwork
2023-03-26,d95b5e9d-f2d5-4950-85a9-909e52f727ba,Penner Farms - SE 27-8-13 (site 2),a9f3ac23-6f93-447b-9037-adff01636562,Symo 24.0-3 480 (2),24.0,parsed_from_inverter_name,145.21,month,devwork
2023-03-26,d95b5e9d-f2d5-4950-85a9-909e52f727ba,Penner Farms - SE 27-8-13 (site 2),c3ec3bd8-8836-45bb-97b7-adff01636570,Symo 24.0-3 480 (3),24.0,parsed_from_inverter_name,145.85,month,devwork
2023-03-27,d95b5e9d-f2d5-4950-85a9-909e52f727ba,Penner Farms - SE 27-8-13 (site 2),b8a6c9fe-5838-42e7-9faa-adff01636559,Symo 24.0-3 480 (1),24.0,parsed_from_inverter_name,114.82,month,devwork
2023-03-27,d95b5e9d-f2d5-4950-85a9-909e52f727ba,Penner Farms - SE 27-8-13 (site 2),a9f3ac23-6f93-447b-9037-adff01636562,Symo 24.0-3 480 (2),24.0,parsed_from_inverter_name,117.13,month,devwork
2023-03-27,d95b5e9d-f2d5-4950-85a9-909e52f727ba,Penner Farms - SE 27-8-13 (site 2),c3ec3bd8-8836-45bb-97b7-adff01636570,Symo 24.0-3 480 (3),24.0,parsed_from_inverter_name,117.58,month,devwork
2023-03-28,d95b5e9d-f2d5-4950-85a9-909e52f727ba,Penner Farms - SE 27-8-13 (site 2),b8a6c9fe-5838-42e7-9faa-adff01636559,Symo 24.0-3 480 (1),24.0,parsed_from_inverter_name,192.62,month,devwork
2023-03-28,d95b5e9d-f2d5-4950-85a9-909e52f727ba,Penner Farms - SE 27-8-13 (site 2),a9f3ac23-6f93-447b-9037-adff01636562,Symo 24.0-3 480 (2),24.0,parsed_from_inverter_name,192.41,month,devwork
2023-03-28,d95b5e9d-f2d5-4950-85a9-909e52f727ba,Penner Farms - SE 27-8-13 (site 2),c3ec3bd8-8836-45bb-97b7-adff01636570,Symo 24.0-3 480 (3),24.0,parsed_from_inverter_name,191.6,month,devwork
2023-03-29,d95b5e9d-f2d5-4950-85a9-909e52f727ba,Penner Farms - SE 27-8-13 (site 2),b8a6c9fe-5838-42e7-9faa-adff01636559,Symo 24.0-3 480 (1),24.0,parsed_from_inverter_name,206.58,month,devwork
2023-03-29,d95b5e9d-f2d5-4950-85a9-909e52f727ba,Penner Farms - SE 27-8-13 (site 2),a9f3ac23-6f93-447b-9037-adff01636562,Symo 24.0-3 480 (2),24.0,parsed_from_inverter_name,207.66,month,devwork
2023-03-29,d95b5e9d-f2d5-4950-85a9-909e52f727ba,Penner Farms - SE 27-8-13 (site 2),c3ec3bd8-8836-45bb-97b7-adff01636570,Symo 24.0-3 480 (3),24.0,parsed_from_inverter_name,208.05,month,devwork
2023-03-30,d95b5e9d-f2d5-4950-85a9-909e52f727ba,Penner Farms - SE 27-8-13 (site 2),b8a6c9fe-5838-42e7-9faa-adff01636559,Symo 24.0-3 480 (1),24.0,parsed_from_inverter_name,147.31,month,devwork
2023-03-30,d95b5e9d-f2d5-4950-85a9-909e52f727ba,Penner Farms - SE 27-8-13 (site 2),a9f3ac23-6f93-447b-9037-adff01636562,Symo 24.0-3 480 (2),24.0,parsed_from_inverter_name,149.28,month,devwork
2023-03-30,d95b5e9d-f2d5-4950-85a9-909e52f727ba,Penner Farms - SE 27-8-13 (site 2),c3ec3bd8-8836-45bb-97b7-adff01636570,Symo 24.0-3 480 (3),24.0,parsed_from_inverter_name,151.91,month,devwork
2023-03-31,d95b5e9d-f2d5-4950-85a9-909e52f727ba,Penner Farms - SE 27-8-13 (site 2),b8a6c9fe-5838-42e7-9faa-adff01636559,Symo 24.0-3 480 (1),24.0,parsed_from_inverter_name,204.86,month,devwork
2023-03-31,d95b5e9d-f2d5-4950-85a9-909e52f727ba,Penner Farms - SE 27-8-13 (site 2),a9f3ac23-6f93-447b-9037-adff01636562,Symo 24.0-3 480 (2),24.0,parsed_from_inverter_name,205.87,month,devwork
2023-03-31,d95b5e9d-f2d5-4950-85a9-909e52f727ba,Penner Farms - SE 27-8-13 (site 2),c3ec3bd8-8836-45bb-97b7-adff01636570,Symo 24.0-3 480 (3),24.0,parsed_from_inverter_name,206.59,month,devwork
2023-04-01,d95b5e9d-f2d5-4950-85a9-909e52f727ba,Penner Farms - SE 27-8-13 (site 2),b8a6c9fe-5838-42e7-9faa-adff01636559,Symo 24.0-3 480 (1),24.0,parsed_from_inverter_name,144.75,month,devwork
2023-04-01,d95b5e9d-f2d5-4950-85a9-909e52f727ba,Penner Farms - SE 27-8-13 (site 2),a9f3ac23-6f93-447b-9037-adff01636562,Symo 24.0-3 480 (2),24.0,parsed_from_inverter_name,145.58,month,devwork
2023-04-01,d95b5e9d-f2d5-4950-85a9-909e52f727ba,Penner Farms - SE 27-8-13 (site 2),c3ec3bd8-8836-45bb-97b7-adff01636570,Symo 24.0-3 480 (3),24.0,parsed_from_inverter_name,146.18,month,devwork
2023-04-02,d95b5e9d-f2d5-4950-85a9-909e52f727ba,Penner Farms - SE 27-8-13 (site 2),b8a6c9fe-5838-42e7-9faa-adff01636559,Symo 24.0-3 480 (1),24.0,parsed_from_inverter_name,125.22,month,devwork
2023-04-02,d95b5e9d-f2d5-4950-85a9-909e52f727ba,Penner Farms - SE 27-8-13 (site 2),a9f3ac23-6f93-447b-9037-adff01636562,Symo 24.0-3 480 (2),24.0,parsed_from_inverter_name,131.65,month,devwork
2023-04-02,d95b5e9d-f2d5-4950-85a9-909e52f727ba,Penner Farms - SE 27-8-13 (site 2),c3ec3bd8-8836-45bb-97b7-adff01636570,Symo 24.0-3 480 (3),24.0,parsed_from_inverter_name,134.24,month,devwork
2023-04-03,d95b5e9d-f2d5-4950-85a9-909e52f727ba,Penner Farms - SE 27-8-13 (site 2),b8a6c9fe-5838-42e7-9faa-adff01636559,Symo 24.0-3 480 (1),24.0,parsed_from_inverter_name,109.77,month,devwork
2023-04-03,d95b5e9d-f2d5-4950-85a9-909e52f727ba,Penner Farms - SE 27-8-13 (site 2),a9f3ac23-6f93-447b-9037-adff01636562,Symo 24.0-3 480 (2),24.0,parsed_from_inverter_name,114.07,month,devwork
2023-04-03,d95b5e9d-f2d5-4950-85a9-909e52f727ba,Penner Farms - SE 27-8-13 (site 2),c3ec3bd8-8836-45bb-97b7-adff01636570,Symo 24.0-3 480 (3),24.0,parsed_from_inverter_name,118.0,month,devwork
2023-04-04,d95b5e9d-f2d5-4950-85a9-909e52f727ba,Penner Farms - SE 27-8-13 (site 2),b8a6c9fe-5838-42e7-9faa-adff01636559,Symo 24.0-3 480 (1),24.0,parsed_from_inverter_name,158.57,month,devwork
2023-04-04,d95b5e9d-f2d5-4950-85a9-909e52f727ba,Penner Farms - SE 27-8-13 (site 2),a9f3ac23-6f93-447b-9037-adff01636562,Symo 24.0-3 480 (2),24.0,parsed_from_inverter_name,160.61,month,devwork
2023-04-04,d95b5e9d-f2d5-4950-85a9-909e52f727ba,Penner Farms - SE 27-8-13 (site 2),c3ec3bd8-8836-45bb-97b7-adff01636570,Symo 24.0-3 480 (3),24.0,parsed_from_inverter_name,165.23,month,devwork
2023-04-05,d95b5e9d-f2d5-4950-85a9-909e52f727ba,Penner Farms - SE 27-8-13 (site 2),b8a6c9fe-5838-42e7-9faa-adff01636559,Symo 24.0-3 480 (1),24.0,parsed_from_inverter_name,208.59,month,devwork
2023-04-05,d95b5e9d-f2d5-4950-85a9-909e52f727ba,Penner Farms - SE 27-8-13 (site 2),a9f3ac23-6f93-447b-9037-adff01636562,Symo 24.0-3 480 (2),24.0,parsed_from_inverter_name,209.29,month,devwork
2023-04-05,d95b5e9d-f2d5-4950-85a9-909e52f727ba,Penner Farms - SE 27-8-13 (site 2),c3ec3bd8-8836-45bb-97b7-adff01636570,Symo 24.0-3 480 (3),24.0,parsed_from_inverter_name,179.82,month,devwork
2023-04-06,d95b5e9d-f2d5-4950-85a9-909e52f727ba,Penner Farms - SE 27-8-13 (site 2),b8a6c9fe-5838-42e7-9faa-adff01636559,Symo 24.0-3 480 (1),24.0,parsed_from_inverter_name,206.92,month,devwork
2023-04-06,d95b5e9d-f2d5-4950-85a9-909e52f727ba,Penner Farms - SE 27-8-13 (site 2),a9f3ac23-6f93-447b-9037-adff01636562,Symo 24.0-3 480 (2),24.0,parsed_from_inverter_name,207.34,month,devwork
2023-04-06,d95b5e9d-f2d5-4950-85a9-909e52f727ba,Penner Farms - SE 27-8-13 (site 2),c3ec3bd8-8836-45bb-97b7-adff01636570,Symo 24.0-3 480 (3),24.0,parsed_from_inverter_name,209.01,month,devwork
2023-04-07,d95b5e9d-f2d5-4950-85a9-909e52f727ba,Penner Farms - SE 27-8-13 (site 2),b8a6c9fe-5838-42e7-9faa-adff01636559,Symo 24.0-3 480 (1),24.0,parsed_from_inverter_name,180.53,month,devwork
2023-04-07,d95b5e9d-f2d5-4950-85a9-909e52f727ba,Penner Farms - SE 27-8-13 (site 2),a9f3ac23-6f93-447b-9037-adff01636562,Symo 24.0-3 480 (2),24.0,parsed_from_inverter_name,181.75,month,devwork
2023-04-07,d95b5e9d-f2d5-4950-85a9-909e52f727ba,Penner Farms - SE 27-8-13 (site 2),c3ec3bd8-8836-45bb-97b7-adff01636570,Symo 24.0-3 480 (3),24.0,parsed_from_inverter_name,183.82,month,devwork
2023-04-08,d95b5e9d-f2d5-4950-85a9-909e52f727ba,Penner Farms - SE 27-8-13 (site 2),b8a6c9fe-5838-42e7-9faa-adff01636559,Symo 24.0-3 480 (1),24.0,parsed_from_inverter_name,196.74,month,devwork
2023-04-08,d95b5e9d-f2d5-4950-85a9-909e52f727ba,Penner Farms - SE 27-8-13 (site 2),a9f3ac23-6f93-447b-9037-adff01636562,Symo 24.0-3 480 (2),24.0,parsed_from_inverter_name,197.32,month,devwork
2023-04-08,d95b5e9d-f2d5-4950-85a9-909e52f727ba,Penner Farms - SE 27-8-13 (site 2),c3ec3bd8-8836-45bb-97b7-adff01636570,Symo 24.0-3 480 (3),24.0,parsed_from_inverter_name,197.31,month,devwork
2023-04-09,d95b5e9d-f2d5-4950-85a9-909e52f727ba,Penner Farms - SE 27-8-13 (site 2),b8a6c9fe-5838-42e7-9faa-adff01636559,Symo 24.0-3 480 (1),24.0,parsed_from_inverter_name,183.21,month,devwork
2023-04-09,d95b5e9d-f2d5-4950-85a9-909e52f727ba,Penner Farms - SE 27-8-13 (site 2),a9f3ac23-6f93-447b-9037-adff01636562,Symo 24.0-3 480 (2),24.0,parsed_from_inverter_name,185.95,month,devwork
2023-04-09,d95b5e9d-f2d5-4950-85a9-909e52f727ba,Penner Farms - SE 27-8-13 (site 2),c3ec3bd8-8836-45bb-97b7-adff01636570,Symo 24.0-3 480 (3),24.0,parsed_from_inverter_name,185.87,month,devwork
2023-04-10,d95b5e9d-f2d5-4950-85a9-909e52f727ba,Penner Farms - SE 27-8-13 (site 2),b8a6c9fe-5838-42e7-9faa-adff01636559,Symo 24.0-3 480 (1),24.0,parsed_from_inverter_name,111.21,month,devwork
2023-04-10,d95b5e9d-f2d5-4950-85a9-909e52f727ba,Penner Farms - SE 27-8-13 (site 2),a9f3ac23-6f93-447b-9037-adff01636562,Symo 24.0-3 480 (2),24.0,parsed_from_inverter_name,112.12,month,devwork
2023-04-10,d95b5e9d-f2d5-4950-85a9-909e52f727ba,Penner Farms - SE 27-8-13 (site 2),c3ec3bd8-8836-45bb-97b7-adff01636570,Symo 24.0-3 480 (3),24.0,parsed_from_inverter_name,111.9,month,devwork
2023-04-11,d95b5e9d-f2d5-4950-85a9-909e52f727ba,Penner Farms - SE 27-8-13 (site 2),b8a6c9fe-5838-42e7-9faa-adff01636559,Symo 24.0-3 480 (1),24.0,parsed_from_inverter_name,138.48,month,devwork
2023-04-11,d95b5e9d-f2d5-4950-85a9-909e52f727ba,Penner Farms - SE 27-8-13 (site 2),a9f3ac23-6f93-447b-9037-adff01636562,Symo 24.0-3 480 (2),24.0,parsed_from_inverter_name,139.44,month,devwork
2023-04-11,d95b5e9d-f2d5-4950-85a9-909e52f727ba,Penner Farms - SE 27-8-13 (site 2),c3ec3bd8-8836-45bb-97b7-adff01636570,Symo 24.0-3 480 (3),24.0,parsed_from_inverter_name,136.23,month,devwork
2023-04-12,d95b5e9d-f2d5-4950-85a9-909e52f727ba,Penner Farms - SE 27-8-13 (site 2),b8a6c9fe-5838-42e7-9faa-adff01636559,Symo 24.0-3 480 (1),24.0,parsed_from_inverter_name,87.04,month,devwork
2023-04-12,d95b5e9d-f2d5-4950-85a9-909e52f727ba,Penner Farms - SE 27-8-13 (site 2),a9f3ac23-6f93-447b-9037-adff01636562,Symo 24.0-3 480 (2),24.0,parsed_from_inverter_name,88.09,month,devwork
2023-04-12,d95b5e9d-f2d5-4950-85a9-909e52f727ba,Penner Farms - SE 27-8-13 (site 2),c3ec3bd8-8836-45bb-97b7-adff01636570,Symo 24.0-3 480 (3),24.0,parsed_from_inverter_name,87.95,month,devwork
2023-04-13,d95b5e9d-f2d5-4950-85a9-909e52f727ba,Penner Farms - SE 27-8-13 (site 2),b8a6c9fe-5838-42e7-9faa-adff01636559,Symo 24.0-3 480 (1),24.0,parsed_from_inverter_name,125.2,month,devwork
2023-04-13,d95b5e9d-f2d5-4950-85a9-909e52f727ba,Penner Farms - SE 27-8-13 (site 2),a9f3ac23-6f93-447b-9037-adff01636562,Symo 24.0-3 480 (2),24.0,parsed_from_inverter_name,126.38,month,devwork
2023-04-13,d95b5e9d-f2d5-4950-85a9-909e52f727ba,Penner Farms - SE 27-8-13 (site 2),c3ec3bd8-8836-45bb-97b7-adff01636570,Symo 24.0-3 480 (3),24.0,parsed_from_inverter_name,126.72,month,devwork
2023-04-14,d95b5e9d-f2d5-4950-85a9-909e52f727ba,Penner Farms - SE 27-8-13 (site 2),b8a6c9fe-5838-42e7-9faa-adff01636559,Symo 24.0-3 480 (1),24.0,parsed_from_inverter_name,195.42,month,devwork
2023-04-14,d95b5e9d-f2d5-4950-85a9-909e52f727ba,Penner Farms - SE 27-8-13 (site 2),a9f3ac23-6f93-447b-9037-adff01636562,Symo 24.0-3 480 (2),24.0,parsed_from_inverter_name,197.87,month,devwork
2023-04-14,d95b5e9d-f2d5-4950-85a9-909e52f727ba,Penner Farms - SE 27-8-13 (site 2),c3ec3bd8-8836-45bb-97b7-adff01636570,Symo 24.0-3 480 (3),24.0,parsed_from_inverter_name,191.3,month,devwork
2023-04-15,d95b5e9d-f2d5-4950-85a9-909e52f727ba,Penner Farms - SE 27-8-13 (site 2),b8a6c9fe-5838-42e7-9faa-adff01636559,Symo 24.0-3 480 (1),24.0,parsed_from_inverter_name,203.96,month,devwork
2023-04-15,d95b5e9d-f2d5-4950-85a9-909e52f727ba,Penner Farms - SE 27-8-13 (site 2),a9f3ac23-6f93-447b-9037-adff01636562,Symo 24.0-3 480 (2),24.0,parsed_from_inverter_name,205.5,month,devwork
2023-04-15,d95b5e9d-f2d5-4950-85a9-909e52f727ba,Penner Farms - SE 27-8-13 (site 2),c3ec3bd8-8836-45bb-97b7-adff01636570,Symo 24.0-3 480 (3),24.0,parsed_from_inverter_name,194.33,month,devwork
2023-04-16,d95b5e9d-f2d5-4950-85a9-909e52f727ba,Penner Farms - SE 27-8-13 (site 2),b8a6c9fe-5838-42e7-9faa-adff01636559,Symo 24.0-3 480 (1),24.0,parsed_from_inverter_name,175.52,month,devwork
2023-04-16,d95b5e9d-f2d5-4950-85a9-909e52f727ba,Penner Farms - SE 27-8-13 (site 2),a9f3ac23-6f93-447b-9037-adff01636562,Symo 24.0-3 480 (2),24.0,parsed_from_inverter_name,177.27,month,devwork
2023-04-16,d95b5e9d-f2d5-4950-85a9-909e52f727ba,Penner Farms - SE 27-8-13 (site 2),c3ec3bd8-8836-45bb-97b7-adff01636570,Symo 24.0-3 480 (3),24.0,parsed_from_inverter_name,177.69,month,devwork
2023-04-17,d95b5e9d-f2d5-4950-85a9-909e52f727ba,Penner Farms - SE 27-8-13 (site 2),b8a6c9fe-5838-42e7-9faa-adff01636559,Symo 24.0-3 480 (1),24.0,parsed_from_inverter_name,202.95,month,devwork
2023-04-17,d95b5e9d-f2d5-4950-85a9-909e52f727ba,Penner Farms - SE 27-8-13 (site 2),a9f3ac23-6f93-447b-9037-adff01636562,Symo 24.0-3 480 (2),24.0,parsed_from_inverter_name,204.03,month,devwork
2023-04-17,d95b5e9d-f2d5-4950-85a9-909e52f727ba,Penner Farms - SE 27-8-13 (site 2),c3ec3bd8-8836-45bb-97b7-adff01636570,Symo 24.0-3 480 (3),24.0,parsed_from_inverter_name,204.2,month,devwork
2023-04-18,d95b5e9d-f2d5-4950-85a9-909e52f727ba,Penner Farms - SE 27-8-13 (site 2),b8a6c9fe-5838-42e7-9faa-adff01636559,Symo 24.0-3 480 (1),24.0,parsed_from_inverter_name,175.56,month,devwork
2023-04-18,d95b5e9d-f2d5-4950-85a9-909e52f727ba,Penner Farms - SE 27-8-13 (site 2),a9f3ac23-6f93-447b-9037-adff01636562,Symo 24.0-3 480 (2),24.0,parsed_from_inverter_name,176.76,month,devwork
2023-04-18,d95b5e9d-f2d5-4950-85a9-909e52f727ba,Penner Farms - SE 27-8-13 (site 2),c3ec3bd8-8836-45bb-97b7-adff01636570,Symo 24.0-3 480 (3),24.0,parsed_from_inverter_name,177.39,month,devwork
2023-04-19,d95b5e9d-f2d5-4950-85a9-909e52f727ba,Penner Farms - SE 27-8-13 (site 2),b8a6c9fe-5838-42e7-9faa-adff01636559,Symo 24.0-3 480 (1),24.0,parsed_from_inverter_name,45.23,month,devwork
2023-04-19,d95b5e9d-f2d5-4950-85a9-909e52f727ba,Penner Farms - SE 27-8-13 (site 2),a9f3ac23-6f93-447b-9037-adff01636562,Symo 24.0-3 480 (2),24.0,parsed_from_inverter_name,46.95,month,devwork
2023-04-19,d95b5e9d-f2d5-4950-85a9-909e52f727ba,Penner Farms - SE 27-8-13 (site 2),c3ec3bd8-8836-45bb-97b7-adff01636570,Symo 24.0-3 480 (3),24.0,parsed_from_inverter_name,47.73,month,devwork
2023-04-20,d95b5e9d-f2d5-4950-85a9-909e52f727ba,Penner Farms - SE 27-8-13 (site 2),b8a6c9fe-5838-42e7-9faa-adff01636559,Symo 24.0-3 480 (1),24.0,parsed_from_inverter_name,72.02,month,devwork
2023-04-20,d95b5e9d-f2d5-4950-85a9-909e52f727ba,Penner Farms - SE 27-8-13 (site 2),a9f3ac23-6f93-447b-9037-adff01636562,Symo 24.0-3 480 (2),24.0,parsed_from_inverter_name,73.32,month,devwork
2023-04-20,d95b5e9d-f2d5-4950-85a9-909e52f727ba,Penner Farms - SE 27-8-13 (site 2),c3ec3bd8-8836-45bb-97b7-adff01636570,Symo 24.0-3 480 (3),24.0,parsed_from_inverter_name,73.37,month,devwork
2023-04-21,d95b5e9d-f2d5-4950-85a9-909e52f727ba,Penner Farms - SE 27-8-13 (site 2),b8a6c9fe-5838-42e7-9faa-adff01636559,Symo 24.0-3 480 (1),24.0,parsed_from_inverter_name,118.46,month,devwork
2023-04-21,d95b5e9d-f2d5-4950-85a9-909e52f727ba,Penner Farms - SE 27-8-13 (site 2),a9f3ac23-6f93-447b-9037-adff01636562,Symo 24.0-3 480 (2),24.0,parsed_from_inverter_name,120.5,month,devwork
2023-04-21,d95b5e9d-f2d5-4950-85a9-909e52f727ba,Penner Farms - SE 27-8-13 (site 2),c3ec3bd8-8836-45bb-97b7-adff01636570,Symo 24.0-3 480 (3),24.0,parsed_from_inverter_name,121.31,month,devwork
2023-04-22,d95b5e9d-f2d5-4950-85a9-909e52f727ba,Penner Farms - SE 27-8-13 (site 2),b8a6c9fe-5838-42e7-9faa-adff01636559,Symo 24.0-3 480 (1),24.0,parsed_from_inverter_name,164.96,month,devwork
2023-04-22,d95b5e9d-f2d5-4950-85a9-909e52f727ba,Penner Farms - SE 27-8-13 (site 2),a9f3ac23-6f93-447b-9037-adff01636562,Symo 24.0-3 480 (2),24.0,parsed_from_inverter_name,166.6,month,devwork
2023-04-22,d95b5e9d-f2d5-4950-85a9-909e52f727ba,Penner Farms - SE 27-8-13 (site 2),c3ec3bd8-8836-45bb-97b7-adff01636570,Symo 24.0-3 480 (3),24.0,parsed_from_inverter_name,166.95,month,devwork
2023-04-23,d95b5e9d-f2d5-4950-85a9-909e52f727ba,Penner Farms - SE 27-8-13 (site 2),b8a6c9fe-5838-42e7-9faa-adff01636559,Symo 24.0-3 480 (1),24.0,parsed_from_inverter_name,194.74,month,devwork
2023-04-23,d95b5e9d-f2d5-4950-85a9-909e52f727ba,Penner Farms - SE 27-8-13 (site 2),a9f3ac23-6f93-447b-9037-adff01636562,Symo 24.0-3 480 (2),24.0,parsed_from_inverter_name,196.9,month,devwork
2023-04-23,d95b5e9d-f2d5-4950-85a9-909e52f727ba,Penner Farms - SE 27-8-13 (site 2),c3ec3bd8-8836-45bb-97b7-adff01636570,Symo 24.0-3 480 (3),24.0,parsed_from_inverter_name,197.52,month,devwork
2023-04-24,d95b5e9d-f2d5-4950-85a9-909e52f727ba,Penner Farms - SE 27-8-13 (site 2),b8a6c9fe-5838-42e7-9faa-adff01636559,Symo 24.0-3 480 (1),24.0,parsed_from_inverter_name,117.42,month,devwork
2023-04-24,d95b5e9d-f2d5-4950-85a9-909e52f727ba,Penner Farms - SE 27-8-13 (site 2),a9f3ac23-6f93-447b-9037-adff01636562,Symo 24.0-3 480 (2),24.0,parsed_from_inverter_name,119.05,month,devwork
2023-04-24,d95b5e9d-f2d5-4950-85a9-909e52f727ba,Penner Farms - SE 27-8-13 (site 2),c3ec3bd8-8836-45bb-97b7-adff01636570,Symo 24.0-3 480 (3),24.0,parsed_from_inverter_name,119.57,month,devwork
2023-04-25,d95b5e9d-f2d5-4950-85a9-909e52f727ba,Penner Farms - SE 27-8-13 (site 2),b8a6c9fe-5838-42e7-9faa-adff01636559,Symo 24.0-3 480 (1),24.0,parsed_from_inverter_name,186.22,month,devwork
2023-04-25,d95b5e9d-f2d5-4950-85a9-909e52f727ba,Penner Farms - SE 27-8-13 (site 2),a9f3ac23-6f93-447b-9037-adff01636562,Symo 24.0-3 480 (2),24.0,parsed_from_inverter_name,187.24,month,devwork
2023-04-25,d95b5e9d-f2d5-4950-85a9-909e52f727ba,Penner Farms - SE 27-8-13 (site 2),c3ec3bd8-8836-45bb-97b7-adff01636570,Symo 24.0-3 480 (3),24.0,parsed_from_inverter_name,187.38,month,devwork
2023-04-26,d95b5e9d-f2d5-4950-85a9-909e52f727ba,Penner Farms - SE 27-8-13 (site 2),b8a6c9fe-5838-42e7-9faa-adff01636559,Symo 24.0-3 480 (1),24.0,parsed_from_inverter_name,138.5,month,devwork
2023-04-26,d95b5e9d-f2d5-4950-85a9-909e52f727ba,Penner Farms - SE 27-8-13 (site 2),a9f3ac23-6f93-447b-9037-adff01636562,Symo 24.0-3 480 (2),24.0,parsed_from_inverter_name,140.08,month,devwork
2023-04-26,d95b5e9d-f2d5-4950-85a9-909e52f727ba,Penner Farms - SE 27-8-13 (site 2),c3ec3bd8-8836-45bb-97b7-adff01636570,Symo 24.0-3 480 (3),24.0,parsed_from_inverter_name,141.28,month,devwork
2023-04-27,d95b5e9d-f2d5-4950-85a9-909e52f727ba,Penner Farms - SE 27-8-13 (site 2),b8a6c9fe-5838-42e7-9faa-adff01636559,Symo 24.0-3 480 (1),24.0,parsed_from_inverter_name,171.13,month,devwork
2023-04-27,d95b5e9d-f2d5-4950-85a9-909e52f727ba,Penner Farms - SE 27-8-13 (site 2),a9f3ac23-6f93-447b-9037-adff01636562,Symo 24.0-3 480 (2),24.0,parsed_from_inverter_name,172.16,month,devwork
2023-04-27,d95b5e9d-f2d5-4950-85a9-909e52f727ba,Penner Farms - SE 27-8-13 (site 2),c3ec3bd8-8836-45bb-97b7-adff01636570,Symo 24.0-3 480 (3),24.0,parsed_from_inverter_name,171.68,month,devwork
2023-04-28,d95b5e9d-f2d5-4950-85a9-909e52f727ba,Penner Farms - SE 27-8-13 (site 2),b8a6c9fe-5838-42e7-9faa-adff01636559,Symo 24.0-3 480 (1),24.0,parsed_from_inverter_name,195.06,month,devwork
2023-04-28,d95b5e9d-f2d5-4950-85a9-909e52f727ba,Penner Farms - SE 27-8-13 (site 2),a9f3ac23-6f93-447b-9037-adff01636562,Symo 24.0-3 480 (2),24.0,parsed_from_inverter_name,196.08,month,devwork
2023-04-28,d95b5e9d-f2d5-4950-85a9-909e52f727ba,Penner Farms - SE 27-8-13 (site 2),c3ec3bd8-8836-45bb-97b7-adff01636570,Symo 24.0-3 480 (3),24.0,parsed_from_inverter_name,196.52,month,devwork
2023-04-29,d95b5e9d-f2d5-4950-85a9-909e52f727ba,Penner Farms - SE 27-8-13 (site 2),b8a6c9fe-5838-42e7-9faa-adff01636559,Symo 24.0-3 480 (1),24.0,parsed_from_inverter_name,206.61,month,devwork
2023-04-29,d95b5e9d-f2d5-4950-85a9-909e52f727ba,Penner Farms - SE 27-8-13 (site 2),a9f3ac23-6f93-447b-9037-adff01636562,Symo 24.0-3 480 (2),24.0,parsed_from_inverter_name,208.0,month,devwork
2023-04-29,d95b5e9d-f2d5-4950-85a9-909e52f727ba,Penner Farms - SE 27-8-13 (site 2),c3ec3bd8-8836-45bb-97b7-adff01636570,Symo 24.0-3 480 (3),24.0,parsed_from_inverter_name,208.85,month,devwork
2023-04-30,d95b5e9d-f2d5-4950-85a9-909e52f727ba,Penner Farms - SE 27-8-13 (site 2),b8a6c9fe-5838-42e7-9faa-adff01636559,Symo 24.0-3 480 (1),24.0,parsed_from_inverter_name,207.06,month,devwork
2023-04-30,d95b5e9d-f2d5-4950-85a9-909e52f727ba,Penner Farms - SE 27-8-13 (site 2),a9f3ac23-6f93-447b-9037-adff01636562,Symo 24.0-3 480 (2),24.0,parsed_from_inverter_name,208.87,month,devwork
2023-04-30,d95b5e9d-f2d5-4950-85a9-909e52f727ba,Penner Farms - SE 27-8-13 (site 2),c3ec3bd8-8836-45bb-97b7-adff01636570,Symo 24.0-3 480 (3),24.0,parsed_from_inverter_name,209.74,month,devwork
2023-05-01,d95b5e9d-f2d5-4950-85a9-909e52f727ba,Penner Farms - SE 27-8-13 (site 2),b8a6c9fe-5838-42e7-9faa-adff01636559,Symo 24.0-3 480 (1),24.0,parsed_from_inverter_name,208.58,month,devwork
2023-05-01,d95b5e9d-f2d5-4950-85a9-909e52f727ba,Penner Farms - SE 27-8-13 (site 2),a9f3ac23-6f93-447b-9037-adff01636562,Symo 24.0-3 480 (2),24.0,parsed_from_inverter_name,210.16,month,devwork
2023-05-01,d95b5e9d-f2d5-4950-85a9-909e52f727ba,Penner Farms - SE 27-8-13 (site 2),c3ec3bd8-8836-45bb-97b7-adff01636570,Symo 24.0-3 480 (3),24.0,parsed_from_inverter_name,211.15,month,devwork
2023-05-02,d95b5e9d-f2d5-4950-85a9-909e52f727ba,Penner Farms - SE 27-8-13 (site 2),b8a6c9fe-5838-42e7-9faa-adff01636559,Symo 24.0-3 480 (1),24.0,parsed_from_inverter_name,206.24,month,devwork
2023-05-02,d95b5e9d-f2d5-4950-85a9-909e52f727ba,Penner Farms - SE 27-8-13 (site 2),a9f3ac23-6f93-447b-9037-adff01636562,Symo 24.0-3 480 (2),24.0,parsed_from_inverter_name,207.25,month,devwork
2023-05-02,d95b5e9d-f2d5-4950-85a9-909e52f727ba,Penner Farms - SE 27-8-13 (site 2),c3ec3bd8-8836-45bb-97b7-adff01636570,Symo 24.0-3 480 (3),24.0,parsed_from_inverter_name,208.19,month,devwork
2023-05-03,d95b5e9d-f2d5-4950-85a9-909e52f727ba,Penner Farms - SE 27-8-13 (site 2),b8a6c9fe-5838-42e7-9faa-adff01636559,Symo 24.0-3 480 (1),24.0,parsed_from_inverter_name,197.5,month,devwork
2023-05-03,d95b5e9d-f2d5-4950-85a9-909e52f727ba,Penner Farms - SE 27-8-13 (site 2),a9f3ac23-6f93-447b-9037-adff01636562,Symo 24.0-3 480 (2),24.0,parsed_from_inverter_name,200.68,month,devwork
2023-05-03,d95b5e9d-f2d5-4950-85a9-909e52f727ba,Penner Farms - SE 27-8-13 (site 2),c3ec3bd8-8836-45bb-97b7-adff01636570,Symo 24.0-3 480 (3),24.0,parsed_from_inverter_name,201.51,month,devwork
2023-05-04,d95b5e9d-f2d5-4950-85a9-909e52f727ba,Penner Farms - SE 27-8-13 (site 2),b8a6c9fe-5838-42e7-9faa-adff01636559,Symo 24.0-3 480 (1),24.0,parsed_from_inverter_name,195.03,month,devwork
2023-05-04,d95b5e9d-f2d5-4950-85a9-909e52f727ba,Penner Farms - SE 27-8-13 (site 2),a9f3ac23-6f93-447b-9037-adff01636562,Symo 24.0-3 480 (2),24.0,parsed_from_inverter_name,196.74,month,devwork
2023-05-04,d95b5e9d-f2d5-4950-85a9-909e52f727ba,Penner Farms - SE 27-8-13 (site 2),c3ec3bd8-8836-45bb-97b7-adff01636570,Symo 24.0-3 480 (3),24.0,parsed_from_inverter_name,149.39,month,devwork
2023-05-05,d95b5e9d-f2d5-4950-85a9-909e52f727ba,Penner Farms - SE 27-8-13 (site 2),b8a6c9fe-5838-42e7-9faa-adff01636559,Symo 24.0-3 480 (1),24.0,parsed_from_inverter_name,198.85,month,devwork
2023-05-05,d95b5e9d-f2d5-4950-85a9-909e52f727ba,Penner Farms - SE 27-8-13 (site 2),a9f3ac23-6f93-447b-9037-adff01636562,Symo 24.0-3 480 (2),24.0,parsed_from_inverter_name,199.57,month,devwork
2023-05-05,d95b5e9d-f2d5-4950-85a9-909e52f727ba,Penner Farms - SE 27-8-13 (site 2),c3ec3bd8-8836-45bb-97b7-adff01636570,Symo 24.0-3 480 (3),24.0,parsed_from_inverter_name,170.82,month,devwork
2023-05-06,d95b5e9d-f2d5-4950-85a9-909e52f727ba,Penner Farms - SE 27-8-13 (site 2),b8a6c9fe-5838-42e7-9faa-adff01636559,Symo 24.0-3 480 (1),24.0,parsed_from_inverter_name,52.22,month,devwork
2023-05-06,d95b5e9d-f2d5-4950-85a9-909e52f727ba,Penner Farms - SE 27-8-13 (site 2),a9f3ac23-6f93-447b-9037-adff01636562,Symo 24.0-3 480 (2),24.0,parsed_from_inverter_name,52.78,month,devwork
2023-05-06,d95b5e9d-f2d5-4950-85a9-909e52f727ba,Penner Farms - SE 27-8-13 (site 2),c3ec3bd8-8836-45bb-97b7-adff01636570,Symo 24.0-3 480 (3),24.0,parsed_from_inverter_name,53.37,month,devwork
2023-05-07,d95b5e9d-f2d5-4950-85a9-909e52f727ba,Penner Farms - SE 27-8-13 (site 2),b8a6c9fe-5838-42e7-9faa-adff01636559,Symo 24.0-3 480 (1),24.0,parsed_from_inverter_name,102.19,month,devwork
2023-05-07,d95b5e9d-f2d5-4950-85a9-909e52f727ba,Penner Farms - SE 27-8-13 (site 2),a9f3ac23-6f93-447b-9037-adff01636562,Symo 24.0-3 480 (2),24.0,parsed_from_inverter_name,103.3,month,devwork
2023-05-07,d95b5e9d-f2d5-4950-85a9-909e52f727ba,Penner Farms - SE 27-8-13 (site 2),c3ec3bd8-8836-45bb-97b7-adff01636570,Symo 24.0-3 480 (3),24.0,parsed_from_inverter_name,103.5,month,devwork
2023-05-08,d95b5e9d-f2d5-4950-85a9-909e52f727ba,Penner Farms - SE 27-8-13 (site 2),b8a6c9fe-5838-42e7-9faa-adff01636559,Symo 24.0-3 480 (1),24.0,parsed_from_inverter_name,165.66,month,devwork
2023-05-08,d95b5e9d-f2d5-4950-85a9-909e52f727ba,Penner Farms - SE 27-8-13 (site 2),a9f3ac23-6f93-447b-9037-adff01636562,Symo 24.0-3 480 (2),24.0,parsed_from_inverter_name,167.37,month,devwork
2023-05-08,d95b5e9d-f2d5-4950-85a9-909e52f727ba,Penner Farms - SE 27-8-13 (site 2),c3ec3bd8-8836-45bb-97b7-adff01636570,Symo 24.0-3 480 (3),24.0,parsed_from_inverter_name,168.37,month,devwork
2023-05-09,d95b5e9d-f2d5-4950-85a9-909e52f727ba,Penner Farms - SE 27-8-13 (site 2),b8a6c9fe-5838-42e7-9faa-adff01636559,Symo 24.0-3 480 (1),24.0,parsed_from_inverter_name,128.08,month,devwork
2023-05-09,d95b5e9d-f2d5-4950-85a9-909e52f727ba,Penner Farms - SE 27-8-13 (site 2),a9f3ac23-6f93-447b-9037-adff01636562,Symo 24.0-3 480 (2),24.0,parsed_from_inverter_name,128.88,month,devwork
2023-05-09,d95b5e9d-f2d5-4950-85a9-909e52f727ba,Penner Farms - SE 27-8-13 (site 2),c3ec3bd8-8836-45bb-97b7-adff01636570,Symo 24.0-3 480 (3),24.0,parsed_from_inverter_name,129.19,month,devwork
2023-05-10,d95b5e9d-f2d5-4950-85a9-909e52f727ba,Penner Farms - SE 27-8-13 (site 2),b8a6c9fe-5838-42e7-9faa-adff01636559,Symo 24.0-3 480 (1),24.0,parsed_from_inverter_name,147.88,month,devwork
2023-05-10,d95b5e9d-f2d5-4950-85a9-909e52f727ba,Penner Farms - SE 27-8-13 (site 2),a9f3ac23-6f93-447b-9037-adff01636562,Symo 24.0-3 480 (2),24.0,parsed_from_inverter_name,148.99,month,devwork
2023-05-10,d95b5e9d-f2d5-4950-85a9-909e52f727ba,Penner Farms - SE 27-8-13 (site 2),c3ec3bd8-8836-45bb-97b7-adff01636570,Symo 24.0-3 480 (3),24.0,parsed_from_inverter_name,141.61,month,devwork
2023-05-11,d95b5e9d-f2d5-4950-85a9-909e52f727ba,Penner Farms - SE 27-8-13 (site 2),b8a6c9fe-5838-42e7-9faa-adff01636559,Symo 24.0-3 480 (1),24.0,parsed_from_inverter_name,142.72,month,devwork
2023-05-11,d95b5e9d-f2d5-4950-85a9-909e52f727ba,Penner Farms - SE 27-8-13 (site 2),a9f3ac23-6f93-447b-9037-adff01636562,Symo 24.0-3 480 (2),24.0,parsed_from_inverter_name,143.93,month,devwork
2023-05-11,d95b5e9d-f2d5-4950-85a9-909e52f727ba,Penner Farms - SE 27-8-13 (site 2),c3ec3bd8-8836-45bb-97b7-adff01636570,Symo 24.0-3 480 (3),24.0,parsed_from_inverter_name,144.25,month,devwork
2023-05-12,d95b5e9d-f2d5-4950-85a9-909e52f727ba,Penner Farms - SE 27-8-13 (site 2),b8a6c9fe-5838-42e7-9faa-adff01636559,Symo 24.0-3 480 (1),24.0,parsed_from_inverter_name,191.32,month,devwork
2023-05-12,d95b5e9d-f2d5-4950-85a9-909e52f727ba,Penner Farms - SE 27-8-13 (site 2),a9f3ac23-6f93-447b-9037-adff01636562,Symo 24.0-3 480 (2),24.0,parsed_from_inverter_name,192.29,month,devwork
2023-05-12,d95b5e9d-f2d5-4950-85a9-909e52f727ba,Penner Farms - SE 27-8-13 (site 2),c3ec3bd8-8836-45bb-97b7-adff01636570,Symo 24.0-3 480 (3),24.0,parsed_from_inverter_name,193.37,month,devwork
2023-05-13,d95b5e9d-f2d5-4950-85a9-909e52f727ba,Penner Farms - SE 27-8-13 (site 2),b8a6c9fe-5838-42e7-9faa-adff01636559,Symo 24.0-3 480 (1),24.0,parsed_from_inverter_name,199.12,month,devwork
2023-05-13,d95b5e9d-f2d5-4950-85a9-909e52f727ba,Penner Farms - SE 27-8-13 (site 2),a9f3ac23-6f93-447b-9037-adff01636562,Symo 24.0-3 480 (2),24.0,parsed_from_inverter_name,201.05,month,devwork
2023-05-13,d95b5e9d-f2d5-4950-85a9-909e52f727ba,Penner Farms - SE 27-8-13 (site 2),c3ec3bd8-8836-45bb-97b7-adff01636570,Symo 24.0-3 480 (3),24.0,parsed_from_inverter_name,202.34,month,devwork
2023-05-14,d95b5e9d-f2d5-4950-85a9-909e52f727ba,Penner Farms - SE 27-8-13 (site 2),b8a6c9fe-5838-42e7-9faa-adff01636559,Symo 24.0-3 480 (1),24.0,parsed_from_inverter_name,176.23,month,devwork
2023-05-14,d95b5e9d-f2d5-4950-85a9-909e52f727ba,Penner Farms - SE 27-8-13 (site 2),a9f3ac23-6f93-447b-9037-adff01636562,Symo 24.0-3 480 (2),24.0,parsed_from_inverter_name,177.85,month,devwork
2023-05-14,d95b5e9d-f2d5-4950-85a9-909e52f727ba,Penner Farms - SE 27-8-13 (site 2),c3ec3bd8-8836-45bb-97b7-adff01636570,Symo 24.0-3 480 (3),24.0,parsed_from_inverter_name,178.83,month,devwork
2023-05-15,d95b5e9d-f2d5-4950-85a9-909e52f727ba,Penner Farms - SE 27-8-13 (site 2),b8a6c9fe-5838-42e7-9faa-adff01636559,Symo 24.0-3 480 (1),24.0,parsed_from_inverter_name,209.19,month,devwork
2023-05-15,d95b5e9d-f2d5-4950-85a9-909e52f727ba,Penner Farms - SE 27-8-13 (site 2),a9f3ac23-6f93-447b-9037-adff01636562,Symo 24.0-3 480 (2),24.0,parsed_from_inverter_name,210.69,month,devwork
2023-05-15,d95b5e9d-f2d5-4950-85a9-909e52f727ba,Penner Farms - SE 27-8-13 (site 2),c3ec3bd8-8836-45bb-97b7-adff01636570,Symo 24.0-3 480 (3),24.0,parsed_from_inverter_name,211.86,month,devwork
2023-05-16,d95b5e9d-f2d5-4950-85a9-909e52f727ba,Penner Farms - SE 27-8-13 (site 2),b8a6c9fe-5838-42e7-9faa-adff01636559,Symo 24.0-3 480 (1),24.0,parsed_from_inverter_name,198.31,month,devwork
2023-05-16,d95b5e9d-f2d5-4950-85a9-909e52f727ba,Penner Farms - SE 27-8-13 (site 2),a9f3ac23-6f93-447b-9037-adff01636562,Symo 24.0-3 480 (2),24.0,parsed_from_inverter_name,198.66,month,devwork
2023-05-16,d95b5e9d-f2d5-4950-85a9-909e52f727ba,Penner Farms - SE 27-8-13 (site 2),c3ec3bd8-8836-45bb-97b7-adff01636570,Symo 24.0-3 480 (3),24.0,parsed_from_inverter_name,199.98,month,devwork
2023-05-17,d95b5e9d-f2d5-4950-85a9-909e52f727ba,Penner Farms - SE 27-8-13 (site 2),b8a6c9fe-5838-42e7-9faa-adff01636559,Symo 24.0-3 480 (1),24.0,parsed_from_inverter_name,118.85,month,devwork
2023-05-17,d95b5e9d-f2d5-4950-85a9-909e52f727ba,Penner Farms - SE 27-8-13 (site 2),a9f3ac23-6f93-447b-9037-adff01636562,Symo 24.0-3 480 (2),24.0,parsed_from_inverter_name,119.68,month,devwork
2023-05-17,d95b5e9d-f2d5-4950-85a9-909e52f727ba,Penner Farms - SE 27-8-13 (site 2),c3ec3bd8-8836-45bb-97b7-adff01636570,Symo 24.0-3 480 (3),24.0,parsed_from_inverter_name,120.43,month,devwork
2023-05-18,d95b5e9d-f2d5-4950-85a9-909e52f727ba,Penner Farms - SE 27-8-13 (site 2),b8a6c9fe-5838-42e7-9faa-adff01636559,Symo 24.0-3 480 (1),24.0,parsed_from_inverter_name,216.16,month,devwork
2023-05-18,d95b5e9d-f2d5-4950-85a9-909e52f727ba,Penner Farms - SE 27-8-13 (site 2),a9f3ac23-6f93-447b-9037-adff01636562,Symo 24.0-3 480 (2),24.0,parsed_from_inverter_name,216.69,month,devwork
2023-05-18,d95b5e9d-f2d5-4950-85a9-909e52f727ba,Penner Farms - SE 27-8-13 (site 2),c3ec3bd8-8836-45bb-97b7-adff01636570,Symo 24.0-3 480 (3),24.0,parsed_from_inverter_name,217.87,month,devwork
2023-05-19,d95b5e9d-f2d5-4950-85a9-909e52f727ba,Penner Farms - SE 27-8-13 (site 2),b8a6c9fe-5838-42e7-9faa-adff01636559,Symo 24.0-3 480 (1),24.0,parsed_from_inverter_name,188.46,month,devwork
2023-05-19,d95b5e9d-f2d5-4950-85a9-909e52f727ba,Penner Farms - SE 27-8-13 (site 2),a9f3ac23-6f93-447b-9037-adff01636562,Symo 24.0-3 480 (2),24.0,parsed_from_inverter_name,189.86,month,devwork
2023-05-19,d95b5e9d-f2d5-4950-85a9-909e52f727ba,Penner Farms - SE 27-8-13 (site 2),c3ec3bd8-8836-45bb-97b7-adff01636570,Symo 24.0-3 480 (3),24.0,parsed_from_inverter_name,190.65,month,devwork
2023-05-20,d95b5e9d-f2d5-4950-85a9-909e52f727ba,Penner Farms - SE 27-8-13 (site 2),b8a6c9fe-5838-42e7-9faa-adff01636559,Symo 24.0-3 480 (1),24.0,parsed_from_inverter_name,153.77,month,devwork
2023-05-20,d95b5e9d-f2d5-4950-85a9-909e52f727ba,Penner Farms - SE 27-8-13 (site 2),a9f3ac23-6f93-447b-9037-adff01636562,Symo 24.0-3 480 (2),24.0,parsed_from_inverter_name,154.79,month,devwork
2023-05-20,d95b5e9d-f2d5-4950-85a9-909e52f727ba,Penner Farms - SE 27-8-13 (site 2),c3ec3bd8-8836-45bb-97b7-adff01636570,Symo 24.0-3 480 (3),24.0,parsed_from_inverter_name,155.76,month,devwork
2023-05-21,d95b5e9d-f2d5-4950-85a9-909e52f727ba,Penner Farms - SE 27-8-13 (site 2),b8a6c9fe-5838-42e7-9faa-adff01636559,Symo 24.0-3 480 (1),24.0,parsed_from_inverter_name,164.69,month,devwork
2023-05-21,d95b5e9d-f2d5-4950-85a9-909e52f727ba,Penner Farms - SE 27-8-13 (site 2),a9f3ac23-6f93-447b-9037-adff01636562,Symo 24.0-3 480 (2),24.0,parsed_from_inverter_name,166.2,month,devwork
2023-05-21,d95b5e9d-f2d5-4950-85a9-909e52f727ba,Penner Farms - SE 27-8-13 (site 2),c3ec3bd8-8836-45bb-97b7-adff01636570,Symo 24.0-3 480 (3),24.0,parsed_from_inverter_name,167.01,month,devwork
2023-05-22,d95b5e9d-f2d5-4950-85a9-909e52f727ba,Penner Farms - SE 27-8-13 (site 2),b8a6c9fe-5838-42e7-9faa-adff01636559,Symo 24.0-3 480 (1),24.0,parsed_from_inverter_name,147.98,month,devwork
2023-05-22,d95b5e9d-f2d5-4950-85a9-909e52f727ba,Penner Farms - SE 27-8-13 (site 2),a9f3ac23-6f93-447b-9037-adff01636562,Symo 24.0-3 480 (2),24.0,parsed_from_inverter_name,148.6,month,devwork
2023-05-22,d95b5e9d-f2d5-4950-85a9-909e52f727ba,Penner Farms - SE 27-8-13 (site 2),c3ec3bd8-8836-45bb-97b7-adff01636570,Symo 24.0-3 480 (3),24.0,parsed_from_inverter_name,149.17,month,devwork
2023-05-23,d95b5e9d-f2d5-4950-85a9-909e52f727ba,Penner Farms - SE 27-8-13 (site 2),b8a6c9fe-5838-42e7-9faa-adff01636559,Symo 24.0-3 480 (1),24.0,parsed_from_inverter_name,208.69,month,devwork
2023-05-23,d95b5e9d-f2d5-4950-85a9-909e52f727ba,Penner Farms - SE 27-8-13 (site 2),a9f3ac23-6f93-447b-9037-adff01636562,Symo 24.0-3 480 (2),24.0,parsed_from_inverter_name,209.83,month,devwork
2023-05-23,d95b5e9d-f2d5-4950-85a9-909e52f727ba,Penner Farms - SE 27-8-13 (site 2),c3ec3bd8-8836-45bb-97b7-adff01636570,Symo 24.0-3 480 (3),24.0,parsed_from_inverter_name,211.06,month,devwork
2023-05-24,d95b5e9d-f2d5-4950-85a9-909e52f727ba,Penner Farms - SE 27-8-13 (site 2),b8a6c9fe-5838-42e7-9faa-adff01636559,Symo 24.0-3 480 (1),24.0,parsed_from_inverter_name,128.95,month,devwork
2023-05-24,d95b5e9d-f2d5-4950-85a9-909e52f727ba,Penner Farms - SE 27-8-13 (site 2),a9f3ac23-6f93-447b-9037-adff01636562,Symo 24.0-3 480 (2),24.0,parsed_from_inverter_name,129.81,month,devwork
2023-05-24,d95b5e9d-f2d5-4950-85a9-909e52f727ba,Penner Farms - SE 27-8-13 (site 2),c3ec3bd8-8836-45bb-97b7-adff01636570,Symo 24.0-3 480 (3),24.0,parsed_from_inverter_name,130.3,month,devwork
2023-05-25,d95b5e9d-f2d5-4950-85a9-909e52f727ba,Penner Farms - SE 27-8-13 (site 2),b8a6c9fe-5838-42e7-9faa-adff01636559,Symo 24.0-3 480 (1),24.0,parsed_from_inverter_name,127.13,month,devwork
2023-05-25,d95b5e9d-f2d5-4950-85a9-909e52f727ba,Penner Farms - SE 27-8-13 (site 2),a9f3ac23-6f93-447b-9037-adff01636562,Symo 24.0-3 480 (2),24.0,parsed_from_inverter_name,128.11,month,devwork
2023-05-25,d95b5e9d-f2d5-4950-85a9-909e52f727ba,Penner Farms - SE 27-8-13 (site 2),c3ec3bd8-8836-45bb-97b7-adff01636570,Symo 24.0-3 480 (3),24.0,parsed_from_inverter_name,129.71,month,devwork
2023-05-26,d95b5e9d-f2d5-4950-85a9-909e52f727ba,Penner Farms - SE 27-8-13 (site 2),b8a6c9fe-5838-42e7-9faa-adff01636559,Symo 24.0-3 480 (1),24.0,parsed_from_inverter_name,163.57,month,devwork
2023-05-26,d95b5e9d-f2d5-4950-85a9-909e52f727ba,Penner Farms - SE 27-8-13 (site 2),a9f3ac23-6f93-447b-9037-adff01636562,Symo 24.0-3 480 (2),24.0,parsed_from_inverter_name,164.79,month,devwork
2023-05-26,d95b5e9d-f2d5-4950-85a9-909e52f727ba,Penner Farms - SE 27-8-13 (site 2),c3ec3bd8-8836-45bb-97b7-adff01636570,Symo 24.0-3 480 (3),24.0,parsed_from_inverter_name,163.96,month,devwork
2023-05-27,d95b5e9d-f2d5-4950-85a9-909e52f727ba,Penner Farms - SE 27-8-13 (site 2),b8a6c9fe-5838-42e7-9faa-adff01636559,Symo 24.0-3 480 (1),24.0,parsed_from_inverter_name,68.45,month,devwork
2023-05-27,d95b5e9d-f2d5-4950-85a9-909e52f727ba,Penner Farms - SE 27-8-13 (site 2),a9f3ac23-6f93-447b-9037-adff01636562,Symo 24.0-3 480 (2),24.0,parsed_from_inverter_name,69.2,month,devwork
2023-05-27,d95b5e9d-f2d5-4950-85a9-909e52f727ba,Penner Farms - SE 27-8-13 (site 2),c3ec3bd8-8836-45bb-97b7-adff01636570,Symo 24.0-3 480 (3),24.0,parsed_from_inverter_name,69.71,month,devwork
2023-05-28,d95b5e9d-f2d5-4950-85a9-909e52f727ba,Penner Farms - SE 27-8-13 (site 2),b8a6c9fe-5838-42e7-9faa-adff01636559,Symo 24.0-3 480 (1),24.0,parsed_from_inverter_name,186.76,month,devwork
2023-05-28,d95b5e9d-f2d5-4950-85a9-909e52f727ba,Penner Farms - SE 27-8-13 (site 2),a9f3ac23-6f93-447b-9037-adff01636562,Symo 24.0-3 480 (2),24.0,parsed_from_inverter_name,188.14,month,devwork
2023-05-28,d95b5e9d-f2d5-4950-85a9-909e52f727ba,Penner Farms - SE 27-8-13 (site 2),c3ec3bd8-8836-45bb-97b7-adff01636570,Symo 24.0-3 480 (3),24.0,parsed_from_inverter_name,189.43,month,devwork
2023-05-29,d95b5e9d-f2d5-4950-85a9-909e52f727ba,Penner Farms - SE 27-8-13 (site 2),b8a6c9fe-5838-42e7-9faa-adff01636559,Symo 24.0-3 480 (1),24.0,parsed_from_inverter_name,174.37,month,devwork
2023-05-29,d95b5e9d-f2d5-4950-85a9-909e52f727ba,Penner Farms - SE 27-8-13 (site 2),a9f3ac23-6f93-447b-9037-adff01636562,Symo 24.0-3 480 (2),24.0,parsed_from_inverter_name,175.2,month,devwork
2023-05-29,d95b5e9d-f2d5-4950-85a9-909e52f727ba,Penner Farms - SE 27-8-13 (site 2),c3ec3bd8-8836-45bb-97b7-adff01636570,Symo 24.0-3 480 (3),24.0,parsed_from_inverter_name,175.79,month,devwork
2023-05-30,d95b5e9d-f2d5-4950-85a9-909e52f727ba,Penner Farms - SE 27-8-13 (site 2),b8a6c9fe-5838-42e7-9faa-adff01636559,Symo 24.0-3 480 (1),24.0,parsed_from_inverter_name,206.58,month,devwork
2023-05-30,d95b5e9d-f2d5-4950-85a9-909e52f727ba,Penner Farms - SE 27-8-13 (site 2),a9f3ac23-6f93-447b-9037-adff01636562,Symo 24.0-3 480 (2),24.0,parsed_from_inverter_name,207.25,month,devwork
2023-05-30,d95b5e9d-f2d5-4950-85a9-909e52f727ba,Penner Farms - SE 27-8-13 (site 2),c3ec3bd8-8836-45bb-97b7-adff01636570,Symo 24.0-3 480 (3),24.0,parsed_from_inverter_name,208.23,month,devwork
2023-05-31,d95b5e9d-f2d5-4950-85a9-909e52f727ba,Penner Farms - SE 27-8-13 (site 2),b8a6c9fe-5838-42e7-9faa-adff01636559,Symo 24.0-3 480 (1),24.0,parsed_from_inverter_name,200.73,month,devwork
2023-05-31,d95b5e9d-f2d5-4950-85a9-909e52f727ba,Penner Farms - SE 27-8-13 (site 2),a9f3ac23-6f93-447b-9037-adff01636562,Symo 24.0-3 480 (2),24.0,parsed_from_inverter_name,201.46,month,devwork
2023-05-31,d95b5e9d-f2d5-4950-85a9-909e52f727ba,Penner Farms - SE 27-8-13 (site 2),c3ec3bd8-8836-45bb-97b7-adff01636570,Symo 24.0-3 480 (3),24.0,parsed_from_inverter_name,201.38,month,devwork
2023-06-01,d95b5e9d-f2d5-4950-85a9-909e52f727ba,Penner Farms - SE 27-8-13 (site 2),b8a6c9fe-5838-42e7-9faa-adff01636559,Symo 24.0-3 480 (1),24.0,parsed_from_inverter_name,123.52,month,devwork
2023-06-01,d95b5e9d-f2d5-4950-85a9-909e52f727ba,Penner Farms - SE 27-8-13 (site 2),a9f3ac23-6f93-447b-9037-adff01636562,Symo 24.0-3 480 (2),24.0,parsed_from_inverter_name,124.28,month,devwork
2023-06-01,d95b5e9d-f2d5-4950-85a9-909e52f727ba,Penner Farms - SE 27-8-13 (site 2),c3ec3bd8-8836-45bb-97b7-adff01636570,Symo 24.0-3 480 (3),24.0,parsed_from_inverter_name,125.23,month,devwork
2023-06-02,d95b5e9d-f2d5-4950-85a9-909e52f727ba,Penner Farms - SE 27-8-13 (site 2),b8a6c9fe-5838-42e7-9faa-adff01636559,Symo 24.0-3 480 (1),24.0,parsed_from_inverter_name,123.2,month,devwork
2023-06-02,d95b5e9d-f2d5-4950-85a9-909e52f727ba,Penner Farms - SE 27-8-13 (site 2),a9f3ac23-6f93-447b-9037-adff01636562,Symo 24.0-3 480 (2),24.0,parsed_from_inverter_name,124.1,month,devwork
2023-06-02,d95b5e9d-f2d5-4950-85a9-909e52f727ba,Penner Farms - SE 27-8-13 (site 2),c3ec3bd8-8836-45bb-97b7-adff01636570,Symo 24.0-3 480 (3),24.0,parsed_from_inverter_name,124.77,month,devwork
2023-06-03,d95b5e9d-f2d5-4950-85a9-909e52f727ba,Penner Farms - SE 27-8-13 (site 2),b8a6c9fe-5838-42e7-9faa-adff01636559,Symo 24.0-3 480 (1),24.0,parsed_from_inverter_name,56.48,month,devwork
2023-06-03,d95b5e9d-f2d5-4950-85a9-909e52f727ba,Penner Farms - SE 27-8-13 (site 2),a9f3ac23-6f93-447b-9037-adff01636562,Symo 24.0-3 480 (2),24.0,parsed_from_inverter_name,56.82,month,devwork
2023-06-03,d95b5e9d-f2d5-4950-85a9-909e52f727ba,Penner Farms - SE 27-8-13 (site 2),c3ec3bd8-8836-45bb-97b7-adff01636570,Symo 24.0-3 480 (3),24.0,parsed_from_inverter_name,57.23,month,devwork
2023-06-04,d95b5e9d-f2d5-4950-85a9-909e52f727ba,Penner Farms - SE 27-8-13 (site 2),b8a6c9fe-5838-42e7-9faa-adff01636559,Symo 24.0-3 480 (1),24.0,parsed_from_inverter_name,205.26,month,devwork
2023-06-04,d95b5e9d-f2d5-4950-85a9-909e52f727ba,Penner Farms - SE 27-8-13 (site 2),a9f3ac23-6f93-447b-9037-adff01636562,Symo 24.0-3 480 (2),24.0,parsed_from_inverter_name,209.47,month,devwork
2023-06-04,d95b5e9d-f2d5-4950-85a9-909e52f727ba,Penner Farms - SE 27-8-13 (site 2),c3ec3bd8-8836-45bb-97b7-adff01636570,Symo 24.0-3 480 (3),24.0,parsed_from_inverter_name,210.74,month,devwork
2023-06-05,d95b5e9d-f2d5-4950-85a9-909e52f727ba,Penner Farms - SE 27-8-13 (site 2),b8a6c9fe-5838-42e7-9faa-adff01636559,Symo 24.0-3 480 (1),24.0,parsed_from_inverter_name,199.01,month,devwork
2023-06-05,d95b5e9d-f2d5-4950-85a9-909e52f727ba,Penner Farms - SE 27-8-13 (site 2),a9f3ac23-6f93-447b-9037-adff01636562,Symo 24.0-3 480 (2),24.0,parsed_from_inverter_name,199.21,month,devwork
2023-06-05,d95b5e9d-f2d5-4950-85a9-909e52f727ba,Penner Farms - SE 27-8-13 (site 2),c3ec3bd8-8836-45bb-97b7-adff01636570,Symo 24.0-3 480 (3),24.0,parsed_from_inverter_name,199.97,month,devwork
2023-06-06,d95b5e9d-f2d5-4950-85a9-909e52f727ba,Penner Farms - SE 27-8-13 (site 2),b8a6c9fe-5838-42e7-9faa-adff01636559,Symo 24.0-3 480 (1),24.0,parsed_from_inverter_name,148.35,month,devwork
2023-06-06,d95b5e9d-f2d5-4950-85a9-909e52f727ba,Penner Farms - SE 27-8-13 (site 2),a9f3ac23-6f93-447b-9037-adff01636562,Symo 24.0-3 480 (2),24.0,parsed_from_inverter_name,149.29,month,devwork
2023-06-06,d95b5e9d-f2d5-4950-85a9-909e52f727ba,Penner Farms - SE 27-8-13 (site 2),c3ec3bd8-8836-45bb-97b7-adff01636570,Symo 24.0-3 480 (3),24.0,parsed_from_inverter_name,149.55,month,devwork
2023-06-07,d95b5e9d-f2d5-4950-85a9-909e52f727ba,Penner Farms - SE 27-8-13 (site 2),b8a6c9fe-5838-42e7-9faa-adff01636559,Symo 24.0-3 480 (1),24.0,parsed_from_inverter_name,198.41,month,devwork
2023-06-07,d95b5e9d-f2d5-4950-85a9-909e52f727ba,Penner Farms - SE 27-8-13 (site 2),a9f3ac23-6f93-447b-9037-adff01636562,Symo 24.0-3 480 (2),24.0,parsed_from_inverter_name,199.25,month,devwork
2023-06-07,d95b5e9d-f2d5-4950-85a9-909e52f727ba,Penner Farms - SE 27-8-13 (site 2),c3ec3bd8-8836-45bb-97b7-adff01636570,Symo 24.0-3 480 (3),24.0,parsed_from_inverter_name,200.89,month,devwork
2023-06-08,d95b5e9d-f2d5-4950-85a9-909e52f727ba,Penner Farms - SE 27-8-13 (site 2),b8a6c9fe-5838-42e7-9faa-adff01636559,Symo 24.0-3 480 (1),24.0,parsed_from_inverter_name,188.96,month,devwork
2023-06-08,d95b5e9d-f2d5-4950-85a9-909e52f727ba,Penner Farms - SE 27-8-13 (site 2),a9f3ac23-6f93-447b-9037-adff01636562,Symo 24.0-3 480 (2),24.0,parsed_from_inverter_name,189.03,month,devwork
2023-06-08,d95b5e9d-f2d5-4950-85a9-909e52f727ba,Penner Farms - SE 27-8-13 (site 2),c3ec3bd8-8836-45bb-97b7-adff01636570,Symo 24.0-3 480 (3),24.0,parsed_from_inverter_name,190.37,month,devwork
2023-06-09,d95b5e9d-f2d5-4950-85a9-909e52f727ba,Penner Farms - SE 27-8-13 (site 2),b8a6c9fe-5838-42e7-9faa-adff01636559,Symo 24.0-3 480 (1),24.0,parsed_from_inverter_name,122.23,month,devwork
2023-06-09,d95b5e9d-f2d5-4950-85a9-909e52f727ba,Penner Farms - SE 27-8-13 (site 2),a9f3ac23-6f93-447b-9037-adff01636562,Symo 24.0-3 480 (2),24.0,parsed_from_inverter_name,123.24,month,devwork
2023-06-09,d95b5e9d-f2d5-4950-85a9-909e52f727ba,Penner Farms - SE 27-8-13 (site 2),c3ec3bd8-8836-45bb-97b7-adff01636570,Symo 24.0-3 480 (3),24.0,parsed_from_inverter_name,123.66,month,devwork
2023-06-11,d95b5e9d-f2d5-4950-85a9-909e52f727ba,Penner Farms - SE 27-8-13 (site 2),b8a6c9fe-5838-42e7-9faa-adff01636559,Symo 24.0-3 480 (1),24.0,parsed_from_inverter_name,0.01,month,devwork
2023-06-11,d95b5e9d-f2d5-4950-85a9-909e52f727ba,Penner Farms - SE 27-8-13 (site 2),a9f3ac23-6f93-447b-9037-adff01636562,Symo 24.0-3 480 (2),24.0,parsed_from_inverter_name,0.01,month,devwork
2023-06-11,d95b5e9d-f2d5-4950-85a9-909e52f727ba,Penner Farms - SE 27-8-13 (site 2),c3ec3bd8-8836-45bb-97b7-adff01636570,Symo 24.0-3 480 (3),24.0,parsed_from_inverter_name,0.01,month,devwork
2023-06-12,d95b5e9d-f2d5-4950-85a9-909e52f727ba,Penner Farms - SE 27-8-13 (site 2),b8a6c9fe-5838-42e7-9faa-adff01636559,Symo 24.0-3 480 (1),24.0,parsed_from_inverter_name,187.82,month,devwork
2023-06-12,d95b5e9d-f2d5-4950-85a9-909e52f727ba,Penner Farms - SE 27-8-13 (site 2),a9f3ac23-6f93-447b-9037-adff01636562,Symo 24.0-3 480 (2),24.0,parsed_from_inverter_name,188.47,month,devwork
2023-06-12,d95b5e9d-f2d5-4950-85a9-909e52f727ba,Penner Farms - SE 27-8-13 (site 2),c3ec3bd8-8836-45bb-97b7-adff01636570,Symo 24.0-3 480 (3),24.0,parsed_from_inverter_name,189.51,month,devwork
2023-06-13,d95b5e9d-f2d5-4950-85a9-909e52f727ba,Penner Farms - SE 27-8-13 (site 2),b8a6c9fe-5838-42e7-9faa-adff01636559,Symo 24.0-3 480 (1),24.0,parsed_from_inverter_name,212.27,month,devwork
2023-06-13,d95b5e9d-f2d5-4950-85a9-909e52f727ba,Penner Farms - SE 27-8-13 (site 2),a9f3ac23-6f93-447b-9037-adff01636562,Symo 24.0-3 480 (2),24.0,parsed_from_inverter_name,213.73,month,devwork
2023-06-13,d95b5e9d-f2d5-4950-85a9-909e52f727ba,Penner Farms - SE 27-8-13 (site 2),c3ec3bd8-8836-45bb-97b7-adff01636570,Symo 24.0-3 480 (3),24.0,parsed_from_inverter_name,214.95,month,devwork
2023-06-14,d95b5e9d-f2d5-4950-85a9-909e52f727ba,Penner Farms - SE 27-8-13 (site 2),b8a6c9fe-5838-42e7-9faa-adff01636559,Symo 24.0-3 480 (1),24.0,parsed_from_inverter_name,164.65,month,devwork
2023-06-14,d95b5e9d-f2d5-4950-85a9-909e52f727ba,Penner Farms - SE 27-8-13 (site 2),a9f3ac23-6f93-447b-9037-adff01636562,Symo 24.0-3 480 (2),24.0,parsed_from_inverter_name,165.42,month,devwork
2023-06-14,d95b5e9d-f2d5-4950-85a9-909e52f727ba,Penner Farms - SE 27-8-13 (site 2),c3ec3bd8-8836-45bb-97b7-adff01636570,Symo 24.0-3 480 (3),24.0,parsed_from_inverter_name,166.34,month,devwork
2023-06-15,d95b5e9d-f2d5-4950-85a9-909e52f727ba,Penner Farms - SE 27-8-13 (site 2),b8a6c9fe-5838-42e7-9faa-adff01636559,Symo 24.0-3 480 (1),24.0,parsed_from_inverter_name,155.31,month,devwork
2023-06-15,d95b5e9d-f2d5-4950-85a9-909e52f727ba,Penner Farms - SE 27-8-13 (site 2),a9f3ac23-6f93-447b-9037-adff01636562,Symo 24.0-3 480 (2),24.0,parsed_from_inverter_name,156.34,month,devwork
2023-06-15,d95b5e9d-f2d5-4950-85a9-909e52f727ba,Penner Farms - SE 27-8-13 (site 2),c3ec3bd8-8836-45bb-97b7-adff01636570,Symo 24.0-3 480 (3),24.0,parsed_from_inverter_name,156.65,month,devwork
2023-06-16,d95b5e9d-f2d5-4950-85a9-909e52f727ba,Penner Farms - SE 27-8-13 (site 2),b8a6c9fe-5838-42e7-9faa-adff01636559,Symo 24.0-3 480 (1),24.0,parsed_from_inverter_name,204.06,month,devwork
2023-06-16,d95b5e9d-f2d5-4950-85a9-909e52f727ba,Penner Farms - SE 27-8-13 (site 2),a9f3ac23-6f93-447b-9037-adff01636562,Symo 24.0-3 480 (2),24.0,parsed_from_inverter_name,204.76,month,devwork
2023-06-16,d95b5e9d-f2d5-4950-85a9-909e52f727ba,Penner Farms - SE 27-8-13 (site 2),c3ec3bd8-8836-45bb-97b7-adff01636570,Symo 24.0-3 480 (3),24.0,parsed_from_inverter_name,205.67,month,devwork
2023-06-17,d95b5e9d-f2d5-4950-85a9-909e52f727ba,Penner Farms - SE 27-8-13 (site 2),b8a6c9fe-5838-42e7-9faa-adff01636559,Symo 24.0-3 480 (1),24.0,parsed_from_inverter_name,168.17,month,devwork
2023-06-17,d95b5e9d-f2d5-4950-85a9-909e52f727ba,Penner Farms - SE 27-8-13 (site 2),a9f3ac23-6f93-447b-9037-adff01636562,Symo 24.0-3 480 (2),24.0,parsed_from_inverter_name,169.5,month,devwork
2023-06-17,d95b5e9d-f2d5-4950-85a9-909e52f727ba,Penner Farms - SE 27-8-13 (site 2),c3ec3bd8-8836-45bb-97b7-adff01636570,Symo 24.0-3 480 (3),24.0,parsed_from_inverter_name,170.49,month,devwork
2023-06-18,d95b5e9d-f2d5-4950-85a9-909e52f727ba,Penner Farms - SE 27-8-13 (site 2),b8a6c9fe-5838-42e7-9faa-adff01636559,Symo 24.0-3 480 (1),24.0,parsed_from_inverter_name,92.7,month,devwork
2023-06-18,d95b5e9d-f2d5-4950-85a9-909e52f727ba,Penner Farms - SE 27-8-13 (site 2),a9f3ac23-6f93-447b-9037-adff01636562,Symo 24.0-3 480 (2),24.0,parsed_from_inverter_name,93.56,month,devwork
2023-06-18,d95b5e9d-f2d5-4950-85a9-909e52f727ba,Penner Farms - SE 27-8-13 (site 2),c3ec3bd8-8836-45bb-97b7-adff01636570,Symo 24.0-3 480 (3),24.0,parsed_from_inverter_name,93.78,month,devwork
2023-06-19,d95b5e9d-f2d5-4950-85a9-909e52f727ba,Penner Farms - SE 27-8-13 (site 2),b8a6c9fe-5838-42e7-9faa-adff01636559,Symo 24.0-3 480 (1),24.0,parsed_from_inverter_name,218.97,month,devwork
2023-06-19,d95b5e9d-f2d5-4950-85a9-909e52f727ba,Penner Farms - SE 27-8-13 (site 2),a9f3ac23-6f93-447b-9037-adff01636562,Symo 24.0-3 480 (2),24.0,parsed_from_inverter_name,219.45,month,devwork
2023-06-19,d95b5e9d-f2d5-4950-85a9-909e52f727ba,Penner Farms - SE 27-8-13 (site 2),c3ec3bd8-8836-45bb-97b7-adff01636570,Symo 24.0-3 480 (3),24.0,parsed_from_inverter_name,221.18,month,devwork
2023-06-20,d95b5e9d-f2d5-4950-85a9-909e52f727ba,Penner Farms - SE 27-8-13 (site 2),b8a6c9fe-5838-42e7-9faa-adff01636559,Symo 24.0-3 480 (1),24.0,parsed_from_inverter_name,205.18,month,devwork
2023-06-20,d95b5e9d-f2d5-4950-85a9-909e52f727ba,Penner Farms - SE 27-8-13 (site 2),a9f3ac23-6f93-447b-9037-adff01636562,Symo 24.0-3 480 (2),24.0,parsed_from_inverter_name,205.6,month,devwork
2023-06-20,d95b5e9d-f2d5-4950-85a9-909e52f727ba,Penner Farms - SE 27-8-13 (site 2),c3ec3bd8-8836-45bb-97b7-adff01636570,Symo 24.0-3 480 (3),24.0,parsed_from_inverter_name,207.32,month,devwork
2023-06-21,d95b5e9d-f2d5-4950-85a9-909e52f727ba,Penner Farms - SE 27-8-13 (site 2),b8a6c9fe-5838-42e7-9faa-adff01636559,Symo 24.0-3 480 (1),24.0,parsed_from_inverter_name,182.17,month,devwork
2023-06-21,d95b5e9d-f2d5-4950-85a9-909e52f727ba,Penner Farms - SE 27-8-13 (site 2),a9f3ac23-6f93-447b-9037-adff01636562,Symo 24.0-3 480 (2),24.0,parsed_from_inverter_name,182.78,month,devwork
2023-06-21,d95b5e9d-f2d5-4950-85a9-909e52f727ba,Penner Farms - SE 27-8-13 (site 2),c3ec3bd8-8836-45bb-97b7-adff01636570,Symo 24.0-3 480 (3),24.0,parsed_from_inverter_name,183.95,month,devwork
2023-06-22,d95b5e9d-f2d5-4950-85a9-909e52f727ba,Penner Farms - SE 27-8-13 (site 2),b8a6c9fe-5838-42e7-9faa-adff01636559,Symo 24.0-3 480 (1),24.0,parsed_from_inverter_name,214.83,month,devwork
2023-06-22,d95b5e9d-f2d5-4950-85a9-909e52f727ba,Penner Farms - SE 27-8-13 (site 2),a9f3ac23-6f93-447b-9037-adff01636562,Symo 24.0-3 480 (2),24.0,parsed_from_inverter_name,215.48,month,devwork
2023-06-22,d95b5e9d-f2d5-4950-85a9-909e52f727ba,Penner Farms - SE 27-8-13 (site 2),c3ec3bd8-8836-45bb-97b7-adff01636570,Symo 24.0-3 480 (3),24.0,parsed_from_inverter_name,217.4,month,devwork
2023-06-23,d95b5e9d-f2d5-4950-85a9-909e52f727ba,Penner Farms - SE 27-8-13 (site 2),b8a6c9fe-5838-42e7-9faa-adff01636559,Symo 24.0-3 480 (1),24.0,parsed_from_inverter_name,214.48,month,devwork
2023-06-23,d95b5e9d-f2d5-4950-85a9-909e52f727ba,Penner Farms - SE 27-8-13 (site 2),a9f3ac23-6f93-447b-9037-adff01636562,Symo 24.0-3 480 (2),24.0,parsed_from_inverter_name,215.0,month,devwork
2023-06-23,d95b5e9d-f2d5-4950-85a9-909e52f727ba,Penner Farms - SE 27-8-13 (site 2),c3ec3bd8-8836-45bb-97b7-adff01636570,Symo 24.0-3 480 (3),24.0,parsed_from_inverter_name,217.11,month,devwork
2023-06-24,d95b5e9d-f2d5-4950-85a9-909e52f727ba,Penner Farms - SE 27-8-13 (site 2),b8a6c9fe-5838-42e7-9faa-adff01636559,Symo 24.0-3 480 (1),24.0,parsed_from_inverter_name,112.96,month,devwork
2023-06-24,d95b5e9d-f2d5-4950-85a9-909e52f727ba,Penner Farms - SE 27-8-13 (site 2),a9f3ac23-6f93-447b-9037-adff01636562,Symo 24.0-3 480 (2),24.0,parsed_from_inverter_name,113.25,month,devwork
2023-06-24,d95b5e9d-f2d5-4950-85a9-909e52f727ba,Penner Farms - SE 27-8-13 (site 2),c3ec3bd8-8836-45bb-97b7-adff01636570,Symo 24.0-3 480 (3),24.0,parsed_from_inverter_name,114.31,month,devwork
2023-06-25,d95b5e9d-f2d5-4950-85a9-909e52f727ba,Penner Farms - SE 27-8-13 (site 2),b8a6c9fe-5838-42e7-9faa-adff01636559,Symo 24.0-3 480 (1),24.0,parsed_from_inverter_name,91.29,month,devwork
2023-06-25,d95b5e9d-f2d5-4950-85a9-909e52f727ba,Penner Farms - SE 27-8-13 (site 2),a9f3ac23-6f93-447b-9037-adff01636562,Symo 24.0-3 480 (2),24.0,parsed_from_inverter_name,91.83,month,devwork
2023-06-25,d95b5e9d-f2d5-4950-85a9-909e52f727ba,Penner Farms - SE 27-8-13 (site 2),c3ec3bd8-8836-45bb-97b7-adff01636570,Symo 24.0-3 480 (3),24.0,parsed_from_inverter_name,92.02,month,devwork
2023-06-26,d95b5e9d-f2d5-4950-85a9-909e52f727ba,Penner Farms - SE 27-8-13 (site 2),b8a6c9fe-5838-42e7-9faa-adff01636559,Symo 24.0-3 480 (1),24.0,parsed_from_inverter_name,212.13,month,devwork
2023-06-26,d95b5e9d-f2d5-4950-85a9-909e52f727ba,Penner Farms - SE 27-8-13 (site 2),a9f3ac23-6f93-447b-9037-adff01636562,Symo 24.0-3 480 (2),24.0,parsed_from_inverter_name,212.54,month,devwork
2023-06-26,d95b5e9d-f2d5-4950-85a9-909e52f727ba,Penner Farms - SE 27-8-13 (site 2),c3ec3bd8-8836-45bb-97b7-adff01636570,Symo 24.0-3 480 (3),24.0,parsed_from_inverter_name,214.42,month,devwork
2023-06-27,d95b5e9d-f2d5-4950-85a9-909e52f727ba,Penner Farms - SE 27-8-13 (site 2),b8a6c9fe-5838-42e7-9faa-adff01636559,Symo 24.0-3 480 (1),24.0,parsed_from_inverter_name,200.16,month,devwork
2023-06-27,d95b5e9d-f2d5-4950-85a9-909e52f727ba,Penner Farms - SE 27-8-13 (site 2),a9f3ac23-6f93-447b-9037-adff01636562,Symo 24.0-3 480 (2),24.0,parsed_from_inverter_name,200.55,month,devwork
2023-06-27,d95b5e9d-f2d5-4950-85a9-909e52f727ba,Penner Farms - SE 27-8-13 (site 2),c3ec3bd8-8836-45bb-97b7-adff01636570,Symo 24.0-3 480 (3),24.0,parsed_from_inverter_name,202.15,month,devwork
2023-06-28,d95b5e9d-f2d5-4950-85a9-909e52f727ba,Penner Farms - SE 27-8-13 (site 2),b8a6c9fe-5838-42e7-9faa-adff01636559,Symo 24.0-3 480 (1),24.0,parsed_from_inverter_name,176.28,month,devwork
2023-06-28,d95b5e9d-f2d5-4950-85a9-909e52f727ba,Penner Farms - SE 27-8-13 (site 2),a9f3ac23-6f93-447b-9037-adff01636562,Symo 24.0-3 480 (2),24.0,parsed_from_inverter_name,177.0,month,devwork
2023-06-28,d95b5e9d-f2d5-4950-85a9-909e52f727ba,Penner Farms - SE 27-8-13 (site 2),c3ec3bd8-8836-45bb-97b7-adff01636570,Symo 24.0-3 480 (3),24.0,parsed_from_inverter_name,178.57,month,devwork
2023-06-30,d95b5e9d-f2d5-4950-85a9-909e52f727ba,Penner Farms - SE 27-8-13 (site 2),b8a6c9fe-5838-42e7-9faa-adff01636559,Symo 24.0-3 480 (1),24.0,parsed_from_inverter_name,199.38,month,devwork
2023-06-30,d95b5e9d-f2d5-4950-85a9-909e52f727ba,Penner Farms - SE 27-8-13 (site 2),a9f3ac23-6f93-447b-9037-adff01636562,Symo 24.0-3 480 (2),24.0,parsed_from_inverter_name,199.98,month,devwork
2023-06-30,d95b5e9d-f2d5-4950-85a9-909e52f727ba,Penner Farms - SE 27-8-13 (site 2),c3ec3bd8-8836-45bb-97b7-adff01636570,Symo 24.0-3 480 (3),24.0,parsed_from_inverter_name,201.37,month,devwork
2023-07-01,d95b5e9d-f2d5-4950-85a9-909e52f727ba,Penner Farms - SE 27-8-13 (site 2),b8a6c9fe-5838-42e7-9faa-adff01636559,Symo 24.0-3 480 (1),24.0,parsed_from_inverter_name,211.54,month,devwork
2023-07-01,d95b5e9d-f2d5-4950-85a9-909e52f727ba,Penner Farms - SE 27-8-13 (site 2),a9f3ac23-6f93-447b-9037-adff01636562,Symo 24.0-3 480 (2),24.0,parsed_from_inverter_name,211.79,month,devwork
2023-07-01,d95b5e9d-f2d5-4950-85a9-909e52f727ba,Penner Farms - SE 27-8-13 (site 2),c3ec3bd8-8836-45bb-97b7-adff01636570,Symo 24.0-3 480 (3),24.0,parsed_from_inverter_name,213.14,month,devwork
2023-07-02,d95b5e9d-f2d5-4950-85a9-909e52f727ba,Penner Farms - SE 27-8-13 (site 2),b8a6c9fe-5838-42e7-9faa-adff01636559,Symo 24.0-3 480 (1),24.0,parsed_from_inverter_name,189.45,month,devwork
2023-07-02,d95b5e9d-f2d5-4950-85a9-909e52f727ba,Penner Farms - SE 27-8-13 (site 2),a9f3ac23-6f93-447b-9037-adff01636562,Symo 24.0-3 480 (2),24.0,parsed_from_inverter_name,190.29,month,devwork
2023-07-02,d95b5e9d-f2d5-4950-85a9-909e52f727ba,Penner Farms - SE 27-8-13 (site 2),c3ec3bd8-8836-45bb-97b7-adff01636570,Symo 24.0-3 480 (3),24.0,parsed_from_inverter_name,191.11,month,devwork
2023-07-03,d95b5e9d-f2d5-4950-85a9-909e52f727ba,Penner Farms - SE 27-8-13 (site 2),b8a6c9fe-5838-42e7-9faa-adff01636559,Symo 24.0-3 480 (1),24.0,parsed_from_inverter_name,188.22,month,devwork
2023-07-03,d95b5e9d-f2d5-4950-85a9-909e52f727ba,Penner Farms - SE 27-8-13 (site 2),a9f3ac23-6f93-447b-9037-adff01636562,Symo 24.0-3 480 (2),24.0,parsed_from_inverter_name,189.41,month,devwork
2023-07-03,d95b5e9d-f2d5-4950-85a9-909e52f727ba,Penner Farms - SE 27-8-13 (site 2),c3ec3bd8-8836-45bb-97b7-adff01636570,Symo 24.0-3 480 (3),24.0,parsed_from_inverter_name,190.02,month,devwork
2023-07-04,d95b5e9d-f2d5-4950-85a9-909e52f727ba,Penner Farms - SE 27-8-13 (site 2),b8a6c9fe-5838-42e7-9faa-adff01636559,Symo 24.0-3 480 (1),24.0,parsed_from_inverter_name,150.25,month,devwork
2023-07-04,d95b5e9d-f2d5-4950-85a9-909e52f727ba,Penner Farms - SE 27-8-13 (site 2),a9f3ac23-6f93-447b-9037-adff01636562,Symo 24.0-3 480 (2),24.0,parsed_from_inverter_name,151.63,month,devwork
2023-07-04,d95b5e9d-f2d5-4950-85a9-909e52f727ba,Penner Farms - SE 27-8-13 (site 2),c3ec3bd8-8836-45bb-97b7-adff01636570,Symo 24.0-3 480 (3),24.0,parsed_from_inverter_name,151.52,month,devwork
2023-07-05,d95b5e9d-f2d5-4950-85a9-909e52f727ba,Penner Farms - SE 27-8-13 (site 2),b8a6c9fe-5838-42e7-9faa-adff01636559,Symo 24.0-3 480 (1),24.0,parsed_from_inverter_name,189.46,month,devwork
2023-07-05,d95b5e9d-f2d5-4950-85a9-909e52f727ba,Penner Farms - SE 27-8-13 (site 2),a9f3ac23-6f93-447b-9037-adff01636562,Symo 24.0-3 480 (2),24.0,parsed_from_inverter_name,190.87,month,devwork
2023-07-05,d95b5e9d-f2d5-4950-85a9-909e52f727ba,Penner Farms - SE 27-8-13 (site 2),c3ec3bd8-8836-45bb-97b7-adff01636570,Symo 24.0-3 480 (3),24.0,parsed_from_inverter_name,192.22,month,devwork
2023-07-06,d95b5e9d-f2d5-4950-85a9-909e52f727ba,Penner Farms - SE 27-8-13 (site 2),b8a6c9fe-5838-42e7-9faa-adff01636559,Symo 24.0-3 480 (1),24.0,parsed_from_inverter_name,202.57,month,devwork
2023-07-06,d95b5e9d-f2d5-4950-85a9-909e52f727ba,Penner Farms - SE 27-8-13 (site 2),a9f3ac23-6f93-447b-9037-adff01636562,Symo 24.0-3 480 (2),24.0,parsed_from_inverter_name,203.61,month,devwork
2023-07-06,d95b5e9d-f2d5-4950-85a9-909e52f727ba,Penner Farms - SE 27-8-13 (site 2),c3ec3bd8-8836-45bb-97b7-adff01636570,Symo 24.0-3 480 (3),24.0,parsed_from_inverter_name,204.78,month,devwork
2023-07-07,d95b5e9d-f2d5-4950-85a9-909e52f727ba,Penner Farms - SE 27-8-13 (site 2),b8a6c9fe-5838-42e7-9faa-adff01636559,Symo 24.0-3 480 (1),24.0,parsed_from_inverter_name,178.35,month,devwork
2023-07-07,d95b5e9d-f2d5-4950-85a9-909e52f727ba,Penner Farms - SE 27-8-13 (site 2),a9f3ac23-6f93-447b-9037-adff01636562,Symo 24.0-3 480 (2),24.0,parsed_from_inverter_name,180.84,month,devwork
2023-07-07,d95b5e9d-f2d5-4950-85a9-909e52f727ba,Penner Farms - SE 27-8-13 (site 2),c3ec3bd8-8836-45bb-97b7-adff01636570,Symo 24.0-3 480 (3),24.0,parsed_from_inverter_name,181.3,month,devwork
2023-07-08,d95b5e9d-f2d5-4950-85a9-909e52f727ba,Penner Farms - SE 27-8-13 (site 2),b8a6c9fe-5838-42e7-9faa-adff01636559,Symo 24.0-3 480 (1),24.0,parsed_from_inverter_name,205.48,month,devwork
2023-07-08,d95b5e9d-f2d5-4950-85a9-909e52f727ba,Penner Farms - SE 27-8-13 (site 2),a9f3ac23-6f93-447b-9037-adff01636562,Symo 24.0-3 480 (2),24.0,parsed_from_inverter_name,206.65,month,devwork
2023-07-08,d95b5e9d-f2d5-4950-85a9-909e52f727ba,Penner Farms - SE 27-8-13 (site 2),c3ec3bd8-8836-45bb-97b7-adff01636570,Symo 24.0-3 480 (3),24.0,parsed_from_inverter_name,207.83,month,devwork
2023-07-09,d95b5e9d-f2d5-4950-85a9-909e52f727ba,Penner Farms - SE 27-8-13 (site 2),b8a6c9fe-5838-42e7-9faa-adff01636559,Symo 24.0-3 480 (1),24.0,parsed_from_inverter_name,202.53,month,devwork
2023-07-09,d95b5e9d-f2d5-4950-85a9-909e52f727ba,Penner Farms - SE 27-8-13 (site 2),a9f3ac23-6f93-447b-9037-adff01636562,Symo 24.0-3 480 (2),24.0,parsed_from_inverter_name,203.98,month,devwork
2023-07-09,d95b5e9d-f2d5-4950-85a9-909e52f727ba,Penner Farms - SE 27-8-13 (site 2),c3ec3bd8-8836-45bb-97b7-adff01636570,Symo 24.0-3 480 (3),24.0,parsed_from_inverter_name,205.05,month,devwork
2023-07-10,d95b5e9d-f2d5-4950-85a9-909e52f727ba,Penner Farms - SE 27-8-13 (site 2),b8a6c9fe-5838-42e7-9faa-adff01636559,Symo 24.0-3 480 (1),24.0,parsed_from_inverter_name,176.24,month,devwork
2023-07-10,d95b5e9d-f2d5-4950-85a9-909e52f727ba,Penner Farms - SE 27-8-13 (site 2),a9f3ac23-6f93-447b-9037-adff01636562,Symo 24.0-3 480 (2),24.0,parsed_from_inverter_name,176.99,month,devwork
2023-07-10,d95b5e9d-f2d5-4950-85a9-909e52f727ba,Penner Farms - SE 27-8-13 (site 2),c3ec3bd8-8836-45bb-97b7-adff01636570,Symo 24.0-3 480 (3),24.0,parsed_from_inverter_name,178.31,month,devwork
2023-07-11,d95b5e9d-f2d5-4950-85a9-909e52f727ba,Penner Farms - SE 27-8-13 (site 2),b8a6c9fe-5838-42e7-9faa-adff01636559,Symo 24.0-3 480 (1),24.0,parsed_from_inverter_name,167.96,month,devwork
2023-07-11,d95b5e9d-f2d5-4950-85a9-909e52f727ba,Penner Farms - SE 27-8-13 (site 2),a9f3ac23-6f93-447b-9037-adff01636562,Symo 24.0-3 480 (2),24.0,parsed_from_inverter_name,169.11,month,devwork
2023-07-11,d95b5e9d-f2d5-4950-85a9-909e52f727ba,Penner Farms - SE 27-8-13 (site 2),c3ec3bd8-8836-45bb-97b7-adff01636570,Symo 24.0-3 480 (3),24.0,parsed_from_inverter_name,169.67,month,devwork
2023-07-12,d95b5e9d-f2d5-4950-85a9-909e52f727ba,Penner Farms - SE 27-8-13 (site 2),b8a6c9fe-5838-42e7-9faa-adff01636559,Symo 24.0-3 480 (1),24.0,parsed_from_inverter_name,167.49,month,devwork
2023-07-12,d95b5e9d-f2d5-4950-85a9-909e52f727ba,Penner Farms - SE 27-8-13 (site 2),a9f3ac23-6f93-447b-9037-adff01636562,Symo 24.0-3 480 (2),24.0,parsed_from_inverter_name,168.36,month,devwork
2023-07-12,d95b5e9d-f2d5-4950-85a9-909e52f727ba,Penner Farms - SE 27-8-13 (site 2),c3ec3bd8-8836-45bb-97b7-adff01636570,Symo 24.0-3 480 (3),24.0,parsed_from_inverter_name,169.07,month,devwork
2023-07-13,d95b5e9d-f2d5-4950-85a9-909e52f727ba,Penner Farms - SE 27-8-13 (site 2),b8a6c9fe-5838-42e7-9faa-adff01636559,Symo 24.0-3 480 (1),24.0,parsed_from_inverter_name,169.11,month,devwork
2023-07-13,d95b5e9d-f2d5-4950-85a9-909e52f727ba,Penner Farms - SE 27-8-13 (site 2),a9f3ac23-6f93-447b-9037-adff01636562,Symo 24.0-3 480 (2),24.0,parsed_from_inverter_name,170.45,month,devwork
2023-07-13,d95b5e9d-f2d5-4950-85a9-909e52f727ba,Penner Farms - SE 27-8-13 (site 2),c3ec3bd8-8836-45bb-97b7-adff01636570,Symo 24.0-3 480 (3),24.0,parsed_from_inverter_name,171.04,month,devwork
2023-07-14,d95b5e9d-f2d5-4950-85a9-909e52f727ba,Penner Farms - SE 27-8-13 (site 2),b8a6c9fe-5838-42e7-9faa-adff01636559,Symo 24.0-3 480 (1),24.0,parsed_from_inverter_name,181.64,month,devwork
2023-07-14,d95b5e9d-f2d5-4950-85a9-909e52f727ba,Penner Farms - SE 27-8-13 (site 2),a9f3ac23-6f93-447b-9037-adff01636562,Symo 24.0-3 480 (2),24.0,parsed_from_inverter_name,182.95,month,devwork
2023-07-14,d95b5e9d-f2d5-4950-85a9-909e52f727ba,Penner Farms - SE 27-8-13 (site 2),c3ec3bd8-8836-45bb-97b7-adff01636570,Symo 24.0-3 480 (3),24.0,parsed_from_inverter_name,183.6,month,devwork
2023-07-15,d95b5e9d-f2d5-4950-85a9-909e52f727ba,Penner Farms - SE 27-8-13 (site 2),b8a6c9fe-5838-42e7-9faa-adff01636559,Symo 24.0-3 480 (1),24.0,parsed_from_inverter_name,172.94,month,devwork
2023-07-15,d95b5e9d-f2d5-4950-85a9-909e52f727ba,Penner Farms - SE 27-8-13 (site 2),a9f3ac23-6f93-447b-9037-adff01636562,Symo 24.0-3 480 (2),24.0,parsed_from_inverter_name,174.83,month,devwork
2023-07-15,d95b5e9d-f2d5-4950-85a9-909e52f727ba,Penner Farms - SE 27-8-13 (site 2),c3ec3bd8-8836-45bb-97b7-adff01636570,Symo 24.0-3 480 (3),24.0,parsed_from_inverter_name,175.6,month,devwork
2023-07-16,d95b5e9d-f2d5-4950-85a9-909e52f727ba,Penner Farms - SE 27-8-13 (site 2),b8a6c9fe-5838-42e7-9faa-adff01636559,Symo 24.0-3 480 (1),24.0,parsed_from_inverter_name,191.93,month,devwork
2023-07-16,d95b5e9d-f2d5-4950-85a9-909e52f727ba,Penner Farms - SE 27-8-13 (site 2),a9f3ac23-6f93-447b-9037-adff01636562,Symo 24.0-3 480 (2),24.0,parsed_from_inverter_name,193.78,month,devwork
2023-07-16,d95b5e9d-f2d5-4950-85a9-909e52f727ba,Penner Farms - SE 27-8-13 (site 2),c3ec3bd8-8836-45bb-97b7-adff01636570,Symo 24.0-3 480 (3),24.0,parsed_from_inverter_name,195.14,month,devwork
2023-07-17,d95b5e9d-f2d5-4950-85a9-909e52f727ba,Penner Farms - SE 27-8-13 (site 2),b8a6c9fe-5838-42e7-9faa-adff01636559,Symo 24.0-3 480 (1),24.0,parsed_from_inverter_name,164.69,month,devwork
2023-07-17,d95b5e9d-f2d5-4950-85a9-909e52f727ba,Penner Farms - SE 27-8-13 (site 2),a9f3ac23-6f93-447b-9037-adff01636562,Symo 24.0-3 480 (2),24.0,parsed_from_inverter_name,166.95,month,devwork
2023-07-17,d95b5e9d-f2d5-4950-85a9-909e52f727ba,Penner Farms - SE 27-8-13 (site 2),c3ec3bd8-8836-45bb-97b7-adff01636570,Symo 24.0-3 480 (3),24.0,parsed_from_inverter_name,167.93,month,devwork
2023-07-18,d95b5e9d-f2d5-4950-85a9-909e52f727ba,Penner Farms - SE 27-8-13 (site 2),b8a6c9fe-5838-42e7-9faa-adff01636559,Symo 24.0-3 480 (1),24.0,parsed_from_inverter_name,190.81,month,devwork
2023-07-18,d95b5e9d-f2d5-4950-85a9-909e52f727ba,Penner Farms - SE 27-8-13 (site 2),a9f3ac23-6f93-447b-9037-adff01636562,Symo 24.0-3 480 (2),24.0,parsed_from_inverter_name,195.14,month,devwork
2023-07-18,d95b5e9d-f2d5-4950-85a9-909e52f727ba,Penner Farms - SE 27-8-13 (site 2),c3ec3bd8-8836-45bb-97b7-adff01636570,Symo 24.0-3 480 (3),24.0,parsed_from_inverter_name,196.34,month,devwork
2023-07-19,d95b5e9d-f2d5-4950-85a9-909e52f727ba,Penner Farms - SE 27-8-13 (site 2),b8a6c9fe-5838-42e7-9faa-adff01636559,Symo 24.0-3 480 (1),24.0,parsed_from_inverter_name,204.01,month,devwork
2023-07-19,d95b5e9d-f2d5-4950-85a9-909e52f727ba,Penner Farms - SE 27-8-13 (site 2),a9f3ac23-6f93-447b-9037-adff01636562,Symo 24.0-3 480 (2),24.0,parsed_from_inverter_name,205.56,month,devwork
2023-07-19,d95b5e9d-f2d5-4950-85a9-909e52f727ba,Penner Farms - SE 27-8-13 (site 2),c3ec3bd8-8836-45bb-97b7-adff01636570,Symo 24.0-3 480 (3),24.0,parsed_from_inverter_name,206.59,month,devwork
2023-07-20,d95b5e9d-f2d5-4950-85a9-909e52f727ba,Penner Farms - SE 27-8-13 (site 2),b8a6c9fe-5838-42e7-9faa-adff01636559,Symo 24.0-3 480 (1),24.0,parsed_from_inverter_name,199.21,month,devwork
2023-07-20,d95b5e9d-f2d5-4950-85a9-909e52f727ba,Penner Farms - SE 27-8-13 (site 2),a9f3ac23-6f93-447b-9037-adff01636562,Symo 24.0-3 480 (2),24.0,parsed_from_inverter_name,200.73,month,devwork
2023-07-20,d95b5e9d-f2d5-4950-85a9-909e52f727ba,Penner Farms - SE 27-8-13 (site 2),c3ec3bd8-8836-45bb-97b7-adff01636570,Symo 24.0-3 480 (3),24.0,parsed_from_inverter_name,202.47,month,devwork
2023-07-21,d95b5e9d-f2d5-4950-85a9-909e52f727ba,Penner Farms - SE 27-8-13 (site 2),b8a6c9fe-5838-42e7-9faa-adff01636559,Symo 24.0-3 480 (1),24.0,parsed_from_inverter_name,187.73,month,devwork
2023-07-21,d95b5e9d-f2d5-4950-85a9-909e52f727ba,Penner Farms - SE 27-8-13 (site 2),a9f3ac23-6f93-447b-9037-adff01636562,Symo 24.0-3 480 (2),24.0,parsed_from_inverter_name,189.0,month,devwork
2023-07-21,d95b5e9d-f2d5-4950-85a9-909e52f727ba,Penner Farms - SE 27-8-13 (site 2),c3ec3bd8-8836-45bb-97b7-adff01636570,Symo 24.0-3 480 (3),24.0,parsed_from_inverter_name,190.53,month,devwork
2023-07-22,d95b5e9d-f2d5-4950-85a9-909e52f727ba,Penner Farms - SE 27-8-13 (site 2),b8a6c9fe-5838-42e7-9faa-adff01636559,Symo 24.0-3 480 (1),24.0,parsed_from_inverter_name,202.15,month,devwork
2023-07-22,d95b5e9d-f2d5-4950-85a9-909e52f727ba,Penner Farms - SE 27-8-13 (site 2),a9f3ac23-6f93-447b-9037-adff01636562,Symo 24.0-3 480 (2),24.0,parsed_from_inverter_name,203.89,month,devwork
2023-07-22,d95b5e9d-f2d5-4950-85a9-909e52f727ba,Penner Farms - SE 27-8-13 (site 2),c3ec3bd8-8836-45bb-97b7-adff01636570,Symo 24.0-3 480 (3),24.0,parsed_from_inverter_name,205.05,month,devwork
2023-07-23,d95b5e9d-f2d5-4950-85a9-909e52f727ba,Penner Farms - SE 27-8-13 (site 2),b8a6c9fe-5838-42e7-9faa-adff01636559,Symo 24.0-3 480 (1),24.0,parsed_from_inverter_name,204.56,month,devwork
2023-07-23,d95b5e9d-f2d5-4950-85a9-909e52f727ba,Penner Farms - SE 27-8-13 (site 2),a9f3ac23-6f93-447b-9037-adff01636562,Symo 24.0-3 480 (2),24.0,parsed_from_inverter_name,205.41,month,devwork
2023-07-23,d95b5e9d-f2d5-4950-85a9-909e52f727ba,Penner Farms - SE 27-8-13 (site 2),c3ec3bd8-8836-45bb-97b7-adff01636570,Symo 24.0-3 480 (3),24.0,parsed_from_inverter_name,206.27,month,devwork
2023-07-24,d95b5e9d-f2d5-4950-85a9-909e52f727ba,Penner Farms - SE 27-8-13 (site 2),b8a6c9fe-5838-42e7-9faa-adff01636559,Symo 24.0-3 480 (1),24.0,parsed_from_inverter_name,186.5,month,devwork
2023-07-24,d95b5e9d-f2d5-4950-85a9-909e52f727ba,Penner Farms - SE 27-8-13 (site 2),a9f3ac23-6f93-447b-9037-adff01636562,Symo 24.0-3 480 (2),24.0,parsed_from_inverter_name,187.51,month,devwork
2023-07-24,d95b5e9d-f2d5-4950-85a9-909e52f727ba,Penner Farms - SE 27-8-13 (site 2),c3ec3bd8-8836-45bb-97b7-adff01636570,Symo 24.0-3 480 (3),24.0,parsed_from_inverter_name,188.62,month,devwork
2023-07-25,d95b5e9d-f2d5-4950-85a9-909e52f727ba,Penner Farms - SE 27-8-13 (site 2),b8a6c9fe-5838-42e7-9faa-adff01636559,Symo 24.0-3 480 (1),24.0,parsed_from_inverter_name,196.17,month,devwork
2023-07-25,d95b5e9d-f2d5-4950-85a9-909e52f727ba,Penner Farms - SE 27-8-13 (site 2),a9f3ac23-6f93-447b-9037-adff01636562,Symo 24.0-3 480 (2),24.0,parsed_from_inverter_name,196.96,month,devwork
2023-07-25,d95b5e9d-f2d5-4950-85a9-909e52f727ba,Penner Farms - SE 27-8-13 (site 2),c3ec3bd8-8836-45bb-97b7-adff01636570,Symo 24.0-3 480 (3),24.0,parsed_from_inverter_name,197.37,month,devwork
2023-07-26,d95b5e9d-f2d5-4950-85a9-909e52f727ba,Penner Farms - SE 27-8-13 (site 2),b8a6c9fe-5838-42e7-9faa-adff01636559,Symo 24.0-3 480 (1),24.0,parsed_from_inverter_name,212.41,month,devwork
2023-07-26,d95b5e9d-f2d5-4950-85a9-909e52f727ba,Penner Farms - SE 27-8-13 (site 2),a9f3ac23-6f93-447b-9037-adff01636562,Symo 24.0-3 480 (2),24.0,parsed_from_inverter_name,213.11,month,devwork
2023-07-26,d95b5e9d-f2d5-4950-85a9-909e52f727ba,Penner Farms - SE 27-8-13 (site 2),c3ec3bd8-8836-45bb-97b7-adff01636570,Symo 24.0-3 480 (3),24.0,parsed_from_inverter_name,213.96,month,devwork
2023-07-27,d95b5e9d-f2d5-4950-85a9-909e52f727ba,Penner Farms - SE 27-8-13 (site 2),b8a6c9fe-5838-42e7-9faa-adff01636559,Symo 24.0-3 480 (1),24.0,parsed_from_inverter_name,193.76,month,devwork
2023-07-27,d95b5e9d-f2d5-4950-85a9-909e52f727ba,Penner Farms - SE 27-8-13 (site 2),a9f3ac23-6f93-447b-9037-adff01636562,Symo 24.0-3 480 (2),24.0,parsed_from_inverter_name,194.67,month,devwork
2023-07-27,d95b5e9d-f2d5-4950-85a9-909e52f727ba,Penner Farms - SE 27-8-13 (site 2),c3ec3bd8-8836-45bb-97b7-adff01636570,Symo 24.0-3 480 (3),24.0,parsed_from_inverter_name,195.17,month,devwork
2023-07-28,d95b5e9d-f2d5-4950-85a9-909e52f727ba,Penner Farms - SE 27-8-13 (site 2),b8a6c9fe-5838-42e7-9faa-adff01636559,Symo 24.0-3 480 (1),24.0,parsed_from_inverter_name,136.22,month,devwork
2023-07-28,d95b5e9d-f2d5-4950-85a9-909e52f727ba,Penner Farms - SE 27-8-13 (site 2),a9f3ac23-6f93-447b-9037-adff01636562,Symo 24.0-3 480 (2),24.0,parsed_from_inverter_name,137.67,month,devwork
2023-07-28,d95b5e9d-f2d5-4950-85a9-909e52f727ba,Penner Farms - SE 27-8-13 (site 2),c3ec3bd8-8836-45bb-97b7-adff01636570,Symo 24.0-3 480 (3),24.0,parsed_from_inverter_name,138.21,month,devwork
2023-07-29,d95b5e9d-f2d5-4950-85a9-909e52f727ba,Penner Farms - SE 27-8-13 (site 2),b8a6c9fe-5838-42e7-9faa-adff01636559,Symo 24.0-3 480 (1),24.0,parsed_from_inverter_name,178.07,month,devwork
2023-07-29,d95b5e9d-f2d5-4950-85a9-909e52f727ba,Penner Farms - SE 27-8-13 (site 2),a9f3ac23-6f93-447b-9037-adff01636562,Symo 24.0-3 480 (2),24.0,parsed_from_inverter_name,179.56,month,devwork
2023-07-29,d95b5e9d-f2d5-4950-85a9-909e52f727ba,Penner Farms - SE 27-8-13 (site 2),c3ec3bd8-8836-45bb-97b7-adff01636570,Symo 24.0-3 480 (3),24.0,parsed_from_inverter_name,180.66,month,devwork
2023-07-30,d95b5e9d-f2d5-4950-85a9-909e52f727ba,Penner Farms - SE 27-8-13 (site 2),b8a6c9fe-5838-42e7-9faa-adff01636559,Symo 24.0-3 480 (1),24.0,parsed_from_inverter_name,181.24,month,devwork
2023-07-30,d95b5e9d-f2d5-4950-85a9-909e52f727ba,Penner Farms - SE 27-8-13 (site 2),a9f3ac23-6f93-447b-9037-adff01636562,Symo 24.0-3 480 (2),24.0,parsed_from_inverter_name,182.69,month,devwork
2023-07-30,d95b5e9d-f2d5-4950-85a9-909e52f727ba,Penner Farms - SE 27-8-13 (site 2),c3ec3bd8-8836-45bb-97b7-adff01636570,Symo 24.0-3 480 (3),24.0,parsed_from_inverter_name,181.2,month,devwork
2023-07-31,d95b5e9d-f2d5-4950-85a9-909e52f727ba,Penner Farms - SE 27-8-13 (site 2),b8a6c9fe-5838-42e7-9faa-adff01636559,Symo 24.0-3 480 (1),24.0,parsed_from_inverter_name,202.21,month,devwork
2023-07-31,d95b5e9d-f2d5-4950-85a9-909e52f727ba,Penner Farms - SE 27-8-13 (site 2),a9f3ac23-6f93-447b-9037-adff01636562,Symo 24.0-3 480 (2),24.0,parsed_from_inverter_name,202.98,month,devwork
2023-07-31,d95b5e9d-f2d5-4950-85a9-909e52f727ba,Penner Farms - SE 27-8-13 (site 2),c3ec3bd8-8836-45bb-97b7-adff01636570,Symo 24.0-3 480 (3),24.0,parsed_from_inverter_name,202.12,month,devwork
2023-08-01,d95b5e9d-f2d5-4950-85a9-909e52f727ba,Penner Farms - SE 27-8-13 (site 2),b8a6c9fe-5838-42e7-9faa-adff01636559,Symo 24.0-3 480 (1),24.0,parsed_from_inverter_name,206.53,month,devwork
2023-08-01,d95b5e9d-f2d5-4950-85a9-909e52f727ba,Penner Farms - SE 27-8-13 (site 2),a9f3ac23-6f93-447b-9037-adff01636562,Symo 24.0-3 480 (2),24.0,parsed_from_inverter_name,207.12,month,devwork
2023-08-01,d95b5e9d-f2d5-4950-85a9-909e52f727ba,Penner Farms - SE 27-8-13 (site 2),c3ec3bd8-8836-45bb-97b7-adff01636570,Symo 24.0-3 480 (3),24.0,parsed_from_inverter_name,207.85,month,devwork
2023-08-02,d95b5e9d-f2d5-4950-85a9-909e52f727ba,Penner Farms - SE 27-8-13 (site 2),b8a6c9fe-5838-42e7-9faa-adff01636559,Symo 24.0-3 480 (1),24.0,parsed_from_inverter_name,200.84,month,devwork
2023-08-02,d95b5e9d-f2d5-4950-85a9-909e52f727ba,Penner Farms - SE 27-8-13 (site 2),a9f3ac23-6f93-447b-9037-adff01636562,Symo 24.0-3 480 (2),24.0,parsed_from_inverter_name,201.9,month,devwork
2023-08-02,d95b5e9d-f2d5-4950-85a9-909e52f727ba,Penner Farms - SE 27-8-13 (site 2),c3ec3bd8-8836-45bb-97b7-adff01636570,Symo 24.0-3 480 (3),24.0,parsed_from_inverter_name,200.32,month,devwork
2023-08-03,d95b5e9d-f2d5-4950-85a9-909e52f727ba,Penner Farms - SE 27-8-13 (site 2),b8a6c9fe-5838-42e7-9faa-adff01636559,Symo 24.0-3 480 (1),24.0,parsed_from_inverter_name,205.52,month,devwork
2023-08-03,d95b5e9d-f2d5-4950-85a9-909e52f727ba,Penner Farms - SE 27-8-13 (site 2),a9f3ac23-6f93-447b-9037-adff01636562,Symo 24.0-3 480 (2),24.0,parsed_from_inverter_name,206.5,month,devwork
2023-08-03,d95b5e9d-f2d5-4950-85a9-909e52f727ba,Penner Farms - SE 27-8-13 (site 2),c3ec3bd8-8836-45bb-97b7-adff01636570,Symo 24.0-3 480 (3),24.0,parsed_from_inverter_name,207.07,month,devwork
2023-08-04,d95b5e9d-f2d5-4950-85a9-909e52f727ba,Penner Farms - SE 27-8-13 (site 2),b8a6c9fe-5838-42e7-9faa-adff01636559,Symo 24.0-3 480 (1),24.0,parsed_from_inverter_name,197.92,month,devwork
2023-08-04,d95b5e9d-f2d5-4950-85a9-909e52f727ba,Penner Farms - SE 27-8-13 (site 2),a9f3ac23-6f93-447b-9037-adff01636562,Symo 24.0-3 480 (2),24.0,parsed_from_inverter_name,199.1,month,devwork
2023-08-04,d95b5e9d-f2d5-4950-85a9-909e52f727ba,Penner Farms - SE 27-8-13 (site 2),c3ec3bd8-8836-45bb-97b7-adff01636570,Symo 24.0-3 480 (3),24.0,parsed_from_inverter_name,199.94,month,devwork
2023-08-05,d95b5e9d-f2d5-4950-85a9-909e52f727ba,Penner Farms - SE 27-8-13 (site 2),b8a6c9fe-5838-42e7-9faa-adff01636559,Symo 24.0-3 480 (1),24.0,parsed_from_inverter_name,120.38,month,devwork
2023-08-05,d95b5e9d-f2d5-4950-85a9-909e52f727ba,Penner Farms - SE 27-8-13 (site 2),a9f3ac23-6f93-447b-9037-adff01636562,Symo 24.0-3 480 (2),24.0,parsed_from_inverter_name,123.99,month,devwork
2023-08-05,d95b5e9d-f2d5-4950-85a9-909e52f727ba,Penner Farms - SE 27-8-13 (site 2),c3ec3bd8-8836-45bb-97b7-adff01636570,Symo 24.0-3 480 (3),24.0,parsed_from_inverter_name,124.36,month,devwork
2023-08-06,d95b5e9d-f2d5-4950-85a9-909e52f727ba,Penner Farms - SE 27-8-13 (site 2),b8a6c9fe-5838-42e7-9faa-adff01636559,Symo 24.0-3 480 (1),24.0,parsed_from_inverter_name,168.79,month,devwork
2023-08-06,d95b5e9d-f2d5-4950-85a9-909e52f727ba,Penner Farms - SE 27-8-13 (site 2),a9f3ac23-6f93-447b-9037-adff01636562,Symo 24.0-3 480 (2),24.0,parsed_from_inverter_name,169.97,month,devwork
2023-08-06,d95b5e9d-f2d5-4950-85a9-909e52f727ba,Penner Farms - SE 27-8-13 (site 2),c3ec3bd8-8836-45bb-97b7-adff01636570,Symo 24.0-3 480 (3),24.0,parsed_from_inverter_name,170.98,month,devwork
2023-08-07,d95b5e9d-f2d5-4950-85a9-909e52f727ba,Penner Farms - SE 27-8-13 (site 2),b8a6c9fe-5838-42e7-9faa-adff01636559,Symo 24.0-3 480 (1),24.0,parsed_from_inverter_name,171.49,month,devwork
2023-08-07,d95b5e9d-f2d5-4950-85a9-909e52f727ba,Penner Farms - SE 27-8-13 (site 2),a9f3ac23-6f93-447b-9037-adff01636562,Symo 24.0-3 480 (2),24.0,parsed_from_inverter_name,172.67,month,devwork
2023-08-07,d95b5e9d-f2d5-4950-85a9-909e52f727ba,Penner Farms - SE 27-8-13 (site 2),c3ec3bd8-8836-45bb-97b7-adff01636570,Symo 24.0-3 480 (3),24.0,parsed_from_inverter_name,173.71,month,devwork
2023-08-08,d95b5e9d-f2d5-4950-85a9-909e52f727ba,Penner Farms - SE 27-8-13 (site 2),b8a6c9fe-5838-42e7-9faa-adff01636559,Symo 24.0-3 480 (1),24.0,parsed_from_inverter_name,174.88,month,devwork
2023-08-08,d95b5e9d-f2d5-4950-85a9-909e52f727ba,Penner Farms - SE 27-8-13 (site 2),a9f3ac23-6f93-447b-9037-adff01636562,Symo 24.0-3 480 (2),24.0,parsed_from_inverter_name,176.13,month,devwork
2023-08-08,d95b5e9d-f2d5-4950-85a9-909e52f727ba,Penner Farms - SE 27-8-13 (site 2),c3ec3bd8-8836-45bb-97b7-adff01636570,Symo 24.0-3 480 (3),24.0,parsed_from_inverter_name,176.88,month,devwork
2023-08-09,d95b5e9d-f2d5-4950-85a9-909e52f727ba,Penner Farms - SE 27-8-13 (site 2),b8a6c9fe-5838-42e7-9faa-adff01636559,Symo 24.0-3 480 (1),24.0,parsed_from_inverter_name,123.6,month,devwork
2023-08-09,d95b5e9d-f2d5-4950-85a9-909e52f727ba,Penner Farms - SE 27-8-13 (site 2),a9f3ac23-6f93-447b-9037-adff01636562,Symo 24.0-3 480 (2),24.0,parsed_from_inverter_name,124.11,month,devwork
2023-08-09,d95b5e9d-f2d5-4950-85a9-909e52f727ba,Penner Farms - SE 27-8-13 (site 2),c3ec3bd8-8836-45bb-97b7-adff01636570,Symo 24.0-3 480 (3),24.0,parsed_from_inverter_name,124.9,month,devwork
2023-08-10,d95b5e9d-f2d5-4950-85a9-909e52f727ba,Penner Farms - SE 27-8-13 (site 2),b8a6c9fe-5838-42e7-9faa-adff01636559,Symo 24.0-3 480 (1),24.0,parsed_from_inverter_name,182.43,month,devwork
2023-08-10,d95b5e9d-f2d5-4950-85a9-909e52f727ba,Penner Farms - SE 27-8-13 (site 2),a9f3ac23-6f93-447b-9037-adff01636562,Symo 24.0-3 480 (2),24.0,parsed_from_inverter_name,183.28,month,devwork
2023-08-10,d95b5e9d-f2d5-4950-85a9-909e52f727ba,Penner Farms - SE 27-8-13 (site 2),c3ec3bd8-8836-45bb-97b7-adff01636570,Symo 24.0-3 480 (3),24.0,parsed_from_inverter_name,184.19,month,devwork
2023-08-11,d95b5e9d-f2d5-4950-85a9-909e52f727ba,Penner Farms - SE 27-8-13 (site 2),b8a6c9fe-5838-42e7-9faa-adff01636559,Symo 24.0-3 480 (1),24.0,parsed_from_inverter_name,199.33,month,devwork
2023-08-11,d95b5e9d-f2d5-4950-85a9-909e52f727ba,Penner Farms - SE 27-8-13 (site 2),a9f3ac23-6f93-447b-9037-adff01636562,Symo 24.0-3 480 (2),24.0,parsed_from_inverter_name,199.74,month,devwork
2023-08-11,d95b5e9d-f2d5-4950-85a9-909e52f727ba,Penner Farms - SE 27-8-13 (site 2),c3ec3bd8-8836-45bb-97b7-adff01636570,Symo 24.0-3 480 (3),24.0,parsed_from_inverter_name,200.49,month,devwork
2023-08-12,d95b5e9d-f2d5-4950-85a9-909e52f727ba,Penner Farms - SE 27-8-13 (site 2),b8a6c9fe-5838-42e7-9faa-adff01636559,Symo 24.0-3 480 (1),24.0,parsed_from_inverter_name,105.14,month,devwork
2023-08-12,d95b5e9d-f2d5-4950-85a9-909e52f727ba,Penner Farms - SE 27-8-13 (site 2),a9f3ac23-6f93-447b-9037-adff01636562,Symo 24.0-3 480 (2),24.0,parsed_from_inverter_name,106.32,month,devwork
2023-08-12,d95b5e9d-f2d5-4950-85a9-909e52f727ba,Penner Farms - SE 27-8-13 (site 2),c3ec3bd8-8836-45bb-97b7-adff01636570,Symo 24.0-3 480 (3),24.0,parsed_from_inverter_name,106.7,month,devwork
2023-08-13,d95b5e9d-f2d5-4950-85a9-909e52f727ba,Penner Farms - SE 27-8-13 (site 2),b8a6c9fe-5838-42e7-9faa-adff01636559,Symo 24.0-3 480 (1),24.0,parsed_from_inverter_name,196.84,month,devwork
2023-08-13,d95b5e9d-f2d5-4950-85a9-909e52f727ba,Penner Farms - SE 27-8-13 (site 2),a9f3ac23-6f93-447b-9037-adff01636562,Symo 24.0-3 480 (2),24.0,parsed_from_inverter_name,197.26,month,devwork
2023-08-13,d95b5e9d-f2d5-4950-85a9-909e52f727ba,Penner Farms - SE 27-8-13 (site 2),c3ec3bd8-8836-45bb-97b7-adff01636570,Symo 24.0-3 480 (3),24.0,parsed_from_inverter_name,198.01,month,devwork
2023-08-14,d95b5e9d-f2d5-4950-85a9-909e52f727ba,Penner Farms - SE 27-8-13 (site 2),b8a6c9fe-5838-42e7-9faa-adff01636559,Symo 24.0-3 480 (1),24.0,parsed_from_inverter_name,193.34,month,devwork
2023-08-14,d95b5e9d-f2d5-4950-85a9-909e52f727ba,Penner Farms - SE 27-8-13 (site 2),a9f3ac23-6f93-447b-9037-adff01636562,Symo 24.0-3 480 (2),24.0,parsed_from_inverter_name,194.34,month,devwork
2023-08-14,d95b5e9d-f2d5-4950-85a9-909e52f727ba,Penner Farms - SE 27-8-13 (site 2),c3ec3bd8-8836-45bb-97b7-adff01636570,Symo 24.0-3 480 (3),24.0,parsed_from_inverter_name,194.91,month,devwork
2023-08-15,d95b5e9d-f2d5-4950-85a9-909e52f727ba,Penner Farms - SE 27-8-13 (site 2),b8a6c9fe-5838-42e7-9faa-adff01636559,Symo 24.0-3 480 (1),24.0,parsed_from_inverter_name,192.12,month,devwork
2023-08-15,d95b5e9d-f2d5-4950-85a9-909e52f727ba,Penner Farms - SE 27-8-13 (site 2),a9f3ac23-6f93-447b-9037-adff01636562,Symo 24.0-3 480 (2),24.0,parsed_from_inverter_name,192.56,month,devwork
2023-08-15,d95b5e9d-f2d5-4950-85a9-909e52f727ba,Penner Farms - SE 27-8-13 (site 2),c3ec3bd8-8836-45bb-97b7-adff01636570,Symo 24.0-3 480 (3),24.0,parsed_from_inverter_name,190.8,month,devwork
2023-08-16,d95b5e9d-f2d5-4950-85a9-909e52f727ba,Penner Farms - SE 27-8-13 (site 2),b8a6c9fe-5838-42e7-9faa-adff01636559,Symo 24.0-3 480 (1),24.0,parsed_from_inverter_name,181.6,month,devwork
2023-08-16,d95b5e9d-f2d5-4950-85a9-909e52f727ba,Penner Farms - SE 27-8-13 (site 2),a9f3ac23-6f93-447b-9037-adff01636562,Symo 24.0-3 480 (2),24.0,parsed_from_inverter_name,182.43,month,devwork
2023-08-16,d95b5e9d-f2d5-4950-85a9-909e52f727ba,Penner Farms - SE 27-8-13 (site 2),c3ec3bd8-8836-45bb-97b7-adff01636570,Symo 24.0-3 480 (3),24.0,parsed_from_inverter_name,183.1,month,devwork
2023-08-17,d95b5e9d-f2d5-4950-85a9-909e52f727ba,Penner Farms - SE 27-8-13 (site 2),b8a6c9fe-5838-42e7-9faa-adff01636559,Symo 24.0-3 480 (1),24.0,parsed_from_inverter_name,151.11,month,devwork
2023-08-17,d95b5e9d-f2d5-4950-85a9-909e52f727ba,Penner Farms - SE 27-8-13 (site 2),a9f3ac23-6f93-447b-9037-adff01636562,Symo 24.0-3 480 (2),24.0,parsed_from_inverter_name,152.33,month,devwork
2023-08-17,d95b5e9d-f2d5-4950-85a9-909e52f727ba,Penner Farms - SE 27-8-13 (site 2),c3ec3bd8-8836-45bb-97b7-adff01636570,Symo 24.0-3 480 (3),24.0,parsed_from_inverter_name,152.43,month,devwork
2023-08-18,d95b5e9d-f2d5-4950-85a9-909e52f727ba,Penner Farms - SE 27-8-13 (site 2),b8a6c9fe-5838-42e7-9faa-adff01636559,Symo 24.0-3 480 (1),24.0,parsed_from_inverter_name,164.53,month,devwork
2023-08-18,d95b5e9d-f2d5-4950-85a9-909e52f727ba,Penner Farms - SE 27-8-13 (site 2),a9f3ac23-6f93-447b-9037-adff01636562,Symo 24.0-3 480 (2),24.0,parsed_from_inverter_name,165.4,month,devwork
2023-08-18,d95b5e9d-f2d5-4950-85a9-909e52f727ba,Penner Farms - SE 27-8-13 (site 2),c3ec3bd8-8836-45bb-97b7-adff01636570,Symo 24.0-3 480 (3),24.0,parsed_from_inverter_name,166.03,month,devwork
2023-08-19,d95b5e9d-f2d5-4950-85a9-909e52f727ba,Penner Farms - SE 27-8-13 (site 2),b8a6c9fe-5838-42e7-9faa-adff01636559,Symo 24.0-3 480 (1),24.0,parsed_from_inverter_name,134.22,month,devwork
2023-08-19,d95b5e9d-f2d5-4950-85a9-909e52f727ba,Penner Farms - SE 27-8-13 (site 2),a9f3ac23-6f93-447b-9037-adff01636562,Symo 24.0-3 480 (2),24.0,parsed_from_inverter_name,136.05,month,devwork
2023-08-19,d95b5e9d-f2d5-4950-85a9-909e52f727ba,Penner Farms - SE 27-8-13 (site 2),c3ec3bd8-8836-45bb-97b7-adff01636570,Symo 24.0-3 480 (3),24.0,parsed_from_inverter_name,136.44,month,devwork
2023-08-20,d95b5e9d-f2d5-4950-85a9-909e52f727ba,Penner Farms - SE 27-8-13 (site 2),b8a6c9fe-5838-42e7-9faa-adff01636559,Symo 24.0-3 480 (1),24.0,parsed_from_inverter_name,103.51,month,devwork
2023-08-20,d95b5e9d-f2d5-4950-85a9-909e52f727ba,Penner Farms - SE 27-8-13 (site 2),a9f3ac23-6f93-447b-9037-adff01636562,Symo 24.0-3 480 (2),24.0,parsed_from_inverter_name,104.85,month,devwork
2023-08-20,d95b5e9d-f2d5-4950-85a9-909e52f727ba,Penner Farms - SE 27-8-13 (site 2),c3ec3bd8-8836-45bb-97b7-adff01636570,Symo 24.0-3 480 (3),24.0,parsed_from_inverter_name,105.74,month,devwork
2023-08-21,d95b5e9d-f2d5-4950-85a9-909e52f727ba,Penner Farms - SE 27-8-13 (site 2),b8a6c9fe-5838-42e7-9faa-adff01636559,Symo 24.0-3 480 (1),24.0,parsed_from_inverter_name,49.09,month,devwork
2023-08-21,d95b5e9d-f2d5-4950-85a9-909e52f727ba,Penner Farms - SE 27-8-13 (site 2),a9f3ac23-6f93-447b-9037-adff01636562,Symo 24.0-3 480 (2),24.0,parsed_from_inverter_name,49.72,month,devwork
2023-08-21,d95b5e9d-f2d5-4950-85a9-909e52f727ba,Penner Farms - SE 27-8-13 (site 2),c3ec3bd8-8836-45bb-97b7-adff01636570,Symo 24.0-3 480 (3),24.0,parsed_from_inverter_name,50.23,month,devwork
2023-08-22,d95b5e9d-f2d5-4950-85a9-909e52f727ba,Penner Farms - SE 27-8-13 (site 2),b8a6c9fe-5838-42e7-9faa-adff01636559,Symo 24.0-3 480 (1),24.0,parsed_from_inverter_name,118.84,month,devwork
2023-08-22,d95b5e9d-f2d5-4950-85a9-909e52f727ba,Penner Farms - SE 27-8-13 (site 2),a9f3ac23-6f93-447b-9037-adff01636562,Symo 24.0-3 480 (2),24.0,parsed_from_inverter_name,119.61,month,devwork
2023-08-22,d95b5e9d-f2d5-4950-85a9-909e52f727ba,Penner Farms - SE 27-8-13 (site 2),c3ec3bd8-8836-45bb-97b7-adff01636570,Symo 24.0-3 480 (3),24.0,parsed_from_inverter_name,119.32,month,devwork
2023-08-23,d95b5e9d-f2d5-4950-85a9-909e52f727ba,Penner Farms - SE 27-8-13 (site 2),b8a6c9fe-5838-42e7-9faa-adff01636559,Symo 24.0-3 480 (1),24.0,parsed_from_inverter_name,166.25,month,devwork
2023-08-23,d95b5e9d-f2d5-4950-85a9-909e52f727ba,Penner Farms - SE 27-8-13 (site 2),a9f3ac23-6f93-447b-9037-adff01636562,Symo 24.0-3 480 (2),24.0,parsed_from_inverter_name,166.75,month,devwork
2023-08-23,d95b5e9d-f2d5-4950-85a9-909e52f727ba,Penner Farms - SE 27-8-13 (site 2),c3ec3bd8-8836-45bb-97b7-adff01636570,Symo 24.0-3 480 (3),24.0,parsed_from_inverter_name,167.01,month,devwork
2023-08-24,d95b5e9d-f2d5-4950-85a9-909e52f727ba,Penner Farms - SE 27-8-13 (site 2),b8a6c9fe-5838-42e7-9faa-adff01636559,Symo 24.0-3 480 (1),24.0,parsed_from_inverter_name,187.84,month,devwork
2023-08-24,d95b5e9d-f2d5-4950-85a9-909e52f727ba,Penner Farms - SE 27-8-13 (site 2),a9f3ac23-6f93-447b-9037-adff01636562,Symo 24.0-3 480 (2),24.0,parsed_from_inverter_name,188.05,month,devwork
2023-08-24,d95b5e9d-f2d5-4950-85a9-909e52f727ba,Penner Farms - SE 27-8-13 (site 2),c3ec3bd8-8836-45bb-97b7-adff01636570,Symo 24.0-3 480 (3),24.0,parsed_from_inverter_name,188.46,month,devwork
2023-08-25,d95b5e9d-f2d5-4950-85a9-909e52f727ba,Penner Farms - SE 27-8-13 (site 2),b8a6c9fe-5838-42e7-9faa-adff01636559,Symo 24.0-3 480 (1),24.0,parsed_from_inverter_name,185.1,month,devwork
2023-08-25,d95b5e9d-f2d5-4950-85a9-909e52f727ba,Penner Farms - SE 27-8-13 (site 2),a9f3ac23-6f93-447b-9037-adff01636562,Symo 24.0-3 480 (2),24.0,parsed_from_inverter_name,185.64,month,devwork
2023-08-25,d95b5e9d-f2d5-4950-85a9-909e52f727ba,Penner Farms - SE 27-8-13 (site 2),c3ec3bd8-8836-45bb-97b7-adff01636570,Symo 24.0-3 480 (3),24.0,parsed_from_inverter_name,186.14,month,devwork
2023-08-26,d95b5e9d-f2d5-4950-85a9-909e52f727ba,Penner Farms - SE 27-8-13 (site 2),b8a6c9fe-5838-42e7-9faa-adff01636559,Symo 24.0-3 480 (1),24.0,parsed_from_inverter_name,191.79,month,devwork
2023-08-26,d95b5e9d-f2d5-4950-85a9-909e52f727ba,Penner Farms - SE 27-8-13 (site 2),a9f3ac23-6f93-447b-9037-adff01636562,Symo 24.0-3 480 (2),24.0,parsed_from_inverter_name,191.77,month,devwork
2023-08-26,d95b5e9d-f2d5-4950-85a9-909e52f727ba,Penner Farms - SE 27-8-13 (site 2),c3ec3bd8-8836-45bb-97b7-adff01636570,Symo 24.0-3 480 (3),24.0,parsed_from_inverter_name,191.87,month,devwork
2023-08-27,d95b5e9d-f2d5-4950-85a9-909e52f727ba,Penner Farms - SE 27-8-13 (site 2),b8a6c9fe-5838-42e7-9faa-adff01636559,Symo 24.0-3 480 (1),24.0,parsed_from_inverter_name,174.99,month,devwork
2023-08-27,d95b5e9d-f2d5-4950-85a9-909e52f727ba,Penner Farms - SE 27-8-13 (site 2),a9f3ac23-6f93-447b-9037-adff01636562,Symo 24.0-3 480 (2),24.0,parsed_from_inverter_name,175.88,month,devwork
2023-08-27,d95b5e9d-f2d5-4950-85a9-909e52f727ba,Penner Farms - SE 27-8-13 (site 2),c3ec3bd8-8836-45bb-97b7-adff01636570,Symo 24.0-3 480 (3),24.0,parsed_from_inverter_name,176.01,month,devwork
2023-08-28,d95b5e9d-f2d5-4950-85a9-909e52f727ba,Penner Farms - SE 27-8-13 (site 2),b8a6c9fe-5838-42e7-9faa-adff01636559,Symo 24.0-3 480 (1),24.0,parsed_from_inverter_name,178.76,month,devwork
2023-08-28,d95b5e9d-f2d5-4950-85a9-909e52f727ba,Penner Farms - SE 27-8-13 (site 2),a9f3ac23-6f93-447b-9037-adff01636562,Symo 24.0-3 480 (2),24.0,parsed_from_inverter_name,179.63,month,devwork
2023-08-28,d95b5e9d-f2d5-4950-85a9-909e52f727ba,Penner Farms - SE 27-8-13 (site 2),c3ec3bd8-8836-45bb-97b7-adff01636570,Symo 24.0-3 480 (3),24.0,parsed_from_inverter_name,179.68,month,devwork
2023-08-29,d95b5e9d-f2d5-4950-85a9-909e52f727ba,Penner Farms - SE 27-8-13 (site 2),b8a6c9fe-5838-42e7-9faa-adff01636559,Symo 24.0-3 480 (1),24.0,parsed_from_inverter_name,180.38,month,devwork
2023-08-29,d95b5e9d-f2d5-4950-85a9-909e52f727ba,Penner Farms - SE 27-8-13 (site 2),a9f3ac23-6f93-447b-9037-adff01636562,Symo 24.0-3 480 (2),24.0,parsed_from_inverter_name,181.66,month,devwork
2023-08-29,d95b5e9d-f2d5-4950-85a9-909e52f727ba,Penner Farms - SE 27-8-13 (site 2),c3ec3bd8-8836-45bb-97b7-adff01636570,Symo 24.0-3 480 (3),24.0,parsed_from_inverter_name,181.53,month,devwork
2023-08-30,d95b5e9d-f2d5-4950-85a9-909e52f727ba,Penner Farms - SE 27-8-13 (site 2),b8a6c9fe-5838-42e7-9faa-adff01636559,Symo 24.0-3 480 (1),24.0,parsed_from_inverter_name,133.62,month,devwork
2023-08-30,d95b5e9d-f2d5-4950-85a9-909e52f727ba,Penner Farms - SE 27-8-13 (site 2),a9f3ac23-6f93-447b-9037-adff01636562,Symo 24.0-3 480 (2),24.0,parsed_from_inverter_name,134.11,month,devwork
2023-08-30,d95b5e9d-f2d5-4950-85a9-909e52f727ba,Penner Farms - SE 27-8-13 (site 2),c3ec3bd8-8836-45bb-97b7-adff01636570,Symo 24.0-3 480 (3),24.0,parsed_from_inverter_name,134.84,month,devwork
2023-08-31,d95b5e9d-f2d5-4950-85a9-909e52f727ba,Penner Farms - SE 27-8-13 (site 2),b8a6c9fe-5838-42e7-9faa-adff01636559,Symo 24.0-3 480 (1),24.0,parsed_from_inverter_name,108.57,month,devwork
2023-08-31,d95b5e9d-f2d5-4950-85a9-909e52f727ba,Penner Farms - SE 27-8-13 (site 2),a9f3ac23-6f93-447b-9037-adff01636562,Symo 24.0-3 480 (2),24.0,parsed_from_inverter_name,109.15,month,devwork
2023-08-31,d95b5e9d-f2d5-4950-85a9-909e52f727ba,Penner Farms - SE 27-8-13 (site 2),c3ec3bd8-8836-45bb-97b7-adff01636570,Symo 24.0-3 480 (3),24.0,parsed_from_inverter_name,108.75,month,devwork
2023-09-01,d95b5e9d-f2d5-4950-85a9-909e52f727ba,Penner Farms - SE 27-8-13 (site 2),b8a6c9fe-5838-42e7-9faa-adff01636559,Symo 24.0-3 480 (1),24.0,parsed_from_inverter_name,165.02,month,devwork
2023-09-01,d95b5e9d-f2d5-4950-85a9-909e52f727ba,Penner Farms - SE 27-8-13 (site 2),a9f3ac23-6f93-447b-9037-adff01636562,Symo 24.0-3 480 (2),24.0,parsed_from_inverter_name,165.59,month,devwork
2023-09-01,d95b5e9d-f2d5-4950-85a9-909e52f727ba,Penner Farms - SE 27-8-13 (site 2),c3ec3bd8-8836-45bb-97b7-adff01636570,Symo 24.0-3 480 (3),24.0,parsed_from_inverter_name,165.14,month,devwork
2023-09-02,d95b5e9d-f2d5-4950-85a9-909e52f727ba,Penner Farms - SE 27-8-13 (site 2),b8a6c9fe-5838-42e7-9faa-adff01636559,Symo 24.0-3 480 (1),24.0,parsed_from_inverter_name,183.55,month,devwork
2023-09-02,d95b5e9d-f2d5-4950-85a9-909e52f727ba,Penner Farms - SE 27-8-13 (site 2),a9f3ac23-6f93-447b-9037-adff01636562,Symo 24.0-3 480 (2),24.0,parsed_from_inverter_name,183.54,month,devwork
2023-09-02,d95b5e9d-f2d5-4950-85a9-909e52f727ba,Penner Farms - SE 27-8-13 (site 2),c3ec3bd8-8836-45bb-97b7-adff01636570,Symo 24.0-3 480 (3),24.0,parsed_from_inverter_name,182.79,month,devwork
2023-09-03,d95b5e9d-f2d5-4950-85a9-909e52f727ba,Penner Farms - SE 27-8-13 (site 2),b8a6c9fe-5838-42e7-9faa-adff01636559,Symo 24.0-3 480 (1),24.0,parsed_from_inverter_name,98.33,month,devwork
2023-09-03,d95b5e9d-f2d5-4950-85a9-909e52f727ba,Penner Farms - SE 27-8-13 (site 2),a9f3ac23-6f93-447b-9037-adff01636562,Symo 24.0-3 480 (2),24.0,parsed_from_inverter_name,98.58,month,devwork
2023-09-03,d95b5e9d-f2d5-4950-85a9-909e52f727ba,Penner Farms - SE 27-8-13 (site 2),c3ec3bd8-8836-45bb-97b7-adff01636570,Symo 24.0-3 480 (3),24.0,parsed_from_inverter_name,98.81,month,devwork
2023-09-04,d95b5e9d-f2d5-4950-85a9-909e52f727ba,Penner Farms - SE 27-8-13 (site 2),b8a6c9fe-5838-42e7-9faa-adff01636559,Symo 24.0-3 480 (1),24.0,parsed_from_inverter_name,68.82,month,devwork
2023-09-04,d95b5e9d-f2d5-4950-85a9-909e52f727ba,Penner Farms - SE 27-8-13 (site 2),a9f3ac23-6f93-447b-9037-adff01636562,Symo 24.0-3 480 (2),24.0,parsed_from_inverter_name,69.35,month,devwork
2023-09-04,d95b5e9d-f2d5-4950-85a9-909e52f727ba,Penner Farms - SE 27-8-13 (site 2),c3ec3bd8-8836-45bb-97b7-adff01636570,Symo 24.0-3 480 (3),24.0,parsed_from_inverter_name,69.81,month,devwork
2023-09-05,d95b5e9d-f2d5-4950-85a9-909e52f727ba,Penner Farms - SE 27-8-13 (site 2),b8a6c9fe-5838-42e7-9faa-adff01636559,Symo 24.0-3 480 (1),24.0,parsed_from_inverter_name,116.66,month,devwork
2023-09-05,d95b5e9d-f2d5-4950-85a9-909e52f727ba,Penner Farms - SE 27-8-13 (site 2),a9f3ac23-6f93-447b-9037-adff01636562,Symo 24.0-3 480 (2),24.0,parsed_from_inverter_name,118.34,month,devwork
2023-09-05,d95b5e9d-f2d5-4950-85a9-909e52f727ba,Penner Farms - SE 27-8-13 (site 2),c3ec3bd8-8836-45bb-97b7-adff01636570,Symo 24.0-3 480 (3),24.0,parsed_from_inverter_name,118.28,month,devwork
2023-09-06,d95b5e9d-f2d5-4950-85a9-909e52f727ba,Penner Farms - SE 27-8-13 (site 2),b8a6c9fe-5838-42e7-9faa-adff01636559,Symo 24.0-3 480 (1),24.0,parsed_from_inverter_name,141.51,month,devwork
2023-09-06,d95b5e9d-f2d5-4950-85a9-909e52f727ba,Penner Farms - SE 27-8-13 (site 2),a9f3ac23-6f93-447b-9037-adff01636562,Symo 24.0-3 480 (2),24.0,parsed_from_inverter_name,142.11,month,devwork
2023-09-06,d95b5e9d-f2d5-4950-85a9-909e52f727ba,Penner Farms - SE 27-8-13 (site 2),c3ec3bd8-8836-45bb-97b7-adff01636570,Symo 24.0-3 480 (3),24.0,parsed_from_inverter_name,142.52,month,devwork
2023-09-07,d95b5e9d-f2d5-4950-85a9-909e52f727ba,Penner Farms - SE 27-8-13 (site 2),b8a6c9fe-5838-42e7-9faa-adff01636559,Symo 24.0-3 480 (1),24.0,parsed_from_inverter_name,165.74,month,devwork
2023-09-07,d95b5e9d-f2d5-4950-85a9-909e52f727ba,Penner Farms - SE 27-8-13 (site 2),a9f3ac23-6f93-447b-9037-adff01636562,Symo 24.0-3 480 (2),24.0,parsed_from_inverter_name,169.75,month,devwork
2023-09-07,d95b5e9d-f2d5-4950-85a9-909e52f727ba,Penner Farms - SE 27-8-13 (site 2),c3ec3bd8-8836-45bb-97b7-adff01636570,Symo 24.0-3 480 (3),24.0,parsed_from_inverter_name,169.71,month,devwork
2023-09-08,d95b5e9d-f2d5-4950-85a9-909e52f727ba,Penner Farms - SE 27-8-13 (site 2),b8a6c9fe-5838-42e7-9faa-adff01636559,Symo 24.0-3 480 (1),24.0,parsed_from_inverter_name,89.08,month,devwork
2023-09-08,d95b5e9d-f2d5-4950-85a9-909e52f727ba,Penner Farms - SE 27-8-13 (site 2),a9f3ac23-6f93-447b-9037-adff01636562,Symo 24.0-3 480 (2),24.0,parsed_from_inverter_name,89.83,month,devwork
2023-09-08,d95b5e9d-f2d5-4950-85a9-909e52f727ba,Penner Farms - SE 27-8-13 (site 2),c3ec3bd8-8836-45bb-97b7-adff01636570,Symo 24.0-3 480 (3),24.0,parsed_from_inverter_name,89.46,month,devwork
2023-09-09,d95b5e9d-f2d5-4950-85a9-909e52f727ba,Penner Farms - SE 27-8-13 (site 2),b8a6c9fe-5838-42e7-9faa-adff01636559,Symo 24.0-3 480 (1),24.0,parsed_from_inverter_name,169.32,month,devwork
2023-09-09,d95b5e9d-f2d5-4950-85a9-909e52f727ba,Penner Farms - SE 27-8-13 (site 2),a9f3ac23-6f93-447b-9037-adff01636562,Symo 24.0-3 480 (2),24.0,parsed_from_inverter_name,170.13,month,devwork
2023-09-09,d95b5e9d-f2d5-4950-85a9-909e52f727ba,Penner Farms - SE 27-8-13 (site 2),c3ec3bd8-8836-45bb-97b7-adff01636570,Symo 24.0-3 480 (3),24.0,parsed_from_inverter_name,169.5,month,devwork
2023-09-10,d95b5e9d-f2d5-4950-85a9-909e52f727ba,Penner Farms - SE 27-8-13 (site 2),b8a6c9fe-5838-42e7-9faa-adff01636559,Symo 24.0-3 480 (1),24.0,parsed_from_inverter_name,187.36,month,devwork
2023-09-10,d95b5e9d-f2d5-4950-85a9-909e52f727ba,Penner Farms - SE 27-8-13 (site 2),a9f3ac23-6f93-447b-9037-adff01636562,Symo 24.0-3 480 (2),24.0,parsed_from_inverter_name,188.61,month,devwork
2023-09-10,d95b5e9d-f2d5-4950-85a9-909e52f727ba,Penner Farms - SE 27-8-13 (site 2),c3ec3bd8-8836-45bb-97b7-adff01636570,Symo 24.0-3 480 (3),24.0,parsed_from_inverter_name,188.23,month,devwork
2023-09-11,d95b5e9d-f2d5-4950-85a9-909e52f727ba,Penner Farms - SE 27-8-13 (site 2),b8a6c9fe-5838-42e7-9faa-adff01636559,Symo 24.0-3 480 (1),24.0,parsed_from_inverter_name,180.11,month,devwork
2023-09-11,d95b5e9d-f2d5-4950-85a9-909e52f727ba,Penner Farms - SE 27-8-13 (site 2),a9f3ac23-6f93-447b-9037-adff01636562,Symo 24.0-3 480 (2),24.0,parsed_from_inverter_name,181.31,month,devwork
2023-09-11,d95b5e9d-f2d5-4950-85a9-909e52f727ba,Penner Farms - SE 27-8-13 (site 2),c3ec3bd8-8836-45bb-97b7-adff01636570,Symo 24.0-3 480 (3),24.0,parsed_from_inverter_name,181.11,month,devwork
2023-09-12,d95b5e9d-f2d5-4950-85a9-909e52f727ba,Penner Farms - SE 27-8-13 (site 2),b8a6c9fe-5838-42e7-9faa-adff01636559,Symo 24.0-3 480 (1),24.0,parsed_from_inverter_name,130.83,month,devwork
2023-09-12,d95b5e9d-f2d5-4950-85a9-909e52f727ba,Penner Farms - SE 27-8-13 (site 2),a9f3ac23-6f93-447b-9037-adff01636562,Symo 24.0-3 480 (2),24.0,parsed_from_inverter_name,131.27,month,devwork
2023-09-12,d95b5e9d-f2d5-4950-85a9-909e52f727ba,Penner Farms - SE 27-8-13 (site 2),c3ec3bd8-8836-45bb-97b7-adff01636570,Symo 24.0-3 480 (3),24.0,parsed_from_inverter_name,130.8,month,devwork
2023-09-13,d95b5e9d-f2d5-4950-85a9-909e52f727ba,Penner Farms - SE 27-8-13 (site 2),b8a6c9fe-5838-42e7-9faa-adff01636559,Symo 24.0-3 480 (1),24.0,parsed_from_inverter_name,145.95,month,devwork
2023-09-13,d95b5e9d-f2d5-4950-85a9-909e52f727ba,Penner Farms - SE 27-8-13 (site 2),a9f3ac23-6f93-447b-9037-adff01636562,Symo 24.0-3 480 (2),24.0,parsed_from_inverter_name,146.63,month,devwork
2023-09-13,d95b5e9d-f2d5-4950-85a9-909e52f727ba,Penner Farms - SE 27-8-13 (site 2),c3ec3bd8-8836-45bb-97b7-adff01636570,Symo 24.0-3 480 (3),24.0,parsed_from_inverter_name,146.19,month,devwork
2023-09-14,d95b5e9d-f2d5-4950-85a9-909e52f727ba,Penner Farms - SE 27-8-13 (site 2),b8a6c9fe-5838-42e7-9faa-adff01636559,Symo 24.0-3 480 (1),24.0,parsed_from_inverter_name,178.63,month,devwork
2023-09-14,d95b5e9d-f2d5-4950-85a9-909e52f727ba,Penner Farms - SE 27-8-13 (site 2),a9f3ac23-6f93-447b-9037-adff01636562,Symo 24.0-3 480 (2),24.0,parsed_from_inverter_name,179.72,month,devwork
2023-09-14,d95b5e9d-f2d5-4950-85a9-909e52f727ba,Penner Farms - SE 27-8-13 (site 2),c3ec3bd8-8836-45bb-97b7-adff01636570,Symo 24.0-3 480 (3),24.0,parsed_from_inverter_name,178.91,month,devwork
2023-09-15,d95b5e9d-f2d5-4950-85a9-909e52f727ba,Penner Farms - SE 27-8-13 (site 2),b8a6c9fe-5838-42e7-9faa-adff01636559,Symo 24.0-3 480 (1),24.0,parsed_from_inverter_name,178.86,month,devwork
2023-09-15,d95b5e9d-f2d5-4950-85a9-909e52f727ba,Penner Farms - SE 27-8-13 (site 2),a9f3ac23-6f93-447b-9037-adff01636562,Symo 24.0-3 480 (2),24.0,parsed_from_inverter_name,180.34,month,devwork
2023-09-15,d95b5e9d-f2d5-4950-85a9-909e52f727ba,Penner Farms - SE 27-8-13 (site 2),c3ec3bd8-8836-45bb-97b7-adff01636570,Symo 24.0-3 480 (3),24.0,parsed_from_inverter_name,179.3,month,devwork
2023-09-16,d95b5e9d-f2d5-4950-85a9-909e52f727ba,Penner Farms - SE 27-8-13 (site 2),b8a6c9fe-5838-42e7-9faa-adff01636559,Symo 24.0-3 480 (1),24.0,parsed_from_inverter_name,181.84,month,devwork
2023-09-16,d95b5e9d-f2d5-4950-85a9-909e52f727ba,Penner Farms - SE 27-8-13 (site 2),a9f3ac23-6f93-447b-9037-adff01636562,Symo 24.0-3 480 (2),24.0,parsed_from_inverter_name,182.22,month,devwork
2023-09-16,d95b5e9d-f2d5-4950-85a9-909e52f727ba,Penner Farms - SE 27-8-13 (site 2),c3ec3bd8-8836-45bb-97b7-adff01636570,Symo 24.0-3 480 (3),24.0,parsed_from_inverter_name,180.8,month,devwork
2023-09-17,d95b5e9d-f2d5-4950-85a9-909e52f727ba,Penner Farms - SE 27-8-13 (site 2),b8a6c9fe-5838-42e7-9faa-adff01636559,Symo 24.0-3 480 (1),24.0,parsed_from_inverter_name,93.89,month,devwork
2023-09-17,d95b5e9d-f2d5-4950-85a9-909e52f727ba,Penner Farms - SE 27-8-13 (site 2),a9f3ac23-6f93-447b-9037-adff01636562,Symo 24.0-3 480 (2),24.0,parsed_from_inverter_name,94.61,month,devwork
2023-09-17,d95b5e9d-f2d5-4950-85a9-909e52f727ba,Penner Farms - SE 27-8-13 (site 2),c3ec3bd8-8836-45bb-97b7-adff01636570,Symo 24.0-3 480 (3),24.0,parsed_from_inverter_name,94.48,month,devwork
2023-09-18,d95b5e9d-f2d5-4950-85a9-909e52f727ba,Penner Farms - SE 27-8-13 (site 2),b8a6c9fe-5838-42e7-9faa-adff01636559,Symo 24.0-3 480 (1),24.0,parsed_from_inverter_name,146.93,month,devwork
2023-09-18,d95b5e9d-f2d5-4950-85a9-909e52f727ba,Penner Farms - SE 27-8-13 (site 2),a9f3ac23-6f93-447b-9037-adff01636562,Symo 24.0-3 480 (2),24.0,parsed_from_inverter_name,147.69,month,devwork
2023-09-18,d95b5e9d-f2d5-4950-85a9-909e52f727ba,Penner Farms - SE 27-8-13 (site 2),c3ec3bd8-8836-45bb-97b7-adff01636570,Symo 24.0-3 480 (3),24.0,parsed_from_inverter_name,146.99,month,devwork
2023-09-19,d95b5e9d-f2d5-4950-85a9-909e52f727ba,Penner Farms - SE 27-8-13 (site 2),b8a6c9fe-5838-42e7-9faa-adff01636559,Symo 24.0-3 480 (1),24.0,parsed_from_inverter_name,110.52,month,devwork
2023-09-19,d95b5e9d-f2d5-4950-85a9-909e52f727ba,Penner Farms - SE 27-8-13 (site 2),a9f3ac23-6f93-447b-9037-adff01636562,Symo 24.0-3 480 (2),24.0,parsed_from_inverter_name,111.17,month,devwork
2023-09-19,d95b5e9d-f2d5-4950-85a9-909e52f727ba,Penner Farms - SE 27-8-13 (site 2),c3ec3bd8-8836-45bb-97b7-adff01636570,Symo 24.0-3 480 (3),24.0,parsed_from_inverter_name,110.99,month,devwork
2023-09-20,d95b5e9d-f2d5-4950-85a9-909e52f727ba,Penner Farms - SE 27-8-13 (site 2),b8a6c9fe-5838-42e7-9faa-adff01636559,Symo 24.0-3 480 (1),24.0,parsed_from_inverter_name,156.79,month,devwork
2023-09-20,d95b5e9d-f2d5-4950-85a9-909e52f727ba,Penner Farms - SE 27-8-13 (site 2),a9f3ac23-6f93-447b-9037-adff01636562,Symo 24.0-3 480 (2),24.0,parsed_from_inverter_name,157.62,month,devwork
2023-09-20,d95b5e9d-f2d5-4950-85a9-909e52f727ba,Penner Farms - SE 27-8-13 (site 2),c3ec3bd8-8836-45bb-97b7-adff01636570,Symo 24.0-3 480 (3),24.0,parsed_from_inverter_name,156.81,month,devwork
2023-09-21,d95b5e9d-f2d5-4950-85a9-909e52f727ba,Penner Farms - SE 27-8-13 (site 2),b8a6c9fe-5838-42e7-9faa-adff01636559,Symo 24.0-3 480 (1),24.0,parsed_from_inverter_name,150.98,month,devwork
2023-09-21,d95b5e9d-f2d5-4950-85a9-909e52f727ba,Penner Farms - SE 27-8-13 (site 2),a9f3ac23-6f93-447b-9037-adff01636562,Symo 24.0-3 480 (2),24.0,parsed_from_inverter_name,151.8,month,devwork
2023-09-21,d95b5e9d-f2d5-4950-85a9-909e52f727ba,Penner Farms - SE 27-8-13 (site 2),c3ec3bd8-8836-45bb-97b7-adff01636570,Symo 24.0-3 480 (3),24.0,parsed_from_inverter_name,150.9,month,devwork
2023-09-22,d95b5e9d-f2d5-4950-85a9-909e52f727ba,Penner Farms - SE 27-8-13 (site 2),b8a6c9fe-5838-42e7-9faa-adff01636559,Symo 24.0-3 480 (1),24.0,parsed_from_inverter_name,30.38,month,devwork
2023-09-22,d95b5e9d-f2d5-4950-85a9-909e52f727ba,Penner Farms - SE 27-8-13 (site 2),a9f3ac23-6f93-447b-9037-adff01636562,Symo 24.0-3 480 (2),24.0,parsed_from_inverter_name,30.66,month,devwork
2023-09-22,d95b5e9d-f2d5-4950-85a9-909e52f727ba,Penner Farms - SE 27-8-13 (site 2),c3ec3bd8-8836-45bb-97b7-adff01636570,Symo 24.0-3 480 (3),24.0,parsed_from_inverter_name,30.74,month,devwork
2023-09-23,d95b5e9d-f2d5-4950-85a9-909e52f727ba,Penner Farms - SE 27-8-13 (site 2),b8a6c9fe-5838-42e7-9faa-adff01636559,Symo 24.0-3 480 (1),24.0,parsed_from_inverter_name,128.83,month,devwork
2023-09-23,d95b5e9d-f2d5-4950-85a9-909e52f727ba,Penner Farms - SE 27-8-13 (site 2),a9f3ac23-6f93-447b-9037-adff01636562,Symo 24.0-3 480 (2),24.0,parsed_from_inverter_name,131.87,month,devwork
2023-09-23,d95b5e9d-f2d5-4950-85a9-909e52f727ba,Penner Farms - SE 27-8-13 (site 2),c3ec3bd8-8836-45bb-97b7-adff01636570,Symo 24.0-3 480 (3),24.0,parsed_from_inverter_name,130.98,month,devwork
2023-09-24,d95b5e9d-f2d5-4950-85a9-909e52f727ba,Penner Farms - SE 27-8-13 (site 2),b8a6c9fe-5838-42e7-9faa-adff01636559,Symo 24.0-3 480 (1),24.0,parsed_from_inverter_name,125.01,month,devwork
2023-09-24,d95b5e9d-f2d5-4950-85a9-909e52f727ba,Penner Farms - SE 27-8-13 (site 2),a9f3ac23-6f93-447b-9037-adff01636562,Symo 24.0-3 480 (2),24.0,parsed_from_inverter_name,125.76,month,devwork
2023-09-24,d95b5e9d-f2d5-4950-85a9-909e52f727ba,Penner Farms - SE 27-8-13 (site 2),c3ec3bd8-8836-45bb-97b7-adff01636570,Symo 24.0-3 480 (3),24.0,parsed_from_inverter_name,124.97,month,devwork
2023-09-25,d95b5e9d-f2d5-4950-85a9-909e52f727ba,Penner Farms - SE 27-8-13 (site 2),b8a6c9fe-5838-42e7-9faa-adff01636559,Symo 24.0-3 480 (1),24.0,parsed_from_inverter_name,117.35,month,devwork
2023-09-25,d95b5e9d-f2d5-4950-85a9-909e52f727ba,Penner Farms - SE 27-8-13 (site 2),a9f3ac23-6f93-447b-9037-adff01636562,Symo 24.0-3 480 (2),24.0,parsed_from_inverter_name,118.36,month,devwork
2023-09-25,d95b5e9d-f2d5-4950-85a9-909e52f727ba,Penner Farms - SE 27-8-13 (site 2),c3ec3bd8-8836-45bb-97b7-adff01636570,Symo 24.0-3 480 (3),24.0,parsed_from_inverter_name,113.57,month,devwork
2023-09-26,d95b5e9d-f2d5-4950-85a9-909e52f727ba,Penner Farms - SE 27-8-13 (site 2),b8a6c9fe-5838-42e7-9faa-adff01636559,Symo 24.0-3 480 (1),24.0,parsed_from_inverter_name,140.63,month,devwork
2023-09-26,d95b5e9d-f2d5-4950-85a9-909e52f727ba,Penner Farms - SE 27-8-13 (site 2),a9f3ac23-6f93-447b-9037-adff01636562,Symo 24.0-3 480 (2),24.0,parsed_from_inverter_name,141.0,month,devwork
2023-09-26,d95b5e9d-f2d5-4950-85a9-909e52f727ba,Penner Farms - SE 27-8-13 (site 2),c3ec3bd8-8836-45bb-97b7-adff01636570,Symo 24.0-3 480 (3),24.0,parsed_from_inverter_name,135.23,month,devwork
2023-09-27,d95b5e9d-f2d5-4950-85a9-909e52f727ba,Penner Farms - SE 27-8-13 (site 2),b8a6c9fe-5838-42e7-9faa-adff01636559,Symo 24.0-3 480 (1),24.0,parsed_from_inverter_name,123.67,month,devwork
2023-09-27,d95b5e9d-f2d5-4950-85a9-909e52f727ba,Penner Farms - SE 27-8-13 (site 2),a9f3ac23-6f93-447b-9037-adff01636562,Symo 24.0-3 480 (2),24.0,parsed_from_inverter_name,123.95,month,devwork
2023-09-27,d95b5e9d-f2d5-4950-85a9-909e52f727ba,Penner Farms - SE 27-8-13 (site 2),c3ec3bd8-8836-45bb-97b7-adff01636570,Symo 24.0-3 480 (3),24.0,parsed_from_inverter_name,123.47,month,devwork
2023-09-28,d95b5e9d-f2d5-4950-85a9-909e52f727ba,Penner Farms - SE 27-8-13 (site 2),b8a6c9fe-5838-42e7-9faa-adff01636559,Symo 24.0-3 480 (1),24.0,parsed_from_inverter_name,173.06,month,devwork
2023-09-28,d95b5e9d-f2d5-4950-85a9-909e52f727ba,Penner Farms - SE 27-8-13 (site 2),a9f3ac23-6f93-447b-9037-adff01636562,Symo 24.0-3 480 (2),24.0,parsed_from_inverter_name,173.32,month,devwork
2023-09-28,d95b5e9d-f2d5-4950-85a9-909e52f727ba,Penner Farms - SE 27-8-13 (site 2),c3ec3bd8-8836-45bb-97b7-adff01636570,Symo 24.0-3 480 (3),24.0,parsed_from_inverter_name,167.13,month,devwork
2023-09-29,d95b5e9d-f2d5-4950-85a9-909e52f727ba,Penner Farms - SE 27-8-13 (site 2),b8a6c9fe-5838-42e7-9faa-adff01636559,Symo 24.0-3 480 (1),24.0,parsed_from_inverter_name,138.17,month,devwork
2023-09-29,d95b5e9d-f2d5-4950-85a9-909e52f727ba,Penner Farms - SE 27-8-13 (site 2),a9f3ac23-6f93-447b-9037-adff01636562,Symo 24.0-3 480 (2),24.0,parsed_from_inverter_name,138.67,month,devwork
2023-09-29,d95b5e9d-f2d5-4950-85a9-909e52f727ba,Penner Farms - SE 27-8-13 (site 2),c3ec3bd8-8836-45bb-97b7-adff01636570,Symo 24.0-3 480 (3),24.0,parsed_from_inverter_name,117.26,month,devwork
2023-09-30,d95b5e9d-f2d5-4950-85a9-909e52f727ba,Penner Farms - SE 27-8-13 (site 2),b8a6c9fe-5838-42e7-9faa-adff01636559,Symo 24.0-3 480 (1),24.0,parsed_from_inverter_name,19.03,month,devwork
2023-09-30,d95b5e9d-f2d5-4950-85a9-909e52f727ba,Penner Farms - SE 27-8-13 (site 2),a9f3ac23-6f93-447b-9037-adff01636562,Symo 24.0-3 480 (2),24.0,parsed_from_inverter_name,19.11,month,devwork
2023-09-30,d95b5e9d-f2d5-4950-85a9-909e52f727ba,Penner Farms - SE 27-8-13 (site 2),c3ec3bd8-8836-45bb-97b7-adff01636570,Symo 24.0-3 480 (3),24.0,parsed_from_inverter_name,19.2,month,devwork
2023-10-01,d95b5e9d-f2d5-4950-85a9-909e52f727ba,Penner Farms - SE 27-8-13 (site 2),b8a6c9fe-5838-42e7-9faa-adff01636559,Symo 24.0-3 480 (1),24.0,parsed_from_inverter_name,14.28,month,devwork
2023-10-01,d95b5e9d-f2d5-4950-85a9-909e52f727ba,Penner Farms - SE 27-8-13 (site 2),a9f3ac23-6f93-447b-9037-adff01636562,Symo 24.0-3 480 (2),24.0,parsed_from_inverter_name,14.34,month,devwork
2023-10-01,d95b5e9d-f2d5-4950-85a9-909e52f727ba,Penner Farms - SE 27-8-13 (site 2),c3ec3bd8-8836-45bb-97b7-adff01636570,Symo 24.0-3 480 (3),24.0,parsed_from_inverter_name,14.41,month,devwork
2023-10-02,d95b5e9d-f2d5-4950-85a9-909e52f727ba,Penner Farms - SE 27-8-13 (site 2),b8a6c9fe-5838-42e7-9faa-adff01636559,Symo 24.0-3 480 (1),24.0,parsed_from_inverter_name,157.41,month,devwork
2023-10-02,d95b5e9d-f2d5-4950-85a9-909e52f727ba,Penner Farms - SE 27-8-13 (site 2),a9f3ac23-6f93-447b-9037-adff01636562,Symo 24.0-3 480 (2),24.0,parsed_from_inverter_name,158.43,month,devwork
2023-10-02,d95b5e9d-f2d5-4950-85a9-909e52f727ba,Penner Farms - SE 27-8-13 (site 2),c3ec3bd8-8836-45bb-97b7-adff01636570,Symo 24.0-3 480 (3),24.0,parsed_from_inverter_name,157.47,month,devwork
2023-10-03,d95b5e9d-f2d5-4950-85a9-909e52f727ba,Penner Farms - SE 27-8-13 (site 2),b8a6c9fe-5838-42e7-9faa-adff01636559,Symo 24.0-3 480 (1),24.0,parsed_from_inverter_name,153.35,month,devwork
2023-10-03,d95b5e9d-f2d5-4950-85a9-909e52f727ba,Penner Farms - SE 27-8-13 (site 2),a9f3ac23-6f93-447b-9037-adff01636562,Symo 24.0-3 480 (2),24.0,parsed_from_inverter_name,153.95,month,devwork
2023-10-03,d95b5e9d-f2d5-4950-85a9-909e52f727ba,Penner Farms - SE 27-8-13 (site 2),c3ec3bd8-8836-45bb-97b7-adff01636570,Symo 24.0-3 480 (3),24.0,parsed_from_inverter_name,137.37,month,devwork
2023-10-04,d95b5e9d-f2d5-4950-85a9-909e52f727ba,Penner Farms - SE 27-8-13 (site 2),b8a6c9fe-5838-42e7-9faa-adff01636559,Symo 24.0-3 480 (1),24.0,parsed_from_inverter_name,35.99,month,devwork
2023-10-04,d95b5e9d-f2d5-4950-85a9-909e52f727ba,Penner Farms - SE 27-8-13 (site 2),a9f3ac23-6f93-447b-9037-adff01636562,Symo 24.0-3 480 (2),24.0,parsed_from_inverter_name,36.2,month,devwork
2023-10-04,d95b5e9d-f2d5-4950-85a9-909e52f727ba,Penner Farms - SE 27-8-13 (site 2),c3ec3bd8-8836-45bb-97b7-adff01636570,Symo 24.0-3 480 (3),24.0,parsed_from_inverter_name,36.22,month,devwork
2023-10-05,d95b5e9d-f2d5-4950-85a9-909e52f727ba,Penner Farms - SE 27-8-13 (site 2),b8a6c9fe-5838-42e7-9faa-adff01636559,Symo 24.0-3 480 (1),24.0,parsed_from_inverter_name,40.85,month,devwork
2023-10-05,d95b5e9d-f2d5-4950-85a9-909e52f727ba,Penner Farms - SE 27-8-13 (site 2),a9f3ac23-6f93-447b-9037-adff01636562,Symo 24.0-3 480 (2),24.0,parsed_from_inverter_name,41.36,month,devwork
2023-10-05,d95b5e9d-f2d5-4950-85a9-909e52f727ba,Penner Farms - SE 27-8-13 (site 2),c3ec3bd8-8836-45bb-97b7-adff01636570,Symo 24.0-3 480 (3),24.0,parsed_from_inverter_name,41.09,month,devwork
2023-10-06,d95b5e9d-f2d5-4950-85a9-909e52f727ba,Penner Farms - SE 27-8-13 (site 2),b8a6c9fe-5838-42e7-9faa-adff01636559,Symo 24.0-3 480 (1),24.0,parsed_from_inverter_name,171.9,month,devwork
2023-10-06,d95b5e9d-f2d5-4950-85a9-909e52f727ba,Penner Farms - SE 27-8-13 (site 2),a9f3ac23-6f93-447b-9037-adff01636562,Symo 24.0-3 480 (2),24.0,parsed_from_inverter_name,172.92,month,devwork
2023-10-06,d95b5e9d-f2d5-4950-85a9-909e52f727ba,Penner Farms - SE 27-8-13 (site 2),c3ec3bd8-8836-45bb-97b7-adff01636570,Symo 24.0-3 480 (3),24.0,parsed_from_inverter_name,171.06,month,devwork
2023-10-07,d95b5e9d-f2d5-4950-85a9-909e52f727ba,Penner Farms - SE 27-8-13 (site 2),b8a6c9fe-5838-42e7-9faa-adff01636559,Symo 24.0-3 480 (1),24.0,parsed_from_inverter_name,165.64,month,devwork
2023-10-07,d95b5e9d-f2d5-4950-85a9-909e52f727ba,Penner Farms - SE 27-8-13 (site 2),a9f3ac23-6f93-447b-9037-adff01636562,Symo 24.0-3 480 (2),24.0,parsed_from_inverter_name,166.37,month,devwork
2023-10-07,d95b5e9d-f2d5-4950-85a9-909e52f727ba,Penner Farms - SE 27-8-13 (site 2),c3ec3bd8-8836-45bb-97b7-adff01636570,Symo 24.0-3 480 (3),24.0,parsed_from_inverter_name,164.37,month,devwork
2023-10-08,d95b5e9d-f2d5-4950-85a9-909e52f727ba,Penner Farms - SE 27-8-13 (site 2),b8a6c9fe-5838-42e7-9faa-adff01636559,Symo 24.0-3 480 (1),24.0,parsed_from_inverter_name,168.68,month,devwork
2023-10-08,d95b5e9d-f2d5-4950-85a9-909e52f727ba,Penner Farms - SE 27-8-13 (site 2),a9f3ac23-6f93-447b-9037-adff01636562,Symo 24.0-3 480 (2),24.0,parsed_from_inverter_name,170.21,month,devwork
2023-10-08,d95b5e9d-f2d5-4950-85a9-909e52f727ba,Penner Farms - SE 27-8-13 (site 2),c3ec3bd8-8836-45bb-97b7-adff01636570,Symo 24.0-3 480 (3),24.0,parsed_from_inverter_name,167.89,month,devwork
2023-10-09,d95b5e9d-f2d5-4950-85a9-909e52f727ba,Penner Farms - SE 27-8-13 (site 2),b8a6c9fe-5838-42e7-9faa-adff01636559,Symo 24.0-3 480 (1),24.0,parsed_from_inverter_name,159.9,month,devwork
2023-10-09,d95b5e9d-f2d5-4950-85a9-909e52f727ba,Penner Farms - SE 27-8-13 (site 2),a9f3ac23-6f93-447b-9037-adff01636562,Symo 24.0-3 480 (2),24.0,parsed_from_inverter_name,161.24,month,devwork
2023-10-09,d95b5e9d-f2d5-4950-85a9-909e52f727ba,Penner Farms - SE 27-8-13 (site 2),c3ec3bd8-8836-45bb-97b7-adff01636570,Symo 24.0-3 480 (3),24.0,parsed_from_inverter_name,158.96,month,devwork
2023-10-10,d95b5e9d-f2d5-4950-85a9-909e52f727ba,Penner Farms - SE 27-8-13 (site 2),b8a6c9fe-5838-42e7-9faa-adff01636559,Symo 24.0-3 480 (1),24.0,parsed_from_inverter_name,115.71,month,devwork
2023-10-10,d95b5e9d-f2d5-4950-85a9-909e52f727ba,Penner Farms - SE 27-8-13 (site 2),a9f3ac23-6f93-447b-9037-adff01636562,Symo 24.0-3 480 (2),24.0,parsed_from_inverter_name,116.56,month,devwork
2023-10-10,d95b5e9d-f2d5-4950-85a9-909e52f727ba,Penner Farms - SE 27-8-13 (site 2),c3ec3bd8-8836-45bb-97b7-adff01636570,Symo 24.0-3 480 (3),24.0,parsed_from_inverter_name,115.56,month,devwork
2023-10-11,d95b5e9d-f2d5-4950-85a9-909e52f727ba,Penner Farms - SE 27-8-13 (site 2),b8a6c9fe-5838-42e7-9faa-adff01636559,Symo 24.0-3 480 (1),24.0,parsed_from_inverter_name,25.39,month,devwork
2023-10-11,d95b5e9d-f2d5-4950-85a9-909e52f727ba,Penner Farms - SE 27-8-13 (site 2),a9f3ac23-6f93-447b-9037-adff01636562,Symo 24.0-3 480 (2),24.0,parsed_from_inverter_name,25.46,month,devwork
2023-10-11,d95b5e9d-f2d5-4950-85a9-909e52f727ba,Penner Farms - SE 27-8-13 (site 2),c3ec3bd8-8836-45bb-97b7-adff01636570,Symo 24.0-3 480 (3),24.0,parsed_from_inverter_name,25.5,month,devwork
2023-10-12,d95b5e9d-f2d5-4950-85a9-909e52f727ba,Penner Farms - SE 27-8-13 (site 2),b8a6c9fe-5838-42e7-9faa-adff01636559,Symo 24.0-3 480 (1),24.0,parsed_from_inverter_name,13.09,month,devwork
2023-10-12,d95b5e9d-f2d5-4950-85a9-909e52f727ba,Penner Farms - SE 27-8-13 (site 2),a9f3ac23-6f93-447b-9037-adff01636562,Symo 24.0-3 480 (2),24.0,parsed_from_inverter_name,13.12,month,devwork
2023-10-12,d95b5e9d-f2d5-4950-85a9-909e52f727ba,Penner Farms - SE 27-8-13 (site 2),c3ec3bd8-8836-45bb-97b7-adff01636570,Symo 24.0-3 480 (3),24.0,parsed_from_inverter_name,13.16,month,devwork
2023-10-13,d95b5e9d-f2d5-4950-85a9-909e52f727ba,Penner Farms - SE 27-8-13 (site 2),b8a6c9fe-5838-42e7-9faa-adff01636559,Symo 24.0-3 480 (1),24.0,parsed_from_inverter_name,32.22,month,devwork
2023-10-13,d95b5e9d-f2d5-4950-85a9-909e52f727ba,Penner Farms - SE 27-8-13 (site 2),a9f3ac23-6f93-447b-9037-adff01636562,Symo 24.0-3 480 (2),24.0,parsed_from_inverter_name,32.42,month,devwork
2023-10-13,d95b5e9d-f2d5-4950-85a9-909e52f727ba,Penner Farms - SE 27-8-13 (site 2),c3ec3bd8-8836-45bb-97b7-adff01636570,Symo 24.0-3 480 (3),24.0,parsed_from_inverter_name,32.27,month,devwork
2023-10-14,d95b5e9d-f2d5-4950-85a9-909e52f727ba,Penner Farms - SE 27-8-13 (site 2),b8a6c9fe-5838-42e7-9faa-adff01636559,Symo 24.0-3 480 (1),24.0,parsed_from_inverter_name,138.56,month,devwork
2023-10-14,d95b5e9d-f2d5-4950-85a9-909e52f727ba,Penner Farms - SE 27-8-13 (site 2),a9f3ac23-6f93-447b-9037-adff01636562,Symo 24.0-3 480 (2),24.0,parsed_from_inverter_name,141.33,month,devwork
2023-10-14,d95b5e9d-f2d5-4950-85a9-909e52f727ba,Penner Farms - SE 27-8-13 (site 2),c3ec3bd8-8836-45bb-97b7-adff01636570,Symo 24.0-3 480 (3),24.0,parsed_from_inverter_name,139.28,month,devwork
2023-10-15,d95b5e9d-f2d5-4950-85a9-909e52f727ba,Penner Farms - SE 27-8-13 (site 2),b8a6c9fe-5838-42e7-9faa-adff01636559,Symo 24.0-3 480 (1),24.0,parsed_from_inverter_name,136.14,month,devwork
2023-10-15,d95b5e9d-f2d5-4950-85a9-909e52f727ba,Penner Farms - SE 27-8-13 (site 2),a9f3ac23-6f93-447b-9037-adff01636562,Symo 24.0-3 480 (2),24.0,parsed_from_inverter_name,137.57,month,devwork
2023-10-15,d95b5e9d-f2d5-4950-85a9-909e52f727ba,Penner Farms - SE 27-8-13 (site 2),c3ec3bd8-8836-45bb-97b7-adff01636570,Symo 24.0-3 480 (3),24.0,parsed_from_inverter_name,135.24,month,devwork
2023-10-16,d95b5e9d-f2d5-4950-85a9-909e52f727ba,Penner Farms - SE 27-8-13 (site 2),b8a6c9fe-5838-42e7-9faa-adff01636559,Symo 24.0-3 480 (1),24.0,parsed_from_inverter_name,60.25,month,devwork
2023-10-16,d95b5e9d-f2d5-4950-85a9-909e52f727ba,Penner Farms - SE 27-8-13 (site 2),a9f3ac23-6f93-447b-9037-adff01636562,Symo 24.0-3 480 (2),24.0,parsed_from_inverter_name,61.15,month,devwork
2023-10-16,d95b5e9d-f2d5-4950-85a9-909e52f727ba,Penner Farms - SE 27-8-13 (site 2),c3ec3bd8-8836-45bb-97b7-adff01636570,Symo 24.0-3 480 (3),24.0,parsed_from_inverter_name,60.88,month,devwork
2023-10-17,d95b5e9d-f2d5-4950-85a9-909e52f727ba,Penner Farms - SE 27-8-13 (site 2),b8a6c9fe-5838-42e7-9faa-adff01636559,Symo 24.0-3 480 (1),24.0,parsed_from_inverter_name,37.61,month,devwork
2023-10-17,d95b5e9d-f2d5-4950-85a9-909e52f727ba,Penner Farms - SE 27-8-13 (site 2),a9f3ac23-6f93-447b-9037-adff01636562,Symo 24.0-3 480 (2),24.0,parsed_from_inverter_name,37.91,month,devwork
2023-10-17,d95b5e9d-f2d5-4950-85a9-909e52f727ba,Penner Farms - SE 27-8-13 (site 2),c3ec3bd8-8836-45bb-97b7-adff01636570,Symo 24.0-3 480 (3),24.0,parsed_from_inverter_name,37.66,month,devwork
2023-10-18,d95b5e9d-f2d5-4950-85a9-909e52f727ba,Penner Farms - SE 27-8-13 (site 2),b8a6c9fe-5838-42e7-9faa-adff01636559,Symo 24.0-3 480 (1),24.0,parsed_from_inverter_name,48.12,month,devwork
2023-10-18,d95b5e9d-f2d5-4950-85a9-909e52f727ba,Penner Farms - SE 27-8-13 (site 2),a9f3ac23-6f93-447b-9037-adff01636562,Symo 24.0-3 480 (2),24.0,parsed_from_inverter_name,48.61,month,devwork
2023-10-18,d95b5e9d-f2d5-4950-85a9-909e52f727ba,Penner Farms - SE 27-8-13 (site 2),c3ec3bd8-8836-45bb-97b7-adff01636570,Symo 24.0-3 480 (3),24.0,parsed_from_inverter_name,48.26,month,devwork
2023-10-19,d95b5e9d-f2d5-4950-85a9-909e52f727ba,Penner Farms - SE 27-8-13 (site 2),b8a6c9fe-5838-42e7-9faa-adff01636559,Symo 24.0-3 480 (1),24.0,parsed_from_inverter_name,156.75,month,devwork
2023-10-19,d95b5e9d-f2d5-4950-85a9-909e52f727ba,Penner Farms - SE 27-8-13 (site 2),a9f3ac23-6f93-447b-9037-adff01636562,Symo 24.0-3 480 (2),24.0,parsed_from_inverter_name,157.91,month,devwork
2023-10-19,d95b5e9d-f2d5-4950-85a9-909e52f727ba,Penner Farms - SE 27-8-13 (site 2),c3ec3bd8-8836-45bb-97b7-adff01636570,Symo 24.0-3 480 (3),24.0,parsed_from_inverter_name,152.72,month,devwork
2023-10-20,d95b5e9d-f2d5-4950-85a9-909e52f727ba,Penner Farms - SE 27-8-13 (site 2),b8a6c9fe-5838-42e7-9faa-adff01636559,Symo 24.0-3 480 (1),24.0,parsed_from_inverter_name,69.95,month,devwork
2023-10-20,d95b5e9d-f2d5-4950-85a9-909e52f727ba,Penner Farms - SE 27-8-13 (site 2),a9f3ac23-6f93-447b-9037-adff01636562,Symo 24.0-3 480 (2),24.0,parsed_from_inverter_name,71.92,month,devwork
2023-10-20,d95b5e9d-f2d5-4950-85a9-909e52f727ba,Penner Farms - SE 27-8-13 (site 2),c3ec3bd8-8836-45bb-97b7-adff01636570,Symo 24.0-3 480 (3),24.0,parsed_from_inverter_name,71.3,month,devwork
2023-10-21,d95b5e9d-f2d5-4950-85a9-909e52f727ba,Penner Farms - SE 27-8-13 (site 2),b8a6c9fe-5838-42e7-9faa-adff01636559,Symo 24.0-3 480 (1),24.0,parsed_from_inverter_name,39.56,month,devwork
2023-10-21,d95b5e9d-f2d5-4950-85a9-909e52f727ba,Penner Farms - SE 27-8-13 (site 2),a9f3ac23-6f93-447b-9037-adff01636562,Symo 24.0-3 480 (2),24.0,parsed_from_inverter_name,40.4,month,devwork
2023-10-21,d95b5e9d-f2d5-4950-85a9-909e52f727ba,Penner Farms - SE 27-8-13 (site 2),c3ec3bd8-8836-45bb-97b7-adff01636570,Symo 24.0-3 480 (3),24.0,parsed_from_inverter_name,40.31,month,devwork
2023-10-22,d95b5e9d-f2d5-4950-85a9-909e52f727ba,Penner Farms - SE 27-8-13 (site 2),b8a6c9fe-5838-42e7-9faa-adff01636559,Symo 24.0-3 480 (1),24.0,parsed_from_inverter_name,16.74,month,devwork
2023-10-22,d95b5e9d-f2d5-4950-85a9-909e52f727ba,Penner Farms - SE 27-8-13 (site 2),a9f3ac23-6f93-447b-9037-adff01636562,Symo 24.0-3 480 (2),24.0,parsed_from_inverter_name,16.79,month,devwork
2023-10-22,d95b5e9d-f2d5-4950-85a9-909e52f727ba,Penner Farms - SE 27-8-13 (site 2),c3ec3bd8-8836-45bb-97b7-adff01636570,Symo 24.0-3 480 (3),24.0,parsed_from_inverter_name,16.87,month,devwork
2023-10-23,d95b5e9d-f2d5-4950-85a9-909e52f727ba,Penner Farms - SE 27-8-13 (site 2),b8a6c9fe-5838-42e7-9faa-adff01636559,Symo 24.0-3 480 (1),24.0,parsed_from_inverter_name,12.99,month,devwork
2023-10-23,d95b5e9d-f2d5-4950-85a9-909e52f727ba,Penner Farms - SE 27-8-13 (site 2),a9f3ac23-6f93-447b-9037-adff01636562,Symo 24.0-3 480 (2),24.0,parsed_from_inverter_name,13.08,month,devwork
2023-10-23,d95b5e9d-f2d5-4950-85a9-909e52f727ba,Penner Farms - SE 27-8-13 (site 2),c3ec3bd8-8836-45bb-97b7-adff01636570,Symo 24.0-3 480 (3),24.0,parsed_from_inverter_name,13.13,month,devwork
2023-10-24,d95b5e9d-f2d5-4950-85a9-909e52f727ba,Penner Farms - SE 27-8-13 (site 2),b8a6c9fe-5838-42e7-9faa-adff01636559,Symo 24.0-3 480 (1),24.0,parsed_from_inverter_name,15.93,month,devwork
2023-10-24,d95b5e9d-f2d5-4950-85a9-909e52f727ba,Penner Farms - SE 27-8-13 (site 2),a9f3ac23-6f93-447b-9037-adff01636562,Symo 24.0-3 480 (2),24.0,parsed_from_inverter_name,15.69,month,devwork
2023-10-24,d95b5e9d-f2d5-4950-85a9-909e52f727ba,Penner Farms - SE 27-8-13 (site 2),c3ec3bd8-8836-45bb-97b7-adff01636570,Symo 24.0-3 480 (3),24.0,parsed_from_inverter_name,15.79,month,devwork
2023-10-25,d95b5e9d-f2d5-4950-85a9-909e52f727ba,Penner Farms - SE 27-8-13 (site 2),b8a6c9fe-5838-42e7-9faa-adff01636559,Symo 24.0-3 480 (1),24.0,parsed_from_inverter_name,17.82,month,devwork
2023-10-25,d95b5e9d-f2d5-4950-85a9-909e52f727ba,Penner Farms - SE 27-8-13 (site 2),a9f3ac23-6f93-447b-9037-adff01636562,Symo 24.0-3 480 (2),24.0,parsed_from_inverter_name,17.46,month,devwork
2023-10-25,d95b5e9d-f2d5-4950-85a9-909e52f727ba,Penner Farms - SE 27-8-13 (site 2),c3ec3bd8-8836-45bb-97b7-adff01636570,Symo 24.0-3 480 (3),24.0,parsed_from_inverter_name,17.64,month,devwork
2023-10-26,d95b5e9d-f2d5-4950-85a9-909e52f727ba,Penner Farms - SE 27-8-13 (site 2),b8a6c9fe-5838-42e7-9faa-adff01636559,Symo 24.0-3 480 (1),24.0,parsed_from_inverter_name,19.87,month,devwork
2023-10-26,d95b5e9d-f2d5-4950-85a9-909e52f727ba,Penner Farms - SE 27-8-13 (site 2),a9f3ac23-6f93-447b-9037-adff01636562,Symo 24.0-3 480 (2),24.0,parsed_from_inverter_name,19.62,month,devwork
2023-10-26,d95b5e9d-f2d5-4950-85a9-909e52f727ba,Penner Farms - SE 27-8-13 (site 2),c3ec3bd8-8836-45bb-97b7-adff01636570,Symo 24.0-3 480 (3),24.0,parsed_from_inverter_name,19.75,month,devwork
2023-10-27,d95b5e9d-f2d5-4950-85a9-909e52f727ba,Penner Farms - SE 27-8-13 (site 2),b8a6c9fe-5838-42e7-9faa-adff01636559,Symo 24.0-3 480 (1),24.0,parsed_from_inverter_name,36.47,month,devwork
2023-10-27,d95b5e9d-f2d5-4950-85a9-909e52f727ba,Penner Farms - SE 27-8-13 (site 2),a9f3ac23-6f93-447b-9037-adff01636562,Symo 24.0-3 480 (2),24.0,parsed_from_inverter_name,54.04,month,devwork
2023-10-27,d95b5e9d-f2d5-4950-85a9-909e52f727ba,Penner Farms - SE 27-8-13 (site 2),c3ec3bd8-8836-45bb-97b7-adff01636570,Symo 24.0-3 480 (3),24.0,parsed_from_inverter_name,46.28,month,devwork
2023-10-28,d95b5e9d-f2d5-4950-85a9-909e52f727ba,Penner Farms - SE 27-8-13 (site 2),b8a6c9fe-5838-42e7-9faa-adff01636559,Symo 24.0-3 480 (1),24.0,parsed_from_inverter_name,63.24,month,devwork
2023-10-28,d95b5e9d-f2d5-4950-85a9-909e52f727ba,Penner Farms - SE 27-8-13 (site 2),a9f3ac23-6f93-447b-9037-adff01636562,Symo 24.0-3 480 (2),24.0,parsed_from_inverter_name,83.77,month,devwork
2023-10-28,d95b5e9d-f2d5-4950-85a9-909e52f727ba,Penner Farms - SE 27-8-13 (site 2),c3ec3bd8-8836-45bb-97b7-adff01636570,Symo 24.0-3 480 (3),24.0,parsed_from_inverter_name,80.7,month,devwork
2023-10-29,d95b5e9d-f2d5-4950-85a9-909e52f727ba,Penner Farms - SE 27-8-13 (site 2),b8a6c9fe-5838-42e7-9faa-adff01636559,Symo 24.0-3 480 (1),24.0,parsed_from_inverter_name,157.82,month,devwork
2023-10-29,d95b5e9d-f2d5-4950-85a9-909e52f727ba,Penner Farms - SE 27-8-13 (site 2),a9f3ac23-6f93-447b-9037-adff01636562,Symo 24.0-3 480 (2),24.0,parsed_from_inverter_name,167.07,month,devwork
2023-10-29,d95b5e9d-f2d5-4950-85a9-909e52f727ba,Penner Farms - SE 27-8-13 (site 2),c3ec3bd8-8836-45bb-97b7-adff01636570,Symo 24.0-3 480 (3),24.0,parsed_from_inverter_name,165.32,month,devwork
2023-10-30,d95b5e9d-f2d5-4950-85a9-909e52f727ba,Penner Farms - SE 27-8-13 (site 2),b8a6c9fe-5838-42e7-9faa-adff01636559,Symo 24.0-3 480 (1),24.0,parsed_from_inverter_name,134.69,month,devwork
2023-10-30,d95b5e9d-f2d5-4950-85a9-909e52f727ba,Penner Farms - SE 27-8-13 (site 2),a9f3ac23-6f93-447b-9037-adff01636562,Symo 24.0-3 480 (2),24.0,parsed_from_inverter_name,138.68,month,devwork
2023-10-30,d95b5e9d-f2d5-4950-85a9-909e52f727ba,Penner Farms - SE 27-8-13 (site 2),c3ec3bd8-8836-45bb-97b7-adff01636570,Symo 24.0-3 480 (3),24.0,parsed_from_inverter_name,75.44,month,devwork
2023-10-31,d95b5e9d-f2d5-4950-85a9-909e52f727ba,Penner Farms - SE 27-8-13 (site 2),b8a6c9fe-5838-42e7-9faa-adff01636559,Symo 24.0-3 480 (1),24.0,parsed_from_inverter_name,138.08,month,devwork
2023-10-31,d95b5e9d-f2d5-4950-85a9-909e52f727ba,Penner Farms - SE 27-8-13 (site 2),a9f3ac23-6f93-447b-9037-adff01636562,Symo 24.0-3 480 (2),24.0,parsed_from_inverter_name,140.79,month,devwork
2023-10-31,d95b5e9d-f2d5-4950-85a9-909e52f727ba,Penner Farms - SE 27-8-13 (site 2),c3ec3bd8-8836-45bb-97b7-adff01636570,Symo 24.0-3 480 (3),24.0,parsed_from_inverter_name,129.21,month,devwork
2023-11-01,d95b5e9d-f2d5-4950-85a9-909e52f727ba,Penner Farms - SE 27-8-13 (site 2),b8a6c9fe-5838-42e7-9faa-adff01636559,Symo 24.0-3 480 (1),24.0,parsed_from_inverter_name,119.8,month,devwork
2023-11-01,d95b5e9d-f2d5-4950-85a9-909e52f727ba,Penner Farms - SE 27-8-13 (site 2),a9f3ac23-6f93-447b-9037-adff01636562,Symo 24.0-3 480 (2),24.0,parsed_from_inverter_name,122.67,month,devwork
2023-11-01,d95b5e9d-f2d5-4950-85a9-909e52f727ba,Penner Farms - SE 27-8-13 (site 2),c3ec3bd8-8836-45bb-97b7-adff01636570,Symo 24.0-3 480 (3),24.0,parsed_from_inverter_name,77.72,month,devwork
2023-11-02,d95b5e9d-f2d5-4950-85a9-909e52f727ba,Penner Farms - SE 27-8-13 (site 2),b8a6c9fe-5838-42e7-9faa-adff01636559,Symo 24.0-3 480 (1),24.0,parsed_from_inverter_name,21.44,month,devwork
2023-11-02,d95b5e9d-f2d5-4950-85a9-909e52f727ba,Penner Farms - SE 27-8-13 (site 2),a9f3ac23-6f93-447b-9037-adff01636562,Symo 24.0-3 480 (2),24.0,parsed_from_inverter_name,21.78,month,devwork
2023-11-02,d95b5e9d-f2d5-4950-85a9-909e52f727ba,Penner Farms - SE 27-8-13 (site 2),c3ec3bd8-8836-45bb-97b7-adff01636570,Symo 24.0-3 480 (3),24.0,parsed_from_inverter_name,21.86,month,devwork
2023-11-03,d95b5e9d-f2d5-4950-85a9-909e52f727ba,Penner Farms - SE 27-8-13 (site 2),b8a6c9fe-5838-42e7-9faa-adff01636559,Symo 24.0-3 480 (1),24.0,parsed_from_inverter_name,139.27,month,devwork
2023-11-03,d95b5e9d-f2d5-4950-85a9-909e52f727ba,Penner Farms - SE 27-8-13 (site 2),a9f3ac23-6f93-447b-9037-adff01636562,Symo 24.0-3 480 (2),24.0,parsed_from_inverter_name,142.24,month,devwork
2023-11-03,d95b5e9d-f2d5-4950-85a9-909e52f727ba,Penner Farms - SE 27-8-13 (site 2),c3ec3bd8-8836-45bb-97b7-adff01636570,Symo 24.0-3 480 (3),24.0,parsed_from_inverter_name,79.87,month,devwork
2023-11-04,d95b5e9d-f2d5-4950-85a9-909e52f727ba,Penner Farms - SE 27-8-13 (site 2),b8a6c9fe-5838-42e7-9faa-adff01636559,Symo 24.0-3 480 (1),24.0,parsed_from_inverter_name,12.92,month,devwork
2023-11-04,d95b5e9d-f2d5-4950-85a9-909e52f727ba,Penner Farms - SE 27-8-13 (site 2),a9f3ac23-6f93-447b-9037-adff01636562,Symo 24.0-3 480 (2),24.0,parsed_from_inverter_name,13.17,month,devwork
2023-11-04,d95b5e9d-f2d5-4950-85a9-909e52f727ba,Penner Farms - SE 27-8-13 (site 2),c3ec3bd8-8836-45bb-97b7-adff01636570,Symo 24.0-3 480 (3),24.0,parsed_from_inverter_name,12.94,month,devwork
2023-11-05,d95b5e9d-f2d5-4950-85a9-909e52f727ba,Penner Farms - SE 27-8-13 (site 2),b8a6c9fe-5838-42e7-9faa-adff01636559,Symo 24.0-3 480 (1),24.0,parsed_from_inverter_name,58.53,month,devwork
2023-11-05,d95b5e9d-f2d5-4950-85a9-909e52f727ba,Penner Farms - SE 27-8-13 (site 2),a9f3ac23-6f93-447b-9037-adff01636562,Symo 24.0-3 480 (2),24.0,parsed_from_inverter_name,59.65,month,devwork
2023-11-05,d95b5e9d-f2d5-4950-85a9-909e52f727ba,Penner Farms - SE 27-8-13 (site 2),c3ec3bd8-8836-45bb-97b7-adff01636570,Symo 24.0-3 480 (3),24.0,parsed_from_inverter_name,58.81,month,devwork
2023-11-06,d95b5e9d-f2d5-4950-85a9-909e52f727ba,Penner Farms - SE 27-8-13 (site 2),b8a6c9fe-5838-42e7-9faa-adff01636559,Symo 24.0-3 480 (1),24.0,parsed_from_inverter_name,97.77,month,devwork
2023-11-06,d95b5e9d-f2d5-4950-85a9-909e52f727ba,Penner Farms - SE 27-8-13 (site 2),a9f3ac23-6f93-447b-9037-adff01636562,Symo 24.0-3 480 (2),24.0,parsed_from_inverter_name,100.62,month,devwork
2023-11-06,d95b5e9d-f2d5-4950-85a9-909e52f727ba,Penner Farms - SE 27-8-13 (site 2),c3ec3bd8-8836-45bb-97b7-adff01636570,Symo 24.0-3 480 (3),24.0,parsed_from_inverter_name,83.59,month,devwork
2023-11-07,d95b5e9d-f2d5-4950-85a9-909e52f727ba,Penner Farms - SE 27-8-13 (site 2),b8a6c9fe-5838-42e7-9faa-adff01636559,Symo 24.0-3 480 (1),24.0,parsed_from_inverter_name,24.9,month,devwork
2023-11-07,d95b5e9d-f2d5-4950-85a9-909e52f727ba,Penner Farms - SE 27-8-13 (site 2),a9f3ac23-6f93-447b-9037-adff01636562,Symo 24.0-3 480 (2),24.0,parsed_from_inverter_name,25.34,month,devwork
2023-11-07,d95b5e9d-f2d5-4950-85a9-909e52f727ba,Penner Farms - SE 27-8-13 (site 2),c3ec3bd8-8836-45bb-97b7-adff01636570,Symo 24.0-3 480 (3),24.0,parsed_from_inverter_name,25.11,month,devwork
2023-11-08,d95b5e9d-f2d5-4950-85a9-909e52f727ba,Penner Farms - SE 27-8-13 (site 2),b8a6c9fe-5838-42e7-9faa-adff01636559,Symo 24.0-3 480 (1),24.0,parsed_from_inverter_name,95.03,month,devwork
2023-11-08,d95b5e9d-f2d5-4950-85a9-909e52f727ba,Penner Farms - SE 27-8-13 (site 2),a9f3ac23-6f93-447b-9037-adff01636562,Symo 24.0-3 480 (2),24.0,parsed_from_inverter_name,92.22,month,devwork
2023-11-08,d95b5e9d-f2d5-4950-85a9-909e52f727ba,Penner Farms - SE 27-8-13 (site 2),c3ec3bd8-8836-45bb-97b7-adff01636570,Symo 24.0-3 480 (3),24.0,parsed_from_inverter_name,72.39,month,devwork
2023-11-09,d95b5e9d-f2d5-4950-85a9-909e52f727ba,Penner Farms - SE 27-8-13 (site 2),b8a6c9fe-5838-42e7-9faa-adff01636559,Symo 24.0-3 480 (1),24.0,parsed_from_inverter_name,132.98,month,devwork
2023-11-09,d95b5e9d-f2d5-4950-85a9-909e52f727ba,Penner Farms - SE 27-8-13 (site 2),a9f3ac23-6f93-447b-9037-adff01636562,Symo 24.0-3 480 (2),24.0,parsed_from_inverter_name,135.79,month,devwork
2023-11-09,d95b5e9d-f2d5-4950-85a9-909e52f727ba,Penner Farms - SE 27-8-13 (site 2),c3ec3bd8-8836-45bb-97b7-adff01636570,Symo 24.0-3 480 (3),24.0,parsed_from_inverter_name,96.39,month,devwork
2023-11-10,d95b5e9d-f2d5-4950-85a9-909e52f727ba,Penner Farms - SE 27-8-13 (site 2),b8a6c9fe-5838-42e7-9faa-adff01636559,Symo 24.0-3 480 (1),24.0,parsed_from_inverter_name,46.1,month,devwork
2023-11-10,d95b5e9d-f2d5-4950-85a9-909e52f727ba,Penner Farms - SE 27-8-13 (site 2),a9f3ac23-6f93-447b-9037-adff01636562,Symo 24.0-3 480 (2),24.0,parsed_from_inverter_name,47.72,month,devwork
2023-11-10,d95b5e9d-f2d5-4950-85a9-909e52f727ba,Penner Farms - SE 27-8-13 (site 2),c3ec3bd8-8836-45bb-97b7-adff01636570,Symo 24.0-3 480 (3),24.0,parsed_from_inverter_name,46.8,month,devwork
2023-11-11,d95b5e9d-f2d5-4950-85a9-909e52f727ba,Penner Farms - SE 27-8-13 (site 2),b8a6c9fe-5838-42e7-9faa-adff01636559,Symo 24.0-3 480 (1),24.0,parsed_from_inverter_name,80.99,month,devwork
2023-11-11,d95b5e9d-f2d5-4950-85a9-909e52f727ba,Penner Farms - SE 27-8-13 (site 2),a9f3ac23-6f93-447b-9037-adff01636562,Symo 24.0-3 480 (2),24.0,parsed_from_inverter_name,83.0,month,devwork
2023-11-11,d95b5e9d-f2d5-4950-85a9-909e52f727ba,Penner Farms - SE 27-8-13 (site 2),c3ec3bd8-8836-45bb-97b7-adff01636570,Symo 24.0-3 480 (3),24.0,parsed_from_inverter_name,81.25,month,devwork
2023-11-12,d95b5e9d-f2d5-4950-85a9-909e52f727ba,Penner Farms - SE 27-8-13 (site 2),b8a6c9fe-5838-42e7-9faa-adff01636559,Symo 24.0-3 480 (1),24.0,parsed_from_inverter_name,127.28,month,devwork
2023-11-12,d95b5e9d-f2d5-4950-85a9-909e52f727ba,Penner Farms - SE 27-8-13 (site 2),a9f3ac23-6f93-447b-9037-adff01636562,Symo 24.0-3 480 (2),24.0,parsed_from_inverter_name,130.65,month,devwork
2023-11-12,d95b5e9d-f2d5-4950-85a9-909e52f727ba,Penner Farms - SE 27-8-13 (site 2),c3ec3bd8-8836-45bb-97b7-adff01636570,Symo 24.0-3 480 (3),24.0,parsed_from_inverter_name,90.02,month,devwork
2023-11-13,d95b5e9d-f2d5-4950-85a9-909e52f727ba,Penner Farms - SE 27-8-13 (site 2),b8a6c9fe-5838-42e7-9faa-adff01636559,Symo 24.0-3 480 (1),24.0,parsed_from_inverter_name,94.05,month,devwork
2023-11-13,d95b5e9d-f2d5-4950-85a9-909e52f727ba,Penner Farms - SE 27-8-13 (site 2),a9f3ac23-6f93-447b-9037-adff01636562,Symo 24.0-3 480 (2),24.0,parsed_from_inverter_name,95.95,month,devwork
2023-11-13,d95b5e9d-f2d5-4950-85a9-909e52f727ba,Penner Farms - SE 27-8-13 (site 2),c3ec3bd8-8836-45bb-97b7-adff01636570,Symo 24.0-3 480 (3),24.0,parsed_from_inverter_name,94.13,month,devwork
2023-11-14,d95b5e9d-f2d5-4950-85a9-909e52f727ba,Penner Farms - SE 27-8-13 (site 2),b8a6c9fe-5838-42e7-9faa-adff01636559,Symo 24.0-3 480 (1),24.0,parsed_from_inverter_name,126.61,month,devwork
2023-11-14,d95b5e9d-f2d5-4950-85a9-909e52f727ba,Penner Farms - SE 27-8-13 (site 2),a9f3ac23-6f93-447b-9037-adff01636562,Symo 24.0-3 480 (2),24.0,parsed_from_inverter_name,130.58,month,devwork
2023-11-14,d95b5e9d-f2d5-4950-85a9-909e52f727ba,Penner Farms - SE 27-8-13 (site 2),c3ec3bd8-8836-45bb-97b7-adff01636570,Symo 24.0-3 480 (3),24.0,parsed_from_inverter_name,127.53,month,devwork
2023-11-15,d95b5e9d-f2d5-4950-85a9-909e52f727ba,Penner Farms - SE 27-8-13 (site 2),b8a6c9fe-5838-42e7-9faa-adff01636559,Symo 24.0-3 480 (1),24.0,parsed_from_inverter_name,12.84,month,devwork
2023-11-15,d95b5e9d-f2d5-4950-85a9-909e52f727ba,Penner Farms - SE 27-8-13 (site 2),a9f3ac23-6f93-447b-9037-adff01636562,Symo 24.0-3 480 (2),24.0,parsed_from_inverter_name,13.08,month,devwork
2023-11-15,d95b5e9d-f2d5-4950-85a9-909e52f727ba,Penner Farms - SE 27-8-13 (site 2),c3ec3bd8-8836-45bb-97b7-adff01636570,Symo 24.0-3 480 (3),24.0,parsed_from_inverter_name,13.15,month,devwork
2023-11-16,d95b5e9d-f2d5-4950-85a9-909e52f727ba,Penner Farms - SE 27-8-13 (site 2),b8a6c9fe-5838-42e7-9faa-adff01636559,Symo 24.0-3 480 (1),24.0,parsed_from_inverter_name,70.58,month,devwork
2023-11-16,d95b5e9d-f2d5-4950-85a9-909e52f727ba,Penner Farms - SE 27-8-13 (site 2),a9f3ac23-6f93-447b-9037-adff01636562,Symo 24.0-3 480 (2),24.0,parsed_from_inverter_name,68.04,month,devwork
2023-11-16,d95b5e9d-f2d5-4950-85a9-909e52f727ba,Penner Farms - SE 27-8-13 (site 2),c3ec3bd8-8836-45bb-97b7-adff01636570,Symo 24.0-3 480 (3),24.0,parsed_from_inverter_name,69.17,month,devwork
2023-11-17,d95b5e9d-f2d5-4950-85a9-909e52f727ba,Penner Farms - SE 27-8-13 (site 2),b8a6c9fe-5838-42e7-9faa-adff01636559,Symo 24.0-3 480 (1),24.0,parsed_from_inverter_name,125.31,month,devwork
2023-11-17,d95b5e9d-f2d5-4950-85a9-909e52f727ba,Penner Farms - SE 27-8-13 (site 2),a9f3ac23-6f93-447b-9037-adff01636562,Symo 24.0-3 480 (2),24.0,parsed_from_inverter_name,129.29,month,devwork
2023-11-17,d95b5e9d-f2d5-4950-85a9-909e52f727ba,Penner Farms - SE 27-8-13 (site 2),c3ec3bd8-8836-45bb-97b7-adff01636570,Symo 24.0-3 480 (3),24.0,parsed_from_inverter_name,125.95,month,devwork
2023-11-18,d95b5e9d-f2d5-4950-85a9-909e52f727ba,Penner Farms - SE 27-8-13 (site 2),b8a6c9fe-5838-42e7-9faa-adff01636559,Symo 24.0-3 480 (1),24.0,parsed_from_inverter_name,105.62,month,devwork
2023-11-18,d95b5e9d-f2d5-4950-85a9-909e52f727ba,Penner Farms - SE 27-8-13 (site 2),a9f3ac23-6f93-447b-9037-adff01636562,Symo 24.0-3 480 (2),24.0,parsed_from_inverter_name,110.79,month,devwork
2023-11-18,d95b5e9d-f2d5-4950-85a9-909e52f727ba,Penner Farms - SE 27-8-13 (site 2),c3ec3bd8-8836-45bb-97b7-adff01636570,Symo 24.0-3 480 (3),24.0,parsed_from_inverter_name,108.18,month,devwork
2023-11-19,d95b5e9d-f2d5-4950-85a9-909e52f727ba,Penner Farms - SE 27-8-13 (site 2),b8a6c9fe-5838-42e7-9faa-adff01636559,Symo 24.0-3 480 (1),24.0,parsed_from_inverter_name,88.41,month,devwork
2023-11-19,d95b5e9d-f2d5-4950-85a9-909e52f727ba,Penner Farms - SE 27-8-13 (site 2),a9f3ac23-6f93-447b-9037-adff01636562,Symo 24.0-3 480 (2),24.0,parsed_from_inverter_name,92.4,month,devwork
2023-11-19,d95b5e9d-f2d5-4950-85a9-909e52f727ba,Penner Farms - SE 27-8-13 (site 2),c3ec3bd8-8836-45bb-97b7-adff01636570,Symo 24.0-3 480 (3),24.0,parsed_from_inverter_name,90.28,month,devwork
2023-11-20,d95b5e9d-f2d5-4950-85a9-909e52f727ba,Penner Farms - SE 27-8-13 (site 2),b8a6c9fe-5838-42e7-9faa-adff01636559,Symo 24.0-3 480 (1),24.0,parsed_from_inverter_name,120.05,month,devwork
2023-11-20,d95b5e9d-f2d5-4950-85a9-909e52f727ba,Penner Farms - SE 27-8-13 (site 2),a9f3ac23-6f93-447b-9037-adff01636562,Symo 24.0-3 480 (2),24.0,parsed_from_inverter_name,125.05,month,devwork
2023-11-20,d95b5e9d-f2d5-4950-85a9-909e52f727ba,Penner Farms - SE 27-8-13 (site 2),c3ec3bd8-8836-45bb-97b7-adff01636570,Symo 24.0-3 480 (3),24.0,parsed_from_inverter_name,122.13,month,devwork
2023-11-21,d95b5e9d-f2d5-4950-85a9-909e52f727ba,Penner Farms - SE 27-8-13 (site 2),b8a6c9fe-5838-42e7-9faa-adff01636559,Symo 24.0-3 480 (1),24.0,parsed_from_inverter_name,7.65,month,devwork
2023-11-21,d95b5e9d-f2d5-4950-85a9-909e52f727ba,Penner Farms - SE 27-8-13 (site 2),a9f3ac23-6f93-447b-9037-adff01636562,Symo 24.0-3 480 (2),24.0,parsed_from_inverter_name,8.15,month,devwork
2023-11-21,d95b5e9d-f2d5-4950-85a9-909e52f727ba,Penner Farms - SE 27-8-13 (site 2),c3ec3bd8-8836-45bb-97b7-adff01636570,Symo 24.0-3 480 (3),24.0,parsed_from_inverter_name,8.08,month,devwork
2023-11-22,d95b5e9d-f2d5-4950-85a9-909e52f727ba,Penner Farms - SE 27-8-13 (site 2),b8a6c9fe-5838-42e7-9faa-adff01636559,Symo 24.0-3 480 (1),24.0,parsed_from_inverter_name,30.67,month,devwork
2023-11-22,d95b5e9d-f2d5-4950-85a9-909e52f727ba,Penner Farms - SE 27-8-13 (site 2),a9f3ac23-6f93-447b-9037-adff01636562,Symo 24.0-3 480 (2),24.0,parsed_from_inverter_name,31.35,month,devwork
2023-11-22,d95b5e9d-f2d5-4950-85a9-909e52f727ba,Penner Farms - SE 27-8-13 (site 2),c3ec3bd8-8836-45bb-97b7-adff01636570,Symo 24.0-3 480 (3),24.0,parsed_from_inverter_name,31.44,month,devwork
2023-11-23,d95b5e9d-f2d5-4950-85a9-909e52f727ba,Penner Farms - SE 27-8-13 (site 2),b8a6c9fe-5838-42e7-9faa-adff01636559,Symo 24.0-3 480 (1),24.0,parsed_from_inverter_name,12.88,month,devwork
2023-11-23,d95b5e9d-f2d5-4950-85a9-909e52f727ba,Penner Farms - SE 27-8-13 (site 2),a9f3ac23-6f93-447b-9037-adff01636562,Symo 24.0-3 480 (2),24.0,parsed_from_inverter_name,13.03,month,devwork
2023-11-23,d95b5e9d-f2d5-4950-85a9-909e52f727ba,Penner Farms - SE 27-8-13 (site 2),c3ec3bd8-8836-45bb-97b7-adff01636570,Symo 24.0-3 480 (3),24.0,parsed_from_inverter_name,13.08,month,devwork
2023-11-24,d95b5e9d-f2d5-4950-85a9-909e52f727ba,Penner Farms - SE 27-8-13 (site 2),b8a6c9fe-5838-42e7-9faa-adff01636559,Symo 24.0-3 480 (1),24.0,parsed_from_inverter_name,125.68,month,devwork
2023-11-24,d95b5e9d-f2d5-4950-85a9-909e52f727ba,Penner Farms - SE 27-8-13 (site 2),a9f3ac23-6f93-447b-9037-adff01636562,Symo 24.0-3 480 (2),24.0,parsed_from_inverter_name,132.78,month,devwork
2023-11-24,d95b5e9d-f2d5-4950-85a9-909e52f727ba,Penner Farms - SE 27-8-13 (site 2),c3ec3bd8-8836-45bb-97b7-adff01636570,Symo 24.0-3 480 (3),24.0,parsed_from_inverter_name,129.33,month,devwork
2023-11-25,d95b5e9d-f2d5-4950-85a9-909e52f727ba,Penner Farms - SE 27-8-13 (site 2),b8a6c9fe-5838-42e7-9faa-adff01636559,Symo 24.0-3 480 (1),24.0,parsed_from_inverter_name,78.3,month,devwork
2023-11-25,d95b5e9d-f2d5-4950-85a9-909e52f727ba,Penner Farms - SE 27-8-13 (site 2),a9f3ac23-6f93-447b-9037-adff01636562,Symo 24.0-3 480 (2),24.0,parsed_from_inverter_name,82.45,month,devwork
2023-11-25,d95b5e9d-f2d5-4950-85a9-909e52f727ba,Penner Farms - SE 27-8-13 (site 2),c3ec3bd8-8836-45bb-97b7-adff01636570,Symo 24.0-3 480 (3),24.0,parsed_from_inverter_name,76.14,month,devwork
2023-11-26,d95b5e9d-f2d5-4950-85a9-909e52f727ba,Penner Farms - SE 27-8-13 (site 2),b8a6c9fe-5838-42e7-9faa-adff01636559,Symo 24.0-3 480 (1),24.0,parsed_from_inverter_name,48.21,month,devwork
2023-11-26,d95b5e9d-f2d5-4950-85a9-909e52f727ba,Penner Farms - SE 27-8-13 (site 2),a9f3ac23-6f93-447b-9037-adff01636562,Symo 24.0-3 480 (2),24.0,parsed_from_inverter_name,50.25,month,devwork
2023-11-26,d95b5e9d-f2d5-4950-85a9-909e52f727ba,Penner Farms - SE 27-8-13 (site 2),c3ec3bd8-8836-45bb-97b7-adff01636570,Symo 24.0-3 480 (3),24.0,parsed_from_inverter_name,49.41,month,devwork
2023-11-27,d95b5e9d-f2d5-4950-85a9-909e52f727ba,Penner Farms - SE 27-8-13 (site 2),b8a6c9fe-5838-42e7-9faa-adff01636559,Symo 24.0-3 480 (1),24.0,parsed_from_inverter_name,33.89,month,devwork
2023-11-27,d95b5e9d-f2d5-4950-85a9-909e52f727ba,Penner Farms - SE 27-8-13 (site 2),a9f3ac23-6f93-447b-9037-adff01636562,Symo 24.0-3 480 (2),24.0,parsed_from_inverter_name,35.12,month,devwork
2023-11-27,d95b5e9d-f2d5-4950-85a9-909e52f727ba,Penner Farms - SE 27-8-13 (site 2),c3ec3bd8-8836-45bb-97b7-adff01636570,Symo 24.0-3 480 (3),24.0,parsed_from_inverter_name,34.88,month,devwork
2023-11-28,d95b5e9d-f2d5-4950-85a9-909e52f727ba,Penner Farms - SE 27-8-13 (site 2),b8a6c9fe-5838-42e7-9faa-adff01636559,Symo 24.0-3 480 (1),24.0,parsed_from_inverter_name,114.84,month,devwork
2023-11-28,d95b5e9d-f2d5-4950-85a9-909e52f727ba,Penner Farms - SE 27-8-13 (site 2),a9f3ac23-6f93-447b-9037-adff01636562,Symo 24.0-3 480 (2),24.0,parsed_from_inverter_name,120.98,month,devwork
2023-11-28,d95b5e9d-f2d5-4950-85a9-909e52f727ba,Penner Farms - SE 27-8-13 (site 2),c3ec3bd8-8836-45bb-97b7-adff01636570,Symo 24.0-3 480 (3),24.0,parsed_from_inverter_name,117.94,month,devwork
2023-11-29,d95b5e9d-f2d5-4950-85a9-909e52f727ba,Penner Farms - SE 27-8-13 (site 2),b8a6c9fe-5838-42e7-9faa-adff01636559,Symo 24.0-3 480 (1),24.0,parsed_from_inverter_name,96.46,month,devwork
2023-11-29,d95b5e9d-f2d5-4950-85a9-909e52f727ba,Penner Farms - SE 27-8-13 (site 2),a9f3ac23-6f93-447b-9037-adff01636562,Symo 24.0-3 480 (2),24.0,parsed_from_inverter_name,100.46,month,devwork
2023-11-29,d95b5e9d-f2d5-4950-85a9-909e52f727ba,Penner Farms - SE 27-8-13 (site 2),c3ec3bd8-8836-45bb-97b7-adff01636570,Symo 24.0-3 480 (3),24.0,parsed_from_inverter_name,98.37,month,devwork
2023-11-30,d95b5e9d-f2d5-4950-85a9-909e52f727ba,Penner Farms - SE 27-8-13 (site 2),b8a6c9fe-5838-42e7-9faa-adff01636559,Symo 24.0-3 480 (1),24.0,parsed_from_inverter_name,24.95,month,devwork
2023-11-30,d95b5e9d-f2d5-4950-85a9-909e52f727ba,Penner Farms - SE 27-8-13 (site 2),a9f3ac23-6f93-447b-9037-adff01636562,Symo 24.0-3 480 (2),24.0,parsed_from_inverter_name,25.62,month,devwork
2023-11-30,d95b5e9d-f2d5-4950-85a9-909e52f727ba,Penner Farms - SE 27-8-13 (site 2),c3ec3bd8-8836-45bb-97b7-adff01636570,Symo 24.0-3 480 (3),24.0,parsed_from_inverter_name,25.57,month,devwork
2023-12-01,d95b5e9d-f2d5-4950-85a9-909e52f727ba,Penner Farms - SE 27-8-13 (site 2),b8a6c9fe-5838-42e7-9faa-adff01636559,Symo 24.0-3 480 (1),24.0,parsed_from_inverter_name,69.0,month,devwork
2023-12-01,d95b5e9d-f2d5-4950-85a9-909e52f727ba,Penner Farms - SE 27-8-13 (site 2),a9f3ac23-6f93-447b-9037-adff01636562,Symo 24.0-3 480 (2),24.0,parsed_from_inverter_name,71.94,month,devwork
2023-12-01,d95b5e9d-f2d5-4950-85a9-909e52f727ba,Penner Farms - SE 27-8-13 (site 2),c3ec3bd8-8836-45bb-97b7-adff01636570,Symo 24.0-3 480 (3),24.0,parsed_from_inverter_name,70.48,month,devwork
2023-12-02,d95b5e9d-f2d5-4950-85a9-909e52f727ba,Penner Farms - SE 27-8-13 (site 2),b8a6c9fe-5838-42e7-9faa-adff01636559,Symo 24.0-3 480 (1),24.0,parsed_from_inverter_name,40.94,month,devwork
2023-12-02,d95b5e9d-f2d5-4950-85a9-909e52f727ba,Penner Farms - SE 27-8-13 (site 2),a9f3ac23-6f93-447b-9037-adff01636562,Symo 24.0-3 480 (2),24.0,parsed_from_inverter_name,45.6,month,devwork
2023-12-02,d95b5e9d-f2d5-4950-85a9-909e52f727ba,Penner Farms - SE 27-8-13 (site 2),c3ec3bd8-8836-45bb-97b7-adff01636570,Symo 24.0-3 480 (3),24.0,parsed_from_inverter_name,44.78,month,devwork
2023-12-03,d95b5e9d-f2d5-4950-85a9-909e52f727ba,Penner Farms - SE 27-8-13 (site 2),b8a6c9fe-5838-42e7-9faa-adff01636559,Symo 24.0-3 480 (1),24.0,parsed_from_inverter_name,70.04,month,devwork
2023-12-03,d95b5e9d-f2d5-4950-85a9-909e52f727ba,Penner Farms - SE 27-8-13 (site 2),a9f3ac23-6f93-447b-9037-adff01636562,Symo 24.0-3 480 (2),24.0,parsed_from_inverter_name,75.31,month,devwork
2023-12-03,d95b5e9d-f2d5-4950-85a9-909e52f727ba,Penner Farms - SE 27-8-13 (site 2),c3ec3bd8-8836-45bb-97b7-adff01636570,Symo 24.0-3 480 (3),24.0,parsed_from_inverter_name,73.83,month,devwork
2023-12-04,d95b5e9d-f2d5-4950-85a9-909e52f727ba,Penner Farms - SE 27-8-13 (site 2),b8a6c9fe-5838-42e7-9faa-adff01636559,Symo 24.0-3 480 (1),24.0,parsed_from_inverter_name,61.33,month,devwork
2023-12-04,d95b5e9d-f2d5-4950-85a9-909e52f727ba,Penner Farms - SE 27-8-13 (site 2),a9f3ac23-6f93-447b-9037-adff01636562,Symo 24.0-3 480 (2),24.0,parsed_from_inverter_name,65.03,month,devwork
2023-12-04,d95b5e9d-f2d5-4950-85a9-909e52f727ba,Penner Farms - SE 27-8-13 (site 2),c3ec3bd8-8836-45bb-97b7-adff01636570,Symo 24.0-3 480 (3),24.0,parsed_from_inverter_name,63.79,month,devwork
2023-12-05,d95b5e9d-f2d5-4950-85a9-909e52f727ba,Penner Farms - SE 27-8-13 (site 2),b8a6c9fe-5838-42e7-9faa-adff01636559,Symo 24.0-3 480 (1),24.0,parsed_from_inverter_name,39.0,month,devwork
2023-12-05,d95b5e9d-f2d5-4950-85a9-909e52f727ba,Penner Farms - SE 27-8-13 (site 2),a9f3ac23-6f93-447b-9037-adff01636562,Symo 24.0-3 480 (2),24.0,parsed_from_inverter_name,39.96,month,devwork
2023-12-05,d95b5e9d-f2d5-4950-85a9-909e52f727ba,Penner Farms - SE 27-8-13 (site 2),c3ec3bd8-8836-45bb-97b7-adff01636570,Symo 24.0-3 480 (3),24.0,parsed_from_inverter_name,39.44,month,devwork
2023-12-06,d95b5e9d-f2d5-4950-85a9-909e52f727ba,Penner Farms - SE 27-8-13 (site 2),b8a6c9fe-5838-42e7-9faa-adff01636559,Symo 24.0-3 480 (1),24.0,parsed_from_inverter_name,52.47,month,devwork
2023-12-06,d95b5e9d-f2d5-4950-85a9-909e52f727ba,Penner Farms - SE 27-8-13 (site 2),a9f3ac23-6f93-447b-9037-adff01636562,Symo 24.0-3 480 (2),24.0,parsed_from_inverter_name,55.14,month,devwork
2023-12-06,d95b5e9d-f2d5-4950-85a9-909e52f727ba,Penner Farms - SE 27-8-13 (site 2),c3ec3bd8-8836-45bb-97b7-adff01636570,Symo 24.0-3 480 (3),24.0,parsed_from_inverter_name,52.52,month,devwork
2023-12-07,d95b5e9d-f2d5-4950-85a9-909e52f727ba,Penner Farms - SE 27-8-13 (site 2),b8a6c9fe-5838-42e7-9faa-adff01636559,Symo 24.0-3 480 (1),24.0,parsed_from_inverter_name,3.96,month,devwork
2023-12-07,d95b5e9d-f2d5-4950-85a9-909e52f727ba,Penner Farms - SE 27-8-13 (site 2),a9f3ac23-6f93-447b-9037-adff01636562,Symo 24.0-3 480 (2),24.0,parsed_from_inverter_name,3.99,month,devwork
2023-12-07,d95b5e9d-f2d5-4950-85a9-909e52f727ba,Penner Farms - SE 27-8-13 (site 2),c3ec3bd8-8836-45bb-97b7-adff01636570,Symo 24.0-3 480 (3),24.0,parsed_from_inverter_name,3.98,month,devwork
2023-12-11,d95b5e9d-f2d5-4950-85a9-909e52f727ba,Penner Farms - SE 27-8-13 (site 2),b8a6c9fe-5838-42e7-9faa-adff01636559,Symo 24.0-3 480 (1),24.0,parsed_from_inverter_name,19.1,month,devwork
2023-12-11,d95b5e9d-f2d5-4950-85a9-909e52f727ba,Penner Farms - SE 27-8-13 (site 2),a9f3ac23-6f93-447b-9037-adff01636562,Symo 24.0-3 480 (2),24.0,parsed_from_inverter_name,19.66,month,devwork
2023-12-11,d95b5e9d-f2d5-4950-85a9-909e52f727ba,Penner Farms - SE 27-8-13 (site 2),c3ec3bd8-8836-45bb-97b7-adff01636570,Symo 24.0-3 480 (3),24.0,parsed_from_inverter_name,19.67,month,devwork
2023-12-12,d95b5e9d-f2d5-4950-85a9-909e52f727ba,Penner Farms - SE 27-8-13 (site 2),b8a6c9fe-5838-42e7-9faa-adff01636559,Symo 24.0-3 480 (1),24.0,parsed_from_inverter_name,107.6,month,devwork
2023-12-12,d95b5e9d-f2d5-4950-85a9-909e52f727ba,Penner Farms - SE 27-8-13 (site 2),a9f3ac23-6f93-447b-9037-adff01636562,Symo 24.0-3 480 (2),24.0,parsed_from_inverter_name,116.89,month,devwork
2023-12-12,d95b5e9d-f2d5-4950-85a9-909e52f727ba,Penner Farms - SE 27-8-13 (site 2),c3ec3bd8-8836-45bb-97b7-adff01636570,Symo 24.0-3 480 (3),24.0,parsed_from_inverter_name,113.68,month,devwork
2023-12-13,d95b5e9d-f2d5-4950-85a9-909e52f727ba,Penner Farms - SE 27-8-13 (site 2),b8a6c9fe-5838-42e7-9faa-adff01636559,Symo 24.0-3 480 (1),24.0,parsed_from_inverter_name,111.15,month,devwork
2023-12-13,d95b5e9d-f2d5-4950-85a9-909e52f727ba,Penner Farms - SE 27-8-13 (site 2),a9f3ac23-6f93-447b-9037-adff01636562,Symo 24.0-3 480 (2),24.0,parsed_from_inverter_name,120.97,month,devwork
2023-12-13,d95b5e9d-f2d5-4950-85a9-909e52f727ba,Penner Farms - SE 27-8-13 (site 2),c3ec3bd8-8836-45bb-97b7-adff01636570,Symo 24.0-3 480 (3),24.0,parsed_from_inverter_name,117.58,month,devwork
2023-12-14,d95b5e9d-f2d5-4950-85a9-909e52f727ba,Penner Farms - SE 27-8-13 (site 2),b8a6c9fe-5838-42e7-9faa-adff01636559,Symo 24.0-3 480 (1),24.0,parsed_from_inverter_name,26.39,month,devwork
2023-12-14,d95b5e9d-f2d5-4950-85a9-909e52f727ba,Penner Farms - SE 27-8-13 (site 2),a9f3ac23-6f93-447b-9037-adff01636562,Symo 24.0-3 480 (2),24.0,parsed_from_inverter_name,29.38,month,devwork
2023-12-14,d95b5e9d-f2d5-4950-85a9-909e52f727ba,Penner Farms - SE 27-8-13 (site 2),c3ec3bd8-8836-45bb-97b7-adff01636570,Symo 24.0-3 480 (3),24.0,parsed_from_inverter_name,29.11,month,devwork
2023-12-15,d95b5e9d-f2d5-4950-85a9-909e52f727ba,Penner Farms - SE 27-8-13 (site 2),b8a6c9fe-5838-42e7-9faa-adff01636559,Symo 24.0-3 480 (1),24.0,parsed_from_inverter_name,91.5,month,devwork
2023-12-15,d95b5e9d-f2d5-4950-85a9-909e52f727ba,Penner Farms - SE 27-8-13 (site 2),a9f3ac23-6f93-447b-9037-adff01636562,Symo 24.0-3 480 (2),24.0,parsed_from_inverter_name,98.42,month,devwork
2023-12-15,d95b5e9d-f2d5-4950-85a9-909e52f727ba,Penner Farms - SE 27-8-13 (site 2),c3ec3bd8-8836-45bb-97b7-adff01636570,Symo 24.0-3 480 (3),24.0,parsed_from_inverter_name,95.99,month,devwork
2023-12-16,d95b5e9d-f2d5-4950-85a9-909e52f727ba,Penner Farms - SE 27-8-13 (site 2),b8a6c9fe-5838-42e7-9faa-adff01636559,Symo 24.0-3 480 (1),24.0,parsed_from_inverter_name,67.86,month,devwork
2023-12-16,d95b5e9d-f2d5-4950-85a9-909e52f727ba,Penner Farms - SE 27-8-13 (site 2),a9f3ac23-6f93-447b-9037-adff01636562,Symo 24.0-3 480 (2),24.0,parsed_from_inverter_name,72.66,month,devwork
2023-12-16,d95b5e9d-f2d5-4950-85a9-909e52f727ba,Penner Farms - SE 27-8-13 (site 2),c3ec3bd8-8836-45bb-97b7-adff01636570,Symo 24.0-3 480 (3),24.0,parsed_from_inverter_name,70.88,month,devwork
2023-12-17,d95b5e9d-f2d5-4950-85a9-909e52f727ba,Penner Farms - SE 27-8-13 (site 2),b8a6c9fe-5838-42e7-9faa-adff01636559,Symo 24.0-3 480 (1),24.0,parsed_from_inverter_name,93.25,month,devwork
2023-12-17,d95b5e9d-f2d5-4950-85a9-909e52f727ba,Penner Farms - SE 27-8-13 (site 2),a9f3ac23-6f93-447b-9037-adff01636562,Symo 24.0-3 480 (2),24.0,parsed_from_inverter_name,98.17,month,devwork
2023-12-17,d95b5e9d-f2d5-4950-85a9-909e52f727ba,Penner Farms - SE 27-8-13 (site 2),c3ec3bd8-8836-45bb-97b7-adff01636570,Symo 24.0-3 480 (3),24.0,parsed_from_inverter_name,95.73,month,devwork
2023-12-18,d95b5e9d-f2d5-4950-85a9-909e52f727ba,Penner Farms - SE 27-8-13 (site 2),b8a6c9fe-5838-42e7-9faa-adff01636559,Symo 24.0-3 480 (1),24.0,parsed_from_inverter_name,11.04,month,devwork
2023-12-18,d95b5e9d-f2d5-4950-85a9-909e52f727ba,Penner Farms - SE 27-8-13 (site 2),a9f3ac23-6f93-447b-9037-adff01636562,Symo 24.0-3 480 (2),24.0,parsed_from_inverter_name,11.21,month,devwork
2023-12-18,d95b5e9d-f2d5-4950-85a9-909e52f727ba,Penner Farms - SE 27-8-13 (site 2),c3ec3bd8-8836-45bb-97b7-adff01636570,Symo 24.0-3 480 (3),24.0,parsed_from_inverter_name,11.25,month,devwork
2023-12-19,d95b5e9d-f2d5-4950-85a9-909e52f727ba,Penner Farms - SE 27-8-13 (site 2),b8a6c9fe-5838-42e7-9faa-adff01636559,Symo 24.0-3 480 (1),24.0,parsed_from_inverter_name,50.49,month,devwork
2023-12-19,d95b5e9d-f2d5-4950-85a9-909e52f727ba,Penner Farms - SE 27-8-13 (site 2),a9f3ac23-6f93-447b-9037-adff01636562,Symo 24.0-3 480 (2),24.0,parsed_from_inverter_name,52.46,month,devwork
2023-12-19,d95b5e9d-f2d5-4950-85a9-909e52f727ba,Penner Farms - SE 27-8-13 (site 2),c3ec3bd8-8836-45bb-97b7-adff01636570,Symo 24.0-3 480 (3),24.0,parsed_from_inverter_name,51.46,month,devwork
2023-12-20,d95b5e9d-f2d5-4950-85a9-909e52f727ba,Penner Farms - SE 27-8-13 (site 2),b8a6c9fe-5838-42e7-9faa-adff01636559,Symo 24.0-3 480 (1),24.0,parsed_from_inverter_name,25.66,month,devwork
2023-12-20,d95b5e9d-f2d5-4950-85a9-909e52f727ba,Penner Farms - SE 27-8-13 (site 2),a9f3ac23-6f93-447b-9037-adff01636562,Symo 24.0-3 480 (2),24.0,parsed_from_inverter_name,28.89,month,devwork
2023-12-20,d95b5e9d-f2d5-4950-85a9-909e52f727ba,Penner Farms - SE 27-8-13 (site 2),c3ec3bd8-8836-45bb-97b7-adff01636570,Symo 24.0-3 480 (3),24.0,parsed_from_inverter_name,28.53,month,devwork
2023-12-21,d95b5e9d-f2d5-4950-85a9-909e52f727ba,Penner Farms - SE 27-8-13 (site 2),b8a6c9fe-5838-42e7-9faa-adff01636559,Symo 24.0-3 480 (1),24.0,parsed_from_inverter_name,74.2,month,devwork
2023-12-21,d95b5e9d-f2d5-4950-85a9-909e52f727ba,Penner Farms - SE 27-8-13 (site 2),a9f3ac23-6f93-447b-9037-adff01636562,Symo 24.0-3 480 (2),24.0,parsed_from_inverter_name,79.1,month,devwork
2023-12-21,d95b5e9d-f2d5-4950-85a9-909e52f727ba,Penner Farms - SE 27-8-13 (site 2),c3ec3bd8-8836-45bb-97b7-adff01636570,Symo 24.0-3 480 (3),24.0,parsed_from_inverter_name,77.31,month,devwork
2023-12-22,d95b5e9d-f2d5-4950-85a9-909e52f727ba,Penner Farms - SE 27-8-13 (site 2),b8a6c9fe-5838-42e7-9faa-adff01636559,Symo 24.0-3 480 (1),24.0,parsed_from_inverter_name,95.93,month,devwork
2023-12-22,d95b5e9d-f2d5-4950-85a9-909e52f727ba,Penner Farms - SE 27-8-13 (site 2),a9f3ac23-6f93-447b-9037-adff01636562,Symo 24.0-3 480 (2),24.0,parsed_from_inverter_name,103.96,month,devwork
2023-12-22,d95b5e9d-f2d5-4950-85a9-909e52f727ba,Penner Farms - SE 27-8-13 (site 2),c3ec3bd8-8836-45bb-97b7-adff01636570,Symo 24.0-3 480 (3),24.0,parsed_from_inverter_name,100.95,month,devwork
2023-12-23,d95b5e9d-f2d5-4950-85a9-909e52f727ba,Penner Farms - SE 27-8-13 (site 2),b8a6c9fe-5838-42e7-9faa-adff01636559,Symo 24.0-3 480 (1),24.0,parsed_from_inverter_name,66.95,month,devwork
2023-12-23,d95b5e9d-f2d5-4950-85a9-909e52f727ba,Penner Farms - SE 27-8-13 (site 2),a9f3ac23-6f93-447b-9037-adff01636562,Symo 24.0-3 480 (2),24.0,parsed_from_inverter_name,68.21,month,devwork
2023-12-23,d95b5e9d-f2d5-4950-85a9-909e52f727ba,Penner Farms - SE 27-8-13 (site 2),c3ec3bd8-8836-45bb-97b7-adff01636570,Symo 24.0-3 480 (3),24.0,parsed_from_inverter_name,66.64,month,devwork
2023-12-24,d95b5e9d-f2d5-4950-85a9-909e52f727ba,Penner Farms - SE 27-8-13 (site 2),b8a6c9fe-5838-42e7-9faa-adff01636559,Symo 24.0-3 480 (1),24.0,parsed_from_inverter_name,108.84,month,devwork
2023-12-24,d95b5e9d-f2d5-4950-85a9-909e52f727ba,Penner Farms - SE 27-8-13 (site 2),a9f3ac23-6f93-447b-9037-adff01636562,Symo 24.0-3 480 (2),24.0,parsed_from_inverter_name,118.95,month,devwork
2023-12-24,d95b5e9d-f2d5-4950-85a9-909e52f727ba,Penner Farms - SE 27-8-13 (site 2),c3ec3bd8-8836-45bb-97b7-adff01636570,Symo 24.0-3 480 (3),24.0,parsed_from_inverter_name,115.19,month,devwork
2023-12-25,d95b5e9d-f2d5-4950-85a9-909e52f727ba,Penner Farms - SE 27-8-13 (site 2),b8a6c9fe-5838-42e7-9faa-adff01636559,Symo 24.0-3 480 (1),24.0,parsed_from_inverter_name,108.7,month,devwork
2023-12-25,d95b5e9d-f2d5-4950-85a9-909e52f727ba,Penner Farms - SE 27-8-13 (site 2),a9f3ac23-6f93-447b-9037-adff01636562,Symo 24.0-3 480 (2),24.0,parsed_from_inverter_name,118.62,month,devwork
2023-12-25,d95b5e9d-f2d5-4950-85a9-909e52f727ba,Penner Farms - SE 27-8-13 (site 2),c3ec3bd8-8836-45bb-97b7-adff01636570,Symo 24.0-3 480 (3),24.0,parsed_from_inverter_name,115.14,month,devwork
2023-12-26,d95b5e9d-f2d5-4950-85a9-909e52f727ba,Penner Farms - SE 27-8-13 (site 2),b8a6c9fe-5838-42e7-9faa-adff01636559,Symo 24.0-3 480 (1),24.0,parsed_from_inverter_name,94.41,month,devwork
2023-12-26,d95b5e9d-f2d5-4950-85a9-909e52f727ba,Penner Farms - SE 27-8-13 (site 2),a9f3ac23-6f93-447b-9037-adff01636562,Symo 24.0-3 480 (2),24.0,parsed_from_inverter_name,102.42,month,devwork
2023-12-26,d95b5e9d-f2d5-4950-85a9-909e52f727ba,Penner Farms - SE 27-8-13 (site 2),c3ec3bd8-8836-45bb-97b7-adff01636570,Symo 24.0-3 480 (3),24.0,parsed_from_inverter_name,99.53,month,devwork
2023-12-27,d95b5e9d-f2d5-4950-85a9-909e52f727ba,Penner Farms - SE 27-8-13 (site 2),b8a6c9fe-5838-42e7-9faa-adff01636559,Symo 24.0-3 480 (1),24.0,parsed_from_inverter_name,79.02,month,devwork
2023-12-27,d95b5e9d-f2d5-4950-85a9-909e52f727ba,Penner Farms - SE 27-8-13 (site 2),a9f3ac23-6f93-447b-9037-adff01636562,Symo 24.0-3 480 (2),24.0,parsed_from_inverter_name,87.74,month,devwork
2023-12-27,d95b5e9d-f2d5-4950-85a9-909e52f727ba,Penner Farms - SE 27-8-13 (site 2),c3ec3bd8-8836-45bb-97b7-adff01636570,Symo 24.0-3 480 (3),24.0,parsed_from_inverter_name,85.44,month,devwork
2023-12-28,d95b5e9d-f2d5-4950-85a9-909e52f727ba,Penner Farms - SE 27-8-13 (site 2),b8a6c9fe-5838-42e7-9faa-adff01636559,Symo 24.0-3 480 (1),24.0,parsed_from_inverter_name,98.21,month,devwork
2023-12-28,d95b5e9d-f2d5-4950-85a9-909e52f727ba,Penner Farms - SE 27-8-13 (site 2),a9f3ac23-6f93-447b-9037-adff01636562,Symo 24.0-3 480 (2),24.0,parsed_from_inverter_name,103.27,month,devwork
2023-12-28,d95b5e9d-f2d5-4950-85a9-909e52f727ba,Penner Farms - SE 27-8-13 (site 2),c3ec3bd8-8836-45bb-97b7-adff01636570,Symo 24.0-3 480 (3),24.0,parsed_from_inverter_name,100.4,month,devwork
2023-12-29,d95b5e9d-f2d5-4950-85a9-909e52f727ba,Penner Farms - SE 27-8-13 (site 2),b8a6c9fe-5838-42e7-9faa-adff01636559,Symo 24.0-3 480 (1),24.0,parsed_from_inverter_name,87.75,month,devwork
2023-12-29,d95b5e9d-f2d5-4950-85a9-909e52f727ba,Penner Farms - SE 27-8-13 (site 2),a9f3ac23-6f93-447b-9037-adff01636562,Symo 24.0-3 480 (2),24.0,parsed_from_inverter_name,93.94,month,devwork
2023-12-29,d95b5e9d-f2d5-4950-85a9-909e52f727ba,Penner Farms - SE 27-8-13 (site 2),c3ec3bd8-8836-45bb-97b7-adff01636570,Symo 24.0-3 480 (3),24.0,parsed_from_inverter_name,91.62,month,devwork
2023-12-30,d95b5e9d-f2d5-4950-85a9-909e52f727ba,Penner Farms - SE 27-8-13 (site 2),b8a6c9fe-5838-42e7-9faa-adff01636559,Symo 24.0-3 480 (1),24.0,parsed_from_inverter_name,82.42,month,devwork
2023-12-30,d95b5e9d-f2d5-4950-85a9-909e52f727ba,Penner Farms - SE 27-8-13 (site 2),a9f3ac23-6f93-447b-9037-adff01636562,Symo 24.0-3 480 (2),24.0,parsed_from_inverter_name,88.71,month,devwork
2023-12-30,d95b5e9d-f2d5-4950-85a9-909e52f727ba,Penner Farms - SE 27-8-13 (site 2),c3ec3bd8-8836-45bb-97b7-adff01636570,Symo 24.0-3 480 (3),24.0,parsed_from_inverter_name,86.46,month,devwork
2023-12-31,d95b5e9d-f2d5-4950-85a9-909e52f727ba,Penner Farms - SE 27-8-13 (site 2),b8a6c9fe-5838-42e7-9faa-adff01636559,Symo 24.0-3 480 (1),24.0,parsed_from_inverter_name,88.07,month,devwork
2023-12-31,d95b5e9d-f2d5-4950-85a9-909e52f727ba,Penner Farms - SE 27-8-13 (site 2),a9f3ac23-6f93-447b-9037-adff01636562,Symo 24.0-3 480 (2),24.0,parsed_from_inverter_name,90.16,month,devwork
2023-12-31,d95b5e9d-f2d5-4950-85a9-909e52f727ba,Penner Farms - SE 27-8-13 (site 2),c3ec3bd8-8836-45bb-97b7-adff01636570,Symo 24.0-3 480 (3),24.0,parsed_from_inverter_name,87.86,month,devwork
2024-01-01,d95b5e9d-f2d5-4950-85a9-909e52f727ba,Penner Farms - SE 27-8-13 (site 2),b8a6c9fe-5838-42e7-9faa-adff01636559,Symo 24.0-3 480 (1),24.0,parsed_from_inverter_name,64.36,month,devwork
2024-01-01,d95b5e9d-f2d5-4950-85a9-909e52f727ba,Penner Farms - SE 27-8-13 (site 2),a9f3ac23-6f93-447b-9037-adff01636562,Symo 24.0-3 480 (2),24.0,parsed_from_inverter_name,67.98,month,devwork
2024-01-01,d95b5e9d-f2d5-4950-85a9-909e52f727ba,Penner Farms - SE 27-8-13 (site 2),c3ec3bd8-8836-45bb-97b7-adff01636570,Symo 24.0-3 480 (3),24.0,parsed_from_inverter_name,65.92,month,devwork
2024-01-02,d95b5e9d-f2d5-4950-85a9-909e52f727ba,Penner Farms - SE 27-8-13 (site 2),b8a6c9fe-5838-42e7-9faa-adff01636559,Symo 24.0-3 480 (1),24.0,parsed_from_inverter_name,52.61,month,devwork
2024-01-02,d95b5e9d-f2d5-4950-85a9-909e52f727ba,Penner Farms - SE 27-8-13 (site 2),a9f3ac23-6f93-447b-9037-adff01636562,Symo 24.0-3 480 (2),24.0,parsed_from_inverter_name,56.48,month,devwork
2024-01-02,d95b5e9d-f2d5-4950-85a9-909e52f727ba,Penner Farms - SE 27-8-13 (site 2),c3ec3bd8-8836-45bb-97b7-adff01636570,Symo 24.0-3 480 (3),24.0,parsed_from_inverter_name,55.24,month,devwork
2024-01-03,d95b5e9d-f2d5-4950-85a9-909e52f727ba,Penner Farms - SE 27-8-13 (site 2),b8a6c9fe-5838-42e7-9faa-adff01636559,Symo 24.0-3 480 (1),24.0,parsed_from_inverter_name,95.58,month,devwork
2024-01-03,d95b5e9d-f2d5-4950-85a9-909e52f727ba,Penner Farms - SE 27-8-13 (site 2),a9f3ac23-6f93-447b-9037-adff01636562,Symo 24.0-3 480 (2),24.0,parsed_from_inverter_name,100.47,month,devwork
2024-01-03,d95b5e9d-f2d5-4950-85a9-909e52f727ba,Penner Farms - SE 27-8-13 (site 2),c3ec3bd8-8836-45bb-97b7-adff01636570,Symo 24.0-3 480 (3),24.0,parsed_from_inverter_name,97.3,month,devwork
2024-01-04,d95b5e9d-f2d5-4950-85a9-909e52f727ba,Penner Farms - SE 27-8-13 (site 2),b8a6c9fe-5838-42e7-9faa-adff01636559,Symo 24.0-3 480 (1),24.0,parsed_from_inverter_name,86.55,month,devwork
2024-01-04,d95b5e9d-f2d5-4950-85a9-909e52f727ba,Penner Farms - SE 27-8-13 (site 2),a9f3ac23-6f93-447b-9037-adff01636562,Symo 24.0-3 480 (2),24.0,parsed_from_inverter_name,93.66,month,devwork
2024-01-04,d95b5e9d-f2d5-4950-85a9-909e52f727ba,Penner Farms - SE 27-8-13 (site 2),c3ec3bd8-8836-45bb-97b7-adff01636570,Symo 24.0-3 480 (3),24.0,parsed_from_inverter_name,91.17,month,devwork
2024-01-05,d95b5e9d-f2d5-4950-85a9-909e52f727ba,Penner Farms - SE 27-8-13 (site 2),b8a6c9fe-5838-42e7-9faa-adff01636559,Symo 24.0-3 480 (1),24.0,parsed_from_inverter_name,89.62,month,devwork
2024-01-05,d95b5e9d-f2d5-4950-85a9-909e52f727ba,Penner Farms - SE 27-8-13 (site 2),a9f3ac23-6f93-447b-9037-adff01636562,Symo 24.0-3 480 (2),24.0,parsed_from_inverter_name,94.38,month,devwork
2024-01-05,d95b5e9d-f2d5-4950-85a9-909e52f727ba,Penner Farms - SE 27-8-13 (site 2),c3ec3bd8-8836-45bb-97b7-adff01636570,Symo 24.0-3 480 (3),24.0,parsed_from_inverter_name,91.92,month,devwork
2024-01-06,d95b5e9d-f2d5-4950-85a9-909e52f727ba,Penner Farms - SE 27-8-13 (site 2),b8a6c9fe-5838-42e7-9faa-adff01636559,Symo 24.0-3 480 (1),24.0,parsed_from_inverter_name,28.57,month,devwork
2024-01-06,d95b5e9d-f2d5-4950-85a9-909e52f727ba,Penner Farms - SE 27-8-13 (site 2),a9f3ac23-6f93-447b-9037-adff01636562,Symo 24.0-3 480 (2),24.0,parsed_from_inverter_name,29.3,month,devwork
2024-01-06,d95b5e9d-f2d5-4950-85a9-909e52f727ba,Penner Farms - SE 27-8-13 (site 2),c3ec3bd8-8836-45bb-97b7-adff01636570,Symo 24.0-3 480 (3),24.0,parsed_from_inverter_name,29.04,month,devwork
2024-01-07,d95b5e9d-f2d5-4950-85a9-909e52f727ba,Penner Farms - SE 27-8-13 (site 2),b8a6c9fe-5838-42e7-9faa-adff01636559,Symo 24.0-3 480 (1),24.0,parsed_from_inverter_name,16.89,month,devwork
2024-01-07,d95b5e9d-f2d5-4950-85a9-909e52f727ba,Penner Farms - SE 27-8-13 (site 2),a9f3ac23-6f93-447b-9037-adff01636562,Symo 24.0-3 480 (2),24.0,parsed_from_inverter_name,23.92,month,devwork
2024-01-07,d95b5e9d-f2d5-4950-85a9-909e52f727ba,Penner Farms - SE 27-8-13 (site 2),c3ec3bd8-8836-45bb-97b7-adff01636570,Symo 24.0-3 480 (3),24.0,parsed_from_inverter_name,22.52,month,devwork
2024-01-08,d95b5e9d-f2d5-4950-85a9-909e52f727ba,Penner Farms - SE 27-8-13 (site 2),b8a6c9fe-5838-42e7-9faa-adff01636559,Symo 24.0-3 480 (1),24.0,parsed_from_inverter_name,43.71,month,devwork
2024-01-08,d95b5e9d-f2d5-4950-85a9-909e52f727ba,Penner Farms - SE 27-8-13 (site 2),a9f3ac23-6f93-447b-9037-adff01636562,Symo 24.0-3 480 (2),24.0,parsed_from_inverter_name,62.49,month,devwork
2024-01-08,d95b5e9d-f2d5-4950-85a9-909e52f727ba,Penner Farms - SE 27-8-13 (site 2),c3ec3bd8-8836-45bb-97b7-adff01636570,Symo 24.0-3 480 (3),24.0,parsed_from_inverter_name,57.47,month,devwork
2024-01-09,d95b5e9d-f2d5-4950-85a9-909e52f727ba,Penner Farms - SE 27-8-13 (site 2),b8a6c9fe-5838-42e7-9faa-adff01636559,Symo 24.0-3 480 (1),24.0,parsed_from_inverter_name,54.15,month,devwork
2024-01-09,d95b5e9d-f2d5-4950-85a9-909e52f727ba,Penner Farms - SE 27-8-13 (site 2),a9f3ac23-6f93-447b-9037-adff01636562,Symo 24.0-3 480 (2),24.0,parsed_from_inverter_name,60.91,month,devwork
2024-01-09,d95b5e9d-f2d5-4950-85a9-909e52f727ba,Penner Farms - SE 27-8-13 (site 2),c3ec3bd8-8836-45bb-97b7-adff01636570,Symo 24.0-3 480 (3),24.0,parsed_from_inverter_name,57.33,month,devwork
2024-01-10,d95b5e9d-f2d5-4950-85a9-909e52f727ba,Penner Farms - SE 27-8-13 (site 2),b8a6c9fe-5838-42e7-9faa-adff01636559,Symo 24.0-3 480 (1),24.0,parsed_from_inverter_name,8.7,month,devwork
2024-01-10,d95b5e9d-f2d5-4950-85a9-909e52f727ba,Penner Farms - SE 27-8-13 (site 2),a9f3ac23-6f93-447b-9037-adff01636562,Symo 24.0-3 480 (2),24.0,parsed_from_inverter_name,8.0,month,devwork
2024-01-10,d95b5e9d-f2d5-4950-85a9-909e52f727ba,Penner Farms - SE 27-8-13 (site 2),c3ec3bd8-8836-45bb-97b7-adff01636570,Symo 24.0-3 480 (3),24.0,parsed_from_inverter_name,9.12,month,devwork
2024-01-11,d95b5e9d-f2d5-4950-85a9-909e52f727ba,Penner Farms - SE 27-8-13 (site 2),b8a6c9fe-5838-42e7-9faa-adff01636559,Symo 24.0-3 480 (1),24.0,parsed_from_inverter_name,8.53,month,devwork
2024-01-11,d95b5e9d-f2d5-4950-85a9-909e52f727ba,Penner Farms - SE 27-8-13 (site 2),a9f3ac23-6f93-447b-9037-adff01636562,Symo 24.0-3 480 (2),24.0,parsed_from_inverter_name,8.18,month,devwork
2024-01-11,d95b5e9d-f2d5-4950-85a9-909e52f727ba,Penner Farms - SE 27-8-13 (site 2),c3ec3bd8-8836-45bb-97b7-adff01636570,Symo 24.0-3 480 (3),24.0,parsed_from_inverter_name,8.61,month,devwork
2024-01-12,d95b5e9d-f2d5-4950-85a9-909e52f727ba,Penner Farms - SE 27-8-13 (site 2),b8a6c9fe-5838-42e7-9faa-adff01636559,Symo 24.0-3 480 (1),24.0,parsed_from_inverter_name,23.32,month,devwork
2024-01-12,d95b5e9d-f2d5-4950-85a9-909e52f727ba,Penner Farms - SE 27-8-13 (site 2),a9f3ac23-6f93-447b-9037-adff01636562,Symo 24.0-3 480 (2),24.0,parsed_from_inverter_name,35.66,month,devwork
2024-01-12,d95b5e9d-f2d5-4950-85a9-909e52f727ba,Penner Farms - SE 27-8-13 (site 2),c3ec3bd8-8836-45bb-97b7-adff01636570,Symo 24.0-3 480 (3),24.0,parsed_from_inverter_name,31.24,month,devwork
2024-01-13,d95b5e9d-f2d5-4950-85a9-909e52f727ba,Penner Farms - SE 27-8-13 (site 2),b8a6c9fe-5838-42e7-9faa-adff01636559,Symo 24.0-3 480 (1),24.0,parsed_from_inverter_name,30.59,month,devwork
2024-01-13,d95b5e9d-f2d5-4950-85a9-909e52f727ba,Penner Farms - SE 27-8-13 (site 2),a9f3ac23-6f93-447b-9037-adff01636562,Symo 24.0-3 480 (2),24.0,parsed_from_inverter_name,41.75,month,devwork
2024-01-13,d95b5e9d-f2d5-4950-85a9-909e52f727ba,Penner Farms - SE 27-8-13 (site 2),c3ec3bd8-8836-45bb-97b7-adff01636570,Symo 24.0-3 480 (3),24.0,parsed_from_inverter_name,39.8,month,devwork
2024-01-14,d95b5e9d-f2d5-4950-85a9-909e52f727ba,Penner Farms - SE 27-8-13 (site 2),b8a6c9fe-5838-42e7-9faa-adff01636559,Symo 24.0-3 480 (1),24.0,parsed_from_inverter_name,31.96,month,devwork
2024-01-14,d95b5e9d-f2d5-4950-85a9-909e52f727ba,Penner Farms - SE 27-8-13 (site 2),a9f3ac23-6f93-447b-9037-adff01636562,Symo 24.0-3 480 (2),24.0,parsed_from_inverter_name,46.53,month,devwork
2024-01-14,d95b5e9d-f2d5-4950-85a9-909e52f727ba,Penner Farms - SE 27-8-13 (site 2),c3ec3bd8-8836-45bb-97b7-adff01636570,Symo 24.0-3 480 (3),24.0,parsed_from_inverter_name,39.18,month,devwork
2024-01-15,d95b5e9d-f2d5-4950-85a9-909e52f727ba,Penner Farms - SE 27-8-13 (site 2),b8a6c9fe-5838-42e7-9faa-adff01636559,Symo 24.0-3 480 (1),24.0,parsed_from_inverter_name,35.4,month,devwork
2024-01-15,d95b5e9d-f2d5-4950-85a9-909e52f727ba,Penner Farms - SE 27-8-13 (site 2),a9f3ac23-6f93-447b-9037-adff01636562,Symo 24.0-3 480 (2),24.0,parsed_from_inverter_name,59.63,month,devwork
2024-01-15,d95b5e9d-f2d5-4950-85a9-909e52f727ba,Penner Farms - SE 27-8-13 (site 2),c3ec3bd8-8836-45bb-97b7-adff01636570,Symo 24.0-3 480 (3),24.0,parsed_from_inverter_name,43.32,month,devwork
2024-01-16,d95b5e9d-f2d5-4950-85a9-909e52f727ba,Penner Farms - SE 27-8-13 (site 2),b8a6c9fe-5838-42e7-9faa-adff01636559,Symo 24.0-3 480 (1),24.0,parsed_from_inverter_name,26.34,month,devwork
2024-01-16,d95b5e9d-f2d5-4950-85a9-909e52f727ba,Penner Farms - SE 27-8-13 (site 2),a9f3ac23-6f93-447b-9037-adff01636562,Symo 24.0-3 480 (2),24.0,parsed_from_inverter_name,37.96,month,devwork
2024-01-16,d95b5e9d-f2d5-4950-85a9-909e52f727ba,Penner Farms - SE 27-8-13 (site 2),c3ec3bd8-8836-45bb-97b7-adff01636570,Symo 24.0-3 480 (3),24.0,parsed_from_inverter_name,30.22,month,devwork
2024-01-17,d95b5e9d-f2d5-4950-85a9-909e52f727ba,Penner Farms - SE 27-8-13 (site 2),b8a6c9fe-5838-42e7-9faa-adff01636559,Symo 24.0-3 480 (1),24.0,parsed_from_inverter_name,8.56,month,devwork
2024-01-17,d95b5e9d-f2d5-4950-85a9-909e52f727ba,Penner Farms - SE 27-8-13 (site 2),a9f3ac23-6f93-447b-9037-adff01636562,Symo 24.0-3 480 (2),24.0,parsed_from_inverter_name,8.65,month,devwork
2024-01-17,d95b5e9d-f2d5-4950-85a9-909e52f727ba,Penner Farms - SE 27-8-13 (site 2),c3ec3bd8-8836-45bb-97b7-adff01636570,Symo 24.0-3 480 (3),24.0,parsed_from_inverter_name,8.71,month,devwork
2024-01-18,d95b5e9d-f2d5-4950-85a9-909e52f727ba,Penner Farms - SE 27-8-13 (site 2),b8a6c9fe-5838-42e7-9faa-adff01636559,Symo 24.0-3 480 (1),24.0,parsed_from_inverter_name,14.73,month,devwork
2024-01-18,d95b5e9d-f2d5-4950-85a9-909e52f727ba,Penner Farms - SE 27-8-13 (site 2),a9f3ac23-6f93-447b-9037-adff01636562,Symo 24.0-3 480 (2),24.0,parsed_from_inverter_name,15.12,month,devwork
2024-01-18,d95b5e9d-f2d5-4950-85a9-909e52f727ba,Penner Farms - SE 27-8-13 (site 2),c3ec3bd8-8836-45bb-97b7-adff01636570,Symo 24.0-3 480 (3),24.0,parsed_from_inverter_name,15.07,month,devwork
2024-01-19,d95b5e9d-f2d5-4950-85a9-909e52f727ba,Penner Farms - SE 27-8-13 (site 2),b8a6c9fe-5838-42e7-9faa-adff01636559,Symo 24.0-3 480 (1),24.0,parsed_from_inverter_name,13.78,month,devwork
2024-01-19,d95b5e9d-f2d5-4950-85a9-909e52f727ba,Penner Farms - SE 27-8-13 (site 2),a9f3ac23-6f93-447b-9037-adff01636562,Symo 24.0-3 480 (2),24.0,parsed_from_inverter_name,13.9,month,devwork
2024-01-19,d95b5e9d-f2d5-4950-85a9-909e52f727ba,Penner Farms - SE 27-8-13 (site 2),c3ec3bd8-8836-45bb-97b7-adff01636570,Symo 24.0-3 480 (3),24.0,parsed_from_inverter_name,14.1,month,devwork
2024-01-20,d95b5e9d-f2d5-4950-85a9-909e52f727ba,Penner Farms - SE 27-8-13 (site 2),b8a6c9fe-5838-42e7-9faa-adff01636559,Symo 24.0-3 480 (1),24.0,parsed_from_inverter_name,19.96,month,devwork
2024-01-20,d95b5e9d-f2d5-4950-85a9-909e52f727ba,Penner Farms - SE 27-8-13 (site 2),a9f3ac23-6f93-447b-9037-adff01636562,Symo 24.0-3 480 (2),24.0,parsed_from_inverter_name,14.54,month,devwork
2024-01-20,d95b5e9d-f2d5-4950-85a9-909e52f727ba,Penner Farms - SE 27-8-13 (site 2),c3ec3bd8-8836-45bb-97b7-adff01636570,Symo 24.0-3 480 (3),24.0,parsed_from_inverter_name,14.98,month,devwork
2024-01-21,d95b5e9d-f2d5-4950-85a9-909e52f727ba,Penner Farms - SE 27-8-13 (site 2),b8a6c9fe-5838-42e7-9faa-adff01636559,Symo 24.0-3 480 (1),24.0,parsed_from_inverter_name,46.14,month,devwork
2024-01-21,d95b5e9d-f2d5-4950-85a9-909e52f727ba,Penner Farms - SE 27-8-13 (site 2),a9f3ac23-6f93-447b-9037-adff01636562,Symo 24.0-3 480 (2),24.0,parsed_from_inverter_name,15.86,month,devwork
2024-01-21,d95b5e9d-f2d5-4950-85a9-909e52f727ba,Penner Farms - SE 27-8-13 (site 2),c3ec3bd8-8836-45bb-97b7-adff01636570,Symo 24.0-3 480 (3),24.0,parsed_from_inverter_name,16.52,month,devwork
2024-01-22,d95b5e9d-f2d5-4950-85a9-909e52f727ba,Penner Farms - SE 27-8-13 (site 2),b8a6c9fe-5838-42e7-9faa-adff01636559,Symo 24.0-3 480 (1),24.0,parsed_from_inverter_name,20.15,month,devwork
2024-01-22,d95b5e9d-f2d5-4950-85a9-909e52f727ba,Penner Farms - SE 27-8-13 (site 2),a9f3ac23-6f93-447b-9037-adff01636562,Symo 24.0-3 480 (2),24.0,parsed_from_inverter_name,8.67,month,devwork
2024-01-22,d95b5e9d-f2d5-4950-85a9-909e52f727ba,Penner Farms - SE 27-8-13 (site 2),c3ec3bd8-8836-45bb-97b7-adff01636570,Symo 24.0-3 480 (3),24.0,parsed_from_inverter_name,9.99,month,devwork
2024-01-23,d95b5e9d-f2d5-4950-85a9-909e52f727ba,Penner Farms - SE 27-8-13 (site 2),b8a6c9fe-5838-42e7-9faa-adff01636559,Symo 24.0-3 480 (1),24.0,parsed_from_inverter_name,59.79,month,devwork
2024-01-23,d95b5e9d-f2d5-4950-85a9-909e52f727ba,Penner Farms - SE 27-8-13 (site 2),a9f3ac23-6f93-447b-9037-adff01636562,Symo 24.0-3 480 (2),24.0,parsed_from_inverter_name,59.36,month,devwork
2024-01-23,d95b5e9d-f2d5-4950-85a9-909e52f727ba,Penner Farms - SE 27-8-13 (site 2),c3ec3bd8-8836-45bb-97b7-adff01636570,Symo 24.0-3 480 (3),24.0,parsed_from_inverter_name,56.51,month,devwork
2024-01-24,d95b5e9d-f2d5-4950-85a9-909e52f727ba,Penner Farms - SE 27-8-13 (site 2),b8a6c9fe-5838-42e7-9faa-adff01636559,Symo 24.0-3 480 (1),24.0,parsed_from_inverter_name,103.26,month,devwork
2024-01-24,d95b5e9d-f2d5-4950-85a9-909e52f727ba,Penner Farms - SE 27-8-13 (site 2),a9f3ac23-6f93-447b-9037-adff01636562,Symo 24.0-3 480 (2),24.0,parsed_from_inverter_name,138.25,month,devwork
2024-01-24,d95b5e9d-f2d5-4950-85a9-909e52f727ba,Penner Farms - SE 27-8-13 (site 2),c3ec3bd8-8836-45bb-97b7-adff01636570,Symo 24.0-3 480 (3),24.0,parsed_from_inverter_name,134.57,month,devwork
2024-01-25,d95b5e9d-f2d5-4950-85a9-909e52f727ba,Penner Farms - SE 27-8-13 (site 2),b8a6c9fe-5838-42e7-9faa-adff01636559,Symo 24.0-3 480 (1),24.0,parsed_from_inverter_name,137.51,month,devwork
2024-01-25,d95b5e9d-f2d5-4950-85a9-909e52f727ba,Penner Farms - SE 27-8-13 (site 2),a9f3ac23-6f93-447b-9037-adff01636562,Symo 24.0-3 480 (2),24.0,parsed_from_inverter_name,143.65,month,devwork
2024-01-25,d95b5e9d-f2d5-4950-85a9-909e52f727ba,Penner Farms - SE 27-8-13 (site 2),c3ec3bd8-8836-45bb-97b7-adff01636570,Symo 24.0-3 480 (3),24.0,parsed_from_inverter_name,139.68,month,devwork
2024-01-26,d95b5e9d-f2d5-4950-85a9-909e52f727ba,Penner Farms - SE 27-8-13 (site 2),b8a6c9fe-5838-42e7-9faa-adff01636559,Symo 24.0-3 480 (1),24.0,parsed_from_inverter_name,130.65,month,devwork
2024-01-26,d95b5e9d-f2d5-4950-85a9-909e52f727ba,Penner Farms - SE 27-8-13 (site 2),a9f3ac23-6f93-447b-9037-adff01636562,Symo 24.0-3 480 (2),24.0,parsed_from_inverter_name,136.74,month,devwork
2024-01-26,d95b5e9d-f2d5-4950-85a9-909e52f727ba,Penner Farms - SE 27-8-13 (site 2),c3ec3bd8-8836-45bb-97b7-adff01636570,Symo 24.0-3 480 (3),24.0,parsed_from_inverter_name,133.48,month,devwork
2024-01-27,d95b5e9d-f2d5-4950-85a9-909e52f727ba,Penner Farms - SE 27-8-13 (site 2),b8a6c9fe-5838-42e7-9faa-adff01636559,Symo 24.0-3 480 (1),24.0,parsed_from_inverter_name,118.39,month,devwork
2024-01-27,d95b5e9d-f2d5-4950-85a9-909e52f727ba,Penner Farms - SE 27-8-13 (site 2),a9f3ac23-6f93-447b-9037-adff01636562,Symo 24.0-3 480 (2),24.0,parsed_from_inverter_name,121.44,month,devwork
2024-01-27,d95b5e9d-f2d5-4950-85a9-909e52f727ba,Penner Farms - SE 27-8-13 (site 2),c3ec3bd8-8836-45bb-97b7-adff01636570,Symo 24.0-3 480 (3),24.0,parsed_from_inverter_name,118.73,month,devwork
2024-01-28,d95b5e9d-f2d5-4950-85a9-909e52f727ba,Penner Farms - SE 27-8-13 (site 2),b8a6c9fe-5838-42e7-9faa-adff01636559,Symo 24.0-3 480 (1),24.0,parsed_from_inverter_name,31.38,month,devwork
2024-01-28,d95b5e9d-f2d5-4950-85a9-909e52f727ba,Penner Farms - SE 27-8-13 (site 2),a9f3ac23-6f93-447b-9037-adff01636562,Symo 24.0-3 480 (2),24.0,parsed_from_inverter_name,34.07,month,devwork
2024-01-28,d95b5e9d-f2d5-4950-85a9-909e52f727ba,Penner Farms - SE 27-8-13 (site 2),c3ec3bd8-8836-45bb-97b7-adff01636570,Symo 24.0-3 480 (3),24.0,parsed_from_inverter_name,33.74,month,devwork
2024-01-29,d95b5e9d-f2d5-4950-85a9-909e52f727ba,Penner Farms - SE 27-8-13 (site 2),b8a6c9fe-5838-42e7-9faa-adff01636559,Symo 24.0-3 480 (1),24.0,parsed_from_inverter_name,43.72,month,devwork
2024-01-29,d95b5e9d-f2d5-4950-85a9-909e52f727ba,Penner Farms - SE 27-8-13 (site 2),a9f3ac23-6f93-447b-9037-adff01636562,Symo 24.0-3 480 (2),24.0,parsed_from_inverter_name,45.72,month,devwork
2024-01-29,d95b5e9d-f2d5-4950-85a9-909e52f727ba,Penner Farms - SE 27-8-13 (site 2),c3ec3bd8-8836-45bb-97b7-adff01636570,Symo 24.0-3 480 (3),24.0,parsed_from_inverter_name,44.89,month,devwork
2024-01-30,d95b5e9d-f2d5-4950-85a9-909e52f727ba,Penner Farms - SE 27-8-13 (site 2),b8a6c9fe-5838-42e7-9faa-adff01636559,Symo 24.0-3 480 (1),24.0,parsed_from_inverter_name,74.01,month,devwork
2024-01-30,d95b5e9d-f2d5-4950-85a9-909e52f727ba,Penner Farms - SE 27-8-13 (site 2),a9f3ac23-6f93-447b-9037-adff01636562,Symo 24.0-3 480 (2),24.0,parsed_from_inverter_name,77.32,month,devwork
2024-01-30,d95b5e9d-f2d5-4950-85a9-909e52f727ba,Penner Farms - SE 27-8-13 (site 2),c3ec3bd8-8836-45bb-97b7-adff01636570,Symo 24.0-3 480 (3),24.0,parsed_from_inverter_name,76.35,month,devwork
2024-01-31,d95b5e9d-f2d5-4950-85a9-909e52f727ba,Penner Farms - SE 27-8-13 (site 2),b8a6c9fe-5838-42e7-9faa-adff01636559,Symo 24.0-3 480 (1),24.0,parsed_from_inverter_name,124.94,month,devwork
2024-01-31,d95b5e9d-f2d5-4950-85a9-909e52f727ba,Penner Farms - SE 27-8-13 (site 2),a9f3ac23-6f93-447b-9037-adff01636562,Symo 24.0-3 480 (2),24.0,parsed_from_inverter_name,129.61,month,devwork
2024-01-31,d95b5e9d-f2d5-4950-85a9-909e52f727ba,Penner Farms - SE 27-8-13 (site 2),c3ec3bd8-8836-45bb-97b7-adff01636570,Symo 24.0-3 480 (3),24.0,parsed_from_inverter_name,126.98,month,devwork
2024-02-01,d95b5e9d-f2d5-4950-85a9-909e52f727ba,Penner Farms - SE 27-8-13 (site 2),b8a6c9fe-5838-42e7-9faa-adff01636559,Symo 24.0-3 480 (1),24.0,parsed_from_inverter_name,138.38,month,devwork
2024-02-01,d95b5e9d-f2d5-4950-85a9-909e52f727ba,Penner Farms - SE 27-8-13 (site 2),a9f3ac23-6f93-447b-9037-adff01636562,Symo 24.0-3 480 (2),24.0,parsed_from_inverter_name,143.18,month,devwork
2024-02-01,d95b5e9d-f2d5-4950-85a9-909e52f727ba,Penner Farms - SE 27-8-13 (site 2),c3ec3bd8-8836-45bb-97b7-adff01636570,Symo 24.0-3 480 (3),24.0,parsed_from_inverter_name,140.02,month,devwork
2024-02-02,d95b5e9d-f2d5-4950-85a9-909e52f727ba,Penner Farms - SE 27-8-13 (site 2),b8a6c9fe-5838-42e7-9faa-adff01636559,Symo 24.0-3 480 (1),24.0,parsed_from_inverter_name,130.61,month,devwork
2024-02-02,d95b5e9d-f2d5-4950-85a9-909e52f727ba,Penner Farms - SE 27-8-13 (site 2),a9f3ac23-6f93-447b-9037-adff01636562,Symo 24.0-3 480 (2),24.0,parsed_from_inverter_name,134.47,month,devwork
2024-02-02,d95b5e9d-f2d5-4950-85a9-909e52f727ba,Penner Farms - SE 27-8-13 (site 2),c3ec3bd8-8836-45bb-97b7-adff01636570,Symo 24.0-3 480 (3),24.0,parsed_from_inverter_name,131.82,month,devwork
2024-02-03,d95b5e9d-f2d5-4950-85a9-909e52f727ba,Penner Farms - SE 27-8-13 (site 2),b8a6c9fe-5838-42e7-9faa-adff01636559,Symo 24.0-3 480 (1),24.0,parsed_from_inverter_name,22.54,month,devwork
2024-02-03,d95b5e9d-f2d5-4950-85a9-909e52f727ba,Penner Farms - SE 27-8-13 (site 2),a9f3ac23-6f93-447b-9037-adff01636562,Symo 24.0-3 480 (2),24.0,parsed_from_inverter_name,22.73,month,devwork
2024-02-03,d95b5e9d-f2d5-4950-85a9-909e52f727ba,Penner Farms - SE 27-8-13 (site 2),c3ec3bd8-8836-45bb-97b7-adff01636570,Symo 24.0-3 480 (3),24.0,parsed_from_inverter_name,22.72,month,devwork
2024-02-04,d95b5e9d-f2d5-4950-85a9-909e52f727ba,Penner Farms - SE 27-8-13 (site 2),b8a6c9fe-5838-42e7-9faa-adff01636559,Symo 24.0-3 480 (1),24.0,parsed_from_inverter_name,32.81,month,devwork
2024-02-04,d95b5e9d-f2d5-4950-85a9-909e52f727ba,Penner Farms - SE 27-8-13 (site 2),a9f3ac23-6f93-447b-9037-adff01636562,Symo 24.0-3 480 (2),24.0,parsed_from_inverter_name,38.53,month,devwork
2024-02-04,d95b5e9d-f2d5-4950-85a9-909e52f727ba,Penner Farms - SE 27-8-13 (site 2),c3ec3bd8-8836-45bb-97b7-adff01636570,Symo 24.0-3 480 (3),24.0,parsed_from_inverter_name,36.76,month,devwork
2024-02-05,d95b5e9d-f2d5-4950-85a9-909e52f727ba,Penner Farms - SE 27-8-13 (site 2),b8a6c9fe-5838-42e7-9faa-adff01636559,Symo 24.0-3 480 (1),24.0,parsed_from_inverter_name,68.72,month,devwork
2024-02-05,d95b5e9d-f2d5-4950-85a9-909e52f727ba,Penner Farms - SE 27-8-13 (site 2),a9f3ac23-6f93-447b-9037-adff01636562,Symo 24.0-3 480 (2),24.0,parsed_from_inverter_name,80.19,month,devwork
2024-02-05,d95b5e9d-f2d5-4950-85a9-909e52f727ba,Penner Farms - SE 27-8-13 (site 2),c3ec3bd8-8836-45bb-97b7-adff01636570,Symo 24.0-3 480 (3),24.0,parsed_from_inverter_name,73.68,month,devwork
2024-02-06,d95b5e9d-f2d5-4950-85a9-909e52f727ba,Penner Farms - SE 27-8-13 (site 2),b8a6c9fe-5838-42e7-9faa-adff01636559,Symo 24.0-3 480 (1),24.0,parsed_from_inverter_name,32.56,month,devwork
2024-02-06,d95b5e9d-f2d5-4950-85a9-909e52f727ba,Penner Farms - SE 27-8-13 (site 2),a9f3ac23-6f93-447b-9037-adff01636562,Symo 24.0-3 480 (2),24.0,parsed_from_inverter_name,34.23,month,devwork
2024-02-06,d95b5e9d-f2d5-4950-85a9-909e52f727ba,Penner Farms - SE 27-8-13 (site 2),c3ec3bd8-8836-45bb-97b7-adff01636570,Symo 24.0-3 480 (3),24.0,parsed_from_inverter_name,32.03,month,devwork
2024-02-07,d95b5e9d-f2d5-4950-85a9-909e52f727ba,Penner Farms - SE 27-8-13 (site 2),b8a6c9fe-5838-42e7-9faa-adff01636559,Symo 24.0-3 480 (1),24.0,parsed_from_inverter_name,31.73,month,devwork
2024-02-07,d95b5e9d-f2d5-4950-85a9-909e52f727ba,Penner Farms - SE 27-8-13 (site 2),a9f3ac23-6f93-447b-9037-adff01636562,Symo 24.0-3 480 (2),24.0,parsed_from_inverter_name,35.42,month,devwork
2024-02-07,d95b5e9d-f2d5-4950-85a9-909e52f727ba,Penner Farms - SE 27-8-13 (site 2),c3ec3bd8-8836-45bb-97b7-adff01636570,Symo 24.0-3 480 (3),24.0,parsed_from_inverter_name,32.19,month,devwork
2024-02-08,d95b5e9d-f2d5-4950-85a9-909e52f727ba,Penner Farms - SE 27-8-13 (site 2),b8a6c9fe-5838-42e7-9faa-adff01636559,Symo 24.0-3 480 (1),24.0,parsed_from_inverter_name,38.72,month,devwork
2024-02-08,d95b5e9d-f2d5-4950-85a9-909e52f727ba,Penner Farms - SE 27-8-13 (site 2),a9f3ac23-6f93-447b-9037-adff01636562,Symo 24.0-3 480 (2),24.0,parsed_from_inverter_name,42.87,month,devwork
2024-02-08,d95b5e9d-f2d5-4950-85a9-909e52f727ba,Penner Farms - SE 27-8-13 (site 2),c3ec3bd8-8836-45bb-97b7-adff01636570,Symo 24.0-3 480 (3),24.0,parsed_from_inverter_name,39.25,month,devwork
2024-02-09,d95b5e9d-f2d5-4950-85a9-909e52f727ba,Penner Farms - SE 27-8-13 (site 2),b8a6c9fe-5838-42e7-9faa-adff01636559,Symo 24.0-3 480 (1),24.0,parsed_from_inverter_name,25.95,month,devwork
2024-02-09,d95b5e9d-f2d5-4950-85a9-909e52f727ba,Penner Farms - SE 27-8-13 (site 2),a9f3ac23-6f93-447b-9037-adff01636562,Symo 24.0-3 480 (2),24.0,parsed_from_inverter_name,28.56,month,devwork
2024-02-09,d95b5e9d-f2d5-4950-85a9-909e52f727ba,Penner Farms - SE 27-8-13 (site 2),c3ec3bd8-8836-45bb-97b7-adff01636570,Symo 24.0-3 480 (3),24.0,parsed_from_inverter_name,28.33,month,devwork
2024-02-10,d95b5e9d-f2d5-4950-85a9-909e52f727ba,Penner Farms - SE 27-8-13 (site 2),b8a6c9fe-5838-42e7-9faa-adff01636559,Symo 24.0-3 480 (1),24.0,parsed_from_inverter_name,115.46,month,devwork
2024-02-10,d95b5e9d-f2d5-4950-85a9-909e52f727ba,Penner Farms - SE 27-8-13 (site 2),a9f3ac23-6f93-447b-9037-adff01636562,Symo 24.0-3 480 (2),24.0,parsed_from_inverter_name,122.97,month,devwork
2024-02-10,d95b5e9d-f2d5-4950-85a9-909e52f727ba,Penner Farms - SE 27-8-13 (site 2),c3ec3bd8-8836-45bb-97b7-adff01636570,Symo 24.0-3 480 (3),24.0,parsed_from_inverter_name,112.45,month,devwork
2024-02-11,d95b5e9d-f2d5-4950-85a9-909e52f727ba,Penner Farms - SE 27-8-13 (site 2),b8a6c9fe-5838-42e7-9faa-adff01636559,Symo 24.0-3 480 (1),24.0,parsed_from_inverter_name,72.59,month,devwork
2024-02-11,d95b5e9d-f2d5-4950-85a9-909e52f727ba,Penner Farms - SE 27-8-13 (site 2),a9f3ac23-6f93-447b-9037-adff01636562,Symo 24.0-3 480 (2),24.0,parsed_from_inverter_name,75.23,month,devwork
2024-02-11,d95b5e9d-f2d5-4950-85a9-909e52f727ba,Penner Farms - SE 27-8-13 (site 2),c3ec3bd8-8836-45bb-97b7-adff01636570,Symo 24.0-3 480 (3),24.0,parsed_from_inverter_name,73.9,month,devwork
2024-02-12,d95b5e9d-f2d5-4950-85a9-909e52f727ba,Penner Farms - SE 27-8-13 (site 2),b8a6c9fe-5838-42e7-9faa-adff01636559,Symo 24.0-3 480 (1),24.0,parsed_from_inverter_name,82.37,month,devwork
2024-02-12,d95b5e9d-f2d5-4950-85a9-909e52f727ba,Penner Farms - SE 27-8-13 (site 2),a9f3ac23-6f93-447b-9037-adff01636562,Symo 24.0-3 480 (2),24.0,parsed_from_inverter_name,87.0,month,devwork
2024-02-12,d95b5e9d-f2d5-4950-85a9-909e52f727ba,Penner Farms - SE 27-8-13 (site 2),c3ec3bd8-8836-45bb-97b7-adff01636570,Symo 24.0-3 480 (3),24.0,parsed_from_inverter_name,85.91,month,devwork
2024-02-13,d95b5e9d-f2d5-4950-85a9-909e52f727ba,Penner Farms - SE 27-8-13 (site 2),b8a6c9fe-5838-42e7-9faa-adff01636559,Symo 24.0-3 480 (1),24.0,parsed_from_inverter_name,51.73,month,devwork
2024-02-13,d95b5e9d-f2d5-4950-85a9-909e52f727ba,Penner Farms - SE 27-8-13 (site 2),a9f3ac23-6f93-447b-9037-adff01636562,Symo 24.0-3 480 (2),24.0,parsed_from_inverter_name,53.46,month,devwork
2024-02-13,d95b5e9d-f2d5-4950-85a9-909e52f727ba,Penner Farms - SE 27-8-13 (site 2),c3ec3bd8-8836-45bb-97b7-adff01636570,Symo 24.0-3 480 (3),24.0,parsed_from_inverter_name,53.53,month,devwork
2024-02-14,d95b5e9d-f2d5-4950-85a9-909e52f727ba,Penner Farms - SE 27-8-13 (site 2),b8a6c9fe-5838-42e7-9faa-adff01636559,Symo 24.0-3 480 (1),24.0,parsed_from_inverter_name,145.53,month,devwork
2024-02-14,d95b5e9d-f2d5-4950-85a9-909e52f727ba,Penner Farms - SE 27-8-13 (site 2),a9f3ac23-6f93-447b-9037-adff01636562,Symo 24.0-3 480 (2),24.0,parsed_from_inverter_name,147.86,month,devwork
2024-02-14,d95b5e9d-f2d5-4950-85a9-909e52f727ba,Penner Farms - SE 27-8-13 (site 2),c3ec3bd8-8836-45bb-97b7-adff01636570,Symo 24.0-3 480 (3),24.0,parsed_from_inverter_name,146.79,month,devwork
2024-02-15,d95b5e9d-f2d5-4950-85a9-909e52f727ba,Penner Farms - SE 27-8-13 (site 2),b8a6c9fe-5838-42e7-9faa-adff01636559,Symo 24.0-3 480 (1),24.0,parsed_from_inverter_name,131.69,month,devwork
2024-02-15,d95b5e9d-f2d5-4950-85a9-909e52f727ba,Penner Farms - SE 27-8-13 (site 2),a9f3ac23-6f93-447b-9037-adff01636562,Symo 24.0-3 480 (2),24.0,parsed_from_inverter_name,135.03,month,devwork
2024-02-15,d95b5e9d-f2d5-4950-85a9-909e52f727ba,Penner Farms - SE 27-8-13 (site 2),c3ec3bd8-8836-45bb-97b7-adff01636570,Symo 24.0-3 480 (3),24.0,parsed_from_inverter_name,133.14,month,devwork
2024-02-16,d95b5e9d-f2d5-4950-85a9-909e52f727ba,Penner Farms - SE 27-8-13 (site 2),b8a6c9fe-5838-42e7-9faa-adff01636559,Symo 24.0-3 480 (1),24.0,parsed_from_inverter_name,177.07,month,devwork
2024-02-16,d95b5e9d-f2d5-4950-85a9-909e52f727ba,Penner Farms - SE 27-8-13 (site 2),a9f3ac23-6f93-447b-9037-adff01636562,Symo 24.0-3 480 (2),24.0,parsed_from_inverter_name,180.69,month,devwork
2024-02-16,d95b5e9d-f2d5-4950-85a9-909e52f727ba,Penner Farms - SE 27-8-13 (site 2),c3ec3bd8-8836-45bb-97b7-adff01636570,Symo 24.0-3 480 (3),24.0,parsed_from_inverter_name,178.5,month,devwork
2024-02-17,d95b5e9d-f2d5-4950-85a9-909e52f727ba,Penner Farms - SE 27-8-13 (site 2),b8a6c9fe-5838-42e7-9faa-adff01636559,Symo 24.0-3 480 (1),24.0,parsed_from_inverter_name,158.32,month,devwork
2024-02-17,d95b5e9d-f2d5-4950-85a9-909e52f727ba,Penner Farms - SE 27-8-13 (site 2),a9f3ac23-6f93-447b-9037-adff01636562,Symo 24.0-3 480 (2),24.0,parsed_from_inverter_name,180.48,month,devwork
2024-02-17,d95b5e9d-f2d5-4950-85a9-909e52f727ba,Penner Farms - SE 27-8-13 (site 2),c3ec3bd8-8836-45bb-97b7-adff01636570,Symo 24.0-3 480 (3),24.0,parsed_from_inverter_name,178.15,month,devwork
2024-02-18,d95b5e9d-f2d5-4950-85a9-909e52f727ba,Penner Farms - SE 27-8-13 (site 2),b8a6c9fe-5838-42e7-9faa-adff01636559,Symo 24.0-3 480 (1),24.0,parsed_from_inverter_name,133.51,month,devwork
2024-02-18,d95b5e9d-f2d5-4950-85a9-909e52f727ba,Penner Farms - SE 27-8-13 (site 2),a9f3ac23-6f93-447b-9037-adff01636562,Symo 24.0-3 480 (2),24.0,parsed_from_inverter_name,136.65,month,devwork
2024-02-18,d95b5e9d-f2d5-4950-85a9-909e52f727ba,Penner Farms - SE 27-8-13 (site 2),c3ec3bd8-8836-45bb-97b7-adff01636570,Symo 24.0-3 480 (3),24.0,parsed_from_inverter_name,111.57,month,devwork
2024-02-19,d95b5e9d-f2d5-4950-85a9-909e52f727ba,Penner Farms - SE 27-8-13 (site 2),b8a6c9fe-5838-42e7-9faa-adff01636559,Symo 24.0-3 480 (1),24.0,parsed_from_inverter_name,172.91,month,devwork
2024-02-19,d95b5e9d-f2d5-4950-85a9-909e52f727ba,Penner Farms - SE 27-8-13 (site 2),a9f3ac23-6f93-447b-9037-adff01636562,Symo 24.0-3 480 (2),24.0,parsed_from_inverter_name,176.13,month,devwork
2024-02-19,d95b5e9d-f2d5-4950-85a9-909e52f727ba,Penner Farms - SE 27-8-13 (site 2),c3ec3bd8-8836-45bb-97b7-adff01636570,Symo 24.0-3 480 (3),24.0,parsed_from_inverter_name,174.15,month,devwork
2024-02-20,d95b5e9d-f2d5-4950-85a9-909e52f727ba,Penner Farms - SE 27-8-13 (site 2),b8a6c9fe-5838-42e7-9faa-adff01636559,Symo 24.0-3 480 (1),24.0,parsed_from_inverter_name,122.95,month,devwork
2024-02-20,d95b5e9d-f2d5-4950-85a9-909e52f727ba,Penner Farms - SE 27-8-13 (site 2),a9f3ac23-6f93-447b-9037-adff01636562,Symo 24.0-3 480 (2),24.0,parsed_from_inverter_name,125.74,month,devwork
2024-02-20,d95b5e9d-f2d5-4950-85a9-909e52f727ba,Penner Farms - SE 27-8-13 (site 2),c3ec3bd8-8836-45bb-97b7-adff01636570,Symo 24.0-3 480 (3),24.0,parsed_from_inverter_name,124.67,month,devwork
2024-02-21,d95b5e9d-f2d5-4950-85a9-909e52f727ba,Penner Farms - SE 27-8-13 (site 2),b8a6c9fe-5838-42e7-9faa-adff01636559,Symo 24.0-3 480 (1),24.0,parsed_from_inverter_name,167.37,month,devwork
2024-02-21,d95b5e9d-f2d5-4950-85a9-909e52f727ba,Penner Farms - SE 27-8-13 (site 2),a9f3ac23-6f93-447b-9037-adff01636562,Symo 24.0-3 480 (2),24.0,parsed_from_inverter_name,169.7,month,devwork
2024-02-21,d95b5e9d-f2d5-4950-85a9-909e52f727ba,Penner Farms - SE 27-8-13 (site 2),c3ec3bd8-8836-45bb-97b7-adff01636570,Symo 24.0-3 480 (3),24.0,parsed_from_inverter_name,135.82,month,devwork
2024-02-22,d95b5e9d-f2d5-4950-85a9-909e52f727ba,Penner Farms - SE 27-8-13 (site 2),b8a6c9fe-5838-42e7-9faa-adff01636559,Symo 24.0-3 480 (1),24.0,parsed_from_inverter_name,157.17,month,devwork
2024-02-22,d95b5e9d-f2d5-4950-85a9-909e52f727ba,Penner Farms - SE 27-8-13 (site 2),a9f3ac23-6f93-447b-9037-adff01636562,Symo 24.0-3 480 (2),24.0,parsed_from_inverter_name,159.34,month,devwork
2024-02-22,d95b5e9d-f2d5-4950-85a9-909e52f727ba,Penner Farms - SE 27-8-13 (site 2),c3ec3bd8-8836-45bb-97b7-adff01636570,Symo 24.0-3 480 (3),24.0,parsed_from_inverter_name,157.55,month,devwork
2024-02-23,d95b5e9d-f2d5-4950-85a9-909e52f727ba,Penner Farms - SE 27-8-13 (site 2),b8a6c9fe-5838-42e7-9faa-adff01636559,Symo 24.0-3 480 (1),24.0,parsed_from_inverter_name,167.79,month,devwork
2024-02-23,d95b5e9d-f2d5-4950-85a9-909e52f727ba,Penner Farms - SE 27-8-13 (site 2),a9f3ac23-6f93-447b-9037-adff01636562,Symo 24.0-3 480 (2),24.0,parsed_from_inverter_name,169.42,month,devwork
2024-02-23,d95b5e9d-f2d5-4950-85a9-909e52f727ba,Penner Farms - SE 27-8-13 (site 2),c3ec3bd8-8836-45bb-97b7-adff01636570,Symo 24.0-3 480 (3),24.0,parsed_from_inverter_name,167.4,month,devwork
2024-02-24,d95b5e9d-f2d5-4950-85a9-909e52f727ba,Penner Farms - SE 27-8-13 (site 2),b8a6c9fe-5838-42e7-9faa-adff01636559,Symo 24.0-3 480 (1),24.0,parsed_from_inverter_name,56.68,month,devwork
2024-02-24,d95b5e9d-f2d5-4950-85a9-909e52f727ba,Penner Farms - SE 27-8-13 (site 2),a9f3ac23-6f93-447b-9037-adff01636562,Symo 24.0-3 480 (2),24.0,parsed_from_inverter_name,57.64,month,devwork
2024-02-24,d95b5e9d-f2d5-4950-85a9-909e52f727ba,Penner Farms - SE 27-8-13 (site 2),c3ec3bd8-8836-45bb-97b7-adff01636570,Symo 24.0-3 480 (3),24.0,parsed_from_inverter_name,57.08,month,devwork
2024-02-25,d95b5e9d-f2d5-4950-85a9-909e52f727ba,Penner Farms - SE 27-8-13 (site 2),b8a6c9fe-5838-42e7-9faa-adff01636559,Symo 24.0-3 480 (1),24.0,parsed_from_inverter_name,58.24,month,devwork
2024-02-25,d95b5e9d-f2d5-4950-85a9-909e52f727ba,Penner Farms - SE 27-8-13 (site 2),a9f3ac23-6f93-447b-9037-adff01636562,Symo 24.0-3 480 (2),24.0,parsed_from_inverter_name,59.39,month,devwork
2024-02-25,d95b5e9d-f2d5-4950-85a9-909e52f727ba,Penner Farms - SE 27-8-13 (site 2),c3ec3bd8-8836-45bb-97b7-adff01636570,Symo 24.0-3 480 (3),24.0,parsed_from_inverter_name,59.32,month,devwork
2024-02-26,d95b5e9d-f2d5-4950-85a9-909e52f727ba,Penner Farms - SE 27-8-13 (site 2),b8a6c9fe-5838-42e7-9faa-adff01636559,Symo 24.0-3 480 (1),24.0,parsed_from_inverter_name,104.99,month,devwork
2024-02-26,d95b5e9d-f2d5-4950-85a9-909e52f727ba,Penner Farms - SE 27-8-13 (site 2),a9f3ac23-6f93-447b-9037-adff01636562,Symo 24.0-3 480 (2),24.0,parsed_from_inverter_name,112.88,month,devwork
2024-02-26,d95b5e9d-f2d5-4950-85a9-909e52f727ba,Penner Farms - SE 27-8-13 (site 2),c3ec3bd8-8836-45bb-97b7-adff01636570,Symo 24.0-3 480 (3),24.0,parsed_from_inverter_name,103.12,month,devwork
2024-02-27,d95b5e9d-f2d5-4950-85a9-909e52f727ba,Penner Farms - SE 27-8-13 (site 2),b8a6c9fe-5838-42e7-9faa-adff01636559,Symo 24.0-3 480 (1),24.0,parsed_from_inverter_name,130.69,month,devwork
2024-02-27,d95b5e9d-f2d5-4950-85a9-909e52f727ba,Penner Farms - SE 27-8-13 (site 2),a9f3ac23-6f93-447b-9037-adff01636562,Symo 24.0-3 480 (2),24.0,parsed_from_inverter_name,132.4,month,devwork
2024-02-27,d95b5e9d-f2d5-4950-85a9-909e52f727ba,Penner Farms - SE 27-8-13 (site 2),c3ec3bd8-8836-45bb-97b7-adff01636570,Symo 24.0-3 480 (3),24.0,parsed_from_inverter_name,127.2,month,devwork
2024-02-28,d95b5e9d-f2d5-4950-85a9-909e52f727ba,Penner Farms - SE 27-8-13 (site 2),b8a6c9fe-5838-42e7-9faa-adff01636559,Symo 24.0-3 480 (1),24.0,parsed_from_inverter_name,66.06,month,devwork
2024-02-28,d95b5e9d-f2d5-4950-85a9-909e52f727ba,Penner Farms - SE 27-8-13 (site 2),a9f3ac23-6f93-447b-9037-adff01636562,Symo 24.0-3 480 (2),24.0,parsed_from_inverter_name,67.53,month,devwork
2024-02-28,d95b5e9d-f2d5-4950-85a9-909e52f727ba,Penner Farms - SE 27-8-13 (site 2),c3ec3bd8-8836-45bb-97b7-adff01636570,Symo 24.0-3 480 (3),24.0,parsed_from_inverter_name,65.3,month,devwork
2024-02-29,d95b5e9d-f2d5-4950-85a9-909e52f727ba,Penner Farms - SE 27-8-13 (site 2),b8a6c9fe-5838-42e7-9faa-adff01636559,Symo 24.0-3 480 (1),24.0,parsed_from_inverter_name,82.69,month,devwork
2024-02-29,d95b5e9d-f2d5-4950-85a9-909e52f727ba,Penner Farms - SE 27-8-13 (site 2),a9f3ac23-6f93-447b-9037-adff01636562,Symo 24.0-3 480 (2),24.0,parsed_from_inverter_name,83.92,month,devwork
2024-02-29,d95b5e9d-f2d5-4950-85a9-909e52f727ba,Penner Farms - SE 27-8-13 (site 2),c3ec3bd8-8836-45bb-97b7-adff01636570,Symo 24.0-3 480 (3),24.0,parsed_from_inverter_name,83.03,month,devwork
2024-03-01,d95b5e9d-f2d5-4950-85a9-909e52f727ba,Penner Farms - SE 27-8-13 (site 2),b8a6c9fe-5838-42e7-9faa-adff01636559,Symo 24.0-3 480 (1),24.0,parsed_from_inverter_name,94.37,month,devwork
2024-03-01,d95b5e9d-f2d5-4950-85a9-909e52f727ba,Penner Farms - SE 27-8-13 (site 2),a9f3ac23-6f93-447b-9037-adff01636562,Symo 24.0-3 480 (2),24.0,parsed_from_inverter_name,96.09,month,devwork
2024-03-01,d95b5e9d-f2d5-4950-85a9-909e52f727ba,Penner Farms - SE 27-8-13 (site 2),c3ec3bd8-8836-45bb-97b7-adff01636570,Symo 24.0-3 480 (3),24.0,parsed_from_inverter_name,95.75,month,devwork
2024-03-02,d95b5e9d-f2d5-4950-85a9-909e52f727ba,Penner Farms - SE 27-8-13 (site 2),b8a6c9fe-5838-42e7-9faa-adff01636559,Symo 24.0-3 480 (1),24.0,parsed_from_inverter_name,25.31,month,devwork
2024-03-02,d95b5e9d-f2d5-4950-85a9-909e52f727ba,Penner Farms - SE 27-8-13 (site 2),a9f3ac23-6f93-447b-9037-adff01636562,Symo 24.0-3 480 (2),24.0,parsed_from_inverter_name,25.57,month,devwork
2024-03-02,d95b5e9d-f2d5-4950-85a9-909e52f727ba,Penner Farms - SE 27-8-13 (site 2),c3ec3bd8-8836-45bb-97b7-adff01636570,Symo 24.0-3 480 (3),24.0,parsed_from_inverter_name,21.98,month,devwork
2024-03-03,d95b5e9d-f2d5-4950-85a9-909e52f727ba,Penner Farms - SE 27-8-13 (site 2),b8a6c9fe-5838-42e7-9faa-adff01636559,Symo 24.0-3 480 (1),24.0,parsed_from_inverter_name,170.93,month,devwork
2024-03-03,d95b5e9d-f2d5-4950-85a9-909e52f727ba,Penner Farms - SE 27-8-13 (site 2),a9f3ac23-6f93-447b-9037-adff01636562,Symo 24.0-3 480 (2),24.0,parsed_from_inverter_name,175.01,month,devwork
2024-03-03,d95b5e9d-f2d5-4950-85a9-909e52f727ba,Penner Farms - SE 27-8-13 (site 2),c3ec3bd8-8836-45bb-97b7-adff01636570,Symo 24.0-3 480 (3),24.0,parsed_from_inverter_name,150.94,month,devwork
2024-03-04,d95b5e9d-f2d5-4950-85a9-909e52f727ba,Penner Farms - SE 27-8-13 (site 2),b8a6c9fe-5838-42e7-9faa-adff01636559,Symo 24.0-3 480 (1),24.0,parsed_from_inverter_name,143.13,month,devwork
2024-03-04,d95b5e9d-f2d5-4950-85a9-909e52f727ba,Penner Farms - SE 27-8-13 (site 2),a9f3ac23-6f93-447b-9037-adff01636562,Symo 24.0-3 480 (2),24.0,parsed_from_inverter_name,145.27,month,devwork
2024-03-04,d95b5e9d-f2d5-4950-85a9-909e52f727ba,Penner Farms - SE 27-8-13 (site 2),c3ec3bd8-8836-45bb-97b7-adff01636570,Symo 24.0-3 480 (3),24.0,parsed_from_inverter_name,128.92,month,devwork
2024-03-05,d95b5e9d-f2d5-4950-85a9-909e52f727ba,Penner Farms - SE 27-8-13 (site 2),b8a6c9fe-5838-42e7-9faa-adff01636559,Symo 24.0-3 480 (1),24.0,parsed_from_inverter_name,84.23,month,devwork
2024-03-05,d95b5e9d-f2d5-4950-85a9-909e52f727ba,Penner Farms - SE 27-8-13 (site 2),a9f3ac23-6f93-447b-9037-adff01636562,Symo 24.0-3 480 (2),24.0,parsed_from_inverter_name,86.85,month,devwork
2024-03-05,d95b5e9d-f2d5-4950-85a9-909e52f727ba,Penner Farms - SE 27-8-13 (site 2),c3ec3bd8-8836-45bb-97b7-adff01636570,Symo 24.0-3 480 (3),24.0,parsed_from_inverter_name,77.69,month,devwork
2024-03-06,d95b5e9d-f2d5-4950-85a9-909e52f727ba,Penner Farms - SE 27-8-13 (site 2),b8a6c9fe-5838-42e7-9faa-adff01636559,Symo 24.0-3 480 (1),24.0,parsed_from_inverter_name,124.58,month,devwork
2024-03-06,d95b5e9d-f2d5-4950-85a9-909e52f727ba,Penner Farms - SE 27-8-13 (site 2),a9f3ac23-6f93-447b-9037-adff01636562,Symo 24.0-3 480 (2),24.0,parsed_from_inverter_name,118.23,month,devwork
2024-03-06,d95b5e9d-f2d5-4950-85a9-909e52f727ba,Penner Farms - SE 27-8-13 (site 2),c3ec3bd8-8836-45bb-97b7-adff01636570,Symo 24.0-3 480 (3),24.0,parsed_from_inverter_name,113.56,month,devwork
2024-03-07,d95b5e9d-f2d5-4950-85a9-909e52f727ba,Penner Farms - SE 27-8-13 (site 2),b8a6c9fe-5838-42e7-9faa-adff01636559,Symo 24.0-3 480 (1),24.0,parsed_from_inverter_name,192.02,month,devwork
2024-03-07,d95b5e9d-f2d5-4950-85a9-909e52f727ba,Penner Farms - SE 27-8-13 (site 2),a9f3ac23-6f93-447b-9037-adff01636562,Symo 24.0-3 480 (2),24.0,parsed_from_inverter_name,193.66,month,devwork
2024-03-07,d95b5e9d-f2d5-4950-85a9-909e52f727ba,Penner Farms - SE 27-8-13 (site 2),c3ec3bd8-8836-45bb-97b7-adff01636570,Symo 24.0-3 480 (3),24.0,parsed_from_inverter_name,191.12,month,devwork
2024-03-08,d95b5e9d-f2d5-4950-85a9-909e52f727ba,Penner Farms - SE 27-8-13 (site 2),b8a6c9fe-5838-42e7-9faa-adff01636559,Symo 24.0-3 480 (1),24.0,parsed_from_inverter_name,185.9,month,devwork
2024-03-08,d95b5e9d-f2d5-4950-85a9-909e52f727ba,Penner Farms - SE 27-8-13 (site 2),a9f3ac23-6f93-447b-9037-adff01636562,Symo 24.0-3 480 (2),24.0,parsed_from_inverter_name,187.59,month,devwork
2024-03-08,d95b5e9d-f2d5-4950-85a9-909e52f727ba,Penner Farms - SE 27-8-13 (site 2),c3ec3bd8-8836-45bb-97b7-adff01636570,Symo 24.0-3 480 (3),24.0,parsed_from_inverter_name,186.54,month,devwork
2024-03-09,d95b5e9d-f2d5-4950-85a9-909e52f727ba,Penner Farms - SE 27-8-13 (site 2),b8a6c9fe-5838-42e7-9faa-adff01636559,Symo 24.0-3 480 (1),24.0,parsed_from_inverter_name,151.8,month,devwork
2024-03-09,d95b5e9d-f2d5-4950-85a9-909e52f727ba,Penner Farms - SE 27-8-13 (site 2),a9f3ac23-6f93-447b-9037-adff01636562,Symo 24.0-3 480 (2),24.0,parsed_from_inverter_name,153.47,month,devwork
2024-03-09,d95b5e9d-f2d5-4950-85a9-909e52f727ba,Penner Farms - SE 27-8-13 (site 2),c3ec3bd8-8836-45bb-97b7-adff01636570,Symo 24.0-3 480 (3),24.0,parsed_from_inverter_name,152.53,month,devwork
2024-03-10,d95b5e9d-f2d5-4950-85a9-909e52f727ba,Penner Farms - SE 27-8-13 (site 2),b8a6c9fe-5838-42e7-9faa-adff01636559,Symo 24.0-3 480 (1),24.0,parsed_from_inverter_name,143.83,month,devwork
2024-03-10,d95b5e9d-f2d5-4950-85a9-909e52f727ba,Penner Farms - SE 27-8-13 (site 2),a9f3ac23-6f93-447b-9037-adff01636562,Symo 24.0-3 480 (2),24.0,parsed_from_inverter_name,145.11,month,devwork
2024-03-10,d95b5e9d-f2d5-4950-85a9-909e52f727ba,Penner Farms - SE 27-8-13 (site 2),c3ec3bd8-8836-45bb-97b7-adff01636570,Symo 24.0-3 480 (3),24.0,parsed_from_inverter_name,143.61,month,devwork
2024-03-11,d95b5e9d-f2d5-4950-85a9-909e52f727ba,Penner Farms - SE 27-8-13 (site 2),b8a6c9fe-5838-42e7-9faa-adff01636559,Symo 24.0-3 480 (1),24.0,parsed_from_inverter_name,185.94,month,devwork
2024-03-11,d95b5e9d-f2d5-4950-85a9-909e52f727ba,Penner Farms - SE 27-8-13 (site 2),a9f3ac23-6f93-447b-9037-adff01636562,Symo 24.0-3 480 (2),24.0,parsed_from_inverter_name,186.35,month,devwork
2024-03-11,d95b5e9d-f2d5-4950-85a9-909e52f727ba,Penner Farms - SE 27-8-13 (site 2),c3ec3bd8-8836-45bb-97b7-adff01636570,Symo 24.0-3 480 (3),24.0,parsed_from_inverter_name,185.07,month,devwork
2024-03-12,d95b5e9d-f2d5-4950-85a9-909e52f727ba,Penner Farms - SE 27-8-13 (site 2),b8a6c9fe-5838-42e7-9faa-adff01636559,Symo 24.0-3 480 (1),24.0,parsed_from_inverter_name,186.91,month,devwork
2024-03-12,d95b5e9d-f2d5-4950-85a9-909e52f727ba,Penner Farms - SE 27-8-13 (site 2),a9f3ac23-6f93-447b-9037-adff01636562,Symo 24.0-3 480 (2),24.0,parsed_from_inverter_name,187.48,month,devwork
2024-03-12,d95b5e9d-f2d5-4950-85a9-909e52f727ba,Penner Farms - SE 27-8-13 (site 2),c3ec3bd8-8836-45bb-97b7-adff01636570,Symo 24.0-3 480 (3),24.0,parsed_from_inverter_name,185.29,month,devwork
2024-03-13,d95b5e9d-f2d5-4950-85a9-909e52f727ba,Penner Farms - SE 27-8-13 (site 2),b8a6c9fe-5838-42e7-9faa-adff01636559,Symo 24.0-3 480 (1),24.0,parsed_from_inverter_name,65.91,month,devwork
2024-03-13,d95b5e9d-f2d5-4950-85a9-909e52f727ba,Penner Farms - SE 27-8-13 (site 2),a9f3ac23-6f93-447b-9037-adff01636562,Symo 24.0-3 480 (2),24.0,parsed_from_inverter_name,66.74,month,devwork
2024-03-13,d95b5e9d-f2d5-4950-85a9-909e52f727ba,Penner Farms - SE 27-8-13 (site 2),c3ec3bd8-8836-45bb-97b7-adff01636570,Symo 24.0-3 480 (3),24.0,parsed_from_inverter_name,66.28,month,devwork
2024-03-14,d95b5e9d-f2d5-4950-85a9-909e52f727ba,Penner Farms - SE 27-8-13 (site 2),b8a6c9fe-5838-42e7-9faa-adff01636559,Symo 24.0-3 480 (1),24.0,parsed_from_inverter_name,154.44,month,devwork
2024-03-14,d95b5e9d-f2d5-4950-85a9-909e52f727ba,Penner Farms - SE 27-8-13 (site 2),a9f3ac23-6f93-447b-9037-adff01636562,Symo 24.0-3 480 (2),24.0,parsed_from_inverter_name,155.6,month,devwork
2024-03-14,d95b5e9d-f2d5-4950-85a9-909e52f727ba,Penner Farms - SE 27-8-13 (site 2),c3ec3bd8-8836-45bb-97b7-adff01636570,Symo 24.0-3 480 (3),24.0,parsed_from_inverter_name,154.34,month,devwork
2024-03-15,d95b5e9d-f2d5-4950-85a9-909e52f727ba,Penner Farms - SE 27-8-13 (site 2),b8a6c9fe-5838-42e7-9faa-adff01636559,Symo 24.0-3 480 (1),24.0,parsed_from_inverter_name,162.2,month,devwork
2024-03-15,d95b5e9d-f2d5-4950-85a9-909e52f727ba,Penner Farms - SE 27-8-13 (site 2),a9f3ac23-6f93-447b-9037-adff01636562,Symo 24.0-3 480 (2),24.0,parsed_from_inverter_name,163.16,month,devwork
2024-03-15,d95b5e9d-f2d5-4950-85a9-909e52f727ba,Penner Farms - SE 27-8-13 (site 2),c3ec3bd8-8836-45bb-97b7-adff01636570,Symo 24.0-3 480 (3),24.0,parsed_from_inverter_name,161.98,month,devwork
2024-03-16,d95b5e9d-f2d5-4950-85a9-909e52f727ba,Penner Farms - SE 27-8-13 (site 2),b8a6c9fe-5838-42e7-9faa-adff01636559,Symo 24.0-3 480 (1),24.0,parsed_from_inverter_name,168.71,month,devwork
2024-03-16,d95b5e9d-f2d5-4950-85a9-909e52f727ba,Penner Farms - SE 27-8-13 (site 2),a9f3ac23-6f93-447b-9037-adff01636562,Symo 24.0-3 480 (2),24.0,parsed_from_inverter_name,169.78,month,devwork
2024-03-16,d95b5e9d-f2d5-4950-85a9-909e52f727ba,Penner Farms - SE 27-8-13 (site 2),c3ec3bd8-8836-45bb-97b7-adff01636570,Symo 24.0-3 480 (3),24.0,parsed_from_inverter_name,168.39,month,devwork
2024-03-17,d95b5e9d-f2d5-4950-85a9-909e52f727ba,Penner Farms - SE 27-8-13 (site 2),b8a6c9fe-5838-42e7-9faa-adff01636559,Symo 24.0-3 480 (1),24.0,parsed_from_inverter_name,186.36,month,devwork
2024-03-17,d95b5e9d-f2d5-4950-85a9-909e52f727ba,Penner Farms - SE 27-8-13 (site 2),a9f3ac23-6f93-447b-9037-adff01636562,Symo 24.0-3 480 (2),24.0,parsed_from_inverter_name,188.2,month,devwork
2024-03-17,d95b5e9d-f2d5-4950-85a9-909e52f727ba,Penner Farms - SE 27-8-13 (site 2),c3ec3bd8-8836-45bb-97b7-adff01636570,Symo 24.0-3 480 (3),24.0,parsed_from_inverter_name,187.04,month,devwork
2024-03-18,d95b5e9d-f2d5-4950-85a9-909e52f727ba,Penner Farms - SE 27-8-13 (site 2),b8a6c9fe-5838-42e7-9faa-adff01636559,Symo 24.0-3 480 (1),24.0,parsed_from_inverter_name,186.0,month,devwork
2024-03-18,d95b5e9d-f2d5-4950-85a9-909e52f727ba,Penner Farms - SE 27-8-13 (site 2),a9f3ac23-6f93-447b-9037-adff01636562,Symo 24.0-3 480 (2),24.0,parsed_from_inverter_name,186.37,month,devwork
2024-03-18,d95b5e9d-f2d5-4950-85a9-909e52f727ba,Penner Farms - SE 27-8-13 (site 2),c3ec3bd8-8836-45bb-97b7-adff01636570,Symo 24.0-3 480 (3),24.0,parsed_from_inverter_name,185.22,month,devwork
2024-03-19,d95b5e9d-f2d5-4950-85a9-909e52f727ba,Penner Farms - SE 27-8-13 (site 2),b8a6c9fe-5838-42e7-9faa-adff01636559,Symo 24.0-3 480 (1),24.0,parsed_from_inverter_name,90.99,month,devwork
2024-03-19,d95b5e9d-f2d5-4950-85a9-909e52f727ba,Penner Farms - SE 27-8-13 (site 2),a9f3ac23-6f93-447b-9037-adff01636562,Symo 24.0-3 480 (2),24.0,parsed_from_inverter_name,92.25,month,devwork
2024-03-19,d95b5e9d-f2d5-4950-85a9-909e52f727ba,Penner Farms - SE 27-8-13 (site 2),c3ec3bd8-8836-45bb-97b7-adff01636570,Symo 24.0-3 480 (3),24.0,parsed_from_inverter_name,91.13,month,devwork
2024-03-20,d95b5e9d-f2d5-4950-85a9-909e52f727ba,Penner Farms - SE 27-8-13 (site 2),b8a6c9fe-5838-42e7-9faa-adff01636559,Symo 24.0-3 480 (1),24.0,parsed_from_inverter_name,38.22,month,devwork
2024-03-20,d95b5e9d-f2d5-4950-85a9-909e52f727ba,Penner Farms - SE 27-8-13 (site 2),a9f3ac23-6f93-447b-9037-adff01636562,Symo 24.0-3 480 (2),24.0,parsed_from_inverter_name,38.4,month,devwork
2024-03-20,d95b5e9d-f2d5-4950-85a9-909e52f727ba,Penner Farms - SE 27-8-13 (site 2),c3ec3bd8-8836-45bb-97b7-adff01636570,Symo 24.0-3 480 (3),24.0,parsed_from_inverter_name,39.44,month,devwork
2024-03-21,d95b5e9d-f2d5-4950-85a9-909e52f727ba,Penner Farms - SE 27-8-13 (site 2),b8a6c9fe-5838-42e7-9faa-adff01636559,Symo 24.0-3 480 (1),24.0,parsed_from_inverter_name,99.36,month,devwork
2024-03-21,d95b5e9d-f2d5-4950-85a9-909e52f727ba,Penner Farms - SE 27-8-13 (site 2),a9f3ac23-6f93-447b-9037-adff01636562,Symo 24.0-3 480 (2),24.0,parsed_from_inverter_name,131.52,month,devwork
2024-03-21,d95b5e9d-f2d5-4950-85a9-909e52f727ba,Penner Farms - SE 27-8-13 (site 2),c3ec3bd8-8836-45bb-97b7-adff01636570,Symo 24.0-3 480 (3),24.0,parsed_from_inverter_name,132.72,month,devwork
2024-03-22,d95b5e9d-f2d5-4950-85a9-909e52f727ba,Penner Farms - SE 27-8-13 (site 2),b8a6c9fe-5838-42e7-9faa-adff01636559,Symo 24.0-3 480 (1),24.0,parsed_from_inverter_name,152.15,month,devwork
2024-03-22,d95b5e9d-f2d5-4950-85a9-909e52f727ba,Penner Farms - SE 27-8-13 (site 2),a9f3ac23-6f93-447b-9037-adff01636562,Symo 24.0-3 480 (2),24.0,parsed_from_inverter_name,154.45,month,devwork
2024-03-22,d95b5e9d-f2d5-4950-85a9-909e52f727ba,Penner Farms - SE 27-8-13 (site 2),c3ec3bd8-8836-45bb-97b7-adff01636570,Symo 24.0-3 480 (3),24.0,parsed_from_inverter_name,155.75,month,devwork
2024-03-23,d95b5e9d-f2d5-4950-85a9-909e52f727ba,Penner Farms - SE 27-8-13 (site 2),b8a6c9fe-5838-42e7-9faa-adff01636559,Symo 24.0-3 480 (1),24.0,parsed_from_inverter_name,115.4,month,devwork
2024-03-23,d95b5e9d-f2d5-4950-85a9-909e52f727ba,Penner Farms - SE 27-8-13 (site 2),a9f3ac23-6f93-447b-9037-adff01636562,Symo 24.0-3 480 (2),24.0,parsed_from_inverter_name,119.36,month,devwork
2024-03-23,d95b5e9d-f2d5-4950-85a9-909e52f727ba,Penner Farms - SE 27-8-13 (site 2),c3ec3bd8-8836-45bb-97b7-adff01636570,Symo 24.0-3 480 (3),24.0,parsed_from_inverter_name,120.06,month,devwork
2024-03-24,d95b5e9d-f2d5-4950-85a9-909e52f727ba,Penner Farms - SE 27-8-13 (site 2),b8a6c9fe-5838-42e7-9faa-adff01636559,Symo 24.0-3 480 (1),24.0,parsed_from_inverter_name,139.63,month,devwork
2024-03-24,d95b5e9d-f2d5-4950-85a9-909e52f727ba,Penner Farms - SE 27-8-13 (site 2),a9f3ac23-6f93-447b-9037-adff01636562,Symo 24.0-3 480 (2),24.0,parsed_from_inverter_name,133.02,month,devwork
2024-03-24,d95b5e9d-f2d5-4950-85a9-909e52f727ba,Penner Farms - SE 27-8-13 (site 2),c3ec3bd8-8836-45bb-97b7-adff01636570,Symo 24.0-3 480 (3),24.0,parsed_from_inverter_name,147.57,month,devwork
2024-03-25,d95b5e9d-f2d5-4950-85a9-909e52f727ba,Penner Farms - SE 27-8-13 (site 2),b8a6c9fe-5838-42e7-9faa-adff01636559,Symo 24.0-3 480 (1),24.0,parsed_from_inverter_name,172.48,month,devwork
2024-03-25,d95b5e9d-f2d5-4950-85a9-909e52f727ba,Penner Farms - SE 27-8-13 (site 2),a9f3ac23-6f93-447b-9037-adff01636562,Symo 24.0-3 480 (2),24.0,parsed_from_inverter_name,215.44,month,devwork
2024-03-25,d95b5e9d-f2d5-4950-85a9-909e52f727ba,Penner Farms - SE 27-8-13 (site 2),c3ec3bd8-8836-45bb-97b7-adff01636570,Symo 24.0-3 480 (3),24.0,parsed_from_inverter_name,215.62,month,devwork
2024-03-26,d95b5e9d-f2d5-4950-85a9-909e52f727ba,Penner Farms - SE 27-8-13 (site 2),b8a6c9fe-5838-42e7-9faa-adff01636559,Symo 24.0-3 480 (1),24.0,parsed_from_inverter_name,203.94,month,devwork
2024-03-26,d95b5e9d-f2d5-4950-85a9-909e52f727ba,Penner Farms - SE 27-8-13 (site 2),a9f3ac23-6f93-447b-9037-adff01636562,Symo 24.0-3 480 (2),24.0,parsed_from_inverter_name,205.74,month,devwork
2024-03-26,d95b5e9d-f2d5-4950-85a9-909e52f727ba,Penner Farms - SE 27-8-13 (site 2),c3ec3bd8-8836-45bb-97b7-adff01636570,Symo 24.0-3 480 (3),24.0,parsed_from_inverter_name,205.1,month,devwork
2024-03-27,d95b5e9d-f2d5-4950-85a9-909e52f727ba,Penner Farms - SE 27-8-13 (site 2),b8a6c9fe-5838-42e7-9faa-adff01636559,Symo 24.0-3 480 (1),24.0,parsed_from_inverter_name,190.44,month,devwork
2024-03-27,d95b5e9d-f2d5-4950-85a9-909e52f727ba,Penner Farms - SE 27-8-13 (site 2),a9f3ac23-6f93-447b-9037-adff01636562,Symo 24.0-3 480 (2),24.0,parsed_from_inverter_name,190.65,month,devwork
2024-03-27,d95b5e9d-f2d5-4950-85a9-909e52f727ba,Penner Farms - SE 27-8-13 (site 2),c3ec3bd8-8836-45bb-97b7-adff01636570,Symo 24.0-3 480 (3),24.0,parsed_from_inverter_name,190.24,month,devwork
2024-03-28,d95b5e9d-f2d5-4950-85a9-909e52f727ba,Penner Farms - SE 27-8-13 (site 2),b8a6c9fe-5838-42e7-9faa-adff01636559,Symo 24.0-3 480 (1),24.0,parsed_from_inverter_name,116.43,month,devwork
2024-03-28,d95b5e9d-f2d5-4950-85a9-909e52f727ba,Penner Farms - SE 27-8-13 (site 2),a9f3ac23-6f93-447b-9037-adff01636562,Symo 24.0-3 480 (2),24.0,parsed_from_inverter_name,115.09,month,devwork
2024-03-28,d95b5e9d-f2d5-4950-85a9-909e52f727ba,Penner Farms - SE 27-8-13 (site 2),c3ec3bd8-8836-45bb-97b7-adff01636570,Symo 24.0-3 480 (3),24.0,parsed_from_inverter_name,114.63,month,devwork
2024-03-29,d95b5e9d-f2d5-4950-85a9-909e52f727ba,Penner Farms - SE 27-8-13 (site 2),b8a6c9fe-5838-42e7-9faa-adff01636559,Symo 24.0-3 480 (1),24.0,parsed_from_inverter_name,120.23,month,devwork
2024-03-29,d95b5e9d-f2d5-4950-85a9-909e52f727ba,Penner Farms - SE 27-8-13 (site 2),a9f3ac23-6f93-447b-9037-adff01636562,Symo 24.0-3 480 (2),24.0,parsed_from_inverter_name,119.01,month,devwork
2024-03-29,d95b5e9d-f2d5-4950-85a9-909e52f727ba,Penner Farms - SE 27-8-13 (site 2),c3ec3bd8-8836-45bb-97b7-adff01636570,Symo 24.0-3 480 (3),24.0,parsed_from_inverter_name,118.8,month,devwork
2024-03-30,d95b5e9d-f2d5-4950-85a9-909e52f727ba,Penner Farms - SE 27-8-13 (site 2),b8a6c9fe-5838-42e7-9faa-adff01636559,Symo 24.0-3 480 (1),24.0,parsed_from_inverter_name,171.82,month,devwork
2024-03-30,d95b5e9d-f2d5-4950-85a9-909e52f727ba,Penner Farms - SE 27-8-13 (site 2),a9f3ac23-6f93-447b-9037-adff01636562,Symo 24.0-3 480 (2),24.0,parsed_from_inverter_name,172.05,month,devwork
2024-03-30,d95b5e9d-f2d5-4950-85a9-909e52f727ba,Penner Farms - SE 27-8-13 (site 2),c3ec3bd8-8836-45bb-97b7-adff01636570,Symo 24.0-3 480 (3),24.0,parsed_from_inverter_name,171.35,month,devwork
2024-03-31,d95b5e9d-f2d5-4950-85a9-909e52f727ba,Penner Farms - SE 27-8-13 (site 2),b8a6c9fe-5838-42e7-9faa-adff01636559,Symo 24.0-3 480 (1),24.0,parsed_from_inverter_name,194.58,month,devwork
2024-03-31,d95b5e9d-f2d5-4950-85a9-909e52f727ba,Penner Farms - SE 27-8-13 (site 2),a9f3ac23-6f93-447b-9037-adff01636562,Symo 24.0-3 480 (2),24.0,parsed_from_inverter_name,195.65,month,devwork
2024-03-31,d95b5e9d-f2d5-4950-85a9-909e52f727ba,Penner Farms - SE 27-8-13 (site 2),c3ec3bd8-8836-45bb-97b7-adff01636570,Symo 24.0-3 480 (3),24.0,parsed_from_inverter_name,148.79,month,devwork
2024-04-01,d95b5e9d-f2d5-4950-85a9-909e52f727ba,Penner Farms - SE 27-8-13 (site 2),b8a6c9fe-5838-42e7-9faa-adff01636559,Symo 24.0-3 480 (1),24.0,parsed_from_inverter_name,206.23,month,devwork
2024-04-01,d95b5e9d-f2d5-4950-85a9-909e52f727ba,Penner Farms - SE 27-8-13 (site 2),a9f3ac23-6f93-447b-9037-adff01636562,Symo 24.0-3 480 (2),24.0,parsed_from_inverter_name,207.95,month,devwork
2024-04-01,d95b5e9d-f2d5-4950-85a9-909e52f727ba,Penner Farms - SE 27-8-13 (site 2),c3ec3bd8-8836-45bb-97b7-adff01636570,Symo 24.0-3 480 (3),24.0,parsed_from_inverter_name,206.99,month,devwork
2024-04-02,d95b5e9d-f2d5-4950-85a9-909e52f727ba,Penner Farms - SE 27-8-13 (site 2),b8a6c9fe-5838-42e7-9faa-adff01636559,Symo 24.0-3 480 (1),24.0,parsed_from_inverter_name,136.41,month,devwork
2024-04-02,d95b5e9d-f2d5-4950-85a9-909e52f727ba,Penner Farms - SE 27-8-13 (site 2),a9f3ac23-6f93-447b-9037-adff01636562,Symo 24.0-3 480 (2),24.0,parsed_from_inverter_name,138.09,month,devwork
2024-04-02,d95b5e9d-f2d5-4950-85a9-909e52f727ba,Penner Farms - SE 27-8-13 (site 2),c3ec3bd8-8836-45bb-97b7-adff01636570,Symo 24.0-3 480 (3),24.0,parsed_from_inverter_name,133.56,month,devwork
2024-04-03,d95b5e9d-f2d5-4950-85a9-909e52f727ba,Penner Farms - SE 27-8-13 (site 2),b8a6c9fe-5838-42e7-9faa-adff01636559,Symo 24.0-3 480 (1),24.0,parsed_from_inverter_name,107.88,month,devwork
2024-04-03,d95b5e9d-f2d5-4950-85a9-909e52f727ba,Penner Farms - SE 27-8-13 (site 2),a9f3ac23-6f93-447b-9037-adff01636562,Symo 24.0-3 480 (2),24.0,parsed_from_inverter_name,109.08,month,devwork
2024-04-03,d95b5e9d-f2d5-4950-85a9-909e52f727ba,Penner Farms - SE 27-8-13 (site 2),c3ec3bd8-8836-45bb-97b7-adff01636570,Symo 24.0-3 480 (3),24.0,parsed_from_inverter_name,108.9,month,devwork
2024-04-04,d95b5e9d-f2d5-4950-85a9-909e52f727ba,Penner Farms - SE 27-8-13 (site 2),b8a6c9fe-5838-42e7-9faa-adff01636559,Symo 24.0-3 480 (1),24.0,parsed_from_inverter_name,15.08,month,devwork
2024-04-04,d95b5e9d-f2d5-4950-85a9-909e52f727ba,Penner Farms - SE 27-8-13 (site 2),a9f3ac23-6f93-447b-9037-adff01636562,Symo 24.0-3 480 (2),24.0,parsed_from_inverter_name,15.17,month,devwork
2024-04-04,d95b5e9d-f2d5-4950-85a9-909e52f727ba,Penner Farms - SE 27-8-13 (site 2),c3ec3bd8-8836-45bb-97b7-adff01636570,Symo 24.0-3 480 (3),24.0,parsed_from_inverter_name,15.34,month,devwork
2024-04-05,d95b5e9d-f2d5-4950-85a9-909e52f727ba,Penner Farms - SE 27-8-13 (site 2),b8a6c9fe-5838-42e7-9faa-adff01636559,Symo 24.0-3 480 (1),24.0,parsed_from_inverter_name,34.49,month,devwork
2024-04-05,d95b5e9d-f2d5-4950-85a9-909e52f727ba,Penner Farms - SE 27-8-13 (site 2),a9f3ac23-6f93-447b-9037-adff01636562,Symo 24.0-3 480 (2),24.0,parsed_from_inverter_name,34.82,month,devwork
2024-04-05,d95b5e9d-f2d5-4950-85a9-909e52f727ba,Penner Farms - SE 27-8-13 (site 2),c3ec3bd8-8836-45bb-97b7-adff01636570,Symo 24.0-3 480 (3),24.0,parsed_from_inverter_name,35.15,month,devwork
2024-04-06,d95b5e9d-f2d5-4950-85a9-909e52f727ba,Penner Farms - SE 27-8-13 (site 2),b8a6c9fe-5838-42e7-9faa-adff01636559,Symo 24.0-3 480 (1),24.0,parsed_from_inverter_name,27.83,month,devwork
2024-04-06,d95b5e9d-f2d5-4950-85a9-909e52f727ba,Penner Farms - SE 27-8-13 (site 2),a9f3ac23-6f93-447b-9037-adff01636562,Symo 24.0-3 480 (2),24.0,parsed_from_inverter_name,28.1,month,devwork
2024-04-06,d95b5e9d-f2d5-4950-85a9-909e52f727ba,Penner Farms - SE 27-8-13 (site 2),c3ec3bd8-8836-45bb-97b7-adff01636570,Symo 24.0-3 480 (3),24.0,parsed_from_inverter_name,28.35,month,devwork
2024-04-07,d95b5e9d-f2d5-4950-85a9-909e52f727ba,Penner Farms - SE 27-8-13 (site 2),b8a6c9fe-5838-42e7-9faa-adff01636559,Symo 24.0-3 480 (1),24.0,parsed_from_inverter_name,45.17,month,devwork
2024-04-07,d95b5e9d-f2d5-4950-85a9-909e52f727ba,Penner Farms - SE 27-8-13 (site 2),a9f3ac23-6f93-447b-9037-adff01636562,Symo 24.0-3 480 (2),24.0,parsed_from_inverter_name,45.57,month,devwork
2024-04-07,d95b5e9d-f2d5-4950-85a9-909e52f727ba,Penner Farms - SE 27-8-13 (site 2),c3ec3bd8-8836-45bb-97b7-adff01636570,Symo 24.0-3 480 (3),24.0,parsed_from_inverter_name,45.99,month,devwork
2024-04-08,d95b5e9d-f2d5-4950-85a9-909e52f727ba,Penner Farms - SE 27-8-13 (site 2),b8a6c9fe-5838-42e7-9faa-adff01636559,Symo 24.0-3 480 (1),24.0,parsed_from_inverter_name,196.42,month,devwork
2024-04-08,d95b5e9d-f2d5-4950-85a9-909e52f727ba,Penner Farms - SE 27-8-13 (site 2),a9f3ac23-6f93-447b-9037-adff01636562,Symo 24.0-3 480 (2),24.0,parsed_from_inverter_name,196.87,month,devwork
2024-04-08,d95b5e9d-f2d5-4950-85a9-909e52f727ba,Penner Farms - SE 27-8-13 (site 2),c3ec3bd8-8836-45bb-97b7-adff01636570,Symo 24.0-3 480 (3),24.0,parsed_from_inverter_name,196.38,month,devwork
2024-04-09,d95b5e9d-f2d5-4950-85a9-909e52f727ba,Penner Farms - SE 27-8-13 (site 2),b8a6c9fe-5838-42e7-9faa-adff01636559,Symo 24.0-3 480 (1),24.0,parsed_from_inverter_name,171.35,month,devwork
2024-04-09,d95b5e9d-f2d5-4950-85a9-909e52f727ba,Penner Farms - SE 27-8-13 (site 2),a9f3ac23-6f93-447b-9037-adff01636562,Symo 24.0-3 480 (2),24.0,parsed_from_inverter_name,171.93,month,devwork
2024-04-09,d95b5e9d-f2d5-4950-85a9-909e52f727ba,Penner Farms - SE 27-8-13 (site 2),c3ec3bd8-8836-45bb-97b7-adff01636570,Symo 24.0-3 480 (3),24.0,parsed_from_inverter_name,145.91,month,devwork
2024-04-10,d95b5e9d-f2d5-4950-85a9-909e52f727ba,Penner Farms - SE 27-8-13 (site 2),b8a6c9fe-5838-42e7-9faa-adff01636559,Symo 24.0-3 480 (1),24.0,parsed_from_inverter_name,143.68,month,devwork
2024-04-10,d95b5e9d-f2d5-4950-85a9-909e52f727ba,Penner Farms - SE 27-8-13 (site 2),a9f3ac23-6f93-447b-9037-adff01636562,Symo 24.0-3 480 (2),24.0,parsed_from_inverter_name,183.52,month,devwork
2024-04-10,d95b5e9d-f2d5-4950-85a9-909e52f727ba,Penner Farms - SE 27-8-13 (site 2),c3ec3bd8-8836-45bb-97b7-adff01636570,Symo 24.0-3 480 (3),24.0,parsed_from_inverter_name,176.39,month,devwork
2024-04-11,d95b5e9d-f2d5-4950-85a9-909e52f727ba,Penner Farms - SE 27-8-13 (site 2),b8a6c9fe-5838-42e7-9faa-adff01636559,Symo 24.0-3 480 (1),24.0,parsed_from_inverter_name,173.16,month,devwork
2024-04-11,d95b5e9d-f2d5-4950-85a9-909e52f727ba,Penner Farms - SE 27-8-13 (site 2),a9f3ac23-6f93-447b-9037-adff01636562,Symo 24.0-3 480 (2),24.0,parsed_from_inverter_name,174.46,month,devwork
2024-04-11,d95b5e9d-f2d5-4950-85a9-909e52f727ba,Penner Farms - SE 27-8-13 (site 2),c3ec3bd8-8836-45bb-97b7-adff01636570,Symo 24.0-3 480 (3),24.0,parsed_from_inverter_name,134.5,month,devwork
2024-04-12,d95b5e9d-f2d5-4950-85a9-909e52f727ba,Penner Farms - SE 27-8-13 (site 2),b8a6c9fe-5838-42e7-9faa-adff01636559,Symo 24.0-3 480 (1),24.0,parsed_from_inverter_name,156.43,month,devwork
2024-04-12,d95b5e9d-f2d5-4950-85a9-909e52f727ba,Penner Farms - SE 27-8-13 (site 2),a9f3ac23-6f93-447b-9037-adff01636562,Symo 24.0-3 480 (2),24.0,parsed_from_inverter_name,157.34,month,devwork
2024-04-12,d95b5e9d-f2d5-4950-85a9-909e52f727ba,Penner Farms - SE 27-8-13 (site 2),c3ec3bd8-8836-45bb-97b7-adff01636570,Symo 24.0-3 480 (3),24.0,parsed_from_inverter_name,156.75,month,devwork
2024-04-13,d95b5e9d-f2d5-4950-85a9-909e52f727ba,Penner Farms - SE 27-8-13 (site 2),b8a6c9fe-5838-42e7-9faa-adff01636559,Symo 24.0-3 480 (1),24.0,parsed_from_inverter_name,200.47,month,devwork
2024-04-13,d95b5e9d-f2d5-4950-85a9-909e52f727ba,Penner Farms - SE 27-8-13 (site 2),a9f3ac23-6f93-447b-9037-adff01636562,Symo 24.0-3 480 (2),24.0,parsed_from_inverter_name,201.34,month,devwork
2024-04-13,d95b5e9d-f2d5-4950-85a9-909e52f727ba,Penner Farms - SE 27-8-13 (site 2),c3ec3bd8-8836-45bb-97b7-adff01636570,Symo 24.0-3 480 (3),24.0,parsed_from_inverter_name,201.28,month,devwork
2024-04-14,d95b5e9d-f2d5-4950-85a9-909e52f727ba,Penner Farms - SE 27-8-13 (site 2),b8a6c9fe-5838-42e7-9faa-adff01636559,Symo 24.0-3 480 (1),24.0,parsed_from_inverter_name,205.53,month,devwork
2024-04-14,d95b5e9d-f2d5-4950-85a9-909e52f727ba,Penner Farms - SE 27-8-13 (site 2),a9f3ac23-6f93-447b-9037-adff01636562,Symo 24.0-3 480 (2),24.0,parsed_from_inverter_name,206.32,month,devwork
2024-04-14,d95b5e9d-f2d5-4950-85a9-909e52f727ba,Penner Farms - SE 27-8-13 (site 2),c3ec3bd8-8836-45bb-97b7-adff01636570,Symo 24.0-3 480 (3),24.0,parsed_from_inverter_name,206.39,month,devwork
2024-04-15,d95b5e9d-f2d5-4950-85a9-909e52f727ba,Penner Farms - SE 27-8-13 (site 2),b8a6c9fe-5838-42e7-9faa-adff01636559,Symo 24.0-3 480 (1),24.0,parsed_from_inverter_name,158.54,month,devwork
2024-04-15,d95b5e9d-f2d5-4950-85a9-909e52f727ba,Penner Farms - SE 27-8-13 (site 2),a9f3ac23-6f93-447b-9037-adff01636562,Symo 24.0-3 480 (2),24.0,parsed_from_inverter_name,159.75,month,devwork
2024-04-15,d95b5e9d-f2d5-4950-85a9-909e52f727ba,Penner Farms - SE 27-8-13 (site 2),c3ec3bd8-8836-45bb-97b7-adff01636570,Symo 24.0-3 480 (3),24.0,parsed_from_inverter_name,159.62,month,devwork
2024-04-16,d95b5e9d-f2d5-4950-85a9-909e52f727ba,Penner Farms - SE 27-8-13 (site 2),b8a6c9fe-5838-42e7-9faa-adff01636559,Symo 24.0-3 480 (1),24.0,parsed_from_inverter_name,41.89,month,devwork
2024-04-16,d95b5e9d-f2d5-4950-85a9-909e52f727ba,Penner Farms - SE 27-8-13 (site 2),a9f3ac23-6f93-447b-9037-adff01636562,Symo 24.0-3 480 (2),24.0,parsed_from_inverter_name,42.58,month,devwork
2024-04-16,d95b5e9d-f2d5-4950-85a9-909e52f727ba,Penner Farms - SE 27-8-13 (site 2),c3ec3bd8-8836-45bb-97b7-adff01636570,Symo 24.0-3 480 (3),24.0,parsed_from_inverter_name,42.85,month,devwork
2024-04-17,d95b5e9d-f2d5-4950-85a9-909e52f727ba,Penner Farms - SE 27-8-13 (site 2),b8a6c9fe-5838-42e7-9faa-adff01636559,Symo 24.0-3 480 (1),24.0,parsed_from_inverter_name,9.6,month,devwork
2024-04-17,d95b5e9d-f2d5-4950-85a9-909e52f727ba,Penner Farms - SE 27-8-13 (site 2),a9f3ac23-6f93-447b-9037-adff01636562,Symo 24.0-3 480 (2),24.0,parsed_from_inverter_name,9.32,month,devwork
2024-04-17,d95b5e9d-f2d5-4950-85a9-909e52f727ba,Penner Farms - SE 27-8-13 (site 2),c3ec3bd8-8836-45bb-97b7-adff01636570,Symo 24.0-3 480 (3),24.0,parsed_from_inverter_name,9.29,month,devwork
2024-04-18,d95b5e9d-f2d5-4950-85a9-909e52f727ba,Penner Farms - SE 27-8-13 (site 2),b8a6c9fe-5838-42e7-9faa-adff01636559,Symo 24.0-3 480 (1),24.0,parsed_from_inverter_name,193.09,month,devwork
2024-04-18,d95b5e9d-f2d5-4950-85a9-909e52f727ba,Penner Farms - SE 27-8-13 (site 2),a9f3ac23-6f93-447b-9037-adff01636562,Symo 24.0-3 480 (2),24.0,parsed_from_inverter_name,194.4,month,devwork
2024-04-18,d95b5e9d-f2d5-4950-85a9-909e52f727ba,Penner Farms - SE 27-8-13 (site 2),c3ec3bd8-8836-45bb-97b7-adff01636570,Symo 24.0-3 480 (3),24.0,parsed_from_inverter_name,194.84,month,devwork
2024-04-19,d95b5e9d-f2d5-4950-85a9-909e52f727ba,Penner Farms - SE 27-8-13 (site 2),b8a6c9fe-5838-42e7-9faa-adff01636559,Symo 24.0-3 480 (1),24.0,parsed_from_inverter_name,91.9,month,devwork
2024-04-19,d95b5e9d-f2d5-4950-85a9-909e52f727ba,Penner Farms - SE 27-8-13 (site 2),a9f3ac23-6f93-447b-9037-adff01636562,Symo 24.0-3 480 (2),24.0,parsed_from_inverter_name,93.18,month,devwork
2024-04-19,d95b5e9d-f2d5-4950-85a9-909e52f727ba,Penner Farms - SE 27-8-13 (site 2),c3ec3bd8-8836-45bb-97b7-adff01636570,Symo 24.0-3 480 (3),24.0,parsed_from_inverter_name,92.76,month,devwork
2024-04-20,d95b5e9d-f2d5-4950-85a9-909e52f727ba,Penner Farms - SE 27-8-13 (site 2),b8a6c9fe-5838-42e7-9faa-adff01636559,Symo 24.0-3 480 (1),24.0,parsed_from_inverter_name,211.52,month,devwork
2024-04-20,d95b5e9d-f2d5-4950-85a9-909e52f727ba,Penner Farms - SE 27-8-13 (site 2),a9f3ac23-6f93-447b-9037-adff01636562,Symo 24.0-3 480 (2),24.0,parsed_from_inverter_name,212.98,month,devwork
2024-04-20,d95b5e9d-f2d5-4950-85a9-909e52f727ba,Penner Farms - SE 27-8-13 (site 2),c3ec3bd8-8836-45bb-97b7-adff01636570,Symo 24.0-3 480 (3),24.0,parsed_from_inverter_name,127.7,month,devwork
2024-04-21,d95b5e9d-f2d5-4950-85a9-909e52f727ba,Penner Farms - SE 27-8-13 (site 2),b8a6c9fe-5838-42e7-9faa-adff01636559,Symo 24.0-3 480 (1),24.0,parsed_from_inverter_name,200.85,month,devwork
2024-04-21,d95b5e9d-f2d5-4950-85a9-909e52f727ba,Penner Farms - SE 27-8-13 (site 2),a9f3ac23-6f93-447b-9037-adff01636562,Symo 24.0-3 480 (2),24.0,parsed_from_inverter_name,201.53,month,devwork
2024-04-21,d95b5e9d-f2d5-4950-85a9-909e52f727ba,Penner Farms - SE 27-8-13 (site 2),c3ec3bd8-8836-45bb-97b7-adff01636570,Symo 24.0-3 480 (3),24.0,parsed_from_inverter_name,128.3,month,devwork
2024-04-22,d95b5e9d-f2d5-4950-85a9-909e52f727ba,Penner Farms - SE 27-8-13 (site 2),b8a6c9fe-5838-42e7-9faa-adff01636559,Symo 24.0-3 480 (1),24.0,parsed_from_inverter_name,132.75,month,devwork
2024-04-22,d95b5e9d-f2d5-4950-85a9-909e52f727ba,Penner Farms - SE 27-8-13 (site 2),a9f3ac23-6f93-447b-9037-adff01636562,Symo 24.0-3 480 (2),24.0,parsed_from_inverter_name,133.72,month,devwork
2024-04-22,d95b5e9d-f2d5-4950-85a9-909e52f727ba,Penner Farms - SE 27-8-13 (site 2),c3ec3bd8-8836-45bb-97b7-adff01636570,Symo 24.0-3 480 (3),24.0,parsed_from_inverter_name,133.54,month,devwork
2024-04-23,d95b5e9d-f2d5-4950-85a9-909e52f727ba,Penner Farms - SE 27-8-13 (site 2),b8a6c9fe-5838-42e7-9faa-adff01636559,Symo 24.0-3 480 (1),24.0,parsed_from_inverter_name,203.87,month,devwork
2024-04-23,d95b5e9d-f2d5-4950-85a9-909e52f727ba,Penner Farms - SE 27-8-13 (site 2),a9f3ac23-6f93-447b-9037-adff01636562,Symo 24.0-3 480 (2),24.0,parsed_from_inverter_name,204.9,month,devwork
2024-04-23,d95b5e9d-f2d5-4950-85a9-909e52f727ba,Penner Farms - SE 27-8-13 (site 2),c3ec3bd8-8836-45bb-97b7-adff01636570,Symo 24.0-3 480 (3),24.0,parsed_from_inverter_name,202.51,month,devwork
2024-04-24,d95b5e9d-f2d5-4950-85a9-909e52f727ba,Penner Farms - SE 27-8-13 (site 2),b8a6c9fe-5838-42e7-9faa-adff01636559,Symo 24.0-3 480 (1),24.0,parsed_from_inverter_name,170.48,month,devwork
2024-04-24,d95b5e9d-f2d5-4950-85a9-909e52f727ba,Penner Farms - SE 27-8-13 (site 2),a9f3ac23-6f93-447b-9037-adff01636562,Symo 24.0-3 480 (2),24.0,parsed_from_inverter_name,171.4,month,devwork
2024-04-24,d95b5e9d-f2d5-4950-85a9-909e52f727ba,Penner Farms - SE 27-8-13 (site 2),c3ec3bd8-8836-45bb-97b7-adff01636570,Symo 24.0-3 480 (3),24.0,parsed_from_inverter_name,165.51,month,devwork
2024-04-25,d95b5e9d-f2d5-4950-85a9-909e52f727ba,Penner Farms - SE 27-8-13 (site 2),b8a6c9fe-5838-42e7-9faa-adff01636559,Symo 24.0-3 480 (1),24.0,parsed_from_inverter_name,153.0,month,devwork
2024-04-25,d95b5e9d-f2d5-4950-85a9-909e52f727ba,Penner Farms - SE 27-8-13 (site 2),a9f3ac23-6f93-447b-9037-adff01636562,Symo 24.0-3 480 (2),24.0,parsed_from_inverter_name,153.74,month,devwork
2024-04-25,d95b5e9d-f2d5-4950-85a9-909e52f727ba,Penner Farms - SE 27-8-13 (site 2),c3ec3bd8-8836-45bb-97b7-adff01636570,Symo 24.0-3 480 (3),24.0,parsed_from_inverter_name,153.72,month,devwork
2024-04-26,d95b5e9d-f2d5-4950-85a9-909e52f727ba,Penner Farms - SE 27-8-13 (site 2),b8a6c9fe-5838-42e7-9faa-adff01636559,Symo 24.0-3 480 (1),24.0,parsed_from_inverter_name,186.51,month,devwork
2024-04-26,d95b5e9d-f2d5-4950-85a9-909e52f727ba,Penner Farms - SE 27-8-13 (site 2),a9f3ac23-6f93-447b-9037-adff01636562,Symo 24.0-3 480 (2),24.0,parsed_from_inverter_name,187.28,month,devwork
2024-04-26,d95b5e9d-f2d5-4950-85a9-909e52f727ba,Penner Farms - SE 27-8-13 (site 2),c3ec3bd8-8836-45bb-97b7-adff01636570,Symo 24.0-3 480 (3),24.0,parsed_from_inverter_name,152.11,month,devwork
2024-04-27,d95b5e9d-f2d5-4950-85a9-909e52f727ba,Penner Farms - SE 27-8-13 (site 2),b8a6c9fe-5838-42e7-9faa-adff01636559,Symo 24.0-3 480 (1),24.0,parsed_from_inverter_name,68.65,month,devwork
2024-04-27,d95b5e9d-f2d5-4950-85a9-909e52f727ba,Penner Farms - SE 27-8-13 (site 2),a9f3ac23-6f93-447b-9037-adff01636562,Symo 24.0-3 480 (2),24.0,parsed_from_inverter_name,69.55,month,devwork
2024-04-27,d95b5e9d-f2d5-4950-85a9-909e52f727ba,Penner Farms - SE 27-8-13 (site 2),c3ec3bd8-8836-45bb-97b7-adff01636570,Symo 24.0-3 480 (3),24.0,parsed_from_inverter_name,70.24,month,devwork
2024-04-28,d95b5e9d-f2d5-4950-85a9-909e52f727ba,Penner Farms - SE 27-8-13 (site 2),b8a6c9fe-5838-42e7-9faa-adff01636559,Symo 24.0-3 480 (1),24.0,parsed_from_inverter_name,191.58,month,devwork
2024-04-28,d95b5e9d-f2d5-4950-85a9-909e52f727ba,Penner Farms - SE 27-8-13 (site 2),a9f3ac23-6f93-447b-9037-adff01636562,Symo 24.0-3 480 (2),24.0,parsed_from_inverter_name,192.26,month,devwork
2024-04-28,d95b5e9d-f2d5-4950-85a9-909e52f727ba,Penner Farms - SE 27-8-13 (site 2),c3ec3bd8-8836-45bb-97b7-adff01636570,Symo 24.0-3 480 (3),24.0,parsed_from_inverter_name,192.54,month,devwork
2024-04-29,d95b5e9d-f2d5-4950-85a9-909e52f727ba,Penner Farms - SE 27-8-13 (site 2),b8a6c9fe-5838-42e7-9faa-adff01636559,Symo 24.0-3 480 (1),24.0,parsed_from_inverter_name,164.15,month,devwork
2024-04-29,d95b5e9d-f2d5-4950-85a9-909e52f727ba,Penner Farms - SE 27-8-13 (site 2),a9f3ac23-6f93-447b-9037-adff01636562,Symo 24.0-3 480 (2),24.0,parsed_from_inverter_name,164.76,month,devwork
2024-04-29,d95b5e9d-f2d5-4950-85a9-909e52f727ba,Penner Farms - SE 27-8-13 (site 2),c3ec3bd8-8836-45bb-97b7-adff01636570,Symo 24.0-3 480 (3),24.0,parsed_from_inverter_name,153.88,month,devwork
2024-04-30,d95b5e9d-f2d5-4950-85a9-909e52f727ba,Penner Farms - SE 27-8-13 (site 2),b8a6c9fe-5838-42e7-9faa-adff01636559,Symo 24.0-3 480 (1),24.0,parsed_from_inverter_name,55.19,month,devwork
2024-04-30,d95b5e9d-f2d5-4950-85a9-909e52f727ba,Penner Farms - SE 27-8-13 (site 2),a9f3ac23-6f93-447b-9037-adff01636562,Symo 24.0-3 480 (2),24.0,parsed_from_inverter_name,55.97,month,devwork
2024-04-30,d95b5e9d-f2d5-4950-85a9-909e52f727ba,Penner Farms - SE 27-8-13 (site 2),c3ec3bd8-8836-45bb-97b7-adff01636570,Symo 24.0-3 480 (3),24.0,parsed_from_inverter_name,56.66,month,devwork
2024-05-01,d95b5e9d-f2d5-4950-85a9-909e52f727ba,Penner Farms - SE 27-8-13 (site 2),b8a6c9fe-5838-42e7-9faa-adff01636559,Symo 24.0-3 480 (1),24.0,parsed_from_inverter_name,79.61,month,devwork
2024-05-01,d95b5e9d-f2d5-4950-85a9-909e52f727ba,Penner Farms - SE 27-8-13 (site 2),a9f3ac23-6f93-447b-9037-adff01636562,Symo 24.0-3 480 (2),24.0,parsed_from_inverter_name,80.42,month,devwork
2024-05-01,d95b5e9d-f2d5-4950-85a9-909e52f727ba,Penner Farms - SE 27-8-13 (site 2),c3ec3bd8-8836-45bb-97b7-adff01636570,Symo 24.0-3 480 (3),24.0,parsed_from_inverter_name,81.09,month,devwork
2024-05-02,d95b5e9d-f2d5-4950-85a9-909e52f727ba,Penner Farms - SE 27-8-13 (site 2),b8a6c9fe-5838-42e7-9faa-adff01636559,Symo 24.0-3 480 (1),24.0,parsed_from_inverter_name,78.11,month,devwork
2024-05-02,d95b5e9d-f2d5-4950-85a9-909e52f727ba,Penner Farms - SE 27-8-13 (site 2),a9f3ac23-6f93-447b-9037-adff01636562,Symo 24.0-3 480 (2),24.0,parsed_from_inverter_name,78.63,month,devwork
2024-05-02,d95b5e9d-f2d5-4950-85a9-909e52f727ba,Penner Farms - SE 27-8-13 (site 2),c3ec3bd8-8836-45bb-97b7-adff01636570,Symo 24.0-3 480 (3),24.0,parsed_from_inverter_name,80.14,month,devwork
2024-05-03,d95b5e9d-f2d5-4950-85a9-909e52f727ba,Penner Farms - SE 27-8-13 (site 2),b8a6c9fe-5838-42e7-9faa-adff01636559,Symo 24.0-3 480 (1),24.0,parsed_from_inverter_name,161.07,month,devwork
2024-05-03,d95b5e9d-f2d5-4950-85a9-909e52f727ba,Penner Farms - SE 27-8-13 (site 2),a9f3ac23-6f93-447b-9037-adff01636562,Symo 24.0-3 480 (2),24.0,parsed_from_inverter_name,162.18,month,devwork
2024-05-03,d95b5e9d-f2d5-4950-85a9-909e52f727ba,Penner Farms - SE 27-8-13 (site 2),c3ec3bd8-8836-45bb-97b7-adff01636570,Symo 24.0-3 480 (3),24.0,parsed_from_inverter_name,103.33,month,devwork
2024-05-04,d95b5e9d-f2d5-4950-85a9-909e52f727ba,Penner Farms - SE 27-8-13 (site 2),b8a6c9fe-5838-42e7-9faa-adff01636559,Symo 24.0-3 480 (1),24.0,parsed_from_inverter_name,202.89,month,devwork
2024-05-04,d95b5e9d-f2d5-4950-85a9-909e52f727ba,Penner Farms - SE 27-8-13 (site 2),a9f3ac23-6f93-447b-9037-adff01636562,Symo 24.0-3 480 (2),24.0,parsed_from_inverter_name,204.87,month,devwork
2024-05-04,d95b5e9d-f2d5-4950-85a9-909e52f727ba,Penner Farms - SE 27-8-13 (site 2),c3ec3bd8-8836-45bb-97b7-adff01636570,Symo 24.0-3 480 (3),24.0,parsed_from_inverter_name,190.6,month,devwork
2024-05-05,d95b5e9d-f2d5-4950-85a9-909e52f727ba,Penner Farms - SE 27-8-13 (site 2),b8a6c9fe-5838-42e7-9faa-adff01636559,Symo 24.0-3 480 (1),24.0,parsed_from_inverter_name,101.37,month,devwork
2024-05-05,d95b5e9d-f2d5-4950-85a9-909e52f727ba,Penner Farms - SE 27-8-13 (site 2),a9f3ac23-6f93-447b-9037-adff01636562,Symo 24.0-3 480 (2),24.0,parsed_from_inverter_name,102.63,month,devwork
2024-05-05,d95b5e9d-f2d5-4950-85a9-909e52f727ba,Penner Farms - SE 27-8-13 (site 2),c3ec3bd8-8836-45bb-97b7-adff01636570,Symo 24.0-3 480 (3),24.0,parsed_from_inverter_name,103.56,month,devwork
2024-05-06,d95b5e9d-f2d5-4950-85a9-909e52f727ba,Penner Farms - SE 27-8-13 (site 2),b8a6c9fe-5838-42e7-9faa-adff01636559,Symo 24.0-3 480 (1),24.0,parsed_from_inverter_name,138.24,month,devwork
2024-05-06,d95b5e9d-f2d5-4950-85a9-909e52f727ba,Penner Farms - SE 27-8-13 (site 2),a9f3ac23-6f93-447b-9037-adff01636562,Symo 24.0-3 480 (2),24.0,parsed_from_inverter_name,139.05,month,devwork
2024-05-06,d95b5e9d-f2d5-4950-85a9-909e52f727ba,Penner Farms - SE 27-8-13 (site 2),c3ec3bd8-8836-45bb-97b7-adff01636570,Symo 24.0-3 480 (3),24.0,parsed_from_inverter_name,140.02,month,devwork
2024-05-07,d95b5e9d-f2d5-4950-85a9-909e52f727ba,Penner Farms - SE 27-8-13 (site 2),b8a6c9fe-5838-42e7-9faa-adff01636559,Symo 24.0-3 480 (1),24.0,parsed_from_inverter_name,19.5,month,devwork
2024-05-07,d95b5e9d-f2d5-4950-85a9-909e52f727ba,Penner Farms - SE 27-8-13 (site 2),a9f3ac23-6f93-447b-9037-adff01636562,Symo 24.0-3 480 (2),24.0,parsed_from_inverter_name,19.66,month,devwork
2024-05-07,d95b5e9d-f2d5-4950-85a9-909e52f727ba,Penner Farms - SE 27-8-13 (site 2),c3ec3bd8-8836-45bb-97b7-adff01636570,Symo 24.0-3 480 (3),24.0,parsed_from_inverter_name,19.78,month,devwork
2024-05-08,d95b5e9d-f2d5-4950-85a9-909e52f727ba,Penner Farms - SE 27-8-13 (site 2),b8a6c9fe-5838-42e7-9faa-adff01636559,Symo 24.0-3 480 (1),24.0,parsed_from_inverter_name,34.41,month,devwork
2024-05-08,d95b5e9d-f2d5-4950-85a9-909e52f727ba,Penner Farms - SE 27-8-13 (site 2),a9f3ac23-6f93-447b-9037-adff01636562,Symo 24.0-3 480 (2),24.0,parsed_from_inverter_name,34.84,month,devwork
2024-05-08,d95b5e9d-f2d5-4950-85a9-909e52f727ba,Penner Farms - SE 27-8-13 (site 2),c3ec3bd8-8836-45bb-97b7-adff01636570,Symo 24.0-3 480 (3),24.0,parsed_from_inverter_name,34.81,month,devwork
2024-05-09,d95b5e9d-f2d5-4950-85a9-909e52f727ba,Penner Farms - SE 27-8-13 (site 2),b8a6c9fe-5838-42e7-9faa-adff01636559,Symo 24.0-3 480 (1),24.0,parsed_from_inverter_name,213.16,month,devwork
2024-05-09,d95b5e9d-f2d5-4950-85a9-909e52f727ba,Penner Farms - SE 27-8-13 (site 2),a9f3ac23-6f93-447b-9037-adff01636562,Symo 24.0-3 480 (2),24.0,parsed_from_inverter_name,213.69,month,devwork
2024-05-09,d95b5e9d-f2d5-4950-85a9-909e52f727ba,Penner Farms - SE 27-8-13 (site 2),c3ec3bd8-8836-45bb-97b7-adff01636570,Symo 24.0-3 480 (3),24.0,parsed_from_inverter_name,213.78,month,devwork
2024-05-10,d95b5e9d-f2d5-4950-85a9-909e52f727ba,Penner Farms - SE 27-8-13 (site 2),b8a6c9fe-5838-42e7-9faa-adff01636559,Symo 24.0-3 480 (1),24.0,parsed_from_inverter_name,209.39,month,devwork
2024-05-10,d95b5e9d-f2d5-4950-85a9-909e52f727ba,Penner Farms - SE 27-8-13 (site 2),a9f3ac23-6f93-447b-9037-adff01636562,Symo 24.0-3 480 (2),24.0,parsed_from_inverter_name,210.25,month,devwork
2024-05-10,d95b5e9d-f2d5-4950-85a9-909e52f727ba,Penner Farms - SE 27-8-13 (site 2),c3ec3bd8-8836-45bb-97b7-adff01636570,Symo 24.0-3 480 (3),24.0,parsed_from_inverter_name,200.73,month,devwork
2024-05-11,d95b5e9d-f2d5-4950-85a9-909e52f727ba,Penner Farms - SE 27-8-13 (site 2),b8a6c9fe-5838-42e7-9faa-adff01636559,Symo 24.0-3 480 (1),24.0,parsed_from_inverter_name,201.52,month,devwork
2024-05-11,d95b5e9d-f2d5-4950-85a9-909e52f727ba,Penner Farms - SE 27-8-13 (site 2),a9f3ac23-6f93-447b-9037-adff01636562,Symo 24.0-3 480 (2),24.0,parsed_from_inverter_name,202.4,month,devwork
2024-05-11,d95b5e9d-f2d5-4950-85a9-909e52f727ba,Penner Farms - SE 27-8-13 (site 2),c3ec3bd8-8836-45bb-97b7-adff01636570,Symo 24.0-3 480 (3),24.0,parsed_from_inverter_name,94.78,month,devwork
2024-05-12,d95b5e9d-f2d5-4950-85a9-909e52f727ba,Penner Farms - SE 27-8-13 (site 2),b8a6c9fe-5838-42e7-9faa-adff01636559,Symo 24.0-3 480 (1),24.0,parsed_from_inverter_name,187.35,month,devwork
2024-05-12,d95b5e9d-f2d5-4950-85a9-909e52f727ba,Penner Farms - SE 27-8-13 (site 2),a9f3ac23-6f93-447b-9037-adff01636562,Symo 24.0-3 480 (2),24.0,parsed_from_inverter_name,189.46,month,devwork
2024-05-12,d95b5e9d-f2d5-4950-85a9-909e52f727ba,Penner Farms - SE 27-8-13 (site 2),c3ec3bd8-8836-45bb-97b7-adff01636570,Symo 24.0-3 480 (3),24.0,parsed_from_inverter_name,189.82,month,devwork
2024-05-13,d95b5e9d-f2d5-4950-85a9-909e52f727ba,Penner Farms - SE 27-8-13 (site 2),b8a6c9fe-5838-42e7-9faa-adff01636559,Symo 24.0-3 480 (1),24.0,parsed_from_inverter_name,143.2,month,devwork
2024-05-13,d95b5e9d-f2d5-4950-85a9-909e52f727ba,Penner Farms - SE 27-8-13 (site 2),a9f3ac23-6f93-447b-9037-adff01636562,Symo 24.0-3 480 (2),24.0,parsed_from_inverter_name,145.44,month,devwork
2024-05-13,d95b5e9d-f2d5-4950-85a9-909e52f727ba,Penner Farms - SE 27-8-13 (site 2),c3ec3bd8-8836-45bb-97b7-adff01636570,Symo 24.0-3 480 (3),24.0,parsed_from_inverter_name,139.35,month,devwork
2024-05-14,d95b5e9d-f2d5-4950-85a9-909e52f727ba,Penner Farms - SE 27-8-13 (site 2),b8a6c9fe-5838-42e7-9faa-adff01636559,Symo 24.0-3 480 (1),24.0,parsed_from_inverter_name,160.92,month,devwork
2024-05-14,d95b5e9d-f2d5-4950-85a9-909e52f727ba,Penner Farms - SE 27-8-13 (site 2),a9f3ac23-6f93-447b-9037-adff01636562,Symo 24.0-3 480 (2),24.0,parsed_from_inverter_name,162.59,month,devwork
2024-05-14,d95b5e9d-f2d5-4950-85a9-909e52f727ba,Penner Farms - SE 27-8-13 (site 2),c3ec3bd8-8836-45bb-97b7-adff01636570,Symo 24.0-3 480 (3),24.0,parsed_from_inverter_name,156.38,month,devwork
2024-05-15,d95b5e9d-f2d5-4950-85a9-909e52f727ba,Penner Farms - SE 27-8-13 (site 2),b8a6c9fe-5838-42e7-9faa-adff01636559,Symo 24.0-3 480 (1),24.0,parsed_from_inverter_name,180.19,month,devwork
2024-05-15,d95b5e9d-f2d5-4950-85a9-909e52f727ba,Penner Farms - SE 27-8-13 (site 2),a9f3ac23-6f93-447b-9037-adff01636562,Symo 24.0-3 480 (2),24.0,parsed_from_inverter_name,182.05,month,devwork
2024-05-15,d95b5e9d-f2d5-4950-85a9-909e52f727ba,Penner Farms - SE 27-8-13 (site 2),c3ec3bd8-8836-45bb-97b7-adff01636570,Symo 24.0-3 480 (3),24.0,parsed_from_inverter_name,182.23,month,devwork
2024-05-16,d95b5e9d-f2d5-4950-85a9-909e52f727ba,Penner Farms - SE 27-8-13 (site 2),b8a6c9fe-5838-42e7-9faa-adff01636559,Symo 24.0-3 480 (1),24.0,parsed_from_inverter_name,157.2,month,devwork
2024-05-16,d95b5e9d-f2d5-4950-85a9-909e52f727ba,Penner Farms - SE 27-8-13 (site 2),a9f3ac23-6f93-447b-9037-adff01636562,Symo 24.0-3 480 (2),24.0,parsed_from_inverter_name,158.72,month,devwork
2024-05-16,d95b5e9d-f2d5-4950-85a9-909e52f727ba,Penner Farms - SE 27-8-13 (site 2),c3ec3bd8-8836-45bb-97b7-adff01636570,Symo 24.0-3 480 (3),24.0,parsed_from_inverter_name,139.33,month,devwork
2024-05-18,d95b5e9d-f2d5-4950-85a9-909e52f727ba,Penner Farms - SE 27-8-13 (site 2),b8a6c9fe-5838-42e7-9faa-adff01636559,Symo 24.0-3 480 (1),24.0,parsed_from_inverter_name,167.65,month,devwork
2024-05-18,d95b5e9d-f2d5-4950-85a9-909e52f727ba,Penner Farms - SE 27-8-13 (site 2),a9f3ac23-6f93-447b-9037-adff01636562,Symo 24.0-3 480 (2),24.0,parsed_from_inverter_name,168.69,month,devwork
2024-05-18,d95b5e9d-f2d5-4950-85a9-909e52f727ba,Penner Farms - SE 27-8-13 (site 2),c3ec3bd8-8836-45bb-97b7-adff01636570,Symo 24.0-3 480 (3),24.0,parsed_from_inverter_name,147.24,month,devwork
2024-05-19,d95b5e9d-f2d5-4950-85a9-909e52f727ba,Penner Farms - SE 27-8-13 (site 2),b8a6c9fe-5838-42e7-9faa-adff01636559,Symo 24.0-3 480 (1),24.0,parsed_from_inverter_name,140.35,month,devwork
2024-05-19,d95b5e9d-f2d5-4950-85a9-909e52f727ba,Penner Farms - SE 27-8-13 (site 2),a9f3ac23-6f93-447b-9037-adff01636562,Symo 24.0-3 480 (2),24.0,parsed_from_inverter_name,141.18,month,devwork
2024-05-19,d95b5e9d-f2d5-4950-85a9-909e52f727ba,Penner Farms - SE 27-8-13 (site 2),c3ec3bd8-8836-45bb-97b7-adff01636570,Symo 24.0-3 480 (3),24.0,parsed_from_inverter_name,130.13,month,devwork
2024-05-20,d95b5e9d-f2d5-4950-85a9-909e52f727ba,Penner Farms - SE 27-8-13 (site 2),b8a6c9fe-5838-42e7-9faa-adff01636559,Symo 24.0-3 480 (1),24.0,parsed_from_inverter_name,129.62,month,devwork
2024-05-20,d95b5e9d-f2d5-4950-85a9-909e52f727ba,Penner Farms - SE 27-8-13 (site 2),a9f3ac23-6f93-447b-9037-adff01636562,Symo 24.0-3 480 (2),24.0,parsed_from_inverter_name,130.85,month,devwork
2024-05-20,d95b5e9d-f2d5-4950-85a9-909e52f727ba,Penner Farms - SE 27-8-13 (site 2),c3ec3bd8-8836-45bb-97b7-adff01636570,Symo 24.0-3 480 (3),24.0,parsed_from_inverter_name,128.92,month,devwork
2024-05-21,d95b5e9d-f2d5-4950-85a9-909e52f727ba,Penner Farms - SE 27-8-13 (site 2),b8a6c9fe-5838-42e7-9faa-adff01636559,Symo 24.0-3 480 (1),24.0,parsed_from_inverter_name,154.79,month,devwork
2024-05-21,d95b5e9d-f2d5-4950-85a9-909e52f727ba,Penner Farms - SE 27-8-13 (site 2),a9f3ac23-6f93-447b-9037-adff01636562,Symo 24.0-3 480 (2),24.0,parsed_from_inverter_name,155.94,month,devwork
2024-05-21,d95b5e9d-f2d5-4950-85a9-909e52f727ba,Penner Farms - SE 27-8-13 (site 2),c3ec3bd8-8836-45bb-97b7-adff01636570,Symo 24.0-3 480 (3),24.0,parsed_from_inverter_name,143.92,month,devwork
2024-05-22,d95b5e9d-f2d5-4950-85a9-909e52f727ba,Penner Farms - SE 27-8-13 (site 2),b8a6c9fe-5838-42e7-9faa-adff01636559,Symo 24.0-3 480 (1),24.0,parsed_from_inverter_name,109.99,month,devwork
2024-05-22,d95b5e9d-f2d5-4950-85a9-909e52f727ba,Penner Farms - SE 27-8-13 (site 2),a9f3ac23-6f93-447b-9037-adff01636562,Symo 24.0-3 480 (2),24.0,parsed_from_inverter_name,111.27,month,devwork
2024-05-22,d95b5e9d-f2d5-4950-85a9-909e52f727ba,Penner Farms - SE 27-8-13 (site 2),c3ec3bd8-8836-45bb-97b7-adff01636570,Symo 24.0-3 480 (3),24.0,parsed_from_inverter_name,112.0,month,devwork
2024-05-23,d95b5e9d-f2d5-4950-85a9-909e52f727ba,Penner Farms - SE 27-8-13 (site 2),b8a6c9fe-5838-42e7-9faa-adff01636559,Symo 24.0-3 480 (1),24.0,parsed_from_inverter_name,140.29,month,devwork
2024-05-23,d95b5e9d-f2d5-4950-85a9-909e52f727ba,Penner Farms - SE 27-8-13 (site 2),a9f3ac23-6f93-447b-9037-adff01636562,Symo 24.0-3 480 (2),24.0,parsed_from_inverter_name,141.14,month,devwork
2024-05-23,d95b5e9d-f2d5-4950-85a9-909e52f727ba,Penner Farms - SE 27-8-13 (site 2),c3ec3bd8-8836-45bb-97b7-adff01636570,Symo 24.0-3 480 (3),24.0,parsed_from_inverter_name,142.3,month,devwork
2024-05-24,d95b5e9d-f2d5-4950-85a9-909e52f727ba,Penner Farms - SE 27-8-13 (site 2),b8a6c9fe-5838-42e7-9faa-adff01636559,Symo 24.0-3 480 (1),24.0,parsed_from_inverter_name,172.17,month,devwork
2024-05-24,d95b5e9d-f2d5-4950-85a9-909e52f727ba,Penner Farms - SE 27-8-13 (site 2),a9f3ac23-6f93-447b-9037-adff01636562,Symo 24.0-3 480 (2),24.0,parsed_from_inverter_name,172.98,month,devwork
2024-05-24,d95b5e9d-f2d5-4950-85a9-909e52f727ba,Penner Farms - SE 27-8-13 (site 2),c3ec3bd8-8836-45bb-97b7-adff01636570,Symo 24.0-3 480 (3),24.0,parsed_from_inverter_name,152.42,month,devwork
2024-05-25,d95b5e9d-f2d5-4950-85a9-909e52f727ba,Penner Farms - SE 27-8-13 (site 2),b8a6c9fe-5838-42e7-9faa-adff01636559,Symo 24.0-3 480 (1),24.0,parsed_from_inverter_name,154.29,month,devwork
2024-05-25,d95b5e9d-f2d5-4950-85a9-909e52f727ba,Penner Farms - SE 27-8-13 (site 2),a9f3ac23-6f93-447b-9037-adff01636562,Symo 24.0-3 480 (2),24.0,parsed_from_inverter_name,155.46,month,devwork
2024-05-25,d95b5e9d-f2d5-4950-85a9-909e52f727ba,Penner Farms - SE 27-8-13 (site 2),c3ec3bd8-8836-45bb-97b7-adff01636570,Symo 24.0-3 480 (3),24.0,parsed_from_inverter_name,156.81,month,devwork
2024-05-26,d95b5e9d-f2d5-4950-85a9-909e52f727ba,Penner Farms - SE 27-8-13 (site 2),b8a6c9fe-5838-42e7-9faa-adff01636559,Symo 24.0-3 480 (1),24.0,parsed_from_inverter_name,140.96,month,devwork
2024-05-26,d95b5e9d-f2d5-4950-85a9-909e52f727ba,Penner Farms - SE 27-8-13 (site 2),a9f3ac23-6f93-447b-9037-adff01636562,Symo 24.0-3 480 (2),24.0,parsed_from_inverter_name,141.79,month,devwork
2024-05-26,d95b5e9d-f2d5-4950-85a9-909e52f727ba,Penner Farms - SE 27-8-13 (site 2),c3ec3bd8-8836-45bb-97b7-adff01636570,Symo 24.0-3 480 (3),24.0,parsed_from_inverter_name,141.56,month,devwork
2024-05-27,d95b5e9d-f2d5-4950-85a9-909e52f727ba,Penner Farms - SE 27-8-13 (site 2),b8a6c9fe-5838-42e7-9faa-adff01636559,Symo 24.0-3 480 (1),24.0,parsed_from_inverter_name,214.81,month,devwork
2024-05-27,d95b5e9d-f2d5-4950-85a9-909e52f727ba,Penner Farms - SE 27-8-13 (site 2),a9f3ac23-6f93-447b-9037-adff01636562,Symo 24.0-3 480 (2),24.0,parsed_from_inverter_name,215.25,month,devwork
2024-05-27,d95b5e9d-f2d5-4950-85a9-909e52f727ba,Penner Farms - SE 27-8-13 (site 2),c3ec3bd8-8836-45bb-97b7-adff01636570,Symo 24.0-3 480 (3),24.0,parsed_from_inverter_name,216.36,month,devwork
2024-05-28,d95b5e9d-f2d5-4950-85a9-909e52f727ba,Penner Farms - SE 27-8-13 (site 2),b8a6c9fe-5838-42e7-9faa-adff01636559,Symo 24.0-3 480 (1),24.0,parsed_from_inverter_name,203.01,month,devwork
2024-05-28,d95b5e9d-f2d5-4950-85a9-909e52f727ba,Penner Farms - SE 27-8-13 (site 2),a9f3ac23-6f93-447b-9037-adff01636562,Symo 24.0-3 480 (2),24.0,parsed_from_inverter_name,204.3,month,devwork
2024-05-28,d95b5e9d-f2d5-4950-85a9-909e52f727ba,Penner Farms - SE 27-8-13 (site 2),c3ec3bd8-8836-45bb-97b7-adff01636570,Symo 24.0-3 480 (3),24.0,parsed_from_inverter_name,205.55,month,devwork
2024-05-29,d95b5e9d-f2d5-4950-85a9-909e52f727ba,Penner Farms - SE 27-8-13 (site 2),b8a6c9fe-5838-42e7-9faa-adff01636559,Symo 24.0-3 480 (1),24.0,parsed_from_inverter_name,204.73,month,devwork
2024-05-29,d95b5e9d-f2d5-4950-85a9-909e52f727ba,Penner Farms - SE 27-8-13 (site 2),a9f3ac23-6f93-447b-9037-adff01636562,Symo 24.0-3 480 (2),24.0,parsed_from_inverter_name,205.46,month,devwork
2024-05-29,d95b5e9d-f2d5-4950-85a9-909e52f727ba,Penner Farms - SE 27-8-13 (site 2),c3ec3bd8-8836-45bb-97b7-adff01636570,Symo 24.0-3 480 (3),24.0,parsed_from_inverter_name,206.09,month,devwork
2024-05-30,d95b5e9d-f2d5-4950-85a9-909e52f727ba,Penner Farms - SE 27-8-13 (site 2),b8a6c9fe-5838-42e7-9faa-adff01636559,Symo 24.0-3 480 (1),24.0,parsed_from_inverter_name,114.71,month,devwork
2024-05-30,d95b5e9d-f2d5-4950-85a9-909e52f727ba,Penner Farms - SE 27-8-13 (site 2),a9f3ac23-6f93-447b-9037-adff01636562,Symo 24.0-3 480 (2),24.0,parsed_from_inverter_name,115.36,month,devwork
2024-05-30,d95b5e9d-f2d5-4950-85a9-909e52f727ba,Penner Farms - SE 27-8-13 (site 2),c3ec3bd8-8836-45bb-97b7-adff01636570,Symo 24.0-3 480 (3),24.0,parsed_from_inverter_name,115.76,month,devwork
2024-05-31,d95b5e9d-f2d5-4950-85a9-909e52f727ba,Penner Farms - SE 27-8-13 (site 2),b8a6c9fe-5838-42e7-9faa-adff01636559,Symo 24.0-3 480 (1),24.0,parsed_from_inverter_name,169.25,month,devwork
2024-05-31,d95b5e9d-f2d5-4950-85a9-909e52f727ba,Penner Farms - SE 27-8-13 (site 2),a9f3ac23-6f93-447b-9037-adff01636562,Symo 24.0-3 480 (2),24.0,parsed_from_inverter_name,170.15,month,devwork
2024-05-31,d95b5e9d-f2d5-4950-85a9-909e52f727ba,Penner Farms - SE 27-8-13 (site 2),c3ec3bd8-8836-45bb-97b7-adff01636570,Symo 24.0-3 480 (3),24.0,parsed_from_inverter_name,171.32,month,devwork
2024-06-01,d95b5e9d-f2d5-4950-85a9-909e52f727ba,Penner Farms - SE 27-8-13 (site 2),b8a6c9fe-5838-42e7-9faa-adff01636559,Symo 24.0-3 480 (1),24.0,parsed_from_inverter_name,177.22,month,devwork
2024-06-01,d95b5e9d-f2d5-4950-85a9-909e52f727ba,Penner Farms - SE 27-8-13 (site 2),a9f3ac23-6f93-447b-9037-adff01636562,Symo 24.0-3 480 (2),24.0,parsed_from_inverter_name,177.55,month,devwork
2024-06-01,d95b5e9d-f2d5-4950-85a9-909e52f727ba,Penner Farms - SE 27-8-13 (site 2),c3ec3bd8-8836-45bb-97b7-adff01636570,Symo 24.0-3 480 (3),24.0,parsed_from_inverter_name,178.83,month,devwork
2024-06-02,d95b5e9d-f2d5-4950-85a9-909e52f727ba,Penner Farms - SE 27-8-13 (site 2),b8a6c9fe-5838-42e7-9faa-adff01636559,Symo 24.0-3 480 (1),24.0,parsed_from_inverter_name,196.88,month,devwork
2024-06-02,d95b5e9d-f2d5-4950-85a9-909e52f727ba,Penner Farms - SE 27-8-13 (site 2),a9f3ac23-6f93-447b-9037-adff01636562,Symo 24.0-3 480 (2),24.0,parsed_from_inverter_name,197.34,month,devwork
2024-06-02,d95b5e9d-f2d5-4950-85a9-909e52f727ba,Penner Farms - SE 27-8-13 (site 2),c3ec3bd8-8836-45bb-97b7-adff01636570,Symo 24.0-3 480 (3),24.0,parsed_from_inverter_name,160.09,month,devwork
2024-06-03,d95b5e9d-f2d5-4950-85a9-909e52f727ba,Penner Farms - SE 27-8-13 (site 2),b8a6c9fe-5838-42e7-9faa-adff01636559,Symo 24.0-3 480 (1),24.0,parsed_from_inverter_name,123.86,month,devwork
2024-06-03,d95b5e9d-f2d5-4950-85a9-909e52f727ba,Penner Farms - SE 27-8-13 (site 2),a9f3ac23-6f93-447b-9037-adff01636562,Symo 24.0-3 480 (2),24.0,parsed_from_inverter_name,125.25,month,devwork
2024-06-03,d95b5e9d-f2d5-4950-85a9-909e52f727ba,Penner Farms - SE 27-8-13 (site 2),c3ec3bd8-8836-45bb-97b7-adff01636570,Symo 24.0-3 480 (3),24.0,parsed_from_inverter_name,126.22,month,devwork
2024-06-04,d95b5e9d-f2d5-4950-85a9-909e52f727ba,Penner Farms - SE 27-8-13 (site 2),b8a6c9fe-5838-42e7-9faa-adff01636559,Symo 24.0-3 480 (1),24.0,parsed_from_inverter_name,218.93,month,devwork
2024-06-04,d95b5e9d-f2d5-4950-85a9-909e52f727ba,Penner Farms - SE 27-8-13 (site 2),a9f3ac23-6f93-447b-9037-adff01636562,Symo 24.0-3 480 (2),24.0,parsed_from_inverter_name,219.21,month,devwork
2024-06-04,d95b5e9d-f2d5-4950-85a9-909e52f727ba,Penner Farms - SE 27-8-13 (site 2),c3ec3bd8-8836-45bb-97b7-adff01636570,Symo 24.0-3 480 (3),24.0,parsed_from_inverter_name,220.46,month,devwork
2024-06-05,d95b5e9d-f2d5-4950-85a9-909e52f727ba,Penner Farms - SE 27-8-13 (site 2),b8a6c9fe-5838-42e7-9faa-adff01636559,Symo 24.0-3 480 (1),24.0,parsed_from_inverter_name,204.68,month,devwork
2024-06-05,d95b5e9d-f2d5-4950-85a9-909e52f727ba,Penner Farms - SE 27-8-13 (site 2),a9f3ac23-6f93-447b-9037-adff01636562,Symo 24.0-3 480 (2),24.0,parsed_from_inverter_name,205.63,month,devwork
2024-06-05,d95b5e9d-f2d5-4950-85a9-909e52f727ba,Penner Farms - SE 27-8-13 (site 2),c3ec3bd8-8836-45bb-97b7-adff01636570,Symo 24.0-3 480 (3),24.0,parsed_from_inverter_name,206.89,month,devwork
2024-06-06,d95b5e9d-f2d5-4950-85a9-909e52f727ba,Penner Farms - SE 27-8-13 (site 2),b8a6c9fe-5838-42e7-9faa-adff01636559,Symo 24.0-3 480 (1),24.0,parsed_from_inverter_name,208.49,month,devwork
2024-06-06,d95b5e9d-f2d5-4950-85a9-909e52f727ba,Penner Farms - SE 27-8-13 (site 2),a9f3ac23-6f93-447b-9037-adff01636562,Symo 24.0-3 480 (2),24.0,parsed_from_inverter_name,209.91,month,devwork
2024-06-06,d95b5e9d-f2d5-4950-85a9-909e52f727ba,Penner Farms - SE 27-8-13 (site 2),c3ec3bd8-8836-45bb-97b7-adff01636570,Symo 24.0-3 480 (3),24.0,parsed_from_inverter_name,211.46,month,devwork
2024-06-07,d95b5e9d-f2d5-4950-85a9-909e52f727ba,Penner Farms - SE 27-8-13 (site 2),b8a6c9fe-5838-42e7-9faa-adff01636559,Symo 24.0-3 480 (1),24.0,parsed_from_inverter_name,185.71,month,devwork
2024-06-07,d95b5e9d-f2d5-4950-85a9-909e52f727ba,Penner Farms - SE 27-8-13 (site 2),a9f3ac23-6f93-447b-9037-adff01636562,Symo 24.0-3 480 (2),24.0,parsed_from_inverter_name,187.17,month,devwork
2024-06-07,d95b5e9d-f2d5-4950-85a9-909e52f727ba,Penner Farms - SE 27-8-13 (site 2),c3ec3bd8-8836-45bb-97b7-adff01636570,Symo 24.0-3 480 (3),24.0,parsed_from_inverter_name,187.61,month,devwork
2024-06-08,d95b5e9d-f2d5-4950-85a9-909e52f727ba,Penner Farms - SE 27-8-13 (site 2),b8a6c9fe-5838-42e7-9faa-adff01636559,Symo 24.0-3 480 (1),24.0,parsed_from_inverter_name,139.59,month,devwork
2024-06-08,d95b5e9d-f2d5-4950-85a9-909e52f727ba,Penner Farms - SE 27-8-13 (site 2),a9f3ac23-6f93-447b-9037-adff01636562,Symo 24.0-3 480 (2),24.0,parsed_from_inverter_name,141.63,month,devwork
2024-06-08,d95b5e9d-f2d5-4950-85a9-909e52f727ba,Penner Farms - SE 27-8-13 (site 2),c3ec3bd8-8836-45bb-97b7-adff01636570,Symo 24.0-3 480 (3),24.0,parsed_from_inverter_name,142.42,month,devwork
2024-06-09,d95b5e9d-f2d5-4950-85a9-909e52f727ba,Penner Farms - SE 27-8-13 (site 2),b8a6c9fe-5838-42e7-9faa-adff01636559,Symo 24.0-3 480 (1),24.0,parsed_from_inverter_name,210.55,month,devwork
2024-06-09,d95b5e9d-f2d5-4950-85a9-909e52f727ba,Penner Farms - SE 27-8-13 (site 2),a9f3ac23-6f93-447b-9037-adff01636562,Symo 24.0-3 480 (2),24.0,parsed_from_inverter_name,213.68,month,devwork
2024-06-09,d95b5e9d-f2d5-4950-85a9-909e52f727ba,Penner Farms - SE 27-8-13 (site 2),c3ec3bd8-8836-45bb-97b7-adff01636570,Symo 24.0-3 480 (3),24.0,parsed_from_inverter_name,214.82,month,devwork
2024-06-10,d95b5e9d-f2d5-4950-85a9-909e52f727ba,Penner Farms - SE 27-8-13 (site 2),b8a6c9fe-5838-42e7-9faa-adff01636559,Symo 24.0-3 480 (1),24.0,parsed_from_inverter_name,6.08,month,devwork
2024-06-10,d95b5e9d-f2d5-4950-85a9-909e52f727ba,Penner Farms - SE 27-8-13 (site 2),a9f3ac23-6f93-447b-9037-adff01636562,Symo 24.0-3 480 (2),24.0,parsed_from_inverter_name,6.15,month,devwork
2024-06-10,d95b5e9d-f2d5-4950-85a9-909e52f727ba,Penner Farms - SE 27-8-13 (site 2),c3ec3bd8-8836-45bb-97b7-adff01636570,Symo 24.0-3 480 (3),24.0,parsed_from_inverter_name,6.24,month,devwork
2024-06-11,d95b5e9d-f2d5-4950-85a9-909e52f727ba,Penner Farms - SE 27-8-13 (site 2),b8a6c9fe-5838-42e7-9faa-adff01636559,Symo 24.0-3 480 (1),24.0,parsed_from_inverter_name,206.1,month,devwork
2024-06-11,d95b5e9d-f2d5-4950-85a9-909e52f727ba,Penner Farms - SE 27-8-13 (site 2),a9f3ac23-6f93-447b-9037-adff01636562,Symo 24.0-3 480 (2),24.0,parsed_from_inverter_name,206.77,month,devwork
2024-06-11,d95b5e9d-f2d5-4950-85a9-909e52f727ba,Penner Farms - SE 27-8-13 (site 2),c3ec3bd8-8836-45bb-97b7-adff01636570,Symo 24.0-3 480 (3),24.0,parsed_from_inverter_name,208.05,month,devwork
2024-06-12,d95b5e9d-f2d5-4950-85a9-909e52f727ba,Penner Farms - SE 27-8-13 (site 2),b8a6c9fe-5838-42e7-9faa-adff01636559,Symo 24.0-3 480 (1),24.0,parsed_from_inverter_name,213.71,month,devwork
2024-06-12,d95b5e9d-f2d5-4950-85a9-909e52f727ba,Penner Farms - SE 27-8-13 (site 2),a9f3ac23-6f93-447b-9037-adff01636562,Symo 24.0-3 480 (2),24.0,parsed_from_inverter_name,214.12,month,devwork
2024-06-12,d95b5e9d-f2d5-4950-85a9-909e52f727ba,Penner Farms - SE 27-8-13 (site 2),c3ec3bd8-8836-45bb-97b7-adff01636570,Symo 24.0-3 480 (3),24.0,parsed_from_inverter_name,215.32,month,devwork
2024-06-13,d95b5e9d-f2d5-4950-85a9-909e52f727ba,Penner Farms - SE 27-8-13 (site 2),b8a6c9fe-5838-42e7-9faa-adff01636559,Symo 24.0-3 480 (1),24.0,parsed_from_inverter_name,202.79,month,devwork
2024-06-13,d95b5e9d-f2d5-4950-85a9-909e52f727ba,Penner Farms - SE 27-8-13 (site 2),a9f3ac23-6f93-447b-9037-adff01636562,Symo 24.0-3 480 (2),24.0,parsed_from_inverter_name,203.7,month,devwork
2024-06-13,d95b5e9d-f2d5-4950-85a9-909e52f727ba,Penner Farms - SE 27-8-13 (site 2),c3ec3bd8-8836-45bb-97b7-adff01636570,Symo 24.0-3 480 (3),24.0,parsed_from_inverter_name,205.24,month,devwork
2024-06-14,d95b5e9d-f2d5-4950-85a9-909e52f727ba,Penner Farms - SE 27-8-13 (site 2),b8a6c9fe-5838-42e7-9faa-adff01636559,Symo 24.0-3 480 (1),24.0,parsed_from_inverter_name,169.7,month,devwork
2024-06-14,d95b5e9d-f2d5-4950-85a9-909e52f727ba,Penner Farms - SE 27-8-13 (site 2),a9f3ac23-6f93-447b-9037-adff01636562,Symo 24.0-3 480 (2),24.0,parsed_from_inverter_name,170.93,month,devwork
2024-06-14,d95b5e9d-f2d5-4950-85a9-909e52f727ba,Penner Farms - SE 27-8-13 (site 2),c3ec3bd8-8836-45bb-97b7-adff01636570,Symo 24.0-3 480 (3),24.0,parsed_from_inverter_name,169.96,month,devwork
2024-06-15,d95b5e9d-f2d5-4950-85a9-909e52f727ba,Penner Farms - SE 27-8-13 (site 2),b8a6c9fe-5838-42e7-9faa-adff01636559,Symo 24.0-3 480 (1),24.0,parsed_from_inverter_name,125.8,month,devwork
2024-06-15,d95b5e9d-f2d5-4950-85a9-909e52f727ba,Penner Farms - SE 27-8-13 (site 2),a9f3ac23-6f93-447b-9037-adff01636562,Symo 24.0-3 480 (2),24.0,parsed_from_inverter_name,127.01,month,devwork
2024-06-15,d95b5e9d-f2d5-4950-85a9-909e52f727ba,Penner Farms - SE 27-8-13 (site 2),c3ec3bd8-8836-45bb-97b7-adff01636570,Symo 24.0-3 480 (3),24.0,parsed_from_inverter_name,128.94,month,devwork
2024-06-16,d95b5e9d-f2d5-4950-85a9-909e52f727ba,Penner Farms - SE 27-8-13 (site 2),b8a6c9fe-5838-42e7-9faa-adff01636559,Symo 24.0-3 480 (1),24.0,parsed_from_inverter_name,73.97,month,devwork
2024-06-16,d95b5e9d-f2d5-4950-85a9-909e52f727ba,Penner Farms - SE 27-8-13 (site 2),a9f3ac23-6f93-447b-9037-adff01636562,Symo 24.0-3 480 (2),24.0,parsed_from_inverter_name,74.98,month,devwork
2024-06-16,d95b5e9d-f2d5-4950-85a9-909e52f727ba,Penner Farms - SE 27-8-13 (site 2),c3ec3bd8-8836-45bb-97b7-adff01636570,Symo 24.0-3 480 (3),24.0,parsed_from_inverter_name,75.58,month,devwork
2024-06-17,d95b5e9d-f2d5-4950-85a9-909e52f727ba,Penner Farms - SE 27-8-13 (site 2),b8a6c9fe-5838-42e7-9faa-adff01636559,Symo 24.0-3 480 (1),24.0,parsed_from_inverter_name,79.49,month,devwork
2024-06-17,d95b5e9d-f2d5-4950-85a9-909e52f727ba,Penner Farms - SE 27-8-13 (site 2),a9f3ac23-6f93-447b-9037-adff01636562,Symo 24.0-3 480 (2),24.0,parsed_from_inverter_name,80.36,month,devwork
2024-06-17,d95b5e9d-f2d5-4950-85a9-909e52f727ba,Penner Farms - SE 27-8-13 (site 2),c3ec3bd8-8836-45bb-97b7-adff01636570,Symo 24.0-3 480 (3),24.0,parsed_from_inverter_name,81.17,month,devwork
2024-06-18,d95b5e9d-f2d5-4950-85a9-909e52f727ba,Penner Farms - SE 27-8-13 (site 2),b8a6c9fe-5838-42e7-9faa-adff01636559,Symo 24.0-3 480 (1),24.0,parsed_from_inverter_name,73.0,month,devwork
2024-06-18,d95b5e9d-f2d5-4950-85a9-909e52f727ba,Penner Farms - SE 27-8-13 (site 2),a9f3ac23-6f93-447b-9037-adff01636562,Symo 24.0-3 480 (2),24.0,parsed_from_inverter_name,74.01,month,devwork
2024-06-18,d95b5e9d-f2d5-4950-85a9-909e52f727ba,Penner Farms - SE 27-8-13 (site 2),c3ec3bd8-8836-45bb-97b7-adff01636570,Symo 24.0-3 480 (3),24.0,parsed_from_inverter_name,74.46,month,devwork
2024-06-19,d95b5e9d-f2d5-4950-85a9-909e52f727ba,Penner Farms - SE 27-8-13 (site 2),b8a6c9fe-5838-42e7-9faa-adff01636559,Symo 24.0-3 480 (1),24.0,parsed_from_inverter_name,185.26,month,devwork
2024-06-19,d95b5e9d-f2d5-4950-85a9-909e52f727ba,Penner Farms - SE 27-8-13 (site 2),a9f3ac23-6f93-447b-9037-adff01636562,Symo 24.0-3 480 (2),24.0,parsed_from_inverter_name,187.41,month,devwork
2024-06-19,d95b5e9d-f2d5-4950-85a9-909e52f727ba,Penner Farms - SE 27-8-13 (site 2),c3ec3bd8-8836-45bb-97b7-adff01636570,Symo 24.0-3 480 (3),24.0,parsed_from_inverter_name,188.84,month,devwork
2024-06-20,d95b5e9d-f2d5-4950-85a9-909e52f727ba,Penner Farms - SE 27-8-13 (site 2),b8a6c9fe-5838-42e7-9faa-adff01636559,Symo 24.0-3 480 (1),24.0,parsed_from_inverter_name,182.03,month,devwork
2024-06-20,d95b5e9d-f2d5-4950-85a9-909e52f727ba,Penner Farms - SE 27-8-13 (site 2),a9f3ac23-6f93-447b-9037-adff01636562,Symo 24.0-3 480 (2),24.0,parsed_from_inverter_name,183.75,month,devwork
2024-06-20,d95b5e9d-f2d5-4950-85a9-909e52f727ba,Penner Farms - SE 27-8-13 (site 2),c3ec3bd8-8836-45bb-97b7-adff01636570,Symo 24.0-3 480 (3),24.0,parsed_from_inverter_name,182.44,month,devwork
2024-06-21,d95b5e9d-f2d5-4950-85a9-909e52f727ba,Penner Farms - SE 27-8-13 (site 2),b8a6c9fe-5838-42e7-9faa-adff01636559,Symo 24.0-3 480 (1),24.0,parsed_from_inverter_name,186.47,month,devwork
2024-06-21,d95b5e9d-f2d5-4950-85a9-909e52f727ba,Penner Farms - SE 27-8-13 (site 2),a9f3ac23-6f93-447b-9037-adff01636562,Symo 24.0-3 480 (2),24.0,parsed_from_inverter_name,187.6,month,devwork
2024-06-21,d95b5e9d-f2d5-4950-85a9-909e52f727ba,Penner Farms - SE 27-8-13 (site 2),c3ec3bd8-8836-45bb-97b7-adff01636570,Symo 24.0-3 480 (3),24.0,parsed_from_inverter_name,165.51,month,devwork
2024-06-22,d95b5e9d-f2d5-4950-85a9-909e52f727ba,Penner Farms - SE 27-8-13 (site 2),b8a6c9fe-5838-42e7-9faa-adff01636559,Symo 24.0-3 480 (1),24.0,parsed_from_inverter_name,207.72,month,devwork
2024-06-22,d95b5e9d-f2d5-4950-85a9-909e52f727ba,Penner Farms - SE 27-8-13 (site 2),a9f3ac23-6f93-447b-9037-adff01636562,Symo 24.0-3 480 (2),24.0,parsed_from_inverter_name,212.62,month,devwork
2024-06-22,d95b5e9d-f2d5-4950-85a9-909e52f727ba,Penner Farms - SE 27-8-13 (site 2),c3ec3bd8-8836-45bb-97b7-adff01636570,Symo 24.0-3 480 (3),24.0,parsed_from_inverter_name,214.18,month,devwork
2024-06-23,d95b5e9d-f2d5-4950-85a9-909e52f727ba,Penner Farms - SE 27-8-13 (site 2),b8a6c9fe-5838-42e7-9faa-adff01636559,Symo 24.0-3 480 (1),24.0,parsed_from_inverter_name,202.16,month,devwork
2024-06-23,d95b5e9d-f2d5-4950-85a9-909e52f727ba,Penner Farms - SE 27-8-13 (site 2),a9f3ac23-6f93-447b-9037-adff01636562,Symo 24.0-3 480 (2),24.0,parsed_from_inverter_name,200.95,month,devwork
2024-06-23,d95b5e9d-f2d5-4950-85a9-909e52f727ba,Penner Farms - SE 27-8-13 (site 2),c3ec3bd8-8836-45bb-97b7-adff01636570,Symo 24.0-3 480 (3),24.0,parsed_from_inverter_name,199.79,month,devwork
2024-06-24,d95b5e9d-f2d5-4950-85a9-909e52f727ba,Penner Farms - SE 27-8-13 (site 2),b8a6c9fe-5838-42e7-9faa-adff01636559,Symo 24.0-3 480 (1),24.0,parsed_from_inverter_name,216.73,month,devwork
2024-06-24,d95b5e9d-f2d5-4950-85a9-909e52f727ba,Penner Farms - SE 27-8-13 (site 2),a9f3ac23-6f93-447b-9037-adff01636562,Symo 24.0-3 480 (2),24.0,parsed_from_inverter_name,217.54,month,devwork
2024-06-24,d95b5e9d-f2d5-4950-85a9-909e52f727ba,Penner Farms - SE 27-8-13 (site 2),c3ec3bd8-8836-45bb-97b7-adff01636570,Symo 24.0-3 480 (3),24.0,parsed_from_inverter_name,218.79,month,devwork
2024-06-25,d95b5e9d-f2d5-4950-85a9-909e52f727ba,Penner Farms - SE 27-8-13 (site 2),b8a6c9fe-5838-42e7-9faa-adff01636559,Symo 24.0-3 480 (1),24.0,parsed_from_inverter_name,217.45,month,devwork
2024-06-25,d95b5e9d-f2d5-4950-85a9-909e52f727ba,Penner Farms - SE 27-8-13 (site 2),a9f3ac23-6f93-447b-9037-adff01636562,Symo 24.0-3 480 (2),24.0,parsed_from_inverter_name,218.33,month,devwork
2024-06-25,d95b5e9d-f2d5-4950-85a9-909e52f727ba,Penner Farms - SE 27-8-13 (site 2),c3ec3bd8-8836-45bb-97b7-adff01636570,Symo 24.0-3 480 (3),24.0,parsed_from_inverter_name,219.5,month,devwork
2024-06-26,d95b5e9d-f2d5-4950-85a9-909e52f727ba,Penner Farms - SE 27-8-13 (site 2),b8a6c9fe-5838-42e7-9faa-adff01636559,Symo 24.0-3 480 (1),24.0,parsed_from_inverter_name,150.46,month,devwork
2024-06-26,d95b5e9d-f2d5-4950-85a9-909e52f727ba,Penner Farms - SE 27-8-13 (site 2),a9f3ac23-6f93-447b-9037-adff01636562,Symo 24.0-3 480 (2),24.0,parsed_from_inverter_name,151.88,month,devwork
2024-06-26,d95b5e9d-f2d5-4950-85a9-909e52f727ba,Penner Farms - SE 27-8-13 (site 2),c3ec3bd8-8836-45bb-97b7-adff01636570,Symo 24.0-3 480 (3),24.0,parsed_from_inverter_name,153.89,month,devwork
2024-06-27,d95b5e9d-f2d5-4950-85a9-909e52f727ba,Penner Farms - SE 27-8-13 (site 2),b8a6c9fe-5838-42e7-9faa-adff01636559,Symo 24.0-3 480 (1),24.0,parsed_from_inverter_name,82.8,month,devwork
2024-06-27,d95b5e9d-f2d5-4950-85a9-909e52f727ba,Penner Farms - SE 27-8-13 (site 2),a9f3ac23-6f93-447b-9037-adff01636562,Symo 24.0-3 480 (2),24.0,parsed_from_inverter_name,83.86,month,devwork
2024-06-27,d95b5e9d-f2d5-4950-85a9-909e52f727ba,Penner Farms - SE 27-8-13 (site 2),c3ec3bd8-8836-45bb-97b7-adff01636570,Symo 24.0-3 480 (3),24.0,parsed_from_inverter_name,84.15,month,devwork
2024-06-28,d95b5e9d-f2d5-4950-85a9-909e52f727ba,Penner Farms - SE 27-8-13 (site 2),b8a6c9fe-5838-42e7-9faa-adff01636559,Symo 24.0-3 480 (1),24.0,parsed_from_inverter_name,104.9,month,devwork
2024-06-28,d95b5e9d-f2d5-4950-85a9-909e52f727ba,Penner Farms - SE 27-8-13 (site 2),a9f3ac23-6f93-447b-9037-adff01636562,Symo 24.0-3 480 (2),24.0,parsed_from_inverter_name,106.04,month,devwork
2024-06-28,d95b5e9d-f2d5-4950-85a9-909e52f727ba,Penner Farms - SE 27-8-13 (site 2),c3ec3bd8-8836-45bb-97b7-adff01636570,Symo 24.0-3 480 (3),24.0,parsed_from_inverter_name,106.2,month,devwork
2024-06-29,d95b5e9d-f2d5-4950-85a9-909e52f727ba,Penner Farms - SE 27-8-13 (site 2),b8a6c9fe-5838-42e7-9faa-adff01636559,Symo 24.0-3 480 (1),24.0,parsed_from_inverter_name,208.4,month,devwork
2024-06-29,d95b5e9d-f2d5-4950-85a9-909e52f727ba,Penner Farms - SE 27-8-13 (site 2),a9f3ac23-6f93-447b-9037-adff01636562,Symo 24.0-3 480 (2),24.0,parsed_from_inverter_name,211.09,month,devwork
2024-06-29,d95b5e9d-f2d5-4950-85a9-909e52f727ba,Penner Farms - SE 27-8-13 (site 2),c3ec3bd8-8836-45bb-97b7-adff01636570,Symo 24.0-3 480 (3),24.0,parsed_from_inverter_name,212.77,month,devwork
2024-06-30,d95b5e9d-f2d5-4950-85a9-909e52f727ba,Penner Farms - SE 27-8-13 (site 2),b8a6c9fe-5838-42e7-9faa-adff01636559,Symo 24.0-3 480 (1),24.0,parsed_from_inverter_name,76.17,month,devwork
2024-06-30,d95b5e9d-f2d5-4950-85a9-909e52f727ba,Penner Farms - SE 27-8-13 (site 2),a9f3ac23-6f93-447b-9037-adff01636562,Symo 24.0-3 480 (2),24.0,parsed_from_inverter_name,77.72,month,devwork
2024-06-30,d95b5e9d-f2d5-4950-85a9-909e52f727ba,Penner Farms - SE 27-8-13 (site 2),c3ec3bd8-8836-45bb-97b7-adff01636570,Symo 24.0-3 480 (3),24.0,parsed_from_inverter_name,78.35,month,devwork
2024-07-01,d95b5e9d-f2d5-4950-85a9-909e52f727ba,Penner Farms - SE 27-8-13 (site 2),b8a6c9fe-5838-42e7-9faa-adff01636559,Symo 24.0-3 480 (1),24.0,parsed_from_inverter_name,118.45,month,devwork
2024-07-01,d95b5e9d-f2d5-4950-85a9-909e52f727ba,Penner Farms - SE 27-8-13 (site 2),a9f3ac23-6f93-447b-9037-adff01636562,Symo 24.0-3 480 (2),24.0,parsed_from_inverter_name,119.77,month,devwork
2024-07-01,d95b5e9d-f2d5-4950-85a9-909e52f727ba,Penner Farms - SE 27-8-13 (site 2),c3ec3bd8-8836-45bb-97b7-adff01636570,Symo 24.0-3 480 (3),24.0,parsed_from_inverter_name,120.31,month,devwork
2024-07-02,d95b5e9d-f2d5-4950-85a9-909e52f727ba,Penner Farms - SE 27-8-13 (site 2),b8a6c9fe-5838-42e7-9faa-adff01636559,Symo 24.0-3 480 (1),24.0,parsed_from_inverter_name,184.9,month,devwork
2024-07-02,d95b5e9d-f2d5-4950-85a9-909e52f727ba,Penner Farms - SE 27-8-13 (site 2),a9f3ac23-6f93-447b-9037-adff01636562,Symo 24.0-3 480 (2),24.0,parsed_from_inverter_name,185.91,month,devwork
2024-07-02,d95b5e9d-f2d5-4950-85a9-909e52f727ba,Penner Farms - SE 27-8-13 (site 2),c3ec3bd8-8836-45bb-97b7-adff01636570,Symo 24.0-3 480 (3),24.0,parsed_from_inverter_name,186.7,month,devwork
2024-07-03,d95b5e9d-f2d5-4950-85a9-909e52f727ba,Penner Farms - SE 27-8-13 (site 2),b8a6c9fe-5838-42e7-9faa-adff01636559,Symo 24.0-3 480 (1),24.0,parsed_from_inverter_name,139.07,month,devwork
2024-07-03,d95b5e9d-f2d5-4950-85a9-909e52f727ba,Penner Farms - SE 27-8-13 (site 2),a9f3ac23-6f93-447b-9037-adff01636562,Symo 24.0-3 480 (2),24.0,parsed_from_inverter_name,140.26,month,devwork
2024-07-03,d95b5e9d-f2d5-4950-85a9-909e52f727ba,Penner Farms - SE 27-8-13 (site 2),c3ec3bd8-8836-45bb-97b7-adff01636570,Symo 24.0-3 480 (3),24.0,parsed_from_inverter_name,139.53,month,devwork
2024-07-04,d95b5e9d-f2d5-4950-85a9-909e52f727ba,Penner Farms - SE 27-8-13 (site 2),b8a6c9fe-5838-42e7-9faa-adff01636559,Symo 24.0-3 480 (1),24.0,parsed_from_inverter_name,180.89,month,devwork
2024-07-04,d95b5e9d-f2d5-4950-85a9-909e52f727ba,Penner Farms - SE 27-8-13 (site 2),a9f3ac23-6f93-447b-9037-adff01636562,Symo 24.0-3 480 (2),24.0,parsed_from_inverter_name,182.01,month,devwork
2024-07-04,d95b5e9d-f2d5-4950-85a9-909e52f727ba,Penner Farms - SE 27-8-13 (site 2),c3ec3bd8-8836-45bb-97b7-adff01636570,Symo 24.0-3 480 (3),24.0,parsed_from_inverter_name,181.48,month,devwork
2024-07-05,d95b5e9d-f2d5-4950-85a9-909e52f727ba,Penner Farms - SE 27-8-13 (site 2),b8a6c9fe-5838-42e7-9faa-adff01636559,Symo 24.0-3 480 (1),24.0,parsed_from_inverter_name,0.14,month,devwork
2024-07-05,d95b5e9d-f2d5-4950-85a9-909e52f727ba,Penner Farms - SE 27-8-13 (site 2),a9f3ac23-6f93-447b-9037-adff01636562,Symo 24.0-3 480 (2),24.0,parsed_from_inverter_name,0.15,month,devwork
2024-07-05,d95b5e9d-f2d5-4950-85a9-909e52f727ba,Penner Farms - SE 27-8-13 (site 2),c3ec3bd8-8836-45bb-97b7-adff01636570,Symo 24.0-3 480 (3),24.0,parsed_from_inverter_name,0.15,month,devwork
2024-07-06,d95b5e9d-f2d5-4950-85a9-909e52f727ba,Penner Farms - SE 27-8-13 (site 2),b8a6c9fe-5838-42e7-9faa-adff01636559,Symo 24.0-3 480 (1),24.0,parsed_from_inverter_name,185.28,month,devwork
2024-07-06,d95b5e9d-f2d5-4950-85a9-909e52f727ba,Penner Farms - SE 27-8-13 (site 2),a9f3ac23-6f93-447b-9037-adff01636562,Symo 24.0-3 480 (2),24.0,parsed_from_inverter_name,186.18,month,devwork
2024-07-06,d95b5e9d-f2d5-4950-85a9-909e52f727ba,Penner Farms - SE 27-8-13 (site 2),c3ec3bd8-8836-45bb-97b7-adff01636570,Symo 24.0-3 480 (3),24.0,parsed_from_inverter_name,187.02,month,devwork
2024-07-07,d95b5e9d-f2d5-4950-85a9-909e52f727ba,Penner Farms - SE 27-8-13 (site 2),b8a6c9fe-5838-42e7-9faa-adff01636559,Symo 24.0-3 480 (1),24.0,parsed_from_inverter_name,207.81,month,devwork
2024-07-07,d95b5e9d-f2d5-4950-85a9-909e52f727ba,Penner Farms - SE 27-8-13 (site 2),a9f3ac23-6f93-447b-9037-adff01636562,Symo 24.0-3 480 (2),24.0,parsed_from_inverter_name,208.58,month,devwork
2024-07-07,d95b5e9d-f2d5-4950-85a9-909e52f727ba,Penner Farms - SE 27-8-13 (site 2),c3ec3bd8-8836-45bb-97b7-adff01636570,Symo 24.0-3 480 (3),24.0,parsed_from_inverter_name,209.79,month,devwork
2024-07-08,d95b5e9d-f2d5-4950-85a9-909e52f727ba,Penner Farms - SE 27-8-13 (site 2),b8a6c9fe-5838-42e7-9faa-adff01636559,Symo 24.0-3 480 (1),24.0,parsed_from_inverter_name,206.45,month,devwork
2024-07-08,d95b5e9d-f2d5-4950-85a9-909e52f727ba,Penner Farms - SE 27-8-13 (site 2),a9f3ac23-6f93-447b-9037-adff01636562,Symo 24.0-3 480 (2),24.0,parsed_from_inverter_name,206.83,month,devwork
2024-07-08,d95b5e9d-f2d5-4950-85a9-909e52f727ba,Penner Farms - SE 27-8-13 (site 2),c3ec3bd8-8836-45bb-97b7-adff01636570,Symo 24.0-3 480 (3),24.0,parsed_from_inverter_name,208.0,month,devwork
2024-07-09,d95b5e9d-f2d5-4950-85a9-909e52f727ba,Penner Farms - SE 27-8-13 (site 2),b8a6c9fe-5838-42e7-9faa-adff01636559,Symo 24.0-3 480 (1),24.0,parsed_from_inverter_name,203.88,month,devwork
2024-07-09,d95b5e9d-f2d5-4950-85a9-909e52f727ba,Penner Farms - SE 27-8-13 (site 2),a9f3ac23-6f93-447b-9037-adff01636562,Symo 24.0-3 480 (2),24.0,parsed_from_inverter_name,204.91,month,devwork
2024-07-09,d95b5e9d-f2d5-4950-85a9-909e52f727ba,Penner Farms - SE 27-8-13 (site 2),c3ec3bd8-8836-45bb-97b7-adff01636570,Symo 24.0-3 480 (3),24.0,parsed_from_inverter_name,206.26,month,devwork
2024-07-10,d95b5e9d-f2d5-4950-85a9-909e52f727ba,Penner Farms - SE 27-8-13 (site 2),b8a6c9fe-5838-42e7-9faa-adff01636559,Symo 24.0-3 480 (1),24.0,parsed_from_inverter_name,202.15,month,devwork
2024-07-10,d95b5e9d-f2d5-4950-85a9-909e52f727ba,Penner Farms - SE 27-8-13 (site 2),a9f3ac23-6f93-447b-9037-adff01636562,Symo 24.0-3 480 (2),24.0,parsed_from_inverter_name,204.39,month,devwork
2024-07-10,d95b5e9d-f2d5-4950-85a9-909e52f727ba,Penner Farms - SE 27-8-13 (site 2),c3ec3bd8-8836-45bb-97b7-adff01636570,Symo 24.0-3 480 (3),24.0,parsed_from_inverter_name,205.77,month,devwork
2024-07-11,d95b5e9d-f2d5-4950-85a9-909e52f727ba,Penner Farms - SE 27-8-13 (site 2),b8a6c9fe-5838-42e7-9faa-adff01636559,Symo 24.0-3 480 (1),24.0,parsed_from_inverter_name,203.65,month,devwork
2024-07-11,d95b5e9d-f2d5-4950-85a9-909e52f727ba,Penner Farms - SE 27-8-13 (site 2),a9f3ac23-6f93-447b-9037-adff01636562,Symo 24.0-3 480 (2),24.0,parsed_from_inverter_name,204.44,month,devwork
2024-07-11,d95b5e9d-f2d5-4950-85a9-909e52f727ba,Penner Farms - SE 27-8-13 (site 2),c3ec3bd8-8836-45bb-97b7-adff01636570,Symo 24.0-3 480 (3),24.0,parsed_from_inverter_name,205.46,month,devwork
2024-07-12,d95b5e9d-f2d5-4950-85a9-909e52f727ba,Penner Farms - SE 27-8-13 (site 2),b8a6c9fe-5838-42e7-9faa-adff01636559,Symo 24.0-3 480 (1),24.0,parsed_from_inverter_name,201.11,month,devwork
2024-07-12,d95b5e9d-f2d5-4950-85a9-909e52f727ba,Penner Farms - SE 27-8-13 (site 2),a9f3ac23-6f93-447b-9037-adff01636562,Symo 24.0-3 480 (2),24.0,parsed_from_inverter_name,202.3,month,devwork
2024-07-12,d95b5e9d-f2d5-4950-85a9-909e52f727ba,Penner Farms - SE 27-8-13 (site 2),c3ec3bd8-8836-45bb-97b7-adff01636570,Symo 24.0-3 480 (3),24.0,parsed_from_inverter_name,203.39,month,devwork
2024-07-13,d95b5e9d-f2d5-4950-85a9-909e52f727ba,Penner Farms - SE 27-8-13 (site 2),b8a6c9fe-5838-42e7-9faa-adff01636559,Symo 24.0-3 480 (1),24.0,parsed_from_inverter_name,200.38,month,devwork
2024-07-13,d95b5e9d-f2d5-4950-85a9-909e52f727ba,Penner Farms - SE 27-8-13 (site 2),a9f3ac23-6f93-447b-9037-adff01636562,Symo 24.0-3 480 (2),24.0,parsed_from_inverter_name,202.55,month,devwork
2024-07-13,d95b5e9d-f2d5-4950-85a9-909e52f727ba,Penner Farms - SE 27-8-13 (site 2),c3ec3bd8-8836-45bb-97b7-adff01636570,Symo 24.0-3 480 (3),24.0,parsed_from_inverter_name,203.77,month,devwork
2024-07-14,d95b5e9d-f2d5-4950-85a9-909e52f727ba,Penner Farms - SE 27-8-13 (site 2),b8a6c9fe-5838-42e7-9faa-adff01636559,Symo 24.0-3 480 (1),24.0,parsed_from_inverter_name,200.66,month,devwork
2024-07-14,d95b5e9d-f2d5-4950-85a9-909e52f727ba,Penner Farms - SE 27-8-13 (site 2),a9f3ac23-6f93-447b-9037-adff01636562,Symo 24.0-3 480 (2),24.0,parsed_from_inverter_name,201.49,month,devwork
2024-07-14,d95b5e9d-f2d5-4950-85a9-909e52f727ba,Penner Farms - SE 27-8-13 (site 2),c3ec3bd8-8836-45bb-97b7-adff01636570,Symo 24.0-3 480 (3),24.0,parsed_from_inverter_name,203.32,month,devwork
2024-07-15,d95b5e9d-f2d5-4950-85a9-909e52f727ba,Penner Farms - SE 27-8-13 (site 2),b8a6c9fe-5838-42e7-9faa-adff01636559,Symo 24.0-3 480 (1),24.0,parsed_from_inverter_name,195.41,month,devwork
2024-07-15,d95b5e9d-f2d5-4950-85a9-909e52f727ba,Penner Farms - SE 27-8-13 (site 2),a9f3ac23-6f93-447b-9037-adff01636562,Symo 24.0-3 480 (2),24.0,parsed_from_inverter_name,197.7,month,devwork
2024-07-15,d95b5e9d-f2d5-4950-85a9-909e52f727ba,Penner Farms - SE 27-8-13 (site 2),c3ec3bd8-8836-45bb-97b7-adff01636570,Symo 24.0-3 480 (3),24.0,parsed_from_inverter_name,198.88,month,devwork
2024-07-16,d95b5e9d-f2d5-4950-85a9-909e52f727ba,Penner Farms - SE 27-8-13 (site 2),b8a6c9fe-5838-42e7-9faa-adff01636559,Symo 24.0-3 480 (1),24.0,parsed_from_inverter_name,196.0,month,devwork
2024-07-16,d95b5e9d-f2d5-4950-85a9-909e52f727ba,Penner Farms - SE 27-8-13 (site 2),a9f3ac23-6f93-447b-9037-adff01636562,Symo 24.0-3 480 (2),24.0,parsed_from_inverter_name,197.18,month,devwork
2024-07-16,d95b5e9d-f2d5-4950-85a9-909e52f727ba,Penner Farms - SE 27-8-13 (site 2),c3ec3bd8-8836-45bb-97b7-adff01636570,Symo 24.0-3 480 (3),24.0,parsed_from_inverter_name,198.54,month,devwork
2024-07-17,d95b5e9d-f2d5-4950-85a9-909e52f727ba,Penner Farms - SE 27-8-13 (site 2),b8a6c9fe-5838-42e7-9faa-adff01636559,Symo 24.0-3 480 (1),24.0,parsed_from_inverter_name,195.14,month,devwork
2024-07-17,d95b5e9d-f2d5-4950-85a9-909e52f727ba,Penner Farms - SE 27-8-13 (site 2),a9f3ac23-6f93-447b-9037-adff01636562,Symo 24.0-3 480 (2),24.0,parsed_from_inverter_name,200.07,month,devwork
2024-07-17,d95b5e9d-f2d5-4950-85a9-909e52f727ba,Penner Farms - SE 27-8-13 (site 2),c3ec3bd8-8836-45bb-97b7-adff01636570,Symo 24.0-3 480 (3),24.0,parsed_from_inverter_name,202.54,month,devwork
2024-07-18,d95b5e9d-f2d5-4950-85a9-909e52f727ba,Penner Farms - SE 27-8-13 (site 2),b8a6c9fe-5838-42e7-9faa-adff01636559,Symo 24.0-3 480 (1),24.0,parsed_from_inverter_name,106.95,month,devwork
2024-07-18,d95b5e9d-f2d5-4950-85a9-909e52f727ba,Penner Farms - SE 27-8-13 (site 2),a9f3ac23-6f93-447b-9037-adff01636562,Symo 24.0-3 480 (2),24.0,parsed_from_inverter_name,108.26,month,devwork
2024-07-18,d95b5e9d-f2d5-4950-85a9-909e52f727ba,Penner Farms - SE 27-8-13 (site 2),c3ec3bd8-8836-45bb-97b7-adff01636570,Symo 24.0-3 480 (3),24.0,parsed_from_inverter_name,108.69,month,devwork
2024-07-19,d95b5e9d-f2d5-4950-85a9-909e52f727ba,Penner Farms - SE 27-8-13 (site 2),b8a6c9fe-5838-42e7-9faa-adff01636559,Symo 24.0-3 480 (1),24.0,parsed_from_inverter_name,194.24,month,devwork
2024-07-19,d95b5e9d-f2d5-4950-85a9-909e52f727ba,Penner Farms - SE 27-8-13 (site 2),a9f3ac23-6f93-447b-9037-adff01636562,Symo 24.0-3 480 (2),24.0,parsed_from_inverter_name,195.52,month,devwork
2024-07-19,d95b5e9d-f2d5-4950-85a9-909e52f727ba,Penner Farms - SE 27-8-13 (site 2),c3ec3bd8-8836-45bb-97b7-adff01636570,Symo 24.0-3 480 (3),24.0,parsed_from_inverter_name,195.07,month,devwork
2024-07-20,d95b5e9d-f2d5-4950-85a9-909e52f727ba,Penner Farms - SE 27-8-13 (site 2),b8a6c9fe-5838-42e7-9faa-adff01636559,Symo 24.0-3 480 (1),24.0,parsed_from_inverter_name,191.32,month,devwork
2024-07-20,d95b5e9d-f2d5-4950-85a9-909e52f727ba,Penner Farms - SE 27-8-13 (site 2),a9f3ac23-6f93-447b-9037-adff01636562,Symo 24.0-3 480 (2),24.0,parsed_from_inverter_name,192.54,month,devwork
2024-07-20,d95b5e9d-f2d5-4950-85a9-909e52f727ba,Penner Farms - SE 27-8-13 (site 2),c3ec3bd8-8836-45bb-97b7-adff01636570,Symo 24.0-3 480 (3),24.0,parsed_from_inverter_name,193.58,month,devwork
2024-07-21,d95b5e9d-f2d5-4950-85a9-909e52f727ba,Penner Farms - SE 27-8-13 (site 2),b8a6c9fe-5838-42e7-9faa-adff01636559,Symo 24.0-3 480 (1),24.0,parsed_from_inverter_name,186.11,month,devwork
2024-07-21,d95b5e9d-f2d5-4950-85a9-909e52f727ba,Penner Farms - SE 27-8-13 (site 2),a9f3ac23-6f93-447b-9037-adff01636562,Symo 24.0-3 480 (2),24.0,parsed_from_inverter_name,187.85,month,devwork
2024-07-21,d95b5e9d-f2d5-4950-85a9-909e52f727ba,Penner Farms - SE 27-8-13 (site 2),c3ec3bd8-8836-45bb-97b7-adff01636570,Symo 24.0-3 480 (3),24.0,parsed_from_inverter_name,188.71,month,devwork
2024-07-22,d95b5e9d-f2d5-4950-85a9-909e52f727ba,Penner Farms - SE 27-8-13 (site 2),b8a6c9fe-5838-42e7-9faa-adff01636559,Symo 24.0-3 480 (1),24.0,parsed_from_inverter_name,154.75,month,devwork
2024-07-22,d95b5e9d-f2d5-4950-85a9-909e52f727ba,Penner Farms - SE 27-8-13 (site 2),a9f3ac23-6f93-447b-9037-adff01636562,Symo 24.0-3 480 (2),24.0,parsed_from_inverter_name,156.91,month,devwork
2024-07-22,d95b5e9d-f2d5-4950-85a9-909e52f727ba,Penner Farms - SE 27-8-13 (site 2),c3ec3bd8-8836-45bb-97b7-adff01636570,Symo 24.0-3 480 (3),24.0,parsed_from_inverter_name,157.51,month,devwork
2024-07-23,d95b5e9d-f2d5-4950-85a9-909e52f727ba,Penner Farms - SE 27-8-13 (site 2),b8a6c9fe-5838-42e7-9faa-adff01636559,Symo 24.0-3 480 (1),24.0,parsed_from_inverter_name,188.22,month,devwork
2024-07-23,d95b5e9d-f2d5-4950-85a9-909e52f727ba,Penner Farms - SE 27-8-13 (site 2),a9f3ac23-6f93-447b-9037-adff01636562,Symo 24.0-3 480 (2),24.0,parsed_from_inverter_name,189.71,month,devwork
2024-07-23,d95b5e9d-f2d5-4950-85a9-909e52f727ba,Penner Farms - SE 27-8-13 (site 2),c3ec3bd8-8836-45bb-97b7-adff01636570,Symo 24.0-3 480 (3),24.0,parsed_from_inverter_name,189.86,month,devwork
2024-07-24,d95b5e9d-f2d5-4950-85a9-909e52f727ba,Penner Farms - SE 27-8-13 (site 2),b8a6c9fe-5838-42e7-9faa-adff01636559,Symo 24.0-3 480 (1),24.0,parsed_from_inverter_name,193.5,month,devwork
2024-07-24,d95b5e9d-f2d5-4950-85a9-909e52f727ba,Penner Farms - SE 27-8-13 (site 2),a9f3ac23-6f93-447b-9037-adff01636562,Symo 24.0-3 480 (2),24.0,parsed_from_inverter_name,194.55,month,devwork
2024-07-24,d95b5e9d-f2d5-4950-85a9-909e52f727ba,Penner Farms - SE 27-8-13 (site 2),c3ec3bd8-8836-45bb-97b7-adff01636570,Symo 24.0-3 480 (3),24.0,parsed_from_inverter_name,195.44,month,devwork
2024-07-25,d95b5e9d-f2d5-4950-85a9-909e52f727ba,Penner Farms - SE 27-8-13 (site 2),b8a6c9fe-5838-42e7-9faa-adff01636559,Symo 24.0-3 480 (1),24.0,parsed_from_inverter_name,177.8,month,devwork
2024-07-25,d95b5e9d-f2d5-4950-85a9-909e52f727ba,Penner Farms - SE 27-8-13 (site 2),a9f3ac23-6f93-447b-9037-adff01636562,Symo 24.0-3 480 (2),24.0,parsed_from_inverter_name,179.0,month,devwork
2024-07-25,d95b5e9d-f2d5-4950-85a9-909e52f727ba,Penner Farms - SE 27-8-13 (site 2),c3ec3bd8-8836-45bb-97b7-adff01636570,Symo 24.0-3 480 (3),24.0,parsed_from_inverter_name,178.95,month,devwork
2024-07-26,d95b5e9d-f2d5-4950-85a9-909e52f727ba,Penner Farms - SE 27-8-13 (site 2),b8a6c9fe-5838-42e7-9faa-adff01636559,Symo 24.0-3 480 (1),24.0,parsed_from_inverter_name,205.73,month,devwork
2024-07-26,d95b5e9d-f2d5-4950-85a9-909e52f727ba,Penner Farms - SE 27-8-13 (site 2),a9f3ac23-6f93-447b-9037-adff01636562,Symo 24.0-3 480 (2),24.0,parsed_from_inverter_name,206.47,month,devwork
2024-07-26,d95b5e9d-f2d5-4950-85a9-909e52f727ba,Penner Farms - SE 27-8-13 (site 2),c3ec3bd8-8836-45bb-97b7-adff01636570,Symo 24.0-3 480 (3),24.0,parsed_from_inverter_name,206.84,month,devwork
2024-07-27,d95b5e9d-f2d5-4950-85a9-909e52f727ba,Penner Farms - SE 27-8-13 (site 2),b8a6c9fe-5838-42e7-9faa-adff01636559,Symo 24.0-3 480 (1),24.0,parsed_from_inverter_name,177.12,month,devwork
2024-07-27,d95b5e9d-f2d5-4950-85a9-909e52f727ba,Penner Farms - SE 27-8-13 (site 2),a9f3ac23-6f93-447b-9037-adff01636562,Symo 24.0-3 480 (2),24.0,parsed_from_inverter_name,178.51,month,devwork
2024-07-27,d95b5e9d-f2d5-4950-85a9-909e52f727ba,Penner Farms - SE 27-8-13 (site 2),c3ec3bd8-8836-45bb-97b7-adff01636570,Symo 24.0-3 480 (3),24.0,parsed_from_inverter_name,179.28,month,devwork
2024-07-28,d95b5e9d-f2d5-4950-85a9-909e52f727ba,Penner Farms - SE 27-8-13 (site 2),b8a6c9fe-5838-42e7-9faa-adff01636559,Symo 24.0-3 480 (1),24.0,parsed_from_inverter_name,184.26,month,devwork
2024-07-28,d95b5e9d-f2d5-4950-85a9-909e52f727ba,Penner Farms - SE 27-8-13 (site 2),a9f3ac23-6f93-447b-9037-adff01636562,Symo 24.0-3 480 (2),24.0,parsed_from_inverter_name,185.53,month,devwork
2024-07-28,d95b5e9d-f2d5-4950-85a9-909e52f727ba,Penner Farms - SE 27-8-13 (site 2),c3ec3bd8-8836-45bb-97b7-adff01636570,Symo 24.0-3 480 (3),24.0,parsed_from_inverter_name,185.57,month,devwork
2024-07-29,d95b5e9d-f2d5-4950-85a9-909e52f727ba,Penner Farms - SE 27-8-13 (site 2),b8a6c9fe-5838-42e7-9faa-adff01636559,Symo 24.0-3 480 (1),24.0,parsed_from_inverter_name,194.21,month,devwork
2024-07-29,d95b5e9d-f2d5-4950-85a9-909e52f727ba,Penner Farms - SE 27-8-13 (site 2),a9f3ac23-6f93-447b-9037-adff01636562,Symo 24.0-3 480 (2),24.0,parsed_from_inverter_name,195.25,month,devwork
2024-07-29,d95b5e9d-f2d5-4950-85a9-909e52f727ba,Penner Farms - SE 27-8-13 (site 2),c3ec3bd8-8836-45bb-97b7-adff01636570,Symo 24.0-3 480 (3),24.0,parsed_from_inverter_name,195.37,month,devwork
2024-07-30,d95b5e9d-f2d5-4950-85a9-909e52f727ba,Penner Farms - SE 27-8-13 (site 2),b8a6c9fe-5838-42e7-9faa-adff01636559,Symo 24.0-3 480 (1),24.0,parsed_from_inverter_name,172.17,month,devwork
2024-07-30,d95b5e9d-f2d5-4950-85a9-909e52f727ba,Penner Farms - SE 27-8-13 (site 2),a9f3ac23-6f93-447b-9037-adff01636562,Symo 24.0-3 480 (2),24.0,parsed_from_inverter_name,173.88,month,devwork
2024-07-30,d95b5e9d-f2d5-4950-85a9-909e52f727ba,Penner Farms - SE 27-8-13 (site 2),c3ec3bd8-8836-45bb-97b7-adff01636570,Symo 24.0-3 480 (3),24.0,parsed_from_inverter_name,173.53,month,devwork
2024-07-31,d95b5e9d-f2d5-4950-85a9-909e52f727ba,Penner Farms - SE 27-8-13 (site 2),b8a6c9fe-5838-42e7-9faa-adff01636559,Symo 24.0-3 480 (1),24.0,parsed_from_inverter_name,199.53,month,devwork
2024-07-31,d95b5e9d-f2d5-4950-85a9-909e52f727ba,Penner Farms - SE 27-8-13 (site 2),a9f3ac23-6f93-447b-9037-adff01636562,Symo 24.0-3 480 (2),24.0,parsed_from_inverter_name,200.23,month,devwork
2024-07-31,d95b5e9d-f2d5-4950-85a9-909e52f727ba,Penner Farms - SE 27-8-13 (site 2),c3ec3bd8-8836-45bb-97b7-adff01636570,Symo 24.0-3 480 (3),24.0,parsed_from_inverter_name,200.49,month,devwork
2024-08-01,d95b5e9d-f2d5-4950-85a9-909e52f727ba,Penner Farms - SE 27-8-13 (site 2),b8a6c9fe-5838-42e7-9faa-adff01636559,Symo 24.0-3 480 (1),24.0,parsed_from_inverter_name,197.83,month,devwork
2024-08-01,d95b5e9d-f2d5-4950-85a9-909e52f727ba,Penner Farms - SE 27-8-13 (site 2),a9f3ac23-6f93-447b-9037-adff01636562,Symo 24.0-3 480 (2),24.0,parsed_from_inverter_name,199.2,month,devwork
2024-08-01,d95b5e9d-f2d5-4950-85a9-909e52f727ba,Penner Farms - SE 27-8-13 (site 2),c3ec3bd8-8836-45bb-97b7-adff01636570,Symo 24.0-3 480 (3),24.0,parsed_from_inverter_name,199.89,month,devwork
2024-08-02,d95b5e9d-f2d5-4950-85a9-909e52f727ba,Penner Farms - SE 27-8-13 (site 2),b8a6c9fe-5838-42e7-9faa-adff01636559,Symo 24.0-3 480 (1),24.0,parsed_from_inverter_name,194.3,month,devwork
2024-08-02,d95b5e9d-f2d5-4950-85a9-909e52f727ba,Penner Farms - SE 27-8-13 (site 2),a9f3ac23-6f93-447b-9037-adff01636562,Symo 24.0-3 480 (2),24.0,parsed_from_inverter_name,195.5,month,devwork
2024-08-02,d95b5e9d-f2d5-4950-85a9-909e52f727ba,Penner Farms - SE 27-8-13 (site 2),c3ec3bd8-8836-45bb-97b7-adff01636570,Symo 24.0-3 480 (3),24.0,parsed_from_inverter_name,195.91,month,devwork
2024-08-03,d95b5e9d-f2d5-4950-85a9-909e52f727ba,Penner Farms - SE 27-8-13 (site 2),b8a6c9fe-5838-42e7-9faa-adff01636559,Symo 24.0-3 480 (1),24.0,parsed_from_inverter_name,123.02,month,devwork
2024-08-03,d95b5e9d-f2d5-4950-85a9-909e52f727ba,Penner Farms - SE 27-8-13 (site 2),a9f3ac23-6f93-447b-9037-adff01636562,Symo 24.0-3 480 (2),24.0,parsed_from_inverter_name,124.5,month,devwork
2024-08-03,d95b5e9d-f2d5-4950-85a9-909e52f727ba,Penner Farms - SE 27-8-13 (site 2),c3ec3bd8-8836-45bb-97b7-adff01636570,Symo 24.0-3 480 (3),24.0,parsed_from_inverter_name,125.37,month,devwork
2024-08-04,d95b5e9d-f2d5-4950-85a9-909e52f727ba,Penner Farms - SE 27-8-13 (site 2),b8a6c9fe-5838-42e7-9faa-adff01636559,Symo 24.0-3 480 (1),24.0,parsed_from_inverter_name,119.53,month,devwork
2024-08-04,d95b5e9d-f2d5-4950-85a9-909e52f727ba,Penner Farms - SE 27-8-13 (site 2),a9f3ac23-6f93-447b-9037-adff01636562,Symo 24.0-3 480 (2),24.0,parsed_from_inverter_name,120.67,month,devwork
2024-08-04,d95b5e9d-f2d5-4950-85a9-909e52f727ba,Penner Farms - SE 27-8-13 (site 2),c3ec3bd8-8836-45bb-97b7-adff01636570,Symo 24.0-3 480 (3),24.0,parsed_from_inverter_name,121.29,month,devwork
2024-08-05,d95b5e9d-f2d5-4950-85a9-909e52f727ba,Penner Farms - SE 27-8-13 (site 2),b8a6c9fe-5838-42e7-9faa-adff01636559,Symo 24.0-3 480 (1),24.0,parsed_from_inverter_name,161.82,month,devwork
2024-08-05,d95b5e9d-f2d5-4950-85a9-909e52f727ba,Penner Farms - SE 27-8-13 (site 2),a9f3ac23-6f93-447b-9037-adff01636562,Symo 24.0-3 480 (2),24.0,parsed_from_inverter_name,164.49,month,devwork
2024-08-05,d95b5e9d-f2d5-4950-85a9-909e52f727ba,Penner Farms - SE 27-8-13 (site 2),c3ec3bd8-8836-45bb-97b7-adff01636570,Symo 24.0-3 480 (3),24.0,parsed_from_inverter_name,165.62,month,devwork
2024-08-06,d95b5e9d-f2d5-4950-85a9-909e52f727ba,Penner Farms - SE 27-8-13 (site 2),b8a6c9fe-5838-42e7-9faa-adff01636559,Symo 24.0-3 480 (1),24.0,parsed_from_inverter_name,150.56,month,devwork
2024-08-06,d95b5e9d-f2d5-4950-85a9-909e52f727ba,Penner Farms - SE 27-8-13 (site 2),a9f3ac23-6f93-447b-9037-adff01636562,Symo 24.0-3 480 (2),24.0,parsed_from_inverter_name,151.47,month,devwork
2024-08-06,d95b5e9d-f2d5-4950-85a9-909e52f727ba,Penner Farms - SE 27-8-13 (site 2),c3ec3bd8-8836-45bb-97b7-adff01636570,Symo 24.0-3 480 (3),24.0,parsed_from_inverter_name,151.45,month,devwork
2024-08-07,d95b5e9d-f2d5-4950-85a9-909e52f727ba,Penner Farms - SE 27-8-13 (site 2),b8a6c9fe-5838-42e7-9faa-adff01636559,Symo 24.0-3 480 (1),24.0,parsed_from_inverter_name,100.25,month,devwork
2024-08-07,d95b5e9d-f2d5-4950-85a9-909e52f727ba,Penner Farms - SE 27-8-13 (site 2),a9f3ac23-6f93-447b-9037-adff01636562,Symo 24.0-3 480 (2),24.0,parsed_from_inverter_name,100.98,month,devwork
2024-08-07,d95b5e9d-f2d5-4950-85a9-909e52f727ba,Penner Farms - SE 27-8-13 (site 2),c3ec3bd8-8836-45bb-97b7-adff01636570,Symo 24.0-3 480 (3),24.0,parsed_from_inverter_name,101.39,month,devwork
2024-08-08,d95b5e9d-f2d5-4950-85a9-909e52f727ba,Penner Farms - SE 27-8-13 (site 2),b8a6c9fe-5838-42e7-9faa-adff01636559,Symo 24.0-3 480 (1),24.0,parsed_from_inverter_name,200.42,month,devwork
2024-08-08,d95b5e9d-f2d5-4950-85a9-909e52f727ba,Penner Farms - SE 27-8-13 (site 2),a9f3ac23-6f93-447b-9037-adff01636562,Symo 24.0-3 480 (2),24.0,parsed_from_inverter_name,201.39,month,devwork
2024-08-08,d95b5e9d-f2d5-4950-85a9-909e52f727ba,Penner Farms - SE 27-8-13 (site 2),c3ec3bd8-8836-45bb-97b7-adff01636570,Symo 24.0-3 480 (3),24.0,parsed_from_inverter_name,201.15,month,devwork
2024-08-09,d95b5e9d-f2d5-4950-85a9-909e52f727ba,Penner Farms - SE 27-8-13 (site 2),b8a6c9fe-5838-42e7-9faa-adff01636559,Symo 24.0-3 480 (1),24.0,parsed_from_inverter_name,173.75,month,devwork
2024-08-09,d95b5e9d-f2d5-4950-85a9-909e52f727ba,Penner Farms - SE 27-8-13 (site 2),a9f3ac23-6f93-447b-9037-adff01636562,Symo 24.0-3 480 (2),24.0,parsed_from_inverter_name,175.04,month,devwork
2024-08-09,d95b5e9d-f2d5-4950-85a9-909e52f727ba,Penner Farms - SE 27-8-13 (site 2),c3ec3bd8-8836-45bb-97b7-adff01636570,Symo 24.0-3 480 (3),24.0,parsed_from_inverter_name,175.27,month,devwork
2024-08-10,d95b5e9d-f2d5-4950-85a9-909e52f727ba,Penner Farms - SE 27-8-13 (site 2),b8a6c9fe-5838-42e7-9faa-adff01636559,Symo 24.0-3 480 (1),24.0,parsed_from_inverter_name,183.98,month,devwork
2024-08-10,d95b5e9d-f2d5-4950-85a9-909e52f727ba,Penner Farms - SE 27-8-13 (site 2),a9f3ac23-6f93-447b-9037-adff01636562,Symo 24.0-3 480 (2),24.0,parsed_from_inverter_name,185.66,month,devwork
2024-08-10,d95b5e9d-f2d5-4950-85a9-909e52f727ba,Penner Farms - SE 27-8-13 (site 2),c3ec3bd8-8836-45bb-97b7-adff01636570,Symo 24.0-3 480 (3),24.0,parsed_from_inverter_name,186.4,month,devwork
2024-08-11,d95b5e9d-f2d5-4950-85a9-909e52f727ba,Penner Farms - SE 27-8-13 (site 2),b8a6c9fe-5838-42e7-9faa-adff01636559,Symo 24.0-3 480 (1),24.0,parsed_from_inverter_name,143.02,month,devwork
2024-08-11,d95b5e9d-f2d5-4950-85a9-909e52f727ba,Penner Farms - SE 27-8-13 (site 2),a9f3ac23-6f93-447b-9037-adff01636562,Symo 24.0-3 480 (2),24.0,parsed_from_inverter_name,144.62,month,devwork
2024-08-11,d95b5e9d-f2d5-4950-85a9-909e52f727ba,Penner Farms - SE 27-8-13 (site 2),c3ec3bd8-8836-45bb-97b7-adff01636570,Symo 24.0-3 480 (3),24.0,parsed_from_inverter_name,144.94,month,devwork
2024-08-12,d95b5e9d-f2d5-4950-85a9-909e52f727ba,Penner Farms - SE 27-8-13 (site 2),b8a6c9fe-5838-42e7-9faa-adff01636559,Symo 24.0-3 480 (1),24.0,parsed_from_inverter_name,153.54,month,devwork
2024-08-12,d95b5e9d-f2d5-4950-85a9-909e52f727ba,Penner Farms - SE 27-8-13 (site 2),a9f3ac23-6f93-447b-9037-adff01636562,Symo 24.0-3 480 (2),24.0,parsed_from_inverter_name,155.53,month,devwork
2024-08-12,d95b5e9d-f2d5-4950-85a9-909e52f727ba,Penner Farms - SE 27-8-13 (site 2),c3ec3bd8-8836-45bb-97b7-adff01636570,Symo 24.0-3 480 (3),24.0,parsed_from_inverter_name,156.05,month,devwork
2024-08-13,d95b5e9d-f2d5-4950-85a9-909e52f727ba,Penner Farms - SE 27-8-13 (site 2),b8a6c9fe-5838-42e7-9faa-adff01636559,Symo 24.0-3 480 (1),24.0,parsed_from_inverter_name,181.81,month,devwork
2024-08-13,d95b5e9d-f2d5-4950-85a9-909e52f727ba,Penner Farms - SE 27-8-13 (site 2),a9f3ac23-6f93-447b-9037-adff01636562,Symo 24.0-3 480 (2),24.0,parsed_from_inverter_name,182.63,month,devwork
2024-08-13,d95b5e9d-f2d5-4950-85a9-909e52f727ba,Penner Farms - SE 27-8-13 (site 2),c3ec3bd8-8836-45bb-97b7-adff01636570,Symo 24.0-3 480 (3),24.0,parsed_from_inverter_name,182.7,month,devwork
2024-08-14,d95b5e9d-f2d5-4950-85a9-909e52f727ba,Penner Farms - SE 27-8-13 (site 2),b8a6c9fe-5838-42e7-9faa-adff01636559,Symo 24.0-3 480 (1),24.0,parsed_from_inverter_name,186.55,month,devwork
2024-08-14,d95b5e9d-f2d5-4950-85a9-909e52f727ba,Penner Farms - SE 27-8-13 (site 2),a9f3ac23-6f93-447b-9037-adff01636562,Symo 24.0-3 480 (2),24.0,parsed_from_inverter_name,187.55,month,devwork
2024-08-14,d95b5e9d-f2d5-4950-85a9-909e52f727ba,Penner Farms - SE 27-8-13 (site 2),c3ec3bd8-8836-45bb-97b7-adff01636570,Symo 24.0-3 480 (3),24.0,parsed_from_inverter_name,187.68,month,devwork
2024-08-15,d95b5e9d-f2d5-4950-85a9-909e52f727ba,Penner Farms - SE 27-8-13 (site 2),b8a6c9fe-5838-42e7-9faa-adff01636559,Symo 24.0-3 480 (1),24.0,parsed_from_inverter_name,139.67,month,devwork
2024-08-15,d95b5e9d-f2d5-4950-85a9-909e52f727ba,Penner Farms - SE 27-8-13 (site 2),a9f3ac23-6f93-447b-9037-adff01636562,Symo 24.0-3 480 (2),24.0,parsed_from_inverter_name,141.0,month,devwork
2024-08-15,d95b5e9d-f2d5-4950-85a9-909e52f727ba,Penner Farms - SE 27-8-13 (site 2),c3ec3bd8-8836-45bb-97b7-adff01636570,Symo 24.0-3 480 (3),24.0,parsed_from_inverter_name,140.89,month,devwork
2024-08-16,d95b5e9d-f2d5-4950-85a9-909e52f727ba,Penner Farms - SE 27-8-13 (site 2),b8a6c9fe-5838-42e7-9faa-adff01636559,Symo 24.0-3 480 (1),24.0,parsed_from_inverter_name,91.96,month,devwork
2024-08-16,d95b5e9d-f2d5-4950-85a9-909e52f727ba,Penner Farms - SE 27-8-13 (site 2),a9f3ac23-6f93-447b-9037-adff01636562,Symo 24.0-3 480 (2),24.0,parsed_from_inverter_name,92.93,month,devwork
2024-08-16,d95b5e9d-f2d5-4950-85a9-909e52f727ba,Penner Farms - SE 27-8-13 (site 2),c3ec3bd8-8836-45bb-97b7-adff01636570,Symo 24.0-3 480 (3),24.0,parsed_from_inverter_name,93.44,month,devwork
2024-08-17,d95b5e9d-f2d5-4950-85a9-909e52f727ba,Penner Farms - SE 27-8-13 (site 2),b8a6c9fe-5838-42e7-9faa-adff01636559,Symo 24.0-3 480 (1),24.0,parsed_from_inverter_name,194.74,month,devwork
2024-08-17,d95b5e9d-f2d5-4950-85a9-909e52f727ba,Penner Farms - SE 27-8-13 (site 2),a9f3ac23-6f93-447b-9037-adff01636562,Symo 24.0-3 480 (2),24.0,parsed_from_inverter_name,195.36,month,devwork
2024-08-17,d95b5e9d-f2d5-4950-85a9-909e52f727ba,Penner Farms - SE 27-8-13 (site 2),c3ec3bd8-8836-45bb-97b7-adff01636570,Symo 24.0-3 480 (3),24.0,parsed_from_inverter_name,195.05,month,devwork
2024-08-18,d95b5e9d-f2d5-4950-85a9-909e52f727ba,Penner Farms - SE 27-8-13 (site 2),b8a6c9fe-5838-42e7-9faa-adff01636559,Symo 24.0-3 480 (1),24.0,parsed_from_inverter_name,170.08,month,devwork
2024-08-18,d95b5e9d-f2d5-4950-85a9-909e52f727ba,Penner Farms - SE 27-8-13 (site 2),a9f3ac23-6f93-447b-9037-adff01636562,Symo 24.0-3 480 (2),24.0,parsed_from_inverter_name,171.46,month,devwork
2024-08-18,d95b5e9d-f2d5-4950-85a9-909e52f727ba,Penner Farms - SE 27-8-13 (site 2),c3ec3bd8-8836-45bb-97b7-adff01636570,Symo 24.0-3 480 (3),24.0,parsed_from_inverter_name,171.52,month,devwork
2024-08-19,d95b5e9d-f2d5-4950-85a9-909e52f727ba,Penner Farms - SE 27-8-13 (site 2),b8a6c9fe-5838-42e7-9faa-adff01636559,Symo 24.0-3 480 (1),24.0,parsed_from_inverter_name,182.27,month,devwork
2024-08-19,d95b5e9d-f2d5-4950-85a9-909e52f727ba,Penner Farms - SE 27-8-13 (site 2),a9f3ac23-6f93-447b-9037-adff01636562,Symo 24.0-3 480 (2),24.0,parsed_from_inverter_name,184.17,month,devwork
2024-08-19,d95b5e9d-f2d5-4950-85a9-909e52f727ba,Penner Farms - SE 27-8-13 (site 2),c3ec3bd8-8836-45bb-97b7-adff01636570,Symo 24.0-3 480 (3),24.0,parsed_from_inverter_name,184.0,month,devwork
2024-08-20,d95b5e9d-f2d5-4950-85a9-909e52f727ba,Penner Farms - SE 27-8-13 (site 2),b8a6c9fe-5838-42e7-9faa-adff01636559,Symo 24.0-3 480 (1),24.0,parsed_from_inverter_name,148.86,month,devwork
2024-08-20,d95b5e9d-f2d5-4950-85a9-909e52f727ba,Penner Farms - SE 27-8-13 (site 2),a9f3ac23-6f93-447b-9037-adff01636562,Symo 24.0-3 480 (2),24.0,parsed_from_inverter_name,149.99,month,devwork
2024-08-20,d95b5e9d-f2d5-4950-85a9-909e52f727ba,Penner Farms - SE 27-8-13 (site 2),c3ec3bd8-8836-45bb-97b7-adff01636570,Symo 24.0-3 480 (3),24.0,parsed_from_inverter_name,149.87,month,devwork
2024-08-21,d95b5e9d-f2d5-4950-85a9-909e52f727ba,Penner Farms - SE 27-8-13 (site 2),b8a6c9fe-5838-42e7-9faa-adff01636559,Symo 24.0-3 480 (1),24.0,parsed_from_inverter_name,135.69,month,devwork
2024-08-21,d95b5e9d-f2d5-4950-85a9-909e52f727ba,Penner Farms - SE 27-8-13 (site 2),a9f3ac23-6f93-447b-9037-adff01636562,Symo 24.0-3 480 (2),24.0,parsed_from_inverter_name,136.32,month,devwork
2024-08-21,d95b5e9d-f2d5-4950-85a9-909e52f727ba,Penner Farms - SE 27-8-13 (site 2),c3ec3bd8-8836-45bb-97b7-adff01636570,Symo 24.0-3 480 (3),24.0,parsed_from_inverter_name,136.06,month,devwork
2024-08-22,d95b5e9d-f2d5-4950-85a9-909e52f727ba,Penner Farms - SE 27-8-13 (site 2),b8a6c9fe-5838-42e7-9faa-adff01636559,Symo 24.0-3 480 (1),24.0,parsed_from_inverter_name,191.1,month,devwork
2024-08-22,d95b5e9d-f2d5-4950-85a9-909e52f727ba,Penner Farms - SE 27-8-13 (site 2),a9f3ac23-6f93-447b-9037-adff01636562,Symo 24.0-3 480 (2),24.0,parsed_from_inverter_name,192.07,month,devwork
2024-08-22,d95b5e9d-f2d5-4950-85a9-909e52f727ba,Penner Farms - SE 27-8-13 (site 2),c3ec3bd8-8836-45bb-97b7-adff01636570,Symo 24.0-3 480 (3),24.0,parsed_from_inverter_name,191.69,month,devwork
2024-08-23,d95b5e9d-f2d5-4950-85a9-909e52f727ba,Penner Farms - SE 27-8-13 (site 2),b8a6c9fe-5838-42e7-9faa-adff01636559,Symo 24.0-3 480 (1),24.0,parsed_from_inverter_name,145.9,month,devwork
2024-08-23,d95b5e9d-f2d5-4950-85a9-909e52f727ba,Penner Farms - SE 27-8-13 (site 2),a9f3ac23-6f93-447b-9037-adff01636562,Symo 24.0-3 480 (2),24.0,parsed_from_inverter_name,147.78,month,devwork
2024-08-23,d95b5e9d-f2d5-4950-85a9-909e52f727ba,Penner Farms - SE 27-8-13 (site 2),c3ec3bd8-8836-45bb-97b7-adff01636570,Symo 24.0-3 480 (3),24.0,parsed_from_inverter_name,147.82,month,devwork
2024-08-24,d95b5e9d-f2d5-4950-85a9-909e52f727ba,Penner Farms - SE 27-8-13 (site 2),b8a6c9fe-5838-42e7-9faa-adff01636559,Symo 24.0-3 480 (1),24.0,parsed_from_inverter_name,167.97,month,devwork
2024-08-24,d95b5e9d-f2d5-4950-85a9-909e52f727ba,Penner Farms - SE 27-8-13 (site 2),a9f3ac23-6f93-447b-9037-adff01636562,Symo 24.0-3 480 (2),24.0,parsed_from_inverter_name,168.6,month,devwork
2024-08-24,d95b5e9d-f2d5-4950-85a9-909e52f727ba,Penner Farms - SE 27-8-13 (site 2),c3ec3bd8-8836-45bb-97b7-adff01636570,Symo 24.0-3 480 (3),24.0,parsed_from_inverter_name,168.56,month,devwork
2024-08-25,d95b5e9d-f2d5-4950-85a9-909e52f727ba,Penner Farms - SE 27-8-13 (site 2),b8a6c9fe-5838-42e7-9faa-adff01636559,Symo 24.0-3 480 (1),24.0,parsed_from_inverter_name,194.44,month,devwork
2024-08-25,d95b5e9d-f2d5-4950-85a9-909e52f727ba,Penner Farms - SE 27-8-13 (site 2),a9f3ac23-6f93-447b-9037-adff01636562,Symo 24.0-3 480 (2),24.0,parsed_from_inverter_name,194.83,month,devwork
2024-08-25,d95b5e9d-f2d5-4950-85a9-909e52f727ba,Penner Farms - SE 27-8-13 (site 2),c3ec3bd8-8836-45bb-97b7-adff01636570,Symo 24.0-3 480 (3),24.0,parsed_from_inverter_name,194.55,month,devwork
2024-08-26,d95b5e9d-f2d5-4950-85a9-909e52f727ba,Penner Farms - SE 27-8-13 (site 2),b8a6c9fe-5838-42e7-9faa-adff01636559,Symo 24.0-3 480 (1),24.0,parsed_from_inverter_name,188.05,month,devwork
2024-08-26,d95b5e9d-f2d5-4950-85a9-909e52f727ba,Penner Farms - SE 27-8-13 (site 2),a9f3ac23-6f93-447b-9037-adff01636562,Symo 24.0-3 480 (2),24.0,parsed_from_inverter_name,189.26,month,devwork
2024-08-26,d95b5e9d-f2d5-4950-85a9-909e52f727ba,Penner Farms - SE 27-8-13 (site 2),c3ec3bd8-8836-45bb-97b7-adff01636570,Symo 24.0-3 480 (3),24.0,parsed_from_inverter_name,188.98,month,devwork
2024-08-27,d95b5e9d-f2d5-4950-85a9-909e52f727ba,Penner Farms - SE 27-8-13 (site 2),b8a6c9fe-5838-42e7-9faa-adff01636559,Symo 24.0-3 480 (1),24.0,parsed_from_inverter_name,126.07,month,devwork
2024-08-27,d95b5e9d-f2d5-4950-85a9-909e52f727ba,Penner Farms - SE 27-8-13 (site 2),a9f3ac23-6f93-447b-9037-adff01636562,Symo 24.0-3 480 (2),24.0,parsed_from_inverter_name,127.08,month,devwork
2024-08-27,d95b5e9d-f2d5-4950-85a9-909e52f727ba,Penner Farms - SE 27-8-13 (site 2),c3ec3bd8-8836-45bb-97b7-adff01636570,Symo 24.0-3 480 (3),24.0,parsed_from_inverter_name,127.39,month,devwork
2024-08-28,d95b5e9d-f2d5-4950-85a9-909e52f727ba,Penner Farms - SE 27-8-13 (site 2),b8a6c9fe-5838-42e7-9faa-adff01636559,Symo 24.0-3 480 (1),24.0,parsed_from_inverter_name,84.86,month,devwork
2024-08-28,d95b5e9d-f2d5-4950-85a9-909e52f727ba,Penner Farms - SE 27-8-13 (site 2),a9f3ac23-6f93-447b-9037-adff01636562,Symo 24.0-3 480 (2),24.0,parsed_from_inverter_name,85.94,month,devwork
2024-08-28,d95b5e9d-f2d5-4950-85a9-909e52f727ba,Penner Farms - SE 27-8-13 (site 2),c3ec3bd8-8836-45bb-97b7-adff01636570,Symo 24.0-3 480 (3),24.0,parsed_from_inverter_name,86.46,month,devwork
2024-08-29,d95b5e9d-f2d5-4950-85a9-909e52f727ba,Penner Farms - SE 27-8-13 (site 2),b8a6c9fe-5838-42e7-9faa-adff01636559,Symo 24.0-3 480 (1),24.0,parsed_from_inverter_name,197.15,month,devwork
2024-08-29,d95b5e9d-f2d5-4950-85a9-909e52f727ba,Penner Farms - SE 27-8-13 (site 2),a9f3ac23-6f93-447b-9037-adff01636562,Symo 24.0-3 480 (2),24.0,parsed_from_inverter_name,197.26,month,devwork
2024-08-29,d95b5e9d-f2d5-4950-85a9-909e52f727ba,Penner Farms - SE 27-8-13 (site 2),c3ec3bd8-8836-45bb-97b7-adff01636570,Symo 24.0-3 480 (3),24.0,parsed_from_inverter_name,153.75,month,devwork
2024-08-30,d95b5e9d-f2d5-4950-85a9-909e52f727ba,Penner Farms - SE 27-8-13 (site 2),b8a6c9fe-5838-42e7-9faa-adff01636559,Symo 24.0-3 480 (1),24.0,parsed_from_inverter_name,186.51,month,devwork
2024-08-30,d95b5e9d-f2d5-4950-85a9-909e52f727ba,Penner Farms - SE 27-8-13 (site 2),a9f3ac23-6f93-447b-9037-adff01636562,Symo 24.0-3 480 (2),24.0,parsed_from_inverter_name,186.56,month,devwork
2024-08-30,d95b5e9d-f2d5-4950-85a9-909e52f727ba,Penner Farms - SE 27-8-13 (site 2),c3ec3bd8-8836-45bb-97b7-adff01636570,Symo 24.0-3 480 (3),24.0,parsed_from_inverter_name,186.54,month,devwork
2024-08-31,d95b5e9d-f2d5-4950-85a9-909e52f727ba,Penner Farms - SE 27-8-13 (site 2),b8a6c9fe-5838-42e7-9faa-adff01636559,Symo 24.0-3 480 (1),24.0,parsed_from_inverter_name,191.09,month,devwork
2024-08-31,d95b5e9d-f2d5-4950-85a9-909e52f727ba,Penner Farms - SE 27-8-13 (site 2),a9f3ac23-6f93-447b-9037-adff01636562,Symo 24.0-3 480 (2),24.0,parsed_from_inverter_name,191.72,month,devwork
2024-08-31,d95b5e9d-f2d5-4950-85a9-909e52f727ba,Penner Farms - SE 27-8-13 (site 2),c3ec3bd8-8836-45bb-97b7-adff01636570,Symo 24.0-3 480 (3),24.0,parsed_from_inverter_name,191.63,month,devwork
2024-09-01,d95b5e9d-f2d5-4950-85a9-909e52f727ba,Penner Farms - SE 27-8-13 (site 2),b8a6c9fe-5838-42e7-9faa-adff01636559,Symo 24.0-3 480 (1),24.0,parsed_from_inverter_name,190.14,month,devwork
2024-09-01,d95b5e9d-f2d5-4950-85a9-909e52f727ba,Penner Farms - SE 27-8-13 (site 2),a9f3ac23-6f93-447b-9037-adff01636562,Symo 24.0-3 480 (2),24.0,parsed_from_inverter_name,191.77,month,devwork
2024-09-01,d95b5e9d-f2d5-4950-85a9-909e52f727ba,Penner Farms - SE 27-8-13 (site 2),c3ec3bd8-8836-45bb-97b7-adff01636570,Symo 24.0-3 480 (3),24.0,parsed_from_inverter_name,191.47,month,devwork
2024-09-02,d95b5e9d-f2d5-4950-85a9-909e52f727ba,Penner Farms - SE 27-8-13 (site 2),b8a6c9fe-5838-42e7-9faa-adff01636559,Symo 24.0-3 480 (1),24.0,parsed_from_inverter_name,178.62,month,devwork
2024-09-02,d95b5e9d-f2d5-4950-85a9-909e52f727ba,Penner Farms - SE 27-8-13 (site 2),a9f3ac23-6f93-447b-9037-adff01636562,Symo 24.0-3 480 (2),24.0,parsed_from_inverter_name,179.32,month,devwork
2024-09-02,d95b5e9d-f2d5-4950-85a9-909e52f727ba,Penner Farms - SE 27-8-13 (site 2),c3ec3bd8-8836-45bb-97b7-adff01636570,Symo 24.0-3 480 (3),24.0,parsed_from_inverter_name,179.2,month,devwork
2024-09-03,d95b5e9d-f2d5-4950-85a9-909e52f727ba,Penner Farms - SE 27-8-13 (site 2),b8a6c9fe-5838-42e7-9faa-adff01636559,Symo 24.0-3 480 (1),24.0,parsed_from_inverter_name,156.48,month,devwork
2024-09-03,d95b5e9d-f2d5-4950-85a9-909e52f727ba,Penner Farms - SE 27-8-13 (site 2),a9f3ac23-6f93-447b-9037-adff01636562,Symo 24.0-3 480 (2),24.0,parsed_from_inverter_name,157.04,month,devwork
2024-09-03,d95b5e9d-f2d5-4950-85a9-909e52f727ba,Penner Farms - SE 27-8-13 (site 2),c3ec3bd8-8836-45bb-97b7-adff01636570,Symo 24.0-3 480 (3),24.0,parsed_from_inverter_name,125.93,month,devwork
2024-09-04,d95b5e9d-f2d5-4950-85a9-909e52f727ba,Penner Farms - SE 27-8-13 (site 2),b8a6c9fe-5838-42e7-9faa-adff01636559,Symo 24.0-3 480 (1),24.0,parsed_from_inverter_name,173.92,month,devwork
2024-09-04,d95b5e9d-f2d5-4950-85a9-909e52f727ba,Penner Farms - SE 27-8-13 (site 2),a9f3ac23-6f93-447b-9037-adff01636562,Symo 24.0-3 480 (2),24.0,parsed_from_inverter_name,174.46,month,devwork
2024-09-04,d95b5e9d-f2d5-4950-85a9-909e52f727ba,Penner Farms - SE 27-8-13 (site 2),c3ec3bd8-8836-45bb-97b7-adff01636570,Symo 24.0-3 480 (3),24.0,parsed_from_inverter_name,174.31,month,devwork
2024-09-05,d95b5e9d-f2d5-4950-85a9-909e52f727ba,Penner Farms - SE 27-8-13 (site 2),b8a6c9fe-5838-42e7-9faa-adff01636559,Symo 24.0-3 480 (1),24.0,parsed_from_inverter_name,184.52,month,devwork
2024-09-05,d95b5e9d-f2d5-4950-85a9-909e52f727ba,Penner Farms - SE 27-8-13 (site 2),a9f3ac23-6f93-447b-9037-adff01636562,Symo 24.0-3 480 (2),24.0,parsed_from_inverter_name,185.75,month,devwork
2024-09-05,d95b5e9d-f2d5-4950-85a9-909e52f727ba,Penner Farms - SE 27-8-13 (site 2),c3ec3bd8-8836-45bb-97b7-adff01636570,Symo 24.0-3 480 (3),24.0,parsed_from_inverter_name,184.51,month,devwork
2024-09-06,d95b5e9d-f2d5-4950-85a9-909e52f727ba,Penner Farms - SE 27-8-13 (site 2),b8a6c9fe-5838-42e7-9faa-adff01636559,Symo 24.0-3 480 (1),24.0,parsed_from_inverter_name,185.37,month,devwork
2024-09-06,d95b5e9d-f2d5-4950-85a9-909e52f727ba,Penner Farms - SE 27-8-13 (site 2),a9f3ac23-6f93-447b-9037-adff01636562,Symo 24.0-3 480 (2),24.0,parsed_from_inverter_name,187.01,month,devwork
2024-09-06,d95b5e9d-f2d5-4950-85a9-909e52f727ba,Penner Farms - SE 27-8-13 (site 2),c3ec3bd8-8836-45bb-97b7-adff01636570,Symo 24.0-3 480 (3),24.0,parsed_from_inverter_name,186.33,month,devwork
2024-09-07,d95b5e9d-f2d5-4950-85a9-909e52f727ba,Penner Farms - SE 27-8-13 (site 2),b8a6c9fe-5838-42e7-9faa-adff01636559,Symo 24.0-3 480 (1),24.0,parsed_from_inverter_name,185.56,month,devwork
2024-09-07,d95b5e9d-f2d5-4950-85a9-909e52f727ba,Penner Farms - SE 27-8-13 (site 2),a9f3ac23-6f93-447b-9037-adff01636562,Symo 24.0-3 480 (2),24.0,parsed_from_inverter_name,185.71,month,devwork
2024-09-07,d95b5e9d-f2d5-4950-85a9-909e52f727ba,Penner Farms - SE 27-8-13 (site 2),c3ec3bd8-8836-45bb-97b7-adff01636570,Symo 24.0-3 480 (3),24.0,parsed_from_inverter_name,184.78,month,devwork
2024-09-08,d95b5e9d-f2d5-4950-85a9-909e52f727ba,Penner Farms - SE 27-8-13 (site 2),b8a6c9fe-5838-42e7-9faa-adff01636559,Symo 24.0-3 480 (1),24.0,parsed_from_inverter_name,175.15,month,devwork
2024-09-08,d95b5e9d-f2d5-4950-85a9-909e52f727ba,Penner Farms - SE 27-8-13 (site 2),a9f3ac23-6f93-447b-9037-adff01636562,Symo 24.0-3 480 (2),24.0,parsed_from_inverter_name,175.79,month,devwork
2024-09-08,d95b5e9d-f2d5-4950-85a9-909e52f727ba,Penner Farms - SE 27-8-13 (site 2),c3ec3bd8-8836-45bb-97b7-adff01636570,Symo 24.0-3 480 (3),24.0,parsed_from_inverter_name,174.88,month,devwork
2024-09-09,d95b5e9d-f2d5-4950-85a9-909e52f727ba,Penner Farms - SE 27-8-13 (site 2),b8a6c9fe-5838-42e7-9faa-adff01636559,Symo 24.0-3 480 (1),24.0,parsed_from_inverter_name,122.02,month,devwork
2024-09-09,d95b5e9d-f2d5-4950-85a9-909e52f727ba,Penner Farms - SE 27-8-13 (site 2),a9f3ac23-6f93-447b-9037-adff01636562,Symo 24.0-3 480 (2),24.0,parsed_from_inverter_name,124.72,month,devwork
2024-09-09,d95b5e9d-f2d5-4950-85a9-909e52f727ba,Penner Farms - SE 27-8-13 (site 2),c3ec3bd8-8836-45bb-97b7-adff01636570,Symo 24.0-3 480 (3),24.0,parsed_from_inverter_name,123.96,month,devwork
2024-09-10,d95b5e9d-f2d5-4950-85a9-909e52f727ba,Penner Farms - SE 27-8-13 (site 2),b8a6c9fe-5838-42e7-9faa-adff01636559,Symo 24.0-3 480 (1),24.0,parsed_from_inverter_name,152.92,month,devwork
2024-09-10,d95b5e9d-f2d5-4950-85a9-909e52f727ba,Penner Farms - SE 27-8-13 (site 2),a9f3ac23-6f93-447b-9037-adff01636562,Symo 24.0-3 480 (2),24.0,parsed_from_inverter_name,154.12,month,devwork
2024-09-10,d95b5e9d-f2d5-4950-85a9-909e52f727ba,Penner Farms - SE 27-8-13 (site 2),c3ec3bd8-8836-45bb-97b7-adff01636570,Symo 24.0-3 480 (3),24.0,parsed_from_inverter_name,154.01,month,devwork
2024-09-11,d95b5e9d-f2d5-4950-85a9-909e52f727ba,Penner Farms - SE 27-8-13 (site 2),b8a6c9fe-5838-42e7-9faa-adff01636559,Symo 24.0-3 480 (1),24.0,parsed_from_inverter_name,76.2,month,devwork
2024-09-11,d95b5e9d-f2d5-4950-85a9-909e52f727ba,Penner Farms - SE 27-8-13 (site 2),a9f3ac23-6f93-447b-9037-adff01636562,Symo 24.0-3 480 (2),24.0,parsed_from_inverter_name,76.76,month,devwork
2024-09-11,d95b5e9d-f2d5-4950-85a9-909e52f727ba,Penner Farms - SE 27-8-13 (site 2),c3ec3bd8-8836-45bb-97b7-adff01636570,Symo 24.0-3 480 (3),24.0,parsed_from_inverter_name,76.88,month,devwork
2024-09-12,d95b5e9d-f2d5-4950-85a9-909e52f727ba,Penner Farms - SE 27-8-13 (site 2),b8a6c9fe-5838-42e7-9faa-adff01636559,Symo 24.0-3 480 (1),24.0,parsed_from_inverter_name,12.87,month,devwork
2024-09-12,d95b5e9d-f2d5-4950-85a9-909e52f727ba,Penner Farms - SE 27-8-13 (site 2),a9f3ac23-6f93-447b-9037-adff01636562,Symo 24.0-3 480 (2),24.0,parsed_from_inverter_name,12.99,month,devwork
2024-09-12,d95b5e9d-f2d5-4950-85a9-909e52f727ba,Penner Farms - SE 27-8-13 (site 2),c3ec3bd8-8836-45bb-97b7-adff01636570,Symo 24.0-3 480 (3),24.0,parsed_from_inverter_name,13.02,month,devwork
2024-09-13,d95b5e9d-f2d5-4950-85a9-909e52f727ba,Penner Farms - SE 27-8-13 (site 2),b8a6c9fe-5838-42e7-9faa-adff01636559,Symo 24.0-3 480 (1),24.0,parsed_from_inverter_name,139.73,month,devwork
2024-09-13,d95b5e9d-f2d5-4950-85a9-909e52f727ba,Penner Farms - SE 27-8-13 (site 2),a9f3ac23-6f93-447b-9037-adff01636562,Symo 24.0-3 480 (2),24.0,parsed_from_inverter_name,140.52,month,devwork
2024-09-13,d95b5e9d-f2d5-4950-85a9-909e52f727ba,Penner Farms - SE 27-8-13 (site 2),c3ec3bd8-8836-45bb-97b7-adff01636570,Symo 24.0-3 480 (3),24.0,parsed_from_inverter_name,139.74,month,devwork
2024-09-14,d95b5e9d-f2d5-4950-85a9-909e52f727ba,Penner Farms - SE 27-8-13 (site 2),b8a6c9fe-5838-42e7-9faa-adff01636559,Symo 24.0-3 480 (1),24.0,parsed_from_inverter_name,126.94,month,devwork
2024-09-14,d95b5e9d-f2d5-4950-85a9-909e52f727ba,Penner Farms - SE 27-8-13 (site 2),a9f3ac23-6f93-447b-9037-adff01636562,Symo 24.0-3 480 (2),24.0,parsed_from_inverter_name,127.82,month,devwork
2024-09-14,d95b5e9d-f2d5-4950-85a9-909e52f727ba,Penner Farms - SE 27-8-13 (site 2),c3ec3bd8-8836-45bb-97b7-adff01636570,Symo 24.0-3 480 (3),24.0,parsed_from_inverter_name,127.07,month,devwork
2024-09-15,d95b5e9d-f2d5-4950-85a9-909e52f727ba,Penner Farms - SE 27-8-13 (site 2),b8a6c9fe-5838-42e7-9faa-adff01636559,Symo 24.0-3 480 (1),24.0,parsed_from_inverter_name,115.37,month,devwork
2024-09-15,d95b5e9d-f2d5-4950-85a9-909e52f727ba,Penner Farms - SE 27-8-13 (site 2),a9f3ac23-6f93-447b-9037-adff01636562,Symo 24.0-3 480 (2),24.0,parsed_from_inverter_name,115.92,month,devwork
2024-09-15,d95b5e9d-f2d5-4950-85a9-909e52f727ba,Penner Farms - SE 27-8-13 (site 2),c3ec3bd8-8836-45bb-97b7-adff01636570,Symo 24.0-3 480 (3),24.0,parsed_from_inverter_name,116.15,month,devwork
2024-09-16,d95b5e9d-f2d5-4950-85a9-909e52f727ba,Penner Farms - SE 27-8-13 (site 2),b8a6c9fe-5838-42e7-9faa-adff01636559,Symo 24.0-3 480 (1),24.0,parsed_from_inverter_name,173.14,month,devwork
2024-09-16,d95b5e9d-f2d5-4950-85a9-909e52f727ba,Penner Farms - SE 27-8-13 (site 2),a9f3ac23-6f93-447b-9037-adff01636562,Symo 24.0-3 480 (2),24.0,parsed_from_inverter_name,173.87,month,devwork
2024-09-16,d95b5e9d-f2d5-4950-85a9-909e52f727ba,Penner Farms - SE 27-8-13 (site 2),c3ec3bd8-8836-45bb-97b7-adff01636570,Symo 24.0-3 480 (3),24.0,parsed_from_inverter_name,173.22,month,devwork
2024-09-17,d95b5e9d-f2d5-4950-85a9-909e52f727ba,Penner Farms - SE 27-8-13 (site 2),b8a6c9fe-5838-42e7-9faa-adff01636559,Symo 24.0-3 480 (1),24.0,parsed_from_inverter_name,130.7,month,devwork
2024-09-17,d95b5e9d-f2d5-4950-85a9-909e52f727ba,Penner Farms - SE 27-8-13 (site 2),a9f3ac23-6f93-447b-9037-adff01636562,Symo 24.0-3 480 (2),24.0,parsed_from_inverter_name,132.07,month,devwork
2024-09-17,d95b5e9d-f2d5-4950-85a9-909e52f727ba,Penner Farms - SE 27-8-13 (site 2),c3ec3bd8-8836-45bb-97b7-adff01636570,Symo 24.0-3 480 (3),24.0,parsed_from_inverter_name,130.95,month,devwork
2024-09-18,d95b5e9d-f2d5-4950-85a9-909e52f727ba,Penner Farms - SE 27-8-13 (site 2),b8a6c9fe-5838-42e7-9faa-adff01636559,Symo 24.0-3 480 (1),24.0,parsed_from_inverter_name,32.72,month,devwork
2024-09-18,d95b5e9d-f2d5-4950-85a9-909e52f727ba,Penner Farms - SE 27-8-13 (site 2),a9f3ac23-6f93-447b-9037-adff01636562,Symo 24.0-3 480 (2),24.0,parsed_from_inverter_name,33.01,month,devwork
2024-09-18,d95b5e9d-f2d5-4950-85a9-909e52f727ba,Penner Farms - SE 27-8-13 (site 2),c3ec3bd8-8836-45bb-97b7-adff01636570,Symo 24.0-3 480 (3),24.0,parsed_from_inverter_name,32.99,month,devwork
2024-09-19,d95b5e9d-f2d5-4950-85a9-909e52f727ba,Penner Farms - SE 27-8-13 (site 2),b8a6c9fe-5838-42e7-9faa-adff01636559,Symo 24.0-3 480 (1),24.0,parsed_from_inverter_name,144.33,month,devwork
2024-09-19,d95b5e9d-f2d5-4950-85a9-909e52f727ba,Penner Farms - SE 27-8-13 (site 2),a9f3ac23-6f93-447b-9037-adff01636562,Symo 24.0-3 480 (2),24.0,parsed_from_inverter_name,145.24,month,devwork
2024-09-19,d95b5e9d-f2d5-4950-85a9-909e52f727ba,Penner Farms - SE 27-8-13 (site 2),c3ec3bd8-8836-45bb-97b7-adff01636570,Symo 24.0-3 480 (3),24.0,parsed_from_inverter_name,144.52,month,devwork
2024-09-20,d95b5e9d-f2d5-4950-85a9-909e52f727ba,Penner Farms - SE 27-8-13 (site 2),b8a6c9fe-5838-42e7-9faa-adff01636559,Symo 24.0-3 480 (1),24.0,parsed_from_inverter_name,30.16,month,devwork
2024-09-20,d95b5e9d-f2d5-4950-85a9-909e52f727ba,Penner Farms - SE 27-8-13 (site 2),a9f3ac23-6f93-447b-9037-adff01636562,Symo 24.0-3 480 (2),24.0,parsed_from_inverter_name,30.49,month,devwork
2024-09-20,d95b5e9d-f2d5-4950-85a9-909e52f727ba,Penner Farms - SE 27-8-13 (site 2),c3ec3bd8-8836-45bb-97b7-adff01636570,Symo 24.0-3 480 (3),24.0,parsed_from_inverter_name,30.53,month,devwork
2024-09-21,d95b5e9d-f2d5-4950-85a9-909e52f727ba,Penner Farms - SE 27-8-13 (site 2),b8a6c9fe-5838-42e7-9faa-adff01636559,Symo 24.0-3 480 (1),24.0,parsed_from_inverter_name,180.92,month,devwork
2024-09-21,d95b5e9d-f2d5-4950-85a9-909e52f727ba,Penner Farms - SE 27-8-13 (site 2),a9f3ac23-6f93-447b-9037-adff01636562,Symo 24.0-3 480 (2),24.0,parsed_from_inverter_name,184.3,month,devwork
2024-09-21,d95b5e9d-f2d5-4950-85a9-909e52f727ba,Penner Farms - SE 27-8-13 (site 2),c3ec3bd8-8836-45bb-97b7-adff01636570,Symo 24.0-3 480 (3),24.0,parsed_from_inverter_name,131.54,month,devwork
2024-09-22,d95b5e9d-f2d5-4950-85a9-909e52f727ba,Penner Farms - SE 27-8-13 (site 2),b8a6c9fe-5838-42e7-9faa-adff01636559,Symo 24.0-3 480 (1),24.0,parsed_from_inverter_name,138.32,month,devwork
2024-09-22,d95b5e9d-f2d5-4950-85a9-909e52f727ba,Penner Farms - SE 27-8-13 (site 2),a9f3ac23-6f93-447b-9037-adff01636562,Symo 24.0-3 480 (2),24.0,parsed_from_inverter_name,138.99,month,devwork
2024-09-22,d95b5e9d-f2d5-4950-85a9-909e52f727ba,Penner Farms - SE 27-8-13 (site 2),c3ec3bd8-8836-45bb-97b7-adff01636570,Symo 24.0-3 480 (3),24.0,parsed_from_inverter_name,137.99,month,devwork
2024-09-23,d95b5e9d-f2d5-4950-85a9-909e52f727ba,Penner Farms - SE 27-8-13 (site 2),b8a6c9fe-5838-42e7-9faa-adff01636559,Symo 24.0-3 480 (1),24.0,parsed_from_inverter_name,166.11,month,devwork
2024-09-23,d95b5e9d-f2d5-4950-85a9-909e52f727ba,Penner Farms - SE 27-8-13 (site 2),a9f3ac23-6f93-447b-9037-adff01636562,Symo 24.0-3 480 (2),24.0,parsed_from_inverter_name,166.37,month,devwork
2024-09-23,d95b5e9d-f2d5-4950-85a9-909e52f727ba,Penner Farms - SE 27-8-13 (site 2),c3ec3bd8-8836-45bb-97b7-adff01636570,Symo 24.0-3 480 (3),24.0,parsed_from_inverter_name,165.38,month,devwork
2024-09-24,d95b5e9d-f2d5-4950-85a9-909e52f727ba,Penner Farms - SE 27-8-13 (site 2),b8a6c9fe-5838-42e7-9faa-adff01636559,Symo 24.0-3 480 (1),24.0,parsed_from_inverter_name,169.77,month,devwork
2024-09-24,d95b5e9d-f2d5-4950-85a9-909e52f727ba,Penner Farms - SE 27-8-13 (site 2),a9f3ac23-6f93-447b-9037-adff01636562,Symo 24.0-3 480 (2),24.0,parsed_from_inverter_name,169.75,month,devwork
2024-09-24,d95b5e9d-f2d5-4950-85a9-909e52f727ba,Penner Farms - SE 27-8-13 (site 2),c3ec3bd8-8836-45bb-97b7-adff01636570,Symo 24.0-3 480 (3),24.0,parsed_from_inverter_name,168.39,month,devwork
2024-09-25,d95b5e9d-f2d5-4950-85a9-909e52f727ba,Penner Farms - SE 27-8-13 (site 2),b8a6c9fe-5838-42e7-9faa-adff01636559,Symo 24.0-3 480 (1),24.0,parsed_from_inverter_name,169.98,month,devwork
2024-09-25,d95b5e9d-f2d5-4950-85a9-909e52f727ba,Penner Farms - SE 27-8-13 (site 2),a9f3ac23-6f93-447b-9037-adff01636562,Symo 24.0-3 480 (2),24.0,parsed_from_inverter_name,170.65,month,devwork
2024-09-25,d95b5e9d-f2d5-4950-85a9-909e52f727ba,Penner Farms - SE 27-8-13 (site 2),c3ec3bd8-8836-45bb-97b7-adff01636570,Symo 24.0-3 480 (3),24.0,parsed_from_inverter_name,169.25,month,devwork
2024-09-26,d95b5e9d-f2d5-4950-85a9-909e52f727ba,Penner Farms - SE 27-8-13 (site 2),b8a6c9fe-5838-42e7-9faa-adff01636559,Symo 24.0-3 480 (1),24.0,parsed_from_inverter_name,166.44,month,devwork
2024-09-26,d95b5e9d-f2d5-4950-85a9-909e52f727ba,Penner Farms - SE 27-8-13 (site 2),a9f3ac23-6f93-447b-9037-adff01636562,Symo 24.0-3 480 (2),24.0,parsed_from_inverter_name,166.68,month,devwork
2024-09-26,d95b5e9d-f2d5-4950-85a9-909e52f727ba,Penner Farms - SE 27-8-13 (site 2),c3ec3bd8-8836-45bb-97b7-adff01636570,Symo 24.0-3 480 (3),24.0,parsed_from_inverter_name,165.67,month,devwork
2024-09-27,d95b5e9d-f2d5-4950-85a9-909e52f727ba,Penner Farms - SE 27-8-13 (site 2),b8a6c9fe-5838-42e7-9faa-adff01636559,Symo 24.0-3 480 (1),24.0,parsed_from_inverter_name,175.16,month,devwork
2024-09-27,d95b5e9d-f2d5-4950-85a9-909e52f727ba,Penner Farms - SE 27-8-13 (site 2),a9f3ac23-6f93-447b-9037-adff01636562,Symo 24.0-3 480 (2),24.0,parsed_from_inverter_name,175.15,month,devwork
2024-09-27,d95b5e9d-f2d5-4950-85a9-909e52f727ba,Penner Farms - SE 27-8-13 (site 2),c3ec3bd8-8836-45bb-97b7-adff01636570,Symo 24.0-3 480 (3),24.0,parsed_from_inverter_name,173.98,month,devwork
2024-09-28,d95b5e9d-f2d5-4950-85a9-909e52f727ba,Penner Farms - SE 27-8-13 (site 2),b8a6c9fe-5838-42e7-9faa-adff01636559,Symo 24.0-3 480 (1),24.0,parsed_from_inverter_name,154.47,month,devwork
2024-09-28,d95b5e9d-f2d5-4950-85a9-909e52f727ba,Penner Farms - SE 27-8-13 (site 2),a9f3ac23-6f93-447b-9037-adff01636562,Symo 24.0-3 480 (2),24.0,parsed_from_inverter_name,154.65,month,devwork
2024-09-28,d95b5e9d-f2d5-4950-85a9-909e52f727ba,Penner Farms - SE 27-8-13 (site 2),c3ec3bd8-8836-45bb-97b7-adff01636570,Symo 24.0-3 480 (3),24.0,parsed_from_inverter_name,154.58,month,devwork
2024-09-29,d95b5e9d-f2d5-4950-85a9-909e52f727ba,Penner Farms - SE 27-8-13 (site 2),b8a6c9fe-5838-42e7-9faa-adff01636559,Symo 24.0-3 480 (1),24.0,parsed_from_inverter_name,67.38,month,devwork
2024-09-29,d95b5e9d-f2d5-4950-85a9-909e52f727ba,Penner Farms - SE 27-8-13 (site 2),a9f3ac23-6f93-447b-9037-adff01636562,Symo 24.0-3 480 (2),24.0,parsed_from_inverter_name,68.12,month,devwork
2024-09-29,d95b5e9d-f2d5-4950-85a9-909e52f727ba,Penner Farms - SE 27-8-13 (site 2),c3ec3bd8-8836-45bb-97b7-adff01636570,Symo 24.0-3 480 (3),24.0,parsed_from_inverter_name,68.34,month,devwork
2024-09-30,d95b5e9d-f2d5-4950-85a9-909e52f727ba,Penner Farms - SE 27-8-13 (site 2),b8a6c9fe-5838-42e7-9faa-adff01636559,Symo 24.0-3 480 (1),24.0,parsed_from_inverter_name,167.99,month,devwork
2024-09-30,d95b5e9d-f2d5-4950-85a9-909e52f727ba,Penner Farms - SE 27-8-13 (site 2),a9f3ac23-6f93-447b-9037-adff01636562,Symo 24.0-3 480 (2),24.0,parsed_from_inverter_name,168.43,month,devwork
2024-09-30,d95b5e9d-f2d5-4950-85a9-909e52f727ba,Penner Farms - SE 27-8-13 (site 2),c3ec3bd8-8836-45bb-97b7-adff01636570,Symo 24.0-3 480 (3),24.0,parsed_from_inverter_name,167.36,month,devwork
2024-10-01,d95b5e9d-f2d5-4950-85a9-909e52f727ba,Penner Farms - SE 27-8-13 (site 2),b8a6c9fe-5838-42e7-9faa-adff01636559,Symo 24.0-3 480 (1),24.0,parsed_from_inverter_name,127.28,month,devwork
2024-10-01,d95b5e9d-f2d5-4950-85a9-909e52f727ba,Penner Farms - SE 27-8-13 (site 2),a9f3ac23-6f93-447b-9037-adff01636562,Symo 24.0-3 480 (2),24.0,parsed_from_inverter_name,127.91,month,devwork
2024-10-01,d95b5e9d-f2d5-4950-85a9-909e52f727ba,Penner Farms - SE 27-8-13 (site 2),c3ec3bd8-8836-45bb-97b7-adff01636570,Symo 24.0-3 480 (3),24.0,parsed_from_inverter_name,127.29,month,devwork
2024-10-02,d95b5e9d-f2d5-4950-85a9-909e52f727ba,Penner Farms - SE 27-8-13 (site 2),b8a6c9fe-5838-42e7-9faa-adff01636559,Symo 24.0-3 480 (1),24.0,parsed_from_inverter_name,136.93,month,devwork
2024-10-02,d95b5e9d-f2d5-4950-85a9-909e52f727ba,Penner Farms - SE 27-8-13 (site 2),a9f3ac23-6f93-447b-9037-adff01636562,Symo 24.0-3 480 (2),24.0,parsed_from_inverter_name,137.28,month,devwork
2024-10-02,d95b5e9d-f2d5-4950-85a9-909e52f727ba,Penner Farms - SE 27-8-13 (site 2),c3ec3bd8-8836-45bb-97b7-adff01636570,Symo 24.0-3 480 (3),24.0,parsed_from_inverter_name,137.19,month,devwork
2024-10-03,d95b5e9d-f2d5-4950-85a9-909e52f727ba,Penner Farms - SE 27-8-13 (site 2),b8a6c9fe-5838-42e7-9faa-adff01636559,Symo 24.0-3 480 (1),24.0,parsed_from_inverter_name,172.81,month,devwork
2024-10-03,d95b5e9d-f2d5-4950-85a9-909e52f727ba,Penner Farms - SE 27-8-13 (site 2),a9f3ac23-6f93-447b-9037-adff01636562,Symo 24.0-3 480 (2),24.0,parsed_from_inverter_name,173.39,month,devwork
2024-10-03,d95b5e9d-f2d5-4950-85a9-909e52f727ba,Penner Farms - SE 27-8-13 (site 2),c3ec3bd8-8836-45bb-97b7-adff01636570,Symo 24.0-3 480 (3),24.0,parsed_from_inverter_name,172.31,month,devwork
2024-10-04,d95b5e9d-f2d5-4950-85a9-909e52f727ba,Penner Farms - SE 27-8-13 (site 2),b8a6c9fe-5838-42e7-9faa-adff01636559,Symo 24.0-3 480 (1),24.0,parsed_from_inverter_name,126.63,month,devwork
2024-10-04,d95b5e9d-f2d5-4950-85a9-909e52f727ba,Penner Farms - SE 27-8-13 (site 2),a9f3ac23-6f93-447b-9037-adff01636562,Symo 24.0-3 480 (2),24.0,parsed_from_inverter_name,128.21,month,devwork
2024-10-04,d95b5e9d-f2d5-4950-85a9-909e52f727ba,Penner Farms - SE 27-8-13 (site 2),c3ec3bd8-8836-45bb-97b7-adff01636570,Symo 24.0-3 480 (3),24.0,parsed_from_inverter_name,127.76,month,devwork
2024-10-05,d95b5e9d-f2d5-4950-85a9-909e52f727ba,Penner Farms - SE 27-8-13 (site 2),b8a6c9fe-5838-42e7-9faa-adff01636559,Symo 24.0-3 480 (1),24.0,parsed_from_inverter_name,173.5,month,devwork
2024-10-05,d95b5e9d-f2d5-4950-85a9-909e52f727ba,Penner Farms - SE 27-8-13 (site 2),a9f3ac23-6f93-447b-9037-adff01636562,Symo 24.0-3 480 (2),24.0,parsed_from_inverter_name,174.16,month,devwork
2024-10-05,d95b5e9d-f2d5-4950-85a9-909e52f727ba,Penner Farms - SE 27-8-13 (site 2),c3ec3bd8-8836-45bb-97b7-adff01636570,Symo 24.0-3 480 (3),24.0,parsed_from_inverter_name,172.81,month,devwork
2024-10-06,d95b5e9d-f2d5-4950-85a9-909e52f727ba,Penner Farms - SE 27-8-13 (site 2),b8a6c9fe-5838-42e7-9faa-adff01636559,Symo 24.0-3 480 (1),24.0,parsed_from_inverter_name,150.82,month,devwork
2024-10-06,d95b5e9d-f2d5-4950-85a9-909e52f727ba,Penner Farms - SE 27-8-13 (site 2),a9f3ac23-6f93-447b-9037-adff01636562,Symo 24.0-3 480 (2),24.0,parsed_from_inverter_name,151.49,month,devwork
2024-10-06,d95b5e9d-f2d5-4950-85a9-909e52f727ba,Penner Farms - SE 27-8-13 (site 2),c3ec3bd8-8836-45bb-97b7-adff01636570,Symo 24.0-3 480 (3),24.0,parsed_from_inverter_name,150.23,month,devwork
2024-10-07,d95b5e9d-f2d5-4950-85a9-909e52f727ba,Penner Farms - SE 27-8-13 (site 2),b8a6c9fe-5838-42e7-9faa-adff01636559,Symo 24.0-3 480 (1),24.0,parsed_from_inverter_name,168.85,month,devwork
2024-10-07,d95b5e9d-f2d5-4950-85a9-909e52f727ba,Penner Farms - SE 27-8-13 (site 2),a9f3ac23-6f93-447b-9037-adff01636562,Symo 24.0-3 480 (2),24.0,parsed_from_inverter_name,169.28,month,devwork
2024-10-07,d95b5e9d-f2d5-4950-85a9-909e52f727ba,Penner Farms - SE 27-8-13 (site 2),c3ec3bd8-8836-45bb-97b7-adff01636570,Symo 24.0-3 480 (3),24.0,parsed_from_inverter_name,167.21,month,devwork
2024-10-08,d95b5e9d-f2d5-4950-85a9-909e52f727ba,Penner Farms - SE 27-8-13 (site 2),b8a6c9fe-5838-42e7-9faa-adff01636559,Symo 24.0-3 480 (1),24.0,parsed_from_inverter_name,166.61,month,devwork
2024-10-08,d95b5e9d-f2d5-4950-85a9-909e52f727ba,Penner Farms - SE 27-8-13 (site 2),a9f3ac23-6f93-447b-9037-adff01636562,Symo 24.0-3 480 (2),24.0,parsed_from_inverter_name,167.25,month,devwork
2024-10-08,d95b5e9d-f2d5-4950-85a9-909e52f727ba,Penner Farms - SE 27-8-13 (site 2),c3ec3bd8-8836-45bb-97b7-adff01636570,Symo 24.0-3 480 (3),24.0,parsed_from_inverter_name,165.48,month,devwork
2024-10-09,d95b5e9d-f2d5-4950-85a9-909e52f727ba,Penner Farms - SE 27-8-13 (site 2),b8a6c9fe-5838-42e7-9faa-adff01636559,Symo 24.0-3 480 (1),24.0,parsed_from_inverter_name,59.37,month,devwork
2024-10-09,d95b5e9d-f2d5-4950-85a9-909e52f727ba,Penner Farms - SE 27-8-13 (site 2),a9f3ac23-6f93-447b-9037-adff01636562,Symo 24.0-3 480 (2),24.0,parsed_from_inverter_name,60.21,month,devwork
2024-10-09,d95b5e9d-f2d5-4950-85a9-909e52f727ba,Penner Farms - SE 27-8-13 (site 2),c3ec3bd8-8836-45bb-97b7-adff01636570,Symo 24.0-3 480 (3),24.0,parsed_from_inverter_name,60.11,month,devwork
2024-10-10,d95b5e9d-f2d5-4950-85a9-909e52f727ba,Penner Farms - SE 27-8-13 (site 2),b8a6c9fe-5838-42e7-9faa-adff01636559,Symo 24.0-3 480 (1),24.0,parsed_from_inverter_name,155.57,month,devwork
2024-10-10,d95b5e9d-f2d5-4950-85a9-909e52f727ba,Penner Farms - SE 27-8-13 (site 2),a9f3ac23-6f93-447b-9037-adff01636562,Symo 24.0-3 480 (2),24.0,parsed_from_inverter_name,156.53,month,devwork
2024-10-10,d95b5e9d-f2d5-4950-85a9-909e52f727ba,Penner Farms - SE 27-8-13 (site 2),c3ec3bd8-8836-45bb-97b7-adff01636570,Symo 24.0-3 480 (3),24.0,parsed_from_inverter_name,154.88,month,devwork
2024-10-11,d95b5e9d-f2d5-4950-85a9-909e52f727ba,Penner Farms - SE 27-8-13 (site 2),b8a6c9fe-5838-42e7-9faa-adff01636559,Symo 24.0-3 480 (1),24.0,parsed_from_inverter_name,148.42,month,devwork
2024-10-11,d95b5e9d-f2d5-4950-85a9-909e52f727ba,Penner Farms - SE 27-8-13 (site 2),a9f3ac23-6f93-447b-9037-adff01636562,Symo 24.0-3 480 (2),24.0,parsed_from_inverter_name,150.14,month,devwork
2024-10-11,d95b5e9d-f2d5-4950-85a9-909e52f727ba,Penner Farms - SE 27-8-13 (site 2),c3ec3bd8-8836-45bb-97b7-adff01636570,Symo 24.0-3 480 (3),24.0,parsed_from_inverter_name,149.02,month,devwork
2024-10-12,d95b5e9d-f2d5-4950-85a9-909e52f727ba,Penner Farms - SE 27-8-13 (site 2),b8a6c9fe-5838-42e7-9faa-adff01636559,Symo 24.0-3 480 (1),24.0,parsed_from_inverter_name,158.37,month,devwork
2024-10-12,d95b5e9d-f2d5-4950-85a9-909e52f727ba,Penner Farms - SE 27-8-13 (site 2),a9f3ac23-6f93-447b-9037-adff01636562,Symo 24.0-3 480 (2),24.0,parsed_from_inverter_name,159.37,month,devwork
2024-10-12,d95b5e9d-f2d5-4950-85a9-909e52f727ba,Penner Farms - SE 27-8-13 (site 2),c3ec3bd8-8836-45bb-97b7-adff01636570,Symo 24.0-3 480 (3),24.0,parsed_from_inverter_name,157.86,month,devwork
2024-10-13,d95b5e9d-f2d5-4950-85a9-909e52f727ba,Penner Farms - SE 27-8-13 (site 2),b8a6c9fe-5838-42e7-9faa-adff01636559,Symo 24.0-3 480 (1),24.0,parsed_from_inverter_name,164.0,month,devwork
2024-10-13,d95b5e9d-f2d5-4950-85a9-909e52f727ba,Penner Farms - SE 27-8-13 (site 2),a9f3ac23-6f93-447b-9037-adff01636562,Symo 24.0-3 480 (2),24.0,parsed_from_inverter_name,166.55,month,devwork
2024-10-13,d95b5e9d-f2d5-4950-85a9-909e52f727ba,Penner Farms - SE 27-8-13 (site 2),c3ec3bd8-8836-45bb-97b7-adff01636570,Symo 24.0-3 480 (3),24.0,parsed_from_inverter_name,164.55,month,devwork
2024-10-14,d95b5e9d-f2d5-4950-85a9-909e52f727ba,Penner Farms - SE 27-8-13 (site 2),b8a6c9fe-5838-42e7-9faa-adff01636559,Symo 24.0-3 480 (1),24.0,parsed_from_inverter_name,147.74,month,devwork
2024-10-14,d95b5e9d-f2d5-4950-85a9-909e52f727ba,Penner Farms - SE 27-8-13 (site 2),a9f3ac23-6f93-447b-9037-adff01636562,Symo 24.0-3 480 (2),24.0,parsed_from_inverter_name,148.72,month,devwork
2024-10-14,d95b5e9d-f2d5-4950-85a9-909e52f727ba,Penner Farms - SE 27-8-13 (site 2),c3ec3bd8-8836-45bb-97b7-adff01636570,Symo 24.0-3 480 (3),24.0,parsed_from_inverter_name,97.25,month,devwork
2024-10-15,d95b5e9d-f2d5-4950-85a9-909e52f727ba,Penner Farms - SE 27-8-13 (site 2),b8a6c9fe-5838-42e7-9faa-adff01636559,Symo 24.0-3 480 (1),24.0,parsed_from_inverter_name,83.7,month,devwork
2024-10-15,d95b5e9d-f2d5-4950-85a9-909e52f727ba,Penner Farms - SE 27-8-13 (site 2),a9f3ac23-6f93-447b-9037-adff01636562,Symo 24.0-3 480 (2),24.0,parsed_from_inverter_name,84.6,month,devwork
2024-10-15,d95b5e9d-f2d5-4950-85a9-909e52f727ba,Penner Farms - SE 27-8-13 (site 2),c3ec3bd8-8836-45bb-97b7-adff01636570,Symo 24.0-3 480 (3),24.0,parsed_from_inverter_name,84.05,month,devwork
2024-10-16,d95b5e9d-f2d5-4950-85a9-909e52f727ba,Penner Farms - SE 27-8-13 (site 2),b8a6c9fe-5838-42e7-9faa-adff01636559,Symo 24.0-3 480 (1),24.0,parsed_from_inverter_name,34.61,month,devwork
2024-10-16,d95b5e9d-f2d5-4950-85a9-909e52f727ba,Penner Farms - SE 27-8-13 (site 2),a9f3ac23-6f93-447b-9037-adff01636562,Symo 24.0-3 480 (2),24.0,parsed_from_inverter_name,35.71,month,devwork
2024-10-16,d95b5e9d-f2d5-4950-85a9-909e52f727ba,Penner Farms - SE 27-8-13 (site 2),c3ec3bd8-8836-45bb-97b7-adff01636570,Symo 24.0-3 480 (3),24.0,parsed_from_inverter_name,35.8,month,devwork
2024-10-17,d95b5e9d-f2d5-4950-85a9-909e52f727ba,Penner Farms - SE 27-8-13 (site 2),b8a6c9fe-5838-42e7-9faa-adff01636559,Symo 24.0-3 480 (1),24.0,parsed_from_inverter_name,117.0,month,devwork
2024-10-17,d95b5e9d-f2d5-4950-85a9-909e52f727ba,Penner Farms - SE 27-8-13 (site 2),a9f3ac23-6f93-447b-9037-adff01636562,Symo 24.0-3 480 (2),24.0,parsed_from_inverter_name,118.02,month,devwork
2024-10-17,d95b5e9d-f2d5-4950-85a9-909e52f727ba,Penner Farms - SE 27-8-13 (site 2),c3ec3bd8-8836-45bb-97b7-adff01636570,Symo 24.0-3 480 (3),24.0,parsed_from_inverter_name,116.64,month,devwork
2024-10-18,d95b5e9d-f2d5-4950-85a9-909e52f727ba,Penner Farms - SE 27-8-13 (site 2),b8a6c9fe-5838-42e7-9faa-adff01636559,Symo 24.0-3 480 (1),24.0,parsed_from_inverter_name,144.64,month,devwork
2024-10-18,d95b5e9d-f2d5-4950-85a9-909e52f727ba,Penner Farms - SE 27-8-13 (site 2),a9f3ac23-6f93-447b-9037-adff01636562,Symo 24.0-3 480 (2),24.0,parsed_from_inverter_name,145.71,month,devwork
2024-10-18,d95b5e9d-f2d5-4950-85a9-909e52f727ba,Penner Farms - SE 27-8-13 (site 2),c3ec3bd8-8836-45bb-97b7-adff01636570,Symo 24.0-3 480 (3),24.0,parsed_from_inverter_name,144.22,month,devwork
2024-10-19,d95b5e9d-f2d5-4950-85a9-909e52f727ba,Penner Farms - SE 27-8-13 (site 2),b8a6c9fe-5838-42e7-9faa-adff01636559,Symo 24.0-3 480 (1),24.0,parsed_from_inverter_name,136.38,month,devwork
2024-10-19,d95b5e9d-f2d5-4950-85a9-909e52f727ba,Penner Farms - SE 27-8-13 (site 2),a9f3ac23-6f93-447b-9037-adff01636562,Symo 24.0-3 480 (2),24.0,parsed_from_inverter_name,136.96,month,devwork
2024-10-19,d95b5e9d-f2d5-4950-85a9-909e52f727ba,Penner Farms - SE 27-8-13 (site 2),c3ec3bd8-8836-45bb-97b7-adff01636570,Symo 24.0-3 480 (3),24.0,parsed_from_inverter_name,135.55,month,devwork
2024-10-20,d95b5e9d-f2d5-4950-85a9-909e52f727ba,Penner Farms - SE 27-8-13 (site 2),b8a6c9fe-5838-42e7-9faa-adff01636559,Symo 24.0-3 480 (1),24.0,parsed_from_inverter_name,82.17,month,devwork
2024-10-20,d95b5e9d-f2d5-4950-85a9-909e52f727ba,Penner Farms - SE 27-8-13 (site 2),a9f3ac23-6f93-447b-9037-adff01636562,Symo 24.0-3 480 (2),24.0,parsed_from_inverter_name,82.97,month,devwork
2024-10-20,d95b5e9d-f2d5-4950-85a9-909e52f727ba,Penner Farms - SE 27-8-13 (site 2),c3ec3bd8-8836-45bb-97b7-adff01636570,Symo 24.0-3 480 (3),24.0,parsed_from_inverter_name,82.12,month,devwork
2024-10-21,d95b5e9d-f2d5-4950-85a9-909e52f727ba,Penner Farms - SE 27-8-13 (site 2),b8a6c9fe-5838-42e7-9faa-adff01636559,Symo 24.0-3 480 (1),24.0,parsed_from_inverter_name,9.35,month,devwork
2024-10-21,d95b5e9d-f2d5-4950-85a9-909e52f727ba,Penner Farms - SE 27-8-13 (site 2),a9f3ac23-6f93-447b-9037-adff01636562,Symo 24.0-3 480 (2),24.0,parsed_from_inverter_name,9.4,month,devwork
2024-10-21,d95b5e9d-f2d5-4950-85a9-909e52f727ba,Penner Farms - SE 27-8-13 (site 2),c3ec3bd8-8836-45bb-97b7-adff01636570,Symo 24.0-3 480 (3),24.0,parsed_from_inverter_name,9.52,month,devwork
2024-10-22,d95b5e9d-f2d5-4950-85a9-909e52f727ba,Penner Farms - SE 27-8-13 (site 2),b8a6c9fe-5838-42e7-9faa-adff01636559,Symo 24.0-3 480 (1),24.0,parsed_from_inverter_name,120.5,month,devwork
2024-10-22,d95b5e9d-f2d5-4950-85a9-909e52f727ba,Penner Farms - SE 27-8-13 (site 2),a9f3ac23-6f93-447b-9037-adff01636562,Symo 24.0-3 480 (2),24.0,parsed_from_inverter_name,122.14,month,devwork
2024-10-22,d95b5e9d-f2d5-4950-85a9-909e52f727ba,Penner Farms - SE 27-8-13 (site 2),c3ec3bd8-8836-45bb-97b7-adff01636570,Symo 24.0-3 480 (3),24.0,parsed_from_inverter_name,120.64,month,devwork
2024-10-23,d95b5e9d-f2d5-4950-85a9-909e52f727ba,Penner Farms - SE 27-8-13 (site 2),b8a6c9fe-5838-42e7-9faa-adff01636559,Symo 24.0-3 480 (1),24.0,parsed_from_inverter_name,152.91,month,devwork
2024-10-23,d95b5e9d-f2d5-4950-85a9-909e52f727ba,Penner Farms - SE 27-8-13 (site 2),a9f3ac23-6f93-447b-9037-adff01636562,Symo 24.0-3 480 (2),24.0,parsed_from_inverter_name,159.03,month,devwork
2024-10-23,d95b5e9d-f2d5-4950-85a9-909e52f727ba,Penner Farms - SE 27-8-13 (site 2),c3ec3bd8-8836-45bb-97b7-adff01636570,Symo 24.0-3 480 (3),24.0,parsed_from_inverter_name,156.67,month,devwork
2024-10-24,d95b5e9d-f2d5-4950-85a9-909e52f727ba,Penner Farms - SE 27-8-13 (site 2),b8a6c9fe-5838-42e7-9faa-adff01636559,Symo 24.0-3 480 (1),24.0,parsed_from_inverter_name,144.97,month,devwork
2024-10-24,d95b5e9d-f2d5-4950-85a9-909e52f727ba,Penner Farms - SE 27-8-13 (site 2),a9f3ac23-6f93-447b-9037-adff01636562,Symo 24.0-3 480 (2),24.0,parsed_from_inverter_name,146.67,month,devwork
2024-10-24,d95b5e9d-f2d5-4950-85a9-909e52f727ba,Penner Farms - SE 27-8-13 (site 2),c3ec3bd8-8836-45bb-97b7-adff01636570,Symo 24.0-3 480 (3),24.0,parsed_from_inverter_name,144.35,month,devwork
2024-10-25,d95b5e9d-f2d5-4950-85a9-909e52f727ba,Penner Farms - SE 27-8-13 (site 2),b8a6c9fe-5838-42e7-9faa-adff01636559,Symo 24.0-3 480 (1),24.0,parsed_from_inverter_name,137.86,month,devwork
2024-10-25,d95b5e9d-f2d5-4950-85a9-909e52f727ba,Penner Farms - SE 27-8-13 (site 2),a9f3ac23-6f93-447b-9037-adff01636562,Symo 24.0-3 480 (2),24.0,parsed_from_inverter_name,140.17,month,devwork
2024-10-25,d95b5e9d-f2d5-4950-85a9-909e52f727ba,Penner Farms - SE 27-8-13 (site 2),c3ec3bd8-8836-45bb-97b7-adff01636570,Symo 24.0-3 480 (3),24.0,parsed_from_inverter_name,138.47,month,devwork
2024-10-26,d95b5e9d-f2d5-4950-85a9-909e52f727ba,Penner Farms - SE 27-8-13 (site 2),b8a6c9fe-5838-42e7-9faa-adff01636559,Symo 24.0-3 480 (1),24.0,parsed_from_inverter_name,95.61,month,devwork
2024-10-26,d95b5e9d-f2d5-4950-85a9-909e52f727ba,Penner Farms - SE 27-8-13 (site 2),a9f3ac23-6f93-447b-9037-adff01636562,Symo 24.0-3 480 (2),24.0,parsed_from_inverter_name,97.29,month,devwork
2024-10-26,d95b5e9d-f2d5-4950-85a9-909e52f727ba,Penner Farms - SE 27-8-13 (site 2),c3ec3bd8-8836-45bb-97b7-adff01636570,Symo 24.0-3 480 (3),24.0,parsed_from_inverter_name,96.4,month,devwork
2024-10-27,d95b5e9d-f2d5-4950-85a9-909e52f727ba,Penner Farms - SE 27-8-13 (site 2),b8a6c9fe-5838-42e7-9faa-adff01636559,Symo 24.0-3 480 (1),24.0,parsed_from_inverter_name,131.03,month,devwork
2024-10-27,d95b5e9d-f2d5-4950-85a9-909e52f727ba,Penner Farms - SE 27-8-13 (site 2),a9f3ac23-6f93-447b-9037-adff01636562,Symo 24.0-3 480 (2),24.0,parsed_from_inverter_name,132.46,month,devwork
2024-10-27,d95b5e9d-f2d5-4950-85a9-909e52f727ba,Penner Farms - SE 27-8-13 (site 2),c3ec3bd8-8836-45bb-97b7-adff01636570,Symo 24.0-3 480 (3),24.0,parsed_from_inverter_name,130.35,month,devwork
2024-10-28,d95b5e9d-f2d5-4950-85a9-909e52f727ba,Penner Farms - SE 27-8-13 (site 2),b8a6c9fe-5838-42e7-9faa-adff01636559,Symo 24.0-3 480 (1),24.0,parsed_from_inverter_name,130.97,month,devwork
2024-10-28,d95b5e9d-f2d5-4950-85a9-909e52f727ba,Penner Farms - SE 27-8-13 (site 2),a9f3ac23-6f93-447b-9037-adff01636562,Symo 24.0-3 480 (2),24.0,parsed_from_inverter_name,132.62,month,devwork
2024-10-28,d95b5e9d-f2d5-4950-85a9-909e52f727ba,Penner Farms - SE 27-8-13 (site 2),c3ec3bd8-8836-45bb-97b7-adff01636570,Symo 24.0-3 480 (3),24.0,parsed_from_inverter_name,130.67,month,devwork
2024-10-29,d95b5e9d-f2d5-4950-85a9-909e52f727ba,Penner Farms - SE 27-8-13 (site 2),b8a6c9fe-5838-42e7-9faa-adff01636559,Symo 24.0-3 480 (1),24.0,parsed_from_inverter_name,55.63,month,devwork
2024-10-29,d95b5e9d-f2d5-4950-85a9-909e52f727ba,Penner Farms - SE 27-8-13 (site 2),a9f3ac23-6f93-447b-9037-adff01636562,Symo 24.0-3 480 (2),24.0,parsed_from_inverter_name,56.26,month,devwork
2024-10-29,d95b5e9d-f2d5-4950-85a9-909e52f727ba,Penner Farms - SE 27-8-13 (site 2),c3ec3bd8-8836-45bb-97b7-adff01636570,Symo 24.0-3 480 (3),24.0,parsed_from_inverter_name,54.02,month,devwork
2024-10-30,d95b5e9d-f2d5-4950-85a9-909e52f727ba,Penner Farms - SE 27-8-13 (site 2),b8a6c9fe-5838-42e7-9faa-adff01636559,Symo 24.0-3 480 (1),24.0,parsed_from_inverter_name,150.35,month,devwork
2024-10-30,d95b5e9d-f2d5-4950-85a9-909e52f727ba,Penner Farms - SE 27-8-13 (site 2),a9f3ac23-6f93-447b-9037-adff01636562,Symo 24.0-3 480 (2),24.0,parsed_from_inverter_name,153.95,month,devwork
2024-10-30,d95b5e9d-f2d5-4950-85a9-909e52f727ba,Penner Farms - SE 27-8-13 (site 2),c3ec3bd8-8836-45bb-97b7-adff01636570,Symo 24.0-3 480 (3),24.0,parsed_from_inverter_name,151.3,month,devwork
2024-10-31,d95b5e9d-f2d5-4950-85a9-909e52f727ba,Penner Farms - SE 27-8-13 (site 2),b8a6c9fe-5838-42e7-9faa-adff01636559,Symo 24.0-3 480 (1),24.0,parsed_from_inverter_name,143.02,month,devwork
2024-10-31,d95b5e9d-f2d5-4950-85a9-909e52f727ba,Penner Farms - SE 27-8-13 (site 2),a9f3ac23-6f93-447b-9037-adff01636562,Symo 24.0-3 480 (2),24.0,parsed_from_inverter_name,144.86,month,devwork
2024-10-31,d95b5e9d-f2d5-4950-85a9-909e52f727ba,Penner Farms - SE 27-8-13 (site 2),c3ec3bd8-8836-45bb-97b7-adff01636570,Symo 24.0-3 480 (3),24.0,parsed_from_inverter_name,142.37,month,devwork
2024-11-01,d95b5e9d-f2d5-4950-85a9-909e52f727ba,Penner Farms - SE 27-8-13 (site 2),b8a6c9fe-5838-42e7-9faa-adff01636559,Symo 24.0-3 480 (1),24.0,parsed_from_inverter_name,142.65,month,devwork
2024-11-01,d95b5e9d-f2d5-4950-85a9-909e52f727ba,Penner Farms - SE 27-8-13 (site 2),a9f3ac23-6f93-447b-9037-adff01636562,Symo 24.0-3 480 (2),24.0,parsed_from_inverter_name,146.33,month,devwork
2024-11-01,d95b5e9d-f2d5-4950-85a9-909e52f727ba,Penner Farms - SE 27-8-13 (site 2),c3ec3bd8-8836-45bb-97b7-adff01636570,Symo 24.0-3 480 (3),24.0,parsed_from_inverter_name,143.74,month,devwork
2024-11-02,d95b5e9d-f2d5-4950-85a9-909e52f727ba,Penner Farms - SE 27-8-13 (site 2),b8a6c9fe-5838-42e7-9faa-adff01636559,Symo 24.0-3 480 (1),24.0,parsed_from_inverter_name,101.27,month,devwork
2024-11-02,d95b5e9d-f2d5-4950-85a9-909e52f727ba,Penner Farms - SE 27-8-13 (site 2),a9f3ac23-6f93-447b-9037-adff01636562,Symo 24.0-3 480 (2),24.0,parsed_from_inverter_name,103.05,month,devwork
2024-11-02,d95b5e9d-f2d5-4950-85a9-909e52f727ba,Penner Farms - SE 27-8-13 (site 2),c3ec3bd8-8836-45bb-97b7-adff01636570,Symo 24.0-3 480 (3),24.0,parsed_from_inverter_name,101.67,month,devwork
2024-11-03,d95b5e9d-f2d5-4950-85a9-909e52f727ba,Penner Farms - SE 27-8-13 (site 2),b8a6c9fe-5838-42e7-9faa-adff01636559,Symo 24.0-3 480 (1),24.0,parsed_from_inverter_name,97.33,month,devwork
2024-11-03,d95b5e9d-f2d5-4950-85a9-909e52f727ba,Penner Farms - SE 27-8-13 (site 2),a9f3ac23-6f93-447b-9037-adff01636562,Symo 24.0-3 480 (2),24.0,parsed_from_inverter_name,99.32,month,devwork
2024-11-03,d95b5e9d-f2d5-4950-85a9-909e52f727ba,Penner Farms - SE 27-8-13 (site 2),c3ec3bd8-8836-45bb-97b7-adff01636570,Symo 24.0-3 480 (3),24.0,parsed_from_inverter_name,97.77,month,devwork
2024-11-04,d95b5e9d-f2d5-4950-85a9-909e52f727ba,Penner Farms - SE 27-8-13 (site 2),b8a6c9fe-5838-42e7-9faa-adff01636559,Symo 24.0-3 480 (1),24.0,parsed_from_inverter_name,58.24,month,devwork
2024-11-04,d95b5e9d-f2d5-4950-85a9-909e52f727ba,Penner Farms - SE 27-8-13 (site 2),a9f3ac23-6f93-447b-9037-adff01636562,Symo 24.0-3 480 (2),24.0,parsed_from_inverter_name,60.46,month,devwork
2024-11-04,d95b5e9d-f2d5-4950-85a9-909e52f727ba,Penner Farms - SE 27-8-13 (site 2),c3ec3bd8-8836-45bb-97b7-adff01636570,Symo 24.0-3 480 (3),24.0,parsed_from_inverter_name,59.89,month,devwork
2024-11-05,d95b5e9d-f2d5-4950-85a9-909e52f727ba,Penner Farms - SE 27-8-13 (site 2),b8a6c9fe-5838-42e7-9faa-adff01636559,Symo 24.0-3 480 (1),24.0,parsed_from_inverter_name,11.19,month,devwork
2024-11-05,d95b5e9d-f2d5-4950-85a9-909e52f727ba,Penner Farms - SE 27-8-13 (site 2),a9f3ac23-6f93-447b-9037-adff01636562,Symo 24.0-3 480 (2),24.0,parsed_from_inverter_name,10.52,month,devwork
2024-11-05,d95b5e9d-f2d5-4950-85a9-909e52f727ba,Penner Farms - SE 27-8-13 (site 2),c3ec3bd8-8836-45bb-97b7-adff01636570,Symo 24.0-3 480 (3),24.0,parsed_from_inverter_name,10.79,month,devwork
2024-11-06,d95b5e9d-f2d5-4950-85a9-909e52f727ba,Penner Farms - SE 27-8-13 (site 2),b8a6c9fe-5838-42e7-9faa-adff01636559,Symo 24.0-3 480 (1),24.0,parsed_from_inverter_name,113.32,month,devwork
2024-11-06,d95b5e9d-f2d5-4950-85a9-909e52f727ba,Penner Farms - SE 27-8-13 (site 2),a9f3ac23-6f93-447b-9037-adff01636562,Symo 24.0-3 480 (2),24.0,parsed_from_inverter_name,116.8,month,devwork
2024-11-06,d95b5e9d-f2d5-4950-85a9-909e52f727ba,Penner Farms - SE 27-8-13 (site 2),c3ec3bd8-8836-45bb-97b7-adff01636570,Symo 24.0-3 480 (3),24.0,parsed_from_inverter_name,114.53,month,devwork
2024-11-07,d95b5e9d-f2d5-4950-85a9-909e52f727ba,Penner Farms - SE 27-8-13 (site 2),b8a6c9fe-5838-42e7-9faa-adff01636559,Symo 24.0-3 480 (1),24.0,parsed_from_inverter_name,134.95,month,devwork
2024-11-07,d95b5e9d-f2d5-4950-85a9-909e52f727ba,Penner Farms - SE 27-8-13 (site 2),a9f3ac23-6f93-447b-9037-adff01636562,Symo 24.0-3 480 (2),24.0,parsed_from_inverter_name,138.06,month,devwork
2024-11-07,d95b5e9d-f2d5-4950-85a9-909e52f727ba,Penner Farms - SE 27-8-13 (site 2),c3ec3bd8-8836-45bb-97b7-adff01636570,Symo 24.0-3 480 (3),24.0,parsed_from_inverter_name,135.23,month,devwork
2024-11-08,d95b5e9d-f2d5-4950-85a9-909e52f727ba,Penner Farms - SE 27-8-13 (site 2),b8a6c9fe-5838-42e7-9faa-adff01636559,Symo 24.0-3 480 (1),24.0,parsed_from_inverter_name,99.21,month,devwork
2024-11-08,d95b5e9d-f2d5-4950-85a9-909e52f727ba,Penner Farms - SE 27-8-13 (site 2),a9f3ac23-6f93-447b-9037-adff01636562,Symo 24.0-3 480 (2),24.0,parsed_from_inverter_name,101.86,month,devwork
2024-11-08,d95b5e9d-f2d5-4950-85a9-909e52f727ba,Penner Farms - SE 27-8-13 (site 2),c3ec3bd8-8836-45bb-97b7-adff01636570,Symo 24.0-3 480 (3),24.0,parsed_from_inverter_name,100.03,month,devwork
2024-11-09,d95b5e9d-f2d5-4950-85a9-909e52f727ba,Penner Farms - SE 27-8-13 (site 2),b8a6c9fe-5838-42e7-9faa-adff01636559,Symo 24.0-3 480 (1),24.0,parsed_from_inverter_name,62.46,month,devwork
2024-11-09,d95b5e9d-f2d5-4950-85a9-909e52f727ba,Penner Farms - SE 27-8-13 (site 2),a9f3ac23-6f93-447b-9037-adff01636562,Symo 24.0-3 480 (2),24.0,parsed_from_inverter_name,63.86,month,devwork
2024-11-09,d95b5e9d-f2d5-4950-85a9-909e52f727ba,Penner Farms - SE 27-8-13 (site 2),c3ec3bd8-8836-45bb-97b7-adff01636570,Symo 24.0-3 480 (3),24.0,parsed_from_inverter_name,63.52,month,devwork
2024-11-10,d95b5e9d-f2d5-4950-85a9-909e52f727ba,Penner Farms - SE 27-8-13 (site 2),b8a6c9fe-5838-42e7-9faa-adff01636559,Symo 24.0-3 480 (1),24.0,parsed_from_inverter_name,13.01,month,devwork
2024-11-10,d95b5e9d-f2d5-4950-85a9-909e52f727ba,Penner Farms - SE 27-8-13 (site 2),a9f3ac23-6f93-447b-9037-adff01636562,Symo 24.0-3 480 (2),24.0,parsed_from_inverter_name,13.14,month,devwork
2024-11-10,d95b5e9d-f2d5-4950-85a9-909e52f727ba,Penner Farms - SE 27-8-13 (site 2),c3ec3bd8-8836-45bb-97b7-adff01636570,Symo 24.0-3 480 (3),24.0,parsed_from_inverter_name,13.27,month,devwork
2024-11-11,d95b5e9d-f2d5-4950-85a9-909e52f727ba,Penner Farms - SE 27-8-13 (site 2),b8a6c9fe-5838-42e7-9faa-adff01636559,Symo 24.0-3 480 (1),24.0,parsed_from_inverter_name,28.89,month,devwork
2024-11-11,d95b5e9d-f2d5-4950-85a9-909e52f727ba,Penner Farms - SE 27-8-13 (site 2),a9f3ac23-6f93-447b-9037-adff01636562,Symo 24.0-3 480 (2),24.0,parsed_from_inverter_name,30.28,month,devwork
2024-11-11,d95b5e9d-f2d5-4950-85a9-909e52f727ba,Penner Farms - SE 27-8-13 (site 2),c3ec3bd8-8836-45bb-97b7-adff01636570,Symo 24.0-3 480 (3),24.0,parsed_from_inverter_name,30.16,month,devwork
2024-11-12,d95b5e9d-f2d5-4950-85a9-909e52f727ba,Penner Farms - SE 27-8-13 (site 2),b8a6c9fe-5838-42e7-9faa-adff01636559,Symo 24.0-3 480 (1),24.0,parsed_from_inverter_name,131.43,month,devwork
2024-11-12,d95b5e9d-f2d5-4950-85a9-909e52f727ba,Penner Farms - SE 27-8-13 (site 2),a9f3ac23-6f93-447b-9037-adff01636562,Symo 24.0-3 480 (2),24.0,parsed_from_inverter_name,133.74,month,devwork
2024-11-12,d95b5e9d-f2d5-4950-85a9-909e52f727ba,Penner Farms - SE 27-8-13 (site 2),c3ec3bd8-8836-45bb-97b7-adff01636570,Symo 24.0-3 480 (3),24.0,parsed_from_inverter_name,130.68,month,devwork
2024-11-13,d95b5e9d-f2d5-4950-85a9-909e52f727ba,Penner Farms - SE 27-8-13 (site 2),b8a6c9fe-5838-42e7-9faa-adff01636559,Symo 24.0-3 480 (1),24.0,parsed_from_inverter_name,53.38,month,devwork
2024-11-13,d95b5e9d-f2d5-4950-85a9-909e52f727ba,Penner Farms - SE 27-8-13 (site 2),a9f3ac23-6f93-447b-9037-adff01636562,Symo 24.0-3 480 (2),24.0,parsed_from_inverter_name,54.5,month,devwork
2024-11-13,d95b5e9d-f2d5-4950-85a9-909e52f727ba,Penner Farms - SE 27-8-13 (site 2),c3ec3bd8-8836-45bb-97b7-adff01636570,Symo 24.0-3 480 (3),24.0,parsed_from_inverter_name,54.09,month,devwork
2024-11-14,d95b5e9d-f2d5-4950-85a9-909e52f727ba,Penner Farms - SE 27-8-13 (site 2),b8a6c9fe-5838-42e7-9faa-adff01636559,Symo 24.0-3 480 (1),24.0,parsed_from_inverter_name,76.24,month,devwork
2024-11-14,d95b5e9d-f2d5-4950-85a9-909e52f727ba,Penner Farms - SE 27-8-13 (site 2),a9f3ac23-6f93-447b-9037-adff01636562,Symo 24.0-3 480 (2),24.0,parsed_from_inverter_name,78.34,month,devwork
2024-11-14,d95b5e9d-f2d5-4950-85a9-909e52f727ba,Penner Farms - SE 27-8-13 (site 2),c3ec3bd8-8836-45bb-97b7-adff01636570,Symo 24.0-3 480 (3),24.0,parsed_from_inverter_name,77.26,month,devwork
2024-11-15,d95b5e9d-f2d5-4950-85a9-909e52f727ba,Penner Farms - SE 27-8-13 (site 2),b8a6c9fe-5838-42e7-9faa-adff01636559,Symo 24.0-3 480 (1),24.0,parsed_from_inverter_name,63.0,month,devwork
2024-11-15,d95b5e9d-f2d5-4950-85a9-909e52f727ba,Penner Farms - SE 27-8-13 (site 2),a9f3ac23-6f93-447b-9037-adff01636562,Symo 24.0-3 480 (2),24.0,parsed_from_inverter_name,65.94,month,devwork
2024-11-15,d95b5e9d-f2d5-4950-85a9-909e52f727ba,Penner Farms - SE 27-8-13 (site 2),c3ec3bd8-8836-45bb-97b7-adff01636570,Symo 24.0-3 480 (3),24.0,parsed_from_inverter_name,65.04,month,devwork
2024-11-16,d95b5e9d-f2d5-4950-85a9-909e52f727ba,Penner Farms - SE 27-8-13 (site 2),b8a6c9fe-5838-42e7-9faa-adff01636559,Symo 24.0-3 480 (1),24.0,parsed_from_inverter_name,120.7,month,devwork
2024-11-16,d95b5e9d-f2d5-4950-85a9-909e52f727ba,Penner Farms - SE 27-8-13 (site 2),a9f3ac23-6f93-447b-9037-adff01636562,Symo 24.0-3 480 (2),24.0,parsed_from_inverter_name,122.8,month,devwork
2024-11-16,d95b5e9d-f2d5-4950-85a9-909e52f727ba,Penner Farms - SE 27-8-13 (site 2),c3ec3bd8-8836-45bb-97b7-adff01636570,Symo 24.0-3 480 (3),24.0,parsed_from_inverter_name,119.89,month,devwork
2024-11-17,d95b5e9d-f2d5-4950-85a9-909e52f727ba,Penner Farms - SE 27-8-13 (site 2),b8a6c9fe-5838-42e7-9faa-adff01636559,Symo 24.0-3 480 (1),24.0,parsed_from_inverter_name,23.7,month,devwork
2024-11-17,d95b5e9d-f2d5-4950-85a9-909e52f727ba,Penner Farms - SE 27-8-13 (site 2),a9f3ac23-6f93-447b-9037-adff01636562,Symo 24.0-3 480 (2),24.0,parsed_from_inverter_name,24.24,month,devwork
2024-11-17,d95b5e9d-f2d5-4950-85a9-909e52f727ba,Penner Farms - SE 27-8-13 (site 2),c3ec3bd8-8836-45bb-97b7-adff01636570,Symo 24.0-3 480 (3),24.0,parsed_from_inverter_name,24.27,month,devwork
2024-11-18,d95b5e9d-f2d5-4950-85a9-909e52f727ba,Penner Farms - SE 27-8-13 (site 2),b8a6c9fe-5838-42e7-9faa-adff01636559,Symo 24.0-3 480 (1),24.0,parsed_from_inverter_name,61.46,month,devwork
2024-11-18,d95b5e9d-f2d5-4950-85a9-909e52f727ba,Penner Farms - SE 27-8-13 (site 2),a9f3ac23-6f93-447b-9037-adff01636562,Symo 24.0-3 480 (2),24.0,parsed_from_inverter_name,62.33,month,devwork
2024-11-18,d95b5e9d-f2d5-4950-85a9-909e52f727ba,Penner Farms - SE 27-8-13 (site 2),c3ec3bd8-8836-45bb-97b7-adff01636570,Symo 24.0-3 480 (3),24.0,parsed_from_inverter_name,61.67,month,devwork
2024-11-19,d95b5e9d-f2d5-4950-85a9-909e52f727ba,Penner Farms - SE 27-8-13 (site 2),b8a6c9fe-5838-42e7-9faa-adff01636559,Symo 24.0-3 480 (1),24.0,parsed_from_inverter_name,28.07,month,devwork
2024-11-19,d95b5e9d-f2d5-4950-85a9-909e52f727ba,Penner Farms - SE 27-8-13 (site 2),a9f3ac23-6f93-447b-9037-adff01636562,Symo 24.0-3 480 (2),24.0,parsed_from_inverter_name,33.5,month,devwork
2024-11-19,d95b5e9d-f2d5-4950-85a9-909e52f727ba,Penner Farms - SE 27-8-13 (site 2),c3ec3bd8-8836-45bb-97b7-adff01636570,Symo 24.0-3 480 (3),24.0,parsed_from_inverter_name,35.48,month,devwork
2024-11-20,d95b5e9d-f2d5-4950-85a9-909e52f727ba,Penner Farms - SE 27-8-13 (site 2),b8a6c9fe-5838-42e7-9faa-adff01636559,Symo 24.0-3 480 (1),24.0,parsed_from_inverter_name,24.0,month,devwork
2024-11-20,d95b5e9d-f2d5-4950-85a9-909e52f727ba,Penner Farms - SE 27-8-13 (site 2),a9f3ac23-6f93-447b-9037-adff01636562,Symo 24.0-3 480 (2),24.0,parsed_from_inverter_name,24.24,month,devwork
2024-11-20,d95b5e9d-f2d5-4950-85a9-909e52f727ba,Penner Farms - SE 27-8-13 (site 2),c3ec3bd8-8836-45bb-97b7-adff01636570,Symo 24.0-3 480 (3),24.0,parsed_from_inverter_name,24.51,month,devwork
2024-11-21,d95b5e9d-f2d5-4950-85a9-909e52f727ba,Penner Farms - SE 27-8-13 (site 2),b8a6c9fe-5838-42e7-9faa-adff01636559,Symo 24.0-3 480 (1),24.0,parsed_from_inverter_name,43.16,month,devwork
2024-11-21,d95b5e9d-f2d5-4950-85a9-909e52f727ba,Penner Farms - SE 27-8-13 (site 2),a9f3ac23-6f93-447b-9037-adff01636562,Symo 24.0-3 480 (2),24.0,parsed_from_inverter_name,41.47,month,devwork
2024-11-21,d95b5e9d-f2d5-4950-85a9-909e52f727ba,Penner Farms - SE 27-8-13 (site 2),c3ec3bd8-8836-45bb-97b7-adff01636570,Symo 24.0-3 480 (3),24.0,parsed_from_inverter_name,42.62,month,devwork
2024-11-22,d95b5e9d-f2d5-4950-85a9-909e52f727ba,Penner Farms - SE 27-8-13 (site 2),b8a6c9fe-5838-42e7-9faa-adff01636559,Symo 24.0-3 480 (1),24.0,parsed_from_inverter_name,6.65,month,devwork
2024-11-22,d95b5e9d-f2d5-4950-85a9-909e52f727ba,Penner Farms - SE 27-8-13 (site 2),a9f3ac23-6f93-447b-9037-adff01636562,Symo 24.0-3 480 (2),24.0,parsed_from_inverter_name,6.05,month,devwork
2024-11-22,d95b5e9d-f2d5-4950-85a9-909e52f727ba,Penner Farms - SE 27-8-13 (site 2),c3ec3bd8-8836-45bb-97b7-adff01636570,Symo 24.0-3 480 (3),24.0,parsed_from_inverter_name,6.31,month,devwork
2024-11-23,d95b5e9d-f2d5-4950-85a9-909e52f727ba,Penner Farms - SE 27-8-13 (site 2),b8a6c9fe-5838-42e7-9faa-adff01636559,Symo 24.0-3 480 (1),24.0,parsed_from_inverter_name,4.95,month,devwork
2024-11-23,d95b5e9d-f2d5-4950-85a9-909e52f727ba,Penner Farms - SE 27-8-13 (site 2),a9f3ac23-6f93-447b-9037-adff01636562,Symo 24.0-3 480 (2),24.0,parsed_from_inverter_name,5.09,month,devwork
2024-11-23,d95b5e9d-f2d5-4950-85a9-909e52f727ba,Penner Farms - SE 27-8-13 (site 2),c3ec3bd8-8836-45bb-97b7-adff01636570,Symo 24.0-3 480 (3),24.0,parsed_from_inverter_name,5.35,month,devwork
2024-11-24,d95b5e9d-f2d5-4950-85a9-909e52f727ba,Penner Farms - SE 27-8-13 (site 2),b8a6c9fe-5838-42e7-9faa-adff01636559,Symo 24.0-3 480 (1),24.0,parsed_from_inverter_name,10.6,month,devwork
2024-11-24,d95b5e9d-f2d5-4950-85a9-909e52f727ba,Penner Farms - SE 27-8-13 (site 2),a9f3ac23-6f93-447b-9037-adff01636562,Symo 24.0-3 480 (2),24.0,parsed_from_inverter_name,24.64,month,devwork
2024-11-24,d95b5e9d-f2d5-4950-85a9-909e52f727ba,Penner Farms - SE 27-8-13 (site 2),c3ec3bd8-8836-45bb-97b7-adff01636570,Symo 24.0-3 480 (3),24.0,parsed_from_inverter_name,22.47,month,devwork
2024-11-25,d95b5e9d-f2d5-4950-85a9-909e52f727ba,Penner Farms - SE 27-8-13 (site 2),b8a6c9fe-5838-42e7-9faa-adff01636559,Symo 24.0-3 480 (1),24.0,parsed_from_inverter_name,7.81,month,devwork
2024-11-25,d95b5e9d-f2d5-4950-85a9-909e52f727ba,Penner Farms - SE 27-8-13 (site 2),a9f3ac23-6f93-447b-9037-adff01636562,Symo 24.0-3 480 (2),24.0,parsed_from_inverter_name,15.8,month,devwork
2024-11-25,d95b5e9d-f2d5-4950-85a9-909e52f727ba,Penner Farms - SE 27-8-13 (site 2),c3ec3bd8-8836-45bb-97b7-adff01636570,Symo 24.0-3 480 (3),24.0,parsed_from_inverter_name,14.41,month,devwork
2024-11-26,d95b5e9d-f2d5-4950-85a9-909e52f727ba,Penner Farms - SE 27-8-13 (site 2),b8a6c9fe-5838-42e7-9faa-adff01636559,Symo 24.0-3 480 (1),24.0,parsed_from_inverter_name,13.82,month,devwork
2024-11-26,d95b5e9d-f2d5-4950-85a9-909e52f727ba,Penner Farms - SE 27-8-13 (site 2),a9f3ac23-6f93-447b-9037-adff01636562,Symo 24.0-3 480 (2),24.0,parsed_from_inverter_name,55.48,month,devwork
2024-11-26,d95b5e9d-f2d5-4950-85a9-909e52f727ba,Penner Farms - SE 27-8-13 (site 2),c3ec3bd8-8836-45bb-97b7-adff01636570,Symo 24.0-3 480 (3),24.0,parsed_from_inverter_name,43.1,month,devwork
2024-11-27,d95b5e9d-f2d5-4950-85a9-909e52f727ba,Penner Farms - SE 27-8-13 (site 2),b8a6c9fe-5838-42e7-9faa-adff01636559,Symo 24.0-3 480 (1),24.0,parsed_from_inverter_name,10.26,month,devwork
2024-11-27,d95b5e9d-f2d5-4950-85a9-909e52f727ba,Penner Farms - SE 27-8-13 (site 2),a9f3ac23-6f93-447b-9037-adff01636562,Symo 24.0-3 480 (2),24.0,parsed_from_inverter_name,29.45,month,devwork
2024-11-27,d95b5e9d-f2d5-4950-85a9-909e52f727ba,Penner Farms - SE 27-8-13 (site 2),c3ec3bd8-8836-45bb-97b7-adff01636570,Symo 24.0-3 480 (3),24.0,parsed_from_inverter_name,22.91,month,devwork
2024-11-28,d95b5e9d-f2d5-4950-85a9-909e52f727ba,Penner Farms - SE 27-8-13 (site 2),b8a6c9fe-5838-42e7-9faa-adff01636559,Symo 24.0-3 480 (1),24.0,parsed_from_inverter_name,12.08,month,devwork
2024-11-28,d95b5e9d-f2d5-4950-85a9-909e52f727ba,Penner Farms - SE 27-8-13 (site 2),a9f3ac23-6f93-447b-9037-adff01636562,Symo 24.0-3 480 (2),24.0,parsed_from_inverter_name,31.48,month,devwork
2024-11-28,d95b5e9d-f2d5-4950-85a9-909e52f727ba,Penner Farms - SE 27-8-13 (site 2),c3ec3bd8-8836-45bb-97b7-adff01636570,Symo 24.0-3 480 (3),24.0,parsed_from_inverter_name,25.27,month,devwork
2024-11-29,d95b5e9d-f2d5-4950-85a9-909e52f727ba,Penner Farms - SE 27-8-13 (site 2),b8a6c9fe-5838-42e7-9faa-adff01636559,Symo 24.0-3 480 (1),24.0,parsed_from_inverter_name,9.12,month,devwork
2024-11-29,d95b5e9d-f2d5-4950-85a9-909e52f727ba,Penner Farms - SE 27-8-13 (site 2),a9f3ac23-6f93-447b-9037-adff01636562,Symo 24.0-3 480 (2),24.0,parsed_from_inverter_name,16.41,month,devwork
2024-11-29,d95b5e9d-f2d5-4950-85a9-909e52f727ba,Penner Farms - SE 27-8-13 (site 2),c3ec3bd8-8836-45bb-97b7-adff01636570,Symo 24.0-3 480 (3),24.0,parsed_from_inverter_name,14.3,month,devwork
2024-11-30,d95b5e9d-f2d5-4950-85a9-909e52f727ba,Penner Farms - SE 27-8-13 (site 2),b8a6c9fe-5838-42e7-9faa-adff01636559,Symo 24.0-3 480 (1),24.0,parsed_from_inverter_name,13.11,month,devwork
2024-11-30,d95b5e9d-f2d5-4950-85a9-909e52f727ba,Penner Farms - SE 27-8-13 (site 2),a9f3ac23-6f93-447b-9037-adff01636562,Symo 24.0-3 480 (2),24.0,parsed_from_inverter_name,39.86,month,devwork
2024-11-30,d95b5e9d-f2d5-4950-85a9-909e52f727ba,Penner Farms - SE 27-8-13 (site 2),c3ec3bd8-8836-45bb-97b7-adff01636570,Symo 24.0-3 480 (3),24.0,parsed_from_inverter_name,30.95,month,devwork
2024-12-01,d95b5e9d-f2d5-4950-85a9-909e52f727ba,Penner Farms - SE 27-8-13 (site 2),b8a6c9fe-5838-42e7-9faa-adff01636559,Symo 24.0-3 480 (1),24.0,parsed_from_inverter_name,10.05,month,devwork
2024-12-01,d95b5e9d-f2d5-4950-85a9-909e52f727ba,Penner Farms - SE 27-8-13 (site 2),a9f3ac23-6f93-447b-9037-adff01636562,Symo 24.0-3 480 (2),24.0,parsed_from_inverter_name,35.87,month,devwork
2024-12-01,d95b5e9d-f2d5-4950-85a9-909e52f727ba,Penner Farms - SE 27-8-13 (site 2),c3ec3bd8-8836-45bb-97b7-adff01636570,Symo 24.0-3 480 (3),24.0,parsed_from_inverter_name,27.22,month,devwork
2024-12-02,d95b5e9d-f2d5-4950-85a9-909e52f727ba,Penner Farms - SE 27-8-13 (site 2),b8a6c9fe-5838-42e7-9faa-adff01636559,Symo 24.0-3 480 (1),24.0,parsed_from_inverter_name,23.25,month,devwork
2024-12-02,d95b5e9d-f2d5-4950-85a9-909e52f727ba,Penner Farms - SE 27-8-13 (site 2),a9f3ac23-6f93-447b-9037-adff01636562,Symo 24.0-3 480 (2),24.0,parsed_from_inverter_name,88.78,month,devwork
2024-12-02,d95b5e9d-f2d5-4950-85a9-909e52f727ba,Penner Farms - SE 27-8-13 (site 2),c3ec3bd8-8836-45bb-97b7-adff01636570,Symo 24.0-3 480 (3),24.0,parsed_from_inverter_name,65.45,month,devwork
2024-12-03,d95b5e9d-f2d5-4950-85a9-909e52f727ba,Penner Farms - SE 27-8-13 (site 2),b8a6c9fe-5838-42e7-9faa-adff01636559,Symo 24.0-3 480 (1),24.0,parsed_from_inverter_name,60.05,month,devwork
2024-12-03,d95b5e9d-f2d5-4950-85a9-909e52f727ba,Penner Farms - SE 27-8-13 (site 2),a9f3ac23-6f93-447b-9037-adff01636562,Symo 24.0-3 480 (2),24.0,parsed_from_inverter_name,64.35,month,devwork
2024-12-03,d95b5e9d-f2d5-4950-85a9-909e52f727ba,Penner Farms - SE 27-8-13 (site 2),c3ec3bd8-8836-45bb-97b7-adff01636570,Symo 24.0-3 480 (3),24.0,parsed_from_inverter_name,63.48,month,devwork
2024-12-04,d95b5e9d-f2d5-4950-85a9-909e52f727ba,Penner Farms - SE 27-8-13 (site 2),b8a6c9fe-5838-42e7-9faa-adff01636559,Symo 24.0-3 480 (1),24.0,parsed_from_inverter_name,61.28,month,devwork
2024-12-04,d95b5e9d-f2d5-4950-85a9-909e52f727ba,Penner Farms - SE 27-8-13 (site 2),a9f3ac23-6f93-447b-9037-adff01636562,Symo 24.0-3 480 (2),24.0,parsed_from_inverter_name,65.41,month,devwork
2024-12-04,d95b5e9d-f2d5-4950-85a9-909e52f727ba,Penner Farms - SE 27-8-13 (site 2),c3ec3bd8-8836-45bb-97b7-adff01636570,Symo 24.0-3 480 (3),24.0,parsed_from_inverter_name,64.56,month,devwork
2024-12-05,d95b5e9d-f2d5-4950-85a9-909e52f727ba,Penner Farms - SE 27-8-13 (site 2),b8a6c9fe-5838-42e7-9faa-adff01636559,Symo 24.0-3 480 (1),24.0,parsed_from_inverter_name,99.95,month,devwork
2024-12-05,d95b5e9d-f2d5-4950-85a9-909e52f727ba,Penner Farms - SE 27-8-13 (site 2),a9f3ac23-6f93-447b-9037-adff01636562,Symo 24.0-3 480 (2),24.0,parsed_from_inverter_name,109.8,month,devwork
2024-12-05,d95b5e9d-f2d5-4950-85a9-909e52f727ba,Penner Farms - SE 27-8-13 (site 2),c3ec3bd8-8836-45bb-97b7-adff01636570,Symo 24.0-3 480 (3),24.0,parsed_from_inverter_name,107.37,month,devwork
2024-12-06,d95b5e9d-f2d5-4950-85a9-909e52f727ba,Penner Farms - SE 27-8-13 (site 2),b8a6c9fe-5838-42e7-9faa-adff01636559,Symo 24.0-3 480 (1),24.0,parsed_from_inverter_name,58.75,month,devwork
2024-12-06,d95b5e9d-f2d5-4950-85a9-909e52f727ba,Penner Farms - SE 27-8-13 (site 2),a9f3ac23-6f93-447b-9037-adff01636562,Symo 24.0-3 480 (2),24.0,parsed_from_inverter_name,63.52,month,devwork
2024-12-06,d95b5e9d-f2d5-4950-85a9-909e52f727ba,Penner Farms - SE 27-8-13 (site 2),c3ec3bd8-8836-45bb-97b7-adff01636570,Symo 24.0-3 480 (3),24.0,parsed_from_inverter_name,62.89,month,devwork
2024-12-07,d95b5e9d-f2d5-4950-85a9-909e52f727ba,Penner Farms - SE 27-8-13 (site 2),b8a6c9fe-5838-42e7-9faa-adff01636559,Symo 24.0-3 480 (1),24.0,parsed_from_inverter_name,26.72,month,devwork
2024-12-07,d95b5e9d-f2d5-4950-85a9-909e52f727ba,Penner Farms - SE 27-8-13 (site 2),a9f3ac23-6f93-447b-9037-adff01636562,Symo 24.0-3 480 (2),24.0,parsed_from_inverter_name,27.85,month,devwork
2024-12-07,d95b5e9d-f2d5-4950-85a9-909e52f727ba,Penner Farms - SE 27-8-13 (site 2),c3ec3bd8-8836-45bb-97b7-adff01636570,Symo 24.0-3 480 (3),24.0,parsed_from_inverter_name,27.75,month,devwork
2024-12-08,d95b5e9d-f2d5-4950-85a9-909e52f727ba,Penner Farms - SE 27-8-13 (site 2),b8a6c9fe-5838-42e7-9faa-adff01636559,Symo 24.0-3 480 (1),24.0,parsed_from_inverter_name,8.07,month,devwork
2024-12-08,d95b5e9d-f2d5-4950-85a9-909e52f727ba,Penner Farms - SE 27-8-13 (site 2),a9f3ac23-6f93-447b-9037-adff01636562,Symo 24.0-3 480 (2),24.0,parsed_from_inverter_name,7.86,month,devwork
2024-12-08,d95b5e9d-f2d5-4950-85a9-909e52f727ba,Penner Farms - SE 27-8-13 (site 2),c3ec3bd8-8836-45bb-97b7-adff01636570,Symo 24.0-3 480 (3),24.0,parsed_from_inverter_name,8.18,month,devwork
2024-12-09,d95b5e9d-f2d5-4950-85a9-909e52f727ba,Penner Farms - SE 27-8-13 (site 2),b8a6c9fe-5838-42e7-9faa-adff01636559,Symo 24.0-3 480 (1),24.0,parsed_from_inverter_name,38.5,month,devwork
2024-12-09,d95b5e9d-f2d5-4950-85a9-909e52f727ba,Penner Farms - SE 27-8-13 (site 2),a9f3ac23-6f93-447b-9037-adff01636562,Symo 24.0-3 480 (2),24.0,parsed_from_inverter_name,37.0,month,devwork
2024-12-09,d95b5e9d-f2d5-4950-85a9-909e52f727ba,Penner Farms - SE 27-8-13 (site 2),c3ec3bd8-8836-45bb-97b7-adff01636570,Symo 24.0-3 480 (3),24.0,parsed_from_inverter_name,37.12,month,devwork
2024-12-10,d95b5e9d-f2d5-4950-85a9-909e52f727ba,Penner Farms - SE 27-8-13 (site 2),b8a6c9fe-5838-42e7-9faa-adff01636559,Symo 24.0-3 480 (1),24.0,parsed_from_inverter_name,28.62,month,devwork
2024-12-10,d95b5e9d-f2d5-4950-85a9-909e52f727ba,Penner Farms - SE 27-8-13 (site 2),a9f3ac23-6f93-447b-9037-adff01636562,Symo 24.0-3 480 (2),24.0,parsed_from_inverter_name,29.58,month,devwork
2024-12-10,d95b5e9d-f2d5-4950-85a9-909e52f727ba,Penner Farms - SE 27-8-13 (site 2),c3ec3bd8-8836-45bb-97b7-adff01636570,Symo 24.0-3 480 (3),24.0,parsed_from_inverter_name,29.48,month,devwork
2024-12-11,d95b5e9d-f2d5-4950-85a9-909e52f727ba,Penner Farms - SE 27-8-13 (site 2),b8a6c9fe-5838-42e7-9faa-adff01636559,Symo 24.0-3 480 (1),24.0,parsed_from_inverter_name,26.65,month,devwork
2024-12-11,d95b5e9d-f2d5-4950-85a9-909e52f727ba,Penner Farms - SE 27-8-13 (site 2),a9f3ac23-6f93-447b-9037-adff01636562,Symo 24.0-3 480 (2),24.0,parsed_from_inverter_name,27.3,month,devwork
2024-12-11,d95b5e9d-f2d5-4950-85a9-909e52f727ba,Penner Farms - SE 27-8-13 (site 2),c3ec3bd8-8836-45bb-97b7-adff01636570,Symo 24.0-3 480 (3),24.0,parsed_from_inverter_name,27.37,month,devwork
2024-12-12,d95b5e9d-f2d5-4950-85a9-909e52f727ba,Penner Farms - SE 27-8-13 (site 2),b8a6c9fe-5838-42e7-9faa-adff01636559,Symo 24.0-3 480 (1),24.0,parsed_from_inverter_name,99.1,month,devwork
2024-12-12,d95b5e9d-f2d5-4950-85a9-909e52f727ba,Penner Farms - SE 27-8-13 (site 2),a9f3ac23-6f93-447b-9037-adff01636562,Symo 24.0-3 480 (2),24.0,parsed_from_inverter_name,108.27,month,devwork
2024-12-12,d95b5e9d-f2d5-4950-85a9-909e52f727ba,Penner Farms - SE 27-8-13 (site 2),c3ec3bd8-8836-45bb-97b7-adff01636570,Symo 24.0-3 480 (3),24.0,parsed_from_inverter_name,105.26,month,devwork
2024-12-13,d95b5e9d-f2d5-4950-85a9-909e52f727ba,Penner Farms - SE 27-8-13 (site 2),b8a6c9fe-5838-42e7-9faa-adff01636559,Symo 24.0-3 480 (1),24.0,parsed_from_inverter_name,64.62,month,devwork
2024-12-13,d95b5e9d-f2d5-4950-85a9-909e52f727ba,Penner Farms - SE 27-8-13 (site 2),a9f3ac23-6f93-447b-9037-adff01636562,Symo 24.0-3 480 (2),24.0,parsed_from_inverter_name,69.18,month,devwork
2024-12-13,d95b5e9d-f2d5-4950-85a9-909e52f727ba,Penner Farms - SE 27-8-13 (site 2),c3ec3bd8-8836-45bb-97b7-adff01636570,Symo 24.0-3 480 (3),24.0,parsed_from_inverter_name,67.54,month,devwork
2024-12-14,d95b5e9d-f2d5-4950-85a9-909e52f727ba,Penner Farms - SE 27-8-13 (site 2),b8a6c9fe-5838-42e7-9faa-adff01636559,Symo 24.0-3 480 (1),24.0,parsed_from_inverter_name,32.64,month,devwork
2024-12-14,d95b5e9d-f2d5-4950-85a9-909e52f727ba,Penner Farms - SE 27-8-13 (site 2),a9f3ac23-6f93-447b-9037-adff01636562,Symo 24.0-3 480 (2),24.0,parsed_from_inverter_name,35.79,month,devwork
2024-12-14,d95b5e9d-f2d5-4950-85a9-909e52f727ba,Penner Farms - SE 27-8-13 (site 2),c3ec3bd8-8836-45bb-97b7-adff01636570,Symo 24.0-3 480 (3),24.0,parsed_from_inverter_name,34.85,month,devwork
2024-12-15,d95b5e9d-f2d5-4950-85a9-909e52f727ba,Penner Farms - SE 27-8-13 (site 2),b8a6c9fe-5838-42e7-9faa-adff01636559,Symo 24.0-3 480 (1),24.0,parsed_from_inverter_name,41.26,month,devwork
2024-12-15,d95b5e9d-f2d5-4950-85a9-909e52f727ba,Penner Farms - SE 27-8-13 (site 2),a9f3ac23-6f93-447b-9037-adff01636562,Symo 24.0-3 480 (2),24.0,parsed_from_inverter_name,44.33,month,devwork
2024-12-15,d95b5e9d-f2d5-4950-85a9-909e52f727ba,Penner Farms - SE 27-8-13 (site 2),c3ec3bd8-8836-45bb-97b7-adff01636570,Symo 24.0-3 480 (3),24.0,parsed_from_inverter_name,43.61,month,devwork
2024-12-16,d95b5e9d-f2d5-4950-85a9-909e52f727ba,Penner Farms - SE 27-8-13 (site 2),b8a6c9fe-5838-42e7-9faa-adff01636559,Symo 24.0-3 480 (1),24.0,parsed_from_inverter_name,13.87,month,devwork
2024-12-16,d95b5e9d-f2d5-4950-85a9-909e52f727ba,Penner Farms - SE 27-8-13 (site 2),a9f3ac23-6f93-447b-9037-adff01636562,Symo 24.0-3 480 (2),24.0,parsed_from_inverter_name,14.37,month,devwork
2024-12-16,d95b5e9d-f2d5-4950-85a9-909e52f727ba,Penner Farms - SE 27-8-13 (site 2),c3ec3bd8-8836-45bb-97b7-adff01636570,Symo 24.0-3 480 (3),24.0,parsed_from_inverter_name,14.5,month,devwork
2024-12-17,d95b5e9d-f2d5-4950-85a9-909e52f727ba,Penner Farms - SE 27-8-13 (site 2),b8a6c9fe-5838-42e7-9faa-adff01636559,Symo 24.0-3 480 (1),24.0,parsed_from_inverter_name,17.48,month,devwork
2024-12-17,d95b5e9d-f2d5-4950-85a9-909e52f727ba,Penner Farms - SE 27-8-13 (site 2),a9f3ac23-6f93-447b-9037-adff01636562,Symo 24.0-3 480 (2),24.0,parsed_from_inverter_name,17.68,month,devwork
2024-12-17,d95b5e9d-f2d5-4950-85a9-909e52f727ba,Penner Farms - SE 27-8-13 (site 2),c3ec3bd8-8836-45bb-97b7-adff01636570,Symo 24.0-3 480 (3),24.0,parsed_from_inverter_name,16.69,month,devwork
2024-12-18,d95b5e9d-f2d5-4950-85a9-909e52f727ba,Penner Farms - SE 27-8-13 (site 2),b8a6c9fe-5838-42e7-9faa-adff01636559,Symo 24.0-3 480 (1),24.0,parsed_from_inverter_name,17.4,month,devwork
2024-12-18,d95b5e9d-f2d5-4950-85a9-909e52f727ba,Penner Farms - SE 27-8-13 (site 2),a9f3ac23-6f93-447b-9037-adff01636562,Symo 24.0-3 480 (2),24.0,parsed_from_inverter_name,17.9,month,devwork
2024-12-18,d95b5e9d-f2d5-4950-85a9-909e52f727ba,Penner Farms - SE 27-8-13 (site 2),c3ec3bd8-8836-45bb-97b7-adff01636570,Symo 24.0-3 480 (3),24.0,parsed_from_inverter_name,17.91,month,devwork
2024-12-19,d95b5e9d-f2d5-4950-85a9-909e52f727ba,Penner Farms - SE 27-8-13 (site 2),b8a6c9fe-5838-42e7-9faa-adff01636559,Symo 24.0-3 480 (1),24.0,parsed_from_inverter_name,87.14,month,devwork
2024-12-19,d95b5e9d-f2d5-4950-85a9-909e52f727ba,Penner Farms - SE 27-8-13 (site 2),a9f3ac23-6f93-447b-9037-adff01636562,Symo 24.0-3 480 (2),24.0,parsed_from_inverter_name,94.3,month,devwork
2024-12-19,d95b5e9d-f2d5-4950-85a9-909e52f727ba,Penner Farms - SE 27-8-13 (site 2),c3ec3bd8-8836-45bb-97b7-adff01636570,Symo 24.0-3 480 (3),24.0,parsed_from_inverter_name,91.21,month,devwork
2024-12-20,d95b5e9d-f2d5-4950-85a9-909e52f727ba,Penner Farms - SE 27-8-13 (site 2),b8a6c9fe-5838-42e7-9faa-adff01636559,Symo 24.0-3 480 (1),24.0,parsed_from_inverter_name,100.01,month,devwork
2024-12-20,d95b5e9d-f2d5-4950-85a9-909e52f727ba,Penner Farms - SE 27-8-13 (site 2),a9f3ac23-6f93-447b-9037-adff01636562,Symo 24.0-3 480 (2),24.0,parsed_from_inverter_name,107.05,month,devwork
2024-12-20,d95b5e9d-f2d5-4950-85a9-909e52f727ba,Penner Farms - SE 27-8-13 (site 2),c3ec3bd8-8836-45bb-97b7-adff01636570,Symo 24.0-3 480 (3),24.0,parsed_from_inverter_name,104.28,month,devwork
2024-12-21,d95b5e9d-f2d5-4950-85a9-909e52f727ba,Penner Farms - SE 27-8-13 (site 2),b8a6c9fe-5838-42e7-9faa-adff01636559,Symo 24.0-3 480 (1),24.0,parsed_from_inverter_name,54.77,month,devwork
2024-12-21,d95b5e9d-f2d5-4950-85a9-909e52f727ba,Penner Farms - SE 27-8-13 (site 2),a9f3ac23-6f93-447b-9037-adff01636562,Symo 24.0-3 480 (2),24.0,parsed_from_inverter_name,60.74,month,devwork
2024-12-21,d95b5e9d-f2d5-4950-85a9-909e52f727ba,Penner Farms - SE 27-8-13 (site 2),c3ec3bd8-8836-45bb-97b7-adff01636570,Symo 24.0-3 480 (3),24.0,parsed_from_inverter_name,59.47,month,devwork
2024-12-22,d95b5e9d-f2d5-4950-85a9-909e52f727ba,Penner Farms - SE 27-8-13 (site 2),b8a6c9fe-5838-42e7-9faa-adff01636559,Symo 24.0-3 480 (1),24.0,parsed_from_inverter_name,47.57,month,devwork
2024-12-22,d95b5e9d-f2d5-4950-85a9-909e52f727ba,Penner Farms - SE 27-8-13 (site 2),a9f3ac23-6f93-447b-9037-adff01636562,Symo 24.0-3 480 (2),24.0,parsed_from_inverter_name,50.04,month,devwork
2024-12-22,d95b5e9d-f2d5-4950-85a9-909e52f727ba,Penner Farms - SE 27-8-13 (site 2),c3ec3bd8-8836-45bb-97b7-adff01636570,Symo 24.0-3 480 (3),24.0,parsed_from_inverter_name,49.05,month,devwork
2024-12-23,d95b5e9d-f2d5-4950-85a9-909e52f727ba,Penner Farms - SE 27-8-13 (site 2),b8a6c9fe-5838-42e7-9faa-adff01636559,Symo 24.0-3 480 (1),24.0,parsed_from_inverter_name,60.28,month,devwork
2024-12-23,d95b5e9d-f2d5-4950-85a9-909e52f727ba,Penner Farms - SE 27-8-13 (site 2),a9f3ac23-6f93-447b-9037-adff01636562,Symo 24.0-3 480 (2),24.0,parsed_from_inverter_name,62.71,month,devwork
2024-12-23,d95b5e9d-f2d5-4950-85a9-909e52f727ba,Penner Farms - SE 27-8-13 (site 2),c3ec3bd8-8836-45bb-97b7-adff01636570,Symo 24.0-3 480 (3),24.0,parsed_from_inverter_name,61.08,month,devwork
2024-12-24,d95b5e9d-f2d5-4950-85a9-909e52f727ba,Penner Farms - SE 27-8-13 (site 2),b8a6c9fe-5838-42e7-9faa-adff01636559,Symo 24.0-3 480 (1),24.0,parsed_from_inverter_name,46.51,month,devwork
2024-12-24,d95b5e9d-f2d5-4950-85a9-909e52f727ba,Penner Farms - SE 27-8-13 (site 2),a9f3ac23-6f93-447b-9037-adff01636562,Symo 24.0-3 480 (2),24.0,parsed_from_inverter_name,49.51,month,devwork
2024-12-24,d95b5e9d-f2d5-4950-85a9-909e52f727ba,Penner Farms - SE 27-8-13 (site 2),c3ec3bd8-8836-45bb-97b7-adff01636570,Symo 24.0-3 480 (3),24.0,parsed_from_inverter_name,48.22,month,devwork
2024-12-25,d95b5e9d-f2d5-4950-85a9-909e52f727ba,Penner Farms - SE 27-8-13 (site 2),b8a6c9fe-5838-42e7-9faa-adff01636559,Symo 24.0-3 480 (1),24.0,parsed_from_inverter_name,102.69,month,devwork
2024-12-25,d95b5e9d-f2d5-4950-85a9-909e52f727ba,Penner Farms - SE 27-8-13 (site 2),a9f3ac23-6f93-447b-9037-adff01636562,Symo 24.0-3 480 (2),24.0,parsed_from_inverter_name,108.88,month,devwork
2024-12-25,d95b5e9d-f2d5-4950-85a9-909e52f727ba,Penner Farms - SE 27-8-13 (site 2),c3ec3bd8-8836-45bb-97b7-adff01636570,Symo 24.0-3 480 (3),24.0,parsed_from_inverter_name,105.73,month,devwork
2024-12-26,d95b5e9d-f2d5-4950-85a9-909e52f727ba,Penner Farms - SE 27-8-13 (site 2),b8a6c9fe-5838-42e7-9faa-adff01636559,Symo 24.0-3 480 (1),24.0,parsed_from_inverter_name,13.6,month,devwork
2024-12-26,d95b5e9d-f2d5-4950-85a9-909e52f727ba,Penner Farms - SE 27-8-13 (site 2),a9f3ac23-6f93-447b-9037-adff01636562,Symo 24.0-3 480 (2),24.0,parsed_from_inverter_name,13.81,month,devwork
2024-12-26,d95b5e9d-f2d5-4950-85a9-909e52f727ba,Penner Farms - SE 27-8-13 (site 2),c3ec3bd8-8836-45bb-97b7-adff01636570,Symo 24.0-3 480 (3),24.0,parsed_from_inverter_name,13.85,month,devwork
2024-12-27,d95b5e9d-f2d5-4950-85a9-909e52f727ba,Penner Farms - SE 27-8-13 (site 2),b8a6c9fe-5838-42e7-9faa-adff01636559,Symo 24.0-3 480 (1),24.0,parsed_from_inverter_name,66.51,month,devwork
2024-12-27,d95b5e9d-f2d5-4950-85a9-909e52f727ba,Penner Farms - SE 27-8-13 (site 2),a9f3ac23-6f93-447b-9037-adff01636562,Symo 24.0-3 480 (2),24.0,parsed_from_inverter_name,68.31,month,devwork
2024-12-27,d95b5e9d-f2d5-4950-85a9-909e52f727ba,Penner Farms - SE 27-8-13 (site 2),c3ec3bd8-8836-45bb-97b7-adff01636570,Symo 24.0-3 480 (3),24.0,parsed_from_inverter_name,66.47,month,devwork
2024-12-28,d95b5e9d-f2d5-4950-85a9-909e52f727ba,Penner Farms - SE 27-8-13 (site 2),b8a6c9fe-5838-42e7-9faa-adff01636559,Symo 24.0-3 480 (1),24.0,parsed_from_inverter_name,68.95,month,devwork
2024-12-28,d95b5e9d-f2d5-4950-85a9-909e52f727ba,Penner Farms - SE 27-8-13 (site 2),a9f3ac23-6f93-447b-9037-adff01636562,Symo 24.0-3 480 (2),24.0,parsed_from_inverter_name,72.79,month,devwork
2024-12-28,d95b5e9d-f2d5-4950-85a9-909e52f727ba,Penner Farms - SE 27-8-13 (site 2),c3ec3bd8-8836-45bb-97b7-adff01636570,Symo 24.0-3 480 (3),24.0,parsed_from_inverter_name,70.97,month,devwork
2024-12-29,d95b5e9d-f2d5-4950-85a9-909e52f727ba,Penner Farms - SE 27-8-13 (site 2),b8a6c9fe-5838-42e7-9faa-adff01636559,Symo 24.0-3 480 (1),24.0,parsed_from_inverter_name,13.43,month,devwork
2024-12-29,d95b5e9d-f2d5-4950-85a9-909e52f727ba,Penner Farms - SE 27-8-13 (site 2),a9f3ac23-6f93-447b-9037-adff01636562,Symo 24.0-3 480 (2),24.0,parsed_from_inverter_name,13.91,month,devwork
2024-12-29,d95b5e9d-f2d5-4950-85a9-909e52f727ba,Penner Farms - SE 27-8-13 (site 2),c3ec3bd8-8836-45bb-97b7-adff01636570,Symo 24.0-3 480 (3),24.0,parsed_from_inverter_name,13.92,month,devwork
2024-12-30,d95b5e9d-f2d5-4950-85a9-909e52f727ba,Penner Farms - SE 27-8-13 (site 2),b8a6c9fe-5838-42e7-9faa-adff01636559,Symo 24.0-3 480 (1),24.0,parsed_from_inverter_name,21.3,month,devwork
2024-12-30,d95b5e9d-f2d5-4950-85a9-909e52f727ba,Penner Farms - SE 27-8-13 (site 2),a9f3ac23-6f93-447b-9037-adff01636562,Symo 24.0-3 480 (2),24.0,parsed_from_inverter_name,22.55,month,devwork
2024-12-30,d95b5e9d-f2d5-4950-85a9-909e52f727ba,Penner Farms - SE 27-8-13 (site 2),c3ec3bd8-8836-45bb-97b7-adff01636570,Symo 24.0-3 480 (3),24.0,parsed_from_inverter_name,22.47,month,devwork
2024-12-31,d95b5e9d-f2d5-4950-85a9-909e52f727ba,Penner Farms - SE 27-8-13 (site 2),b8a6c9fe-5838-42e7-9faa-adff01636559,Symo 24.0-3 480 (1),24.0,parsed_from_inverter_name,5.97,month,devwork
2024-12-31,d95b5e9d-f2d5-4950-85a9-909e52f727ba,Penner Farms - SE 27-8-13 (site 2),a9f3ac23-6f93-447b-9037-adff01636562,Symo 24.0-3 480 (2),24.0,parsed_from_inverter_name,6.02,month,devwork
2024-12-31,d95b5e9d-f2d5-4950-85a9-909e52f727ba,Penner Farms - SE 27-8-13 (site 2),c3ec3bd8-8836-45bb-97b7-adff01636570,Symo 24.0-3 480 (3),24.0,parsed_from_inverter_name,6.07,month,devwork
2025-01-01,d95b5e9d-f2d5-4950-85a9-909e52f727ba,Penner Farms - SE 27-8-13 (site 2),b8a6c9fe-5838-42e7-9faa-adff01636559,Symo 24.0-3 480 (1),24.0,parsed_from_inverter_name,6.8,month,devwork
2025-01-01,d95b5e9d-f2d5-4950-85a9-909e52f727ba,Penner Farms - SE 27-8-13 (site 2),a9f3ac23-6f93-447b-9037-adff01636562,Symo 24.0-3 480 (2),24.0,parsed_from_inverter_name,7.15,month,devwork
2025-01-01,d95b5e9d-f2d5-4950-85a9-909e52f727ba,Penner Farms - SE 27-8-13 (site 2),c3ec3bd8-8836-45bb-97b7-adff01636570,Symo 24.0-3 480 (3),24.0,parsed_from_inverter_name,7.26,month,devwork
2025-01-02,d95b5e9d-f2d5-4950-85a9-909e52f727ba,Penner Farms - SE 27-8-13 (site 2),b8a6c9fe-5838-42e7-9faa-adff01636559,Symo 24.0-3 480 (1),24.0,parsed_from_inverter_name,6.71,month,devwork
2025-01-02,d95b5e9d-f2d5-4950-85a9-909e52f727ba,Penner Farms - SE 27-8-13 (site 2),a9f3ac23-6f93-447b-9037-adff01636562,Symo 24.0-3 480 (2),24.0,parsed_from_inverter_name,7.01,month,devwork
2025-01-02,d95b5e9d-f2d5-4950-85a9-909e52f727ba,Penner Farms - SE 27-8-13 (site 2),c3ec3bd8-8836-45bb-97b7-adff01636570,Symo 24.0-3 480 (3),24.0,parsed_from_inverter_name,7.1,month,devwork
2025-01-03,d95b5e9d-f2d5-4950-85a9-909e52f727ba,Penner Farms - SE 27-8-13 (site 2),b8a6c9fe-5838-42e7-9faa-adff01636559,Symo 24.0-3 480 (1),24.0,parsed_from_inverter_name,6.51,month,devwork
2025-01-03,d95b5e9d-f2d5-4950-85a9-909e52f727ba,Penner Farms - SE 27-8-13 (site 2),a9f3ac23-6f93-447b-9037-adff01636562,Symo 24.0-3 480 (2),24.0,parsed_from_inverter_name,7.89,month,devwork
2025-01-03,d95b5e9d-f2d5-4950-85a9-909e52f727ba,Penner Farms - SE 27-8-13 (site 2),c3ec3bd8-8836-45bb-97b7-adff01636570,Symo 24.0-3 480 (3),24.0,parsed_from_inverter_name,7.99,month,devwork
2025-01-04,d95b5e9d-f2d5-4950-85a9-909e52f727ba,Penner Farms - SE 27-8-13 (site 2),b8a6c9fe-5838-42e7-9faa-adff01636559,Symo 24.0-3 480 (1),24.0,parsed_from_inverter_name,18.5,month,devwork
2025-01-04,d95b5e9d-f2d5-4950-85a9-909e52f727ba,Penner Farms - SE 27-8-13 (site 2),a9f3ac23-6f93-447b-9037-adff01636562,Symo 24.0-3 480 (2),24.0,parsed_from_inverter_name,43.06,month,devwork
2025-01-04,d95b5e9d-f2d5-4950-85a9-909e52f727ba,Penner Farms - SE 27-8-13 (site 2),c3ec3bd8-8836-45bb-97b7-adff01636570,Symo 24.0-3 480 (3),24.0,parsed_from_inverter_name,42.48,month,devwork
2025-01-05,d95b5e9d-f2d5-4950-85a9-909e52f727ba,Penner Farms - SE 27-8-13 (site 2),b8a6c9fe-5838-42e7-9faa-adff01636559,Symo 24.0-3 480 (1),24.0,parsed_from_inverter_name,34.81,month,devwork
2025-01-05,d95b5e9d-f2d5-4950-85a9-909e52f727ba,Penner Farms - SE 27-8-13 (site 2),a9f3ac23-6f93-447b-9037-adff01636562,Symo 24.0-3 480 (2),24.0,parsed_from_inverter_name,74.75,month,devwork
2025-01-05,d95b5e9d-f2d5-4950-85a9-909e52f727ba,Penner Farms - SE 27-8-13 (site 2),c3ec3bd8-8836-45bb-97b7-adff01636570,Symo 24.0-3 480 (3),24.0,parsed_from_inverter_name,73.4,month,devwork
2025-01-06,d95b5e9d-f2d5-4950-85a9-909e52f727ba,Penner Farms - SE 27-8-13 (site 2),b8a6c9fe-5838-42e7-9faa-adff01636559,Symo 24.0-3 480 (1),24.0,parsed_from_inverter_name,19.27,month,devwork
2025-01-06,d95b5e9d-f2d5-4950-85a9-909e52f727ba,Penner Farms - SE 27-8-13 (site 2),a9f3ac23-6f93-447b-9037-adff01636562,Symo 24.0-3 480 (2),24.0,parsed_from_inverter_name,37.19,month,devwork
2025-01-06,d95b5e9d-f2d5-4950-85a9-909e52f727ba,Penner Farms - SE 27-8-13 (site 2),c3ec3bd8-8836-45bb-97b7-adff01636570,Symo 24.0-3 480 (3),24.0,parsed_from_inverter_name,36.88,month,devwork
2025-01-07,d95b5e9d-f2d5-4950-85a9-909e52f727ba,Penner Farms - SE 27-8-13 (site 2),b8a6c9fe-5838-42e7-9faa-adff01636559,Symo 24.0-3 480 (1),24.0,parsed_from_inverter_name,95.65,month,devwork
2025-01-07,d95b5e9d-f2d5-4950-85a9-909e52f727ba,Penner Farms - SE 27-8-13 (site 2),a9f3ac23-6f93-447b-9037-adff01636562,Symo 24.0-3 480 (2),24.0,parsed_from_inverter_name,130.54,month,devwork
2025-01-07,d95b5e9d-f2d5-4950-85a9-909e52f727ba,Penner Farms - SE 27-8-13 (site 2),c3ec3bd8-8836-45bb-97b7-adff01636570,Symo 24.0-3 480 (3),24.0,parsed_from_inverter_name,126.61,month,devwork
2025-01-08,d95b5e9d-f2d5-4950-85a9-909e52f727ba,Penner Farms - SE 27-8-13 (site 2),b8a6c9fe-5838-42e7-9faa-adff01636559,Symo 24.0-3 480 (1),24.0,parsed_from_inverter_name,28.82,month,devwork
2025-01-08,d95b5e9d-f2d5-4950-85a9-909e52f727ba,Penner Farms - SE 27-8-13 (site 2),a9f3ac23-6f93-447b-9037-adff01636562,Symo 24.0-3 480 (2),24.0,parsed_from_inverter_name,29.76,month,devwork
2025-01-08,d95b5e9d-f2d5-4950-85a9-909e52f727ba,Penner Farms - SE 27-8-13 (site 2),c3ec3bd8-8836-45bb-97b7-adff01636570,Symo 24.0-3 480 (3),24.0,parsed_from_inverter_name,29.53,month,devwork
2025-01-09,d95b5e9d-f2d5-4950-85a9-909e52f727ba,Penner Farms - SE 27-8-13 (site 2),b8a6c9fe-5838-42e7-9faa-adff01636559,Symo 24.0-3 480 (1),24.0,parsed_from_inverter_name,117.36,month,devwork
2025-01-09,d95b5e9d-f2d5-4950-85a9-909e52f727ba,Penner Farms - SE 27-8-13 (site 2),a9f3ac23-6f93-447b-9037-adff01636562,Symo 24.0-3 480 (2),24.0,parsed_from_inverter_name,124.67,month,devwork
2025-01-09,d95b5e9d-f2d5-4950-85a9-909e52f727ba,Penner Farms - SE 27-8-13 (site 2),c3ec3bd8-8836-45bb-97b7-adff01636570,Symo 24.0-3 480 (3),24.0,parsed_from_inverter_name,121.76,month,devwork
2025-01-10,d95b5e9d-f2d5-4950-85a9-909e52f727ba,Penner Farms - SE 27-8-13 (site 2),b8a6c9fe-5838-42e7-9faa-adff01636559,Symo 24.0-3 480 (1),24.0,parsed_from_inverter_name,24.58,month,devwork
2025-01-10,d95b5e9d-f2d5-4950-85a9-909e52f727ba,Penner Farms - SE 27-8-13 (site 2),a9f3ac23-6f93-447b-9037-adff01636562,Symo 24.0-3 480 (2),24.0,parsed_from_inverter_name,25.16,month,devwork
2025-01-10,d95b5e9d-f2d5-4950-85a9-909e52f727ba,Penner Farms - SE 27-8-13 (site 2),c3ec3bd8-8836-45bb-97b7-adff01636570,Symo 24.0-3 480 (3),24.0,parsed_from_inverter_name,25.09,month,devwork
2025-01-11,d95b5e9d-f2d5-4950-85a9-909e52f727ba,Penner Farms - SE 27-8-13 (site 2),b8a6c9fe-5838-42e7-9faa-adff01636559,Symo 24.0-3 480 (1),24.0,parsed_from_inverter_name,15.31,month,devwork
2025-01-11,d95b5e9d-f2d5-4950-85a9-909e52f727ba,Penner Farms - SE 27-8-13 (site 2),a9f3ac23-6f93-447b-9037-adff01636562,Symo 24.0-3 480 (2),24.0,parsed_from_inverter_name,15.55,month,devwork
2025-01-11,d95b5e9d-f2d5-4950-85a9-909e52f727ba,Penner Farms - SE 27-8-13 (site 2),c3ec3bd8-8836-45bb-97b7-adff01636570,Symo 24.0-3 480 (3),24.0,parsed_from_inverter_name,15.67,month,devwork
2025-01-12,d95b5e9d-f2d5-4950-85a9-909e52f727ba,Penner Farms - SE 27-8-13 (site 2),b8a6c9fe-5838-42e7-9faa-adff01636559,Symo 24.0-3 480 (1),24.0,parsed_from_inverter_name,6.54,month,devwork
2025-01-12,d95b5e9d-f2d5-4950-85a9-909e52f727ba,Penner Farms - SE 27-8-13 (site 2),a9f3ac23-6f93-447b-9037-adff01636562,Symo 24.0-3 480 (2),24.0,parsed_from_inverter_name,6.44,month,devwork
2025-01-12,d95b5e9d-f2d5-4950-85a9-909e52f727ba,Penner Farms - SE 27-8-13 (site 2),c3ec3bd8-8836-45bb-97b7-adff01636570,Symo 24.0-3 480 (3),24.0,parsed_from_inverter_name,6.93,month,devwork
2025-01-13,d95b5e9d-f2d5-4950-85a9-909e52f727ba,Penner Farms - SE 27-8-13 (site 2),b8a6c9fe-5838-42e7-9faa-adff01636559,Symo 24.0-3 480 (1),24.0,parsed_from_inverter_name,59.35,month,devwork
2025-01-13,d95b5e9d-f2d5-4950-85a9-909e52f727ba,Penner Farms - SE 27-8-13 (site 2),a9f3ac23-6f93-447b-9037-adff01636562,Symo 24.0-3 480 (2),24.0,parsed_from_inverter_name,65.68,month,devwork
2025-01-13,d95b5e9d-f2d5-4950-85a9-909e52f727ba,Penner Farms - SE 27-8-13 (site 2),c3ec3bd8-8836-45bb-97b7-adff01636570,Symo 24.0-3 480 (3),24.0,parsed_from_inverter_name,64.61,month,devwork
2025-01-14,d95b5e9d-f2d5-4950-85a9-909e52f727ba,Penner Farms - SE 27-8-13 (site 2),b8a6c9fe-5838-42e7-9faa-adff01636559,Symo 24.0-3 480 (1),24.0,parsed_from_inverter_name,63.22,month,devwork
2025-01-14,d95b5e9d-f2d5-4950-85a9-909e52f727ba,Penner Farms - SE 27-8-13 (site 2),a9f3ac23-6f93-447b-9037-adff01636562,Symo 24.0-3 480 (2),24.0,parsed_from_inverter_name,65.3,month,devwork
2025-01-14,d95b5e9d-f2d5-4950-85a9-909e52f727ba,Penner Farms - SE 27-8-13 (site 2),c3ec3bd8-8836-45bb-97b7-adff01636570,Symo 24.0-3 480 (3),24.0,parsed_from_inverter_name,64.45,month,devwork
2025-01-15,d95b5e9d-f2d5-4950-85a9-909e52f727ba,Penner Farms - SE 27-8-13 (site 2),b8a6c9fe-5838-42e7-9faa-adff01636559,Symo 24.0-3 480 (1),24.0,parsed_from_inverter_name,107.03,month,devwork
2025-01-15,d95b5e9d-f2d5-4950-85a9-909e52f727ba,Penner Farms - SE 27-8-13 (site 2),a9f3ac23-6f93-447b-9037-adff01636562,Symo 24.0-3 480 (2),24.0,parsed_from_inverter_name,112.08,month,devwork
2025-01-15,d95b5e9d-f2d5-4950-85a9-909e52f727ba,Penner Farms - SE 27-8-13 (site 2),c3ec3bd8-8836-45bb-97b7-adff01636570,Symo 24.0-3 480 (3),24.0,parsed_from_inverter_name,109.6,month,devwork
2025-01-16,d95b5e9d-f2d5-4950-85a9-909e52f727ba,Penner Farms - SE 27-8-13 (site 2),b8a6c9fe-5838-42e7-9faa-adff01636559,Symo 24.0-3 480 (1),24.0,parsed_from_inverter_name,100.0,month,devwork
2025-01-16,d95b5e9d-f2d5-4950-85a9-909e52f727ba,Penner Farms - SE 27-8-13 (site 2),a9f3ac23-6f93-447b-9037-adff01636562,Symo 24.0-3 480 (2),24.0,parsed_from_inverter_name,102.34,month,devwork
2025-01-16,d95b5e9d-f2d5-4950-85a9-909e52f727ba,Penner Farms - SE 27-8-13 (site 2),c3ec3bd8-8836-45bb-97b7-adff01636570,Symo 24.0-3 480 (3),24.0,parsed_from_inverter_name,99.86,month,devwork
2025-01-17,d95b5e9d-f2d5-4950-85a9-909e52f727ba,Penner Farms - SE 27-8-13 (site 2),b8a6c9fe-5838-42e7-9faa-adff01636559,Symo 24.0-3 480 (1),24.0,parsed_from_inverter_name,32.5,month,devwork
2025-01-17,d95b5e9d-f2d5-4950-85a9-909e52f727ba,Penner Farms - SE 27-8-13 (site 2),a9f3ac23-6f93-447b-9037-adff01636562,Symo 24.0-3 480 (2),24.0,parsed_from_inverter_name,47.25,month,devwork
2025-01-17,d95b5e9d-f2d5-4950-85a9-909e52f727ba,Penner Farms - SE 27-8-13 (site 2),c3ec3bd8-8836-45bb-97b7-adff01636570,Symo 24.0-3 480 (3),24.0,parsed_from_inverter_name,39.73,month,devwork
2025-01-18,d95b5e9d-f2d5-4950-85a9-909e52f727ba,Penner Farms - SE 27-8-13 (site 2),b8a6c9fe-5838-42e7-9faa-adff01636559,Symo 24.0-3 480 (1),24.0,parsed_from_inverter_name,45.72,month,devwork
2025-01-18,d95b5e9d-f2d5-4950-85a9-909e52f727ba,Penner Farms - SE 27-8-13 (site 2),a9f3ac23-6f93-447b-9037-adff01636562,Symo 24.0-3 480 (2),24.0,parsed_from_inverter_name,69.9,month,devwork
2025-01-18,d95b5e9d-f2d5-4950-85a9-909e52f727ba,Penner Farms - SE 27-8-13 (site 2),c3ec3bd8-8836-45bb-97b7-adff01636570,Symo 24.0-3 480 (3),24.0,parsed_from_inverter_name,42.01,month,devwork
2025-01-19,d95b5e9d-f2d5-4950-85a9-909e52f727ba,Penner Farms - SE 27-8-13 (site 2),b8a6c9fe-5838-42e7-9faa-adff01636559,Symo 24.0-3 480 (1),24.0,parsed_from_inverter_name,71.49,month,devwork
2025-01-19,d95b5e9d-f2d5-4950-85a9-909e52f727ba,Penner Farms - SE 27-8-13 (site 2),a9f3ac23-6f93-447b-9037-adff01636562,Symo 24.0-3 480 (2),24.0,parsed_from_inverter_name,115.1,month,devwork
2025-01-19,d95b5e9d-f2d5-4950-85a9-909e52f727ba,Penner Farms - SE 27-8-13 (site 2),c3ec3bd8-8836-45bb-97b7-adff01636570,Symo 24.0-3 480 (3),24.0,parsed_from_inverter_name,68.18,month,devwork
2025-01-20,d95b5e9d-f2d5-4950-85a9-909e52f727ba,Penner Farms - SE 27-8-13 (site 2),b8a6c9fe-5838-42e7-9faa-adff01636559,Symo 24.0-3 480 (1),24.0,parsed_from_inverter_name,73.49,month,devwork
2025-01-20,d95b5e9d-f2d5-4950-85a9-909e52f727ba,Penner Farms - SE 27-8-13 (site 2),a9f3ac23-6f93-447b-9037-adff01636562,Symo 24.0-3 480 (2),24.0,parsed_from_inverter_name,112.04,month,devwork
2025-01-20,d95b5e9d-f2d5-4950-85a9-909e52f727ba,Penner Farms - SE 27-8-13 (site 2),c3ec3bd8-8836-45bb-97b7-adff01636570,Symo 24.0-3 480 (3),24.0,parsed_from_inverter_name,68.66,month,devwork
2025-01-21,d95b5e9d-f2d5-4950-85a9-909e52f727ba,Penner Farms - SE 27-8-13 (site 2),b8a6c9fe-5838-42e7-9faa-adff01636559,Symo 24.0-3 480 (1),24.0,parsed_from_inverter_name,27.82,month,devwork
2025-01-21,d95b5e9d-f2d5-4950-85a9-909e52f727ba,Penner Farms - SE 27-8-13 (site 2),a9f3ac23-6f93-447b-9037-adff01636562,Symo 24.0-3 480 (2),24.0,parsed_from_inverter_name,28.06,month,devwork
2025-01-21,d95b5e9d-f2d5-4950-85a9-909e52f727ba,Penner Farms - SE 27-8-13 (site 2),c3ec3bd8-8836-45bb-97b7-adff01636570,Symo 24.0-3 480 (3),24.0,parsed_from_inverter_name,27.38,month,devwork
2025-01-22,d95b5e9d-f2d5-4950-85a9-909e52f727ba,Penner Farms - SE 27-8-13 (site 2),b8a6c9fe-5838-42e7-9faa-adff01636559,Symo 24.0-3 480 (1),24.0,parsed_from_inverter_name,63.82,month,devwork
2025-01-22,d95b5e9d-f2d5-4950-85a9-909e52f727ba,Penner Farms - SE 27-8-13 (site 2),a9f3ac23-6f93-447b-9037-adff01636562,Symo 24.0-3 480 (2),24.0,parsed_from_inverter_name,64.94,month,devwork
2025-01-22,d95b5e9d-f2d5-4950-85a9-909e52f727ba,Penner Farms - SE 27-8-13 (site 2),c3ec3bd8-8836-45bb-97b7-adff01636570,Symo 24.0-3 480 (3),24.0,parsed_from_inverter_name,61.84,month,devwork
2025-01-23,d95b5e9d-f2d5-4950-85a9-909e52f727ba,Penner Farms - SE 27-8-13 (site 2),b8a6c9fe-5838-42e7-9faa-adff01636559,Symo 24.0-3 480 (1),24.0,parsed_from_inverter_name,30.8,month,devwork
2025-01-23,d95b5e9d-f2d5-4950-85a9-909e52f727ba,Penner Farms - SE 27-8-13 (site 2),a9f3ac23-6f93-447b-9037-adff01636562,Symo 24.0-3 480 (2),24.0,parsed_from_inverter_name,31.25,month,devwork
2025-01-23,d95b5e9d-f2d5-4950-85a9-909e52f727ba,Penner Farms - SE 27-8-13 (site 2),c3ec3bd8-8836-45bb-97b7-adff01636570,Symo 24.0-3 480 (3),24.0,parsed_from_inverter_name,30.76,month,devwork
2025-01-24,d95b5e9d-f2d5-4950-85a9-909e52f727ba,Penner Farms - SE 27-8-13 (site 2),b8a6c9fe-5838-42e7-9faa-adff01636559,Symo 24.0-3 480 (1),24.0,parsed_from_inverter_name,49.42,month,devwork
2025-01-24,d95b5e9d-f2d5-4950-85a9-909e52f727ba,Penner Farms - SE 27-8-13 (site 2),a9f3ac23-6f93-447b-9037-adff01636562,Symo 24.0-3 480 (2),24.0,parsed_from_inverter_name,49.59,month,devwork
2025-01-24,d95b5e9d-f2d5-4950-85a9-909e52f727ba,Penner Farms - SE 27-8-13 (site 2),c3ec3bd8-8836-45bb-97b7-adff01636570,Symo 24.0-3 480 (3),24.0,parsed_from_inverter_name,50.69,month,devwork
2025-01-25,d95b5e9d-f2d5-4950-85a9-909e52f727ba,Penner Farms - SE 27-8-13 (site 2),b8a6c9fe-5838-42e7-9faa-adff01636559,Symo 24.0-3 480 (1),24.0,parsed_from_inverter_name,120.65,month,devwork
2025-01-25,d95b5e9d-f2d5-4950-85a9-909e52f727ba,Penner Farms - SE 27-8-13 (site 2),a9f3ac23-6f93-447b-9037-adff01636562,Symo 24.0-3 480 (2),24.0,parsed_from_inverter_name,126.38,month,devwork
2025-01-25,d95b5e9d-f2d5-4950-85a9-909e52f727ba,Penner Farms - SE 27-8-13 (site 2),c3ec3bd8-8836-45bb-97b7-adff01636570,Symo 24.0-3 480 (3),24.0,parsed_from_inverter_name,124.75,month,devwork
2025-01-26,d95b5e9d-f2d5-4950-85a9-909e52f727ba,Penner Farms - SE 27-8-13 (site 2),b8a6c9fe-5838-42e7-9faa-adff01636559,Symo 24.0-3 480 (1),24.0,parsed_from_inverter_name,142.4,month,devwork
2025-01-26,d95b5e9d-f2d5-4950-85a9-909e52f727ba,Penner Farms - SE 27-8-13 (site 2),a9f3ac23-6f93-447b-9037-adff01636562,Symo 24.0-3 480 (2),24.0,parsed_from_inverter_name,147.84,month,devwork
2025-01-26,d95b5e9d-f2d5-4950-85a9-909e52f727ba,Penner Farms - SE 27-8-13 (site 2),c3ec3bd8-8836-45bb-97b7-adff01636570,Symo 24.0-3 480 (3),24.0,parsed_from_inverter_name,146.18,month,devwork
2025-01-27,d95b5e9d-f2d5-4950-85a9-909e52f727ba,Penner Farms - SE 27-8-13 (site 2),b8a6c9fe-5838-42e7-9faa-adff01636559,Symo 24.0-3 480 (1),24.0,parsed_from_inverter_name,129.43,month,devwork
2025-01-27,d95b5e9d-f2d5-4950-85a9-909e52f727ba,Penner Farms - SE 27-8-13 (site 2),a9f3ac23-6f93-447b-9037-adff01636562,Symo 24.0-3 480 (2),24.0,parsed_from_inverter_name,133.84,month,devwork
2025-01-27,d95b5e9d-f2d5-4950-85a9-909e52f727ba,Penner Farms - SE 27-8-13 (site 2),c3ec3bd8-8836-45bb-97b7-adff01636570,Symo 24.0-3 480 (3),24.0,parsed_from_inverter_name,132.15,month,devwork
2025-01-28,d95b5e9d-f2d5-4950-85a9-909e52f727ba,Penner Farms - SE 27-8-13 (site 2),b8a6c9fe-5838-42e7-9faa-adff01636559,Symo 24.0-3 480 (1),24.0,parsed_from_inverter_name,119.29,month,devwork
2025-01-28,d95b5e9d-f2d5-4950-85a9-909e52f727ba,Penner Farms - SE 27-8-13 (site 2),a9f3ac23-6f93-447b-9037-adff01636562,Symo 24.0-3 480 (2),24.0,parsed_from_inverter_name,123.3,month,devwork
2025-01-28,d95b5e9d-f2d5-4950-85a9-909e52f727ba,Penner Farms - SE 27-8-13 (site 2),c3ec3bd8-8836-45bb-97b7-adff01636570,Symo 24.0-3 480 (3),24.0,parsed_from_inverter_name,121.72,month,devwork
2025-01-29,d95b5e9d-f2d5-4950-85a9-909e52f727ba,Penner Farms - SE 27-8-13 (site 2),b8a6c9fe-5838-42e7-9faa-adff01636559,Symo 24.0-3 480 (1),24.0,parsed_from_inverter_name,68.66,month,devwork
2025-01-29,d95b5e9d-f2d5-4950-85a9-909e52f727ba,Penner Farms - SE 27-8-13 (site 2),a9f3ac23-6f93-447b-9037-adff01636562,Symo 24.0-3 480 (2),24.0,parsed_from_inverter_name,71.19,month,devwork
2025-01-29,d95b5e9d-f2d5-4950-85a9-909e52f727ba,Penner Farms - SE 27-8-13 (site 2),c3ec3bd8-8836-45bb-97b7-adff01636570,Symo 24.0-3 480 (3),24.0,parsed_from_inverter_name,70.59,month,devwork
2025-01-30,d95b5e9d-f2d5-4950-85a9-909e52f727ba,Penner Farms - SE 27-8-13 (site 2),b8a6c9fe-5838-42e7-9faa-adff01636559,Symo 24.0-3 480 (1),24.0,parsed_from_inverter_name,88.1,month,devwork
2025-01-30,d95b5e9d-f2d5-4950-85a9-909e52f727ba,Penner Farms - SE 27-8-13 (site 2),a9f3ac23-6f93-447b-9037-adff01636562,Symo 24.0-3 480 (2),24.0,parsed_from_inverter_name,91.29,month,devwork
2025-01-30,d95b5e9d-f2d5-4950-85a9-909e52f727ba,Penner Farms - SE 27-8-13 (site 2),c3ec3bd8-8836-45bb-97b7-adff01636570,Symo 24.0-3 480 (3),24.0,parsed_from_inverter_name,91.12,month,devwork
2025-01-31,d95b5e9d-f2d5-4950-85a9-909e52f727ba,Penner Farms - SE 27-8-13 (site 2),b8a6c9fe-5838-42e7-9faa-adff01636559,Symo 24.0-3 480 (1),24.0,parsed_from_inverter_name,63.44,month,devwork
2025-01-31,d95b5e9d-f2d5-4950-85a9-909e52f727ba,Penner Farms - SE 27-8-13 (site 2),a9f3ac23-6f93-447b-9037-adff01636562,Symo 24.0-3 480 (2),24.0,parsed_from_inverter_name,65.22,month,devwork
2025-01-31,d95b5e9d-f2d5-4950-85a9-909e52f727ba,Penner Farms - SE 27-8-13 (site 2),c3ec3bd8-8836-45bb-97b7-adff01636570,Symo 24.0-3 480 (3),24.0,parsed_from_inverter_name,64.81,month,devwork
2025-02-01,d95b5e9d-f2d5-4950-85a9-909e52f727ba,Penner Farms - SE 27-8-13 (site 2),b8a6c9fe-5838-42e7-9faa-adff01636559,Symo 24.0-3 480 (1),24.0,parsed_from_inverter_name,17.74,month,devwork
2025-02-01,d95b5e9d-f2d5-4950-85a9-909e52f727ba,Penner Farms - SE 27-8-13 (site 2),a9f3ac23-6f93-447b-9037-adff01636562,Symo 24.0-3 480 (2),24.0,parsed_from_inverter_name,17.67,month,devwork
2025-02-01,d95b5e9d-f2d5-4950-85a9-909e52f727ba,Penner Farms - SE 27-8-13 (site 2),c3ec3bd8-8836-45bb-97b7-adff01636570,Symo 24.0-3 480 (3),24.0,parsed_from_inverter_name,17.25,month,devwork
2025-02-02,d95b5e9d-f2d5-4950-85a9-909e52f727ba,Penner Farms - SE 27-8-13 (site 2),b8a6c9fe-5838-42e7-9faa-adff01636559,Symo 24.0-3 480 (1),24.0,parsed_from_inverter_name,19.69,month,devwork
2025-02-02,d95b5e9d-f2d5-4950-85a9-909e52f727ba,Penner Farms - SE 27-8-13 (site 2),a9f3ac23-6f93-447b-9037-adff01636562,Symo 24.0-3 480 (2),24.0,parsed_from_inverter_name,19.8,month,devwork
2025-02-02,d95b5e9d-f2d5-4950-85a9-909e52f727ba,Penner Farms - SE 27-8-13 (site 2),c3ec3bd8-8836-45bb-97b7-adff01636570,Symo 24.0-3 480 (3),24.0,parsed_from_inverter_name,20.55,month,devwork
2025-02-03,d95b5e9d-f2d5-4950-85a9-909e52f727ba,Penner Farms - SE 27-8-13 (site 2),b8a6c9fe-5838-42e7-9faa-adff01636559,Symo 24.0-3 480 (1),24.0,parsed_from_inverter_name,18.21,month,devwork
2025-02-03,d95b5e9d-f2d5-4950-85a9-909e52f727ba,Penner Farms - SE 27-8-13 (site 2),a9f3ac23-6f93-447b-9037-adff01636562,Symo 24.0-3 480 (2),24.0,parsed_from_inverter_name,18.7,month,devwork
2025-02-03,d95b5e9d-f2d5-4950-85a9-909e52f727ba,Penner Farms - SE 27-8-13 (site 2),c3ec3bd8-8836-45bb-97b7-adff01636570,Symo 24.0-3 480 (3),24.0,parsed_from_inverter_name,18.56,month,devwork
2025-02-04,d95b5e9d-f2d5-4950-85a9-909e52f727ba,Penner Farms - SE 27-8-13 (site 2),b8a6c9fe-5838-42e7-9faa-adff01636559,Symo 24.0-3 480 (1),24.0,parsed_from_inverter_name,10.73,month,devwork
2025-02-04,d95b5e9d-f2d5-4950-85a9-909e52f727ba,Penner Farms - SE 27-8-13 (site 2),a9f3ac23-6f93-447b-9037-adff01636562,Symo 24.0-3 480 (2),24.0,parsed_from_inverter_name,11.03,month,devwork
2025-02-04,d95b5e9d-f2d5-4950-85a9-909e52f727ba,Penner Farms - SE 27-8-13 (site 2),c3ec3bd8-8836-45bb-97b7-adff01636570,Symo 24.0-3 480 (3),24.0,parsed_from_inverter_name,11.52,month,devwork
2025-02-05,d95b5e9d-f2d5-4950-85a9-909e52f727ba,Penner Farms - SE 27-8-13 (site 2),b8a6c9fe-5838-42e7-9faa-adff01636559,Symo 24.0-3 480 (1),24.0,parsed_from_inverter_name,26.04,month,devwork
2025-02-05,d95b5e9d-f2d5-4950-85a9-909e52f727ba,Penner Farms - SE 27-8-13 (site 2),a9f3ac23-6f93-447b-9037-adff01636562,Symo 24.0-3 480 (2),24.0,parsed_from_inverter_name,21.98,month,devwork
2025-02-05,d95b5e9d-f2d5-4950-85a9-909e52f727ba,Penner Farms - SE 27-8-13 (site 2),c3ec3bd8-8836-45bb-97b7-adff01636570,Symo 24.0-3 480 (3),24.0,parsed_from_inverter_name,19.95,month,devwork
2025-02-06,d95b5e9d-f2d5-4950-85a9-909e52f727ba,Penner Farms - SE 27-8-13 (site 2),b8a6c9fe-5838-42e7-9faa-adff01636559,Symo 24.0-3 480 (1),24.0,parsed_from_inverter_name,30.45,month,devwork
2025-02-06,d95b5e9d-f2d5-4950-85a9-909e52f727ba,Penner Farms - SE 27-8-13 (site 2),a9f3ac23-6f93-447b-9037-adff01636562,Symo 24.0-3 480 (2),24.0,parsed_from_inverter_name,23.29,month,devwork
2025-02-06,d95b5e9d-f2d5-4950-85a9-909e52f727ba,Penner Farms - SE 27-8-13 (site 2),c3ec3bd8-8836-45bb-97b7-adff01636570,Symo 24.0-3 480 (3),24.0,parsed_from_inverter_name,21.44,month,devwork
2025-02-07,d95b5e9d-f2d5-4950-85a9-909e52f727ba,Penner Farms - SE 27-8-13 (site 2),b8a6c9fe-5838-42e7-9faa-adff01636559,Symo 24.0-3 480 (1),24.0,parsed_from_inverter_name,75.49,month,devwork
2025-02-07,d95b5e9d-f2d5-4950-85a9-909e52f727ba,Penner Farms - SE 27-8-13 (site 2),a9f3ac23-6f93-447b-9037-adff01636562,Symo 24.0-3 480 (2),24.0,parsed_from_inverter_name,51.57,month,devwork
2025-02-07,d95b5e9d-f2d5-4950-85a9-909e52f727ba,Penner Farms - SE 27-8-13 (site 2),c3ec3bd8-8836-45bb-97b7-adff01636570,Symo 24.0-3 480 (3),24.0,parsed_from_inverter_name,42.38,month,devwork
2025-02-08,d95b5e9d-f2d5-4950-85a9-909e52f727ba,Penner Farms - SE 27-8-13 (site 2),b8a6c9fe-5838-42e7-9faa-adff01636559,Symo 24.0-3 480 (1),24.0,parsed_from_inverter_name,82.5,month,devwork
2025-02-08,d95b5e9d-f2d5-4950-85a9-909e52f727ba,Penner Farms - SE 27-8-13 (site 2),a9f3ac23-6f93-447b-9037-adff01636562,Symo 24.0-3 480 (2),24.0,parsed_from_inverter_name,66.49,month,devwork
2025-02-08,d95b5e9d-f2d5-4950-85a9-909e52f727ba,Penner Farms - SE 27-8-13 (site 2),c3ec3bd8-8836-45bb-97b7-adff01636570,Symo 24.0-3 480 (3),24.0,parsed_from_inverter_name,55.91,month,devwork
2025-02-09,d95b5e9d-f2d5-4950-85a9-909e52f727ba,Penner Farms - SE 27-8-13 (site 2),b8a6c9fe-5838-42e7-9faa-adff01636559,Symo 24.0-3 480 (1),24.0,parsed_from_inverter_name,66.12,month,devwork
2025-02-09,d95b5e9d-f2d5-4950-85a9-909e52f727ba,Penner Farms - SE 27-8-13 (site 2),a9f3ac23-6f93-447b-9037-adff01636562,Symo 24.0-3 480 (2),24.0,parsed_from_inverter_name,51.37,month,devwork
2025-02-09,d95b5e9d-f2d5-4950-85a9-909e52f727ba,Penner Farms - SE 27-8-13 (site 2),c3ec3bd8-8836-45bb-97b7-adff01636570,Symo 24.0-3 480 (3),24.0,parsed_from_inverter_name,44.63,month,devwork
2025-02-10,d95b5e9d-f2d5-4950-85a9-909e52f727ba,Penner Farms - SE 27-8-13 (site 2),b8a6c9fe-5838-42e7-9faa-adff01636559,Symo 24.0-3 480 (1),24.0,parsed_from_inverter_name,136.07,month,devwork
2025-02-10,d95b5e9d-f2d5-4950-85a9-909e52f727ba,Penner Farms - SE 27-8-13 (site 2),a9f3ac23-6f93-447b-9037-adff01636562,Symo 24.0-3 480 (2),24.0,parsed_from_inverter_name,102.41,month,devwork
2025-02-10,d95b5e9d-f2d5-4950-85a9-909e52f727ba,Penner Farms - SE 27-8-13 (site 2),c3ec3bd8-8836-45bb-97b7-adff01636570,Symo 24.0-3 480 (3),24.0,parsed_from_inverter_name,79.7,month,devwork
2025-02-11,d95b5e9d-f2d5-4950-85a9-909e52f727ba,Penner Farms - SE 27-8-13 (site 2),b8a6c9fe-5838-42e7-9faa-adff01636559,Symo 24.0-3 480 (1),24.0,parsed_from_inverter_name,83.7,month,devwork
2025-02-11,d95b5e9d-f2d5-4950-85a9-909e52f727ba,Penner Farms - SE 27-8-13 (site 2),a9f3ac23-6f93-447b-9037-adff01636562,Symo 24.0-3 480 (2),24.0,parsed_from_inverter_name,65.99,month,devwork
2025-02-11,d95b5e9d-f2d5-4950-85a9-909e52f727ba,Penner Farms - SE 27-8-13 (site 2),c3ec3bd8-8836-45bb-97b7-adff01636570,Symo 24.0-3 480 (3),24.0,parsed_from_inverter_name,54.17,month,devwork
2025-02-12,d95b5e9d-f2d5-4950-85a9-909e52f727ba,Penner Farms - SE 27-8-13 (site 2),b8a6c9fe-5838-42e7-9faa-adff01636559,Symo 24.0-3 480 (1),24.0,parsed_from_inverter_name,141.11,month,devwork
2025-02-12,d95b5e9d-f2d5-4950-85a9-909e52f727ba,Penner Farms - SE 27-8-13 (site 2),a9f3ac23-6f93-447b-9037-adff01636562,Symo 24.0-3 480 (2),24.0,parsed_from_inverter_name,112.54,month,devwork
2025-02-12,d95b5e9d-f2d5-4950-85a9-909e52f727ba,Penner Farms - SE 27-8-13 (site 2),c3ec3bd8-8836-45bb-97b7-adff01636570,Symo 24.0-3 480 (3),24.0,parsed_from_inverter_name,87.73,month,devwork
2025-02-13,d95b5e9d-f2d5-4950-85a9-909e52f727ba,Penner Farms - SE 27-8-13 (site 2),b8a6c9fe-5838-42e7-9faa-adff01636559,Symo 24.0-3 480 (1),24.0,parsed_from_inverter_name,157.01,month,devwork
2025-02-13,d95b5e9d-f2d5-4950-85a9-909e52f727ba,Penner Farms - SE 27-8-13 (site 2),a9f3ac23-6f93-447b-9037-adff01636562,Symo 24.0-3 480 (2),24.0,parsed_from_inverter_name,149.56,month,devwork
2025-02-13,d95b5e9d-f2d5-4950-85a9-909e52f727ba,Penner Farms - SE 27-8-13 (site 2),c3ec3bd8-8836-45bb-97b7-adff01636570,Symo 24.0-3 480 (3),24.0,parsed_from_inverter_name,118.98,month,devwork
2025-02-14,d95b5e9d-f2d5-4950-85a9-909e52f727ba,Penner Farms - SE 27-8-13 (site 2),b8a6c9fe-5838-42e7-9faa-adff01636559,Symo 24.0-3 480 (1),24.0,parsed_from_inverter_name,34.55,month,devwork
2025-02-14,d95b5e9d-f2d5-4950-85a9-909e52f727ba,Penner Farms - SE 27-8-13 (site 2),a9f3ac23-6f93-447b-9037-adff01636562,Symo 24.0-3 480 (2),24.0,parsed_from_inverter_name,32.42,month,devwork
2025-02-14,d95b5e9d-f2d5-4950-85a9-909e52f727ba,Penner Farms - SE 27-8-13 (site 2),c3ec3bd8-8836-45bb-97b7-adff01636570,Symo 24.0-3 480 (3),24.0,parsed_from_inverter_name,27.89,month,devwork
2025-02-15,d95b5e9d-f2d5-4950-85a9-909e52f727ba,Penner Farms - SE 27-8-13 (site 2),b8a6c9fe-5838-42e7-9faa-adff01636559,Symo 24.0-3 480 (1),24.0,parsed_from_inverter_name,28.5,month,devwork
2025-02-15,d95b5e9d-f2d5-4950-85a9-909e52f727ba,Penner Farms - SE 27-8-13 (site 2),a9f3ac23-6f93-447b-9037-adff01636562,Symo 24.0-3 480 (2),24.0,parsed_from_inverter_name,28.36,month,devwork
2025-02-15,d95b5e9d-f2d5-4950-85a9-909e52f727ba,Penner Farms - SE 27-8-13 (site 2),c3ec3bd8-8836-45bb-97b7-adff01636570,Symo 24.0-3 480 (3),24.0,parsed_from_inverter_name,27.38,month,devwork
2025-02-16,d95b5e9d-f2d5-4950-85a9-909e52f727ba,Penner Farms - SE 27-8-13 (site 2),b8a6c9fe-5838-42e7-9faa-adff01636559,Symo 24.0-3 480 (1),24.0,parsed_from_inverter_name,22.69,month,devwork
2025-02-16,d95b5e9d-f2d5-4950-85a9-909e52f727ba,Penner Farms - SE 27-8-13 (site 2),a9f3ac23-6f93-447b-9037-adff01636562,Symo 24.0-3 480 (2),24.0,parsed_from_inverter_name,22.65,month,devwork
2025-02-16,d95b5e9d-f2d5-4950-85a9-909e52f727ba,Penner Farms - SE 27-8-13 (site 2),c3ec3bd8-8836-45bb-97b7-adff01636570,Symo 24.0-3 480 (3),24.0,parsed_from_inverter_name,22.09,month,devwork
2025-02-17,d95b5e9d-f2d5-4950-85a9-909e52f727ba,Penner Farms - SE 27-8-13 (site 2),b8a6c9fe-5838-42e7-9faa-adff01636559,Symo 24.0-3 480 (1),24.0,parsed_from_inverter_name,39.8,month,devwork
2025-02-17,d95b5e9d-f2d5-4950-85a9-909e52f727ba,Penner Farms - SE 27-8-13 (site 2),a9f3ac23-6f93-447b-9037-adff01636562,Symo 24.0-3 480 (2),24.0,parsed_from_inverter_name,38.79,month,devwork
2025-02-17,d95b5e9d-f2d5-4950-85a9-909e52f727ba,Penner Farms - SE 27-8-13 (site 2),c3ec3bd8-8836-45bb-97b7-adff01636570,Symo 24.0-3 480 (3),24.0,parsed_from_inverter_name,36.63,month,devwork
2025-02-18,d95b5e9d-f2d5-4950-85a9-909e52f727ba,Penner Farms - SE 27-8-13 (site 2),b8a6c9fe-5838-42e7-9faa-adff01636559,Symo 24.0-3 480 (1),24.0,parsed_from_inverter_name,47.26,month,devwork
2025-02-18,d95b5e9d-f2d5-4950-85a9-909e52f727ba,Penner Farms - SE 27-8-13 (site 2),a9f3ac23-6f93-447b-9037-adff01636562,Symo 24.0-3 480 (2),24.0,parsed_from_inverter_name,51.37,month,devwork
2025-02-18,d95b5e9d-f2d5-4950-85a9-909e52f727ba,Penner Farms - SE 27-8-13 (site 2),c3ec3bd8-8836-45bb-97b7-adff01636570,Symo 24.0-3 480 (3),24.0,parsed_from_inverter_name,48.45,month,devwork
2025-02-19,d95b5e9d-f2d5-4950-85a9-909e52f727ba,Penner Farms - SE 27-8-13 (site 2),b8a6c9fe-5838-42e7-9faa-adff01636559,Symo 24.0-3 480 (1),24.0,parsed_from_inverter_name,46.87,month,devwork
2025-02-19,d95b5e9d-f2d5-4950-85a9-909e52f727ba,Penner Farms - SE 27-8-13 (site 2),a9f3ac23-6f93-447b-9037-adff01636562,Symo 24.0-3 480 (2),24.0,parsed_from_inverter_name,51.28,month,devwork
2025-02-19,d95b5e9d-f2d5-4950-85a9-909e52f727ba,Penner Farms - SE 27-8-13 (site 2),c3ec3bd8-8836-45bb-97b7-adff01636570,Symo 24.0-3 480 (3),24.0,parsed_from_inverter_name,48.45,month,devwork
2025-02-20,d95b5e9d-f2d5-4950-85a9-909e52f727ba,Penner Farms - SE 27-8-13 (site 2),b8a6c9fe-5838-42e7-9faa-adff01636559,Symo 24.0-3 480 (1),24.0,parsed_from_inverter_name,111.73,month,devwork
2025-02-20,d95b5e9d-f2d5-4950-85a9-909e52f727ba,Penner Farms - SE 27-8-13 (site 2),a9f3ac23-6f93-447b-9037-adff01636562,Symo 24.0-3 480 (2),24.0,parsed_from_inverter_name,113.5,month,devwork
2025-02-20,d95b5e9d-f2d5-4950-85a9-909e52f727ba,Penner Farms - SE 27-8-13 (site 2),c3ec3bd8-8836-45bb-97b7-adff01636570,Symo 24.0-3 480 (3),24.0,parsed_from_inverter_name,109.65,month,devwork
2025-02-21,d95b5e9d-f2d5-4950-85a9-909e52f727ba,Penner Farms - SE 27-8-13 (site 2),b8a6c9fe-5838-42e7-9faa-adff01636559,Symo 24.0-3 480 (1),24.0,parsed_from_inverter_name,108.57,month,devwork
2025-02-21,d95b5e9d-f2d5-4950-85a9-909e52f727ba,Penner Farms - SE 27-8-13 (site 2),a9f3ac23-6f93-447b-9037-adff01636562,Symo 24.0-3 480 (2),24.0,parsed_from_inverter_name,110.71,month,devwork
2025-02-21,d95b5e9d-f2d5-4950-85a9-909e52f727ba,Penner Farms - SE 27-8-13 (site 2),c3ec3bd8-8836-45bb-97b7-adff01636570,Symo 24.0-3 480 (3),24.0,parsed_from_inverter_name,109.45,month,devwork
2025-02-22,d95b5e9d-f2d5-4950-85a9-909e52f727ba,Penner Farms - SE 27-8-13 (site 2),b8a6c9fe-5838-42e7-9faa-adff01636559,Symo 24.0-3 480 (1),24.0,parsed_from_inverter_name,146.73,month,devwork
2025-02-22,d95b5e9d-f2d5-4950-85a9-909e52f727ba,Penner Farms - SE 27-8-13 (site 2),a9f3ac23-6f93-447b-9037-adff01636562,Symo 24.0-3 480 (2),24.0,parsed_from_inverter_name,148.88,month,devwork
2025-02-22,d95b5e9d-f2d5-4950-85a9-909e52f727ba,Penner Farms - SE 27-8-13 (site 2),c3ec3bd8-8836-45bb-97b7-adff01636570,Symo 24.0-3 480 (3),24.0,parsed_from_inverter_name,147.01,month,devwork
2025-02-23,d95b5e9d-f2d5-4950-85a9-909e52f727ba,Penner Farms - SE 27-8-13 (site 2),b8a6c9fe-5838-42e7-9faa-adff01636559,Symo 24.0-3 480 (1),24.0,parsed_from_inverter_name,130.35,month,devwork
2025-02-23,d95b5e9d-f2d5-4950-85a9-909e52f727ba,Penner Farms - SE 27-8-13 (site 2),a9f3ac23-6f93-447b-9037-adff01636562,Symo 24.0-3 480 (2),24.0,parsed_from_inverter_name,132.75,month,devwork
2025-02-23,d95b5e9d-f2d5-4950-85a9-909e52f727ba,Penner Farms - SE 27-8-13 (site 2),c3ec3bd8-8836-45bb-97b7-adff01636570,Symo 24.0-3 480 (3),24.0,parsed_from_inverter_name,131.24,month,devwork
2025-02-24,d95b5e9d-f2d5-4950-85a9-909e52f727ba,Penner Farms - SE 27-8-13 (site 2),b8a6c9fe-5838-42e7-9faa-adff01636559,Symo 24.0-3 480 (1),24.0,parsed_from_inverter_name,156.04,month,devwork
2025-02-24,d95b5e9d-f2d5-4950-85a9-909e52f727ba,Penner Farms - SE 27-8-13 (site 2),a9f3ac23-6f93-447b-9037-adff01636562,Symo 24.0-3 480 (2),24.0,parsed_from_inverter_name,157.72,month,devwork
2025-02-24,d95b5e9d-f2d5-4950-85a9-909e52f727ba,Penner Farms - SE 27-8-13 (site 2),c3ec3bd8-8836-45bb-97b7-adff01636570,Symo 24.0-3 480 (3),24.0,parsed_from_inverter_name,155.76,month,devwork
2025-02-25,d95b5e9d-f2d5-4950-85a9-909e52f727ba,Penner Farms - SE 27-8-13 (site 2),b8a6c9fe-5838-42e7-9faa-adff01636559,Symo 24.0-3 480 (1),24.0,parsed_from_inverter_name,171.92,month,devwork
2025-02-25,d95b5e9d-f2d5-4950-85a9-909e52f727ba,Penner Farms - SE 27-8-13 (site 2),a9f3ac23-6f93-447b-9037-adff01636562,Symo 24.0-3 480 (2),24.0,parsed_from_inverter_name,173.42,month,devwork
2025-02-25,d95b5e9d-f2d5-4950-85a9-909e52f727ba,Penner Farms - SE 27-8-13 (site 2),c3ec3bd8-8836-45bb-97b7-adff01636570,Symo 24.0-3 480 (3),24.0,parsed_from_inverter_name,171.45,month,devwork
2025-02-26,d95b5e9d-f2d5-4950-85a9-909e52f727ba,Penner Farms - SE 27-8-13 (site 2),b8a6c9fe-5838-42e7-9faa-adff01636559,Symo 24.0-3 480 (1),24.0,parsed_from_inverter_name,158.74,month,devwork
2025-02-26,d95b5e9d-f2d5-4950-85a9-909e52f727ba,Penner Farms - SE 27-8-13 (site 2),a9f3ac23-6f93-447b-9037-adff01636562,Symo 24.0-3 480 (2),24.0,parsed_from_inverter_name,160.53,month,devwork
2025-02-26,d95b5e9d-f2d5-4950-85a9-909e52f727ba,Penner Farms - SE 27-8-13 (site 2),c3ec3bd8-8836-45bb-97b7-adff01636570,Symo 24.0-3 480 (3),24.0,parsed_from_inverter_name,158.78,month,devwork
2025-02-27,d95b5e9d-f2d5-4950-85a9-909e52f727ba,Penner Farms - SE 27-8-13 (site 2),b8a6c9fe-5838-42e7-9faa-adff01636559,Symo 24.0-3 480 (1),24.0,parsed_from_inverter_name,104.39,month,devwork
2025-02-27,d95b5e9d-f2d5-4950-85a9-909e52f727ba,Penner Farms - SE 27-8-13 (site 2),a9f3ac23-6f93-447b-9037-adff01636562,Symo 24.0-3 480 (2),24.0,parsed_from_inverter_name,105.8,month,devwork
2025-02-27,d95b5e9d-f2d5-4950-85a9-909e52f727ba,Penner Farms - SE 27-8-13 (site 2),c3ec3bd8-8836-45bb-97b7-adff01636570,Symo 24.0-3 480 (3),24.0,parsed_from_inverter_name,104.87,month,devwork
2025-02-28,d95b5e9d-f2d5-4950-85a9-909e52f727ba,Penner Farms - SE 27-8-13 (site 2),b8a6c9fe-5838-42e7-9faa-adff01636559,Symo 24.0-3 480 (1),24.0,parsed_from_inverter_name,164.06,month,devwork
2025-02-28,d95b5e9d-f2d5-4950-85a9-909e52f727ba,Penner Farms - SE 27-8-13 (site 2),a9f3ac23-6f93-447b-9037-adff01636562,Symo 24.0-3 480 (2),24.0,parsed_from_inverter_name,166.22,month,devwork
2025-02-28,d95b5e9d-f2d5-4950-85a9-909e52f727ba,Penner Farms - SE 27-8-13 (site 2),c3ec3bd8-8836-45bb-97b7-adff01636570,Symo 24.0-3 480 (3),24.0,parsed_from_inverter_name,164.22,month,devwork
2025-03-01,d95b5e9d-f2d5-4950-85a9-909e52f727ba,Penner Farms - SE 27-8-13 (site 2),b8a6c9fe-5838-42e7-9faa-adff01636559,Symo 24.0-3 480 (1),24.0,parsed_from_inverter_name,155.6,month,devwork
2025-03-01,d95b5e9d-f2d5-4950-85a9-909e52f727ba,Penner Farms - SE 27-8-13 (site 2),a9f3ac23-6f93-447b-9037-adff01636562,Symo 24.0-3 480 (2),24.0,parsed_from_inverter_name,170.13,month,devwork
2025-03-01,d95b5e9d-f2d5-4950-85a9-909e52f727ba,Penner Farms - SE 27-8-13 (site 2),c3ec3bd8-8836-45bb-97b7-adff01636570,Symo 24.0-3 480 (3),24.0,parsed_from_inverter_name,142.4,month,devwork
2025-03-02,d95b5e9d-f2d5-4950-85a9-909e52f727ba,Penner Farms - SE 27-8-13 (site 2),b8a6c9fe-5838-42e7-9faa-adff01636559,Symo 24.0-3 480 (1),24.0,parsed_from_inverter_name,170.74,month,devwork
2025-03-02,d95b5e9d-f2d5-4950-85a9-909e52f727ba,Penner Farms - SE 27-8-13 (site 2),a9f3ac23-6f93-447b-9037-adff01636562,Symo 24.0-3 480 (2),24.0,parsed_from_inverter_name,172.28,month,devwork
2025-03-02,d95b5e9d-f2d5-4950-85a9-909e52f727ba,Penner Farms - SE 27-8-13 (site 2),c3ec3bd8-8836-45bb-97b7-adff01636570,Symo 24.0-3 480 (3),24.0,parsed_from_inverter_name,170.16,month,devwork
2025-03-03,d95b5e9d-f2d5-4950-85a9-909e52f727ba,Penner Farms - SE 27-8-13 (site 2),b8a6c9fe-5838-42e7-9faa-adff01636559,Symo 24.0-3 480 (1),24.0,parsed_from_inverter_name,34.8,month,devwork
2025-03-03,d95b5e9d-f2d5-4950-85a9-909e52f727ba,Penner Farms - SE 27-8-13 (site 2),a9f3ac23-6f93-447b-9037-adff01636562,Symo 24.0-3 480 (2),24.0,parsed_from_inverter_name,35.18,month,devwork
2025-03-03,d95b5e9d-f2d5-4950-85a9-909e52f727ba,Penner Farms - SE 27-8-13 (site 2),c3ec3bd8-8836-45bb-97b7-adff01636570,Symo 24.0-3 480 (3),24.0,parsed_from_inverter_name,35.26,month,devwork
2025-03-04,d95b5e9d-f2d5-4950-85a9-909e52f727ba,Penner Farms - SE 27-8-13 (site 2),b8a6c9fe-5838-42e7-9faa-adff01636559,Symo 24.0-3 480 (1),24.0,parsed_from_inverter_name,166.06,month,devwork
2025-03-04,d95b5e9d-f2d5-4950-85a9-909e52f727ba,Penner Farms - SE 27-8-13 (site 2),a9f3ac23-6f93-447b-9037-adff01636562,Symo 24.0-3 480 (2),24.0,parsed_from_inverter_name,167.56,month,devwork
2025-03-04,d95b5e9d-f2d5-4950-85a9-909e52f727ba,Penner Farms - SE 27-8-13 (site 2),c3ec3bd8-8836-45bb-97b7-adff01636570,Symo 24.0-3 480 (3),24.0,parsed_from_inverter_name,167.25,month,devwork
2025-03-05,d95b5e9d-f2d5-4950-85a9-909e52f727ba,Penner Farms - SE 27-8-13 (site 2),b8a6c9fe-5838-42e7-9faa-adff01636559,Symo 24.0-3 480 (1),24.0,parsed_from_inverter_name,127.93,month,devwork
2025-03-05,d95b5e9d-f2d5-4950-85a9-909e52f727ba,Penner Farms - SE 27-8-13 (site 2),a9f3ac23-6f93-447b-9037-adff01636562,Symo 24.0-3 480 (2),24.0,parsed_from_inverter_name,129.19,month,devwork
2025-03-05,d95b5e9d-f2d5-4950-85a9-909e52f727ba,Penner Farms - SE 27-8-13 (site 2),c3ec3bd8-8836-45bb-97b7-adff01636570,Symo 24.0-3 480 (3),24.0,parsed_from_inverter_name,128.1,month,devwork
2025-03-06,d95b5e9d-f2d5-4950-85a9-909e52f727ba,Penner Farms - SE 27-8-13 (site 2),b8a6c9fe-5838-42e7-9faa-adff01636559,Symo 24.0-3 480 (1),24.0,parsed_from_inverter_name,170.13,month,devwork
2025-03-06,d95b5e9d-f2d5-4950-85a9-909e52f727ba,Penner Farms - SE 27-8-13 (site 2),a9f3ac23-6f93-447b-9037-adff01636562,Symo 24.0-3 480 (2),24.0,parsed_from_inverter_name,171.11,month,devwork
2025-03-06,d95b5e9d-f2d5-4950-85a9-909e52f727ba,Penner Farms - SE 27-8-13 (site 2),c3ec3bd8-8836-45bb-97b7-adff01636570,Symo 24.0-3 480 (3),24.0,parsed_from_inverter_name,169.58,month,devwork
2025-03-07,d95b5e9d-f2d5-4950-85a9-909e52f727ba,Penner Farms - SE 27-8-13 (site 2),b8a6c9fe-5838-42e7-9faa-adff01636559,Symo 24.0-3 480 (1),24.0,parsed_from_inverter_name,179.53,month,devwork
2025-03-07,d95b5e9d-f2d5-4950-85a9-909e52f727ba,Penner Farms - SE 27-8-13 (site 2),a9f3ac23-6f93-447b-9037-adff01636562,Symo 24.0-3 480 (2),24.0,parsed_from_inverter_name,180.27,month,devwork
2025-03-07,d95b5e9d-f2d5-4950-85a9-909e52f727ba,Penner Farms - SE 27-8-13 (site 2),c3ec3bd8-8836-45bb-97b7-adff01636570,Symo 24.0-3 480 (3),24.0,parsed_from_inverter_name,178.76,month,devwork
2025-03-08,d95b5e9d-f2d5-4950-85a9-909e52f727ba,Penner Farms - SE 27-8-13 (site 2),b8a6c9fe-5838-42e7-9faa-adff01636559,Symo 24.0-3 480 (1),24.0,parsed_from_inverter_name,84.13,month,devwork
2025-03-08,d95b5e9d-f2d5-4950-85a9-909e52f727ba,Penner Farms - SE 27-8-13 (site 2),a9f3ac23-6f93-447b-9037-adff01636562,Symo 24.0-3 480 (2),24.0,parsed_from_inverter_name,84.87,month,devwork
2025-03-08,d95b5e9d-f2d5-4950-85a9-909e52f727ba,Penner Farms - SE 27-8-13 (site 2),c3ec3bd8-8836-45bb-97b7-adff01636570,Symo 24.0-3 480 (3),24.0,parsed_from_inverter_name,84.46,month,devwork
2025-03-09,d95b5e9d-f2d5-4950-85a9-909e52f727ba,Penner Farms - SE 27-8-13 (site 2),b8a6c9fe-5838-42e7-9faa-adff01636559,Symo 24.0-3 480 (1),24.0,parsed_from_inverter_name,63.85,month,devwork
2025-03-09,d95b5e9d-f2d5-4950-85a9-909e52f727ba,Penner Farms - SE 27-8-13 (site 2),a9f3ac23-6f93-447b-9037-adff01636562,Symo 24.0-3 480 (2),24.0,parsed_from_inverter_name,64.64,month,devwork
2025-03-09,d95b5e9d-f2d5-4950-85a9-909e52f727ba,Penner Farms - SE 27-8-13 (site 2),c3ec3bd8-8836-45bb-97b7-adff01636570,Symo 24.0-3 480 (3),24.0,parsed_from_inverter_name,64.49,month,devwork
2025-03-10,d95b5e9d-f2d5-4950-85a9-909e52f727ba,Penner Farms - SE 27-8-13 (site 2),b8a6c9fe-5838-42e7-9faa-adff01636559,Symo 24.0-3 480 (1),24.0,parsed_from_inverter_name,139.07,month,devwork
2025-03-10,d95b5e9d-f2d5-4950-85a9-909e52f727ba,Penner Farms - SE 27-8-13 (site 2),a9f3ac23-6f93-447b-9037-adff01636562,Symo 24.0-3 480 (2),24.0,parsed_from_inverter_name,140.44,month,devwork
2025-03-10,d95b5e9d-f2d5-4950-85a9-909e52f727ba,Penner Farms - SE 27-8-13 (site 2),c3ec3bd8-8836-45bb-97b7-adff01636570,Symo 24.0-3 480 (3),24.0,parsed_from_inverter_name,139.07,month,devwork
2025-03-11,d95b5e9d-f2d5-4950-85a9-909e52f727ba,Penner Farms - SE 27-8-13 (site 2),b8a6c9fe-5838-42e7-9faa-adff01636559,Symo 24.0-3 480 (1),24.0,parsed_from_inverter_name,138.91,month,devwork
2025-03-11,d95b5e9d-f2d5-4950-85a9-909e52f727ba,Penner Farms - SE 27-8-13 (site 2),a9f3ac23-6f93-447b-9037-adff01636562,Symo 24.0-3 480 (2),24.0,parsed_from_inverter_name,139.21,month,devwork
2025-03-11,d95b5e9d-f2d5-4950-85a9-909e52f727ba,Penner Farms - SE 27-8-13 (site 2),c3ec3bd8-8836-45bb-97b7-adff01636570,Symo 24.0-3 480 (3),24.0,parsed_from_inverter_name,138.85,month,devwork
2025-03-12,d95b5e9d-f2d5-4950-85a9-909e52f727ba,Penner Farms - SE 27-8-13 (site 2),b8a6c9fe-5838-42e7-9faa-adff01636559,Symo 24.0-3 480 (1),24.0,parsed_from_inverter_name,137.98,month,devwork
2025-03-12,d95b5e9d-f2d5-4950-85a9-909e52f727ba,Penner Farms - SE 27-8-13 (site 2),a9f3ac23-6f93-447b-9037-adff01636562,Symo 24.0-3 480 (2),24.0,parsed_from_inverter_name,138.46,month,devwork
2025-03-12,d95b5e9d-f2d5-4950-85a9-909e52f727ba,Penner Farms - SE 27-8-13 (site 2),c3ec3bd8-8836-45bb-97b7-adff01636570,Symo 24.0-3 480 (3),24.0,parsed_from_inverter_name,137.45,month,devwork
2025-03-13,d95b5e9d-f2d5-4950-85a9-909e52f727ba,Penner Farms - SE 27-8-13 (site 2),b8a6c9fe-5838-42e7-9faa-adff01636559,Symo 24.0-3 480 (1),24.0,parsed_from_inverter_name,62.24,month,devwork
2025-03-13,d95b5e9d-f2d5-4950-85a9-909e52f727ba,Penner Farms - SE 27-8-13 (site 2),a9f3ac23-6f93-447b-9037-adff01636562,Symo 24.0-3 480 (2),24.0,parsed_from_inverter_name,62.96,month,devwork
2025-03-13,d95b5e9d-f2d5-4950-85a9-909e52f727ba,Penner Farms - SE 27-8-13 (site 2),c3ec3bd8-8836-45bb-97b7-adff01636570,Symo 24.0-3 480 (3),24.0,parsed_from_inverter_name,62.5,month,devwork
2025-03-14,d95b5e9d-f2d5-4950-85a9-909e52f727ba,Penner Farms - SE 27-8-13 (site 2),b8a6c9fe-5838-42e7-9faa-adff01636559,Symo 24.0-3 480 (1),24.0,parsed_from_inverter_name,150.02,month,devwork
2025-03-14,d95b5e9d-f2d5-4950-85a9-909e52f727ba,Penner Farms - SE 27-8-13 (site 2),a9f3ac23-6f93-447b-9037-adff01636562,Symo 24.0-3 480 (2),24.0,parsed_from_inverter_name,151.62,month,devwork
2025-03-14,d95b5e9d-f2d5-4950-85a9-909e52f727ba,Penner Farms - SE 27-8-13 (site 2),c3ec3bd8-8836-45bb-97b7-adff01636570,Symo 24.0-3 480 (3),24.0,parsed_from_inverter_name,150.41,month,devwork
2025-03-15,d95b5e9d-f2d5-4950-85a9-909e52f727ba,Penner Farms - SE 27-8-13 (site 2),b8a6c9fe-5838-42e7-9faa-adff01636559,Symo 24.0-3 480 (1),24.0,parsed_from_inverter_name,42.35,month,devwork
2025-03-15,d95b5e9d-f2d5-4950-85a9-909e52f727ba,Penner Farms - SE 27-8-13 (site 2),a9f3ac23-6f93-447b-9037-adff01636562,Symo 24.0-3 480 (2),24.0,parsed_from_inverter_name,46.63,month,devwork
2025-03-15,d95b5e9d-f2d5-4950-85a9-909e52f727ba,Penner Farms - SE 27-8-13 (site 2),c3ec3bd8-8836-45bb-97b7-adff01636570,Symo 24.0-3 480 (3),24.0,parsed_from_inverter_name,47.68,month,devwork
2025-03-16,d95b5e9d-f2d5-4950-85a9-909e52f727ba,Penner Farms - SE 27-8-13 (site 2),b8a6c9fe-5838-42e7-9faa-adff01636559,Symo 24.0-3 480 (1),24.0,parsed_from_inverter_name,42.4,month,devwork
2025-03-16,d95b5e9d-f2d5-4950-85a9-909e52f727ba,Penner Farms - SE 27-8-13 (site 2),a9f3ac23-6f93-447b-9037-adff01636562,Symo 24.0-3 480 (2),24.0,parsed_from_inverter_name,29.36,month,devwork
2025-03-16,d95b5e9d-f2d5-4950-85a9-909e52f727ba,Penner Farms - SE 27-8-13 (site 2),c3ec3bd8-8836-45bb-97b7-adff01636570,Symo 24.0-3 480 (3),24.0,parsed_from_inverter_name,41.44,month,devwork
2025-03-17,d95b5e9d-f2d5-4950-85a9-909e52f727ba,Penner Farms - SE 27-8-13 (site 2),b8a6c9fe-5838-42e7-9faa-adff01636559,Symo 24.0-3 480 (1),24.0,parsed_from_inverter_name,159.89,month,devwork
2025-03-17,d95b5e9d-f2d5-4950-85a9-909e52f727ba,Penner Farms - SE 27-8-13 (site 2),a9f3ac23-6f93-447b-9037-adff01636562,Symo 24.0-3 480 (2),24.0,parsed_from_inverter_name,155.73,month,devwork
2025-03-17,d95b5e9d-f2d5-4950-85a9-909e52f727ba,Penner Farms - SE 27-8-13 (site 2),c3ec3bd8-8836-45bb-97b7-adff01636570,Symo 24.0-3 480 (3),24.0,parsed_from_inverter_name,157.66,month,devwork
2025-03-18,d95b5e9d-f2d5-4950-85a9-909e52f727ba,Penner Farms - SE 27-8-13 (site 2),b8a6c9fe-5838-42e7-9faa-adff01636559,Symo 24.0-3 480 (1),24.0,parsed_from_inverter_name,44.69,month,devwork
2025-03-18,d95b5e9d-f2d5-4950-85a9-909e52f727ba,Penner Farms - SE 27-8-13 (site 2),a9f3ac23-6f93-447b-9037-adff01636562,Symo 24.0-3 480 (2),24.0,parsed_from_inverter_name,45.81,month,devwork
2025-03-18,d95b5e9d-f2d5-4950-85a9-909e52f727ba,Penner Farms - SE 27-8-13 (site 2),c3ec3bd8-8836-45bb-97b7-adff01636570,Symo 24.0-3 480 (3),24.0,parsed_from_inverter_name,46.59,month,devwork
2025-03-19,d95b5e9d-f2d5-4950-85a9-909e52f727ba,Penner Farms - SE 27-8-13 (site 2),b8a6c9fe-5838-42e7-9faa-adff01636559,Symo 24.0-3 480 (1),24.0,parsed_from_inverter_name,184.73,month,devwork
2025-03-19,d95b5e9d-f2d5-4950-85a9-909e52f727ba,Penner Farms - SE 27-8-13 (site 2),a9f3ac23-6f93-447b-9037-adff01636562,Symo 24.0-3 480 (2),24.0,parsed_from_inverter_name,185.1,month,devwork
2025-03-19,d95b5e9d-f2d5-4950-85a9-909e52f727ba,Penner Farms - SE 27-8-13 (site 2),c3ec3bd8-8836-45bb-97b7-adff01636570,Symo 24.0-3 480 (3),24.0,parsed_from_inverter_name,184.35,month,devwork
2025-03-20,d95b5e9d-f2d5-4950-85a9-909e52f727ba,Penner Farms - SE 27-8-13 (site 2),b8a6c9fe-5838-42e7-9faa-adff01636559,Symo 24.0-3 480 (1),24.0,parsed_from_inverter_name,99.26,month,devwork
2025-03-20,d95b5e9d-f2d5-4950-85a9-909e52f727ba,Penner Farms - SE 27-8-13 (site 2),a9f3ac23-6f93-447b-9037-adff01636562,Symo 24.0-3 480 (2),24.0,parsed_from_inverter_name,99.66,month,devwork
2025-03-20,d95b5e9d-f2d5-4950-85a9-909e52f727ba,Penner Farms - SE 27-8-13 (site 2),c3ec3bd8-8836-45bb-97b7-adff01636570,Symo 24.0-3 480 (3),24.0,parsed_from_inverter_name,99.46,month,devwork
2025-03-21,d95b5e9d-f2d5-4950-85a9-909e52f727ba,Penner Farms - SE 27-8-13 (site 2),b8a6c9fe-5838-42e7-9faa-adff01636559,Symo 24.0-3 480 (1),24.0,parsed_from_inverter_name,167.3,month,devwork
2025-03-21,d95b5e9d-f2d5-4950-85a9-909e52f727ba,Penner Farms - SE 27-8-13 (site 2),a9f3ac23-6f93-447b-9037-adff01636562,Symo 24.0-3 480 (2),24.0,parsed_from_inverter_name,167.76,month,devwork
2025-03-21,d95b5e9d-f2d5-4950-85a9-909e52f727ba,Penner Farms - SE 27-8-13 (site 2),c3ec3bd8-8836-45bb-97b7-adff01636570,Symo 24.0-3 480 (3),24.0,parsed_from_inverter_name,167.0,month,devwork
2025-03-22,d95b5e9d-f2d5-4950-85a9-909e52f727ba,Penner Farms - SE 27-8-13 (site 2),b8a6c9fe-5838-42e7-9faa-adff01636559,Symo 24.0-3 480 (1),24.0,parsed_from_inverter_name,137.15,month,devwork
2025-03-22,d95b5e9d-f2d5-4950-85a9-909e52f727ba,Penner Farms - SE 27-8-13 (site 2),a9f3ac23-6f93-447b-9037-adff01636562,Symo 24.0-3 480 (2),24.0,parsed_from_inverter_name,137.52,month,devwork
2025-03-22,d95b5e9d-f2d5-4950-85a9-909e52f727ba,Penner Farms - SE 27-8-13 (site 2),c3ec3bd8-8836-45bb-97b7-adff01636570,Symo 24.0-3 480 (3),24.0,parsed_from_inverter_name,134.66,month,devwork
2025-03-23,d95b5e9d-f2d5-4950-85a9-909e52f727ba,Penner Farms - SE 27-8-13 (site 2),b8a6c9fe-5838-42e7-9faa-adff01636559,Symo 24.0-3 480 (1),24.0,parsed_from_inverter_name,114.25,month,devwork
2025-03-23,d95b5e9d-f2d5-4950-85a9-909e52f727ba,Penner Farms - SE 27-8-13 (site 2),a9f3ac23-6f93-447b-9037-adff01636562,Symo 24.0-3 480 (2),24.0,parsed_from_inverter_name,114.9,month,devwork
2025-03-23,d95b5e9d-f2d5-4950-85a9-909e52f727ba,Penner Farms - SE 27-8-13 (site 2),c3ec3bd8-8836-45bb-97b7-adff01636570,Symo 24.0-3 480 (3),24.0,parsed_from_inverter_name,114.71,month,devwork
2025-03-24,d95b5e9d-f2d5-4950-85a9-909e52f727ba,Penner Farms - SE 27-8-13 (site 2),b8a6c9fe-5838-42e7-9faa-adff01636559,Symo 24.0-3 480 (1),24.0,parsed_from_inverter_name,99.17,month,devwork
2025-03-24,d95b5e9d-f2d5-4950-85a9-909e52f727ba,Penner Farms - SE 27-8-13 (site 2),a9f3ac23-6f93-447b-9037-adff01636562,Symo 24.0-3 480 (2),24.0,parsed_from_inverter_name,99.95,month,devwork
2025-03-24,d95b5e9d-f2d5-4950-85a9-909e52f727ba,Penner Farms - SE 27-8-13 (site 2),c3ec3bd8-8836-45bb-97b7-adff01636570,Symo 24.0-3 480 (3),24.0,parsed_from_inverter_name,99.87,month,devwork
2025-03-25,d95b5e9d-f2d5-4950-85a9-909e52f727ba,Penner Farms - SE 27-8-13 (site 2),b8a6c9fe-5838-42e7-9faa-adff01636559,Symo 24.0-3 480 (1),24.0,parsed_from_inverter_name,106.36,month,devwork
2025-03-25,d95b5e9d-f2d5-4950-85a9-909e52f727ba,Penner Farms - SE 27-8-13 (site 2),a9f3ac23-6f93-447b-9037-adff01636562,Symo 24.0-3 480 (2),24.0,parsed_from_inverter_name,107.25,month,devwork
2025-03-25,d95b5e9d-f2d5-4950-85a9-909e52f727ba,Penner Farms - SE 27-8-13 (site 2),c3ec3bd8-8836-45bb-97b7-adff01636570,Symo 24.0-3 480 (3),24.0,parsed_from_inverter_name,107.39,month,devwork
2025-03-26,d95b5e9d-f2d5-4950-85a9-909e52f727ba,Penner Farms - SE 27-8-13 (site 2),b8a6c9fe-5838-42e7-9faa-adff01636559,Symo 24.0-3 480 (1),24.0,parsed_from_inverter_name,183.33,month,devwork
2025-03-26,d95b5e9d-f2d5-4950-85a9-909e52f727ba,Penner Farms - SE 27-8-13 (site 2),a9f3ac23-6f93-447b-9037-adff01636562,Symo 24.0-3 480 (2),24.0,parsed_from_inverter_name,183.99,month,devwork
2025-03-26,d95b5e9d-f2d5-4950-85a9-909e52f727ba,Penner Farms - SE 27-8-13 (site 2),c3ec3bd8-8836-45bb-97b7-adff01636570,Symo 24.0-3 480 (3),24.0,parsed_from_inverter_name,167.95,month,devwork
2025-03-27,d95b5e9d-f2d5-4950-85a9-909e52f727ba,Penner Farms - SE 27-8-13 (site 2),b8a6c9fe-5838-42e7-9faa-adff01636559,Symo 24.0-3 480 (1),24.0,parsed_from_inverter_name,75.63,month,devwork
2025-03-27,d95b5e9d-f2d5-4950-85a9-909e52f727ba,Penner Farms - SE 27-8-13 (site 2),a9f3ac23-6f93-447b-9037-adff01636562,Symo 24.0-3 480 (2),24.0,parsed_from_inverter_name,76.07,month,devwork
2025-03-27,d95b5e9d-f2d5-4950-85a9-909e52f727ba,Penner Farms - SE 27-8-13 (site 2),c3ec3bd8-8836-45bb-97b7-adff01636570,Symo 24.0-3 480 (3),24.0,parsed_from_inverter_name,76.22,month,devwork
2025-03-28,d95b5e9d-f2d5-4950-85a9-909e52f727ba,Penner Farms - SE 27-8-13 (site 2),b8a6c9fe-5838-42e7-9faa-adff01636559,Symo 24.0-3 480 (1),24.0,parsed_from_inverter_name,51.69,month,devwork
2025-03-28,d95b5e9d-f2d5-4950-85a9-909e52f727ba,Penner Farms - SE 27-8-13 (site 2),a9f3ac23-6f93-447b-9037-adff01636562,Symo 24.0-3 480 (2),24.0,parsed_from_inverter_name,53.71,month,devwork
2025-03-28,d95b5e9d-f2d5-4950-85a9-909e52f727ba,Penner Farms - SE 27-8-13 (site 2),c3ec3bd8-8836-45bb-97b7-adff01636570,Symo 24.0-3 480 (3),24.0,parsed_from_inverter_name,56.18,month,devwork
2025-03-29,d95b5e9d-f2d5-4950-85a9-909e52f727ba,Penner Farms - SE 27-8-13 (site 2),b8a6c9fe-5838-42e7-9faa-adff01636559,Symo 24.0-3 480 (1),24.0,parsed_from_inverter_name,38.52,month,devwork
2025-03-29,d95b5e9d-f2d5-4950-85a9-909e52f727ba,Penner Farms - SE 27-8-13 (site 2),a9f3ac23-6f93-447b-9037-adff01636562,Symo 24.0-3 480 (2),24.0,parsed_from_inverter_name,37.81,month,devwork
2025-03-29,d95b5e9d-f2d5-4950-85a9-909e52f727ba,Penner Farms - SE 27-8-13 (site 2),c3ec3bd8-8836-45bb-97b7-adff01636570,Symo 24.0-3 480 (3),24.0,parsed_from_inverter_name,40.72,month,devwork
2025-03-30,d95b5e9d-f2d5-4950-85a9-909e52f727ba,Penner Farms - SE 27-8-13 (site 2),b8a6c9fe-5838-42e7-9faa-adff01636559,Symo 24.0-3 480 (1),24.0,parsed_from_inverter_name,108.25,month,devwork
2025-03-30,d95b5e9d-f2d5-4950-85a9-909e52f727ba,Penner Farms - SE 27-8-13 (site 2),a9f3ac23-6f93-447b-9037-adff01636562,Symo 24.0-3 480 (2),24.0,parsed_from_inverter_name,107.1,month,devwork
2025-03-30,d95b5e9d-f2d5-4950-85a9-909e52f727ba,Penner Farms - SE 27-8-13 (site 2),c3ec3bd8-8836-45bb-97b7-adff01636570,Symo 24.0-3 480 (3),24.0,parsed_from_inverter_name,109.31,month,devwork
2025-03-31,d95b5e9d-f2d5-4950-85a9-909e52f727ba,Penner Farms - SE 27-8-13 (site 2),b8a6c9fe-5838-42e7-9faa-adff01636559,Symo 24.0-3 480 (1),24.0,parsed_from_inverter_name,86.9,month,devwork
2025-03-31,d95b5e9d-f2d5-4950-85a9-909e52f727ba,Penner Farms - SE 27-8-13 (site 2),a9f3ac23-6f93-447b-9037-adff01636562,Symo 24.0-3 480 (2),24.0,parsed_from_inverter_name,88.09,month,devwork
2025-03-31,d95b5e9d-f2d5-4950-85a9-909e52f727ba,Penner Farms - SE 27-8-13 (site 2),c3ec3bd8-8836-45bb-97b7-adff01636570,Symo 24.0-3 480 (3),24.0,parsed_from_inverter_name,87.7,month,devwork
2025-04-01,d95b5e9d-f2d5-4950-85a9-909e52f727ba,Penner Farms - SE 27-8-13 (site 2),b8a6c9fe-5838-42e7-9faa-adff01636559,Symo 24.0-3 480 (1),24.0,parsed_from_inverter_name,140.79,month,devwork
2025-04-01,d95b5e9d-f2d5-4950-85a9-909e52f727ba,Penner Farms - SE 27-8-13 (site 2),a9f3ac23-6f93-447b-9037-adff01636562,Symo 24.0-3 480 (2),24.0,parsed_from_inverter_name,145.58,month,devwork
2025-04-01,d95b5e9d-f2d5-4950-85a9-909e52f727ba,Penner Farms - SE 27-8-13 (site 2),c3ec3bd8-8836-45bb-97b7-adff01636570,Symo 24.0-3 480 (3),24.0,parsed_from_inverter_name,146.21,month,devwork
2025-04-02,d95b5e9d-f2d5-4950-85a9-909e52f727ba,Penner Farms - SE 27-8-13 (site 2),b8a6c9fe-5838-42e7-9faa-adff01636559,Symo 24.0-3 480 (1),24.0,parsed_from_inverter_name,34.98,month,devwork
2025-04-02,d95b5e9d-f2d5-4950-85a9-909e52f727ba,Penner Farms - SE 27-8-13 (site 2),a9f3ac23-6f93-447b-9037-adff01636562,Symo 24.0-3 480 (2),24.0,parsed_from_inverter_name,33.71,month,devwork
2025-04-02,d95b5e9d-f2d5-4950-85a9-909e52f727ba,Penner Farms - SE 27-8-13 (site 2),c3ec3bd8-8836-45bb-97b7-adff01636570,Symo 24.0-3 480 (3),24.0,parsed_from_inverter_name,34.79,month,devwork
2025-04-03,d95b5e9d-f2d5-4950-85a9-909e52f727ba,Penner Farms - SE 27-8-13 (site 2),b8a6c9fe-5838-42e7-9faa-adff01636559,Symo 24.0-3 480 (1),24.0,parsed_from_inverter_name,130.56,month,devwork
2025-04-03,d95b5e9d-f2d5-4950-85a9-909e52f727ba,Penner Farms - SE 27-8-13 (site 2),a9f3ac23-6f93-447b-9037-adff01636562,Symo 24.0-3 480 (2),24.0,parsed_from_inverter_name,132.51,month,devwork
2025-04-03,d95b5e9d-f2d5-4950-85a9-909e52f727ba,Penner Farms - SE 27-8-13 (site 2),c3ec3bd8-8836-45bb-97b7-adff01636570,Symo 24.0-3 480 (3),24.0,parsed_from_inverter_name,132.25,month,devwork
2025-04-04,d95b5e9d-f2d5-4950-85a9-909e52f727ba,Penner Farms - SE 27-8-13 (site 2),b8a6c9fe-5838-42e7-9faa-adff01636559,Symo 24.0-3 480 (1),24.0,parsed_from_inverter_name,202.67,month,devwork
2025-04-04,d95b5e9d-f2d5-4950-85a9-909e52f727ba,Penner Farms - SE 27-8-13 (site 2),a9f3ac23-6f93-447b-9037-adff01636562,Symo 24.0-3 480 (2),24.0,parsed_from_inverter_name,203.03,month,devwork
2025-04-04,d95b5e9d-f2d5-4950-85a9-909e52f727ba,Penner Farms - SE 27-8-13 (site 2),c3ec3bd8-8836-45bb-97b7-adff01636570,Symo 24.0-3 480 (3),24.0,parsed_from_inverter_name,202.36,month,devwork
2025-04-05,d95b5e9d-f2d5-4950-85a9-909e52f727ba,Penner Farms - SE 27-8-13 (site 2),b8a6c9fe-5838-42e7-9faa-adff01636559,Symo 24.0-3 480 (1),24.0,parsed_from_inverter_name,200.38,month,devwork
2025-04-05,d95b5e9d-f2d5-4950-85a9-909e52f727ba,Penner Farms - SE 27-8-13 (site 2),a9f3ac23-6f93-447b-9037-adff01636562,Symo 24.0-3 480 (2),24.0,parsed_from_inverter_name,200.47,month,devwork
2025-04-05,d95b5e9d-f2d5-4950-85a9-909e52f727ba,Penner Farms - SE 27-8-13 (site 2),c3ec3bd8-8836-45bb-97b7-adff01636570,Symo 24.0-3 480 (3),24.0,parsed_from_inverter_name,199.84,month,devwork
2025-04-06,d95b5e9d-f2d5-4950-85a9-909e52f727ba,Penner Farms - SE 27-8-13 (site 2),b8a6c9fe-5838-42e7-9faa-adff01636559,Symo 24.0-3 480 (1),24.0,parsed_from_inverter_name,196.91,month,devwork
2025-04-06,d95b5e9d-f2d5-4950-85a9-909e52f727ba,Penner Farms - SE 27-8-13 (site 2),a9f3ac23-6f93-447b-9037-adff01636562,Symo 24.0-3 480 (2),24.0,parsed_from_inverter_name,197.38,month,devwork
2025-04-06,d95b5e9d-f2d5-4950-85a9-909e52f727ba,Penner Farms - SE 27-8-13 (site 2),c3ec3bd8-8836-45bb-97b7-adff01636570,Symo 24.0-3 480 (3),24.0,parsed_from_inverter_name,154.37,month,devwork
2025-04-07,d95b5e9d-f2d5-4950-85a9-909e52f727ba,Penner Farms - SE 27-8-13 (site 2),b8a6c9fe-5838-42e7-9faa-adff01636559,Symo 24.0-3 480 (1),24.0,parsed_from_inverter_name,133.46,month,devwork
2025-04-07,d95b5e9d-f2d5-4950-85a9-909e52f727ba,Penner Farms - SE 27-8-13 (site 2),a9f3ac23-6f93-447b-9037-adff01636562,Symo 24.0-3 480 (2),24.0,parsed_from_inverter_name,134.37,month,devwork
2025-04-07,d95b5e9d-f2d5-4950-85a9-909e52f727ba,Penner Farms - SE 27-8-13 (site 2),c3ec3bd8-8836-45bb-97b7-adff01636570,Symo 24.0-3 480 (3),24.0,parsed_from_inverter_name,134.38,month,devwork
2025-04-08,d95b5e9d-f2d5-4950-85a9-909e52f727ba,Penner Farms - SE 27-8-13 (site 2),b8a6c9fe-5838-42e7-9faa-adff01636559,Symo 24.0-3 480 (1),24.0,parsed_from_inverter_name,164.42,month,devwork
2025-04-08,d95b5e9d-f2d5-4950-85a9-909e52f727ba,Penner Farms - SE 27-8-13 (site 2),a9f3ac23-6f93-447b-9037-adff01636562,Symo 24.0-3 480 (2),24.0,parsed_from_inverter_name,164.79,month,devwork
2025-04-08,d95b5e9d-f2d5-4950-85a9-909e52f727ba,Penner Farms - SE 27-8-13 (site 2),c3ec3bd8-8836-45bb-97b7-adff01636570,Symo 24.0-3 480 (3),24.0,parsed_from_inverter_name,164.34,month,devwork
2025-04-09,d95b5e9d-f2d5-4950-85a9-909e52f727ba,Penner Farms - SE 27-8-13 (site 2),b8a6c9fe-5838-42e7-9faa-adff01636559,Symo 24.0-3 480 (1),24.0,parsed_from_inverter_name,150.77,month,devwork
2025-04-09,d95b5e9d-f2d5-4950-85a9-909e52f727ba,Penner Farms - SE 27-8-13 (site 2),a9f3ac23-6f93-447b-9037-adff01636562,Symo 24.0-3 480 (2),24.0,parsed_from_inverter_name,151.5,month,devwork
2025-04-09,d95b5e9d-f2d5-4950-85a9-909e52f727ba,Penner Farms - SE 27-8-13 (site 2),c3ec3bd8-8836-45bb-97b7-adff01636570,Symo 24.0-3 480 (3),24.0,parsed_from_inverter_name,151.27,month,devwork
2025-04-10,d95b5e9d-f2d5-4950-85a9-909e52f727ba,Penner Farms - SE 27-8-13 (site 2),b8a6c9fe-5838-42e7-9faa-adff01636559,Symo 24.0-3 480 (1),24.0,parsed_from_inverter_name,170.83,month,devwork
2025-04-10,d95b5e9d-f2d5-4950-85a9-909e52f727ba,Penner Farms - SE 27-8-13 (site 2),a9f3ac23-6f93-447b-9037-adff01636562,Symo 24.0-3 480 (2),24.0,parsed_from_inverter_name,171.87,month,devwork
2025-04-10,d95b5e9d-f2d5-4950-85a9-909e52f727ba,Penner Farms - SE 27-8-13 (site 2),c3ec3bd8-8836-45bb-97b7-adff01636570,Symo 24.0-3 480 (3),24.0,parsed_from_inverter_name,169.59,month,devwork
2025-04-11,d95b5e9d-f2d5-4950-85a9-909e52f727ba,Penner Farms - SE 27-8-13 (site 2),b8a6c9fe-5838-42e7-9faa-adff01636559,Symo 24.0-3 480 (1),24.0,parsed_from_inverter_name,181.08,month,devwork
2025-04-11,d95b5e9d-f2d5-4950-85a9-909e52f727ba,Penner Farms - SE 27-8-13 (site 2),a9f3ac23-6f93-447b-9037-adff01636562,Symo 24.0-3 480 (2),24.0,parsed_from_inverter_name,181.78,month,devwork
2025-04-11,d95b5e9d-f2d5-4950-85a9-909e52f727ba,Penner Farms - SE 27-8-13 (site 2),c3ec3bd8-8836-45bb-97b7-adff01636570,Symo 24.0-3 480 (3),24.0,parsed_from_inverter_name,180.96,month,devwork
2025-04-12,d95b5e9d-f2d5-4950-85a9-909e52f727ba,Penner Farms - SE 27-8-13 (site 2),b8a6c9fe-5838-42e7-9faa-adff01636559,Symo 24.0-3 480 (1),24.0,parsed_from_inverter_name,178.49,month,devwork
2025-04-12,d95b5e9d-f2d5-4950-85a9-909e52f727ba,Penner Farms - SE 27-8-13 (site 2),a9f3ac23-6f93-447b-9037-adff01636562,Symo 24.0-3 480 (2),24.0,parsed_from_inverter_name,178.98,month,devwork
2025-04-12,d95b5e9d-f2d5-4950-85a9-909e52f727ba,Penner Farms - SE 27-8-13 (site 2),c3ec3bd8-8836-45bb-97b7-adff01636570,Symo 24.0-3 480 (3),24.0,parsed_from_inverter_name,178.92,month,devwork
2025-04-15,d95b5e9d-f2d5-4950-85a9-909e52f727ba,Penner Farms - SE 27-8-13 (site 2),b8a6c9fe-5838-42e7-9faa-adff01636559,Symo 24.0-3 480 (1),24.0,parsed_from_inverter_name,195.86,month,devwork
2025-04-15,d95b5e9d-f2d5-4950-85a9-909e52f727ba,Penner Farms - SE 27-8-13 (site 2),a9f3ac23-6f93-447b-9037-adff01636562,Symo 24.0-3 480 (2),24.0,parsed_from_inverter_name,196.2,month,devwork
2025-04-15,d95b5e9d-f2d5-4950-85a9-909e52f727ba,Penner Farms - SE 27-8-13 (site 2),c3ec3bd8-8836-45bb-97b7-adff01636570,Symo 24.0-3 480 (3),24.0,parsed_from_inverter_name,196.03,month,devwork
2025-04-16,d95b5e9d-f2d5-4950-85a9-909e52f727ba,Penner Farms - SE 27-8-13 (site 2),b8a6c9fe-5838-42e7-9faa-adff01636559,Symo 24.0-3 480 (1),24.0,parsed_from_inverter_name,64.11,month,devwork
2025-04-16,d95b5e9d-f2d5-4950-85a9-909e52f727ba,Penner Farms - SE 27-8-13 (site 2),a9f3ac23-6f93-447b-9037-adff01636562,Symo 24.0-3 480 (2),24.0,parsed_from_inverter_name,64.63,month,devwork
2025-04-16,d95b5e9d-f2d5-4950-85a9-909e52f727ba,Penner Farms - SE 27-8-13 (site 2),c3ec3bd8-8836-45bb-97b7-adff01636570,Symo 24.0-3 480 (3),24.0,parsed_from_inverter_name,64.58,month,devwork
2025-04-17,d95b5e9d-f2d5-4950-85a9-909e52f727ba,Penner Farms - SE 27-8-13 (site 2),b8a6c9fe-5838-42e7-9faa-adff01636559,Symo 24.0-3 480 (1),24.0,parsed_from_inverter_name,139.8,month,devwork
2025-04-17,d95b5e9d-f2d5-4950-85a9-909e52f727ba,Penner Farms - SE 27-8-13 (site 2),a9f3ac23-6f93-447b-9037-adff01636562,Symo 24.0-3 480 (2),24.0,parsed_from_inverter_name,140.85,month,devwork
2025-04-17,d95b5e9d-f2d5-4950-85a9-909e52f727ba,Penner Farms - SE 27-8-13 (site 2),c3ec3bd8-8836-45bb-97b7-adff01636570,Symo 24.0-3 480 (3),24.0,parsed_from_inverter_name,140.79,month,devwork
2025-04-18,d95b5e9d-f2d5-4950-85a9-909e52f727ba,Penner Farms - SE 27-8-13 (site 2),b8a6c9fe-5838-42e7-9faa-adff01636559,Symo 24.0-3 480 (1),24.0,parsed_from_inverter_name,207.17,month,devwork
2025-04-18,d95b5e9d-f2d5-4950-85a9-909e52f727ba,Penner Farms - SE 27-8-13 (site 2),a9f3ac23-6f93-447b-9037-adff01636562,Symo 24.0-3 480 (2),24.0,parsed_from_inverter_name,207.81,month,devwork
2025-04-18,d95b5e9d-f2d5-4950-85a9-909e52f727ba,Penner Farms - SE 27-8-13 (site 2),c3ec3bd8-8836-45bb-97b7-adff01636570,Symo 24.0-3 480 (3),24.0,parsed_from_inverter_name,207.63,month,devwork
2025-04-19,d95b5e9d-f2d5-4950-85a9-909e52f727ba,Penner Farms - SE 27-8-13 (site 2),b8a6c9fe-5838-42e7-9faa-adff01636559,Symo 24.0-3 480 (1),24.0,parsed_from_inverter_name,110.51,month,devwork
2025-04-19,d95b5e9d-f2d5-4950-85a9-909e52f727ba,Penner Farms - SE 27-8-13 (site 2),a9f3ac23-6f93-447b-9037-adff01636562,Symo 24.0-3 480 (2),24.0,parsed_from_inverter_name,111.29,month,devwork
2025-04-19,d95b5e9d-f2d5-4950-85a9-909e52f727ba,Penner Farms - SE 27-8-13 (site 2),c3ec3bd8-8836-45bb-97b7-adff01636570,Symo 24.0-3 480 (3),24.0,parsed_from_inverter_name,111.72,month,devwork
2025-04-20,d95b5e9d-f2d5-4950-85a9-909e52f727ba,Penner Farms - SE 27-8-13 (site 2),b8a6c9fe-5838-42e7-9faa-adff01636559,Symo 24.0-3 480 (1),24.0,parsed_from_inverter_name,62.7,month,devwork
2025-04-20,d95b5e9d-f2d5-4950-85a9-909e52f727ba,Penner Farms - SE 27-8-13 (site 2),a9f3ac23-6f93-447b-9037-adff01636562,Symo 24.0-3 480 (2),24.0,parsed_from_inverter_name,66.1,month,devwork
2025-04-20,d95b5e9d-f2d5-4950-85a9-909e52f727ba,Penner Farms - SE 27-8-13 (site 2),c3ec3bd8-8836-45bb-97b7-adff01636570,Symo 24.0-3 480 (3),24.0,parsed_from_inverter_name,66.11,month,devwork
2025-04-21,d95b5e9d-f2d5-4950-85a9-909e52f727ba,Penner Farms - SE 27-8-13 (site 2),b8a6c9fe-5838-42e7-9faa-adff01636559,Symo 24.0-3 480 (1),24.0,parsed_from_inverter_name,70.11,month,devwork
2025-04-21,d95b5e9d-f2d5-4950-85a9-909e52f727ba,Penner Farms - SE 27-8-13 (site 2),a9f3ac23-6f93-447b-9037-adff01636562,Symo 24.0-3 480 (2),24.0,parsed_from_inverter_name,70.7,month,devwork
2025-04-21,d95b5e9d-f2d5-4950-85a9-909e52f727ba,Penner Farms - SE 27-8-13 (site 2),c3ec3bd8-8836-45bb-97b7-adff01636570,Symo 24.0-3 480 (3),24.0,parsed_from_inverter_name,70.45,month,devwork
2025-04-22,d95b5e9d-f2d5-4950-85a9-909e52f727ba,Penner Farms - SE 27-8-13 (site 2),b8a6c9fe-5838-42e7-9faa-adff01636559,Symo 24.0-3 480 (1),24.0,parsed_from_inverter_name,101.42,month,devwork
2025-04-22,d95b5e9d-f2d5-4950-85a9-909e52f727ba,Penner Farms - SE 27-8-13 (site 2),a9f3ac23-6f93-447b-9037-adff01636562,Symo 24.0-3 480 (2),24.0,parsed_from_inverter_name,102.34,month,devwork
2025-04-22,d95b5e9d-f2d5-4950-85a9-909e52f727ba,Penner Farms - SE 27-8-13 (site 2),c3ec3bd8-8836-45bb-97b7-adff01636570,Symo 24.0-3 480 (3),24.0,parsed_from_inverter_name,102.08,month,devwork
2025-04-23,d95b5e9d-f2d5-4950-85a9-909e52f727ba,Penner Farms - SE 27-8-13 (site 2),b8a6c9fe-5838-42e7-9faa-adff01636559,Symo 24.0-3 480 (1),24.0,parsed_from_inverter_name,156.71,month,devwork
2025-04-23,d95b5e9d-f2d5-4950-85a9-909e52f727ba,Penner Farms - SE 27-8-13 (site 2),a9f3ac23-6f93-447b-9037-adff01636562,Symo 24.0-3 480 (2),24.0,parsed_from_inverter_name,157.84,month,devwork
2025-04-23,d95b5e9d-f2d5-4950-85a9-909e52f727ba,Penner Farms - SE 27-8-13 (site 2),c3ec3bd8-8836-45bb-97b7-adff01636570,Symo 24.0-3 480 (3),24.0,parsed_from_inverter_name,158.35,month,devwork
2025-04-24,d95b5e9d-f2d5-4950-85a9-909e52f727ba,Penner Farms - SE 27-8-13 (site 2),b8a6c9fe-5838-42e7-9faa-adff01636559,Symo 24.0-3 480 (1),24.0,parsed_from_inverter_name,206.8,month,devwork
2025-04-24,d95b5e9d-f2d5-4950-85a9-909e52f727ba,Penner Farms - SE 27-8-13 (site 2),a9f3ac23-6f93-447b-9037-adff01636562,Symo 24.0-3 480 (2),24.0,parsed_from_inverter_name,207.61,month,devwork
2025-04-24,d95b5e9d-f2d5-4950-85a9-909e52f727ba,Penner Farms - SE 27-8-13 (site 2),c3ec3bd8-8836-45bb-97b7-adff01636570,Symo 24.0-3 480 (3),24.0,parsed_from_inverter_name,207.71,month,devwork
2025-04-25,d95b5e9d-f2d5-4950-85a9-909e52f727ba,Penner Farms - SE 27-8-13 (site 2),b8a6c9fe-5838-42e7-9faa-adff01636559,Symo 24.0-3 480 (1),24.0,parsed_from_inverter_name,210.01,month,devwork
2025-04-25,d95b5e9d-f2d5-4950-85a9-909e52f727ba,Penner Farms - SE 27-8-13 (site 2),a9f3ac23-6f93-447b-9037-adff01636562,Symo 24.0-3 480 (2),24.0,parsed_from_inverter_name,211.66,month,devwork
2025-04-25,d95b5e9d-f2d5-4950-85a9-909e52f727ba,Penner Farms - SE 27-8-13 (site 2),c3ec3bd8-8836-45bb-97b7-adff01636570,Symo 24.0-3 480 (3),24.0,parsed_from_inverter_name,212.0,month,devwork
2025-04-26,d95b5e9d-f2d5-4950-85a9-909e52f727ba,Penner Farms - SE 27-8-13 (site 2),b8a6c9fe-5838-42e7-9faa-adff01636559,Symo 24.0-3 480 (1),24.0,parsed_from_inverter_name,198.75,month,devwork
2025-04-26,d95b5e9d-f2d5-4950-85a9-909e52f727ba,Penner Farms - SE 27-8-13 (site 2),a9f3ac23-6f93-447b-9037-adff01636562,Symo 24.0-3 480 (2),24.0,parsed_from_inverter_name,202.85,month,devwork
2025-04-26,d95b5e9d-f2d5-4950-85a9-909e52f727ba,Penner Farms - SE 27-8-13 (site 2),c3ec3bd8-8836-45bb-97b7-adff01636570,Symo 24.0-3 480 (3),24.0,parsed_from_inverter_name,203.45,month,devwork
2025-04-27,d95b5e9d-f2d5-4950-85a9-909e52f727ba,Penner Farms - SE 27-8-13 (site 2),b8a6c9fe-5838-42e7-9faa-adff01636559,Symo 24.0-3 480 (1),24.0,parsed_from_inverter_name,210.14,month,devwork
2025-04-27,d95b5e9d-f2d5-4950-85a9-909e52f727ba,Penner Farms - SE 27-8-13 (site 2),a9f3ac23-6f93-447b-9037-adff01636562,Symo 24.0-3 480 (2),24.0,parsed_from_inverter_name,210.66,month,devwork
2025-04-27,d95b5e9d-f2d5-4950-85a9-909e52f727ba,Penner Farms - SE 27-8-13 (site 2),c3ec3bd8-8836-45bb-97b7-adff01636570,Symo 24.0-3 480 (3),24.0,parsed_from_inverter_name,211.0,month,devwork
2025-04-28,d95b5e9d-f2d5-4950-85a9-909e52f727ba,Penner Farms - SE 27-8-13 (site 2),b8a6c9fe-5838-42e7-9faa-adff01636559,Symo 24.0-3 480 (1),24.0,parsed_from_inverter_name,202.09,month,devwork
2025-04-28,d95b5e9d-f2d5-4950-85a9-909e52f727ba,Penner Farms - SE 27-8-13 (site 2),a9f3ac23-6f93-447b-9037-adff01636562,Symo 24.0-3 480 (2),24.0,parsed_from_inverter_name,203.14,month,devwork
2025-04-28,d95b5e9d-f2d5-4950-85a9-909e52f727ba,Penner Farms - SE 27-8-13 (site 2),c3ec3bd8-8836-45bb-97b7-adff01636570,Symo 24.0-3 480 (3),24.0,parsed_from_inverter_name,203.76,month,devwork
2025-04-29,d95b5e9d-f2d5-4950-85a9-909e52f727ba,Penner Farms - SE 27-8-13 (site 2),b8a6c9fe-5838-42e7-9faa-adff01636559,Symo 24.0-3 480 (1),24.0,parsed_from_inverter_name,130.93,month,devwork
2025-04-29,d95b5e9d-f2d5-4950-85a9-909e52f727ba,Penner Farms - SE 27-8-13 (site 2),a9f3ac23-6f93-447b-9037-adff01636562,Symo 24.0-3 480 (2),24.0,parsed_from_inverter_name,131.5,month,devwork
2025-04-29,d95b5e9d-f2d5-4950-85a9-909e52f727ba,Penner Farms - SE 27-8-13 (site 2),c3ec3bd8-8836-45bb-97b7-adff01636570,Symo 24.0-3 480 (3),24.0,parsed_from_inverter_name,130.42,month,devwork
2025-04-30,d95b5e9d-f2d5-4950-85a9-909e52f727ba,Penner Farms - SE 27-8-13 (site 2),b8a6c9fe-5838-42e7-9faa-adff01636559,Symo 24.0-3 480 (1),24.0,parsed_from_inverter_name,179.8,month,devwork
2025-04-30,d95b5e9d-f2d5-4950-85a9-909e52f727ba,Penner Farms - SE 27-8-13 (site 2),a9f3ac23-6f93-447b-9037-adff01636562,Symo 24.0-3 480 (2),24.0,parsed_from_inverter_name,180.28,month,devwork
2025-04-30,d95b5e9d-f2d5-4950-85a9-909e52f727ba,Penner Farms - SE 27-8-13 (site 2),c3ec3bd8-8836-45bb-97b7-adff01636570,Symo 24.0-3 480 (3),24.0,parsed_from_inverter_name,180.73,month,devwork
2025-05-01,d95b5e9d-f2d5-4950-85a9-909e52f727ba,Penner Farms - SE 27-8-13 (site 2),b8a6c9fe-5838-42e7-9faa-adff01636559,Symo 24.0-3 480 (1),24.0,parsed_from_inverter_name,210.02,month,devwork
2025-05-01,d95b5e9d-f2d5-4950-85a9-909e52f727ba,Penner Farms - SE 27-8-13 (site 2),a9f3ac23-6f93-447b-9037-adff01636562,Symo 24.0-3 480 (2),24.0,parsed_from_inverter_name,210.76,month,devwork
2025-05-01,d95b5e9d-f2d5-4950-85a9-909e52f727ba,Penner Farms - SE 27-8-13 (site 2),c3ec3bd8-8836-45bb-97b7-adff01636570,Symo 24.0-3 480 (3),24.0,parsed_from_inverter_name,211.37,month,devwork
2025-05-02,d95b5e9d-f2d5-4950-85a9-909e52f727ba,Penner Farms - SE 27-8-13 (site 2),b8a6c9fe-5838-42e7-9faa-adff01636559,Symo 24.0-3 480 (1),24.0,parsed_from_inverter_name,208.63,month,devwork
2025-05-02,d95b5e9d-f2d5-4950-85a9-909e52f727ba,Penner Farms - SE 27-8-13 (site 2),a9f3ac23-6f93-447b-9037-adff01636562,Symo 24.0-3 480 (2),24.0,parsed_from_inverter_name,209.1,month,devwork
2025-05-02,d95b5e9d-f2d5-4950-85a9-909e52f727ba,Penner Farms - SE 27-8-13 (site 2),c3ec3bd8-8836-45bb-97b7-adff01636570,Symo 24.0-3 480 (3),24.0,parsed_from_inverter_name,209.7,month,devwork
2025-05-03,d95b5e9d-f2d5-4950-85a9-909e52f727ba,Penner Farms - SE 27-8-13 (site 2),b8a6c9fe-5838-42e7-9faa-adff01636559,Symo 24.0-3 480 (1),24.0,parsed_from_inverter_name,206.38,month,devwork
2025-05-03,d95b5e9d-f2d5-4950-85a9-909e52f727ba,Penner Farms - SE 27-8-13 (site 2),a9f3ac23-6f93-447b-9037-adff01636562,Symo 24.0-3 480 (2),24.0,parsed_from_inverter_name,206.9,month,devwork
2025-05-03,d95b5e9d-f2d5-4950-85a9-909e52f727ba,Penner Farms - SE 27-8-13 (site 2),c3ec3bd8-8836-45bb-97b7-adff01636570,Symo 24.0-3 480 (3),24.0,parsed_from_inverter_name,207.34,month,devwork
2025-05-04,d95b5e9d-f2d5-4950-85a9-909e52f727ba,Penner Farms - SE 27-8-13 (site 2),b8a6c9fe-5838-42e7-9faa-adff01636559,Symo 24.0-3 480 (1),24.0,parsed_from_inverter_name,75.57,month,devwork
2025-05-04,d95b5e9d-f2d5-4950-85a9-909e52f727ba,Penner Farms - SE 27-8-13 (site 2),a9f3ac23-6f93-447b-9037-adff01636562,Symo 24.0-3 480 (2),24.0,parsed_from_inverter_name,76.34,month,devwork
2025-05-04,d95b5e9d-f2d5-4950-85a9-909e52f727ba,Penner Farms - SE 27-8-13 (site 2),c3ec3bd8-8836-45bb-97b7-adff01636570,Symo 24.0-3 480 (3),24.0,parsed_from_inverter_name,76.93,month,devwork
2025-05-05,d95b5e9d-f2d5-4950-85a9-909e52f727ba,Penner Farms - SE 27-8-13 (site 2),b8a6c9fe-5838-42e7-9faa-adff01636559,Symo 24.0-3 480 (1),24.0,parsed_from_inverter_name,189.1,month,devwork
2025-05-05,d95b5e9d-f2d5-4950-85a9-909e52f727ba,Penner Farms - SE 27-8-13 (site 2),a9f3ac23-6f93-447b-9037-adff01636562,Symo 24.0-3 480 (2),24.0,parsed_from_inverter_name,190.12,month,devwork
2025-05-05,d95b5e9d-f2d5-4950-85a9-909e52f727ba,Penner Farms - SE 27-8-13 (site 2),c3ec3bd8-8836-45bb-97b7-adff01636570,Symo 24.0-3 480 (3),24.0,parsed_from_inverter_name,190.24,month,devwork
2025-05-06,d95b5e9d-f2d5-4950-85a9-909e52f727ba,Penner Farms - SE 27-8-13 (site 2),b8a6c9fe-5838-42e7-9faa-adff01636559,Symo 24.0-3 480 (1),24.0,parsed_from_inverter_name,212.62,month,devwork
2025-05-06,d95b5e9d-f2d5-4950-85a9-909e52f727ba,Penner Farms - SE 27-8-13 (site 2),a9f3ac23-6f93-447b-9037-adff01636562,Symo 24.0-3 480 (2),24.0,parsed_from_inverter_name,214.41,month,devwork
2025-05-06,d95b5e9d-f2d5-4950-85a9-909e52f727ba,Penner Farms - SE 27-8-13 (site 2),c3ec3bd8-8836-45bb-97b7-adff01636570,Symo 24.0-3 480 (3),24.0,parsed_from_inverter_name,215.26,month,devwork
2025-05-07,d95b5e9d-f2d5-4950-85a9-909e52f727ba,Penner Farms - SE 27-8-13 (site 2),b8a6c9fe-5838-42e7-9faa-adff01636559,Symo 24.0-3 480 (1),24.0,parsed_from_inverter_name,210.62,month,devwork
2025-05-07,d95b5e9d-f2d5-4950-85a9-909e52f727ba,Penner Farms - SE 27-8-13 (site 2),a9f3ac23-6f93-447b-9037-adff01636562,Symo 24.0-3 480 (2),24.0,parsed_from_inverter_name,211.5,month,devwork
2025-05-07,d95b5e9d-f2d5-4950-85a9-909e52f727ba,Penner Farms - SE 27-8-13 (site 2),c3ec3bd8-8836-45bb-97b7-adff01636570,Symo 24.0-3 480 (3),24.0,parsed_from_inverter_name,212.27,month,devwork
2025-05-08,d95b5e9d-f2d5-4950-85a9-909e52f727ba,Penner Farms - SE 27-8-13 (site 2),b8a6c9fe-5838-42e7-9faa-adff01636559,Symo 24.0-3 480 (1),24.0,parsed_from_inverter_name,0.22,month,devwork
2025-05-08,d95b5e9d-f2d5-4950-85a9-909e52f727ba,Penner Farms - SE 27-8-13 (site 2),a9f3ac23-6f93-447b-9037-adff01636562,Symo 24.0-3 480 (2),24.0,parsed_from_inverter_name,0.23,month,devwork
2025-05-08,d95b5e9d-f2d5-4950-85a9-909e52f727ba,Penner Farms - SE 27-8-13 (site 2),c3ec3bd8-8836-45bb-97b7-adff01636570,Symo 24.0-3 480 (3),24.0,parsed_from_inverter_name,0.22,month,devwork
2025-05-09,d95b5e9d-f2d5-4950-85a9-909e52f727ba,Penner Farms - SE 27-8-13 (site 2),b8a6c9fe-5838-42e7-9faa-adff01636559,Symo 24.0-3 480 (1),24.0,parsed_from_inverter_name,185.83,month,devwork
2025-05-09,d95b5e9d-f2d5-4950-85a9-909e52f727ba,Penner Farms - SE 27-8-13 (site 2),a9f3ac23-6f93-447b-9037-adff01636562,Symo 24.0-3 480 (2),24.0,parsed_from_inverter_name,187.6,month,devwork
2025-05-09,d95b5e9d-f2d5-4950-85a9-909e52f727ba,Penner Farms - SE 27-8-13 (site 2),c3ec3bd8-8836-45bb-97b7-adff01636570,Symo 24.0-3 480 (3),24.0,parsed_from_inverter_name,188.7,month,devwork
2025-05-10,d95b5e9d-f2d5-4950-85a9-909e52f727ba,Penner Farms - SE 27-8-13 (site 2),b8a6c9fe-5838-42e7-9faa-adff01636559,Symo 24.0-3 480 (1),24.0,parsed_from_inverter_name,177.83,month,devwork
2025-05-10,d95b5e9d-f2d5-4950-85a9-909e52f727ba,Penner Farms - SE 27-8-13 (site 2),a9f3ac23-6f93-447b-9037-adff01636562,Symo 24.0-3 480 (2),24.0,parsed_from_inverter_name,179.15,month,devwork
2025-05-10,d95b5e9d-f2d5-4950-85a9-909e52f727ba,Penner Farms - SE 27-8-13 (site 2),c3ec3bd8-8836-45bb-97b7-adff01636570,Symo 24.0-3 480 (3),24.0,parsed_from_inverter_name,177.62,month,devwork
2025-05-11,d95b5e9d-f2d5-4950-85a9-909e52f727ba,Penner Farms - SE 27-8-13 (site 2),b8a6c9fe-5838-42e7-9faa-adff01636559,Symo 24.0-3 480 (1),24.0,parsed_from_inverter_name,126.0,month,devwork
2025-05-11,d95b5e9d-f2d5-4950-85a9-909e52f727ba,Penner Farms - SE 27-8-13 (site 2),a9f3ac23-6f93-447b-9037-adff01636562,Symo 24.0-3 480 (2),24.0,parsed_from_inverter_name,127.13,month,devwork
2025-05-11,d95b5e9d-f2d5-4950-85a9-909e52f727ba,Penner Farms - SE 27-8-13 (site 2),c3ec3bd8-8836-45bb-97b7-adff01636570,Symo 24.0-3 480 (3),24.0,parsed_from_inverter_name,127.44,month,devwork
2025-05-12,d95b5e9d-f2d5-4950-85a9-909e52f727ba,Penner Farms - SE 27-8-13 (site 2),b8a6c9fe-5838-42e7-9faa-adff01636559,Symo 24.0-3 480 (1),24.0,parsed_from_inverter_name,60.61,month,devwork
2025-05-12,d95b5e9d-f2d5-4950-85a9-909e52f727ba,Penner Farms - SE 27-8-13 (site 2),a9f3ac23-6f93-447b-9037-adff01636562,Symo 24.0-3 480 (2),24.0,parsed_from_inverter_name,61.46,month,devwork
2025-05-12,d95b5e9d-f2d5-4950-85a9-909e52f727ba,Penner Farms - SE 27-8-13 (site 2),c3ec3bd8-8836-45bb-97b7-adff01636570,Symo 24.0-3 480 (3),24.0,parsed_from_inverter_name,62.23,month,devwork
2025-05-13,d95b5e9d-f2d5-4950-85a9-909e52f727ba,Penner Farms - SE 27-8-13 (site 2),b8a6c9fe-5838-42e7-9faa-adff01636559,Symo 24.0-3 480 (1),24.0,parsed_from_inverter_name,145.59,month,devwork
2025-05-13,d95b5e9d-f2d5-4950-85a9-909e52f727ba,Penner Farms - SE 27-8-13 (site 2),a9f3ac23-6f93-447b-9037-adff01636562,Symo 24.0-3 480 (2),24.0,parsed_from_inverter_name,146.26,month,devwork
2025-05-13,d95b5e9d-f2d5-4950-85a9-909e52f727ba,Penner Farms - SE 27-8-13 (site 2),c3ec3bd8-8836-45bb-97b7-adff01636570,Symo 24.0-3 480 (3),24.0,parsed_from_inverter_name,146.52,month,devwork
2025-05-14,d95b5e9d-f2d5-4950-85a9-909e52f727ba,Penner Farms - SE 27-8-13 (site 2),b8a6c9fe-5838-42e7-9faa-adff01636559,Symo 24.0-3 480 (1),24.0,parsed_from_inverter_name,122.11,month,devwork
2025-05-14,d95b5e9d-f2d5-4950-85a9-909e52f727ba,Penner Farms - SE 27-8-13 (site 2),a9f3ac23-6f93-447b-9037-adff01636562,Symo 24.0-3 480 (2),24.0,parsed_from_inverter_name,123.27,month,devwork
2025-05-14,d95b5e9d-f2d5-4950-85a9-909e52f727ba,Penner Farms - SE 27-8-13 (site 2),c3ec3bd8-8836-45bb-97b7-adff01636570,Symo 24.0-3 480 (3),24.0,parsed_from_inverter_name,124.36,month,devwork
2025-05-15,d95b5e9d-f2d5-4950-85a9-909e52f727ba,Penner Farms - SE 27-8-13 (site 2),b8a6c9fe-5838-42e7-9faa-adff01636559,Symo 24.0-3 480 (1),24.0,parsed_from_inverter_name,60.47,month,devwork
2025-05-15,d95b5e9d-f2d5-4950-85a9-909e52f727ba,Penner Farms - SE 27-8-13 (site 2),a9f3ac23-6f93-447b-9037-adff01636562,Symo 24.0-3 480 (2),24.0,parsed_from_inverter_name,61.15,month,devwork
2025-05-15,d95b5e9d-f2d5-4950-85a9-909e52f727ba,Penner Farms - SE 27-8-13 (site 2),c3ec3bd8-8836-45bb-97b7-adff01636570,Symo 24.0-3 480 (3),24.0,parsed_from_inverter_name,61.77,month,devwork
2025-05-16,d95b5e9d-f2d5-4950-85a9-909e52f727ba,Penner Farms - SE 27-8-13 (site 2),b8a6c9fe-5838-42e7-9faa-adff01636559,Symo 24.0-3 480 (1),24.0,parsed_from_inverter_name,172.92,month,devwork
2025-05-16,d95b5e9d-f2d5-4950-85a9-909e52f727ba,Penner Farms - SE 27-8-13 (site 2),a9f3ac23-6f93-447b-9037-adff01636562,Symo 24.0-3 480 (2),24.0,parsed_from_inverter_name,173.61,month,devwork
2025-05-16,d95b5e9d-f2d5-4950-85a9-909e52f727ba,Penner Farms - SE 27-8-13 (site 2),c3ec3bd8-8836-45bb-97b7-adff01636570,Symo 24.0-3 480 (3),24.0,parsed_from_inverter_name,173.94,month,devwork
2025-05-17,d95b5e9d-f2d5-4950-85a9-909e52f727ba,Penner Farms - SE 27-8-13 (site 2),b8a6c9fe-5838-42e7-9faa-adff01636559,Symo 24.0-3 480 (1),24.0,parsed_from_inverter_name,135.94,month,devwork
2025-05-17,d95b5e9d-f2d5-4950-85a9-909e52f727ba,Penner Farms - SE 27-8-13 (site 2),a9f3ac23-6f93-447b-9037-adff01636562,Symo 24.0-3 480 (2),24.0,parsed_from_inverter_name,137.34,month,devwork
2025-05-17,d95b5e9d-f2d5-4950-85a9-909e52f727ba,Penner Farms - SE 27-8-13 (site 2),c3ec3bd8-8836-45bb-97b7-adff01636570,Symo 24.0-3 480 (3),24.0,parsed_from_inverter_name,138.08,month,devwork
2025-05-18,d95b5e9d-f2d5-4950-85a9-909e52f727ba,Penner Farms - SE 27-8-13 (site 2),b8a6c9fe-5838-42e7-9faa-adff01636559,Symo 24.0-3 480 (1),24.0,parsed_from_inverter_name,62.76,month,devwork
2025-05-18,d95b5e9d-f2d5-4950-85a9-909e52f727ba,Penner Farms - SE 27-8-13 (site 2),a9f3ac23-6f93-447b-9037-adff01636562,Symo 24.0-3 480 (2),24.0,parsed_from_inverter_name,63.33,month,devwork
2025-05-18,d95b5e9d-f2d5-4950-85a9-909e52f727ba,Penner Farms - SE 27-8-13 (site 2),c3ec3bd8-8836-45bb-97b7-adff01636570,Symo 24.0-3 480 (3),24.0,parsed_from_inverter_name,64.21,month,devwork
2025-05-19,d95b5e9d-f2d5-4950-85a9-909e52f727ba,Penner Farms - SE 27-8-13 (site 2),b8a6c9fe-5838-42e7-9faa-adff01636559,Symo 24.0-3 480 (1),24.0,parsed_from_inverter_name,118.68,month,devwork
2025-05-19,d95b5e9d-f2d5-4950-85a9-909e52f727ba,Penner Farms - SE 27-8-13 (site 2),a9f3ac23-6f93-447b-9037-adff01636562,Symo 24.0-3 480 (2),24.0,parsed_from_inverter_name,119.5,month,devwork
2025-05-19,d95b5e9d-f2d5-4950-85a9-909e52f727ba,Penner Farms - SE 27-8-13 (site 2),c3ec3bd8-8836-45bb-97b7-adff01636570,Symo 24.0-3 480 (3),24.0,parsed_from_inverter_name,119.25,month,devwork
2025-05-20,d95b5e9d-f2d5-4950-85a9-909e52f727ba,Penner Farms - SE 27-8-13 (site 2),b8a6c9fe-5838-42e7-9faa-adff01636559,Symo 24.0-3 480 (1),24.0,parsed_from_inverter_name,169.05,month,devwork
2025-05-20,d95b5e9d-f2d5-4950-85a9-909e52f727ba,Penner Farms - SE 27-8-13 (site 2),a9f3ac23-6f93-447b-9037-adff01636562,Symo 24.0-3 480 (2),24.0,parsed_from_inverter_name,171.6,month,devwork
2025-05-20,d95b5e9d-f2d5-4950-85a9-909e52f727ba,Penner Farms - SE 27-8-13 (site 2),c3ec3bd8-8836-45bb-97b7-adff01636570,Symo 24.0-3 480 (3),24.0,parsed_from_inverter_name,171.95,month,devwork
2025-05-21,d95b5e9d-f2d5-4950-85a9-909e52f727ba,Penner Farms - SE 27-8-13 (site 2),b8a6c9fe-5838-42e7-9faa-adff01636559,Symo 24.0-3 480 (1),24.0,parsed_from_inverter_name,151.17,month,devwork
2025-05-21,d95b5e9d-f2d5-4950-85a9-909e52f727ba,Penner Farms - SE 27-8-13 (site 2),a9f3ac23-6f93-447b-9037-adff01636562,Symo 24.0-3 480 (2),24.0,parsed_from_inverter_name,152.12,month,devwork
2025-05-21,d95b5e9d-f2d5-4950-85a9-909e52f727ba,Penner Farms - SE 27-8-13 (site 2),c3ec3bd8-8836-45bb-97b7-adff01636570,Symo 24.0-3 480 (3),24.0,parsed_from_inverter_name,152.3,month,devwork
2025-05-22,d95b5e9d-f2d5-4950-85a9-909e52f727ba,Penner Farms - SE 27-8-13 (site 2),b8a6c9fe-5838-42e7-9faa-adff01636559,Symo 24.0-3 480 (1),24.0,parsed_from_inverter_name,168.74,month,devwork
2025-05-22,d95b5e9d-f2d5-4950-85a9-909e52f727ba,Penner Farms - SE 27-8-13 (site 2),a9f3ac23-6f93-447b-9037-adff01636562,Symo 24.0-3 480 (2),24.0,parsed_from_inverter_name,170.56,month,devwork
2025-05-22,d95b5e9d-f2d5-4950-85a9-909e52f727ba,Penner Farms - SE 27-8-13 (site 2),c3ec3bd8-8836-45bb-97b7-adff01636570,Symo 24.0-3 480 (3),24.0,parsed_from_inverter_name,171.84,month,devwork
2025-05-23,d95b5e9d-f2d5-4950-85a9-909e52f727ba,Penner Farms - SE 27-8-13 (site 2),b8a6c9fe-5838-42e7-9faa-adff01636559,Symo 24.0-3 480 (1),24.0,parsed_from_inverter_name,83.01,month,devwork
2025-05-23,d95b5e9d-f2d5-4950-85a9-909e52f727ba,Penner Farms - SE 27-8-13 (site 2),a9f3ac23-6f93-447b-9037-adff01636562,Symo 24.0-3 480 (2),24.0,parsed_from_inverter_name,83.8,month,devwork
2025-05-23,d95b5e9d-f2d5-4950-85a9-909e52f727ba,Penner Farms - SE 27-8-13 (site 2),c3ec3bd8-8836-45bb-97b7-adff01636570,Symo 24.0-3 480 (3),24.0,parsed_from_inverter_name,84.11,month,devwork
2025-05-24,d95b5e9d-f2d5-4950-85a9-909e52f727ba,Penner Farms - SE 27-8-13 (site 2),b8a6c9fe-5838-42e7-9faa-adff01636559,Symo 24.0-3 480 (1),24.0,parsed_from_inverter_name,206.47,month,devwork
2025-05-24,d95b5e9d-f2d5-4950-85a9-909e52f727ba,Penner Farms - SE 27-8-13 (site 2),a9f3ac23-6f93-447b-9037-adff01636562,Symo 24.0-3 480 (2),24.0,parsed_from_inverter_name,208.54,month,devwork
2025-05-24,d95b5e9d-f2d5-4950-85a9-909e52f727ba,Penner Farms - SE 27-8-13 (site 2),c3ec3bd8-8836-45bb-97b7-adff01636570,Symo 24.0-3 480 (3),24.0,parsed_from_inverter_name,208.74,month,devwork
2025-05-25,d95b5e9d-f2d5-4950-85a9-909e52f727ba,Penner Farms - SE 27-8-13 (site 2),b8a6c9fe-5838-42e7-9faa-adff01636559,Symo 24.0-3 480 (1),24.0,parsed_from_inverter_name,209.66,month,devwork
2025-05-25,d95b5e9d-f2d5-4950-85a9-909e52f727ba,Penner Farms - SE 27-8-13 (site 2),a9f3ac23-6f93-447b-9037-adff01636562,Symo 24.0-3 480 (2),24.0,parsed_from_inverter_name,212.22,month,devwork
2025-05-25,d95b5e9d-f2d5-4950-85a9-909e52f727ba,Penner Farms - SE 27-8-13 (site 2),c3ec3bd8-8836-45bb-97b7-adff01636570,Symo 24.0-3 480 (3),24.0,parsed_from_inverter_name,213.15,month,devwork
2025-05-26,d95b5e9d-f2d5-4950-85a9-909e52f727ba,Penner Farms - SE 27-8-13 (site 2),b8a6c9fe-5838-42e7-9faa-adff01636559,Symo 24.0-3 480 (1),24.0,parsed_from_inverter_name,196.55,month,devwork
2025-05-26,d95b5e9d-f2d5-4950-85a9-909e52f727ba,Penner Farms - SE 27-8-13 (site 2),a9f3ac23-6f93-447b-9037-adff01636562,Symo 24.0-3 480 (2),24.0,parsed_from_inverter_name,198.92,month,devwork
2025-05-26,d95b5e9d-f2d5-4950-85a9-909e52f727ba,Penner Farms - SE 27-8-13 (site 2),c3ec3bd8-8836-45bb-97b7-adff01636570,Symo 24.0-3 480 (3),24.0,parsed_from_inverter_name,199.9,month,devwork
2025-05-27,d95b5e9d-f2d5-4950-85a9-909e52f727ba,Penner Farms - SE 27-8-13 (site 2),b8a6c9fe-5838-42e7-9faa-adff01636559,Symo 24.0-3 480 (1),24.0,parsed_from_inverter_name,210.38,month,devwork
2025-05-27,d95b5e9d-f2d5-4950-85a9-909e52f727ba,Penner Farms - SE 27-8-13 (site 2),a9f3ac23-6f93-447b-9037-adff01636562,Symo 24.0-3 480 (2),24.0,parsed_from_inverter_name,211.46,month,devwork
2025-05-27,d95b5e9d-f2d5-4950-85a9-909e52f727ba,Penner Farms - SE 27-8-13 (site 2),c3ec3bd8-8836-45bb-97b7-adff01636570,Symo 24.0-3 480 (3),24.0,parsed_from_inverter_name,211.85,month,devwork
2025-05-28,d95b5e9d-f2d5-4950-85a9-909e52f727ba,Penner Farms - SE 27-8-13 (site 2),b8a6c9fe-5838-42e7-9faa-adff01636559,Symo 24.0-3 480 (1),24.0,parsed_from_inverter_name,206.93,month,devwork
2025-05-28,d95b5e9d-f2d5-4950-85a9-909e52f727ba,Penner Farms - SE 27-8-13 (site 2),a9f3ac23-6f93-447b-9037-adff01636562,Symo 24.0-3 480 (2),24.0,parsed_from_inverter_name,208.35,month,devwork
2025-05-28,d95b5e9d-f2d5-4950-85a9-909e52f727ba,Penner Farms - SE 27-8-13 (site 2),c3ec3bd8-8836-45bb-97b7-adff01636570,Symo 24.0-3 480 (3),24.0,parsed_from_inverter_name,209.43,month,devwork
2025-05-29,d95b5e9d-f2d5-4950-85a9-909e52f727ba,Penner Farms - SE 27-8-13 (site 2),b8a6c9fe-5838-42e7-9faa-adff01636559,Symo 24.0-3 480 (1),24.0,parsed_from_inverter_name,207.95,month,devwork
2025-05-29,d95b5e9d-f2d5-4950-85a9-909e52f727ba,Penner Farms - SE 27-8-13 (site 2),a9f3ac23-6f93-447b-9037-adff01636562,Symo 24.0-3 480 (2),24.0,parsed_from_inverter_name,210.34,month,devwork
2025-05-29,d95b5e9d-f2d5-4950-85a9-909e52f727ba,Penner Farms - SE 27-8-13 (site 2),c3ec3bd8-8836-45bb-97b7-adff01636570,Symo 24.0-3 480 (3),24.0,parsed_from_inverter_name,211.02,month,devwork
2025-05-30,d95b5e9d-f2d5-4950-85a9-909e52f727ba,Penner Farms - SE 27-8-13 (site 2),b8a6c9fe-5838-42e7-9faa-adff01636559,Symo 24.0-3 480 (1),24.0,parsed_from_inverter_name,211.33,month,devwork
2025-05-30,d95b5e9d-f2d5-4950-85a9-909e52f727ba,Penner Farms - SE 27-8-13 (site 2),a9f3ac23-6f93-447b-9037-adff01636562,Symo 24.0-3 480 (2),24.0,parsed_from_inverter_name,212.28,month,devwork
2025-05-30,d95b5e9d-f2d5-4950-85a9-909e52f727ba,Penner Farms - SE 27-8-13 (site 2),c3ec3bd8-8836-45bb-97b7-adff01636570,Symo 24.0-3 480 (3),24.0,parsed_from_inverter_name,212.73,month,devwork
2025-05-31,d95b5e9d-f2d5-4950-85a9-909e52f727ba,Penner Farms - SE 27-8-13 (site 2),b8a6c9fe-5838-42e7-9faa-adff01636559,Symo 24.0-3 480 (1),24.0,parsed_from_inverter_name,177.04,month,devwork
2025-05-31,d95b5e9d-f2d5-4950-85a9-909e52f727ba,Penner Farms - SE 27-8-13 (site 2),a9f3ac23-6f93-447b-9037-adff01636562,Symo 24.0-3 480 (2),24.0,parsed_from_inverter_name,179.5,month,devwork
2025-05-31,d95b5e9d-f2d5-4950-85a9-909e52f727ba,Penner Farms - SE 27-8-13 (site 2),c3ec3bd8-8836-45bb-97b7-adff01636570,Symo 24.0-3 480 (3),24.0,parsed_from_inverter_name,179.46,month,devwork
2025-06-01,d95b5e9d-f2d5-4950-85a9-909e52f727ba,Penner Farms - SE 27-8-13 (site 2),b8a6c9fe-5838-42e7-9faa-adff01636559,Symo 24.0-3 480 (1),24.0,parsed_from_inverter_name,211.47,month,devwork
2025-06-01,d95b5e9d-f2d5-4950-85a9-909e52f727ba,Penner Farms - SE 27-8-13 (site 2),a9f3ac23-6f93-447b-9037-adff01636562,Symo 24.0-3 480 (2),24.0,parsed_from_inverter_name,212.52,month,devwork
2025-06-01,d95b5e9d-f2d5-4950-85a9-909e52f727ba,Penner Farms - SE 27-8-13 (site 2),c3ec3bd8-8836-45bb-97b7-adff01636570,Symo 24.0-3 480 (3),24.0,parsed_from_inverter_name,213.23,month,devwork
2025-06-02,d95b5e9d-f2d5-4950-85a9-909e52f727ba,Penner Farms - SE 27-8-13 (site 2),b8a6c9fe-5838-42e7-9faa-adff01636559,Symo 24.0-3 480 (1),24.0,parsed_from_inverter_name,117.75,month,devwork
2025-06-02,d95b5e9d-f2d5-4950-85a9-909e52f727ba,Penner Farms - SE 27-8-13 (site 2),a9f3ac23-6f93-447b-9037-adff01636562,Symo 24.0-3 480 (2),24.0,parsed_from_inverter_name,119.02,month,devwork
2025-06-02,d95b5e9d-f2d5-4950-85a9-909e52f727ba,Penner Farms - SE 27-8-13 (site 2),c3ec3bd8-8836-45bb-97b7-adff01636570,Symo 24.0-3 480 (3),24.0,parsed_from_inverter_name,119.08,month,devwork
2025-06-03,d95b5e9d-f2d5-4950-85a9-909e52f727ba,Penner Farms - SE 27-8-13 (site 2),b8a6c9fe-5838-42e7-9faa-adff01636559,Symo 24.0-3 480 (1),24.0,parsed_from_inverter_name,150.35,month,devwork
2025-06-03,d95b5e9d-f2d5-4950-85a9-909e52f727ba,Penner Farms - SE 27-8-13 (site 2),a9f3ac23-6f93-447b-9037-adff01636562,Symo 24.0-3 480 (2),24.0,parsed_from_inverter_name,151.52,month,devwork
2025-06-03,d95b5e9d-f2d5-4950-85a9-909e52f727ba,Penner Farms - SE 27-8-13 (site 2),c3ec3bd8-8836-45bb-97b7-adff01636570,Symo 24.0-3 480 (3),24.0,parsed_from_inverter_name,152.12,month,devwork
2025-06-04,d95b5e9d-f2d5-4950-85a9-909e52f727ba,Penner Farms - SE 27-8-13 (site 2),b8a6c9fe-5838-42e7-9faa-adff01636559,Symo 24.0-3 480 (1),24.0,parsed_from_inverter_name,205.89,month,devwork
2025-06-04,d95b5e9d-f2d5-4950-85a9-909e52f727ba,Penner Farms - SE 27-8-13 (site 2),a9f3ac23-6f93-447b-9037-adff01636562,Symo 24.0-3 480 (2),24.0,parsed_from_inverter_name,207.51,month,devwork
2025-06-04,d95b5e9d-f2d5-4950-85a9-909e52f727ba,Penner Farms - SE 27-8-13 (site 2),c3ec3bd8-8836-45bb-97b7-adff01636570,Symo 24.0-3 480 (3),24.0,parsed_from_inverter_name,206.38,month,devwork
2025-06-05,d95b5e9d-f2d5-4950-85a9-909e52f727ba,Penner Farms - SE 27-8-13 (site 2),b8a6c9fe-5838-42e7-9faa-adff01636559,Symo 24.0-3 480 (1),24.0,parsed_from_inverter_name,208.39,month,devwork
2025-06-05,d95b5e9d-f2d5-4950-85a9-909e52f727ba,Penner Farms - SE 27-8-13 (site 2),a9f3ac23-6f93-447b-9037-adff01636562,Symo 24.0-3 480 (2),24.0,parsed_from_inverter_name,209.78,month,devwork
2025-06-05,d95b5e9d-f2d5-4950-85a9-909e52f727ba,Penner Farms - SE 27-8-13 (site 2),c3ec3bd8-8836-45bb-97b7-adff01636570,Symo 24.0-3 480 (3),24.0,parsed_from_inverter_name,211.02,month,devwork
2025-06-06,d95b5e9d-f2d5-4950-85a9-909e52f727ba,Penner Farms - SE 27-8-13 (site 2),b8a6c9fe-5838-42e7-9faa-adff01636559,Symo 24.0-3 480 (1),24.0,parsed_from_inverter_name,163.77,month,devwork
2025-06-06,d95b5e9d-f2d5-4950-85a9-909e52f727ba,Penner Farms - SE 27-8-13 (site 2),a9f3ac23-6f93-447b-9037-adff01636562,Symo 24.0-3 480 (2),24.0,parsed_from_inverter_name,165.05,month,devwork
2025-06-06,d95b5e9d-f2d5-4950-85a9-909e52f727ba,Penner Farms - SE 27-8-13 (site 2),c3ec3bd8-8836-45bb-97b7-adff01636570,Symo 24.0-3 480 (3),24.0,parsed_from_inverter_name,165.73,month,devwork
2025-06-07,d95b5e9d-f2d5-4950-85a9-909e52f727ba,Penner Farms - SE 27-8-13 (site 2),b8a6c9fe-5838-42e7-9faa-adff01636559,Symo 24.0-3 480 (1),24.0,parsed_from_inverter_name,121.72,month,devwork
2025-06-07,d95b5e9d-f2d5-4950-85a9-909e52f727ba,Penner Farms - SE 27-8-13 (site 2),a9f3ac23-6f93-447b-9037-adff01636562,Symo 24.0-3 480 (2),24.0,parsed_from_inverter_name,122.93,month,devwork
2025-06-07,d95b5e9d-f2d5-4950-85a9-909e52f727ba,Penner Farms - SE 27-8-13 (site 2),c3ec3bd8-8836-45bb-97b7-adff01636570,Symo 24.0-3 480 (3),24.0,parsed_from_inverter_name,123.29,month,devwork
2025-06-08,d95b5e9d-f2d5-4950-85a9-909e52f727ba,Penner Farms - SE 27-8-13 (site 2),b8a6c9fe-5838-42e7-9faa-adff01636559,Symo 24.0-3 480 (1),24.0,parsed_from_inverter_name,207.74,month,devwork
2025-06-08,d95b5e9d-f2d5-4950-85a9-909e52f727ba,Penner Farms - SE 27-8-13 (site 2),a9f3ac23-6f93-447b-9037-adff01636562,Symo 24.0-3 480 (2),24.0,parsed_from_inverter_name,208.69,month,devwork
2025-06-08,d95b5e9d-f2d5-4950-85a9-909e52f727ba,Penner Farms - SE 27-8-13 (site 2),c3ec3bd8-8836-45bb-97b7-adff01636570,Symo 24.0-3 480 (3),24.0,parsed_from_inverter_name,209.51,month,devwork
2025-06-09,d95b5e9d-f2d5-4950-85a9-909e52f727ba,Penner Farms - SE 27-8-13 (site 2),b8a6c9fe-5838-42e7-9faa-adff01636559,Symo 24.0-3 480 (1),24.0,parsed_from_inverter_name,210.36,month,devwork
2025-06-09,d95b5e9d-f2d5-4950-85a9-909e52f727ba,Penner Farms - SE 27-8-13 (site 2),a9f3ac23-6f93-447b-9037-adff01636562,Symo 24.0-3 480 (2),24.0,parsed_from_inverter_name,211.3,month,devwork
2025-06-09,d95b5e9d-f2d5-4950-85a9-909e52f727ba,Penner Farms - SE 27-8-13 (site 2),c3ec3bd8-8836-45bb-97b7-adff01636570,Symo 24.0-3 480 (3),24.0,parsed_from_inverter_name,212.48,month,devwork
2025-06-10,d95b5e9d-f2d5-4950-85a9-909e52f727ba,Penner Farms - SE 27-8-13 (site 2),b8a6c9fe-5838-42e7-9faa-adff01636559,Symo 24.0-3 480 (1),24.0,parsed_from_inverter_name,208.14,month,devwork
2025-06-10,d95b5e9d-f2d5-4950-85a9-909e52f727ba,Penner Farms - SE 27-8-13 (site 2),a9f3ac23-6f93-447b-9037-adff01636562,Symo 24.0-3 480 (2),24.0,parsed_from_inverter_name,209.45,month,devwork
2025-06-10,d95b5e9d-f2d5-4950-85a9-909e52f727ba,Penner Farms - SE 27-8-13 (site 2),c3ec3bd8-8836-45bb-97b7-adff01636570,Symo 24.0-3 480 (3),24.0,parsed_from_inverter_name,210.99,month,devwork
2025-06-11,d95b5e9d-f2d5-4950-85a9-909e52f727ba,Penner Farms - SE 27-8-13 (site 2),b8a6c9fe-5838-42e7-9faa-adff01636559,Symo 24.0-3 480 (1),24.0,parsed_from_inverter_name,191.58,month,devwork
2025-06-11,d95b5e9d-f2d5-4950-85a9-909e52f727ba,Penner Farms - SE 27-8-13 (site 2),a9f3ac23-6f93-447b-9037-adff01636562,Symo 24.0-3 480 (2),24.0,parsed_from_inverter_name,193.74,month,devwork
2025-06-11,d95b5e9d-f2d5-4950-85a9-909e52f727ba,Penner Farms - SE 27-8-13 (site 2),c3ec3bd8-8836-45bb-97b7-adff01636570,Symo 24.0-3 480 (3),24.0,parsed_from_inverter_name,192.13,month,devwork
2025-06-12,d95b5e9d-f2d5-4950-85a9-909e52f727ba,Penner Farms - SE 27-8-13 (site 2),b8a6c9fe-5838-42e7-9faa-adff01636559,Symo 24.0-3 480 (1),24.0,parsed_from_inverter_name,50.81,month,devwork
2025-06-12,d95b5e9d-f2d5-4950-85a9-909e52f727ba,Penner Farms - SE 27-8-13 (site 2),a9f3ac23-6f93-447b-9037-adff01636562,Symo 24.0-3 480 (2),24.0,parsed_from_inverter_name,51.69,month,devwork
2025-06-12,d95b5e9d-f2d5-4950-85a9-909e52f727ba,Penner Farms - SE 27-8-13 (site 2),c3ec3bd8-8836-45bb-97b7-adff01636570,Symo 24.0-3 480 (3),24.0,parsed_from_inverter_name,52.16,month,devwork
2025-06-13,d95b5e9d-f2d5-4950-85a9-909e52f727ba,Penner Farms - SE 27-8-13 (site 2),b8a6c9fe-5838-42e7-9faa-adff01636559,Symo 24.0-3 480 (1),24.0,parsed_from_inverter_name,173.04,month,devwork
2025-06-13,d95b5e9d-f2d5-4950-85a9-909e52f727ba,Penner Farms - SE 27-8-13 (site 2),a9f3ac23-6f93-447b-9037-adff01636562,Symo 24.0-3 480 (2),24.0,parsed_from_inverter_name,175.23,month,devwork
2025-06-13,d95b5e9d-f2d5-4950-85a9-909e52f727ba,Penner Farms - SE 27-8-13 (site 2),c3ec3bd8-8836-45bb-97b7-adff01636570,Symo 24.0-3 480 (3),24.0,parsed_from_inverter_name,175.97,month,devwork
2025-06-14,d95b5e9d-f2d5-4950-85a9-909e52f727ba,Penner Farms - SE 27-8-13 (site 2),b8a6c9fe-5838-42e7-9faa-adff01636559,Symo 24.0-3 480 (1),24.0,parsed_from_inverter_name,203.11,month,devwork
2025-06-14,d95b5e9d-f2d5-4950-85a9-909e52f727ba,Penner Farms - SE 27-8-13 (site 2),a9f3ac23-6f93-447b-9037-adff01636562,Symo 24.0-3 480 (2),24.0,parsed_from_inverter_name,204.32,month,devwork
2025-06-14,d95b5e9d-f2d5-4950-85a9-909e52f727ba,Penner Farms - SE 27-8-13 (site 2),c3ec3bd8-8836-45bb-97b7-adff01636570,Symo 24.0-3 480 (3),24.0,parsed_from_inverter_name,205.05,month,devwork
2025-06-15,d95b5e9d-f2d5-4950-85a9-909e52f727ba,Penner Farms - SE 27-8-13 (site 2),b8a6c9fe-5838-42e7-9faa-adff01636559,Symo 24.0-3 480 (1),24.0,parsed_from_inverter_name,200.55,month,devwork
2025-06-15,d95b5e9d-f2d5-4950-85a9-909e52f727ba,Penner Farms - SE 27-8-13 (site 2),a9f3ac23-6f93-447b-9037-adff01636562,Symo 24.0-3 480 (2),24.0,parsed_from_inverter_name,201.84,month,devwork
2025-06-15,d95b5e9d-f2d5-4950-85a9-909e52f727ba,Penner Farms - SE 27-8-13 (site 2),c3ec3bd8-8836-45bb-97b7-adff01636570,Symo 24.0-3 480 (3),24.0,parsed_from_inverter_name,202.91,month,devwork
2025-06-16,d95b5e9d-f2d5-4950-85a9-909e52f727ba,Penner Farms - SE 27-8-13 (site 2),b8a6c9fe-5838-42e7-9faa-adff01636559,Symo 24.0-3 480 (1),24.0,parsed_from_inverter_name,211.34,month,devwork
2025-06-16,d95b5e9d-f2d5-4950-85a9-909e52f727ba,Penner Farms - SE 27-8-13 (site 2),a9f3ac23-6f93-447b-9037-adff01636562,Symo 24.0-3 480 (2),24.0,parsed_from_inverter_name,212.92,month,devwork
2025-06-16,d95b5e9d-f2d5-4950-85a9-909e52f727ba,Penner Farms - SE 27-8-13 (site 2),c3ec3bd8-8836-45bb-97b7-adff01636570,Symo 24.0-3 480 (3),24.0,parsed_from_inverter_name,214.06,month,devwork
2025-06-17,d95b5e9d-f2d5-4950-85a9-909e52f727ba,Penner Farms - SE 27-8-13 (site 2),b8a6c9fe-5838-42e7-9faa-adff01636559,Symo 24.0-3 480 (1),24.0,parsed_from_inverter_name,204.58,month,devwork
2025-06-17,d95b5e9d-f2d5-4950-85a9-909e52f727ba,Penner Farms - SE 27-8-13 (site 2),a9f3ac23-6f93-447b-9037-adff01636562,Symo 24.0-3 480 (2),24.0,parsed_from_inverter_name,206.32,month,devwork
2025-06-17,d95b5e9d-f2d5-4950-85a9-909e52f727ba,Penner Farms - SE 27-8-13 (site 2),c3ec3bd8-8836-45bb-97b7-adff01636570,Symo 24.0-3 480 (3),24.0,parsed_from_inverter_name,207.03,month,devwork
2025-06-18,d95b5e9d-f2d5-4950-85a9-909e52f727ba,Penner Farms - SE 27-8-13 (site 2),b8a6c9fe-5838-42e7-9faa-adff01636559,Symo 24.0-3 480 (1),24.0,parsed_from_inverter_name,197.54,month,devwork
2025-06-18,d95b5e9d-f2d5-4950-85a9-909e52f727ba,Penner Farms - SE 27-8-13 (site 2),a9f3ac23-6f93-447b-9037-adff01636562,Symo 24.0-3 480 (2),24.0,parsed_from_inverter_name,198.5,month,devwork
2025-06-18,d95b5e9d-f2d5-4950-85a9-909e52f727ba,Penner Farms - SE 27-8-13 (site 2),c3ec3bd8-8836-45bb-97b7-adff01636570,Symo 24.0-3 480 (3),24.0,parsed_from_inverter_name,199.6,month,devwork
2025-06-19,d95b5e9d-f2d5-4950-85a9-909e52f727ba,Penner Farms - SE 27-8-13 (site 2),b8a6c9fe-5838-42e7-9faa-adff01636559,Symo 24.0-3 480 (1),24.0,parsed_from_inverter_name,211.56,month,devwork
2025-06-19,d95b5e9d-f2d5-4950-85a9-909e52f727ba,Penner Farms - SE 27-8-13 (site 2),a9f3ac23-6f93-447b-9037-adff01636562,Symo 24.0-3 480 (2),24.0,parsed_from_inverter_name,212.5,month,devwork
2025-06-19,d95b5e9d-f2d5-4950-85a9-909e52f727ba,Penner Farms - SE 27-8-13 (site 2),c3ec3bd8-8836-45bb-97b7-adff01636570,Symo 24.0-3 480 (3),24.0,parsed_from_inverter_name,213.77,month,devwork
2025-06-21,d95b5e9d-f2d5-4950-85a9-909e52f727ba,Penner Farms - SE 27-8-13 (site 2),b8a6c9fe-5838-42e7-9faa-adff01636559,Symo 24.0-3 480 (1),24.0,parsed_from_inverter_name,3.36,month,devwork
2025-06-21,d95b5e9d-f2d5-4950-85a9-909e52f727ba,Penner Farms - SE 27-8-13 (site 2),a9f3ac23-6f93-447b-9037-adff01636562,Symo 24.0-3 480 (2),24.0,parsed_from_inverter_name,3.41,month,devwork
2025-06-21,d95b5e9d-f2d5-4950-85a9-909e52f727ba,Penner Farms - SE 27-8-13 (site 2),c3ec3bd8-8836-45bb-97b7-adff01636570,Symo 24.0-3 480 (3),24.0,parsed_from_inverter_name,3.43,month,devwork
2025-06-22,d95b5e9d-f2d5-4950-85a9-909e52f727ba,Penner Farms - SE 27-8-13 (site 2),b8a6c9fe-5838-42e7-9faa-adff01636559,Symo 24.0-3 480 (1),24.0,parsed_from_inverter_name,78.13,month,devwork
2025-06-22,d95b5e9d-f2d5-4950-85a9-909e52f727ba,Penner Farms - SE 27-8-13 (site 2),a9f3ac23-6f93-447b-9037-adff01636562,Symo 24.0-3 480 (2),24.0,parsed_from_inverter_name,79.32,month,devwork
2025-06-22,d95b5e9d-f2d5-4950-85a9-909e52f727ba,Penner Farms - SE 27-8-13 (site 2),c3ec3bd8-8836-45bb-97b7-adff01636570,Symo 24.0-3 480 (3),24.0,parsed_from_inverter_name,79.34,month,devwork
2025-06-23,d95b5e9d-f2d5-4950-85a9-909e52f727ba,Penner Farms - SE 27-8-13 (site 2),b8a6c9fe-5838-42e7-9faa-adff01636559,Symo 24.0-3 480 (1),24.0,parsed_from_inverter_name,194.26,month,devwork
2025-06-23,d95b5e9d-f2d5-4950-85a9-909e52f727ba,Penner Farms - SE 27-8-13 (site 2),a9f3ac23-6f93-447b-9037-adff01636562,Symo 24.0-3 480 (2),24.0,parsed_from_inverter_name,195.31,month,devwork
2025-06-23,d95b5e9d-f2d5-4950-85a9-909e52f727ba,Penner Farms - SE 27-8-13 (site 2),c3ec3bd8-8836-45bb-97b7-adff01636570,Symo 24.0-3 480 (3),24.0,parsed_from_inverter_name,195.95,month,devwork
2025-06-24,d95b5e9d-f2d5-4950-85a9-909e52f727ba,Penner Farms - SE 27-8-13 (site 2),b8a6c9fe-5838-42e7-9faa-adff01636559,Symo 24.0-3 480 (1),24.0,parsed_from_inverter_name,206.19,month,devwork
2025-06-24,d95b5e9d-f2d5-4950-85a9-909e52f727ba,Penner Farms - SE 27-8-13 (site 2),a9f3ac23-6f93-447b-9037-adff01636562,Symo 24.0-3 480 (2),24.0,parsed_from_inverter_name,208.52,month,devwork
2025-06-24,d95b5e9d-f2d5-4950-85a9-909e52f727ba,Penner Farms - SE 27-8-13 (site 2),c3ec3bd8-8836-45bb-97b7-adff01636570,Symo 24.0-3 480 (3),24.0,parsed_from_inverter_name,203.53,month,devwork
2025-06-25,d95b5e9d-f2d5-4950-85a9-909e52f727ba,Penner Farms - SE 27-8-13 (site 2),b8a6c9fe-5838-42e7-9faa-adff01636559,Symo 24.0-3 480 (1),24.0,parsed_from_inverter_name,205.92,month,devwork
2025-06-25,d95b5e9d-f2d5-4950-85a9-909e52f727ba,Penner Farms - SE 27-8-13 (site 2),a9f3ac23-6f93-447b-9037-adff01636562,Symo 24.0-3 480 (2),24.0,parsed_from_inverter_name,208.08,month,devwork
2025-06-25,d95b5e9d-f2d5-4950-85a9-909e52f727ba,Penner Farms - SE 27-8-13 (site 2),c3ec3bd8-8836-45bb-97b7-adff01636570,Symo 24.0-3 480 (3),24.0,parsed_from_inverter_name,208.99,month,devwork
2025-06-26,d95b5e9d-f2d5-4950-85a9-909e52f727ba,Penner Farms - SE 27-8-13 (site 2),b8a6c9fe-5838-42e7-9faa-adff01636559,Symo 24.0-3 480 (1),24.0,parsed_from_inverter_name,175.17,month,devwork
2025-06-26,d95b5e9d-f2d5-4950-85a9-909e52f727ba,Penner Farms - SE 27-8-13 (site 2),a9f3ac23-6f93-447b-9037-adff01636562,Symo 24.0-3 480 (2),24.0,parsed_from_inverter_name,177.33,month,devwork
2025-06-26,d95b5e9d-f2d5-4950-85a9-909e52f727ba,Penner Farms - SE 27-8-13 (site 2),c3ec3bd8-8836-45bb-97b7-adff01636570,Symo 24.0-3 480 (3),24.0,parsed_from_inverter_name,177.74,month,devwork
2025-06-27,d95b5e9d-f2d5-4950-85a9-909e52f727ba,Penner Farms - SE 27-8-13 (site 2),b8a6c9fe-5838-42e7-9faa-adff01636559,Symo 24.0-3 480 (1),24.0,parsed_from_inverter_name,198.76,month,devwork
2025-06-27,d95b5e9d-f2d5-4950-85a9-909e52f727ba,Penner Farms - SE 27-8-13 (site 2),a9f3ac23-6f93-447b-9037-adff01636562,Symo 24.0-3 480 (2),24.0,parsed_from_inverter_name,200.49,month,devwork
2025-06-27,d95b5e9d-f2d5-4950-85a9-909e52f727ba,Penner Farms - SE 27-8-13 (site 2),c3ec3bd8-8836-45bb-97b7-adff01636570,Symo 24.0-3 480 (3),24.0,parsed_from_inverter_name,201.41,month,devwork
2025-06-28,d95b5e9d-f2d5-4950-85a9-909e52f727ba,Penner Farms - SE 27-8-13 (site 2),b8a6c9fe-5838-42e7-9faa-adff01636559,Symo 24.0-3 480 (1),24.0,parsed_from_inverter_name,163.46,month,devwork
2025-06-28,d95b5e9d-f2d5-4950-85a9-909e52f727ba,Penner Farms - SE 27-8-13 (site 2),a9f3ac23-6f93-447b-9037-adff01636562,Symo 24.0-3 480 (2),24.0,parsed_from_inverter_name,164.99,month,devwork
2025-06-28,d95b5e9d-f2d5-4950-85a9-909e52f727ba,Penner Farms - SE 27-8-13 (site 2),c3ec3bd8-8836-45bb-97b7-adff01636570,Symo 24.0-3 480 (3),24.0,parsed_from_inverter_name,165.99,month,devwork
2025-06-29,d95b5e9d-f2d5-4950-85a9-909e52f727ba,Penner Farms - SE 27-8-13 (site 2),b8a6c9fe-5838-42e7-9faa-adff01636559,Symo 24.0-3 480 (1),24.0,parsed_from_inverter_name,193.73,month,devwork
2025-06-29,d95b5e9d-f2d5-4950-85a9-909e52f727ba,Penner Farms - SE 27-8-13 (site 2),a9f3ac23-6f93-447b-9037-adff01636562,Symo 24.0-3 480 (2),24.0,parsed_from_inverter_name,197.3,month,devwork
2025-06-29,d95b5e9d-f2d5-4950-85a9-909e52f727ba,Penner Farms - SE 27-8-13 (site 2),c3ec3bd8-8836-45bb-97b7-adff01636570,Symo 24.0-3 480 (3),24.0,parsed_from_inverter_name,197.48,month,devwork
2025-06-30,d95b5e9d-f2d5-4950-85a9-909e52f727ba,Penner Farms - SE 27-8-13 (site 2),b8a6c9fe-5838-42e7-9faa-adff01636559,Symo 24.0-3 480 (1),24.0,parsed_from_inverter_name,208.72,month,devwork
2025-06-30,d95b5e9d-f2d5-4950-85a9-909e52f727ba,Penner Farms - SE 27-8-13 (site 2),a9f3ac23-6f93-447b-9037-adff01636562,Symo 24.0-3 480 (2),24.0,parsed_from_inverter_name,210.89,month,devwork
2025-06-30,d95b5e9d-f2d5-4950-85a9-909e52f727ba,Penner Farms - SE 27-8-13 (site 2),c3ec3bd8-8836-45bb-97b7-adff01636570,Symo 24.0-3 480 (3),24.0,parsed_from_inverter_name,211.84,month,devwork
2025-07-01,d95b5e9d-f2d5-4950-85a9-909e52f727ba,Penner Farms - SE 27-8-13 (site 2),b8a6c9fe-5838-42e7-9faa-adff01636559,Symo 24.0-3 480 (1),24.0,parsed_from_inverter_name,199.99,month,devwork
2025-07-01,d95b5e9d-f2d5-4950-85a9-909e52f727ba,Penner Farms - SE 27-8-13 (site 2),a9f3ac23-6f93-447b-9037-adff01636562,Symo 24.0-3 480 (2),24.0,parsed_from_inverter_name,201.81,month,devwork
2025-07-01,d95b5e9d-f2d5-4950-85a9-909e52f727ba,Penner Farms - SE 27-8-13 (site 2),c3ec3bd8-8836-45bb-97b7-adff01636570,Symo 24.0-3 480 (3),24.0,parsed_from_inverter_name,202.66,month,devwork
2025-07-02,d95b5e9d-f2d5-4950-85a9-909e52f727ba,Penner Farms - SE 27-8-13 (site 2),b8a6c9fe-5838-42e7-9faa-adff01636559,Symo 24.0-3 480 (1),24.0,parsed_from_inverter_name,180.93,month,devwork
2025-07-02,d95b5e9d-f2d5-4950-85a9-909e52f727ba,Penner Farms - SE 27-8-13 (site 2),a9f3ac23-6f93-447b-9037-adff01636562,Symo 24.0-3 480 (2),24.0,parsed_from_inverter_name,183.56,month,devwork
2025-07-02,d95b5e9d-f2d5-4950-85a9-909e52f727ba,Penner Farms - SE 27-8-13 (site 2),c3ec3bd8-8836-45bb-97b7-adff01636570,Symo 24.0-3 480 (3),24.0,parsed_from_inverter_name,184.73,month,devwork
2025-07-03,d95b5e9d-f2d5-4950-85a9-909e52f727ba,Penner Farms - SE 27-8-13 (site 2),b8a6c9fe-5838-42e7-9faa-adff01636559,Symo 24.0-3 480 (1),24.0,parsed_from_inverter_name,212.19,month,devwork
2025-07-03,d95b5e9d-f2d5-4950-85a9-909e52f727ba,Penner Farms - SE 27-8-13 (site 2),a9f3ac23-6f93-447b-9037-adff01636562,Symo 24.0-3 480 (2),24.0,parsed_from_inverter_name,213.44,month,devwork
2025-07-03,d95b5e9d-f2d5-4950-85a9-909e52f727ba,Penner Farms - SE 27-8-13 (site 2),c3ec3bd8-8836-45bb-97b7-adff01636570,Symo 24.0-3 480 (3),24.0,parsed_from_inverter_name,214.02,month,devwork
2025-07-04,d95b5e9d-f2d5-4950-85a9-909e52f727ba,Penner Farms - SE 27-8-13 (site 2),b8a6c9fe-5838-42e7-9faa-adff01636559,Symo 24.0-3 480 (1),24.0,parsed_from_inverter_name,195.46,month,devwork
2025-07-04,d95b5e9d-f2d5-4950-85a9-909e52f727ba,Penner Farms - SE 27-8-13 (site 2),a9f3ac23-6f93-447b-9037-adff01636562,Symo 24.0-3 480 (2),24.0,parsed_from_inverter_name,196.57,month,devwork
2025-07-04,d95b5e9d-f2d5-4950-85a9-909e52f727ba,Penner Farms - SE 27-8-13 (site 2),c3ec3bd8-8836-45bb-97b7-adff01636570,Symo 24.0-3 480 (3),24.0,parsed_from_inverter_name,197.85,month,devwork
2025-07-05,d95b5e9d-f2d5-4950-85a9-909e52f727ba,Penner Farms - SE 27-8-13 (site 2),b8a6c9fe-5838-42e7-9faa-adff01636559,Symo 24.0-3 480 (1),24.0,parsed_from_inverter_name,79.11,month,devwork
2025-07-05,d95b5e9d-f2d5-4950-85a9-909e52f727ba,Penner Farms - SE 27-8-13 (site 2),a9f3ac23-6f93-447b-9037-adff01636562,Symo 24.0-3 480 (2),24.0,parsed_from_inverter_name,80.49,month,devwork
2025-07-05,d95b5e9d-f2d5-4950-85a9-909e52f727ba,Penner Farms - SE 27-8-13 (site 2),c3ec3bd8-8836-45bb-97b7-adff01636570,Symo 24.0-3 480 (3),24.0,parsed_from_inverter_name,80.71,month,devwork
2025-07-06,d95b5e9d-f2d5-4950-85a9-909e52f727ba,Penner Farms - SE 27-8-13 (site 2),b8a6c9fe-5838-42e7-9faa-adff01636559,Symo 24.0-3 480 (1),24.0,parsed_from_inverter_name,153.37,month,devwork
2025-07-06,d95b5e9d-f2d5-4950-85a9-909e52f727ba,Penner Farms - SE 27-8-13 (site 2),a9f3ac23-6f93-447b-9037-adff01636562,Symo 24.0-3 480 (2),24.0,parsed_from_inverter_name,156.14,month,devwork
2025-07-06,d95b5e9d-f2d5-4950-85a9-909e52f727ba,Penner Farms - SE 27-8-13 (site 2),c3ec3bd8-8836-45bb-97b7-adff01636570,Symo 24.0-3 480 (3),24.0,parsed_from_inverter_name,156.47,month,devwork
2025-07-07,d95b5e9d-f2d5-4950-85a9-909e52f727ba,Penner Farms - SE 27-8-13 (site 2),b8a6c9fe-5838-42e7-9faa-adff01636559,Symo 24.0-3 480 (1),24.0,parsed_from_inverter_name,186.29,month,devwork
2025-07-07,d95b5e9d-f2d5-4950-85a9-909e52f727ba,Penner Farms - SE 27-8-13 (site 2),a9f3ac23-6f93-447b-9037-adff01636562,Symo 24.0-3 480 (2),24.0,parsed_from_inverter_name,187.69,month,devwork
2025-07-07,d95b5e9d-f2d5-4950-85a9-909e52f727ba,Penner Farms - SE 27-8-13 (site 2),c3ec3bd8-8836-45bb-97b7-adff01636570,Symo 24.0-3 480 (3),24.0,parsed_from_inverter_name,188.6,month,devwork
2025-07-08,d95b5e9d-f2d5-4950-85a9-909e52f727ba,Penner Farms - SE 27-8-13 (site 2),b8a6c9fe-5838-42e7-9faa-adff01636559,Symo 24.0-3 480 (1),24.0,parsed_from_inverter_name,205.21,month,devwork
2025-07-08,d95b5e9d-f2d5-4950-85a9-909e52f727ba,Penner Farms - SE 27-8-13 (site 2),a9f3ac23-6f93-447b-9037-adff01636562,Symo 24.0-3 480 (2),24.0,parsed_from_inverter_name,206.19,month,devwork
2025-07-08,d95b5e9d-f2d5-4950-85a9-909e52f727ba,Penner Farms - SE 27-8-13 (site 2),c3ec3bd8-8836-45bb-97b7-adff01636570,Symo 24.0-3 480 (3),24.0,parsed_from_inverter_name,206.92,month,devwork
2025-07-09,d95b5e9d-f2d5-4950-85a9-909e52f727ba,Penner Farms - SE 27-8-13 (site 2),b8a6c9fe-5838-42e7-9faa-adff01636559,Symo 24.0-3 480 (1),24.0,parsed_from_inverter_name,191.19,month,devwork
2025-07-09,d95b5e9d-f2d5-4950-85a9-909e52f727ba,Penner Farms - SE 27-8-13 (site 2),a9f3ac23-6f93-447b-9037-adff01636562,Symo 24.0-3 480 (2),24.0,parsed_from_inverter_name,192.07,month,devwork
2025-07-09,d95b5e9d-f2d5-4950-85a9-909e52f727ba,Penner Farms - SE 27-8-13 (site 2),c3ec3bd8-8836-45bb-97b7-adff01636570,Symo 24.0-3 480 (3),24.0,parsed_from_inverter_name,193.13,month,devwork
2025-07-10,d95b5e9d-f2d5-4950-85a9-909e52f727ba,Penner Farms - SE 27-8-13 (site 2),b8a6c9fe-5838-42e7-9faa-adff01636559,Symo 24.0-3 480 (1),24.0,parsed_from_inverter_name,108.69,month,devwork
2025-07-10,d95b5e9d-f2d5-4950-85a9-909e52f727ba,Penner Farms - SE 27-8-13 (site 2),a9f3ac23-6f93-447b-9037-adff01636562,Symo 24.0-3 480 (2),24.0,parsed_from_inverter_name,110.03,month,devwork
2025-07-10,d95b5e9d-f2d5-4950-85a9-909e52f727ba,Penner Farms - SE 27-8-13 (site 2),c3ec3bd8-8836-45bb-97b7-adff01636570,Symo 24.0-3 480 (3),24.0,parsed_from_inverter_name,110.46,month,devwork
2025-07-11,d95b5e9d-f2d5-4950-85a9-909e52f727ba,Penner Farms - SE 27-8-13 (site 2),b8a6c9fe-5838-42e7-9faa-adff01636559,Symo 24.0-3 480 (1),24.0,parsed_from_inverter_name,201.08,month,devwork
2025-07-11,d95b5e9d-f2d5-4950-85a9-909e52f727ba,Penner Farms - SE 27-8-13 (site 2),a9f3ac23-6f93-447b-9037-adff01636562,Symo 24.0-3 480 (2),24.0,parsed_from_inverter_name,202.56,month,devwork
2025-07-11,d95b5e9d-f2d5-4950-85a9-909e52f727ba,Penner Farms - SE 27-8-13 (site 2),c3ec3bd8-8836-45bb-97b7-adff01636570,Symo 24.0-3 480 (3),24.0,parsed_from_inverter_name,203.31,month,devwork
2025-07-12,d95b5e9d-f2d5-4950-85a9-909e52f727ba,Penner Farms - SE 27-8-13 (site 2),b8a6c9fe-5838-42e7-9faa-adff01636559,Symo 24.0-3 480 (1),24.0,parsed_from_inverter_name,198.18,month,devwork
2025-07-12,d95b5e9d-f2d5-4950-85a9-909e52f727ba,Penner Farms - SE 27-8-13 (site 2),a9f3ac23-6f93-447b-9037-adff01636562,Symo 24.0-3 480 (2),24.0,parsed_from_inverter_name,199.51,month,devwork
2025-07-12,d95b5e9d-f2d5-4950-85a9-909e52f727ba,Penner Farms - SE 27-8-13 (site 2),c3ec3bd8-8836-45bb-97b7-adff01636570,Symo 24.0-3 480 (3),24.0,parsed_from_inverter_name,199.81,month,devwork
2025-07-30,d95b5e9d-f2d5-4950-85a9-909e52f727ba,Penner Farms - SE 27-8-13 (site 2),b8a6c9fe-5838-42e7-9faa-adff01636559,Symo 24.0-3 480 (1),24.0,parsed_from_inverter_name,10.13,month,devwork
2025-07-30,d95b5e9d-f2d5-4950-85a9-909e52f727ba,Penner Farms - SE 27-8-13 (site 2),a9f3ac23-6f93-447b-9037-adff01636562,Symo 24.0-3 480 (2),24.0,parsed_from_inverter_name,10.52,month,devwork
2025-07-30,d95b5e9d-f2d5-4950-85a9-909e52f727ba,Penner Farms - SE 27-8-13 (site 2),c3ec3bd8-8836-45bb-97b7-adff01636570,Symo 24.0-3 480 (3),24.0,parsed_from_inverter_name,10.29,month,devwork
2025-07-31,d95b5e9d-f2d5-4950-85a9-909e52f727ba,Penner Farms - SE 27-8-13 (site 2),b8a6c9fe-5838-42e7-9faa-adff01636559,Symo 24.0-3 480 (1),24.0,parsed_from_inverter_name,188.17,month,devwork
2025-07-31,d95b5e9d-f2d5-4950-85a9-909e52f727ba,Penner Farms - SE 27-8-13 (site 2),a9f3ac23-6f93-447b-9037-adff01636562,Symo 24.0-3 480 (2),24.0,parsed_from_inverter_name,189.68,month,devwork
2025-07-31,d95b5e9d-f2d5-4950-85a9-909e52f727ba,Penner Farms - SE 27-8-13 (site 2),c3ec3bd8-8836-45bb-97b7-adff01636570,Symo 24.0-3 480 (3),24.0,parsed_from_inverter_name,155.57,month,devwork
2025-08-01,d95b5e9d-f2d5-4950-85a9-909e52f727ba,Penner Farms - SE 27-8-13 (site 2),b8a6c9fe-5838-42e7-9faa-adff01636559,Symo 24.0-3 480 (1),24.0,parsed_from_inverter_name,142.7,month,devwork
2025-08-01,d95b5e9d-f2d5-4950-85a9-909e52f727ba,Penner Farms - SE 27-8-13 (site 2),a9f3ac23-6f93-447b-9037-adff01636562,Symo 24.0-3 480 (2),24.0,parsed_from_inverter_name,144.11,month,devwork
2025-08-01,d95b5e9d-f2d5-4950-85a9-909e52f727ba,Penner Farms - SE 27-8-13 (site 2),c3ec3bd8-8836-45bb-97b7-adff01636570,Symo 24.0-3 480 (3),24.0,parsed_from_inverter_name,144.12,month,devwork
2025-08-02,d95b5e9d-f2d5-4950-85a9-909e52f727ba,Penner Farms - SE 27-8-13 (site 2),b8a6c9fe-5838-42e7-9faa-adff01636559,Symo 24.0-3 480 (1),24.0,parsed_from_inverter_name,105.76,month,devwork
2025-08-02,d95b5e9d-f2d5-4950-85a9-909e52f727ba,Penner Farms - SE 27-8-13 (site 2),a9f3ac23-6f93-447b-9037-adff01636562,Symo 24.0-3 480 (2),24.0,parsed_from_inverter_name,107.0,month,devwork
2025-08-02,d95b5e9d-f2d5-4950-85a9-909e52f727ba,Penner Farms - SE 27-8-13 (site 2),c3ec3bd8-8836-45bb-97b7-adff01636570,Symo 24.0-3 480 (3),24.0,parsed_from_inverter_name,96.86,month,devwork
2025-08-03,d95b5e9d-f2d5-4950-85a9-909e52f727ba,Penner Farms - SE 27-8-13 (site 2),b8a6c9fe-5838-42e7-9faa-adff01636559,Symo 24.0-3 480 (1),24.0,parsed_from_inverter_name,99.89,month,devwork
2025-08-03,d95b5e9d-f2d5-4950-85a9-909e52f727ba,Penner Farms - SE 27-8-13 (site 2),a9f3ac23-6f93-447b-9037-adff01636562,Symo 24.0-3 480 (2),24.0,parsed_from_inverter_name,101.45,month,devwork
2025-08-03,d95b5e9d-f2d5-4950-85a9-909e52f727ba,Penner Farms - SE 27-8-13 (site 2),c3ec3bd8-8836-45bb-97b7-adff01636570,Symo 24.0-3 480 (3),24.0,parsed_from_inverter_name,102.37,month,devwork
2025-08-04,d95b5e9d-f2d5-4950-85a9-909e52f727ba,Penner Farms - SE 27-8-13 (site 2),b8a6c9fe-5838-42e7-9faa-adff01636559,Symo 24.0-3 480 (1),24.0,parsed_from_inverter_name,119.31,month,devwork
2025-08-04,d95b5e9d-f2d5-4950-85a9-909e52f727ba,Penner Farms - SE 27-8-13 (site 2),a9f3ac23-6f93-447b-9037-adff01636562,Symo 24.0-3 480 (2),24.0,parsed_from_inverter_name,120.37,month,devwork
2025-08-04,d95b5e9d-f2d5-4950-85a9-909e52f727ba,Penner Farms - SE 27-8-13 (site 2),c3ec3bd8-8836-45bb-97b7-adff01636570,Symo 24.0-3 480 (3),24.0,parsed_from_inverter_name,116.18,month,devwork
2025-08-05,d95b5e9d-f2d5-4950-85a9-909e52f727ba,Penner Farms - SE 27-8-13 (site 2),b8a6c9fe-5838-42e7-9faa-adff01636559,Symo 24.0-3 480 (1),24.0,parsed_from_inverter_name,132.37,month,devwork
2025-08-05,d95b5e9d-f2d5-4950-85a9-909e52f727ba,Penner Farms - SE 27-8-13 (site 2),a9f3ac23-6f93-447b-9037-adff01636562,Symo 24.0-3 480 (2),24.0,parsed_from_inverter_name,133.92,month,devwork
2025-08-05,d95b5e9d-f2d5-4950-85a9-909e52f727ba,Penner Farms - SE 27-8-13 (site 2),c3ec3bd8-8836-45bb-97b7-adff01636570,Symo 24.0-3 480 (3),24.0,parsed_from_inverter_name,127.22,month,devwork
2025-08-06,d95b5e9d-f2d5-4950-85a9-909e52f727ba,Penner Farms - SE 27-8-13 (site 2),b8a6c9fe-5838-42e7-9faa-adff01636559,Symo 24.0-3 480 (1),24.0,parsed_from_inverter_name,168.77,month,devwork
2025-08-06,d95b5e9d-f2d5-4950-85a9-909e52f727ba,Penner Farms - SE 27-8-13 (site 2),a9f3ac23-6f93-447b-9037-adff01636562,Symo 24.0-3 480 (2),24.0,parsed_from_inverter_name,169.58,month,devwork
2025-08-06,d95b5e9d-f2d5-4950-85a9-909e52f727ba,Penner Farms - SE 27-8-13 (site 2),c3ec3bd8-8836-45bb-97b7-adff01636570,Symo 24.0-3 480 (3),24.0,parsed_from_inverter_name,170.18,month,devwork
2025-08-07,d95b5e9d-f2d5-4950-85a9-909e52f727ba,Penner Farms - SE 27-8-13 (site 2),b8a6c9fe-5838-42e7-9faa-adff01636559,Symo 24.0-3 480 (1),24.0,parsed_from_inverter_name,147.63,month,devwork
2025-08-07,d95b5e9d-f2d5-4950-85a9-909e52f727ba,Penner Farms - SE 27-8-13 (site 2),a9f3ac23-6f93-447b-9037-adff01636562,Symo 24.0-3 480 (2),24.0,parsed_from_inverter_name,148.26,month,devwork
2025-08-07,d95b5e9d-f2d5-4950-85a9-909e52f727ba,Penner Farms - SE 27-8-13 (site 2),c3ec3bd8-8836-45bb-97b7-adff01636570,Symo 24.0-3 480 (3),24.0,parsed_from_inverter_name,148.53,month,devwork
2025-08-08,d95b5e9d-f2d5-4950-85a9-909e52f727ba,Penner Farms - SE 27-8-13 (site 2),b8a6c9fe-5838-42e7-9faa-adff01636559,Symo 24.0-3 480 (1),24.0,parsed_from_inverter_name,47.04,month,devwork
2025-08-08,d95b5e9d-f2d5-4950-85a9-909e52f727ba,Penner Farms - SE 27-8-13 (site 2),a9f3ac23-6f93-447b-9037-adff01636562,Symo 24.0-3 480 (2),24.0,parsed_from_inverter_name,47.79,month,devwork
2025-08-08,d95b5e9d-f2d5-4950-85a9-909e52f727ba,Penner Farms - SE 27-8-13 (site 2),c3ec3bd8-8836-45bb-97b7-adff01636570,Symo 24.0-3 480 (3),24.0,parsed_from_inverter_name,48.04,month,devwork
2025-08-09,d95b5e9d-f2d5-4950-85a9-909e52f727ba,Penner Farms - SE 27-8-13 (site 2),b8a6c9fe-5838-42e7-9faa-adff01636559,Symo 24.0-3 480 (1),24.0,parsed_from_inverter_name,138.63,month,devwork
2025-08-09,d95b5e9d-f2d5-4950-85a9-909e52f727ba,Penner Farms - SE 27-8-13 (site 2),a9f3ac23-6f93-447b-9037-adff01636562,Symo 24.0-3 480 (2),24.0,parsed_from_inverter_name,139.99,month,devwork
2025-08-09,d95b5e9d-f2d5-4950-85a9-909e52f727ba,Penner Farms - SE 27-8-13 (site 2),c3ec3bd8-8836-45bb-97b7-adff01636570,Symo 24.0-3 480 (3),24.0,parsed_from_inverter_name,132.96,month,devwork
2025-08-10,d95b5e9d-f2d5-4950-85a9-909e52f727ba,Penner Farms - SE 27-8-13 (site 2),b8a6c9fe-5838-42e7-9faa-adff01636559,Symo 24.0-3 480 (1),24.0,parsed_from_inverter_name,194.25,month,devwork
2025-08-10,d95b5e9d-f2d5-4950-85a9-909e52f727ba,Penner Farms - SE 27-8-13 (site 2),a9f3ac23-6f93-447b-9037-adff01636562,Symo 24.0-3 480 (2),24.0,parsed_from_inverter_name,195.12,month,devwork
2025-08-10,d95b5e9d-f2d5-4950-85a9-909e52f727ba,Penner Farms - SE 27-8-13 (site 2),c3ec3bd8-8836-45bb-97b7-adff01636570,Symo 24.0-3 480 (3),24.0,parsed_from_inverter_name,192.55,month,devwork
2025-08-11,d95b5e9d-f2d5-4950-85a9-909e52f727ba,Penner Farms - SE 27-8-13 (site 2),b8a6c9fe-5838-42e7-9faa-adff01636559,Symo 24.0-3 480 (1),24.0,parsed_from_inverter_name,132.29,month,devwork
2025-08-11,d95b5e9d-f2d5-4950-85a9-909e52f727ba,Penner Farms - SE 27-8-13 (site 2),a9f3ac23-6f93-447b-9037-adff01636562,Symo 24.0-3 480 (2),24.0,parsed_from_inverter_name,133.8,month,devwork
2025-08-11,d95b5e9d-f2d5-4950-85a9-909e52f727ba,Penner Farms - SE 27-8-13 (site 2),c3ec3bd8-8836-45bb-97b7-adff01636570,Symo 24.0-3 480 (3),24.0,parsed_from_inverter_name,133.84,month,devwork
2025-08-12,d95b5e9d-f2d5-4950-85a9-909e52f727ba,Penner Farms - SE 27-8-13 (site 2),b8a6c9fe-5838-42e7-9faa-adff01636559,Symo 24.0-3 480 (1),24.0,parsed_from_inverter_name,186.66,month,devwork
2025-08-12,d95b5e9d-f2d5-4950-85a9-909e52f727ba,Penner Farms - SE 27-8-13 (site 2),a9f3ac23-6f93-447b-9037-adff01636562,Symo 24.0-3 480 (2),24.0,parsed_from_inverter_name,188.08,month,devwork
2025-08-12,d95b5e9d-f2d5-4950-85a9-909e52f727ba,Penner Farms - SE 27-8-13 (site 2),c3ec3bd8-8836-45bb-97b7-adff01636570,Symo 24.0-3 480 (3),24.0,parsed_from_inverter_name,188.34,month,devwork
2025-08-13,d95b5e9d-f2d5-4950-85a9-909e52f727ba,Penner Farms - SE 27-8-13 (site 2),b8a6c9fe-5838-42e7-9faa-adff01636559,Symo 24.0-3 480 (1),24.0,parsed_from_inverter_name,190.9,month,devwork
2025-08-13,d95b5e9d-f2d5-4950-85a9-909e52f727ba,Penner Farms - SE 27-8-13 (site 2),a9f3ac23-6f93-447b-9037-adff01636562,Symo 24.0-3 480 (2),24.0,parsed_from_inverter_name,191.64,month,devwork
2025-08-13,d95b5e9d-f2d5-4950-85a9-909e52f727ba,Penner Farms - SE 27-8-13 (site 2),c3ec3bd8-8836-45bb-97b7-adff01636570,Symo 24.0-3 480 (3),24.0,parsed_from_inverter_name,188.85,month,devwork
2025-08-14,d95b5e9d-f2d5-4950-85a9-909e52f727ba,Penner Farms - SE 27-8-13 (site 2),b8a6c9fe-5838-42e7-9faa-adff01636559,Symo 24.0-3 480 (1),24.0,parsed_from_inverter_name,139.88,month,devwork
2025-08-14,d95b5e9d-f2d5-4950-85a9-909e52f727ba,Penner Farms - SE 27-8-13 (site 2),a9f3ac23-6f93-447b-9037-adff01636562,Symo 24.0-3 480 (2),24.0,parsed_from_inverter_name,141.43,month,devwork
2025-08-14,d95b5e9d-f2d5-4950-85a9-909e52f727ba,Penner Farms - SE 27-8-13 (site 2),c3ec3bd8-8836-45bb-97b7-adff01636570,Symo 24.0-3 480 (3),24.0,parsed_from_inverter_name,140.97,month,devwork
2025-08-15,d95b5e9d-f2d5-4950-85a9-909e52f727ba,Penner Farms - SE 27-8-13 (site 2),b8a6c9fe-5838-42e7-9faa-adff01636559,Symo 24.0-3 480 (1),24.0,parsed_from_inverter_name,141.8,month,devwork
2025-08-15,d95b5e9d-f2d5-4950-85a9-909e52f727ba,Penner Farms - SE 27-8-13 (site 2),a9f3ac23-6f93-447b-9037-adff01636562,Symo 24.0-3 480 (2),24.0,parsed_from_inverter_name,143.24,month,devwork
2025-08-15,d95b5e9d-f2d5-4950-85a9-909e52f727ba,Penner Farms - SE 27-8-13 (site 2),c3ec3bd8-8836-45bb-97b7-adff01636570,Symo 24.0-3 480 (3),24.0,parsed_from_inverter_name,142.74,month,devwork
2025-08-16,d95b5e9d-f2d5-4950-85a9-909e52f727ba,Penner Farms - SE 27-8-13 (site 2),b8a6c9fe-5838-42e7-9faa-adff01636559,Symo 24.0-3 480 (1),24.0,parsed_from_inverter_name,165.54,month,devwork
2025-08-16,d95b5e9d-f2d5-4950-85a9-909e52f727ba,Penner Farms - SE 27-8-13 (site 2),a9f3ac23-6f93-447b-9037-adff01636562,Symo 24.0-3 480 (2),24.0,parsed_from_inverter_name,166.0,month,devwork
2025-08-16,d95b5e9d-f2d5-4950-85a9-909e52f727ba,Penner Farms - SE 27-8-13 (site 2),c3ec3bd8-8836-45bb-97b7-adff01636570,Symo 24.0-3 480 (3),24.0,parsed_from_inverter_name,165.58,month,devwork
2025-08-17,d95b5e9d-f2d5-4950-85a9-909e52f727ba,Penner Farms - SE 27-8-13 (site 2),b8a6c9fe-5838-42e7-9faa-adff01636559,Symo 24.0-3 480 (1),24.0,parsed_from_inverter_name,173.56,month,devwork
2025-08-17,d95b5e9d-f2d5-4950-85a9-909e52f727ba,Penner Farms - SE 27-8-13 (site 2),a9f3ac23-6f93-447b-9037-adff01636562,Symo 24.0-3 480 (2),24.0,parsed_from_inverter_name,174.26,month,devwork
2025-08-17,d95b5e9d-f2d5-4950-85a9-909e52f727ba,Penner Farms - SE 27-8-13 (site 2),c3ec3bd8-8836-45bb-97b7-adff01636570,Symo 24.0-3 480 (3),24.0,parsed_from_inverter_name,174.46,month,devwork
2025-08-18,d95b5e9d-f2d5-4950-85a9-909e52f727ba,Penner Farms - SE 27-8-13 (site 2),b8a6c9fe-5838-42e7-9faa-adff01636559,Symo 24.0-3 480 (1),24.0,parsed_from_inverter_name,186.95,month,devwork
2025-08-18,d95b5e9d-f2d5-4950-85a9-909e52f727ba,Penner Farms - SE 27-8-13 (site 2),a9f3ac23-6f93-447b-9037-adff01636562,Symo 24.0-3 480 (2),24.0,parsed_from_inverter_name,188.68,month,devwork
2025-08-18,d95b5e9d-f2d5-4950-85a9-909e52f727ba,Penner Farms - SE 27-8-13 (site 2),c3ec3bd8-8836-45bb-97b7-adff01636570,Symo 24.0-3 480 (3),24.0,parsed_from_inverter_name,188.16,month,devwork
2025-08-19,d95b5e9d-f2d5-4950-85a9-909e52f727ba,Penner Farms - SE 27-8-13 (site 2),b8a6c9fe-5838-42e7-9faa-adff01636559,Symo 24.0-3 480 (1),24.0,parsed_from_inverter_name,188.45,month,devwork
2025-08-19,d95b5e9d-f2d5-4950-85a9-909e52f727ba,Penner Farms - SE 27-8-13 (site 2),a9f3ac23-6f93-447b-9037-adff01636562,Symo 24.0-3 480 (2),24.0,parsed_from_inverter_name,189.65,month,devwork
2025-08-19,d95b5e9d-f2d5-4950-85a9-909e52f727ba,Penner Farms - SE 27-8-13 (site 2),c3ec3bd8-8836-45bb-97b7-adff01636570,Symo 24.0-3 480 (3),24.0,parsed_from_inverter_name,189.25,month,devwork
2025-08-20,d95b5e9d-f2d5-4950-85a9-909e52f727ba,Penner Farms - SE 27-8-13 (site 2),b8a6c9fe-5838-42e7-9faa-adff01636559,Symo 24.0-3 480 (1),24.0,parsed_from_inverter_name,176.33,month,devwork
2025-08-20,d95b5e9d-f2d5-4950-85a9-909e52f727ba,Penner Farms - SE 27-8-13 (site 2),a9f3ac23-6f93-447b-9037-adff01636562,Symo 24.0-3 480 (2),24.0,parsed_from_inverter_name,176.76,month,devwork
2025-08-20,d95b5e9d-f2d5-4950-85a9-909e52f727ba,Penner Farms - SE 27-8-13 (site 2),c3ec3bd8-8836-45bb-97b7-adff01636570,Symo 24.0-3 480 (3),24.0,parsed_from_inverter_name,176.61,month,devwork
2025-08-21,d95b5e9d-f2d5-4950-85a9-909e52f727ba,Penner Farms - SE 27-8-13 (site 2),b8a6c9fe-5838-42e7-9faa-adff01636559,Symo 24.0-3 480 (1),24.0,parsed_from_inverter_name,197.43,month,devwork
2025-08-21,d95b5e9d-f2d5-4950-85a9-909e52f727ba,Penner Farms - SE 27-8-13 (site 2),a9f3ac23-6f93-447b-9037-adff01636562,Symo 24.0-3 480 (2),24.0,parsed_from_inverter_name,198.2,month,devwork
2025-08-21,d95b5e9d-f2d5-4950-85a9-909e52f727ba,Penner Farms - SE 27-8-13 (site 2),c3ec3bd8-8836-45bb-97b7-adff01636570,Symo 24.0-3 480 (3),24.0,parsed_from_inverter_name,197.82,month,devwork
2025-08-22,d95b5e9d-f2d5-4950-85a9-909e52f727ba,Penner Farms - SE 27-8-13 (site 2),b8a6c9fe-5838-42e7-9faa-adff01636559,Symo 24.0-3 480 (1),24.0,parsed_from_inverter_name,193.11,month,devwork
2025-08-22,d95b5e9d-f2d5-4950-85a9-909e52f727ba,Penner Farms - SE 27-8-13 (site 2),a9f3ac23-6f93-447b-9037-adff01636562,Symo 24.0-3 480 (2),24.0,parsed_from_inverter_name,193.89,month,devwork
2025-08-22,d95b5e9d-f2d5-4950-85a9-909e52f727ba,Penner Farms - SE 27-8-13 (site 2),c3ec3bd8-8836-45bb-97b7-adff01636570,Symo 24.0-3 480 (3),24.0,parsed_from_inverter_name,193.31,month,devwork
2025-08-23,d95b5e9d-f2d5-4950-85a9-909e52f727ba,Penner Farms - SE 27-8-13 (site 2),b8a6c9fe-5838-42e7-9faa-adff01636559,Symo 24.0-3 480 (1),24.0,parsed_from_inverter_name,193.82,month,devwork
2025-08-23,d95b5e9d-f2d5-4950-85a9-909e52f727ba,Penner Farms - SE 27-8-13 (site 2),a9f3ac23-6f93-447b-9037-adff01636562,Symo 24.0-3 480 (2),24.0,parsed_from_inverter_name,194.56,month,devwork
2025-08-23,d95b5e9d-f2d5-4950-85a9-909e52f727ba,Penner Farms - SE 27-8-13 (site 2),c3ec3bd8-8836-45bb-97b7-adff01636570,Symo 24.0-3 480 (3),24.0,parsed_from_inverter_name,194.27,month,devwork
2025-08-24,d95b5e9d-f2d5-4950-85a9-909e52f727ba,Penner Farms - SE 27-8-13 (site 2),b8a6c9fe-5838-42e7-9faa-adff01636559,Symo 24.0-3 480 (1),24.0,parsed_from_inverter_name,191.39,month,devwork
2025-08-24,d95b5e9d-f2d5-4950-85a9-909e52f727ba,Penner Farms - SE 27-8-13 (site 2),a9f3ac23-6f93-447b-9037-adff01636562,Symo 24.0-3 480 (2),24.0,parsed_from_inverter_name,193.13,month,devwork
2025-08-24,d95b5e9d-f2d5-4950-85a9-909e52f727ba,Penner Farms - SE 27-8-13 (site 2),c3ec3bd8-8836-45bb-97b7-adff01636570,Symo 24.0-3 480 (3),24.0,parsed_from_inverter_name,192.09,month,devwork
2025-08-25,d95b5e9d-f2d5-4950-85a9-909e52f727ba,Penner Farms - SE 27-8-13 (site 2),b8a6c9fe-5838-42e7-9faa-adff01636559,Symo 24.0-3 480 (1),24.0,parsed_from_inverter_name,186.58,month,devwork
2025-08-25,d95b5e9d-f2d5-4950-85a9-909e52f727ba,Penner Farms - SE 27-8-13 (site 2),a9f3ac23-6f93-447b-9037-adff01636562,Symo 24.0-3 480 (2),24.0,parsed_from_inverter_name,187.34,month,devwork
2025-08-25,d95b5e9d-f2d5-4950-85a9-909e52f727ba,Penner Farms - SE 27-8-13 (site 2),c3ec3bd8-8836-45bb-97b7-adff01636570,Symo 24.0-3 480 (3),24.0,parsed_from_inverter_name,186.95,month,devwork
2025-08-26,d95b5e9d-f2d5-4950-85a9-909e52f727ba,Penner Farms - SE 27-8-13 (site 2),b8a6c9fe-5838-42e7-9faa-adff01636559,Symo 24.0-3 480 (1),24.0,parsed_from_inverter_name,184.2,month,devwork
2025-08-26,d95b5e9d-f2d5-4950-85a9-909e52f727ba,Penner Farms - SE 27-8-13 (site 2),a9f3ac23-6f93-447b-9037-adff01636562,Symo 24.0-3 480 (2),24.0,parsed_from_inverter_name,185.68,month,devwork
2025-08-26,d95b5e9d-f2d5-4950-85a9-909e52f727ba,Penner Farms - SE 27-8-13 (site 2),c3ec3bd8-8836-45bb-97b7-adff01636570,Symo 24.0-3 480 (3),24.0,parsed_from_inverter_name,184.9,month,devwork
2025-08-27,d95b5e9d-f2d5-4950-85a9-909e52f727ba,Penner Farms - SE 27-8-13 (site 2),b8a6c9fe-5838-42e7-9faa-adff01636559,Symo 24.0-3 480 (1),24.0,parsed_from_inverter_name,180.16,month,devwork
2025-08-27,d95b5e9d-f2d5-4950-85a9-909e52f727ba,Penner Farms - SE 27-8-13 (site 2),a9f3ac23-6f93-447b-9037-adff01636562,Symo 24.0-3 480 (2),24.0,parsed_from_inverter_name,181.58,month,devwork
2025-08-27,d95b5e9d-f2d5-4950-85a9-909e52f727ba,Penner Farms - SE 27-8-13 (site 2),c3ec3bd8-8836-45bb-97b7-adff01636570,Symo 24.0-3 480 (3),24.0,parsed_from_inverter_name,180.85,month,devwork
2025-08-28,d95b5e9d-f2d5-4950-85a9-909e52f727ba,Penner Farms - SE 27-8-13 (site 2),b8a6c9fe-5838-42e7-9faa-adff01636559,Symo 24.0-3 480 (1),24.0,parsed_from_inverter_name,60.89,month,devwork
2025-08-28,d95b5e9d-f2d5-4950-85a9-909e52f727ba,Penner Farms - SE 27-8-13 (site 2),a9f3ac23-6f93-447b-9037-adff01636562,Symo 24.0-3 480 (2),24.0,parsed_from_inverter_name,61.46,month,devwork
2025-08-28,d95b5e9d-f2d5-4950-85a9-909e52f727ba,Penner Farms - SE 27-8-13 (site 2),c3ec3bd8-8836-45bb-97b7-adff01636570,Symo 24.0-3 480 (3),24.0,parsed_from_inverter_name,61.66,month,devwork
2025-08-29,d95b5e9d-f2d5-4950-85a9-909e52f727ba,Penner Farms - SE 27-8-13 (site 2),b8a6c9fe-5838-42e7-9faa-adff01636559,Symo 24.0-3 480 (1),24.0,parsed_from_inverter_name,114.25,month,devwork
2025-08-29,d95b5e9d-f2d5-4950-85a9-909e52f727ba,Penner Farms - SE 27-8-13 (site 2),a9f3ac23-6f93-447b-9037-adff01636562,Symo 24.0-3 480 (2),24.0,parsed_from_inverter_name,115.79,month,devwork
2025-08-29,d95b5e9d-f2d5-4950-85a9-909e52f727ba,Penner Farms - SE 27-8-13 (site 2),c3ec3bd8-8836-45bb-97b7-adff01636570,Symo 24.0-3 480 (3),24.0,parsed_from_inverter_name,114.68,month,devwork
2025-08-30,d95b5e9d-f2d5-4950-85a9-909e52f727ba,Penner Farms - SE 27-8-13 (site 2),b8a6c9fe-5838-42e7-9faa-adff01636559,Symo 24.0-3 480 (1),24.0,parsed_from_inverter_name,183.86,month,devwork
2025-08-30,d95b5e9d-f2d5-4950-85a9-909e52f727ba,Penner Farms - SE 27-8-13 (site 2),a9f3ac23-6f93-447b-9037-adff01636562,Symo 24.0-3 480 (2),24.0,parsed_from_inverter_name,185.0,month,devwork
2025-08-30,d95b5e9d-f2d5-4950-85a9-909e52f727ba,Penner Farms - SE 27-8-13 (site 2),c3ec3bd8-8836-45bb-97b7-adff01636570,Symo 24.0-3 480 (3),24.0,parsed_from_inverter_name,184.53,month,devwork
2025-08-31,d95b5e9d-f2d5-4950-85a9-909e52f727ba,Penner Farms - SE 27-8-13 (site 2),b8a6c9fe-5838-42e7-9faa-adff01636559,Symo 24.0-3 480 (1),24.0,parsed_from_inverter_name,182.32,month,devwork
2025-08-31,d95b5e9d-f2d5-4950-85a9-909e52f727ba,Penner Farms - SE 27-8-13 (site 2),a9f3ac23-6f93-447b-9037-adff01636562,Symo 24.0-3 480 (2),24.0,parsed_from_inverter_name,182.93,month,devwork
2025-08-31,d95b5e9d-f2d5-4950-85a9-909e52f727ba,Penner Farms - SE 27-8-13 (site 2),c3ec3bd8-8836-45bb-97b7-adff01636570,Symo 24.0-3 480 (3),24.0,parsed_from_inverter_name,181.98,month,devwork
2025-09-01,d95b5e9d-f2d5-4950-85a9-909e52f727ba,Penner Farms - SE 27-8-13 (site 2),b8a6c9fe-5838-42e7-9faa-adff01636559,Symo 24.0-3 480 (1),24.0,parsed_from_inverter_name,171.22,month,devwork
2025-09-01,d95b5e9d-f2d5-4950-85a9-909e52f727ba,Penner Farms - SE 27-8-13 (site 2),a9f3ac23-6f93-447b-9037-adff01636562,Symo 24.0-3 480 (2),24.0,parsed_from_inverter_name,172.47,month,devwork
2025-09-01,d95b5e9d-f2d5-4950-85a9-909e52f727ba,Penner Farms - SE 27-8-13 (site 2),c3ec3bd8-8836-45bb-97b7-adff01636570,Symo 24.0-3 480 (3),24.0,parsed_from_inverter_name,171.47,month,devwork
2025-09-02,d95b5e9d-f2d5-4950-85a9-909e52f727ba,Penner Farms - SE 27-8-13 (site 2),b8a6c9fe-5838-42e7-9faa-adff01636559,Symo 24.0-3 480 (1),24.0,parsed_from_inverter_name,150.25,month,devwork
2025-09-02,d95b5e9d-f2d5-4950-85a9-909e52f727ba,Penner Farms - SE 27-8-13 (site 2),a9f3ac23-6f93-447b-9037-adff01636562,Symo 24.0-3 480 (2),24.0,parsed_from_inverter_name,151.79,month,devwork
2025-09-02,d95b5e9d-f2d5-4950-85a9-909e52f727ba,Penner Farms - SE 27-8-13 (site 2),c3ec3bd8-8836-45bb-97b7-adff01636570,Symo 24.0-3 480 (3),24.0,parsed_from_inverter_name,151.18,month,devwork
2025-09-03,d95b5e9d-f2d5-4950-85a9-909e52f727ba,Penner Farms - SE 27-8-13 (site 2),b8a6c9fe-5838-42e7-9faa-adff01636559,Symo 24.0-3 480 (1),24.0,parsed_from_inverter_name,91.34,month,devwork
2025-09-03,d95b5e9d-f2d5-4950-85a9-909e52f727ba,Penner Farms - SE 27-8-13 (site 2),a9f3ac23-6f93-447b-9037-adff01636562,Symo 24.0-3 480 (2),24.0,parsed_from_inverter_name,92.42,month,devwork
2025-09-03,d95b5e9d-f2d5-4950-85a9-909e52f727ba,Penner Farms - SE 27-8-13 (site 2),c3ec3bd8-8836-45bb-97b7-adff01636570,Symo 24.0-3 480 (3),24.0,parsed_from_inverter_name,92.41,month,devwork
2025-09-04,d95b5e9d-f2d5-4950-85a9-909e52f727ba,Penner Farms - SE 27-8-13 (site 2),b8a6c9fe-5838-42e7-9faa-adff01636559,Symo 24.0-3 480 (1),24.0,parsed_from_inverter_name,159.72,month,devwork
2025-09-04,d95b5e9d-f2d5-4950-85a9-909e52f727ba,Penner Farms - SE 27-8-13 (site 2),a9f3ac23-6f93-447b-9037-adff01636562,Symo 24.0-3 480 (2),24.0,parsed_from_inverter_name,160.7,month,devwork
2025-09-04,d95b5e9d-f2d5-4950-85a9-909e52f727ba,Penner Farms - SE 27-8-13 (site 2),c3ec3bd8-8836-45bb-97b7-adff01636570,Symo 24.0-3 480 (3),24.0,parsed_from_inverter_name,159.67,month,devwork
2025-09-05,d95b5e9d-f2d5-4950-85a9-909e52f727ba,Penner Farms - SE 27-8-13 (site 2),b8a6c9fe-5838-42e7-9faa-adff01636559,Symo 24.0-3 480 (1),24.0,parsed_from_inverter_name,187.56,month,devwork
2025-09-05,d95b5e9d-f2d5-4950-85a9-909e52f727ba,Penner Farms - SE 27-8-13 (site 2),a9f3ac23-6f93-447b-9037-adff01636562,Symo 24.0-3 480 (2),24.0,parsed_from_inverter_name,188.55,month,devwork
2025-09-05,d95b5e9d-f2d5-4950-85a9-909e52f727ba,Penner Farms - SE 27-8-13 (site 2),c3ec3bd8-8836-45bb-97b7-adff01636570,Symo 24.0-3 480 (3),24.0,parsed_from_inverter_name,185.88,month,devwork
2025-09-06,d95b5e9d-f2d5-4950-85a9-909e52f727ba,Penner Farms - SE 27-8-13 (site 2),b8a6c9fe-5838-42e7-9faa-adff01636559,Symo 24.0-3 480 (1),24.0,parsed_from_inverter_name,174.6,month,devwork
2025-09-06,d95b5e9d-f2d5-4950-85a9-909e52f727ba,Penner Farms - SE 27-8-13 (site 2),a9f3ac23-6f93-447b-9037-adff01636562,Symo 24.0-3 480 (2),24.0,parsed_from_inverter_name,176.13,month,devwork
2025-09-06,d95b5e9d-f2d5-4950-85a9-909e52f727ba,Penner Farms - SE 27-8-13 (site 2),c3ec3bd8-8836-45bb-97b7-adff01636570,Symo 24.0-3 480 (3),24.0,parsed_from_inverter_name,175.14,month,devwork
2025-09-07,d95b5e9d-f2d5-4950-85a9-909e52f727ba,Penner Farms - SE 27-8-13 (site 2),b8a6c9fe-5838-42e7-9faa-adff01636559,Symo 24.0-3 480 (1),24.0,parsed_from_inverter_name,129.94,month,devwork
2025-09-07,d95b5e9d-f2d5-4950-85a9-909e52f727ba,Penner Farms - SE 27-8-13 (site 2),a9f3ac23-6f93-447b-9037-adff01636562,Symo 24.0-3 480 (2),24.0,parsed_from_inverter_name,130.85,month,devwork
2025-09-07,d95b5e9d-f2d5-4950-85a9-909e52f727ba,Penner Farms - SE 27-8-13 (site 2),c3ec3bd8-8836-45bb-97b7-adff01636570,Symo 24.0-3 480 (3),24.0,parsed_from_inverter_name,129.84,month,devwork
2025-09-08,d95b5e9d-f2d5-4950-85a9-909e52f727ba,Penner Farms - SE 27-8-13 (site 2),b8a6c9fe-5838-42e7-9faa-adff01636559,Symo 24.0-3 480 (1),24.0,parsed_from_inverter_name,72.1,month,devwork
2025-09-08,d95b5e9d-f2d5-4950-85a9-909e52f727ba,Penner Farms - SE 27-8-13 (site 2),a9f3ac23-6f93-447b-9037-adff01636562,Symo 24.0-3 480 (2),24.0,parsed_from_inverter_name,73.03,month,devwork
2025-09-08,d95b5e9d-f2d5-4950-85a9-909e52f727ba,Penner Farms - SE 27-8-13 (site 2),c3ec3bd8-8836-45bb-97b7-adff01636570,Symo 24.0-3 480 (3),24.0,parsed_from_inverter_name,72.64,month,devwork
2025-09-09,d95b5e9d-f2d5-4950-85a9-909e52f727ba,Penner Farms - SE 27-8-13 (site 2),b8a6c9fe-5838-42e7-9faa-adff01636559,Symo 24.0-3 480 (1),24.0,parsed_from_inverter_name,165.59,month,devwork
2025-09-09,d95b5e9d-f2d5-4950-85a9-909e52f727ba,Penner Farms - SE 27-8-13 (site 2),a9f3ac23-6f93-447b-9037-adff01636562,Symo 24.0-3 480 (2),24.0,parsed_from_inverter_name,166.92,month,devwork
2025-09-09,d95b5e9d-f2d5-4950-85a9-909e52f727ba,Penner Farms - SE 27-8-13 (site 2),c3ec3bd8-8836-45bb-97b7-adff01636570,Symo 24.0-3 480 (3),24.0,parsed_from_inverter_name,165.77,month,devwork
2025-09-10,d95b5e9d-f2d5-4950-85a9-909e52f727ba,Penner Farms - SE 27-8-13 (site 2),b8a6c9fe-5838-42e7-9faa-adff01636559,Symo 24.0-3 480 (1),24.0,parsed_from_inverter_name,52.79,month,devwork
2025-09-10,d95b5e9d-f2d5-4950-85a9-909e52f727ba,Penner Farms - SE 27-8-13 (site 2),a9f3ac23-6f93-447b-9037-adff01636562,Symo 24.0-3 480 (2),24.0,parsed_from_inverter_name,53.6,month,devwork
2025-09-10,d95b5e9d-f2d5-4950-85a9-909e52f727ba,Penner Farms - SE 27-8-13 (site 2),c3ec3bd8-8836-45bb-97b7-adff01636570,Symo 24.0-3 480 (3),24.0,parsed_from_inverter_name,53.36,month,devwork
2025-09-11,d95b5e9d-f2d5-4950-85a9-909e52f727ba,Penner Farms - SE 27-8-13 (site 2),b8a6c9fe-5838-42e7-9faa-adff01636559,Symo 24.0-3 480 (1),24.0,parsed_from_inverter_name,166.75,month,devwork
2025-09-11,d95b5e9d-f2d5-4950-85a9-909e52f727ba,Penner Farms - SE 27-8-13 (site 2),a9f3ac23-6f93-447b-9037-adff01636562,Symo 24.0-3 480 (2),24.0,parsed_from_inverter_name,167.96,month,devwork
2025-09-11,d95b5e9d-f2d5-4950-85a9-909e52f727ba,Penner Farms - SE 27-8-13 (site 2),c3ec3bd8-8836-45bb-97b7-adff01636570,Symo 24.0-3 480 (3),24.0,parsed_from_inverter_name,166.47,month,devwork
2025-09-12,d95b5e9d-f2d5-4950-85a9-909e52f727ba,Penner Farms - SE 27-8-13 (site 2),b8a6c9fe-5838-42e7-9faa-adff01636559,Symo 24.0-3 480 (1),24.0,parsed_from_inverter_name,140.69,month,devwork
2025-09-12,d95b5e9d-f2d5-4950-85a9-909e52f727ba,Penner Farms - SE 27-8-13 (site 2),a9f3ac23-6f93-447b-9037-adff01636562,Symo 24.0-3 480 (2),24.0,parsed_from_inverter_name,142.62,month,devwork
2025-09-12,d95b5e9d-f2d5-4950-85a9-909e52f727ba,Penner Farms - SE 27-8-13 (site 2),c3ec3bd8-8836-45bb-97b7-adff01636570,Symo 24.0-3 480 (3),24.0,parsed_from_inverter_name,142.01,month,devwork
2025-09-13,d95b5e9d-f2d5-4950-85a9-909e52f727ba,Penner Farms - SE 27-8-13 (site 2),b8a6c9fe-5838-42e7-9faa-adff01636559,Symo 24.0-3 480 (1),24.0,parsed_from_inverter_name,171.34,month,devwork
2025-09-13,d95b5e9d-f2d5-4950-85a9-909e52f727ba,Penner Farms - SE 27-8-13 (site 2),a9f3ac23-6f93-447b-9037-adff01636562,Symo 24.0-3 480 (2),24.0,parsed_from_inverter_name,172.49,month,devwork
2025-09-13,d95b5e9d-f2d5-4950-85a9-909e52f727ba,Penner Farms - SE 27-8-13 (site 2),c3ec3bd8-8836-45bb-97b7-adff01636570,Symo 24.0-3 480 (3),24.0,parsed_from_inverter_name,170.66,month,devwork
2025-09-14,d95b5e9d-f2d5-4950-85a9-909e52f727ba,Penner Farms - SE 27-8-13 (site 2),b8a6c9fe-5838-42e7-9faa-adff01636559,Symo 24.0-3 480 (1),24.0,parsed_from_inverter_name,147.83,month,devwork
2025-09-14,d95b5e9d-f2d5-4950-85a9-909e52f727ba,Penner Farms - SE 27-8-13 (site 2),a9f3ac23-6f93-447b-9037-adff01636562,Symo 24.0-3 480 (2),24.0,parsed_from_inverter_name,149.16,month,devwork
2025-09-14,d95b5e9d-f2d5-4950-85a9-909e52f727ba,Penner Farms - SE 27-8-13 (site 2),c3ec3bd8-8836-45bb-97b7-adff01636570,Symo 24.0-3 480 (3),24.0,parsed_from_inverter_name,147.75,month,devwork
2025-09-15,d95b5e9d-f2d5-4950-85a9-909e52f727ba,Penner Farms - SE 27-8-13 (site 2),b8a6c9fe-5838-42e7-9faa-adff01636559,Symo 24.0-3 480 (1),24.0,parsed_from_inverter_name,123.14,month,devwork
2025-09-15,d95b5e9d-f2d5-4950-85a9-909e52f727ba,Penner Farms - SE 27-8-13 (site 2),a9f3ac23-6f93-447b-9037-adff01636562,Symo 24.0-3 480 (2),24.0,parsed_from_inverter_name,124.06,month,devwork
2025-09-15,d95b5e9d-f2d5-4950-85a9-909e52f727ba,Penner Farms - SE 27-8-13 (site 2),c3ec3bd8-8836-45bb-97b7-adff01636570,Symo 24.0-3 480 (3),24.0,parsed_from_inverter_name,122.95,month,devwork
2025-09-16,d95b5e9d-f2d5-4950-85a9-909e52f727ba,Penner Farms - SE 27-8-13 (site 2),b8a6c9fe-5838-42e7-9faa-adff01636559,Symo 24.0-3 480 (1),24.0,parsed_from_inverter_name,176.89,month,devwork
2025-09-16,d95b5e9d-f2d5-4950-85a9-909e52f727ba,Penner Farms - SE 27-8-13 (site 2),a9f3ac23-6f93-447b-9037-adff01636562,Symo 24.0-3 480 (2),24.0,parsed_from_inverter_name,177.95,month,devwork
2025-09-16,d95b5e9d-f2d5-4950-85a9-909e52f727ba,Penner Farms - SE 27-8-13 (site 2),c3ec3bd8-8836-45bb-97b7-adff01636570,Symo 24.0-3 480 (3),24.0,parsed_from_inverter_name,176.31,month,devwork
2025-09-17,d95b5e9d-f2d5-4950-85a9-909e52f727ba,Penner Farms - SE 27-8-13 (site 2),b8a6c9fe-5838-42e7-9faa-adff01636559,Symo 24.0-3 480 (1),24.0,parsed_from_inverter_name,177.52,month,devwork
2025-09-17,d95b5e9d-f2d5-4950-85a9-909e52f727ba,Penner Farms - SE 27-8-13 (site 2),a9f3ac23-6f93-447b-9037-adff01636562,Symo 24.0-3 480 (2),24.0,parsed_from_inverter_name,179.14,month,devwork
2025-09-17,d95b5e9d-f2d5-4950-85a9-909e52f727ba,Penner Farms - SE 27-8-13 (site 2),c3ec3bd8-8836-45bb-97b7-adff01636570,Symo 24.0-3 480 (3),24.0,parsed_from_inverter_name,177.74,month,devwork
2025-09-18,d95b5e9d-f2d5-4950-85a9-909e52f727ba,Penner Farms - SE 27-8-13 (site 2),b8a6c9fe-5838-42e7-9faa-adff01636559,Symo 24.0-3 480 (1),24.0,parsed_from_inverter_name,174.56,month,devwork
2025-09-18,d95b5e9d-f2d5-4950-85a9-909e52f727ba,Penner Farms - SE 27-8-13 (site 2),a9f3ac23-6f93-447b-9037-adff01636562,Symo 24.0-3 480 (2),24.0,parsed_from_inverter_name,176.36,month,devwork
2025-09-18,d95b5e9d-f2d5-4950-85a9-909e52f727ba,Penner Farms - SE 27-8-13 (site 2),c3ec3bd8-8836-45bb-97b7-adff01636570,Symo 24.0-3 480 (3),24.0,parsed_from_inverter_name,171.23,month,devwork
2025-09-19,d95b5e9d-f2d5-4950-85a9-909e52f727ba,Penner Farms - SE 27-8-13 (site 2),b8a6c9fe-5838-42e7-9faa-adff01636559,Symo 24.0-3 480 (1),24.0,parsed_from_inverter_name,163.78,month,devwork
2025-09-19,d95b5e9d-f2d5-4950-85a9-909e52f727ba,Penner Farms - SE 27-8-13 (site 2),a9f3ac23-6f93-447b-9037-adff01636562,Symo 24.0-3 480 (2),24.0,parsed_from_inverter_name,165.04,month,devwork
2025-09-19,d95b5e9d-f2d5-4950-85a9-909e52f727ba,Penner Farms - SE 27-8-13 (site 2),c3ec3bd8-8836-45bb-97b7-adff01636570,Symo 24.0-3 480 (3),24.0,parsed_from_inverter_name,163.18,month,devwork
2025-09-20,d95b5e9d-f2d5-4950-85a9-909e52f727ba,Penner Farms - SE 27-8-13 (site 2),b8a6c9fe-5838-42e7-9faa-adff01636559,Symo 24.0-3 480 (1),24.0,parsed_from_inverter_name,172.93,month,devwork
2025-09-20,d95b5e9d-f2d5-4950-85a9-909e52f727ba,Penner Farms - SE 27-8-13 (site 2),a9f3ac23-6f93-447b-9037-adff01636562,Symo 24.0-3 480 (2),24.0,parsed_from_inverter_name,173.88,month,devwork
2025-09-20,d95b5e9d-f2d5-4950-85a9-909e52f727ba,Penner Farms - SE 27-8-13 (site 2),c3ec3bd8-8836-45bb-97b7-adff01636570,Symo 24.0-3 480 (3),24.0,parsed_from_inverter_name,171.68,month,devwork
2025-09-21,d95b5e9d-f2d5-4950-85a9-909e52f727ba,Penner Farms - SE 27-8-13 (site 2),b8a6c9fe-5838-42e7-9faa-adff01636559,Symo 24.0-3 480 (1),24.0,parsed_from_inverter_name,150.19,month,devwork
2025-09-21,d95b5e9d-f2d5-4950-85a9-909e52f727ba,Penner Farms - SE 27-8-13 (site 2),a9f3ac23-6f93-447b-9037-adff01636562,Symo 24.0-3 480 (2),24.0,parsed_from_inverter_name,150.76,month,devwork
2025-09-21,d95b5e9d-f2d5-4950-85a9-909e52f727ba,Penner Farms - SE 27-8-13 (site 2),c3ec3bd8-8836-45bb-97b7-adff01636570,Symo 24.0-3 480 (3),24.0,parsed_from_inverter_name,149.03,month,devwork
2025-09-22,d95b5e9d-f2d5-4950-85a9-909e52f727ba,Penner Farms - SE 27-8-13 (site 2),b8a6c9fe-5838-42e7-9faa-adff01636559,Symo 24.0-3 480 (1),24.0,parsed_from_inverter_name,177.2,month,devwork
2025-09-22,d95b5e9d-f2d5-4950-85a9-909e52f727ba,Penner Farms - SE 27-8-13 (site 2),a9f3ac23-6f93-447b-9037-adff01636562,Symo 24.0-3 480 (2),24.0,parsed_from_inverter_name,177.93,month,devwork
2025-09-22,d95b5e9d-f2d5-4950-85a9-909e52f727ba,Penner Farms - SE 27-8-13 (site 2),c3ec3bd8-8836-45bb-97b7-adff01636570,Symo 24.0-3 480 (3),24.0,parsed_from_inverter_name,176.08,month,devwork
2025-09-23,d95b5e9d-f2d5-4950-85a9-909e52f727ba,Penner Farms - SE 27-8-13 (site 2),b8a6c9fe-5838-42e7-9faa-adff01636559,Symo 24.0-3 480 (1),24.0,parsed_from_inverter_name,173.24,month,devwork
2025-09-23,d95b5e9d-f2d5-4950-85a9-909e52f727ba,Penner Farms - SE 27-8-13 (site 2),a9f3ac23-6f93-447b-9037-adff01636562,Symo 24.0-3 480 (2),24.0,parsed_from_inverter_name,174.81,month,devwork
2025-09-23,d95b5e9d-f2d5-4950-85a9-909e52f727ba,Penner Farms - SE 27-8-13 (site 2),c3ec3bd8-8836-45bb-97b7-adff01636570,Symo 24.0-3 480 (3),24.0,parsed_from_inverter_name,172.5,month,devwork
2025-09-24,d95b5e9d-f2d5-4950-85a9-909e52f727ba,Penner Farms - SE 27-8-13 (site 2),b8a6c9fe-5838-42e7-9faa-adff01636559,Symo 24.0-3 480 (1),24.0,parsed_from_inverter_name,178.22,month,devwork
2025-09-24,d95b5e9d-f2d5-4950-85a9-909e52f727ba,Penner Farms - SE 27-8-13 (site 2),a9f3ac23-6f93-447b-9037-adff01636562,Symo 24.0-3 480 (2),24.0,parsed_from_inverter_name,178.9,month,devwork
2025-09-24,d95b5e9d-f2d5-4950-85a9-909e52f727ba,Penner Farms - SE 27-8-13 (site 2),c3ec3bd8-8836-45bb-97b7-adff01636570,Symo 24.0-3 480 (3),24.0,parsed_from_inverter_name,177.31,month,devwork
2025-09-25,d95b5e9d-f2d5-4950-85a9-909e52f727ba,Penner Farms - SE 27-8-13 (site 2),b8a6c9fe-5838-42e7-9faa-adff01636559,Symo 24.0-3 480 (1),24.0,parsed_from_inverter_name,173.43,month,devwork
2025-09-25,d95b5e9d-f2d5-4950-85a9-909e52f727ba,Penner Farms - SE 27-8-13 (site 2),a9f3ac23-6f93-447b-9037-adff01636562,Symo 24.0-3 480 (2),24.0,parsed_from_inverter_name,175.03,month,devwork
2025-09-25,d95b5e9d-f2d5-4950-85a9-909e52f727ba,Penner Farms - SE 27-8-13 (site 2),c3ec3bd8-8836-45bb-97b7-adff01636570,Symo 24.0-3 480 (3),24.0,parsed_from_inverter_name,173.05,month,devwork
2025-09-26,d95b5e9d-f2d5-4950-85a9-909e52f727ba,Penner Farms - SE 27-8-13 (site 2),b8a6c9fe-5838-42e7-9faa-adff01636559,Symo 24.0-3 480 (1),24.0,parsed_from_inverter_name,169.82,month,devwork
2025-09-26,d95b5e9d-f2d5-4950-85a9-909e52f727ba,Penner Farms - SE 27-8-13 (site 2),a9f3ac23-6f93-447b-9037-adff01636562,Symo 24.0-3 480 (2),24.0,parsed_from_inverter_name,170.68,month,devwork
2025-09-26,d95b5e9d-f2d5-4950-85a9-909e52f727ba,Penner Farms - SE 27-8-13 (site 2),c3ec3bd8-8836-45bb-97b7-adff01636570,Symo 24.0-3 480 (3),24.0,parsed_from_inverter_name,168.29,month,devwork
2025-09-27,d95b5e9d-f2d5-4950-85a9-909e52f727ba,Penner Farms - SE 27-8-13 (site 2),b8a6c9fe-5838-42e7-9faa-adff01636559,Symo 24.0-3 480 (1),24.0,parsed_from_inverter_name,65.33,month,devwork
2025-09-27,d95b5e9d-f2d5-4950-85a9-909e52f727ba,Penner Farms - SE 27-8-13 (site 2),a9f3ac23-6f93-447b-9037-adff01636562,Symo 24.0-3 480 (2),24.0,parsed_from_inverter_name,66.1,month,devwork
2025-09-27,d95b5e9d-f2d5-4950-85a9-909e52f727ba,Penner Farms - SE 27-8-13 (site 2),c3ec3bd8-8836-45bb-97b7-adff01636570,Symo 24.0-3 480 (3),24.0,parsed_from_inverter_name,65.25,month,devwork
2025-09-28,d95b5e9d-f2d5-4950-85a9-909e52f727ba,Penner Farms - SE 27-8-13 (site 2),b8a6c9fe-5838-42e7-9faa-adff01636559,Symo 24.0-3 480 (1),24.0,parsed_from_inverter_name,140.42,month,devwork
2025-09-28,d95b5e9d-f2d5-4950-85a9-909e52f727ba,Penner Farms - SE 27-8-13 (site 2),a9f3ac23-6f93-447b-9037-adff01636562,Symo 24.0-3 480 (2),24.0,parsed_from_inverter_name,141.59,month,devwork
2025-09-28,d95b5e9d-f2d5-4950-85a9-909e52f727ba,Penner Farms - SE 27-8-13 (site 2),c3ec3bd8-8836-45bb-97b7-adff01636570,Symo 24.0-3 480 (3),24.0,parsed_from_inverter_name,140.02,month,devwork
2025-09-29,d95b5e9d-f2d5-4950-85a9-909e52f727ba,Penner Farms - SE 27-8-13 (site 2),b8a6c9fe-5838-42e7-9faa-adff01636559,Symo 24.0-3 480 (1),24.0,parsed_from_inverter_name,158.14,month,devwork
2025-09-29,d95b5e9d-f2d5-4950-85a9-909e52f727ba,Penner Farms - SE 27-8-13 (site 2),a9f3ac23-6f93-447b-9037-adff01636562,Symo 24.0-3 480 (2),24.0,parsed_from_inverter_name,160.31,month,devwork
2025-09-29,d95b5e9d-f2d5-4950-85a9-909e52f727ba,Penner Farms - SE 27-8-13 (site 2),c3ec3bd8-8836-45bb-97b7-adff01636570,Symo 24.0-3 480 (3),24.0,parsed_from_inverter_name,158.44,month,devwork
2025-09-30,d95b5e9d-f2d5-4950-85a9-909e52f727ba,Penner Farms - SE 27-8-13 (site 2),b8a6c9fe-5838-42e7-9faa-adff01636559,Symo 24.0-3 480 (1),24.0,parsed_from_inverter_name,84.65,month,devwork
2025-09-30,d95b5e9d-f2d5-4950-85a9-909e52f727ba,Penner Farms - SE 27-8-13 (site 2),a9f3ac23-6f93-447b-9037-adff01636562,Symo 24.0-3 480 (2),24.0,parsed_from_inverter_name,85.66,month,devwork
2025-09-30,d95b5e9d-f2d5-4950-85a9-909e52f727ba,Penner Farms - SE 27-8-13 (site 2),c3ec3bd8-8836-45bb-97b7-adff01636570,Symo 24.0-3 480 (3),24.0,parsed_from_inverter_name,84.78,month,devwork
2025-10-01,d95b5e9d-f2d5-4950-85a9-909e52f727ba,Penner Farms - SE 27-8-13 (site 2),b8a6c9fe-5838-42e7-9faa-adff01636559,Symo 24.0-3 480 (1),24.0,parsed_from_inverter_name,115.87,month,devwork
2025-10-01,d95b5e9d-f2d5-4950-85a9-909e52f727ba,Penner Farms - SE 27-8-13 (site 2),a9f3ac23-6f93-447b-9037-adff01636562,Symo 24.0-3 480 (2),24.0,parsed_from_inverter_name,116.59,month,devwork
2025-10-01,d95b5e9d-f2d5-4950-85a9-909e52f727ba,Penner Farms - SE 27-8-13 (site 2),c3ec3bd8-8836-45bb-97b7-adff01636570,Symo 24.0-3 480 (3),24.0,parsed_from_inverter_name,115.53,month,devwork
2025-10-02,d95b5e9d-f2d5-4950-85a9-909e52f727ba,Penner Farms - SE 27-8-13 (site 2),b8a6c9fe-5838-42e7-9faa-adff01636559,Symo 24.0-3 480 (1),24.0,parsed_from_inverter_name,100.53,month,devwork
2025-10-02,d95b5e9d-f2d5-4950-85a9-909e52f727ba,Penner Farms - SE 27-8-13 (site 2),a9f3ac23-6f93-447b-9037-adff01636562,Symo 24.0-3 480 (2),24.0,parsed_from_inverter_name,101.32,month,devwork
2025-10-02,d95b5e9d-f2d5-4950-85a9-909e52f727ba,Penner Farms - SE 27-8-13 (site 2),c3ec3bd8-8836-45bb-97b7-adff01636570,Symo 24.0-3 480 (3),24.0,parsed_from_inverter_name,100.24,month,devwork
2025-10-03,d95b5e9d-f2d5-4950-85a9-909e52f727ba,Penner Farms - SE 27-8-13 (site 2),b8a6c9fe-5838-42e7-9faa-adff01636559,Symo 24.0-3 480 (1),24.0,parsed_from_inverter_name,112.23,month,devwork
2025-10-03,d95b5e9d-f2d5-4950-85a9-909e52f727ba,Penner Farms - SE 27-8-13 (site 2),a9f3ac23-6f93-447b-9037-adff01636562,Symo 24.0-3 480 (2),24.0,parsed_from_inverter_name,112.79,month,devwork
2025-10-03,d95b5e9d-f2d5-4950-85a9-909e52f727ba,Penner Farms - SE 27-8-13 (site 2),c3ec3bd8-8836-45bb-97b7-adff01636570,Symo 24.0-3 480 (3),24.0,parsed_from_inverter_name,110.99,month,devwork
2025-10-04,d95b5e9d-f2d5-4950-85a9-909e52f727ba,Penner Farms - SE 27-8-13 (site 2),b8a6c9fe-5838-42e7-9faa-adff01636559,Symo 24.0-3 480 (1),24.0,parsed_from_inverter_name,17.9,month,devwork
2025-10-04,d95b5e9d-f2d5-4950-85a9-909e52f727ba,Penner Farms - SE 27-8-13 (site 2),a9f3ac23-6f93-447b-9037-adff01636562,Symo 24.0-3 480 (2),24.0,parsed_from_inverter_name,18.16,month,devwork
2025-10-04,d95b5e9d-f2d5-4950-85a9-909e52f727ba,Penner Farms - SE 27-8-13 (site 2),c3ec3bd8-8836-45bb-97b7-adff01636570,Symo 24.0-3 480 (3),24.0,parsed_from_inverter_name,18.2,month,devwork
2025-10-05,d95b5e9d-f2d5-4950-85a9-909e52f727ba,Penner Farms - SE 27-8-13 (site 2),b8a6c9fe-5838-42e7-9faa-adff01636559,Symo 24.0-3 480 (1),24.0,parsed_from_inverter_name,151.37,month,devwork
2025-10-05,d95b5e9d-f2d5-4950-85a9-909e52f727ba,Penner Farms - SE 27-8-13 (site 2),a9f3ac23-6f93-447b-9037-adff01636562,Symo 24.0-3 480 (2),24.0,parsed_from_inverter_name,152.21,month,devwork
2025-10-05,d95b5e9d-f2d5-4950-85a9-909e52f727ba,Penner Farms - SE 27-8-13 (site 2),c3ec3bd8-8836-45bb-97b7-adff01636570,Symo 24.0-3 480 (3),24.0,parsed_from_inverter_name,150.58,month,devwork
2025-10-06,d95b5e9d-f2d5-4950-85a9-909e52f727ba,Penner Farms - SE 27-8-13 (site 2),b8a6c9fe-5838-42e7-9faa-adff01636559,Symo 24.0-3 480 (1),24.0,parsed_from_inverter_name,163.5,month,devwork
2025-10-06,d95b5e9d-f2d5-4950-85a9-909e52f727ba,Penner Farms - SE 27-8-13 (site 2),a9f3ac23-6f93-447b-9037-adff01636562,Symo 24.0-3 480 (2),24.0,parsed_from_inverter_name,164.45,month,devwork
2025-10-06,d95b5e9d-f2d5-4950-85a9-909e52f727ba,Penner Farms - SE 27-8-13 (site 2),c3ec3bd8-8836-45bb-97b7-adff01636570,Symo 24.0-3 480 (3),24.0,parsed_from_inverter_name,162.72,month,devwork
2025-10-07,d95b5e9d-f2d5-4950-85a9-909e52f727ba,Penner Farms - SE 27-8-13 (site 2),b8a6c9fe-5838-42e7-9faa-adff01636559,Symo 24.0-3 480 (1),24.0,parsed_from_inverter_name,170.05,month,devwork
2025-10-07,d95b5e9d-f2d5-4950-85a9-909e52f727ba,Penner Farms - SE 27-8-13 (site 2),a9f3ac23-6f93-447b-9037-adff01636562,Symo 24.0-3 480 (2),24.0,parsed_from_inverter_name,171.6,month,devwork
2025-10-07,d95b5e9d-f2d5-4950-85a9-909e52f727ba,Penner Farms - SE 27-8-13 (site 2),c3ec3bd8-8836-45bb-97b7-adff01636570,Symo 24.0-3 480 (3),24.0,parsed_from_inverter_name,169.21,month,devwork
2025-10-08,d95b5e9d-f2d5-4950-85a9-909e52f727ba,Penner Farms - SE 27-8-13 (site 2),b8a6c9fe-5838-42e7-9faa-adff01636559,Symo 24.0-3 480 (1),24.0,parsed_from_inverter_name,170.43,month,devwork
2025-10-08,d95b5e9d-f2d5-4950-85a9-909e52f727ba,Penner Farms - SE 27-8-13 (site 2),a9f3ac23-6f93-447b-9037-adff01636562,Symo 24.0-3 480 (2),24.0,parsed_from_inverter_name,171.45,month,devwork
2025-10-08,d95b5e9d-f2d5-4950-85a9-909e52f727ba,Penner Farms - SE 27-8-13 (site 2),c3ec3bd8-8836-45bb-97b7-adff01636570,Symo 24.0-3 480 (3),24.0,parsed_from_inverter_name,169.53,month,devwork
2025-10-09,d95b5e9d-f2d5-4950-85a9-909e52f727ba,Penner Farms - SE 27-8-13 (site 2),b8a6c9fe-5838-42e7-9faa-adff01636559,Symo 24.0-3 480 (1),24.0,parsed_from_inverter_name,157.47,month,devwork
2025-10-09,d95b5e9d-f2d5-4950-85a9-909e52f727ba,Penner Farms - SE 27-8-13 (site 2),a9f3ac23-6f93-447b-9037-adff01636562,Symo 24.0-3 480 (2),24.0,parsed_from_inverter_name,159.0,month,devwork
2025-10-09,d95b5e9d-f2d5-4950-85a9-909e52f727ba,Penner Farms - SE 27-8-13 (site 2),c3ec3bd8-8836-45bb-97b7-adff01636570,Symo 24.0-3 480 (3),24.0,parsed_from_inverter_name,156.91,month,devwork
2025-10-10,d95b5e9d-f2d5-4950-85a9-909e52f727ba,Penner Farms - SE 27-8-13 (site 2),b8a6c9fe-5838-42e7-9faa-adff01636559,Symo 24.0-3 480 (1),24.0,parsed_from_inverter_name,161.17,month,devwork
2025-10-10,d95b5e9d-f2d5-4950-85a9-909e52f727ba,Penner Farms - SE 27-8-13 (site 2),a9f3ac23-6f93-447b-9037-adff01636562,Symo 24.0-3 480 (2),24.0,parsed_from_inverter_name,163.41,month,devwork
2025-10-10,d95b5e9d-f2d5-4950-85a9-909e52f727ba,Penner Farms - SE 27-8-13 (site 2),c3ec3bd8-8836-45bb-97b7-adff01636570,Symo 24.0-3 480 (3),24.0,parsed_from_inverter_name,161.11,month,devwork
2025-10-11,d95b5e9d-f2d5-4950-85a9-909e52f727ba,Penner Farms - SE 27-8-13 (site 2),b8a6c9fe-5838-42e7-9faa-adff01636559,Symo 24.0-3 480 (1),24.0,parsed_from_inverter_name,134.88,month,devwork
2025-10-11,d95b5e9d-f2d5-4950-85a9-909e52f727ba,Penner Farms - SE 27-8-13 (site 2),a9f3ac23-6f93-447b-9037-adff01636562,Symo 24.0-3 480 (2),24.0,parsed_from_inverter_name,135.98,month,devwork
2025-10-11,d95b5e9d-f2d5-4950-85a9-909e52f727ba,Penner Farms - SE 27-8-13 (site 2),c3ec3bd8-8836-45bb-97b7-adff01636570,Symo 24.0-3 480 (3),24.0,parsed_from_inverter_name,131.42,month,devwork
2025-10-12,d95b5e9d-f2d5-4950-85a9-909e52f727ba,Penner Farms - SE 27-8-13 (site 2),b8a6c9fe-5838-42e7-9faa-adff01636559,Symo 24.0-3 480 (1),24.0,parsed_from_inverter_name,20.6,month,devwork
2025-10-12,d95b5e9d-f2d5-4950-85a9-909e52f727ba,Penner Farms - SE 27-8-13 (site 2),a9f3ac23-6f93-447b-9037-adff01636562,Symo 24.0-3 480 (2),24.0,parsed_from_inverter_name,21.0,month,devwork
2025-10-12,d95b5e9d-f2d5-4950-85a9-909e52f727ba,Penner Farms - SE 27-8-13 (site 2),c3ec3bd8-8836-45bb-97b7-adff01636570,Symo 24.0-3 480 (3),24.0,parsed_from_inverter_name,20.95,month,devwork
2025-10-13,d95b5e9d-f2d5-4950-85a9-909e52f727ba,Penner Farms - SE 27-8-13 (site 2),b8a6c9fe-5838-42e7-9faa-adff01636559,Symo 24.0-3 480 (1),24.0,parsed_from_inverter_name,90.86,month,devwork
2025-10-13,d95b5e9d-f2d5-4950-85a9-909e52f727ba,Penner Farms - SE 27-8-13 (site 2),a9f3ac23-6f93-447b-9037-adff01636562,Symo 24.0-3 480 (2),24.0,parsed_from_inverter_name,92.28,month,devwork
2025-10-13,d95b5e9d-f2d5-4950-85a9-909e52f727ba,Penner Farms - SE 27-8-13 (site 2),c3ec3bd8-8836-45bb-97b7-adff01636570,Symo 24.0-3 480 (3),24.0,parsed_from_inverter_name,91.18,month,devwork
2025-10-14,d95b5e9d-f2d5-4950-85a9-909e52f727ba,Penner Farms - SE 27-8-13 (site 2),b8a6c9fe-5838-42e7-9faa-adff01636559,Symo 24.0-3 480 (1),24.0,parsed_from_inverter_name,30.89,month,devwork
2025-10-14,d95b5e9d-f2d5-4950-85a9-909e52f727ba,Penner Farms - SE 27-8-13 (site 2),a9f3ac23-6f93-447b-9037-adff01636562,Symo 24.0-3 480 (2),24.0,parsed_from_inverter_name,31.5,month,devwork
2025-10-14,d95b5e9d-f2d5-4950-85a9-909e52f727ba,Penner Farms - SE 27-8-13 (site 2),c3ec3bd8-8836-45bb-97b7-adff01636570,Symo 24.0-3 480 (3),24.0,parsed_from_inverter_name,31.51,month,devwork
2025-10-15,d95b5e9d-f2d5-4950-85a9-909e52f727ba,Penner Farms - SE 27-8-13 (site 2),b8a6c9fe-5838-42e7-9faa-adff01636559,Symo 24.0-3 480 (1),24.0,parsed_from_inverter_name,135.54,month,devwork
2025-10-15,d95b5e9d-f2d5-4950-85a9-909e52f727ba,Penner Farms - SE 27-8-13 (site 2),a9f3ac23-6f93-447b-9037-adff01636562,Symo 24.0-3 480 (2),24.0,parsed_from_inverter_name,138.41,month,devwork
2025-10-15,d95b5e9d-f2d5-4950-85a9-909e52f727ba,Penner Farms - SE 27-8-13 (site 2),c3ec3bd8-8836-45bb-97b7-adff01636570,Symo 24.0-3 480 (3),24.0,parsed_from_inverter_name,135.88,month,devwork
2025-10-16,d95b5e9d-f2d5-4950-85a9-909e52f727ba,Penner Farms - SE 27-8-13 (site 2),b8a6c9fe-5838-42e7-9faa-adff01636559,Symo 24.0-3 480 (1),24.0,parsed_from_inverter_name,162.79,month,devwork
2025-10-16,d95b5e9d-f2d5-4950-85a9-909e52f727ba,Penner Farms - SE 27-8-13 (site 2),a9f3ac23-6f93-447b-9037-adff01636562,Symo 24.0-3 480 (2),24.0,parsed_from_inverter_name,165.34,month,devwork
2025-10-16,d95b5e9d-f2d5-4950-85a9-909e52f727ba,Penner Farms - SE 27-8-13 (site 2),c3ec3bd8-8836-45bb-97b7-adff01636570,Symo 24.0-3 480 (3),24.0,parsed_from_inverter_name,161.83,month,devwork
2025-10-17,d95b5e9d-f2d5-4950-85a9-909e52f727ba,Penner Farms - SE 27-8-13 (site 2),b8a6c9fe-5838-42e7-9faa-adff01636559,Symo 24.0-3 480 (1),24.0,parsed_from_inverter_name,33.12,month,devwork
2025-10-17,d95b5e9d-f2d5-4950-85a9-909e52f727ba,Penner Farms - SE 27-8-13 (site 2),a9f3ac23-6f93-447b-9037-adff01636562,Symo 24.0-3 480 (2),24.0,parsed_from_inverter_name,34.16,month,devwork
2025-10-17,d95b5e9d-f2d5-4950-85a9-909e52f727ba,Penner Farms - SE 27-8-13 (site 2),c3ec3bd8-8836-45bb-97b7-adff01636570,Symo 24.0-3 480 (3),24.0,parsed_from_inverter_name,33.7,month,devwork
2025-10-18,d95b5e9d-f2d5-4950-85a9-909e52f727ba,Penner Farms - SE 27-8-13 (site 2),b8a6c9fe-5838-42e7-9faa-adff01636559,Symo 24.0-3 480 (1),24.0,parsed_from_inverter_name,148.4,month,devwork
2025-10-18,d95b5e9d-f2d5-4950-85a9-909e52f727ba,Penner Farms - SE 27-8-13 (site 2),a9f3ac23-6f93-447b-9037-adff01636562,Symo 24.0-3 480 (2),24.0,parsed_from_inverter_name,149.78,month,devwork
2025-10-18,d95b5e9d-f2d5-4950-85a9-909e52f727ba,Penner Farms - SE 27-8-13 (site 2),c3ec3bd8-8836-45bb-97b7-adff01636570,Symo 24.0-3 480 (3),24.0,parsed_from_inverter_name,147.83,month,devwork
2025-10-19,d95b5e9d-f2d5-4950-85a9-909e52f727ba,Penner Farms - SE 27-8-13 (site 2),b8a6c9fe-5838-42e7-9faa-adff01636559,Symo 24.0-3 480 (1),24.0,parsed_from_inverter_name,77.92,month,devwork
2025-10-19,d95b5e9d-f2d5-4950-85a9-909e52f727ba,Penner Farms - SE 27-8-13 (site 2),a9f3ac23-6f93-447b-9037-adff01636562,Symo 24.0-3 480 (2),24.0,parsed_from_inverter_name,78.83,month,devwork
2025-10-19,d95b5e9d-f2d5-4950-85a9-909e52f727ba,Penner Farms - SE 27-8-13 (site 2),c3ec3bd8-8836-45bb-97b7-adff01636570,Symo 24.0-3 480 (3),24.0,parsed_from_inverter_name,78.17,month,devwork
2025-10-20,d95b5e9d-f2d5-4950-85a9-909e52f727ba,Penner Farms - SE 27-8-13 (site 2),b8a6c9fe-5838-42e7-9faa-adff01636559,Symo 24.0-3 480 (1),24.0,parsed_from_inverter_name,5.07,month,devwork
2025-10-20,d95b5e9d-f2d5-4950-85a9-909e52f727ba,Penner Farms - SE 27-8-13 (site 2),a9f3ac23-6f93-447b-9037-adff01636562,Symo 24.0-3 480 (2),24.0,parsed_from_inverter_name,5.16,month,devwork
2025-10-20,d95b5e9d-f2d5-4950-85a9-909e52f727ba,Penner Farms - SE 27-8-13 (site 2),c3ec3bd8-8836-45bb-97b7-adff01636570,Symo 24.0-3 480 (3),24.0,parsed_from_inverter_name,5.17,month,devwork
2025-10-21,d95b5e9d-f2d5-4950-85a9-909e52f727ba,Penner Farms - SE 27-8-13 (site 2),b8a6c9fe-5838-42e7-9faa-adff01636559,Symo 24.0-3 480 (1),24.0,parsed_from_inverter_name,100.86,month,devwork
2025-10-21,d95b5e9d-f2d5-4950-85a9-909e52f727ba,Penner Farms - SE 27-8-13 (site 2),a9f3ac23-6f93-447b-9037-adff01636562,Symo 24.0-3 480 (2),24.0,parsed_from_inverter_name,102.12,month,devwork
2025-10-21,d95b5e9d-f2d5-4950-85a9-909e52f727ba,Penner Farms - SE 27-8-13 (site 2),c3ec3bd8-8836-45bb-97b7-adff01636570,Symo 24.0-3 480 (3),24.0,parsed_from_inverter_name,99.89,month,devwork
2025-10-22,d95b5e9d-f2d5-4950-85a9-909e52f727ba,Penner Farms - SE 27-8-13 (site 2),b8a6c9fe-5838-42e7-9faa-adff01636559,Symo 24.0-3 480 (1),24.0,parsed_from_inverter_name,158.56,month,devwork
2025-10-22,d95b5e9d-f2d5-4950-85a9-909e52f727ba,Penner Farms - SE 27-8-13 (site 2),a9f3ac23-6f93-447b-9037-adff01636562,Symo 24.0-3 480 (2),24.0,parsed_from_inverter_name,162.71,month,devwork
2025-10-22,d95b5e9d-f2d5-4950-85a9-909e52f727ba,Penner Farms - SE 27-8-13 (site 2),c3ec3bd8-8836-45bb-97b7-adff01636570,Symo 24.0-3 480 (3),24.0,parsed_from_inverter_name,159.68,month,devwork
2025-10-23,d95b5e9d-f2d5-4950-85a9-909e52f727ba,Penner Farms - SE 27-8-13 (site 2),b8a6c9fe-5838-42e7-9faa-adff01636559,Symo 24.0-3 480 (1),24.0,parsed_from_inverter_name,151.79,month,devwork
2025-10-23,d95b5e9d-f2d5-4950-85a9-909e52f727ba,Penner Farms - SE 27-8-13 (site 2),a9f3ac23-6f93-447b-9037-adff01636562,Symo 24.0-3 480 (2),24.0,parsed_from_inverter_name,154.24,month,devwork
2025-10-23,d95b5e9d-f2d5-4950-85a9-909e52f727ba,Penner Farms - SE 27-8-13 (site 2),c3ec3bd8-8836-45bb-97b7-adff01636570,Symo 24.0-3 480 (3),24.0,parsed_from_inverter_name,151.19,month,devwork
2025-10-24,d95b5e9d-f2d5-4950-85a9-909e52f727ba,Penner Farms - SE 27-8-13 (site 2),b8a6c9fe-5838-42e7-9faa-adff01636559,Symo 24.0-3 480 (1),24.0,parsed_from_inverter_name,54.37,month,devwork
2025-10-24,d95b5e9d-f2d5-4950-85a9-909e52f727ba,Penner Farms - SE 27-8-13 (site 2),a9f3ac23-6f93-447b-9037-adff01636562,Symo 24.0-3 480 (2),24.0,parsed_from_inverter_name,55.74,month,devwork
2025-10-24,d95b5e9d-f2d5-4950-85a9-909e52f727ba,Penner Farms - SE 27-8-13 (site 2),c3ec3bd8-8836-45bb-97b7-adff01636570,Symo 24.0-3 480 (3),24.0,parsed_from_inverter_name,55.31,month,devwork
2025-10-25,d95b5e9d-f2d5-4950-85a9-909e52f727ba,Penner Farms - SE 27-8-13 (site 2),b8a6c9fe-5838-42e7-9faa-adff01636559,Symo 24.0-3 480 (1),24.0,parsed_from_inverter_name,88.58,month,devwork
2025-10-25,d95b5e9d-f2d5-4950-85a9-909e52f727ba,Penner Farms - SE 27-8-13 (site 2),a9f3ac23-6f93-447b-9037-adff01636562,Symo 24.0-3 480 (2),24.0,parsed_from_inverter_name,89.78,month,devwork
2025-10-25,d95b5e9d-f2d5-4950-85a9-909e52f727ba,Penner Farms - SE 27-8-13 (site 2),c3ec3bd8-8836-45bb-97b7-adff01636570,Symo 24.0-3 480 (3),24.0,parsed_from_inverter_name,88.71,month,devwork
2025-10-26,d95b5e9d-f2d5-4950-85a9-909e52f727ba,Penner Farms - SE 27-8-13 (site 2),b8a6c9fe-5838-42e7-9faa-adff01636559,Symo 24.0-3 480 (1),24.0,parsed_from_inverter_name,141.26,month,devwork
2025-10-26,d95b5e9d-f2d5-4950-85a9-909e52f727ba,Penner Farms - SE 27-8-13 (site 2),a9f3ac23-6f93-447b-9037-adff01636562,Symo 24.0-3 480 (2),24.0,parsed_from_inverter_name,143.43,month,devwork
2025-10-26,d95b5e9d-f2d5-4950-85a9-909e52f727ba,Penner Farms - SE 27-8-13 (site 2),c3ec3bd8-8836-45bb-97b7-adff01636570,Symo 24.0-3 480 (3),24.0,parsed_from_inverter_name,141.69,month,devwork
2025-10-27,d95b5e9d-f2d5-4950-85a9-909e52f727ba,Penner Farms - SE 27-8-13 (site 2),b8a6c9fe-5838-42e7-9faa-adff01636559,Symo 24.0-3 480 (1),24.0,parsed_from_inverter_name,130.09,month,devwork
2025-10-27,d95b5e9d-f2d5-4950-85a9-909e52f727ba,Penner Farms - SE 27-8-13 (site 2),a9f3ac23-6f93-447b-9037-adff01636562,Symo 24.0-3 480 (2),24.0,parsed_from_inverter_name,131.9,month,devwork
2025-10-27,d95b5e9d-f2d5-4950-85a9-909e52f727ba,Penner Farms - SE 27-8-13 (site 2),c3ec3bd8-8836-45bb-97b7-adff01636570,Symo 24.0-3 480 (3),24.0,parsed_from_inverter_name,129.78,month,devwork
2025-10-28,d95b5e9d-f2d5-4950-85a9-909e52f727ba,Penner Farms - SE 27-8-13 (site 2),b8a6c9fe-5838-42e7-9faa-adff01636559,Symo 24.0-3 480 (1),24.0,parsed_from_inverter_name,154.87,month,devwork
2025-10-28,d95b5e9d-f2d5-4950-85a9-909e52f727ba,Penner Farms - SE 27-8-13 (site 2),a9f3ac23-6f93-447b-9037-adff01636562,Symo 24.0-3 480 (2),24.0,parsed_from_inverter_name,157.71,month,devwork
2025-10-28,d95b5e9d-f2d5-4950-85a9-909e52f727ba,Penner Farms - SE 27-8-13 (site 2),c3ec3bd8-8836-45bb-97b7-adff01636570,Symo 24.0-3 480 (3),24.0,parsed_from_inverter_name,154.65,month,devwork
2025-10-29,d95b5e9d-f2d5-4950-85a9-909e52f727ba,Penner Farms - SE 27-8-13 (site 2),b8a6c9fe-5838-42e7-9faa-adff01636559,Symo 24.0-3 480 (1),24.0,parsed_from_inverter_name,143.85,month,devwork
2025-10-29,d95b5e9d-f2d5-4950-85a9-909e52f727ba,Penner Farms - SE 27-8-13 (site 2),a9f3ac23-6f93-447b-9037-adff01636562,Symo 24.0-3 480 (2),24.0,parsed_from_inverter_name,146.11,month,devwork
2025-10-29,d95b5e9d-f2d5-4950-85a9-909e52f727ba,Penner Farms - SE 27-8-13 (site 2),c3ec3bd8-8836-45bb-97b7-adff01636570,Symo 24.0-3 480 (3),24.0,parsed_from_inverter_name,143.05,month,devwork
2025-10-30,d95b5e9d-f2d5-4950-85a9-909e52f727ba,Penner Farms - SE 27-8-13 (site 2),b8a6c9fe-5838-42e7-9faa-adff01636559,Symo 24.0-3 480 (1),24.0,parsed_from_inverter_name,149.62,month,devwork
2025-10-30,d95b5e9d-f2d5-4950-85a9-909e52f727ba,Penner Farms - SE 27-8-13 (site 2),a9f3ac23-6f93-447b-9037-adff01636562,Symo 24.0-3 480 (2),24.0,parsed_from_inverter_name,152.7,month,devwork
2025-10-30,d95b5e9d-f2d5-4950-85a9-909e52f727ba,Penner Farms - SE 27-8-13 (site 2),c3ec3bd8-8836-45bb-97b7-adff01636570,Symo 24.0-3 480 (3),24.0,parsed_from_inverter_name,149.64,month,devwork
2025-10-31,d95b5e9d-f2d5-4950-85a9-909e52f727ba,Penner Farms - SE 27-8-13 (site 2),b8a6c9fe-5838-42e7-9faa-adff01636559,Symo 24.0-3 480 (1),24.0,parsed_from_inverter_name,106.9,month,devwork
2025-10-31,d95b5e9d-f2d5-4950-85a9-909e52f727ba,Penner Farms - SE 27-8-13 (site 2),a9f3ac23-6f93-447b-9037-adff01636562,Symo 24.0-3 480 (2),24.0,parsed_from_inverter_name,110.39,month,devwork
2025-10-31,d95b5e9d-f2d5-4950-85a9-909e52f727ba,Penner Farms - SE 27-8-13 (site 2),c3ec3bd8-8836-45bb-97b7-adff01636570,Symo 24.0-3 480 (3),24.0,parsed_from_inverter_name,109.0,month,devwork
2025-11-01,d95b5e9d-f2d5-4950-85a9-909e52f727ba,Penner Farms - SE 27-8-13 (site 2),b8a6c9fe-5838-42e7-9faa-adff01636559,Symo 24.0-3 480 (1),24.0,parsed_from_inverter_name,34.89,month,devwork
2025-11-01,d95b5e9d-f2d5-4950-85a9-909e52f727ba,Penner Farms - SE 27-8-13 (site 2),a9f3ac23-6f93-447b-9037-adff01636562,Symo 24.0-3 480 (2),24.0,parsed_from_inverter_name,35.98,month,devwork
2025-11-01,d95b5e9d-f2d5-4950-85a9-909e52f727ba,Penner Farms - SE 27-8-13 (site 2),c3ec3bd8-8836-45bb-97b7-adff01636570,Symo 24.0-3 480 (3),24.0,parsed_from_inverter_name,35.66,month,devwork
2025-11-02,d95b5e9d-f2d5-4950-85a9-909e52f727ba,Penner Farms - SE 27-8-13 (site 2),b8a6c9fe-5838-42e7-9faa-adff01636559,Symo 24.0-3 480 (1),24.0,parsed_from_inverter_name,151.81,month,devwork
2025-11-02,d95b5e9d-f2d5-4950-85a9-909e52f727ba,Penner Farms - SE 27-8-13 (site 2),a9f3ac23-6f93-447b-9037-adff01636562,Symo 24.0-3 480 (2),24.0,parsed_from_inverter_name,155.51,month,devwork
2025-11-02,d95b5e9d-f2d5-4950-85a9-909e52f727ba,Penner Farms - SE 27-8-13 (site 2),c3ec3bd8-8836-45bb-97b7-adff01636570,Symo 24.0-3 480 (3),24.0,parsed_from_inverter_name,152.07,month,devwork
2025-11-03,d95b5e9d-f2d5-4950-85a9-909e52f727ba,Penner Farms - SE 27-8-13 (site 2),b8a6c9fe-5838-42e7-9faa-adff01636559,Symo 24.0-3 480 (1),24.0,parsed_from_inverter_name,37.12,month,devwork
2025-11-03,d95b5e9d-f2d5-4950-85a9-909e52f727ba,Penner Farms - SE 27-8-13 (site 2),a9f3ac23-6f93-447b-9037-adff01636562,Symo 24.0-3 480 (2),24.0,parsed_from_inverter_name,37.84,month,devwork
2025-11-03,d95b5e9d-f2d5-4950-85a9-909e52f727ba,Penner Farms - SE 27-8-13 (site 2),c3ec3bd8-8836-45bb-97b7-adff01636570,Symo 24.0-3 480 (3),24.0,parsed_from_inverter_name,37.72,month,devwork
2025-11-04,d95b5e9d-f2d5-4950-85a9-909e52f727ba,Penner Farms - SE 27-8-13 (site 2),b8a6c9fe-5838-42e7-9faa-adff01636559,Symo 24.0-3 480 (1),24.0,parsed_from_inverter_name,146.12,month,devwork
2025-11-04,d95b5e9d-f2d5-4950-85a9-909e52f727ba,Penner Farms - SE 27-8-13 (site 2),a9f3ac23-6f93-447b-9037-adff01636562,Symo 24.0-3 480 (2),24.0,parsed_from_inverter_name,149.19,month,devwork
2025-11-04,d95b5e9d-f2d5-4950-85a9-909e52f727ba,Penner Farms - SE 27-8-13 (site 2),c3ec3bd8-8836-45bb-97b7-adff01636570,Symo 24.0-3 480 (3),24.0,parsed_from_inverter_name,145.86,month,devwork
2025-11-05,d95b5e9d-f2d5-4950-85a9-909e52f727ba,Penner Farms - SE 27-8-13 (site 2),b8a6c9fe-5838-42e7-9faa-adff01636559,Symo 24.0-3 480 (1),24.0,parsed_from_inverter_name,53.14,month,devwork
2025-11-05,d95b5e9d-f2d5-4950-85a9-909e52f727ba,Penner Farms - SE 27-8-13 (site 2),a9f3ac23-6f93-447b-9037-adff01636562,Symo 24.0-3 480 (2),24.0,parsed_from_inverter_name,54.49,month,devwork
2025-11-05,d95b5e9d-f2d5-4950-85a9-909e52f727ba,Penner Farms - SE 27-8-13 (site 2),c3ec3bd8-8836-45bb-97b7-adff01636570,Symo 24.0-3 480 (3),24.0,parsed_from_inverter_name,54.11,month,devwork
2025-11-06,d95b5e9d-f2d5-4950-85a9-909e52f727ba,Penner Farms - SE 27-8-13 (site 2),b8a6c9fe-5838-42e7-9faa-adff01636559,Symo 24.0-3 480 (1),24.0,parsed_from_inverter_name,130.34,month,devwork
2025-11-06,d95b5e9d-f2d5-4950-85a9-909e52f727ba,Penner Farms - SE 27-8-13 (site 2),a9f3ac23-6f93-447b-9037-adff01636562,Symo 24.0-3 480 (2),24.0,parsed_from_inverter_name,133.16,month,devwork
2025-11-06,d95b5e9d-f2d5-4950-85a9-909e52f727ba,Penner Farms - SE 27-8-13 (site 2),c3ec3bd8-8836-45bb-97b7-adff01636570,Symo 24.0-3 480 (3),24.0,parsed_from_inverter_name,116.0,month,devwork
2025-11-07,d95b5e9d-f2d5-4950-85a9-909e52f727ba,Penner Farms - SE 27-8-13 (site 2),b8a6c9fe-5838-42e7-9faa-adff01636559,Symo 24.0-3 480 (1),24.0,parsed_from_inverter_name,16.41,month,devwork
2025-11-07,d95b5e9d-f2d5-4950-85a9-909e52f727ba,Penner Farms - SE 27-8-13 (site 2),a9f3ac23-6f93-447b-9037-adff01636562,Symo 24.0-3 480 (2),24.0,parsed_from_inverter_name,16.46,month,devwork
2025-11-07,d95b5e9d-f2d5-4950-85a9-909e52f727ba,Penner Farms - SE 27-8-13 (site 2),c3ec3bd8-8836-45bb-97b7-adff01636570,Symo 24.0-3 480 (3),24.0,parsed_from_inverter_name,16.29,month,devwork
2025-11-08,d95b5e9d-f2d5-4950-85a9-909e52f727ba,Penner Farms - SE 27-8-13 (site 2),b8a6c9fe-5838-42e7-9faa-adff01636559,Symo 24.0-3 480 (1),24.0,parsed_from_inverter_name,91.49,month,devwork
2025-11-08,d95b5e9d-f2d5-4950-85a9-909e52f727ba,Penner Farms - SE 27-8-13 (site 2),a9f3ac23-6f93-447b-9037-adff01636562,Symo 24.0-3 480 (2),24.0,parsed_from_inverter_name,87.13,month,devwork
2025-11-08,d95b5e9d-f2d5-4950-85a9-909e52f727ba,Penner Farms - SE 27-8-13 (site 2),c3ec3bd8-8836-45bb-97b7-adff01636570,Symo 24.0-3 480 (3),24.0,parsed_from_inverter_name,83.89,month,devwork
2025-11-09,d95b5e9d-f2d5-4950-85a9-909e52f727ba,Penner Farms - SE 27-8-13 (site 2),b8a6c9fe-5838-42e7-9faa-adff01636559,Symo 24.0-3 480 (1),24.0,parsed_from_inverter_name,40.06,month,devwork
2025-11-09,d95b5e9d-f2d5-4950-85a9-909e52f727ba,Penner Farms - SE 27-8-13 (site 2),a9f3ac23-6f93-447b-9037-adff01636562,Symo 24.0-3 480 (2),24.0,parsed_from_inverter_name,41.11,month,devwork
2025-11-09,d95b5e9d-f2d5-4950-85a9-909e52f727ba,Penner Farms - SE 27-8-13 (site 2),c3ec3bd8-8836-45bb-97b7-adff01636570,Symo 24.0-3 480 (3),24.0,parsed_from_inverter_name,40.78,month,devwork
2025-11-10,d95b5e9d-f2d5-4950-85a9-909e52f727ba,Penner Farms - SE 27-8-13 (site 2),b8a6c9fe-5838-42e7-9faa-adff01636559,Symo 24.0-3 480 (1),24.0,parsed_from_inverter_name,20.67,month,devwork
2025-11-10,d95b5e9d-f2d5-4950-85a9-909e52f727ba,Penner Farms - SE 27-8-13 (site 2),a9f3ac23-6f93-447b-9037-adff01636562,Symo 24.0-3 480 (2),24.0,parsed_from_inverter_name,21.41,month,devwork
2025-11-10,d95b5e9d-f2d5-4950-85a9-909e52f727ba,Penner Farms - SE 27-8-13 (site 2),c3ec3bd8-8836-45bb-97b7-adff01636570,Symo 24.0-3 480 (3),24.0,parsed_from_inverter_name,21.35,month,devwork
2025-11-11,d95b5e9d-f2d5-4950-85a9-909e52f727ba,Penner Farms - SE 27-8-13 (site 2),b8a6c9fe-5838-42e7-9faa-adff01636559,Symo 24.0-3 480 (1),24.0,parsed_from_inverter_name,74.47,month,devwork
2025-11-11,d95b5e9d-f2d5-4950-85a9-909e52f727ba,Penner Farms - SE 27-8-13 (site 2),a9f3ac23-6f93-447b-9037-adff01636562,Symo 24.0-3 480 (2),24.0,parsed_from_inverter_name,76.47,month,devwork
2025-11-11,d95b5e9d-f2d5-4950-85a9-909e52f727ba,Penner Farms - SE 27-8-13 (site 2),c3ec3bd8-8836-45bb-97b7-adff01636570,Symo 24.0-3 480 (3),24.0,parsed_from_inverter_name,75.17,month,devwork
2025-11-12,d95b5e9d-f2d5-4950-85a9-909e52f727ba,Penner Farms - SE 27-8-13 (site 2),b8a6c9fe-5838-42e7-9faa-adff01636559,Symo 24.0-3 480 (1),24.0,parsed_from_inverter_name,81.07,month,devwork
2025-11-12,d95b5e9d-f2d5-4950-85a9-909e52f727ba,Penner Farms - SE 27-8-13 (site 2),a9f3ac23-6f93-447b-9037-adff01636562,Symo 24.0-3 480 (2),24.0,parsed_from_inverter_name,83.14,month,devwork
2025-11-12,d95b5e9d-f2d5-4950-85a9-909e52f727ba,Penner Farms - SE 27-8-13 (site 2),c3ec3bd8-8836-45bb-97b7-adff01636570,Symo 24.0-3 480 (3),24.0,parsed_from_inverter_name,81.62,month,devwork
2025-11-13,d95b5e9d-f2d5-4950-85a9-909e52f727ba,Penner Farms - SE 27-8-13 (site 2),b8a6c9fe-5838-42e7-9faa-adff01636559,Symo 24.0-3 480 (1),24.0,parsed_from_inverter_name,60.0,month,devwork
2025-11-13,d95b5e9d-f2d5-4950-85a9-909e52f727ba,Penner Farms - SE 27-8-13 (site 2),a9f3ac23-6f93-447b-9037-adff01636562,Symo 24.0-3 480 (2),24.0,parsed_from_inverter_name,61.69,month,devwork
2025-11-13,d95b5e9d-f2d5-4950-85a9-909e52f727ba,Penner Farms - SE 27-8-13 (site 2),c3ec3bd8-8836-45bb-97b7-adff01636570,Symo 24.0-3 480 (3),24.0,parsed_from_inverter_name,60.58,month,devwork
2025-11-14,d95b5e9d-f2d5-4950-85a9-909e52f727ba,Penner Farms - SE 27-8-13 (site 2),b8a6c9fe-5838-42e7-9faa-adff01636559,Symo 24.0-3 480 (1),24.0,parsed_from_inverter_name,14.97,month,devwork
2025-11-14,d95b5e9d-f2d5-4950-85a9-909e52f727ba,Penner Farms - SE 27-8-13 (site 2),a9f3ac23-6f93-447b-9037-adff01636562,Symo 24.0-3 480 (2),24.0,parsed_from_inverter_name,15.2,month,devwork
2025-11-14,d95b5e9d-f2d5-4950-85a9-909e52f727ba,Penner Farms - SE 27-8-13 (site 2),c3ec3bd8-8836-45bb-97b7-adff01636570,Symo 24.0-3 480 (3),24.0,parsed_from_inverter_name,15.3,month,devwork
2025-11-15,d95b5e9d-f2d5-4950-85a9-909e52f727ba,Penner Farms - SE 27-8-13 (site 2),b8a6c9fe-5838-42e7-9faa-adff01636559,Symo 24.0-3 480 (1),24.0,parsed_from_inverter_name,92.91,month,devwork
2025-11-15,d95b5e9d-f2d5-4950-85a9-909e52f727ba,Penner Farms - SE 27-8-13 (site 2),a9f3ac23-6f93-447b-9037-adff01636562,Symo 24.0-3 480 (2),24.0,parsed_from_inverter_name,98.08,month,devwork
2025-11-15,d95b5e9d-f2d5-4950-85a9-909e52f727ba,Penner Farms - SE 27-8-13 (site 2),c3ec3bd8-8836-45bb-97b7-adff01636570,Symo 24.0-3 480 (3),24.0,parsed_from_inverter_name,92.51,month,devwork
2025-11-16,d95b5e9d-f2d5-4950-85a9-909e52f727ba,Penner Farms - SE 27-8-13 (site 2),b8a6c9fe-5838-42e7-9faa-adff01636559,Symo 24.0-3 480 (1),24.0,parsed_from_inverter_name,93.78,month,devwork
2025-11-16,d95b5e9d-f2d5-4950-85a9-909e52f727ba,Penner Farms - SE 27-8-13 (site 2),a9f3ac23-6f93-447b-9037-adff01636562,Symo 24.0-3 480 (2),24.0,parsed_from_inverter_name,99.06,month,devwork
2025-11-16,d95b5e9d-f2d5-4950-85a9-909e52f727ba,Penner Farms - SE 27-8-13 (site 2),c3ec3bd8-8836-45bb-97b7-adff01636570,Symo 24.0-3 480 (3),24.0,parsed_from_inverter_name,96.71,month,devwork
2025-11-17,d95b5e9d-f2d5-4950-85a9-909e52f727ba,Penner Farms - SE 27-8-13 (site 2),b8a6c9fe-5838-42e7-9faa-adff01636559,Symo 24.0-3 480 (1),24.0,parsed_from_inverter_name,77.2,month,devwork
2025-11-17,d95b5e9d-f2d5-4950-85a9-909e52f727ba,Penner Farms - SE 27-8-13 (site 2),a9f3ac23-6f93-447b-9037-adff01636562,Symo 24.0-3 480 (2),24.0,parsed_from_inverter_name,80.75,month,devwork
2025-11-17,d95b5e9d-f2d5-4950-85a9-909e52f727ba,Penner Farms - SE 27-8-13 (site 2),c3ec3bd8-8836-45bb-97b7-adff01636570,Symo 24.0-3 480 (3),24.0,parsed_from_inverter_name,79.38,month,devwork
2025-11-18,d95b5e9d-f2d5-4950-85a9-909e52f727ba,Penner Farms - SE 27-8-13 (site 2),b8a6c9fe-5838-42e7-9faa-adff01636559,Symo 24.0-3 480 (1),24.0,parsed_from_inverter_name,12.81,month,devwork
2025-11-18,d95b5e9d-f2d5-4950-85a9-909e52f727ba,Penner Farms - SE 27-8-13 (site 2),a9f3ac23-6f93-447b-9037-adff01636562,Symo 24.0-3 480 (2),24.0,parsed_from_inverter_name,13.04,month,devwork
2025-11-18,d95b5e9d-f2d5-4950-85a9-909e52f727ba,Penner Farms - SE 27-8-13 (site 2),c3ec3bd8-8836-45bb-97b7-adff01636570,Symo 24.0-3 480 (3),24.0,parsed_from_inverter_name,13.05,month,devwork
2025-11-19,d95b5e9d-f2d5-4950-85a9-909e52f727ba,Penner Farms - SE 27-8-13 (site 2),b8a6c9fe-5838-42e7-9faa-adff01636559,Symo 24.0-3 480 (1),24.0,parsed_from_inverter_name,124.62,month,devwork
2025-11-19,d95b5e9d-f2d5-4950-85a9-909e52f727ba,Penner Farms - SE 27-8-13 (site 2),a9f3ac23-6f93-447b-9037-adff01636562,Symo 24.0-3 480 (2),24.0,parsed_from_inverter_name,128.27,month,devwork
2025-11-19,d95b5e9d-f2d5-4950-85a9-909e52f727ba,Penner Farms - SE 27-8-13 (site 2),c3ec3bd8-8836-45bb-97b7-adff01636570,Symo 24.0-3 480 (3),24.0,parsed_from_inverter_name,122.51,month,devwork
2025-11-20,d95b5e9d-f2d5-4950-85a9-909e52f727ba,Penner Farms - SE 27-8-13 (site 2),b8a6c9fe-5838-42e7-9faa-adff01636559,Symo 24.0-3 480 (1),24.0,parsed_from_inverter_name,125.06,month,devwork
2025-11-20,d95b5e9d-f2d5-4950-85a9-909e52f727ba,Penner Farms - SE 27-8-13 (site 2),a9f3ac23-6f93-447b-9037-adff01636562,Symo 24.0-3 480 (2),24.0,parsed_from_inverter_name,131.74,month,devwork
2025-11-20,d95b5e9d-f2d5-4950-85a9-909e52f727ba,Penner Farms - SE 27-8-13 (site 2),c3ec3bd8-8836-45bb-97b7-adff01636570,Symo 24.0-3 480 (3),24.0,parsed_from_inverter_name,128.41,month,devwork
2025-11-21,d95b5e9d-f2d5-4950-85a9-909e52f727ba,Penner Farms - SE 27-8-13 (site 2),b8a6c9fe-5838-42e7-9faa-adff01636559,Symo 24.0-3 480 (1),24.0,parsed_from_inverter_name,55.05,month,devwork
2025-11-21,d95b5e9d-f2d5-4950-85a9-909e52f727ba,Penner Farms - SE 27-8-13 (site 2),a9f3ac23-6f93-447b-9037-adff01636562,Symo 24.0-3 480 (2),24.0,parsed_from_inverter_name,57.21,month,devwork
2025-11-21,d95b5e9d-f2d5-4950-85a9-909e52f727ba,Penner Farms - SE 27-8-13 (site 2),c3ec3bd8-8836-45bb-97b7-adff01636570,Symo 24.0-3 480 (3),24.0,parsed_from_inverter_name,56.45,month,devwork
2025-11-22,d95b5e9d-f2d5-4950-85a9-909e52f727ba,Penner Farms - SE 27-8-13 (site 2),b8a6c9fe-5838-42e7-9faa-adff01636559,Symo 24.0-3 480 (1),24.0,parsed_from_inverter_name,60.02,month,devwork
2025-11-22,d95b5e9d-f2d5-4950-85a9-909e52f727ba,Penner Farms - SE 27-8-13 (site 2),a9f3ac23-6f93-447b-9037-adff01636562,Symo 24.0-3 480 (2),24.0,parsed_from_inverter_name,61.86,month,devwork
2025-11-22,d95b5e9d-f2d5-4950-85a9-909e52f727ba,Penner Farms - SE 27-8-13 (site 2),c3ec3bd8-8836-45bb-97b7-adff01636570,Symo 24.0-3 480 (3),24.0,parsed_from_inverter_name,60.77,month,devwork
2025-11-23,d95b5e9d-f2d5-4950-85a9-909e52f727ba,Penner Farms - SE 27-8-13 (site 2),b8a6c9fe-5838-42e7-9faa-adff01636559,Symo 24.0-3 480 (1),24.0,parsed_from_inverter_name,47.08,month,devwork
2025-11-23,d95b5e9d-f2d5-4950-85a9-909e52f727ba,Penner Farms - SE 27-8-13 (site 2),a9f3ac23-6f93-447b-9037-adff01636562,Symo 24.0-3 480 (2),24.0,parsed_from_inverter_name,48.29,month,devwork
2025-11-23,d95b5e9d-f2d5-4950-85a9-909e52f727ba,Penner Farms - SE 27-8-13 (site 2),c3ec3bd8-8836-45bb-97b7-adff01636570,Symo 24.0-3 480 (3),24.0,parsed_from_inverter_name,47.61,month,devwork
2025-11-24,d95b5e9d-f2d5-4950-85a9-909e52f727ba,Penner Farms - SE 27-8-13 (site 2),b8a6c9fe-5838-42e7-9faa-adff01636559,Symo 24.0-3 480 (1),24.0,parsed_from_inverter_name,6.73,month,devwork
2025-11-24,d95b5e9d-f2d5-4950-85a9-909e52f727ba,Penner Farms - SE 27-8-13 (site 2),a9f3ac23-6f93-447b-9037-adff01636562,Symo 24.0-3 480 (2),24.0,parsed_from_inverter_name,5.53,month,devwork
2025-11-24,d95b5e9d-f2d5-4950-85a9-909e52f727ba,Penner Farms - SE 27-8-13 (site 2),c3ec3bd8-8836-45bb-97b7-adff01636570,Symo 24.0-3 480 (3),24.0,parsed_from_inverter_name,6.61,month,devwork
2025-11-25,d95b5e9d-f2d5-4950-85a9-909e52f727ba,Penner Farms - SE 27-8-13 (site 2),b8a6c9fe-5838-42e7-9faa-adff01636559,Symo 24.0-3 480 (1),24.0,parsed_from_inverter_name,36.84,month,devwork
2025-11-25,d95b5e9d-f2d5-4950-85a9-909e52f727ba,Penner Farms - SE 27-8-13 (site 2),a9f3ac23-6f93-447b-9037-adff01636562,Symo 24.0-3 480 (2),24.0,parsed_from_inverter_name,19.68,month,devwork
2025-11-25,d95b5e9d-f2d5-4950-85a9-909e52f727ba,Penner Farms - SE 27-8-13 (site 2),c3ec3bd8-8836-45bb-97b7-adff01636570,Symo 24.0-3 480 (3),24.0,parsed_from_inverter_name,29.34,month,devwork
2025-11-26,d95b5e9d-f2d5-4950-85a9-909e52f727ba,Penner Farms - SE 27-8-13 (site 2),b8a6c9fe-5838-42e7-9faa-adff01636559,Symo 24.0-3 480 (1),24.0,parsed_from_inverter_name,63.58,month,devwork
2025-11-26,d95b5e9d-f2d5-4950-85a9-909e52f727ba,Penner Farms - SE 27-8-13 (site 2),a9f3ac23-6f93-447b-9037-adff01636562,Symo 24.0-3 480 (2),24.0,parsed_from_inverter_name,52.5,month,devwork
2025-11-26,d95b5e9d-f2d5-4950-85a9-909e52f727ba,Penner Farms - SE 27-8-13 (site 2),c3ec3bd8-8836-45bb-97b7-adff01636570,Symo 24.0-3 480 (3),24.0,parsed_from_inverter_name,54.67,month,devwork
2025-11-27,d95b5e9d-f2d5-4950-85a9-909e52f727ba,Penner Farms - SE 27-8-13 (site 2),b8a6c9fe-5838-42e7-9faa-adff01636559,Symo 24.0-3 480 (1),24.0,parsed_from_inverter_name,33.26,month,devwork
2025-11-27,d95b5e9d-f2d5-4950-85a9-909e52f727ba,Penner Farms - SE 27-8-13 (site 2),a9f3ac23-6f93-447b-9037-adff01636562,Symo 24.0-3 480 (2),24.0,parsed_from_inverter_name,28.48,month,devwork
2025-11-27,d95b5e9d-f2d5-4950-85a9-909e52f727ba,Penner Farms - SE 27-8-13 (site 2),c3ec3bd8-8836-45bb-97b7-adff01636570,Symo 24.0-3 480 (3),24.0,parsed_from_inverter_name,29.43,month,devwork
2025-11-28,d95b5e9d-f2d5-4950-85a9-909e52f727ba,Penner Farms - SE 27-8-13 (site 2),b8a6c9fe-5838-42e7-9faa-adff01636559,Symo 24.0-3 480 (1),24.0,parsed_from_inverter_name,10.62,month,devwork
2025-11-28,d95b5e9d-f2d5-4950-85a9-909e52f727ba,Penner Farms - SE 27-8-13 (site 2),a9f3ac23-6f93-447b-9037-adff01636562,Symo 24.0-3 480 (2),24.0,parsed_from_inverter_name,12.37,month,devwork
2025-11-28,d95b5e9d-f2d5-4950-85a9-909e52f727ba,Penner Farms - SE 27-8-13 (site 2),c3ec3bd8-8836-45bb-97b7-adff01636570,Symo 24.0-3 480 (3),24.0,parsed_from_inverter_name,12.15,month,devwork
2025-11-29,d95b5e9d-f2d5-4950-85a9-909e52f727ba,Penner Farms - SE 27-8-13 (site 2),b8a6c9fe-5838-42e7-9faa-adff01636559,Symo 24.0-3 480 (1),24.0,parsed_from_inverter_name,44.48,month,devwork
2025-11-29,d95b5e9d-f2d5-4950-85a9-909e52f727ba,Penner Farms - SE 27-8-13 (site 2),a9f3ac23-6f93-447b-9037-adff01636562,Symo 24.0-3 480 (2),24.0,parsed_from_inverter_name,48.49,month,devwork
2025-11-29,d95b5e9d-f2d5-4950-85a9-909e52f727ba,Penner Farms - SE 27-8-13 (site 2),c3ec3bd8-8836-45bb-97b7-adff01636570,Symo 24.0-3 480 (3),24.0,parsed_from_inverter_name,38.68,month,devwork
2025-11-30,d95b5e9d-f2d5-4950-85a9-909e52f727ba,Penner Farms - SE 27-8-13 (site 2),b8a6c9fe-5838-42e7-9faa-adff01636559,Symo 24.0-3 480 (1),24.0,parsed_from_inverter_name,44.55,month,devwork
2025-11-30,d95b5e9d-f2d5-4950-85a9-909e52f727ba,Penner Farms - SE 27-8-13 (site 2),a9f3ac23-6f93-447b-9037-adff01636562,Symo 24.0-3 480 (2),24.0,parsed_from_inverter_name,41.54,month,devwork
2025-11-30,d95b5e9d-f2d5-4950-85a9-909e52f727ba,Penner Farms - SE 27-8-13 (site 2),c3ec3bd8-8836-45bb-97b7-adff01636570,Symo 24.0-3 480 (3),24.0,parsed_from_inverter_name,36.57,month,devwork
2025-12-01,d95b5e9d-f2d5-4950-85a9-909e52f727ba,Penner Farms - SE 27-8-13 (site 2),b8a6c9fe-5838-42e7-9faa-adff01636559,Symo 24.0-3 480 (1),24.0,parsed_from_inverter_name,34.7,month,devwork
2025-12-01,d95b5e9d-f2d5-4950-85a9-909e52f727ba,Penner Farms - SE 27-8-13 (site 2),a9f3ac23-6f93-447b-9037-adff01636562,Symo 24.0-3 480 (2),24.0,parsed_from_inverter_name,34.95,month,devwork
2025-12-01,d95b5e9d-f2d5-4950-85a9-909e52f727ba,Penner Farms - SE 27-8-13 (site 2),c3ec3bd8-8836-45bb-97b7-adff01636570,Symo 24.0-3 480 (3),24.0,parsed_from_inverter_name,32.78,month,devwork
2025-12-02,d95b5e9d-f2d5-4950-85a9-909e52f727ba,Penner Farms - SE 27-8-13 (site 2),b8a6c9fe-5838-42e7-9faa-adff01636559,Symo 24.0-3 480 (1),24.0,parsed_from_inverter_name,28.4,month,devwork
2025-12-02,d95b5e9d-f2d5-4950-85a9-909e52f727ba,Penner Farms - SE 27-8-13 (site 2),a9f3ac23-6f93-447b-9037-adff01636562,Symo 24.0-3 480 (2),24.0,parsed_from_inverter_name,29.76,month,devwork
2025-12-02,d95b5e9d-f2d5-4950-85a9-909e52f727ba,Penner Farms - SE 27-8-13 (site 2),c3ec3bd8-8836-45bb-97b7-adff01636570,Symo 24.0-3 480 (3),24.0,parsed_from_inverter_name,29.71,month,devwork
2025-12-03,d95b5e9d-f2d5-4950-85a9-909e52f727ba,Penner Farms - SE 27-8-13 (site 2),b8a6c9fe-5838-42e7-9faa-adff01636559,Symo 24.0-3 480 (1),24.0,parsed_from_inverter_name,101.21,month,devwork
2025-12-03,d95b5e9d-f2d5-4950-85a9-909e52f727ba,Penner Farms - SE 27-8-13 (site 2),a9f3ac23-6f93-447b-9037-adff01636562,Symo 24.0-3 480 (2),24.0,parsed_from_inverter_name,110.42,month,devwork
2025-12-03,d95b5e9d-f2d5-4950-85a9-909e52f727ba,Penner Farms - SE 27-8-13 (site 2),c3ec3bd8-8836-45bb-97b7-adff01636570,Symo 24.0-3 480 (3),24.0,parsed_from_inverter_name,107.75,month,devwork
2025-12-04,d95b5e9d-f2d5-4950-85a9-909e52f727ba,Penner Farms - SE 27-8-13 (site 2),b8a6c9fe-5838-42e7-9faa-adff01636559,Symo 24.0-3 480 (1),24.0,parsed_from_inverter_name,73.5,month,devwork
2025-12-04,d95b5e9d-f2d5-4950-85a9-909e52f727ba,Penner Farms - SE 27-8-13 (site 2),a9f3ac23-6f93-447b-9037-adff01636562,Symo 24.0-3 480 (2),24.0,parsed_from_inverter_name,75.8,month,devwork
2025-12-04,d95b5e9d-f2d5-4950-85a9-909e52f727ba,Penner Farms - SE 27-8-13 (site 2),c3ec3bd8-8836-45bb-97b7-adff01636570,Symo 24.0-3 480 (3),24.0,parsed_from_inverter_name,74.6,month,devwork
2025-12-05,d95b5e9d-f2d5-4950-85a9-909e52f727ba,Penner Farms - SE 27-8-13 (site 2),b8a6c9fe-5838-42e7-9faa-adff01636559,Symo 24.0-3 480 (1),24.0,parsed_from_inverter_name,39.64,month,devwork
2025-12-05,d95b5e9d-f2d5-4950-85a9-909e52f727ba,Penner Farms - SE 27-8-13 (site 2),a9f3ac23-6f93-447b-9037-adff01636562,Symo 24.0-3 480 (2),24.0,parsed_from_inverter_name,41.57,month,devwork
2025-12-05,d95b5e9d-f2d5-4950-85a9-909e52f727ba,Penner Farms - SE 27-8-13 (site 2),c3ec3bd8-8836-45bb-97b7-adff01636570,Symo 24.0-3 480 (3),24.0,parsed_from_inverter_name,41.31,month,devwork
2025-12-06,d95b5e9d-f2d5-4950-85a9-909e52f727ba,Penner Farms - SE 27-8-13 (site 2),b8a6c9fe-5838-42e7-9faa-adff01636559,Symo 24.0-3 480 (1),24.0,parsed_from_inverter_name,20.61,month,devwork
2025-12-06,d95b5e9d-f2d5-4950-85a9-909e52f727ba,Penner Farms - SE 27-8-13 (site 2),a9f3ac23-6f93-447b-9037-adff01636562,Symo 24.0-3 480 (2),24.0,parsed_from_inverter_name,16.4,month,devwork
2025-12-06,d95b5e9d-f2d5-4950-85a9-909e52f727ba,Penner Farms - SE 27-8-13 (site 2),c3ec3bd8-8836-45bb-97b7-adff01636570,Symo 24.0-3 480 (3),24.0,parsed_from_inverter_name,17.57,month,devwork
2025-12-07,d95b5e9d-f2d5-4950-85a9-909e52f727ba,Penner Farms - SE 27-8-13 (site 2),b8a6c9fe-5838-42e7-9faa-adff01636559,Symo 24.0-3 480 (1),24.0,parsed_from_inverter_name,30.25,month,devwork
2025-12-07,d95b5e9d-f2d5-4950-85a9-909e52f727ba,Penner Farms - SE 27-8-13 (site 2),a9f3ac23-6f93-447b-9037-adff01636562,Symo 24.0-3 480 (2),24.0,parsed_from_inverter_name,27.21,month,devwork
2025-12-07,d95b5e9d-f2d5-4950-85a9-909e52f727ba,Penner Farms - SE 27-8-13 (site 2),c3ec3bd8-8836-45bb-97b7-adff01636570,Symo 24.0-3 480 (3),24.0,parsed_from_inverter_name,27.36,month,devwork
2025-12-08,d95b5e9d-f2d5-4950-85a9-909e52f727ba,Penner Farms - SE 27-8-13 (site 2),b8a6c9fe-5838-42e7-9faa-adff01636559,Symo 24.0-3 480 (1),24.0,parsed_from_inverter_name,21.84,month,devwork
2025-12-08,d95b5e9d-f2d5-4950-85a9-909e52f727ba,Penner Farms - SE 27-8-13 (site 2),a9f3ac23-6f93-447b-9037-adff01636562,Symo 24.0-3 480 (2),24.0,parsed_from_inverter_name,22.74,month,devwork
2025-12-08,d95b5e9d-f2d5-4950-85a9-909e52f727ba,Penner Farms - SE 27-8-13 (site 2),c3ec3bd8-8836-45bb-97b7-adff01636570,Symo 24.0-3 480 (3),24.0,parsed_from_inverter_name,22.91,month,devwork
2025-12-09,d95b5e9d-f2d5-4950-85a9-909e52f727ba,Penner Farms - SE 27-8-13 (site 2),b8a6c9fe-5838-42e7-9faa-adff01636559,Symo 24.0-3 480 (1),24.0,parsed_from_inverter_name,75.35,month,devwork
2025-12-09,d95b5e9d-f2d5-4950-85a9-909e52f727ba,Penner Farms - SE 27-8-13 (site 2),a9f3ac23-6f93-447b-9037-adff01636562,Symo 24.0-3 480 (2),24.0,parsed_from_inverter_name,79.0,month,devwork
2025-12-09,d95b5e9d-f2d5-4950-85a9-909e52f727ba,Penner Farms - SE 27-8-13 (site 2),c3ec3bd8-8836-45bb-97b7-adff01636570,Symo 24.0-3 480 (3),24.0,parsed_from_inverter_name,76.61,month,devwork
2025-12-10,d95b5e9d-f2d5-4950-85a9-909e52f727ba,Penner Farms - SE 27-8-13 (site 2),b8a6c9fe-5838-42e7-9faa-adff01636559,Symo 24.0-3 480 (1),24.0,parsed_from_inverter_name,21.11,month,devwork
2025-12-10,d95b5e9d-f2d5-4950-85a9-909e52f727ba,Penner Farms - SE 27-8-13 (site 2),a9f3ac23-6f93-447b-9037-adff01636562,Symo 24.0-3 480 (2),24.0,parsed_from_inverter_name,21.64,month,devwork
2025-12-10,d95b5e9d-f2d5-4950-85a9-909e52f727ba,Penner Farms - SE 27-8-13 (site 2),c3ec3bd8-8836-45bb-97b7-adff01636570,Symo 24.0-3 480 (3),24.0,parsed_from_inverter_name,21.56,month,devwork
2025-12-12,d95b5e9d-f2d5-4950-85a9-909e52f727ba,Penner Farms - SE 27-8-13 (site 2),b8a6c9fe-5838-42e7-9faa-adff01636559,Symo 24.0-3 480 (1),24.0,parsed_from_inverter_name,13.78,month,devwork
2025-12-12,d95b5e9d-f2d5-4950-85a9-909e52f727ba,Penner Farms - SE 27-8-13 (site 2),a9f3ac23-6f93-447b-9037-adff01636562,Symo 24.0-3 480 (2),24.0,parsed_from_inverter_name,14.29,month,devwork
2025-12-12,d95b5e9d-f2d5-4950-85a9-909e52f727ba,Penner Farms - SE 27-8-13 (site 2),c3ec3bd8-8836-45bb-97b7-adff01636570,Symo 24.0-3 480 (3),24.0,parsed_from_inverter_name,15.23,month,devwork
2025-12-13,d95b5e9d-f2d5-4950-85a9-909e52f727ba,Penner Farms - SE 27-8-13 (site 2),b8a6c9fe-5838-42e7-9faa-adff01636559,Symo 24.0-3 480 (1),24.0,parsed_from_inverter_name,12.36,month,devwork
2025-12-13,d95b5e9d-f2d5-4950-85a9-909e52f727ba,Penner Farms - SE 27-8-13 (site 2),a9f3ac23-6f93-447b-9037-adff01636562,Symo 24.0-3 480 (2),24.0,parsed_from_inverter_name,13.72,month,devwork
2025-12-13,d95b5e9d-f2d5-4950-85a9-909e52f727ba,Penner Farms - SE 27-8-13 (site 2),c3ec3bd8-8836-45bb-97b7-adff01636570,Symo 24.0-3 480 (3),24.0,parsed_from_inverter_name,13.23,month,devwork
2025-12-14,d95b5e9d-f2d5-4950-85a9-909e52f727ba,Penner Farms - SE 27-8-13 (site 2),b8a6c9fe-5838-42e7-9faa-adff01636559,Symo 24.0-3 480 (1),24.0,parsed_from_inverter_name,26.14,month,devwork
2025-12-14,d95b5e9d-f2d5-4950-85a9-909e52f727ba,Penner Farms - SE 27-8-13 (site 2),a9f3ac23-6f93-447b-9037-adff01636562,Symo 24.0-3 480 (2),24.0,parsed_from_inverter_name,29.09,month,devwork
2025-12-14,d95b5e9d-f2d5-4950-85a9-909e52f727ba,Penner Farms - SE 27-8-13 (site 2),c3ec3bd8-8836-45bb-97b7-adff01636570,Symo 24.0-3 480 (3),24.0,parsed_from_inverter_name,28.85,month,devwork
2025-12-15,d95b5e9d-f2d5-4950-85a9-909e52f727ba,Penner Farms - SE 27-8-13 (site 2),b8a6c9fe-5838-42e7-9faa-adff01636559,Symo 24.0-3 480 (1),24.0,parsed_from_inverter_name,23.88,month,devwork
2025-12-15,d95b5e9d-f2d5-4950-85a9-909e52f727ba,Penner Farms - SE 27-8-13 (site 2),a9f3ac23-6f93-447b-9037-adff01636562,Symo 24.0-3 480 (2),24.0,parsed_from_inverter_name,26.11,month,devwork
2025-12-15,d95b5e9d-f2d5-4950-85a9-909e52f727ba,Penner Farms - SE 27-8-13 (site 2),c3ec3bd8-8836-45bb-97b7-adff01636570,Symo 24.0-3 480 (3),24.0,parsed_from_inverter_name,25.78,month,devwork
2025-12-17,d95b5e9d-f2d5-4950-85a9-909e52f727ba,Penner Farms - SE 27-8-13 (site 2),b8a6c9fe-5838-42e7-9faa-adff01636559,Symo 24.0-3 480 (1),24.0,parsed_from_inverter_name,0.49,month,devwork
2025-12-17,d95b5e9d-f2d5-4950-85a9-909e52f727ba,Penner Farms - SE 27-8-13 (site 2),a9f3ac23-6f93-447b-9037-adff01636562,Symo 24.0-3 480 (2),24.0,parsed_from_inverter_name,0.5,month,devwork
2025-12-17,d95b5e9d-f2d5-4950-85a9-909e52f727ba,Penner Farms - SE 27-8-13 (site 2),c3ec3bd8-8836-45bb-97b7-adff01636570,Symo 24.0-3 480 (3),24.0,parsed_from_inverter_name,0.51,month,devwork
2025-12-18,d95b5e9d-f2d5-4950-85a9-909e52f727ba,Penner Farms - SE 27-8-13 (site 2),b8a6c9fe-5838-42e7-9faa-adff01636559,Symo 24.0-3 480 (1),24.0,parsed_from_inverter_name,45.49,month,devwork
2025-12-18,d95b5e9d-f2d5-4950-85a9-909e52f727ba,Penner Farms - SE 27-8-13 (site 2),a9f3ac23-6f93-447b-9037-adff01636562,Symo 24.0-3 480 (2),24.0,parsed_from_inverter_name,49.56,month,devwork
2025-12-18,d95b5e9d-f2d5-4950-85a9-909e52f727ba,Penner Farms - SE 27-8-13 (site 2),c3ec3bd8-8836-45bb-97b7-adff01636570,Symo 24.0-3 480 (3),24.0,parsed_from_inverter_name,48.82,month,devwork
2025-12-19,d95b5e9d-f2d5-4950-85a9-909e52f727ba,Penner Farms - SE 27-8-13 (site 2),b8a6c9fe-5838-42e7-9faa-adff01636559,Symo 24.0-3 480 (1),24.0,parsed_from_inverter_name,90.36,month,devwork
2025-12-19,d95b5e9d-f2d5-4950-85a9-909e52f727ba,Penner Farms - SE 27-8-13 (site 2),a9f3ac23-6f93-447b-9037-adff01636562,Symo 24.0-3 480 (2),24.0,parsed_from_inverter_name,94.81,month,devwork
2025-12-19,d95b5e9d-f2d5-4950-85a9-909e52f727ba,Penner Farms - SE 27-8-13 (site 2),c3ec3bd8-8836-45bb-97b7-adff01636570,Symo 24.0-3 480 (3),24.0,parsed_from_inverter_name,92.22,month,devwork
2025-12-20,d95b5e9d-f2d5-4950-85a9-909e52f727ba,Penner Farms - SE 27-8-13 (site 2),b8a6c9fe-5838-42e7-9faa-adff01636559,Symo 24.0-3 480 (1),24.0,parsed_from_inverter_name,93.39,month,devwork
2025-12-20,d95b5e9d-f2d5-4950-85a9-909e52f727ba,Penner Farms - SE 27-8-13 (site 2),a9f3ac23-6f93-447b-9037-adff01636562,Symo 24.0-3 480 (2),24.0,parsed_from_inverter_name,102.52,month,devwork
2025-12-20,d95b5e9d-f2d5-4950-85a9-909e52f727ba,Penner Farms - SE 27-8-13 (site 2),c3ec3bd8-8836-45bb-97b7-adff01636570,Symo 24.0-3 480 (3),24.0,parsed_from_inverter_name,99.82,month,devwork
2025-12-21,d95b5e9d-f2d5-4950-85a9-909e52f727ba,Penner Farms - SE 27-8-13 (site 2),b8a6c9fe-5838-42e7-9faa-adff01636559,Symo 24.0-3 480 (1),24.0,parsed_from_inverter_name,26.74,month,devwork
2025-12-21,d95b5e9d-f2d5-4950-85a9-909e52f727ba,Penner Farms - SE 27-8-13 (site 2),a9f3ac23-6f93-447b-9037-adff01636562,Symo 24.0-3 480 (2),24.0,parsed_from_inverter_name,27.17,month,devwork
2025-12-21,d95b5e9d-f2d5-4950-85a9-909e52f727ba,Penner Farms - SE 27-8-13 (site 2),c3ec3bd8-8836-45bb-97b7-adff01636570,Symo 24.0-3 480 (3),24.0,parsed_from_inverter_name,27.15,month,devwork
2025-12-22,d95b5e9d-f2d5-4950-85a9-909e52f727ba,Penner Farms - SE 27-8-13 (site 2),b8a6c9fe-5838-42e7-9faa-adff01636559,Symo 24.0-3 480 (1),24.0,parsed_from_inverter_name,13.74,month,devwork
2025-12-22,d95b5e9d-f2d5-4950-85a9-909e52f727ba,Penner Farms - SE 27-8-13 (site 2),a9f3ac23-6f93-447b-9037-adff01636562,Symo 24.0-3 480 (2),24.0,parsed_from_inverter_name,13.77,month,devwork
2025-12-22,d95b5e9d-f2d5-4950-85a9-909e52f727ba,Penner Farms - SE 27-8-13 (site 2),c3ec3bd8-8836-45bb-97b7-adff01636570,Symo 24.0-3 480 (3),24.0,parsed_from_inverter_name,13.26,month,devwork
2025-12-23,d95b5e9d-f2d5-4950-85a9-909e52f727ba,Penner Farms - SE 27-8-13 (site 2),b8a6c9fe-5838-42e7-9faa-adff01636559,Symo 24.0-3 480 (1),24.0,parsed_from_inverter_name,46.74,month,devwork
2025-12-23,d95b5e9d-f2d5-4950-85a9-909e52f727ba,Penner Farms - SE 27-8-13 (site 2),a9f3ac23-6f93-447b-9037-adff01636562,Symo 24.0-3 480 (2),24.0,parsed_from_inverter_name,49.85,month,devwork
2025-12-23,d95b5e9d-f2d5-4950-85a9-909e52f727ba,Penner Farms - SE 27-8-13 (site 2),c3ec3bd8-8836-45bb-97b7-adff01636570,Symo 24.0-3 480 (3),24.0,parsed_from_inverter_name,48.96,month,devwork
2025-12-24,d95b5e9d-f2d5-4950-85a9-909e52f727ba,Penner Farms - SE 27-8-13 (site 2),b8a6c9fe-5838-42e7-9faa-adff01636559,Symo 24.0-3 480 (1),24.0,parsed_from_inverter_name,8.95,month,devwork
2025-12-24,d95b5e9d-f2d5-4950-85a9-909e52f727ba,Penner Farms - SE 27-8-13 (site 2),a9f3ac23-6f93-447b-9037-adff01636562,Symo 24.0-3 480 (2),24.0,parsed_from_inverter_name,9.04,month,devwork
2025-12-24,d95b5e9d-f2d5-4950-85a9-909e52f727ba,Penner Farms - SE 27-8-13 (site 2),c3ec3bd8-8836-45bb-97b7-adff01636570,Symo 24.0-3 480 (3),24.0,parsed_from_inverter_name,9.16,month,devwork
2025-12-25,d95b5e9d-f2d5-4950-85a9-909e52f727ba,Penner Farms - SE 27-8-13 (site 2),b8a6c9fe-5838-42e7-9faa-adff01636559,Symo 24.0-3 480 (1),24.0,parsed_from_inverter_name,90.43,month,devwork
2025-12-25,d95b5e9d-f2d5-4950-85a9-909e52f727ba,Penner Farms - SE 27-8-13 (site 2),a9f3ac23-6f93-447b-9037-adff01636562,Symo 24.0-3 480 (2),24.0,parsed_from_inverter_name,99.56,month,devwork
2025-12-25,d95b5e9d-f2d5-4950-85a9-909e52f727ba,Penner Farms - SE 27-8-13 (site 2),c3ec3bd8-8836-45bb-97b7-adff01636570,Symo 24.0-3 480 (3),24.0,parsed_from_inverter_name,96.91,month,devwork
2025-12-26,d95b5e9d-f2d5-4950-85a9-909e52f727ba,Penner Farms - SE 27-8-13 (site 2),b8a6c9fe-5838-42e7-9faa-adff01636559,Symo 24.0-3 480 (1),24.0,parsed_from_inverter_name,8.23,month,devwork
2025-12-26,d95b5e9d-f2d5-4950-85a9-909e52f727ba,Penner Farms - SE 27-8-13 (site 2),a9f3ac23-6f93-447b-9037-adff01636562,Symo 24.0-3 480 (2),24.0,parsed_from_inverter_name,8.35,month,devwork
2025-12-26,d95b5e9d-f2d5-4950-85a9-909e52f727ba,Penner Farms - SE 27-8-13 (site 2),c3ec3bd8-8836-45bb-97b7-adff01636570,Symo 24.0-3 480 (3),24.0,parsed_from_inverter_name,8.46,month,devwork
2025-12-27,d95b5e9d-f2d5-4950-85a9-909e52f727ba,Penner Farms - SE 27-8-13 (site 2),b8a6c9fe-5838-42e7-9faa-adff01636559,Symo 24.0-3 480 (1),24.0,parsed_from_inverter_name,28.07,month,devwork
2025-12-27,d95b5e9d-f2d5-4950-85a9-909e52f727ba,Penner Farms - SE 27-8-13 (site 2),a9f3ac23-6f93-447b-9037-adff01636562,Symo 24.0-3 480 (2),24.0,parsed_from_inverter_name,36.74,month,devwork
2025-12-27,d95b5e9d-f2d5-4950-85a9-909e52f727ba,Penner Farms - SE 27-8-13 (site 2),c3ec3bd8-8836-45bb-97b7-adff01636570,Symo 24.0-3 480 (3),24.0,parsed_from_inverter_name,35.72,month,devwork
2025-12-28,d95b5e9d-f2d5-4950-85a9-909e52f727ba,Penner Farms - SE 27-8-13 (site 2),b8a6c9fe-5838-42e7-9faa-adff01636559,Symo 24.0-3 480 (1),24.0,parsed_from_inverter_name,70.12,month,devwork
2025-12-28,d95b5e9d-f2d5-4950-85a9-909e52f727ba,Penner Farms - SE 27-8-13 (site 2),a9f3ac23-6f93-447b-9037-adff01636562,Symo 24.0-3 480 (2),24.0,parsed_from_inverter_name,74.14,month,devwork
2025-12-28,d95b5e9d-f2d5-4950-85a9-909e52f727ba,Penner Farms - SE 27-8-13 (site 2),c3ec3bd8-8836-45bb-97b7-adff01636570,Symo 24.0-3 480 (3),24.0,parsed_from_inverter_name,70.85,month,devwork
2025-12-29,d95b5e9d-f2d5-4950-85a9-909e52f727ba,Penner Farms - SE 27-8-13 (site 2),b8a6c9fe-5838-42e7-9faa-adff01636559,Symo 24.0-3 480 (1),24.0,parsed_from_inverter_name,48.4,month,devwork
2025-12-29,d95b5e9d-f2d5-4950-85a9-909e52f727ba,Penner Farms - SE 27-8-13 (site 2),a9f3ac23-6f93-447b-9037-adff01636562,Symo 24.0-3 480 (2),24.0,parsed_from_inverter_name,51.14,month,devwork
2025-12-29,d95b5e9d-f2d5-4950-85a9-909e52f727ba,Penner Farms - SE 27-8-13 (site 2),c3ec3bd8-8836-45bb-97b7-adff01636570,Symo 24.0-3 480 (3),24.0,parsed_from_inverter_name,48.25,month,devwork
2025-12-30,d95b5e9d-f2d5-4950-85a9-909e52f727ba,Penner Farms - SE 27-8-13 (site 2),b8a6c9fe-5838-42e7-9faa-adff01636559,Symo 24.0-3 480 (1),24.0,parsed_from_inverter_name,79.33,month,devwork
2025-12-30,d95b5e9d-f2d5-4950-85a9-909e52f727ba,Penner Farms - SE 27-8-13 (site 2),a9f3ac23-6f93-447b-9037-adff01636562,Symo 24.0-3 480 (2),24.0,parsed_from_inverter_name,84.9,month,devwork
2025-12-30,d95b5e9d-f2d5-4950-85a9-909e52f727ba,Penner Farms - SE 27-8-13 (site 2),c3ec3bd8-8836-45bb-97b7-adff01636570,Symo 24.0-3 480 (3),24.0,parsed_from_inverter_name,82.88,month,devwork
2025-12-31,d95b5e9d-f2d5-4950-85a9-909e52f727ba,Penner Farms - SE 27-8-13 (site 2),b8a6c9fe-5838-42e7-9faa-adff01636559,Symo 24.0-3 480 (1),24.0,parsed_from_inverter_name,38.71,month,devwork
2025-12-31,d95b5e9d-f2d5-4950-85a9-909e52f727ba,Penner Farms - SE 27-8-13 (site 2),a9f3ac23-6f93-447b-9037-adff01636562,Symo 24.0-3 480 (2),24.0,parsed_from_inverter_name,41.61,month,devwork
2025-12-31,d95b5e9d-f2d5-4950-85a9-909e52f727ba,Penner Farms - SE 27-8-13 (site 2),c3ec3bd8-8836-45bb-97b7-adff01636570,Symo 24.0-3 480 (3),24.0,parsed_from_inverter_name,40.89,month,devwork
2026-01-01,d95b5e9d-f2d5-4950-85a9-909e52f727ba,Penner Farms - SE 27-8-13 (site 2),b8a6c9fe-5838-42e7-9faa-adff01636559,Symo 24.0-3 480 (1),24.0,parsed_from_inverter_name,54.64,month,devwork
2026-01-01,d95b5e9d-f2d5-4950-85a9-909e52f727ba,Penner Farms - SE 27-8-13 (site 2),a9f3ac23-6f93-447b-9037-adff01636562,Symo 24.0-3 480 (2),24.0,parsed_from_inverter_name,59.97,month,devwork
2026-01-01,d95b5e9d-f2d5-4950-85a9-909e52f727ba,Penner Farms - SE 27-8-13 (site 2),c3ec3bd8-8836-45bb-97b7-adff01636570,Symo 24.0-3 480 (3),24.0,parsed_from_inverter_name,58.77,month,devwork
2026-01-02,d95b5e9d-f2d5-4950-85a9-909e52f727ba,Penner Farms - SE 27-8-13 (site 2),b8a6c9fe-5838-42e7-9faa-adff01636559,Symo 24.0-3 480 (1),24.0,parsed_from_inverter_name,20.83,month,devwork
2026-01-02,d95b5e9d-f2d5-4950-85a9-909e52f727ba,Penner Farms - SE 27-8-13 (site 2),a9f3ac23-6f93-447b-9037-adff01636562,Symo 24.0-3 480 (2),24.0,parsed_from_inverter_name,21.91,month,devwork
2026-01-02,d95b5e9d-f2d5-4950-85a9-909e52f727ba,Penner Farms - SE 27-8-13 (site 2),c3ec3bd8-8836-45bb-97b7-adff01636570,Symo 24.0-3 480 (3),24.0,parsed_from_inverter_name,21.08,month,devwork
2026-01-03,d95b5e9d-f2d5-4950-85a9-909e52f727ba,Penner Farms - SE 27-8-13 (site 2),b8a6c9fe-5838-42e7-9faa-adff01636559,Symo 24.0-3 480 (1),24.0,parsed_from_inverter_name,43.74,month,devwork
2026-01-03,d95b5e9d-f2d5-4950-85a9-909e52f727ba,Penner Farms - SE 27-8-13 (site 2),a9f3ac23-6f93-447b-9037-adff01636562,Symo 24.0-3 480 (2),24.0,parsed_from_inverter_name,47.94,month,devwork
2026-01-03,d95b5e9d-f2d5-4950-85a9-909e52f727ba,Penner Farms - SE 27-8-13 (site 2),c3ec3bd8-8836-45bb-97b7-adff01636570,Symo 24.0-3 480 (3),24.0,parsed_from_inverter_name,45.76,month,devwork
2026-01-04,d95b5e9d-f2d5-4950-85a9-909e52f727ba,Penner Farms - SE 27-8-13 (site 2),b8a6c9fe-5838-42e7-9faa-adff01636559,Symo 24.0-3 480 (1),24.0,parsed_from_inverter_name,54.89,month,devwork
2026-01-04,d95b5e9d-f2d5-4950-85a9-909e52f727ba,Penner Farms - SE 27-8-13 (site 2),a9f3ac23-6f93-447b-9037-adff01636562,Symo 24.0-3 480 (2),24.0,parsed_from_inverter_name,57.02,month,devwork
2026-01-04,d95b5e9d-f2d5-4950-85a9-909e52f727ba,Penner Farms - SE 27-8-13 (site 2),c3ec3bd8-8836-45bb-97b7-adff01636570,Symo 24.0-3 480 (3),24.0,parsed_from_inverter_name,51.79,month,devwork
2026-01-05,d95b5e9d-f2d5-4950-85a9-909e52f727ba,Penner Farms - SE 27-8-13 (site 2),b8a6c9fe-5838-42e7-9faa-adff01636559,Symo 24.0-3 480 (1),24.0,parsed_from_inverter_name,22.45,month,devwork
2026-01-05,d95b5e9d-f2d5-4950-85a9-909e52f727ba,Penner Farms - SE 27-8-13 (site 2),a9f3ac23-6f93-447b-9037-adff01636562,Symo 24.0-3 480 (2),24.0,parsed_from_inverter_name,22.77,month,devwork
2026-01-05,d95b5e9d-f2d5-4950-85a9-909e52f727ba,Penner Farms - SE 27-8-13 (site 2),c3ec3bd8-8836-45bb-97b7-adff01636570,Symo 24.0-3 480 (3),24.0,parsed_from_inverter_name,22.46,month,devwork
2026-01-06,d95b5e9d-f2d5-4950-85a9-909e52f727ba,Penner Farms - SE 27-8-13 (site 2),b8a6c9fe-5838-42e7-9faa-adff01636559,Symo 24.0-3 480 (1),24.0,parsed_from_inverter_name,19.02,month,devwork
2026-01-06,d95b5e9d-f2d5-4950-85a9-909e52f727ba,Penner Farms - SE 27-8-13 (site 2),a9f3ac23-6f93-447b-9037-adff01636562,Symo 24.0-3 480 (2),24.0,parsed_from_inverter_name,19.47,month,devwork
2026-01-06,d95b5e9d-f2d5-4950-85a9-909e52f727ba,Penner Farms - SE 27-8-13 (site 2),c3ec3bd8-8836-45bb-97b7-adff01636570,Symo 24.0-3 480 (3),24.0,parsed_from_inverter_name,19.58,month,devwork
2026-01-07,d95b5e9d-f2d5-4950-85a9-909e52f727ba,Penner Farms - SE 27-8-13 (site 2),b8a6c9fe-5838-42e7-9faa-adff01636559,Symo 24.0-3 480 (1),24.0,parsed_from_inverter_name,72.89,month,devwork
2026-01-07,d95b5e9d-f2d5-4950-85a9-909e52f727ba,Penner Farms - SE 27-8-13 (site 2),a9f3ac23-6f93-447b-9037-adff01636562,Symo 24.0-3 480 (2),24.0,parsed_from_inverter_name,76.7,month,devwork
2026-01-07,d95b5e9d-f2d5-4950-85a9-909e52f727ba,Penner Farms - SE 27-8-13 (site 2),c3ec3bd8-8836-45bb-97b7-adff01636570,Symo 24.0-3 480 (3),24.0,parsed_from_inverter_name,75.02,month,devwork
2026-01-08,d95b5e9d-f2d5-4950-85a9-909e52f727ba,Penner Farms - SE 27-8-13 (site 2),b8a6c9fe-5838-42e7-9faa-adff01636559,Symo 24.0-3 480 (1),24.0,parsed_from_inverter_name,112.57,month,devwork
2026-01-08,d95b5e9d-f2d5-4950-85a9-909e52f727ba,Penner Farms - SE 27-8-13 (site 2),a9f3ac23-6f93-447b-9037-adff01636562,Symo 24.0-3 480 (2),24.0,parsed_from_inverter_name,117.06,month,devwork
2026-01-08,d95b5e9d-f2d5-4950-85a9-909e52f727ba,Penner Farms - SE 27-8-13 (site 2),c3ec3bd8-8836-45bb-97b7-adff01636570,Symo 24.0-3 480 (3),24.0,parsed_from_inverter_name,113.68,month,devwork
2026-01-09,d95b5e9d-f2d5-4950-85a9-909e52f727ba,Penner Farms - SE 27-8-13 (site 2),b8a6c9fe-5838-42e7-9faa-adff01636559,Symo 24.0-3 480 (1),24.0,parsed_from_inverter_name,79.23,month,devwork
2026-01-09,d95b5e9d-f2d5-4950-85a9-909e52f727ba,Penner Farms - SE 27-8-13 (site 2),a9f3ac23-6f93-447b-9037-adff01636562,Symo 24.0-3 480 (2),24.0,parsed_from_inverter_name,85.28,month,devwork
2026-01-09,d95b5e9d-f2d5-4950-85a9-909e52f727ba,Penner Farms - SE 27-8-13 (site 2),c3ec3bd8-8836-45bb-97b7-adff01636570,Symo 24.0-3 480 (3),24.0,parsed_from_inverter_name,83.34,month,devwork
2026-01-10,d95b5e9d-f2d5-4950-85a9-909e52f727ba,Penner Farms - SE 27-8-13 (site 2),b8a6c9fe-5838-42e7-9faa-adff01636559,Symo 24.0-3 480 (1),24.0,parsed_from_inverter_name,29.08,month,devwork
2026-01-10,d95b5e9d-f2d5-4950-85a9-909e52f727ba,Penner Farms - SE 27-8-13 (site 2),a9f3ac23-6f93-447b-9037-adff01636562,Symo 24.0-3 480 (2),24.0,parsed_from_inverter_name,30.29,month,devwork
2026-01-10,d95b5e9d-f2d5-4950-85a9-909e52f727ba,Penner Farms - SE 27-8-13 (site 2),c3ec3bd8-8836-45bb-97b7-adff01636570,Symo 24.0-3 480 (3),24.0,parsed_from_inverter_name,30.2,month,devwork
2026-01-11,d95b5e9d-f2d5-4950-85a9-909e52f727ba,Penner Farms - SE 27-8-13 (site 2),b8a6c9fe-5838-42e7-9faa-adff01636559,Symo 24.0-3 480 (1),24.0,parsed_from_inverter_name,53.0,month,devwork
2026-01-11,d95b5e9d-f2d5-4950-85a9-909e52f727ba,Penner Farms - SE 27-8-13 (site 2),a9f3ac23-6f93-447b-9037-adff01636562,Symo 24.0-3 480 (2),24.0,parsed_from_inverter_name,54.61,month,devwork
2026-01-11,d95b5e9d-f2d5-4950-85a9-909e52f727ba,Penner Farms - SE 27-8-13 (site 2),c3ec3bd8-8836-45bb-97b7-adff01636570,Symo 24.0-3 480 (3),24.0,parsed_from_inverter_name,53.5,month,devwork
2026-01-12,d95b5e9d-f2d5-4950-85a9-909e52f727ba,Penner Farms - SE 27-8-13 (site 2),b8a6c9fe-5838-42e7-9faa-adff01636559,Symo 24.0-3 480 (1),24.0,parsed_from_inverter_name,16.92,month,devwork
2026-01-12,d95b5e9d-f2d5-4950-85a9-909e52f727ba,Penner Farms - SE 27-8-13 (site 2),a9f3ac23-6f93-447b-9037-adff01636562,Symo 24.0-3 480 (2),24.0,parsed_from_inverter_name,17.22,month,devwork
2026-01-12,d95b5e9d-f2d5-4950-85a9-909e52f727ba,Penner Farms - SE 27-8-13 (site 2),c3ec3bd8-8836-45bb-97b7-adff01636570,Symo 24.0-3 480 (3),24.0,parsed_from_inverter_name,17.19,month,devwork
2026-01-13,d95b5e9d-f2d5-4950-85a9-909e52f727ba,Penner Farms - SE 27-8-13 (site 2),b8a6c9fe-5838-42e7-9faa-adff01636559,Symo 24.0-3 480 (1),24.0,parsed_from_inverter_name,79.8,month,devwork
2026-01-13,d95b5e9d-f2d5-4950-85a9-909e52f727ba,Penner Farms - SE 27-8-13 (site 2),a9f3ac23-6f93-447b-9037-adff01636562,Symo 24.0-3 480 (2),24.0,parsed_from_inverter_name,83.79,month,devwork
2026-01-13,d95b5e9d-f2d5-4950-85a9-909e52f727ba,Penner Farms - SE 27-8-13 (site 2),c3ec3bd8-8836-45bb-97b7-adff01636570,Symo 24.0-3 480 (3),24.0,parsed_from_inverter_name,81.56,month,devwork
2026-01-14,d95b5e9d-f2d5-4950-85a9-909e52f727ba,Penner Farms - SE 27-8-13 (site 2),b8a6c9fe-5838-42e7-9faa-adff01636559,Symo 24.0-3 480 (1),24.0,parsed_from_inverter_name,120.19,month,devwork
2026-01-14,d95b5e9d-f2d5-4950-85a9-909e52f727ba,Penner Farms - SE 27-8-13 (site 2),a9f3ac23-6f93-447b-9037-adff01636562,Symo 24.0-3 480 (2),24.0,parsed_from_inverter_name,127.43,month,devwork
2026-01-14,d95b5e9d-f2d5-4950-85a9-909e52f727ba,Penner Farms - SE 27-8-13 (site 2),c3ec3bd8-8836-45bb-97b7-adff01636570,Symo 24.0-3 480 (3),24.0,parsed_from_inverter_name,123.4,month,devwork
2026-01-15,d95b5e9d-f2d5-4950-85a9-909e52f727ba,Penner Farms - SE 27-8-13 (site 2),b8a6c9fe-5838-42e7-9faa-adff01636559,Symo 24.0-3 480 (1),24.0,parsed_from_inverter_name,44.37,month,devwork
2026-01-15,d95b5e9d-f2d5-4950-85a9-909e52f727ba,Penner Farms - SE 27-8-13 (site 2),a9f3ac23-6f93-447b-9037-adff01636562,Symo 24.0-3 480 (2),24.0,parsed_from_inverter_name,47.06,month,devwork
2026-01-15,d95b5e9d-f2d5-4950-85a9-909e52f727ba,Penner Farms - SE 27-8-13 (site 2),c3ec3bd8-8836-45bb-97b7-adff01636570,Symo 24.0-3 480 (3),24.0,parsed_from_inverter_name,45.67,month,devwork
2026-01-16,d95b5e9d-f2d5-4950-85a9-909e52f727ba,Penner Farms - SE 27-8-13 (site 2),b8a6c9fe-5838-42e7-9faa-adff01636559,Symo 24.0-3 480 (1),24.0,parsed_from_inverter_name,102.09,month,devwork
2026-01-16,d95b5e9d-f2d5-4950-85a9-909e52f727ba,Penner Farms - SE 27-8-13 (site 2),a9f3ac23-6f93-447b-9037-adff01636562,Symo 24.0-3 480 (2),24.0,parsed_from_inverter_name,105.99,month,devwork
2026-01-16,d95b5e9d-f2d5-4950-85a9-909e52f727ba,Penner Farms - SE 27-8-13 (site 2),c3ec3bd8-8836-45bb-97b7-adff01636570,Symo 24.0-3 480 (3),24.0,parsed_from_inverter_name,103.03,month,devwork
2026-01-17,d95b5e9d-f2d5-4950-85a9-909e52f727ba,Penner Farms - SE 27-8-13 (site 2),b8a6c9fe-5838-42e7-9faa-adff01636559,Symo 24.0-3 480 (1),24.0,parsed_from_inverter_name,104.39,month,devwork
2026-01-17,d95b5e9d-f2d5-4950-85a9-909e52f727ba,Penner Farms - SE 27-8-13 (site 2),a9f3ac23-6f93-447b-9037-adff01636562,Symo 24.0-3 480 (2),24.0,parsed_from_inverter_name,110.08,month,devwork
2026-01-17,d95b5e9d-f2d5-4950-85a9-909e52f727ba,Penner Farms - SE 27-8-13 (site 2),c3ec3bd8-8836-45bb-97b7-adff01636570,Symo 24.0-3 480 (3),24.0,parsed_from_inverter_name,107.21,month,devwork
2026-01-18,d95b5e9d-f2d5-4950-85a9-909e52f727ba,Penner Farms - SE 27-8-13 (site 2),b8a6c9fe-5838-42e7-9faa-adff01636559,Symo 24.0-3 480 (1),24.0,parsed_from_inverter_name,72.79,month,devwork
2026-01-18,d95b5e9d-f2d5-4950-85a9-909e52f727ba,Penner Farms - SE 27-8-13 (site 2),a9f3ac23-6f93-447b-9037-adff01636562,Symo 24.0-3 480 (2),24.0,parsed_from_inverter_name,74.24,month,devwork
2026-01-18,d95b5e9d-f2d5-4950-85a9-909e52f727ba,Penner Farms - SE 27-8-13 (site 2),c3ec3bd8-8836-45bb-97b7-adff01636570,Symo 24.0-3 480 (3),24.0,parsed_from_inverter_name,72.23,month,devwork
2026-01-19,d95b5e9d-f2d5-4950-85a9-909e52f727ba,Penner Farms - SE 27-8-13 (site 2),b8a6c9fe-5838-42e7-9faa-adff01636559,Symo 24.0-3 480 (1),24.0,parsed_from_inverter_name,74.18,month,devwork
2026-01-19,d95b5e9d-f2d5-4950-85a9-909e52f727ba,Penner Farms - SE 27-8-13 (site 2),a9f3ac23-6f93-447b-9037-adff01636562,Symo 24.0-3 480 (2),24.0,parsed_from_inverter_name,78.83,month,devwork
2026-01-19,d95b5e9d-f2d5-4950-85a9-909e52f727ba,Penner Farms - SE 27-8-13 (site 2),c3ec3bd8-8836-45bb-97b7-adff01636570,Symo 24.0-3 480 (3),24.0,parsed_from_inverter_name,76.9,month,devwork
2026-01-20,d95b5e9d-f2d5-4950-85a9-909e52f727ba,Penner Farms - SE 27-8-13 (site 2),b8a6c9fe-5838-42e7-9faa-adff01636559,Symo 24.0-3 480 (1),24.0,parsed_from_inverter_name,25.17,month,devwork
2026-01-20,d95b5e9d-f2d5-4950-85a9-909e52f727ba,Penner Farms - SE 27-8-13 (site 2),a9f3ac23-6f93-447b-9037-adff01636562,Symo 24.0-3 480 (2),24.0,parsed_from_inverter_name,28.82,month,devwork
2026-01-20,d95b5e9d-f2d5-4950-85a9-909e52f727ba,Penner Farms - SE 27-8-13 (site 2),c3ec3bd8-8836-45bb-97b7-adff01636570,Symo 24.0-3 480 (3),24.0,parsed_from_inverter_name,27.21,month,devwork
2026-01-21,d95b5e9d-f2d5-4950-85a9-909e52f727ba,Penner Farms - SE 27-8-13 (site 2),b8a6c9fe-5838-42e7-9faa-adff01636559,Symo 24.0-3 480 (1),24.0,parsed_from_inverter_name,107.82,month,devwork
2026-01-21,d95b5e9d-f2d5-4950-85a9-909e52f727ba,Penner Farms - SE 27-8-13 (site 2),a9f3ac23-6f93-447b-9037-adff01636562,Symo 24.0-3 480 (2),24.0,parsed_from_inverter_name,113.71,month,devwork
2026-01-21,d95b5e9d-f2d5-4950-85a9-909e52f727ba,Penner Farms - SE 27-8-13 (site 2),c3ec3bd8-8836-45bb-97b7-adff01636570,Symo 24.0-3 480 (3),24.0,parsed_from_inverter_name,109.77,month,devwork
2026-01-22,d95b5e9d-f2d5-4950-85a9-909e52f727ba,Penner Farms - SE 27-8-13 (site 2),b8a6c9fe-5838-42e7-9faa-adff01636559,Symo 24.0-3 480 (1),24.0,parsed_from_inverter_name,39.25,month,devwork
2026-01-22,d95b5e9d-f2d5-4950-85a9-909e52f727ba,Penner Farms - SE 27-8-13 (site 2),a9f3ac23-6f93-447b-9037-adff01636562,Symo 24.0-3 480 (2),24.0,parsed_from_inverter_name,39.54,month,devwork
2026-01-22,d95b5e9d-f2d5-4950-85a9-909e52f727ba,Penner Farms - SE 27-8-13 (site 2),c3ec3bd8-8836-45bb-97b7-adff01636570,Symo 24.0-3 480 (3),24.0,parsed_from_inverter_name,40.46,month,devwork
2026-01-23,d95b5e9d-f2d5-4950-85a9-909e52f727ba,Penner Farms - SE 27-8-13 (site 2),b8a6c9fe-5838-42e7-9faa-adff01636559,Symo 24.0-3 480 (1),24.0,parsed_from_inverter_name,109.01,month,devwork
2026-01-23,d95b5e9d-f2d5-4950-85a9-909e52f727ba,Penner Farms - SE 27-8-13 (site 2),a9f3ac23-6f93-447b-9037-adff01636562,Symo 24.0-3 480 (2),24.0,parsed_from_inverter_name,108.63,month,devwork
2026-01-23,d95b5e9d-f2d5-4950-85a9-909e52f727ba,Penner Farms - SE 27-8-13 (site 2),c3ec3bd8-8836-45bb-97b7-adff01636570,Symo 24.0-3 480 (3),24.0,parsed_from_inverter_name,109.33,month,devwork
2026-01-24,d95b5e9d-f2d5-4950-85a9-909e52f727ba,Penner Farms - SE 27-8-13 (site 2),b8a6c9fe-5838-42e7-9faa-adff01636559,Symo 24.0-3 480 (1),24.0,parsed_from_inverter_name,31.04,month,devwork
2026-01-24,d95b5e9d-f2d5-4950-85a9-909e52f727ba,Penner Farms - SE 27-8-13 (site 2),a9f3ac23-6f93-447b-9037-adff01636562,Symo 24.0-3 480 (2),24.0,parsed_from_inverter_name,34.84,month,devwork
2026-01-24,d95b5e9d-f2d5-4950-85a9-909e52f727ba,Penner Farms - SE 27-8-13 (site 2),c3ec3bd8-8836-45bb-97b7-adff01636570,Symo 24.0-3 480 (3),24.0,parsed_from_inverter_name,31.5,month,devwork
2026-01-25,d95b5e9d-f2d5-4950-85a9-909e52f727ba,Penner Farms - SE 27-8-13 (site 2),b8a6c9fe-5838-42e7-9faa-adff01636559,Symo 24.0-3 480 (1),24.0,parsed_from_inverter_name,81.59,month,devwork
2026-01-25,d95b5e9d-f2d5-4950-85a9-909e52f727ba,Penner Farms - SE 27-8-13 (site 2),a9f3ac23-6f93-447b-9037-adff01636562,Symo 24.0-3 480 (2),24.0,parsed_from_inverter_name,85.99,month,devwork
2026-01-25,d95b5e9d-f2d5-4950-85a9-909e52f727ba,Penner Farms - SE 27-8-13 (site 2),c3ec3bd8-8836-45bb-97b7-adff01636570,Symo 24.0-3 480 (3),24.0,parsed_from_inverter_name,80.2,month,devwork
2026-01-26,d95b5e9d-f2d5-4950-85a9-909e52f727ba,Penner Farms - SE 27-8-13 (site 2),b8a6c9fe-5838-42e7-9faa-adff01636559,Symo 24.0-3 480 (1),24.0,parsed_from_inverter_name,71.33,month,devwork
2026-01-26,d95b5e9d-f2d5-4950-85a9-909e52f727ba,Penner Farms - SE 27-8-13 (site 2),a9f3ac23-6f93-447b-9037-adff01636562,Symo 24.0-3 480 (2),24.0,parsed_from_inverter_name,75.96,month,devwork
2026-01-26,d95b5e9d-f2d5-4950-85a9-909e52f727ba,Penner Farms - SE 27-8-13 (site 2),c3ec3bd8-8836-45bb-97b7-adff01636570,Symo 24.0-3 480 (3),24.0,parsed_from_inverter_name,75.31,month,devwork
2026-01-27,d95b5e9d-f2d5-4950-85a9-909e52f727ba,Penner Farms - SE 27-8-13 (site 2),b8a6c9fe-5838-42e7-9faa-adff01636559,Symo 24.0-3 480 (1),24.0,parsed_from_inverter_name,133.68,month,devwork
2026-01-27,d95b5e9d-f2d5-4950-85a9-909e52f727ba,Penner Farms - SE 27-8-13 (site 2),a9f3ac23-6f93-447b-9037-adff01636562,Symo 24.0-3 480 (2),24.0,parsed_from_inverter_name,137.12,month,devwork
2026-01-27,d95b5e9d-f2d5-4950-85a9-909e52f727ba,Penner Farms - SE 27-8-13 (site 2),c3ec3bd8-8836-45bb-97b7-adff01636570,Symo 24.0-3 480 (3),24.0,parsed_from_inverter_name,134.72,month,devwork
2026-01-28,d95b5e9d-f2d5-4950-85a9-909e52f727ba,Penner Farms - SE 27-8-13 (site 2),b8a6c9fe-5838-42e7-9faa-adff01636559,Symo 24.0-3 480 (1),24.0,parsed_from_inverter_name,35.46,month,devwork
2026-01-28,d95b5e9d-f2d5-4950-85a9-909e52f727ba,Penner Farms - SE 27-8-13 (site 2),a9f3ac23-6f93-447b-9037-adff01636562,Symo 24.0-3 480 (2),24.0,parsed_from_inverter_name,36.33,month,devwork
2026-01-28,d95b5e9d-f2d5-4950-85a9-909e52f727ba,Penner Farms - SE 27-8-13 (site 2),c3ec3bd8-8836-45bb-97b7-adff01636570,Symo 24.0-3 480 (3),24.0,parsed_from_inverter_name,36.28,month,devwork
2026-01-29,d95b5e9d-f2d5-4950-85a9-909e52f727ba,Penner Farms - SE 27-8-13 (site 2),b8a6c9fe-5838-42e7-9faa-adff01636559,Symo 24.0-3 480 (1),24.0,parsed_from_inverter_name,87.84,month,devwork
2026-01-29,d95b5e9d-f2d5-4950-85a9-909e52f727ba,Penner Farms - SE 27-8-13 (site 2),a9f3ac23-6f93-447b-9037-adff01636562,Symo 24.0-3 480 (2),24.0,parsed_from_inverter_name,91.59,month,devwork
2026-01-29,d95b5e9d-f2d5-4950-85a9-909e52f727ba,Penner Farms - SE 27-8-13 (site 2),c3ec3bd8-8836-45bb-97b7-adff01636570,Symo 24.0-3 480 (3),24.0,parsed_from_inverter_name,89.9,month,devwork
2026-01-30,d95b5e9d-f2d5-4950-85a9-909e52f727ba,Penner Farms - SE 27-8-13 (site 2),b8a6c9fe-5838-42e7-9faa-adff01636559,Symo 24.0-3 480 (1),24.0,parsed_from_inverter_name,51.65,month,devwork
2026-01-30,d95b5e9d-f2d5-4950-85a9-909e52f727ba,Penner Farms - SE 27-8-13 (site 2),a9f3ac23-6f93-447b-9037-adff01636562,Symo 24.0-3 480 (2),24.0,parsed_from_inverter_name,52.72,month,devwork
2026-01-30,d95b5e9d-f2d5-4950-85a9-909e52f727ba,Penner Farms - SE 27-8-13 (site 2),c3ec3bd8-8836-45bb-97b7-adff01636570,Symo 24.0-3 480 (3),24.0,parsed_from_inverter_name,52.18,month,devwork
2026-01-31,d95b5e9d-f2d5-4950-85a9-909e52f727ba,Penner Farms - SE 27-8-13 (site 2),b8a6c9fe-5838-42e7-9faa-adff01636559,Symo 24.0-3 480 (1),24.0,parsed_from_inverter_name,116.6,month,devwork
2026-01-31,d95b5e9d-f2d5-4950-85a9-909e52f727ba,Penner Farms - SE 27-8-13 (site 2),a9f3ac23-6f93-447b-9037-adff01636562,Symo 24.0-3 480 (2),24.0,parsed_from_inverter_name,120.1,month,devwork
2026-01-31,d95b5e9d-f2d5-4950-85a9-909e52f727ba,Penner Farms - SE 27-8-13 (site 2),c3ec3bd8-8836-45bb-97b7-adff01636570,Symo 24.0-3 480 (3),24.0,parsed_from_inverter_name,117.94,month,devwork
2026-02-01,d95b5e9d-f2d5-4950-85a9-909e52f727ba,Penner Farms - SE 27-8-13 (site 2),b8a6c9fe-5838-42e7-9faa-adff01636559,Symo 24.0-3 480 (1),24.0,parsed_from_inverter_name,39.13,month,devwork
2026-02-01,d95b5e9d-f2d5-4950-85a9-909e52f727ba,Penner Farms - SE 27-8-13 (site 2),a9f3ac23-6f93-447b-9037-adff01636562,Symo 24.0-3 480 (2),24.0,parsed_from_inverter_name,40.15,month,devwork
2026-02-01,d95b5e9d-f2d5-4950-85a9-909e52f727ba,Penner Farms - SE 27-8-13 (site 2),c3ec3bd8-8836-45bb-97b7-adff01636570,Symo 24.0-3 480 (3),24.0,parsed_from_inverter_name,39.77,month,devwork
2026-02-02,d95b5e9d-f2d5-4950-85a9-909e52f727ba,Penner Farms - SE 27-8-13 (site 2),b8a6c9fe-5838-42e7-9faa-adff01636559,Symo 24.0-3 480 (1),24.0,parsed_from_inverter_name,126.37,month,devwork
2026-02-02,d95b5e9d-f2d5-4950-85a9-909e52f727ba,Penner Farms - SE 27-8-13 (site 2),a9f3ac23-6f93-447b-9037-adff01636562,Symo 24.0-3 480 (2),24.0,parsed_from_inverter_name,129.3,month,devwork
2026-02-02,d95b5e9d-f2d5-4950-85a9-909e52f727ba,Penner Farms - SE 27-8-13 (site 2),c3ec3bd8-8836-45bb-97b7-adff01636570,Symo 24.0-3 480 (3),24.0,parsed_from_inverter_name,126.78,month,devwork
2026-02-03,d95b5e9d-f2d5-4950-85a9-909e52f727ba,Penner Farms - SE 27-8-13 (site 2),b8a6c9fe-5838-42e7-9faa-adff01636559,Symo 24.0-3 480 (1),24.0,parsed_from_inverter_name,93.33,month,devwork
2026-02-03,d95b5e9d-f2d5-4950-85a9-909e52f727ba,Penner Farms - SE 27-8-13 (site 2),a9f3ac23-6f93-447b-9037-adff01636562,Symo 24.0-3 480 (2),24.0,parsed_from_inverter_name,96.09,month,devwork
2026-02-03,d95b5e9d-f2d5-4950-85a9-909e52f727ba,Penner Farms - SE 27-8-13 (site 2),c3ec3bd8-8836-45bb-97b7-adff01636570,Symo 24.0-3 480 (3),24.0,parsed_from_inverter_name,94.47,month,devwork
2026-02-04,d95b5e9d-f2d5-4950-85a9-909e52f727ba,Penner Farms - SE 27-8-13 (site 2),b8a6c9fe-5838-42e7-9faa-adff01636559,Symo 24.0-3 480 (1),24.0,parsed_from_inverter_name,78.95,month,devwork
2026-02-04,d95b5e9d-f2d5-4950-85a9-909e52f727ba,Penner Farms - SE 27-8-13 (site 2),a9f3ac23-6f93-447b-9037-adff01636562,Symo 24.0-3 480 (2),24.0,parsed_from_inverter_name,80.25,month,devwork
2026-02-04,d95b5e9d-f2d5-4950-85a9-909e52f727ba,Penner Farms - SE 27-8-13 (site 2),c3ec3bd8-8836-45bb-97b7-adff01636570,Symo 24.0-3 480 (3),24.0,parsed_from_inverter_name,78.93,month,devwork
2026-02-05,d95b5e9d-f2d5-4950-85a9-909e52f727ba,Penner Farms - SE 27-8-13 (site 2),b8a6c9fe-5838-42e7-9faa-adff01636559,Symo 24.0-3 480 (1),24.0,parsed_from_inverter_name,142.47,month,devwork
2026-02-05,d95b5e9d-f2d5-4950-85a9-909e52f727ba,Penner Farms - SE 27-8-13 (site 2),a9f3ac23-6f93-447b-9037-adff01636562,Symo 24.0-3 480 (2),24.0,parsed_from_inverter_name,146.09,month,devwork
2026-02-05,d95b5e9d-f2d5-4950-85a9-909e52f727ba,Penner Farms - SE 27-8-13 (site 2),c3ec3bd8-8836-45bb-97b7-adff01636570,Symo 24.0-3 480 (3),24.0,parsed_from_inverter_name,143.13,month,devwork
2026-02-06,d95b5e9d-f2d5-4950-85a9-909e52f727ba,Penner Farms - SE 27-8-13 (site 2),b8a6c9fe-5838-42e7-9faa-adff01636559,Symo 24.0-3 480 (1),24.0,parsed_from_inverter_name,118.06,month,devwork
2026-02-06,d95b5e9d-f2d5-4950-85a9-909e52f727ba,Penner Farms - SE 27-8-13 (site 2),a9f3ac23-6f93-447b-9037-adff01636562,Symo 24.0-3 480 (2),24.0,parsed_from_inverter_name,121.09,month,devwork
2026-02-06,d95b5e9d-f2d5-4950-85a9-909e52f727ba,Penner Farms - SE 27-8-13 (site 2),c3ec3bd8-8836-45bb-97b7-adff01636570,Symo 24.0-3 480 (3),24.0,parsed_from_inverter_name,119.04,month,devwork
2026-02-07,d95b5e9d-f2d5-4950-85a9-909e52f727ba,Penner Farms - SE 27-8-13 (site 2),b8a6c9fe-5838-42e7-9faa-adff01636559,Symo 24.0-3 480 (1),24.0,parsed_from_inverter_name,115.7,month,devwork
2026-02-07,d95b5e9d-f2d5-4950-85a9-909e52f727ba,Penner Farms - SE 27-8-13 (site 2),a9f3ac23-6f93-447b-9037-adff01636562,Symo 24.0-3 480 (2),24.0,parsed_from_inverter_name,117.54,month,devwork
2026-02-07,d95b5e9d-f2d5-4950-85a9-909e52f727ba,Penner Farms - SE 27-8-13 (site 2),c3ec3bd8-8836-45bb-97b7-adff01636570,Symo 24.0-3 480 (3),24.0,parsed_from_inverter_name,115.55,month,devwork
2026-02-08,d95b5e9d-f2d5-4950-85a9-909e52f727ba,Penner Farms - SE 27-8-13 (site 2),b8a6c9fe-5838-42e7-9faa-adff01636559,Symo 24.0-3 480 (1),24.0,parsed_from_inverter_name,56.0,month,devwork
2026-02-08,d95b5e9d-f2d5-4950-85a9-909e52f727ba,Penner Farms - SE 27-8-13 (site 2),a9f3ac23-6f93-447b-9037-adff01636562,Symo 24.0-3 480 (2),24.0,parsed_from_inverter_name,57.68,month,devwork
2026-02-08,d95b5e9d-f2d5-4950-85a9-909e52f727ba,Penner Farms - SE 27-8-13 (site 2),c3ec3bd8-8836-45bb-97b7-adff01636570,Symo 24.0-3 480 (3),24.0,parsed_from_inverter_name,57.16,month,devwork
2026-02-09,d95b5e9d-f2d5-4950-85a9-909e52f727ba,Penner Farms - SE 27-8-13 (site 2),b8a6c9fe-5838-42e7-9faa-adff01636559,Symo 24.0-3 480 (1),24.0,parsed_from_inverter_name,74.45,month,devwork
2026-02-09,d95b5e9d-f2d5-4950-85a9-909e52f727ba,Penner Farms - SE 27-8-13 (site 2),a9f3ac23-6f93-447b-9037-adff01636562,Symo 24.0-3 480 (2),24.0,parsed_from_inverter_name,75.84,month,devwork
2026-02-09,d95b5e9d-f2d5-4950-85a9-909e52f727ba,Penner Farms - SE 27-8-13 (site 2),c3ec3bd8-8836-45bb-97b7-adff01636570,Symo 24.0-3 480 (3),24.0,parsed_from_inverter_name,74.6,month,devwork
2026-02-10,d95b5e9d-f2d5-4950-85a9-909e52f727ba,Penner Farms - SE 27-8-13 (site 2),b8a6c9fe-5838-42e7-9faa-adff01636559,Symo 24.0-3 480 (1),24.0,parsed_from_inverter_name,157.13,month,devwork
2026-02-10,d95b5e9d-f2d5-4950-85a9-909e52f727ba,Penner Farms - SE 27-8-13 (site 2),a9f3ac23-6f93-447b-9037-adff01636562,Symo 24.0-3 480 (2),24.0,parsed_from_inverter_name,159.81,month,devwork
2026-02-10,d95b5e9d-f2d5-4950-85a9-909e52f727ba,Penner Farms - SE 27-8-13 (site 2),c3ec3bd8-8836-45bb-97b7-adff01636570,Symo 24.0-3 480 (3),24.0,parsed_from_inverter_name,156.98,month,devwork
2026-02-11,d95b5e9d-f2d5-4950-85a9-909e52f727ba,Penner Farms - SE 27-8-13 (site 2),b8a6c9fe-5838-42e7-9faa-adff01636559,Symo 24.0-3 480 (1),24.0,parsed_from_inverter_name,156.39,month,devwork
2026-02-11,d95b5e9d-f2d5-4950-85a9-909e52f727ba,Penner Farms - SE 27-8-13 (site 2),a9f3ac23-6f93-447b-9037-adff01636562,Symo 24.0-3 480 (2),24.0,parsed_from_inverter_name,159.02,month,devwork
2026-02-11,d95b5e9d-f2d5-4950-85a9-909e52f727ba,Penner Farms - SE 27-8-13 (site 2),c3ec3bd8-8836-45bb-97b7-adff01636570,Symo 24.0-3 480 (3),24.0,parsed_from_inverter_name,156.16,month,devwork
2026-02-12,d95b5e9d-f2d5-4950-85a9-909e52f727ba,Penner Farms - SE 27-8-13 (site 2),b8a6c9fe-5838-42e7-9faa-adff01636559,Symo 24.0-3 480 (1),24.0,parsed_from_inverter_name,104.65,month,devwork
2026-02-12,d95b5e9d-f2d5-4950-85a9-909e52f727ba,Penner Farms - SE 27-8-13 (site 2),a9f3ac23-6f93-447b-9037-adff01636562,Symo 24.0-3 480 (2),24.0,parsed_from_inverter_name,106.38,month,devwork
2026-02-12,d95b5e9d-f2d5-4950-85a9-909e52f727ba,Penner Farms - SE 27-8-13 (site 2),c3ec3bd8-8836-45bb-97b7-adff01636570,Symo 24.0-3 480 (3),24.0,parsed_from_inverter_name,105.18,month,devwork
2026-02-13,d95b5e9d-f2d5-4950-85a9-909e52f727ba,Penner Farms - SE 27-8-13 (site 2),b8a6c9fe-5838-42e7-9faa-adff01636559,Symo 24.0-3 480 (1),24.0,parsed_from_inverter_name,68.85,month,devwork
2026-02-13,d95b5e9d-f2d5-4950-85a9-909e52f727ba,Penner Farms - SE 27-8-13 (site 2),a9f3ac23-6f93-447b-9037-adff01636562,Symo 24.0-3 480 (2),24.0,parsed_from_inverter_name,69.76,month,devwork
2026-02-13,d95b5e9d-f2d5-4950-85a9-909e52f727ba,Penner Farms - SE 27-8-13 (site 2),c3ec3bd8-8836-45bb-97b7-adff01636570,Symo 24.0-3 480 (3),24.0,parsed_from_inverter_name,69.36,month,devwork
2026-02-14,d95b5e9d-f2d5-4950-85a9-909e52f727ba,Penner Farms - SE 27-8-13 (site 2),b8a6c9fe-5838-42e7-9faa-adff01636559,Symo 24.0-3 480 (1),24.0,parsed_from_inverter_name,141.47,month,devwork
2026-02-14,d95b5e9d-f2d5-4950-85a9-909e52f727ba,Penner Farms - SE 27-8-13 (site 2),a9f3ac23-6f93-447b-9037-adff01636562,Symo 24.0-3 480 (2),24.0,parsed_from_inverter_name,143.03,month,devwork
2026-02-14,d95b5e9d-f2d5-4950-85a9-909e52f727ba,Penner Farms - SE 27-8-13 (site 2),c3ec3bd8-8836-45bb-97b7-adff01636570,Symo 24.0-3 480 (3),24.0,parsed_from_inverter_name,140.93,month,devwork
2026-02-15,d95b5e9d-f2d5-4950-85a9-909e52f727ba,Penner Farms - SE 27-8-13 (site 2),b8a6c9fe-5838-42e7-9faa-adff01636559,Symo 24.0-3 480 (1),24.0,parsed_from_inverter_name,163.08,month,devwork
2026-02-15,d95b5e9d-f2d5-4950-85a9-909e52f727ba,Penner Farms - SE 27-8-13 (site 2),a9f3ac23-6f93-447b-9037-adff01636562,Symo 24.0-3 480 (2),24.0,parsed_from_inverter_name,164.54,month,devwork
2026-02-15,d95b5e9d-f2d5-4950-85a9-909e52f727ba,Penner Farms - SE 27-8-13 (site 2),c3ec3bd8-8836-45bb-97b7-adff01636570,Symo 24.0-3 480 (3),24.0,parsed_from_inverter_name,162.01,month,devwork
2026-02-16,d95b5e9d-f2d5-4950-85a9-909e52f727ba,Penner Farms - SE 27-8-13 (site 2),b8a6c9fe-5838-42e7-9faa-adff01636559,Symo 24.0-3 480 (1),24.0,parsed_from_inverter_name,104.85,month,devwork
2026-02-16,d95b5e9d-f2d5-4950-85a9-909e52f727ba,Penner Farms - SE 27-8-13 (site 2),a9f3ac23-6f93-447b-9037-adff01636562,Symo 24.0-3 480 (2),24.0,parsed_from_inverter_name,106.48,month,devwork
2026-02-16,d95b5e9d-f2d5-4950-85a9-909e52f727ba,Penner Farms - SE 27-8-13 (site 2),c3ec3bd8-8836-45bb-97b7-adff01636570,Symo 24.0-3 480 (3),24.0,parsed_from_inverter_name,105.59,month,devwork
2026-02-17,d95b5e9d-f2d5-4950-85a9-909e52f727ba,Penner Farms - SE 27-8-13 (site 2),b8a6c9fe-5838-42e7-9faa-adff01636559,Symo 24.0-3 480 (1),24.0,parsed_from_inverter_name,32.06,month,devwork
2026-02-17,d95b5e9d-f2d5-4950-85a9-909e52f727ba,Penner Farms - SE 27-8-13 (site 2),a9f3ac23-6f93-447b-9037-adff01636562,Symo 24.0-3 480 (2),24.0,parsed_from_inverter_name,32.87,month,devwork
2026-02-17,d95b5e9d-f2d5-4950-85a9-909e52f727ba,Penner Farms - SE 27-8-13 (site 2),c3ec3bd8-8836-45bb-97b7-adff01636570,Symo 24.0-3 480 (3),24.0,parsed_from_inverter_name,32.71,month,devwork
2026-02-18,d95b5e9d-f2d5-4950-85a9-909e52f727ba,Penner Farms - SE 27-8-13 (site 2),b8a6c9fe-5838-42e7-9faa-adff01636559,Symo 24.0-3 480 (1),24.0,parsed_from_inverter_name,101.6,month,devwork
2026-02-18,d95b5e9d-f2d5-4950-85a9-909e52f727ba,Penner Farms - SE 27-8-13 (site 2),a9f3ac23-6f93-447b-9037-adff01636562,Symo 24.0-3 480 (2),24.0,parsed_from_inverter_name,103.97,month,devwork
2026-02-18,d95b5e9d-f2d5-4950-85a9-909e52f727ba,Penner Farms - SE 27-8-13 (site 2),c3ec3bd8-8836-45bb-97b7-adff01636570,Symo 24.0-3 480 (3),24.0,parsed_from_inverter_name,103.07,month,devwork
2026-02-19,d95b5e9d-f2d5-4950-85a9-909e52f727ba,Penner Farms - SE 27-8-13 (site 2),b8a6c9fe-5838-42e7-9faa-adff01636559,Symo 24.0-3 480 (1),24.0,parsed_from_inverter_name,149.66,month,devwork
2026-02-19,d95b5e9d-f2d5-4950-85a9-909e52f727ba,Penner Farms - SE 27-8-13 (site 2),a9f3ac23-6f93-447b-9037-adff01636562,Symo 24.0-3 480 (2),24.0,parsed_from_inverter_name,149.2,month,devwork
2026-02-19,d95b5e9d-f2d5-4950-85a9-909e52f727ba,Penner Farms - SE 27-8-13 (site 2),c3ec3bd8-8836-45bb-97b7-adff01636570,Symo 24.0-3 480 (3),24.0,parsed_from_inverter_name,143.04,month,devwork
2026-02-20,d95b5e9d-f2d5-4950-85a9-909e52f727ba,Penner Farms - SE 27-8-13 (site 2),b8a6c9fe-5838-42e7-9faa-adff01636559,Symo 24.0-3 480 (1),24.0,parsed_from_inverter_name,149.31,month,devwork
2026-02-20,d95b5e9d-f2d5-4950-85a9-909e52f727ba,Penner Farms - SE 27-8-13 (site 2),a9f3ac23-6f93-447b-9037-adff01636562,Symo 24.0-3 480 (2),24.0,parsed_from_inverter_name,141.65,month,devwork
2026-02-20,d95b5e9d-f2d5-4950-85a9-909e52f727ba,Penner Farms - SE 27-8-13 (site 2),c3ec3bd8-8836-45bb-97b7-adff01636570,Symo 24.0-3 480 (3),24.0,parsed_from_inverter_name,139.4,month,devwork
2026-02-21,d95b5e9d-f2d5-4950-85a9-909e52f727ba,Penner Farms - SE 27-8-13 (site 2),b8a6c9fe-5838-42e7-9faa-adff01636559,Symo 24.0-3 480 (1),24.0,parsed_from_inverter_name,177.12,month,devwork
2026-02-21,d95b5e9d-f2d5-4950-85a9-909e52f727ba,Penner Farms - SE 27-8-13 (site 2),a9f3ac23-6f93-447b-9037-adff01636562,Symo 24.0-3 480 (2),24.0,parsed_from_inverter_name,177.6,month,devwork
2026-02-21,d95b5e9d-f2d5-4950-85a9-909e52f727ba,Penner Farms - SE 27-8-13 (site 2),c3ec3bd8-8836-45bb-97b7-adff01636570,Symo 24.0-3 480 (3),24.0,parsed_from_inverter_name,177.71,month,devwork
2026-02-22,d95b5e9d-f2d5-4950-85a9-909e52f727ba,Penner Farms - SE 27-8-13 (site 2),b8a6c9fe-5838-42e7-9faa-adff01636559,Symo 24.0-3 480 (1),24.0,parsed_from_inverter_name,160.0,month,devwork
2026-02-22,d95b5e9d-f2d5-4950-85a9-909e52f727ba,Penner Farms - SE 27-8-13 (site 2),a9f3ac23-6f93-447b-9037-adff01636562,Symo 24.0-3 480 (2),24.0,parsed_from_inverter_name,164.31,month,devwork
2026-02-22,d95b5e9d-f2d5-4950-85a9-909e52f727ba,Penner Farms - SE 27-8-13 (site 2),c3ec3bd8-8836-45bb-97b7-adff01636570,Symo 24.0-3 480 (3),24.0,parsed_from_inverter_name,162.74,month,devwork
2026-02-23,d95b5e9d-f2d5-4950-85a9-909e52f727ba,Penner Farms - SE 27-8-13 (site 2),b8a6c9fe-5838-42e7-9faa-adff01636559,Symo 24.0-3 480 (1),24.0,parsed_from_inverter_name,116.9,month,devwork
2026-02-23,d95b5e9d-f2d5-4950-85a9-909e52f727ba,Penner Farms - SE 27-8-13 (site 2),a9f3ac23-6f93-447b-9037-adff01636562,Symo 24.0-3 480 (2),24.0,parsed_from_inverter_name,118.54,month,devwork
2026-02-23,d95b5e9d-f2d5-4950-85a9-909e52f727ba,Penner Farms - SE 27-8-13 (site 2),c3ec3bd8-8836-45bb-97b7-adff01636570,Symo 24.0-3 480 (3),24.0,parsed_from_inverter_name,117.97,month,devwork
2026-02-24,d95b5e9d-f2d5-4950-85a9-909e52f727ba,Penner Farms - SE 27-8-13 (site 2),b8a6c9fe-5838-42e7-9faa-adff01636559,Symo 24.0-3 480 (1),24.0,parsed_from_inverter_name,172.53,month,devwork
2026-02-24,d95b5e9d-f2d5-4950-85a9-909e52f727ba,Penner Farms - SE 27-8-13 (site 2),a9f3ac23-6f93-447b-9037-adff01636562,Symo 24.0-3 480 (2),24.0,parsed_from_inverter_name,174.71,month,devwork
2026-02-24,d95b5e9d-f2d5-4950-85a9-909e52f727ba,Penner Farms - SE 27-8-13 (site 2),c3ec3bd8-8836-45bb-97b7-adff01636570,Symo 24.0-3 480 (3),24.0,parsed_from_inverter_name,172.93,month,devwork
2026-02-25,d95b5e9d-f2d5-4950-85a9-909e52f727ba,Penner Farms - SE 27-8-13 (site 2),b8a6c9fe-5838-42e7-9faa-adff01636559,Symo 24.0-3 480 (1),24.0,parsed_from_inverter_name,99.63,month,devwork
2026-02-25,d95b5e9d-f2d5-4950-85a9-909e52f727ba,Penner Farms - SE 27-8-13 (site 2),a9f3ac23-6f93-447b-9037-adff01636562,Symo 24.0-3 480 (2),24.0,parsed_from_inverter_name,101.03,month,devwork
2026-02-25,d95b5e9d-f2d5-4950-85a9-909e52f727ba,Penner Farms - SE 27-8-13 (site 2),c3ec3bd8-8836-45bb-97b7-adff01636570,Symo 24.0-3 480 (3),24.0,parsed_from_inverter_name,100.24,month,devwork
2026-02-26,d95b5e9d-f2d5-4950-85a9-909e52f727ba,Penner Farms - SE 27-8-13 (site 2),b8a6c9fe-5838-42e7-9faa-adff01636559,Symo 24.0-3 480 (1),24.0,parsed_from_inverter_name,32.45,month,devwork
2026-02-26,d95b5e9d-f2d5-4950-85a9-909e52f727ba,Penner Farms - SE 27-8-13 (site 2),a9f3ac23-6f93-447b-9037-adff01636562,Symo 24.0-3 480 (2),24.0,parsed_from_inverter_name,33.04,month,devwork
2026-02-26,d95b5e9d-f2d5-4950-85a9-909e52f727ba,Penner Farms - SE 27-8-13 (site 2),c3ec3bd8-8836-45bb-97b7-adff01636570,Symo 24.0-3 480 (3),24.0,parsed_from_inverter_name,32.61,month,devwork
2026-02-27,d95b5e9d-f2d5-4950-85a9-909e52f727ba,Penner Farms - SE 27-8-13 (site 2),b8a6c9fe-5838-42e7-9faa-adff01636559,Symo 24.0-3 480 (1),24.0,parsed_from_inverter_name,52.04,month,devwork
2026-02-27,d95b5e9d-f2d5-4950-85a9-909e52f727ba,Penner Farms - SE 27-8-13 (site 2),a9f3ac23-6f93-447b-9037-adff01636562,Symo 24.0-3 480 (2),24.0,parsed_from_inverter_name,53.09,month,devwork
2026-02-27,d95b5e9d-f2d5-4950-85a9-909e52f727ba,Penner Farms - SE 27-8-13 (site 2),c3ec3bd8-8836-45bb-97b7-adff01636570,Symo 24.0-3 480 (3),24.0,parsed_from_inverter_name,52.84,month,devwork
2026-02-28,d95b5e9d-f2d5-4950-85a9-909e52f727ba,Penner Farms - SE 27-8-13 (site 2),b8a6c9fe-5838-42e7-9faa-adff01636559,Symo 24.0-3 480 (1),24.0,parsed_from_inverter_name,107.98,month,devwork
2026-02-28,d95b5e9d-f2d5-4950-85a9-909e52f727ba,Penner Farms - SE 27-8-13 (site 2),a9f3ac23-6f93-447b-9037-adff01636562,Symo 24.0-3 480 (2),24.0,parsed_from_inverter_name,108.49,month,devwork
2026-02-28,d95b5e9d-f2d5-4950-85a9-909e52f727ba,Penner Farms - SE 27-8-13 (site 2),c3ec3bd8-8836-45bb-97b7-adff01636570,Symo 24.0-3 480 (3),24.0,parsed_from_inverter_name,109.13,month,devwork
2026-03-01,d95b5e9d-f2d5-4950-85a9-909e52f727ba,Penner Farms - SE 27-8-13 (site 2),b8a6c9fe-5838-42e7-9faa-adff01636559,Symo 24.0-3 480 (1),24.0,parsed_from_inverter_name,176.86,month,devwork
2026-03-01,d95b5e9d-f2d5-4950-85a9-909e52f727ba,Penner Farms - SE 27-8-13 (site 2),a9f3ac23-6f93-447b-9037-adff01636562,Symo 24.0-3 480 (2),24.0,parsed_from_inverter_name,178.89,month,devwork
2026-03-01,d95b5e9d-f2d5-4950-85a9-909e52f727ba,Penner Farms - SE 27-8-13 (site 2),c3ec3bd8-8836-45bb-97b7-adff01636570,Symo 24.0-3 480 (3),24.0,parsed_from_inverter_name,177.21,month,devwork
2026-03-02,d95b5e9d-f2d5-4950-85a9-909e52f727ba,Penner Farms - SE 27-8-13 (site 2),b8a6c9fe-5838-42e7-9faa-adff01636559,Symo 24.0-3 480 (1),24.0,parsed_from_inverter_name,172.72,month,devwork
2026-03-02,d95b5e9d-f2d5-4950-85a9-909e52f727ba,Penner Farms - SE 27-8-13 (site 2),a9f3ac23-6f93-447b-9037-adff01636562,Symo 24.0-3 480 (2),24.0,parsed_from_inverter_name,173.81,month,devwork
2026-03-02,d95b5e9d-f2d5-4950-85a9-909e52f727ba,Penner Farms - SE 27-8-13 (site 2),c3ec3bd8-8836-45bb-97b7-adff01636570,Symo 24.0-3 480 (3),24.0,parsed_from_inverter_name,172.35,month,devwork
2026-03-03,d95b5e9d-f2d5-4950-85a9-909e52f727ba,Penner Farms - SE 27-8-13 (site 2),b8a6c9fe-5838-42e7-9faa-adff01636559,Symo 24.0-3 480 (1),24.0,parsed_from_inverter_name,46.4,month,devwork
2026-03-03,d95b5e9d-f2d5-4950-85a9-909e52f727ba,Penner Farms - SE 27-8-13 (site 2),a9f3ac23-6f93-447b-9037-adff01636562,Symo 24.0-3 480 (2),24.0,parsed_from_inverter_name,47.27,month,devwork
2026-03-03,d95b5e9d-f2d5-4950-85a9-909e52f727ba,Penner Farms - SE 27-8-13 (site 2),c3ec3bd8-8836-45bb-97b7-adff01636570,Symo 24.0-3 480 (3),24.0,parsed_from_inverter_name,47.27,month,devwork
2026-03-04,d95b5e9d-f2d5-4950-85a9-909e52f727ba,Penner Farms - SE 27-8-13 (site 2),b8a6c9fe-5838-42e7-9faa-adff01636559,Symo 24.0-3 480 (1),24.0,parsed_from_inverter_name,57.4,month,devwork
2026-03-04,d95b5e9d-f2d5-4950-85a9-909e52f727ba,Penner Farms - SE 27-8-13 (site 2),a9f3ac23-6f93-447b-9037-adff01636562,Symo 24.0-3 480 (2),24.0,parsed_from_inverter_name,58.27,month,devwork
2026-03-04,d95b5e9d-f2d5-4950-85a9-909e52f727ba,Penner Farms - SE 27-8-13 (site 2),c3ec3bd8-8836-45bb-97b7-adff01636570,Symo 24.0-3 480 (3),24.0,parsed_from_inverter_name,58.21,month,devwork
2026-03-05,d95b5e9d-f2d5-4950-85a9-909e52f727ba,Penner Farms - SE 27-8-13 (site 2),b8a6c9fe-5838-42e7-9faa-adff01636559,Symo 24.0-3 480 (1),24.0,parsed_from_inverter_name,118.79,month,devwork
2026-03-05,d95b5e9d-f2d5-4950-85a9-909e52f727ba,Penner Farms - SE 27-8-13 (site 2),a9f3ac23-6f93-447b-9037-adff01636562,Symo 24.0-3 480 (2),24.0,parsed_from_inverter_name,120.1,month,devwork
2026-03-05,d95b5e9d-f2d5-4950-85a9-909e52f727ba,Penner Farms - SE 27-8-13 (site 2),c3ec3bd8-8836-45bb-97b7-adff01636570,Symo 24.0-3 480 (3),24.0,parsed_from_inverter_name,118.82,month,devwork
2026-03-06,d95b5e9d-f2d5-4950-85a9-909e52f727ba,Penner Farms - SE 27-8-13 (site 2),b8a6c9fe-5838-42e7-9faa-adff01636559,Symo 24.0-3 480 (1),24.0,parsed_from_inverter_name,102.99,month,devwork
2026-03-06,d95b5e9d-f2d5-4950-85a9-909e52f727ba,Penner Farms - SE 27-8-13 (site 2),a9f3ac23-6f93-447b-9037-adff01636562,Symo 24.0-3 480 (2),24.0,parsed_from_inverter_name,180.89,month,devwork
2026-03-06,d95b5e9d-f2d5-4950-85a9-909e52f727ba,Penner Farms - SE 27-8-13 (site 2),c3ec3bd8-8836-45bb-97b7-adff01636570,Symo 24.0-3 480 (3),24.0,parsed_from_inverter_name,179.34,month,devwork
2026-03-07,d95b5e9d-f2d5-4950-85a9-909e52f727ba,Penner Farms - SE 27-8-13 (site 2),b8a6c9fe-5838-42e7-9faa-adff01636559,Symo 24.0-3 480 (1),24.0,parsed_from_inverter_name,143.3,month,devwork
2026-03-07,d95b5e9d-f2d5-4950-85a9-909e52f727ba,Penner Farms - SE 27-8-13 (site 2),a9f3ac23-6f93-447b-9037-adff01636562,Symo 24.0-3 480 (2),24.0,parsed_from_inverter_name,144.91,month,devwork
2026-03-07,d95b5e9d-f2d5-4950-85a9-909e52f727ba,Penner Farms - SE 27-8-13 (site 2),c3ec3bd8-8836-45bb-97b7-adff01636570,Symo 24.0-3 480 (3),24.0,parsed_from_inverter_name,142.97,month,devwork
2026-03-08,d95b5e9d-f2d5-4950-85a9-909e52f727ba,Penner Farms - SE 27-8-13 (site 2),b8a6c9fe-5838-42e7-9faa-adff01636559,Symo 24.0-3 480 (1),24.0,parsed_from_inverter_name,85.07,month,devwork
2026-03-08,d95b5e9d-f2d5-4950-85a9-909e52f727ba,Penner Farms - SE 27-8-13 (site 2),a9f3ac23-6f93-447b-9037-adff01636562,Symo 24.0-3 480 (2),24.0,parsed_from_inverter_name,85.77,month,devwork
2026-03-08,d95b5e9d-f2d5-4950-85a9-909e52f727ba,Penner Farms - SE 27-8-13 (site 2),c3ec3bd8-8836-45bb-97b7-adff01636570,Symo 24.0-3 480 (3),24.0,parsed_from_inverter_name,81.02,month,devwork
2026-03-09,d95b5e9d-f2d5-4950-85a9-909e52f727ba,Penner Farms - SE 27-8-13 (site 2),b8a6c9fe-5838-42e7-9faa-adff01636559,Symo 24.0-3 480 (1),24.0,parsed_from_inverter_name,163.24,month,devwork
2026-03-09,d95b5e9d-f2d5-4950-85a9-909e52f727ba,Penner Farms - SE 27-8-13 (site 2),a9f3ac23-6f93-447b-9037-adff01636562,Symo 24.0-3 480 (2),24.0,parsed_from_inverter_name,160.73,month,devwork
2026-03-09,d95b5e9d-f2d5-4950-85a9-909e52f727ba,Penner Farms - SE 27-8-13 (site 2),c3ec3bd8-8836-45bb-97b7-adff01636570,Symo 24.0-3 480 (3),24.0,parsed_from_inverter_name,164.92,month,devwork
2026-03-10,d95b5e9d-f2d5-4950-85a9-909e52f727ba,Penner Farms - SE 27-8-13 (site 2),b8a6c9fe-5838-42e7-9faa-adff01636559,Symo 24.0-3 480 (1),24.0,parsed_from_inverter_name,175.66,month,devwork
2026-03-10,d95b5e9d-f2d5-4950-85a9-909e52f727ba,Penner Farms - SE 27-8-13 (site 2),a9f3ac23-6f93-447b-9037-adff01636562,Symo 24.0-3 480 (2),24.0,parsed_from_inverter_name,176.29,month,devwork
2026-03-10,d95b5e9d-f2d5-4950-85a9-909e52f727ba,Penner Farms - SE 27-8-13 (site 2),c3ec3bd8-8836-45bb-97b7-adff01636570,Symo 24.0-3 480 (3),24.0,parsed_from_inverter_name,175.12,month,devwork
2026-03-11,d95b5e9d-f2d5-4950-85a9-909e52f727ba,Penner Farms - SE 27-8-13 (site 2),b8a6c9fe-5838-42e7-9faa-adff01636559,Symo 24.0-3 480 (1),24.0,parsed_from_inverter_name,181.88,month,devwork
2026-03-11,d95b5e9d-f2d5-4950-85a9-909e52f727ba,Penner Farms - SE 27-8-13 (site 2),a9f3ac23-6f93-447b-9037-adff01636562,Symo 24.0-3 480 (2),24.0,parsed_from_inverter_name,182.29,month,devwork
2026-03-11,d95b5e9d-f2d5-4950-85a9-909e52f727ba,Penner Farms - SE 27-8-13 (site 2),c3ec3bd8-8836-45bb-97b7-adff01636570,Symo 24.0-3 480 (3),24.0,parsed_from_inverter_name,181.33,month,devwork
2026-03-12,d95b5e9d-f2d5-4950-85a9-909e52f727ba,Penner Farms - SE 27-8-13 (site 2),b8a6c9fe-5838-42e7-9faa-adff01636559,Symo 24.0-3 480 (1),24.0,parsed_from_inverter_name,42.11,month,devwork
2026-03-12,d95b5e9d-f2d5-4950-85a9-909e52f727ba,Penner Farms - SE 27-8-13 (site 2),a9f3ac23-6f93-447b-9037-adff01636562,Symo 24.0-3 480 (2),24.0,parsed_from_inverter_name,43.5,month,devwork
2026-03-12,d95b5e9d-f2d5-4950-85a9-909e52f727ba,Penner Farms - SE 27-8-13 (site 2),c3ec3bd8-8836-45bb-97b7-adff01636570,Symo 24.0-3 480 (3),24.0,parsed_from_inverter_name,43.67,month,devwork
2026-03-13,d95b5e9d-f2d5-4950-85a9-909e52f727ba,Penner Farms - SE 27-8-13 (site 2),b8a6c9fe-5838-42e7-9faa-adff01636559,Symo 24.0-3 480 (1),24.0,parsed_from_inverter_name,54.15,month,devwork
2026-03-13,d95b5e9d-f2d5-4950-85a9-909e52f727ba,Penner Farms - SE 27-8-13 (site 2),a9f3ac23-6f93-447b-9037-adff01636562,Symo 24.0-3 480 (2),24.0,parsed_from_inverter_name,54.69,month,devwork
2026-03-13,d95b5e9d-f2d5-4950-85a9-909e52f727ba,Penner Farms - SE 27-8-13 (site 2),c3ec3bd8-8836-45bb-97b7-adff01636570,Symo 24.0-3 480 (3),24.0,parsed_from_inverter_name,54.75,month,devwork
2026-03-14,d95b5e9d-f2d5-4950-85a9-909e52f727ba,Penner Farms - SE 27-8-13 (site 2),b8a6c9fe-5838-42e7-9faa-adff01636559,Symo 24.0-3 480 (1),24.0,parsed_from_inverter_name,35.07,month,devwork
2026-03-14,d95b5e9d-f2d5-4950-85a9-909e52f727ba,Penner Farms - SE 27-8-13 (site 2),a9f3ac23-6f93-447b-9037-adff01636562,Symo 24.0-3 480 (2),24.0,parsed_from_inverter_name,39.92,month,devwork
2026-03-14,d95b5e9d-f2d5-4950-85a9-909e52f727ba,Penner Farms - SE 27-8-13 (site 2),c3ec3bd8-8836-45bb-97b7-adff01636570,Symo 24.0-3 480 (3),24.0,parsed_from_inverter_name,35.64,month,devwork
2026-03-15,d95b5e9d-f2d5-4950-85a9-909e52f727ba,Penner Farms - SE 27-8-13 (site 2),b8a6c9fe-5838-42e7-9faa-adff01636559,Symo 24.0-3 480 (1),24.0,parsed_from_inverter_name,140.29,month,devwork
2026-03-15,d95b5e9d-f2d5-4950-85a9-909e52f727ba,Penner Farms - SE 27-8-13 (site 2),a9f3ac23-6f93-447b-9037-adff01636562,Symo 24.0-3 480 (2),24.0,parsed_from_inverter_name,149.66,month,devwork
2026-03-15,d95b5e9d-f2d5-4950-85a9-909e52f727ba,Penner Farms - SE 27-8-13 (site 2),c3ec3bd8-8836-45bb-97b7-adff01636570,Symo 24.0-3 480 (3),24.0,parsed_from_inverter_name,145.62,month,devwork
2026-03-16,d95b5e9d-f2d5-4950-85a9-909e52f727ba,Penner Farms - SE 27-8-13 (site 2),b8a6c9fe-5838-42e7-9faa-adff01636559,Symo 24.0-3 480 (1),24.0,parsed_from_inverter_name,84.82,month,devwork
2026-03-16,d95b5e9d-f2d5-4950-85a9-909e52f727ba,Penner Farms - SE 27-8-13 (site 2),a9f3ac23-6f93-447b-9037-adff01636562,Symo 24.0-3 480 (2),24.0,parsed_from_inverter_name,86.93,month,devwork
2026-03-16,d95b5e9d-f2d5-4950-85a9-909e52f727ba,Penner Farms - SE 27-8-13 (site 2),c3ec3bd8-8836-45bb-97b7-adff01636570,Symo 24.0-3 480 (3),24.0,parsed_from_inverter_name,87.13,month,devwork
2026-03-17,d95b5e9d-f2d5-4950-85a9-909e52f727ba,Penner Farms - SE 27-8-13 (site 2),b8a6c9fe-5838-42e7-9faa-adff01636559,Symo 24.0-3 480 (1),24.0,parsed_from_inverter_name,31.32,month,devwork
2026-03-17,d95b5e9d-f2d5-4950-85a9-909e52f727ba,Penner Farms - SE 27-8-13 (site 2),a9f3ac23-6f93-447b-9037-adff01636562,Symo 24.0-3 480 (2),24.0,parsed_from_inverter_name,31.77,month,devwork
2026-03-17,d95b5e9d-f2d5-4950-85a9-909e52f727ba,Penner Farms - SE 27-8-13 (site 2),c3ec3bd8-8836-45bb-97b7-adff01636570,Symo 24.0-3 480 (3),24.0,parsed_from_inverter_name,31.94,month,devwork
2026-03-18,d95b5e9d-f2d5-4950-85a9-909e52f727ba,Penner Farms - SE 27-8-13 (site 2),b8a6c9fe-5838-42e7-9faa-adff01636559,Symo 24.0-3 480 (1),24.0,parsed_from_inverter_name,73.99,month,devwork
2026-03-18,d95b5e9d-f2d5-4950-85a9-909e52f727ba,Penner Farms - SE 27-8-13 (site 2),a9f3ac23-6f93-447b-9037-adff01636562,Symo 24.0-3 480 (2),24.0,parsed_from_inverter_name,74.86,month,devwork
2026-03-18,d95b5e9d-f2d5-4950-85a9-909e52f727ba,Penner Farms - SE 27-8-13 (site 2),c3ec3bd8-8836-45bb-97b7-adff01636570,Symo 24.0-3 480 (3),24.0,parsed_from_inverter_name,72.25,month,devwork
2026-03-19,d95b5e9d-f2d5-4950-85a9-909e52f727ba,Penner Farms - SE 27-8-13 (site 2),b8a6c9fe-5838-42e7-9faa-adff01636559,Symo 24.0-3 480 (1),24.0,parsed_from_inverter_name,81.19,month,devwork
2026-03-19,d95b5e9d-f2d5-4950-85a9-909e52f727ba,Penner Farms - SE 27-8-13 (site 2),a9f3ac23-6f93-447b-9037-adff01636562,Symo 24.0-3 480 (2),24.0,parsed_from_inverter_name,82.04,month,devwork
2026-03-19,d95b5e9d-f2d5-4950-85a9-909e52f727ba,Penner Farms - SE 27-8-13 (site 2),c3ec3bd8-8836-45bb-97b7-adff01636570,Symo 24.0-3 480 (3),24.0,parsed_from_inverter_name,81.98,month,devwork
2026-03-20,d95b5e9d-f2d5-4950-85a9-909e52f727ba,Penner Farms - SE 27-8-13 (site 2),b8a6c9fe-5838-42e7-9faa-adff01636559,Symo 24.0-3 480 (1),24.0,parsed_from_inverter_name,150.31,month,devwork
2026-03-20,d95b5e9d-f2d5-4950-85a9-909e52f727ba,Penner Farms - SE 27-8-13 (site 2),a9f3ac23-6f93-447b-9037-adff01636562,Symo 24.0-3 480 (2),24.0,parsed_from_inverter_name,151.28,month,devwork
2026-03-20,d95b5e9d-f2d5-4950-85a9-909e52f727ba,Penner Farms - SE 27-8-13 (site 2),c3ec3bd8-8836-45bb-97b7-adff01636570,Symo 24.0-3 480 (3),24.0,parsed_from_inverter_name,145.81,month,devwork
2026-03-21,d95b5e9d-f2d5-4950-85a9-909e52f727ba,Penner Farms - SE 27-8-13 (site 2),b8a6c9fe-5838-42e7-9faa-adff01636559,Symo 24.0-3 480 (1),24.0,parsed_from_inverter_name,46.41,month,devwork
2026-03-21,d95b5e9d-f2d5-4950-85a9-909e52f727ba,Penner Farms - SE 27-8-13 (site 2),a9f3ac23-6f93-447b-9037-adff01636562,Symo 24.0-3 480 (2),24.0,parsed_from_inverter_name,47.31,month,devwork
2026-03-21,d95b5e9d-f2d5-4950-85a9-909e52f727ba,Penner Farms - SE 27-8-13 (site 2),c3ec3bd8-8836-45bb-97b7-adff01636570,Symo 24.0-3 480 (3),24.0,parsed_from_inverter_name,47.17,month,devwork
2026-03-22,d95b5e9d-f2d5-4950-85a9-909e52f727ba,Penner Farms - SE 27-8-13 (site 2),b8a6c9fe-5838-42e7-9faa-adff01636559,Symo 24.0-3 480 (1),24.0,parsed_from_inverter_name,175.26,month,devwork
2026-03-22,d95b5e9d-f2d5-4950-85a9-909e52f727ba,Penner Farms - SE 27-8-13 (site 2),a9f3ac23-6f93-447b-9037-adff01636562,Symo 24.0-3 480 (2),24.0,parsed_from_inverter_name,176.49,month,devwork
2026-03-22,d95b5e9d-f2d5-4950-85a9-909e52f727ba,Penner Farms - SE 27-8-13 (site 2),c3ec3bd8-8836-45bb-97b7-adff01636570,Symo 24.0-3 480 (3),24.0,parsed_from_inverter_name,147.49,month,devwork
2026-03-23,d95b5e9d-f2d5-4950-85a9-909e52f727ba,Penner Farms - SE 27-8-13 (site 2),b8a6c9fe-5838-42e7-9faa-adff01636559,Symo 24.0-3 480 (1),24.0,parsed_from_inverter_name,172.34,month,devwork
2026-03-23,d95b5e9d-f2d5-4950-85a9-909e52f727ba,Penner Farms - SE 27-8-13 (site 2),a9f3ac23-6f93-447b-9037-adff01636562,Symo 24.0-3 480 (2),24.0,parsed_from_inverter_name,173.75,month,devwork
2026-03-23,d95b5e9d-f2d5-4950-85a9-909e52f727ba,Penner Farms - SE 27-8-13 (site 2),c3ec3bd8-8836-45bb-97b7-adff01636570,Symo 24.0-3 480 (3),24.0,parsed_from_inverter_name,173.16,month,devwork
2026-03-24,d95b5e9d-f2d5-4950-85a9-909e52f727ba,Penner Farms - SE 27-8-13 (site 2),b8a6c9fe-5838-42e7-9faa-adff01636559,Symo 24.0-3 480 (1),24.0,parsed_from_inverter_name,52.59,month,devwork
2026-03-24,d95b5e9d-f2d5-4950-85a9-909e52f727ba,Penner Farms - SE 27-8-13 (site 2),a9f3ac23-6f93-447b-9037-adff01636562,Symo 24.0-3 480 (2),24.0,parsed_from_inverter_name,53.29,month,devwork
2026-03-24,d95b5e9d-f2d5-4950-85a9-909e52f727ba,Penner Farms - SE 27-8-13 (site 2),c3ec3bd8-8836-45bb-97b7-adff01636570,Symo 24.0-3 480 (3),24.0,parsed_from_inverter_name,53.4,month,devwork
2026-03-25,d95b5e9d-f2d5-4950-85a9-909e52f727ba,Penner Farms - SE 27-8-13 (site 2),b8a6c9fe-5838-42e7-9faa-adff01636559,Symo 24.0-3 480 (1),24.0,parsed_from_inverter_name,171.69,month,devwork
2026-03-25,d95b5e9d-f2d5-4950-85a9-909e52f727ba,Penner Farms - SE 27-8-13 (site 2),a9f3ac23-6f93-447b-9037-adff01636562,Symo 24.0-3 480 (2),24.0,parsed_from_inverter_name,172.38,month,devwork
2026-03-25,d95b5e9d-f2d5-4950-85a9-909e52f727ba,Penner Farms - SE 27-8-13 (site 2),c3ec3bd8-8836-45bb-97b7-adff01636570,Symo 24.0-3 480 (3),24.0,parsed_from_inverter_name,168.17,month,devwork
2026-03-26,d95b5e9d-f2d5-4950-85a9-909e52f727ba,Penner Farms - SE 27-8-13 (site 2),b8a6c9fe-5838-42e7-9faa-adff01636559,Symo 24.0-3 480 (1),24.0,parsed_from_inverter_name,141.76,month,devwork
2026-03-26,d95b5e9d-f2d5-4950-85a9-909e52f727ba,Penner Farms - SE 27-8-13 (site 2),a9f3ac23-6f93-447b-9037-adff01636562,Symo 24.0-3 480 (2),24.0,parsed_from_inverter_name,126.12,month,devwork
2026-03-26,d95b5e9d-f2d5-4950-85a9-909e52f727ba,Penner Farms - SE 27-8-13 (site 2),c3ec3bd8-8836-45bb-97b7-adff01636570,Symo 24.0-3 480 (3),24.0,parsed_from_inverter_name,138.79,month,devwork
2026-03-27,d95b5e9d-f2d5-4950-85a9-909e52f727ba,Penner Farms - SE 27-8-13 (site 2),b8a6c9fe-5838-42e7-9faa-adff01636559,Symo 24.0-3 480 (1),24.0,parsed_from_inverter_name,181.62,month,devwork
2026-03-27,d95b5e9d-f2d5-4950-85a9-909e52f727ba,Penner Farms - SE 27-8-13 (site 2),a9f3ac23-6f93-447b-9037-adff01636562,Symo 24.0-3 480 (2),24.0,parsed_from_inverter_name,182.76,month,devwork
2026-03-27,d95b5e9d-f2d5-4950-85a9-909e52f727ba,Penner Farms - SE 27-8-13 (site 2),c3ec3bd8-8836-45bb-97b7-adff01636570,Symo 24.0-3 480 (3),24.0,parsed_from_inverter_name,181.93,month,devwork
2026-03-28,d95b5e9d-f2d5-4950-85a9-909e52f727ba,Penner Farms - SE 27-8-13 (site 2),b8a6c9fe-5838-42e7-9faa-adff01636559,Symo 24.0-3 480 (1),24.0,parsed_from_inverter_name,139.52,month,devwork
2026-03-28,d95b5e9d-f2d5-4950-85a9-909e52f727ba,Penner Farms - SE 27-8-13 (site 2),a9f3ac23-6f93-447b-9037-adff01636562,Symo 24.0-3 480 (2),24.0,parsed_from_inverter_name,140.83,month,devwork
2026-03-28,d95b5e9d-f2d5-4950-85a9-909e52f727ba,Penner Farms - SE 27-8-13 (site 2),c3ec3bd8-8836-45bb-97b7-adff01636570,Symo 24.0-3 480 (3),24.0,parsed_from_inverter_name,137.16,month,devwork
2026-03-29,d95b5e9d-f2d5-4950-85a9-909e52f727ba,Penner Farms - SE 27-8-13 (site 2),b8a6c9fe-5838-42e7-9faa-adff01636559,Symo 24.0-3 480 (1),24.0,parsed_from_inverter_name,40.67,month,devwork
2026-03-29,d95b5e9d-f2d5-4950-85a9-909e52f727ba,Penner Farms - SE 27-8-13 (site 2),a9f3ac23-6f93-447b-9037-adff01636562,Symo 24.0-3 480 (2),24.0,parsed_from_inverter_name,41.24,month,devwork
2026-03-29,d95b5e9d-f2d5-4950-85a9-909e52f727ba,Penner Farms - SE 27-8-13 (site 2),c3ec3bd8-8836-45bb-97b7-adff01636570,Symo 24.0-3 480 (3),24.0,parsed_from_inverter_name,41.4,month,devwork
2026-03-30,d95b5e9d-f2d5-4950-85a9-909e52f727ba,Penner Farms - SE 27-8-13 (site 2),b8a6c9fe-5838-42e7-9faa-adff01636559,Symo 24.0-3 480 (1),24.0,parsed_from_inverter_name,69.22,month,devwork
2026-03-30,d95b5e9d-f2d5-4950-85a9-909e52f727ba,Penner Farms - SE 27-8-13 (site 2),a9f3ac23-6f93-447b-9037-adff01636562,Symo 24.0-3 480 (2),24.0,parsed_from_inverter_name,68.41,month,devwork
2026-03-30,d95b5e9d-f2d5-4950-85a9-909e52f727ba,Penner Farms - SE 27-8-13 (site 2),c3ec3bd8-8836-45bb-97b7-adff01636570,Symo 24.0-3 480 (3),24.0,parsed_from_inverter_name,68.61,month,devwork
2026-03-31,d95b5e9d-f2d5-4950-85a9-909e52f727ba,Penner Farms - SE 27-8-13 (site 2),b8a6c9fe-5838-42e7-9faa-adff01636559,Symo 24.0-3 480 (1),24.0,parsed_from_inverter_name,169.32,month,devwork
2026-03-31,d95b5e9d-f2d5-4950-85a9-909e52f727ba,Penner Farms - SE 27-8-13 (site 2),a9f3ac23-6f93-447b-9037-adff01636562,Symo 24.0-3 480 (2),24.0,parsed_from_inverter_name,172.39,month,devwork
2026-03-31,d95b5e9d-f2d5-4950-85a9-909e52f727ba,Penner Farms - SE 27-8-13 (site 2),c3ec3bd8-8836-45bb-97b7-adff01636570,Symo 24.0-3 480 (3),24.0,parsed_from_inverter_name,171.85,month,devwork
2026-04-01,d95b5e9d-f2d5-4950-85a9-909e52f727ba,Penner Farms - SE 27-8-13 (site 2),b8a6c9fe-5838-42e7-9faa-adff01636559,Symo 24.0-3 480 (1),24.0,parsed_from_inverter_name,164.33,month,devwork
2026-04-01,d95b5e9d-f2d5-4950-85a9-909e52f727ba,Penner Farms - SE 27-8-13 (site 2),a9f3ac23-6f93-447b-9037-adff01636562,Symo 24.0-3 480 (2),24.0,parsed_from_inverter_name,165.99,month,devwork
2026-04-01,d95b5e9d-f2d5-4950-85a9-909e52f727ba,Penner Farms - SE 27-8-13 (site 2),c3ec3bd8-8836-45bb-97b7-adff01636570,Symo 24.0-3 480 (3),24.0,parsed_from_inverter_name,165.95,month,devwork
2026-04-02,d95b5e9d-f2d5-4950-85a9-909e52f727ba,Penner Farms - SE 27-8-13 (site 2),b8a6c9fe-5838-42e7-9faa-adff01636559,Symo 24.0-3 480 (1),24.0,parsed_from_inverter_name,52.9,month,devwork
2026-04-02,d95b5e9d-f2d5-4950-85a9-909e52f727ba,Penner Farms - SE 27-8-13 (site 2),a9f3ac23-6f93-447b-9037-adff01636562,Symo 24.0-3 480 (2),24.0,parsed_from_inverter_name,52.19,month,devwork
2026-04-02,d95b5e9d-f2d5-4950-85a9-909e52f727ba,Penner Farms - SE 27-8-13 (site 2),c3ec3bd8-8836-45bb-97b7-adff01636570,Symo 24.0-3 480 (3),24.0,parsed_from_inverter_name,47.19,month,devwork
2026-04-03,d95b5e9d-f2d5-4950-85a9-909e52f727ba,Penner Farms - SE 27-8-13 (site 2),b8a6c9fe-5838-42e7-9faa-adff01636559,Symo 24.0-3 480 (1),24.0,parsed_from_inverter_name,122.41,month,devwork
2026-04-03,d95b5e9d-f2d5-4950-85a9-909e52f727ba,Penner Farms - SE 27-8-13 (site 2),a9f3ac23-6f93-447b-9037-adff01636562,Symo 24.0-3 480 (2),24.0,parsed_from_inverter_name,124.01,month,devwork
2026-04-03,d95b5e9d-f2d5-4950-85a9-909e52f727ba,Penner Farms - SE 27-8-13 (site 2),c3ec3bd8-8836-45bb-97b7-adff01636570,Symo 24.0-3 480 (3),24.0,parsed_from_inverter_name,119.71,month,devwork
2026-04-04,d95b5e9d-f2d5-4950-85a9-909e52f727ba,Penner Farms - SE 27-8-13 (site 2),b8a6c9fe-5838-42e7-9faa-adff01636559,Symo 24.0-3 480 (1),24.0,parsed_from_inverter_name,175.04,month,devwork
2026-04-04,d95b5e9d-f2d5-4950-85a9-909e52f727ba,Penner Farms - SE 27-8-13 (site 2),a9f3ac23-6f93-447b-9037-adff01636562,Symo 24.0-3 480 (2),24.0,parsed_from_inverter_name,176.21,month,devwork
2026-04-04,d95b5e9d-f2d5-4950-85a9-909e52f727ba,Penner Farms - SE 27-8-13 (site 2),c3ec3bd8-8836-45bb-97b7-adff01636570,Symo 24.0-3 480 (3),24.0,parsed_from_inverter_name,168.88,month,devwork
2026-04-05,d95b5e9d-f2d5-4950-85a9-909e52f727ba,Penner Farms - SE 27-8-13 (site 2),b8a6c9fe-5838-42e7-9faa-adff01636559,Symo 24.0-3 480 (1),24.0,parsed_from_inverter_name,119.06,month,devwork
2026-04-05,d95b5e9d-f2d5-4950-85a9-909e52f727ba,Penner Farms - SE 27-8-13 (site 2),a9f3ac23-6f93-447b-9037-adff01636562,Symo 24.0-3 480 (2),24.0,parsed_from_inverter_name,120.31,month,devwork
2026-04-05,d95b5e9d-f2d5-4950-85a9-909e52f727ba,Penner Farms - SE 27-8-13 (site 2),c3ec3bd8-8836-45bb-97b7-adff01636570,Symo 24.0-3 480 (3),24.0,parsed_from_inverter_name,117.84,month,devwork
2026-04-06,d95b5e9d-f2d5-4950-85a9-909e52f727ba,Penner Farms - SE 27-8-13 (site 2),b8a6c9fe-5838-42e7-9faa-adff01636559,Symo 24.0-3 480 (1),24.0,parsed_from_inverter_name,163.98,month,devwork
2026-04-06,d95b5e9d-f2d5-4950-85a9-909e52f727ba,Penner Farms - SE 27-8-13 (site 2),a9f3ac23-6f93-447b-9037-adff01636562,Symo 24.0-3 480 (2),24.0,parsed_from_inverter_name,170.15,month,devwork
2026-04-06,d95b5e9d-f2d5-4950-85a9-909e52f727ba,Penner Farms - SE 27-8-13 (site 2),c3ec3bd8-8836-45bb-97b7-adff01636570,Symo 24.0-3 480 (3),24.0,parsed_from_inverter_name,167.31,month,devwork
2026-04-07,d95b5e9d-f2d5-4950-85a9-909e52f727ba,Penner Farms - SE 27-8-13 (site 2),b8a6c9fe-5838-42e7-9faa-adff01636559,Symo 24.0-3 480 (1),24.0,parsed_from_inverter_name,64.8,month,devwork
2026-04-07,d95b5e9d-f2d5-4950-85a9-909e52f727ba,Penner Farms - SE 27-8-13 (site 2),a9f3ac23-6f93-447b-9037-adff01636562,Symo 24.0-3 480 (2),24.0,parsed_from_inverter_name,64.76,month,devwork
2026-04-07,d95b5e9d-f2d5-4950-85a9-909e52f727ba,Penner Farms - SE 27-8-13 (site 2),c3ec3bd8-8836-45bb-97b7-adff01636570,Symo 24.0-3 480 (3),24.0,parsed_from_inverter_name,65.06,month,devwork
2026-04-08,d95b5e9d-f2d5-4950-85a9-909e52f727ba,Penner Farms - SE 27-8-13 (site 2),b8a6c9fe-5838-42e7-9faa-adff01636559,Symo 24.0-3 480 (1),24.0,parsed_from_inverter_name,139.56,month,devwork
2026-04-08,d95b5e9d-f2d5-4950-85a9-909e52f727ba,Penner Farms - SE 27-8-13 (site 2),a9f3ac23-6f93-447b-9037-adff01636562,Symo 24.0-3 480 (2),24.0,parsed_from_inverter_name,140.54,month,devwork
2026-04-08,d95b5e9d-f2d5-4950-85a9-909e52f727ba,Penner Farms - SE 27-8-13 (site 2),c3ec3bd8-8836-45bb-97b7-adff01636570,Symo 24.0-3 480 (3),24.0,parsed_from_inverter_name,139.33,month,devwork
2026-04-09,d95b5e9d-f2d5-4950-85a9-909e52f727ba,Penner Farms - SE 27-8-13 (site 2),b8a6c9fe-5838-42e7-9faa-adff01636559,Symo 24.0-3 480 (1),24.0,parsed_from_inverter_name,162.09,month,devwork
2026-04-09,d95b5e9d-f2d5-4950-85a9-909e52f727ba,Penner Farms - SE 27-8-13 (site 2),a9f3ac23-6f93-447b-9037-adff01636562,Symo 24.0-3 480 (2),24.0,parsed_from_inverter_name,163.47,month,devwork
2026-04-09,d95b5e9d-f2d5-4950-85a9-909e52f727ba,Penner Farms - SE 27-8-13 (site 2),c3ec3bd8-8836-45bb-97b7-adff01636570,Symo 24.0-3 480 (3),24.0,parsed_from_inverter_name,162.81,month,devwork
2026-04-10,d95b5e9d-f2d5-4950-85a9-909e52f727ba,Penner Farms - SE 27-8-13 (site 2),b8a6c9fe-5838-42e7-9faa-adff01636559,Symo 24.0-3 480 (1),24.0,parsed_from_inverter_name,200.98,month,devwork
2026-04-10,d95b5e9d-f2d5-4950-85a9-909e52f727ba,Penner Farms - SE 27-8-13 (site 2),a9f3ac23-6f93-447b-9037-adff01636562,Symo 24.0-3 480 (2),24.0,parsed_from_inverter_name,202.35,month,devwork
2026-04-10,d95b5e9d-f2d5-4950-85a9-909e52f727ba,Penner Farms - SE 27-8-13 (site 2),c3ec3bd8-8836-45bb-97b7-adff01636570,Symo 24.0-3 480 (3),24.0,parsed_from_inverter_name,202.2,month,devwork
2026-04-11,d95b5e9d-f2d5-4950-85a9-909e52f727ba,Penner Farms - SE 27-8-13 (site 2),b8a6c9fe-5838-42e7-9faa-adff01636559,Symo 24.0-3 480 (1),24.0,parsed_from_inverter_name,113.91,month,devwork
2026-04-11,d95b5e9d-f2d5-4950-85a9-909e52f727ba,Penner Farms - SE 27-8-13 (site 2),a9f3ac23-6f93-447b-9037-adff01636562,Symo 24.0-3 480 (2),24.0,parsed_from_inverter_name,114.96,month,devwork
2026-04-11,d95b5e9d-f2d5-4950-85a9-909e52f727ba,Penner Farms - SE 27-8-13 (site 2),c3ec3bd8-8836-45bb-97b7-adff01636570,Symo 24.0-3 480 (3),24.0,parsed_from_inverter_name,114.54,month,devwork
2026-04-12,d95b5e9d-f2d5-4950-85a9-909e52f727ba,Penner Farms - SE 27-8-13 (site 2),b8a6c9fe-5838-42e7-9faa-adff01636559,Symo 24.0-3 480 (1),24.0,parsed_from_inverter_name,34.02,month,devwork
2026-04-12,d95b5e9d-f2d5-4950-85a9-909e52f727ba,Penner Farms - SE 27-8-13 (site 2),a9f3ac23-6f93-447b-9037-adff01636562,Symo 24.0-3 480 (2),24.0,parsed_from_inverter_name,34.39,month,devwork
2026-04-12,d95b5e9d-f2d5-4950-85a9-909e52f727ba,Penner Farms - SE 27-8-13 (site 2),c3ec3bd8-8836-45bb-97b7-adff01636570,Symo 24.0-3 480 (3),24.0,parsed_from_inverter_name,34.56,month,devwork
2026-04-13,d95b5e9d-f2d5-4950-85a9-909e52f727ba,Penner Farms - SE 27-8-13 (site 2),b8a6c9fe-5838-42e7-9faa-adff01636559,Symo 24.0-3 480 (1),24.0,parsed_from_inverter_name,169.32,month,devwork
2026-04-13,d95b5e9d-f2d5-4950-85a9-909e52f727ba,Penner Farms - SE 27-8-13 (site 2),a9f3ac23-6f93-447b-9037-adff01636562,Symo 24.0-3 480 (2),24.0,parsed_from_inverter_name,170.25,month,devwork
2026-04-13,d95b5e9d-f2d5-4950-85a9-909e52f727ba,Penner Farms - SE 27-8-13 (site 2),c3ec3bd8-8836-45bb-97b7-adff01636570,Symo 24.0-3 480 (3),24.0,parsed_from_inverter_name,162.21,month,devwork
2026-04-14,d95b5e9d-f2d5-4950-85a9-909e52f727ba,Penner Farms - SE 27-8-13 (site 2),b8a6c9fe-5838-42e7-9faa-adff01636559,Symo 24.0-3 480 (1),24.0,parsed_from_inverter_name,186.93,month,devwork
2026-04-14,d95b5e9d-f2d5-4950-85a9-909e52f727ba,Penner Farms - SE 27-8-13 (site 2),a9f3ac23-6f93-447b-9037-adff01636562,Symo 24.0-3 480 (2),24.0,parsed_from_inverter_name,186.9,month,devwork
2026-04-14,d95b5e9d-f2d5-4950-85a9-909e52f727ba,Penner Farms - SE 27-8-13 (site 2),c3ec3bd8-8836-45bb-97b7-adff01636570,Symo 24.0-3 480 (3),24.0,parsed_from_inverter_name,53.61,month,devwork
2026-04-15,d95b5e9d-f2d5-4950-85a9-909e52f727ba,Penner Farms - SE 27-8-13 (site 2),b8a6c9fe-5838-42e7-9faa-adff01636559,Symo 24.0-3 480 (1),24.0,parsed_from_inverter_name,101.64,month,devwork
2026-04-15,d95b5e9d-f2d5-4950-85a9-909e52f727ba,Penner Farms - SE 27-8-13 (site 2),a9f3ac23-6f93-447b-9037-adff01636562,Symo 24.0-3 480 (2),24.0,parsed_from_inverter_name,102.46,month,devwork
2026-04-15,d95b5e9d-f2d5-4950-85a9-909e52f727ba,Penner Farms - SE 27-8-13 (site 2),c3ec3bd8-8836-45bb-97b7-adff01636570,Symo 24.0-3 480 (3),24.0,parsed_from_inverter_name,102.82,month,devwork
2026-04-16,d95b5e9d-f2d5-4950-85a9-909e52f727ba,Penner Farms - SE 27-8-13 (site 2),b8a6c9fe-5838-42e7-9faa-adff01636559,Symo 24.0-3 480 (1),24.0,parsed_from_inverter_name,77.94,month,devwork
2026-04-16,d95b5e9d-f2d5-4950-85a9-909e52f727ba,Penner Farms - SE 27-8-13 (site 2),a9f3ac23-6f93-447b-9037-adff01636562,Symo 24.0-3 480 (2),24.0,parsed_from_inverter_name,81.6,month,devwork
2026-04-16,d95b5e9d-f2d5-4950-85a9-909e52f727ba,Penner Farms - SE 27-8-13 (site 2),c3ec3bd8-8836-45bb-97b7-adff01636570,Symo 24.0-3 480 (3),24.0,parsed_from_inverter_name,76.9,month,devwork
2026-04-17,d95b5e9d-f2d5-4950-85a9-909e52f727ba,Penner Farms - SE 27-8-13 (site 2),b8a6c9fe-5838-42e7-9faa-adff01636559,Symo 24.0-3 480 (1),24.0,parsed_from_inverter_name,160.42,month,devwork
2026-04-17,d95b5e9d-f2d5-4950-85a9-909e52f727ba,Penner Farms - SE 27-8-13 (site 2),a9f3ac23-6f93-447b-9037-adff01636562,Symo 24.0-3 480 (2),24.0,parsed_from_inverter_name,162.44,month,devwork
2026-04-17,d95b5e9d-f2d5-4950-85a9-909e52f727ba,Penner Farms - SE 27-8-13 (site 2),c3ec3bd8-8836-45bb-97b7-adff01636570,Symo 24.0-3 480 (3),24.0,parsed_from_inverter_name,160.49,month,devwork
2026-04-18,d95b5e9d-f2d5-4950-85a9-909e52f727ba,Penner Farms - SE 27-8-13 (site 2),b8a6c9fe-5838-42e7-9faa-adff01636559,Symo 24.0-3 480 (1),24.0,parsed_from_inverter_name,207.45,month,devwork
2026-04-18,d95b5e9d-f2d5-4950-85a9-909e52f727ba,Penner Farms - SE 27-8-13 (site 2),a9f3ac23-6f93-447b-9037-adff01636562,Symo 24.0-3 480 (2),24.0,parsed_from_inverter_name,207.87,month,devwork
2026-04-18,d95b5e9d-f2d5-4950-85a9-909e52f727ba,Penner Farms - SE 27-8-13 (site 2),c3ec3bd8-8836-45bb-97b7-adff01636570,Symo 24.0-3 480 (3),24.0,parsed_from_inverter_name,200.61,month,devwork
2026-04-19,d95b5e9d-f2d5-4950-85a9-909e52f727ba,Penner Farms - SE 27-8-13 (site 2),b8a6c9fe-5838-42e7-9faa-adff01636559,Symo 24.0-3 480 (1),24.0,parsed_from_inverter_name,205.65,month,devwork
2026-04-19,d95b5e9d-f2d5-4950-85a9-909e52f727ba,Penner Farms - SE 27-8-13 (site 2),a9f3ac23-6f93-447b-9037-adff01636562,Symo 24.0-3 480 (2),24.0,parsed_from_inverter_name,203.53,month,devwork
2026-04-19,d95b5e9d-f2d5-4950-85a9-909e52f727ba,Penner Farms - SE 27-8-13 (site 2),c3ec3bd8-8836-45bb-97b7-adff01636570,Symo 24.0-3 480 (3),24.0,parsed_from_inverter_name,200.3,month,devwork
2026-04-20,d95b5e9d-f2d5-4950-85a9-909e52f727ba,Penner Farms - SE 27-8-13 (site 2),b8a6c9fe-5838-42e7-9faa-adff01636559,Symo 24.0-3 480 (1),24.0,parsed_from_inverter_name,200.55,month,devwork
2026-04-20,d95b5e9d-f2d5-4950-85a9-909e52f727ba,Penner Farms - SE 27-8-13 (site 2),a9f3ac23-6f93-447b-9037-adff01636562,Symo 24.0-3 480 (2),24.0,parsed_from_inverter_name,201.22,month,devwork
2026-04-20,d95b5e9d-f2d5-4950-85a9-909e52f727ba,Penner Farms - SE 27-8-13 (site 2),c3ec3bd8-8836-45bb-97b7-adff01636570,Symo 24.0-3 480 (3),24.0,parsed_from_inverter_name,201.66,month,devwork
2026-04-21,d95b5e9d-f2d5-4950-85a9-909e52f727ba,Penner Farms - SE 27-8-13 (site 2),b8a6c9fe-5838-42e7-9faa-adff01636559,Symo 24.0-3 480 (1),24.0,parsed_from_inverter_name,203.43,month,devwork
2026-04-21,d95b5e9d-f2d5-4950-85a9-909e52f727ba,Penner Farms - SE 27-8-13 (site 2),a9f3ac23-6f93-447b-9037-adff01636562,Symo 24.0-3 480 (2),24.0,parsed_from_inverter_name,203.71,month,devwork
2026-04-21,d95b5e9d-f2d5-4950-85a9-909e52f727ba,Penner Farms - SE 27-8-13 (site 2),c3ec3bd8-8836-45bb-97b7-adff01636570,Symo 24.0-3 480 (3),24.0,parsed_from_inverter_name,203.88,month,devwork
2026-04-22,d95b5e9d-f2d5-4950-85a9-909e52f727ba,Penner Farms - SE 27-8-13 (site 2),b8a6c9fe-5838-42e7-9faa-adff01636559,Symo 24.0-3 480 (1),24.0,parsed_from_inverter_name,185.31,month,devwork
2026-04-22,d95b5e9d-f2d5-4950-85a9-909e52f727ba,Penner Farms - SE 27-8-13 (site 2),a9f3ac23-6f93-447b-9037-adff01636562,Symo 24.0-3 480 (2),24.0,parsed_from_inverter_name,185.77,month,devwork
2026-04-22,d95b5e9d-f2d5-4950-85a9-909e52f727ba,Penner Farms - SE 27-8-13 (site 2),c3ec3bd8-8836-45bb-97b7-adff01636570,Symo 24.0-3 480 (3),24.0,parsed_from_inverter_name,106.91,month,devwork
2026-04-23,d95b5e9d-f2d5-4950-85a9-909e52f727ba,Penner Farms - SE 27-8-13 (site 2),b8a6c9fe-5838-42e7-9faa-adff01636559,Symo 24.0-3 480 (1),24.0,parsed_from_inverter_name,139.4,month,devwork
2026-04-23,d95b5e9d-f2d5-4950-85a9-909e52f727ba,Penner Farms - SE 27-8-13 (site 2),a9f3ac23-6f93-447b-9037-adff01636562,Symo 24.0-3 480 (2),24.0,parsed_from_inverter_name,140.47,month,devwork
2026-04-23,d95b5e9d-f2d5-4950-85a9-909e52f727ba,Penner Farms - SE 27-8-13 (site 2),c3ec3bd8-8836-45bb-97b7-adff01636570,Symo 24.0-3 480 (3),24.0,parsed_from_inverter_name,118.31,month,devwork
2026-04-24,d95b5e9d-f2d5-4950-85a9-909e52f727ba,Penner Farms - SE 27-8-13 (site 2),b8a6c9fe-5838-42e7-9faa-adff01636559,Symo 24.0-3 480 (1),24.0,parsed_from_inverter_name,136.39,month,devwork
2026-04-24,d95b5e9d-f2d5-4950-85a9-909e52f727ba,Penner Farms - SE 27-8-13 (site 2),a9f3ac23-6f93-447b-9037-adff01636562,Symo 24.0-3 480 (2),24.0,parsed_from_inverter_name,140.73,month,devwork
2026-04-24,d95b5e9d-f2d5-4950-85a9-909e52f727ba,Penner Farms - SE 27-8-13 (site 2),c3ec3bd8-8836-45bb-97b7-adff01636570,Symo 24.0-3 480 (3),24.0,parsed_from_inverter_name,112.06,month,devwork
2026-04-25,d95b5e9d-f2d5-4950-85a9-909e52f727ba,Penner Farms - SE 27-8-13 (site 2),b8a6c9fe-5838-42e7-9faa-adff01636559,Symo 24.0-3 480 (1),24.0,parsed_from_inverter_name,168.53,month,devwork
2026-04-25,d95b5e9d-f2d5-4950-85a9-909e52f727ba,Penner Farms - SE 27-8-13 (site 2),a9f3ac23-6f93-447b-9037-adff01636562,Symo 24.0-3 480 (2),24.0,parsed_from_inverter_name,169.36,month,devwork
2026-04-25,d95b5e9d-f2d5-4950-85a9-909e52f727ba,Penner Farms - SE 27-8-13 (site 2),c3ec3bd8-8836-45bb-97b7-adff01636570,Symo 24.0-3 480 (3),24.0,parsed_from_inverter_name,136.93,month,devwork
2026-04-26,d95b5e9d-f2d5-4950-85a9-909e52f727ba,Penner Farms - SE 27-8-13 (site 2),b8a6c9fe-5838-42e7-9faa-adff01636559,Symo 24.0-3 480 (1),24.0,parsed_from_inverter_name,148.02,month,devwork
2026-04-26,d95b5e9d-f2d5-4950-85a9-909e52f727ba,Penner Farms - SE 27-8-13 (site 2),a9f3ac23-6f93-447b-9037-adff01636562,Symo 24.0-3 480 (2),24.0,parsed_from_inverter_name,150.76,month,devwork
2026-04-26,d95b5e9d-f2d5-4950-85a9-909e52f727ba,Penner Farms - SE 27-8-13 (site 2),c3ec3bd8-8836-45bb-97b7-adff01636570,Symo 24.0-3 480 (3),24.0,parsed_from_inverter_name,124.99,month,devwork
2026-04-27,d95b5e9d-f2d5-4950-85a9-909e52f727ba,Penner Farms - SE 27-8-13 (site 2),b8a6c9fe-5838-42e7-9faa-adff01636559,Symo 24.0-3 480 (1),24.0,parsed_from_inverter_name,220.3,month,devwork
2026-04-27,d95b5e9d-f2d5-4950-85a9-909e52f727ba,Penner Farms - SE 27-8-13 (site 2),a9f3ac23-6f93-447b-9037-adff01636562,Symo 24.0-3 480 (2),24.0,parsed_from_inverter_name,222.16,month,devwork
2026-04-27,d95b5e9d-f2d5-4950-85a9-909e52f727ba,Penner Farms - SE 27-8-13 (site 2),c3ec3bd8-8836-45bb-97b7-adff01636570,Symo 24.0-3 480 (3),24.0,parsed_from_inverter_name,218.63,month,devwork
2026-04-28,d95b5e9d-f2d5-4950-85a9-909e52f727ba,Penner Farms - SE 27-8-13 (site 2),b8a6c9fe-5838-42e7-9faa-adff01636559,Symo 24.0-3 480 (1),24.0,parsed_from_inverter_name,204.52,month,devwork
2026-04-28,d95b5e9d-f2d5-4950-85a9-909e52f727ba,Penner Farms - SE 27-8-13 (site 2),a9f3ac23-6f93-447b-9037-adff01636562,Symo 24.0-3 480 (2),24.0,parsed_from_inverter_name,205.63,month,devwork
2026-04-28,d95b5e9d-f2d5-4950-85a9-909e52f727ba,Penner Farms - SE 27-8-13 (site 2),c3ec3bd8-8836-45bb-97b7-adff01636570,Symo 24.0-3 480 (3),24.0,parsed_from_inverter_name,160.62,month,devwork
2026-04-29,d95b5e9d-f2d5-4950-85a9-909e52f727ba,Penner Farms - SE 27-8-13 (site 2),b8a6c9fe-5838-42e7-9faa-adff01636559,Symo 24.0-3 480 (1),24.0,parsed_from_inverter_name,193.82,month,devwork
2026-04-29,d95b5e9d-f2d5-4950-85a9-909e52f727ba,Penner Farms - SE 27-8-13 (site 2),a9f3ac23-6f93-447b-9037-adff01636562,Symo 24.0-3 480 (2),24.0,parsed_from_inverter_name,194.24,month,devwork
2026-04-29,d95b5e9d-f2d5-4950-85a9-909e52f727ba,Penner Farms - SE 27-8-13 (site 2),c3ec3bd8-8836-45bb-97b7-adff01636570,Symo 24.0-3 480 (3),24.0,parsed_from_inverter_name,190.28,month,devwork
2026-04-30,d95b5e9d-f2d5-4950-85a9-909e52f727ba,Penner Farms - SE 27-8-13 (site 2),b8a6c9fe-5838-42e7-9faa-adff01636559,Symo 24.0-3 480 (1),24.0,parsed_from_inverter_name,208.08,month,devwork
2026-04-30,d95b5e9d-f2d5-4950-85a9-909e52f727ba,Penner Farms - SE 27-8-13 (site 2),a9f3ac23-6f93-447b-9037-adff01636562,Symo 24.0-3 480 (2),24.0,parsed_from_inverter_name,208.46,month,devwork
2026-04-30,d95b5e9d-f2d5-4950-85a9-909e52f727ba,Penner Farms - SE 27-8-13 (site 2),c3ec3bd8-8836-45bb-97b7-adff01636570,Symo 24.0-3 480 (3),24.0,parsed_from_inverter_name,207.79,month,devwork
2026-05-01,d95b5e9d-f2d5-4950-85a9-909e52f727ba,Penner Farms - SE 27-8-13 (site 2),b8a6c9fe-5838-42e7-9faa-adff01636559,Symo 24.0-3 480 (1),24.0,parsed_from_inverter_name,205.0,month,devwork
2026-05-01,d95b5e9d-f2d5-4950-85a9-909e52f727ba,Penner Farms - SE 27-8-13 (site 2),a9f3ac23-6f93-447b-9037-adff01636562,Symo 24.0-3 480 (2),24.0,parsed_from_inverter_name,205.32,month,devwork
2026-05-01,d95b5e9d-f2d5-4950-85a9-909e52f727ba,Penner Farms - SE 27-8-13 (site 2),c3ec3bd8-8836-45bb-97b7-adff01636570,Symo 24.0-3 480 (3),24.0,parsed_from_inverter_name,137.3,month,devwork
2026-05-02,d95b5e9d-f2d5-4950-85a9-909e52f727ba,Penner Farms - SE 27-8-13 (site 2),b8a6c9fe-5838-42e7-9faa-adff01636559,Symo 24.0-3 480 (1),24.0,parsed_from_inverter_name,157.12,month,devwork
2026-05-02,d95b5e9d-f2d5-4950-85a9-909e52f727ba,Penner Farms - SE 27-8-13 (site 2),a9f3ac23-6f93-447b-9037-adff01636562,Symo 24.0-3 480 (2),24.0,parsed_from_inverter_name,158.25,month,devwork
2026-05-02,d95b5e9d-f2d5-4950-85a9-909e52f727ba,Penner Farms - SE 27-8-13 (site 2),c3ec3bd8-8836-45bb-97b7-adff01636570,Symo 24.0-3 480 (3),24.0,parsed_from_inverter_name,157.01,month,devwork
2026-05-03,d95b5e9d-f2d5-4950-85a9-909e52f727ba,Penner Farms - SE 27-8-13 (site 2),b8a6c9fe-5838-42e7-9faa-adff01636559,Symo 24.0-3 480 (1),24.0,parsed_from_inverter_name,202.32,month,devwork
2026-05-03,d95b5e9d-f2d5-4950-85a9-909e52f727ba,Penner Farms - SE 27-8-13 (site 2),a9f3ac23-6f93-447b-9037-adff01636562,Symo 24.0-3 480 (2),24.0,parsed_from_inverter_name,202.92,month,devwork
2026-05-03,d95b5e9d-f2d5-4950-85a9-909e52f727ba,Penner Farms - SE 27-8-13 (site 2),c3ec3bd8-8836-45bb-97b7-adff01636570,Symo 24.0-3 480 (3),24.0,parsed_from_inverter_name,202.44,month,devwork
2026-05-04,d95b5e9d-f2d5-4950-85a9-909e52f727ba,Penner Farms - SE 27-8-13 (site 2),b8a6c9fe-5838-42e7-9faa-adff01636559,Symo 24.0-3 480 (1),24.0,parsed_from_inverter_name,189.26,month,devwork
2026-05-04,d95b5e9d-f2d5-4950-85a9-909e52f727ba,Penner Farms - SE 27-8-13 (site 2),a9f3ac23-6f93-447b-9037-adff01636562,Symo 24.0-3 480 (2),24.0,parsed_from_inverter_name,190.27,month,devwork
2026-05-04,d95b5e9d-f2d5-4950-85a9-909e52f727ba,Penner Farms - SE 27-8-13 (site 2),c3ec3bd8-8836-45bb-97b7-adff01636570,Symo 24.0-3 480 (3),24.0,parsed_from_inverter_name,188.98,month,devwork
2026-05-05,d95b5e9d-f2d5-4950-85a9-909e52f727ba,Penner Farms - SE 27-8-13 (site 2),b8a6c9fe-5838-42e7-9faa-adff01636559,Symo 24.0-3 480 (1),24.0,parsed_from_inverter_name,185.1,month,devwork
2026-05-05,d95b5e9d-f2d5-4950-85a9-909e52f727ba,Penner Farms - SE 27-8-13 (site 2),a9f3ac23-6f93-447b-9037-adff01636562,Symo 24.0-3 480 (2),24.0,parsed_from_inverter_name,186.02,month,devwork
2026-05-05,d95b5e9d-f2d5-4950-85a9-909e52f727ba,Penner Farms - SE 27-8-13 (site 2),c3ec3bd8-8836-45bb-97b7-adff01636570,Symo 24.0-3 480 (3),24.0,parsed_from_inverter_name,184.76,month,devwork
2026-05-06,d95b5e9d-f2d5-4950-85a9-909e52f727ba,Penner Farms - SE 27-8-13 (site 2),b8a6c9fe-5838-42e7-9faa-adff01636559,Symo 24.0-3 480 (1),24.0,parsed_from_inverter_name,203.01,month,devwork
2026-05-06,d95b5e9d-f2d5-4950-85a9-909e52f727ba,Penner Farms - SE 27-8-13 (site 2),a9f3ac23-6f93-447b-9037-adff01636562,Symo 24.0-3 480 (2),24.0,parsed_from_inverter_name,203.69,month,devwork
2026-05-06,d95b5e9d-f2d5-4950-85a9-909e52f727ba,Penner Farms - SE 27-8-13 (site 2),c3ec3bd8-8836-45bb-97b7-adff01636570,Symo 24.0-3 480 (3),24.0,parsed_from_inverter_name,203.41,month,devwork
2026-05-07,d95b5e9d-f2d5-4950-85a9-909e52f727ba,Penner Farms - SE 27-8-13 (site 2),b8a6c9fe-5838-42e7-9faa-adff01636559,Symo 24.0-3 480 (1),24.0,parsed_from_inverter_name,181.09,month,devwork
2026-05-07,d95b5e9d-f2d5-4950-85a9-909e52f727ba,Penner Farms - SE 27-8-13 (site 2),a9f3ac23-6f93-447b-9037-adff01636562,Symo 24.0-3 480 (2),24.0,parsed_from_inverter_name,181.86,month,devwork
2026-05-07,d95b5e9d-f2d5-4950-85a9-909e52f727ba,Penner Farms - SE 27-8-13 (site 2),c3ec3bd8-8836-45bb-97b7-adff01636570,Symo 24.0-3 480 (3),24.0,parsed_from_inverter_name,180.63,month,devwork
2026-05-08,d95b5e9d-f2d5-4950-85a9-909e52f727ba,Penner Farms - SE 27-8-13 (site 2),b8a6c9fe-5838-42e7-9faa-adff01636559,Symo 24.0-3 480 (1),24.0,parsed_from_inverter_name,134.4,month,devwork
2026-05-08,d95b5e9d-f2d5-4950-85a9-909e52f727ba,Penner Farms - SE 27-8-13 (site 2),a9f3ac23-6f93-447b-9037-adff01636562,Symo 24.0-3 480 (2),24.0,parsed_from_inverter_name,137.71,month,devwork
2026-05-08,d95b5e9d-f2d5-4950-85a9-909e52f727ba,Penner Farms - SE 27-8-13 (site 2),c3ec3bd8-8836-45bb-97b7-adff01636570,Symo 24.0-3 480 (3),24.0,parsed_from_inverter_name,137.39,month,devwork
2026-05-11,d95b5e9d-f2d5-4950-85a9-909e52f727ba,Penner Farms - SE 27-8-13 (site 2),b8a6c9fe-5838-42e7-9faa-adff01636559,Symo 24.0-3 480 (1),24.0,parsed_from_inverter_name,190.35,month,devwork
2026-05-11,d95b5e9d-f2d5-4950-85a9-909e52f727ba,Penner Farms - SE 27-8-13 (site 2),a9f3ac23-6f93-447b-9037-adff01636562,Symo 24.0-3 480 (2),24.0,parsed_from_inverter_name,191.19,month,devwork
2026-05-11,d95b5e9d-f2d5-4950-85a9-909e52f727ba,Penner Farms - SE 27-8-13 (site 2),c3ec3bd8-8836-45bb-97b7-adff01636570,Symo 24.0-3 480 (3),24.0,parsed_from_inverter_name,190.63,month,devwork
2026-05-12,d95b5e9d-f2d5-4950-85a9-909e52f727ba,Penner Farms - SE 27-8-13 (site 2),b8a6c9fe-5838-42e7-9faa-adff01636559,Symo 24.0-3 480 (1),24.0,parsed_from_inverter_name,204.75,month,devwork
2026-05-12,d95b5e9d-f2d5-4950-85a9-909e52f727ba,Penner Farms - SE 27-8-13 (site 2),a9f3ac23-6f93-447b-9037-adff01636562,Symo 24.0-3 480 (2),24.0,parsed_from_inverter_name,206.3,month,devwork
2026-05-12,d95b5e9d-f2d5-4950-85a9-909e52f727ba,Penner Farms - SE 27-8-13 (site 2),c3ec3bd8-8836-45bb-97b7-adff01636570,Symo 24.0-3 480 (3),24.0,parsed_from_inverter_name,205.64,month,devwork
2026-05-13,d95b5e9d-f2d5-4950-85a9-909e52f727ba,Penner Farms - SE 27-8-13 (site 2),b8a6c9fe-5838-42e7-9faa-adff01636559,Symo 24.0-3 480 (1),24.0,parsed_from_inverter_name,88.64,month,devwork
2026-05-13,d95b5e9d-f2d5-4950-85a9-909e52f727ba,Penner Farms - SE 27-8-13 (site 2),a9f3ac23-6f93-447b-9037-adff01636562,Symo 24.0-3 480 (2),24.0,parsed_from_inverter_name,89.89,month,devwork
2026-05-13,d95b5e9d-f2d5-4950-85a9-909e52f727ba,Penner Farms - SE 27-8-13 (site 2),c3ec3bd8-8836-45bb-97b7-adff01636570,Symo 24.0-3 480 (3),24.0,parsed_from_inverter_name,89.61,month,devwork
2026-05-14,d95b5e9d-f2d5-4950-85a9-909e52f727ba,Penner Farms - SE 27-8-13 (site 2),b8a6c9fe-5838-42e7-9faa-adff01636559,Symo 24.0-3 480 (1),24.0,parsed_from_inverter_name,66.29,month,devwork
2026-05-14,d95b5e9d-f2d5-4950-85a9-909e52f727ba,Penner Farms - SE 27-8-13 (site 2),a9f3ac23-6f93-447b-9037-adff01636562,Symo 24.0-3 480 (2),24.0,parsed_from_inverter_name,66.53,month,devwork
2026-05-14,d95b5e9d-f2d5-4950-85a9-909e52f727ba,Penner Farms - SE 27-8-13 (site 2),c3ec3bd8-8836-45bb-97b7-adff01636570,Symo 24.0-3 480 (3),24.0,parsed_from_inverter_name,66.46,month,devwork
