date,pv_system_id,pv_system_name,device_id,inverter_name,inverter_rated_kw,inverter_rating_source,daily_output_kwh,source_interval,source_channel
2022-05-01,0e19b9a5-61e0-44d8-aa58-aeb335c1731f,Burbank Residence,6511ed5a-0b7e-4bb6-9649-ad01012d4d68,Primo 12.5-1 208-240 (1),12.5,parsed_from_inverter_name,48.0,month,devwork
2022-05-02,0e19b9a5-61e0-44d8-aa58-aeb335c1731f,Burbank Residence,6511ed5a-0b7e-4bb6-9649-ad01012d4d68,Primo 12.5-1 208-240 (1),12.5,parsed_from_inverter_name,71.94,month,devwork
2022-05-03,0e19b9a5-61e0-44d8-aa58-aeb335c1731f,Burbank Residence,6511ed5a-0b7e-4bb6-9649-ad01012d4d68,Primo 12.5-1 208-240 (1),12.5,parsed_from_inverter_name,94.15,month,devwork
2022-05-04,0e19b9a5-61e0-44d8-aa58-aeb335c1731f,Burbank Residence,6511ed5a-0b7e-4bb6-9649-ad01012d4d68,Primo 12.5-1 208-240 (1),12.5,parsed_from_inverter_name,33.05,month,devwork
2022-05-05,0e19b9a5-61e0-44d8-aa58-aeb335c1731f,Burbank Residence,6511ed5a-0b7e-4bb6-9649-ad01012d4d68,Primo 12.5-1 208-240 (1),12.5,parsed_from_inverter_name,46.61,month,devwork
2022-05-06,0e19b9a5-61e0-44d8-aa58-aeb335c1731f,Burbank Residence,6511ed5a-0b7e-4bb6-9649-ad01012d4d68,Primo 12.5-1 208-240 (1),12.5,parsed_from_inverter_name,111.76,month,devwork
2022-05-07,0e19b9a5-61e0-44d8-aa58-aeb335c1731f,Burbank Residence,6511ed5a-0b7e-4bb6-9649-ad01012d4d68,Primo 12.5-1 208-240 (1),12.5,parsed_from_inverter_name,70.63,month,devwork
2022-05-08,0e19b9a5-61e0-44d8-aa58-aeb335c1731f,Burbank Residence,6511ed5a-0b7e-4bb6-9649-ad01012d4d68,Primo 12.5-1 208-240 (1),12.5,parsed_from_inverter_name,90.69,month,devwork
2022-05-09,0e19b9a5-61e0-44d8-aa58-aeb335c1731f,Burbank Residence,6511ed5a-0b7e-4bb6-9649-ad01012d4d68,Primo 12.5-1 208-240 (1),12.5,parsed_from_inverter_name,54.55,month,devwork
2022-05-10,0e19b9a5-61e0-44d8-aa58-aeb335c1731f,Burbank Residence,6511ed5a-0b7e-4bb6-9649-ad01012d4d68,Primo 12.5-1 208-240 (1),12.5,parsed_from_inverter_name,103.74,month,devwork
2022-05-11,0e19b9a5-61e0-44d8-aa58-aeb335c1731f,Burbank Residence,6511ed5a-0b7e-4bb6-9649-ad01012d4d68,Primo 12.5-1 208-240 (1),12.5,parsed_from_inverter_name,113.33,month,devwork
2022-05-12,0e19b9a5-61e0-44d8-aa58-aeb335c1731f,Burbank Residence,6511ed5a-0b7e-4bb6-9649-ad01012d4d68,Primo 12.5-1 208-240 (1),12.5,parsed_from_inverter_name,67.16,month,devwork
2022-05-13,0e19b9a5-61e0-44d8-aa58-aeb335c1731f,Burbank Residence,6511ed5a-0b7e-4bb6-9649-ad01012d4d68,Primo 12.5-1 208-240 (1),12.5,parsed_from_inverter_name,85.7,month,devwork
2022-05-14,0e19b9a5-61e0-44d8-aa58-aeb335c1731f,Burbank Residence,6511ed5a-0b7e-4bb6-9649-ad01012d4d68,Primo 12.5-1 208-240 (1),12.5,parsed_from_inverter_name,113.31,month,devwork
2022-05-15,0e19b9a5-61e0-44d8-aa58-aeb335c1731f,Burbank Residence,6511ed5a-0b7e-4bb6-9649-ad01012d4d68,Primo 12.5-1 208-240 (1),12.5,parsed_from_inverter_name,108.0,month,devwork
2022-05-16,0e19b9a5-61e0-44d8-aa58-aeb335c1731f,Burbank Residence,6511ed5a-0b7e-4bb6-9649-ad01012d4d68,Primo 12.5-1 208-240 (1),12.5,parsed_from_inverter_name,101.36,month,devwork
2022-05-17,0e19b9a5-61e0-44d8-aa58-aeb335c1731f,Burbank Residence,6511ed5a-0b7e-4bb6-9649-ad01012d4d68,Primo 12.5-1 208-240 (1),12.5,parsed_from_inverter_name,90.1,month,devwork
2022-05-18,0e19b9a5-61e0-44d8-aa58-aeb335c1731f,Burbank Residence,6511ed5a-0b7e-4bb6-9649-ad01012d4d68,Primo 12.5-1 208-240 (1),12.5,parsed_from_inverter_name,91.4,month,devwork
2022-05-19,0e19b9a5-61e0-44d8-aa58-aeb335c1731f,Burbank Residence,6511ed5a-0b7e-4bb6-9649-ad01012d4d68,Primo 12.5-1 208-240 (1),12.5,parsed_from_inverter_name,35.69,month,devwork
2022-05-20,0e19b9a5-61e0-44d8-aa58-aeb335c1731f,Burbank Residence,6511ed5a-0b7e-4bb6-9649-ad01012d4d68,Primo 12.5-1 208-240 (1),12.5,parsed_from_inverter_name,54.2,month,devwork
2022-05-21,0e19b9a5-61e0-44d8-aa58-aeb335c1731f,Burbank Residence,6511ed5a-0b7e-4bb6-9649-ad01012d4d68,Primo 12.5-1 208-240 (1),12.5,parsed_from_inverter_name,83.49,month,devwork
2022-05-22,0e19b9a5-61e0-44d8-aa58-aeb335c1731f,Burbank Residence,6511ed5a-0b7e-4bb6-9649-ad01012d4d68,Primo 12.5-1 208-240 (1),12.5,parsed_from_inverter_name,105.22,month,devwork
2022-05-23,0e19b9a5-61e0-44d8-aa58-aeb335c1731f,Burbank Residence,6511ed5a-0b7e-4bb6-9649-ad01012d4d68,Primo 12.5-1 208-240 (1),12.5,parsed_from_inverter_name,112.43,month,devwork
2022-05-24,0e19b9a5-61e0-44d8-aa58-aeb335c1731f,Burbank Residence,6511ed5a-0b7e-4bb6-9649-ad01012d4d68,Primo 12.5-1 208-240 (1),12.5,parsed_from_inverter_name,101.34,month,devwork
2022-05-25,0e19b9a5-61e0-44d8-aa58-aeb335c1731f,Burbank Residence,6511ed5a-0b7e-4bb6-9649-ad01012d4d68,Primo 12.5-1 208-240 (1),12.5,parsed_from_inverter_name,101.27,month,devwork
2022-05-26,0e19b9a5-61e0-44d8-aa58-aeb335c1731f,Burbank Residence,6511ed5a-0b7e-4bb6-9649-ad01012d4d68,Primo 12.5-1 208-240 (1),12.5,parsed_from_inverter_name,80.26,month,devwork
2022-05-27,0e19b9a5-61e0-44d8-aa58-aeb335c1731f,Burbank Residence,6511ed5a-0b7e-4bb6-9649-ad01012d4d68,Primo 12.5-1 208-240 (1),12.5,parsed_from_inverter_name,67.45,month,devwork
2022-05-28,0e19b9a5-61e0-44d8-aa58-aeb335c1731f,Burbank Residence,6511ed5a-0b7e-4bb6-9649-ad01012d4d68,Primo 12.5-1 208-240 (1),12.5,parsed_from_inverter_name,68.34,month,devwork
2022-05-29,0e19b9a5-61e0-44d8-aa58-aeb335c1731f,Burbank Residence,6511ed5a-0b7e-4bb6-9649-ad01012d4d68,Primo 12.5-1 208-240 (1),12.5,parsed_from_inverter_name,38.83,month,devwork
2022-05-30,0e19b9a5-61e0-44d8-aa58-aeb335c1731f,Burbank Residence,6511ed5a-0b7e-4bb6-9649-ad01012d4d68,Primo 12.5-1 208-240 (1),12.5,parsed_from_inverter_name,37.92,month,devwork
2022-05-31,0e19b9a5-61e0-44d8-aa58-aeb335c1731f,Burbank Residence,6511ed5a-0b7e-4bb6-9649-ad01012d4d68,Primo 12.5-1 208-240 (1),12.5,parsed_from_inverter_name,89.53,month,devwork
2022-06-01,0e19b9a5-61e0-44d8-aa58-aeb335c1731f,Burbank Residence,6511ed5a-0b7e-4bb6-9649-ad01012d4d68,Primo 12.5-1 208-240 (1),12.5,parsed_from_inverter_name,101.36,month,devwork
2022-06-02,0e19b9a5-61e0-44d8-aa58-aeb335c1731f,Burbank Residence,6511ed5a-0b7e-4bb6-9649-ad01012d4d68,Primo 12.5-1 208-240 (1),12.5,parsed_from_inverter_name,96.47,month,devwork
2022-06-03,0e19b9a5-61e0-44d8-aa58-aeb335c1731f,Burbank Residence,6511ed5a-0b7e-4bb6-9649-ad01012d4d68,Primo 12.5-1 208-240 (1),12.5,parsed_from_inverter_name,84.61,month,devwork
2022-06-04,0e19b9a5-61e0-44d8-aa58-aeb335c1731f,Burbank Residence,6511ed5a-0b7e-4bb6-9649-ad01012d4d68,Primo 12.5-1 208-240 (1),12.5,parsed_from_inverter_name,69.49,month,devwork
2022-06-05,0e19b9a5-61e0-44d8-aa58-aeb335c1731f,Burbank Residence,6511ed5a-0b7e-4bb6-9649-ad01012d4d68,Primo 12.5-1 208-240 (1),12.5,parsed_from_inverter_name,81.91,month,devwork
2022-06-06,0e19b9a5-61e0-44d8-aa58-aeb335c1731f,Burbank Residence,6511ed5a-0b7e-4bb6-9649-ad01012d4d68,Primo 12.5-1 208-240 (1),12.5,parsed_from_inverter_name,73.4,month,devwork
2022-06-07,0e19b9a5-61e0-44d8-aa58-aeb335c1731f,Burbank Residence,6511ed5a-0b7e-4bb6-9649-ad01012d4d68,Primo 12.5-1 208-240 (1),12.5,parsed_from_inverter_name,38.54,month,devwork
2022-06-08,0e19b9a5-61e0-44d8-aa58-aeb335c1731f,Burbank Residence,6511ed5a-0b7e-4bb6-9649-ad01012d4d68,Primo 12.5-1 208-240 (1),12.5,parsed_from_inverter_name,73.45,month,devwork
2022-06-09,0e19b9a5-61e0-44d8-aa58-aeb335c1731f,Burbank Residence,6511ed5a-0b7e-4bb6-9649-ad01012d4d68,Primo 12.5-1 208-240 (1),12.5,parsed_from_inverter_name,87.09,month,devwork
2022-06-10,0e19b9a5-61e0-44d8-aa58-aeb335c1731f,Burbank Residence,6511ed5a-0b7e-4bb6-9649-ad01012d4d68,Primo 12.5-1 208-240 (1),12.5,parsed_from_inverter_name,98.16,month,devwork
2022-06-11,0e19b9a5-61e0-44d8-aa58-aeb335c1731f,Burbank Residence,6511ed5a-0b7e-4bb6-9649-ad01012d4d68,Primo 12.5-1 208-240 (1),12.5,parsed_from_inverter_name,97.59,month,devwork
2022-06-12,0e19b9a5-61e0-44d8-aa58-aeb335c1731f,Burbank Residence,6511ed5a-0b7e-4bb6-9649-ad01012d4d68,Primo 12.5-1 208-240 (1),12.5,parsed_from_inverter_name,118.19,month,devwork
2022-06-13,0e19b9a5-61e0-44d8-aa58-aeb335c1731f,Burbank Residence,6511ed5a-0b7e-4bb6-9649-ad01012d4d68,Primo 12.5-1 208-240 (1),12.5,parsed_from_inverter_name,13.35,month,devwork
2022-06-14,0e19b9a5-61e0-44d8-aa58-aeb335c1731f,Burbank Residence,6511ed5a-0b7e-4bb6-9649-ad01012d4d68,Primo 12.5-1 208-240 (1),12.5,parsed_from_inverter_name,13.71,month,devwork
2022-06-15,0e19b9a5-61e0-44d8-aa58-aeb335c1731f,Burbank Residence,6511ed5a-0b7e-4bb6-9649-ad01012d4d68,Primo 12.5-1 208-240 (1),12.5,parsed_from_inverter_name,39.47,month,devwork
2022-06-16,0e19b9a5-61e0-44d8-aa58-aeb335c1731f,Burbank Residence,6511ed5a-0b7e-4bb6-9649-ad01012d4d68,Primo 12.5-1 208-240 (1),12.5,parsed_from_inverter_name,84.39,month,devwork
2022-06-17,0e19b9a5-61e0-44d8-aa58-aeb335c1731f,Burbank Residence,6511ed5a-0b7e-4bb6-9649-ad01012d4d68,Primo 12.5-1 208-240 (1),12.5,parsed_from_inverter_name,73.44,month,devwork
2022-06-18,0e19b9a5-61e0-44d8-aa58-aeb335c1731f,Burbank Residence,6511ed5a-0b7e-4bb6-9649-ad01012d4d68,Primo 12.5-1 208-240 (1),12.5,parsed_from_inverter_name,87.12,month,devwork
2022-06-19,0e19b9a5-61e0-44d8-aa58-aeb335c1731f,Burbank Residence,6511ed5a-0b7e-4bb6-9649-ad01012d4d68,Primo 12.5-1 208-240 (1),12.5,parsed_from_inverter_name,97.32,month,devwork
2022-06-20,0e19b9a5-61e0-44d8-aa58-aeb335c1731f,Burbank Residence,6511ed5a-0b7e-4bb6-9649-ad01012d4d68,Primo 12.5-1 208-240 (1),12.5,parsed_from_inverter_name,38.97,month,devwork
2022-06-21,0e19b9a5-61e0-44d8-aa58-aeb335c1731f,Burbank Residence,6511ed5a-0b7e-4bb6-9649-ad01012d4d68,Primo 12.5-1 208-240 (1),12.5,parsed_from_inverter_name,85.39,month,devwork
2022-06-22,0e19b9a5-61e0-44d8-aa58-aeb335c1731f,Burbank Residence,6511ed5a-0b7e-4bb6-9649-ad01012d4d68,Primo 12.5-1 208-240 (1),12.5,parsed_from_inverter_name,91.3,month,devwork
2022-06-23,0e19b9a5-61e0-44d8-aa58-aeb335c1731f,Burbank Residence,6511ed5a-0b7e-4bb6-9649-ad01012d4d68,Primo 12.5-1 208-240 (1),12.5,parsed_from_inverter_name,114.44,month,devwork
2022-06-24,0e19b9a5-61e0-44d8-aa58-aeb335c1731f,Burbank Residence,6511ed5a-0b7e-4bb6-9649-ad01012d4d68,Primo 12.5-1 208-240 (1),12.5,parsed_from_inverter_name,43.01,month,devwork
2022-06-25,0e19b9a5-61e0-44d8-aa58-aeb335c1731f,Burbank Residence,6511ed5a-0b7e-4bb6-9649-ad01012d4d68,Primo 12.5-1 208-240 (1),12.5,parsed_from_inverter_name,112.06,month,devwork
2022-06-26,0e19b9a5-61e0-44d8-aa58-aeb335c1731f,Burbank Residence,6511ed5a-0b7e-4bb6-9649-ad01012d4d68,Primo 12.5-1 208-240 (1),12.5,parsed_from_inverter_name,121.12,month,devwork
2022-06-27,0e19b9a5-61e0-44d8-aa58-aeb335c1731f,Burbank Residence,6511ed5a-0b7e-4bb6-9649-ad01012d4d68,Primo 12.5-1 208-240 (1),12.5,parsed_from_inverter_name,118.61,month,devwork
2022-06-28,0e19b9a5-61e0-44d8-aa58-aeb335c1731f,Burbank Residence,6511ed5a-0b7e-4bb6-9649-ad01012d4d68,Primo 12.5-1 208-240 (1),12.5,parsed_from_inverter_name,53.88,month,devwork
2022-06-29,0e19b9a5-61e0-44d8-aa58-aeb335c1731f,Burbank Residence,6511ed5a-0b7e-4bb6-9649-ad01012d4d68,Primo 12.5-1 208-240 (1),12.5,parsed_from_inverter_name,118.12,month,devwork
2022-06-30,0e19b9a5-61e0-44d8-aa58-aeb335c1731f,Burbank Residence,6511ed5a-0b7e-4bb6-9649-ad01012d4d68,Primo 12.5-1 208-240 (1),12.5,parsed_from_inverter_name,83.02,month,devwork
2022-07-01,0e19b9a5-61e0-44d8-aa58-aeb335c1731f,Burbank Residence,6511ed5a-0b7e-4bb6-9649-ad01012d4d68,Primo 12.5-1 208-240 (1),12.5,parsed_from_inverter_name,113.08,month,devwork
2022-07-02,0e19b9a5-61e0-44d8-aa58-aeb335c1731f,Burbank Residence,6511ed5a-0b7e-4bb6-9649-ad01012d4d68,Primo 12.5-1 208-240 (1),12.5,parsed_from_inverter_name,92.77,month,devwork
2022-07-03,0e19b9a5-61e0-44d8-aa58-aeb335c1731f,Burbank Residence,6511ed5a-0b7e-4bb6-9649-ad01012d4d68,Primo 12.5-1 208-240 (1),12.5,parsed_from_inverter_name,12.84,month,devwork
2022-07-04,0e19b9a5-61e0-44d8-aa58-aeb335c1731f,Burbank Residence,6511ed5a-0b7e-4bb6-9649-ad01012d4d68,Primo 12.5-1 208-240 (1),12.5,parsed_from_inverter_name,39.68,month,devwork
2022-07-05,0e19b9a5-61e0-44d8-aa58-aeb335c1731f,Burbank Residence,6511ed5a-0b7e-4bb6-9649-ad01012d4d68,Primo 12.5-1 208-240 (1),12.5,parsed_from_inverter_name,119.31,month,devwork
2022-07-06,0e19b9a5-61e0-44d8-aa58-aeb335c1731f,Burbank Residence,6511ed5a-0b7e-4bb6-9649-ad01012d4d68,Primo 12.5-1 208-240 (1),12.5,parsed_from_inverter_name,71.49,month,devwork
2022-07-07,0e19b9a5-61e0-44d8-aa58-aeb335c1731f,Burbank Residence,6511ed5a-0b7e-4bb6-9649-ad01012d4d68,Primo 12.5-1 208-240 (1),12.5,parsed_from_inverter_name,87.28,month,devwork
2022-07-08,0e19b9a5-61e0-44d8-aa58-aeb335c1731f,Burbank Residence,6511ed5a-0b7e-4bb6-9649-ad01012d4d68,Primo 12.5-1 208-240 (1),12.5,parsed_from_inverter_name,109.56,month,devwork
2022-07-09,0e19b9a5-61e0-44d8-aa58-aeb335c1731f,Burbank Residence,6511ed5a-0b7e-4bb6-9649-ad01012d4d68,Primo 12.5-1 208-240 (1),12.5,parsed_from_inverter_name,112.08,month,devwork
2022-07-10,0e19b9a5-61e0-44d8-aa58-aeb335c1731f,Burbank Residence,6511ed5a-0b7e-4bb6-9649-ad01012d4d68,Primo 12.5-1 208-240 (1),12.5,parsed_from_inverter_name,83.88,month,devwork
2022-07-11,0e19b9a5-61e0-44d8-aa58-aeb335c1731f,Burbank Residence,6511ed5a-0b7e-4bb6-9649-ad01012d4d68,Primo 12.5-1 208-240 (1),12.5,parsed_from_inverter_name,116.94,month,devwork
2022-07-12,0e19b9a5-61e0-44d8-aa58-aeb335c1731f,Burbank Residence,6511ed5a-0b7e-4bb6-9649-ad01012d4d68,Primo 12.5-1 208-240 (1),12.5,parsed_from_inverter_name,114.61,month,devwork
2022-07-13,0e19b9a5-61e0-44d8-aa58-aeb335c1731f,Burbank Residence,6511ed5a-0b7e-4bb6-9649-ad01012d4d68,Primo 12.5-1 208-240 (1),12.5,parsed_from_inverter_name,70.95,month,devwork
2022-07-14,0e19b9a5-61e0-44d8-aa58-aeb335c1731f,Burbank Residence,6511ed5a-0b7e-4bb6-9649-ad01012d4d68,Primo 12.5-1 208-240 (1),12.5,parsed_from_inverter_name,93.65,month,devwork
2022-07-15,0e19b9a5-61e0-44d8-aa58-aeb335c1731f,Burbank Residence,6511ed5a-0b7e-4bb6-9649-ad01012d4d68,Primo 12.5-1 208-240 (1),12.5,parsed_from_inverter_name,91.62,month,devwork
2022-07-16,0e19b9a5-61e0-44d8-aa58-aeb335c1731f,Burbank Residence,6511ed5a-0b7e-4bb6-9649-ad01012d4d68,Primo 12.5-1 208-240 (1),12.5,parsed_from_inverter_name,99.93,month,devwork
2022-07-17,0e19b9a5-61e0-44d8-aa58-aeb335c1731f,Burbank Residence,6511ed5a-0b7e-4bb6-9649-ad01012d4d68,Primo 12.5-1 208-240 (1),12.5,parsed_from_inverter_name,112.69,month,devwork
2022-07-18,0e19b9a5-61e0-44d8-aa58-aeb335c1731f,Burbank Residence,6511ed5a-0b7e-4bb6-9649-ad01012d4d68,Primo 12.5-1 208-240 (1),12.5,parsed_from_inverter_name,23.17,month,devwork
2022-07-19,0e19b9a5-61e0-44d8-aa58-aeb335c1731f,Burbank Residence,6511ed5a-0b7e-4bb6-9649-ad01012d4d68,Primo 12.5-1 208-240 (1),12.5,parsed_from_inverter_name,103.26,month,devwork
2022-07-20,0e19b9a5-61e0-44d8-aa58-aeb335c1731f,Burbank Residence,6511ed5a-0b7e-4bb6-9649-ad01012d4d68,Primo 12.5-1 208-240 (1),12.5,parsed_from_inverter_name,114.45,month,devwork
2022-07-21,0e19b9a5-61e0-44d8-aa58-aeb335c1731f,Burbank Residence,6511ed5a-0b7e-4bb6-9649-ad01012d4d68,Primo 12.5-1 208-240 (1),12.5,parsed_from_inverter_name,113.5,month,devwork
2022-07-22,0e19b9a5-61e0-44d8-aa58-aeb335c1731f,Burbank Residence,6511ed5a-0b7e-4bb6-9649-ad01012d4d68,Primo 12.5-1 208-240 (1),12.5,parsed_from_inverter_name,84.32,month,devwork
2022-07-23,0e19b9a5-61e0-44d8-aa58-aeb335c1731f,Burbank Residence,6511ed5a-0b7e-4bb6-9649-ad01012d4d68,Primo 12.5-1 208-240 (1),12.5,parsed_from_inverter_name,103.61,month,devwork
2022-07-24,0e19b9a5-61e0-44d8-aa58-aeb335c1731f,Burbank Residence,6511ed5a-0b7e-4bb6-9649-ad01012d4d68,Primo 12.5-1 208-240 (1),12.5,parsed_from_inverter_name,102.11,month,devwork
2022-07-25,0e19b9a5-61e0-44d8-aa58-aeb335c1731f,Burbank Residence,6511ed5a-0b7e-4bb6-9649-ad01012d4d68,Primo 12.5-1 208-240 (1),12.5,parsed_from_inverter_name,53.33,month,devwork
2022-07-26,0e19b9a5-61e0-44d8-aa58-aeb335c1731f,Burbank Residence,6511ed5a-0b7e-4bb6-9649-ad01012d4d68,Primo 12.5-1 208-240 (1),12.5,parsed_from_inverter_name,92.48,month,devwork
2022-07-27,0e19b9a5-61e0-44d8-aa58-aeb335c1731f,Burbank Residence,6511ed5a-0b7e-4bb6-9649-ad01012d4d68,Primo 12.5-1 208-240 (1),12.5,parsed_from_inverter_name,108.5,month,devwork
2022-07-28,0e19b9a5-61e0-44d8-aa58-aeb335c1731f,Burbank Residence,6511ed5a-0b7e-4bb6-9649-ad01012d4d68,Primo 12.5-1 208-240 (1),12.5,parsed_from_inverter_name,105.73,month,devwork
2022-07-29,0e19b9a5-61e0-44d8-aa58-aeb335c1731f,Burbank Residence,6511ed5a-0b7e-4bb6-9649-ad01012d4d68,Primo 12.5-1 208-240 (1),12.5,parsed_from_inverter_name,76.0,month,devwork
2022-07-30,0e19b9a5-61e0-44d8-aa58-aeb335c1731f,Burbank Residence,6511ed5a-0b7e-4bb6-9649-ad01012d4d68,Primo 12.5-1 208-240 (1),12.5,parsed_from_inverter_name,101.44,month,devwork
2022-07-31,0e19b9a5-61e0-44d8-aa58-aeb335c1731f,Burbank Residence,6511ed5a-0b7e-4bb6-9649-ad01012d4d68,Primo 12.5-1 208-240 (1),12.5,parsed_from_inverter_name,103.98,month,devwork
2022-08-01,0e19b9a5-61e0-44d8-aa58-aeb335c1731f,Burbank Residence,6511ed5a-0b7e-4bb6-9649-ad01012d4d68,Primo 12.5-1 208-240 (1),12.5,parsed_from_inverter_name,88.6,month,devwork
2022-08-02,0e19b9a5-61e0-44d8-aa58-aeb335c1731f,Burbank Residence,6511ed5a-0b7e-4bb6-9649-ad01012d4d68,Primo 12.5-1 208-240 (1),12.5,parsed_from_inverter_name,95.13,month,devwork
2022-08-03,0e19b9a5-61e0-44d8-aa58-aeb335c1731f,Burbank Residence,6511ed5a-0b7e-4bb6-9649-ad01012d4d68,Primo 12.5-1 208-240 (1),12.5,parsed_from_inverter_name,71.91,month,devwork
2022-08-04,0e19b9a5-61e0-44d8-aa58-aeb335c1731f,Burbank Residence,6511ed5a-0b7e-4bb6-9649-ad01012d4d68,Primo 12.5-1 208-240 (1),12.5,parsed_from_inverter_name,103.01,month,devwork
2022-08-05,0e19b9a5-61e0-44d8-aa58-aeb335c1731f,Burbank Residence,6511ed5a-0b7e-4bb6-9649-ad01012d4d68,Primo 12.5-1 208-240 (1),12.5,parsed_from_inverter_name,104.76,month,devwork
2022-08-06,0e19b9a5-61e0-44d8-aa58-aeb335c1731f,Burbank Residence,6511ed5a-0b7e-4bb6-9649-ad01012d4d68,Primo 12.5-1 208-240 (1),12.5,parsed_from_inverter_name,107.9,month,devwork
2022-08-07,0e19b9a5-61e0-44d8-aa58-aeb335c1731f,Burbank Residence,6511ed5a-0b7e-4bb6-9649-ad01012d4d68,Primo 12.5-1 208-240 (1),12.5,parsed_from_inverter_name,105.05,month,devwork
2022-08-08,0e19b9a5-61e0-44d8-aa58-aeb335c1731f,Burbank Residence,6511ed5a-0b7e-4bb6-9649-ad01012d4d68,Primo 12.5-1 208-240 (1),12.5,parsed_from_inverter_name,104.88,month,devwork
2022-08-09,0e19b9a5-61e0-44d8-aa58-aeb335c1731f,Burbank Residence,6511ed5a-0b7e-4bb6-9649-ad01012d4d68,Primo 12.5-1 208-240 (1),12.5,parsed_from_inverter_name,99.22,month,devwork
2022-08-10,0e19b9a5-61e0-44d8-aa58-aeb335c1731f,Burbank Residence,6511ed5a-0b7e-4bb6-9649-ad01012d4d68,Primo 12.5-1 208-240 (1),12.5,parsed_from_inverter_name,37.74,month,devwork
2022-08-11,0e19b9a5-61e0-44d8-aa58-aeb335c1731f,Burbank Residence,6511ed5a-0b7e-4bb6-9649-ad01012d4d68,Primo 12.5-1 208-240 (1),12.5,parsed_from_inverter_name,90.97,month,devwork
2022-08-12,0e19b9a5-61e0-44d8-aa58-aeb335c1731f,Burbank Residence,6511ed5a-0b7e-4bb6-9649-ad01012d4d68,Primo 12.5-1 208-240 (1),12.5,parsed_from_inverter_name,86.91,month,devwork
2022-08-13,0e19b9a5-61e0-44d8-aa58-aeb335c1731f,Burbank Residence,6511ed5a-0b7e-4bb6-9649-ad01012d4d68,Primo 12.5-1 208-240 (1),12.5,parsed_from_inverter_name,96.03,month,devwork
2022-08-14,0e19b9a5-61e0-44d8-aa58-aeb335c1731f,Burbank Residence,6511ed5a-0b7e-4bb6-9649-ad01012d4d68,Primo 12.5-1 208-240 (1),12.5,parsed_from_inverter_name,101.43,month,devwork
2022-08-15,0e19b9a5-61e0-44d8-aa58-aeb335c1731f,Burbank Residence,6511ed5a-0b7e-4bb6-9649-ad01012d4d68,Primo 12.5-1 208-240 (1),12.5,parsed_from_inverter_name,97.5,month,devwork
2022-08-16,0e19b9a5-61e0-44d8-aa58-aeb335c1731f,Burbank Residence,6511ed5a-0b7e-4bb6-9649-ad01012d4d68,Primo 12.5-1 208-240 (1),12.5,parsed_from_inverter_name,97.91,month,devwork
2022-08-17,0e19b9a5-61e0-44d8-aa58-aeb335c1731f,Burbank Residence,6511ed5a-0b7e-4bb6-9649-ad01012d4d68,Primo 12.5-1 208-240 (1),12.5,parsed_from_inverter_name,98.36,month,devwork
2022-08-18,0e19b9a5-61e0-44d8-aa58-aeb335c1731f,Burbank Residence,6511ed5a-0b7e-4bb6-9649-ad01012d4d68,Primo 12.5-1 208-240 (1),12.5,parsed_from_inverter_name,95.9,month,devwork
2022-08-19,0e19b9a5-61e0-44d8-aa58-aeb335c1731f,Burbank Residence,6511ed5a-0b7e-4bb6-9649-ad01012d4d68,Primo 12.5-1 208-240 (1),12.5,parsed_from_inverter_name,94.81,month,devwork
2022-08-20,0e19b9a5-61e0-44d8-aa58-aeb335c1731f,Burbank Residence,6511ed5a-0b7e-4bb6-9649-ad01012d4d68,Primo 12.5-1 208-240 (1),12.5,parsed_from_inverter_name,84.35,month,devwork
2022-08-21,0e19b9a5-61e0-44d8-aa58-aeb335c1731f,Burbank Residence,6511ed5a-0b7e-4bb6-9649-ad01012d4d68,Primo 12.5-1 208-240 (1),12.5,parsed_from_inverter_name,80.89,month,devwork
2022-08-22,0e19b9a5-61e0-44d8-aa58-aeb335c1731f,Burbank Residence,6511ed5a-0b7e-4bb6-9649-ad01012d4d68,Primo 12.5-1 208-240 (1),12.5,parsed_from_inverter_name,91.92,month,devwork
2022-08-23,0e19b9a5-61e0-44d8-aa58-aeb335c1731f,Burbank Residence,6511ed5a-0b7e-4bb6-9649-ad01012d4d68,Primo 12.5-1 208-240 (1),12.5,parsed_from_inverter_name,72.94,month,devwork
2022-08-24,0e19b9a5-61e0-44d8-aa58-aeb335c1731f,Burbank Residence,6511ed5a-0b7e-4bb6-9649-ad01012d4d68,Primo 12.5-1 208-240 (1),12.5,parsed_from_inverter_name,59.73,month,devwork
2022-08-25,0e19b9a5-61e0-44d8-aa58-aeb335c1731f,Burbank Residence,6511ed5a-0b7e-4bb6-9649-ad01012d4d68,Primo 12.5-1 208-240 (1),12.5,parsed_from_inverter_name,51.02,month,devwork
2022-08-26,0e19b9a5-61e0-44d8-aa58-aeb335c1731f,Burbank Residence,6511ed5a-0b7e-4bb6-9649-ad01012d4d68,Primo 12.5-1 208-240 (1),12.5,parsed_from_inverter_name,71.37,month,devwork
2022-08-27,0e19b9a5-61e0-44d8-aa58-aeb335c1731f,Burbank Residence,6511ed5a-0b7e-4bb6-9649-ad01012d4d68,Primo 12.5-1 208-240 (1),12.5,parsed_from_inverter_name,47.11,month,devwork
2022-08-28,0e19b9a5-61e0-44d8-aa58-aeb335c1731f,Burbank Residence,6511ed5a-0b7e-4bb6-9649-ad01012d4d68,Primo 12.5-1 208-240 (1),12.5,parsed_from_inverter_name,93.16,month,devwork
2022-08-29,0e19b9a5-61e0-44d8-aa58-aeb335c1731f,Burbank Residence,6511ed5a-0b7e-4bb6-9649-ad01012d4d68,Primo 12.5-1 208-240 (1),12.5,parsed_from_inverter_name,88.05,month,devwork
2022-08-30,0e19b9a5-61e0-44d8-aa58-aeb335c1731f,Burbank Residence,6511ed5a-0b7e-4bb6-9649-ad01012d4d68,Primo 12.5-1 208-240 (1),12.5,parsed_from_inverter_name,94.19,month,devwork
2022-08-31,0e19b9a5-61e0-44d8-aa58-aeb335c1731f,Burbank Residence,6511ed5a-0b7e-4bb6-9649-ad01012d4d68,Primo 12.5-1 208-240 (1),12.5,parsed_from_inverter_name,92.14,month,devwork
2022-09-01,0e19b9a5-61e0-44d8-aa58-aeb335c1731f,Burbank Residence,6511ed5a-0b7e-4bb6-9649-ad01012d4d68,Primo 12.5-1 208-240 (1),12.5,parsed_from_inverter_name,86.81,month,devwork
2022-09-02,0e19b9a5-61e0-44d8-aa58-aeb335c1731f,Burbank Residence,6511ed5a-0b7e-4bb6-9649-ad01012d4d68,Primo 12.5-1 208-240 (1),12.5,parsed_from_inverter_name,93.23,month,devwork
2022-09-03,0e19b9a5-61e0-44d8-aa58-aeb335c1731f,Burbank Residence,6511ed5a-0b7e-4bb6-9649-ad01012d4d68,Primo 12.5-1 208-240 (1),12.5,parsed_from_inverter_name,73.56,month,devwork
2022-09-04,0e19b9a5-61e0-44d8-aa58-aeb335c1731f,Burbank Residence,6511ed5a-0b7e-4bb6-9649-ad01012d4d68,Primo 12.5-1 208-240 (1),12.5,parsed_from_inverter_name,78.68,month,devwork
2022-09-05,0e19b9a5-61e0-44d8-aa58-aeb335c1731f,Burbank Residence,6511ed5a-0b7e-4bb6-9649-ad01012d4d68,Primo 12.5-1 208-240 (1),12.5,parsed_from_inverter_name,64.28,month,devwork
2022-09-06,0e19b9a5-61e0-44d8-aa58-aeb335c1731f,Burbank Residence,6511ed5a-0b7e-4bb6-9649-ad01012d4d68,Primo 12.5-1 208-240 (1),12.5,parsed_from_inverter_name,86.41,month,devwork
2022-09-07,0e19b9a5-61e0-44d8-aa58-aeb335c1731f,Burbank Residence,6511ed5a-0b7e-4bb6-9649-ad01012d4d68,Primo 12.5-1 208-240 (1),12.5,parsed_from_inverter_name,90.32,month,devwork
2022-09-08,0e19b9a5-61e0-44d8-aa58-aeb335c1731f,Burbank Residence,6511ed5a-0b7e-4bb6-9649-ad01012d4d68,Primo 12.5-1 208-240 (1),12.5,parsed_from_inverter_name,41.22,month,devwork
2022-09-09,0e19b9a5-61e0-44d8-aa58-aeb335c1731f,Burbank Residence,6511ed5a-0b7e-4bb6-9649-ad01012d4d68,Primo 12.5-1 208-240 (1),12.5,parsed_from_inverter_name,71.32,month,devwork
2022-09-10,0e19b9a5-61e0-44d8-aa58-aeb335c1731f,Burbank Residence,6511ed5a-0b7e-4bb6-9649-ad01012d4d68,Primo 12.5-1 208-240 (1),12.5,parsed_from_inverter_name,88.93,month,devwork
2022-09-11,0e19b9a5-61e0-44d8-aa58-aeb335c1731f,Burbank Residence,6511ed5a-0b7e-4bb6-9649-ad01012d4d68,Primo 12.5-1 208-240 (1),12.5,parsed_from_inverter_name,75.42,month,devwork
2022-09-12,0e19b9a5-61e0-44d8-aa58-aeb335c1731f,Burbank Residence,6511ed5a-0b7e-4bb6-9649-ad01012d4d68,Primo 12.5-1 208-240 (1),12.5,parsed_from_inverter_name,39.97,month,devwork
2022-09-13,0e19b9a5-61e0-44d8-aa58-aeb335c1731f,Burbank Residence,6511ed5a-0b7e-4bb6-9649-ad01012d4d68,Primo 12.5-1 208-240 (1),12.5,parsed_from_inverter_name,45.51,month,devwork
2022-09-14,0e19b9a5-61e0-44d8-aa58-aeb335c1731f,Burbank Residence,6511ed5a-0b7e-4bb6-9649-ad01012d4d68,Primo 12.5-1 208-240 (1),12.5,parsed_from_inverter_name,73.81,month,devwork
2022-09-15,0e19b9a5-61e0-44d8-aa58-aeb335c1731f,Burbank Residence,6511ed5a-0b7e-4bb6-9649-ad01012d4d68,Primo 12.5-1 208-240 (1),12.5,parsed_from_inverter_name,72.96,month,devwork
2022-09-16,0e19b9a5-61e0-44d8-aa58-aeb335c1731f,Burbank Residence,6511ed5a-0b7e-4bb6-9649-ad01012d4d68,Primo 12.5-1 208-240 (1),12.5,parsed_from_inverter_name,68.84,month,devwork
2022-09-17,0e19b9a5-61e0-44d8-aa58-aeb335c1731f,Burbank Residence,6511ed5a-0b7e-4bb6-9649-ad01012d4d68,Primo 12.5-1 208-240 (1),12.5,parsed_from_inverter_name,73.68,month,devwork
2022-09-18,0e19b9a5-61e0-44d8-aa58-aeb335c1731f,Burbank Residence,6511ed5a-0b7e-4bb6-9649-ad01012d4d68,Primo 12.5-1 208-240 (1),12.5,parsed_from_inverter_name,69.72,month,devwork
2022-09-19,0e19b9a5-61e0-44d8-aa58-aeb335c1731f,Burbank Residence,6511ed5a-0b7e-4bb6-9649-ad01012d4d68,Primo 12.5-1 208-240 (1),12.5,parsed_from_inverter_name,47.51,month,devwork
2022-09-20,0e19b9a5-61e0-44d8-aa58-aeb335c1731f,Burbank Residence,6511ed5a-0b7e-4bb6-9649-ad01012d4d68,Primo 12.5-1 208-240 (1),12.5,parsed_from_inverter_name,73.73,month,devwork
2022-09-21,0e19b9a5-61e0-44d8-aa58-aeb335c1731f,Burbank Residence,6511ed5a-0b7e-4bb6-9649-ad01012d4d68,Primo 12.5-1 208-240 (1),12.5,parsed_from_inverter_name,82.62,month,devwork
2022-09-22,0e19b9a5-61e0-44d8-aa58-aeb335c1731f,Burbank Residence,6511ed5a-0b7e-4bb6-9649-ad01012d4d68,Primo 12.5-1 208-240 (1),12.5,parsed_from_inverter_name,11.47,month,devwork
2022-09-23,0e19b9a5-61e0-44d8-aa58-aeb335c1731f,Burbank Residence,6511ed5a-0b7e-4bb6-9649-ad01012d4d68,Primo 12.5-1 208-240 (1),12.5,parsed_from_inverter_name,67.63,month,devwork
2022-09-24,0e19b9a5-61e0-44d8-aa58-aeb335c1731f,Burbank Residence,6511ed5a-0b7e-4bb6-9649-ad01012d4d68,Primo 12.5-1 208-240 (1),12.5,parsed_from_inverter_name,78.32,month,devwork
2022-09-25,0e19b9a5-61e0-44d8-aa58-aeb335c1731f,Burbank Residence,6511ed5a-0b7e-4bb6-9649-ad01012d4d68,Primo 12.5-1 208-240 (1),12.5,parsed_from_inverter_name,77.82,month,devwork
2022-09-26,0e19b9a5-61e0-44d8-aa58-aeb335c1731f,Burbank Residence,6511ed5a-0b7e-4bb6-9649-ad01012d4d68,Primo 12.5-1 208-240 (1),12.5,parsed_from_inverter_name,74.95,month,devwork
2022-09-27,0e19b9a5-61e0-44d8-aa58-aeb335c1731f,Burbank Residence,6511ed5a-0b7e-4bb6-9649-ad01012d4d68,Primo 12.5-1 208-240 (1),12.5,parsed_from_inverter_name,74.69,month,devwork
2022-09-28,0e19b9a5-61e0-44d8-aa58-aeb335c1731f,Burbank Residence,6511ed5a-0b7e-4bb6-9649-ad01012d4d68,Primo 12.5-1 208-240 (1),12.5,parsed_from_inverter_name,59.89,month,devwork
2022-09-29,0e19b9a5-61e0-44d8-aa58-aeb335c1731f,Burbank Residence,6511ed5a-0b7e-4bb6-9649-ad01012d4d68,Primo 12.5-1 208-240 (1),12.5,parsed_from_inverter_name,34.62,month,devwork
2022-09-30,0e19b9a5-61e0-44d8-aa58-aeb335c1731f,Burbank Residence,6511ed5a-0b7e-4bb6-9649-ad01012d4d68,Primo 12.5-1 208-240 (1),12.5,parsed_from_inverter_name,25.27,month,devwork
2022-10-01,0e19b9a5-61e0-44d8-aa58-aeb335c1731f,Burbank Residence,6511ed5a-0b7e-4bb6-9649-ad01012d4d68,Primo 12.5-1 208-240 (1),12.5,parsed_from_inverter_name,69.14,month,devwork
2022-10-02,0e19b9a5-61e0-44d8-aa58-aeb335c1731f,Burbank Residence,6511ed5a-0b7e-4bb6-9649-ad01012d4d68,Primo 12.5-1 208-240 (1),12.5,parsed_from_inverter_name,68.64,month,devwork
2022-10-03,0e19b9a5-61e0-44d8-aa58-aeb335c1731f,Burbank Residence,6511ed5a-0b7e-4bb6-9649-ad01012d4d68,Primo 12.5-1 208-240 (1),12.5,parsed_from_inverter_name,68.16,month,devwork
2022-10-04,0e19b9a5-61e0-44d8-aa58-aeb335c1731f,Burbank Residence,6511ed5a-0b7e-4bb6-9649-ad01012d4d68,Primo 12.5-1 208-240 (1),12.5,parsed_from_inverter_name,67.33,month,devwork
2022-10-05,0e19b9a5-61e0-44d8-aa58-aeb335c1731f,Burbank Residence,6511ed5a-0b7e-4bb6-9649-ad01012d4d68,Primo 12.5-1 208-240 (1),12.5,parsed_from_inverter_name,63.76,month,devwork
2022-10-06,0e19b9a5-61e0-44d8-aa58-aeb335c1731f,Burbank Residence,6511ed5a-0b7e-4bb6-9649-ad01012d4d68,Primo 12.5-1 208-240 (1),12.5,parsed_from_inverter_name,64.44,month,devwork
2022-10-07,0e19b9a5-61e0-44d8-aa58-aeb335c1731f,Burbank Residence,6511ed5a-0b7e-4bb6-9649-ad01012d4d68,Primo 12.5-1 208-240 (1),12.5,parsed_from_inverter_name,64.96,month,devwork
2022-10-08,0e19b9a5-61e0-44d8-aa58-aeb335c1731f,Burbank Residence,6511ed5a-0b7e-4bb6-9649-ad01012d4d68,Primo 12.5-1 208-240 (1),12.5,parsed_from_inverter_name,63.66,month,devwork
2022-10-09,0e19b9a5-61e0-44d8-aa58-aeb335c1731f,Burbank Residence,6511ed5a-0b7e-4bb6-9649-ad01012d4d68,Primo 12.5-1 208-240 (1),12.5,parsed_from_inverter_name,61.93,month,devwork
2022-10-10,0e19b9a5-61e0-44d8-aa58-aeb335c1731f,Burbank Residence,6511ed5a-0b7e-4bb6-9649-ad01012d4d68,Primo 12.5-1 208-240 (1),12.5,parsed_from_inverter_name,42.21,month,devwork
2022-10-11,0e19b9a5-61e0-44d8-aa58-aeb335c1731f,Burbank Residence,6511ed5a-0b7e-4bb6-9649-ad01012d4d68,Primo 12.5-1 208-240 (1),12.5,parsed_from_inverter_name,64.72,month,devwork
2022-10-12,0e19b9a5-61e0-44d8-aa58-aeb335c1731f,Burbank Residence,6511ed5a-0b7e-4bb6-9649-ad01012d4d68,Primo 12.5-1 208-240 (1),12.5,parsed_from_inverter_name,53.73,month,devwork
2022-10-13,0e19b9a5-61e0-44d8-aa58-aeb335c1731f,Burbank Residence,6511ed5a-0b7e-4bb6-9649-ad01012d4d68,Primo 12.5-1 208-240 (1),12.5,parsed_from_inverter_name,61.7,month,devwork
2022-10-14,0e19b9a5-61e0-44d8-aa58-aeb335c1731f,Burbank Residence,6511ed5a-0b7e-4bb6-9649-ad01012d4d68,Primo 12.5-1 208-240 (1),12.5,parsed_from_inverter_name,42.99,month,devwork
2022-10-15,0e19b9a5-61e0-44d8-aa58-aeb335c1731f,Burbank Residence,6511ed5a-0b7e-4bb6-9649-ad01012d4d68,Primo 12.5-1 208-240 (1),12.5,parsed_from_inverter_name,59.2,month,devwork
2022-10-16,0e19b9a5-61e0-44d8-aa58-aeb335c1731f,Burbank Residence,6511ed5a-0b7e-4bb6-9649-ad01012d4d68,Primo 12.5-1 208-240 (1),12.5,parsed_from_inverter_name,58.35,month,devwork
2022-10-17,0e19b9a5-61e0-44d8-aa58-aeb335c1731f,Burbank Residence,6511ed5a-0b7e-4bb6-9649-ad01012d4d68,Primo 12.5-1 208-240 (1),12.5,parsed_from_inverter_name,59.23,month,devwork
2022-10-18,0e19b9a5-61e0-44d8-aa58-aeb335c1731f,Burbank Residence,6511ed5a-0b7e-4bb6-9649-ad01012d4d68,Primo 12.5-1 208-240 (1),12.5,parsed_from_inverter_name,59.35,month,devwork
2022-10-19,0e19b9a5-61e0-44d8-aa58-aeb335c1731f,Burbank Residence,6511ed5a-0b7e-4bb6-9649-ad01012d4d68,Primo 12.5-1 208-240 (1),12.5,parsed_from_inverter_name,54.4,month,devwork
2022-10-20,0e19b9a5-61e0-44d8-aa58-aeb335c1731f,Burbank Residence,6511ed5a-0b7e-4bb6-9649-ad01012d4d68,Primo 12.5-1 208-240 (1),12.5,parsed_from_inverter_name,37.21,month,devwork
2022-10-21,0e19b9a5-61e0-44d8-aa58-aeb335c1731f,Burbank Residence,6511ed5a-0b7e-4bb6-9649-ad01012d4d68,Primo 12.5-1 208-240 (1),12.5,parsed_from_inverter_name,5.52,month,devwork
2022-10-24,0e19b9a5-61e0-44d8-aa58-aeb335c1731f,Burbank Residence,6511ed5a-0b7e-4bb6-9649-ad01012d4d68,Primo 12.5-1 208-240 (1),12.5,parsed_from_inverter_name,0.26,month,devwork
2022-10-25,0e19b9a5-61e0-44d8-aa58-aeb335c1731f,Burbank Residence,6511ed5a-0b7e-4bb6-9649-ad01012d4d68,Primo 12.5-1 208-240 (1),12.5,parsed_from_inverter_name,10.84,month,devwork
2022-10-26,0e19b9a5-61e0-44d8-aa58-aeb335c1731f,Burbank Residence,6511ed5a-0b7e-4bb6-9649-ad01012d4d68,Primo 12.5-1 208-240 (1),12.5,parsed_from_inverter_name,37.51,month,devwork
2022-10-27,0e19b9a5-61e0-44d8-aa58-aeb335c1731f,Burbank Residence,6511ed5a-0b7e-4bb6-9649-ad01012d4d68,Primo 12.5-1 208-240 (1),12.5,parsed_from_inverter_name,37.63,month,devwork
2022-10-28,0e19b9a5-61e0-44d8-aa58-aeb335c1731f,Burbank Residence,6511ed5a-0b7e-4bb6-9649-ad01012d4d68,Primo 12.5-1 208-240 (1),12.5,parsed_from_inverter_name,39.11,month,devwork
2022-10-29,0e19b9a5-61e0-44d8-aa58-aeb335c1731f,Burbank Residence,6511ed5a-0b7e-4bb6-9649-ad01012d4d68,Primo 12.5-1 208-240 (1),12.5,parsed_from_inverter_name,50.6,month,devwork
2022-10-30,0e19b9a5-61e0-44d8-aa58-aeb335c1731f,Burbank Residence,6511ed5a-0b7e-4bb6-9649-ad01012d4d68,Primo 12.5-1 208-240 (1),12.5,parsed_from_inverter_name,16.81,month,devwork
2022-10-31,0e19b9a5-61e0-44d8-aa58-aeb335c1731f,Burbank Residence,6511ed5a-0b7e-4bb6-9649-ad01012d4d68,Primo 12.5-1 208-240 (1),12.5,parsed_from_inverter_name,19.19,month,devwork
2022-11-01,0e19b9a5-61e0-44d8-aa58-aeb335c1731f,Burbank Residence,6511ed5a-0b7e-4bb6-9649-ad01012d4d68,Primo 12.5-1 208-240 (1),12.5,parsed_from_inverter_name,6.37,month,devwork
2022-11-02,0e19b9a5-61e0-44d8-aa58-aeb335c1731f,Burbank Residence,6511ed5a-0b7e-4bb6-9649-ad01012d4d68,Primo 12.5-1 208-240 (1),12.5,parsed_from_inverter_name,6.46,month,devwork
2022-11-03,0e19b9a5-61e0-44d8-aa58-aeb335c1731f,Burbank Residence,6511ed5a-0b7e-4bb6-9649-ad01012d4d68,Primo 12.5-1 208-240 (1),12.5,parsed_from_inverter_name,28.07,month,devwork
2022-11-04,0e19b9a5-61e0-44d8-aa58-aeb335c1731f,Burbank Residence,6511ed5a-0b7e-4bb6-9649-ad01012d4d68,Primo 12.5-1 208-240 (1),12.5,parsed_from_inverter_name,23.25,month,devwork
2022-11-05,0e19b9a5-61e0-44d8-aa58-aeb335c1731f,Burbank Residence,6511ed5a-0b7e-4bb6-9649-ad01012d4d68,Primo 12.5-1 208-240 (1),12.5,parsed_from_inverter_name,0.22,month,devwork
2022-11-06,0e19b9a5-61e0-44d8-aa58-aeb335c1731f,Burbank Residence,6511ed5a-0b7e-4bb6-9649-ad01012d4d68,Primo 12.5-1 208-240 (1),12.5,parsed_from_inverter_name,1.53,month,devwork
2022-11-07,0e19b9a5-61e0-44d8-aa58-aeb335c1731f,Burbank Residence,6511ed5a-0b7e-4bb6-9649-ad01012d4d68,Primo 12.5-1 208-240 (1),12.5,parsed_from_inverter_name,2.21,month,devwork
2022-11-08,0e19b9a5-61e0-44d8-aa58-aeb335c1731f,Burbank Residence,6511ed5a-0b7e-4bb6-9649-ad01012d4d68,Primo 12.5-1 208-240 (1),12.5,parsed_from_inverter_name,5.21,month,devwork
2022-11-09,0e19b9a5-61e0-44d8-aa58-aeb335c1731f,Burbank Residence,6511ed5a-0b7e-4bb6-9649-ad01012d4d68,Primo 12.5-1 208-240 (1),12.5,parsed_from_inverter_name,4.04,month,devwork
2022-11-10,0e19b9a5-61e0-44d8-aa58-aeb335c1731f,Burbank Residence,6511ed5a-0b7e-4bb6-9649-ad01012d4d68,Primo 12.5-1 208-240 (1),12.5,parsed_from_inverter_name,5.94,month,devwork
2022-11-11,0e19b9a5-61e0-44d8-aa58-aeb335c1731f,Burbank Residence,6511ed5a-0b7e-4bb6-9649-ad01012d4d68,Primo 12.5-1 208-240 (1),12.5,parsed_from_inverter_name,6.05,month,devwork
2022-11-12,0e19b9a5-61e0-44d8-aa58-aeb335c1731f,Burbank Residence,6511ed5a-0b7e-4bb6-9649-ad01012d4d68,Primo 12.5-1 208-240 (1),12.5,parsed_from_inverter_name,4.75,month,devwork
2022-11-13,0e19b9a5-61e0-44d8-aa58-aeb335c1731f,Burbank Residence,6511ed5a-0b7e-4bb6-9649-ad01012d4d68,Primo 12.5-1 208-240 (1),12.5,parsed_from_inverter_name,17.33,month,devwork
2022-11-14,0e19b9a5-61e0-44d8-aa58-aeb335c1731f,Burbank Residence,6511ed5a-0b7e-4bb6-9649-ad01012d4d68,Primo 12.5-1 208-240 (1),12.5,parsed_from_inverter_name,22.52,month,devwork
2022-11-15,0e19b9a5-61e0-44d8-aa58-aeb335c1731f,Burbank Residence,6511ed5a-0b7e-4bb6-9649-ad01012d4d68,Primo 12.5-1 208-240 (1),12.5,parsed_from_inverter_name,25.12,month,devwork
2022-11-16,0e19b9a5-61e0-44d8-aa58-aeb335c1731f,Burbank Residence,6511ed5a-0b7e-4bb6-9649-ad01012d4d68,Primo 12.5-1 208-240 (1),12.5,parsed_from_inverter_name,17.58,month,devwork
2022-11-17,0e19b9a5-61e0-44d8-aa58-aeb335c1731f,Burbank Residence,6511ed5a-0b7e-4bb6-9649-ad01012d4d68,Primo 12.5-1 208-240 (1),12.5,parsed_from_inverter_name,40.57,month,devwork
2022-11-18,0e19b9a5-61e0-44d8-aa58-aeb335c1731f,Burbank Residence,6511ed5a-0b7e-4bb6-9649-ad01012d4d68,Primo 12.5-1 208-240 (1),12.5,parsed_from_inverter_name,38.87,month,devwork
2022-11-19,0e19b9a5-61e0-44d8-aa58-aeb335c1731f,Burbank Residence,6511ed5a-0b7e-4bb6-9649-ad01012d4d68,Primo 12.5-1 208-240 (1),12.5,parsed_from_inverter_name,37.37,month,devwork
2022-11-20,0e19b9a5-61e0-44d8-aa58-aeb335c1731f,Burbank Residence,6511ed5a-0b7e-4bb6-9649-ad01012d4d68,Primo 12.5-1 208-240 (1),12.5,parsed_from_inverter_name,25.41,month,devwork
2022-11-21,0e19b9a5-61e0-44d8-aa58-aeb335c1731f,Burbank Residence,6511ed5a-0b7e-4bb6-9649-ad01012d4d68,Primo 12.5-1 208-240 (1),12.5,parsed_from_inverter_name,33.01,month,devwork
2022-11-22,0e19b9a5-61e0-44d8-aa58-aeb335c1731f,Burbank Residence,6511ed5a-0b7e-4bb6-9649-ad01012d4d68,Primo 12.5-1 208-240 (1),12.5,parsed_from_inverter_name,7.44,month,devwork
2022-11-23,0e19b9a5-61e0-44d8-aa58-aeb335c1731f,Burbank Residence,6511ed5a-0b7e-4bb6-9649-ad01012d4d68,Primo 12.5-1 208-240 (1),12.5,parsed_from_inverter_name,26.34,month,devwork
2022-11-24,0e19b9a5-61e0-44d8-aa58-aeb335c1731f,Burbank Residence,6511ed5a-0b7e-4bb6-9649-ad01012d4d68,Primo 12.5-1 208-240 (1),12.5,parsed_from_inverter_name,5.15,month,devwork
2022-11-25,0e19b9a5-61e0-44d8-aa58-aeb335c1731f,Burbank Residence,6511ed5a-0b7e-4bb6-9649-ad01012d4d68,Primo 12.5-1 208-240 (1),12.5,parsed_from_inverter_name,33.04,month,devwork
2022-11-26,0e19b9a5-61e0-44d8-aa58-aeb335c1731f,Burbank Residence,6511ed5a-0b7e-4bb6-9649-ad01012d4d68,Primo 12.5-1 208-240 (1),12.5,parsed_from_inverter_name,31.22,month,devwork
2022-11-27,0e19b9a5-61e0-44d8-aa58-aeb335c1731f,Burbank Residence,6511ed5a-0b7e-4bb6-9649-ad01012d4d68,Primo 12.5-1 208-240 (1),12.5,parsed_from_inverter_name,6.11,month,devwork
2022-11-28,0e19b9a5-61e0-44d8-aa58-aeb335c1731f,Burbank Residence,6511ed5a-0b7e-4bb6-9649-ad01012d4d68,Primo 12.5-1 208-240 (1),12.5,parsed_from_inverter_name,14.08,month,devwork
2022-11-29,0e19b9a5-61e0-44d8-aa58-aeb335c1731f,Burbank Residence,6511ed5a-0b7e-4bb6-9649-ad01012d4d68,Primo 12.5-1 208-240 (1),12.5,parsed_from_inverter_name,27.4,month,devwork
2022-11-30,0e19b9a5-61e0-44d8-aa58-aeb335c1731f,Burbank Residence,6511ed5a-0b7e-4bb6-9649-ad01012d4d68,Primo 12.5-1 208-240 (1),12.5,parsed_from_inverter_name,3.63,month,devwork
2022-12-01,0e19b9a5-61e0-44d8-aa58-aeb335c1731f,Burbank Residence,6511ed5a-0b7e-4bb6-9649-ad01012d4d68,Primo 12.5-1 208-240 (1),12.5,parsed_from_inverter_name,2.36,month,devwork
2022-12-02,0e19b9a5-61e0-44d8-aa58-aeb335c1731f,Burbank Residence,6511ed5a-0b7e-4bb6-9649-ad01012d4d68,Primo 12.5-1 208-240 (1),12.5,parsed_from_inverter_name,4.52,month,devwork
2022-12-03,0e19b9a5-61e0-44d8-aa58-aeb335c1731f,Burbank Residence,6511ed5a-0b7e-4bb6-9649-ad01012d4d68,Primo 12.5-1 208-240 (1),12.5,parsed_from_inverter_name,17.84,month,devwork
2022-12-04,0e19b9a5-61e0-44d8-aa58-aeb335c1731f,Burbank Residence,6511ed5a-0b7e-4bb6-9649-ad01012d4d68,Primo 12.5-1 208-240 (1),12.5,parsed_from_inverter_name,28.29,month,devwork
2022-12-05,0e19b9a5-61e0-44d8-aa58-aeb335c1731f,Burbank Residence,6511ed5a-0b7e-4bb6-9649-ad01012d4d68,Primo 12.5-1 208-240 (1),12.5,parsed_from_inverter_name,1.89,month,devwork
2022-12-06,0e19b9a5-61e0-44d8-aa58-aeb335c1731f,Burbank Residence,6511ed5a-0b7e-4bb6-9649-ad01012d4d68,Primo 12.5-1 208-240 (1),12.5,parsed_from_inverter_name,5.52,month,devwork
2022-12-07,0e19b9a5-61e0-44d8-aa58-aeb335c1731f,Burbank Residence,6511ed5a-0b7e-4bb6-9649-ad01012d4d68,Primo 12.5-1 208-240 (1),12.5,parsed_from_inverter_name,27.89,month,devwork
2022-12-08,0e19b9a5-61e0-44d8-aa58-aeb335c1731f,Burbank Residence,6511ed5a-0b7e-4bb6-9649-ad01012d4d68,Primo 12.5-1 208-240 (1),12.5,parsed_from_inverter_name,12.63,month,devwork
2022-12-09,0e19b9a5-61e0-44d8-aa58-aeb335c1731f,Burbank Residence,6511ed5a-0b7e-4bb6-9649-ad01012d4d68,Primo 12.5-1 208-240 (1),12.5,parsed_from_inverter_name,26.29,month,devwork
2022-12-10,0e19b9a5-61e0-44d8-aa58-aeb335c1731f,Burbank Residence,6511ed5a-0b7e-4bb6-9649-ad01012d4d68,Primo 12.5-1 208-240 (1),12.5,parsed_from_inverter_name,17.52,month,devwork
2022-12-11,0e19b9a5-61e0-44d8-aa58-aeb335c1731f,Burbank Residence,6511ed5a-0b7e-4bb6-9649-ad01012d4d68,Primo 12.5-1 208-240 (1),12.5,parsed_from_inverter_name,8.64,month,devwork
2022-12-12,0e19b9a5-61e0-44d8-aa58-aeb335c1731f,Burbank Residence,6511ed5a-0b7e-4bb6-9649-ad01012d4d68,Primo 12.5-1 208-240 (1),12.5,parsed_from_inverter_name,13.34,month,devwork
2022-12-13,0e19b9a5-61e0-44d8-aa58-aeb335c1731f,Burbank Residence,6511ed5a-0b7e-4bb6-9649-ad01012d4d68,Primo 12.5-1 208-240 (1),12.5,parsed_from_inverter_name,25.57,month,devwork
2022-12-14,0e19b9a5-61e0-44d8-aa58-aeb335c1731f,Burbank Residence,6511ed5a-0b7e-4bb6-9649-ad01012d4d68,Primo 12.5-1 208-240 (1),12.5,parsed_from_inverter_name,0.41,month,devwork
2022-12-15,0e19b9a5-61e0-44d8-aa58-aeb335c1731f,Burbank Residence,6511ed5a-0b7e-4bb6-9649-ad01012d4d68,Primo 12.5-1 208-240 (1),12.5,parsed_from_inverter_name,1.01,month,devwork
2022-12-16,0e19b9a5-61e0-44d8-aa58-aeb335c1731f,Burbank Residence,6511ed5a-0b7e-4bb6-9649-ad01012d4d68,Primo 12.5-1 208-240 (1),12.5,parsed_from_inverter_name,0.96,month,devwork
2022-12-17,0e19b9a5-61e0-44d8-aa58-aeb335c1731f,Burbank Residence,6511ed5a-0b7e-4bb6-9649-ad01012d4d68,Primo 12.5-1 208-240 (1),12.5,parsed_from_inverter_name,3.79,month,devwork
2022-12-18,0e19b9a5-61e0-44d8-aa58-aeb335c1731f,Burbank Residence,6511ed5a-0b7e-4bb6-9649-ad01012d4d68,Primo 12.5-1 208-240 (1),12.5,parsed_from_inverter_name,3.64,month,devwork
2022-12-19,0e19b9a5-61e0-44d8-aa58-aeb335c1731f,Burbank Residence,6511ed5a-0b7e-4bb6-9649-ad01012d4d68,Primo 12.5-1 208-240 (1),12.5,parsed_from_inverter_name,2.67,month,devwork
2022-12-20,0e19b9a5-61e0-44d8-aa58-aeb335c1731f,Burbank Residence,6511ed5a-0b7e-4bb6-9649-ad01012d4d68,Primo 12.5-1 208-240 (1),12.5,parsed_from_inverter_name,0.25,month,devwork
2022-12-21,0e19b9a5-61e0-44d8-aa58-aeb335c1731f,Burbank Residence,6511ed5a-0b7e-4bb6-9649-ad01012d4d68,Primo 12.5-1 208-240 (1),12.5,parsed_from_inverter_name,0.09,month,devwork
2022-12-22,0e19b9a5-61e0-44d8-aa58-aeb335c1731f,Burbank Residence,6511ed5a-0b7e-4bb6-9649-ad01012d4d68,Primo 12.5-1 208-240 (1),12.5,parsed_from_inverter_name,0.27,month,devwork
2022-12-25,0e19b9a5-61e0-44d8-aa58-aeb335c1731f,Burbank Residence,6511ed5a-0b7e-4bb6-9649-ad01012d4d68,Primo 12.5-1 208-240 (1),12.5,parsed_from_inverter_name,19.36,month,devwork
2022-12-26,0e19b9a5-61e0-44d8-aa58-aeb335c1731f,Burbank Residence,6511ed5a-0b7e-4bb6-9649-ad01012d4d68,Primo 12.5-1 208-240 (1),12.5,parsed_from_inverter_name,13.01,month,devwork
2022-12-27,0e19b9a5-61e0-44d8-aa58-aeb335c1731f,Burbank Residence,6511ed5a-0b7e-4bb6-9649-ad01012d4d68,Primo 12.5-1 208-240 (1),12.5,parsed_from_inverter_name,3.58,month,devwork
2022-12-28,0e19b9a5-61e0-44d8-aa58-aeb335c1731f,Burbank Residence,6511ed5a-0b7e-4bb6-9649-ad01012d4d68,Primo 12.5-1 208-240 (1),12.5,parsed_from_inverter_name,9.19,month,devwork
2022-12-29,0e19b9a5-61e0-44d8-aa58-aeb335c1731f,Burbank Residence,6511ed5a-0b7e-4bb6-9649-ad01012d4d68,Primo 12.5-1 208-240 (1),12.5,parsed_from_inverter_name,23.14,month,devwork
2022-12-30,0e19b9a5-61e0-44d8-aa58-aeb335c1731f,Burbank Residence,6511ed5a-0b7e-4bb6-9649-ad01012d4d68,Primo 12.5-1 208-240 (1),12.5,parsed_from_inverter_name,11.06,month,devwork
2022-12-31,0e19b9a5-61e0-44d8-aa58-aeb335c1731f,Burbank Residence,6511ed5a-0b7e-4bb6-9649-ad01012d4d68,Primo 12.5-1 208-240 (1),12.5,parsed_from_inverter_name,15.53,month,devwork
2023-01-01,0e19b9a5-61e0-44d8-aa58-aeb335c1731f,Burbank Residence,6511ed5a-0b7e-4bb6-9649-ad01012d4d68,Primo 12.5-1 208-240 (1),12.5,parsed_from_inverter_name,22.26,month,devwork
2023-01-02,0e19b9a5-61e0-44d8-aa58-aeb335c1731f,Burbank Residence,6511ed5a-0b7e-4bb6-9649-ad01012d4d68,Primo 12.5-1 208-240 (1),12.5,parsed_from_inverter_name,25.62,month,devwork
2023-01-03,0e19b9a5-61e0-44d8-aa58-aeb335c1731f,Burbank Residence,6511ed5a-0b7e-4bb6-9649-ad01012d4d68,Primo 12.5-1 208-240 (1),12.5,parsed_from_inverter_name,25.08,month,devwork
2023-01-04,0e19b9a5-61e0-44d8-aa58-aeb335c1731f,Burbank Residence,6511ed5a-0b7e-4bb6-9649-ad01012d4d68,Primo 12.5-1 208-240 (1),12.5,parsed_from_inverter_name,26.76,month,devwork
2023-01-05,0e19b9a5-61e0-44d8-aa58-aeb335c1731f,Burbank Residence,6511ed5a-0b7e-4bb6-9649-ad01012d4d68,Primo 12.5-1 208-240 (1),12.5,parsed_from_inverter_name,12.63,month,devwork
2023-01-06,0e19b9a5-61e0-44d8-aa58-aeb335c1731f,Burbank Residence,6511ed5a-0b7e-4bb6-9649-ad01012d4d68,Primo 12.5-1 208-240 (1),12.5,parsed_from_inverter_name,25.36,month,devwork
2023-01-07,0e19b9a5-61e0-44d8-aa58-aeb335c1731f,Burbank Residence,6511ed5a-0b7e-4bb6-9649-ad01012d4d68,Primo 12.5-1 208-240 (1),12.5,parsed_from_inverter_name,18.76,month,devwork
2023-01-08,0e19b9a5-61e0-44d8-aa58-aeb335c1731f,Burbank Residence,6511ed5a-0b7e-4bb6-9649-ad01012d4d68,Primo 12.5-1 208-240 (1),12.5,parsed_from_inverter_name,9.89,month,devwork
2023-01-09,0e19b9a5-61e0-44d8-aa58-aeb335c1731f,Burbank Residence,6511ed5a-0b7e-4bb6-9649-ad01012d4d68,Primo 12.5-1 208-240 (1),12.5,parsed_from_inverter_name,25.03,month,devwork
2023-01-10,0e19b9a5-61e0-44d8-aa58-aeb335c1731f,Burbank Residence,6511ed5a-0b7e-4bb6-9649-ad01012d4d68,Primo 12.5-1 208-240 (1),12.5,parsed_from_inverter_name,22.62,month,devwork
2023-01-11,0e19b9a5-61e0-44d8-aa58-aeb335c1731f,Burbank Residence,6511ed5a-0b7e-4bb6-9649-ad01012d4d68,Primo 12.5-1 208-240 (1),12.5,parsed_from_inverter_name,29.02,month,devwork
2023-01-12,0e19b9a5-61e0-44d8-aa58-aeb335c1731f,Burbank Residence,6511ed5a-0b7e-4bb6-9649-ad01012d4d68,Primo 12.5-1 208-240 (1),12.5,parsed_from_inverter_name,8.95,month,devwork
2023-01-13,0e19b9a5-61e0-44d8-aa58-aeb335c1731f,Burbank Residence,6511ed5a-0b7e-4bb6-9649-ad01012d4d68,Primo 12.5-1 208-240 (1),12.5,parsed_from_inverter_name,20.9,month,devwork
2023-01-14,0e19b9a5-61e0-44d8-aa58-aeb335c1731f,Burbank Residence,6511ed5a-0b7e-4bb6-9649-ad01012d4d68,Primo 12.5-1 208-240 (1),12.5,parsed_from_inverter_name,26.26,month,devwork
2023-01-15,0e19b9a5-61e0-44d8-aa58-aeb335c1731f,Burbank Residence,6511ed5a-0b7e-4bb6-9649-ad01012d4d68,Primo 12.5-1 208-240 (1),12.5,parsed_from_inverter_name,5.52,month,devwork
2023-01-16,0e19b9a5-61e0-44d8-aa58-aeb335c1731f,Burbank Residence,6511ed5a-0b7e-4bb6-9649-ad01012d4d68,Primo 12.5-1 208-240 (1),12.5,parsed_from_inverter_name,19.56,month,devwork
2023-01-17,0e19b9a5-61e0-44d8-aa58-aeb335c1731f,Burbank Residence,6511ed5a-0b7e-4bb6-9649-ad01012d4d68,Primo 12.5-1 208-240 (1),12.5,parsed_from_inverter_name,29.86,month,devwork
2023-01-18,0e19b9a5-61e0-44d8-aa58-aeb335c1731f,Burbank Residence,6511ed5a-0b7e-4bb6-9649-ad01012d4d68,Primo 12.5-1 208-240 (1),12.5,parsed_from_inverter_name,29.29,month,devwork
2023-01-19,0e19b9a5-61e0-44d8-aa58-aeb335c1731f,Burbank Residence,6511ed5a-0b7e-4bb6-9649-ad01012d4d68,Primo 12.5-1 208-240 (1),12.5,parsed_from_inverter_name,28.75,month,devwork
2023-01-20,0e19b9a5-61e0-44d8-aa58-aeb335c1731f,Burbank Residence,6511ed5a-0b7e-4bb6-9649-ad01012d4d68,Primo 12.5-1 208-240 (1),12.5,parsed_from_inverter_name,23.89,month,devwork
2023-01-21,0e19b9a5-61e0-44d8-aa58-aeb335c1731f,Burbank Residence,6511ed5a-0b7e-4bb6-9649-ad01012d4d68,Primo 12.5-1 208-240 (1),12.5,parsed_from_inverter_name,34.33,month,devwork
2023-01-22,0e19b9a5-61e0-44d8-aa58-aeb335c1731f,Burbank Residence,6511ed5a-0b7e-4bb6-9649-ad01012d4d68,Primo 12.5-1 208-240 (1),12.5,parsed_from_inverter_name,0.09,month,devwork
2023-01-23,0e19b9a5-61e0-44d8-aa58-aeb335c1731f,Burbank Residence,6511ed5a-0b7e-4bb6-9649-ad01012d4d68,Primo 12.5-1 208-240 (1),12.5,parsed_from_inverter_name,14.26,month,devwork
2023-01-24,0e19b9a5-61e0-44d8-aa58-aeb335c1731f,Burbank Residence,6511ed5a-0b7e-4bb6-9649-ad01012d4d68,Primo 12.5-1 208-240 (1),12.5,parsed_from_inverter_name,16.75,month,devwork
2023-01-25,0e19b9a5-61e0-44d8-aa58-aeb335c1731f,Burbank Residence,6511ed5a-0b7e-4bb6-9649-ad01012d4d68,Primo 12.5-1 208-240 (1),12.5,parsed_from_inverter_name,7.73,month,devwork
2023-01-26,0e19b9a5-61e0-44d8-aa58-aeb335c1731f,Burbank Residence,6511ed5a-0b7e-4bb6-9649-ad01012d4d68,Primo 12.5-1 208-240 (1),12.5,parsed_from_inverter_name,27.42,month,devwork
2023-01-27,0e19b9a5-61e0-44d8-aa58-aeb335c1731f,Burbank Residence,6511ed5a-0b7e-4bb6-9649-ad01012d4d68,Primo 12.5-1 208-240 (1),12.5,parsed_from_inverter_name,1.18,month,devwork
2023-01-28,0e19b9a5-61e0-44d8-aa58-aeb335c1731f,Burbank Residence,6511ed5a-0b7e-4bb6-9649-ad01012d4d68,Primo 12.5-1 208-240 (1),12.5,parsed_from_inverter_name,3.23,month,devwork
2023-01-29,0e19b9a5-61e0-44d8-aa58-aeb335c1731f,Burbank Residence,6511ed5a-0b7e-4bb6-9649-ad01012d4d68,Primo 12.5-1 208-240 (1),12.5,parsed_from_inverter_name,4.34,month,devwork
2023-01-30,0e19b9a5-61e0-44d8-aa58-aeb335c1731f,Burbank Residence,6511ed5a-0b7e-4bb6-9649-ad01012d4d68,Primo 12.5-1 208-240 (1),12.5,parsed_from_inverter_name,1.64,month,devwork
2023-01-31,0e19b9a5-61e0-44d8-aa58-aeb335c1731f,Burbank Residence,6511ed5a-0b7e-4bb6-9649-ad01012d4d68,Primo 12.5-1 208-240 (1),12.5,parsed_from_inverter_name,8.36,month,devwork
2023-02-01,0e19b9a5-61e0-44d8-aa58-aeb335c1731f,Burbank Residence,6511ed5a-0b7e-4bb6-9649-ad01012d4d68,Primo 12.5-1 208-240 (1),12.5,parsed_from_inverter_name,13.02,month,devwork
2023-02-02,0e19b9a5-61e0-44d8-aa58-aeb335c1731f,Burbank Residence,6511ed5a-0b7e-4bb6-9649-ad01012d4d68,Primo 12.5-1 208-240 (1),12.5,parsed_from_inverter_name,17.22,month,devwork
2023-02-03,0e19b9a5-61e0-44d8-aa58-aeb335c1731f,Burbank Residence,6511ed5a-0b7e-4bb6-9649-ad01012d4d68,Primo 12.5-1 208-240 (1),12.5,parsed_from_inverter_name,40.69,month,devwork
2023-02-04,0e19b9a5-61e0-44d8-aa58-aeb335c1731f,Burbank Residence,6511ed5a-0b7e-4bb6-9649-ad01012d4d68,Primo 12.5-1 208-240 (1),12.5,parsed_from_inverter_name,44.7,month,devwork
2023-02-05,0e19b9a5-61e0-44d8-aa58-aeb335c1731f,Burbank Residence,6511ed5a-0b7e-4bb6-9649-ad01012d4d68,Primo 12.5-1 208-240 (1),12.5,parsed_from_inverter_name,19.83,month,devwork
2023-02-06,0e19b9a5-61e0-44d8-aa58-aeb335c1731f,Burbank Residence,6511ed5a-0b7e-4bb6-9649-ad01012d4d68,Primo 12.5-1 208-240 (1),12.5,parsed_from_inverter_name,44.58,month,devwork
2023-02-07,0e19b9a5-61e0-44d8-aa58-aeb335c1731f,Burbank Residence,6511ed5a-0b7e-4bb6-9649-ad01012d4d68,Primo 12.5-1 208-240 (1),12.5,parsed_from_inverter_name,15.56,month,devwork
2023-02-08,0e19b9a5-61e0-44d8-aa58-aeb335c1731f,Burbank Residence,6511ed5a-0b7e-4bb6-9649-ad01012d4d68,Primo 12.5-1 208-240 (1),12.5,parsed_from_inverter_name,25.24,month,devwork
2023-02-09,0e19b9a5-61e0-44d8-aa58-aeb335c1731f,Burbank Residence,6511ed5a-0b7e-4bb6-9649-ad01012d4d68,Primo 12.5-1 208-240 (1),12.5,parsed_from_inverter_name,39.22,month,devwork
2023-02-10,0e19b9a5-61e0-44d8-aa58-aeb335c1731f,Burbank Residence,6511ed5a-0b7e-4bb6-9649-ad01012d4d68,Primo 12.5-1 208-240 (1),12.5,parsed_from_inverter_name,51.84,month,devwork
2023-02-11,0e19b9a5-61e0-44d8-aa58-aeb335c1731f,Burbank Residence,6511ed5a-0b7e-4bb6-9649-ad01012d4d68,Primo 12.5-1 208-240 (1),12.5,parsed_from_inverter_name,49.77,month,devwork
2023-02-12,0e19b9a5-61e0-44d8-aa58-aeb335c1731f,Burbank Residence,6511ed5a-0b7e-4bb6-9649-ad01012d4d68,Primo 12.5-1 208-240 (1),12.5,parsed_from_inverter_name,36.19,month,devwork
2023-02-13,0e19b9a5-61e0-44d8-aa58-aeb335c1731f,Burbank Residence,6511ed5a-0b7e-4bb6-9649-ad01012d4d68,Primo 12.5-1 208-240 (1),12.5,parsed_from_inverter_name,36.12,month,devwork
2023-02-14,0e19b9a5-61e0-44d8-aa58-aeb335c1731f,Burbank Residence,6511ed5a-0b7e-4bb6-9649-ad01012d4d68,Primo 12.5-1 208-240 (1),12.5,parsed_from_inverter_name,56.78,month,devwork
2023-02-15,0e19b9a5-61e0-44d8-aa58-aeb335c1731f,Burbank Residence,6511ed5a-0b7e-4bb6-9649-ad01012d4d68,Primo 12.5-1 208-240 (1),12.5,parsed_from_inverter_name,55.49,month,devwork
2023-02-16,0e19b9a5-61e0-44d8-aa58-aeb335c1731f,Burbank Residence,6511ed5a-0b7e-4bb6-9649-ad01012d4d68,Primo 12.5-1 208-240 (1),12.5,parsed_from_inverter_name,33.93,month,devwork
2023-02-17,0e19b9a5-61e0-44d8-aa58-aeb335c1731f,Burbank Residence,6511ed5a-0b7e-4bb6-9649-ad01012d4d68,Primo 12.5-1 208-240 (1),12.5,parsed_from_inverter_name,50.99,month,devwork
2023-02-18,0e19b9a5-61e0-44d8-aa58-aeb335c1731f,Burbank Residence,6511ed5a-0b7e-4bb6-9649-ad01012d4d68,Primo 12.5-1 208-240 (1),12.5,parsed_from_inverter_name,34.87,month,devwork
2023-02-19,0e19b9a5-61e0-44d8-aa58-aeb335c1731f,Burbank Residence,6511ed5a-0b7e-4bb6-9649-ad01012d4d68,Primo 12.5-1 208-240 (1),12.5,parsed_from_inverter_name,25.95,month,devwork
2023-02-20,0e19b9a5-61e0-44d8-aa58-aeb335c1731f,Burbank Residence,6511ed5a-0b7e-4bb6-9649-ad01012d4d68,Primo 12.5-1 208-240 (1),12.5,parsed_from_inverter_name,0.73,month,devwork
2023-02-21,0e19b9a5-61e0-44d8-aa58-aeb335c1731f,Burbank Residence,6511ed5a-0b7e-4bb6-9649-ad01012d4d68,Primo 12.5-1 208-240 (1),12.5,parsed_from_inverter_name,1.21,month,devwork
2023-02-22,0e19b9a5-61e0-44d8-aa58-aeb335c1731f,Burbank Residence,6511ed5a-0b7e-4bb6-9649-ad01012d4d68,Primo 12.5-1 208-240 (1),12.5,parsed_from_inverter_name,1.14,month,devwork
2023-02-23,0e19b9a5-61e0-44d8-aa58-aeb335c1731f,Burbank Residence,6511ed5a-0b7e-4bb6-9649-ad01012d4d68,Primo 12.5-1 208-240 (1),12.5,parsed_from_inverter_name,1.02,month,devwork
2023-02-24,0e19b9a5-61e0-44d8-aa58-aeb335c1731f,Burbank Residence,6511ed5a-0b7e-4bb6-9649-ad01012d4d68,Primo 12.5-1 208-240 (1),12.5,parsed_from_inverter_name,1.41,month,devwork
2023-02-25,0e19b9a5-61e0-44d8-aa58-aeb335c1731f,Burbank Residence,6511ed5a-0b7e-4bb6-9649-ad01012d4d68,Primo 12.5-1 208-240 (1),12.5,parsed_from_inverter_name,13.08,month,devwork
2023-02-26,0e19b9a5-61e0-44d8-aa58-aeb335c1731f,Burbank Residence,6511ed5a-0b7e-4bb6-9649-ad01012d4d68,Primo 12.5-1 208-240 (1),12.5,parsed_from_inverter_name,31.14,month,devwork
2023-02-27,0e19b9a5-61e0-44d8-aa58-aeb335c1731f,Burbank Residence,6511ed5a-0b7e-4bb6-9649-ad01012d4d68,Primo 12.5-1 208-240 (1),12.5,parsed_from_inverter_name,70.74,month,devwork
2023-02-28,0e19b9a5-61e0-44d8-aa58-aeb335c1731f,Burbank Residence,6511ed5a-0b7e-4bb6-9649-ad01012d4d68,Primo 12.5-1 208-240 (1),12.5,parsed_from_inverter_name,14.47,month,devwork
2023-03-01,0e19b9a5-61e0-44d8-aa58-aeb335c1731f,Burbank Residence,6511ed5a-0b7e-4bb6-9649-ad01012d4d68,Primo 12.5-1 208-240 (1),12.5,parsed_from_inverter_name,66.44,month,devwork
2023-03-02,0e19b9a5-61e0-44d8-aa58-aeb335c1731f,Burbank Residence,6511ed5a-0b7e-4bb6-9649-ad01012d4d68,Primo 12.5-1 208-240 (1),12.5,parsed_from_inverter_name,70.87,month,devwork
2023-03-03,0e19b9a5-61e0-44d8-aa58-aeb335c1731f,Burbank Residence,6511ed5a-0b7e-4bb6-9649-ad01012d4d68,Primo 12.5-1 208-240 (1),12.5,parsed_from_inverter_name,44.19,month,devwork
2023-03-04,0e19b9a5-61e0-44d8-aa58-aeb335c1731f,Burbank Residence,6511ed5a-0b7e-4bb6-9649-ad01012d4d68,Primo 12.5-1 208-240 (1),12.5,parsed_from_inverter_name,72.4,month,devwork
2023-03-05,0e19b9a5-61e0-44d8-aa58-aeb335c1731f,Burbank Residence,6511ed5a-0b7e-4bb6-9649-ad01012d4d68,Primo 12.5-1 208-240 (1),12.5,parsed_from_inverter_name,8.39,month,devwork
2023-03-06,0e19b9a5-61e0-44d8-aa58-aeb335c1731f,Burbank Residence,6511ed5a-0b7e-4bb6-9649-ad01012d4d68,Primo 12.5-1 208-240 (1),12.5,parsed_from_inverter_name,4.17,month,devwork
2023-03-07,0e19b9a5-61e0-44d8-aa58-aeb335c1731f,Burbank Residence,6511ed5a-0b7e-4bb6-9649-ad01012d4d68,Primo 12.5-1 208-240 (1),12.5,parsed_from_inverter_name,4.57,month,devwork
2023-03-08,0e19b9a5-61e0-44d8-aa58-aeb335c1731f,Burbank Residence,6511ed5a-0b7e-4bb6-9649-ad01012d4d68,Primo 12.5-1 208-240 (1),12.5,parsed_from_inverter_name,2.86,month,devwork
2023-03-09,0e19b9a5-61e0-44d8-aa58-aeb335c1731f,Burbank Residence,6511ed5a-0b7e-4bb6-9649-ad01012d4d68,Primo 12.5-1 208-240 (1),12.5,parsed_from_inverter_name,4.95,month,devwork
2023-03-10,0e19b9a5-61e0-44d8-aa58-aeb335c1731f,Burbank Residence,6511ed5a-0b7e-4bb6-9649-ad01012d4d68,Primo 12.5-1 208-240 (1),12.5,parsed_from_inverter_name,2.54,month,devwork
2023-03-11,0e19b9a5-61e0-44d8-aa58-aeb335c1731f,Burbank Residence,6511ed5a-0b7e-4bb6-9649-ad01012d4d68,Primo 12.5-1 208-240 (1),12.5,parsed_from_inverter_name,54.45,month,devwork
2023-03-12,0e19b9a5-61e0-44d8-aa58-aeb335c1731f,Burbank Residence,6511ed5a-0b7e-4bb6-9649-ad01012d4d68,Primo 12.5-1 208-240 (1),12.5,parsed_from_inverter_name,79.76,month,devwork
2023-03-13,0e19b9a5-61e0-44d8-aa58-aeb335c1731f,Burbank Residence,6511ed5a-0b7e-4bb6-9649-ad01012d4d68,Primo 12.5-1 208-240 (1),12.5,parsed_from_inverter_name,55.83,month,devwork
2023-03-14,0e19b9a5-61e0-44d8-aa58-aeb335c1731f,Burbank Residence,6511ed5a-0b7e-4bb6-9649-ad01012d4d68,Primo 12.5-1 208-240 (1),12.5,parsed_from_inverter_name,80.39,month,devwork
2023-03-15,0e19b9a5-61e0-44d8-aa58-aeb335c1731f,Burbank Residence,6511ed5a-0b7e-4bb6-9649-ad01012d4d68,Primo 12.5-1 208-240 (1),12.5,parsed_from_inverter_name,65.19,month,devwork
2023-03-16,0e19b9a5-61e0-44d8-aa58-aeb335c1731f,Burbank Residence,6511ed5a-0b7e-4bb6-9649-ad01012d4d68,Primo 12.5-1 208-240 (1),12.5,parsed_from_inverter_name,84.23,month,devwork
2023-03-17,0e19b9a5-61e0-44d8-aa58-aeb335c1731f,Burbank Residence,6511ed5a-0b7e-4bb6-9649-ad01012d4d68,Primo 12.5-1 208-240 (1),12.5,parsed_from_inverter_name,86.05,month,devwork
2023-03-18,0e19b9a5-61e0-44d8-aa58-aeb335c1731f,Burbank Residence,6511ed5a-0b7e-4bb6-9649-ad01012d4d68,Primo 12.5-1 208-240 (1),12.5,parsed_from_inverter_name,67.92,month,devwork
2023-03-19,0e19b9a5-61e0-44d8-aa58-aeb335c1731f,Burbank Residence,6511ed5a-0b7e-4bb6-9649-ad01012d4d68,Primo 12.5-1 208-240 (1),12.5,parsed_from_inverter_name,84.45,month,devwork
2023-03-20,0e19b9a5-61e0-44d8-aa58-aeb335c1731f,Burbank Residence,6511ed5a-0b7e-4bb6-9649-ad01012d4d68,Primo 12.5-1 208-240 (1),12.5,parsed_from_inverter_name,84.33,month,devwork
2023-03-21,0e19b9a5-61e0-44d8-aa58-aeb335c1731f,Burbank Residence,6511ed5a-0b7e-4bb6-9649-ad01012d4d68,Primo 12.5-1 208-240 (1),12.5,parsed_from_inverter_name,85.09,month,devwork
2023-03-22,0e19b9a5-61e0-44d8-aa58-aeb335c1731f,Burbank Residence,6511ed5a-0b7e-4bb6-9649-ad01012d4d68,Primo 12.5-1 208-240 (1),12.5,parsed_from_inverter_name,88.75,month,devwork
2023-03-23,0e19b9a5-61e0-44d8-aa58-aeb335c1731f,Burbank Residence,6511ed5a-0b7e-4bb6-9649-ad01012d4d68,Primo 12.5-1 208-240 (1),12.5,parsed_from_inverter_name,90.68,month,devwork
2023-03-24,0e19b9a5-61e0-44d8-aa58-aeb335c1731f,Burbank Residence,6511ed5a-0b7e-4bb6-9649-ad01012d4d68,Primo 12.5-1 208-240 (1),12.5,parsed_from_inverter_name,62.67,month,devwork
2023-03-25,0e19b9a5-61e0-44d8-aa58-aeb335c1731f,Burbank Residence,6511ed5a-0b7e-4bb6-9649-ad01012d4d68,Primo 12.5-1 208-240 (1),12.5,parsed_from_inverter_name,66.75,month,devwork
2023-03-26,0e19b9a5-61e0-44d8-aa58-aeb335c1731f,Burbank Residence,6511ed5a-0b7e-4bb6-9649-ad01012d4d68,Primo 12.5-1 208-240 (1),12.5,parsed_from_inverter_name,60.6,month,devwork
2023-03-27,0e19b9a5-61e0-44d8-aa58-aeb335c1731f,Burbank Residence,6511ed5a-0b7e-4bb6-9649-ad01012d4d68,Primo 12.5-1 208-240 (1),12.5,parsed_from_inverter_name,4.08,month,devwork
2023-03-28,0e19b9a5-61e0-44d8-aa58-aeb335c1731f,Burbank Residence,6511ed5a-0b7e-4bb6-9649-ad01012d4d68,Primo 12.5-1 208-240 (1),12.5,parsed_from_inverter_name,61.69,month,devwork
2023-03-29,0e19b9a5-61e0-44d8-aa58-aeb335c1731f,Burbank Residence,6511ed5a-0b7e-4bb6-9649-ad01012d4d68,Primo 12.5-1 208-240 (1),12.5,parsed_from_inverter_name,96.0,month,devwork
2023-03-30,0e19b9a5-61e0-44d8-aa58-aeb335c1731f,Burbank Residence,6511ed5a-0b7e-4bb6-9649-ad01012d4d68,Primo 12.5-1 208-240 (1),12.5,parsed_from_inverter_name,54.3,month,devwork
2023-03-31,0e19b9a5-61e0-44d8-aa58-aeb335c1731f,Burbank Residence,6511ed5a-0b7e-4bb6-9649-ad01012d4d68,Primo 12.5-1 208-240 (1),12.5,parsed_from_inverter_name,97.77,month,devwork
2023-04-01,0e19b9a5-61e0-44d8-aa58-aeb335c1731f,Burbank Residence,6511ed5a-0b7e-4bb6-9649-ad01012d4d68,Primo 12.5-1 208-240 (1),12.5,parsed_from_inverter_name,76.18,month,devwork
2023-04-02,0e19b9a5-61e0-44d8-aa58-aeb335c1731f,Burbank Residence,6511ed5a-0b7e-4bb6-9649-ad01012d4d68,Primo 12.5-1 208-240 (1),12.5,parsed_from_inverter_name,30.7,month,devwork
2023-04-03,0e19b9a5-61e0-44d8-aa58-aeb335c1731f,Burbank Residence,6511ed5a-0b7e-4bb6-9649-ad01012d4d68,Primo 12.5-1 208-240 (1),12.5,parsed_from_inverter_name,23.74,month,devwork
2023-04-04,0e19b9a5-61e0-44d8-aa58-aeb335c1731f,Burbank Residence,6511ed5a-0b7e-4bb6-9649-ad01012d4d68,Primo 12.5-1 208-240 (1),12.5,parsed_from_inverter_name,31.11,month,devwork
2023-04-05,0e19b9a5-61e0-44d8-aa58-aeb335c1731f,Burbank Residence,6511ed5a-0b7e-4bb6-9649-ad01012d4d68,Primo 12.5-1 208-240 (1),12.5,parsed_from_inverter_name,84.52,month,devwork
2023-04-06,0e19b9a5-61e0-44d8-aa58-aeb335c1731f,Burbank Residence,6511ed5a-0b7e-4bb6-9649-ad01012d4d68,Primo 12.5-1 208-240 (1),12.5,parsed_from_inverter_name,98.49,month,devwork
2023-04-07,0e19b9a5-61e0-44d8-aa58-aeb335c1731f,Burbank Residence,6511ed5a-0b7e-4bb6-9649-ad01012d4d68,Primo 12.5-1 208-240 (1),12.5,parsed_from_inverter_name,81.57,month,devwork
2023-04-08,0e19b9a5-61e0-44d8-aa58-aeb335c1731f,Burbank Residence,6511ed5a-0b7e-4bb6-9649-ad01012d4d68,Primo 12.5-1 208-240 (1),12.5,parsed_from_inverter_name,82.88,month,devwork
2023-04-09,0e19b9a5-61e0-44d8-aa58-aeb335c1731f,Burbank Residence,6511ed5a-0b7e-4bb6-9649-ad01012d4d68,Primo 12.5-1 208-240 (1),12.5,parsed_from_inverter_name,61.97,month,devwork
2023-04-10,0e19b9a5-61e0-44d8-aa58-aeb335c1731f,Burbank Residence,6511ed5a-0b7e-4bb6-9649-ad01012d4d68,Primo 12.5-1 208-240 (1),12.5,parsed_from_inverter_name,78.75,month,devwork
2023-04-11,0e19b9a5-61e0-44d8-aa58-aeb335c1731f,Burbank Residence,6511ed5a-0b7e-4bb6-9649-ad01012d4d68,Primo 12.5-1 208-240 (1),12.5,parsed_from_inverter_name,94.76,month,devwork
2023-04-12,0e19b9a5-61e0-44d8-aa58-aeb335c1731f,Burbank Residence,6511ed5a-0b7e-4bb6-9649-ad01012d4d68,Primo 12.5-1 208-240 (1),12.5,parsed_from_inverter_name,54.88,month,devwork
2023-04-13,0e19b9a5-61e0-44d8-aa58-aeb335c1731f,Burbank Residence,6511ed5a-0b7e-4bb6-9649-ad01012d4d68,Primo 12.5-1 208-240 (1),12.5,parsed_from_inverter_name,75.66,month,devwork
2023-04-14,0e19b9a5-61e0-44d8-aa58-aeb335c1731f,Burbank Residence,6511ed5a-0b7e-4bb6-9649-ad01012d4d68,Primo 12.5-1 208-240 (1),12.5,parsed_from_inverter_name,83.53,month,devwork
2023-04-15,0e19b9a5-61e0-44d8-aa58-aeb335c1731f,Burbank Residence,6511ed5a-0b7e-4bb6-9649-ad01012d4d68,Primo 12.5-1 208-240 (1),12.5,parsed_from_inverter_name,105.36,month,devwork
2023-04-16,0e19b9a5-61e0-44d8-aa58-aeb335c1731f,Burbank Residence,6511ed5a-0b7e-4bb6-9649-ad01012d4d68,Primo 12.5-1 208-240 (1),12.5,parsed_from_inverter_name,93.18,month,devwork
2023-04-17,0e19b9a5-61e0-44d8-aa58-aeb335c1731f,Burbank Residence,6511ed5a-0b7e-4bb6-9649-ad01012d4d68,Primo 12.5-1 208-240 (1),12.5,parsed_from_inverter_name,102.8,month,devwork
2023-04-18,0e19b9a5-61e0-44d8-aa58-aeb335c1731f,Burbank Residence,6511ed5a-0b7e-4bb6-9649-ad01012d4d68,Primo 12.5-1 208-240 (1),12.5,parsed_from_inverter_name,59.29,month,devwork
2023-04-19,0e19b9a5-61e0-44d8-aa58-aeb335c1731f,Burbank Residence,6511ed5a-0b7e-4bb6-9649-ad01012d4d68,Primo 12.5-1 208-240 (1),12.5,parsed_from_inverter_name,20.0,month,devwork
2023-04-20,0e19b9a5-61e0-44d8-aa58-aeb335c1731f,Burbank Residence,6511ed5a-0b7e-4bb6-9649-ad01012d4d68,Primo 12.5-1 208-240 (1),12.5,parsed_from_inverter_name,2.63,month,devwork
2023-04-21,0e19b9a5-61e0-44d8-aa58-aeb335c1731f,Burbank Residence,6511ed5a-0b7e-4bb6-9649-ad01012d4d68,Primo 12.5-1 208-240 (1),12.5,parsed_from_inverter_name,33.01,month,devwork
2023-04-22,0e19b9a5-61e0-44d8-aa58-aeb335c1731f,Burbank Residence,6511ed5a-0b7e-4bb6-9649-ad01012d4d68,Primo 12.5-1 208-240 (1),12.5,parsed_from_inverter_name,84.59,month,devwork
2023-04-23,0e19b9a5-61e0-44d8-aa58-aeb335c1731f,Burbank Residence,6511ed5a-0b7e-4bb6-9649-ad01012d4d68,Primo 12.5-1 208-240 (1),12.5,parsed_from_inverter_name,96.16,month,devwork
2023-04-24,0e19b9a5-61e0-44d8-aa58-aeb335c1731f,Burbank Residence,6511ed5a-0b7e-4bb6-9649-ad01012d4d68,Primo 12.5-1 208-240 (1),12.5,parsed_from_inverter_name,53.1,month,devwork
2023-04-25,0e19b9a5-61e0-44d8-aa58-aeb335c1731f,Burbank Residence,6511ed5a-0b7e-4bb6-9649-ad01012d4d68,Primo 12.5-1 208-240 (1),12.5,parsed_from_inverter_name,101.34,month,devwork
2023-04-26,0e19b9a5-61e0-44d8-aa58-aeb335c1731f,Burbank Residence,6511ed5a-0b7e-4bb6-9649-ad01012d4d68,Primo 12.5-1 208-240 (1),12.5,parsed_from_inverter_name,41.03,month,devwork
2023-04-27,0e19b9a5-61e0-44d8-aa58-aeb335c1731f,Burbank Residence,6511ed5a-0b7e-4bb6-9649-ad01012d4d68,Primo 12.5-1 208-240 (1),12.5,parsed_from_inverter_name,102.59,month,devwork
2023-04-28,0e19b9a5-61e0-44d8-aa58-aeb335c1731f,Burbank Residence,6511ed5a-0b7e-4bb6-9649-ad01012d4d68,Primo 12.5-1 208-240 (1),12.5,parsed_from_inverter_name,94.63,month,devwork
2023-04-29,0e19b9a5-61e0-44d8-aa58-aeb335c1731f,Burbank Residence,6511ed5a-0b7e-4bb6-9649-ad01012d4d68,Primo 12.5-1 208-240 (1),12.5,parsed_from_inverter_name,106.06,month,devwork
2023-04-30,0e19b9a5-61e0-44d8-aa58-aeb335c1731f,Burbank Residence,6511ed5a-0b7e-4bb6-9649-ad01012d4d68,Primo 12.5-1 208-240 (1),12.5,parsed_from_inverter_name,107.65,month,devwork
2023-05-01,0e19b9a5-61e0-44d8-aa58-aeb335c1731f,Burbank Residence,6511ed5a-0b7e-4bb6-9649-ad01012d4d68,Primo 12.5-1 208-240 (1),12.5,parsed_from_inverter_name,106.63,month,devwork
2023-05-02,0e19b9a5-61e0-44d8-aa58-aeb335c1731f,Burbank Residence,6511ed5a-0b7e-4bb6-9649-ad01012d4d68,Primo 12.5-1 208-240 (1),12.5,parsed_from_inverter_name,106.06,month,devwork
2023-05-03,0e19b9a5-61e0-44d8-aa58-aeb335c1731f,Burbank Residence,6511ed5a-0b7e-4bb6-9649-ad01012d4d68,Primo 12.5-1 208-240 (1),12.5,parsed_from_inverter_name,99.31,month,devwork
2023-05-04,0e19b9a5-61e0-44d8-aa58-aeb335c1731f,Burbank Residence,6511ed5a-0b7e-4bb6-9649-ad01012d4d68,Primo 12.5-1 208-240 (1),12.5,parsed_from_inverter_name,88.87,month,devwork
2023-05-05,0e19b9a5-61e0-44d8-aa58-aeb335c1731f,Burbank Residence,6511ed5a-0b7e-4bb6-9649-ad01012d4d68,Primo 12.5-1 208-240 (1),12.5,parsed_from_inverter_name,81.55,month,devwork
2023-05-06,0e19b9a5-61e0-44d8-aa58-aeb335c1731f,Burbank Residence,6511ed5a-0b7e-4bb6-9649-ad01012d4d68,Primo 12.5-1 208-240 (1),12.5,parsed_from_inverter_name,17.02,month,devwork
2023-05-07,0e19b9a5-61e0-44d8-aa58-aeb335c1731f,Burbank Residence,6511ed5a-0b7e-4bb6-9649-ad01012d4d68,Primo 12.5-1 208-240 (1),12.5,parsed_from_inverter_name,86.42,month,devwork
2023-05-08,0e19b9a5-61e0-44d8-aa58-aeb335c1731f,Burbank Residence,6511ed5a-0b7e-4bb6-9649-ad01012d4d68,Primo 12.5-1 208-240 (1),12.5,parsed_from_inverter_name,89.29,month,devwork
2023-05-09,0e19b9a5-61e0-44d8-aa58-aeb335c1731f,Burbank Residence,6511ed5a-0b7e-4bb6-9649-ad01012d4d68,Primo 12.5-1 208-240 (1),12.5,parsed_from_inverter_name,101.59,month,devwork
2023-05-10,0e19b9a5-61e0-44d8-aa58-aeb335c1731f,Burbank Residence,6511ed5a-0b7e-4bb6-9649-ad01012d4d68,Primo 12.5-1 208-240 (1),12.5,parsed_from_inverter_name,86.57,month,devwork
2023-05-11,0e19b9a5-61e0-44d8-aa58-aeb335c1731f,Burbank Residence,6511ed5a-0b7e-4bb6-9649-ad01012d4d68,Primo 12.5-1 208-240 (1),12.5,parsed_from_inverter_name,85.87,month,devwork
2023-05-12,0e19b9a5-61e0-44d8-aa58-aeb335c1731f,Burbank Residence,6511ed5a-0b7e-4bb6-9649-ad01012d4d68,Primo 12.5-1 208-240 (1),12.5,parsed_from_inverter_name,107.47,month,devwork
2023-05-13,0e19b9a5-61e0-44d8-aa58-aeb335c1731f,Burbank Residence,6511ed5a-0b7e-4bb6-9649-ad01012d4d68,Primo 12.5-1 208-240 (1),12.5,parsed_from_inverter_name,102.35,month,devwork
2023-05-14,0e19b9a5-61e0-44d8-aa58-aeb335c1731f,Burbank Residence,6511ed5a-0b7e-4bb6-9649-ad01012d4d68,Primo 12.5-1 208-240 (1),12.5,parsed_from_inverter_name,78.09,month,devwork
2023-05-15,0e19b9a5-61e0-44d8-aa58-aeb335c1731f,Burbank Residence,6511ed5a-0b7e-4bb6-9649-ad01012d4d68,Primo 12.5-1 208-240 (1),12.5,parsed_from_inverter_name,112.51,month,devwork
2023-05-16,0e19b9a5-61e0-44d8-aa58-aeb335c1731f,Burbank Residence,6511ed5a-0b7e-4bb6-9649-ad01012d4d68,Primo 12.5-1 208-240 (1),12.5,parsed_from_inverter_name,69.34,month,devwork
2023-05-17,0e19b9a5-61e0-44d8-aa58-aeb335c1731f,Burbank Residence,6511ed5a-0b7e-4bb6-9649-ad01012d4d68,Primo 12.5-1 208-240 (1),12.5,parsed_from_inverter_name,73.7,month,devwork
2023-05-18,0e19b9a5-61e0-44d8-aa58-aeb335c1731f,Burbank Residence,6511ed5a-0b7e-4bb6-9649-ad01012d4d68,Primo 12.5-1 208-240 (1),12.5,parsed_from_inverter_name,99.15,month,devwork
2023-05-19,0e19b9a5-61e0-44d8-aa58-aeb335c1731f,Burbank Residence,6511ed5a-0b7e-4bb6-9649-ad01012d4d68,Primo 12.5-1 208-240 (1),12.5,parsed_from_inverter_name,104.47,month,devwork
2023-05-20,0e19b9a5-61e0-44d8-aa58-aeb335c1731f,Burbank Residence,6511ed5a-0b7e-4bb6-9649-ad01012d4d68,Primo 12.5-1 208-240 (1),12.5,parsed_from_inverter_name,88.35,month,devwork
2023-05-21,0e19b9a5-61e0-44d8-aa58-aeb335c1731f,Burbank Residence,6511ed5a-0b7e-4bb6-9649-ad01012d4d68,Primo 12.5-1 208-240 (1),12.5,parsed_from_inverter_name,94.49,month,devwork
2023-05-22,0e19b9a5-61e0-44d8-aa58-aeb335c1731f,Burbank Residence,6511ed5a-0b7e-4bb6-9649-ad01012d4d68,Primo 12.5-1 208-240 (1),12.5,parsed_from_inverter_name,72.83,month,devwork
2023-05-23,0e19b9a5-61e0-44d8-aa58-aeb335c1731f,Burbank Residence,6511ed5a-0b7e-4bb6-9649-ad01012d4d68,Primo 12.5-1 208-240 (1),12.5,parsed_from_inverter_name,116.34,month,devwork
2023-05-24,0e19b9a5-61e0-44d8-aa58-aeb335c1731f,Burbank Residence,6511ed5a-0b7e-4bb6-9649-ad01012d4d68,Primo 12.5-1 208-240 (1),12.5,parsed_from_inverter_name,81.64,month,devwork
2023-05-25,0e19b9a5-61e0-44d8-aa58-aeb335c1731f,Burbank Residence,6511ed5a-0b7e-4bb6-9649-ad01012d4d68,Primo 12.5-1 208-240 (1),12.5,parsed_from_inverter_name,62.22,month,devwork
2023-05-26,0e19b9a5-61e0-44d8-aa58-aeb335c1731f,Burbank Residence,6511ed5a-0b7e-4bb6-9649-ad01012d4d68,Primo 12.5-1 208-240 (1),12.5,parsed_from_inverter_name,83.39,month,devwork
2023-05-27,0e19b9a5-61e0-44d8-aa58-aeb335c1731f,Burbank Residence,6511ed5a-0b7e-4bb6-9649-ad01012d4d68,Primo 12.5-1 208-240 (1),12.5,parsed_from_inverter_name,56.06,month,devwork
2023-05-28,0e19b9a5-61e0-44d8-aa58-aeb335c1731f,Burbank Residence,6511ed5a-0b7e-4bb6-9649-ad01012d4d68,Primo 12.5-1 208-240 (1),12.5,parsed_from_inverter_name,96.03,month,devwork
2023-05-29,0e19b9a5-61e0-44d8-aa58-aeb335c1731f,Burbank Residence,6511ed5a-0b7e-4bb6-9649-ad01012d4d68,Primo 12.5-1 208-240 (1),12.5,parsed_from_inverter_name,76.13,month,devwork
2023-05-30,0e19b9a5-61e0-44d8-aa58-aeb335c1731f,Burbank Residence,6511ed5a-0b7e-4bb6-9649-ad01012d4d68,Primo 12.5-1 208-240 (1),12.5,parsed_from_inverter_name,113.45,month,devwork
2023-05-31,0e19b9a5-61e0-44d8-aa58-aeb335c1731f,Burbank Residence,6511ed5a-0b7e-4bb6-9649-ad01012d4d68,Primo 12.5-1 208-240 (1),12.5,parsed_from_inverter_name,87.09,month,devwork
2023-06-01,0e19b9a5-61e0-44d8-aa58-aeb335c1731f,Burbank Residence,6511ed5a-0b7e-4bb6-9649-ad01012d4d68,Primo 12.5-1 208-240 (1),12.5,parsed_from_inverter_name,49.99,month,devwork
2023-06-02,0e19b9a5-61e0-44d8-aa58-aeb335c1731f,Burbank Residence,6511ed5a-0b7e-4bb6-9649-ad01012d4d68,Primo 12.5-1 208-240 (1),12.5,parsed_from_inverter_name,94.03,month,devwork
2023-06-03,0e19b9a5-61e0-44d8-aa58-aeb335c1731f,Burbank Residence,6511ed5a-0b7e-4bb6-9649-ad01012d4d68,Primo 12.5-1 208-240 (1),12.5,parsed_from_inverter_name,79.84,month,devwork
2023-06-04,0e19b9a5-61e0-44d8-aa58-aeb335c1731f,Burbank Residence,6511ed5a-0b7e-4bb6-9649-ad01012d4d68,Primo 12.5-1 208-240 (1),12.5,parsed_from_inverter_name,97.63,month,devwork
2023-06-05,0e19b9a5-61e0-44d8-aa58-aeb335c1731f,Burbank Residence,6511ed5a-0b7e-4bb6-9649-ad01012d4d68,Primo 12.5-1 208-240 (1),12.5,parsed_from_inverter_name,105.54,month,devwork
2023-06-06,0e19b9a5-61e0-44d8-aa58-aeb335c1731f,Burbank Residence,6511ed5a-0b7e-4bb6-9649-ad01012d4d68,Primo 12.5-1 208-240 (1),12.5,parsed_from_inverter_name,83.22,month,devwork
2023-06-07,0e19b9a5-61e0-44d8-aa58-aeb335c1731f,Burbank Residence,6511ed5a-0b7e-4bb6-9649-ad01012d4d68,Primo 12.5-1 208-240 (1),12.5,parsed_from_inverter_name,114.53,month,devwork
2023-06-08,0e19b9a5-61e0-44d8-aa58-aeb335c1731f,Burbank Residence,6511ed5a-0b7e-4bb6-9649-ad01012d4d68,Primo 12.5-1 208-240 (1),12.5,parsed_from_inverter_name,92.08,month,devwork
2023-06-09,0e19b9a5-61e0-44d8-aa58-aeb335c1731f,Burbank Residence,6511ed5a-0b7e-4bb6-9649-ad01012d4d68,Primo 12.5-1 208-240 (1),12.5,parsed_from_inverter_name,41.42,month,devwork
2023-06-10,0e19b9a5-61e0-44d8-aa58-aeb335c1731f,Burbank Residence,6511ed5a-0b7e-4bb6-9649-ad01012d4d68,Primo 12.5-1 208-240 (1),12.5,parsed_from_inverter_name,80.57,month,devwork
2023-06-11,0e19b9a5-61e0-44d8-aa58-aeb335c1731f,Burbank Residence,6511ed5a-0b7e-4bb6-9649-ad01012d4d68,Primo 12.5-1 208-240 (1),12.5,parsed_from_inverter_name,104.03,month,devwork
2023-06-12,0e19b9a5-61e0-44d8-aa58-aeb335c1731f,Burbank Residence,6511ed5a-0b7e-4bb6-9649-ad01012d4d68,Primo 12.5-1 208-240 (1),12.5,parsed_from_inverter_name,78.5,month,devwork
2023-06-13,0e19b9a5-61e0-44d8-aa58-aeb335c1731f,Burbank Residence,6511ed5a-0b7e-4bb6-9649-ad01012d4d68,Primo 12.5-1 208-240 (1),12.5,parsed_from_inverter_name,116.35,month,devwork
2023-06-14,0e19b9a5-61e0-44d8-aa58-aeb335c1731f,Burbank Residence,6511ed5a-0b7e-4bb6-9649-ad01012d4d68,Primo 12.5-1 208-240 (1),12.5,parsed_from_inverter_name,65.58,month,devwork
2023-06-15,0e19b9a5-61e0-44d8-aa58-aeb335c1731f,Burbank Residence,6511ed5a-0b7e-4bb6-9649-ad01012d4d68,Primo 12.5-1 208-240 (1),12.5,parsed_from_inverter_name,68.66,month,devwork
2023-06-16,0e19b9a5-61e0-44d8-aa58-aeb335c1731f,Burbank Residence,6511ed5a-0b7e-4bb6-9649-ad01012d4d68,Primo 12.5-1 208-240 (1),12.5,parsed_from_inverter_name,115.71,month,devwork
2023-06-17,0e19b9a5-61e0-44d8-aa58-aeb335c1731f,Burbank Residence,6511ed5a-0b7e-4bb6-9649-ad01012d4d68,Primo 12.5-1 208-240 (1),12.5,parsed_from_inverter_name,97.45,month,devwork
2023-06-18,0e19b9a5-61e0-44d8-aa58-aeb335c1731f,Burbank Residence,6511ed5a-0b7e-4bb6-9649-ad01012d4d68,Primo 12.5-1 208-240 (1),12.5,parsed_from_inverter_name,68.63,month,devwork
2023-06-19,0e19b9a5-61e0-44d8-aa58-aeb335c1731f,Burbank Residence,6511ed5a-0b7e-4bb6-9649-ad01012d4d68,Primo 12.5-1 208-240 (1),12.5,parsed_from_inverter_name,123.53,month,devwork
2023-06-20,0e19b9a5-61e0-44d8-aa58-aeb335c1731f,Burbank Residence,6511ed5a-0b7e-4bb6-9649-ad01012d4d68,Primo 12.5-1 208-240 (1),12.5,parsed_from_inverter_name,48.07,month,devwork
2023-06-21,0e19b9a5-61e0-44d8-aa58-aeb335c1731f,Burbank Residence,6511ed5a-0b7e-4bb6-9649-ad01012d4d68,Primo 12.5-1 208-240 (1),12.5,parsed_from_inverter_name,94.51,month,devwork
2023-06-22,0e19b9a5-61e0-44d8-aa58-aeb335c1731f,Burbank Residence,6511ed5a-0b7e-4bb6-9649-ad01012d4d68,Primo 12.5-1 208-240 (1),12.5,parsed_from_inverter_name,115.62,month,devwork
2023-06-23,0e19b9a5-61e0-44d8-aa58-aeb335c1731f,Burbank Residence,6511ed5a-0b7e-4bb6-9649-ad01012d4d68,Primo 12.5-1 208-240 (1),12.5,parsed_from_inverter_name,109.21,month,devwork
2023-06-24,0e19b9a5-61e0-44d8-aa58-aeb335c1731f,Burbank Residence,6511ed5a-0b7e-4bb6-9649-ad01012d4d68,Primo 12.5-1 208-240 (1),12.5,parsed_from_inverter_name,88.65,month,devwork
2023-06-25,0e19b9a5-61e0-44d8-aa58-aeb335c1731f,Burbank Residence,6511ed5a-0b7e-4bb6-9649-ad01012d4d68,Primo 12.5-1 208-240 (1),12.5,parsed_from_inverter_name,107.43,month,devwork
2023-06-26,0e19b9a5-61e0-44d8-aa58-aeb335c1731f,Burbank Residence,6511ed5a-0b7e-4bb6-9649-ad01012d4d68,Primo 12.5-1 208-240 (1),12.5,parsed_from_inverter_name,108.31,month,devwork
2023-06-27,0e19b9a5-61e0-44d8-aa58-aeb335c1731f,Burbank Residence,6511ed5a-0b7e-4bb6-9649-ad01012d4d68,Primo 12.5-1 208-240 (1),12.5,parsed_from_inverter_name,108.81,month,devwork
2023-06-28,0e19b9a5-61e0-44d8-aa58-aeb335c1731f,Burbank Residence,6511ed5a-0b7e-4bb6-9649-ad01012d4d68,Primo 12.5-1 208-240 (1),12.5,parsed_from_inverter_name,114.62,month,devwork
2023-06-29,0e19b9a5-61e0-44d8-aa58-aeb335c1731f,Burbank Residence,6511ed5a-0b7e-4bb6-9649-ad01012d4d68,Primo 12.5-1 208-240 (1),12.5,parsed_from_inverter_name,106.38,month,devwork
2023-06-30,0e19b9a5-61e0-44d8-aa58-aeb335c1731f,Burbank Residence,6511ed5a-0b7e-4bb6-9649-ad01012d4d68,Primo 12.5-1 208-240 (1),12.5,parsed_from_inverter_name,104.5,month,devwork
2023-07-01,0e19b9a5-61e0-44d8-aa58-aeb335c1731f,Burbank Residence,6511ed5a-0b7e-4bb6-9649-ad01012d4d68,Primo 12.5-1 208-240 (1),12.5,parsed_from_inverter_name,119.29,month,devwork
2023-07-02,0e19b9a5-61e0-44d8-aa58-aeb335c1731f,Burbank Residence,6511ed5a-0b7e-4bb6-9649-ad01012d4d68,Primo 12.5-1 208-240 (1),12.5,parsed_from_inverter_name,101.95,month,devwork
2023-07-03,0e19b9a5-61e0-44d8-aa58-aeb335c1731f,Burbank Residence,6511ed5a-0b7e-4bb6-9649-ad01012d4d68,Primo 12.5-1 208-240 (1),12.5,parsed_from_inverter_name,104.63,month,devwork
2023-07-04,0e19b9a5-61e0-44d8-aa58-aeb335c1731f,Burbank Residence,6511ed5a-0b7e-4bb6-9649-ad01012d4d68,Primo 12.5-1 208-240 (1),12.5,parsed_from_inverter_name,93.36,month,devwork
2023-07-05,0e19b9a5-61e0-44d8-aa58-aeb335c1731f,Burbank Residence,6511ed5a-0b7e-4bb6-9649-ad01012d4d68,Primo 12.5-1 208-240 (1),12.5,parsed_from_inverter_name,115.09,month,devwork
2023-07-06,0e19b9a5-61e0-44d8-aa58-aeb335c1731f,Burbank Residence,6511ed5a-0b7e-4bb6-9649-ad01012d4d68,Primo 12.5-1 208-240 (1),12.5,parsed_from_inverter_name,105.93,month,devwork
2023-07-07,0e19b9a5-61e0-44d8-aa58-aeb335c1731f,Burbank Residence,6511ed5a-0b7e-4bb6-9649-ad01012d4d68,Primo 12.5-1 208-240 (1),12.5,parsed_from_inverter_name,95.44,month,devwork
2023-07-08,0e19b9a5-61e0-44d8-aa58-aeb335c1731f,Burbank Residence,6511ed5a-0b7e-4bb6-9649-ad01012d4d68,Primo 12.5-1 208-240 (1),12.5,parsed_from_inverter_name,113.33,month,devwork
2023-07-09,0e19b9a5-61e0-44d8-aa58-aeb335c1731f,Burbank Residence,6511ed5a-0b7e-4bb6-9649-ad01012d4d68,Primo 12.5-1 208-240 (1),12.5,parsed_from_inverter_name,111.52,month,devwork
2023-07-10,0e19b9a5-61e0-44d8-aa58-aeb335c1731f,Burbank Residence,6511ed5a-0b7e-4bb6-9649-ad01012d4d68,Primo 12.5-1 208-240 (1),12.5,parsed_from_inverter_name,92.85,month,devwork
2023-07-11,0e19b9a5-61e0-44d8-aa58-aeb335c1731f,Burbank Residence,6511ed5a-0b7e-4bb6-9649-ad01012d4d68,Primo 12.5-1 208-240 (1),12.5,parsed_from_inverter_name,69.17,month,devwork
2023-07-12,0e19b9a5-61e0-44d8-aa58-aeb335c1731f,Burbank Residence,6511ed5a-0b7e-4bb6-9649-ad01012d4d68,Primo 12.5-1 208-240 (1),12.5,parsed_from_inverter_name,98.28,month,devwork
2023-07-13,0e19b9a5-61e0-44d8-aa58-aeb335c1731f,Burbank Residence,6511ed5a-0b7e-4bb6-9649-ad01012d4d68,Primo 12.5-1 208-240 (1),12.5,parsed_from_inverter_name,77.47,month,devwork
2023-07-14,0e19b9a5-61e0-44d8-aa58-aeb335c1731f,Burbank Residence,6511ed5a-0b7e-4bb6-9649-ad01012d4d68,Primo 12.5-1 208-240 (1),12.5,parsed_from_inverter_name,83.18,month,devwork
2023-07-15,0e19b9a5-61e0-44d8-aa58-aeb335c1731f,Burbank Residence,6511ed5a-0b7e-4bb6-9649-ad01012d4d68,Primo 12.5-1 208-240 (1),12.5,parsed_from_inverter_name,86.58,month,devwork
2023-07-16,0e19b9a5-61e0-44d8-aa58-aeb335c1731f,Burbank Residence,6511ed5a-0b7e-4bb6-9649-ad01012d4d68,Primo 12.5-1 208-240 (1),12.5,parsed_from_inverter_name,106.49,month,devwork
2023-07-17,0e19b9a5-61e0-44d8-aa58-aeb335c1731f,Burbank Residence,6511ed5a-0b7e-4bb6-9649-ad01012d4d68,Primo 12.5-1 208-240 (1),12.5,parsed_from_inverter_name,105.36,month,devwork
2023-07-18,0e19b9a5-61e0-44d8-aa58-aeb335c1731f,Burbank Residence,6511ed5a-0b7e-4bb6-9649-ad01012d4d68,Primo 12.5-1 208-240 (1),12.5,parsed_from_inverter_name,102.65,month,devwork
2023-07-19,0e19b9a5-61e0-44d8-aa58-aeb335c1731f,Burbank Residence,6511ed5a-0b7e-4bb6-9649-ad01012d4d68,Primo 12.5-1 208-240 (1),12.5,parsed_from_inverter_name,103.44,month,devwork
2023-07-20,0e19b9a5-61e0-44d8-aa58-aeb335c1731f,Burbank Residence,6511ed5a-0b7e-4bb6-9649-ad01012d4d68,Primo 12.5-1 208-240 (1),12.5,parsed_from_inverter_name,106.84,month,devwork
2023-07-21,0e19b9a5-61e0-44d8-aa58-aeb335c1731f,Burbank Residence,6511ed5a-0b7e-4bb6-9649-ad01012d4d68,Primo 12.5-1 208-240 (1),12.5,parsed_from_inverter_name,93.8,month,devwork
2023-07-22,0e19b9a5-61e0-44d8-aa58-aeb335c1731f,Burbank Residence,6511ed5a-0b7e-4bb6-9649-ad01012d4d68,Primo 12.5-1 208-240 (1),12.5,parsed_from_inverter_name,111.34,month,devwork
2023-07-23,0e19b9a5-61e0-44d8-aa58-aeb335c1731f,Burbank Residence,6511ed5a-0b7e-4bb6-9649-ad01012d4d68,Primo 12.5-1 208-240 (1),12.5,parsed_from_inverter_name,109.48,month,devwork
2023-07-24,0e19b9a5-61e0-44d8-aa58-aeb335c1731f,Burbank Residence,6511ed5a-0b7e-4bb6-9649-ad01012d4d68,Primo 12.5-1 208-240 (1),12.5,parsed_from_inverter_name,85.49,month,devwork
2023-07-25,0e19b9a5-61e0-44d8-aa58-aeb335c1731f,Burbank Residence,6511ed5a-0b7e-4bb6-9649-ad01012d4d68,Primo 12.5-1 208-240 (1),12.5,parsed_from_inverter_name,112.98,month,devwork
2023-07-26,0e19b9a5-61e0-44d8-aa58-aeb335c1731f,Burbank Residence,6511ed5a-0b7e-4bb6-9649-ad01012d4d68,Primo 12.5-1 208-240 (1),12.5,parsed_from_inverter_name,113.96,month,devwork
2023-07-27,0e19b9a5-61e0-44d8-aa58-aeb335c1731f,Burbank Residence,6511ed5a-0b7e-4bb6-9649-ad01012d4d68,Primo 12.5-1 208-240 (1),12.5,parsed_from_inverter_name,100.26,month,devwork
2023-07-28,0e19b9a5-61e0-44d8-aa58-aeb335c1731f,Burbank Residence,6511ed5a-0b7e-4bb6-9649-ad01012d4d68,Primo 12.5-1 208-240 (1),12.5,parsed_from_inverter_name,42.51,month,devwork
2023-07-29,0e19b9a5-61e0-44d8-aa58-aeb335c1731f,Burbank Residence,6511ed5a-0b7e-4bb6-9649-ad01012d4d68,Primo 12.5-1 208-240 (1),12.5,parsed_from_inverter_name,92.23,month,devwork
2023-07-30,0e19b9a5-61e0-44d8-aa58-aeb335c1731f,Burbank Residence,6511ed5a-0b7e-4bb6-9649-ad01012d4d68,Primo 12.5-1 208-240 (1),12.5,parsed_from_inverter_name,83.74,month,devwork
2023-07-31,0e19b9a5-61e0-44d8-aa58-aeb335c1731f,Burbank Residence,6511ed5a-0b7e-4bb6-9649-ad01012d4d68,Primo 12.5-1 208-240 (1),12.5,parsed_from_inverter_name,111.43,month,devwork
2023-08-01,0e19b9a5-61e0-44d8-aa58-aeb335c1731f,Burbank Residence,6511ed5a-0b7e-4bb6-9649-ad01012d4d68,Primo 12.5-1 208-240 (1),12.5,parsed_from_inverter_name,109.75,month,devwork
2023-08-02,0e19b9a5-61e0-44d8-aa58-aeb335c1731f,Burbank Residence,6511ed5a-0b7e-4bb6-9649-ad01012d4d68,Primo 12.5-1 208-240 (1),12.5,parsed_from_inverter_name,105.82,month,devwork
2023-08-03,0e19b9a5-61e0-44d8-aa58-aeb335c1731f,Burbank Residence,6511ed5a-0b7e-4bb6-9649-ad01012d4d68,Primo 12.5-1 208-240 (1),12.5,parsed_from_inverter_name,104.05,month,devwork
2023-08-04,0e19b9a5-61e0-44d8-aa58-aeb335c1731f,Burbank Residence,6511ed5a-0b7e-4bb6-9649-ad01012d4d68,Primo 12.5-1 208-240 (1),12.5,parsed_from_inverter_name,89.93,month,devwork
2023-08-05,0e19b9a5-61e0-44d8-aa58-aeb335c1731f,Burbank Residence,6511ed5a-0b7e-4bb6-9649-ad01012d4d68,Primo 12.5-1 208-240 (1),12.5,parsed_from_inverter_name,72.08,month,devwork
2023-08-06,0e19b9a5-61e0-44d8-aa58-aeb335c1731f,Burbank Residence,6511ed5a-0b7e-4bb6-9649-ad01012d4d68,Primo 12.5-1 208-240 (1),12.5,parsed_from_inverter_name,96.01,month,devwork
2023-08-07,0e19b9a5-61e0-44d8-aa58-aeb335c1731f,Burbank Residence,6511ed5a-0b7e-4bb6-9649-ad01012d4d68,Primo 12.5-1 208-240 (1),12.5,parsed_from_inverter_name,96.86,month,devwork
2023-08-08,0e19b9a5-61e0-44d8-aa58-aeb335c1731f,Burbank Residence,6511ed5a-0b7e-4bb6-9649-ad01012d4d68,Primo 12.5-1 208-240 (1),12.5,parsed_from_inverter_name,88.91,month,devwork
2023-08-09,0e19b9a5-61e0-44d8-aa58-aeb335c1731f,Burbank Residence,6511ed5a-0b7e-4bb6-9649-ad01012d4d68,Primo 12.5-1 208-240 (1),12.5,parsed_from_inverter_name,46.99,month,devwork
2023-08-10,0e19b9a5-61e0-44d8-aa58-aeb335c1731f,Burbank Residence,6511ed5a-0b7e-4bb6-9649-ad01012d4d68,Primo 12.5-1 208-240 (1),12.5,parsed_from_inverter_name,85.14,month,devwork
2023-08-11,0e19b9a5-61e0-44d8-aa58-aeb335c1731f,Burbank Residence,6511ed5a-0b7e-4bb6-9649-ad01012d4d68,Primo 12.5-1 208-240 (1),12.5,parsed_from_inverter_name,106.17,month,devwork
2023-08-12,0e19b9a5-61e0-44d8-aa58-aeb335c1731f,Burbank Residence,6511ed5a-0b7e-4bb6-9649-ad01012d4d68,Primo 12.5-1 208-240 (1),12.5,parsed_from_inverter_name,60.81,month,devwork
2023-08-13,0e19b9a5-61e0-44d8-aa58-aeb335c1731f,Burbank Residence,6511ed5a-0b7e-4bb6-9649-ad01012d4d68,Primo 12.5-1 208-240 (1),12.5,parsed_from_inverter_name,102.48,month,devwork
2023-08-14,0e19b9a5-61e0-44d8-aa58-aeb335c1731f,Burbank Residence,6511ed5a-0b7e-4bb6-9649-ad01012d4d68,Primo 12.5-1 208-240 (1),12.5,parsed_from_inverter_name,100.6,month,devwork
2023-08-15,0e19b9a5-61e0-44d8-aa58-aeb335c1731f,Burbank Residence,6511ed5a-0b7e-4bb6-9649-ad01012d4d68,Primo 12.5-1 208-240 (1),12.5,parsed_from_inverter_name,98.14,month,devwork
2023-08-16,0e19b9a5-61e0-44d8-aa58-aeb335c1731f,Burbank Residence,6511ed5a-0b7e-4bb6-9649-ad01012d4d68,Primo 12.5-1 208-240 (1),12.5,parsed_from_inverter_name,87.61,month,devwork
2023-08-17,0e19b9a5-61e0-44d8-aa58-aeb335c1731f,Burbank Residence,6511ed5a-0b7e-4bb6-9649-ad01012d4d68,Primo 12.5-1 208-240 (1),12.5,parsed_from_inverter_name,80.83,month,devwork
2023-08-18,0e19b9a5-61e0-44d8-aa58-aeb335c1731f,Burbank Residence,6511ed5a-0b7e-4bb6-9649-ad01012d4d68,Primo 12.5-1 208-240 (1),12.5,parsed_from_inverter_name,66.3,month,devwork
2023-08-19,0e19b9a5-61e0-44d8-aa58-aeb335c1731f,Burbank Residence,6511ed5a-0b7e-4bb6-9649-ad01012d4d68,Primo 12.5-1 208-240 (1),12.5,parsed_from_inverter_name,62.0,month,devwork
2023-08-20,0e19b9a5-61e0-44d8-aa58-aeb335c1731f,Burbank Residence,6511ed5a-0b7e-4bb6-9649-ad01012d4d68,Primo 12.5-1 208-240 (1),12.5,parsed_from_inverter_name,66.26,month,devwork
2023-08-21,0e19b9a5-61e0-44d8-aa58-aeb335c1731f,Burbank Residence,6511ed5a-0b7e-4bb6-9649-ad01012d4d68,Primo 12.5-1 208-240 (1),12.5,parsed_from_inverter_name,25.78,month,devwork
2023-08-22,0e19b9a5-61e0-44d8-aa58-aeb335c1731f,Burbank Residence,6511ed5a-0b7e-4bb6-9649-ad01012d4d68,Primo 12.5-1 208-240 (1),12.5,parsed_from_inverter_name,52.74,month,devwork
2023-08-23,0e19b9a5-61e0-44d8-aa58-aeb335c1731f,Burbank Residence,6511ed5a-0b7e-4bb6-9649-ad01012d4d68,Primo 12.5-1 208-240 (1),12.5,parsed_from_inverter_name,94.79,month,devwork
2023-08-24,0e19b9a5-61e0-44d8-aa58-aeb335c1731f,Burbank Residence,6511ed5a-0b7e-4bb6-9649-ad01012d4d68,Primo 12.5-1 208-240 (1),12.5,parsed_from_inverter_name,84.52,month,devwork
2023-08-25,0e19b9a5-61e0-44d8-aa58-aeb335c1731f,Burbank Residence,6511ed5a-0b7e-4bb6-9649-ad01012d4d68,Primo 12.5-1 208-240 (1),12.5,parsed_from_inverter_name,78.65,month,devwork
2023-08-26,0e19b9a5-61e0-44d8-aa58-aeb335c1731f,Burbank Residence,6511ed5a-0b7e-4bb6-9649-ad01012d4d68,Primo 12.5-1 208-240 (1),12.5,parsed_from_inverter_name,95.52,month,devwork
2023-08-27,0e19b9a5-61e0-44d8-aa58-aeb335c1731f,Burbank Residence,6511ed5a-0b7e-4bb6-9649-ad01012d4d68,Primo 12.5-1 208-240 (1),12.5,parsed_from_inverter_name,91.35,month,devwork
2023-08-28,0e19b9a5-61e0-44d8-aa58-aeb335c1731f,Burbank Residence,6511ed5a-0b7e-4bb6-9649-ad01012d4d68,Primo 12.5-1 208-240 (1),12.5,parsed_from_inverter_name,92.43,month,devwork
2023-08-29,0e19b9a5-61e0-44d8-aa58-aeb335c1731f,Burbank Residence,6511ed5a-0b7e-4bb6-9649-ad01012d4d68,Primo 12.5-1 208-240 (1),12.5,parsed_from_inverter_name,92.18,month,devwork
2023-08-30,0e19b9a5-61e0-44d8-aa58-aeb335c1731f,Burbank Residence,6511ed5a-0b7e-4bb6-9649-ad01012d4d68,Primo 12.5-1 208-240 (1),12.5,parsed_from_inverter_name,28.35,month,devwork
2023-08-31,0e19b9a5-61e0-44d8-aa58-aeb335c1731f,Burbank Residence,6511ed5a-0b7e-4bb6-9649-ad01012d4d68,Primo 12.5-1 208-240 (1),12.5,parsed_from_inverter_name,37.05,month,devwork
2023-09-01,0e19b9a5-61e0-44d8-aa58-aeb335c1731f,Burbank Residence,6511ed5a-0b7e-4bb6-9649-ad01012d4d68,Primo 12.5-1 208-240 (1),12.5,parsed_from_inverter_name,77.11,month,devwork
2023-09-02,0e19b9a5-61e0-44d8-aa58-aeb335c1731f,Burbank Residence,6511ed5a-0b7e-4bb6-9649-ad01012d4d68,Primo 12.5-1 208-240 (1),12.5,parsed_from_inverter_name,94.81,month,devwork
2023-09-03,0e19b9a5-61e0-44d8-aa58-aeb335c1731f,Burbank Residence,6511ed5a-0b7e-4bb6-9649-ad01012d4d68,Primo 12.5-1 208-240 (1),12.5,parsed_from_inverter_name,63.68,month,devwork
2023-09-04,0e19b9a5-61e0-44d8-aa58-aeb335c1731f,Burbank Residence,6511ed5a-0b7e-4bb6-9649-ad01012d4d68,Primo 12.5-1 208-240 (1),12.5,parsed_from_inverter_name,26.6,month,devwork
2023-09-05,0e19b9a5-61e0-44d8-aa58-aeb335c1731f,Burbank Residence,6511ed5a-0b7e-4bb6-9649-ad01012d4d68,Primo 12.5-1 208-240 (1),12.5,parsed_from_inverter_name,75.81,month,devwork
2023-09-06,0e19b9a5-61e0-44d8-aa58-aeb335c1731f,Burbank Residence,6511ed5a-0b7e-4bb6-9649-ad01012d4d68,Primo 12.5-1 208-240 (1),12.5,parsed_from_inverter_name,71.58,month,devwork
2023-09-07,0e19b9a5-61e0-44d8-aa58-aeb335c1731f,Burbank Residence,6511ed5a-0b7e-4bb6-9649-ad01012d4d68,Primo 12.5-1 208-240 (1),12.5,parsed_from_inverter_name,88.61,month,devwork
2023-09-08,0e19b9a5-61e0-44d8-aa58-aeb335c1731f,Burbank Residence,6511ed5a-0b7e-4bb6-9649-ad01012d4d68,Primo 12.5-1 208-240 (1),12.5,parsed_from_inverter_name,49.84,month,devwork
2023-09-09,0e19b9a5-61e0-44d8-aa58-aeb335c1731f,Burbank Residence,6511ed5a-0b7e-4bb6-9649-ad01012d4d68,Primo 12.5-1 208-240 (1),12.5,parsed_from_inverter_name,88.75,month,devwork
2023-09-10,0e19b9a5-61e0-44d8-aa58-aeb335c1731f,Burbank Residence,6511ed5a-0b7e-4bb6-9649-ad01012d4d68,Primo 12.5-1 208-240 (1),12.5,parsed_from_inverter_name,85.87,month,devwork
2023-09-11,0e19b9a5-61e0-44d8-aa58-aeb335c1731f,Burbank Residence,6511ed5a-0b7e-4bb6-9649-ad01012d4d68,Primo 12.5-1 208-240 (1),12.5,parsed_from_inverter_name,84.51,month,devwork
2023-09-12,0e19b9a5-61e0-44d8-aa58-aeb335c1731f,Burbank Residence,6511ed5a-0b7e-4bb6-9649-ad01012d4d68,Primo 12.5-1 208-240 (1),12.5,parsed_from_inverter_name,62.78,month,devwork
2023-09-13,0e19b9a5-61e0-44d8-aa58-aeb335c1731f,Burbank Residence,6511ed5a-0b7e-4bb6-9649-ad01012d4d68,Primo 12.5-1 208-240 (1),12.5,parsed_from_inverter_name,63.85,month,devwork
2023-09-14,0e19b9a5-61e0-44d8-aa58-aeb335c1731f,Burbank Residence,6511ed5a-0b7e-4bb6-9649-ad01012d4d68,Primo 12.5-1 208-240 (1),12.5,parsed_from_inverter_name,81.93,month,devwork
2023-09-15,0e19b9a5-61e0-44d8-aa58-aeb335c1731f,Burbank Residence,6511ed5a-0b7e-4bb6-9649-ad01012d4d68,Primo 12.5-1 208-240 (1),12.5,parsed_from_inverter_name,85.72,month,devwork
2023-09-16,0e19b9a5-61e0-44d8-aa58-aeb335c1731f,Burbank Residence,6511ed5a-0b7e-4bb6-9649-ad01012d4d68,Primo 12.5-1 208-240 (1),12.5,parsed_from_inverter_name,85.93,month,devwork
2023-09-17,0e19b9a5-61e0-44d8-aa58-aeb335c1731f,Burbank Residence,6511ed5a-0b7e-4bb6-9649-ad01012d4d68,Primo 12.5-1 208-240 (1),12.5,parsed_from_inverter_name,64.77,month,devwork
2023-09-18,0e19b9a5-61e0-44d8-aa58-aeb335c1731f,Burbank Residence,6511ed5a-0b7e-4bb6-9649-ad01012d4d68,Primo 12.5-1 208-240 (1),12.5,parsed_from_inverter_name,38.36,month,devwork
2023-09-19,0e19b9a5-61e0-44d8-aa58-aeb335c1731f,Burbank Residence,6511ed5a-0b7e-4bb6-9649-ad01012d4d68,Primo 12.5-1 208-240 (1),12.5,parsed_from_inverter_name,48.19,month,devwork
2023-09-20,0e19b9a5-61e0-44d8-aa58-aeb335c1731f,Burbank Residence,6511ed5a-0b7e-4bb6-9649-ad01012d4d68,Primo 12.5-1 208-240 (1),12.5,parsed_from_inverter_name,47.91,month,devwork
2023-09-21,0e19b9a5-61e0-44d8-aa58-aeb335c1731f,Burbank Residence,6511ed5a-0b7e-4bb6-9649-ad01012d4d68,Primo 12.5-1 208-240 (1),12.5,parsed_from_inverter_name,70.75,month,devwork
2023-09-22,0e19b9a5-61e0-44d8-aa58-aeb335c1731f,Burbank Residence,6511ed5a-0b7e-4bb6-9649-ad01012d4d68,Primo 12.5-1 208-240 (1),12.5,parsed_from_inverter_name,12.43,month,devwork
2023-09-23,0e19b9a5-61e0-44d8-aa58-aeb335c1731f,Burbank Residence,6511ed5a-0b7e-4bb6-9649-ad01012d4d68,Primo 12.5-1 208-240 (1),12.5,parsed_from_inverter_name,56.67,month,devwork
2023-09-24,0e19b9a5-61e0-44d8-aa58-aeb335c1731f,Burbank Residence,6511ed5a-0b7e-4bb6-9649-ad01012d4d68,Primo 12.5-1 208-240 (1),12.5,parsed_from_inverter_name,54.23,month,devwork
2023-09-25,0e19b9a5-61e0-44d8-aa58-aeb335c1731f,Burbank Residence,6511ed5a-0b7e-4bb6-9649-ad01012d4d68,Primo 12.5-1 208-240 (1),12.5,parsed_from_inverter_name,49.22,month,devwork
2023-09-26,0e19b9a5-61e0-44d8-aa58-aeb335c1731f,Burbank Residence,6511ed5a-0b7e-4bb6-9649-ad01012d4d68,Primo 12.5-1 208-240 (1),12.5,parsed_from_inverter_name,59.52,month,devwork
2023-09-27,0e19b9a5-61e0-44d8-aa58-aeb335c1731f,Burbank Residence,6511ed5a-0b7e-4bb6-9649-ad01012d4d68,Primo 12.5-1 208-240 (1),12.5,parsed_from_inverter_name,44.77,month,devwork
2023-09-28,0e19b9a5-61e0-44d8-aa58-aeb335c1731f,Burbank Residence,6511ed5a-0b7e-4bb6-9649-ad01012d4d68,Primo 12.5-1 208-240 (1),12.5,parsed_from_inverter_name,76.26,month,devwork
2023-09-29,0e19b9a5-61e0-44d8-aa58-aeb335c1731f,Burbank Residence,6511ed5a-0b7e-4bb6-9649-ad01012d4d68,Primo 12.5-1 208-240 (1),12.5,parsed_from_inverter_name,58.09,month,devwork
2023-09-30,0e19b9a5-61e0-44d8-aa58-aeb335c1731f,Burbank Residence,6511ed5a-0b7e-4bb6-9649-ad01012d4d68,Primo 12.5-1 208-240 (1),12.5,parsed_from_inverter_name,13.5,month,devwork
2023-10-01,0e19b9a5-61e0-44d8-aa58-aeb335c1731f,Burbank Residence,6511ed5a-0b7e-4bb6-9649-ad01012d4d68,Primo 12.5-1 208-240 (1),12.5,parsed_from_inverter_name,16.8,month,devwork
2023-10-02,0e19b9a5-61e0-44d8-aa58-aeb335c1731f,Burbank Residence,6511ed5a-0b7e-4bb6-9649-ad01012d4d68,Primo 12.5-1 208-240 (1),12.5,parsed_from_inverter_name,44.08,month,devwork
2023-10-03,0e19b9a5-61e0-44d8-aa58-aeb335c1731f,Burbank Residence,6511ed5a-0b7e-4bb6-9649-ad01012d4d68,Primo 12.5-1 208-240 (1),12.5,parsed_from_inverter_name,53.7,month,devwork
2023-10-04,0e19b9a5-61e0-44d8-aa58-aeb335c1731f,Burbank Residence,6511ed5a-0b7e-4bb6-9649-ad01012d4d68,Primo 12.5-1 208-240 (1),12.5,parsed_from_inverter_name,54.97,month,devwork
2023-10-05,0e19b9a5-61e0-44d8-aa58-aeb335c1731f,Burbank Residence,6511ed5a-0b7e-4bb6-9649-ad01012d4d68,Primo 12.5-1 208-240 (1),12.5,parsed_from_inverter_name,33.5,month,devwork
2023-10-06,0e19b9a5-61e0-44d8-aa58-aeb335c1731f,Burbank Residence,6511ed5a-0b7e-4bb6-9649-ad01012d4d68,Primo 12.5-1 208-240 (1),12.5,parsed_from_inverter_name,68.98,month,devwork
2023-10-07,0e19b9a5-61e0-44d8-aa58-aeb335c1731f,Burbank Residence,6511ed5a-0b7e-4bb6-9649-ad01012d4d68,Primo 12.5-1 208-240 (1),12.5,parsed_from_inverter_name,66.74,month,devwork
2023-10-08,0e19b9a5-61e0-44d8-aa58-aeb335c1731f,Burbank Residence,6511ed5a-0b7e-4bb6-9649-ad01012d4d68,Primo 12.5-1 208-240 (1),12.5,parsed_from_inverter_name,67.25,month,devwork
2023-10-09,0e19b9a5-61e0-44d8-aa58-aeb335c1731f,Burbank Residence,6511ed5a-0b7e-4bb6-9649-ad01012d4d68,Primo 12.5-1 208-240 (1),12.5,parsed_from_inverter_name,65.75,month,devwork
2023-10-10,0e19b9a5-61e0-44d8-aa58-aeb335c1731f,Burbank Residence,6511ed5a-0b7e-4bb6-9649-ad01012d4d68,Primo 12.5-1 208-240 (1),12.5,parsed_from_inverter_name,29.3,month,devwork
2023-10-11,0e19b9a5-61e0-44d8-aa58-aeb335c1731f,Burbank Residence,6511ed5a-0b7e-4bb6-9649-ad01012d4d68,Primo 12.5-1 208-240 (1),12.5,parsed_from_inverter_name,28.83,month,devwork
2023-10-12,0e19b9a5-61e0-44d8-aa58-aeb335c1731f,Burbank Residence,6511ed5a-0b7e-4bb6-9649-ad01012d4d68,Primo 12.5-1 208-240 (1),12.5,parsed_from_inverter_name,2.44,month,devwork
2023-10-13,0e19b9a5-61e0-44d8-aa58-aeb335c1731f,Burbank Residence,6511ed5a-0b7e-4bb6-9649-ad01012d4d68,Primo 12.5-1 208-240 (1),12.5,parsed_from_inverter_name,16.56,month,devwork
2023-10-14,0e19b9a5-61e0-44d8-aa58-aeb335c1731f,Burbank Residence,6511ed5a-0b7e-4bb6-9649-ad01012d4d68,Primo 12.5-1 208-240 (1),12.5,parsed_from_inverter_name,54.91,month,devwork
2023-10-15,0e19b9a5-61e0-44d8-aa58-aeb335c1731f,Burbank Residence,6511ed5a-0b7e-4bb6-9649-ad01012d4d68,Primo 12.5-1 208-240 (1),12.5,parsed_from_inverter_name,56.17,month,devwork
2023-10-16,0e19b9a5-61e0-44d8-aa58-aeb335c1731f,Burbank Residence,6511ed5a-0b7e-4bb6-9649-ad01012d4d68,Primo 12.5-1 208-240 (1),12.5,parsed_from_inverter_name,33.21,month,devwork
2023-10-17,0e19b9a5-61e0-44d8-aa58-aeb335c1731f,Burbank Residence,6511ed5a-0b7e-4bb6-9649-ad01012d4d68,Primo 12.5-1 208-240 (1),12.5,parsed_from_inverter_name,34.95,month,devwork
2023-10-18,0e19b9a5-61e0-44d8-aa58-aeb335c1731f,Burbank Residence,6511ed5a-0b7e-4bb6-9649-ad01012d4d68,Primo 12.5-1 208-240 (1),12.5,parsed_from_inverter_name,14.72,month,devwork
2023-10-19,0e19b9a5-61e0-44d8-aa58-aeb335c1731f,Burbank Residence,6511ed5a-0b7e-4bb6-9649-ad01012d4d68,Primo 12.5-1 208-240 (1),12.5,parsed_from_inverter_name,57.65,month,devwork
2023-10-20,0e19b9a5-61e0-44d8-aa58-aeb335c1731f,Burbank Residence,6511ed5a-0b7e-4bb6-9649-ad01012d4d68,Primo 12.5-1 208-240 (1),12.5,parsed_from_inverter_name,34.01,month,devwork
2023-10-21,0e19b9a5-61e0-44d8-aa58-aeb335c1731f,Burbank Residence,6511ed5a-0b7e-4bb6-9649-ad01012d4d68,Primo 12.5-1 208-240 (1),12.5,parsed_from_inverter_name,13.79,month,devwork
2023-10-22,0e19b9a5-61e0-44d8-aa58-aeb335c1731f,Burbank Residence,6511ed5a-0b7e-4bb6-9649-ad01012d4d68,Primo 12.5-1 208-240 (1),12.5,parsed_from_inverter_name,9.22,month,devwork
2023-10-23,0e19b9a5-61e0-44d8-aa58-aeb335c1731f,Burbank Residence,6511ed5a-0b7e-4bb6-9649-ad01012d4d68,Primo 12.5-1 208-240 (1),12.5,parsed_from_inverter_name,4.59,month,devwork
2023-10-24,0e19b9a5-61e0-44d8-aa58-aeb335c1731f,Burbank Residence,6511ed5a-0b7e-4bb6-9649-ad01012d4d68,Primo 12.5-1 208-240 (1),12.5,parsed_from_inverter_name,2.09,month,devwork
2023-10-25,0e19b9a5-61e0-44d8-aa58-aeb335c1731f,Burbank Residence,6511ed5a-0b7e-4bb6-9649-ad01012d4d68,Primo 12.5-1 208-240 (1),12.5,parsed_from_inverter_name,0.53,month,devwork
2023-10-26,0e19b9a5-61e0-44d8-aa58-aeb335c1731f,Burbank Residence,6511ed5a-0b7e-4bb6-9649-ad01012d4d68,Primo 12.5-1 208-240 (1),12.5,parsed_from_inverter_name,0.52,month,devwork
2023-10-27,0e19b9a5-61e0-44d8-aa58-aeb335c1731f,Burbank Residence,6511ed5a-0b7e-4bb6-9649-ad01012d4d68,Primo 12.5-1 208-240 (1),12.5,parsed_from_inverter_name,0.69,month,devwork
2023-10-28,0e19b9a5-61e0-44d8-aa58-aeb335c1731f,Burbank Residence,6511ed5a-0b7e-4bb6-9649-ad01012d4d68,Primo 12.5-1 208-240 (1),12.5,parsed_from_inverter_name,0.21,month,devwork
2023-10-29,0e19b9a5-61e0-44d8-aa58-aeb335c1731f,Burbank Residence,6511ed5a-0b7e-4bb6-9649-ad01012d4d68,Primo 12.5-1 208-240 (1),12.5,parsed_from_inverter_name,0.75,month,devwork
2023-10-30,0e19b9a5-61e0-44d8-aa58-aeb335c1731f,Burbank Residence,6511ed5a-0b7e-4bb6-9649-ad01012d4d68,Primo 12.5-1 208-240 (1),12.5,parsed_from_inverter_name,1.47,month,devwork
2023-10-31,0e19b9a5-61e0-44d8-aa58-aeb335c1731f,Burbank Residence,6511ed5a-0b7e-4bb6-9649-ad01012d4d68,Primo 12.5-1 208-240 (1),12.5,parsed_from_inverter_name,15.56,month,devwork
2023-11-01,0e19b9a5-61e0-44d8-aa58-aeb335c1731f,Burbank Residence,6511ed5a-0b7e-4bb6-9649-ad01012d4d68,Primo 12.5-1 208-240 (1),12.5,parsed_from_inverter_name,36.73,month,devwork
2023-11-02,0e19b9a5-61e0-44d8-aa58-aeb335c1731f,Burbank Residence,6511ed5a-0b7e-4bb6-9649-ad01012d4d68,Primo 12.5-1 208-240 (1),12.5,parsed_from_inverter_name,8.42,month,devwork
2023-11-03,0e19b9a5-61e0-44d8-aa58-aeb335c1731f,Burbank Residence,6511ed5a-0b7e-4bb6-9649-ad01012d4d68,Primo 12.5-1 208-240 (1),12.5,parsed_from_inverter_name,41.93,month,devwork
2023-11-04,0e19b9a5-61e0-44d8-aa58-aeb335c1731f,Burbank Residence,6511ed5a-0b7e-4bb6-9649-ad01012d4d68,Primo 12.5-1 208-240 (1),12.5,parsed_from_inverter_name,17.34,month,devwork
2023-11-05,0e19b9a5-61e0-44d8-aa58-aeb335c1731f,Burbank Residence,6511ed5a-0b7e-4bb6-9649-ad01012d4d68,Primo 12.5-1 208-240 (1),12.5,parsed_from_inverter_name,38.36,month,devwork
2023-11-06,0e19b9a5-61e0-44d8-aa58-aeb335c1731f,Burbank Residence,6511ed5a-0b7e-4bb6-9649-ad01012d4d68,Primo 12.5-1 208-240 (1),12.5,parsed_from_inverter_name,27.57,month,devwork
2023-11-07,0e19b9a5-61e0-44d8-aa58-aeb335c1731f,Burbank Residence,6511ed5a-0b7e-4bb6-9649-ad01012d4d68,Primo 12.5-1 208-240 (1),12.5,parsed_from_inverter_name,22.8,month,devwork
2023-11-08,0e19b9a5-61e0-44d8-aa58-aeb335c1731f,Burbank Residence,6511ed5a-0b7e-4bb6-9649-ad01012d4d68,Primo 12.5-1 208-240 (1),12.5,parsed_from_inverter_name,43.82,month,devwork
2023-11-09,0e19b9a5-61e0-44d8-aa58-aeb335c1731f,Burbank Residence,6511ed5a-0b7e-4bb6-9649-ad01012d4d68,Primo 12.5-1 208-240 (1),12.5,parsed_from_inverter_name,37.6,month,devwork
2023-11-10,0e19b9a5-61e0-44d8-aa58-aeb335c1731f,Burbank Residence,6511ed5a-0b7e-4bb6-9649-ad01012d4d68,Primo 12.5-1 208-240 (1),12.5,parsed_from_inverter_name,41.5,month,devwork
2023-11-11,0e19b9a5-61e0-44d8-aa58-aeb335c1731f,Burbank Residence,6511ed5a-0b7e-4bb6-9649-ad01012d4d68,Primo 12.5-1 208-240 (1),12.5,parsed_from_inverter_name,35.54,month,devwork
2023-11-12,0e19b9a5-61e0-44d8-aa58-aeb335c1731f,Burbank Residence,6511ed5a-0b7e-4bb6-9649-ad01012d4d68,Primo 12.5-1 208-240 (1),12.5,parsed_from_inverter_name,34.88,month,devwork
2023-11-13,0e19b9a5-61e0-44d8-aa58-aeb335c1731f,Burbank Residence,6511ed5a-0b7e-4bb6-9649-ad01012d4d68,Primo 12.5-1 208-240 (1),12.5,parsed_from_inverter_name,37.57,month,devwork
2023-11-14,0e19b9a5-61e0-44d8-aa58-aeb335c1731f,Burbank Residence,6511ed5a-0b7e-4bb6-9649-ad01012d4d68,Primo 12.5-1 208-240 (1),12.5,parsed_from_inverter_name,36.05,month,devwork
2023-11-15,0e19b9a5-61e0-44d8-aa58-aeb335c1731f,Burbank Residence,6511ed5a-0b7e-4bb6-9649-ad01012d4d68,Primo 12.5-1 208-240 (1),12.5,parsed_from_inverter_name,11.41,month,devwork
2023-11-16,0e19b9a5-61e0-44d8-aa58-aeb335c1731f,Burbank Residence,6511ed5a-0b7e-4bb6-9649-ad01012d4d68,Primo 12.5-1 208-240 (1),12.5,parsed_from_inverter_name,37.64,month,devwork
2023-11-17,0e19b9a5-61e0-44d8-aa58-aeb335c1731f,Burbank Residence,6511ed5a-0b7e-4bb6-9649-ad01012d4d68,Primo 12.5-1 208-240 (1),12.5,parsed_from_inverter_name,36.04,month,devwork
2023-11-18,0e19b9a5-61e0-44d8-aa58-aeb335c1731f,Burbank Residence,6511ed5a-0b7e-4bb6-9649-ad01012d4d68,Primo 12.5-1 208-240 (1),12.5,parsed_from_inverter_name,32.14,month,devwork
2023-11-19,0e19b9a5-61e0-44d8-aa58-aeb335c1731f,Burbank Residence,6511ed5a-0b7e-4bb6-9649-ad01012d4d68,Primo 12.5-1 208-240 (1),12.5,parsed_from_inverter_name,22.42,month,devwork
2023-11-20,0e19b9a5-61e0-44d8-aa58-aeb335c1731f,Burbank Residence,6511ed5a-0b7e-4bb6-9649-ad01012d4d68,Primo 12.5-1 208-240 (1),12.5,parsed_from_inverter_name,30.77,month,devwork
2023-11-21,0e19b9a5-61e0-44d8-aa58-aeb335c1731f,Burbank Residence,6511ed5a-0b7e-4bb6-9649-ad01012d4d68,Primo 12.5-1 208-240 (1),12.5,parsed_from_inverter_name,10.54,month,devwork
2023-11-22,0e19b9a5-61e0-44d8-aa58-aeb335c1731f,Burbank Residence,6511ed5a-0b7e-4bb6-9649-ad01012d4d68,Primo 12.5-1 208-240 (1),12.5,parsed_from_inverter_name,28.56,month,devwork
2023-11-23,0e19b9a5-61e0-44d8-aa58-aeb335c1731f,Burbank Residence,6511ed5a-0b7e-4bb6-9649-ad01012d4d68,Primo 12.5-1 208-240 (1),12.5,parsed_from_inverter_name,6.14,month,devwork
2023-11-24,0e19b9a5-61e0-44d8-aa58-aeb335c1731f,Burbank Residence,6511ed5a-0b7e-4bb6-9649-ad01012d4d68,Primo 12.5-1 208-240 (1),12.5,parsed_from_inverter_name,32.7,month,devwork
2023-11-25,0e19b9a5-61e0-44d8-aa58-aeb335c1731f,Burbank Residence,6511ed5a-0b7e-4bb6-9649-ad01012d4d68,Primo 12.5-1 208-240 (1),12.5,parsed_from_inverter_name,29.62,month,devwork
2023-11-26,0e19b9a5-61e0-44d8-aa58-aeb335c1731f,Burbank Residence,6511ed5a-0b7e-4bb6-9649-ad01012d4d68,Primo 12.5-1 208-240 (1),12.5,parsed_from_inverter_name,30.0,month,devwork
2023-11-27,0e19b9a5-61e0-44d8-aa58-aeb335c1731f,Burbank Residence,6511ed5a-0b7e-4bb6-9649-ad01012d4d68,Primo 12.5-1 208-240 (1),12.5,parsed_from_inverter_name,12.74,month,devwork
2023-11-28,0e19b9a5-61e0-44d8-aa58-aeb335c1731f,Burbank Residence,6511ed5a-0b7e-4bb6-9649-ad01012d4d68,Primo 12.5-1 208-240 (1),12.5,parsed_from_inverter_name,30.67,month,devwork
2023-11-29,0e19b9a5-61e0-44d8-aa58-aeb335c1731f,Burbank Residence,6511ed5a-0b7e-4bb6-9649-ad01012d4d68,Primo 12.5-1 208-240 (1),12.5,parsed_from_inverter_name,28.66,month,devwork
2023-11-30,0e19b9a5-61e0-44d8-aa58-aeb335c1731f,Burbank Residence,6511ed5a-0b7e-4bb6-9649-ad01012d4d68,Primo 12.5-1 208-240 (1),12.5,parsed_from_inverter_name,21.88,month,devwork
2023-12-01,0e19b9a5-61e0-44d8-aa58-aeb335c1731f,Burbank Residence,6511ed5a-0b7e-4bb6-9649-ad01012d4d68,Primo 12.5-1 208-240 (1),12.5,parsed_from_inverter_name,16.91,month,devwork
2023-12-02,0e19b9a5-61e0-44d8-aa58-aeb335c1731f,Burbank Residence,6511ed5a-0b7e-4bb6-9649-ad01012d4d68,Primo 12.5-1 208-240 (1),12.5,parsed_from_inverter_name,16.43,month,devwork
2023-12-03,0e19b9a5-61e0-44d8-aa58-aeb335c1731f,Burbank Residence,6511ed5a-0b7e-4bb6-9649-ad01012d4d68,Primo 12.5-1 208-240 (1),12.5,parsed_from_inverter_name,15.92,month,devwork
2023-12-04,0e19b9a5-61e0-44d8-aa58-aeb335c1731f,Burbank Residence,6511ed5a-0b7e-4bb6-9649-ad01012d4d68,Primo 12.5-1 208-240 (1),12.5,parsed_from_inverter_name,18.95,month,devwork
2023-12-05,0e19b9a5-61e0-44d8-aa58-aeb335c1731f,Burbank Residence,6511ed5a-0b7e-4bb6-9649-ad01012d4d68,Primo 12.5-1 208-240 (1),12.5,parsed_from_inverter_name,15.77,month,devwork
2023-12-06,0e19b9a5-61e0-44d8-aa58-aeb335c1731f,Burbank Residence,6511ed5a-0b7e-4bb6-9649-ad01012d4d68,Primo 12.5-1 208-240 (1),12.5,parsed_from_inverter_name,15.29,month,devwork
2023-12-07,0e19b9a5-61e0-44d8-aa58-aeb335c1731f,Burbank Residence,6511ed5a-0b7e-4bb6-9649-ad01012d4d68,Primo 12.5-1 208-240 (1),12.5,parsed_from_inverter_name,1.49,month,devwork
2023-12-08,0e19b9a5-61e0-44d8-aa58-aeb335c1731f,Burbank Residence,6511ed5a-0b7e-4bb6-9649-ad01012d4d68,Primo 12.5-1 208-240 (1),12.5,parsed_from_inverter_name,0.4,month,devwork
2023-12-09,0e19b9a5-61e0-44d8-aa58-aeb335c1731f,Burbank Residence,6511ed5a-0b7e-4bb6-9649-ad01012d4d68,Primo 12.5-1 208-240 (1),12.5,parsed_from_inverter_name,2.02,month,devwork
2023-12-10,0e19b9a5-61e0-44d8-aa58-aeb335c1731f,Burbank Residence,6511ed5a-0b7e-4bb6-9649-ad01012d4d68,Primo 12.5-1 208-240 (1),12.5,parsed_from_inverter_name,24.1,month,devwork
2023-12-11,0e19b9a5-61e0-44d8-aa58-aeb335c1731f,Burbank Residence,6511ed5a-0b7e-4bb6-9649-ad01012d4d68,Primo 12.5-1 208-240 (1),12.5,parsed_from_inverter_name,9.13,month,devwork
2023-12-12,0e19b9a5-61e0-44d8-aa58-aeb335c1731f,Burbank Residence,6511ed5a-0b7e-4bb6-9649-ad01012d4d68,Primo 12.5-1 208-240 (1),12.5,parsed_from_inverter_name,24.86,month,devwork
2023-12-13,0e19b9a5-61e0-44d8-aa58-aeb335c1731f,Burbank Residence,6511ed5a-0b7e-4bb6-9649-ad01012d4d68,Primo 12.5-1 208-240 (1),12.5,parsed_from_inverter_name,25.41,month,devwork
2023-12-14,0e19b9a5-61e0-44d8-aa58-aeb335c1731f,Burbank Residence,6511ed5a-0b7e-4bb6-9649-ad01012d4d68,Primo 12.5-1 208-240 (1),12.5,parsed_from_inverter_name,10.25,month,devwork
2023-12-15,0e19b9a5-61e0-44d8-aa58-aeb335c1731f,Burbank Residence,6511ed5a-0b7e-4bb6-9649-ad01012d4d68,Primo 12.5-1 208-240 (1),12.5,parsed_from_inverter_name,19.7,month,devwork
2023-12-16,0e19b9a5-61e0-44d8-aa58-aeb335c1731f,Burbank Residence,6511ed5a-0b7e-4bb6-9649-ad01012d4d68,Primo 12.5-1 208-240 (1),12.5,parsed_from_inverter_name,18.32,month,devwork
2023-12-17,0e19b9a5-61e0-44d8-aa58-aeb335c1731f,Burbank Residence,6511ed5a-0b7e-4bb6-9649-ad01012d4d68,Primo 12.5-1 208-240 (1),12.5,parsed_from_inverter_name,22.71,month,devwork
2023-12-18,0e19b9a5-61e0-44d8-aa58-aeb335c1731f,Burbank Residence,6511ed5a-0b7e-4bb6-9649-ad01012d4d68,Primo 12.5-1 208-240 (1),12.5,parsed_from_inverter_name,2.87,month,devwork
2023-12-19,0e19b9a5-61e0-44d8-aa58-aeb335c1731f,Burbank Residence,6511ed5a-0b7e-4bb6-9649-ad01012d4d68,Primo 12.5-1 208-240 (1),12.5,parsed_from_inverter_name,15.01,month,devwork
2023-12-20,0e19b9a5-61e0-44d8-aa58-aeb335c1731f,Burbank Residence,6511ed5a-0b7e-4bb6-9649-ad01012d4d68,Primo 12.5-1 208-240 (1),12.5,parsed_from_inverter_name,17.79,month,devwork
2023-12-21,0e19b9a5-61e0-44d8-aa58-aeb335c1731f,Burbank Residence,6511ed5a-0b7e-4bb6-9649-ad01012d4d68,Primo 12.5-1 208-240 (1),12.5,parsed_from_inverter_name,9.23,month,devwork
2023-12-22,0e19b9a5-61e0-44d8-aa58-aeb335c1731f,Burbank Residence,6511ed5a-0b7e-4bb6-9649-ad01012d4d68,Primo 12.5-1 208-240 (1),12.5,parsed_from_inverter_name,22.06,month,devwork
2023-12-23,0e19b9a5-61e0-44d8-aa58-aeb335c1731f,Burbank Residence,6511ed5a-0b7e-4bb6-9649-ad01012d4d68,Primo 12.5-1 208-240 (1),12.5,parsed_from_inverter_name,15.64,month,devwork
2023-12-24,0e19b9a5-61e0-44d8-aa58-aeb335c1731f,Burbank Residence,6511ed5a-0b7e-4bb6-9649-ad01012d4d68,Primo 12.5-1 208-240 (1),12.5,parsed_from_inverter_name,24.59,month,devwork
2023-12-25,0e19b9a5-61e0-44d8-aa58-aeb335c1731f,Burbank Residence,6511ed5a-0b7e-4bb6-9649-ad01012d4d68,Primo 12.5-1 208-240 (1),12.5,parsed_from_inverter_name,24.82,month,devwork
2023-12-26,0e19b9a5-61e0-44d8-aa58-aeb335c1731f,Burbank Residence,6511ed5a-0b7e-4bb6-9649-ad01012d4d68,Primo 12.5-1 208-240 (1),12.5,parsed_from_inverter_name,21.05,month,devwork
2023-12-27,0e19b9a5-61e0-44d8-aa58-aeb335c1731f,Burbank Residence,6511ed5a-0b7e-4bb6-9649-ad01012d4d68,Primo 12.5-1 208-240 (1),12.5,parsed_from_inverter_name,21.36,month,devwork
2023-12-28,0e19b9a5-61e0-44d8-aa58-aeb335c1731f,Burbank Residence,6511ed5a-0b7e-4bb6-9649-ad01012d4d68,Primo 12.5-1 208-240 (1),12.5,parsed_from_inverter_name,22.59,month,devwork
2023-12-29,0e19b9a5-61e0-44d8-aa58-aeb335c1731f,Burbank Residence,6511ed5a-0b7e-4bb6-9649-ad01012d4d68,Primo 12.5-1 208-240 (1),12.5,parsed_from_inverter_name,21.59,month,devwork
2023-12-30,0e19b9a5-61e0-44d8-aa58-aeb335c1731f,Burbank Residence,6511ed5a-0b7e-4bb6-9649-ad01012d4d68,Primo 12.5-1 208-240 (1),12.5,parsed_from_inverter_name,18.34,month,devwork
2023-12-31,0e19b9a5-61e0-44d8-aa58-aeb335c1731f,Burbank Residence,6511ed5a-0b7e-4bb6-9649-ad01012d4d68,Primo 12.5-1 208-240 (1),12.5,parsed_from_inverter_name,20.6,month,devwork
2024-01-01,0e19b9a5-61e0-44d8-aa58-aeb335c1731f,Burbank Residence,6511ed5a-0b7e-4bb6-9649-ad01012d4d68,Primo 12.5-1 208-240 (1),12.5,parsed_from_inverter_name,24.43,month,devwork
2024-01-02,0e19b9a5-61e0-44d8-aa58-aeb335c1731f,Burbank Residence,6511ed5a-0b7e-4bb6-9649-ad01012d4d68,Primo 12.5-1 208-240 (1),12.5,parsed_from_inverter_name,15.22,month,devwork
2024-01-03,0e19b9a5-61e0-44d8-aa58-aeb335c1731f,Burbank Residence,6511ed5a-0b7e-4bb6-9649-ad01012d4d68,Primo 12.5-1 208-240 (1),12.5,parsed_from_inverter_name,24.34,month,devwork
2024-01-04,0e19b9a5-61e0-44d8-aa58-aeb335c1731f,Burbank Residence,6511ed5a-0b7e-4bb6-9649-ad01012d4d68,Primo 12.5-1 208-240 (1),12.5,parsed_from_inverter_name,22.25,month,devwork
2024-01-05,0e19b9a5-61e0-44d8-aa58-aeb335c1731f,Burbank Residence,6511ed5a-0b7e-4bb6-9649-ad01012d4d68,Primo 12.5-1 208-240 (1),12.5,parsed_from_inverter_name,23.27,month,devwork
2024-01-06,0e19b9a5-61e0-44d8-aa58-aeb335c1731f,Burbank Residence,6511ed5a-0b7e-4bb6-9649-ad01012d4d68,Primo 12.5-1 208-240 (1),12.5,parsed_from_inverter_name,18.78,month,devwork
2024-01-07,0e19b9a5-61e0-44d8-aa58-aeb335c1731f,Burbank Residence,6511ed5a-0b7e-4bb6-9649-ad01012d4d68,Primo 12.5-1 208-240 (1),12.5,parsed_from_inverter_name,10.42,month,devwork
2024-01-08,0e19b9a5-61e0-44d8-aa58-aeb335c1731f,Burbank Residence,6511ed5a-0b7e-4bb6-9649-ad01012d4d68,Primo 12.5-1 208-240 (1),12.5,parsed_from_inverter_name,21.23,month,devwork
2024-01-09,0e19b9a5-61e0-44d8-aa58-aeb335c1731f,Burbank Residence,6511ed5a-0b7e-4bb6-9649-ad01012d4d68,Primo 12.5-1 208-240 (1),12.5,parsed_from_inverter_name,25.27,month,devwork
2024-01-10,0e19b9a5-61e0-44d8-aa58-aeb335c1731f,Burbank Residence,6511ed5a-0b7e-4bb6-9649-ad01012d4d68,Primo 12.5-1 208-240 (1),12.5,parsed_from_inverter_name,12.87,month,devwork
2024-01-11,0e19b9a5-61e0-44d8-aa58-aeb335c1731f,Burbank Residence,6511ed5a-0b7e-4bb6-9649-ad01012d4d68,Primo 12.5-1 208-240 (1),12.5,parsed_from_inverter_name,9.72,month,devwork
2024-01-12,0e19b9a5-61e0-44d8-aa58-aeb335c1731f,Burbank Residence,6511ed5a-0b7e-4bb6-9649-ad01012d4d68,Primo 12.5-1 208-240 (1),12.5,parsed_from_inverter_name,25.58,month,devwork
2024-01-13,0e19b9a5-61e0-44d8-aa58-aeb335c1731f,Burbank Residence,6511ed5a-0b7e-4bb6-9649-ad01012d4d68,Primo 12.5-1 208-240 (1),12.5,parsed_from_inverter_name,27.76,month,devwork
2024-01-14,0e19b9a5-61e0-44d8-aa58-aeb335c1731f,Burbank Residence,6511ed5a-0b7e-4bb6-9649-ad01012d4d68,Primo 12.5-1 208-240 (1),12.5,parsed_from_inverter_name,26.51,month,devwork
2024-01-15,0e19b9a5-61e0-44d8-aa58-aeb335c1731f,Burbank Residence,6511ed5a-0b7e-4bb6-9649-ad01012d4d68,Primo 12.5-1 208-240 (1),12.5,parsed_from_inverter_name,29.02,month,devwork
2024-01-16,0e19b9a5-61e0-44d8-aa58-aeb335c1731f,Burbank Residence,6511ed5a-0b7e-4bb6-9649-ad01012d4d68,Primo 12.5-1 208-240 (1),12.5,parsed_from_inverter_name,18.04,month,devwork
2024-01-20,0e19b9a5-61e0-44d8-aa58-aeb335c1731f,Burbank Residence,6511ed5a-0b7e-4bb6-9649-ad01012d4d68,Primo 12.5-1 208-240 (1),12.5,parsed_from_inverter_name,0.15,month,devwork
2024-01-22,0e19b9a5-61e0-44d8-aa58-aeb335c1731f,Burbank Residence,6511ed5a-0b7e-4bb6-9649-ad01012d4d68,Primo 12.5-1 208-240 (1),12.5,parsed_from_inverter_name,0.03,month,devwork
2024-01-23,0e19b9a5-61e0-44d8-aa58-aeb335c1731f,Burbank Residence,6511ed5a-0b7e-4bb6-9649-ad01012d4d68,Primo 12.5-1 208-240 (1),12.5,parsed_from_inverter_name,0.5,month,devwork
2024-01-24,0e19b9a5-61e0-44d8-aa58-aeb335c1731f,Burbank Residence,6511ed5a-0b7e-4bb6-9649-ad01012d4d68,Primo 12.5-1 208-240 (1),12.5,parsed_from_inverter_name,22.57,month,devwork
2024-01-25,0e19b9a5-61e0-44d8-aa58-aeb335c1731f,Burbank Residence,6511ed5a-0b7e-4bb6-9649-ad01012d4d68,Primo 12.5-1 208-240 (1),12.5,parsed_from_inverter_name,39.07,month,devwork
2024-01-26,0e19b9a5-61e0-44d8-aa58-aeb335c1731f,Burbank Residence,6511ed5a-0b7e-4bb6-9649-ad01012d4d68,Primo 12.5-1 208-240 (1),12.5,parsed_from_inverter_name,34.94,month,devwork
2024-01-27,0e19b9a5-61e0-44d8-aa58-aeb335c1731f,Burbank Residence,6511ed5a-0b7e-4bb6-9649-ad01012d4d68,Primo 12.5-1 208-240 (1),12.5,parsed_from_inverter_name,32.06,month,devwork
2024-01-28,0e19b9a5-61e0-44d8-aa58-aeb335c1731f,Burbank Residence,6511ed5a-0b7e-4bb6-9649-ad01012d4d68,Primo 12.5-1 208-240 (1),12.5,parsed_from_inverter_name,15.41,month,devwork
2024-01-29,0e19b9a5-61e0-44d8-aa58-aeb335c1731f,Burbank Residence,6511ed5a-0b7e-4bb6-9649-ad01012d4d68,Primo 12.5-1 208-240 (1),12.5,parsed_from_inverter_name,10.0,month,devwork
2024-01-30,0e19b9a5-61e0-44d8-aa58-aeb335c1731f,Burbank Residence,6511ed5a-0b7e-4bb6-9649-ad01012d4d68,Primo 12.5-1 208-240 (1),12.5,parsed_from_inverter_name,29.07,month,devwork
2024-01-31,0e19b9a5-61e0-44d8-aa58-aeb335c1731f,Burbank Residence,6511ed5a-0b7e-4bb6-9649-ad01012d4d68,Primo 12.5-1 208-240 (1),12.5,parsed_from_inverter_name,34.24,month,devwork
2024-02-01,0e19b9a5-61e0-44d8-aa58-aeb335c1731f,Burbank Residence,6511ed5a-0b7e-4bb6-9649-ad01012d4d68,Primo 12.5-1 208-240 (1),12.5,parsed_from_inverter_name,38.36,month,devwork
2024-02-02,0e19b9a5-61e0-44d8-aa58-aeb335c1731f,Burbank Residence,6511ed5a-0b7e-4bb6-9649-ad01012d4d68,Primo 12.5-1 208-240 (1),12.5,parsed_from_inverter_name,39.95,month,devwork
2024-02-03,0e19b9a5-61e0-44d8-aa58-aeb335c1731f,Burbank Residence,6511ed5a-0b7e-4bb6-9649-ad01012d4d68,Primo 12.5-1 208-240 (1),12.5,parsed_from_inverter_name,3.78,month,devwork
2024-02-04,0e19b9a5-61e0-44d8-aa58-aeb335c1731f,Burbank Residence,6511ed5a-0b7e-4bb6-9649-ad01012d4d68,Primo 12.5-1 208-240 (1),12.5,parsed_from_inverter_name,1.46,month,devwork
2024-02-05,0e19b9a5-61e0-44d8-aa58-aeb335c1731f,Burbank Residence,6511ed5a-0b7e-4bb6-9649-ad01012d4d68,Primo 12.5-1 208-240 (1),12.5,parsed_from_inverter_name,1.86,month,devwork
2024-02-06,0e19b9a5-61e0-44d8-aa58-aeb335c1731f,Burbank Residence,6511ed5a-0b7e-4bb6-9649-ad01012d4d68,Primo 12.5-1 208-240 (1),12.5,parsed_from_inverter_name,1.06,month,devwork
2024-02-07,0e19b9a5-61e0-44d8-aa58-aeb335c1731f,Burbank Residence,6511ed5a-0b7e-4bb6-9649-ad01012d4d68,Primo 12.5-1 208-240 (1),12.5,parsed_from_inverter_name,0.94,month,devwork
2024-02-08,0e19b9a5-61e0-44d8-aa58-aeb335c1731f,Burbank Residence,6511ed5a-0b7e-4bb6-9649-ad01012d4d68,Primo 12.5-1 208-240 (1),12.5,parsed_from_inverter_name,1.78,month,devwork
2024-02-09,0e19b9a5-61e0-44d8-aa58-aeb335c1731f,Burbank Residence,6511ed5a-0b7e-4bb6-9649-ad01012d4d68,Primo 12.5-1 208-240 (1),12.5,parsed_from_inverter_name,1.32,month,devwork
2024-02-10,0e19b9a5-61e0-44d8-aa58-aeb335c1731f,Burbank Residence,6511ed5a-0b7e-4bb6-9649-ad01012d4d68,Primo 12.5-1 208-240 (1),12.5,parsed_from_inverter_name,2.63,month,devwork
2024-02-11,0e19b9a5-61e0-44d8-aa58-aeb335c1731f,Burbank Residence,6511ed5a-0b7e-4bb6-9649-ad01012d4d68,Primo 12.5-1 208-240 (1),12.5,parsed_from_inverter_name,7.5,month,devwork
2024-02-12,0e19b9a5-61e0-44d8-aa58-aeb335c1731f,Burbank Residence,6511ed5a-0b7e-4bb6-9649-ad01012d4d68,Primo 12.5-1 208-240 (1),12.5,parsed_from_inverter_name,22.08,month,devwork
2024-02-13,0e19b9a5-61e0-44d8-aa58-aeb335c1731f,Burbank Residence,6511ed5a-0b7e-4bb6-9649-ad01012d4d68,Primo 12.5-1 208-240 (1),12.5,parsed_from_inverter_name,4.14,month,devwork
2024-02-14,0e19b9a5-61e0-44d8-aa58-aeb335c1731f,Burbank Residence,6511ed5a-0b7e-4bb6-9649-ad01012d4d68,Primo 12.5-1 208-240 (1),12.5,parsed_from_inverter_name,19.0,month,devwork
2024-02-15,0e19b9a5-61e0-44d8-aa58-aeb335c1731f,Burbank Residence,6511ed5a-0b7e-4bb6-9649-ad01012d4d68,Primo 12.5-1 208-240 (1),12.5,parsed_from_inverter_name,20.75,month,devwork
2024-02-16,0e19b9a5-61e0-44d8-aa58-aeb335c1731f,Burbank Residence,6511ed5a-0b7e-4bb6-9649-ad01012d4d68,Primo 12.5-1 208-240 (1),12.5,parsed_from_inverter_name,54.4,month,devwork
2024-02-17,0e19b9a5-61e0-44d8-aa58-aeb335c1731f,Burbank Residence,6511ed5a-0b7e-4bb6-9649-ad01012d4d68,Primo 12.5-1 208-240 (1),12.5,parsed_from_inverter_name,60.19,month,devwork
2024-02-18,0e19b9a5-61e0-44d8-aa58-aeb335c1731f,Burbank Residence,6511ed5a-0b7e-4bb6-9649-ad01012d4d68,Primo 12.5-1 208-240 (1),12.5,parsed_from_inverter_name,42.33,month,devwork
2024-02-19,0e19b9a5-61e0-44d8-aa58-aeb335c1731f,Burbank Residence,6511ed5a-0b7e-4bb6-9649-ad01012d4d68,Primo 12.5-1 208-240 (1),12.5,parsed_from_inverter_name,60.33,month,devwork
2024-02-20,0e19b9a5-61e0-44d8-aa58-aeb335c1731f,Burbank Residence,6511ed5a-0b7e-4bb6-9649-ad01012d4d68,Primo 12.5-1 208-240 (1),12.5,parsed_from_inverter_name,25.28,month,devwork
2024-02-21,0e19b9a5-61e0-44d8-aa58-aeb335c1731f,Burbank Residence,6511ed5a-0b7e-4bb6-9649-ad01012d4d68,Primo 12.5-1 208-240 (1),12.5,parsed_from_inverter_name,60.39,month,devwork
2024-02-22,0e19b9a5-61e0-44d8-aa58-aeb335c1731f,Burbank Residence,6511ed5a-0b7e-4bb6-9649-ad01012d4d68,Primo 12.5-1 208-240 (1),12.5,parsed_from_inverter_name,55.19,month,devwork
2024-02-23,0e19b9a5-61e0-44d8-aa58-aeb335c1731f,Burbank Residence,6511ed5a-0b7e-4bb6-9649-ad01012d4d68,Primo 12.5-1 208-240 (1),12.5,parsed_from_inverter_name,62.37,month,devwork
2024-02-24,0e19b9a5-61e0-44d8-aa58-aeb335c1731f,Burbank Residence,6511ed5a-0b7e-4bb6-9649-ad01012d4d68,Primo 12.5-1 208-240 (1),12.5,parsed_from_inverter_name,16.08,month,devwork
2024-02-25,0e19b9a5-61e0-44d8-aa58-aeb335c1731f,Burbank Residence,6511ed5a-0b7e-4bb6-9649-ad01012d4d68,Primo 12.5-1 208-240 (1),12.5,parsed_from_inverter_name,41.73,month,devwork
2024-02-26,0e19b9a5-61e0-44d8-aa58-aeb335c1731f,Burbank Residence,6511ed5a-0b7e-4bb6-9649-ad01012d4d68,Primo 12.5-1 208-240 (1),12.5,parsed_from_inverter_name,40.69,month,devwork
2024-02-27,0e19b9a5-61e0-44d8-aa58-aeb335c1731f,Burbank Residence,6511ed5a-0b7e-4bb6-9649-ad01012d4d68,Primo 12.5-1 208-240 (1),12.5,parsed_from_inverter_name,9.71,month,devwork
2024-02-28,0e19b9a5-61e0-44d8-aa58-aeb335c1731f,Burbank Residence,6511ed5a-0b7e-4bb6-9649-ad01012d4d68,Primo 12.5-1 208-240 (1),12.5,parsed_from_inverter_name,45.54,month,devwork
2024-02-29,0e19b9a5-61e0-44d8-aa58-aeb335c1731f,Burbank Residence,6511ed5a-0b7e-4bb6-9649-ad01012d4d68,Primo 12.5-1 208-240 (1),12.5,parsed_from_inverter_name,46.53,month,devwork
2024-03-01,0e19b9a5-61e0-44d8-aa58-aeb335c1731f,Burbank Residence,6511ed5a-0b7e-4bb6-9649-ad01012d4d68,Primo 12.5-1 208-240 (1),12.5,parsed_from_inverter_name,13.44,month,devwork
2024-03-02,0e19b9a5-61e0-44d8-aa58-aeb335c1731f,Burbank Residence,6511ed5a-0b7e-4bb6-9649-ad01012d4d68,Primo 12.5-1 208-240 (1),12.5,parsed_from_inverter_name,25.92,month,devwork
2024-03-03,0e19b9a5-61e0-44d8-aa58-aeb335c1731f,Burbank Residence,6511ed5a-0b7e-4bb6-9649-ad01012d4d68,Primo 12.5-1 208-240 (1),12.5,parsed_from_inverter_name,74.25,month,devwork
2024-03-04,0e19b9a5-61e0-44d8-aa58-aeb335c1731f,Burbank Residence,6511ed5a-0b7e-4bb6-9649-ad01012d4d68,Primo 12.5-1 208-240 (1),12.5,parsed_from_inverter_name,56.45,month,devwork
2024-03-05,0e19b9a5-61e0-44d8-aa58-aeb335c1731f,Burbank Residence,6511ed5a-0b7e-4bb6-9649-ad01012d4d68,Primo 12.5-1 208-240 (1),12.5,parsed_from_inverter_name,51.13,month,devwork
2024-03-06,0e19b9a5-61e0-44d8-aa58-aeb335c1731f,Burbank Residence,6511ed5a-0b7e-4bb6-9649-ad01012d4d68,Primo 12.5-1 208-240 (1),12.5,parsed_from_inverter_name,62.8,month,devwork
2024-03-07,0e19b9a5-61e0-44d8-aa58-aeb335c1731f,Burbank Residence,6511ed5a-0b7e-4bb6-9649-ad01012d4d68,Primo 12.5-1 208-240 (1),12.5,parsed_from_inverter_name,77.2,month,devwork
2024-03-08,0e19b9a5-61e0-44d8-aa58-aeb335c1731f,Burbank Residence,6511ed5a-0b7e-4bb6-9649-ad01012d4d68,Primo 12.5-1 208-240 (1),12.5,parsed_from_inverter_name,69.74,month,devwork
2024-03-09,0e19b9a5-61e0-44d8-aa58-aeb335c1731f,Burbank Residence,6511ed5a-0b7e-4bb6-9649-ad01012d4d68,Primo 12.5-1 208-240 (1),12.5,parsed_from_inverter_name,49.09,month,devwork
2024-03-10,0e19b9a5-61e0-44d8-aa58-aeb335c1731f,Burbank Residence,6511ed5a-0b7e-4bb6-9649-ad01012d4d68,Primo 12.5-1 208-240 (1),12.5,parsed_from_inverter_name,69.32,month,devwork
2024-03-11,0e19b9a5-61e0-44d8-aa58-aeb335c1731f,Burbank Residence,6511ed5a-0b7e-4bb6-9649-ad01012d4d68,Primo 12.5-1 208-240 (1),12.5,parsed_from_inverter_name,62.84,month,devwork
2024-03-12,0e19b9a5-61e0-44d8-aa58-aeb335c1731f,Burbank Residence,6511ed5a-0b7e-4bb6-9649-ad01012d4d68,Primo 12.5-1 208-240 (1),12.5,parsed_from_inverter_name,78.62,month,devwork
2024-03-13,0e19b9a5-61e0-44d8-aa58-aeb335c1731f,Burbank Residence,6511ed5a-0b7e-4bb6-9649-ad01012d4d68,Primo 12.5-1 208-240 (1),12.5,parsed_from_inverter_name,53.84,month,devwork
2024-03-14,0e19b9a5-61e0-44d8-aa58-aeb335c1731f,Burbank Residence,6511ed5a-0b7e-4bb6-9649-ad01012d4d68,Primo 12.5-1 208-240 (1),12.5,parsed_from_inverter_name,79.18,month,devwork
2024-03-15,0e19b9a5-61e0-44d8-aa58-aeb335c1731f,Burbank Residence,6511ed5a-0b7e-4bb6-9649-ad01012d4d68,Primo 12.5-1 208-240 (1),12.5,parsed_from_inverter_name,67.58,month,devwork
2024-03-16,0e19b9a5-61e0-44d8-aa58-aeb335c1731f,Burbank Residence,6511ed5a-0b7e-4bb6-9649-ad01012d4d68,Primo 12.5-1 208-240 (1),12.5,parsed_from_inverter_name,78.64,month,devwork
2024-03-17,0e19b9a5-61e0-44d8-aa58-aeb335c1731f,Burbank Residence,6511ed5a-0b7e-4bb6-9649-ad01012d4d68,Primo 12.5-1 208-240 (1),12.5,parsed_from_inverter_name,78.87,month,devwork
2024-03-18,0e19b9a5-61e0-44d8-aa58-aeb335c1731f,Burbank Residence,6511ed5a-0b7e-4bb6-9649-ad01012d4d68,Primo 12.5-1 208-240 (1),12.5,parsed_from_inverter_name,80.41,month,devwork
2024-03-19,0e19b9a5-61e0-44d8-aa58-aeb335c1731f,Burbank Residence,6511ed5a-0b7e-4bb6-9649-ad01012d4d68,Primo 12.5-1 208-240 (1),12.5,parsed_from_inverter_name,55.06,month,devwork
2024-03-20,0e19b9a5-61e0-44d8-aa58-aeb335c1731f,Burbank Residence,6511ed5a-0b7e-4bb6-9649-ad01012d4d68,Primo 12.5-1 208-240 (1),12.5,parsed_from_inverter_name,2.85,month,devwork
2024-03-22,0e19b9a5-61e0-44d8-aa58-aeb335c1731f,Burbank Residence,6511ed5a-0b7e-4bb6-9649-ad01012d4d68,Primo 12.5-1 208-240 (1),12.5,parsed_from_inverter_name,0.13,month,devwork
2024-03-26,0e19b9a5-61e0-44d8-aa58-aeb335c1731f,Burbank Residence,6511ed5a-0b7e-4bb6-9649-ad01012d4d68,Primo 12.5-1 208-240 (1),12.5,parsed_from_inverter_name,0.2,month,devwork
2024-03-27,0e19b9a5-61e0-44d8-aa58-aeb335c1731f,Burbank Residence,6511ed5a-0b7e-4bb6-9649-ad01012d4d68,Primo 12.5-1 208-240 (1),12.5,parsed_from_inverter_name,5.4,month,devwork
2024-03-28,0e19b9a5-61e0-44d8-aa58-aeb335c1731f,Burbank Residence,6511ed5a-0b7e-4bb6-9649-ad01012d4d68,Primo 12.5-1 208-240 (1),12.5,parsed_from_inverter_name,11.53,month,devwork
2024-03-29,0e19b9a5-61e0-44d8-aa58-aeb335c1731f,Burbank Residence,6511ed5a-0b7e-4bb6-9649-ad01012d4d68,Primo 12.5-1 208-240 (1),12.5,parsed_from_inverter_name,17.4,month,devwork
2024-03-30,0e19b9a5-61e0-44d8-aa58-aeb335c1731f,Burbank Residence,6511ed5a-0b7e-4bb6-9649-ad01012d4d68,Primo 12.5-1 208-240 (1),12.5,parsed_from_inverter_name,58.39,month,devwork
2024-03-31,0e19b9a5-61e0-44d8-aa58-aeb335c1731f,Burbank Residence,6511ed5a-0b7e-4bb6-9649-ad01012d4d68,Primo 12.5-1 208-240 (1),12.5,parsed_from_inverter_name,89.44,month,devwork
2024-04-01,0e19b9a5-61e0-44d8-aa58-aeb335c1731f,Burbank Residence,6511ed5a-0b7e-4bb6-9649-ad01012d4d68,Primo 12.5-1 208-240 (1),12.5,parsed_from_inverter_name,91.47,month,devwork
2024-04-02,0e19b9a5-61e0-44d8-aa58-aeb335c1731f,Burbank Residence,6511ed5a-0b7e-4bb6-9649-ad01012d4d68,Primo 12.5-1 208-240 (1),12.5,parsed_from_inverter_name,58.66,month,devwork
2024-04-03,0e19b9a5-61e0-44d8-aa58-aeb335c1731f,Burbank Residence,6511ed5a-0b7e-4bb6-9649-ad01012d4d68,Primo 12.5-1 208-240 (1),12.5,parsed_from_inverter_name,86.48,month,devwork
2024-04-04,0e19b9a5-61e0-44d8-aa58-aeb335c1731f,Burbank Residence,6511ed5a-0b7e-4bb6-9649-ad01012d4d68,Primo 12.5-1 208-240 (1),12.5,parsed_from_inverter_name,1.66,month,devwork
2024-04-05,0e19b9a5-61e0-44d8-aa58-aeb335c1731f,Burbank Residence,6511ed5a-0b7e-4bb6-9649-ad01012d4d68,Primo 12.5-1 208-240 (1),12.5,parsed_from_inverter_name,4.32,month,devwork
2024-04-06,0e19b9a5-61e0-44d8-aa58-aeb335c1731f,Burbank Residence,6511ed5a-0b7e-4bb6-9649-ad01012d4d68,Primo 12.5-1 208-240 (1),12.5,parsed_from_inverter_name,38.15,month,devwork
2024-04-07,0e19b9a5-61e0-44d8-aa58-aeb335c1731f,Burbank Residence,6511ed5a-0b7e-4bb6-9649-ad01012d4d68,Primo 12.5-1 208-240 (1),12.5,parsed_from_inverter_name,46.59,month,devwork
2024-04-08,0e19b9a5-61e0-44d8-aa58-aeb335c1731f,Burbank Residence,6511ed5a-0b7e-4bb6-9649-ad01012d4d68,Primo 12.5-1 208-240 (1),12.5,parsed_from_inverter_name,95.76,month,devwork
2024-04-09,0e19b9a5-61e0-44d8-aa58-aeb335c1731f,Burbank Residence,6511ed5a-0b7e-4bb6-9649-ad01012d4d68,Primo 12.5-1 208-240 (1),12.5,parsed_from_inverter_name,101.77,month,devwork
2024-04-10,0e19b9a5-61e0-44d8-aa58-aeb335c1731f,Burbank Residence,6511ed5a-0b7e-4bb6-9649-ad01012d4d68,Primo 12.5-1 208-240 (1),12.5,parsed_from_inverter_name,99.85,month,devwork
2024-04-11,0e19b9a5-61e0-44d8-aa58-aeb335c1731f,Burbank Residence,6511ed5a-0b7e-4bb6-9649-ad01012d4d68,Primo 12.5-1 208-240 (1),12.5,parsed_from_inverter_name,85.16,month,devwork
2024-04-12,0e19b9a5-61e0-44d8-aa58-aeb335c1731f,Burbank Residence,6511ed5a-0b7e-4bb6-9649-ad01012d4d68,Primo 12.5-1 208-240 (1),12.5,parsed_from_inverter_name,88.3,month,devwork
2024-04-13,0e19b9a5-61e0-44d8-aa58-aeb335c1731f,Burbank Residence,6511ed5a-0b7e-4bb6-9649-ad01012d4d68,Primo 12.5-1 208-240 (1),12.5,parsed_from_inverter_name,94.63,month,devwork
2024-04-14,0e19b9a5-61e0-44d8-aa58-aeb335c1731f,Burbank Residence,6511ed5a-0b7e-4bb6-9649-ad01012d4d68,Primo 12.5-1 208-240 (1),12.5,parsed_from_inverter_name,102.66,month,devwork
2024-04-15,0e19b9a5-61e0-44d8-aa58-aeb335c1731f,Burbank Residence,6511ed5a-0b7e-4bb6-9649-ad01012d4d68,Primo 12.5-1 208-240 (1),12.5,parsed_from_inverter_name,68.88,month,devwork
2024-04-16,0e19b9a5-61e0-44d8-aa58-aeb335c1731f,Burbank Residence,6511ed5a-0b7e-4bb6-9649-ad01012d4d68,Primo 12.5-1 208-240 (1),12.5,parsed_from_inverter_name,31.64,month,devwork
2024-04-17,0e19b9a5-61e0-44d8-aa58-aeb335c1731f,Burbank Residence,6511ed5a-0b7e-4bb6-9649-ad01012d4d68,Primo 12.5-1 208-240 (1),12.5,parsed_from_inverter_name,59.36,month,devwork
2024-04-18,0e19b9a5-61e0-44d8-aa58-aeb335c1731f,Burbank Residence,6511ed5a-0b7e-4bb6-9649-ad01012d4d68,Primo 12.5-1 208-240 (1),12.5,parsed_from_inverter_name,68.23,month,devwork
2024-04-19,0e19b9a5-61e0-44d8-aa58-aeb335c1731f,Burbank Residence,6511ed5a-0b7e-4bb6-9649-ad01012d4d68,Primo 12.5-1 208-240 (1),12.5,parsed_from_inverter_name,94.73,month,devwork
2024-04-20,0e19b9a5-61e0-44d8-aa58-aeb335c1731f,Burbank Residence,6511ed5a-0b7e-4bb6-9649-ad01012d4d68,Primo 12.5-1 208-240 (1),12.5,parsed_from_inverter_name,108.62,month,devwork
2024-04-21,0e19b9a5-61e0-44d8-aa58-aeb335c1731f,Burbank Residence,6511ed5a-0b7e-4bb6-9649-ad01012d4d68,Primo 12.5-1 208-240 (1),12.5,parsed_from_inverter_name,106.3,month,devwork
2024-04-22,0e19b9a5-61e0-44d8-aa58-aeb335c1731f,Burbank Residence,6511ed5a-0b7e-4bb6-9649-ad01012d4d68,Primo 12.5-1 208-240 (1),12.5,parsed_from_inverter_name,93.15,month,devwork
2024-04-23,0e19b9a5-61e0-44d8-aa58-aeb335c1731f,Burbank Residence,6511ed5a-0b7e-4bb6-9649-ad01012d4d68,Primo 12.5-1 208-240 (1),12.5,parsed_from_inverter_name,106.12,month,devwork
2024-04-24,0e19b9a5-61e0-44d8-aa58-aeb335c1731f,Burbank Residence,6511ed5a-0b7e-4bb6-9649-ad01012d4d68,Primo 12.5-1 208-240 (1),12.5,parsed_from_inverter_name,67.98,month,devwork
2024-04-25,0e19b9a5-61e0-44d8-aa58-aeb335c1731f,Burbank Residence,6511ed5a-0b7e-4bb6-9649-ad01012d4d68,Primo 12.5-1 208-240 (1),12.5,parsed_from_inverter_name,96.38,month,devwork
2024-04-26,0e19b9a5-61e0-44d8-aa58-aeb335c1731f,Burbank Residence,6511ed5a-0b7e-4bb6-9649-ad01012d4d68,Primo 12.5-1 208-240 (1),12.5,parsed_from_inverter_name,59.82,month,devwork
2024-04-27,0e19b9a5-61e0-44d8-aa58-aeb335c1731f,Burbank Residence,6511ed5a-0b7e-4bb6-9649-ad01012d4d68,Primo 12.5-1 208-240 (1),12.5,parsed_from_inverter_name,70.28,month,devwork
2024-04-28,0e19b9a5-61e0-44d8-aa58-aeb335c1731f,Burbank Residence,6511ed5a-0b7e-4bb6-9649-ad01012d4d68,Primo 12.5-1 208-240 (1),12.5,parsed_from_inverter_name,95.91,month,devwork
2024-04-29,0e19b9a5-61e0-44d8-aa58-aeb335c1731f,Burbank Residence,6511ed5a-0b7e-4bb6-9649-ad01012d4d68,Primo 12.5-1 208-240 (1),12.5,parsed_from_inverter_name,91.16,month,devwork
2024-04-30,0e19b9a5-61e0-44d8-aa58-aeb335c1731f,Burbank Residence,6511ed5a-0b7e-4bb6-9649-ad01012d4d68,Primo 12.5-1 208-240 (1),12.5,parsed_from_inverter_name,20.84,month,devwork
2024-05-01,0e19b9a5-61e0-44d8-aa58-aeb335c1731f,Burbank Residence,6511ed5a-0b7e-4bb6-9649-ad01012d4d68,Primo 12.5-1 208-240 (1),12.5,parsed_from_inverter_name,28.31,month,devwork
2024-05-02,0e19b9a5-61e0-44d8-aa58-aeb335c1731f,Burbank Residence,6511ed5a-0b7e-4bb6-9649-ad01012d4d68,Primo 12.5-1 208-240 (1),12.5,parsed_from_inverter_name,50.19,month,devwork
2024-05-03,0e19b9a5-61e0-44d8-aa58-aeb335c1731f,Burbank Residence,6511ed5a-0b7e-4bb6-9649-ad01012d4d68,Primo 12.5-1 208-240 (1),12.5,parsed_from_inverter_name,85.56,month,devwork
2024-05-04,0e19b9a5-61e0-44d8-aa58-aeb335c1731f,Burbank Residence,6511ed5a-0b7e-4bb6-9649-ad01012d4d68,Primo 12.5-1 208-240 (1),12.5,parsed_from_inverter_name,99.05,month,devwork
2024-05-05,0e19b9a5-61e0-44d8-aa58-aeb335c1731f,Burbank Residence,6511ed5a-0b7e-4bb6-9649-ad01012d4d68,Primo 12.5-1 208-240 (1),12.5,parsed_from_inverter_name,34.02,month,devwork
2024-05-06,0e19b9a5-61e0-44d8-aa58-aeb335c1731f,Burbank Residence,6511ed5a-0b7e-4bb6-9649-ad01012d4d68,Primo 12.5-1 208-240 (1),12.5,parsed_from_inverter_name,87.54,month,devwork
2024-05-07,0e19b9a5-61e0-44d8-aa58-aeb335c1731f,Burbank Residence,6511ed5a-0b7e-4bb6-9649-ad01012d4d68,Primo 12.5-1 208-240 (1),12.5,parsed_from_inverter_name,20.77,month,devwork
2024-05-08,0e19b9a5-61e0-44d8-aa58-aeb335c1731f,Burbank Residence,6511ed5a-0b7e-4bb6-9649-ad01012d4d68,Primo 12.5-1 208-240 (1),12.5,parsed_from_inverter_name,31.73,month,devwork
2024-05-09,0e19b9a5-61e0-44d8-aa58-aeb335c1731f,Burbank Residence,6511ed5a-0b7e-4bb6-9649-ad01012d4d68,Primo 12.5-1 208-240 (1),12.5,parsed_from_inverter_name,110.21,month,devwork
2024-05-10,0e19b9a5-61e0-44d8-aa58-aeb335c1731f,Burbank Residence,6511ed5a-0b7e-4bb6-9649-ad01012d4d68,Primo 12.5-1 208-240 (1),12.5,parsed_from_inverter_name,112.98,month,devwork
2024-05-11,0e19b9a5-61e0-44d8-aa58-aeb335c1731f,Burbank Residence,6511ed5a-0b7e-4bb6-9649-ad01012d4d68,Primo 12.5-1 208-240 (1),12.5,parsed_from_inverter_name,82.74,month,devwork
2024-05-12,0e19b9a5-61e0-44d8-aa58-aeb335c1731f,Burbank Residence,6511ed5a-0b7e-4bb6-9649-ad01012d4d68,Primo 12.5-1 208-240 (1),12.5,parsed_from_inverter_name,105.89,month,devwork
2024-05-13,0e19b9a5-61e0-44d8-aa58-aeb335c1731f,Burbank Residence,6511ed5a-0b7e-4bb6-9649-ad01012d4d68,Primo 12.5-1 208-240 (1),12.5,parsed_from_inverter_name,61.82,month,devwork
2024-05-14,0e19b9a5-61e0-44d8-aa58-aeb335c1731f,Burbank Residence,6511ed5a-0b7e-4bb6-9649-ad01012d4d68,Primo 12.5-1 208-240 (1),12.5,parsed_from_inverter_name,76.14,month,devwork
2024-05-15,0e19b9a5-61e0-44d8-aa58-aeb335c1731f,Burbank Residence,6511ed5a-0b7e-4bb6-9649-ad01012d4d68,Primo 12.5-1 208-240 (1),12.5,parsed_from_inverter_name,79.52,month,devwork
2024-05-16,0e19b9a5-61e0-44d8-aa58-aeb335c1731f,Burbank Residence,6511ed5a-0b7e-4bb6-9649-ad01012d4d68,Primo 12.5-1 208-240 (1),12.5,parsed_from_inverter_name,62.87,month,devwork
2024-05-17,0e19b9a5-61e0-44d8-aa58-aeb335c1731f,Burbank Residence,6511ed5a-0b7e-4bb6-9649-ad01012d4d68,Primo 12.5-1 208-240 (1),12.5,parsed_from_inverter_name,35.69,month,devwork
2024-05-18,0e19b9a5-61e0-44d8-aa58-aeb335c1731f,Burbank Residence,6511ed5a-0b7e-4bb6-9649-ad01012d4d68,Primo 12.5-1 208-240 (1),12.5,parsed_from_inverter_name,94.4,month,devwork
2024-05-19,0e19b9a5-61e0-44d8-aa58-aeb335c1731f,Burbank Residence,6511ed5a-0b7e-4bb6-9649-ad01012d4d68,Primo 12.5-1 208-240 (1),12.5,parsed_from_inverter_name,77.91,month,devwork
2024-05-20,0e19b9a5-61e0-44d8-aa58-aeb335c1731f,Burbank Residence,6511ed5a-0b7e-4bb6-9649-ad01012d4d68,Primo 12.5-1 208-240 (1),12.5,parsed_from_inverter_name,61.6,month,devwork
2024-05-21,0e19b9a5-61e0-44d8-aa58-aeb335c1731f,Burbank Residence,6511ed5a-0b7e-4bb6-9649-ad01012d4d68,Primo 12.5-1 208-240 (1),12.5,parsed_from_inverter_name,92.77,month,devwork
2024-05-22,0e19b9a5-61e0-44d8-aa58-aeb335c1731f,Burbank Residence,6511ed5a-0b7e-4bb6-9649-ad01012d4d68,Primo 12.5-1 208-240 (1),12.5,parsed_from_inverter_name,42.79,month,devwork
2024-05-23,0e19b9a5-61e0-44d8-aa58-aeb335c1731f,Burbank Residence,6511ed5a-0b7e-4bb6-9649-ad01012d4d68,Primo 12.5-1 208-240 (1),12.5,parsed_from_inverter_name,59.52,month,devwork
2024-05-24,0e19b9a5-61e0-44d8-aa58-aeb335c1731f,Burbank Residence,6511ed5a-0b7e-4bb6-9649-ad01012d4d68,Primo 12.5-1 208-240 (1),12.5,parsed_from_inverter_name,85.95,month,devwork
2024-05-25,0e19b9a5-61e0-44d8-aa58-aeb335c1731f,Burbank Residence,6511ed5a-0b7e-4bb6-9649-ad01012d4d68,Primo 12.5-1 208-240 (1),12.5,parsed_from_inverter_name,112.41,month,devwork
2024-05-26,0e19b9a5-61e0-44d8-aa58-aeb335c1731f,Burbank Residence,6511ed5a-0b7e-4bb6-9649-ad01012d4d68,Primo 12.5-1 208-240 (1),12.5,parsed_from_inverter_name,86.31,month,devwork
2024-05-27,0e19b9a5-61e0-44d8-aa58-aeb335c1731f,Burbank Residence,6511ed5a-0b7e-4bb6-9649-ad01012d4d68,Primo 12.5-1 208-240 (1),12.5,parsed_from_inverter_name,118.96,month,devwork
2024-05-28,0e19b9a5-61e0-44d8-aa58-aeb335c1731f,Burbank Residence,6511ed5a-0b7e-4bb6-9649-ad01012d4d68,Primo 12.5-1 208-240 (1),12.5,parsed_from_inverter_name,86.58,month,devwork
2024-05-29,0e19b9a5-61e0-44d8-aa58-aeb335c1731f,Burbank Residence,6511ed5a-0b7e-4bb6-9649-ad01012d4d68,Primo 12.5-1 208-240 (1),12.5,parsed_from_inverter_name,95.2,month,devwork
2024-05-30,0e19b9a5-61e0-44d8-aa58-aeb335c1731f,Burbank Residence,6511ed5a-0b7e-4bb6-9649-ad01012d4d68,Primo 12.5-1 208-240 (1),12.5,parsed_from_inverter_name,79.08,month,devwork
2024-05-31,0e19b9a5-61e0-44d8-aa58-aeb335c1731f,Burbank Residence,6511ed5a-0b7e-4bb6-9649-ad01012d4d68,Primo 12.5-1 208-240 (1),12.5,parsed_from_inverter_name,86.45,month,devwork
2024-06-01,0e19b9a5-61e0-44d8-aa58-aeb335c1731f,Burbank Residence,6511ed5a-0b7e-4bb6-9649-ad01012d4d68,Primo 12.5-1 208-240 (1),12.5,parsed_from_inverter_name,93.36,month,devwork
2024-06-02,0e19b9a5-61e0-44d8-aa58-aeb335c1731f,Burbank Residence,6511ed5a-0b7e-4bb6-9649-ad01012d4d68,Primo 12.5-1 208-240 (1),12.5,parsed_from_inverter_name,95.52,month,devwork
2024-06-03,0e19b9a5-61e0-44d8-aa58-aeb335c1731f,Burbank Residence,6511ed5a-0b7e-4bb6-9649-ad01012d4d68,Primo 12.5-1 208-240 (1),12.5,parsed_from_inverter_name,78.65,month,devwork
2024-06-04,0e19b9a5-61e0-44d8-aa58-aeb335c1731f,Burbank Residence,6511ed5a-0b7e-4bb6-9649-ad01012d4d68,Primo 12.5-1 208-240 (1),12.5,parsed_from_inverter_name,118.36,month,devwork
2024-06-05,0e19b9a5-61e0-44d8-aa58-aeb335c1731f,Burbank Residence,6511ed5a-0b7e-4bb6-9649-ad01012d4d68,Primo 12.5-1 208-240 (1),12.5,parsed_from_inverter_name,122.0,month,devwork
2024-06-06,0e19b9a5-61e0-44d8-aa58-aeb335c1731f,Burbank Residence,6511ed5a-0b7e-4bb6-9649-ad01012d4d68,Primo 12.5-1 208-240 (1),12.5,parsed_from_inverter_name,110.21,month,devwork
2024-06-07,0e19b9a5-61e0-44d8-aa58-aeb335c1731f,Burbank Residence,6511ed5a-0b7e-4bb6-9649-ad01012d4d68,Primo 12.5-1 208-240 (1),12.5,parsed_from_inverter_name,98.04,month,devwork
2024-06-08,0e19b9a5-61e0-44d8-aa58-aeb335c1731f,Burbank Residence,6511ed5a-0b7e-4bb6-9649-ad01012d4d68,Primo 12.5-1 208-240 (1),12.5,parsed_from_inverter_name,70.75,month,devwork
2024-06-09,0e19b9a5-61e0-44d8-aa58-aeb335c1731f,Burbank Residence,6511ed5a-0b7e-4bb6-9649-ad01012d4d68,Primo 12.5-1 208-240 (1),12.5,parsed_from_inverter_name,100.48,month,devwork
2024-06-10,0e19b9a5-61e0-44d8-aa58-aeb335c1731f,Burbank Residence,6511ed5a-0b7e-4bb6-9649-ad01012d4d68,Primo 12.5-1 208-240 (1),12.5,parsed_from_inverter_name,85.08,month,devwork
2024-06-11,0e19b9a5-61e0-44d8-aa58-aeb335c1731f,Burbank Residence,6511ed5a-0b7e-4bb6-9649-ad01012d4d68,Primo 12.5-1 208-240 (1),12.5,parsed_from_inverter_name,117.9,month,devwork
2024-06-12,0e19b9a5-61e0-44d8-aa58-aeb335c1731f,Burbank Residence,6511ed5a-0b7e-4bb6-9649-ad01012d4d68,Primo 12.5-1 208-240 (1),12.5,parsed_from_inverter_name,109.58,month,devwork
2024-06-13,0e19b9a5-61e0-44d8-aa58-aeb335c1731f,Burbank Residence,6511ed5a-0b7e-4bb6-9649-ad01012d4d68,Primo 12.5-1 208-240 (1),12.5,parsed_from_inverter_name,117.32,month,devwork
2024-06-14,0e19b9a5-61e0-44d8-aa58-aeb335c1731f,Burbank Residence,6511ed5a-0b7e-4bb6-9649-ad01012d4d68,Primo 12.5-1 208-240 (1),12.5,parsed_from_inverter_name,109.05,month,devwork
2024-06-15,0e19b9a5-61e0-44d8-aa58-aeb335c1731f,Burbank Residence,6511ed5a-0b7e-4bb6-9649-ad01012d4d68,Primo 12.5-1 208-240 (1),12.5,parsed_from_inverter_name,54.6,month,devwork
2024-06-16,0e19b9a5-61e0-44d8-aa58-aeb335c1731f,Burbank Residence,6511ed5a-0b7e-4bb6-9649-ad01012d4d68,Primo 12.5-1 208-240 (1),12.5,parsed_from_inverter_name,48.72,month,devwork
2024-06-17,0e19b9a5-61e0-44d8-aa58-aeb335c1731f,Burbank Residence,6511ed5a-0b7e-4bb6-9649-ad01012d4d68,Primo 12.5-1 208-240 (1),12.5,parsed_from_inverter_name,54.06,month,devwork
2024-06-18,0e19b9a5-61e0-44d8-aa58-aeb335c1731f,Burbank Residence,6511ed5a-0b7e-4bb6-9649-ad01012d4d68,Primo 12.5-1 208-240 (1),12.5,parsed_from_inverter_name,50.91,month,devwork
2024-06-19,0e19b9a5-61e0-44d8-aa58-aeb335c1731f,Burbank Residence,6511ed5a-0b7e-4bb6-9649-ad01012d4d68,Primo 12.5-1 208-240 (1),12.5,parsed_from_inverter_name,110.24,month,devwork
2024-06-20,0e19b9a5-61e0-44d8-aa58-aeb335c1731f,Burbank Residence,6511ed5a-0b7e-4bb6-9649-ad01012d4d68,Primo 12.5-1 208-240 (1),12.5,parsed_from_inverter_name,114.02,month,devwork
2024-06-21,0e19b9a5-61e0-44d8-aa58-aeb335c1731f,Burbank Residence,6511ed5a-0b7e-4bb6-9649-ad01012d4d68,Primo 12.5-1 208-240 (1),12.5,parsed_from_inverter_name,93.72,month,devwork
2024-06-22,0e19b9a5-61e0-44d8-aa58-aeb335c1731f,Burbank Residence,6511ed5a-0b7e-4bb6-9649-ad01012d4d68,Primo 12.5-1 208-240 (1),12.5,parsed_from_inverter_name,102.73,month,devwork
2024-06-23,0e19b9a5-61e0-44d8-aa58-aeb335c1731f,Burbank Residence,6511ed5a-0b7e-4bb6-9649-ad01012d4d68,Primo 12.5-1 208-240 (1),12.5,parsed_from_inverter_name,116.58,month,devwork
2024-06-24,0e19b9a5-61e0-44d8-aa58-aeb335c1731f,Burbank Residence,6511ed5a-0b7e-4bb6-9649-ad01012d4d68,Primo 12.5-1 208-240 (1),12.5,parsed_from_inverter_name,119.45,month,devwork
2024-06-25,0e19b9a5-61e0-44d8-aa58-aeb335c1731f,Burbank Residence,6511ed5a-0b7e-4bb6-9649-ad01012d4d68,Primo 12.5-1 208-240 (1),12.5,parsed_from_inverter_name,118.26,month,devwork
2024-06-26,0e19b9a5-61e0-44d8-aa58-aeb335c1731f,Burbank Residence,6511ed5a-0b7e-4bb6-9649-ad01012d4d68,Primo 12.5-1 208-240 (1),12.5,parsed_from_inverter_name,81.48,month,devwork
2024-06-27,0e19b9a5-61e0-44d8-aa58-aeb335c1731f,Burbank Residence,6511ed5a-0b7e-4bb6-9649-ad01012d4d68,Primo 12.5-1 208-240 (1),12.5,parsed_from_inverter_name,40.44,month,devwork
2024-06-28,0e19b9a5-61e0-44d8-aa58-aeb335c1731f,Burbank Residence,6511ed5a-0b7e-4bb6-9649-ad01012d4d68,Primo 12.5-1 208-240 (1),12.5,parsed_from_inverter_name,69.93,month,devwork
2024-06-29,0e19b9a5-61e0-44d8-aa58-aeb335c1731f,Burbank Residence,6511ed5a-0b7e-4bb6-9649-ad01012d4d68,Primo 12.5-1 208-240 (1),12.5,parsed_from_inverter_name,112.63,month,devwork
2024-06-30,0e19b9a5-61e0-44d8-aa58-aeb335c1731f,Burbank Residence,6511ed5a-0b7e-4bb6-9649-ad01012d4d68,Primo 12.5-1 208-240 (1),12.5,parsed_from_inverter_name,62.54,month,devwork
2024-07-01,0e19b9a5-61e0-44d8-aa58-aeb335c1731f,Burbank Residence,6511ed5a-0b7e-4bb6-9649-ad01012d4d68,Primo 12.5-1 208-240 (1),12.5,parsed_from_inverter_name,55.17,month,devwork
2024-07-02,0e19b9a5-61e0-44d8-aa58-aeb335c1731f,Burbank Residence,6511ed5a-0b7e-4bb6-9649-ad01012d4d68,Primo 12.5-1 208-240 (1),12.5,parsed_from_inverter_name,87.9,month,devwork
2024-07-03,0e19b9a5-61e0-44d8-aa58-aeb335c1731f,Burbank Residence,6511ed5a-0b7e-4bb6-9649-ad01012d4d68,Primo 12.5-1 208-240 (1),12.5,parsed_from_inverter_name,53.51,month,devwork
2024-07-04,0e19b9a5-61e0-44d8-aa58-aeb335c1731f,Burbank Residence,6511ed5a-0b7e-4bb6-9649-ad01012d4d68,Primo 12.5-1 208-240 (1),12.5,parsed_from_inverter_name,98.71,month,devwork
2024-07-05,0e19b9a5-61e0-44d8-aa58-aeb335c1731f,Burbank Residence,6511ed5a-0b7e-4bb6-9649-ad01012d4d68,Primo 12.5-1 208-240 (1),12.5,parsed_from_inverter_name,110.98,month,devwork
2024-07-06,0e19b9a5-61e0-44d8-aa58-aeb335c1731f,Burbank Residence,6511ed5a-0b7e-4bb6-9649-ad01012d4d68,Primo 12.5-1 208-240 (1),12.5,parsed_from_inverter_name,108.4,month,devwork
2024-07-07,0e19b9a5-61e0-44d8-aa58-aeb335c1731f,Burbank Residence,6511ed5a-0b7e-4bb6-9649-ad01012d4d68,Primo 12.5-1 208-240 (1),12.5,parsed_from_inverter_name,115.36,month,devwork
2024-07-08,0e19b9a5-61e0-44d8-aa58-aeb335c1731f,Burbank Residence,6511ed5a-0b7e-4bb6-9649-ad01012d4d68,Primo 12.5-1 208-240 (1),12.5,parsed_from_inverter_name,114.6,month,devwork
2024-07-09,0e19b9a5-61e0-44d8-aa58-aeb335c1731f,Burbank Residence,6511ed5a-0b7e-4bb6-9649-ad01012d4d68,Primo 12.5-1 208-240 (1),12.5,parsed_from_inverter_name,111.11,month,devwork
2024-07-10,0e19b9a5-61e0-44d8-aa58-aeb335c1731f,Burbank Residence,6511ed5a-0b7e-4bb6-9649-ad01012d4d68,Primo 12.5-1 208-240 (1),12.5,parsed_from_inverter_name,110.29,month,devwork
2024-07-11,0e19b9a5-61e0-44d8-aa58-aeb335c1731f,Burbank Residence,6511ed5a-0b7e-4bb6-9649-ad01012d4d68,Primo 12.5-1 208-240 (1),12.5,parsed_from_inverter_name,109.61,month,devwork
2024-07-12,0e19b9a5-61e0-44d8-aa58-aeb335c1731f,Burbank Residence,6511ed5a-0b7e-4bb6-9649-ad01012d4d68,Primo 12.5-1 208-240 (1),12.5,parsed_from_inverter_name,99.98,month,devwork
2024-07-13,0e19b9a5-61e0-44d8-aa58-aeb335c1731f,Burbank Residence,6511ed5a-0b7e-4bb6-9649-ad01012d4d68,Primo 12.5-1 208-240 (1),12.5,parsed_from_inverter_name,107.2,month,devwork
2024-07-14,0e19b9a5-61e0-44d8-aa58-aeb335c1731f,Burbank Residence,6511ed5a-0b7e-4bb6-9649-ad01012d4d68,Primo 12.5-1 208-240 (1),12.5,parsed_from_inverter_name,109.83,month,devwork
2024-07-15,0e19b9a5-61e0-44d8-aa58-aeb335c1731f,Burbank Residence,6511ed5a-0b7e-4bb6-9649-ad01012d4d68,Primo 12.5-1 208-240 (1),12.5,parsed_from_inverter_name,109.48,month,devwork
2024-07-16,0e19b9a5-61e0-44d8-aa58-aeb335c1731f,Burbank Residence,6511ed5a-0b7e-4bb6-9649-ad01012d4d68,Primo 12.5-1 208-240 (1),12.5,parsed_from_inverter_name,102.33,month,devwork
2024-07-17,0e19b9a5-61e0-44d8-aa58-aeb335c1731f,Burbank Residence,6511ed5a-0b7e-4bb6-9649-ad01012d4d68,Primo 12.5-1 208-240 (1),12.5,parsed_from_inverter_name,106.64,month,devwork
2024-07-18,0e19b9a5-61e0-44d8-aa58-aeb335c1731f,Burbank Residence,6511ed5a-0b7e-4bb6-9649-ad01012d4d68,Primo 12.5-1 208-240 (1),12.5,parsed_from_inverter_name,56.12,month,devwork
2024-07-19,0e19b9a5-61e0-44d8-aa58-aeb335c1731f,Burbank Residence,6511ed5a-0b7e-4bb6-9649-ad01012d4d68,Primo 12.5-1 208-240 (1),12.5,parsed_from_inverter_name,99.2,month,devwork
2024-07-20,0e19b9a5-61e0-44d8-aa58-aeb335c1731f,Burbank Residence,6511ed5a-0b7e-4bb6-9649-ad01012d4d68,Primo 12.5-1 208-240 (1),12.5,parsed_from_inverter_name,97.23,month,devwork
2024-07-21,0e19b9a5-61e0-44d8-aa58-aeb335c1731f,Burbank Residence,6511ed5a-0b7e-4bb6-9649-ad01012d4d68,Primo 12.5-1 208-240 (1),12.5,parsed_from_inverter_name,97.35,month,devwork
2024-07-22,0e19b9a5-61e0-44d8-aa58-aeb335c1731f,Burbank Residence,6511ed5a-0b7e-4bb6-9649-ad01012d4d68,Primo 12.5-1 208-240 (1),12.5,parsed_from_inverter_name,99.64,month,devwork
2024-07-23,0e19b9a5-61e0-44d8-aa58-aeb335c1731f,Burbank Residence,6511ed5a-0b7e-4bb6-9649-ad01012d4d68,Primo 12.5-1 208-240 (1),12.5,parsed_from_inverter_name,101.63,month,devwork
2024-07-24,0e19b9a5-61e0-44d8-aa58-aeb335c1731f,Burbank Residence,6511ed5a-0b7e-4bb6-9649-ad01012d4d68,Primo 12.5-1 208-240 (1),12.5,parsed_from_inverter_name,100.2,month,devwork
2024-07-25,0e19b9a5-61e0-44d8-aa58-aeb335c1731f,Burbank Residence,6511ed5a-0b7e-4bb6-9649-ad01012d4d68,Primo 12.5-1 208-240 (1),12.5,parsed_from_inverter_name,99.58,month,devwork
2024-07-26,0e19b9a5-61e0-44d8-aa58-aeb335c1731f,Burbank Residence,6511ed5a-0b7e-4bb6-9649-ad01012d4d68,Primo 12.5-1 208-240 (1),12.5,parsed_from_inverter_name,109.76,month,devwork
2024-07-27,0e19b9a5-61e0-44d8-aa58-aeb335c1731f,Burbank Residence,6511ed5a-0b7e-4bb6-9649-ad01012d4d68,Primo 12.5-1 208-240 (1),12.5,parsed_from_inverter_name,85.04,month,devwork
2024-07-28,0e19b9a5-61e0-44d8-aa58-aeb335c1731f,Burbank Residence,6511ed5a-0b7e-4bb6-9649-ad01012d4d68,Primo 12.5-1 208-240 (1),12.5,parsed_from_inverter_name,69.22,month,devwork
2024-07-29,0e19b9a5-61e0-44d8-aa58-aeb335c1731f,Burbank Residence,6511ed5a-0b7e-4bb6-9649-ad01012d4d68,Primo 12.5-1 208-240 (1),12.5,parsed_from_inverter_name,96.49,month,devwork
2024-07-30,0e19b9a5-61e0-44d8-aa58-aeb335c1731f,Burbank Residence,6511ed5a-0b7e-4bb6-9649-ad01012d4d68,Primo 12.5-1 208-240 (1),12.5,parsed_from_inverter_name,85.1,month,devwork
2024-07-31,0e19b9a5-61e0-44d8-aa58-aeb335c1731f,Burbank Residence,6511ed5a-0b7e-4bb6-9649-ad01012d4d68,Primo 12.5-1 208-240 (1),12.5,parsed_from_inverter_name,106.14,month,devwork
2024-08-01,0e19b9a5-61e0-44d8-aa58-aeb335c1731f,Burbank Residence,6511ed5a-0b7e-4bb6-9649-ad01012d4d68,Primo 12.5-1 208-240 (1),12.5,parsed_from_inverter_name,105.78,month,devwork
2024-08-02,0e19b9a5-61e0-44d8-aa58-aeb335c1731f,Burbank Residence,6511ed5a-0b7e-4bb6-9649-ad01012d4d68,Primo 12.5-1 208-240 (1),12.5,parsed_from_inverter_name,100.51,month,devwork
2024-08-03,0e19b9a5-61e0-44d8-aa58-aeb335c1731f,Burbank Residence,6511ed5a-0b7e-4bb6-9649-ad01012d4d68,Primo 12.5-1 208-240 (1),12.5,parsed_from_inverter_name,71.11,month,devwork
2024-08-04,0e19b9a5-61e0-44d8-aa58-aeb335c1731f,Burbank Residence,6511ed5a-0b7e-4bb6-9649-ad01012d4d68,Primo 12.5-1 208-240 (1),12.5,parsed_from_inverter_name,60.7,month,devwork
2024-08-05,0e19b9a5-61e0-44d8-aa58-aeb335c1731f,Burbank Residence,6511ed5a-0b7e-4bb6-9649-ad01012d4d68,Primo 12.5-1 208-240 (1),12.5,parsed_from_inverter_name,99.43,month,devwork
2024-08-06,0e19b9a5-61e0-44d8-aa58-aeb335c1731f,Burbank Residence,6511ed5a-0b7e-4bb6-9649-ad01012d4d68,Primo 12.5-1 208-240 (1),12.5,parsed_from_inverter_name,65.66,month,devwork
2024-08-07,0e19b9a5-61e0-44d8-aa58-aeb335c1731f,Burbank Residence,6511ed5a-0b7e-4bb6-9649-ad01012d4d68,Primo 12.5-1 208-240 (1),12.5,parsed_from_inverter_name,50.64,month,devwork
2024-08-08,0e19b9a5-61e0-44d8-aa58-aeb335c1731f,Burbank Residence,6511ed5a-0b7e-4bb6-9649-ad01012d4d68,Primo 12.5-1 208-240 (1),12.5,parsed_from_inverter_name,71.22,month,devwork
2024-08-09,0e19b9a5-61e0-44d8-aa58-aeb335c1731f,Burbank Residence,6511ed5a-0b7e-4bb6-9649-ad01012d4d68,Primo 12.5-1 208-240 (1),12.5,parsed_from_inverter_name,89.95,month,devwork
2024-08-10,0e19b9a5-61e0-44d8-aa58-aeb335c1731f,Burbank Residence,6511ed5a-0b7e-4bb6-9649-ad01012d4d68,Primo 12.5-1 208-240 (1),12.5,parsed_from_inverter_name,94.38,month,devwork
2024-08-11,0e19b9a5-61e0-44d8-aa58-aeb335c1731f,Burbank Residence,6511ed5a-0b7e-4bb6-9649-ad01012d4d68,Primo 12.5-1 208-240 (1),12.5,parsed_from_inverter_name,86.76,month,devwork
2024-08-12,0e19b9a5-61e0-44d8-aa58-aeb335c1731f,Burbank Residence,6511ed5a-0b7e-4bb6-9649-ad01012d4d68,Primo 12.5-1 208-240 (1),12.5,parsed_from_inverter_name,65.78,month,devwork
2024-08-13,0e19b9a5-61e0-44d8-aa58-aeb335c1731f,Burbank Residence,6511ed5a-0b7e-4bb6-9649-ad01012d4d68,Primo 12.5-1 208-240 (1),12.5,parsed_from_inverter_name,70.96,month,devwork
2024-08-14,0e19b9a5-61e0-44d8-aa58-aeb335c1731f,Burbank Residence,6511ed5a-0b7e-4bb6-9649-ad01012d4d68,Primo 12.5-1 208-240 (1),12.5,parsed_from_inverter_name,91.16,month,devwork
2024-08-15,0e19b9a5-61e0-44d8-aa58-aeb335c1731f,Burbank Residence,6511ed5a-0b7e-4bb6-9649-ad01012d4d68,Primo 12.5-1 208-240 (1),12.5,parsed_from_inverter_name,65.8,month,devwork
2024-08-16,0e19b9a5-61e0-44d8-aa58-aeb335c1731f,Burbank Residence,6511ed5a-0b7e-4bb6-9649-ad01012d4d68,Primo 12.5-1 208-240 (1),12.5,parsed_from_inverter_name,56.05,month,devwork
2024-08-17,0e19b9a5-61e0-44d8-aa58-aeb335c1731f,Burbank Residence,6511ed5a-0b7e-4bb6-9649-ad01012d4d68,Primo 12.5-1 208-240 (1),12.5,parsed_from_inverter_name,103.29,month,devwork
2024-08-18,0e19b9a5-61e0-44d8-aa58-aeb335c1731f,Burbank Residence,6511ed5a-0b7e-4bb6-9649-ad01012d4d68,Primo 12.5-1 208-240 (1),12.5,parsed_from_inverter_name,83.43,month,devwork
2024-08-19,0e19b9a5-61e0-44d8-aa58-aeb335c1731f,Burbank Residence,6511ed5a-0b7e-4bb6-9649-ad01012d4d68,Primo 12.5-1 208-240 (1),12.5,parsed_from_inverter_name,90.15,month,devwork
2024-08-20,0e19b9a5-61e0-44d8-aa58-aeb335c1731f,Burbank Residence,6511ed5a-0b7e-4bb6-9649-ad01012d4d68,Primo 12.5-1 208-240 (1),12.5,parsed_from_inverter_name,88.04,month,devwork
2024-08-21,0e19b9a5-61e0-44d8-aa58-aeb335c1731f,Burbank Residence,6511ed5a-0b7e-4bb6-9649-ad01012d4d68,Primo 12.5-1 208-240 (1),12.5,parsed_from_inverter_name,85.03,month,devwork
2024-08-22,0e19b9a5-61e0-44d8-aa58-aeb335c1731f,Burbank Residence,6511ed5a-0b7e-4bb6-9649-ad01012d4d68,Primo 12.5-1 208-240 (1),12.5,parsed_from_inverter_name,98.03,month,devwork
2024-08-23,0e19b9a5-61e0-44d8-aa58-aeb335c1731f,Burbank Residence,6511ed5a-0b7e-4bb6-9649-ad01012d4d68,Primo 12.5-1 208-240 (1),12.5,parsed_from_inverter_name,80.89,month,devwork
2024-08-24,0e19b9a5-61e0-44d8-aa58-aeb335c1731f,Burbank Residence,6511ed5a-0b7e-4bb6-9649-ad01012d4d68,Primo 12.5-1 208-240 (1),12.5,parsed_from_inverter_name,95.39,month,devwork
2024-08-25,0e19b9a5-61e0-44d8-aa58-aeb335c1731f,Burbank Residence,6511ed5a-0b7e-4bb6-9649-ad01012d4d68,Primo 12.5-1 208-240 (1),12.5,parsed_from_inverter_name,95.39,month,devwork
2024-08-26,0e19b9a5-61e0-44d8-aa58-aeb335c1731f,Burbank Residence,6511ed5a-0b7e-4bb6-9649-ad01012d4d68,Primo 12.5-1 208-240 (1),12.5,parsed_from_inverter_name,98.42,month,devwork
2024-08-27,0e19b9a5-61e0-44d8-aa58-aeb335c1731f,Burbank Residence,6511ed5a-0b7e-4bb6-9649-ad01012d4d68,Primo 12.5-1 208-240 (1),12.5,parsed_from_inverter_name,44.25,month,devwork
2024-08-28,0e19b9a5-61e0-44d8-aa58-aeb335c1731f,Burbank Residence,6511ed5a-0b7e-4bb6-9649-ad01012d4d68,Primo 12.5-1 208-240 (1),12.5,parsed_from_inverter_name,6.52,month,devwork
2024-08-29,0e19b9a5-61e0-44d8-aa58-aeb335c1731f,Burbank Residence,6511ed5a-0b7e-4bb6-9649-ad01012d4d68,Primo 12.5-1 208-240 (1),12.5,parsed_from_inverter_name,98.99,month,devwork
2024-08-30,0e19b9a5-61e0-44d8-aa58-aeb335c1731f,Burbank Residence,6511ed5a-0b7e-4bb6-9649-ad01012d4d68,Primo 12.5-1 208-240 (1),12.5,parsed_from_inverter_name,96.09,month,devwork
2024-08-31,0e19b9a5-61e0-44d8-aa58-aeb335c1731f,Burbank Residence,6511ed5a-0b7e-4bb6-9649-ad01012d4d68,Primo 12.5-1 208-240 (1),12.5,parsed_from_inverter_name,94.18,month,devwork
2024-09-01,0e19b9a5-61e0-44d8-aa58-aeb335c1731f,Burbank Residence,6511ed5a-0b7e-4bb6-9649-ad01012d4d68,Primo 12.5-1 208-240 (1),12.5,parsed_from_inverter_name,90.66,month,devwork
2024-09-02,0e19b9a5-61e0-44d8-aa58-aeb335c1731f,Burbank Residence,6511ed5a-0b7e-4bb6-9649-ad01012d4d68,Primo 12.5-1 208-240 (1),12.5,parsed_from_inverter_name,88.15,month,devwork
2024-09-03,0e19b9a5-61e0-44d8-aa58-aeb335c1731f,Burbank Residence,6511ed5a-0b7e-4bb6-9649-ad01012d4d68,Primo 12.5-1 208-240 (1),12.5,parsed_from_inverter_name,78.6,month,devwork
2024-09-04,0e19b9a5-61e0-44d8-aa58-aeb335c1731f,Burbank Residence,6511ed5a-0b7e-4bb6-9649-ad01012d4d68,Primo 12.5-1 208-240 (1),12.5,parsed_from_inverter_name,67.88,month,devwork
2024-09-05,0e19b9a5-61e0-44d8-aa58-aeb335c1731f,Burbank Residence,6511ed5a-0b7e-4bb6-9649-ad01012d4d68,Primo 12.5-1 208-240 (1),12.5,parsed_from_inverter_name,89.36,month,devwork
2024-09-06,0e19b9a5-61e0-44d8-aa58-aeb335c1731f,Burbank Residence,6511ed5a-0b7e-4bb6-9649-ad01012d4d68,Primo 12.5-1 208-240 (1),12.5,parsed_from_inverter_name,89.82,month,devwork
2024-09-07,0e19b9a5-61e0-44d8-aa58-aeb335c1731f,Burbank Residence,6511ed5a-0b7e-4bb6-9649-ad01012d4d68,Primo 12.5-1 208-240 (1),12.5,parsed_from_inverter_name,88.87,month,devwork
2024-09-08,0e19b9a5-61e0-44d8-aa58-aeb335c1731f,Burbank Residence,6511ed5a-0b7e-4bb6-9649-ad01012d4d68,Primo 12.5-1 208-240 (1),12.5,parsed_from_inverter_name,83.92,month,devwork
2024-09-09,0e19b9a5-61e0-44d8-aa58-aeb335c1731f,Burbank Residence,6511ed5a-0b7e-4bb6-9649-ad01012d4d68,Primo 12.5-1 208-240 (1),12.5,parsed_from_inverter_name,57.94,month,devwork
2024-09-10,0e19b9a5-61e0-44d8-aa58-aeb335c1731f,Burbank Residence,6511ed5a-0b7e-4bb6-9649-ad01012d4d68,Primo 12.5-1 208-240 (1),12.5,parsed_from_inverter_name,80.05,month,devwork
2024-09-11,0e19b9a5-61e0-44d8-aa58-aeb335c1731f,Burbank Residence,6511ed5a-0b7e-4bb6-9649-ad01012d4d68,Primo 12.5-1 208-240 (1),12.5,parsed_from_inverter_name,32.77,month,devwork
2024-09-12,0e19b9a5-61e0-44d8-aa58-aeb335c1731f,Burbank Residence,6511ed5a-0b7e-4bb6-9649-ad01012d4d68,Primo 12.5-1 208-240 (1),12.5,parsed_from_inverter_name,5.98,month,devwork
2024-09-13,0e19b9a5-61e0-44d8-aa58-aeb335c1731f,Burbank Residence,6511ed5a-0b7e-4bb6-9649-ad01012d4d68,Primo 12.5-1 208-240 (1),12.5,parsed_from_inverter_name,59.58,month,devwork
2024-09-14,0e19b9a5-61e0-44d8-aa58-aeb335c1731f,Burbank Residence,6511ed5a-0b7e-4bb6-9649-ad01012d4d68,Primo 12.5-1 208-240 (1),12.5,parsed_from_inverter_name,1.72,month,devwork
