provider,date,site_id,site_name,inverter_id,inverter_name,inverter_serial,inverter_model,inverter_rated_kw,inverter_rating_source,daily_energy_kwh,sun_hours,revenue_amount
fronius,2024-05-01,a93e4e65-6f50-4a8f-a7e3-99abdfcf11e9,Penner Farms - 33-8-13 pump (site 3),fc5ec049-e0c5-4028-9ffe-ae040131554a,Symo  24.0-3 480 (1),,,24.0,parsed_from_inverter_name,73.11,,
fronius,2024-05-01,a93e4e65-6f50-4a8f-a7e3-99abdfcf11e9,Penner Farms - 33-8-13 pump (site 3),720c11c1-519e-4635-aa64-ae0401315554,Symo  24.0-3 480 (5),,,24.0,parsed_from_inverter_name,73.54,,
fronius,2024-05-01,a93e4e65-6f50-4a8f-a7e3-99abdfcf11e9,Penner Farms - 33-8-13 pump (site 3),5e62605a-bcfd-40e2-9800-ae0401315562,Symo  24.0-3 480 (6),,,24.0,parsed_from_inverter_name,72.63,,
fronius,2024-05-01,a93e4e65-6f50-4a8f-a7e3-99abdfcf11e9,Penner Farms - 33-8-13 pump (site 3),9e930636-d5a2-4a25-8fd9-ae0401315583,Symo  24.0-3 480 (8),,,24.0,parsed_from_inverter_name,73.5,,
fronius,2024-05-01,a93e4e65-6f50-4a8f-a7e3-99abdfcf11e9,Penner Farms - 33-8-13 pump (site 3),65ec44a7-931c-4a8a-a211-ae0401315570,Symo 24.0-3 480 (7),,,24.0,parsed_from_inverter_name,73.01,,
fronius,2024-05-02,a93e4e65-6f50-4a8f-a7e3-99abdfcf11e9,Penner Farms - 33-8-13 pump (site 3),fc5ec049-e0c5-4028-9ffe-ae040131554a,Symo  24.0-3 480 (1),,,24.0,parsed_from_inverter_name,71.81,,
fronius,2024-05-02,a93e4e65-6f50-4a8f-a7e3-99abdfcf11e9,Penner Farms - 33-8-13 pump (site 3),720c11c1-519e-4635-aa64-ae0401315554,Symo  24.0-3 480 (5),,,24.0,parsed_from_inverter_name,72.17,,
fronius,2024-05-02,a93e4e65-6f50-4a8f-a7e3-99abdfcf11e9,Penner Farms - 33-8-13 pump (site 3),5e62605a-bcfd-40e2-9800-ae0401315562,Symo  24.0-3 480 (6),,,24.0,parsed_from_inverter_name,70.76,,
fronius,2024-05-02,a93e4e65-6f50-4a8f-a7e3-99abdfcf11e9,Penner Farms - 33-8-13 pump (site 3),9e930636-d5a2-4a25-8fd9-ae0401315583,Symo  24.0-3 480 (8),,,24.0,parsed_from_inverter_name,71.88,,
fronius,2024-05-02,a93e4e65-6f50-4a8f-a7e3-99abdfcf11e9,Penner Farms - 33-8-13 pump (site 3),65ec44a7-931c-4a8a-a211-ae0401315570,Symo 24.0-3 480 (7),,,24.0,parsed_from_inverter_name,71.81,,
fronius,2024-05-03,a93e4e65-6f50-4a8f-a7e3-99abdfcf11e9,Penner Farms - 33-8-13 pump (site 3),fc5ec049-e0c5-4028-9ffe-ae040131554a,Symo  24.0-3 480 (1),,,24.0,parsed_from_inverter_name,106.07,,
fronius,2024-05-03,a93e4e65-6f50-4a8f-a7e3-99abdfcf11e9,Penner Farms - 33-8-13 pump (site 3),720c11c1-519e-4635-aa64-ae0401315554,Symo  24.0-3 480 (5),,,24.0,parsed_from_inverter_name,152.74,,
fronius,2024-05-03,a93e4e65-6f50-4a8f-a7e3-99abdfcf11e9,Penner Farms - 33-8-13 pump (site 3),5e62605a-bcfd-40e2-9800-ae0401315562,Symo  24.0-3 480 (6),,,24.0,parsed_from_inverter_name,154.16,,
fronius,2024-05-03,a93e4e65-6f50-4a8f-a7e3-99abdfcf11e9,Penner Farms - 33-8-13 pump (site 3),9e930636-d5a2-4a25-8fd9-ae0401315583,Symo  24.0-3 480 (8),,,24.0,parsed_from_inverter_name,156.89,,
fronius,2024-05-03,a93e4e65-6f50-4a8f-a7e3-99abdfcf11e9,Penner Farms - 33-8-13 pump (site 3),65ec44a7-931c-4a8a-a211-ae0401315570,Symo 24.0-3 480 (7),,,24.0,parsed_from_inverter_name,156.52,,
fronius,2024-05-04,a93e4e65-6f50-4a8f-a7e3-99abdfcf11e9,Penner Farms - 33-8-13 pump (site 3),fc5ec049-e0c5-4028-9ffe-ae040131554a,Symo  24.0-3 480 (1),,,24.0,parsed_from_inverter_name,179.58,,
fronius,2024-05-04,a93e4e65-6f50-4a8f-a7e3-99abdfcf11e9,Penner Farms - 33-8-13 pump (site 3),720c11c1-519e-4635-aa64-ae0401315554,Symo  24.0-3 480 (5),,,24.0,parsed_from_inverter_name,190.13,,
fronius,2024-05-04,a93e4e65-6f50-4a8f-a7e3-99abdfcf11e9,Penner Farms - 33-8-13 pump (site 3),5e62605a-bcfd-40e2-9800-ae0401315562,Symo  24.0-3 480 (6),,,24.0,parsed_from_inverter_name,187.05,,
fronius,2024-05-04,a93e4e65-6f50-4a8f-a7e3-99abdfcf11e9,Penner Farms - 33-8-13 pump (site 3),9e930636-d5a2-4a25-8fd9-ae0401315583,Symo  24.0-3 480 (8),,,24.0,parsed_from_inverter_name,191.09,,
fronius,2024-05-04,a93e4e65-6f50-4a8f-a7e3-99abdfcf11e9,Penner Farms - 33-8-13 pump (site 3),65ec44a7-931c-4a8a-a211-ae0401315570,Symo 24.0-3 480 (7),,,24.0,parsed_from_inverter_name,188.91,,
fronius,2024-05-05,a93e4e65-6f50-4a8f-a7e3-99abdfcf11e9,Penner Farms - 33-8-13 pump (site 3),fc5ec049-e0c5-4028-9ffe-ae040131554a,Symo  24.0-3 480 (1),,,24.0,parsed_from_inverter_name,93.45,,
fronius,2024-05-05,a93e4e65-6f50-4a8f-a7e3-99abdfcf11e9,Penner Farms - 33-8-13 pump (site 3),720c11c1-519e-4635-aa64-ae0401315554,Symo  24.0-3 480 (5),,,24.0,parsed_from_inverter_name,93.54,,
fronius,2024-05-05,a93e4e65-6f50-4a8f-a7e3-99abdfcf11e9,Penner Farms - 33-8-13 pump (site 3),5e62605a-bcfd-40e2-9800-ae0401315562,Symo  24.0-3 480 (6),,,24.0,parsed_from_inverter_name,92.3,,
fronius,2024-05-05,a93e4e65-6f50-4a8f-a7e3-99abdfcf11e9,Penner Farms - 33-8-13 pump (site 3),9e930636-d5a2-4a25-8fd9-ae0401315583,Symo  24.0-3 480 (8),,,24.0,parsed_from_inverter_name,93.4,,
fronius,2024-05-05,a93e4e65-6f50-4a8f-a7e3-99abdfcf11e9,Penner Farms - 33-8-13 pump (site 3),65ec44a7-931c-4a8a-a211-ae0401315570,Symo 24.0-3 480 (7),,,24.0,parsed_from_inverter_name,92.62,,
fronius,2024-05-06,a93e4e65-6f50-4a8f-a7e3-99abdfcf11e9,Penner Farms - 33-8-13 pump (site 3),fc5ec049-e0c5-4028-9ffe-ae040131554a,Symo  24.0-3 480 (1),,,24.0,parsed_from_inverter_name,127.78,,
fronius,2024-05-06,a93e4e65-6f50-4a8f-a7e3-99abdfcf11e9,Penner Farms - 33-8-13 pump (site 3),720c11c1-519e-4635-aa64-ae0401315554,Symo  24.0-3 480 (5),,,24.0,parsed_from_inverter_name,128.05,,
fronius,2024-05-06,a93e4e65-6f50-4a8f-a7e3-99abdfcf11e9,Penner Farms - 33-8-13 pump (site 3),5e62605a-bcfd-40e2-9800-ae0401315562,Symo  24.0-3 480 (6),,,24.0,parsed_from_inverter_name,126.82,,
fronius,2024-05-06,a93e4e65-6f50-4a8f-a7e3-99abdfcf11e9,Penner Farms - 33-8-13 pump (site 3),9e930636-d5a2-4a25-8fd9-ae0401315583,Symo  24.0-3 480 (8),,,24.0,parsed_from_inverter_name,128.1,,
fronius,2024-05-06,a93e4e65-6f50-4a8f-a7e3-99abdfcf11e9,Penner Farms - 33-8-13 pump (site 3),65ec44a7-931c-4a8a-a211-ae0401315570,Symo 24.0-3 480 (7),,,24.0,parsed_from_inverter_name,127.74,,
fronius,2024-05-07,a93e4e65-6f50-4a8f-a7e3-99abdfcf11e9,Penner Farms - 33-8-13 pump (site 3),fc5ec049-e0c5-4028-9ffe-ae040131554a,Symo  24.0-3 480 (1),,,24.0,parsed_from_inverter_name,17.94,,
fronius,2024-05-07,a93e4e65-6f50-4a8f-a7e3-99abdfcf11e9,Penner Farms - 33-8-13 pump (site 3),720c11c1-519e-4635-aa64-ae0401315554,Symo  24.0-3 480 (5),,,24.0,parsed_from_inverter_name,17.98,,
fronius,2024-05-07,a93e4e65-6f50-4a8f-a7e3-99abdfcf11e9,Penner Farms - 33-8-13 pump (site 3),5e62605a-bcfd-40e2-9800-ae0401315562,Symo  24.0-3 480 (6),,,24.0,parsed_from_inverter_name,17.8,,
fronius,2024-05-07,a93e4e65-6f50-4a8f-a7e3-99abdfcf11e9,Penner Farms - 33-8-13 pump (site 3),9e930636-d5a2-4a25-8fd9-ae0401315583,Symo  24.0-3 480 (8),,,24.0,parsed_from_inverter_name,18.0,,
fronius,2024-05-07,a93e4e65-6f50-4a8f-a7e3-99abdfcf11e9,Penner Farms - 33-8-13 pump (site 3),65ec44a7-931c-4a8a-a211-ae0401315570,Symo 24.0-3 480 (7),,,24.0,parsed_from_inverter_name,18.05,,
fronius,2024-05-08,a93e4e65-6f50-4a8f-a7e3-99abdfcf11e9,Penner Farms - 33-8-13 pump (site 3),fc5ec049-e0c5-4028-9ffe-ae040131554a,Symo  24.0-3 480 (1),,,24.0,parsed_from_inverter_name,32.96,,
fronius,2024-05-08,a93e4e65-6f50-4a8f-a7e3-99abdfcf11e9,Penner Farms - 33-8-13 pump (site 3),720c11c1-519e-4635-aa64-ae0401315554,Symo  24.0-3 480 (5),,,24.0,parsed_from_inverter_name,33.09,,
fronius,2024-05-08,a93e4e65-6f50-4a8f-a7e3-99abdfcf11e9,Penner Farms - 33-8-13 pump (site 3),5e62605a-bcfd-40e2-9800-ae0401315562,Symo  24.0-3 480 (6),,,24.0,parsed_from_inverter_name,32.63,,
fronius,2024-05-08,a93e4e65-6f50-4a8f-a7e3-99abdfcf11e9,Penner Farms - 33-8-13 pump (site 3),9e930636-d5a2-4a25-8fd9-ae0401315583,Symo  24.0-3 480 (8),,,24.0,parsed_from_inverter_name,33.1,,
fronius,2024-05-08,a93e4e65-6f50-4a8f-a7e3-99abdfcf11e9,Penner Farms - 33-8-13 pump (site 3),65ec44a7-931c-4a8a-a211-ae0401315570,Symo 24.0-3 480 (7),,,24.0,parsed_from_inverter_name,32.83,,
fronius,2024-05-09,a93e4e65-6f50-4a8f-a7e3-99abdfcf11e9,Penner Farms - 33-8-13 pump (site 3),fc5ec049-e0c5-4028-9ffe-ae040131554a,Symo  24.0-3 480 (1),,,24.0,parsed_from_inverter_name,201.49,,
fronius,2024-05-09,a93e4e65-6f50-4a8f-a7e3-99abdfcf11e9,Penner Farms - 33-8-13 pump (site 3),720c11c1-519e-4635-aa64-ae0401315554,Symo  24.0-3 480 (5),,,24.0,parsed_from_inverter_name,201.35,,
fronius,2024-05-09,a93e4e65-6f50-4a8f-a7e3-99abdfcf11e9,Penner Farms - 33-8-13 pump (site 3),5e62605a-bcfd-40e2-9800-ae0401315562,Symo  24.0-3 480 (6),,,24.0,parsed_from_inverter_name,200.69,,
fronius,2024-05-09,a93e4e65-6f50-4a8f-a7e3-99abdfcf11e9,Penner Farms - 33-8-13 pump (site 3),9e930636-d5a2-4a25-8fd9-ae0401315583,Symo  24.0-3 480 (8),,,24.0,parsed_from_inverter_name,202.3,,
fronius,2024-05-09,a93e4e65-6f50-4a8f-a7e3-99abdfcf11e9,Penner Farms - 33-8-13 pump (site 3),65ec44a7-931c-4a8a-a211-ae0401315570,Symo 24.0-3 480 (7),,,24.0,parsed_from_inverter_name,201.56,,
fronius,2024-05-10,a93e4e65-6f50-4a8f-a7e3-99abdfcf11e9,Penner Farms - 33-8-13 pump (site 3),fc5ec049-e0c5-4028-9ffe-ae040131554a,Symo  24.0-3 480 (1),,,24.0,parsed_from_inverter_name,184.03,,
fronius,2024-05-10,a93e4e65-6f50-4a8f-a7e3-99abdfcf11e9,Penner Farms - 33-8-13 pump (site 3),720c11c1-519e-4635-aa64-ae0401315554,Symo  24.0-3 480 (5),,,24.0,parsed_from_inverter_name,195.09,,
fronius,2024-05-10,a93e4e65-6f50-4a8f-a7e3-99abdfcf11e9,Penner Farms - 33-8-13 pump (site 3),5e62605a-bcfd-40e2-9800-ae0401315562,Symo  24.0-3 480 (6),,,24.0,parsed_from_inverter_name,192.65,,
fronius,2024-05-10,a93e4e65-6f50-4a8f-a7e3-99abdfcf11e9,Penner Farms - 33-8-13 pump (site 3),9e930636-d5a2-4a25-8fd9-ae0401315583,Symo  24.0-3 480 (8),,,24.0,parsed_from_inverter_name,197.83,,
fronius,2024-05-10,a93e4e65-6f50-4a8f-a7e3-99abdfcf11e9,Penner Farms - 33-8-13 pump (site 3),65ec44a7-931c-4a8a-a211-ae0401315570,Symo 24.0-3 480 (7),,,24.0,parsed_from_inverter_name,196.78,,
fronius,2024-05-11,a93e4e65-6f50-4a8f-a7e3-99abdfcf11e9,Penner Farms - 33-8-13 pump (site 3),fc5ec049-e0c5-4028-9ffe-ae040131554a,Symo  24.0-3 480 (1),,,24.0,parsed_from_inverter_name,98.84,,
fronius,2024-05-11,a93e4e65-6f50-4a8f-a7e3-99abdfcf11e9,Penner Farms - 33-8-13 pump (site 3),720c11c1-519e-4635-aa64-ae0401315554,Symo  24.0-3 480 (5),,,24.0,parsed_from_inverter_name,187.54,,
fronius,2024-05-11,a93e4e65-6f50-4a8f-a7e3-99abdfcf11e9,Penner Farms - 33-8-13 pump (site 3),5e62605a-bcfd-40e2-9800-ae0401315562,Symo  24.0-3 480 (6),,,24.0,parsed_from_inverter_name,184.39,,
fronius,2024-05-11,a93e4e65-6f50-4a8f-a7e3-99abdfcf11e9,Penner Farms - 33-8-13 pump (site 3),9e930636-d5a2-4a25-8fd9-ae0401315583,Symo  24.0-3 480 (8),,,24.0,parsed_from_inverter_name,190.85,,
fronius,2024-05-11,a93e4e65-6f50-4a8f-a7e3-99abdfcf11e9,Penner Farms - 33-8-13 pump (site 3),65ec44a7-931c-4a8a-a211-ae0401315570,Symo 24.0-3 480 (7),,,24.0,parsed_from_inverter_name,189.99,,
fronius,2024-05-12,a93e4e65-6f50-4a8f-a7e3-99abdfcf11e9,Penner Farms - 33-8-13 pump (site 3),fc5ec049-e0c5-4028-9ffe-ae040131554a,Symo  24.0-3 480 (1),,,24.0,parsed_from_inverter_name,146.4,,
fronius,2024-05-12,a93e4e65-6f50-4a8f-a7e3-99abdfcf11e9,Penner Farms - 33-8-13 pump (site 3),720c11c1-519e-4635-aa64-ae0401315554,Symo  24.0-3 480 (5),,,24.0,parsed_from_inverter_name,178.58,,
fronius,2024-05-12,a93e4e65-6f50-4a8f-a7e3-99abdfcf11e9,Penner Farms - 33-8-13 pump (site 3),5e62605a-bcfd-40e2-9800-ae0401315562,Symo  24.0-3 480 (6),,,24.0,parsed_from_inverter_name,175.31,,
fronius,2024-05-12,a93e4e65-6f50-4a8f-a7e3-99abdfcf11e9,Penner Farms - 33-8-13 pump (site 3),9e930636-d5a2-4a25-8fd9-ae0401315583,Symo  24.0-3 480 (8),,,24.0,parsed_from_inverter_name,178.68,,
fronius,2024-05-12,a93e4e65-6f50-4a8f-a7e3-99abdfcf11e9,Penner Farms - 33-8-13 pump (site 3),65ec44a7-931c-4a8a-a211-ae0401315570,Symo 24.0-3 480 (7),,,24.0,parsed_from_inverter_name,175.82,,
fronius,2024-05-13,a93e4e65-6f50-4a8f-a7e3-99abdfcf11e9,Penner Farms - 33-8-13 pump (site 3),fc5ec049-e0c5-4028-9ffe-ae040131554a,Symo  24.0-3 480 (1),,,24.0,parsed_from_inverter_name,117.47,,
fronius,2024-05-13,a93e4e65-6f50-4a8f-a7e3-99abdfcf11e9,Penner Farms - 33-8-13 pump (site 3),720c11c1-519e-4635-aa64-ae0401315554,Symo  24.0-3 480 (5),,,24.0,parsed_from_inverter_name,139.57,,
fronius,2024-05-13,a93e4e65-6f50-4a8f-a7e3-99abdfcf11e9,Penner Farms - 33-8-13 pump (site 3),5e62605a-bcfd-40e2-9800-ae0401315562,Symo  24.0-3 480 (6),,,24.0,parsed_from_inverter_name,136.49,,
fronius,2024-05-13,a93e4e65-6f50-4a8f-a7e3-99abdfcf11e9,Penner Farms - 33-8-13 pump (site 3),9e930636-d5a2-4a25-8fd9-ae0401315583,Symo  24.0-3 480 (8),,,24.0,parsed_from_inverter_name,139.38,,
fronius,2024-05-13,a93e4e65-6f50-4a8f-a7e3-99abdfcf11e9,Penner Farms - 33-8-13 pump (site 3),65ec44a7-931c-4a8a-a211-ae0401315570,Symo 24.0-3 480 (7),,,24.0,parsed_from_inverter_name,139.13,,
fronius,2024-05-14,a93e4e65-6f50-4a8f-a7e3-99abdfcf11e9,Penner Farms - 33-8-13 pump (site 3),fc5ec049-e0c5-4028-9ffe-ae040131554a,Symo  24.0-3 480 (1),,,24.0,parsed_from_inverter_name,110.07,,
fronius,2024-05-14,a93e4e65-6f50-4a8f-a7e3-99abdfcf11e9,Penner Farms - 33-8-13 pump (site 3),720c11c1-519e-4635-aa64-ae0401315554,Symo  24.0-3 480 (5),,,24.0,parsed_from_inverter_name,147.8,,
fronius,2024-05-14,a93e4e65-6f50-4a8f-a7e3-99abdfcf11e9,Penner Farms - 33-8-13 pump (site 3),5e62605a-bcfd-40e2-9800-ae0401315562,Symo  24.0-3 480 (6),,,24.0,parsed_from_inverter_name,144.53,,
fronius,2024-05-14,a93e4e65-6f50-4a8f-a7e3-99abdfcf11e9,Penner Farms - 33-8-13 pump (site 3),9e930636-d5a2-4a25-8fd9-ae0401315583,Symo  24.0-3 480 (8),,,24.0,parsed_from_inverter_name,148.37,,
fronius,2024-05-14,a93e4e65-6f50-4a8f-a7e3-99abdfcf11e9,Penner Farms - 33-8-13 pump (site 3),65ec44a7-931c-4a8a-a211-ae0401315570,Symo 24.0-3 480 (7),,,24.0,parsed_from_inverter_name,147.61,,
fronius,2024-05-15,a93e4e65-6f50-4a8f-a7e3-99abdfcf11e9,Penner Farms - 33-8-13 pump (site 3),fc5ec049-e0c5-4028-9ffe-ae040131554a,Symo  24.0-3 480 (1),,,24.0,parsed_from_inverter_name,163.95,,
fronius,2024-05-15,a93e4e65-6f50-4a8f-a7e3-99abdfcf11e9,Penner Farms - 33-8-13 pump (site 3),720c11c1-519e-4635-aa64-ae0401315554,Symo  24.0-3 480 (5),,,24.0,parsed_from_inverter_name,165.84,,
fronius,2024-05-15,a93e4e65-6f50-4a8f-a7e3-99abdfcf11e9,Penner Farms - 33-8-13 pump (site 3),5e62605a-bcfd-40e2-9800-ae0401315562,Symo  24.0-3 480 (6),,,24.0,parsed_from_inverter_name,164.61,,
fronius,2024-05-15,a93e4e65-6f50-4a8f-a7e3-99abdfcf11e9,Penner Farms - 33-8-13 pump (site 3),9e930636-d5a2-4a25-8fd9-ae0401315583,Symo  24.0-3 480 (8),,,24.0,parsed_from_inverter_name,166.72,,
fronius,2024-05-15,a93e4e65-6f50-4a8f-a7e3-99abdfcf11e9,Penner Farms - 33-8-13 pump (site 3),65ec44a7-931c-4a8a-a211-ae0401315570,Symo 24.0-3 480 (7),,,24.0,parsed_from_inverter_name,165.38,,
fronius,2024-05-16,a93e4e65-6f50-4a8f-a7e3-99abdfcf11e9,Penner Farms - 33-8-13 pump (site 3),fc5ec049-e0c5-4028-9ffe-ae040131554a,Symo  24.0-3 480 (1),,,24.0,parsed_from_inverter_name,111.63,,
fronius,2024-05-16,a93e4e65-6f50-4a8f-a7e3-99abdfcf11e9,Penner Farms - 33-8-13 pump (site 3),720c11c1-519e-4635-aa64-ae0401315554,Symo  24.0-3 480 (5),,,24.0,parsed_from_inverter_name,144.2,,
fronius,2024-05-16,a93e4e65-6f50-4a8f-a7e3-99abdfcf11e9,Penner Farms - 33-8-13 pump (site 3),5e62605a-bcfd-40e2-9800-ae0401315562,Symo  24.0-3 480 (6),,,24.0,parsed_from_inverter_name,145.35,,
fronius,2024-05-16,a93e4e65-6f50-4a8f-a7e3-99abdfcf11e9,Penner Farms - 33-8-13 pump (site 3),9e930636-d5a2-4a25-8fd9-ae0401315583,Symo  24.0-3 480 (8),,,24.0,parsed_from_inverter_name,146.57,,
fronius,2024-05-16,a93e4e65-6f50-4a8f-a7e3-99abdfcf11e9,Penner Farms - 33-8-13 pump (site 3),65ec44a7-931c-4a8a-a211-ae0401315570,Symo 24.0-3 480 (7),,,24.0,parsed_from_inverter_name,145.72,,
fronius,2024-05-17,a93e4e65-6f50-4a8f-a7e3-99abdfcf11e9,Penner Farms - 33-8-13 pump (site 3),fc5ec049-e0c5-4028-9ffe-ae040131554a,Symo  24.0-3 480 (1),,,24.0,parsed_from_inverter_name,67.6,,
fronius,2024-05-17,a93e4e65-6f50-4a8f-a7e3-99abdfcf11e9,Penner Farms - 33-8-13 pump (site 3),720c11c1-519e-4635-aa64-ae0401315554,Symo  24.0-3 480 (5),,,24.0,parsed_from_inverter_name,67.7,,
fronius,2024-05-17,a93e4e65-6f50-4a8f-a7e3-99abdfcf11e9,Penner Farms - 33-8-13 pump (site 3),5e62605a-bcfd-40e2-9800-ae0401315562,Symo  24.0-3 480 (6),,,24.0,parsed_from_inverter_name,67.14,,
fronius,2024-05-17,a93e4e65-6f50-4a8f-a7e3-99abdfcf11e9,Penner Farms - 33-8-13 pump (site 3),9e930636-d5a2-4a25-8fd9-ae0401315583,Symo  24.0-3 480 (8),,,24.0,parsed_from_inverter_name,67.63,,
fronius,2024-05-17,a93e4e65-6f50-4a8f-a7e3-99abdfcf11e9,Penner Farms - 33-8-13 pump (site 3),65ec44a7-931c-4a8a-a211-ae0401315570,Symo 24.0-3 480 (7),,,24.0,parsed_from_inverter_name,67.16,,
fronius,2024-05-18,a93e4e65-6f50-4a8f-a7e3-99abdfcf11e9,Penner Farms - 33-8-13 pump (site 3),fc5ec049-e0c5-4028-9ffe-ae040131554a,Symo  24.0-3 480 (1),,,24.0,parsed_from_inverter_name,108.26,,
fronius,2024-05-18,a93e4e65-6f50-4a8f-a7e3-99abdfcf11e9,Penner Farms - 33-8-13 pump (site 3),720c11c1-519e-4635-aa64-ae0401315554,Symo  24.0-3 480 (5),,,24.0,parsed_from_inverter_name,156.85,,
fronius,2024-05-18,a93e4e65-6f50-4a8f-a7e3-99abdfcf11e9,Penner Farms - 33-8-13 pump (site 3),5e62605a-bcfd-40e2-9800-ae0401315562,Symo  24.0-3 480 (6),,,24.0,parsed_from_inverter_name,155.53,,
fronius,2024-05-18,a93e4e65-6f50-4a8f-a7e3-99abdfcf11e9,Penner Farms - 33-8-13 pump (site 3),9e930636-d5a2-4a25-8fd9-ae0401315583,Symo  24.0-3 480 (8),,,24.0,parsed_from_inverter_name,156.63,,
fronius,2024-05-18,a93e4e65-6f50-4a8f-a7e3-99abdfcf11e9,Penner Farms - 33-8-13 pump (site 3),65ec44a7-931c-4a8a-a211-ae0401315570,Symo 24.0-3 480 (7),,,24.0,parsed_from_inverter_name,155.68,,
fronius,2024-05-19,a93e4e65-6f50-4a8f-a7e3-99abdfcf11e9,Penner Farms - 33-8-13 pump (site 3),fc5ec049-e0c5-4028-9ffe-ae040131554a,Symo  24.0-3 480 (1),,,24.0,parsed_from_inverter_name,89.17,,
fronius,2024-05-19,a93e4e65-6f50-4a8f-a7e3-99abdfcf11e9,Penner Farms - 33-8-13 pump (site 3),720c11c1-519e-4635-aa64-ae0401315554,Symo  24.0-3 480 (5),,,24.0,parsed_from_inverter_name,133.17,,
fronius,2024-05-19,a93e4e65-6f50-4a8f-a7e3-99abdfcf11e9,Penner Farms - 33-8-13 pump (site 3),5e62605a-bcfd-40e2-9800-ae0401315562,Symo  24.0-3 480 (6),,,24.0,parsed_from_inverter_name,130.0,,
fronius,2024-05-19,a93e4e65-6f50-4a8f-a7e3-99abdfcf11e9,Penner Farms - 33-8-13 pump (site 3),9e930636-d5a2-4a25-8fd9-ae0401315583,Symo  24.0-3 480 (8),,,24.0,parsed_from_inverter_name,133.6,,
fronius,2024-05-19,a93e4e65-6f50-4a8f-a7e3-99abdfcf11e9,Penner Farms - 33-8-13 pump (site 3),65ec44a7-931c-4a8a-a211-ae0401315570,Symo 24.0-3 480 (7),,,24.0,parsed_from_inverter_name,132.6,,
fronius,2024-05-20,a93e4e65-6f50-4a8f-a7e3-99abdfcf11e9,Penner Farms - 33-8-13 pump (site 3),fc5ec049-e0c5-4028-9ffe-ae040131554a,Symo  24.0-3 480 (1),,,24.0,parsed_from_inverter_name,113.45,,
fronius,2024-05-20,a93e4e65-6f50-4a8f-a7e3-99abdfcf11e9,Penner Farms - 33-8-13 pump (site 3),720c11c1-519e-4635-aa64-ae0401315554,Symo  24.0-3 480 (5),,,24.0,parsed_from_inverter_name,124.19,,
fronius,2024-05-20,a93e4e65-6f50-4a8f-a7e3-99abdfcf11e9,Penner Farms - 33-8-13 pump (site 3),5e62605a-bcfd-40e2-9800-ae0401315562,Symo  24.0-3 480 (6),,,24.0,parsed_from_inverter_name,123.25,,
fronius,2024-05-20,a93e4e65-6f50-4a8f-a7e3-99abdfcf11e9,Penner Farms - 33-8-13 pump (site 3),9e930636-d5a2-4a25-8fd9-ae0401315583,Symo  24.0-3 480 (8),,,24.0,parsed_from_inverter_name,124.17,,
fronius,2024-05-20,a93e4e65-6f50-4a8f-a7e3-99abdfcf11e9,Penner Farms - 33-8-13 pump (site 3),65ec44a7-931c-4a8a-a211-ae0401315570,Symo 24.0-3 480 (7),,,24.0,parsed_from_inverter_name,123.24,,
fronius,2024-05-21,a93e4e65-6f50-4a8f-a7e3-99abdfcf11e9,Penner Farms - 33-8-13 pump (site 3),fc5ec049-e0c5-4028-9ffe-ae040131554a,Symo  24.0-3 480 (1),,,24.0,parsed_from_inverter_name,121.22,,
fronius,2024-05-21,a93e4e65-6f50-4a8f-a7e3-99abdfcf11e9,Penner Farms - 33-8-13 pump (site 3),720c11c1-519e-4635-aa64-ae0401315554,Symo  24.0-3 480 (5),,,24.0,parsed_from_inverter_name,155.55,,
fronius,2024-05-21,a93e4e65-6f50-4a8f-a7e3-99abdfcf11e9,Penner Farms - 33-8-13 pump (site 3),5e62605a-bcfd-40e2-9800-ae0401315562,Symo  24.0-3 480 (6),,,24.0,parsed_from_inverter_name,154.23,,
fronius,2024-05-21,a93e4e65-6f50-4a8f-a7e3-99abdfcf11e9,Penner Farms - 33-8-13 pump (site 3),9e930636-d5a2-4a25-8fd9-ae0401315583,Symo  24.0-3 480 (8),,,24.0,parsed_from_inverter_name,155.4,,
fronius,2024-05-21,a93e4e65-6f50-4a8f-a7e3-99abdfcf11e9,Penner Farms - 33-8-13 pump (site 3),65ec44a7-931c-4a8a-a211-ae0401315570,Symo 24.0-3 480 (7),,,24.0,parsed_from_inverter_name,154.4,,
fronius,2024-05-22,a93e4e65-6f50-4a8f-a7e3-99abdfcf11e9,Penner Farms - 33-8-13 pump (site 3),fc5ec049-e0c5-4028-9ffe-ae040131554a,Symo  24.0-3 480 (1),,,24.0,parsed_from_inverter_name,104.24,,
fronius,2024-05-22,a93e4e65-6f50-4a8f-a7e3-99abdfcf11e9,Penner Farms - 33-8-13 pump (site 3),720c11c1-519e-4635-aa64-ae0401315554,Symo  24.0-3 480 (5),,,24.0,parsed_from_inverter_name,104.63,,
fronius,2024-05-22,a93e4e65-6f50-4a8f-a7e3-99abdfcf11e9,Penner Farms - 33-8-13 pump (site 3),5e62605a-bcfd-40e2-9800-ae0401315562,Symo  24.0-3 480 (6),,,24.0,parsed_from_inverter_name,103.23,,
fronius,2024-05-22,a93e4e65-6f50-4a8f-a7e3-99abdfcf11e9,Penner Farms - 33-8-13 pump (site 3),9e930636-d5a2-4a25-8fd9-ae0401315583,Symo  24.0-3 480 (8),,,24.0,parsed_from_inverter_name,104.48,,
fronius,2024-05-22,a93e4e65-6f50-4a8f-a7e3-99abdfcf11e9,Penner Farms - 33-8-13 pump (site 3),65ec44a7-931c-4a8a-a211-ae0401315570,Symo 24.0-3 480 (7),,,24.0,parsed_from_inverter_name,103.45,,
fronius,2024-05-23,a93e4e65-6f50-4a8f-a7e3-99abdfcf11e9,Penner Farms - 33-8-13 pump (site 3),fc5ec049-e0c5-4028-9ffe-ae040131554a,Symo  24.0-3 480 (1),,,24.0,parsed_from_inverter_name,130.31,,
fronius,2024-05-23,a93e4e65-6f50-4a8f-a7e3-99abdfcf11e9,Penner Farms - 33-8-13 pump (site 3),720c11c1-519e-4635-aa64-ae0401315554,Symo  24.0-3 480 (5),,,24.0,parsed_from_inverter_name,132.96,,
fronius,2024-05-23,a93e4e65-6f50-4a8f-a7e3-99abdfcf11e9,Penner Farms - 33-8-13 pump (site 3),5e62605a-bcfd-40e2-9800-ae0401315562,Symo  24.0-3 480 (6),,,24.0,parsed_from_inverter_name,131.54,,
fronius,2024-05-23,a93e4e65-6f50-4a8f-a7e3-99abdfcf11e9,Penner Farms - 33-8-13 pump (site 3),9e930636-d5a2-4a25-8fd9-ae0401315583,Symo  24.0-3 480 (8),,,24.0,parsed_from_inverter_name,133.15,,
fronius,2024-05-23,a93e4e65-6f50-4a8f-a7e3-99abdfcf11e9,Penner Farms - 33-8-13 pump (site 3),65ec44a7-931c-4a8a-a211-ae0401315570,Symo 24.0-3 480 (7),,,24.0,parsed_from_inverter_name,131.93,,
fronius,2024-05-24,a93e4e65-6f50-4a8f-a7e3-99abdfcf11e9,Penner Farms - 33-8-13 pump (site 3),fc5ec049-e0c5-4028-9ffe-ae040131554a,Symo  24.0-3 480 (1),,,24.0,parsed_from_inverter_name,137.17,,
fronius,2024-05-24,a93e4e65-6f50-4a8f-a7e3-99abdfcf11e9,Penner Farms - 33-8-13 pump (site 3),720c11c1-519e-4635-aa64-ae0401315554,Symo  24.0-3 480 (5),,,24.0,parsed_from_inverter_name,163.62,,
fronius,2024-05-24,a93e4e65-6f50-4a8f-a7e3-99abdfcf11e9,Penner Farms - 33-8-13 pump (site 3),5e62605a-bcfd-40e2-9800-ae0401315562,Symo  24.0-3 480 (6),,,24.0,parsed_from_inverter_name,161.87,,
fronius,2024-05-24,a93e4e65-6f50-4a8f-a7e3-99abdfcf11e9,Penner Farms - 33-8-13 pump (site 3),9e930636-d5a2-4a25-8fd9-ae0401315583,Symo  24.0-3 480 (8),,,24.0,parsed_from_inverter_name,162.96,,
fronius,2024-05-24,a93e4e65-6f50-4a8f-a7e3-99abdfcf11e9,Penner Farms - 33-8-13 pump (site 3),65ec44a7-931c-4a8a-a211-ae0401315570,Symo 24.0-3 480 (7),,,24.0,parsed_from_inverter_name,161.97,,
fronius,2024-05-25,a93e4e65-6f50-4a8f-a7e3-99abdfcf11e9,Penner Farms - 33-8-13 pump (site 3),fc5ec049-e0c5-4028-9ffe-ae040131554a,Symo  24.0-3 480 (1),,,24.0,parsed_from_inverter_name,140.33,,
fronius,2024-05-25,a93e4e65-6f50-4a8f-a7e3-99abdfcf11e9,Penner Farms - 33-8-13 pump (site 3),720c11c1-519e-4635-aa64-ae0401315554,Symo  24.0-3 480 (5),,,24.0,parsed_from_inverter_name,141.11,,
fronius,2024-05-25,a93e4e65-6f50-4a8f-a7e3-99abdfcf11e9,Penner Farms - 33-8-13 pump (site 3),5e62605a-bcfd-40e2-9800-ae0401315562,Symo  24.0-3 480 (6),,,24.0,parsed_from_inverter_name,138.63,,
fronius,2024-05-25,a93e4e65-6f50-4a8f-a7e3-99abdfcf11e9,Penner Farms - 33-8-13 pump (site 3),9e930636-d5a2-4a25-8fd9-ae0401315583,Symo  24.0-3 480 (8),,,24.0,parsed_from_inverter_name,140.77,,
fronius,2024-05-25,a93e4e65-6f50-4a8f-a7e3-99abdfcf11e9,Penner Farms - 33-8-13 pump (site 3),65ec44a7-931c-4a8a-a211-ae0401315570,Symo 24.0-3 480 (7),,,24.0,parsed_from_inverter_name,138.94,,
fronius,2024-05-26,a93e4e65-6f50-4a8f-a7e3-99abdfcf11e9,Penner Farms - 33-8-13 pump (site 3),fc5ec049-e0c5-4028-9ffe-ae040131554a,Symo  24.0-3 480 (1),,,24.0,parsed_from_inverter_name,120.57,,
fronius,2024-05-26,a93e4e65-6f50-4a8f-a7e3-99abdfcf11e9,Penner Farms - 33-8-13 pump (site 3),720c11c1-519e-4635-aa64-ae0401315554,Symo  24.0-3 480 (5),,,24.0,parsed_from_inverter_name,138.02,,
fronius,2024-05-26,a93e4e65-6f50-4a8f-a7e3-99abdfcf11e9,Penner Farms - 33-8-13 pump (site 3),5e62605a-bcfd-40e2-9800-ae0401315562,Symo  24.0-3 480 (6),,,24.0,parsed_from_inverter_name,137.02,,
fronius,2024-05-26,a93e4e65-6f50-4a8f-a7e3-99abdfcf11e9,Penner Farms - 33-8-13 pump (site 3),9e930636-d5a2-4a25-8fd9-ae0401315583,Symo  24.0-3 480 (8),,,24.0,parsed_from_inverter_name,138.06,,
fronius,2024-05-26,a93e4e65-6f50-4a8f-a7e3-99abdfcf11e9,Penner Farms - 33-8-13 pump (site 3),65ec44a7-931c-4a8a-a211-ae0401315570,Symo 24.0-3 480 (7),,,24.0,parsed_from_inverter_name,137.14,,
fronius,2024-05-27,a93e4e65-6f50-4a8f-a7e3-99abdfcf11e9,Penner Farms - 33-8-13 pump (site 3),fc5ec049-e0c5-4028-9ffe-ae040131554a,Symo  24.0-3 480 (1),,,24.0,parsed_from_inverter_name,197.89,,
fronius,2024-05-27,a93e4e65-6f50-4a8f-a7e3-99abdfcf11e9,Penner Farms - 33-8-13 pump (site 3),720c11c1-519e-4635-aa64-ae0401315554,Symo  24.0-3 480 (5),,,24.0,parsed_from_inverter_name,200.18,,
fronius,2024-05-27,a93e4e65-6f50-4a8f-a7e3-99abdfcf11e9,Penner Farms - 33-8-13 pump (site 3),5e62605a-bcfd-40e2-9800-ae0401315562,Symo  24.0-3 480 (6),,,24.0,parsed_from_inverter_name,198.37,,
fronius,2024-05-27,a93e4e65-6f50-4a8f-a7e3-99abdfcf11e9,Penner Farms - 33-8-13 pump (site 3),9e930636-d5a2-4a25-8fd9-ae0401315583,Symo  24.0-3 480 (8),,,24.0,parsed_from_inverter_name,200.4,,
fronius,2024-05-27,a93e4e65-6f50-4a8f-a7e3-99abdfcf11e9,Penner Farms - 33-8-13 pump (site 3),65ec44a7-931c-4a8a-a211-ae0401315570,Symo 24.0-3 480 (7),,,24.0,parsed_from_inverter_name,198.94,,
fronius,2024-05-28,a93e4e65-6f50-4a8f-a7e3-99abdfcf11e9,Penner Farms - 33-8-13 pump (site 3),fc5ec049-e0c5-4028-9ffe-ae040131554a,Symo  24.0-3 480 (1),,,24.0,parsed_from_inverter_name,193.36,,
fronius,2024-05-28,a93e4e65-6f50-4a8f-a7e3-99abdfcf11e9,Penner Farms - 33-8-13 pump (site 3),720c11c1-519e-4635-aa64-ae0401315554,Symo  24.0-3 480 (5),,,24.0,parsed_from_inverter_name,194.11,,
fronius,2024-05-28,a93e4e65-6f50-4a8f-a7e3-99abdfcf11e9,Penner Farms - 33-8-13 pump (site 3),5e62605a-bcfd-40e2-9800-ae0401315562,Symo  24.0-3 480 (6),,,24.0,parsed_from_inverter_name,190.73,,
fronius,2024-05-28,a93e4e65-6f50-4a8f-a7e3-99abdfcf11e9,Penner Farms - 33-8-13 pump (site 3),9e930636-d5a2-4a25-8fd9-ae0401315583,Symo  24.0-3 480 (8),,,24.0,parsed_from_inverter_name,193.66,,
fronius,2024-05-28,a93e4e65-6f50-4a8f-a7e3-99abdfcf11e9,Penner Farms - 33-8-13 pump (site 3),65ec44a7-931c-4a8a-a211-ae0401315570,Symo 24.0-3 480 (7),,,24.0,parsed_from_inverter_name,190.58,,
fronius,2024-05-29,a93e4e65-6f50-4a8f-a7e3-99abdfcf11e9,Penner Farms - 33-8-13 pump (site 3),fc5ec049-e0c5-4028-9ffe-ae040131554a,Symo  24.0-3 480 (1),,,24.0,parsed_from_inverter_name,190.6,,
fronius,2024-05-29,a93e4e65-6f50-4a8f-a7e3-99abdfcf11e9,Penner Farms - 33-8-13 pump (site 3),720c11c1-519e-4635-aa64-ae0401315554,Symo  24.0-3 480 (5),,,24.0,parsed_from_inverter_name,191.31,,
fronius,2024-05-29,a93e4e65-6f50-4a8f-a7e3-99abdfcf11e9,Penner Farms - 33-8-13 pump (site 3),5e62605a-bcfd-40e2-9800-ae0401315562,Symo  24.0-3 480 (6),,,24.0,parsed_from_inverter_name,189.53,,
fronius,2024-05-29,a93e4e65-6f50-4a8f-a7e3-99abdfcf11e9,Penner Farms - 33-8-13 pump (site 3),9e930636-d5a2-4a25-8fd9-ae0401315583,Symo  24.0-3 480 (8),,,24.0,parsed_from_inverter_name,190.91,,
fronius,2024-05-29,a93e4e65-6f50-4a8f-a7e3-99abdfcf11e9,Penner Farms - 33-8-13 pump (site 3),65ec44a7-931c-4a8a-a211-ae0401315570,Symo 24.0-3 480 (7),,,24.0,parsed_from_inverter_name,189.7,,
fronius,2024-05-30,a93e4e65-6f50-4a8f-a7e3-99abdfcf11e9,Penner Farms - 33-8-13 pump (site 3),fc5ec049-e0c5-4028-9ffe-ae040131554a,Symo  24.0-3 480 (1),,,24.0,parsed_from_inverter_name,105.21,,
fronius,2024-05-30,a93e4e65-6f50-4a8f-a7e3-99abdfcf11e9,Penner Farms - 33-8-13 pump (site 3),720c11c1-519e-4635-aa64-ae0401315554,Symo  24.0-3 480 (5),,,24.0,parsed_from_inverter_name,105.92,,
fronius,2024-05-30,a93e4e65-6f50-4a8f-a7e3-99abdfcf11e9,Penner Farms - 33-8-13 pump (site 3),5e62605a-bcfd-40e2-9800-ae0401315562,Symo  24.0-3 480 (6),,,24.0,parsed_from_inverter_name,104.21,,
fronius,2024-05-30,a93e4e65-6f50-4a8f-a7e3-99abdfcf11e9,Penner Farms - 33-8-13 pump (site 3),9e930636-d5a2-4a25-8fd9-ae0401315583,Symo  24.0-3 480 (8),,,24.0,parsed_from_inverter_name,106.08,,
fronius,2024-05-30,a93e4e65-6f50-4a8f-a7e3-99abdfcf11e9,Penner Farms - 33-8-13 pump (site 3),65ec44a7-931c-4a8a-a211-ae0401315570,Symo 24.0-3 480 (7),,,24.0,parsed_from_inverter_name,104.64,,
fronius,2024-05-31,a93e4e65-6f50-4a8f-a7e3-99abdfcf11e9,Penner Farms - 33-8-13 pump (site 3),fc5ec049-e0c5-4028-9ffe-ae040131554a,Symo  24.0-3 480 (1),,,24.0,parsed_from_inverter_name,152.27,,
fronius,2024-05-31,a93e4e65-6f50-4a8f-a7e3-99abdfcf11e9,Penner Farms - 33-8-13 pump (site 3),720c11c1-519e-4635-aa64-ae0401315554,Symo  24.0-3 480 (5),,,24.0,parsed_from_inverter_name,158.98,,
fronius,2024-05-31,a93e4e65-6f50-4a8f-a7e3-99abdfcf11e9,Penner Farms - 33-8-13 pump (site 3),5e62605a-bcfd-40e2-9800-ae0401315562,Symo  24.0-3 480 (6),,,24.0,parsed_from_inverter_name,156.78,,
fronius,2024-05-31,a93e4e65-6f50-4a8f-a7e3-99abdfcf11e9,Penner Farms - 33-8-13 pump (site 3),9e930636-d5a2-4a25-8fd9-ae0401315583,Symo  24.0-3 480 (8),,,24.0,parsed_from_inverter_name,158.83,,
fronius,2024-05-31,a93e4e65-6f50-4a8f-a7e3-99abdfcf11e9,Penner Farms - 33-8-13 pump (site 3),65ec44a7-931c-4a8a-a211-ae0401315570,Symo 24.0-3 480 (7),,,24.0,parsed_from_inverter_name,156.87,,
fronius,2024-06-01,a93e4e65-6f50-4a8f-a7e3-99abdfcf11e9,Penner Farms - 33-8-13 pump (site 3),fc5ec049-e0c5-4028-9ffe-ae040131554a,Symo  24.0-3 480 (1),,,24.0,parsed_from_inverter_name,162.74,,
fronius,2024-06-01,a93e4e65-6f50-4a8f-a7e3-99abdfcf11e9,Penner Farms - 33-8-13 pump (site 3),720c11c1-519e-4635-aa64-ae0401315554,Symo  24.0-3 480 (5),,,24.0,parsed_from_inverter_name,163.36,,
fronius,2024-06-01,a93e4e65-6f50-4a8f-a7e3-99abdfcf11e9,Penner Farms - 33-8-13 pump (site 3),5e62605a-bcfd-40e2-9800-ae0401315562,Symo  24.0-3 480 (6),,,24.0,parsed_from_inverter_name,161.2,,
fronius,2024-06-01,a93e4e65-6f50-4a8f-a7e3-99abdfcf11e9,Penner Farms - 33-8-13 pump (site 3),9e930636-d5a2-4a25-8fd9-ae0401315583,Symo  24.0-3 480 (8),,,24.0,parsed_from_inverter_name,163.38,,
fronius,2024-06-01,a93e4e65-6f50-4a8f-a7e3-99abdfcf11e9,Penner Farms - 33-8-13 pump (site 3),65ec44a7-931c-4a8a-a211-ae0401315570,Symo 24.0-3 480 (7),,,24.0,parsed_from_inverter_name,161.53,,
fronius,2024-06-02,a93e4e65-6f50-4a8f-a7e3-99abdfcf11e9,Penner Farms - 33-8-13 pump (site 3),fc5ec049-e0c5-4028-9ffe-ae040131554a,Symo  24.0-3 480 (1),,,24.0,parsed_from_inverter_name,121.75,,
fronius,2024-06-02,a93e4e65-6f50-4a8f-a7e3-99abdfcf11e9,Penner Farms - 33-8-13 pump (site 3),720c11c1-519e-4635-aa64-ae0401315554,Symo  24.0-3 480 (5),,,24.0,parsed_from_inverter_name,184.1,,
fronius,2024-06-02,a93e4e65-6f50-4a8f-a7e3-99abdfcf11e9,Penner Farms - 33-8-13 pump (site 3),5e62605a-bcfd-40e2-9800-ae0401315562,Symo  24.0-3 480 (6),,,24.0,parsed_from_inverter_name,181.91,,
fronius,2024-06-02,a93e4e65-6f50-4a8f-a7e3-99abdfcf11e9,Penner Farms - 33-8-13 pump (site 3),9e930636-d5a2-4a25-8fd9-ae0401315583,Symo  24.0-3 480 (8),,,24.0,parsed_from_inverter_name,186.51,,
fronius,2024-06-02,a93e4e65-6f50-4a8f-a7e3-99abdfcf11e9,Penner Farms - 33-8-13 pump (site 3),65ec44a7-931c-4a8a-a211-ae0401315570,Symo 24.0-3 480 (7),,,24.0,parsed_from_inverter_name,184.47,,
fronius,2024-06-03,a93e4e65-6f50-4a8f-a7e3-99abdfcf11e9,Penner Farms - 33-8-13 pump (site 3),fc5ec049-e0c5-4028-9ffe-ae040131554a,Symo  24.0-3 480 (1),,,24.0,parsed_from_inverter_name,115.4,,
fronius,2024-06-03,a93e4e65-6f50-4a8f-a7e3-99abdfcf11e9,Penner Farms - 33-8-13 pump (site 3),720c11c1-519e-4635-aa64-ae0401315554,Symo  24.0-3 480 (5),,,24.0,parsed_from_inverter_name,118.3,,
fronius,2024-06-03,a93e4e65-6f50-4a8f-a7e3-99abdfcf11e9,Penner Farms - 33-8-13 pump (site 3),5e62605a-bcfd-40e2-9800-ae0401315562,Symo  24.0-3 480 (6),,,24.0,parsed_from_inverter_name,115.63,,
fronius,2024-06-03,a93e4e65-6f50-4a8f-a7e3-99abdfcf11e9,Penner Farms - 33-8-13 pump (site 3),9e930636-d5a2-4a25-8fd9-ae0401315583,Symo  24.0-3 480 (8),,,24.0,parsed_from_inverter_name,117.83,,
fronius,2024-06-03,a93e4e65-6f50-4a8f-a7e3-99abdfcf11e9,Penner Farms - 33-8-13 pump (site 3),65ec44a7-931c-4a8a-a211-ae0401315570,Symo 24.0-3 480 (7),,,24.0,parsed_from_inverter_name,115.66,,
fronius,2024-06-04,a93e4e65-6f50-4a8f-a7e3-99abdfcf11e9,Penner Farms - 33-8-13 pump (site 3),fc5ec049-e0c5-4028-9ffe-ae040131554a,Symo  24.0-3 480 (1),,,24.0,parsed_from_inverter_name,180.14,,
fronius,2024-06-04,a93e4e65-6f50-4a8f-a7e3-99abdfcf11e9,Penner Farms - 33-8-13 pump (site 3),720c11c1-519e-4635-aa64-ae0401315554,Symo  24.0-3 480 (5),,,24.0,parsed_from_inverter_name,209.61,,
fronius,2024-06-04,a93e4e65-6f50-4a8f-a7e3-99abdfcf11e9,Penner Farms - 33-8-13 pump (site 3),5e62605a-bcfd-40e2-9800-ae0401315562,Symo  24.0-3 480 (6),,,24.0,parsed_from_inverter_name,207.45,,
fronius,2024-06-04,a93e4e65-6f50-4a8f-a7e3-99abdfcf11e9,Penner Farms - 33-8-13 pump (site 3),9e930636-d5a2-4a25-8fd9-ae0401315583,Symo  24.0-3 480 (8),,,24.0,parsed_from_inverter_name,209.24,,
fronius,2024-06-04,a93e4e65-6f50-4a8f-a7e3-99abdfcf11e9,Penner Farms - 33-8-13 pump (site 3),65ec44a7-931c-4a8a-a211-ae0401315570,Symo 24.0-3 480 (7),,,24.0,parsed_from_inverter_name,207.5,,
fronius,2024-06-05,a93e4e65-6f50-4a8f-a7e3-99abdfcf11e9,Penner Farms - 33-8-13 pump (site 3),fc5ec049-e0c5-4028-9ffe-ae040131554a,Symo  24.0-3 480 (1),,,24.0,parsed_from_inverter_name,189.53,,
fronius,2024-06-05,a93e4e65-6f50-4a8f-a7e3-99abdfcf11e9,Penner Farms - 33-8-13 pump (site 3),720c11c1-519e-4635-aa64-ae0401315554,Symo  24.0-3 480 (5),,,24.0,parsed_from_inverter_name,200.23,,
fronius,2024-06-05,a93e4e65-6f50-4a8f-a7e3-99abdfcf11e9,Penner Farms - 33-8-13 pump (site 3),5e62605a-bcfd-40e2-9800-ae0401315562,Symo  24.0-3 480 (6),,,24.0,parsed_from_inverter_name,198.52,,
fronius,2024-06-05,a93e4e65-6f50-4a8f-a7e3-99abdfcf11e9,Penner Farms - 33-8-13 pump (site 3),9e930636-d5a2-4a25-8fd9-ae0401315583,Symo  24.0-3 480 (8),,,24.0,parsed_from_inverter_name,200.24,,
fronius,2024-06-05,a93e4e65-6f50-4a8f-a7e3-99abdfcf11e9,Penner Farms - 33-8-13 pump (site 3),65ec44a7-931c-4a8a-a211-ae0401315570,Symo 24.0-3 480 (7),,,24.0,parsed_from_inverter_name,198.64,,
fronius,2024-06-06,a93e4e65-6f50-4a8f-a7e3-99abdfcf11e9,Penner Farms - 33-8-13 pump (site 3),fc5ec049-e0c5-4028-9ffe-ae040131554a,Symo  24.0-3 480 (1),,,24.0,parsed_from_inverter_name,191.98,,
fronius,2024-06-06,a93e4e65-6f50-4a8f-a7e3-99abdfcf11e9,Penner Farms - 33-8-13 pump (site 3),720c11c1-519e-4635-aa64-ae0401315554,Symo  24.0-3 480 (5),,,24.0,parsed_from_inverter_name,200.27,,
fronius,2024-06-06,a93e4e65-6f50-4a8f-a7e3-99abdfcf11e9,Penner Farms - 33-8-13 pump (site 3),5e62605a-bcfd-40e2-9800-ae0401315562,Symo  24.0-3 480 (6),,,24.0,parsed_from_inverter_name,197.6,,
fronius,2024-06-06,a93e4e65-6f50-4a8f-a7e3-99abdfcf11e9,Penner Farms - 33-8-13 pump (site 3),9e930636-d5a2-4a25-8fd9-ae0401315583,Symo  24.0-3 480 (8),,,24.0,parsed_from_inverter_name,199.83,,
fronius,2024-06-06,a93e4e65-6f50-4a8f-a7e3-99abdfcf11e9,Penner Farms - 33-8-13 pump (site 3),65ec44a7-931c-4a8a-a211-ae0401315570,Symo 24.0-3 480 (7),,,24.0,parsed_from_inverter_name,197.57,,
fronius,2024-06-07,a93e4e65-6f50-4a8f-a7e3-99abdfcf11e9,Penner Farms - 33-8-13 pump (site 3),fc5ec049-e0c5-4028-9ffe-ae040131554a,Symo  24.0-3 480 (1),,,24.0,parsed_from_inverter_name,176.55,,
fronius,2024-06-07,a93e4e65-6f50-4a8f-a7e3-99abdfcf11e9,Penner Farms - 33-8-13 pump (site 3),720c11c1-519e-4635-aa64-ae0401315554,Symo  24.0-3 480 (5),,,24.0,parsed_from_inverter_name,177.24,,
fronius,2024-06-07,a93e4e65-6f50-4a8f-a7e3-99abdfcf11e9,Penner Farms - 33-8-13 pump (site 3),5e62605a-bcfd-40e2-9800-ae0401315562,Symo  24.0-3 480 (6),,,24.0,parsed_from_inverter_name,175.41,,
fronius,2024-06-07,a93e4e65-6f50-4a8f-a7e3-99abdfcf11e9,Penner Farms - 33-8-13 pump (site 3),9e930636-d5a2-4a25-8fd9-ae0401315583,Symo  24.0-3 480 (8),,,24.0,parsed_from_inverter_name,176.98,,
fronius,2024-06-07,a93e4e65-6f50-4a8f-a7e3-99abdfcf11e9,Penner Farms - 33-8-13 pump (site 3),65ec44a7-931c-4a8a-a211-ae0401315570,Symo 24.0-3 480 (7),,,24.0,parsed_from_inverter_name,175.38,,
fronius,2024-06-08,a93e4e65-6f50-4a8f-a7e3-99abdfcf11e9,Penner Farms - 33-8-13 pump (site 3),fc5ec049-e0c5-4028-9ffe-ae040131554a,Symo  24.0-3 480 (1),,,24.0,parsed_from_inverter_name,138.97,,
fronius,2024-06-08,a93e4e65-6f50-4a8f-a7e3-99abdfcf11e9,Penner Farms - 33-8-13 pump (site 3),720c11c1-519e-4635-aa64-ae0401315554,Symo  24.0-3 480 (5),,,24.0,parsed_from_inverter_name,139.69,,
fronius,2024-06-08,a93e4e65-6f50-4a8f-a7e3-99abdfcf11e9,Penner Farms - 33-8-13 pump (site 3),5e62605a-bcfd-40e2-9800-ae0401315562,Symo  24.0-3 480 (6),,,24.0,parsed_from_inverter_name,137.82,,
fronius,2024-06-08,a93e4e65-6f50-4a8f-a7e3-99abdfcf11e9,Penner Farms - 33-8-13 pump (site 3),9e930636-d5a2-4a25-8fd9-ae0401315583,Symo  24.0-3 480 (8),,,24.0,parsed_from_inverter_name,139.38,,
fronius,2024-06-08,a93e4e65-6f50-4a8f-a7e3-99abdfcf11e9,Penner Farms - 33-8-13 pump (site 3),65ec44a7-931c-4a8a-a211-ae0401315570,Symo 24.0-3 480 (7),,,24.0,parsed_from_inverter_name,137.66,,
fronius,2024-06-09,a93e4e65-6f50-4a8f-a7e3-99abdfcf11e9,Penner Farms - 33-8-13 pump (site 3),fc5ec049-e0c5-4028-9ffe-ae040131554a,Symo  24.0-3 480 (1),,,24.0,parsed_from_inverter_name,181.16,,
fronius,2024-06-09,a93e4e65-6f50-4a8f-a7e3-99abdfcf11e9,Penner Farms - 33-8-13 pump (site 3),720c11c1-519e-4635-aa64-ae0401315554,Symo  24.0-3 480 (5),,,24.0,parsed_from_inverter_name,201.99,,
fronius,2024-06-09,a93e4e65-6f50-4a8f-a7e3-99abdfcf11e9,Penner Farms - 33-8-13 pump (site 3),5e62605a-bcfd-40e2-9800-ae0401315562,Symo  24.0-3 480 (6),,,24.0,parsed_from_inverter_name,198.12,,
fronius,2024-06-09,a93e4e65-6f50-4a8f-a7e3-99abdfcf11e9,Penner Farms - 33-8-13 pump (site 3),9e930636-d5a2-4a25-8fd9-ae0401315583,Symo  24.0-3 480 (8),,,24.0,parsed_from_inverter_name,201.51,,
fronius,2024-06-09,a93e4e65-6f50-4a8f-a7e3-99abdfcf11e9,Penner Farms - 33-8-13 pump (site 3),65ec44a7-931c-4a8a-a211-ae0401315570,Symo 24.0-3 480 (7),,,24.0,parsed_from_inverter_name,197.35,,
fronius,2024-06-10,a93e4e65-6f50-4a8f-a7e3-99abdfcf11e9,Penner Farms - 33-8-13 pump (site 3),fc5ec049-e0c5-4028-9ffe-ae040131554a,Symo  24.0-3 480 (1),,,24.0,parsed_from_inverter_name,141.8,,
fronius,2024-06-10,a93e4e65-6f50-4a8f-a7e3-99abdfcf11e9,Penner Farms - 33-8-13 pump (site 3),720c11c1-519e-4635-aa64-ae0401315554,Symo  24.0-3 480 (5),,,24.0,parsed_from_inverter_name,147.67,,
fronius,2024-06-10,a93e4e65-6f50-4a8f-a7e3-99abdfcf11e9,Penner Farms - 33-8-13 pump (site 3),5e62605a-bcfd-40e2-9800-ae0401315562,Symo  24.0-3 480 (6),,,24.0,parsed_from_inverter_name,146.04,,
fronius,2024-06-10,a93e4e65-6f50-4a8f-a7e3-99abdfcf11e9,Penner Farms - 33-8-13 pump (site 3),9e930636-d5a2-4a25-8fd9-ae0401315583,Symo  24.0-3 480 (8),,,24.0,parsed_from_inverter_name,147.61,,
fronius,2024-06-10,a93e4e65-6f50-4a8f-a7e3-99abdfcf11e9,Penner Farms - 33-8-13 pump (site 3),65ec44a7-931c-4a8a-a211-ae0401315570,Symo 24.0-3 480 (7),,,24.0,parsed_from_inverter_name,146.09,,
fronius,2024-06-11,a93e4e65-6f50-4a8f-a7e3-99abdfcf11e9,Penner Farms - 33-8-13 pump (site 3),fc5ec049-e0c5-4028-9ffe-ae040131554a,Symo  24.0-3 480 (1),,,24.0,parsed_from_inverter_name,196.72,,
fronius,2024-06-11,a93e4e65-6f50-4a8f-a7e3-99abdfcf11e9,Penner Farms - 33-8-13 pump (site 3),720c11c1-519e-4635-aa64-ae0401315554,Symo  24.0-3 480 (5),,,24.0,parsed_from_inverter_name,198.13,,
fronius,2024-06-11,a93e4e65-6f50-4a8f-a7e3-99abdfcf11e9,Penner Farms - 33-8-13 pump (site 3),5e62605a-bcfd-40e2-9800-ae0401315562,Symo  24.0-3 480 (6),,,24.0,parsed_from_inverter_name,194.69,,
fronius,2024-06-11,a93e4e65-6f50-4a8f-a7e3-99abdfcf11e9,Penner Farms - 33-8-13 pump (site 3),9e930636-d5a2-4a25-8fd9-ae0401315583,Symo  24.0-3 480 (8),,,24.0,parsed_from_inverter_name,197.65,,
fronius,2024-06-11,a93e4e65-6f50-4a8f-a7e3-99abdfcf11e9,Penner Farms - 33-8-13 pump (site 3),65ec44a7-931c-4a8a-a211-ae0401315570,Symo 24.0-3 480 (7),,,24.0,parsed_from_inverter_name,194.86,,
fronius,2024-06-12,a93e4e65-6f50-4a8f-a7e3-99abdfcf11e9,Penner Farms - 33-8-13 pump (site 3),fc5ec049-e0c5-4028-9ffe-ae040131554a,Symo  24.0-3 480 (1),,,24.0,parsed_from_inverter_name,202.04,,
fronius,2024-06-12,a93e4e65-6f50-4a8f-a7e3-99abdfcf11e9,Penner Farms - 33-8-13 pump (site 3),720c11c1-519e-4635-aa64-ae0401315554,Symo  24.0-3 480 (5),,,24.0,parsed_from_inverter_name,202.83,,
fronius,2024-06-12,a93e4e65-6f50-4a8f-a7e3-99abdfcf11e9,Penner Farms - 33-8-13 pump (site 3),5e62605a-bcfd-40e2-9800-ae0401315562,Symo  24.0-3 480 (6),,,24.0,parsed_from_inverter_name,200.6,,
fronius,2024-06-12,a93e4e65-6f50-4a8f-a7e3-99abdfcf11e9,Penner Farms - 33-8-13 pump (site 3),9e930636-d5a2-4a25-8fd9-ae0401315583,Symo  24.0-3 480 (8),,,24.0,parsed_from_inverter_name,202.63,,
fronius,2024-06-12,a93e4e65-6f50-4a8f-a7e3-99abdfcf11e9,Penner Farms - 33-8-13 pump (site 3),65ec44a7-931c-4a8a-a211-ae0401315570,Symo 24.0-3 480 (7),,,24.0,parsed_from_inverter_name,200.42,,
fronius,2024-06-13,a93e4e65-6f50-4a8f-a7e3-99abdfcf11e9,Penner Farms - 33-8-13 pump (site 3),fc5ec049-e0c5-4028-9ffe-ae040131554a,Symo  24.0-3 480 (1),,,24.0,parsed_from_inverter_name,192.57,,
fronius,2024-06-13,a93e4e65-6f50-4a8f-a7e3-99abdfcf11e9,Penner Farms - 33-8-13 pump (site 3),720c11c1-519e-4635-aa64-ae0401315554,Symo  24.0-3 480 (5),,,24.0,parsed_from_inverter_name,193.23,,
fronius,2024-06-13,a93e4e65-6f50-4a8f-a7e3-99abdfcf11e9,Penner Farms - 33-8-13 pump (site 3),5e62605a-bcfd-40e2-9800-ae0401315562,Symo  24.0-3 480 (6),,,24.0,parsed_from_inverter_name,190.23,,
fronius,2024-06-13,a93e4e65-6f50-4a8f-a7e3-99abdfcf11e9,Penner Farms - 33-8-13 pump (site 3),9e930636-d5a2-4a25-8fd9-ae0401315583,Symo  24.0-3 480 (8),,,24.0,parsed_from_inverter_name,192.63,,
fronius,2024-06-13,a93e4e65-6f50-4a8f-a7e3-99abdfcf11e9,Penner Farms - 33-8-13 pump (site 3),65ec44a7-931c-4a8a-a211-ae0401315570,Symo 24.0-3 480 (7),,,24.0,parsed_from_inverter_name,189.65,,
fronius,2024-06-14,a93e4e65-6f50-4a8f-a7e3-99abdfcf11e9,Penner Farms - 33-8-13 pump (site 3),fc5ec049-e0c5-4028-9ffe-ae040131554a,Symo  24.0-3 480 (1),,,24.0,parsed_from_inverter_name,159.82,,
fronius,2024-06-14,a93e4e65-6f50-4a8f-a7e3-99abdfcf11e9,Penner Farms - 33-8-13 pump (site 3),720c11c1-519e-4635-aa64-ae0401315554,Symo  24.0-3 480 (5),,,24.0,parsed_from_inverter_name,161.0,,
fronius,2024-06-14,a93e4e65-6f50-4a8f-a7e3-99abdfcf11e9,Penner Farms - 33-8-13 pump (site 3),5e62605a-bcfd-40e2-9800-ae0401315562,Symo  24.0-3 480 (6),,,24.0,parsed_from_inverter_name,158.11,,
fronius,2024-06-14,a93e4e65-6f50-4a8f-a7e3-99abdfcf11e9,Penner Farms - 33-8-13 pump (site 3),9e930636-d5a2-4a25-8fd9-ae0401315583,Symo  24.0-3 480 (8),,,24.0,parsed_from_inverter_name,160.52,,
fronius,2024-06-14,a93e4e65-6f50-4a8f-a7e3-99abdfcf11e9,Penner Farms - 33-8-13 pump (site 3),65ec44a7-931c-4a8a-a211-ae0401315570,Symo 24.0-3 480 (7),,,24.0,parsed_from_inverter_name,158.26,,
fronius,2024-06-15,a93e4e65-6f50-4a8f-a7e3-99abdfcf11e9,Penner Farms - 33-8-13 pump (site 3),fc5ec049-e0c5-4028-9ffe-ae040131554a,Symo  24.0-3 480 (1),,,24.0,parsed_from_inverter_name,117.65,,
fronius,2024-06-15,a93e4e65-6f50-4a8f-a7e3-99abdfcf11e9,Penner Farms - 33-8-13 pump (site 3),720c11c1-519e-4635-aa64-ae0401315554,Symo  24.0-3 480 (5),,,24.0,parsed_from_inverter_name,118.47,,
fronius,2024-06-15,a93e4e65-6f50-4a8f-a7e3-99abdfcf11e9,Penner Farms - 33-8-13 pump (site 3),5e62605a-bcfd-40e2-9800-ae0401315562,Symo  24.0-3 480 (6),,,24.0,parsed_from_inverter_name,115.89,,
fronius,2024-06-15,a93e4e65-6f50-4a8f-a7e3-99abdfcf11e9,Penner Farms - 33-8-13 pump (site 3),9e930636-d5a2-4a25-8fd9-ae0401315583,Symo  24.0-3 480 (8),,,24.0,parsed_from_inverter_name,118.06,,
fronius,2024-06-15,a93e4e65-6f50-4a8f-a7e3-99abdfcf11e9,Penner Farms - 33-8-13 pump (site 3),65ec44a7-931c-4a8a-a211-ae0401315570,Symo 24.0-3 480 (7),,,24.0,parsed_from_inverter_name,115.69,,
fronius,2024-06-16,a93e4e65-6f50-4a8f-a7e3-99abdfcf11e9,Penner Farms - 33-8-13 pump (site 3),fc5ec049-e0c5-4028-9ffe-ae040131554a,Symo  24.0-3 480 (1),,,24.0,parsed_from_inverter_name,68.38,,
fronius,2024-06-16,a93e4e65-6f50-4a8f-a7e3-99abdfcf11e9,Penner Farms - 33-8-13 pump (site 3),720c11c1-519e-4635-aa64-ae0401315554,Symo  24.0-3 480 (5),,,24.0,parsed_from_inverter_name,68.97,,
fronius,2024-06-16,a93e4e65-6f50-4a8f-a7e3-99abdfcf11e9,Penner Farms - 33-8-13 pump (site 3),5e62605a-bcfd-40e2-9800-ae0401315562,Symo  24.0-3 480 (6),,,24.0,parsed_from_inverter_name,67.31,,
fronius,2024-06-16,a93e4e65-6f50-4a8f-a7e3-99abdfcf11e9,Penner Farms - 33-8-13 pump (site 3),9e930636-d5a2-4a25-8fd9-ae0401315583,Symo  24.0-3 480 (8),,,24.0,parsed_from_inverter_name,68.83,,
fronius,2024-06-16,a93e4e65-6f50-4a8f-a7e3-99abdfcf11e9,Penner Farms - 33-8-13 pump (site 3),65ec44a7-931c-4a8a-a211-ae0401315570,Symo 24.0-3 480 (7),,,24.0,parsed_from_inverter_name,67.1,,
fronius,2024-06-17,a93e4e65-6f50-4a8f-a7e3-99abdfcf11e9,Penner Farms - 33-8-13 pump (site 3),fc5ec049-e0c5-4028-9ffe-ae040131554a,Symo  24.0-3 480 (1),,,24.0,parsed_from_inverter_name,75.62,,
fronius,2024-06-17,a93e4e65-6f50-4a8f-a7e3-99abdfcf11e9,Penner Farms - 33-8-13 pump (site 3),720c11c1-519e-4635-aa64-ae0401315554,Symo  24.0-3 480 (5),,,24.0,parsed_from_inverter_name,76.11,,
fronius,2024-06-17,a93e4e65-6f50-4a8f-a7e3-99abdfcf11e9,Penner Farms - 33-8-13 pump (site 3),5e62605a-bcfd-40e2-9800-ae0401315562,Symo  24.0-3 480 (6),,,24.0,parsed_from_inverter_name,74.6,,
fronius,2024-06-17,a93e4e65-6f50-4a8f-a7e3-99abdfcf11e9,Penner Farms - 33-8-13 pump (site 3),9e930636-d5a2-4a25-8fd9-ae0401315583,Symo  24.0-3 480 (8),,,24.0,parsed_from_inverter_name,75.85,,
fronius,2024-06-17,a93e4e65-6f50-4a8f-a7e3-99abdfcf11e9,Penner Farms - 33-8-13 pump (site 3),65ec44a7-931c-4a8a-a211-ae0401315570,Symo 24.0-3 480 (7),,,24.0,parsed_from_inverter_name,74.29,,
fronius,2024-06-18,a93e4e65-6f50-4a8f-a7e3-99abdfcf11e9,Penner Farms - 33-8-13 pump (site 3),fc5ec049-e0c5-4028-9ffe-ae040131554a,Symo  24.0-3 480 (1),,,24.0,parsed_from_inverter_name,70.85,,
fronius,2024-06-18,a93e4e65-6f50-4a8f-a7e3-99abdfcf11e9,Penner Farms - 33-8-13 pump (site 3),720c11c1-519e-4635-aa64-ae0401315554,Symo  24.0-3 480 (5),,,24.0,parsed_from_inverter_name,71.29,,
fronius,2024-06-18,a93e4e65-6f50-4a8f-a7e3-99abdfcf11e9,Penner Farms - 33-8-13 pump (site 3),5e62605a-bcfd-40e2-9800-ae0401315562,Symo  24.0-3 480 (6),,,24.0,parsed_from_inverter_name,69.67,,
fronius,2024-06-18,a93e4e65-6f50-4a8f-a7e3-99abdfcf11e9,Penner Farms - 33-8-13 pump (site 3),9e930636-d5a2-4a25-8fd9-ae0401315583,Symo  24.0-3 480 (8),,,24.0,parsed_from_inverter_name,70.82,,
fronius,2024-06-18,a93e4e65-6f50-4a8f-a7e3-99abdfcf11e9,Penner Farms - 33-8-13 pump (site 3),65ec44a7-931c-4a8a-a211-ae0401315570,Symo 24.0-3 480 (7),,,24.0,parsed_from_inverter_name,69.3,,
fronius,2024-06-19,a93e4e65-6f50-4a8f-a7e3-99abdfcf11e9,Penner Farms - 33-8-13 pump (site 3),fc5ec049-e0c5-4028-9ffe-ae040131554a,Symo  24.0-3 480 (1),,,24.0,parsed_from_inverter_name,161.49,,
fronius,2024-06-19,a93e4e65-6f50-4a8f-a7e3-99abdfcf11e9,Penner Farms - 33-8-13 pump (site 3),720c11c1-519e-4635-aa64-ae0401315554,Symo  24.0-3 480 (5),,,24.0,parsed_from_inverter_name,175.73,,
fronius,2024-06-19,a93e4e65-6f50-4a8f-a7e3-99abdfcf11e9,Penner Farms - 33-8-13 pump (site 3),5e62605a-bcfd-40e2-9800-ae0401315562,Symo  24.0-3 480 (6),,,24.0,parsed_from_inverter_name,173.8,,
fronius,2024-06-19,a93e4e65-6f50-4a8f-a7e3-99abdfcf11e9,Penner Farms - 33-8-13 pump (site 3),9e930636-d5a2-4a25-8fd9-ae0401315583,Symo  24.0-3 480 (8),,,24.0,parsed_from_inverter_name,173.74,,
fronius,2024-06-19,a93e4e65-6f50-4a8f-a7e3-99abdfcf11e9,Penner Farms - 33-8-13 pump (site 3),65ec44a7-931c-4a8a-a211-ae0401315570,Symo 24.0-3 480 (7),,,24.0,parsed_from_inverter_name,173.39,,
fronius,2024-06-20,a93e4e65-6f50-4a8f-a7e3-99abdfcf11e9,Penner Farms - 33-8-13 pump (site 3),fc5ec049-e0c5-4028-9ffe-ae040131554a,Symo  24.0-3 480 (1),,,24.0,parsed_from_inverter_name,146.38,,
fronius,2024-06-20,a93e4e65-6f50-4a8f-a7e3-99abdfcf11e9,Penner Farms - 33-8-13 pump (site 3),720c11c1-519e-4635-aa64-ae0401315554,Symo  24.0-3 480 (5),,,24.0,parsed_from_inverter_name,180.11,,
fronius,2024-06-20,a93e4e65-6f50-4a8f-a7e3-99abdfcf11e9,Penner Farms - 33-8-13 pump (site 3),5e62605a-bcfd-40e2-9800-ae0401315562,Symo  24.0-3 480 (6),,,24.0,parsed_from_inverter_name,177.77,,
fronius,2024-06-20,a93e4e65-6f50-4a8f-a7e3-99abdfcf11e9,Penner Farms - 33-8-13 pump (site 3),9e930636-d5a2-4a25-8fd9-ae0401315583,Symo  24.0-3 480 (8),,,24.0,parsed_from_inverter_name,178.47,,
fronius,2024-06-20,a93e4e65-6f50-4a8f-a7e3-99abdfcf11e9,Penner Farms - 33-8-13 pump (site 3),65ec44a7-931c-4a8a-a211-ae0401315570,Symo 24.0-3 480 (7),,,24.0,parsed_from_inverter_name,176.65,,
fronius,2024-06-21,a93e4e65-6f50-4a8f-a7e3-99abdfcf11e9,Penner Farms - 33-8-13 pump (site 3),fc5ec049-e0c5-4028-9ffe-ae040131554a,Symo  24.0-3 480 (1),,,24.0,parsed_from_inverter_name,163.99,,
fronius,2024-06-21,a93e4e65-6f50-4a8f-a7e3-99abdfcf11e9,Penner Farms - 33-8-13 pump (site 3),720c11c1-519e-4635-aa64-ae0401315554,Symo  24.0-3 480 (5),,,24.0,parsed_from_inverter_name,171.45,,
fronius,2024-06-21,a93e4e65-6f50-4a8f-a7e3-99abdfcf11e9,Penner Farms - 33-8-13 pump (site 3),5e62605a-bcfd-40e2-9800-ae0401315562,Symo  24.0-3 480 (6),,,24.0,parsed_from_inverter_name,169.58,,
fronius,2024-06-21,a93e4e65-6f50-4a8f-a7e3-99abdfcf11e9,Penner Farms - 33-8-13 pump (site 3),9e930636-d5a2-4a25-8fd9-ae0401315583,Symo  24.0-3 480 (8),,,24.0,parsed_from_inverter_name,170.95,,
fronius,2024-06-21,a93e4e65-6f50-4a8f-a7e3-99abdfcf11e9,Penner Farms - 33-8-13 pump (site 3),65ec44a7-931c-4a8a-a211-ae0401315570,Symo 24.0-3 480 (7),,,24.0,parsed_from_inverter_name,168.75,,
fronius,2024-06-22,a93e4e65-6f50-4a8f-a7e3-99abdfcf11e9,Penner Farms - 33-8-13 pump (site 3),fc5ec049-e0c5-4028-9ffe-ae040131554a,Symo  24.0-3 480 (1),,,24.0,parsed_from_inverter_name,198.36,,
fronius,2024-06-22,a93e4e65-6f50-4a8f-a7e3-99abdfcf11e9,Penner Farms - 33-8-13 pump (site 3),720c11c1-519e-4635-aa64-ae0401315554,Symo  24.0-3 480 (5),,,24.0,parsed_from_inverter_name,199.08,,
fronius,2024-06-22,a93e4e65-6f50-4a8f-a7e3-99abdfcf11e9,Penner Farms - 33-8-13 pump (site 3),5e62605a-bcfd-40e2-9800-ae0401315562,Symo  24.0-3 480 (6),,,24.0,parsed_from_inverter_name,195.68,,
fronius,2024-06-22,a93e4e65-6f50-4a8f-a7e3-99abdfcf11e9,Penner Farms - 33-8-13 pump (site 3),9e930636-d5a2-4a25-8fd9-ae0401315583,Symo  24.0-3 480 (8),,,24.0,parsed_from_inverter_name,198.0,,
fronius,2024-06-22,a93e4e65-6f50-4a8f-a7e3-99abdfcf11e9,Penner Farms - 33-8-13 pump (site 3),65ec44a7-931c-4a8a-a211-ae0401315570,Symo 24.0-3 480 (7),,,24.0,parsed_from_inverter_name,195.5,,
fronius,2024-06-23,a93e4e65-6f50-4a8f-a7e3-99abdfcf11e9,Penner Farms - 33-8-13 pump (site 3),fc5ec049-e0c5-4028-9ffe-ae040131554a,Symo  24.0-3 480 (1),,,24.0,parsed_from_inverter_name,178.02,,
fronius,2024-06-23,a93e4e65-6f50-4a8f-a7e3-99abdfcf11e9,Penner Farms - 33-8-13 pump (site 3),720c11c1-519e-4635-aa64-ae0401315554,Symo  24.0-3 480 (5),,,24.0,parsed_from_inverter_name,191.05,,
fronius,2024-06-23,a93e4e65-6f50-4a8f-a7e3-99abdfcf11e9,Penner Farms - 33-8-13 pump (site 3),5e62605a-bcfd-40e2-9800-ae0401315562,Symo  24.0-3 480 (6),,,24.0,parsed_from_inverter_name,190.24,,
fronius,2024-06-23,a93e4e65-6f50-4a8f-a7e3-99abdfcf11e9,Penner Farms - 33-8-13 pump (site 3),9e930636-d5a2-4a25-8fd9-ae0401315583,Symo  24.0-3 480 (8),,,24.0,parsed_from_inverter_name,192.52,,
fronius,2024-06-23,a93e4e65-6f50-4a8f-a7e3-99abdfcf11e9,Penner Farms - 33-8-13 pump (site 3),65ec44a7-931c-4a8a-a211-ae0401315570,Symo 24.0-3 480 (7),,,24.0,parsed_from_inverter_name,190.25,,
fronius,2024-06-24,a93e4e65-6f50-4a8f-a7e3-99abdfcf11e9,Penner Farms - 33-8-13 pump (site 3),fc5ec049-e0c5-4028-9ffe-ae040131554a,Symo  24.0-3 480 (1),,,24.0,parsed_from_inverter_name,205.45,,
fronius,2024-06-24,a93e4e65-6f50-4a8f-a7e3-99abdfcf11e9,Penner Farms - 33-8-13 pump (site 3),720c11c1-519e-4635-aa64-ae0401315554,Symo  24.0-3 480 (5),,,24.0,parsed_from_inverter_name,205.6,,
fronius,2024-06-24,a93e4e65-6f50-4a8f-a7e3-99abdfcf11e9,Penner Farms - 33-8-13 pump (site 3),5e62605a-bcfd-40e2-9800-ae0401315562,Symo  24.0-3 480 (6),,,24.0,parsed_from_inverter_name,203.98,,
fronius,2024-06-24,a93e4e65-6f50-4a8f-a7e3-99abdfcf11e9,Penner Farms - 33-8-13 pump (site 3),9e930636-d5a2-4a25-8fd9-ae0401315583,Symo  24.0-3 480 (8),,,24.0,parsed_from_inverter_name,204.71,,
fronius,2024-06-24,a93e4e65-6f50-4a8f-a7e3-99abdfcf11e9,Penner Farms - 33-8-13 pump (site 3),65ec44a7-931c-4a8a-a211-ae0401315570,Symo 24.0-3 480 (7),,,24.0,parsed_from_inverter_name,203.58,,
fronius,2024-06-25,a93e4e65-6f50-4a8f-a7e3-99abdfcf11e9,Penner Farms - 33-8-13 pump (site 3),fc5ec049-e0c5-4028-9ffe-ae040131554a,Symo  24.0-3 480 (1),,,24.0,parsed_from_inverter_name,209.42,,
fronius,2024-06-25,a93e4e65-6f50-4a8f-a7e3-99abdfcf11e9,Penner Farms - 33-8-13 pump (site 3),720c11c1-519e-4635-aa64-ae0401315554,Symo  24.0-3 480 (5),,,24.0,parsed_from_inverter_name,208.7,,
fronius,2024-06-25,a93e4e65-6f50-4a8f-a7e3-99abdfcf11e9,Penner Farms - 33-8-13 pump (site 3),5e62605a-bcfd-40e2-9800-ae0401315562,Symo  24.0-3 480 (6),,,24.0,parsed_from_inverter_name,207.97,,
fronius,2024-06-25,a93e4e65-6f50-4a8f-a7e3-99abdfcf11e9,Penner Farms - 33-8-13 pump (site 3),9e930636-d5a2-4a25-8fd9-ae0401315583,Symo  24.0-3 480 (8),,,24.0,parsed_from_inverter_name,207.75,,
fronius,2024-06-25,a93e4e65-6f50-4a8f-a7e3-99abdfcf11e9,Penner Farms - 33-8-13 pump (site 3),65ec44a7-931c-4a8a-a211-ae0401315570,Symo 24.0-3 480 (7),,,24.0,parsed_from_inverter_name,207.3,,
fronius,2024-06-26,a93e4e65-6f50-4a8f-a7e3-99abdfcf11e9,Penner Farms - 33-8-13 pump (site 3),fc5ec049-e0c5-4028-9ffe-ae040131554a,Symo  24.0-3 480 (1),,,24.0,parsed_from_inverter_name,141.61,,
fronius,2024-06-26,a93e4e65-6f50-4a8f-a7e3-99abdfcf11e9,Penner Farms - 33-8-13 pump (site 3),720c11c1-519e-4635-aa64-ae0401315554,Symo  24.0-3 480 (5),,,24.0,parsed_from_inverter_name,141.63,,
fronius,2024-06-26,a93e4e65-6f50-4a8f-a7e3-99abdfcf11e9,Penner Farms - 33-8-13 pump (site 3),5e62605a-bcfd-40e2-9800-ae0401315562,Symo  24.0-3 480 (6),,,24.0,parsed_from_inverter_name,139.44,,
fronius,2024-06-26,a93e4e65-6f50-4a8f-a7e3-99abdfcf11e9,Penner Farms - 33-8-13 pump (site 3),9e930636-d5a2-4a25-8fd9-ae0401315583,Symo  24.0-3 480 (8),,,24.0,parsed_from_inverter_name,140.76,,
fronius,2024-06-26,a93e4e65-6f50-4a8f-a7e3-99abdfcf11e9,Penner Farms - 33-8-13 pump (site 3),65ec44a7-931c-4a8a-a211-ae0401315570,Symo 24.0-3 480 (7),,,24.0,parsed_from_inverter_name,138.53,,
fronius,2024-06-27,a93e4e65-6f50-4a8f-a7e3-99abdfcf11e9,Penner Farms - 33-8-13 pump (site 3),fc5ec049-e0c5-4028-9ffe-ae040131554a,Symo  24.0-3 480 (1),,,24.0,parsed_from_inverter_name,76.25,,
fronius,2024-06-27,a93e4e65-6f50-4a8f-a7e3-99abdfcf11e9,Penner Farms - 33-8-13 pump (site 3),720c11c1-519e-4635-aa64-ae0401315554,Symo  24.0-3 480 (5),,,24.0,parsed_from_inverter_name,76.59,,
fronius,2024-06-27,a93e4e65-6f50-4a8f-a7e3-99abdfcf11e9,Penner Farms - 33-8-13 pump (site 3),5e62605a-bcfd-40e2-9800-ae0401315562,Symo  24.0-3 480 (6),,,24.0,parsed_from_inverter_name,75.03,,
fronius,2024-06-27,a93e4e65-6f50-4a8f-a7e3-99abdfcf11e9,Penner Farms - 33-8-13 pump (site 3),9e930636-d5a2-4a25-8fd9-ae0401315583,Symo  24.0-3 480 (8),,,24.0,parsed_from_inverter_name,76.24,,
fronius,2024-06-27,a93e4e65-6f50-4a8f-a7e3-99abdfcf11e9,Penner Farms - 33-8-13 pump (site 3),65ec44a7-931c-4a8a-a211-ae0401315570,Symo 24.0-3 480 (7),,,24.0,parsed_from_inverter_name,74.85,,
fronius,2024-06-28,a93e4e65-6f50-4a8f-a7e3-99abdfcf11e9,Penner Farms - 33-8-13 pump (site 3),fc5ec049-e0c5-4028-9ffe-ae040131554a,Symo  24.0-3 480 (1),,,24.0,parsed_from_inverter_name,94.14,,
fronius,2024-06-28,a93e4e65-6f50-4a8f-a7e3-99abdfcf11e9,Penner Farms - 33-8-13 pump (site 3),720c11c1-519e-4635-aa64-ae0401315554,Symo  24.0-3 480 (5),,,24.0,parsed_from_inverter_name,94.34,,
fronius,2024-06-28,a93e4e65-6f50-4a8f-a7e3-99abdfcf11e9,Penner Farms - 33-8-13 pump (site 3),5e62605a-bcfd-40e2-9800-ae0401315562,Symo  24.0-3 480 (6),,,24.0,parsed_from_inverter_name,92.85,,
fronius,2024-06-28,a93e4e65-6f50-4a8f-a7e3-99abdfcf11e9,Penner Farms - 33-8-13 pump (site 3),9e930636-d5a2-4a25-8fd9-ae0401315583,Symo  24.0-3 480 (8),,,24.0,parsed_from_inverter_name,93.91,,
fronius,2024-06-28,a93e4e65-6f50-4a8f-a7e3-99abdfcf11e9,Penner Farms - 33-8-13 pump (site 3),65ec44a7-931c-4a8a-a211-ae0401315570,Symo 24.0-3 480 (7),,,24.0,parsed_from_inverter_name,92.38,,
fronius,2024-06-29,a93e4e65-6f50-4a8f-a7e3-99abdfcf11e9,Penner Farms - 33-8-13 pump (site 3),fc5ec049-e0c5-4028-9ffe-ae040131554a,Symo  24.0-3 480 (1),,,24.0,parsed_from_inverter_name,196.83,,
fronius,2024-06-29,a93e4e65-6f50-4a8f-a7e3-99abdfcf11e9,Penner Farms - 33-8-13 pump (site 3),720c11c1-519e-4635-aa64-ae0401315554,Symo  24.0-3 480 (5),,,24.0,parsed_from_inverter_name,200.65,,
fronius,2024-06-29,a93e4e65-6f50-4a8f-a7e3-99abdfcf11e9,Penner Farms - 33-8-13 pump (site 3),5e62605a-bcfd-40e2-9800-ae0401315562,Symo  24.0-3 480 (6),,,24.0,parsed_from_inverter_name,195.67,,
fronius,2024-06-29,a93e4e65-6f50-4a8f-a7e3-99abdfcf11e9,Penner Farms - 33-8-13 pump (site 3),9e930636-d5a2-4a25-8fd9-ae0401315583,Symo  24.0-3 480 (8),,,24.0,parsed_from_inverter_name,200.35,,
fronius,2024-06-29,a93e4e65-6f50-4a8f-a7e3-99abdfcf11e9,Penner Farms - 33-8-13 pump (site 3),65ec44a7-931c-4a8a-a211-ae0401315570,Symo 24.0-3 480 (7),,,24.0,parsed_from_inverter_name,195.22,,
fronius,2024-06-30,a93e4e65-6f50-4a8f-a7e3-99abdfcf11e9,Penner Farms - 33-8-13 pump (site 3),fc5ec049-e0c5-4028-9ffe-ae040131554a,Symo  24.0-3 480 (1),,,24.0,parsed_from_inverter_name,71.64,,
fronius,2024-06-30,a93e4e65-6f50-4a8f-a7e3-99abdfcf11e9,Penner Farms - 33-8-13 pump (site 3),720c11c1-519e-4635-aa64-ae0401315554,Symo  24.0-3 480 (5),,,24.0,parsed_from_inverter_name,72.24,,
fronius,2024-06-30,a93e4e65-6f50-4a8f-a7e3-99abdfcf11e9,Penner Farms - 33-8-13 pump (site 3),5e62605a-bcfd-40e2-9800-ae0401315562,Symo  24.0-3 480 (6),,,24.0,parsed_from_inverter_name,70.25,,
fronius,2024-06-30,a93e4e65-6f50-4a8f-a7e3-99abdfcf11e9,Penner Farms - 33-8-13 pump (site 3),9e930636-d5a2-4a25-8fd9-ae0401315583,Symo  24.0-3 480 (8),,,24.0,parsed_from_inverter_name,72.0,,
fronius,2024-06-30,a93e4e65-6f50-4a8f-a7e3-99abdfcf11e9,Penner Farms - 33-8-13 pump (site 3),65ec44a7-931c-4a8a-a211-ae0401315570,Symo 24.0-3 480 (7),,,24.0,parsed_from_inverter_name,69.95,,
fronius,2024-07-01,a93e4e65-6f50-4a8f-a7e3-99abdfcf11e9,Penner Farms - 33-8-13 pump (site 3),fc5ec049-e0c5-4028-9ffe-ae040131554a,Symo  24.0-3 480 (1),,,24.0,parsed_from_inverter_name,112.35,,
fronius,2024-07-01,a93e4e65-6f50-4a8f-a7e3-99abdfcf11e9,Penner Farms - 33-8-13 pump (site 3),720c11c1-519e-4635-aa64-ae0401315554,Symo  24.0-3 480 (5),,,24.0,parsed_from_inverter_name,113.14,,
fronius,2024-07-01,a93e4e65-6f50-4a8f-a7e3-99abdfcf11e9,Penner Farms - 33-8-13 pump (site 3),5e62605a-bcfd-40e2-9800-ae0401315562,Symo  24.0-3 480 (6),,,24.0,parsed_from_inverter_name,110.89,,
fronius,2024-07-01,a93e4e65-6f50-4a8f-a7e3-99abdfcf11e9,Penner Farms - 33-8-13 pump (site 3),9e930636-d5a2-4a25-8fd9-ae0401315583,Symo  24.0-3 480 (8),,,24.0,parsed_from_inverter_name,113.04,,
fronius,2024-07-01,a93e4e65-6f50-4a8f-a7e3-99abdfcf11e9,Penner Farms - 33-8-13 pump (site 3),65ec44a7-931c-4a8a-a211-ae0401315570,Symo 24.0-3 480 (7),,,24.0,parsed_from_inverter_name,110.64,,
fronius,2024-07-02,a93e4e65-6f50-4a8f-a7e3-99abdfcf11e9,Penner Farms - 33-8-13 pump (site 3),fc5ec049-e0c5-4028-9ffe-ae040131554a,Symo  24.0-3 480 (1),,,24.0,parsed_from_inverter_name,178.83,,
fronius,2024-07-02,a93e4e65-6f50-4a8f-a7e3-99abdfcf11e9,Penner Farms - 33-8-13 pump (site 3),720c11c1-519e-4635-aa64-ae0401315554,Symo  24.0-3 480 (5),,,24.0,parsed_from_inverter_name,180.0,,
fronius,2024-07-02,a93e4e65-6f50-4a8f-a7e3-99abdfcf11e9,Penner Farms - 33-8-13 pump (site 3),5e62605a-bcfd-40e2-9800-ae0401315562,Symo  24.0-3 480 (6),,,24.0,parsed_from_inverter_name,178.14,,
fronius,2024-07-02,a93e4e65-6f50-4a8f-a7e3-99abdfcf11e9,Penner Farms - 33-8-13 pump (site 3),9e930636-d5a2-4a25-8fd9-ae0401315583,Symo  24.0-3 480 (8),,,24.0,parsed_from_inverter_name,180.53,,
fronius,2024-07-02,a93e4e65-6f50-4a8f-a7e3-99abdfcf11e9,Penner Farms - 33-8-13 pump (site 3),65ec44a7-931c-4a8a-a211-ae0401315570,Symo 24.0-3 480 (7),,,24.0,parsed_from_inverter_name,178.49,,
fronius,2024-07-03,a93e4e65-6f50-4a8f-a7e3-99abdfcf11e9,Penner Farms - 33-8-13 pump (site 3),fc5ec049-e0c5-4028-9ffe-ae040131554a,Symo  24.0-3 480 (1),,,24.0,parsed_from_inverter_name,127.28,,
fronius,2024-07-03,a93e4e65-6f50-4a8f-a7e3-99abdfcf11e9,Penner Farms - 33-8-13 pump (site 3),720c11c1-519e-4635-aa64-ae0401315554,Symo  24.0-3 480 (5),,,24.0,parsed_from_inverter_name,135.05,,
fronius,2024-07-03,a93e4e65-6f50-4a8f-a7e3-99abdfcf11e9,Penner Farms - 33-8-13 pump (site 3),5e62605a-bcfd-40e2-9800-ae0401315562,Symo  24.0-3 480 (6),,,24.0,parsed_from_inverter_name,133.0,,
fronius,2024-07-03,a93e4e65-6f50-4a8f-a7e3-99abdfcf11e9,Penner Farms - 33-8-13 pump (site 3),9e930636-d5a2-4a25-8fd9-ae0401315583,Symo  24.0-3 480 (8),,,24.0,parsed_from_inverter_name,135.4,,
fronius,2024-07-03,a93e4e65-6f50-4a8f-a7e3-99abdfcf11e9,Penner Farms - 33-8-13 pump (site 3),65ec44a7-931c-4a8a-a211-ae0401315570,Symo 24.0-3 480 (7),,,24.0,parsed_from_inverter_name,133.04,,
fronius,2024-07-04,a93e4e65-6f50-4a8f-a7e3-99abdfcf11e9,Penner Farms - 33-8-13 pump (site 3),fc5ec049-e0c5-4028-9ffe-ae040131554a,Symo  24.0-3 480 (1),,,24.0,parsed_from_inverter_name,130.24,,
fronius,2024-07-04,a93e4e65-6f50-4a8f-a7e3-99abdfcf11e9,Penner Farms - 33-8-13 pump (site 3),720c11c1-519e-4635-aa64-ae0401315554,Symo  24.0-3 480 (5),,,24.0,parsed_from_inverter_name,172.28,,
fronius,2024-07-04,a93e4e65-6f50-4a8f-a7e3-99abdfcf11e9,Penner Farms - 33-8-13 pump (site 3),5e62605a-bcfd-40e2-9800-ae0401315562,Symo  24.0-3 480 (6),,,24.0,parsed_from_inverter_name,170.63,,
fronius,2024-07-04,a93e4e65-6f50-4a8f-a7e3-99abdfcf11e9,Penner Farms - 33-8-13 pump (site 3),9e930636-d5a2-4a25-8fd9-ae0401315583,Symo  24.0-3 480 (8),,,24.0,parsed_from_inverter_name,171.83,,
fronius,2024-07-04,a93e4e65-6f50-4a8f-a7e3-99abdfcf11e9,Penner Farms - 33-8-13 pump (site 3),65ec44a7-931c-4a8a-a211-ae0401315570,Symo 24.0-3 480 (7),,,24.0,parsed_from_inverter_name,169.97,,
fronius,2024-07-05,a93e4e65-6f50-4a8f-a7e3-99abdfcf11e9,Penner Farms - 33-8-13 pump (site 3),fc5ec049-e0c5-4028-9ffe-ae040131554a,Symo  24.0-3 480 (1),,,24.0,parsed_from_inverter_name,177.35,,
fronius,2024-07-05,a93e4e65-6f50-4a8f-a7e3-99abdfcf11e9,Penner Farms - 33-8-13 pump (site 3),720c11c1-519e-4635-aa64-ae0401315554,Symo  24.0-3 480 (5),,,24.0,parsed_from_inverter_name,197.03,,
fronius,2024-07-05,a93e4e65-6f50-4a8f-a7e3-99abdfcf11e9,Penner Farms - 33-8-13 pump (site 3),5e62605a-bcfd-40e2-9800-ae0401315562,Symo  24.0-3 480 (6),,,24.0,parsed_from_inverter_name,194.93,,
fronius,2024-07-05,a93e4e65-6f50-4a8f-a7e3-99abdfcf11e9,Penner Farms - 33-8-13 pump (site 3),9e930636-d5a2-4a25-8fd9-ae0401315583,Symo  24.0-3 480 (8),,,24.0,parsed_from_inverter_name,196.9,,
fronius,2024-07-05,a93e4e65-6f50-4a8f-a7e3-99abdfcf11e9,Penner Farms - 33-8-13 pump (site 3),65ec44a7-931c-4a8a-a211-ae0401315570,Symo 24.0-3 480 (7),,,24.0,parsed_from_inverter_name,194.64,,
fronius,2024-07-06,a93e4e65-6f50-4a8f-a7e3-99abdfcf11e9,Penner Farms - 33-8-13 pump (site 3),fc5ec049-e0c5-4028-9ffe-ae040131554a,Symo  24.0-3 480 (1),,,24.0,parsed_from_inverter_name,171.77,,
fronius,2024-07-06,a93e4e65-6f50-4a8f-a7e3-99abdfcf11e9,Penner Farms - 33-8-13 pump (site 3),720c11c1-519e-4635-aa64-ae0401315554,Symo  24.0-3 480 (5),,,24.0,parsed_from_inverter_name,172.52,,
fronius,2024-07-06,a93e4e65-6f50-4a8f-a7e3-99abdfcf11e9,Penner Farms - 33-8-13 pump (site 3),5e62605a-bcfd-40e2-9800-ae0401315562,Symo  24.0-3 480 (6),,,24.0,parsed_from_inverter_name,170.99,,
fronius,2024-07-06,a93e4e65-6f50-4a8f-a7e3-99abdfcf11e9,Penner Farms - 33-8-13 pump (site 3),9e930636-d5a2-4a25-8fd9-ae0401315583,Symo  24.0-3 480 (8),,,24.0,parsed_from_inverter_name,172.76,,
fronius,2024-07-06,a93e4e65-6f50-4a8f-a7e3-99abdfcf11e9,Penner Farms - 33-8-13 pump (site 3),65ec44a7-931c-4a8a-a211-ae0401315570,Symo 24.0-3 480 (7),,,24.0,parsed_from_inverter_name,170.86,,
fronius,2024-07-07,a93e4e65-6f50-4a8f-a7e3-99abdfcf11e9,Penner Farms - 33-8-13 pump (site 3),fc5ec049-e0c5-4028-9ffe-ae040131554a,Symo  24.0-3 480 (1),,,24.0,parsed_from_inverter_name,192.71,,
fronius,2024-07-07,a93e4e65-6f50-4a8f-a7e3-99abdfcf11e9,Penner Farms - 33-8-13 pump (site 3),720c11c1-519e-4635-aa64-ae0401315554,Symo  24.0-3 480 (5),,,24.0,parsed_from_inverter_name,194.27,,
fronius,2024-07-07,a93e4e65-6f50-4a8f-a7e3-99abdfcf11e9,Penner Farms - 33-8-13 pump (site 3),5e62605a-bcfd-40e2-9800-ae0401315562,Symo  24.0-3 480 (6),,,24.0,parsed_from_inverter_name,191.85,,
fronius,2024-07-07,a93e4e65-6f50-4a8f-a7e3-99abdfcf11e9,Penner Farms - 33-8-13 pump (site 3),9e930636-d5a2-4a25-8fd9-ae0401315583,Symo  24.0-3 480 (8),,,24.0,parsed_from_inverter_name,194.19,,
fronius,2024-07-07,a93e4e65-6f50-4a8f-a7e3-99abdfcf11e9,Penner Farms - 33-8-13 pump (site 3),65ec44a7-931c-4a8a-a211-ae0401315570,Symo 24.0-3 480 (7),,,24.0,parsed_from_inverter_name,191.66,,
fronius,2024-07-08,a93e4e65-6f50-4a8f-a7e3-99abdfcf11e9,Penner Farms - 33-8-13 pump (site 3),fc5ec049-e0c5-4028-9ffe-ae040131554a,Symo  24.0-3 480 (1),,,24.0,parsed_from_inverter_name,189.96,,
fronius,2024-07-08,a93e4e65-6f50-4a8f-a7e3-99abdfcf11e9,Penner Farms - 33-8-13 pump (site 3),720c11c1-519e-4635-aa64-ae0401315554,Symo  24.0-3 480 (5),,,24.0,parsed_from_inverter_name,191.2,,
fronius,2024-07-08,a93e4e65-6f50-4a8f-a7e3-99abdfcf11e9,Penner Farms - 33-8-13 pump (site 3),5e62605a-bcfd-40e2-9800-ae0401315562,Symo  24.0-3 480 (6),,,24.0,parsed_from_inverter_name,189.75,,
fronius,2024-07-08,a93e4e65-6f50-4a8f-a7e3-99abdfcf11e9,Penner Farms - 33-8-13 pump (site 3),9e930636-d5a2-4a25-8fd9-ae0401315583,Symo  24.0-3 480 (8),,,24.0,parsed_from_inverter_name,191.49,,
fronius,2024-07-08,a93e4e65-6f50-4a8f-a7e3-99abdfcf11e9,Penner Farms - 33-8-13 pump (site 3),65ec44a7-931c-4a8a-a211-ae0401315570,Symo 24.0-3 480 (7),,,24.0,parsed_from_inverter_name,189.51,,
fronius,2024-07-09,a93e4e65-6f50-4a8f-a7e3-99abdfcf11e9,Penner Farms - 33-8-13 pump (site 3),fc5ec049-e0c5-4028-9ffe-ae040131554a,Symo  24.0-3 480 (1),,,24.0,parsed_from_inverter_name,187.78,,
fronius,2024-07-09,a93e4e65-6f50-4a8f-a7e3-99abdfcf11e9,Penner Farms - 33-8-13 pump (site 3),720c11c1-519e-4635-aa64-ae0401315554,Symo  24.0-3 480 (5),,,24.0,parsed_from_inverter_name,188.01,,
fronius,2024-07-09,a93e4e65-6f50-4a8f-a7e3-99abdfcf11e9,Penner Farms - 33-8-13 pump (site 3),5e62605a-bcfd-40e2-9800-ae0401315562,Symo  24.0-3 480 (6),,,24.0,parsed_from_inverter_name,186.99,,
fronius,2024-07-09,a93e4e65-6f50-4a8f-a7e3-99abdfcf11e9,Penner Farms - 33-8-13 pump (site 3),9e930636-d5a2-4a25-8fd9-ae0401315583,Symo  24.0-3 480 (8),,,24.0,parsed_from_inverter_name,188.5,,
fronius,2024-07-09,a93e4e65-6f50-4a8f-a7e3-99abdfcf11e9,Penner Farms - 33-8-13 pump (site 3),65ec44a7-931c-4a8a-a211-ae0401315570,Symo 24.0-3 480 (7),,,24.0,parsed_from_inverter_name,186.27,,
fronius,2024-07-10,a93e4e65-6f50-4a8f-a7e3-99abdfcf11e9,Penner Farms - 33-8-13 pump (site 3),fc5ec049-e0c5-4028-9ffe-ae040131554a,Symo  24.0-3 480 (1),,,24.0,parsed_from_inverter_name,186.53,,
fronius,2024-07-10,a93e4e65-6f50-4a8f-a7e3-99abdfcf11e9,Penner Farms - 33-8-13 pump (site 3),720c11c1-519e-4635-aa64-ae0401315554,Symo  24.0-3 480 (5),,,24.0,parsed_from_inverter_name,186.38,,
fronius,2024-07-10,a93e4e65-6f50-4a8f-a7e3-99abdfcf11e9,Penner Farms - 33-8-13 pump (site 3),5e62605a-bcfd-40e2-9800-ae0401315562,Symo  24.0-3 480 (6),,,24.0,parsed_from_inverter_name,184.56,,
fronius,2024-07-10,a93e4e65-6f50-4a8f-a7e3-99abdfcf11e9,Penner Farms - 33-8-13 pump (site 3),9e930636-d5a2-4a25-8fd9-ae0401315583,Symo  24.0-3 480 (8),,,24.0,parsed_from_inverter_name,187.9,,
fronius,2024-07-10,a93e4e65-6f50-4a8f-a7e3-99abdfcf11e9,Penner Farms - 33-8-13 pump (site 3),65ec44a7-931c-4a8a-a211-ae0401315570,Symo 24.0-3 480 (7),,,24.0,parsed_from_inverter_name,184.61,,
fronius,2024-07-11,a93e4e65-6f50-4a8f-a7e3-99abdfcf11e9,Penner Farms - 33-8-13 pump (site 3),fc5ec049-e0c5-4028-9ffe-ae040131554a,Symo  24.0-3 480 (1),,,24.0,parsed_from_inverter_name,186.53,,
fronius,2024-07-11,a93e4e65-6f50-4a8f-a7e3-99abdfcf11e9,Penner Farms - 33-8-13 pump (site 3),720c11c1-519e-4635-aa64-ae0401315554,Symo  24.0-3 480 (5),,,24.0,parsed_from_inverter_name,186.47,,
fronius,2024-07-11,a93e4e65-6f50-4a8f-a7e3-99abdfcf11e9,Penner Farms - 33-8-13 pump (site 3),5e62605a-bcfd-40e2-9800-ae0401315562,Symo  24.0-3 480 (6),,,24.0,parsed_from_inverter_name,186.11,,
fronius,2024-07-11,a93e4e65-6f50-4a8f-a7e3-99abdfcf11e9,Penner Farms - 33-8-13 pump (site 3),9e930636-d5a2-4a25-8fd9-ae0401315583,Symo  24.0-3 480 (8),,,24.0,parsed_from_inverter_name,187.89,,
fronius,2024-07-11,a93e4e65-6f50-4a8f-a7e3-99abdfcf11e9,Penner Farms - 33-8-13 pump (site 3),65ec44a7-931c-4a8a-a211-ae0401315570,Symo 24.0-3 480 (7),,,24.0,parsed_from_inverter_name,185.71,,
fronius,2024-07-12,a93e4e65-6f50-4a8f-a7e3-99abdfcf11e9,Penner Farms - 33-8-13 pump (site 3),fc5ec049-e0c5-4028-9ffe-ae040131554a,Symo  24.0-3 480 (1),,,24.0,parsed_from_inverter_name,186.13,,
fronius,2024-07-12,a93e4e65-6f50-4a8f-a7e3-99abdfcf11e9,Penner Farms - 33-8-13 pump (site 3),720c11c1-519e-4635-aa64-ae0401315554,Symo  24.0-3 480 (5),,,24.0,parsed_from_inverter_name,187.0,,
fronius,2024-07-12,a93e4e65-6f50-4a8f-a7e3-99abdfcf11e9,Penner Farms - 33-8-13 pump (site 3),5e62605a-bcfd-40e2-9800-ae0401315562,Symo  24.0-3 480 (6),,,24.0,parsed_from_inverter_name,185.82,,
fronius,2024-07-12,a93e4e65-6f50-4a8f-a7e3-99abdfcf11e9,Penner Farms - 33-8-13 pump (site 3),9e930636-d5a2-4a25-8fd9-ae0401315583,Symo  24.0-3 480 (8),,,24.0,parsed_from_inverter_name,187.45,,
fronius,2024-07-12,a93e4e65-6f50-4a8f-a7e3-99abdfcf11e9,Penner Farms - 33-8-13 pump (site 3),65ec44a7-931c-4a8a-a211-ae0401315570,Symo 24.0-3 480 (7),,,24.0,parsed_from_inverter_name,185.26,,
fronius,2024-07-13,a93e4e65-6f50-4a8f-a7e3-99abdfcf11e9,Penner Farms - 33-8-13 pump (site 3),fc5ec049-e0c5-4028-9ffe-ae040131554a,Symo  24.0-3 480 (1),,,24.0,parsed_from_inverter_name,186.94,,
fronius,2024-07-13,a93e4e65-6f50-4a8f-a7e3-99abdfcf11e9,Penner Farms - 33-8-13 pump (site 3),720c11c1-519e-4635-aa64-ae0401315554,Symo  24.0-3 480 (5),,,24.0,parsed_from_inverter_name,188.46,,
fronius,2024-07-13,a93e4e65-6f50-4a8f-a7e3-99abdfcf11e9,Penner Farms - 33-8-13 pump (site 3),5e62605a-bcfd-40e2-9800-ae0401315562,Symo  24.0-3 480 (6),,,24.0,parsed_from_inverter_name,185.88,,
fronius,2024-07-13,a93e4e65-6f50-4a8f-a7e3-99abdfcf11e9,Penner Farms - 33-8-13 pump (site 3),9e930636-d5a2-4a25-8fd9-ae0401315583,Symo  24.0-3 480 (8),,,24.0,parsed_from_inverter_name,188.73,,
fronius,2024-07-13,a93e4e65-6f50-4a8f-a7e3-99abdfcf11e9,Penner Farms - 33-8-13 pump (site 3),65ec44a7-931c-4a8a-a211-ae0401315570,Symo 24.0-3 480 (7),,,24.0,parsed_from_inverter_name,185.84,,
fronius,2024-07-14,a93e4e65-6f50-4a8f-a7e3-99abdfcf11e9,Penner Farms - 33-8-13 pump (site 3),fc5ec049-e0c5-4028-9ffe-ae040131554a,Symo  24.0-3 480 (1),,,24.0,parsed_from_inverter_name,185.53,,
fronius,2024-07-14,a93e4e65-6f50-4a8f-a7e3-99abdfcf11e9,Penner Farms - 33-8-13 pump (site 3),720c11c1-519e-4635-aa64-ae0401315554,Symo  24.0-3 480 (5),,,24.0,parsed_from_inverter_name,185.99,,
fronius,2024-07-14,a93e4e65-6f50-4a8f-a7e3-99abdfcf11e9,Penner Farms - 33-8-13 pump (site 3),5e62605a-bcfd-40e2-9800-ae0401315562,Symo  24.0-3 480 (6),,,24.0,parsed_from_inverter_name,184.58,,
fronius,2024-07-14,a93e4e65-6f50-4a8f-a7e3-99abdfcf11e9,Penner Farms - 33-8-13 pump (site 3),9e930636-d5a2-4a25-8fd9-ae0401315583,Symo  24.0-3 480 (8),,,24.0,parsed_from_inverter_name,185.63,,
fronius,2024-07-14,a93e4e65-6f50-4a8f-a7e3-99abdfcf11e9,Penner Farms - 33-8-13 pump (site 3),65ec44a7-931c-4a8a-a211-ae0401315570,Symo 24.0-3 480 (7),,,24.0,parsed_from_inverter_name,184.17,,
fronius,2024-07-15,a93e4e65-6f50-4a8f-a7e3-99abdfcf11e9,Penner Farms - 33-8-13 pump (site 3),fc5ec049-e0c5-4028-9ffe-ae040131554a,Symo  24.0-3 480 (1),,,24.0,parsed_from_inverter_name,180.87,,
fronius,2024-07-15,a93e4e65-6f50-4a8f-a7e3-99abdfcf11e9,Penner Farms - 33-8-13 pump (site 3),720c11c1-519e-4635-aa64-ae0401315554,Symo  24.0-3 480 (5),,,24.0,parsed_from_inverter_name,182.15,,
fronius,2024-07-15,a93e4e65-6f50-4a8f-a7e3-99abdfcf11e9,Penner Farms - 33-8-13 pump (site 3),5e62605a-bcfd-40e2-9800-ae0401315562,Symo  24.0-3 480 (6),,,24.0,parsed_from_inverter_name,179.95,,
fronius,2024-07-15,a93e4e65-6f50-4a8f-a7e3-99abdfcf11e9,Penner Farms - 33-8-13 pump (site 3),9e930636-d5a2-4a25-8fd9-ae0401315583,Symo  24.0-3 480 (8),,,24.0,parsed_from_inverter_name,182.31,,
fronius,2024-07-15,a93e4e65-6f50-4a8f-a7e3-99abdfcf11e9,Penner Farms - 33-8-13 pump (site 3),65ec44a7-931c-4a8a-a211-ae0401315570,Symo 24.0-3 480 (7),,,24.0,parsed_from_inverter_name,179.57,,
fronius,2024-07-16,a93e4e65-6f50-4a8f-a7e3-99abdfcf11e9,Penner Farms - 33-8-13 pump (site 3),fc5ec049-e0c5-4028-9ffe-ae040131554a,Symo  24.0-3 480 (1),,,24.0,parsed_from_inverter_name,181.13,,
fronius,2024-07-16,a93e4e65-6f50-4a8f-a7e3-99abdfcf11e9,Penner Farms - 33-8-13 pump (site 3),720c11c1-519e-4635-aa64-ae0401315554,Symo  24.0-3 480 (5),,,24.0,parsed_from_inverter_name,181.9,,
fronius,2024-07-16,a93e4e65-6f50-4a8f-a7e3-99abdfcf11e9,Penner Farms - 33-8-13 pump (site 3),5e62605a-bcfd-40e2-9800-ae0401315562,Symo  24.0-3 480 (6),,,24.0,parsed_from_inverter_name,180.23,,
fronius,2024-07-16,a93e4e65-6f50-4a8f-a7e3-99abdfcf11e9,Penner Farms - 33-8-13 pump (site 3),9e930636-d5a2-4a25-8fd9-ae0401315583,Symo  24.0-3 480 (8),,,24.0,parsed_from_inverter_name,181.73,,
fronius,2024-07-16,a93e4e65-6f50-4a8f-a7e3-99abdfcf11e9,Penner Farms - 33-8-13 pump (site 3),65ec44a7-931c-4a8a-a211-ae0401315570,Symo 24.0-3 480 (7),,,24.0,parsed_from_inverter_name,179.74,,
fronius,2024-07-17,a93e4e65-6f50-4a8f-a7e3-99abdfcf11e9,Penner Farms - 33-8-13 pump (site 3),fc5ec049-e0c5-4028-9ffe-ae040131554a,Symo  24.0-3 480 (1),,,24.0,parsed_from_inverter_name,182.91,,
fronius,2024-07-17,a93e4e65-6f50-4a8f-a7e3-99abdfcf11e9,Penner Farms - 33-8-13 pump (site 3),720c11c1-519e-4635-aa64-ae0401315554,Symo  24.0-3 480 (5),,,24.0,parsed_from_inverter_name,184.34,,
fronius,2024-07-17,a93e4e65-6f50-4a8f-a7e3-99abdfcf11e9,Penner Farms - 33-8-13 pump (site 3),5e62605a-bcfd-40e2-9800-ae0401315562,Symo  24.0-3 480 (6),,,24.0,parsed_from_inverter_name,181.21,,
fronius,2024-07-17,a93e4e65-6f50-4a8f-a7e3-99abdfcf11e9,Penner Farms - 33-8-13 pump (site 3),9e930636-d5a2-4a25-8fd9-ae0401315583,Symo  24.0-3 480 (8),,,24.0,parsed_from_inverter_name,184.21,,
fronius,2024-07-17,a93e4e65-6f50-4a8f-a7e3-99abdfcf11e9,Penner Farms - 33-8-13 pump (site 3),65ec44a7-931c-4a8a-a211-ae0401315570,Symo 24.0-3 480 (7),,,24.0,parsed_from_inverter_name,180.7,,
fronius,2024-07-18,a93e4e65-6f50-4a8f-a7e3-99abdfcf11e9,Penner Farms - 33-8-13 pump (site 3),fc5ec049-e0c5-4028-9ffe-ae040131554a,Symo  24.0-3 480 (1),,,24.0,parsed_from_inverter_name,96.7,,
fronius,2024-07-18,a93e4e65-6f50-4a8f-a7e3-99abdfcf11e9,Penner Farms - 33-8-13 pump (site 3),720c11c1-519e-4635-aa64-ae0401315554,Symo  24.0-3 480 (5),,,24.0,parsed_from_inverter_name,96.87,,
fronius,2024-07-18,a93e4e65-6f50-4a8f-a7e3-99abdfcf11e9,Penner Farms - 33-8-13 pump (site 3),5e62605a-bcfd-40e2-9800-ae0401315562,Symo  24.0-3 480 (6),,,24.0,parsed_from_inverter_name,95.45,,
fronius,2024-07-18,a93e4e65-6f50-4a8f-a7e3-99abdfcf11e9,Penner Farms - 33-8-13 pump (site 3),9e930636-d5a2-4a25-8fd9-ae0401315583,Symo  24.0-3 480 (8),,,24.0,parsed_from_inverter_name,96.64,,
fronius,2024-07-18,a93e4e65-6f50-4a8f-a7e3-99abdfcf11e9,Penner Farms - 33-8-13 pump (site 3),65ec44a7-931c-4a8a-a211-ae0401315570,Symo 24.0-3 480 (7),,,24.0,parsed_from_inverter_name,95.39,,
fronius,2024-07-19,a93e4e65-6f50-4a8f-a7e3-99abdfcf11e9,Penner Farms - 33-8-13 pump (site 3),fc5ec049-e0c5-4028-9ffe-ae040131554a,Symo  24.0-3 480 (1),,,24.0,parsed_from_inverter_name,178.98,,
fronius,2024-07-19,a93e4e65-6f50-4a8f-a7e3-99abdfcf11e9,Penner Farms - 33-8-13 pump (site 3),720c11c1-519e-4635-aa64-ae0401315554,Symo  24.0-3 480 (5),,,24.0,parsed_from_inverter_name,179.11,,
fronius,2024-07-19,a93e4e65-6f50-4a8f-a7e3-99abdfcf11e9,Penner Farms - 33-8-13 pump (site 3),5e62605a-bcfd-40e2-9800-ae0401315562,Symo  24.0-3 480 (6),,,24.0,parsed_from_inverter_name,177.18,,
fronius,2024-07-19,a93e4e65-6f50-4a8f-a7e3-99abdfcf11e9,Penner Farms - 33-8-13 pump (site 3),9e930636-d5a2-4a25-8fd9-ae0401315583,Symo  24.0-3 480 (8),,,24.0,parsed_from_inverter_name,179.14,,
fronius,2024-07-19,a93e4e65-6f50-4a8f-a7e3-99abdfcf11e9,Penner Farms - 33-8-13 pump (site 3),65ec44a7-931c-4a8a-a211-ae0401315570,Symo 24.0-3 480 (7),,,24.0,parsed_from_inverter_name,177.25,,
fronius,2024-07-20,a93e4e65-6f50-4a8f-a7e3-99abdfcf11e9,Penner Farms - 33-8-13 pump (site 3),fc5ec049-e0c5-4028-9ffe-ae040131554a,Symo  24.0-3 480 (1),,,24.0,parsed_from_inverter_name,176.12,,
fronius,2024-07-20,a93e4e65-6f50-4a8f-a7e3-99abdfcf11e9,Penner Farms - 33-8-13 pump (site 3),720c11c1-519e-4635-aa64-ae0401315554,Symo  24.0-3 480 (5),,,24.0,parsed_from_inverter_name,176.29,,
fronius,2024-07-20,a93e4e65-6f50-4a8f-a7e3-99abdfcf11e9,Penner Farms - 33-8-13 pump (site 3),5e62605a-bcfd-40e2-9800-ae0401315562,Symo  24.0-3 480 (6),,,24.0,parsed_from_inverter_name,174.42,,
fronius,2024-07-20,a93e4e65-6f50-4a8f-a7e3-99abdfcf11e9,Penner Farms - 33-8-13 pump (site 3),9e930636-d5a2-4a25-8fd9-ae0401315583,Symo  24.0-3 480 (8),,,24.0,parsed_from_inverter_name,176.68,,
fronius,2024-07-20,a93e4e65-6f50-4a8f-a7e3-99abdfcf11e9,Penner Farms - 33-8-13 pump (site 3),65ec44a7-931c-4a8a-a211-ae0401315570,Symo 24.0-3 480 (7),,,24.0,parsed_from_inverter_name,174.88,,
fronius,2024-07-21,a93e4e65-6f50-4a8f-a7e3-99abdfcf11e9,Penner Farms - 33-8-13 pump (site 3),fc5ec049-e0c5-4028-9ffe-ae040131554a,Symo  24.0-3 480 (1),,,24.0,parsed_from_inverter_name,171.97,,
fronius,2024-07-21,a93e4e65-6f50-4a8f-a7e3-99abdfcf11e9,Penner Farms - 33-8-13 pump (site 3),720c11c1-519e-4635-aa64-ae0401315554,Symo  24.0-3 480 (5),,,24.0,parsed_from_inverter_name,171.96,,
fronius,2024-07-21,a93e4e65-6f50-4a8f-a7e3-99abdfcf11e9,Penner Farms - 33-8-13 pump (site 3),5e62605a-bcfd-40e2-9800-ae0401315562,Symo  24.0-3 480 (6),,,24.0,parsed_from_inverter_name,169.88,,
fronius,2024-07-21,a93e4e65-6f50-4a8f-a7e3-99abdfcf11e9,Penner Farms - 33-8-13 pump (site 3),9e930636-d5a2-4a25-8fd9-ae0401315583,Symo  24.0-3 480 (8),,,24.0,parsed_from_inverter_name,171.73,,
fronius,2024-07-21,a93e4e65-6f50-4a8f-a7e3-99abdfcf11e9,Penner Farms - 33-8-13 pump (site 3),65ec44a7-931c-4a8a-a211-ae0401315570,Symo 24.0-3 480 (7),,,24.0,parsed_from_inverter_name,169.95,,
fronius,2024-07-22,a93e4e65-6f50-4a8f-a7e3-99abdfcf11e9,Penner Farms - 33-8-13 pump (site 3),fc5ec049-e0c5-4028-9ffe-ae040131554a,Symo  24.0-3 480 (1),,,24.0,parsed_from_inverter_name,143.58,,
fronius,2024-07-22,a93e4e65-6f50-4a8f-a7e3-99abdfcf11e9,Penner Farms - 33-8-13 pump (site 3),720c11c1-519e-4635-aa64-ae0401315554,Symo  24.0-3 480 (5),,,24.0,parsed_from_inverter_name,143.68,,
fronius,2024-07-22,a93e4e65-6f50-4a8f-a7e3-99abdfcf11e9,Penner Farms - 33-8-13 pump (site 3),5e62605a-bcfd-40e2-9800-ae0401315562,Symo  24.0-3 480 (6),,,24.0,parsed_from_inverter_name,141.79,,
fronius,2024-07-22,a93e4e65-6f50-4a8f-a7e3-99abdfcf11e9,Penner Farms - 33-8-13 pump (site 3),9e930636-d5a2-4a25-8fd9-ae0401315583,Symo  24.0-3 480 (8),,,24.0,parsed_from_inverter_name,143.62,,
fronius,2024-07-22,a93e4e65-6f50-4a8f-a7e3-99abdfcf11e9,Penner Farms - 33-8-13 pump (site 3),65ec44a7-931c-4a8a-a211-ae0401315570,Symo 24.0-3 480 (7),,,24.0,parsed_from_inverter_name,141.8,,
fronius,2024-07-23,a93e4e65-6f50-4a8f-a7e3-99abdfcf11e9,Penner Farms - 33-8-13 pump (site 3),fc5ec049-e0c5-4028-9ffe-ae040131554a,Symo  24.0-3 480 (1),,,24.0,parsed_from_inverter_name,173.06,,
fronius,2024-07-23,a93e4e65-6f50-4a8f-a7e3-99abdfcf11e9,Penner Farms - 33-8-13 pump (site 3),720c11c1-519e-4635-aa64-ae0401315554,Symo  24.0-3 480 (5),,,24.0,parsed_from_inverter_name,173.54,,
fronius,2024-07-23,a93e4e65-6f50-4a8f-a7e3-99abdfcf11e9,Penner Farms - 33-8-13 pump (site 3),5e62605a-bcfd-40e2-9800-ae0401315562,Symo  24.0-3 480 (6),,,24.0,parsed_from_inverter_name,171.34,,
fronius,2024-07-23,a93e4e65-6f50-4a8f-a7e3-99abdfcf11e9,Penner Farms - 33-8-13 pump (site 3),9e930636-d5a2-4a25-8fd9-ae0401315583,Symo  24.0-3 480 (8),,,24.0,parsed_from_inverter_name,173.7,,
fronius,2024-07-23,a93e4e65-6f50-4a8f-a7e3-99abdfcf11e9,Penner Farms - 33-8-13 pump (site 3),65ec44a7-931c-4a8a-a211-ae0401315570,Symo 24.0-3 480 (7),,,24.0,parsed_from_inverter_name,171.88,,
fronius,2024-07-24,a93e4e65-6f50-4a8f-a7e3-99abdfcf11e9,Penner Farms - 33-8-13 pump (site 3),fc5ec049-e0c5-4028-9ffe-ae040131554a,Symo  24.0-3 480 (1),,,24.0,parsed_from_inverter_name,177.69,,
fronius,2024-07-24,a93e4e65-6f50-4a8f-a7e3-99abdfcf11e9,Penner Farms - 33-8-13 pump (site 3),720c11c1-519e-4635-aa64-ae0401315554,Symo  24.0-3 480 (5),,,24.0,parsed_from_inverter_name,177.72,,
fronius,2024-07-24,a93e4e65-6f50-4a8f-a7e3-99abdfcf11e9,Penner Farms - 33-8-13 pump (site 3),5e62605a-bcfd-40e2-9800-ae0401315562,Symo  24.0-3 480 (6),,,24.0,parsed_from_inverter_name,176.19,,
fronius,2024-07-24,a93e4e65-6f50-4a8f-a7e3-99abdfcf11e9,Penner Farms - 33-8-13 pump (site 3),9e930636-d5a2-4a25-8fd9-ae0401315583,Symo  24.0-3 480 (8),,,24.0,parsed_from_inverter_name,177.76,,
fronius,2024-07-24,a93e4e65-6f50-4a8f-a7e3-99abdfcf11e9,Penner Farms - 33-8-13 pump (site 3),65ec44a7-931c-4a8a-a211-ae0401315570,Symo 24.0-3 480 (7),,,24.0,parsed_from_inverter_name,176.17,,
fronius,2024-07-25,a93e4e65-6f50-4a8f-a7e3-99abdfcf11e9,Penner Farms - 33-8-13 pump (site 3),fc5ec049-e0c5-4028-9ffe-ae040131554a,Symo  24.0-3 480 (1),,,24.0,parsed_from_inverter_name,163.92,,
fronius,2024-07-25,a93e4e65-6f50-4a8f-a7e3-99abdfcf11e9,Penner Farms - 33-8-13 pump (site 3),720c11c1-519e-4635-aa64-ae0401315554,Symo  24.0-3 480 (5),,,24.0,parsed_from_inverter_name,164.89,,
fronius,2024-07-25,a93e4e65-6f50-4a8f-a7e3-99abdfcf11e9,Penner Farms - 33-8-13 pump (site 3),5e62605a-bcfd-40e2-9800-ae0401315562,Symo  24.0-3 480 (6),,,24.0,parsed_from_inverter_name,162.51,,
fronius,2024-07-25,a93e4e65-6f50-4a8f-a7e3-99abdfcf11e9,Penner Farms - 33-8-13 pump (site 3),9e930636-d5a2-4a25-8fd9-ae0401315583,Symo  24.0-3 480 (8),,,24.0,parsed_from_inverter_name,165.18,,
fronius,2024-07-25,a93e4e65-6f50-4a8f-a7e3-99abdfcf11e9,Penner Farms - 33-8-13 pump (site 3),65ec44a7-931c-4a8a-a211-ae0401315570,Symo 24.0-3 480 (7),,,24.0,parsed_from_inverter_name,163.1,,
fronius,2024-07-26,a93e4e65-6f50-4a8f-a7e3-99abdfcf11e9,Penner Farms - 33-8-13 pump (site 3),fc5ec049-e0c5-4028-9ffe-ae040131554a,Symo  24.0-3 480 (1),,,24.0,parsed_from_inverter_name,190.92,,
fronius,2024-07-26,a93e4e65-6f50-4a8f-a7e3-99abdfcf11e9,Penner Farms - 33-8-13 pump (site 3),720c11c1-519e-4635-aa64-ae0401315554,Symo  24.0-3 480 (5),,,24.0,parsed_from_inverter_name,191.71,,
fronius,2024-07-26,a93e4e65-6f50-4a8f-a7e3-99abdfcf11e9,Penner Farms - 33-8-13 pump (site 3),5e62605a-bcfd-40e2-9800-ae0401315562,Symo  24.0-3 480 (6),,,24.0,parsed_from_inverter_name,190.15,,
fronius,2024-07-26,a93e4e65-6f50-4a8f-a7e3-99abdfcf11e9,Penner Farms - 33-8-13 pump (site 3),9e930636-d5a2-4a25-8fd9-ae0401315583,Symo  24.0-3 480 (8),,,24.0,parsed_from_inverter_name,192.18,,
fronius,2024-07-26,a93e4e65-6f50-4a8f-a7e3-99abdfcf11e9,Penner Farms - 33-8-13 pump (site 3),65ec44a7-931c-4a8a-a211-ae0401315570,Symo 24.0-3 480 (7),,,24.0,parsed_from_inverter_name,190.16,,
fronius,2024-07-27,a93e4e65-6f50-4a8f-a7e3-99abdfcf11e9,Penner Farms - 33-8-13 pump (site 3),fc5ec049-e0c5-4028-9ffe-ae040131554a,Symo  24.0-3 480 (1),,,24.0,parsed_from_inverter_name,165.37,,
fronius,2024-07-27,a93e4e65-6f50-4a8f-a7e3-99abdfcf11e9,Penner Farms - 33-8-13 pump (site 3),720c11c1-519e-4635-aa64-ae0401315554,Symo  24.0-3 480 (5),,,24.0,parsed_from_inverter_name,165.75,,
fronius,2024-07-27,a93e4e65-6f50-4a8f-a7e3-99abdfcf11e9,Penner Farms - 33-8-13 pump (site 3),5e62605a-bcfd-40e2-9800-ae0401315562,Symo  24.0-3 480 (6),,,24.0,parsed_from_inverter_name,164.39,,
fronius,2024-07-27,a93e4e65-6f50-4a8f-a7e3-99abdfcf11e9,Penner Farms - 33-8-13 pump (site 3),9e930636-d5a2-4a25-8fd9-ae0401315583,Symo  24.0-3 480 (8),,,24.0,parsed_from_inverter_name,165.95,,
fronius,2024-07-27,a93e4e65-6f50-4a8f-a7e3-99abdfcf11e9,Penner Farms - 33-8-13 pump (site 3),65ec44a7-931c-4a8a-a211-ae0401315570,Symo 24.0-3 480 (7),,,24.0,parsed_from_inverter_name,164.21,,
fronius,2024-07-28,a93e4e65-6f50-4a8f-a7e3-99abdfcf11e9,Penner Farms - 33-8-13 pump (site 3),fc5ec049-e0c5-4028-9ffe-ae040131554a,Symo  24.0-3 480 (1),,,24.0,parsed_from_inverter_name,170.76,,
fronius,2024-07-28,a93e4e65-6f50-4a8f-a7e3-99abdfcf11e9,Penner Farms - 33-8-13 pump (site 3),720c11c1-519e-4635-aa64-ae0401315554,Symo  24.0-3 480 (5),,,24.0,parsed_from_inverter_name,171.61,,
fronius,2024-07-28,a93e4e65-6f50-4a8f-a7e3-99abdfcf11e9,Penner Farms - 33-8-13 pump (site 3),5e62605a-bcfd-40e2-9800-ae0401315562,Symo  24.0-3 480 (6),,,24.0,parsed_from_inverter_name,169.66,,
fronius,2024-07-28,a93e4e65-6f50-4a8f-a7e3-99abdfcf11e9,Penner Farms - 33-8-13 pump (site 3),9e930636-d5a2-4a25-8fd9-ae0401315583,Symo  24.0-3 480 (8),,,24.0,parsed_from_inverter_name,171.92,,
fronius,2024-07-28,a93e4e65-6f50-4a8f-a7e3-99abdfcf11e9,Penner Farms - 33-8-13 pump (site 3),65ec44a7-931c-4a8a-a211-ae0401315570,Symo 24.0-3 480 (7),,,24.0,parsed_from_inverter_name,170.03,,
fronius,2024-07-29,a93e4e65-6f50-4a8f-a7e3-99abdfcf11e9,Penner Farms - 33-8-13 pump (site 3),fc5ec049-e0c5-4028-9ffe-ae040131554a,Symo  24.0-3 480 (1),,,24.0,parsed_from_inverter_name,181.34,,
fronius,2024-07-29,a93e4e65-6f50-4a8f-a7e3-99abdfcf11e9,Penner Farms - 33-8-13 pump (site 3),720c11c1-519e-4635-aa64-ae0401315554,Symo  24.0-3 480 (5),,,24.0,parsed_from_inverter_name,182.39,,
fronius,2024-07-29,a93e4e65-6f50-4a8f-a7e3-99abdfcf11e9,Penner Farms - 33-8-13 pump (site 3),5e62605a-bcfd-40e2-9800-ae0401315562,Symo  24.0-3 480 (6),,,24.0,parsed_from_inverter_name,180.36,,
fronius,2024-07-29,a93e4e65-6f50-4a8f-a7e3-99abdfcf11e9,Penner Farms - 33-8-13 pump (site 3),9e930636-d5a2-4a25-8fd9-ae0401315583,Symo  24.0-3 480 (8),,,24.0,parsed_from_inverter_name,182.65,,
fronius,2024-07-29,a93e4e65-6f50-4a8f-a7e3-99abdfcf11e9,Penner Farms - 33-8-13 pump (site 3),65ec44a7-931c-4a8a-a211-ae0401315570,Symo 24.0-3 480 (7),,,24.0,parsed_from_inverter_name,180.68,,
fronius,2024-07-30,a93e4e65-6f50-4a8f-a7e3-99abdfcf11e9,Penner Farms - 33-8-13 pump (site 3),fc5ec049-e0c5-4028-9ffe-ae040131554a,Symo  24.0-3 480 (1),,,24.0,parsed_from_inverter_name,160.44,,
fronius,2024-07-30,a93e4e65-6f50-4a8f-a7e3-99abdfcf11e9,Penner Farms - 33-8-13 pump (site 3),720c11c1-519e-4635-aa64-ae0401315554,Symo  24.0-3 480 (5),,,24.0,parsed_from_inverter_name,160.96,,
fronius,2024-07-30,a93e4e65-6f50-4a8f-a7e3-99abdfcf11e9,Penner Farms - 33-8-13 pump (site 3),5e62605a-bcfd-40e2-9800-ae0401315562,Symo  24.0-3 480 (6),,,24.0,parsed_from_inverter_name,159.47,,
fronius,2024-07-30,a93e4e65-6f50-4a8f-a7e3-99abdfcf11e9,Penner Farms - 33-8-13 pump (site 3),9e930636-d5a2-4a25-8fd9-ae0401315583,Symo  24.0-3 480 (8),,,24.0,parsed_from_inverter_name,160.81,,
fronius,2024-07-30,a93e4e65-6f50-4a8f-a7e3-99abdfcf11e9,Penner Farms - 33-8-13 pump (site 3),65ec44a7-931c-4a8a-a211-ae0401315570,Symo 24.0-3 480 (7),,,24.0,parsed_from_inverter_name,159.48,,
fronius,2024-07-31,a93e4e65-6f50-4a8f-a7e3-99abdfcf11e9,Penner Farms - 33-8-13 pump (site 3),fc5ec049-e0c5-4028-9ffe-ae040131554a,Symo  24.0-3 480 (1),,,24.0,parsed_from_inverter_name,183.22,,
fronius,2024-07-31,a93e4e65-6f50-4a8f-a7e3-99abdfcf11e9,Penner Farms - 33-8-13 pump (site 3),720c11c1-519e-4635-aa64-ae0401315554,Symo  24.0-3 480 (5),,,24.0,parsed_from_inverter_name,184.14,,
fronius,2024-07-31,a93e4e65-6f50-4a8f-a7e3-99abdfcf11e9,Penner Farms - 33-8-13 pump (site 3),5e62605a-bcfd-40e2-9800-ae0401315562,Symo  24.0-3 480 (6),,,24.0,parsed_from_inverter_name,182.41,,
fronius,2024-07-31,a93e4e65-6f50-4a8f-a7e3-99abdfcf11e9,Penner Farms - 33-8-13 pump (site 3),9e930636-d5a2-4a25-8fd9-ae0401315583,Symo  24.0-3 480 (8),,,24.0,parsed_from_inverter_name,184.34,,
fronius,2024-07-31,a93e4e65-6f50-4a8f-a7e3-99abdfcf11e9,Penner Farms - 33-8-13 pump (site 3),65ec44a7-931c-4a8a-a211-ae0401315570,Symo 24.0-3 480 (7),,,24.0,parsed_from_inverter_name,182.64,,
fronius,2024-08-01,a93e4e65-6f50-4a8f-a7e3-99abdfcf11e9,Penner Farms - 33-8-13 pump (site 3),fc5ec049-e0c5-4028-9ffe-ae040131554a,Symo  24.0-3 480 (1),,,24.0,parsed_from_inverter_name,183.52,,
fronius,2024-08-01,a93e4e65-6f50-4a8f-a7e3-99abdfcf11e9,Penner Farms - 33-8-13 pump (site 3),720c11c1-519e-4635-aa64-ae0401315554,Symo  24.0-3 480 (5),,,24.0,parsed_from_inverter_name,183.84,,
fronius,2024-08-01,a93e4e65-6f50-4a8f-a7e3-99abdfcf11e9,Penner Farms - 33-8-13 pump (site 3),5e62605a-bcfd-40e2-9800-ae0401315562,Symo  24.0-3 480 (6),,,24.0,parsed_from_inverter_name,182.33,,
fronius,2024-08-01,a93e4e65-6f50-4a8f-a7e3-99abdfcf11e9,Penner Farms - 33-8-13 pump (site 3),9e930636-d5a2-4a25-8fd9-ae0401315583,Symo  24.0-3 480 (8),,,24.0,parsed_from_inverter_name,183.67,,
fronius,2024-08-01,a93e4e65-6f50-4a8f-a7e3-99abdfcf11e9,Penner Farms - 33-8-13 pump (site 3),65ec44a7-931c-4a8a-a211-ae0401315570,Symo 24.0-3 480 (7),,,24.0,parsed_from_inverter_name,181.92,,
fronius,2024-08-02,a93e4e65-6f50-4a8f-a7e3-99abdfcf11e9,Penner Farms - 33-8-13 pump (site 3),fc5ec049-e0c5-4028-9ffe-ae040131554a,Symo  24.0-3 480 (1),,,24.0,parsed_from_inverter_name,180.34,,
fronius,2024-08-02,a93e4e65-6f50-4a8f-a7e3-99abdfcf11e9,Penner Farms - 33-8-13 pump (site 3),720c11c1-519e-4635-aa64-ae0401315554,Symo  24.0-3 480 (5),,,24.0,parsed_from_inverter_name,180.81,,
fronius,2024-08-02,a93e4e65-6f50-4a8f-a7e3-99abdfcf11e9,Penner Farms - 33-8-13 pump (site 3),5e62605a-bcfd-40e2-9800-ae0401315562,Symo  24.0-3 480 (6),,,24.0,parsed_from_inverter_name,179.55,,
fronius,2024-08-02,a93e4e65-6f50-4a8f-a7e3-99abdfcf11e9,Penner Farms - 33-8-13 pump (site 3),9e930636-d5a2-4a25-8fd9-ae0401315583,Symo  24.0-3 480 (8),,,24.0,parsed_from_inverter_name,181.14,,
fronius,2024-08-02,a93e4e65-6f50-4a8f-a7e3-99abdfcf11e9,Penner Farms - 33-8-13 pump (site 3),65ec44a7-931c-4a8a-a211-ae0401315570,Symo 24.0-3 480 (7),,,24.0,parsed_from_inverter_name,179.23,,
fronius,2024-08-03,a93e4e65-6f50-4a8f-a7e3-99abdfcf11e9,Penner Farms - 33-8-13 pump (site 3),fc5ec049-e0c5-4028-9ffe-ae040131554a,Symo  24.0-3 480 (1),,,24.0,parsed_from_inverter_name,115.56,,
fronius,2024-08-03,a93e4e65-6f50-4a8f-a7e3-99abdfcf11e9,Penner Farms - 33-8-13 pump (site 3),720c11c1-519e-4635-aa64-ae0401315554,Symo  24.0-3 480 (5),,,24.0,parsed_from_inverter_name,115.71,,
fronius,2024-08-03,a93e4e65-6f50-4a8f-a7e3-99abdfcf11e9,Penner Farms - 33-8-13 pump (site 3),5e62605a-bcfd-40e2-9800-ae0401315562,Symo  24.0-3 480 (6),,,24.0,parsed_from_inverter_name,114.3,,
fronius,2024-08-03,a93e4e65-6f50-4a8f-a7e3-99abdfcf11e9,Penner Farms - 33-8-13 pump (site 3),9e930636-d5a2-4a25-8fd9-ae0401315583,Symo  24.0-3 480 (8),,,24.0,parsed_from_inverter_name,115.41,,
fronius,2024-08-03,a93e4e65-6f50-4a8f-a7e3-99abdfcf11e9,Penner Farms - 33-8-13 pump (site 3),65ec44a7-931c-4a8a-a211-ae0401315570,Symo 24.0-3 480 (7),,,24.0,parsed_from_inverter_name,113.8,,
fronius,2024-08-04,a93e4e65-6f50-4a8f-a7e3-99abdfcf11e9,Penner Farms - 33-8-13 pump (site 3),fc5ec049-e0c5-4028-9ffe-ae040131554a,Symo  24.0-3 480 (1),,,24.0,parsed_from_inverter_name,109.66,,
fronius,2024-08-04,a93e4e65-6f50-4a8f-a7e3-99abdfcf11e9,Penner Farms - 33-8-13 pump (site 3),720c11c1-519e-4635-aa64-ae0401315554,Symo  24.0-3 480 (5),,,24.0,parsed_from_inverter_name,109.68,,
fronius,2024-08-04,a93e4e65-6f50-4a8f-a7e3-99abdfcf11e9,Penner Farms - 33-8-13 pump (site 3),5e62605a-bcfd-40e2-9800-ae0401315562,Symo  24.0-3 480 (6),,,24.0,parsed_from_inverter_name,109.92,,
fronius,2024-08-04,a93e4e65-6f50-4a8f-a7e3-99abdfcf11e9,Penner Farms - 33-8-13 pump (site 3),9e930636-d5a2-4a25-8fd9-ae0401315583,Symo  24.0-3 480 (8),,,24.0,parsed_from_inverter_name,109.29,,
fronius,2024-08-04,a93e4e65-6f50-4a8f-a7e3-99abdfcf11e9,Penner Farms - 33-8-13 pump (site 3),65ec44a7-931c-4a8a-a211-ae0401315570,Symo 24.0-3 480 (7),,,24.0,parsed_from_inverter_name,108.1,,
fronius,2024-08-05,a93e4e65-6f50-4a8f-a7e3-99abdfcf11e9,Penner Farms - 33-8-13 pump (site 3),fc5ec049-e0c5-4028-9ffe-ae040131554a,Symo  24.0-3 480 (1),,,24.0,parsed_from_inverter_name,153.86,,
fronius,2024-08-05,a93e4e65-6f50-4a8f-a7e3-99abdfcf11e9,Penner Farms - 33-8-13 pump (site 3),720c11c1-519e-4635-aa64-ae0401315554,Symo  24.0-3 480 (5),,,24.0,parsed_from_inverter_name,155.15,,
fronius,2024-08-05,a93e4e65-6f50-4a8f-a7e3-99abdfcf11e9,Penner Farms - 33-8-13 pump (site 3),5e62605a-bcfd-40e2-9800-ae0401315562,Symo  24.0-3 480 (6),,,24.0,parsed_from_inverter_name,152.43,,
fronius,2024-08-05,a93e4e65-6f50-4a8f-a7e3-99abdfcf11e9,Penner Farms - 33-8-13 pump (site 3),9e930636-d5a2-4a25-8fd9-ae0401315583,Symo  24.0-3 480 (8),,,24.0,parsed_from_inverter_name,155.09,,
fronius,2024-08-05,a93e4e65-6f50-4a8f-a7e3-99abdfcf11e9,Penner Farms - 33-8-13 pump (site 3),65ec44a7-931c-4a8a-a211-ae0401315570,Symo 24.0-3 480 (7),,,24.0,parsed_from_inverter_name,152.66,,
fronius,2024-08-06,a93e4e65-6f50-4a8f-a7e3-99abdfcf11e9,Penner Farms - 33-8-13 pump (site 3),fc5ec049-e0c5-4028-9ffe-ae040131554a,Symo  24.0-3 480 (1),,,24.0,parsed_from_inverter_name,141.69,,
fronius,2024-08-06,a93e4e65-6f50-4a8f-a7e3-99abdfcf11e9,Penner Farms - 33-8-13 pump (site 3),720c11c1-519e-4635-aa64-ae0401315554,Symo  24.0-3 480 (5),,,24.0,parsed_from_inverter_name,141.85,,
fronius,2024-08-06,a93e4e65-6f50-4a8f-a7e3-99abdfcf11e9,Penner Farms - 33-8-13 pump (site 3),5e62605a-bcfd-40e2-9800-ae0401315562,Symo  24.0-3 480 (6),,,24.0,parsed_from_inverter_name,140.78,,
fronius,2024-08-06,a93e4e65-6f50-4a8f-a7e3-99abdfcf11e9,Penner Farms - 33-8-13 pump (site 3),9e930636-d5a2-4a25-8fd9-ae0401315583,Symo  24.0-3 480 (8),,,24.0,parsed_from_inverter_name,141.72,,
fronius,2024-08-06,a93e4e65-6f50-4a8f-a7e3-99abdfcf11e9,Penner Farms - 33-8-13 pump (site 3),65ec44a7-931c-4a8a-a211-ae0401315570,Symo 24.0-3 480 (7),,,24.0,parsed_from_inverter_name,140.57,,
fronius,2024-08-07,a93e4e65-6f50-4a8f-a7e3-99abdfcf11e9,Penner Farms - 33-8-13 pump (site 3),fc5ec049-e0c5-4028-9ffe-ae040131554a,Symo  24.0-3 480 (1),,,24.0,parsed_from_inverter_name,94.28,,
fronius,2024-08-07,a93e4e65-6f50-4a8f-a7e3-99abdfcf11e9,Penner Farms - 33-8-13 pump (site 3),720c11c1-519e-4635-aa64-ae0401315554,Symo  24.0-3 480 (5),,,24.0,parsed_from_inverter_name,94.51,,
fronius,2024-08-07,a93e4e65-6f50-4a8f-a7e3-99abdfcf11e9,Penner Farms - 33-8-13 pump (site 3),5e62605a-bcfd-40e2-9800-ae0401315562,Symo  24.0-3 480 (6),,,24.0,parsed_from_inverter_name,93.53,,
fronius,2024-08-07,a93e4e65-6f50-4a8f-a7e3-99abdfcf11e9,Penner Farms - 33-8-13 pump (site 3),9e930636-d5a2-4a25-8fd9-ae0401315583,Symo  24.0-3 480 (8),,,24.0,parsed_from_inverter_name,94.31,,
fronius,2024-08-07,a93e4e65-6f50-4a8f-a7e3-99abdfcf11e9,Penner Farms - 33-8-13 pump (site 3),65ec44a7-931c-4a8a-a211-ae0401315570,Symo 24.0-3 480 (7),,,24.0,parsed_from_inverter_name,93.17,,
fronius,2024-08-08,a93e4e65-6f50-4a8f-a7e3-99abdfcf11e9,Penner Farms - 33-8-13 pump (site 3),fc5ec049-e0c5-4028-9ffe-ae040131554a,Symo  24.0-3 480 (1),,,24.0,parsed_from_inverter_name,179.13,,
fronius,2024-08-08,a93e4e65-6f50-4a8f-a7e3-99abdfcf11e9,Penner Farms - 33-8-13 pump (site 3),720c11c1-519e-4635-aa64-ae0401315554,Symo  24.0-3 480 (5),,,24.0,parsed_from_inverter_name,186.45,,
fronius,2024-08-08,a93e4e65-6f50-4a8f-a7e3-99abdfcf11e9,Penner Farms - 33-8-13 pump (site 3),5e62605a-bcfd-40e2-9800-ae0401315562,Symo  24.0-3 480 (6),,,24.0,parsed_from_inverter_name,184.19,,
fronius,2024-08-08,a93e4e65-6f50-4a8f-a7e3-99abdfcf11e9,Penner Farms - 33-8-13 pump (site 3),9e930636-d5a2-4a25-8fd9-ae0401315583,Symo  24.0-3 480 (8),,,24.0,parsed_from_inverter_name,185.36,,
fronius,2024-08-08,a93e4e65-6f50-4a8f-a7e3-99abdfcf11e9,Penner Farms - 33-8-13 pump (site 3),65ec44a7-931c-4a8a-a211-ae0401315570,Symo 24.0-3 480 (7),,,24.0,parsed_from_inverter_name,184.08,,
fronius,2024-08-09,a93e4e65-6f50-4a8f-a7e3-99abdfcf11e9,Penner Farms - 33-8-13 pump (site 3),fc5ec049-e0c5-4028-9ffe-ae040131554a,Symo  24.0-3 480 (1),,,24.0,parsed_from_inverter_name,177.01,,
fronius,2024-08-09,a93e4e65-6f50-4a8f-a7e3-99abdfcf11e9,Penner Farms - 33-8-13 pump (site 3),720c11c1-519e-4635-aa64-ae0401315554,Symo  24.0-3 480 (5),,,24.0,parsed_from_inverter_name,177.51,,
fronius,2024-08-09,a93e4e65-6f50-4a8f-a7e3-99abdfcf11e9,Penner Farms - 33-8-13 pump (site 3),5e62605a-bcfd-40e2-9800-ae0401315562,Symo  24.0-3 480 (6),,,24.0,parsed_from_inverter_name,176.0,,
fronius,2024-08-09,a93e4e65-6f50-4a8f-a7e3-99abdfcf11e9,Penner Farms - 33-8-13 pump (site 3),9e930636-d5a2-4a25-8fd9-ae0401315583,Symo  24.0-3 480 (8),,,24.0,parsed_from_inverter_name,177.14,,
fronius,2024-08-09,a93e4e65-6f50-4a8f-a7e3-99abdfcf11e9,Penner Farms - 33-8-13 pump (site 3),65ec44a7-931c-4a8a-a211-ae0401315570,Symo 24.0-3 480 (7),,,24.0,parsed_from_inverter_name,175.11,,
fronius,2024-08-10,a93e4e65-6f50-4a8f-a7e3-99abdfcf11e9,Penner Farms - 33-8-13 pump (site 3),fc5ec049-e0c5-4028-9ffe-ae040131554a,Symo  24.0-3 480 (1),,,24.0,parsed_from_inverter_name,168.79,,
fronius,2024-08-10,a93e4e65-6f50-4a8f-a7e3-99abdfcf11e9,Penner Farms - 33-8-13 pump (site 3),720c11c1-519e-4635-aa64-ae0401315554,Symo  24.0-3 480 (5),,,24.0,parsed_from_inverter_name,169.43,,
fronius,2024-08-10,a93e4e65-6f50-4a8f-a7e3-99abdfcf11e9,Penner Farms - 33-8-13 pump (site 3),5e62605a-bcfd-40e2-9800-ae0401315562,Symo  24.0-3 480 (6),,,24.0,parsed_from_inverter_name,167.03,,
fronius,2024-08-10,a93e4e65-6f50-4a8f-a7e3-99abdfcf11e9,Penner Farms - 33-8-13 pump (site 3),9e930636-d5a2-4a25-8fd9-ae0401315583,Symo  24.0-3 480 (8),,,24.0,parsed_from_inverter_name,169.53,,
fronius,2024-08-10,a93e4e65-6f50-4a8f-a7e3-99abdfcf11e9,Penner Farms - 33-8-13 pump (site 3),65ec44a7-931c-4a8a-a211-ae0401315570,Symo 24.0-3 480 (7),,,24.0,parsed_from_inverter_name,166.62,,
fronius,2024-08-11,a93e4e65-6f50-4a8f-a7e3-99abdfcf11e9,Penner Farms - 33-8-13 pump (site 3),fc5ec049-e0c5-4028-9ffe-ae040131554a,Symo  24.0-3 480 (1),,,24.0,parsed_from_inverter_name,135.87,,
fronius,2024-08-11,a93e4e65-6f50-4a8f-a7e3-99abdfcf11e9,Penner Farms - 33-8-13 pump (site 3),720c11c1-519e-4635-aa64-ae0401315554,Symo  24.0-3 480 (5),,,24.0,parsed_from_inverter_name,136.2,,
fronius,2024-08-11,a93e4e65-6f50-4a8f-a7e3-99abdfcf11e9,Penner Farms - 33-8-13 pump (site 3),5e62605a-bcfd-40e2-9800-ae0401315562,Symo  24.0-3 480 (6),,,24.0,parsed_from_inverter_name,134.38,,
fronius,2024-08-11,a93e4e65-6f50-4a8f-a7e3-99abdfcf11e9,Penner Farms - 33-8-13 pump (site 3),9e930636-d5a2-4a25-8fd9-ae0401315583,Symo  24.0-3 480 (8),,,24.0,parsed_from_inverter_name,136.32,,
fronius,2024-08-11,a93e4e65-6f50-4a8f-a7e3-99abdfcf11e9,Penner Farms - 33-8-13 pump (site 3),65ec44a7-931c-4a8a-a211-ae0401315570,Symo 24.0-3 480 (7),,,24.0,parsed_from_inverter_name,134.2,,
fronius,2024-08-12,a93e4e65-6f50-4a8f-a7e3-99abdfcf11e9,Penner Farms - 33-8-13 pump (site 3),fc5ec049-e0c5-4028-9ffe-ae040131554a,Symo  24.0-3 480 (1),,,24.0,parsed_from_inverter_name,139.42,,
fronius,2024-08-12,a93e4e65-6f50-4a8f-a7e3-99abdfcf11e9,Penner Farms - 33-8-13 pump (site 3),720c11c1-519e-4635-aa64-ae0401315554,Symo  24.0-3 480 (5),,,24.0,parsed_from_inverter_name,140.19,,
fronius,2024-08-12,a93e4e65-6f50-4a8f-a7e3-99abdfcf11e9,Penner Farms - 33-8-13 pump (site 3),5e62605a-bcfd-40e2-9800-ae0401315562,Symo  24.0-3 480 (6),,,24.0,parsed_from_inverter_name,137.64,,
fronius,2024-08-12,a93e4e65-6f50-4a8f-a7e3-99abdfcf11e9,Penner Farms - 33-8-13 pump (site 3),9e930636-d5a2-4a25-8fd9-ae0401315583,Symo  24.0-3 480 (8),,,24.0,parsed_from_inverter_name,140.07,,
fronius,2024-08-12,a93e4e65-6f50-4a8f-a7e3-99abdfcf11e9,Penner Farms - 33-8-13 pump (site 3),65ec44a7-931c-4a8a-a211-ae0401315570,Symo 24.0-3 480 (7),,,24.0,parsed_from_inverter_name,137.49,,
fronius,2024-08-13,a93e4e65-6f50-4a8f-a7e3-99abdfcf11e9,Penner Farms - 33-8-13 pump (site 3),fc5ec049-e0c5-4028-9ffe-ae040131554a,Symo  24.0-3 480 (1),,,24.0,parsed_from_inverter_name,168.65,,
fronius,2024-08-13,a93e4e65-6f50-4a8f-a7e3-99abdfcf11e9,Penner Farms - 33-8-13 pump (site 3),720c11c1-519e-4635-aa64-ae0401315554,Symo  24.0-3 480 (5),,,24.0,parsed_from_inverter_name,169.35,,
fronius,2024-08-13,a93e4e65-6f50-4a8f-a7e3-99abdfcf11e9,Penner Farms - 33-8-13 pump (site 3),5e62605a-bcfd-40e2-9800-ae0401315562,Symo  24.0-3 480 (6),,,24.0,parsed_from_inverter_name,167.87,,
fronius,2024-08-13,a93e4e65-6f50-4a8f-a7e3-99abdfcf11e9,Penner Farms - 33-8-13 pump (site 3),9e930636-d5a2-4a25-8fd9-ae0401315583,Symo  24.0-3 480 (8),,,24.0,parsed_from_inverter_name,169.75,,
fronius,2024-08-13,a93e4e65-6f50-4a8f-a7e3-99abdfcf11e9,Penner Farms - 33-8-13 pump (site 3),65ec44a7-931c-4a8a-a211-ae0401315570,Symo 24.0-3 480 (7),,,24.0,parsed_from_inverter_name,167.9,,
fronius,2024-08-14,a93e4e65-6f50-4a8f-a7e3-99abdfcf11e9,Penner Farms - 33-8-13 pump (site 3),fc5ec049-e0c5-4028-9ffe-ae040131554a,Symo  24.0-3 480 (1),,,24.0,parsed_from_inverter_name,169.46,,
fronius,2024-08-14,a93e4e65-6f50-4a8f-a7e3-99abdfcf11e9,Penner Farms - 33-8-13 pump (site 3),720c11c1-519e-4635-aa64-ae0401315554,Symo  24.0-3 480 (5),,,24.0,parsed_from_inverter_name,169.97,,
fronius,2024-08-14,a93e4e65-6f50-4a8f-a7e3-99abdfcf11e9,Penner Farms - 33-8-13 pump (site 3),5e62605a-bcfd-40e2-9800-ae0401315562,Symo  24.0-3 480 (6),,,24.0,parsed_from_inverter_name,168.71,,
fronius,2024-08-14,a93e4e65-6f50-4a8f-a7e3-99abdfcf11e9,Penner Farms - 33-8-13 pump (site 3),9e930636-d5a2-4a25-8fd9-ae0401315583,Symo  24.0-3 480 (8),,,24.0,parsed_from_inverter_name,170.74,,
fronius,2024-08-14,a93e4e65-6f50-4a8f-a7e3-99abdfcf11e9,Penner Farms - 33-8-13 pump (site 3),65ec44a7-931c-4a8a-a211-ae0401315570,Symo 24.0-3 480 (7),,,24.0,parsed_from_inverter_name,168.85,,
fronius,2024-08-15,a93e4e65-6f50-4a8f-a7e3-99abdfcf11e9,Penner Farms - 33-8-13 pump (site 3),fc5ec049-e0c5-4028-9ffe-ae040131554a,Symo  24.0-3 480 (1),,,24.0,parsed_from_inverter_name,128.86,,
fronius,2024-08-15,a93e4e65-6f50-4a8f-a7e3-99abdfcf11e9,Penner Farms - 33-8-13 pump (site 3),720c11c1-519e-4635-aa64-ae0401315554,Symo  24.0-3 480 (5),,,24.0,parsed_from_inverter_name,129.16,,
fronius,2024-08-15,a93e4e65-6f50-4a8f-a7e3-99abdfcf11e9,Penner Farms - 33-8-13 pump (site 3),5e62605a-bcfd-40e2-9800-ae0401315562,Symo  24.0-3 480 (6),,,24.0,parsed_from_inverter_name,127.73,,
fronius,2024-08-15,a93e4e65-6f50-4a8f-a7e3-99abdfcf11e9,Penner Farms - 33-8-13 pump (site 3),9e930636-d5a2-4a25-8fd9-ae0401315583,Symo  24.0-3 480 (8),,,24.0,parsed_from_inverter_name,129.05,,
fronius,2024-08-15,a93e4e65-6f50-4a8f-a7e3-99abdfcf11e9,Penner Farms - 33-8-13 pump (site 3),65ec44a7-931c-4a8a-a211-ae0401315570,Symo 24.0-3 480 (7),,,24.0,parsed_from_inverter_name,127.64,,
fronius,2024-08-16,a93e4e65-6f50-4a8f-a7e3-99abdfcf11e9,Penner Farms - 33-8-13 pump (site 3),fc5ec049-e0c5-4028-9ffe-ae040131554a,Symo  24.0-3 480 (1),,,24.0,parsed_from_inverter_name,83.54,,
fronius,2024-08-16,a93e4e65-6f50-4a8f-a7e3-99abdfcf11e9,Penner Farms - 33-8-13 pump (site 3),720c11c1-519e-4635-aa64-ae0401315554,Symo  24.0-3 480 (5),,,24.0,parsed_from_inverter_name,83.53,,
fronius,2024-08-16,a93e4e65-6f50-4a8f-a7e3-99abdfcf11e9,Penner Farms - 33-8-13 pump (site 3),5e62605a-bcfd-40e2-9800-ae0401315562,Symo  24.0-3 480 (6),,,24.0,parsed_from_inverter_name,82.58,,
fronius,2024-08-16,a93e4e65-6f50-4a8f-a7e3-99abdfcf11e9,Penner Farms - 33-8-13 pump (site 3),9e930636-d5a2-4a25-8fd9-ae0401315583,Symo  24.0-3 480 (8),,,24.0,parsed_from_inverter_name,83.18,,
fronius,2024-08-16,a93e4e65-6f50-4a8f-a7e3-99abdfcf11e9,Penner Farms - 33-8-13 pump (site 3),65ec44a7-931c-4a8a-a211-ae0401315570,Symo 24.0-3 480 (7),,,24.0,parsed_from_inverter_name,82.15,,
fronius,2024-08-17,a93e4e65-6f50-4a8f-a7e3-99abdfcf11e9,Penner Farms - 33-8-13 pump (site 3),fc5ec049-e0c5-4028-9ffe-ae040131554a,Symo  24.0-3 480 (1),,,24.0,parsed_from_inverter_name,179.36,,
fronius,2024-08-17,a93e4e65-6f50-4a8f-a7e3-99abdfcf11e9,Penner Farms - 33-8-13 pump (site 3),720c11c1-519e-4635-aa64-ae0401315554,Symo  24.0-3 480 (5),,,24.0,parsed_from_inverter_name,180.01,,
fronius,2024-08-17,a93e4e65-6f50-4a8f-a7e3-99abdfcf11e9,Penner Farms - 33-8-13 pump (site 3),5e62605a-bcfd-40e2-9800-ae0401315562,Symo  24.0-3 480 (6),,,24.0,parsed_from_inverter_name,178.37,,
fronius,2024-08-17,a93e4e65-6f50-4a8f-a7e3-99abdfcf11e9,Penner Farms - 33-8-13 pump (site 3),9e930636-d5a2-4a25-8fd9-ae0401315583,Symo  24.0-3 480 (8),,,24.0,parsed_from_inverter_name,180.34,,
fronius,2024-08-17,a93e4e65-6f50-4a8f-a7e3-99abdfcf11e9,Penner Farms - 33-8-13 pump (site 3),65ec44a7-931c-4a8a-a211-ae0401315570,Symo 24.0-3 480 (7),,,24.0,parsed_from_inverter_name,178.6,,
fronius,2024-08-18,a93e4e65-6f50-4a8f-a7e3-99abdfcf11e9,Penner Farms - 33-8-13 pump (site 3),fc5ec049-e0c5-4028-9ffe-ae040131554a,Symo  24.0-3 480 (1),,,24.0,parsed_from_inverter_name,155.12,,
fronius,2024-08-18,a93e4e65-6f50-4a8f-a7e3-99abdfcf11e9,Penner Farms - 33-8-13 pump (site 3),720c11c1-519e-4635-aa64-ae0401315554,Symo  24.0-3 480 (5),,,24.0,parsed_from_inverter_name,157.84,,
fronius,2024-08-18,a93e4e65-6f50-4a8f-a7e3-99abdfcf11e9,Penner Farms - 33-8-13 pump (site 3),5e62605a-bcfd-40e2-9800-ae0401315562,Symo  24.0-3 480 (6),,,24.0,parsed_from_inverter_name,156.55,,
fronius,2024-08-18,a93e4e65-6f50-4a8f-a7e3-99abdfcf11e9,Penner Farms - 33-8-13 pump (site 3),9e930636-d5a2-4a25-8fd9-ae0401315583,Symo  24.0-3 480 (8),,,24.0,parsed_from_inverter_name,157.8,,
fronius,2024-08-18,a93e4e65-6f50-4a8f-a7e3-99abdfcf11e9,Penner Farms - 33-8-13 pump (site 3),65ec44a7-931c-4a8a-a211-ae0401315570,Symo 24.0-3 480 (7),,,24.0,parsed_from_inverter_name,156.47,,
fronius,2024-08-19,a93e4e65-6f50-4a8f-a7e3-99abdfcf11e9,Penner Farms - 33-8-13 pump (site 3),fc5ec049-e0c5-4028-9ffe-ae040131554a,Symo  24.0-3 480 (1),,,24.0,parsed_from_inverter_name,166.22,,
fronius,2024-08-19,a93e4e65-6f50-4a8f-a7e3-99abdfcf11e9,Penner Farms - 33-8-13 pump (site 3),720c11c1-519e-4635-aa64-ae0401315554,Symo  24.0-3 480 (5),,,24.0,parsed_from_inverter_name,169.11,,
fronius,2024-08-19,a93e4e65-6f50-4a8f-a7e3-99abdfcf11e9,Penner Farms - 33-8-13 pump (site 3),5e62605a-bcfd-40e2-9800-ae0401315562,Symo  24.0-3 480 (6),,,24.0,parsed_from_inverter_name,167.07,,
fronius,2024-08-19,a93e4e65-6f50-4a8f-a7e3-99abdfcf11e9,Penner Farms - 33-8-13 pump (site 3),9e930636-d5a2-4a25-8fd9-ae0401315583,Symo  24.0-3 480 (8),,,24.0,parsed_from_inverter_name,169.15,,
fronius,2024-08-19,a93e4e65-6f50-4a8f-a7e3-99abdfcf11e9,Penner Farms - 33-8-13 pump (site 3),65ec44a7-931c-4a8a-a211-ae0401315570,Symo 24.0-3 480 (7),,,24.0,parsed_from_inverter_name,167.13,,
fronius,2024-08-20,a93e4e65-6f50-4a8f-a7e3-99abdfcf11e9,Penner Farms - 33-8-13 pump (site 3),fc5ec049-e0c5-4028-9ffe-ae040131554a,Symo  24.0-3 480 (1),,,24.0,parsed_from_inverter_name,137.64,,
fronius,2024-08-20,a93e4e65-6f50-4a8f-a7e3-99abdfcf11e9,Penner Farms - 33-8-13 pump (site 3),720c11c1-519e-4635-aa64-ae0401315554,Symo  24.0-3 480 (5),,,24.0,parsed_from_inverter_name,138.21,,
fronius,2024-08-20,a93e4e65-6f50-4a8f-a7e3-99abdfcf11e9,Penner Farms - 33-8-13 pump (site 3),5e62605a-bcfd-40e2-9800-ae0401315562,Symo  24.0-3 480 (6),,,24.0,parsed_from_inverter_name,136.81,,
fronius,2024-08-20,a93e4e65-6f50-4a8f-a7e3-99abdfcf11e9,Penner Farms - 33-8-13 pump (site 3),9e930636-d5a2-4a25-8fd9-ae0401315583,Symo  24.0-3 480 (8),,,24.0,parsed_from_inverter_name,138.45,,
fronius,2024-08-20,a93e4e65-6f50-4a8f-a7e3-99abdfcf11e9,Penner Farms - 33-8-13 pump (site 3),65ec44a7-931c-4a8a-a211-ae0401315570,Symo 24.0-3 480 (7),,,24.0,parsed_from_inverter_name,136.9,,
fronius,2024-08-21,a93e4e65-6f50-4a8f-a7e3-99abdfcf11e9,Penner Farms - 33-8-13 pump (site 3),fc5ec049-e0c5-4028-9ffe-ae040131554a,Symo  24.0-3 480 (1),,,24.0,parsed_from_inverter_name,129.09,,
fronius,2024-08-21,a93e4e65-6f50-4a8f-a7e3-99abdfcf11e9,Penner Farms - 33-8-13 pump (site 3),720c11c1-519e-4635-aa64-ae0401315554,Symo  24.0-3 480 (5),,,24.0,parsed_from_inverter_name,129.81,,
fronius,2024-08-21,a93e4e65-6f50-4a8f-a7e3-99abdfcf11e9,Penner Farms - 33-8-13 pump (site 3),5e62605a-bcfd-40e2-9800-ae0401315562,Symo  24.0-3 480 (6),,,24.0,parsed_from_inverter_name,128.37,,
fronius,2024-08-21,a93e4e65-6f50-4a8f-a7e3-99abdfcf11e9,Penner Farms - 33-8-13 pump (site 3),9e930636-d5a2-4a25-8fd9-ae0401315583,Symo  24.0-3 480 (8),,,24.0,parsed_from_inverter_name,129.74,,
fronius,2024-08-21,a93e4e65-6f50-4a8f-a7e3-99abdfcf11e9,Penner Farms - 33-8-13 pump (site 3),65ec44a7-931c-4a8a-a211-ae0401315570,Symo 24.0-3 480 (7),,,24.0,parsed_from_inverter_name,128.52,,
fronius,2024-08-22,a93e4e65-6f50-4a8f-a7e3-99abdfcf11e9,Penner Farms - 33-8-13 pump (site 3),fc5ec049-e0c5-4028-9ffe-ae040131554a,Symo  24.0-3 480 (1),,,24.0,parsed_from_inverter_name,175.67,,
fronius,2024-08-22,a93e4e65-6f50-4a8f-a7e3-99abdfcf11e9,Penner Farms - 33-8-13 pump (site 3),720c11c1-519e-4635-aa64-ae0401315554,Symo  24.0-3 480 (5),,,24.0,parsed_from_inverter_name,175.97,,
fronius,2024-08-22,a93e4e65-6f50-4a8f-a7e3-99abdfcf11e9,Penner Farms - 33-8-13 pump (site 3),5e62605a-bcfd-40e2-9800-ae0401315562,Symo  24.0-3 480 (6),,,24.0,parsed_from_inverter_name,174.89,,
fronius,2024-08-22,a93e4e65-6f50-4a8f-a7e3-99abdfcf11e9,Penner Farms - 33-8-13 pump (site 3),9e930636-d5a2-4a25-8fd9-ae0401315583,Symo  24.0-3 480 (8),,,24.0,parsed_from_inverter_name,176.17,,
fronius,2024-08-22,a93e4e65-6f50-4a8f-a7e3-99abdfcf11e9,Penner Farms - 33-8-13 pump (site 3),65ec44a7-931c-4a8a-a211-ae0401315570,Symo 24.0-3 480 (7),,,24.0,parsed_from_inverter_name,174.76,,
fronius,2024-08-23,a93e4e65-6f50-4a8f-a7e3-99abdfcf11e9,Penner Farms - 33-8-13 pump (site 3),fc5ec049-e0c5-4028-9ffe-ae040131554a,Symo  24.0-3 480 (1),,,24.0,parsed_from_inverter_name,133.2,,
fronius,2024-08-23,a93e4e65-6f50-4a8f-a7e3-99abdfcf11e9,Penner Farms - 33-8-13 pump (site 3),720c11c1-519e-4635-aa64-ae0401315554,Symo  24.0-3 480 (5),,,24.0,parsed_from_inverter_name,133.46,,
fronius,2024-08-23,a93e4e65-6f50-4a8f-a7e3-99abdfcf11e9,Penner Farms - 33-8-13 pump (site 3),5e62605a-bcfd-40e2-9800-ae0401315562,Symo  24.0-3 480 (6),,,24.0,parsed_from_inverter_name,132.03,,
fronius,2024-08-23,a93e4e65-6f50-4a8f-a7e3-99abdfcf11e9,Penner Farms - 33-8-13 pump (site 3),9e930636-d5a2-4a25-8fd9-ae0401315583,Symo  24.0-3 480 (8),,,24.0,parsed_from_inverter_name,133.46,,
fronius,2024-08-23,a93e4e65-6f50-4a8f-a7e3-99abdfcf11e9,Penner Farms - 33-8-13 pump (site 3),65ec44a7-931c-4a8a-a211-ae0401315570,Symo 24.0-3 480 (7),,,24.0,parsed_from_inverter_name,131.87,,
fronius,2024-08-24,a93e4e65-6f50-4a8f-a7e3-99abdfcf11e9,Penner Farms - 33-8-13 pump (site 3),fc5ec049-e0c5-4028-9ffe-ae040131554a,Symo  24.0-3 480 (1),,,24.0,parsed_from_inverter_name,134.54,,
fronius,2024-08-24,a93e4e65-6f50-4a8f-a7e3-99abdfcf11e9,Penner Farms - 33-8-13 pump (site 3),720c11c1-519e-4635-aa64-ae0401315554,Symo  24.0-3 480 (5),,,24.0,parsed_from_inverter_name,151.92,,
fronius,2024-08-24,a93e4e65-6f50-4a8f-a7e3-99abdfcf11e9,Penner Farms - 33-8-13 pump (site 3),5e62605a-bcfd-40e2-9800-ae0401315562,Symo  24.0-3 480 (6),,,24.0,parsed_from_inverter_name,149.96,,
fronius,2024-08-24,a93e4e65-6f50-4a8f-a7e3-99abdfcf11e9,Penner Farms - 33-8-13 pump (site 3),9e930636-d5a2-4a25-8fd9-ae0401315583,Symo  24.0-3 480 (8),,,24.0,parsed_from_inverter_name,151.78,,
fronius,2024-08-24,a93e4e65-6f50-4a8f-a7e3-99abdfcf11e9,Penner Farms - 33-8-13 pump (site 3),65ec44a7-931c-4a8a-a211-ae0401315570,Symo 24.0-3 480 (7),,,24.0,parsed_from_inverter_name,150.46,,
fronius,2024-08-25,a93e4e65-6f50-4a8f-a7e3-99abdfcf11e9,Penner Farms - 33-8-13 pump (site 3),fc5ec049-e0c5-4028-9ffe-ae040131554a,Symo  24.0-3 480 (1),,,24.0,parsed_from_inverter_name,172.12,,
fronius,2024-08-25,a93e4e65-6f50-4a8f-a7e3-99abdfcf11e9,Penner Farms - 33-8-13 pump (site 3),720c11c1-519e-4635-aa64-ae0401315554,Symo  24.0-3 480 (5),,,24.0,parsed_from_inverter_name,179.48,,
fronius,2024-08-25,a93e4e65-6f50-4a8f-a7e3-99abdfcf11e9,Penner Farms - 33-8-13 pump (site 3),5e62605a-bcfd-40e2-9800-ae0401315562,Symo  24.0-3 480 (6),,,24.0,parsed_from_inverter_name,178.81,,
fronius,2024-08-25,a93e4e65-6f50-4a8f-a7e3-99abdfcf11e9,Penner Farms - 33-8-13 pump (site 3),9e930636-d5a2-4a25-8fd9-ae0401315583,Symo  24.0-3 480 (8),,,24.0,parsed_from_inverter_name,179.79,,
fronius,2024-08-25,a93e4e65-6f50-4a8f-a7e3-99abdfcf11e9,Penner Farms - 33-8-13 pump (site 3),65ec44a7-931c-4a8a-a211-ae0401315570,Symo 24.0-3 480 (7),,,24.0,parsed_from_inverter_name,178.87,,
fronius,2024-08-26,a93e4e65-6f50-4a8f-a7e3-99abdfcf11e9,Penner Farms - 33-8-13 pump (site 3),fc5ec049-e0c5-4028-9ffe-ae040131554a,Symo  24.0-3 480 (1),,,24.0,parsed_from_inverter_name,150.26,,
fronius,2024-08-26,a93e4e65-6f50-4a8f-a7e3-99abdfcf11e9,Penner Farms - 33-8-13 pump (site 3),720c11c1-519e-4635-aa64-ae0401315554,Symo  24.0-3 480 (5),,,24.0,parsed_from_inverter_name,176.37,,
fronius,2024-08-26,a93e4e65-6f50-4a8f-a7e3-99abdfcf11e9,Penner Farms - 33-8-13 pump (site 3),5e62605a-bcfd-40e2-9800-ae0401315562,Symo  24.0-3 480 (6),,,24.0,parsed_from_inverter_name,174.21,,
fronius,2024-08-26,a93e4e65-6f50-4a8f-a7e3-99abdfcf11e9,Penner Farms - 33-8-13 pump (site 3),9e930636-d5a2-4a25-8fd9-ae0401315583,Symo  24.0-3 480 (8),,,24.0,parsed_from_inverter_name,176.4,,
fronius,2024-08-26,a93e4e65-6f50-4a8f-a7e3-99abdfcf11e9,Penner Farms - 33-8-13 pump (site 3),65ec44a7-931c-4a8a-a211-ae0401315570,Symo 24.0-3 480 (7),,,24.0,parsed_from_inverter_name,174.49,,
fronius,2024-08-27,a93e4e65-6f50-4a8f-a7e3-99abdfcf11e9,Penner Farms - 33-8-13 pump (site 3),fc5ec049-e0c5-4028-9ffe-ae040131554a,Symo  24.0-3 480 (1),,,24.0,parsed_from_inverter_name,113.86,,
fronius,2024-08-27,a93e4e65-6f50-4a8f-a7e3-99abdfcf11e9,Penner Farms - 33-8-13 pump (site 3),720c11c1-519e-4635-aa64-ae0401315554,Symo  24.0-3 480 (5),,,24.0,parsed_from_inverter_name,114.36,,
fronius,2024-08-27,a93e4e65-6f50-4a8f-a7e3-99abdfcf11e9,Penner Farms - 33-8-13 pump (site 3),5e62605a-bcfd-40e2-9800-ae0401315562,Symo  24.0-3 480 (6),,,24.0,parsed_from_inverter_name,112.59,,
fronius,2024-08-27,a93e4e65-6f50-4a8f-a7e3-99abdfcf11e9,Penner Farms - 33-8-13 pump (site 3),9e930636-d5a2-4a25-8fd9-ae0401315583,Symo  24.0-3 480 (8),,,24.0,parsed_from_inverter_name,114.12,,
fronius,2024-08-27,a93e4e65-6f50-4a8f-a7e3-99abdfcf11e9,Penner Farms - 33-8-13 pump (site 3),65ec44a7-931c-4a8a-a211-ae0401315570,Symo 24.0-3 480 (7),,,24.0,parsed_from_inverter_name,112.65,,
fronius,2024-08-28,a93e4e65-6f50-4a8f-a7e3-99abdfcf11e9,Penner Farms - 33-8-13 pump (site 3),fc5ec049-e0c5-4028-9ffe-ae040131554a,Symo  24.0-3 480 (1),,,24.0,parsed_from_inverter_name,75.39,,
fronius,2024-08-28,a93e4e65-6f50-4a8f-a7e3-99abdfcf11e9,Penner Farms - 33-8-13 pump (site 3),720c11c1-519e-4635-aa64-ae0401315554,Symo  24.0-3 480 (5),,,24.0,parsed_from_inverter_name,76.01,,
fronius,2024-08-28,a93e4e65-6f50-4a8f-a7e3-99abdfcf11e9,Penner Farms - 33-8-13 pump (site 3),5e62605a-bcfd-40e2-9800-ae0401315562,Symo  24.0-3 480 (6),,,24.0,parsed_from_inverter_name,74.79,,
fronius,2024-08-28,a93e4e65-6f50-4a8f-a7e3-99abdfcf11e9,Penner Farms - 33-8-13 pump (site 3),9e930636-d5a2-4a25-8fd9-ae0401315583,Symo  24.0-3 480 (8),,,24.0,parsed_from_inverter_name,76.1,,
fronius,2024-08-28,a93e4e65-6f50-4a8f-a7e3-99abdfcf11e9,Penner Farms - 33-8-13 pump (site 3),65ec44a7-931c-4a8a-a211-ae0401315570,Symo 24.0-3 480 (7),,,24.0,parsed_from_inverter_name,74.91,,
fronius,2024-08-29,a93e4e65-6f50-4a8f-a7e3-99abdfcf11e9,Penner Farms - 33-8-13 pump (site 3),fc5ec049-e0c5-4028-9ffe-ae040131554a,Symo  24.0-3 480 (1),,,24.0,parsed_from_inverter_name,132.89,,
fronius,2024-08-29,a93e4e65-6f50-4a8f-a7e3-99abdfcf11e9,Penner Farms - 33-8-13 pump (site 3),720c11c1-519e-4635-aa64-ae0401315554,Symo  24.0-3 480 (5),,,24.0,parsed_from_inverter_name,176.65,,
fronius,2024-08-29,a93e4e65-6f50-4a8f-a7e3-99abdfcf11e9,Penner Farms - 33-8-13 pump (site 3),5e62605a-bcfd-40e2-9800-ae0401315562,Symo  24.0-3 480 (6),,,24.0,parsed_from_inverter_name,178.67,,
fronius,2024-08-29,a93e4e65-6f50-4a8f-a7e3-99abdfcf11e9,Penner Farms - 33-8-13 pump (site 3),9e930636-d5a2-4a25-8fd9-ae0401315583,Symo  24.0-3 480 (8),,,24.0,parsed_from_inverter_name,184.84,,
fronius,2024-08-29,a93e4e65-6f50-4a8f-a7e3-99abdfcf11e9,Penner Farms - 33-8-13 pump (site 3),65ec44a7-931c-4a8a-a211-ae0401315570,Symo 24.0-3 480 (7),,,24.0,parsed_from_inverter_name,184.25,,
fronius,2024-08-30,a93e4e65-6f50-4a8f-a7e3-99abdfcf11e9,Penner Farms - 33-8-13 pump (site 3),fc5ec049-e0c5-4028-9ffe-ae040131554a,Symo  24.0-3 480 (1),,,24.0,parsed_from_inverter_name,159.47,,
fronius,2024-08-30,a93e4e65-6f50-4a8f-a7e3-99abdfcf11e9,Penner Farms - 33-8-13 pump (site 3),720c11c1-519e-4635-aa64-ae0401315554,Symo  24.0-3 480 (5),,,24.0,parsed_from_inverter_name,173.45,,
fronius,2024-08-30,a93e4e65-6f50-4a8f-a7e3-99abdfcf11e9,Penner Farms - 33-8-13 pump (site 3),5e62605a-bcfd-40e2-9800-ae0401315562,Symo  24.0-3 480 (6),,,24.0,parsed_from_inverter_name,173.22,,
fronius,2024-08-30,a93e4e65-6f50-4a8f-a7e3-99abdfcf11e9,Penner Farms - 33-8-13 pump (site 3),9e930636-d5a2-4a25-8fd9-ae0401315583,Symo  24.0-3 480 (8),,,24.0,parsed_from_inverter_name,173.98,,
fronius,2024-08-30,a93e4e65-6f50-4a8f-a7e3-99abdfcf11e9,Penner Farms - 33-8-13 pump (site 3),65ec44a7-931c-4a8a-a211-ae0401315570,Symo 24.0-3 480 (7),,,24.0,parsed_from_inverter_name,173.49,,
fronius,2024-08-31,a93e4e65-6f50-4a8f-a7e3-99abdfcf11e9,Penner Farms - 33-8-13 pump (site 3),fc5ec049-e0c5-4028-9ffe-ae040131554a,Symo  24.0-3 480 (1),,,24.0,parsed_from_inverter_name,155.94,,
fronius,2024-08-31,a93e4e65-6f50-4a8f-a7e3-99abdfcf11e9,Penner Farms - 33-8-13 pump (site 3),720c11c1-519e-4635-aa64-ae0401315554,Symo  24.0-3 480 (5),,,24.0,parsed_from_inverter_name,176.97,,
fronius,2024-08-31,a93e4e65-6f50-4a8f-a7e3-99abdfcf11e9,Penner Farms - 33-8-13 pump (site 3),5e62605a-bcfd-40e2-9800-ae0401315562,Symo  24.0-3 480 (6),,,24.0,parsed_from_inverter_name,176.68,,
fronius,2024-08-31,a93e4e65-6f50-4a8f-a7e3-99abdfcf11e9,Penner Farms - 33-8-13 pump (site 3),9e930636-d5a2-4a25-8fd9-ae0401315583,Symo  24.0-3 480 (8),,,24.0,parsed_from_inverter_name,176.97,,
fronius,2024-08-31,a93e4e65-6f50-4a8f-a7e3-99abdfcf11e9,Penner Farms - 33-8-13 pump (site 3),65ec44a7-931c-4a8a-a211-ae0401315570,Symo 24.0-3 480 (7),,,24.0,parsed_from_inverter_name,176.52,,
fronius,2024-09-01,a93e4e65-6f50-4a8f-a7e3-99abdfcf11e9,Penner Farms - 33-8-13 pump (site 3),fc5ec049-e0c5-4028-9ffe-ae040131554a,Symo  24.0-3 480 (1),,,24.0,parsed_from_inverter_name,164.36,,
fronius,2024-09-01,a93e4e65-6f50-4a8f-a7e3-99abdfcf11e9,Penner Farms - 33-8-13 pump (site 3),720c11c1-519e-4635-aa64-ae0401315554,Symo  24.0-3 480 (5),,,24.0,parsed_from_inverter_name,177.47,,
fronius,2024-09-01,a93e4e65-6f50-4a8f-a7e3-99abdfcf11e9,Penner Farms - 33-8-13 pump (site 3),5e62605a-bcfd-40e2-9800-ae0401315562,Symo  24.0-3 480 (6),,,24.0,parsed_from_inverter_name,174.93,,
fronius,2024-09-01,a93e4e65-6f50-4a8f-a7e3-99abdfcf11e9,Penner Farms - 33-8-13 pump (site 3),9e930636-d5a2-4a25-8fd9-ae0401315583,Symo  24.0-3 480 (8),,,24.0,parsed_from_inverter_name,177.56,,
fronius,2024-09-01,a93e4e65-6f50-4a8f-a7e3-99abdfcf11e9,Penner Farms - 33-8-13 pump (site 3),65ec44a7-931c-4a8a-a211-ae0401315570,Symo 24.0-3 480 (7),,,24.0,parsed_from_inverter_name,175.3,,
fronius,2024-09-02,a93e4e65-6f50-4a8f-a7e3-99abdfcf11e9,Penner Farms - 33-8-13 pump (site 3),fc5ec049-e0c5-4028-9ffe-ae040131554a,Symo  24.0-3 480 (1),,,24.0,parsed_from_inverter_name,165.88,,
fronius,2024-09-02,a93e4e65-6f50-4a8f-a7e3-99abdfcf11e9,Penner Farms - 33-8-13 pump (site 3),720c11c1-519e-4635-aa64-ae0401315554,Symo  24.0-3 480 (5),,,24.0,parsed_from_inverter_name,165.96,,
fronius,2024-09-02,a93e4e65-6f50-4a8f-a7e3-99abdfcf11e9,Penner Farms - 33-8-13 pump (site 3),5e62605a-bcfd-40e2-9800-ae0401315562,Symo  24.0-3 480 (6),,,24.0,parsed_from_inverter_name,165.77,,
fronius,2024-09-02,a93e4e65-6f50-4a8f-a7e3-99abdfcf11e9,Penner Farms - 33-8-13 pump (site 3),9e930636-d5a2-4a25-8fd9-ae0401315583,Symo  24.0-3 480 (8),,,24.0,parsed_from_inverter_name,166.61,,
fronius,2024-09-02,a93e4e65-6f50-4a8f-a7e3-99abdfcf11e9,Penner Farms - 33-8-13 pump (site 3),65ec44a7-931c-4a8a-a211-ae0401315570,Symo 24.0-3 480 (7),,,24.0,parsed_from_inverter_name,165.94,,
fronius,2024-09-03,a93e4e65-6f50-4a8f-a7e3-99abdfcf11e9,Penner Farms - 33-8-13 pump (site 3),fc5ec049-e0c5-4028-9ffe-ae040131554a,Symo  24.0-3 480 (1),,,24.0,parsed_from_inverter_name,131.76,,
fronius,2024-09-03,a93e4e65-6f50-4a8f-a7e3-99abdfcf11e9,Penner Farms - 33-8-13 pump (site 3),720c11c1-519e-4635-aa64-ae0401315554,Symo  24.0-3 480 (5),,,24.0,parsed_from_inverter_name,148.16,,
fronius,2024-09-03,a93e4e65-6f50-4a8f-a7e3-99abdfcf11e9,Penner Farms - 33-8-13 pump (site 3),5e62605a-bcfd-40e2-9800-ae0401315562,Symo  24.0-3 480 (6),,,24.0,parsed_from_inverter_name,147.87,,
fronius,2024-09-03,a93e4e65-6f50-4a8f-a7e3-99abdfcf11e9,Penner Farms - 33-8-13 pump (site 3),9e930636-d5a2-4a25-8fd9-ae0401315583,Symo  24.0-3 480 (8),,,24.0,parsed_from_inverter_name,149.06,,
fronius,2024-09-03,a93e4e65-6f50-4a8f-a7e3-99abdfcf11e9,Penner Farms - 33-8-13 pump (site 3),65ec44a7-931c-4a8a-a211-ae0401315570,Symo 24.0-3 480 (7),,,24.0,parsed_from_inverter_name,148.32,,
fronius,2024-09-04,a93e4e65-6f50-4a8f-a7e3-99abdfcf11e9,Penner Farms - 33-8-13 pump (site 3),fc5ec049-e0c5-4028-9ffe-ae040131554a,Symo  24.0-3 480 (1),,,24.0,parsed_from_inverter_name,162.37,,
fronius,2024-09-04,a93e4e65-6f50-4a8f-a7e3-99abdfcf11e9,Penner Farms - 33-8-13 pump (site 3),720c11c1-519e-4635-aa64-ae0401315554,Symo  24.0-3 480 (5),,,24.0,parsed_from_inverter_name,162.77,,
fronius,2024-09-04,a93e4e65-6f50-4a8f-a7e3-99abdfcf11e9,Penner Farms - 33-8-13 pump (site 3),5e62605a-bcfd-40e2-9800-ae0401315562,Symo  24.0-3 480 (6),,,24.0,parsed_from_inverter_name,162.18,,
fronius,2024-09-04,a93e4e65-6f50-4a8f-a7e3-99abdfcf11e9,Penner Farms - 33-8-13 pump (site 3),9e930636-d5a2-4a25-8fd9-ae0401315583,Symo  24.0-3 480 (8),,,24.0,parsed_from_inverter_name,162.59,,
fronius,2024-09-04,a93e4e65-6f50-4a8f-a7e3-99abdfcf11e9,Penner Farms - 33-8-13 pump (site 3),65ec44a7-931c-4a8a-a211-ae0401315570,Symo 24.0-3 480 (7),,,24.0,parsed_from_inverter_name,162.05,,
fronius,2024-09-05,a93e4e65-6f50-4a8f-a7e3-99abdfcf11e9,Penner Farms - 33-8-13 pump (site 3),fc5ec049-e0c5-4028-9ffe-ae040131554a,Symo  24.0-3 480 (1),,,24.0,parsed_from_inverter_name,170.58,,
fronius,2024-09-05,a93e4e65-6f50-4a8f-a7e3-99abdfcf11e9,Penner Farms - 33-8-13 pump (site 3),720c11c1-519e-4635-aa64-ae0401315554,Symo  24.0-3 480 (5),,,24.0,parsed_from_inverter_name,171.39,,
fronius,2024-09-05,a93e4e65-6f50-4a8f-a7e3-99abdfcf11e9,Penner Farms - 33-8-13 pump (site 3),5e62605a-bcfd-40e2-9800-ae0401315562,Symo  24.0-3 480 (6),,,24.0,parsed_from_inverter_name,170.15,,
fronius,2024-09-05,a93e4e65-6f50-4a8f-a7e3-99abdfcf11e9,Penner Farms - 33-8-13 pump (site 3),9e930636-d5a2-4a25-8fd9-ae0401315583,Symo  24.0-3 480 (8),,,24.0,parsed_from_inverter_name,171.75,,
fronius,2024-09-05,a93e4e65-6f50-4a8f-a7e3-99abdfcf11e9,Penner Farms - 33-8-13 pump (site 3),65ec44a7-931c-4a8a-a211-ae0401315570,Symo 24.0-3 480 (7),,,24.0,parsed_from_inverter_name,170.45,,
fronius,2024-09-06,a93e4e65-6f50-4a8f-a7e3-99abdfcf11e9,Penner Farms - 33-8-13 pump (site 3),fc5ec049-e0c5-4028-9ffe-ae040131554a,Symo  24.0-3 480 (1),,,24.0,parsed_from_inverter_name,171.25,,
fronius,2024-09-06,a93e4e65-6f50-4a8f-a7e3-99abdfcf11e9,Penner Farms - 33-8-13 pump (site 3),720c11c1-519e-4635-aa64-ae0401315554,Symo  24.0-3 480 (5),,,24.0,parsed_from_inverter_name,172.03,,
fronius,2024-09-06,a93e4e65-6f50-4a8f-a7e3-99abdfcf11e9,Penner Farms - 33-8-13 pump (site 3),5e62605a-bcfd-40e2-9800-ae0401315562,Symo  24.0-3 480 (6),,,24.0,parsed_from_inverter_name,169.65,,
fronius,2024-09-06,a93e4e65-6f50-4a8f-a7e3-99abdfcf11e9,Penner Farms - 33-8-13 pump (site 3),9e930636-d5a2-4a25-8fd9-ae0401315583,Symo  24.0-3 480 (8),,,24.0,parsed_from_inverter_name,172.21,,
fronius,2024-09-06,a93e4e65-6f50-4a8f-a7e3-99abdfcf11e9,Penner Farms - 33-8-13 pump (site 3),65ec44a7-931c-4a8a-a211-ae0401315570,Symo 24.0-3 480 (7),,,24.0,parsed_from_inverter_name,170.06,,
fronius,2024-09-07,a93e4e65-6f50-4a8f-a7e3-99abdfcf11e9,Penner Farms - 33-8-13 pump (site 3),fc5ec049-e0c5-4028-9ffe-ae040131554a,Symo  24.0-3 480 (1),,,24.0,parsed_from_inverter_name,169.27,,
fronius,2024-09-07,a93e4e65-6f50-4a8f-a7e3-99abdfcf11e9,Penner Farms - 33-8-13 pump (site 3),720c11c1-519e-4635-aa64-ae0401315554,Symo  24.0-3 480 (5),,,24.0,parsed_from_inverter_name,169.55,,
fronius,2024-09-07,a93e4e65-6f50-4a8f-a7e3-99abdfcf11e9,Penner Farms - 33-8-13 pump (site 3),5e62605a-bcfd-40e2-9800-ae0401315562,Symo  24.0-3 480 (6),,,24.0,parsed_from_inverter_name,168.95,,
fronius,2024-09-07,a93e4e65-6f50-4a8f-a7e3-99abdfcf11e9,Penner Farms - 33-8-13 pump (site 3),9e930636-d5a2-4a25-8fd9-ae0401315583,Symo  24.0-3 480 (8),,,24.0,parsed_from_inverter_name,170.02,,
fronius,2024-09-07,a93e4e65-6f50-4a8f-a7e3-99abdfcf11e9,Penner Farms - 33-8-13 pump (site 3),65ec44a7-931c-4a8a-a211-ae0401315570,Symo 24.0-3 480 (7),,,24.0,parsed_from_inverter_name,169.59,,
fronius,2024-09-08,a93e4e65-6f50-4a8f-a7e3-99abdfcf11e9,Penner Farms - 33-8-13 pump (site 3),fc5ec049-e0c5-4028-9ffe-ae040131554a,Symo  24.0-3 480 (1),,,24.0,parsed_from_inverter_name,160.94,,
fronius,2024-09-08,a93e4e65-6f50-4a8f-a7e3-99abdfcf11e9,Penner Farms - 33-8-13 pump (site 3),720c11c1-519e-4635-aa64-ae0401315554,Symo  24.0-3 480 (5),,,24.0,parsed_from_inverter_name,161.22,,
fronius,2024-09-08,a93e4e65-6f50-4a8f-a7e3-99abdfcf11e9,Penner Farms - 33-8-13 pump (site 3),5e62605a-bcfd-40e2-9800-ae0401315562,Symo  24.0-3 480 (6),,,24.0,parsed_from_inverter_name,160.52,,
fronius,2024-09-08,a93e4e65-6f50-4a8f-a7e3-99abdfcf11e9,Penner Farms - 33-8-13 pump (site 3),9e930636-d5a2-4a25-8fd9-ae0401315583,Symo  24.0-3 480 (8),,,24.0,parsed_from_inverter_name,161.58,,
fronius,2024-09-08,a93e4e65-6f50-4a8f-a7e3-99abdfcf11e9,Penner Farms - 33-8-13 pump (site 3),65ec44a7-931c-4a8a-a211-ae0401315570,Symo 24.0-3 480 (7),,,24.0,parsed_from_inverter_name,160.85,,
fronius,2024-09-09,a93e4e65-6f50-4a8f-a7e3-99abdfcf11e9,Penner Farms - 33-8-13 pump (site 3),fc5ec049-e0c5-4028-9ffe-ae040131554a,Symo  24.0-3 480 (1),,,24.0,parsed_from_inverter_name,114.31,,
fronius,2024-09-09,a93e4e65-6f50-4a8f-a7e3-99abdfcf11e9,Penner Farms - 33-8-13 pump (site 3),720c11c1-519e-4635-aa64-ae0401315554,Symo  24.0-3 480 (5),,,24.0,parsed_from_inverter_name,114.65,,
fronius,2024-09-09,a93e4e65-6f50-4a8f-a7e3-99abdfcf11e9,Penner Farms - 33-8-13 pump (site 3),5e62605a-bcfd-40e2-9800-ae0401315562,Symo  24.0-3 480 (6),,,24.0,parsed_from_inverter_name,113.78,,
fronius,2024-09-09,a93e4e65-6f50-4a8f-a7e3-99abdfcf11e9,Penner Farms - 33-8-13 pump (site 3),9e930636-d5a2-4a25-8fd9-ae0401315583,Symo  24.0-3 480 (8),,,24.0,parsed_from_inverter_name,114.9,,
fronius,2024-09-09,a93e4e65-6f50-4a8f-a7e3-99abdfcf11e9,Penner Farms - 33-8-13 pump (site 3),65ec44a7-931c-4a8a-a211-ae0401315570,Symo 24.0-3 480 (7),,,24.0,parsed_from_inverter_name,114.12,,
fronius,2024-09-10,a93e4e65-6f50-4a8f-a7e3-99abdfcf11e9,Penner Farms - 33-8-13 pump (site 3),fc5ec049-e0c5-4028-9ffe-ae040131554a,Symo  24.0-3 480 (1),,,24.0,parsed_from_inverter_name,136.73,,
fronius,2024-09-10,a93e4e65-6f50-4a8f-a7e3-99abdfcf11e9,Penner Farms - 33-8-13 pump (site 3),720c11c1-519e-4635-aa64-ae0401315554,Symo  24.0-3 480 (5),,,24.0,parsed_from_inverter_name,141.55,,
fronius,2024-09-10,a93e4e65-6f50-4a8f-a7e3-99abdfcf11e9,Penner Farms - 33-8-13 pump (site 3),5e62605a-bcfd-40e2-9800-ae0401315562,Symo  24.0-3 480 (6),,,24.0,parsed_from_inverter_name,140.3,,
fronius,2024-09-10,a93e4e65-6f50-4a8f-a7e3-99abdfcf11e9,Penner Farms - 33-8-13 pump (site 3),9e930636-d5a2-4a25-8fd9-ae0401315583,Symo  24.0-3 480 (8),,,24.0,parsed_from_inverter_name,141.64,,
fronius,2024-09-10,a93e4e65-6f50-4a8f-a7e3-99abdfcf11e9,Penner Farms - 33-8-13 pump (site 3),65ec44a7-931c-4a8a-a211-ae0401315570,Symo 24.0-3 480 (7),,,24.0,parsed_from_inverter_name,140.38,,
fronius,2024-09-11,a93e4e65-6f50-4a8f-a7e3-99abdfcf11e9,Penner Farms - 33-8-13 pump (site 3),fc5ec049-e0c5-4028-9ffe-ae040131554a,Symo  24.0-3 480 (1),,,24.0,parsed_from_inverter_name,68.55,,
fronius,2024-09-11,a93e4e65-6f50-4a8f-a7e3-99abdfcf11e9,Penner Farms - 33-8-13 pump (site 3),720c11c1-519e-4635-aa64-ae0401315554,Symo  24.0-3 480 (5),,,24.0,parsed_from_inverter_name,68.73,,
fronius,2024-09-11,a93e4e65-6f50-4a8f-a7e3-99abdfcf11e9,Penner Farms - 33-8-13 pump (site 3),5e62605a-bcfd-40e2-9800-ae0401315562,Symo  24.0-3 480 (6),,,24.0,parsed_from_inverter_name,68.06,,
fronius,2024-09-11,a93e4e65-6f50-4a8f-a7e3-99abdfcf11e9,Penner Farms - 33-8-13 pump (site 3),9e930636-d5a2-4a25-8fd9-ae0401315583,Symo  24.0-3 480 (8),,,24.0,parsed_from_inverter_name,68.88,,
fronius,2024-09-11,a93e4e65-6f50-4a8f-a7e3-99abdfcf11e9,Penner Farms - 33-8-13 pump (site 3),65ec44a7-931c-4a8a-a211-ae0401315570,Symo 24.0-3 480 (7),,,24.0,parsed_from_inverter_name,68.15,,
fronius,2024-09-12,a93e4e65-6f50-4a8f-a7e3-99abdfcf11e9,Penner Farms - 33-8-13 pump (site 3),fc5ec049-e0c5-4028-9ffe-ae040131554a,Symo  24.0-3 480 (1),,,24.0,parsed_from_inverter_name,12.55,,
fronius,2024-09-12,a93e4e65-6f50-4a8f-a7e3-99abdfcf11e9,Penner Farms - 33-8-13 pump (site 3),720c11c1-519e-4635-aa64-ae0401315554,Symo  24.0-3 480 (5),,,24.0,parsed_from_inverter_name,12.63,,
fronius,2024-09-12,a93e4e65-6f50-4a8f-a7e3-99abdfcf11e9,Penner Farms - 33-8-13 pump (site 3),5e62605a-bcfd-40e2-9800-ae0401315562,Symo  24.0-3 480 (6),,,24.0,parsed_from_inverter_name,12.42,,
fronius,2024-09-12,a93e4e65-6f50-4a8f-a7e3-99abdfcf11e9,Penner Farms - 33-8-13 pump (site 3),9e930636-d5a2-4a25-8fd9-ae0401315583,Symo  24.0-3 480 (8),,,24.0,parsed_from_inverter_name,12.6,,
fronius,2024-09-12,a93e4e65-6f50-4a8f-a7e3-99abdfcf11e9,Penner Farms - 33-8-13 pump (site 3),65ec44a7-931c-4a8a-a211-ae0401315570,Symo 24.0-3 480 (7),,,24.0,parsed_from_inverter_name,12.42,,
fronius,2024-09-13,a93e4e65-6f50-4a8f-a7e3-99abdfcf11e9,Penner Farms - 33-8-13 pump (site 3),fc5ec049-e0c5-4028-9ffe-ae040131554a,Symo  24.0-3 480 (1),,,24.0,parsed_from_inverter_name,95.06,,
fronius,2024-09-13,a93e4e65-6f50-4a8f-a7e3-99abdfcf11e9,Penner Farms - 33-8-13 pump (site 3),720c11c1-519e-4635-aa64-ae0401315554,Symo  24.0-3 480 (5),,,24.0,parsed_from_inverter_name,134.26,,
fronius,2024-09-13,a93e4e65-6f50-4a8f-a7e3-99abdfcf11e9,Penner Farms - 33-8-13 pump (site 3),5e62605a-bcfd-40e2-9800-ae0401315562,Symo  24.0-3 480 (6),,,24.0,parsed_from_inverter_name,134.04,,
fronius,2024-09-13,a93e4e65-6f50-4a8f-a7e3-99abdfcf11e9,Penner Farms - 33-8-13 pump (site 3),9e930636-d5a2-4a25-8fd9-ae0401315583,Symo  24.0-3 480 (8),,,24.0,parsed_from_inverter_name,134.62,,
fronius,2024-09-13,a93e4e65-6f50-4a8f-a7e3-99abdfcf11e9,Penner Farms - 33-8-13 pump (site 3),65ec44a7-931c-4a8a-a211-ae0401315570,Symo 24.0-3 480 (7),,,24.0,parsed_from_inverter_name,134.25,,
fronius,2024-09-14,a93e4e65-6f50-4a8f-a7e3-99abdfcf11e9,Penner Farms - 33-8-13 pump (site 3),fc5ec049-e0c5-4028-9ffe-ae040131554a,Symo  24.0-3 480 (1),,,24.0,parsed_from_inverter_name,116.84,,
fronius,2024-09-14,a93e4e65-6f50-4a8f-a7e3-99abdfcf11e9,Penner Farms - 33-8-13 pump (site 3),720c11c1-519e-4635-aa64-ae0401315554,Symo  24.0-3 480 (5),,,24.0,parsed_from_inverter_name,117.6,,
fronius,2024-09-14,a93e4e65-6f50-4a8f-a7e3-99abdfcf11e9,Penner Farms - 33-8-13 pump (site 3),5e62605a-bcfd-40e2-9800-ae0401315562,Symo  24.0-3 480 (6),,,24.0,parsed_from_inverter_name,116.35,,
fronius,2024-09-14,a93e4e65-6f50-4a8f-a7e3-99abdfcf11e9,Penner Farms - 33-8-13 pump (site 3),9e930636-d5a2-4a25-8fd9-ae0401315583,Symo  24.0-3 480 (8),,,24.0,parsed_from_inverter_name,117.81,,
fronius,2024-09-14,a93e4e65-6f50-4a8f-a7e3-99abdfcf11e9,Penner Farms - 33-8-13 pump (site 3),65ec44a7-931c-4a8a-a211-ae0401315570,Symo 24.0-3 480 (7),,,24.0,parsed_from_inverter_name,116.9,,
fronius,2024-09-15,a93e4e65-6f50-4a8f-a7e3-99abdfcf11e9,Penner Farms - 33-8-13 pump (site 3),fc5ec049-e0c5-4028-9ffe-ae040131554a,Symo  24.0-3 480 (1),,,24.0,parsed_from_inverter_name,102.2,,
fronius,2024-09-15,a93e4e65-6f50-4a8f-a7e3-99abdfcf11e9,Penner Farms - 33-8-13 pump (site 3),720c11c1-519e-4635-aa64-ae0401315554,Symo  24.0-3 480 (5),,,24.0,parsed_from_inverter_name,109.22,,
fronius,2024-09-15,a93e4e65-6f50-4a8f-a7e3-99abdfcf11e9,Penner Farms - 33-8-13 pump (site 3),5e62605a-bcfd-40e2-9800-ae0401315562,Symo  24.0-3 480 (6),,,24.0,parsed_from_inverter_name,108.87,,
fronius,2024-09-15,a93e4e65-6f50-4a8f-a7e3-99abdfcf11e9,Penner Farms - 33-8-13 pump (site 3),9e930636-d5a2-4a25-8fd9-ae0401315583,Symo  24.0-3 480 (8),,,24.0,parsed_from_inverter_name,109.35,,
fronius,2024-09-15,a93e4e65-6f50-4a8f-a7e3-99abdfcf11e9,Penner Farms - 33-8-13 pump (site 3),65ec44a7-931c-4a8a-a211-ae0401315570,Symo 24.0-3 480 (7),,,24.0,parsed_from_inverter_name,108.88,,
fronius,2024-09-16,a93e4e65-6f50-4a8f-a7e3-99abdfcf11e9,Penner Farms - 33-8-13 pump (site 3),fc5ec049-e0c5-4028-9ffe-ae040131554a,Symo  24.0-3 480 (1),,,24.0,parsed_from_inverter_name,156.67,,
fronius,2024-09-16,a93e4e65-6f50-4a8f-a7e3-99abdfcf11e9,Penner Farms - 33-8-13 pump (site 3),720c11c1-519e-4635-aa64-ae0401315554,Symo  24.0-3 480 (5),,,24.0,parsed_from_inverter_name,161.38,,
fronius,2024-09-16,a93e4e65-6f50-4a8f-a7e3-99abdfcf11e9,Penner Farms - 33-8-13 pump (site 3),5e62605a-bcfd-40e2-9800-ae0401315562,Symo  24.0-3 480 (6),,,24.0,parsed_from_inverter_name,161.67,,
fronius,2024-09-16,a93e4e65-6f50-4a8f-a7e3-99abdfcf11e9,Penner Farms - 33-8-13 pump (site 3),9e930636-d5a2-4a25-8fd9-ae0401315583,Symo  24.0-3 480 (8),,,24.0,parsed_from_inverter_name,161.79,,
fronius,2024-09-16,a93e4e65-6f50-4a8f-a7e3-99abdfcf11e9,Penner Farms - 33-8-13 pump (site 3),65ec44a7-931c-4a8a-a211-ae0401315570,Symo 24.0-3 480 (7),,,24.0,parsed_from_inverter_name,161.88,,
fronius,2024-09-17,a93e4e65-6f50-4a8f-a7e3-99abdfcf11e9,Penner Farms - 33-8-13 pump (site 3),fc5ec049-e0c5-4028-9ffe-ae040131554a,Symo  24.0-3 480 (1),,,24.0,parsed_from_inverter_name,113.57,,
fronius,2024-09-17,a93e4e65-6f50-4a8f-a7e3-99abdfcf11e9,Penner Farms - 33-8-13 pump (site 3),720c11c1-519e-4635-aa64-ae0401315554,Symo  24.0-3 480 (5),,,24.0,parsed_from_inverter_name,118.37,,
fronius,2024-09-17,a93e4e65-6f50-4a8f-a7e3-99abdfcf11e9,Penner Farms - 33-8-13 pump (site 3),5e62605a-bcfd-40e2-9800-ae0401315562,Symo  24.0-3 480 (6),,,24.0,parsed_from_inverter_name,117.89,,
fronius,2024-09-17,a93e4e65-6f50-4a8f-a7e3-99abdfcf11e9,Penner Farms - 33-8-13 pump (site 3),9e930636-d5a2-4a25-8fd9-ae0401315583,Symo  24.0-3 480 (8),,,24.0,parsed_from_inverter_name,119.17,,
fronius,2024-09-17,a93e4e65-6f50-4a8f-a7e3-99abdfcf11e9,Penner Farms - 33-8-13 pump (site 3),65ec44a7-931c-4a8a-a211-ae0401315570,Symo 24.0-3 480 (7),,,24.0,parsed_from_inverter_name,118.49,,
fronius,2024-09-18,a93e4e65-6f50-4a8f-a7e3-99abdfcf11e9,Penner Farms - 33-8-13 pump (site 3),fc5ec049-e0c5-4028-9ffe-ae040131554a,Symo  24.0-3 480 (1),,,24.0,parsed_from_inverter_name,31.17,,
fronius,2024-09-18,a93e4e65-6f50-4a8f-a7e3-99abdfcf11e9,Penner Farms - 33-8-13 pump (site 3),720c11c1-519e-4635-aa64-ae0401315554,Symo  24.0-3 480 (5),,,24.0,parsed_from_inverter_name,31.35,,
fronius,2024-09-18,a93e4e65-6f50-4a8f-a7e3-99abdfcf11e9,Penner Farms - 33-8-13 pump (site 3),5e62605a-bcfd-40e2-9800-ae0401315562,Symo  24.0-3 480 (6),,,24.0,parsed_from_inverter_name,30.93,,
fronius,2024-09-18,a93e4e65-6f50-4a8f-a7e3-99abdfcf11e9,Penner Farms - 33-8-13 pump (site 3),9e930636-d5a2-4a25-8fd9-ae0401315583,Symo  24.0-3 480 (8),,,24.0,parsed_from_inverter_name,31.37,,
fronius,2024-09-18,a93e4e65-6f50-4a8f-a7e3-99abdfcf11e9,Penner Farms - 33-8-13 pump (site 3),65ec44a7-931c-4a8a-a211-ae0401315570,Symo 24.0-3 480 (7),,,24.0,parsed_from_inverter_name,30.94,,
fronius,2024-09-19,a93e4e65-6f50-4a8f-a7e3-99abdfcf11e9,Penner Farms - 33-8-13 pump (site 3),fc5ec049-e0c5-4028-9ffe-ae040131554a,Symo  24.0-3 480 (1),,,24.0,parsed_from_inverter_name,135.2,,
fronius,2024-09-19,a93e4e65-6f50-4a8f-a7e3-99abdfcf11e9,Penner Farms - 33-8-13 pump (site 3),720c11c1-519e-4635-aa64-ae0401315554,Symo  24.0-3 480 (5),,,24.0,parsed_from_inverter_name,135.42,,
fronius,2024-09-19,a93e4e65-6f50-4a8f-a7e3-99abdfcf11e9,Penner Farms - 33-8-13 pump (site 3),5e62605a-bcfd-40e2-9800-ae0401315562,Symo  24.0-3 480 (6),,,24.0,parsed_from_inverter_name,135.33,,
fronius,2024-09-19,a93e4e65-6f50-4a8f-a7e3-99abdfcf11e9,Penner Farms - 33-8-13 pump (site 3),9e930636-d5a2-4a25-8fd9-ae0401315583,Symo  24.0-3 480 (8),,,24.0,parsed_from_inverter_name,135.52,,
fronius,2024-09-19,a93e4e65-6f50-4a8f-a7e3-99abdfcf11e9,Penner Farms - 33-8-13 pump (site 3),65ec44a7-931c-4a8a-a211-ae0401315570,Symo 24.0-3 480 (7),,,24.0,parsed_from_inverter_name,135.34,,
fronius,2024-09-20,a93e4e65-6f50-4a8f-a7e3-99abdfcf11e9,Penner Farms - 33-8-13 pump (site 3),fc5ec049-e0c5-4028-9ffe-ae040131554a,Symo  24.0-3 480 (1),,,24.0,parsed_from_inverter_name,28.33,,
fronius,2024-09-20,a93e4e65-6f50-4a8f-a7e3-99abdfcf11e9,Penner Farms - 33-8-13 pump (site 3),720c11c1-519e-4635-aa64-ae0401315554,Symo  24.0-3 480 (5),,,24.0,parsed_from_inverter_name,28.47,,
fronius,2024-09-20,a93e4e65-6f50-4a8f-a7e3-99abdfcf11e9,Penner Farms - 33-8-13 pump (site 3),5e62605a-bcfd-40e2-9800-ae0401315562,Symo  24.0-3 480 (6),,,24.0,parsed_from_inverter_name,27.99,,
fronius,2024-09-20,a93e4e65-6f50-4a8f-a7e3-99abdfcf11e9,Penner Farms - 33-8-13 pump (site 3),9e930636-d5a2-4a25-8fd9-ae0401315583,Symo  24.0-3 480 (8),,,24.0,parsed_from_inverter_name,28.43,,
fronius,2024-09-20,a93e4e65-6f50-4a8f-a7e3-99abdfcf11e9,Penner Farms - 33-8-13 pump (site 3),65ec44a7-931c-4a8a-a211-ae0401315570,Symo 24.0-3 480 (7),,,24.0,parsed_from_inverter_name,27.94,,
fronius,2024-09-21,a93e4e65-6f50-4a8f-a7e3-99abdfcf11e9,Penner Farms - 33-8-13 pump (site 3),fc5ec049-e0c5-4028-9ffe-ae040131554a,Symo  24.0-3 480 (1),,,24.0,parsed_from_inverter_name,134.03,,
fronius,2024-09-21,a93e4e65-6f50-4a8f-a7e3-99abdfcf11e9,Penner Farms - 33-8-13 pump (site 3),720c11c1-519e-4635-aa64-ae0401315554,Symo  24.0-3 480 (5),,,24.0,parsed_from_inverter_name,170.22,,
fronius,2024-09-21,a93e4e65-6f50-4a8f-a7e3-99abdfcf11e9,Penner Farms - 33-8-13 pump (site 3),5e62605a-bcfd-40e2-9800-ae0401315562,Symo  24.0-3 480 (6),,,24.0,parsed_from_inverter_name,170.59,,
fronius,2024-09-21,a93e4e65-6f50-4a8f-a7e3-99abdfcf11e9,Penner Farms - 33-8-13 pump (site 3),9e930636-d5a2-4a25-8fd9-ae0401315583,Symo  24.0-3 480 (8),,,24.0,parsed_from_inverter_name,170.61,,
fronius,2024-09-21,a93e4e65-6f50-4a8f-a7e3-99abdfcf11e9,Penner Farms - 33-8-13 pump (site 3),65ec44a7-931c-4a8a-a211-ae0401315570,Symo 24.0-3 480 (7),,,24.0,parsed_from_inverter_name,171.28,,
fronius,2024-09-22,a93e4e65-6f50-4a8f-a7e3-99abdfcf11e9,Penner Farms - 33-8-13 pump (site 3),fc5ec049-e0c5-4028-9ffe-ae040131554a,Symo  24.0-3 480 (1),,,24.0,parsed_from_inverter_name,124.68,,
fronius,2024-09-22,a93e4e65-6f50-4a8f-a7e3-99abdfcf11e9,Penner Farms - 33-8-13 pump (site 3),720c11c1-519e-4635-aa64-ae0401315554,Symo  24.0-3 480 (5),,,24.0,parsed_from_inverter_name,127.38,,
fronius,2024-09-22,a93e4e65-6f50-4a8f-a7e3-99abdfcf11e9,Penner Farms - 33-8-13 pump (site 3),5e62605a-bcfd-40e2-9800-ae0401315562,Symo  24.0-3 480 (6),,,24.0,parsed_from_inverter_name,127.09,,
fronius,2024-09-22,a93e4e65-6f50-4a8f-a7e3-99abdfcf11e9,Penner Farms - 33-8-13 pump (site 3),9e930636-d5a2-4a25-8fd9-ae0401315583,Symo  24.0-3 480 (8),,,24.0,parsed_from_inverter_name,127.82,,
fronius,2024-09-22,a93e4e65-6f50-4a8f-a7e3-99abdfcf11e9,Penner Farms - 33-8-13 pump (site 3),65ec44a7-931c-4a8a-a211-ae0401315570,Symo 24.0-3 480 (7),,,24.0,parsed_from_inverter_name,127.49,,
fronius,2024-09-23,a93e4e65-6f50-4a8f-a7e3-99abdfcf11e9,Penner Farms - 33-8-13 pump (site 3),fc5ec049-e0c5-4028-9ffe-ae040131554a,Symo  24.0-3 480 (1),,,24.0,parsed_from_inverter_name,145.34,,
fronius,2024-09-23,a93e4e65-6f50-4a8f-a7e3-99abdfcf11e9,Penner Farms - 33-8-13 pump (site 3),720c11c1-519e-4635-aa64-ae0401315554,Symo  24.0-3 480 (5),,,24.0,parsed_from_inverter_name,151.46,,
fronius,2024-09-23,a93e4e65-6f50-4a8f-a7e3-99abdfcf11e9,Penner Farms - 33-8-13 pump (site 3),5e62605a-bcfd-40e2-9800-ae0401315562,Symo  24.0-3 480 (6),,,24.0,parsed_from_inverter_name,152.05,,
fronius,2024-09-23,a93e4e65-6f50-4a8f-a7e3-99abdfcf11e9,Penner Farms - 33-8-13 pump (site 3),9e930636-d5a2-4a25-8fd9-ae0401315583,Symo  24.0-3 480 (8),,,24.0,parsed_from_inverter_name,152.14,,
fronius,2024-09-23,a93e4e65-6f50-4a8f-a7e3-99abdfcf11e9,Penner Farms - 33-8-13 pump (site 3),65ec44a7-931c-4a8a-a211-ae0401315570,Symo 24.0-3 480 (7),,,24.0,parsed_from_inverter_name,152.51,,
fronius,2024-09-24,a93e4e65-6f50-4a8f-a7e3-99abdfcf11e9,Penner Farms - 33-8-13 pump (site 3),fc5ec049-e0c5-4028-9ffe-ae040131554a,Symo  24.0-3 480 (1),,,24.0,parsed_from_inverter_name,153.5,,
fronius,2024-09-24,a93e4e65-6f50-4a8f-a7e3-99abdfcf11e9,Penner Farms - 33-8-13 pump (site 3),720c11c1-519e-4635-aa64-ae0401315554,Symo  24.0-3 480 (5),,,24.0,parsed_from_inverter_name,153.65,,
fronius,2024-09-24,a93e4e65-6f50-4a8f-a7e3-99abdfcf11e9,Penner Farms - 33-8-13 pump (site 3),5e62605a-bcfd-40e2-9800-ae0401315562,Symo  24.0-3 480 (6),,,24.0,parsed_from_inverter_name,154.16,,
fronius,2024-09-24,a93e4e65-6f50-4a8f-a7e3-99abdfcf11e9,Penner Farms - 33-8-13 pump (site 3),9e930636-d5a2-4a25-8fd9-ae0401315583,Symo  24.0-3 480 (8),,,24.0,parsed_from_inverter_name,154.26,,
fronius,2024-09-24,a93e4e65-6f50-4a8f-a7e3-99abdfcf11e9,Penner Farms - 33-8-13 pump (site 3),65ec44a7-931c-4a8a-a211-ae0401315570,Symo 24.0-3 480 (7),,,24.0,parsed_from_inverter_name,154.71,,
fronius,2024-09-25,a93e4e65-6f50-4a8f-a7e3-99abdfcf11e9,Penner Farms - 33-8-13 pump (site 3),fc5ec049-e0c5-4028-9ffe-ae040131554a,Symo  24.0-3 480 (1),,,24.0,parsed_from_inverter_name,153.82,,
fronius,2024-09-25,a93e4e65-6f50-4a8f-a7e3-99abdfcf11e9,Penner Farms - 33-8-13 pump (site 3),720c11c1-519e-4635-aa64-ae0401315554,Symo  24.0-3 480 (5),,,24.0,parsed_from_inverter_name,153.93,,
fronius,2024-09-25,a93e4e65-6f50-4a8f-a7e3-99abdfcf11e9,Penner Farms - 33-8-13 pump (site 3),5e62605a-bcfd-40e2-9800-ae0401315562,Symo  24.0-3 480 (6),,,24.0,parsed_from_inverter_name,153.28,,
fronius,2024-09-25,a93e4e65-6f50-4a8f-a7e3-99abdfcf11e9,Penner Farms - 33-8-13 pump (site 3),9e930636-d5a2-4a25-8fd9-ae0401315583,Symo  24.0-3 480 (8),,,24.0,parsed_from_inverter_name,154.4,,
fronius,2024-09-25,a93e4e65-6f50-4a8f-a7e3-99abdfcf11e9,Penner Farms - 33-8-13 pump (site 3),65ec44a7-931c-4a8a-a211-ae0401315570,Symo 24.0-3 480 (7),,,24.0,parsed_from_inverter_name,154.39,,
fronius,2024-09-26,a93e4e65-6f50-4a8f-a7e3-99abdfcf11e9,Penner Farms - 33-8-13 pump (site 3),fc5ec049-e0c5-4028-9ffe-ae040131554a,Symo  24.0-3 480 (1),,,24.0,parsed_from_inverter_name,142.22,,
fronius,2024-09-26,a93e4e65-6f50-4a8f-a7e3-99abdfcf11e9,Penner Farms - 33-8-13 pump (site 3),720c11c1-519e-4635-aa64-ae0401315554,Symo  24.0-3 480 (5),,,24.0,parsed_from_inverter_name,153.62,,
fronius,2024-09-26,a93e4e65-6f50-4a8f-a7e3-99abdfcf11e9,Penner Farms - 33-8-13 pump (site 3),5e62605a-bcfd-40e2-9800-ae0401315562,Symo  24.0-3 480 (6),,,24.0,parsed_from_inverter_name,154.48,,
fronius,2024-09-26,a93e4e65-6f50-4a8f-a7e3-99abdfcf11e9,Penner Farms - 33-8-13 pump (site 3),9e930636-d5a2-4a25-8fd9-ae0401315583,Symo  24.0-3 480 (8),,,24.0,parsed_from_inverter_name,154.68,,
fronius,2024-09-26,a93e4e65-6f50-4a8f-a7e3-99abdfcf11e9,Penner Farms - 33-8-13 pump (site 3),65ec44a7-931c-4a8a-a211-ae0401315570,Symo 24.0-3 480 (7),,,24.0,parsed_from_inverter_name,155.13,,
fronius,2024-09-27,a93e4e65-6f50-4a8f-a7e3-99abdfcf11e9,Penner Farms - 33-8-13 pump (site 3),fc5ec049-e0c5-4028-9ffe-ae040131554a,Symo  24.0-3 480 (1),,,24.0,parsed_from_inverter_name,156.94,,
fronius,2024-09-27,a93e4e65-6f50-4a8f-a7e3-99abdfcf11e9,Penner Farms - 33-8-13 pump (site 3),720c11c1-519e-4635-aa64-ae0401315554,Symo  24.0-3 480 (5),,,24.0,parsed_from_inverter_name,162.91,,
fronius,2024-09-27,a93e4e65-6f50-4a8f-a7e3-99abdfcf11e9,Penner Farms - 33-8-13 pump (site 3),5e62605a-bcfd-40e2-9800-ae0401315562,Symo  24.0-3 480 (6),,,24.0,parsed_from_inverter_name,163.41,,
fronius,2024-09-27,a93e4e65-6f50-4a8f-a7e3-99abdfcf11e9,Penner Farms - 33-8-13 pump (site 3),9e930636-d5a2-4a25-8fd9-ae0401315583,Symo  24.0-3 480 (8),,,24.0,parsed_from_inverter_name,163.67,,
fronius,2024-09-27,a93e4e65-6f50-4a8f-a7e3-99abdfcf11e9,Penner Farms - 33-8-13 pump (site 3),65ec44a7-931c-4a8a-a211-ae0401315570,Symo 24.0-3 480 (7),,,24.0,parsed_from_inverter_name,164.19,,
fronius,2024-09-28,a93e4e65-6f50-4a8f-a7e3-99abdfcf11e9,Penner Farms - 33-8-13 pump (site 3),fc5ec049-e0c5-4028-9ffe-ae040131554a,Symo  24.0-3 480 (1),,,24.0,parsed_from_inverter_name,110.25,,
fronius,2024-09-28,a93e4e65-6f50-4a8f-a7e3-99abdfcf11e9,Penner Farms - 33-8-13 pump (site 3),720c11c1-519e-4635-aa64-ae0401315554,Symo  24.0-3 480 (5),,,24.0,parsed_from_inverter_name,148.86,,
fronius,2024-09-28,a93e4e65-6f50-4a8f-a7e3-99abdfcf11e9,Penner Farms - 33-8-13 pump (site 3),5e62605a-bcfd-40e2-9800-ae0401315562,Symo  24.0-3 480 (6),,,24.0,parsed_from_inverter_name,149.64,,
fronius,2024-09-28,a93e4e65-6f50-4a8f-a7e3-99abdfcf11e9,Penner Farms - 33-8-13 pump (site 3),9e930636-d5a2-4a25-8fd9-ae0401315583,Symo  24.0-3 480 (8),,,24.0,parsed_from_inverter_name,149.52,,
fronius,2024-09-28,a93e4e65-6f50-4a8f-a7e3-99abdfcf11e9,Penner Farms - 33-8-13 pump (site 3),65ec44a7-931c-4a8a-a211-ae0401315570,Symo 24.0-3 480 (7),,,24.0,parsed_from_inverter_name,150.0,,
fronius,2024-09-29,a93e4e65-6f50-4a8f-a7e3-99abdfcf11e9,Penner Farms - 33-8-13 pump (site 3),fc5ec049-e0c5-4028-9ffe-ae040131554a,Symo  24.0-3 480 (1),,,24.0,parsed_from_inverter_name,65.66,,
fronius,2024-09-29,a93e4e65-6f50-4a8f-a7e3-99abdfcf11e9,Penner Farms - 33-8-13 pump (site 3),720c11c1-519e-4635-aa64-ae0401315554,Symo  24.0-3 480 (5),,,24.0,parsed_from_inverter_name,65.82,,
fronius,2024-09-29,a93e4e65-6f50-4a8f-a7e3-99abdfcf11e9,Penner Farms - 33-8-13 pump (site 3),5e62605a-bcfd-40e2-9800-ae0401315562,Symo  24.0-3 480 (6),,,24.0,parsed_from_inverter_name,65.22,,
fronius,2024-09-29,a93e4e65-6f50-4a8f-a7e3-99abdfcf11e9,Penner Farms - 33-8-13 pump (site 3),9e930636-d5a2-4a25-8fd9-ae0401315583,Symo  24.0-3 480 (8),,,24.0,parsed_from_inverter_name,65.99,,
fronius,2024-09-29,a93e4e65-6f50-4a8f-a7e3-99abdfcf11e9,Penner Farms - 33-8-13 pump (site 3),65ec44a7-931c-4a8a-a211-ae0401315570,Symo 24.0-3 480 (7),,,24.0,parsed_from_inverter_name,65.32,,
fronius,2024-09-30,a93e4e65-6f50-4a8f-a7e3-99abdfcf11e9,Penner Farms - 33-8-13 pump (site 3),fc5ec049-e0c5-4028-9ffe-ae040131554a,Symo  24.0-3 480 (1),,,24.0,parsed_from_inverter_name,156.4,,
fronius,2024-09-30,a93e4e65-6f50-4a8f-a7e3-99abdfcf11e9,Penner Farms - 33-8-13 pump (site 3),720c11c1-519e-4635-aa64-ae0401315554,Symo  24.0-3 480 (5),,,24.0,parsed_from_inverter_name,155.81,,
fronius,2024-09-30,a93e4e65-6f50-4a8f-a7e3-99abdfcf11e9,Penner Farms - 33-8-13 pump (site 3),5e62605a-bcfd-40e2-9800-ae0401315562,Symo  24.0-3 480 (6),,,24.0,parsed_from_inverter_name,156.42,,
fronius,2024-09-30,a93e4e65-6f50-4a8f-a7e3-99abdfcf11e9,Penner Farms - 33-8-13 pump (site 3),9e930636-d5a2-4a25-8fd9-ae0401315583,Symo  24.0-3 480 (8),,,24.0,parsed_from_inverter_name,156.56,,
fronius,2024-09-30,a93e4e65-6f50-4a8f-a7e3-99abdfcf11e9,Penner Farms - 33-8-13 pump (site 3),65ec44a7-931c-4a8a-a211-ae0401315570,Symo 24.0-3 480 (7),,,24.0,parsed_from_inverter_name,157.09,,
fronius,2024-10-01,a93e4e65-6f50-4a8f-a7e3-99abdfcf11e9,Penner Farms - 33-8-13 pump (site 3),fc5ec049-e0c5-4028-9ffe-ae040131554a,Symo  24.0-3 480 (1),,,24.0,parsed_from_inverter_name,109.44,,
fronius,2024-10-01,a93e4e65-6f50-4a8f-a7e3-99abdfcf11e9,Penner Farms - 33-8-13 pump (site 3),720c11c1-519e-4635-aa64-ae0401315554,Symo  24.0-3 480 (5),,,24.0,parsed_from_inverter_name,118.23,,
fronius,2024-10-01,a93e4e65-6f50-4a8f-a7e3-99abdfcf11e9,Penner Farms - 33-8-13 pump (site 3),5e62605a-bcfd-40e2-9800-ae0401315562,Symo  24.0-3 480 (6),,,24.0,parsed_from_inverter_name,117.57,,
fronius,2024-10-01,a93e4e65-6f50-4a8f-a7e3-99abdfcf11e9,Penner Farms - 33-8-13 pump (site 3),9e930636-d5a2-4a25-8fd9-ae0401315583,Symo  24.0-3 480 (8),,,24.0,parsed_from_inverter_name,118.46,,
fronius,2024-10-01,a93e4e65-6f50-4a8f-a7e3-99abdfcf11e9,Penner Farms - 33-8-13 pump (site 3),65ec44a7-931c-4a8a-a211-ae0401315570,Symo 24.0-3 480 (7),,,24.0,parsed_from_inverter_name,118.17,,
fronius,2024-10-02,a93e4e65-6f50-4a8f-a7e3-99abdfcf11e9,Penner Farms - 33-8-13 pump (site 3),fc5ec049-e0c5-4028-9ffe-ae040131554a,Symo  24.0-3 480 (1),,,24.0,parsed_from_inverter_name,127.74,,
fronius,2024-10-02,a93e4e65-6f50-4a8f-a7e3-99abdfcf11e9,Penner Farms - 33-8-13 pump (site 3),720c11c1-519e-4635-aa64-ae0401315554,Symo  24.0-3 480 (5),,,24.0,parsed_from_inverter_name,127.25,,
fronius,2024-10-02,a93e4e65-6f50-4a8f-a7e3-99abdfcf11e9,Penner Farms - 33-8-13 pump (site 3),5e62605a-bcfd-40e2-9800-ae0401315562,Symo  24.0-3 480 (6),,,24.0,parsed_from_inverter_name,127.62,,
fronius,2024-10-02,a93e4e65-6f50-4a8f-a7e3-99abdfcf11e9,Penner Farms - 33-8-13 pump (site 3),9e930636-d5a2-4a25-8fd9-ae0401315583,Symo  24.0-3 480 (8),,,24.0,parsed_from_inverter_name,128.02,,
fronius,2024-10-02,a93e4e65-6f50-4a8f-a7e3-99abdfcf11e9,Penner Farms - 33-8-13 pump (site 3),65ec44a7-931c-4a8a-a211-ae0401315570,Symo 24.0-3 480 (7),,,24.0,parsed_from_inverter_name,128.03,,
fronius,2024-10-03,a93e4e65-6f50-4a8f-a7e3-99abdfcf11e9,Penner Farms - 33-8-13 pump (site 3),fc5ec049-e0c5-4028-9ffe-ae040131554a,Symo  24.0-3 480 (1),,,24.0,parsed_from_inverter_name,159.91,,
fronius,2024-10-03,a93e4e65-6f50-4a8f-a7e3-99abdfcf11e9,Penner Farms - 33-8-13 pump (site 3),720c11c1-519e-4635-aa64-ae0401315554,Symo  24.0-3 480 (5),,,24.0,parsed_from_inverter_name,159.06,,
fronius,2024-10-03,a93e4e65-6f50-4a8f-a7e3-99abdfcf11e9,Penner Farms - 33-8-13 pump (site 3),5e62605a-bcfd-40e2-9800-ae0401315562,Symo  24.0-3 480 (6),,,24.0,parsed_from_inverter_name,159.92,,
fronius,2024-10-03,a93e4e65-6f50-4a8f-a7e3-99abdfcf11e9,Penner Farms - 33-8-13 pump (site 3),9e930636-d5a2-4a25-8fd9-ae0401315583,Symo  24.0-3 480 (8),,,24.0,parsed_from_inverter_name,159.78,,
fronius,2024-10-03,a93e4e65-6f50-4a8f-a7e3-99abdfcf11e9,Penner Farms - 33-8-13 pump (site 3),65ec44a7-931c-4a8a-a211-ae0401315570,Symo 24.0-3 480 (7),,,24.0,parsed_from_inverter_name,160.35,,
fronius,2024-10-04,a93e4e65-6f50-4a8f-a7e3-99abdfcf11e9,Penner Farms - 33-8-13 pump (site 3),fc5ec049-e0c5-4028-9ffe-ae040131554a,Symo  24.0-3 480 (1),,,24.0,parsed_from_inverter_name,117.07,,
fronius,2024-10-04,a93e4e65-6f50-4a8f-a7e3-99abdfcf11e9,Penner Farms - 33-8-13 pump (site 3),720c11c1-519e-4635-aa64-ae0401315554,Symo  24.0-3 480 (5),,,24.0,parsed_from_inverter_name,117.19,,
fronius,2024-10-04,a93e4e65-6f50-4a8f-a7e3-99abdfcf11e9,Penner Farms - 33-8-13 pump (site 3),5e62605a-bcfd-40e2-9800-ae0401315562,Symo  24.0-3 480 (6),,,24.0,parsed_from_inverter_name,115.94,,
fronius,2024-10-04,a93e4e65-6f50-4a8f-a7e3-99abdfcf11e9,Penner Farms - 33-8-13 pump (site 3),9e930636-d5a2-4a25-8fd9-ae0401315583,Symo  24.0-3 480 (8),,,24.0,parsed_from_inverter_name,117.42,,
fronius,2024-10-04,a93e4e65-6f50-4a8f-a7e3-99abdfcf11e9,Penner Farms - 33-8-13 pump (site 3),65ec44a7-931c-4a8a-a211-ae0401315570,Symo 24.0-3 480 (7),,,24.0,parsed_from_inverter_name,116.25,,
fronius,2024-10-05,a93e4e65-6f50-4a8f-a7e3-99abdfcf11e9,Penner Farms - 33-8-13 pump (site 3),fc5ec049-e0c5-4028-9ffe-ae040131554a,Symo  24.0-3 480 (1),,,24.0,parsed_from_inverter_name,161.49,,
fronius,2024-10-05,a93e4e65-6f50-4a8f-a7e3-99abdfcf11e9,Penner Farms - 33-8-13 pump (site 3),720c11c1-519e-4635-aa64-ae0401315554,Symo  24.0-3 480 (5),,,24.0,parsed_from_inverter_name,160.26,,
fronius,2024-10-05,a93e4e65-6f50-4a8f-a7e3-99abdfcf11e9,Penner Farms - 33-8-13 pump (site 3),5e62605a-bcfd-40e2-9800-ae0401315562,Symo  24.0-3 480 (6),,,24.0,parsed_from_inverter_name,161.56,,
fronius,2024-10-05,a93e4e65-6f50-4a8f-a7e3-99abdfcf11e9,Penner Farms - 33-8-13 pump (site 3),9e930636-d5a2-4a25-8fd9-ae0401315583,Symo  24.0-3 480 (8),,,24.0,parsed_from_inverter_name,160.96,,
fronius,2024-10-05,a93e4e65-6f50-4a8f-a7e3-99abdfcf11e9,Penner Farms - 33-8-13 pump (site 3),65ec44a7-931c-4a8a-a211-ae0401315570,Symo 24.0-3 480 (7),,,24.0,parsed_from_inverter_name,161.93,,
fronius,2024-10-06,a93e4e65-6f50-4a8f-a7e3-99abdfcf11e9,Penner Farms - 33-8-13 pump (site 3),fc5ec049-e0c5-4028-9ffe-ae040131554a,Symo  24.0-3 480 (1),,,24.0,parsed_from_inverter_name,130.18,,
fronius,2024-10-06,a93e4e65-6f50-4a8f-a7e3-99abdfcf11e9,Penner Farms - 33-8-13 pump (site 3),720c11c1-519e-4635-aa64-ae0401315554,Symo  24.0-3 480 (5),,,24.0,parsed_from_inverter_name,139.04,,
fronius,2024-10-06,a93e4e65-6f50-4a8f-a7e3-99abdfcf11e9,Penner Farms - 33-8-13 pump (site 3),5e62605a-bcfd-40e2-9800-ae0401315562,Symo  24.0-3 480 (6),,,24.0,parsed_from_inverter_name,138.66,,
fronius,2024-10-06,a93e4e65-6f50-4a8f-a7e3-99abdfcf11e9,Penner Farms - 33-8-13 pump (site 3),9e930636-d5a2-4a25-8fd9-ae0401315583,Symo  24.0-3 480 (8),,,24.0,parsed_from_inverter_name,139.44,,
fronius,2024-10-06,a93e4e65-6f50-4a8f-a7e3-99abdfcf11e9,Penner Farms - 33-8-13 pump (site 3),65ec44a7-931c-4a8a-a211-ae0401315570,Symo 24.0-3 480 (7),,,24.0,parsed_from_inverter_name,139.52,,
fronius,2024-10-07,a93e4e65-6f50-4a8f-a7e3-99abdfcf11e9,Penner Farms - 33-8-13 pump (site 3),fc5ec049-e0c5-4028-9ffe-ae040131554a,Symo  24.0-3 480 (1),,,24.0,parsed_from_inverter_name,156.38,,
fronius,2024-10-07,a93e4e65-6f50-4a8f-a7e3-99abdfcf11e9,Penner Farms - 33-8-13 pump (site 3),720c11c1-519e-4635-aa64-ae0401315554,Symo  24.0-3 480 (5),,,24.0,parsed_from_inverter_name,155.79,,
fronius,2024-10-07,a93e4e65-6f50-4a8f-a7e3-99abdfcf11e9,Penner Farms - 33-8-13 pump (site 3),5e62605a-bcfd-40e2-9800-ae0401315562,Symo  24.0-3 480 (6),,,24.0,parsed_from_inverter_name,156.24,,
fronius,2024-10-07,a93e4e65-6f50-4a8f-a7e3-99abdfcf11e9,Penner Farms - 33-8-13 pump (site 3),9e930636-d5a2-4a25-8fd9-ae0401315583,Symo  24.0-3 480 (8),,,24.0,parsed_from_inverter_name,156.43,,
fronius,2024-10-07,a93e4e65-6f50-4a8f-a7e3-99abdfcf11e9,Penner Farms - 33-8-13 pump (site 3),65ec44a7-931c-4a8a-a211-ae0401315570,Symo 24.0-3 480 (7),,,24.0,parsed_from_inverter_name,157.04,,
fronius,2024-10-08,a93e4e65-6f50-4a8f-a7e3-99abdfcf11e9,Penner Farms - 33-8-13 pump (site 3),fc5ec049-e0c5-4028-9ffe-ae040131554a,Symo  24.0-3 480 (1),,,24.0,parsed_from_inverter_name,148.05,,
fronius,2024-10-08,a93e4e65-6f50-4a8f-a7e3-99abdfcf11e9,Penner Farms - 33-8-13 pump (site 3),720c11c1-519e-4635-aa64-ae0401315554,Symo  24.0-3 480 (5),,,24.0,parsed_from_inverter_name,152.35,,
fronius,2024-10-08,a93e4e65-6f50-4a8f-a7e3-99abdfcf11e9,Penner Farms - 33-8-13 pump (site 3),5e62605a-bcfd-40e2-9800-ae0401315562,Symo  24.0-3 480 (6),,,24.0,parsed_from_inverter_name,152.43,,
fronius,2024-10-08,a93e4e65-6f50-4a8f-a7e3-99abdfcf11e9,Penner Farms - 33-8-13 pump (site 3),9e930636-d5a2-4a25-8fd9-ae0401315583,Symo  24.0-3 480 (8),,,24.0,parsed_from_inverter_name,152.93,,
fronius,2024-10-08,a93e4e65-6f50-4a8f-a7e3-99abdfcf11e9,Penner Farms - 33-8-13 pump (site 3),65ec44a7-931c-4a8a-a211-ae0401315570,Symo 24.0-3 480 (7),,,24.0,parsed_from_inverter_name,153.27,,
fronius,2024-10-09,a93e4e65-6f50-4a8f-a7e3-99abdfcf11e9,Penner Farms - 33-8-13 pump (site 3),fc5ec049-e0c5-4028-9ffe-ae040131554a,Symo  24.0-3 480 (1),,,24.0,parsed_from_inverter_name,56.72,,
fronius,2024-10-09,a93e4e65-6f50-4a8f-a7e3-99abdfcf11e9,Penner Farms - 33-8-13 pump (site 3),720c11c1-519e-4635-aa64-ae0401315554,Symo  24.0-3 480 (5),,,24.0,parsed_from_inverter_name,56.92,,
fronius,2024-10-09,a93e4e65-6f50-4a8f-a7e3-99abdfcf11e9,Penner Farms - 33-8-13 pump (site 3),5e62605a-bcfd-40e2-9800-ae0401315562,Symo  24.0-3 480 (6),,,24.0,parsed_from_inverter_name,56.15,,
fronius,2024-10-09,a93e4e65-6f50-4a8f-a7e3-99abdfcf11e9,Penner Farms - 33-8-13 pump (site 3),9e930636-d5a2-4a25-8fd9-ae0401315583,Symo  24.0-3 480 (8),,,24.0,parsed_from_inverter_name,56.98,,
fronius,2024-10-09,a93e4e65-6f50-4a8f-a7e3-99abdfcf11e9,Penner Farms - 33-8-13 pump (site 3),65ec44a7-931c-4a8a-a211-ae0401315570,Symo 24.0-3 480 (7),,,24.0,parsed_from_inverter_name,56.21,,
fronius,2024-10-10,a93e4e65-6f50-4a8f-a7e3-99abdfcf11e9,Penner Farms - 33-8-13 pump (site 3),fc5ec049-e0c5-4028-9ffe-ae040131554a,Symo  24.0-3 480 (1),,,24.0,parsed_from_inverter_name,144.23,,
fronius,2024-10-10,a93e4e65-6f50-4a8f-a7e3-99abdfcf11e9,Penner Farms - 33-8-13 pump (site 3),720c11c1-519e-4635-aa64-ae0401315554,Symo  24.0-3 480 (5),,,24.0,parsed_from_inverter_name,143.58,,
fronius,2024-10-10,a93e4e65-6f50-4a8f-a7e3-99abdfcf11e9,Penner Farms - 33-8-13 pump (site 3),5e62605a-bcfd-40e2-9800-ae0401315562,Symo  24.0-3 480 (6),,,24.0,parsed_from_inverter_name,144.09,,
fronius,2024-10-10,a93e4e65-6f50-4a8f-a7e3-99abdfcf11e9,Penner Farms - 33-8-13 pump (site 3),9e930636-d5a2-4a25-8fd9-ae0401315583,Symo  24.0-3 480 (8),,,24.0,parsed_from_inverter_name,144.35,,
fronius,2024-10-10,a93e4e65-6f50-4a8f-a7e3-99abdfcf11e9,Penner Farms - 33-8-13 pump (site 3),65ec44a7-931c-4a8a-a211-ae0401315570,Symo 24.0-3 480 (7),,,24.0,parsed_from_inverter_name,144.62,,
fronius,2024-10-11,a93e4e65-6f50-4a8f-a7e3-99abdfcf11e9,Penner Farms - 33-8-13 pump (site 3),fc5ec049-e0c5-4028-9ffe-ae040131554a,Symo  24.0-3 480 (1),,,24.0,parsed_from_inverter_name,134.64,,
fronius,2024-10-11,a93e4e65-6f50-4a8f-a7e3-99abdfcf11e9,Penner Farms - 33-8-13 pump (site 3),720c11c1-519e-4635-aa64-ae0401315554,Symo  24.0-3 480 (5),,,24.0,parsed_from_inverter_name,139.56,,
fronius,2024-10-11,a93e4e65-6f50-4a8f-a7e3-99abdfcf11e9,Penner Farms - 33-8-13 pump (site 3),5e62605a-bcfd-40e2-9800-ae0401315562,Symo  24.0-3 480 (6),,,24.0,parsed_from_inverter_name,138.31,,
fronius,2024-10-11,a93e4e65-6f50-4a8f-a7e3-99abdfcf11e9,Penner Farms - 33-8-13 pump (site 3),9e930636-d5a2-4a25-8fd9-ae0401315583,Symo  24.0-3 480 (8),,,24.0,parsed_from_inverter_name,139.93,,
fronius,2024-10-11,a93e4e65-6f50-4a8f-a7e3-99abdfcf11e9,Penner Farms - 33-8-13 pump (site 3),65ec44a7-931c-4a8a-a211-ae0401315570,Symo 24.0-3 480 (7),,,24.0,parsed_from_inverter_name,138.91,,
fronius,2024-10-12,a93e4e65-6f50-4a8f-a7e3-99abdfcf11e9,Penner Farms - 33-8-13 pump (site 3),fc5ec049-e0c5-4028-9ffe-ae040131554a,Symo  24.0-3 480 (1),,,24.0,parsed_from_inverter_name,145.07,,
fronius,2024-10-12,a93e4e65-6f50-4a8f-a7e3-99abdfcf11e9,Penner Farms - 33-8-13 pump (site 3),720c11c1-519e-4635-aa64-ae0401315554,Symo  24.0-3 480 (5),,,24.0,parsed_from_inverter_name,146.53,,
fronius,2024-10-12,a93e4e65-6f50-4a8f-a7e3-99abdfcf11e9,Penner Farms - 33-8-13 pump (site 3),5e62605a-bcfd-40e2-9800-ae0401315562,Symo  24.0-3 480 (6),,,24.0,parsed_from_inverter_name,147.19,,
fronius,2024-10-12,a93e4e65-6f50-4a8f-a7e3-99abdfcf11e9,Penner Farms - 33-8-13 pump (site 3),9e930636-d5a2-4a25-8fd9-ae0401315583,Symo  24.0-3 480 (8),,,24.0,parsed_from_inverter_name,147.02,,
fronius,2024-10-12,a93e4e65-6f50-4a8f-a7e3-99abdfcf11e9,Penner Farms - 33-8-13 pump (site 3),65ec44a7-931c-4a8a-a211-ae0401315570,Symo 24.0-3 480 (7),,,24.0,parsed_from_inverter_name,147.63,,
fronius,2024-10-13,a93e4e65-6f50-4a8f-a7e3-99abdfcf11e9,Penner Farms - 33-8-13 pump (site 3),fc5ec049-e0c5-4028-9ffe-ae040131554a,Symo  24.0-3 480 (1),,,24.0,parsed_from_inverter_name,153.48,,
fronius,2024-10-13,a93e4e65-6f50-4a8f-a7e3-99abdfcf11e9,Penner Farms - 33-8-13 pump (site 3),720c11c1-519e-4635-aa64-ae0401315554,Symo  24.0-3 480 (5),,,24.0,parsed_from_inverter_name,153.53,,
fronius,2024-10-13,a93e4e65-6f50-4a8f-a7e3-99abdfcf11e9,Penner Farms - 33-8-13 pump (site 3),5e62605a-bcfd-40e2-9800-ae0401315562,Symo  24.0-3 480 (6),,,24.0,parsed_from_inverter_name,152.36,,
fronius,2024-10-13,a93e4e65-6f50-4a8f-a7e3-99abdfcf11e9,Penner Farms - 33-8-13 pump (site 3),9e930636-d5a2-4a25-8fd9-ae0401315583,Symo  24.0-3 480 (8),,,24.0,parsed_from_inverter_name,154.08,,
fronius,2024-10-13,a93e4e65-6f50-4a8f-a7e3-99abdfcf11e9,Penner Farms - 33-8-13 pump (site 3),65ec44a7-931c-4a8a-a211-ae0401315570,Symo 24.0-3 480 (7),,,24.0,parsed_from_inverter_name,152.93,,
fronius,2024-10-14,a93e4e65-6f50-4a8f-a7e3-99abdfcf11e9,Penner Farms - 33-8-13 pump (site 3),fc5ec049-e0c5-4028-9ffe-ae040131554a,Symo  24.0-3 480 (1),,,24.0,parsed_from_inverter_name,90.62,,
fronius,2024-10-14,a93e4e65-6f50-4a8f-a7e3-99abdfcf11e9,Penner Farms - 33-8-13 pump (site 3),720c11c1-519e-4635-aa64-ae0401315554,Symo  24.0-3 480 (5),,,24.0,parsed_from_inverter_name,131.8,,
fronius,2024-10-14,a93e4e65-6f50-4a8f-a7e3-99abdfcf11e9,Penner Farms - 33-8-13 pump (site 3),5e62605a-bcfd-40e2-9800-ae0401315562,Symo  24.0-3 480 (6),,,24.0,parsed_from_inverter_name,133.57,,
fronius,2024-10-14,a93e4e65-6f50-4a8f-a7e3-99abdfcf11e9,Penner Farms - 33-8-13 pump (site 3),9e930636-d5a2-4a25-8fd9-ae0401315583,Symo  24.0-3 480 (8),,,24.0,parsed_from_inverter_name,136.77,,
fronius,2024-10-14,a93e4e65-6f50-4a8f-a7e3-99abdfcf11e9,Penner Farms - 33-8-13 pump (site 3),65ec44a7-931c-4a8a-a211-ae0401315570,Symo 24.0-3 480 (7),,,24.0,parsed_from_inverter_name,136.7,,
fronius,2024-10-15,a93e4e65-6f50-4a8f-a7e3-99abdfcf11e9,Penner Farms - 33-8-13 pump (site 3),fc5ec049-e0c5-4028-9ffe-ae040131554a,Symo  24.0-3 480 (1),,,24.0,parsed_from_inverter_name,77.97,,
fronius,2024-10-15,a93e4e65-6f50-4a8f-a7e3-99abdfcf11e9,Penner Farms - 33-8-13 pump (site 3),720c11c1-519e-4635-aa64-ae0401315554,Symo  24.0-3 480 (5),,,24.0,parsed_from_inverter_name,78.01,,
fronius,2024-10-15,a93e4e65-6f50-4a8f-a7e3-99abdfcf11e9,Penner Farms - 33-8-13 pump (site 3),5e62605a-bcfd-40e2-9800-ae0401315562,Symo  24.0-3 480 (6),,,24.0,parsed_from_inverter_name,77.44,,
fronius,2024-10-15,a93e4e65-6f50-4a8f-a7e3-99abdfcf11e9,Penner Farms - 33-8-13 pump (site 3),9e930636-d5a2-4a25-8fd9-ae0401315583,Symo  24.0-3 480 (8),,,24.0,parsed_from_inverter_name,78.23,,
fronius,2024-10-15,a93e4e65-6f50-4a8f-a7e3-99abdfcf11e9,Penner Farms - 33-8-13 pump (site 3),65ec44a7-931c-4a8a-a211-ae0401315570,Symo 24.0-3 480 (7),,,24.0,parsed_from_inverter_name,77.62,,
fronius,2024-10-16,a93e4e65-6f50-4a8f-a7e3-99abdfcf11e9,Penner Farms - 33-8-13 pump (site 3),fc5ec049-e0c5-4028-9ffe-ae040131554a,Symo  24.0-3 480 (1),,,24.0,parsed_from_inverter_name,31.22,,
fronius,2024-10-16,a93e4e65-6f50-4a8f-a7e3-99abdfcf11e9,Penner Farms - 33-8-13 pump (site 3),720c11c1-519e-4635-aa64-ae0401315554,Symo  24.0-3 480 (5),,,24.0,parsed_from_inverter_name,31.51,,
fronius,2024-10-16,a93e4e65-6f50-4a8f-a7e3-99abdfcf11e9,Penner Farms - 33-8-13 pump (site 3),5e62605a-bcfd-40e2-9800-ae0401315562,Symo  24.0-3 480 (6),,,24.0,parsed_from_inverter_name,30.7,,
fronius,2024-10-16,a93e4e65-6f50-4a8f-a7e3-99abdfcf11e9,Penner Farms - 33-8-13 pump (site 3),9e930636-d5a2-4a25-8fd9-ae0401315583,Symo  24.0-3 480 (8),,,24.0,parsed_from_inverter_name,31.44,,
fronius,2024-10-16,a93e4e65-6f50-4a8f-a7e3-99abdfcf11e9,Penner Farms - 33-8-13 pump (site 3),65ec44a7-931c-4a8a-a211-ae0401315570,Symo 24.0-3 480 (7),,,24.0,parsed_from_inverter_name,30.71,,
fronius,2024-10-17,a93e4e65-6f50-4a8f-a7e3-99abdfcf11e9,Penner Farms - 33-8-13 pump (site 3),fc5ec049-e0c5-4028-9ffe-ae040131554a,Symo  24.0-3 480 (1),,,24.0,parsed_from_inverter_name,109.07,,
fronius,2024-10-17,a93e4e65-6f50-4a8f-a7e3-99abdfcf11e9,Penner Farms - 33-8-13 pump (site 3),720c11c1-519e-4635-aa64-ae0401315554,Symo  24.0-3 480 (5),,,24.0,parsed_from_inverter_name,108.95,,
fronius,2024-10-17,a93e4e65-6f50-4a8f-a7e3-99abdfcf11e9,Penner Farms - 33-8-13 pump (site 3),5e62605a-bcfd-40e2-9800-ae0401315562,Symo  24.0-3 480 (6),,,24.0,parsed_from_inverter_name,108.7,,
fronius,2024-10-17,a93e4e65-6f50-4a8f-a7e3-99abdfcf11e9,Penner Farms - 33-8-13 pump (site 3),9e930636-d5a2-4a25-8fd9-ae0401315583,Symo  24.0-3 480 (8),,,24.0,parsed_from_inverter_name,109.31,,
fronius,2024-10-17,a93e4e65-6f50-4a8f-a7e3-99abdfcf11e9,Penner Farms - 33-8-13 pump (site 3),65ec44a7-931c-4a8a-a211-ae0401315570,Symo 24.0-3 480 (7),,,24.0,parsed_from_inverter_name,109.18,,
fronius,2024-10-18,a93e4e65-6f50-4a8f-a7e3-99abdfcf11e9,Penner Farms - 33-8-13 pump (site 3),fc5ec049-e0c5-4028-9ffe-ae040131554a,Symo  24.0-3 480 (1),,,24.0,parsed_from_inverter_name,129.39,,
fronius,2024-10-18,a93e4e65-6f50-4a8f-a7e3-99abdfcf11e9,Penner Farms - 33-8-13 pump (site 3),720c11c1-519e-4635-aa64-ae0401315554,Symo  24.0-3 480 (5),,,24.0,parsed_from_inverter_name,134.05,,
fronius,2024-10-18,a93e4e65-6f50-4a8f-a7e3-99abdfcf11e9,Penner Farms - 33-8-13 pump (site 3),5e62605a-bcfd-40e2-9800-ae0401315562,Symo  24.0-3 480 (6),,,24.0,parsed_from_inverter_name,133.3,,
fronius,2024-10-18,a93e4e65-6f50-4a8f-a7e3-99abdfcf11e9,Penner Farms - 33-8-13 pump (site 3),9e930636-d5a2-4a25-8fd9-ae0401315583,Symo  24.0-3 480 (8),,,24.0,parsed_from_inverter_name,134.48,,
fronius,2024-10-18,a93e4e65-6f50-4a8f-a7e3-99abdfcf11e9,Penner Farms - 33-8-13 pump (site 3),65ec44a7-931c-4a8a-a211-ae0401315570,Symo 24.0-3 480 (7),,,24.0,parsed_from_inverter_name,134.59,,
fronius,2024-10-19,a93e4e65-6f50-4a8f-a7e3-99abdfcf11e9,Penner Farms - 33-8-13 pump (site 3),fc5ec049-e0c5-4028-9ffe-ae040131554a,Symo  24.0-3 480 (1),,,24.0,parsed_from_inverter_name,118.64,,
fronius,2024-10-19,a93e4e65-6f50-4a8f-a7e3-99abdfcf11e9,Penner Farms - 33-8-13 pump (site 3),720c11c1-519e-4635-aa64-ae0401315554,Symo  24.0-3 480 (5),,,24.0,parsed_from_inverter_name,125.29,,
fronius,2024-10-19,a93e4e65-6f50-4a8f-a7e3-99abdfcf11e9,Penner Farms - 33-8-13 pump (site 3),5e62605a-bcfd-40e2-9800-ae0401315562,Symo  24.0-3 480 (6),,,24.0,parsed_from_inverter_name,124.91,,
fronius,2024-10-19,a93e4e65-6f50-4a8f-a7e3-99abdfcf11e9,Penner Farms - 33-8-13 pump (site 3),9e930636-d5a2-4a25-8fd9-ae0401315583,Symo  24.0-3 480 (8),,,24.0,parsed_from_inverter_name,125.66,,
fronius,2024-10-19,a93e4e65-6f50-4a8f-a7e3-99abdfcf11e9,Penner Farms - 33-8-13 pump (site 3),65ec44a7-931c-4a8a-a211-ae0401315570,Symo 24.0-3 480 (7),,,24.0,parsed_from_inverter_name,126.09,,
fronius,2024-10-20,a93e4e65-6f50-4a8f-a7e3-99abdfcf11e9,Penner Farms - 33-8-13 pump (site 3),fc5ec049-e0c5-4028-9ffe-ae040131554a,Symo  24.0-3 480 (1),,,24.0,parsed_from_inverter_name,73.39,,
fronius,2024-10-20,a93e4e65-6f50-4a8f-a7e3-99abdfcf11e9,Penner Farms - 33-8-13 pump (site 3),720c11c1-519e-4635-aa64-ae0401315554,Symo  24.0-3 480 (5),,,24.0,parsed_from_inverter_name,77.38,,
fronius,2024-10-20,a93e4e65-6f50-4a8f-a7e3-99abdfcf11e9,Penner Farms - 33-8-13 pump (site 3),5e62605a-bcfd-40e2-9800-ae0401315562,Symo  24.0-3 480 (6),,,24.0,parsed_from_inverter_name,76.7,,
fronius,2024-10-20,a93e4e65-6f50-4a8f-a7e3-99abdfcf11e9,Penner Farms - 33-8-13 pump (site 3),9e930636-d5a2-4a25-8fd9-ae0401315583,Symo  24.0-3 480 (8),,,24.0,parsed_from_inverter_name,77.52,,
fronius,2024-10-20,a93e4e65-6f50-4a8f-a7e3-99abdfcf11e9,Penner Farms - 33-8-13 pump (site 3),65ec44a7-931c-4a8a-a211-ae0401315570,Symo 24.0-3 480 (7),,,24.0,parsed_from_inverter_name,77.36,,
fronius,2024-10-21,a93e4e65-6f50-4a8f-a7e3-99abdfcf11e9,Penner Farms - 33-8-13 pump (site 3),fc5ec049-e0c5-4028-9ffe-ae040131554a,Symo  24.0-3 480 (1),,,24.0,parsed_from_inverter_name,8.65,,
fronius,2024-10-21,a93e4e65-6f50-4a8f-a7e3-99abdfcf11e9,Penner Farms - 33-8-13 pump (site 3),720c11c1-519e-4635-aa64-ae0401315554,Symo  24.0-3 480 (5),,,24.0,parsed_from_inverter_name,8.7,,
fronius,2024-10-21,a93e4e65-6f50-4a8f-a7e3-99abdfcf11e9,Penner Farms - 33-8-13 pump (site 3),5e62605a-bcfd-40e2-9800-ae0401315562,Symo  24.0-3 480 (6),,,24.0,parsed_from_inverter_name,8.53,,
fronius,2024-10-21,a93e4e65-6f50-4a8f-a7e3-99abdfcf11e9,Penner Farms - 33-8-13 pump (site 3),9e930636-d5a2-4a25-8fd9-ae0401315583,Symo  24.0-3 480 (8),,,24.0,parsed_from_inverter_name,8.71,,
fronius,2024-10-21,a93e4e65-6f50-4a8f-a7e3-99abdfcf11e9,Penner Farms - 33-8-13 pump (site 3),65ec44a7-931c-4a8a-a211-ae0401315570,Symo 24.0-3 480 (7),,,24.0,parsed_from_inverter_name,8.57,,
fronius,2024-10-22,a93e4e65-6f50-4a8f-a7e3-99abdfcf11e9,Penner Farms - 33-8-13 pump (site 3),fc5ec049-e0c5-4028-9ffe-ae040131554a,Symo  24.0-3 480 (1),,,24.0,parsed_from_inverter_name,110.11,,
fronius,2024-10-22,a93e4e65-6f50-4a8f-a7e3-99abdfcf11e9,Penner Farms - 33-8-13 pump (site 3),720c11c1-519e-4635-aa64-ae0401315554,Symo  24.0-3 480 (5),,,24.0,parsed_from_inverter_name,110.04,,
fronius,2024-10-22,a93e4e65-6f50-4a8f-a7e3-99abdfcf11e9,Penner Farms - 33-8-13 pump (site 3),5e62605a-bcfd-40e2-9800-ae0401315562,Symo  24.0-3 480 (6),,,24.0,parsed_from_inverter_name,109.84,,
fronius,2024-10-22,a93e4e65-6f50-4a8f-a7e3-99abdfcf11e9,Penner Farms - 33-8-13 pump (site 3),9e930636-d5a2-4a25-8fd9-ae0401315583,Symo  24.0-3 480 (8),,,24.0,parsed_from_inverter_name,111.74,,
fronius,2024-10-22,a93e4e65-6f50-4a8f-a7e3-99abdfcf11e9,Penner Farms - 33-8-13 pump (site 3),65ec44a7-931c-4a8a-a211-ae0401315570,Symo 24.0-3 480 (7),,,24.0,parsed_from_inverter_name,111.72,,
fronius,2024-10-23,a93e4e65-6f50-4a8f-a7e3-99abdfcf11e9,Penner Farms - 33-8-13 pump (site 3),fc5ec049-e0c5-4028-9ffe-ae040131554a,Symo  24.0-3 480 (1),,,24.0,parsed_from_inverter_name,145.55,,
fronius,2024-10-23,a93e4e65-6f50-4a8f-a7e3-99abdfcf11e9,Penner Farms - 33-8-13 pump (site 3),720c11c1-519e-4635-aa64-ae0401315554,Symo  24.0-3 480 (5),,,24.0,parsed_from_inverter_name,145.38,,
fronius,2024-10-23,a93e4e65-6f50-4a8f-a7e3-99abdfcf11e9,Penner Farms - 33-8-13 pump (site 3),5e62605a-bcfd-40e2-9800-ae0401315562,Symo  24.0-3 480 (6),,,24.0,parsed_from_inverter_name,145.02,,
fronius,2024-10-23,a93e4e65-6f50-4a8f-a7e3-99abdfcf11e9,Penner Farms - 33-8-13 pump (site 3),9e930636-d5a2-4a25-8fd9-ae0401315583,Symo  24.0-3 480 (8),,,24.0,parsed_from_inverter_name,146.06,,
fronius,2024-10-23,a93e4e65-6f50-4a8f-a7e3-99abdfcf11e9,Penner Farms - 33-8-13 pump (site 3),65ec44a7-931c-4a8a-a211-ae0401315570,Symo 24.0-3 480 (7),,,24.0,parsed_from_inverter_name,145.99,,
fronius,2024-10-24,a93e4e65-6f50-4a8f-a7e3-99abdfcf11e9,Penner Farms - 33-8-13 pump (site 3),fc5ec049-e0c5-4028-9ffe-ae040131554a,Symo  24.0-3 480 (1),,,24.0,parsed_from_inverter_name,130.07,,
fronius,2024-10-24,a93e4e65-6f50-4a8f-a7e3-99abdfcf11e9,Penner Farms - 33-8-13 pump (site 3),720c11c1-519e-4635-aa64-ae0401315554,Symo  24.0-3 480 (5),,,24.0,parsed_from_inverter_name,136.37,,
fronius,2024-10-24,a93e4e65-6f50-4a8f-a7e3-99abdfcf11e9,Penner Farms - 33-8-13 pump (site 3),5e62605a-bcfd-40e2-9800-ae0401315562,Symo  24.0-3 480 (6),,,24.0,parsed_from_inverter_name,135.78,,
fronius,2024-10-24,a93e4e65-6f50-4a8f-a7e3-99abdfcf11e9,Penner Farms - 33-8-13 pump (site 3),9e930636-d5a2-4a25-8fd9-ae0401315583,Symo  24.0-3 480 (8),,,24.0,parsed_from_inverter_name,136.99,,
fronius,2024-10-24,a93e4e65-6f50-4a8f-a7e3-99abdfcf11e9,Penner Farms - 33-8-13 pump (site 3),65ec44a7-931c-4a8a-a211-ae0401315570,Symo 24.0-3 480 (7),,,24.0,parsed_from_inverter_name,136.76,,
fronius,2024-10-25,a93e4e65-6f50-4a8f-a7e3-99abdfcf11e9,Penner Farms - 33-8-13 pump (site 3),fc5ec049-e0c5-4028-9ffe-ae040131554a,Symo  24.0-3 480 (1),,,24.0,parsed_from_inverter_name,128.92,,
fronius,2024-10-25,a93e4e65-6f50-4a8f-a7e3-99abdfcf11e9,Penner Farms - 33-8-13 pump (site 3),720c11c1-519e-4635-aa64-ae0401315554,Symo  24.0-3 480 (5),,,24.0,parsed_from_inverter_name,128.94,,
fronius,2024-10-25,a93e4e65-6f50-4a8f-a7e3-99abdfcf11e9,Penner Farms - 33-8-13 pump (site 3),5e62605a-bcfd-40e2-9800-ae0401315562,Symo  24.0-3 480 (6),,,24.0,parsed_from_inverter_name,128.12,,
fronius,2024-10-25,a93e4e65-6f50-4a8f-a7e3-99abdfcf11e9,Penner Farms - 33-8-13 pump (site 3),9e930636-d5a2-4a25-8fd9-ae0401315583,Symo  24.0-3 480 (8),,,24.0,parsed_from_inverter_name,129.4,,
fronius,2024-10-25,a93e4e65-6f50-4a8f-a7e3-99abdfcf11e9,Penner Farms - 33-8-13 pump (site 3),65ec44a7-931c-4a8a-a211-ae0401315570,Symo 24.0-3 480 (7),,,24.0,parsed_from_inverter_name,128.63,,
fronius,2024-10-26,a93e4e65-6f50-4a8f-a7e3-99abdfcf11e9,Penner Farms - 33-8-13 pump (site 3),fc5ec049-e0c5-4028-9ffe-ae040131554a,Symo  24.0-3 480 (1),,,24.0,parsed_from_inverter_name,85.01,,
fronius,2024-10-26,a93e4e65-6f50-4a8f-a7e3-99abdfcf11e9,Penner Farms - 33-8-13 pump (site 3),720c11c1-519e-4635-aa64-ae0401315554,Symo  24.0-3 480 (5),,,24.0,parsed_from_inverter_name,86.83,,
fronius,2024-10-26,a93e4e65-6f50-4a8f-a7e3-99abdfcf11e9,Penner Farms - 33-8-13 pump (site 3),5e62605a-bcfd-40e2-9800-ae0401315562,Symo  24.0-3 480 (6),,,24.0,parsed_from_inverter_name,85.11,,
fronius,2024-10-26,a93e4e65-6f50-4a8f-a7e3-99abdfcf11e9,Penner Farms - 33-8-13 pump (site 3),9e930636-d5a2-4a25-8fd9-ae0401315583,Symo  24.0-3 480 (8),,,24.0,parsed_from_inverter_name,86.94,,
fronius,2024-10-26,a93e4e65-6f50-4a8f-a7e3-99abdfcf11e9,Penner Farms - 33-8-13 pump (site 3),65ec44a7-931c-4a8a-a211-ae0401315570,Symo 24.0-3 480 (7),,,24.0,parsed_from_inverter_name,85.71,,
fronius,2024-10-27,a93e4e65-6f50-4a8f-a7e3-99abdfcf11e9,Penner Farms - 33-8-13 pump (site 3),fc5ec049-e0c5-4028-9ffe-ae040131554a,Symo  24.0-3 480 (1),,,24.0,parsed_from_inverter_name,121.52,,
fronius,2024-10-27,a93e4e65-6f50-4a8f-a7e3-99abdfcf11e9,Penner Farms - 33-8-13 pump (site 3),720c11c1-519e-4635-aa64-ae0401315554,Symo  24.0-3 480 (5),,,24.0,parsed_from_inverter_name,121.49,,
fronius,2024-10-27,a93e4e65-6f50-4a8f-a7e3-99abdfcf11e9,Penner Farms - 33-8-13 pump (site 3),5e62605a-bcfd-40e2-9800-ae0401315562,Symo  24.0-3 480 (6),,,24.0,parsed_from_inverter_name,120.89,,
fronius,2024-10-27,a93e4e65-6f50-4a8f-a7e3-99abdfcf11e9,Penner Farms - 33-8-13 pump (site 3),9e930636-d5a2-4a25-8fd9-ae0401315583,Symo  24.0-3 480 (8),,,24.0,parsed_from_inverter_name,121.89,,
fronius,2024-10-27,a93e4e65-6f50-4a8f-a7e3-99abdfcf11e9,Penner Farms - 33-8-13 pump (site 3),65ec44a7-931c-4a8a-a211-ae0401315570,Symo 24.0-3 480 (7),,,24.0,parsed_from_inverter_name,121.85,,
fronius,2024-10-28,a93e4e65-6f50-4a8f-a7e3-99abdfcf11e9,Penner Farms - 33-8-13 pump (site 3),fc5ec049-e0c5-4028-9ffe-ae040131554a,Symo  24.0-3 480 (1),,,24.0,parsed_from_inverter_name,121.38,,
fronius,2024-10-28,a93e4e65-6f50-4a8f-a7e3-99abdfcf11e9,Penner Farms - 33-8-13 pump (site 3),720c11c1-519e-4635-aa64-ae0401315554,Symo  24.0-3 480 (5),,,24.0,parsed_from_inverter_name,122.81,,
fronius,2024-10-28,a93e4e65-6f50-4a8f-a7e3-99abdfcf11e9,Penner Farms - 33-8-13 pump (site 3),5e62605a-bcfd-40e2-9800-ae0401315562,Symo  24.0-3 480 (6),,,24.0,parsed_from_inverter_name,122.02,,
fronius,2024-10-28,a93e4e65-6f50-4a8f-a7e3-99abdfcf11e9,Penner Farms - 33-8-13 pump (site 3),9e930636-d5a2-4a25-8fd9-ae0401315583,Symo  24.0-3 480 (8),,,24.0,parsed_from_inverter_name,123.17,,
fronius,2024-10-28,a93e4e65-6f50-4a8f-a7e3-99abdfcf11e9,Penner Farms - 33-8-13 pump (site 3),65ec44a7-931c-4a8a-a211-ae0401315570,Symo 24.0-3 480 (7),,,24.0,parsed_from_inverter_name,122.8,,
fronius,2024-10-29,a93e4e65-6f50-4a8f-a7e3-99abdfcf11e9,Penner Farms - 33-8-13 pump (site 3),fc5ec049-e0c5-4028-9ffe-ae040131554a,Symo  24.0-3 480 (1),,,24.0,parsed_from_inverter_name,42.92,,
fronius,2024-10-29,a93e4e65-6f50-4a8f-a7e3-99abdfcf11e9,Penner Farms - 33-8-13 pump (site 3),720c11c1-519e-4635-aa64-ae0401315554,Symo  24.0-3 480 (5),,,24.0,parsed_from_inverter_name,43.0,,
fronius,2024-10-29,a93e4e65-6f50-4a8f-a7e3-99abdfcf11e9,Penner Farms - 33-8-13 pump (site 3),5e62605a-bcfd-40e2-9800-ae0401315562,Symo  24.0-3 480 (6),,,24.0,parsed_from_inverter_name,41.89,,
fronius,2024-10-29,a93e4e65-6f50-4a8f-a7e3-99abdfcf11e9,Penner Farms - 33-8-13 pump (site 3),9e930636-d5a2-4a25-8fd9-ae0401315583,Symo  24.0-3 480 (8),,,24.0,parsed_from_inverter_name,42.76,,
fronius,2024-10-29,a93e4e65-6f50-4a8f-a7e3-99abdfcf11e9,Penner Farms - 33-8-13 pump (site 3),65ec44a7-931c-4a8a-a211-ae0401315570,Symo 24.0-3 480 (7),,,24.0,parsed_from_inverter_name,42.14,,
fronius,2024-10-30,a93e4e65-6f50-4a8f-a7e3-99abdfcf11e9,Penner Farms - 33-8-13 pump (site 3),fc5ec049-e0c5-4028-9ffe-ae040131554a,Symo  24.0-3 480 (1),,,24.0,parsed_from_inverter_name,135.61,,
fronius,2024-10-30,a93e4e65-6f50-4a8f-a7e3-99abdfcf11e9,Penner Farms - 33-8-13 pump (site 3),720c11c1-519e-4635-aa64-ae0401315554,Symo  24.0-3 480 (5),,,24.0,parsed_from_inverter_name,140.66,,
fronius,2024-10-30,a93e4e65-6f50-4a8f-a7e3-99abdfcf11e9,Penner Farms - 33-8-13 pump (site 3),5e62605a-bcfd-40e2-9800-ae0401315562,Symo  24.0-3 480 (6),,,24.0,parsed_from_inverter_name,138.2,,
fronius,2024-10-30,a93e4e65-6f50-4a8f-a7e3-99abdfcf11e9,Penner Farms - 33-8-13 pump (site 3),9e930636-d5a2-4a25-8fd9-ae0401315583,Symo  24.0-3 480 (8),,,24.0,parsed_from_inverter_name,141.11,,
fronius,2024-10-30,a93e4e65-6f50-4a8f-a7e3-99abdfcf11e9,Penner Farms - 33-8-13 pump (site 3),65ec44a7-931c-4a8a-a211-ae0401315570,Symo 24.0-3 480 (7),,,24.0,parsed_from_inverter_name,139.71,,
fronius,2024-10-31,a93e4e65-6f50-4a8f-a7e3-99abdfcf11e9,Penner Farms - 33-8-13 pump (site 3),fc5ec049-e0c5-4028-9ffe-ae040131554a,Symo  24.0-3 480 (1),,,24.0,parsed_from_inverter_name,131.96,,
fronius,2024-10-31,a93e4e65-6f50-4a8f-a7e3-99abdfcf11e9,Penner Farms - 33-8-13 pump (site 3),720c11c1-519e-4635-aa64-ae0401315554,Symo  24.0-3 480 (5),,,24.0,parsed_from_inverter_name,131.99,,
fronius,2024-10-31,a93e4e65-6f50-4a8f-a7e3-99abdfcf11e9,Penner Farms - 33-8-13 pump (site 3),5e62605a-bcfd-40e2-9800-ae0401315562,Symo  24.0-3 480 (6),,,24.0,parsed_from_inverter_name,131.21,,
fronius,2024-10-31,a93e4e65-6f50-4a8f-a7e3-99abdfcf11e9,Penner Farms - 33-8-13 pump (site 3),9e930636-d5a2-4a25-8fd9-ae0401315583,Symo  24.0-3 480 (8),,,24.0,parsed_from_inverter_name,132.65,,
fronius,2024-10-31,a93e4e65-6f50-4a8f-a7e3-99abdfcf11e9,Penner Farms - 33-8-13 pump (site 3),65ec44a7-931c-4a8a-a211-ae0401315570,Symo 24.0-3 480 (7),,,24.0,parsed_from_inverter_name,132.4,,
fronius,2024-11-01,a93e4e65-6f50-4a8f-a7e3-99abdfcf11e9,Penner Farms - 33-8-13 pump (site 3),fc5ec049-e0c5-4028-9ffe-ae040131554a,Symo  24.0-3 480 (1),,,24.0,parsed_from_inverter_name,133.55,,
fronius,2024-11-01,a93e4e65-6f50-4a8f-a7e3-99abdfcf11e9,Penner Farms - 33-8-13 pump (site 3),720c11c1-519e-4635-aa64-ae0401315554,Symo  24.0-3 480 (5),,,24.0,parsed_from_inverter_name,134.35,,
fronius,2024-11-01,a93e4e65-6f50-4a8f-a7e3-99abdfcf11e9,Penner Farms - 33-8-13 pump (site 3),5e62605a-bcfd-40e2-9800-ae0401315562,Symo  24.0-3 480 (6),,,24.0,parsed_from_inverter_name,131.47,,
fronius,2024-11-01,a93e4e65-6f50-4a8f-a7e3-99abdfcf11e9,Penner Farms - 33-8-13 pump (site 3),9e930636-d5a2-4a25-8fd9-ae0401315583,Symo  24.0-3 480 (8),,,24.0,parsed_from_inverter_name,134.8,,
fronius,2024-11-01,a93e4e65-6f50-4a8f-a7e3-99abdfcf11e9,Penner Farms - 33-8-13 pump (site 3),65ec44a7-931c-4a8a-a211-ae0401315570,Symo 24.0-3 480 (7),,,24.0,parsed_from_inverter_name,133.02,,
fronius,2024-11-02,a93e4e65-6f50-4a8f-a7e3-99abdfcf11e9,Penner Farms - 33-8-13 pump (site 3),fc5ec049-e0c5-4028-9ffe-ae040131554a,Symo  24.0-3 480 (1),,,24.0,parsed_from_inverter_name,92.49,,
fronius,2024-11-02,a93e4e65-6f50-4a8f-a7e3-99abdfcf11e9,Penner Farms - 33-8-13 pump (site 3),720c11c1-519e-4635-aa64-ae0401315554,Symo  24.0-3 480 (5),,,24.0,parsed_from_inverter_name,92.57,,
fronius,2024-11-02,a93e4e65-6f50-4a8f-a7e3-99abdfcf11e9,Penner Farms - 33-8-13 pump (site 3),5e62605a-bcfd-40e2-9800-ae0401315562,Symo  24.0-3 480 (6),,,24.0,parsed_from_inverter_name,91.64,,
fronius,2024-11-02,a93e4e65-6f50-4a8f-a7e3-99abdfcf11e9,Penner Farms - 33-8-13 pump (site 3),9e930636-d5a2-4a25-8fd9-ae0401315583,Symo  24.0-3 480 (8),,,24.0,parsed_from_inverter_name,92.75,,
fronius,2024-11-02,a93e4e65-6f50-4a8f-a7e3-99abdfcf11e9,Penner Farms - 33-8-13 pump (site 3),65ec44a7-931c-4a8a-a211-ae0401315570,Symo 24.0-3 480 (7),,,24.0,parsed_from_inverter_name,92.03,,
fronius,2024-11-03,a93e4e65-6f50-4a8f-a7e3-99abdfcf11e9,Penner Farms - 33-8-13 pump (site 3),fc5ec049-e0c5-4028-9ffe-ae040131554a,Symo  24.0-3 480 (1),,,24.0,parsed_from_inverter_name,88.07,,
fronius,2024-11-03,a93e4e65-6f50-4a8f-a7e3-99abdfcf11e9,Penner Farms - 33-8-13 pump (site 3),720c11c1-519e-4635-aa64-ae0401315554,Symo  24.0-3 480 (5),,,24.0,parsed_from_inverter_name,90.63,,
fronius,2024-11-03,a93e4e65-6f50-4a8f-a7e3-99abdfcf11e9,Penner Farms - 33-8-13 pump (site 3),5e62605a-bcfd-40e2-9800-ae0401315562,Symo  24.0-3 480 (6),,,24.0,parsed_from_inverter_name,89.07,,
fronius,2024-11-03,a93e4e65-6f50-4a8f-a7e3-99abdfcf11e9,Penner Farms - 33-8-13 pump (site 3),9e930636-d5a2-4a25-8fd9-ae0401315583,Symo  24.0-3 480 (8),,,24.0,parsed_from_inverter_name,91.14,,
fronius,2024-11-03,a93e4e65-6f50-4a8f-a7e3-99abdfcf11e9,Penner Farms - 33-8-13 pump (site 3),65ec44a7-931c-4a8a-a211-ae0401315570,Symo 24.0-3 480 (7),,,24.0,parsed_from_inverter_name,90.05,,
fronius,2024-11-04,a93e4e65-6f50-4a8f-a7e3-99abdfcf11e9,Penner Farms - 33-8-13 pump (site 3),fc5ec049-e0c5-4028-9ffe-ae040131554a,Symo  24.0-3 480 (1),,,24.0,parsed_from_inverter_name,52.6,,
fronius,2024-11-04,a93e4e65-6f50-4a8f-a7e3-99abdfcf11e9,Penner Farms - 33-8-13 pump (site 3),720c11c1-519e-4635-aa64-ae0401315554,Symo  24.0-3 480 (5),,,24.0,parsed_from_inverter_name,54.93,,
fronius,2024-11-04,a93e4e65-6f50-4a8f-a7e3-99abdfcf11e9,Penner Farms - 33-8-13 pump (site 3),5e62605a-bcfd-40e2-9800-ae0401315562,Symo  24.0-3 480 (6),,,24.0,parsed_from_inverter_name,52.97,,
fronius,2024-11-04,a93e4e65-6f50-4a8f-a7e3-99abdfcf11e9,Penner Farms - 33-8-13 pump (site 3),9e930636-d5a2-4a25-8fd9-ae0401315583,Symo  24.0-3 480 (8),,,24.0,parsed_from_inverter_name,55.06,,
fronius,2024-11-04,a93e4e65-6f50-4a8f-a7e3-99abdfcf11e9,Penner Farms - 33-8-13 pump (site 3),65ec44a7-931c-4a8a-a211-ae0401315570,Symo 24.0-3 480 (7),,,24.0,parsed_from_inverter_name,53.31,,
fronius,2024-11-05,a93e4e65-6f50-4a8f-a7e3-99abdfcf11e9,Penner Farms - 33-8-13 pump (site 3),fc5ec049-e0c5-4028-9ffe-ae040131554a,Symo  24.0-3 480 (1),,,24.0,parsed_from_inverter_name,6.98,,
fronius,2024-11-05,a93e4e65-6f50-4a8f-a7e3-99abdfcf11e9,Penner Farms - 33-8-13 pump (site 3),720c11c1-519e-4635-aa64-ae0401315554,Symo  24.0-3 480 (5),,,24.0,parsed_from_inverter_name,6.45,,
fronius,2024-11-05,a93e4e65-6f50-4a8f-a7e3-99abdfcf11e9,Penner Farms - 33-8-13 pump (site 3),5e62605a-bcfd-40e2-9800-ae0401315562,Symo  24.0-3 480 (6),,,24.0,parsed_from_inverter_name,7.9,,
fronius,2024-11-05,a93e4e65-6f50-4a8f-a7e3-99abdfcf11e9,Penner Farms - 33-8-13 pump (site 3),9e930636-d5a2-4a25-8fd9-ae0401315583,Symo  24.0-3 480 (8),,,24.0,parsed_from_inverter_name,8.89,,
fronius,2024-11-05,a93e4e65-6f50-4a8f-a7e3-99abdfcf11e9,Penner Farms - 33-8-13 pump (site 3),65ec44a7-931c-4a8a-a211-ae0401315570,Symo 24.0-3 480 (7),,,24.0,parsed_from_inverter_name,9.43,,
fronius,2024-11-06,a93e4e65-6f50-4a8f-a7e3-99abdfcf11e9,Penner Farms - 33-8-13 pump (site 3),fc5ec049-e0c5-4028-9ffe-ae040131554a,Symo  24.0-3 480 (1),,,24.0,parsed_from_inverter_name,100.01,,
fronius,2024-11-06,a93e4e65-6f50-4a8f-a7e3-99abdfcf11e9,Penner Farms - 33-8-13 pump (site 3),720c11c1-519e-4635-aa64-ae0401315554,Symo  24.0-3 480 (5),,,24.0,parsed_from_inverter_name,101.89,,
fronius,2024-11-06,a93e4e65-6f50-4a8f-a7e3-99abdfcf11e9,Penner Farms - 33-8-13 pump (site 3),5e62605a-bcfd-40e2-9800-ae0401315562,Symo  24.0-3 480 (6),,,24.0,parsed_from_inverter_name,103.09,,
fronius,2024-11-06,a93e4e65-6f50-4a8f-a7e3-99abdfcf11e9,Penner Farms - 33-8-13 pump (site 3),9e930636-d5a2-4a25-8fd9-ae0401315583,Symo  24.0-3 480 (8),,,24.0,parsed_from_inverter_name,105.16,,
fronius,2024-11-06,a93e4e65-6f50-4a8f-a7e3-99abdfcf11e9,Penner Farms - 33-8-13 pump (site 3),65ec44a7-931c-4a8a-a211-ae0401315570,Symo 24.0-3 480 (7),,,24.0,parsed_from_inverter_name,105.39,,
fronius,2024-11-07,a93e4e65-6f50-4a8f-a7e3-99abdfcf11e9,Penner Farms - 33-8-13 pump (site 3),fc5ec049-e0c5-4028-9ffe-ae040131554a,Symo  24.0-3 480 (1),,,24.0,parsed_from_inverter_name,119.03,,
fronius,2024-11-07,a93e4e65-6f50-4a8f-a7e3-99abdfcf11e9,Penner Farms - 33-8-13 pump (site 3),720c11c1-519e-4635-aa64-ae0401315554,Symo  24.0-3 480 (5),,,24.0,parsed_from_inverter_name,126.07,,
fronius,2024-11-07,a93e4e65-6f50-4a8f-a7e3-99abdfcf11e9,Penner Farms - 33-8-13 pump (site 3),5e62605a-bcfd-40e2-9800-ae0401315562,Symo  24.0-3 480 (6),,,24.0,parsed_from_inverter_name,123.79,,
fronius,2024-11-07,a93e4e65-6f50-4a8f-a7e3-99abdfcf11e9,Penner Farms - 33-8-13 pump (site 3),9e930636-d5a2-4a25-8fd9-ae0401315583,Symo  24.0-3 480 (8),,,24.0,parsed_from_inverter_name,126.79,,
fronius,2024-11-07,a93e4e65-6f50-4a8f-a7e3-99abdfcf11e9,Penner Farms - 33-8-13 pump (site 3),65ec44a7-931c-4a8a-a211-ae0401315570,Symo 24.0-3 480 (7),,,24.0,parsed_from_inverter_name,125.64,,
fronius,2024-11-08,a93e4e65-6f50-4a8f-a7e3-99abdfcf11e9,Penner Farms - 33-8-13 pump (site 3),fc5ec049-e0c5-4028-9ffe-ae040131554a,Symo  24.0-3 480 (1),,,24.0,parsed_from_inverter_name,93.76,,
fronius,2024-11-08,a93e4e65-6f50-4a8f-a7e3-99abdfcf11e9,Penner Farms - 33-8-13 pump (site 3),720c11c1-519e-4635-aa64-ae0401315554,Symo  24.0-3 480 (5),,,24.0,parsed_from_inverter_name,94.52,,
fronius,2024-11-08,a93e4e65-6f50-4a8f-a7e3-99abdfcf11e9,Penner Farms - 33-8-13 pump (site 3),5e62605a-bcfd-40e2-9800-ae0401315562,Symo  24.0-3 480 (6),,,24.0,parsed_from_inverter_name,92.52,,
fronius,2024-11-08,a93e4e65-6f50-4a8f-a7e3-99abdfcf11e9,Penner Farms - 33-8-13 pump (site 3),9e930636-d5a2-4a25-8fd9-ae0401315583,Symo  24.0-3 480 (8),,,24.0,parsed_from_inverter_name,95.06,,
fronius,2024-11-08,a93e4e65-6f50-4a8f-a7e3-99abdfcf11e9,Penner Farms - 33-8-13 pump (site 3),65ec44a7-931c-4a8a-a211-ae0401315570,Symo 24.0-3 480 (7),,,24.0,parsed_from_inverter_name,93.28,,
fronius,2024-11-09,a93e4e65-6f50-4a8f-a7e3-99abdfcf11e9,Penner Farms - 33-8-13 pump (site 3),fc5ec049-e0c5-4028-9ffe-ae040131554a,Symo  24.0-3 480 (1),,,24.0,parsed_from_inverter_name,56.89,,
fronius,2024-11-09,a93e4e65-6f50-4a8f-a7e3-99abdfcf11e9,Penner Farms - 33-8-13 pump (site 3),720c11c1-519e-4635-aa64-ae0401315554,Symo  24.0-3 480 (5),,,24.0,parsed_from_inverter_name,57.22,,
fronius,2024-11-09,a93e4e65-6f50-4a8f-a7e3-99abdfcf11e9,Penner Farms - 33-8-13 pump (site 3),5e62605a-bcfd-40e2-9800-ae0401315562,Symo  24.0-3 480 (6),,,24.0,parsed_from_inverter_name,56.21,,
fronius,2024-11-09,a93e4e65-6f50-4a8f-a7e3-99abdfcf11e9,Penner Farms - 33-8-13 pump (site 3),9e930636-d5a2-4a25-8fd9-ae0401315583,Symo  24.0-3 480 (8),,,24.0,parsed_from_inverter_name,57.36,,
fronius,2024-11-09,a93e4e65-6f50-4a8f-a7e3-99abdfcf11e9,Penner Farms - 33-8-13 pump (site 3),65ec44a7-931c-4a8a-a211-ae0401315570,Symo 24.0-3 480 (7),,,24.0,parsed_from_inverter_name,56.3,,
fronius,2024-11-10,a93e4e65-6f50-4a8f-a7e3-99abdfcf11e9,Penner Farms - 33-8-13 pump (site 3),fc5ec049-e0c5-4028-9ffe-ae040131554a,Symo  24.0-3 480 (1),,,24.0,parsed_from_inverter_name,12.16,,
fronius,2024-11-10,a93e4e65-6f50-4a8f-a7e3-99abdfcf11e9,Penner Farms - 33-8-13 pump (site 3),720c11c1-519e-4635-aa64-ae0401315554,Symo  24.0-3 480 (5),,,24.0,parsed_from_inverter_name,12.24,,
fronius,2024-11-10,a93e4e65-6f50-4a8f-a7e3-99abdfcf11e9,Penner Farms - 33-8-13 pump (site 3),5e62605a-bcfd-40e2-9800-ae0401315562,Symo  24.0-3 480 (6),,,24.0,parsed_from_inverter_name,12.02,,
fronius,2024-11-10,a93e4e65-6f50-4a8f-a7e3-99abdfcf11e9,Penner Farms - 33-8-13 pump (site 3),9e930636-d5a2-4a25-8fd9-ae0401315583,Symo  24.0-3 480 (8),,,24.0,parsed_from_inverter_name,12.23,,
fronius,2024-11-10,a93e4e65-6f50-4a8f-a7e3-99abdfcf11e9,Penner Farms - 33-8-13 pump (site 3),65ec44a7-931c-4a8a-a211-ae0401315570,Symo 24.0-3 480 (7),,,24.0,parsed_from_inverter_name,12.02,,
fronius,2024-11-11,a93e4e65-6f50-4a8f-a7e3-99abdfcf11e9,Penner Farms - 33-8-13 pump (site 3),fc5ec049-e0c5-4028-9ffe-ae040131554a,Symo  24.0-3 480 (1),,,24.0,parsed_from_inverter_name,27.32,,
fronius,2024-11-11,a93e4e65-6f50-4a8f-a7e3-99abdfcf11e9,Penner Farms - 33-8-13 pump (site 3),720c11c1-519e-4635-aa64-ae0401315554,Symo  24.0-3 480 (5),,,24.0,parsed_from_inverter_name,27.75,,
fronius,2024-11-11,a93e4e65-6f50-4a8f-a7e3-99abdfcf11e9,Penner Farms - 33-8-13 pump (site 3),5e62605a-bcfd-40e2-9800-ae0401315562,Symo  24.0-3 480 (6),,,24.0,parsed_from_inverter_name,26.39,,
fronius,2024-11-11,a93e4e65-6f50-4a8f-a7e3-99abdfcf11e9,Penner Farms - 33-8-13 pump (site 3),9e930636-d5a2-4a25-8fd9-ae0401315583,Symo  24.0-3 480 (8),,,24.0,parsed_from_inverter_name,27.76,,
fronius,2024-11-11,a93e4e65-6f50-4a8f-a7e3-99abdfcf11e9,Penner Farms - 33-8-13 pump (site 3),65ec44a7-931c-4a8a-a211-ae0401315570,Symo 24.0-3 480 (7),,,24.0,parsed_from_inverter_name,26.73,,
fronius,2024-11-12,a93e4e65-6f50-4a8f-a7e3-99abdfcf11e9,Penner Farms - 33-8-13 pump (site 3),fc5ec049-e0c5-4028-9ffe-ae040131554a,Symo  24.0-3 480 (1),,,24.0,parsed_from_inverter_name,121.19,,
fronius,2024-11-12,a93e4e65-6f50-4a8f-a7e3-99abdfcf11e9,Penner Farms - 33-8-13 pump (site 3),720c11c1-519e-4635-aa64-ae0401315554,Symo  24.0-3 480 (5),,,24.0,parsed_from_inverter_name,121.79,,
fronius,2024-11-12,a93e4e65-6f50-4a8f-a7e3-99abdfcf11e9,Penner Farms - 33-8-13 pump (site 3),5e62605a-bcfd-40e2-9800-ae0401315562,Symo  24.0-3 480 (6),,,24.0,parsed_from_inverter_name,120.72,,
fronius,2024-11-12,a93e4e65-6f50-4a8f-a7e3-99abdfcf11e9,Penner Farms - 33-8-13 pump (site 3),9e930636-d5a2-4a25-8fd9-ae0401315583,Symo  24.0-3 480 (8),,,24.0,parsed_from_inverter_name,122.35,,
fronius,2024-11-12,a93e4e65-6f50-4a8f-a7e3-99abdfcf11e9,Penner Farms - 33-8-13 pump (site 3),65ec44a7-931c-4a8a-a211-ae0401315570,Symo 24.0-3 480 (7),,,24.0,parsed_from_inverter_name,122.12,,
fronius,2024-11-13,a93e4e65-6f50-4a8f-a7e3-99abdfcf11e9,Penner Farms - 33-8-13 pump (site 3),fc5ec049-e0c5-4028-9ffe-ae040131554a,Symo  24.0-3 480 (1),,,24.0,parsed_from_inverter_name,49.36,,
fronius,2024-11-13,a93e4e65-6f50-4a8f-a7e3-99abdfcf11e9,Penner Farms - 33-8-13 pump (site 3),720c11c1-519e-4635-aa64-ae0401315554,Symo  24.0-3 480 (5),,,24.0,parsed_from_inverter_name,49.74,,
fronius,2024-11-13,a93e4e65-6f50-4a8f-a7e3-99abdfcf11e9,Penner Farms - 33-8-13 pump (site 3),5e62605a-bcfd-40e2-9800-ae0401315562,Symo  24.0-3 480 (6),,,24.0,parsed_from_inverter_name,48.73,,
fronius,2024-11-13,a93e4e65-6f50-4a8f-a7e3-99abdfcf11e9,Penner Farms - 33-8-13 pump (site 3),9e930636-d5a2-4a25-8fd9-ae0401315583,Symo  24.0-3 480 (8),,,24.0,parsed_from_inverter_name,49.84,,
fronius,2024-11-13,a93e4e65-6f50-4a8f-a7e3-99abdfcf11e9,Penner Farms - 33-8-13 pump (site 3),65ec44a7-931c-4a8a-a211-ae0401315570,Symo 24.0-3 480 (7),,,24.0,parsed_from_inverter_name,48.95,,
fronius,2024-11-14,a93e4e65-6f50-4a8f-a7e3-99abdfcf11e9,Penner Farms - 33-8-13 pump (site 3),fc5ec049-e0c5-4028-9ffe-ae040131554a,Symo  24.0-3 480 (1),,,24.0,parsed_from_inverter_name,70.49,,
fronius,2024-11-14,a93e4e65-6f50-4a8f-a7e3-99abdfcf11e9,Penner Farms - 33-8-13 pump (site 3),720c11c1-519e-4635-aa64-ae0401315554,Symo  24.0-3 480 (5),,,24.0,parsed_from_inverter_name,70.8,,
fronius,2024-11-14,a93e4e65-6f50-4a8f-a7e3-99abdfcf11e9,Penner Farms - 33-8-13 pump (site 3),5e62605a-bcfd-40e2-9800-ae0401315562,Symo  24.0-3 480 (6),,,24.0,parsed_from_inverter_name,69.0,,
fronius,2024-11-14,a93e4e65-6f50-4a8f-a7e3-99abdfcf11e9,Penner Farms - 33-8-13 pump (site 3),9e930636-d5a2-4a25-8fd9-ae0401315583,Symo  24.0-3 480 (8),,,24.0,parsed_from_inverter_name,71.1,,
fronius,2024-11-14,a93e4e65-6f50-4a8f-a7e3-99abdfcf11e9,Penner Farms - 33-8-13 pump (site 3),65ec44a7-931c-4a8a-a211-ae0401315570,Symo 24.0-3 480 (7),,,24.0,parsed_from_inverter_name,69.69,,
fronius,2024-11-15,a93e4e65-6f50-4a8f-a7e3-99abdfcf11e9,Penner Farms - 33-8-13 pump (site 3),fc5ec049-e0c5-4028-9ffe-ae040131554a,Symo  24.0-3 480 (1),,,24.0,parsed_from_inverter_name,58.16,,
fronius,2024-11-15,a93e4e65-6f50-4a8f-a7e3-99abdfcf11e9,Penner Farms - 33-8-13 pump (site 3),720c11c1-519e-4635-aa64-ae0401315554,Symo  24.0-3 480 (5),,,24.0,parsed_from_inverter_name,59.08,,
fronius,2024-11-15,a93e4e65-6f50-4a8f-a7e3-99abdfcf11e9,Penner Farms - 33-8-13 pump (site 3),5e62605a-bcfd-40e2-9800-ae0401315562,Symo  24.0-3 480 (6),,,24.0,parsed_from_inverter_name,56.31,,
fronius,2024-11-15,a93e4e65-6f50-4a8f-a7e3-99abdfcf11e9,Penner Farms - 33-8-13 pump (site 3),9e930636-d5a2-4a25-8fd9-ae0401315583,Symo  24.0-3 480 (8),,,24.0,parsed_from_inverter_name,59.39,,
fronius,2024-11-15,a93e4e65-6f50-4a8f-a7e3-99abdfcf11e9,Penner Farms - 33-8-13 pump (site 3),65ec44a7-931c-4a8a-a211-ae0401315570,Symo 24.0-3 480 (7),,,24.0,parsed_from_inverter_name,56.82,,
fronius,2024-11-16,a93e4e65-6f50-4a8f-a7e3-99abdfcf11e9,Penner Farms - 33-8-13 pump (site 3),fc5ec049-e0c5-4028-9ffe-ae040131554a,Symo  24.0-3 480 (1),,,24.0,parsed_from_inverter_name,84.41,,
fronius,2024-11-16,a93e4e65-6f50-4a8f-a7e3-99abdfcf11e9,Penner Farms - 33-8-13 pump (site 3),720c11c1-519e-4635-aa64-ae0401315554,Symo  24.0-3 480 (5),,,24.0,parsed_from_inverter_name,112.88,,
fronius,2024-11-16,a93e4e65-6f50-4a8f-a7e3-99abdfcf11e9,Penner Farms - 33-8-13 pump (site 3),5e62605a-bcfd-40e2-9800-ae0401315562,Symo  24.0-3 480 (6),,,24.0,parsed_from_inverter_name,111.49,,
fronius,2024-11-16,a93e4e65-6f50-4a8f-a7e3-99abdfcf11e9,Penner Farms - 33-8-13 pump (site 3),9e930636-d5a2-4a25-8fd9-ae0401315583,Symo  24.0-3 480 (8),,,24.0,parsed_from_inverter_name,113.45,,
fronius,2024-11-16,a93e4e65-6f50-4a8f-a7e3-99abdfcf11e9,Penner Farms - 33-8-13 pump (site 3),65ec44a7-931c-4a8a-a211-ae0401315570,Symo 24.0-3 480 (7),,,24.0,parsed_from_inverter_name,112.39,,
fronius,2024-11-17,a93e4e65-6f50-4a8f-a7e3-99abdfcf11e9,Penner Farms - 33-8-13 pump (site 3),fc5ec049-e0c5-4028-9ffe-ae040131554a,Symo  24.0-3 480 (1),,,24.0,parsed_from_inverter_name,21.65,,
fronius,2024-11-17,a93e4e65-6f50-4a8f-a7e3-99abdfcf11e9,Penner Farms - 33-8-13 pump (site 3),720c11c1-519e-4635-aa64-ae0401315554,Symo  24.0-3 480 (5),,,24.0,parsed_from_inverter_name,22.0,,
fronius,2024-11-17,a93e4e65-6f50-4a8f-a7e3-99abdfcf11e9,Penner Farms - 33-8-13 pump (site 3),5e62605a-bcfd-40e2-9800-ae0401315562,Symo  24.0-3 480 (6),,,24.0,parsed_from_inverter_name,21.17,,
fronius,2024-11-17,a93e4e65-6f50-4a8f-a7e3-99abdfcf11e9,Penner Farms - 33-8-13 pump (site 3),9e930636-d5a2-4a25-8fd9-ae0401315583,Symo  24.0-3 480 (8),,,24.0,parsed_from_inverter_name,21.92,,
fronius,2024-11-17,a93e4e65-6f50-4a8f-a7e3-99abdfcf11e9,Penner Farms - 33-8-13 pump (site 3),65ec44a7-931c-4a8a-a211-ae0401315570,Symo 24.0-3 480 (7),,,24.0,parsed_from_inverter_name,21.2,,
fronius,2024-11-18,a93e4e65-6f50-4a8f-a7e3-99abdfcf11e9,Penner Farms - 33-8-13 pump (site 3),fc5ec049-e0c5-4028-9ffe-ae040131554a,Symo  24.0-3 480 (1),,,24.0,parsed_from_inverter_name,51.88,,
fronius,2024-11-18,a93e4e65-6f50-4a8f-a7e3-99abdfcf11e9,Penner Farms - 33-8-13 pump (site 3),720c11c1-519e-4635-aa64-ae0401315554,Symo  24.0-3 480 (5),,,24.0,parsed_from_inverter_name,51.88,,
fronius,2024-11-18,a93e4e65-6f50-4a8f-a7e3-99abdfcf11e9,Penner Farms - 33-8-13 pump (site 3),5e62605a-bcfd-40e2-9800-ae0401315562,Symo  24.0-3 480 (6),,,24.0,parsed_from_inverter_name,51.51,,
fronius,2024-11-18,a93e4e65-6f50-4a8f-a7e3-99abdfcf11e9,Penner Farms - 33-8-13 pump (site 3),9e930636-d5a2-4a25-8fd9-ae0401315583,Symo  24.0-3 480 (8),,,24.0,parsed_from_inverter_name,51.94,,
fronius,2024-11-18,a93e4e65-6f50-4a8f-a7e3-99abdfcf11e9,Penner Farms - 33-8-13 pump (site 3),65ec44a7-931c-4a8a-a211-ae0401315570,Symo 24.0-3 480 (7),,,24.0,parsed_from_inverter_name,51.57,,
fronius,2024-11-19,a93e4e65-6f50-4a8f-a7e3-99abdfcf11e9,Penner Farms - 33-8-13 pump (site 3),fc5ec049-e0c5-4028-9ffe-ae040131554a,Symo  24.0-3 480 (1),,,24.0,parsed_from_inverter_name,16.24,,
fronius,2024-11-19,a93e4e65-6f50-4a8f-a7e3-99abdfcf11e9,Penner Farms - 33-8-13 pump (site 3),720c11c1-519e-4635-aa64-ae0401315554,Symo  24.0-3 480 (5),,,24.0,parsed_from_inverter_name,14.03,,
fronius,2024-11-19,a93e4e65-6f50-4a8f-a7e3-99abdfcf11e9,Penner Farms - 33-8-13 pump (site 3),5e62605a-bcfd-40e2-9800-ae0401315562,Symo  24.0-3 480 (6),,,24.0,parsed_from_inverter_name,14.39,,
fronius,2024-11-19,a93e4e65-6f50-4a8f-a7e3-99abdfcf11e9,Penner Farms - 33-8-13 pump (site 3),9e930636-d5a2-4a25-8fd9-ae0401315583,Symo  24.0-3 480 (8),,,24.0,parsed_from_inverter_name,16.68,,
fronius,2024-11-19,a93e4e65-6f50-4a8f-a7e3-99abdfcf11e9,Penner Farms - 33-8-13 pump (site 3),65ec44a7-931c-4a8a-a211-ae0401315570,Symo 24.0-3 480 (7),,,24.0,parsed_from_inverter_name,16.85,,
fronius,2024-11-20,a93e4e65-6f50-4a8f-a7e3-99abdfcf11e9,Penner Farms - 33-8-13 pump (site 3),fc5ec049-e0c5-4028-9ffe-ae040131554a,Symo  24.0-3 480 (1),,,24.0,parsed_from_inverter_name,18.69,,
fronius,2024-11-20,a93e4e65-6f50-4a8f-a7e3-99abdfcf11e9,Penner Farms - 33-8-13 pump (site 3),720c11c1-519e-4635-aa64-ae0401315554,Symo  24.0-3 480 (5),,,24.0,parsed_from_inverter_name,21.05,,
fronius,2024-11-20,a93e4e65-6f50-4a8f-a7e3-99abdfcf11e9,Penner Farms - 33-8-13 pump (site 3),5e62605a-bcfd-40e2-9800-ae0401315562,Symo  24.0-3 480 (6),,,24.0,parsed_from_inverter_name,20.25,,
fronius,2024-11-20,a93e4e65-6f50-4a8f-a7e3-99abdfcf11e9,Penner Farms - 33-8-13 pump (site 3),9e930636-d5a2-4a25-8fd9-ae0401315583,Symo  24.0-3 480 (8),,,24.0,parsed_from_inverter_name,19.17,,
fronius,2024-11-20,a93e4e65-6f50-4a8f-a7e3-99abdfcf11e9,Penner Farms - 33-8-13 pump (site 3),65ec44a7-931c-4a8a-a211-ae0401315570,Symo 24.0-3 480 (7),,,24.0,parsed_from_inverter_name,18.91,,
fronius,2024-11-21,a93e4e65-6f50-4a8f-a7e3-99abdfcf11e9,Penner Farms - 33-8-13 pump (site 3),fc5ec049-e0c5-4028-9ffe-ae040131554a,Symo  24.0-3 480 (1),,,24.0,parsed_from_inverter_name,33.25,,
fronius,2024-11-21,a93e4e65-6f50-4a8f-a7e3-99abdfcf11e9,Penner Farms - 33-8-13 pump (site 3),720c11c1-519e-4635-aa64-ae0401315554,Symo  24.0-3 480 (5),,,24.0,parsed_from_inverter_name,38.01,,
fronius,2024-11-21,a93e4e65-6f50-4a8f-a7e3-99abdfcf11e9,Penner Farms - 33-8-13 pump (site 3),5e62605a-bcfd-40e2-9800-ae0401315562,Symo  24.0-3 480 (6),,,24.0,parsed_from_inverter_name,35.27,,
fronius,2024-11-21,a93e4e65-6f50-4a8f-a7e3-99abdfcf11e9,Penner Farms - 33-8-13 pump (site 3),9e930636-d5a2-4a25-8fd9-ae0401315583,Symo  24.0-3 480 (8),,,24.0,parsed_from_inverter_name,37.82,,
fronius,2024-11-21,a93e4e65-6f50-4a8f-a7e3-99abdfcf11e9,Penner Farms - 33-8-13 pump (site 3),65ec44a7-931c-4a8a-a211-ae0401315570,Symo 24.0-3 480 (7),,,24.0,parsed_from_inverter_name,35.15,,
fronius,2024-11-22,a93e4e65-6f50-4a8f-a7e3-99abdfcf11e9,Penner Farms - 33-8-13 pump (site 3),fc5ec049-e0c5-4028-9ffe-ae040131554a,Symo  24.0-3 480 (1),,,24.0,parsed_from_inverter_name,5.3,,
fronius,2024-11-22,a93e4e65-6f50-4a8f-a7e3-99abdfcf11e9,Penner Farms - 33-8-13 pump (site 3),720c11c1-519e-4635-aa64-ae0401315554,Symo  24.0-3 480 (5),,,24.0,parsed_from_inverter_name,4.96,,
fronius,2024-11-22,a93e4e65-6f50-4a8f-a7e3-99abdfcf11e9,Penner Farms - 33-8-13 pump (site 3),5e62605a-bcfd-40e2-9800-ae0401315562,Symo  24.0-3 480 (6),,,24.0,parsed_from_inverter_name,5.28,,
fronius,2024-11-22,a93e4e65-6f50-4a8f-a7e3-99abdfcf11e9,Penner Farms - 33-8-13 pump (site 3),9e930636-d5a2-4a25-8fd9-ae0401315583,Symo  24.0-3 480 (8),,,24.0,parsed_from_inverter_name,5.43,,
fronius,2024-11-22,a93e4e65-6f50-4a8f-a7e3-99abdfcf11e9,Penner Farms - 33-8-13 pump (site 3),65ec44a7-931c-4a8a-a211-ae0401315570,Symo 24.0-3 480 (7),,,24.0,parsed_from_inverter_name,5.69,,
fronius,2024-11-23,a93e4e65-6f50-4a8f-a7e3-99abdfcf11e9,Penner Farms - 33-8-13 pump (site 3),fc5ec049-e0c5-4028-9ffe-ae040131554a,Symo  24.0-3 480 (1),,,24.0,parsed_from_inverter_name,3.98,,
fronius,2024-11-23,a93e4e65-6f50-4a8f-a7e3-99abdfcf11e9,Penner Farms - 33-8-13 pump (site 3),720c11c1-519e-4635-aa64-ae0401315554,Symo  24.0-3 480 (5),,,24.0,parsed_from_inverter_name,3.63,,
fronius,2024-11-23,a93e4e65-6f50-4a8f-a7e3-99abdfcf11e9,Penner Farms - 33-8-13 pump (site 3),5e62605a-bcfd-40e2-9800-ae0401315562,Symo  24.0-3 480 (6),,,24.0,parsed_from_inverter_name,3.89,,
fronius,2024-11-23,a93e4e65-6f50-4a8f-a7e3-99abdfcf11e9,Penner Farms - 33-8-13 pump (site 3),9e930636-d5a2-4a25-8fd9-ae0401315583,Symo  24.0-3 480 (8),,,24.0,parsed_from_inverter_name,3.68,,
fronius,2024-11-23,a93e4e65-6f50-4a8f-a7e3-99abdfcf11e9,Penner Farms - 33-8-13 pump (site 3),65ec44a7-931c-4a8a-a211-ae0401315570,Symo 24.0-3 480 (7),,,24.0,parsed_from_inverter_name,4.05,,
fronius,2024-11-24,a93e4e65-6f50-4a8f-a7e3-99abdfcf11e9,Penner Farms - 33-8-13 pump (site 3),fc5ec049-e0c5-4028-9ffe-ae040131554a,Symo  24.0-3 480 (1),,,24.0,parsed_from_inverter_name,10.69,,
fronius,2024-11-24,a93e4e65-6f50-4a8f-a7e3-99abdfcf11e9,Penner Farms - 33-8-13 pump (site 3),720c11c1-519e-4635-aa64-ae0401315554,Symo  24.0-3 480 (5),,,24.0,parsed_from_inverter_name,10.89,,
fronius,2024-11-24,a93e4e65-6f50-4a8f-a7e3-99abdfcf11e9,Penner Farms - 33-8-13 pump (site 3),5e62605a-bcfd-40e2-9800-ae0401315562,Symo  24.0-3 480 (6),,,24.0,parsed_from_inverter_name,10.58,,
fronius,2024-11-24,a93e4e65-6f50-4a8f-a7e3-99abdfcf11e9,Penner Farms - 33-8-13 pump (site 3),9e930636-d5a2-4a25-8fd9-ae0401315583,Symo  24.0-3 480 (8),,,24.0,parsed_from_inverter_name,15.75,,
fronius,2024-11-24,a93e4e65-6f50-4a8f-a7e3-99abdfcf11e9,Penner Farms - 33-8-13 pump (site 3),65ec44a7-931c-4a8a-a211-ae0401315570,Symo 24.0-3 480 (7),,,24.0,parsed_from_inverter_name,9.91,,
fronius,2024-11-25,a93e4e65-6f50-4a8f-a7e3-99abdfcf11e9,Penner Farms - 33-8-13 pump (site 3),fc5ec049-e0c5-4028-9ffe-ae040131554a,Symo  24.0-3 480 (1),,,24.0,parsed_from_inverter_name,7.46,,
fronius,2024-11-25,a93e4e65-6f50-4a8f-a7e3-99abdfcf11e9,Penner Farms - 33-8-13 pump (site 3),720c11c1-519e-4635-aa64-ae0401315554,Symo  24.0-3 480 (5),,,24.0,parsed_from_inverter_name,7.35,,
fronius,2024-11-25,a93e4e65-6f50-4a8f-a7e3-99abdfcf11e9,Penner Farms - 33-8-13 pump (site 3),5e62605a-bcfd-40e2-9800-ae0401315562,Symo  24.0-3 480 (6),,,24.0,parsed_from_inverter_name,7.57,,
fronius,2024-11-25,a93e4e65-6f50-4a8f-a7e3-99abdfcf11e9,Penner Farms - 33-8-13 pump (site 3),9e930636-d5a2-4a25-8fd9-ae0401315583,Symo  24.0-3 480 (8),,,24.0,parsed_from_inverter_name,9.8,,
fronius,2024-11-25,a93e4e65-6f50-4a8f-a7e3-99abdfcf11e9,Penner Farms - 33-8-13 pump (site 3),65ec44a7-931c-4a8a-a211-ae0401315570,Symo 24.0-3 480 (7),,,24.0,parsed_from_inverter_name,7.04,,
fronius,2024-11-26,a93e4e65-6f50-4a8f-a7e3-99abdfcf11e9,Penner Farms - 33-8-13 pump (site 3),fc5ec049-e0c5-4028-9ffe-ae040131554a,Symo  24.0-3 480 (1),,,24.0,parsed_from_inverter_name,13.98,,
fronius,2024-11-26,a93e4e65-6f50-4a8f-a7e3-99abdfcf11e9,Penner Farms - 33-8-13 pump (site 3),720c11c1-519e-4635-aa64-ae0401315554,Symo  24.0-3 480 (5),,,24.0,parsed_from_inverter_name,15.56,,
fronius,2024-11-26,a93e4e65-6f50-4a8f-a7e3-99abdfcf11e9,Penner Farms - 33-8-13 pump (site 3),5e62605a-bcfd-40e2-9800-ae0401315562,Symo  24.0-3 480 (6),,,24.0,parsed_from_inverter_name,20.14,,
fronius,2024-11-26,a93e4e65-6f50-4a8f-a7e3-99abdfcf11e9,Penner Farms - 33-8-13 pump (site 3),9e930636-d5a2-4a25-8fd9-ae0401315583,Symo  24.0-3 480 (8),,,24.0,parsed_from_inverter_name,36.16,,
fronius,2024-11-26,a93e4e65-6f50-4a8f-a7e3-99abdfcf11e9,Penner Farms - 33-8-13 pump (site 3),65ec44a7-931c-4a8a-a211-ae0401315570,Symo 24.0-3 480 (7),,,24.0,parsed_from_inverter_name,13.44,,
fronius,2024-11-27,a93e4e65-6f50-4a8f-a7e3-99abdfcf11e9,Penner Farms - 33-8-13 pump (site 3),fc5ec049-e0c5-4028-9ffe-ae040131554a,Symo  24.0-3 480 (1),,,24.0,parsed_from_inverter_name,10.34,,
fronius,2024-11-27,a93e4e65-6f50-4a8f-a7e3-99abdfcf11e9,Penner Farms - 33-8-13 pump (site 3),720c11c1-519e-4635-aa64-ae0401315554,Symo  24.0-3 480 (5),,,24.0,parsed_from_inverter_name,12.44,,
fronius,2024-11-27,a93e4e65-6f50-4a8f-a7e3-99abdfcf11e9,Penner Farms - 33-8-13 pump (site 3),5e62605a-bcfd-40e2-9800-ae0401315562,Symo  24.0-3 480 (6),,,24.0,parsed_from_inverter_name,13.34,,
fronius,2024-11-27,a93e4e65-6f50-4a8f-a7e3-99abdfcf11e9,Penner Farms - 33-8-13 pump (site 3),9e930636-d5a2-4a25-8fd9-ae0401315583,Symo  24.0-3 480 (8),,,24.0,parsed_from_inverter_name,19.34,,
fronius,2024-11-27,a93e4e65-6f50-4a8f-a7e3-99abdfcf11e9,Penner Farms - 33-8-13 pump (site 3),65ec44a7-931c-4a8a-a211-ae0401315570,Symo 24.0-3 480 (7),,,24.0,parsed_from_inverter_name,9.38,,
fronius,2024-11-28,a93e4e65-6f50-4a8f-a7e3-99abdfcf11e9,Penner Farms - 33-8-13 pump (site 3),fc5ec049-e0c5-4028-9ffe-ae040131554a,Symo  24.0-3 480 (1),,,24.0,parsed_from_inverter_name,15.35,,
fronius,2024-11-28,a93e4e65-6f50-4a8f-a7e3-99abdfcf11e9,Penner Farms - 33-8-13 pump (site 3),720c11c1-519e-4635-aa64-ae0401315554,Symo  24.0-3 480 (5),,,24.0,parsed_from_inverter_name,15.56,,
fronius,2024-11-28,a93e4e65-6f50-4a8f-a7e3-99abdfcf11e9,Penner Farms - 33-8-13 pump (site 3),5e62605a-bcfd-40e2-9800-ae0401315562,Symo  24.0-3 480 (6),,,24.0,parsed_from_inverter_name,16.71,,
fronius,2024-11-28,a93e4e65-6f50-4a8f-a7e3-99abdfcf11e9,Penner Farms - 33-8-13 pump (site 3),9e930636-d5a2-4a25-8fd9-ae0401315583,Symo  24.0-3 480 (8),,,24.0,parsed_from_inverter_name,21.2,,
fronius,2024-11-28,a93e4e65-6f50-4a8f-a7e3-99abdfcf11e9,Penner Farms - 33-8-13 pump (site 3),65ec44a7-931c-4a8a-a211-ae0401315570,Symo 24.0-3 480 (7),,,24.0,parsed_from_inverter_name,11.3,,
fronius,2024-11-29,a93e4e65-6f50-4a8f-a7e3-99abdfcf11e9,Penner Farms - 33-8-13 pump (site 3),fc5ec049-e0c5-4028-9ffe-ae040131554a,Symo  24.0-3 480 (1),,,24.0,parsed_from_inverter_name,9.53,,
fronius,2024-11-29,a93e4e65-6f50-4a8f-a7e3-99abdfcf11e9,Penner Farms - 33-8-13 pump (site 3),720c11c1-519e-4635-aa64-ae0401315554,Symo  24.0-3 480 (5),,,24.0,parsed_from_inverter_name,9.38,,
fronius,2024-11-29,a93e4e65-6f50-4a8f-a7e3-99abdfcf11e9,Penner Farms - 33-8-13 pump (site 3),5e62605a-bcfd-40e2-9800-ae0401315562,Symo  24.0-3 480 (6),,,24.0,parsed_from_inverter_name,9.79,,
fronius,2024-11-29,a93e4e65-6f50-4a8f-a7e3-99abdfcf11e9,Penner Farms - 33-8-13 pump (site 3),9e930636-d5a2-4a25-8fd9-ae0401315583,Symo  24.0-3 480 (8),,,24.0,parsed_from_inverter_name,11.27,,
fronius,2024-11-29,a93e4e65-6f50-4a8f-a7e3-99abdfcf11e9,Penner Farms - 33-8-13 pump (site 3),65ec44a7-931c-4a8a-a211-ae0401315570,Symo 24.0-3 480 (7),,,24.0,parsed_from_inverter_name,8.2,,
fronius,2024-11-30,a93e4e65-6f50-4a8f-a7e3-99abdfcf11e9,Penner Farms - 33-8-13 pump (site 3),fc5ec049-e0c5-4028-9ffe-ae040131554a,Symo  24.0-3 480 (1),,,24.0,parsed_from_inverter_name,15.69,,
fronius,2024-11-30,a93e4e65-6f50-4a8f-a7e3-99abdfcf11e9,Penner Farms - 33-8-13 pump (site 3),720c11c1-519e-4635-aa64-ae0401315554,Symo  24.0-3 480 (5),,,24.0,parsed_from_inverter_name,16.9,,
fronius,2024-11-30,a93e4e65-6f50-4a8f-a7e3-99abdfcf11e9,Penner Farms - 33-8-13 pump (site 3),5e62605a-bcfd-40e2-9800-ae0401315562,Symo  24.0-3 480 (6),,,24.0,parsed_from_inverter_name,22.38,,
fronius,2024-11-30,a93e4e65-6f50-4a8f-a7e3-99abdfcf11e9,Penner Farms - 33-8-13 pump (site 3),9e930636-d5a2-4a25-8fd9-ae0401315583,Symo  24.0-3 480 (8),,,24.0,parsed_from_inverter_name,25.11,,
fronius,2024-11-30,a93e4e65-6f50-4a8f-a7e3-99abdfcf11e9,Penner Farms - 33-8-13 pump (site 3),65ec44a7-931c-4a8a-a211-ae0401315570,Symo 24.0-3 480 (7),,,24.0,parsed_from_inverter_name,12.7,,
fronius,2024-12-01,a93e4e65-6f50-4a8f-a7e3-99abdfcf11e9,Penner Farms - 33-8-13 pump (site 3),fc5ec049-e0c5-4028-9ffe-ae040131554a,Symo  24.0-3 480 (1),,,24.0,parsed_from_inverter_name,17.16,,
fronius,2024-12-01,a93e4e65-6f50-4a8f-a7e3-99abdfcf11e9,Penner Farms - 33-8-13 pump (site 3),720c11c1-519e-4635-aa64-ae0401315554,Symo  24.0-3 480 (5),,,24.0,parsed_from_inverter_name,15.81,,
fronius,2024-12-01,a93e4e65-6f50-4a8f-a7e3-99abdfcf11e9,Penner Farms - 33-8-13 pump (site 3),5e62605a-bcfd-40e2-9800-ae0401315562,Symo  24.0-3 480 (6),,,24.0,parsed_from_inverter_name,18.11,,
fronius,2024-12-01,a93e4e65-6f50-4a8f-a7e3-99abdfcf11e9,Penner Farms - 33-8-13 pump (site 3),9e930636-d5a2-4a25-8fd9-ae0401315583,Symo  24.0-3 480 (8),,,24.0,parsed_from_inverter_name,23.1,,
fronius,2024-12-01,a93e4e65-6f50-4a8f-a7e3-99abdfcf11e9,Penner Farms - 33-8-13 pump (site 3),65ec44a7-931c-4a8a-a211-ae0401315570,Symo 24.0-3 480 (7),,,24.0,parsed_from_inverter_name,15.24,,
fronius,2024-12-02,a93e4e65-6f50-4a8f-a7e3-99abdfcf11e9,Penner Farms - 33-8-13 pump (site 3),fc5ec049-e0c5-4028-9ffe-ae040131554a,Symo  24.0-3 480 (1),,,24.0,parsed_from_inverter_name,51.25,,
fronius,2024-12-02,a93e4e65-6f50-4a8f-a7e3-99abdfcf11e9,Penner Farms - 33-8-13 pump (site 3),720c11c1-519e-4635-aa64-ae0401315554,Symo  24.0-3 480 (5),,,24.0,parsed_from_inverter_name,42.37,,
fronius,2024-12-02,a93e4e65-6f50-4a8f-a7e3-99abdfcf11e9,Penner Farms - 33-8-13 pump (site 3),5e62605a-bcfd-40e2-9800-ae0401315562,Symo  24.0-3 480 (6),,,24.0,parsed_from_inverter_name,49.37,,
fronius,2024-12-02,a93e4e65-6f50-4a8f-a7e3-99abdfcf11e9,Penner Farms - 33-8-13 pump (site 3),9e930636-d5a2-4a25-8fd9-ae0401315583,Symo  24.0-3 480 (8),,,24.0,parsed_from_inverter_name,58.48,,
fronius,2024-12-02,a93e4e65-6f50-4a8f-a7e3-99abdfcf11e9,Penner Farms - 33-8-13 pump (site 3),65ec44a7-931c-4a8a-a211-ae0401315570,Symo 24.0-3 480 (7),,,24.0,parsed_from_inverter_name,42.98,,
fronius,2024-12-03,a93e4e65-6f50-4a8f-a7e3-99abdfcf11e9,Penner Farms - 33-8-13 pump (site 3),fc5ec049-e0c5-4028-9ffe-ae040131554a,Symo  24.0-3 480 (1),,,24.0,parsed_from_inverter_name,55.15,,
fronius,2024-12-03,a93e4e65-6f50-4a8f-a7e3-99abdfcf11e9,Penner Farms - 33-8-13 pump (site 3),720c11c1-519e-4635-aa64-ae0401315554,Symo  24.0-3 480 (5),,,24.0,parsed_from_inverter_name,55.33,,
fronius,2024-12-03,a93e4e65-6f50-4a8f-a7e3-99abdfcf11e9,Penner Farms - 33-8-13 pump (site 3),5e62605a-bcfd-40e2-9800-ae0401315562,Symo  24.0-3 480 (6),,,24.0,parsed_from_inverter_name,53.5,,
fronius,2024-12-03,a93e4e65-6f50-4a8f-a7e3-99abdfcf11e9,Penner Farms - 33-8-13 pump (site 3),9e930636-d5a2-4a25-8fd9-ae0401315583,Symo  24.0-3 480 (8),,,24.0,parsed_from_inverter_name,55.54,,
fronius,2024-12-03,a93e4e65-6f50-4a8f-a7e3-99abdfcf11e9,Penner Farms - 33-8-13 pump (site 3),65ec44a7-931c-4a8a-a211-ae0401315570,Symo 24.0-3 480 (7),,,24.0,parsed_from_inverter_name,54.68,,
fronius,2024-12-04,a93e4e65-6f50-4a8f-a7e3-99abdfcf11e9,Penner Farms - 33-8-13 pump (site 3),fc5ec049-e0c5-4028-9ffe-ae040131554a,Symo  24.0-3 480 (1),,,24.0,parsed_from_inverter_name,55.73,,
fronius,2024-12-04,a93e4e65-6f50-4a8f-a7e3-99abdfcf11e9,Penner Farms - 33-8-13 pump (site 3),720c11c1-519e-4635-aa64-ae0401315554,Symo  24.0-3 480 (5),,,24.0,parsed_from_inverter_name,56.79,,
fronius,2024-12-04,a93e4e65-6f50-4a8f-a7e3-99abdfcf11e9,Penner Farms - 33-8-13 pump (site 3),5e62605a-bcfd-40e2-9800-ae0401315562,Symo  24.0-3 480 (6),,,24.0,parsed_from_inverter_name,54.39,,
fronius,2024-12-04,a93e4e65-6f50-4a8f-a7e3-99abdfcf11e9,Penner Farms - 33-8-13 pump (site 3),9e930636-d5a2-4a25-8fd9-ae0401315583,Symo  24.0-3 480 (8),,,24.0,parsed_from_inverter_name,56.45,,
fronius,2024-12-04,a93e4e65-6f50-4a8f-a7e3-99abdfcf11e9,Penner Farms - 33-8-13 pump (site 3),65ec44a7-931c-4a8a-a211-ae0401315570,Symo 24.0-3 480 (7),,,24.0,parsed_from_inverter_name,54.51,,
fronius,2024-12-05,a93e4e65-6f50-4a8f-a7e3-99abdfcf11e9,Penner Farms - 33-8-13 pump (site 3),fc5ec049-e0c5-4028-9ffe-ae040131554a,Symo  24.0-3 480 (1),,,24.0,parsed_from_inverter_name,94.22,,
fronius,2024-12-05,a93e4e65-6f50-4a8f-a7e3-99abdfcf11e9,Penner Farms - 33-8-13 pump (site 3),720c11c1-519e-4635-aa64-ae0401315554,Symo  24.0-3 480 (5),,,24.0,parsed_from_inverter_name,98.55,,
fronius,2024-12-05,a93e4e65-6f50-4a8f-a7e3-99abdfcf11e9,Penner Farms - 33-8-13 pump (site 3),5e62605a-bcfd-40e2-9800-ae0401315562,Symo  24.0-3 480 (6),,,24.0,parsed_from_inverter_name,90.56,,
fronius,2024-12-05,a93e4e65-6f50-4a8f-a7e3-99abdfcf11e9,Penner Farms - 33-8-13 pump (site 3),9e930636-d5a2-4a25-8fd9-ae0401315583,Symo  24.0-3 480 (8),,,24.0,parsed_from_inverter_name,98.38,,
fronius,2024-12-05,a93e4e65-6f50-4a8f-a7e3-99abdfcf11e9,Penner Farms - 33-8-13 pump (site 3),65ec44a7-931c-4a8a-a211-ae0401315570,Symo 24.0-3 480 (7),,,24.0,parsed_from_inverter_name,91.89,,
fronius,2024-12-06,a93e4e65-6f50-4a8f-a7e3-99abdfcf11e9,Penner Farms - 33-8-13 pump (site 3),fc5ec049-e0c5-4028-9ffe-ae040131554a,Symo  24.0-3 480 (1),,,24.0,parsed_from_inverter_name,54.93,,
fronius,2024-12-06,a93e4e65-6f50-4a8f-a7e3-99abdfcf11e9,Penner Farms - 33-8-13 pump (site 3),720c11c1-519e-4635-aa64-ae0401315554,Symo  24.0-3 480 (5),,,24.0,parsed_from_inverter_name,56.61,,
fronius,2024-12-06,a93e4e65-6f50-4a8f-a7e3-99abdfcf11e9,Penner Farms - 33-8-13 pump (site 3),5e62605a-bcfd-40e2-9800-ae0401315562,Symo  24.0-3 480 (6),,,24.0,parsed_from_inverter_name,52.98,,
fronius,2024-12-06,a93e4e65-6f50-4a8f-a7e3-99abdfcf11e9,Penner Farms - 33-8-13 pump (site 3),9e930636-d5a2-4a25-8fd9-ae0401315583,Symo  24.0-3 480 (8),,,24.0,parsed_from_inverter_name,56.67,,
fronius,2024-12-06,a93e4e65-6f50-4a8f-a7e3-99abdfcf11e9,Penner Farms - 33-8-13 pump (site 3),65ec44a7-931c-4a8a-a211-ae0401315570,Symo 24.0-3 480 (7),,,24.0,parsed_from_inverter_name,53.41,,
fronius,2024-12-07,a93e4e65-6f50-4a8f-a7e3-99abdfcf11e9,Penner Farms - 33-8-13 pump (site 3),fc5ec049-e0c5-4028-9ffe-ae040131554a,Symo  24.0-3 480 (1),,,24.0,parsed_from_inverter_name,25.4,,
fronius,2024-12-07,a93e4e65-6f50-4a8f-a7e3-99abdfcf11e9,Penner Farms - 33-8-13 pump (site 3),720c11c1-519e-4635-aa64-ae0401315554,Symo  24.0-3 480 (5),,,24.0,parsed_from_inverter_name,25.65,,
fronius,2024-12-07,a93e4e65-6f50-4a8f-a7e3-99abdfcf11e9,Penner Farms - 33-8-13 pump (site 3),5e62605a-bcfd-40e2-9800-ae0401315562,Symo  24.0-3 480 (6),,,24.0,parsed_from_inverter_name,25.07,,
fronius,2024-12-07,a93e4e65-6f50-4a8f-a7e3-99abdfcf11e9,Penner Farms - 33-8-13 pump (site 3),9e930636-d5a2-4a25-8fd9-ae0401315583,Symo  24.0-3 480 (8),,,24.0,parsed_from_inverter_name,25.55,,
fronius,2024-12-07,a93e4e65-6f50-4a8f-a7e3-99abdfcf11e9,Penner Farms - 33-8-13 pump (site 3),65ec44a7-931c-4a8a-a211-ae0401315570,Symo 24.0-3 480 (7),,,24.0,parsed_from_inverter_name,24.96,,
fronius,2024-12-08,a93e4e65-6f50-4a8f-a7e3-99abdfcf11e9,Penner Farms - 33-8-13 pump (site 3),fc5ec049-e0c5-4028-9ffe-ae040131554a,Symo  24.0-3 480 (1),,,24.0,parsed_from_inverter_name,6.77,,
fronius,2024-12-08,a93e4e65-6f50-4a8f-a7e3-99abdfcf11e9,Penner Farms - 33-8-13 pump (site 3),720c11c1-519e-4635-aa64-ae0401315554,Symo  24.0-3 480 (5),,,24.0,parsed_from_inverter_name,6.57,,
fronius,2024-12-08,a93e4e65-6f50-4a8f-a7e3-99abdfcf11e9,Penner Farms - 33-8-13 pump (site 3),5e62605a-bcfd-40e2-9800-ae0401315562,Symo  24.0-3 480 (6),,,24.0,parsed_from_inverter_name,7.04,,
fronius,2024-12-08,a93e4e65-6f50-4a8f-a7e3-99abdfcf11e9,Penner Farms - 33-8-13 pump (site 3),9e930636-d5a2-4a25-8fd9-ae0401315583,Symo  24.0-3 480 (8),,,24.0,parsed_from_inverter_name,7.22,,
fronius,2024-12-08,a93e4e65-6f50-4a8f-a7e3-99abdfcf11e9,Penner Farms - 33-8-13 pump (site 3),65ec44a7-931c-4a8a-a211-ae0401315570,Symo 24.0-3 480 (7),,,24.0,parsed_from_inverter_name,7.24,,
fronius,2024-12-09,a93e4e65-6f50-4a8f-a7e3-99abdfcf11e9,Penner Farms - 33-8-13 pump (site 3),fc5ec049-e0c5-4028-9ffe-ae040131554a,Symo  24.0-3 480 (1),,,24.0,parsed_from_inverter_name,27.59,,
fronius,2024-12-09,a93e4e65-6f50-4a8f-a7e3-99abdfcf11e9,Penner Farms - 33-8-13 pump (site 3),720c11c1-519e-4635-aa64-ae0401315554,Symo  24.0-3 480 (5),,,24.0,parsed_from_inverter_name,27.31,,
fronius,2024-12-09,a93e4e65-6f50-4a8f-a7e3-99abdfcf11e9,Penner Farms - 33-8-13 pump (site 3),5e62605a-bcfd-40e2-9800-ae0401315562,Symo  24.0-3 480 (6),,,24.0,parsed_from_inverter_name,29.86,,
fronius,2024-12-09,a93e4e65-6f50-4a8f-a7e3-99abdfcf11e9,Penner Farms - 33-8-13 pump (site 3),9e930636-d5a2-4a25-8fd9-ae0401315583,Symo  24.0-3 480 (8),,,24.0,parsed_from_inverter_name,33.37,,
fronius,2024-12-09,a93e4e65-6f50-4a8f-a7e3-99abdfcf11e9,Penner Farms - 33-8-13 pump (site 3),65ec44a7-931c-4a8a-a211-ae0401315570,Symo 24.0-3 480 (7),,,24.0,parsed_from_inverter_name,32.83,,
fronius,2024-12-10,a93e4e65-6f50-4a8f-a7e3-99abdfcf11e9,Penner Farms - 33-8-13 pump (site 3),fc5ec049-e0c5-4028-9ffe-ae040131554a,Symo  24.0-3 480 (1),,,24.0,parsed_from_inverter_name,27.97,,
fronius,2024-12-10,a93e4e65-6f50-4a8f-a7e3-99abdfcf11e9,Penner Farms - 33-8-13 pump (site 3),720c11c1-519e-4635-aa64-ae0401315554,Symo  24.0-3 480 (5),,,24.0,parsed_from_inverter_name,28.17,,
fronius,2024-12-10,a93e4e65-6f50-4a8f-a7e3-99abdfcf11e9,Penner Farms - 33-8-13 pump (site 3),5e62605a-bcfd-40e2-9800-ae0401315562,Symo  24.0-3 480 (6),,,24.0,parsed_from_inverter_name,27.68,,
fronius,2024-12-10,a93e4e65-6f50-4a8f-a7e3-99abdfcf11e9,Penner Farms - 33-8-13 pump (site 3),9e930636-d5a2-4a25-8fd9-ae0401315583,Symo  24.0-3 480 (8),,,24.0,parsed_from_inverter_name,28.38,,
fronius,2024-12-10,a93e4e65-6f50-4a8f-a7e3-99abdfcf11e9,Penner Farms - 33-8-13 pump (site 3),65ec44a7-931c-4a8a-a211-ae0401315570,Symo 24.0-3 480 (7),,,24.0,parsed_from_inverter_name,27.84,,
fronius,2024-12-11,a93e4e65-6f50-4a8f-a7e3-99abdfcf11e9,Penner Farms - 33-8-13 pump (site 3),fc5ec049-e0c5-4028-9ffe-ae040131554a,Symo  24.0-3 480 (1),,,24.0,parsed_from_inverter_name,24.74,,
fronius,2024-12-11,a93e4e65-6f50-4a8f-a7e3-99abdfcf11e9,Penner Farms - 33-8-13 pump (site 3),720c11c1-519e-4635-aa64-ae0401315554,Symo  24.0-3 480 (5),,,24.0,parsed_from_inverter_name,24.71,,
fronius,2024-12-11,a93e4e65-6f50-4a8f-a7e3-99abdfcf11e9,Penner Farms - 33-8-13 pump (site 3),5e62605a-bcfd-40e2-9800-ae0401315562,Symo  24.0-3 480 (6),,,24.0,parsed_from_inverter_name,24.5,,
fronius,2024-12-11,a93e4e65-6f50-4a8f-a7e3-99abdfcf11e9,Penner Farms - 33-8-13 pump (site 3),9e930636-d5a2-4a25-8fd9-ae0401315583,Symo  24.0-3 480 (8),,,24.0,parsed_from_inverter_name,24.79,,
fronius,2024-12-11,a93e4e65-6f50-4a8f-a7e3-99abdfcf11e9,Penner Farms - 33-8-13 pump (site 3),65ec44a7-931c-4a8a-a211-ae0401315570,Symo 24.0-3 480 (7),,,24.0,parsed_from_inverter_name,24.56,,
fronius,2024-12-12,a93e4e65-6f50-4a8f-a7e3-99abdfcf11e9,Penner Farms - 33-8-13 pump (site 3),fc5ec049-e0c5-4028-9ffe-ae040131554a,Symo  24.0-3 480 (1),,,24.0,parsed_from_inverter_name,94.56,,
fronius,2024-12-12,a93e4e65-6f50-4a8f-a7e3-99abdfcf11e9,Penner Farms - 33-8-13 pump (site 3),720c11c1-519e-4635-aa64-ae0401315554,Symo  24.0-3 480 (5),,,24.0,parsed_from_inverter_name,98.28,,
fronius,2024-12-12,a93e4e65-6f50-4a8f-a7e3-99abdfcf11e9,Penner Farms - 33-8-13 pump (site 3),5e62605a-bcfd-40e2-9800-ae0401315562,Symo  24.0-3 480 (6),,,24.0,parsed_from_inverter_name,90.55,,
fronius,2024-12-12,a93e4e65-6f50-4a8f-a7e3-99abdfcf11e9,Penner Farms - 33-8-13 pump (site 3),9e930636-d5a2-4a25-8fd9-ae0401315583,Symo  24.0-3 480 (8),,,24.0,parsed_from_inverter_name,99.12,,
fronius,2024-12-12,a93e4e65-6f50-4a8f-a7e3-99abdfcf11e9,Penner Farms - 33-8-13 pump (site 3),65ec44a7-931c-4a8a-a211-ae0401315570,Symo 24.0-3 480 (7),,,24.0,parsed_from_inverter_name,92.73,,
fronius,2024-12-13,a93e4e65-6f50-4a8f-a7e3-99abdfcf11e9,Penner Farms - 33-8-13 pump (site 3),fc5ec049-e0c5-4028-9ffe-ae040131554a,Symo  24.0-3 480 (1),,,24.0,parsed_from_inverter_name,57.86,,
fronius,2024-12-13,a93e4e65-6f50-4a8f-a7e3-99abdfcf11e9,Penner Farms - 33-8-13 pump (site 3),720c11c1-519e-4635-aa64-ae0401315554,Symo  24.0-3 480 (5),,,24.0,parsed_from_inverter_name,60.14,,
fronius,2024-12-13,a93e4e65-6f50-4a8f-a7e3-99abdfcf11e9,Penner Farms - 33-8-13 pump (site 3),5e62605a-bcfd-40e2-9800-ae0401315562,Symo  24.0-3 480 (6),,,24.0,parsed_from_inverter_name,55.94,,
fronius,2024-12-13,a93e4e65-6f50-4a8f-a7e3-99abdfcf11e9,Penner Farms - 33-8-13 pump (site 3),9e930636-d5a2-4a25-8fd9-ae0401315583,Symo  24.0-3 480 (8),,,24.0,parsed_from_inverter_name,60.45,,
fronius,2024-12-13,a93e4e65-6f50-4a8f-a7e3-99abdfcf11e9,Penner Farms - 33-8-13 pump (site 3),65ec44a7-931c-4a8a-a211-ae0401315570,Symo 24.0-3 480 (7),,,24.0,parsed_from_inverter_name,56.94,,
fronius,2024-12-14,a93e4e65-6f50-4a8f-a7e3-99abdfcf11e9,Penner Farms - 33-8-13 pump (site 3),fc5ec049-e0c5-4028-9ffe-ae040131554a,Symo  24.0-3 480 (1),,,24.0,parsed_from_inverter_name,29.97,,
fronius,2024-12-14,a93e4e65-6f50-4a8f-a7e3-99abdfcf11e9,Penner Farms - 33-8-13 pump (site 3),720c11c1-519e-4635-aa64-ae0401315554,Symo  24.0-3 480 (5),,,24.0,parsed_from_inverter_name,32.17,,
fronius,2024-12-14,a93e4e65-6f50-4a8f-a7e3-99abdfcf11e9,Penner Farms - 33-8-13 pump (site 3),5e62605a-bcfd-40e2-9800-ae0401315562,Symo  24.0-3 480 (6),,,24.0,parsed_from_inverter_name,28.04,,
fronius,2024-12-14,a93e4e65-6f50-4a8f-a7e3-99abdfcf11e9,Penner Farms - 33-8-13 pump (site 3),9e930636-d5a2-4a25-8fd9-ae0401315583,Symo  24.0-3 480 (8),,,24.0,parsed_from_inverter_name,32.2,,
fronius,2024-12-14,a93e4e65-6f50-4a8f-a7e3-99abdfcf11e9,Penner Farms - 33-8-13 pump (site 3),65ec44a7-931c-4a8a-a211-ae0401315570,Symo 24.0-3 480 (7),,,24.0,parsed_from_inverter_name,28.84,,
fronius,2024-12-15,a93e4e65-6f50-4a8f-a7e3-99abdfcf11e9,Penner Farms - 33-8-13 pump (site 3),fc5ec049-e0c5-4028-9ffe-ae040131554a,Symo  24.0-3 480 (1),,,24.0,parsed_from_inverter_name,38.8,,
fronius,2024-12-15,a93e4e65-6f50-4a8f-a7e3-99abdfcf11e9,Penner Farms - 33-8-13 pump (site 3),720c11c1-519e-4635-aa64-ae0401315554,Symo  24.0-3 480 (5),,,24.0,parsed_from_inverter_name,40.67,,
fronius,2024-12-15,a93e4e65-6f50-4a8f-a7e3-99abdfcf11e9,Penner Farms - 33-8-13 pump (site 3),5e62605a-bcfd-40e2-9800-ae0401315562,Symo  24.0-3 480 (6),,,24.0,parsed_from_inverter_name,37.42,,
fronius,2024-12-15,a93e4e65-6f50-4a8f-a7e3-99abdfcf11e9,Penner Farms - 33-8-13 pump (site 3),9e930636-d5a2-4a25-8fd9-ae0401315583,Symo  24.0-3 480 (8),,,24.0,parsed_from_inverter_name,40.71,,
fronius,2024-12-15,a93e4e65-6f50-4a8f-a7e3-99abdfcf11e9,Penner Farms - 33-8-13 pump (site 3),65ec44a7-931c-4a8a-a211-ae0401315570,Symo 24.0-3 480 (7),,,24.0,parsed_from_inverter_name,37.61,,
fronius,2024-12-16,a93e4e65-6f50-4a8f-a7e3-99abdfcf11e9,Penner Farms - 33-8-13 pump (site 3),fc5ec049-e0c5-4028-9ffe-ae040131554a,Symo  24.0-3 480 (1),,,24.0,parsed_from_inverter_name,14.51,,
fronius,2024-12-16,a93e4e65-6f50-4a8f-a7e3-99abdfcf11e9,Penner Farms - 33-8-13 pump (site 3),720c11c1-519e-4635-aa64-ae0401315554,Symo  24.0-3 480 (5),,,24.0,parsed_from_inverter_name,15.02,,
fronius,2024-12-16,a93e4e65-6f50-4a8f-a7e3-99abdfcf11e9,Penner Farms - 33-8-13 pump (site 3),5e62605a-bcfd-40e2-9800-ae0401315562,Symo  24.0-3 480 (6),,,24.0,parsed_from_inverter_name,13.82,,
fronius,2024-12-16,a93e4e65-6f50-4a8f-a7e3-99abdfcf11e9,Penner Farms - 33-8-13 pump (site 3),9e930636-d5a2-4a25-8fd9-ae0401315583,Symo  24.0-3 480 (8),,,24.0,parsed_from_inverter_name,14.98,,
fronius,2024-12-16,a93e4e65-6f50-4a8f-a7e3-99abdfcf11e9,Penner Farms - 33-8-13 pump (site 3),65ec44a7-931c-4a8a-a211-ae0401315570,Symo 24.0-3 480 (7),,,24.0,parsed_from_inverter_name,13.67,,
fronius,2024-12-17,a93e4e65-6f50-4a8f-a7e3-99abdfcf11e9,Penner Farms - 33-8-13 pump (site 3),fc5ec049-e0c5-4028-9ffe-ae040131554a,Symo  24.0-3 480 (1),,,24.0,parsed_from_inverter_name,15.87,,
fronius,2024-12-17,a93e4e65-6f50-4a8f-a7e3-99abdfcf11e9,Penner Farms - 33-8-13 pump (site 3),720c11c1-519e-4635-aa64-ae0401315554,Symo  24.0-3 480 (5),,,24.0,parsed_from_inverter_name,17.73,,
fronius,2024-12-17,a93e4e65-6f50-4a8f-a7e3-99abdfcf11e9,Penner Farms - 33-8-13 pump (site 3),5e62605a-bcfd-40e2-9800-ae0401315562,Symo  24.0-3 480 (6),,,24.0,parsed_from_inverter_name,13.41,,
fronius,2024-12-17,a93e4e65-6f50-4a8f-a7e3-99abdfcf11e9,Penner Farms - 33-8-13 pump (site 3),9e930636-d5a2-4a25-8fd9-ae0401315583,Symo  24.0-3 480 (8),,,24.0,parsed_from_inverter_name,17.98,,
fronius,2024-12-17,a93e4e65-6f50-4a8f-a7e3-99abdfcf11e9,Penner Farms - 33-8-13 pump (site 3),65ec44a7-931c-4a8a-a211-ae0401315570,Symo 24.0-3 480 (7),,,24.0,parsed_from_inverter_name,13.35,,
fronius,2024-12-18,a93e4e65-6f50-4a8f-a7e3-99abdfcf11e9,Penner Farms - 33-8-13 pump (site 3),fc5ec049-e0c5-4028-9ffe-ae040131554a,Symo  24.0-3 480 (1),,,24.0,parsed_from_inverter_name,16.06,,
fronius,2024-12-18,a93e4e65-6f50-4a8f-a7e3-99abdfcf11e9,Penner Farms - 33-8-13 pump (site 3),720c11c1-519e-4635-aa64-ae0401315554,Symo  24.0-3 480 (5),,,24.0,parsed_from_inverter_name,16.1,,
fronius,2024-12-18,a93e4e65-6f50-4a8f-a7e3-99abdfcf11e9,Penner Farms - 33-8-13 pump (site 3),5e62605a-bcfd-40e2-9800-ae0401315562,Symo  24.0-3 480 (6),,,24.0,parsed_from_inverter_name,15.95,,
fronius,2024-12-18,a93e4e65-6f50-4a8f-a7e3-99abdfcf11e9,Penner Farms - 33-8-13 pump (site 3),9e930636-d5a2-4a25-8fd9-ae0401315583,Symo  24.0-3 480 (8),,,24.0,parsed_from_inverter_name,16.04,,
fronius,2024-12-18,a93e4e65-6f50-4a8f-a7e3-99abdfcf11e9,Penner Farms - 33-8-13 pump (site 3),65ec44a7-931c-4a8a-a211-ae0401315570,Symo 24.0-3 480 (7),,,24.0,parsed_from_inverter_name,15.8,,
fronius,2024-12-19,a93e4e65-6f50-4a8f-a7e3-99abdfcf11e9,Penner Farms - 33-8-13 pump (site 3),fc5ec049-e0c5-4028-9ffe-ae040131554a,Symo  24.0-3 480 (1),,,24.0,parsed_from_inverter_name,82.38,,
fronius,2024-12-19,a93e4e65-6f50-4a8f-a7e3-99abdfcf11e9,Penner Farms - 33-8-13 pump (site 3),720c11c1-519e-4635-aa64-ae0401315554,Symo  24.0-3 480 (5),,,24.0,parsed_from_inverter_name,85.43,,
fronius,2024-12-19,a93e4e65-6f50-4a8f-a7e3-99abdfcf11e9,Penner Farms - 33-8-13 pump (site 3),5e62605a-bcfd-40e2-9800-ae0401315562,Symo  24.0-3 480 (6),,,24.0,parsed_from_inverter_name,79.37,,
fronius,2024-12-19,a93e4e65-6f50-4a8f-a7e3-99abdfcf11e9,Penner Farms - 33-8-13 pump (site 3),9e930636-d5a2-4a25-8fd9-ae0401315583,Symo  24.0-3 480 (8),,,24.0,parsed_from_inverter_name,85.75,,
fronius,2024-12-19,a93e4e65-6f50-4a8f-a7e3-99abdfcf11e9,Penner Farms - 33-8-13 pump (site 3),65ec44a7-931c-4a8a-a211-ae0401315570,Symo 24.0-3 480 (7),,,24.0,parsed_from_inverter_name,80.58,,
fronius,2024-12-20,a93e4e65-6f50-4a8f-a7e3-99abdfcf11e9,Penner Farms - 33-8-13 pump (site 3),fc5ec049-e0c5-4028-9ffe-ae040131554a,Symo  24.0-3 480 (1),,,24.0,parsed_from_inverter_name,94.92,,
fronius,2024-12-20,a93e4e65-6f50-4a8f-a7e3-99abdfcf11e9,Penner Farms - 33-8-13 pump (site 3),720c11c1-519e-4635-aa64-ae0401315554,Symo  24.0-3 480 (5),,,24.0,parsed_from_inverter_name,98.1,,
fronius,2024-12-20,a93e4e65-6f50-4a8f-a7e3-99abdfcf11e9,Penner Farms - 33-8-13 pump (site 3),5e62605a-bcfd-40e2-9800-ae0401315562,Symo  24.0-3 480 (6),,,24.0,parsed_from_inverter_name,90.46,,
fronius,2024-12-20,a93e4e65-6f50-4a8f-a7e3-99abdfcf11e9,Penner Farms - 33-8-13 pump (site 3),9e930636-d5a2-4a25-8fd9-ae0401315583,Symo  24.0-3 480 (8),,,24.0,parsed_from_inverter_name,98.69,,
fronius,2024-12-20,a93e4e65-6f50-4a8f-a7e3-99abdfcf11e9,Penner Farms - 33-8-13 pump (site 3),65ec44a7-931c-4a8a-a211-ae0401315570,Symo 24.0-3 480 (7),,,24.0,parsed_from_inverter_name,92.25,,
fronius,2024-12-21,a93e4e65-6f50-4a8f-a7e3-99abdfcf11e9,Penner Farms - 33-8-13 pump (site 3),fc5ec049-e0c5-4028-9ffe-ae040131554a,Symo  24.0-3 480 (1),,,24.0,parsed_from_inverter_name,52.22,,
fronius,2024-12-21,a93e4e65-6f50-4a8f-a7e3-99abdfcf11e9,Penner Farms - 33-8-13 pump (site 3),720c11c1-519e-4635-aa64-ae0401315554,Symo  24.0-3 480 (5),,,24.0,parsed_from_inverter_name,54.73,,
fronius,2024-12-21,a93e4e65-6f50-4a8f-a7e3-99abdfcf11e9,Penner Farms - 33-8-13 pump (site 3),5e62605a-bcfd-40e2-9800-ae0401315562,Symo  24.0-3 480 (6),,,24.0,parsed_from_inverter_name,48.28,,
fronius,2024-12-21,a93e4e65-6f50-4a8f-a7e3-99abdfcf11e9,Penner Farms - 33-8-13 pump (site 3),9e930636-d5a2-4a25-8fd9-ae0401315583,Symo  24.0-3 480 (8),,,24.0,parsed_from_inverter_name,54.94,,
fronius,2024-12-21,a93e4e65-6f50-4a8f-a7e3-99abdfcf11e9,Penner Farms - 33-8-13 pump (site 3),65ec44a7-931c-4a8a-a211-ae0401315570,Symo 24.0-3 480 (7),,,24.0,parsed_from_inverter_name,49.28,,
fronius,2024-12-22,a93e4e65-6f50-4a8f-a7e3-99abdfcf11e9,Penner Farms - 33-8-13 pump (site 3),fc5ec049-e0c5-4028-9ffe-ae040131554a,Symo  24.0-3 480 (1),,,24.0,parsed_from_inverter_name,46.69,,
fronius,2024-12-22,a93e4e65-6f50-4a8f-a7e3-99abdfcf11e9,Penner Farms - 33-8-13 pump (site 3),720c11c1-519e-4635-aa64-ae0401315554,Symo  24.0-3 480 (5),,,24.0,parsed_from_inverter_name,48.24,,
fronius,2024-12-22,a93e4e65-6f50-4a8f-a7e3-99abdfcf11e9,Penner Farms - 33-8-13 pump (site 3),5e62605a-bcfd-40e2-9800-ae0401315562,Symo  24.0-3 480 (6),,,24.0,parsed_from_inverter_name,45.29,,
fronius,2024-12-22,a93e4e65-6f50-4a8f-a7e3-99abdfcf11e9,Penner Farms - 33-8-13 pump (site 3),9e930636-d5a2-4a25-8fd9-ae0401315583,Symo  24.0-3 480 (8),,,24.0,parsed_from_inverter_name,48.36,,
fronius,2024-12-22,a93e4e65-6f50-4a8f-a7e3-99abdfcf11e9,Penner Farms - 33-8-13 pump (site 3),65ec44a7-931c-4a8a-a211-ae0401315570,Symo 24.0-3 480 (7),,,24.0,parsed_from_inverter_name,45.94,,
fronius,2024-12-23,a93e4e65-6f50-4a8f-a7e3-99abdfcf11e9,Penner Farms - 33-8-13 pump (site 3),fc5ec049-e0c5-4028-9ffe-ae040131554a,Symo  24.0-3 480 (1),,,24.0,parsed_from_inverter_name,55.07,,
fronius,2024-12-23,a93e4e65-6f50-4a8f-a7e3-99abdfcf11e9,Penner Farms - 33-8-13 pump (site 3),720c11c1-519e-4635-aa64-ae0401315554,Symo  24.0-3 480 (5),,,24.0,parsed_from_inverter_name,56.1,,
fronius,2024-12-23,a93e4e65-6f50-4a8f-a7e3-99abdfcf11e9,Penner Farms - 33-8-13 pump (site 3),5e62605a-bcfd-40e2-9800-ae0401315562,Symo  24.0-3 480 (6),,,24.0,parsed_from_inverter_name,54.2,,
fronius,2024-12-23,a93e4e65-6f50-4a8f-a7e3-99abdfcf11e9,Penner Farms - 33-8-13 pump (site 3),9e930636-d5a2-4a25-8fd9-ae0401315583,Symo  24.0-3 480 (8),,,24.0,parsed_from_inverter_name,56.12,,
fronius,2024-12-23,a93e4e65-6f50-4a8f-a7e3-99abdfcf11e9,Penner Farms - 33-8-13 pump (site 3),65ec44a7-931c-4a8a-a211-ae0401315570,Symo 24.0-3 480 (7),,,24.0,parsed_from_inverter_name,54.82,,
fronius,2024-12-24,a93e4e65-6f50-4a8f-a7e3-99abdfcf11e9,Penner Farms - 33-8-13 pump (site 3),fc5ec049-e0c5-4028-9ffe-ae040131554a,Symo  24.0-3 480 (1),,,24.0,parsed_from_inverter_name,43.12,,
fronius,2024-12-24,a93e4e65-6f50-4a8f-a7e3-99abdfcf11e9,Penner Farms - 33-8-13 pump (site 3),720c11c1-519e-4635-aa64-ae0401315554,Symo  24.0-3 480 (5),,,24.0,parsed_from_inverter_name,45.29,,
fronius,2024-12-24,a93e4e65-6f50-4a8f-a7e3-99abdfcf11e9,Penner Farms - 33-8-13 pump (site 3),5e62605a-bcfd-40e2-9800-ae0401315562,Symo  24.0-3 480 (6),,,24.0,parsed_from_inverter_name,41.39,,
fronius,2024-12-24,a93e4e65-6f50-4a8f-a7e3-99abdfcf11e9,Penner Farms - 33-8-13 pump (site 3),9e930636-d5a2-4a25-8fd9-ae0401315583,Symo  24.0-3 480 (8),,,24.0,parsed_from_inverter_name,45.34,,
fronius,2024-12-24,a93e4e65-6f50-4a8f-a7e3-99abdfcf11e9,Penner Farms - 33-8-13 pump (site 3),65ec44a7-931c-4a8a-a211-ae0401315570,Symo 24.0-3 480 (7),,,24.0,parsed_from_inverter_name,41.71,,
fronius,2024-12-25,a93e4e65-6f50-4a8f-a7e3-99abdfcf11e9,Penner Farms - 33-8-13 pump (site 3),fc5ec049-e0c5-4028-9ffe-ae040131554a,Symo  24.0-3 480 (1),,,24.0,parsed_from_inverter_name,96.86,,
fronius,2024-12-25,a93e4e65-6f50-4a8f-a7e3-99abdfcf11e9,Penner Farms - 33-8-13 pump (site 3),720c11c1-519e-4635-aa64-ae0401315554,Symo  24.0-3 480 (5),,,24.0,parsed_from_inverter_name,99.84,,
fronius,2024-12-25,a93e4e65-6f50-4a8f-a7e3-99abdfcf11e9,Penner Farms - 33-8-13 pump (site 3),5e62605a-bcfd-40e2-9800-ae0401315562,Symo  24.0-3 480 (6),,,24.0,parsed_from_inverter_name,93.02,,
fronius,2024-12-25,a93e4e65-6f50-4a8f-a7e3-99abdfcf11e9,Penner Farms - 33-8-13 pump (site 3),9e930636-d5a2-4a25-8fd9-ae0401315583,Symo  24.0-3 480 (8),,,24.0,parsed_from_inverter_name,100.49,,
fronius,2024-12-25,a93e4e65-6f50-4a8f-a7e3-99abdfcf11e9,Penner Farms - 33-8-13 pump (site 3),65ec44a7-931c-4a8a-a211-ae0401315570,Symo 24.0-3 480 (7),,,24.0,parsed_from_inverter_name,94.88,,
fronius,2024-12-26,a93e4e65-6f50-4a8f-a7e3-99abdfcf11e9,Penner Farms - 33-8-13 pump (site 3),fc5ec049-e0c5-4028-9ffe-ae040131554a,Symo  24.0-3 480 (1),,,24.0,parsed_from_inverter_name,13.1,,
fronius,2024-12-26,a93e4e65-6f50-4a8f-a7e3-99abdfcf11e9,Penner Farms - 33-8-13 pump (site 3),720c11c1-519e-4635-aa64-ae0401315554,Symo  24.0-3 480 (5),,,24.0,parsed_from_inverter_name,13.2,,
fronius,2024-12-26,a93e4e65-6f50-4a8f-a7e3-99abdfcf11e9,Penner Farms - 33-8-13 pump (site 3),5e62605a-bcfd-40e2-9800-ae0401315562,Symo  24.0-3 480 (6),,,24.0,parsed_from_inverter_name,12.94,,
fronius,2024-12-26,a93e4e65-6f50-4a8f-a7e3-99abdfcf11e9,Penner Farms - 33-8-13 pump (site 3),9e930636-d5a2-4a25-8fd9-ae0401315583,Symo  24.0-3 480 (8),,,24.0,parsed_from_inverter_name,13.15,,
fronius,2024-12-26,a93e4e65-6f50-4a8f-a7e3-99abdfcf11e9,Penner Farms - 33-8-13 pump (site 3),65ec44a7-931c-4a8a-a211-ae0401315570,Symo 24.0-3 480 (7),,,24.0,parsed_from_inverter_name,12.92,,
fronius,2024-12-27,a93e4e65-6f50-4a8f-a7e3-99abdfcf11e9,Penner Farms - 33-8-13 pump (site 3),fc5ec049-e0c5-4028-9ffe-ae040131554a,Symo  24.0-3 480 (1),,,24.0,parsed_from_inverter_name,61.46,,
fronius,2024-12-27,a93e4e65-6f50-4a8f-a7e3-99abdfcf11e9,Penner Farms - 33-8-13 pump (site 3),720c11c1-519e-4635-aa64-ae0401315554,Symo  24.0-3 480 (5),,,24.0,parsed_from_inverter_name,62.14,,
fronius,2024-12-27,a93e4e65-6f50-4a8f-a7e3-99abdfcf11e9,Penner Farms - 33-8-13 pump (site 3),5e62605a-bcfd-40e2-9800-ae0401315562,Symo  24.0-3 480 (6),,,24.0,parsed_from_inverter_name,61.36,,
fronius,2024-12-27,a93e4e65-6f50-4a8f-a7e3-99abdfcf11e9,Penner Farms - 33-8-13 pump (site 3),9e930636-d5a2-4a25-8fd9-ae0401315583,Symo  24.0-3 480 (8),,,24.0,parsed_from_inverter_name,62.57,,
fronius,2024-12-27,a93e4e65-6f50-4a8f-a7e3-99abdfcf11e9,Penner Farms - 33-8-13 pump (site 3),65ec44a7-931c-4a8a-a211-ae0401315570,Symo 24.0-3 480 (7),,,24.0,parsed_from_inverter_name,61.9,,
fronius,2024-12-28,a93e4e65-6f50-4a8f-a7e3-99abdfcf11e9,Penner Farms - 33-8-13 pump (site 3),fc5ec049-e0c5-4028-9ffe-ae040131554a,Symo  24.0-3 480 (1),,,24.0,parsed_from_inverter_name,66.4,,
fronius,2024-12-28,a93e4e65-6f50-4a8f-a7e3-99abdfcf11e9,Penner Farms - 33-8-13 pump (site 3),720c11c1-519e-4635-aa64-ae0401315554,Symo  24.0-3 480 (5),,,24.0,parsed_from_inverter_name,68.41,,
fronius,2024-12-28,a93e4e65-6f50-4a8f-a7e3-99abdfcf11e9,Penner Farms - 33-8-13 pump (site 3),5e62605a-bcfd-40e2-9800-ae0401315562,Symo  24.0-3 480 (6),,,24.0,parsed_from_inverter_name,64.04,,
fronius,2024-12-28,a93e4e65-6f50-4a8f-a7e3-99abdfcf11e9,Penner Farms - 33-8-13 pump (site 3),9e930636-d5a2-4a25-8fd9-ae0401315583,Symo  24.0-3 480 (8),,,24.0,parsed_from_inverter_name,68.66,,
fronius,2024-12-28,a93e4e65-6f50-4a8f-a7e3-99abdfcf11e9,Penner Farms - 33-8-13 pump (site 3),65ec44a7-931c-4a8a-a211-ae0401315570,Symo 24.0-3 480 (7),,,24.0,parsed_from_inverter_name,64.95,,
fronius,2024-12-29,a93e4e65-6f50-4a8f-a7e3-99abdfcf11e9,Penner Farms - 33-8-13 pump (site 3),fc5ec049-e0c5-4028-9ffe-ae040131554a,Symo  24.0-3 480 (1),,,24.0,parsed_from_inverter_name,12.42,,
fronius,2024-12-29,a93e4e65-6f50-4a8f-a7e3-99abdfcf11e9,Penner Farms - 33-8-13 pump (site 3),720c11c1-519e-4635-aa64-ae0401315554,Symo  24.0-3 480 (5),,,24.0,parsed_from_inverter_name,12.62,,
fronius,2024-12-29,a93e4e65-6f50-4a8f-a7e3-99abdfcf11e9,Penner Farms - 33-8-13 pump (site 3),5e62605a-bcfd-40e2-9800-ae0401315562,Symo  24.0-3 480 (6),,,24.0,parsed_from_inverter_name,12.15,,
fronius,2024-12-29,a93e4e65-6f50-4a8f-a7e3-99abdfcf11e9,Penner Farms - 33-8-13 pump (site 3),9e930636-d5a2-4a25-8fd9-ae0401315583,Symo  24.0-3 480 (8),,,24.0,parsed_from_inverter_name,12.6,,
fronius,2024-12-29,a93e4e65-6f50-4a8f-a7e3-99abdfcf11e9,Penner Farms - 33-8-13 pump (site 3),65ec44a7-931c-4a8a-a211-ae0401315570,Symo 24.0-3 480 (7),,,24.0,parsed_from_inverter_name,12.11,,
fronius,2024-12-30,a93e4e65-6f50-4a8f-a7e3-99abdfcf11e9,Penner Farms - 33-8-13 pump (site 3),fc5ec049-e0c5-4028-9ffe-ae040131554a,Symo  24.0-3 480 (1),,,24.0,parsed_from_inverter_name,21.36,,
fronius,2024-12-30,a93e4e65-6f50-4a8f-a7e3-99abdfcf11e9,Penner Farms - 33-8-13 pump (site 3),720c11c1-519e-4635-aa64-ae0401315554,Symo  24.0-3 480 (5),,,24.0,parsed_from_inverter_name,21.93,,
fronius,2024-12-30,a93e4e65-6f50-4a8f-a7e3-99abdfcf11e9,Penner Farms - 33-8-13 pump (site 3),5e62605a-bcfd-40e2-9800-ae0401315562,Symo  24.0-3 480 (6),,,24.0,parsed_from_inverter_name,20.82,,
fronius,2024-12-30,a93e4e65-6f50-4a8f-a7e3-99abdfcf11e9,Penner Farms - 33-8-13 pump (site 3),9e930636-d5a2-4a25-8fd9-ae0401315583,Symo  24.0-3 480 (8),,,24.0,parsed_from_inverter_name,21.93,,
fronius,2024-12-30,a93e4e65-6f50-4a8f-a7e3-99abdfcf11e9,Penner Farms - 33-8-13 pump (site 3),65ec44a7-931c-4a8a-a211-ae0401315570,Symo 24.0-3 480 (7),,,24.0,parsed_from_inverter_name,21.03,,
fronius,2024-12-31,a93e4e65-6f50-4a8f-a7e3-99abdfcf11e9,Penner Farms - 33-8-13 pump (site 3),fc5ec049-e0c5-4028-9ffe-ae040131554a,Symo  24.0-3 480 (1),,,24.0,parsed_from_inverter_name,5.79,,
fronius,2024-12-31,a93e4e65-6f50-4a8f-a7e3-99abdfcf11e9,Penner Farms - 33-8-13 pump (site 3),720c11c1-519e-4635-aa64-ae0401315554,Symo  24.0-3 480 (5),,,24.0,parsed_from_inverter_name,5.81,,
fronius,2024-12-31,a93e4e65-6f50-4a8f-a7e3-99abdfcf11e9,Penner Farms - 33-8-13 pump (site 3),5e62605a-bcfd-40e2-9800-ae0401315562,Symo  24.0-3 480 (6),,,24.0,parsed_from_inverter_name,5.74,,
fronius,2024-12-31,a93e4e65-6f50-4a8f-a7e3-99abdfcf11e9,Penner Farms - 33-8-13 pump (site 3),9e930636-d5a2-4a25-8fd9-ae0401315583,Symo  24.0-3 480 (8),,,24.0,parsed_from_inverter_name,5.78,,
fronius,2024-12-31,a93e4e65-6f50-4a8f-a7e3-99abdfcf11e9,Penner Farms - 33-8-13 pump (site 3),65ec44a7-931c-4a8a-a211-ae0401315570,Symo 24.0-3 480 (7),,,24.0,parsed_from_inverter_name,5.72,,
fronius,2025-01-01,a93e4e65-6f50-4a8f-a7e3-99abdfcf11e9,Penner Farms - 33-8-13 pump (site 3),fc5ec049-e0c5-4028-9ffe-ae040131554a,Symo  24.0-3 480 (1),,,24.0,parsed_from_inverter_name,6.17,,
fronius,2025-01-01,a93e4e65-6f50-4a8f-a7e3-99abdfcf11e9,Penner Farms - 33-8-13 pump (site 3),720c11c1-519e-4635-aa64-ae0401315554,Symo  24.0-3 480 (5),,,24.0,parsed_from_inverter_name,5.76,,
fronius,2025-01-01,a93e4e65-6f50-4a8f-a7e3-99abdfcf11e9,Penner Farms - 33-8-13 pump (site 3),5e62605a-bcfd-40e2-9800-ae0401315562,Symo  24.0-3 480 (6),,,24.0,parsed_from_inverter_name,6.15,,
fronius,2025-01-01,a93e4e65-6f50-4a8f-a7e3-99abdfcf11e9,Penner Farms - 33-8-13 pump (site 3),9e930636-d5a2-4a25-8fd9-ae0401315583,Symo  24.0-3 480 (8),,,24.0,parsed_from_inverter_name,5.67,,
fronius,2025-01-01,a93e4e65-6f50-4a8f-a7e3-99abdfcf11e9,Penner Farms - 33-8-13 pump (site 3),65ec44a7-931c-4a8a-a211-ae0401315570,Symo 24.0-3 480 (7),,,24.0,parsed_from_inverter_name,6.23,,
fronius,2025-01-02,a93e4e65-6f50-4a8f-a7e3-99abdfcf11e9,Penner Farms - 33-8-13 pump (site 3),fc5ec049-e0c5-4028-9ffe-ae040131554a,Symo  24.0-3 480 (1),,,24.0,parsed_from_inverter_name,5.82,,
fronius,2025-01-02,a93e4e65-6f50-4a8f-a7e3-99abdfcf11e9,Penner Farms - 33-8-13 pump (site 3),720c11c1-519e-4635-aa64-ae0401315554,Symo  24.0-3 480 (5),,,24.0,parsed_from_inverter_name,5.3,,
fronius,2025-01-02,a93e4e65-6f50-4a8f-a7e3-99abdfcf11e9,Penner Farms - 33-8-13 pump (site 3),5e62605a-bcfd-40e2-9800-ae0401315562,Symo  24.0-3 480 (6),,,24.0,parsed_from_inverter_name,5.69,,
fronius,2025-01-02,a93e4e65-6f50-4a8f-a7e3-99abdfcf11e9,Penner Farms - 33-8-13 pump (site 3),9e930636-d5a2-4a25-8fd9-ae0401315583,Symo  24.0-3 480 (8),,,24.0,parsed_from_inverter_name,5.24,,
fronius,2025-01-02,a93e4e65-6f50-4a8f-a7e3-99abdfcf11e9,Penner Farms - 33-8-13 pump (site 3),65ec44a7-931c-4a8a-a211-ae0401315570,Symo 24.0-3 480 (7),,,24.0,parsed_from_inverter_name,5.82,,
fronius,2025-01-03,a93e4e65-6f50-4a8f-a7e3-99abdfcf11e9,Penner Farms - 33-8-13 pump (site 3),fc5ec049-e0c5-4028-9ffe-ae040131554a,Symo  24.0-3 480 (1),,,24.0,parsed_from_inverter_name,6.23,,
fronius,2025-01-03,a93e4e65-6f50-4a8f-a7e3-99abdfcf11e9,Penner Farms - 33-8-13 pump (site 3),720c11c1-519e-4635-aa64-ae0401315554,Symo  24.0-3 480 (5),,,24.0,parsed_from_inverter_name,8.4,,
fronius,2025-01-03,a93e4e65-6f50-4a8f-a7e3-99abdfcf11e9,Penner Farms - 33-8-13 pump (site 3),5e62605a-bcfd-40e2-9800-ae0401315562,Symo  24.0-3 480 (6),,,24.0,parsed_from_inverter_name,7.18,,
fronius,2025-01-03,a93e4e65-6f50-4a8f-a7e3-99abdfcf11e9,Penner Farms - 33-8-13 pump (site 3),9e930636-d5a2-4a25-8fd9-ae0401315583,Symo  24.0-3 480 (8),,,24.0,parsed_from_inverter_name,7.14,,
fronius,2025-01-03,a93e4e65-6f50-4a8f-a7e3-99abdfcf11e9,Penner Farms - 33-8-13 pump (site 3),65ec44a7-931c-4a8a-a211-ae0401315570,Symo 24.0-3 480 (7),,,24.0,parsed_from_inverter_name,7.39,,
fronius,2025-01-04,a93e4e65-6f50-4a8f-a7e3-99abdfcf11e9,Penner Farms - 33-8-13 pump (site 3),fc5ec049-e0c5-4028-9ffe-ae040131554a,Symo  24.0-3 480 (1),,,24.0,parsed_from_inverter_name,27.06,,
fronius,2025-01-04,a93e4e65-6f50-4a8f-a7e3-99abdfcf11e9,Penner Farms - 33-8-13 pump (site 3),720c11c1-519e-4635-aa64-ae0401315554,Symo  24.0-3 480 (5),,,24.0,parsed_from_inverter_name,34.07,,
fronius,2025-01-04,a93e4e65-6f50-4a8f-a7e3-99abdfcf11e9,Penner Farms - 33-8-13 pump (site 3),5e62605a-bcfd-40e2-9800-ae0401315562,Symo  24.0-3 480 (6),,,24.0,parsed_from_inverter_name,32.16,,
fronius,2025-01-04,a93e4e65-6f50-4a8f-a7e3-99abdfcf11e9,Penner Farms - 33-8-13 pump (site 3),9e930636-d5a2-4a25-8fd9-ae0401315583,Symo  24.0-3 480 (8),,,24.0,parsed_from_inverter_name,33.98,,
fronius,2025-01-04,a93e4e65-6f50-4a8f-a7e3-99abdfcf11e9,Penner Farms - 33-8-13 pump (site 3),65ec44a7-931c-4a8a-a211-ae0401315570,Symo 24.0-3 480 (7),,,24.0,parsed_from_inverter_name,34.94,,
fronius,2025-01-05,a93e4e65-6f50-4a8f-a7e3-99abdfcf11e9,Penner Farms - 33-8-13 pump (site 3),fc5ec049-e0c5-4028-9ffe-ae040131554a,Symo  24.0-3 480 (1),,,24.0,parsed_from_inverter_name,57.07,,
fronius,2025-01-05,a93e4e65-6f50-4a8f-a7e3-99abdfcf11e9,Penner Farms - 33-8-13 pump (site 3),720c11c1-519e-4635-aa64-ae0401315554,Symo  24.0-3 480 (5),,,24.0,parsed_from_inverter_name,69.25,,
fronius,2025-01-05,a93e4e65-6f50-4a8f-a7e3-99abdfcf11e9,Penner Farms - 33-8-13 pump (site 3),5e62605a-bcfd-40e2-9800-ae0401315562,Symo  24.0-3 480 (6),,,24.0,parsed_from_inverter_name,66.26,,
fronius,2025-01-05,a93e4e65-6f50-4a8f-a7e3-99abdfcf11e9,Penner Farms - 33-8-13 pump (site 3),9e930636-d5a2-4a25-8fd9-ae0401315583,Symo  24.0-3 480 (8),,,24.0,parsed_from_inverter_name,69.73,,
fronius,2025-01-05,a93e4e65-6f50-4a8f-a7e3-99abdfcf11e9,Penner Farms - 33-8-13 pump (site 3),65ec44a7-931c-4a8a-a211-ae0401315570,Symo 24.0-3 480 (7),,,24.0,parsed_from_inverter_name,67.85,,
fronius,2025-01-06,a93e4e65-6f50-4a8f-a7e3-99abdfcf11e9,Penner Farms - 33-8-13 pump (site 3),fc5ec049-e0c5-4028-9ffe-ae040131554a,Symo  24.0-3 480 (1),,,24.0,parsed_from_inverter_name,31.78,,
fronius,2025-01-06,a93e4e65-6f50-4a8f-a7e3-99abdfcf11e9,Penner Farms - 33-8-13 pump (site 3),720c11c1-519e-4635-aa64-ae0401315554,Symo  24.0-3 480 (5),,,24.0,parsed_from_inverter_name,32.2,,
fronius,2025-01-06,a93e4e65-6f50-4a8f-a7e3-99abdfcf11e9,Penner Farms - 33-8-13 pump (site 3),5e62605a-bcfd-40e2-9800-ae0401315562,Symo  24.0-3 480 (6),,,24.0,parsed_from_inverter_name,31.46,,
fronius,2025-01-06,a93e4e65-6f50-4a8f-a7e3-99abdfcf11e9,Penner Farms - 33-8-13 pump (site 3),9e930636-d5a2-4a25-8fd9-ae0401315583,Symo  24.0-3 480 (8),,,24.0,parsed_from_inverter_name,32.15,,
fronius,2025-01-06,a93e4e65-6f50-4a8f-a7e3-99abdfcf11e9,Penner Farms - 33-8-13 pump (site 3),65ec44a7-931c-4a8a-a211-ae0401315570,Symo 24.0-3 480 (7),,,24.0,parsed_from_inverter_name,31.51,,
fronius,2025-01-07,a93e4e65-6f50-4a8f-a7e3-99abdfcf11e9,Penner Farms - 33-8-13 pump (site 3),fc5ec049-e0c5-4028-9ffe-ae040131554a,Symo  24.0-3 480 (1),,,24.0,parsed_from_inverter_name,110.97,,
fronius,2025-01-07,a93e4e65-6f50-4a8f-a7e3-99abdfcf11e9,Penner Farms - 33-8-13 pump (site 3),720c11c1-519e-4635-aa64-ae0401315554,Symo  24.0-3 480 (5),,,24.0,parsed_from_inverter_name,116.27,,
fronius,2025-01-07,a93e4e65-6f50-4a8f-a7e3-99abdfcf11e9,Penner Farms - 33-8-13 pump (site 3),5e62605a-bcfd-40e2-9800-ae0401315562,Symo  24.0-3 480 (6),,,24.0,parsed_from_inverter_name,106.76,,
fronius,2025-01-07,a93e4e65-6f50-4a8f-a7e3-99abdfcf11e9,Penner Farms - 33-8-13 pump (site 3),9e930636-d5a2-4a25-8fd9-ae0401315583,Symo  24.0-3 480 (8),,,24.0,parsed_from_inverter_name,116.61,,
fronius,2025-01-07,a93e4e65-6f50-4a8f-a7e3-99abdfcf11e9,Penner Farms - 33-8-13 pump (site 3),65ec44a7-931c-4a8a-a211-ae0401315570,Symo 24.0-3 480 (7),,,24.0,parsed_from_inverter_name,109.88,,
fronius,2025-01-08,a93e4e65-6f50-4a8f-a7e3-99abdfcf11e9,Penner Farms - 33-8-13 pump (site 3),fc5ec049-e0c5-4028-9ffe-ae040131554a,Symo  24.0-3 480 (1),,,24.0,parsed_from_inverter_name,28.1,,
fronius,2025-01-08,a93e4e65-6f50-4a8f-a7e3-99abdfcf11e9,Penner Farms - 33-8-13 pump (site 3),720c11c1-519e-4635-aa64-ae0401315554,Symo  24.0-3 480 (5),,,24.0,parsed_from_inverter_name,28.45,,
fronius,2025-01-08,a93e4e65-6f50-4a8f-a7e3-99abdfcf11e9,Penner Farms - 33-8-13 pump (site 3),5e62605a-bcfd-40e2-9800-ae0401315562,Symo  24.0-3 480 (6),,,24.0,parsed_from_inverter_name,28.03,,
fronius,2025-01-08,a93e4e65-6f50-4a8f-a7e3-99abdfcf11e9,Penner Farms - 33-8-13 pump (site 3),9e930636-d5a2-4a25-8fd9-ae0401315583,Symo  24.0-3 480 (8),,,24.0,parsed_from_inverter_name,28.51,,
fronius,2025-01-08,a93e4e65-6f50-4a8f-a7e3-99abdfcf11e9,Penner Farms - 33-8-13 pump (site 3),65ec44a7-931c-4a8a-a211-ae0401315570,Symo 24.0-3 480 (7),,,24.0,parsed_from_inverter_name,28.08,,
fronius,2025-01-09,a93e4e65-6f50-4a8f-a7e3-99abdfcf11e9,Penner Farms - 33-8-13 pump (site 3),fc5ec049-e0c5-4028-9ffe-ae040131554a,Symo  24.0-3 480 (1),,,24.0,parsed_from_inverter_name,109.88,,
fronius,2025-01-09,a93e4e65-6f50-4a8f-a7e3-99abdfcf11e9,Penner Farms - 33-8-13 pump (site 3),720c11c1-519e-4635-aa64-ae0401315554,Symo  24.0-3 480 (5),,,24.0,parsed_from_inverter_name,113.96,,
fronius,2025-01-09,a93e4e65-6f50-4a8f-a7e3-99abdfcf11e9,Penner Farms - 33-8-13 pump (site 3),5e62605a-bcfd-40e2-9800-ae0401315562,Symo  24.0-3 480 (6),,,24.0,parsed_from_inverter_name,106.5,,
fronius,2025-01-09,a93e4e65-6f50-4a8f-a7e3-99abdfcf11e9,Penner Farms - 33-8-13 pump (site 3),9e930636-d5a2-4a25-8fd9-ae0401315583,Symo  24.0-3 480 (8),,,24.0,parsed_from_inverter_name,114.66,,
fronius,2025-01-09,a93e4e65-6f50-4a8f-a7e3-99abdfcf11e9,Penner Farms - 33-8-13 pump (site 3),65ec44a7-931c-4a8a-a211-ae0401315570,Symo 24.0-3 480 (7),,,24.0,parsed_from_inverter_name,108.84,,
fronius,2025-01-10,a93e4e65-6f50-4a8f-a7e3-99abdfcf11e9,Penner Farms - 33-8-13 pump (site 3),fc5ec049-e0c5-4028-9ffe-ae040131554a,Symo  24.0-3 480 (1),,,24.0,parsed_from_inverter_name,23.08,,
fronius,2025-01-10,a93e4e65-6f50-4a8f-a7e3-99abdfcf11e9,Penner Farms - 33-8-13 pump (site 3),720c11c1-519e-4635-aa64-ae0401315554,Symo  24.0-3 480 (5),,,24.0,parsed_from_inverter_name,23.31,,
fronius,2025-01-10,a93e4e65-6f50-4a8f-a7e3-99abdfcf11e9,Penner Farms - 33-8-13 pump (site 3),5e62605a-bcfd-40e2-9800-ae0401315562,Symo  24.0-3 480 (6),,,24.0,parsed_from_inverter_name,22.83,,
fronius,2025-01-10,a93e4e65-6f50-4a8f-a7e3-99abdfcf11e9,Penner Farms - 33-8-13 pump (site 3),9e930636-d5a2-4a25-8fd9-ae0401315583,Symo  24.0-3 480 (8),,,24.0,parsed_from_inverter_name,23.29,,
fronius,2025-01-10,a93e4e65-6f50-4a8f-a7e3-99abdfcf11e9,Penner Farms - 33-8-13 pump (site 3),65ec44a7-931c-4a8a-a211-ae0401315570,Symo 24.0-3 480 (7),,,24.0,parsed_from_inverter_name,22.8,,
fronius,2025-01-11,a93e4e65-6f50-4a8f-a7e3-99abdfcf11e9,Penner Farms - 33-8-13 pump (site 3),fc5ec049-e0c5-4028-9ffe-ae040131554a,Symo  24.0-3 480 (1),,,24.0,parsed_from_inverter_name,14.01,,
fronius,2025-01-11,a93e4e65-6f50-4a8f-a7e3-99abdfcf11e9,Penner Farms - 33-8-13 pump (site 3),720c11c1-519e-4635-aa64-ae0401315554,Symo  24.0-3 480 (5),,,24.0,parsed_from_inverter_name,14.1,,
fronius,2025-01-11,a93e4e65-6f50-4a8f-a7e3-99abdfcf11e9,Penner Farms - 33-8-13 pump (site 3),5e62605a-bcfd-40e2-9800-ae0401315562,Symo  24.0-3 480 (6),,,24.0,parsed_from_inverter_name,13.82,,
fronius,2025-01-11,a93e4e65-6f50-4a8f-a7e3-99abdfcf11e9,Penner Farms - 33-8-13 pump (site 3),9e930636-d5a2-4a25-8fd9-ae0401315583,Symo  24.0-3 480 (8),,,24.0,parsed_from_inverter_name,14.05,,
fronius,2025-01-11,a93e4e65-6f50-4a8f-a7e3-99abdfcf11e9,Penner Farms - 33-8-13 pump (site 3),65ec44a7-931c-4a8a-a211-ae0401315570,Symo 24.0-3 480 (7),,,24.0,parsed_from_inverter_name,13.79,,
fronius,2025-01-12,a93e4e65-6f50-4a8f-a7e3-99abdfcf11e9,Penner Farms - 33-8-13 pump (site 3),fc5ec049-e0c5-4028-9ffe-ae040131554a,Symo  24.0-3 480 (1),,,24.0,parsed_from_inverter_name,4.99,,
fronius,2025-01-12,a93e4e65-6f50-4a8f-a7e3-99abdfcf11e9,Penner Farms - 33-8-13 pump (site 3),720c11c1-519e-4635-aa64-ae0401315554,Symo  24.0-3 480 (5),,,24.0,parsed_from_inverter_name,4.64,,
fronius,2025-01-12,a93e4e65-6f50-4a8f-a7e3-99abdfcf11e9,Penner Farms - 33-8-13 pump (site 3),5e62605a-bcfd-40e2-9800-ae0401315562,Symo  24.0-3 480 (6),,,24.0,parsed_from_inverter_name,4.83,,
fronius,2025-01-12,a93e4e65-6f50-4a8f-a7e3-99abdfcf11e9,Penner Farms - 33-8-13 pump (site 3),9e930636-d5a2-4a25-8fd9-ae0401315583,Symo  24.0-3 480 (8),,,24.0,parsed_from_inverter_name,4.84,,
fronius,2025-01-12,a93e4e65-6f50-4a8f-a7e3-99abdfcf11e9,Penner Farms - 33-8-13 pump (site 3),65ec44a7-931c-4a8a-a211-ae0401315570,Symo 24.0-3 480 (7),,,24.0,parsed_from_inverter_name,5.33,,
fronius,2025-01-13,a93e4e65-6f50-4a8f-a7e3-99abdfcf11e9,Penner Farms - 33-8-13 pump (site 3),fc5ec049-e0c5-4028-9ffe-ae040131554a,Symo  24.0-3 480 (1),,,24.0,parsed_from_inverter_name,52.91,,
fronius,2025-01-13,a93e4e65-6f50-4a8f-a7e3-99abdfcf11e9,Penner Farms - 33-8-13 pump (site 3),720c11c1-519e-4635-aa64-ae0401315554,Symo  24.0-3 480 (5),,,24.0,parsed_from_inverter_name,54.02,,
fronius,2025-01-13,a93e4e65-6f50-4a8f-a7e3-99abdfcf11e9,Penner Farms - 33-8-13 pump (site 3),5e62605a-bcfd-40e2-9800-ae0401315562,Symo  24.0-3 480 (6),,,24.0,parsed_from_inverter_name,50.53,,
fronius,2025-01-13,a93e4e65-6f50-4a8f-a7e3-99abdfcf11e9,Penner Farms - 33-8-13 pump (site 3),9e930636-d5a2-4a25-8fd9-ae0401315583,Symo  24.0-3 480 (8),,,24.0,parsed_from_inverter_name,55.64,,
fronius,2025-01-13,a93e4e65-6f50-4a8f-a7e3-99abdfcf11e9,Penner Farms - 33-8-13 pump (site 3),65ec44a7-931c-4a8a-a211-ae0401315570,Symo 24.0-3 480 (7),,,24.0,parsed_from_inverter_name,54.11,,
fronius,2025-01-14,a93e4e65-6f50-4a8f-a7e3-99abdfcf11e9,Penner Farms - 33-8-13 pump (site 3),fc5ec049-e0c5-4028-9ffe-ae040131554a,Symo  24.0-3 480 (1),,,24.0,parsed_from_inverter_name,58.33,,
fronius,2025-01-14,a93e4e65-6f50-4a8f-a7e3-99abdfcf11e9,Penner Farms - 33-8-13 pump (site 3),720c11c1-519e-4635-aa64-ae0401315554,Symo  24.0-3 480 (5),,,24.0,parsed_from_inverter_name,59.27,,
fronius,2025-01-14,a93e4e65-6f50-4a8f-a7e3-99abdfcf11e9,Penner Farms - 33-8-13 pump (site 3),5e62605a-bcfd-40e2-9800-ae0401315562,Symo  24.0-3 480 (6),,,24.0,parsed_from_inverter_name,57.84,,
fronius,2025-01-14,a93e4e65-6f50-4a8f-a7e3-99abdfcf11e9,Penner Farms - 33-8-13 pump (site 3),9e930636-d5a2-4a25-8fd9-ae0401315583,Symo  24.0-3 480 (8),,,24.0,parsed_from_inverter_name,59.55,,
fronius,2025-01-14,a93e4e65-6f50-4a8f-a7e3-99abdfcf11e9,Penner Farms - 33-8-13 pump (site 3),65ec44a7-931c-4a8a-a211-ae0401315570,Symo 24.0-3 480 (7),,,24.0,parsed_from_inverter_name,58.41,,
fronius,2025-01-15,a93e4e65-6f50-4a8f-a7e3-99abdfcf11e9,Penner Farms - 33-8-13 pump (site 3),fc5ec049-e0c5-4028-9ffe-ae040131554a,Symo  24.0-3 480 (1),,,24.0,parsed_from_inverter_name,100.86,,
fronius,2025-01-15,a93e4e65-6f50-4a8f-a7e3-99abdfcf11e9,Penner Farms - 33-8-13 pump (site 3),720c11c1-519e-4635-aa64-ae0401315554,Symo  24.0-3 480 (5),,,24.0,parsed_from_inverter_name,103.29,,
fronius,2025-01-15,a93e4e65-6f50-4a8f-a7e3-99abdfcf11e9,Penner Farms - 33-8-13 pump (site 3),5e62605a-bcfd-40e2-9800-ae0401315562,Symo  24.0-3 480 (6),,,24.0,parsed_from_inverter_name,98.4,,
fronius,2025-01-15,a93e4e65-6f50-4a8f-a7e3-99abdfcf11e9,Penner Farms - 33-8-13 pump (site 3),9e930636-d5a2-4a25-8fd9-ae0401315583,Symo  24.0-3 480 (8),,,24.0,parsed_from_inverter_name,103.82,,
fronius,2025-01-15,a93e4e65-6f50-4a8f-a7e3-99abdfcf11e9,Penner Farms - 33-8-13 pump (site 3),65ec44a7-931c-4a8a-a211-ae0401315570,Symo 24.0-3 480 (7),,,24.0,parsed_from_inverter_name,100.16,,
fronius,2025-01-16,a93e4e65-6f50-4a8f-a7e3-99abdfcf11e9,Penner Farms - 33-8-13 pump (site 3),fc5ec049-e0c5-4028-9ffe-ae040131554a,Symo  24.0-3 480 (1),,,24.0,parsed_from_inverter_name,93.29,,
fronius,2025-01-16,a93e4e65-6f50-4a8f-a7e3-99abdfcf11e9,Penner Farms - 33-8-13 pump (site 3),720c11c1-519e-4635-aa64-ae0401315554,Symo  24.0-3 480 (5),,,24.0,parsed_from_inverter_name,95.03,,
fronius,2025-01-16,a93e4e65-6f50-4a8f-a7e3-99abdfcf11e9,Penner Farms - 33-8-13 pump (site 3),5e62605a-bcfd-40e2-9800-ae0401315562,Symo  24.0-3 480 (6),,,24.0,parsed_from_inverter_name,92.95,,
fronius,2025-01-16,a93e4e65-6f50-4a8f-a7e3-99abdfcf11e9,Penner Farms - 33-8-13 pump (site 3),9e930636-d5a2-4a25-8fd9-ae0401315583,Symo  24.0-3 480 (8),,,24.0,parsed_from_inverter_name,95.51,,
fronius,2025-01-16,a93e4e65-6f50-4a8f-a7e3-99abdfcf11e9,Penner Farms - 33-8-13 pump (site 3),65ec44a7-931c-4a8a-a211-ae0401315570,Symo 24.0-3 480 (7),,,24.0,parsed_from_inverter_name,94.25,,
fronius,2025-01-17,a93e4e65-6f50-4a8f-a7e3-99abdfcf11e9,Penner Farms - 33-8-13 pump (site 3),fc5ec049-e0c5-4028-9ffe-ae040131554a,Symo  24.0-3 480 (1),,,24.0,parsed_from_inverter_name,39.09,,
fronius,2025-01-17,a93e4e65-6f50-4a8f-a7e3-99abdfcf11e9,Penner Farms - 33-8-13 pump (site 3),720c11c1-519e-4635-aa64-ae0401315554,Symo  24.0-3 480 (5),,,24.0,parsed_from_inverter_name,46.47,,
fronius,2025-01-17,a93e4e65-6f50-4a8f-a7e3-99abdfcf11e9,Penner Farms - 33-8-13 pump (site 3),5e62605a-bcfd-40e2-9800-ae0401315562,Symo  24.0-3 480 (6),,,24.0,parsed_from_inverter_name,32.81,,
fronius,2025-01-17,a93e4e65-6f50-4a8f-a7e3-99abdfcf11e9,Penner Farms - 33-8-13 pump (site 3),9e930636-d5a2-4a25-8fd9-ae0401315583,Symo  24.0-3 480 (8),,,24.0,parsed_from_inverter_name,50.13,,
fronius,2025-01-17,a93e4e65-6f50-4a8f-a7e3-99abdfcf11e9,Penner Farms - 33-8-13 pump (site 3),65ec44a7-931c-4a8a-a211-ae0401315570,Symo 24.0-3 480 (7),,,24.0,parsed_from_inverter_name,30.59,,
fronius,2025-01-18,a93e4e65-6f50-4a8f-a7e3-99abdfcf11e9,Penner Farms - 33-8-13 pump (site 3),fc5ec049-e0c5-4028-9ffe-ae040131554a,Symo  24.0-3 480 (1),,,24.0,parsed_from_inverter_name,53.39,,
fronius,2025-01-18,a93e4e65-6f50-4a8f-a7e3-99abdfcf11e9,Penner Farms - 33-8-13 pump (site 3),720c11c1-519e-4635-aa64-ae0401315554,Symo  24.0-3 480 (5),,,24.0,parsed_from_inverter_name,88.21,,
fronius,2025-01-18,a93e4e65-6f50-4a8f-a7e3-99abdfcf11e9,Penner Farms - 33-8-13 pump (site 3),5e62605a-bcfd-40e2-9800-ae0401315562,Symo  24.0-3 480 (6),,,24.0,parsed_from_inverter_name,27.46,,
fronius,2025-01-18,a93e4e65-6f50-4a8f-a7e3-99abdfcf11e9,Penner Farms - 33-8-13 pump (site 3),9e930636-d5a2-4a25-8fd9-ae0401315583,Symo  24.0-3 480 (8),,,24.0,parsed_from_inverter_name,89.59,,
fronius,2025-01-18,a93e4e65-6f50-4a8f-a7e3-99abdfcf11e9,Penner Farms - 33-8-13 pump (site 3),65ec44a7-931c-4a8a-a211-ae0401315570,Symo 24.0-3 480 (7),,,24.0,parsed_from_inverter_name,29.21,,
fronius,2025-01-19,a93e4e65-6f50-4a8f-a7e3-99abdfcf11e9,Penner Farms - 33-8-13 pump (site 3),fc5ec049-e0c5-4028-9ffe-ae040131554a,Symo  24.0-3 480 (1),,,24.0,parsed_from_inverter_name,88.38,,
fronius,2025-01-19,a93e4e65-6f50-4a8f-a7e3-99abdfcf11e9,Penner Farms - 33-8-13 pump (site 3),720c11c1-519e-4635-aa64-ae0401315554,Symo  24.0-3 480 (5),,,24.0,parsed_from_inverter_name,129.16,,
fronius,2025-01-19,a93e4e65-6f50-4a8f-a7e3-99abdfcf11e9,Penner Farms - 33-8-13 pump (site 3),5e62605a-bcfd-40e2-9800-ae0401315562,Symo  24.0-3 480 (6),,,24.0,parsed_from_inverter_name,45.7,,
fronius,2025-01-19,a93e4e65-6f50-4a8f-a7e3-99abdfcf11e9,Penner Farms - 33-8-13 pump (site 3),9e930636-d5a2-4a25-8fd9-ae0401315583,Symo  24.0-3 480 (8),,,24.0,parsed_from_inverter_name,135.36,,
fronius,2025-01-19,a93e4e65-6f50-4a8f-a7e3-99abdfcf11e9,Penner Farms - 33-8-13 pump (site 3),65ec44a7-931c-4a8a-a211-ae0401315570,Symo 24.0-3 480 (7),,,24.0,parsed_from_inverter_name,49.91,,
fronius,2025-01-20,a93e4e65-6f50-4a8f-a7e3-99abdfcf11e9,Penner Farms - 33-8-13 pump (site 3),fc5ec049-e0c5-4028-9ffe-ae040131554a,Symo  24.0-3 480 (1),,,24.0,parsed_from_inverter_name,89.84,,
fronius,2025-01-20,a93e4e65-6f50-4a8f-a7e3-99abdfcf11e9,Penner Farms - 33-8-13 pump (site 3),720c11c1-519e-4635-aa64-ae0401315554,Symo  24.0-3 480 (5),,,24.0,parsed_from_inverter_name,122.99,,
fronius,2025-01-20,a93e4e65-6f50-4a8f-a7e3-99abdfcf11e9,Penner Farms - 33-8-13 pump (site 3),5e62605a-bcfd-40e2-9800-ae0401315562,Symo  24.0-3 480 (6),,,24.0,parsed_from_inverter_name,49.78,,
fronius,2025-01-20,a93e4e65-6f50-4a8f-a7e3-99abdfcf11e9,Penner Farms - 33-8-13 pump (site 3),9e930636-d5a2-4a25-8fd9-ae0401315583,Symo  24.0-3 480 (8),,,24.0,parsed_from_inverter_name,126.63,,
fronius,2025-01-20,a93e4e65-6f50-4a8f-a7e3-99abdfcf11e9,Penner Farms - 33-8-13 pump (site 3),65ec44a7-931c-4a8a-a211-ae0401315570,Symo 24.0-3 480 (7),,,24.0,parsed_from_inverter_name,54.75,,
fronius,2025-01-21,a93e4e65-6f50-4a8f-a7e3-99abdfcf11e9,Penner Farms - 33-8-13 pump (site 3),fc5ec049-e0c5-4028-9ffe-ae040131554a,Symo  24.0-3 480 (1),,,24.0,parsed_from_inverter_name,25.46,,
fronius,2025-01-21,a93e4e65-6f50-4a8f-a7e3-99abdfcf11e9,Penner Farms - 33-8-13 pump (site 3),720c11c1-519e-4635-aa64-ae0401315554,Symo  24.0-3 480 (5),,,24.0,parsed_from_inverter_name,26.59,,
fronius,2025-01-21,a93e4e65-6f50-4a8f-a7e3-99abdfcf11e9,Penner Farms - 33-8-13 pump (site 3),5e62605a-bcfd-40e2-9800-ae0401315562,Symo  24.0-3 480 (6),,,24.0,parsed_from_inverter_name,25.3,,
fronius,2025-01-21,a93e4e65-6f50-4a8f-a7e3-99abdfcf11e9,Penner Farms - 33-8-13 pump (site 3),9e930636-d5a2-4a25-8fd9-ae0401315583,Symo  24.0-3 480 (8),,,24.0,parsed_from_inverter_name,26.46,,
fronius,2025-01-21,a93e4e65-6f50-4a8f-a7e3-99abdfcf11e9,Penner Farms - 33-8-13 pump (site 3),65ec44a7-931c-4a8a-a211-ae0401315570,Symo 24.0-3 480 (7),,,24.0,parsed_from_inverter_name,25.59,,
fronius,2025-01-22,a93e4e65-6f50-4a8f-a7e3-99abdfcf11e9,Penner Farms - 33-8-13 pump (site 3),fc5ec049-e0c5-4028-9ffe-ae040131554a,Symo  24.0-3 480 (1),,,24.0,parsed_from_inverter_name,53.3,,
fronius,2025-01-22,a93e4e65-6f50-4a8f-a7e3-99abdfcf11e9,Penner Farms - 33-8-13 pump (site 3),720c11c1-519e-4635-aa64-ae0401315554,Symo  24.0-3 480 (5),,,24.0,parsed_from_inverter_name,47.01,,
fronius,2025-01-22,a93e4e65-6f50-4a8f-a7e3-99abdfcf11e9,Penner Farms - 33-8-13 pump (site 3),5e62605a-bcfd-40e2-9800-ae0401315562,Symo  24.0-3 480 (6),,,24.0,parsed_from_inverter_name,50.13,,
fronius,2025-01-22,a93e4e65-6f50-4a8f-a7e3-99abdfcf11e9,Penner Farms - 33-8-13 pump (site 3),9e930636-d5a2-4a25-8fd9-ae0401315583,Symo  24.0-3 480 (8),,,24.0,parsed_from_inverter_name,63.28,,
fronius,2025-01-22,a93e4e65-6f50-4a8f-a7e3-99abdfcf11e9,Penner Farms - 33-8-13 pump (site 3),65ec44a7-931c-4a8a-a211-ae0401315570,Symo 24.0-3 480 (7),,,24.0,parsed_from_inverter_name,54.46,,
fronius,2025-01-23,a93e4e65-6f50-4a8f-a7e3-99abdfcf11e9,Penner Farms - 33-8-13 pump (site 3),fc5ec049-e0c5-4028-9ffe-ae040131554a,Symo  24.0-3 480 (1),,,24.0,parsed_from_inverter_name,28.06,,
fronius,2025-01-23,a93e4e65-6f50-4a8f-a7e3-99abdfcf11e9,Penner Farms - 33-8-13 pump (site 3),720c11c1-519e-4635-aa64-ae0401315554,Symo  24.0-3 480 (5),,,24.0,parsed_from_inverter_name,27.91,,
fronius,2025-01-23,a93e4e65-6f50-4a8f-a7e3-99abdfcf11e9,Penner Farms - 33-8-13 pump (site 3),5e62605a-bcfd-40e2-9800-ae0401315562,Symo  24.0-3 480 (6),,,24.0,parsed_from_inverter_name,26.54,,
fronius,2025-01-23,a93e4e65-6f50-4a8f-a7e3-99abdfcf11e9,Penner Farms - 33-8-13 pump (site 3),9e930636-d5a2-4a25-8fd9-ae0401315583,Symo  24.0-3 480 (8),,,24.0,parsed_from_inverter_name,28.18,,
fronius,2025-01-23,a93e4e65-6f50-4a8f-a7e3-99abdfcf11e9,Penner Farms - 33-8-13 pump (site 3),65ec44a7-931c-4a8a-a211-ae0401315570,Symo 24.0-3 480 (7),,,24.0,parsed_from_inverter_name,27.42,,
fronius,2025-01-24,a93e4e65-6f50-4a8f-a7e3-99abdfcf11e9,Penner Farms - 33-8-13 pump (site 3),fc5ec049-e0c5-4028-9ffe-ae040131554a,Symo  24.0-3 480 (1),,,24.0,parsed_from_inverter_name,43.46,,
fronius,2025-01-24,a93e4e65-6f50-4a8f-a7e3-99abdfcf11e9,Penner Farms - 33-8-13 pump (site 3),720c11c1-519e-4635-aa64-ae0401315554,Symo  24.0-3 480 (5),,,24.0,parsed_from_inverter_name,43.87,,
fronius,2025-01-24,a93e4e65-6f50-4a8f-a7e3-99abdfcf11e9,Penner Farms - 33-8-13 pump (site 3),5e62605a-bcfd-40e2-9800-ae0401315562,Symo  24.0-3 480 (6),,,24.0,parsed_from_inverter_name,42.03,,
fronius,2025-01-24,a93e4e65-6f50-4a8f-a7e3-99abdfcf11e9,Penner Farms - 33-8-13 pump (site 3),9e930636-d5a2-4a25-8fd9-ae0401315583,Symo  24.0-3 480 (8),,,24.0,parsed_from_inverter_name,44.95,,
fronius,2025-01-24,a93e4e65-6f50-4a8f-a7e3-99abdfcf11e9,Penner Farms - 33-8-13 pump (site 3),65ec44a7-931c-4a8a-a211-ae0401315570,Symo 24.0-3 480 (7),,,24.0,parsed_from_inverter_name,44.8,,
fronius,2025-01-25,a93e4e65-6f50-4a8f-a7e3-99abdfcf11e9,Penner Farms - 33-8-13 pump (site 3),fc5ec049-e0c5-4028-9ffe-ae040131554a,Symo  24.0-3 480 (1),,,24.0,parsed_from_inverter_name,99.45,,
fronius,2025-01-25,a93e4e65-6f50-4a8f-a7e3-99abdfcf11e9,Penner Farms - 33-8-13 pump (site 3),720c11c1-519e-4635-aa64-ae0401315554,Symo  24.0-3 480 (5),,,24.0,parsed_from_inverter_name,114.52,,
fronius,2025-01-25,a93e4e65-6f50-4a8f-a7e3-99abdfcf11e9,Penner Farms - 33-8-13 pump (site 3),5e62605a-bcfd-40e2-9800-ae0401315562,Symo  24.0-3 480 (6),,,24.0,parsed_from_inverter_name,108.64,,
fronius,2025-01-25,a93e4e65-6f50-4a8f-a7e3-99abdfcf11e9,Penner Farms - 33-8-13 pump (site 3),9e930636-d5a2-4a25-8fd9-ae0401315583,Symo  24.0-3 480 (8),,,24.0,parsed_from_inverter_name,114.32,,
fronius,2025-01-25,a93e4e65-6f50-4a8f-a7e3-99abdfcf11e9,Penner Farms - 33-8-13 pump (site 3),65ec44a7-931c-4a8a-a211-ae0401315570,Symo 24.0-3 480 (7),,,24.0,parsed_from_inverter_name,110.67,,
fronius,2025-01-26,a93e4e65-6f50-4a8f-a7e3-99abdfcf11e9,Penner Farms - 33-8-13 pump (site 3),fc5ec049-e0c5-4028-9ffe-ae040131554a,Symo  24.0-3 480 (1),,,24.0,parsed_from_inverter_name,77.92,,
fronius,2025-01-26,a93e4e65-6f50-4a8f-a7e3-99abdfcf11e9,Penner Farms - 33-8-13 pump (site 3),720c11c1-519e-4635-aa64-ae0401315554,Symo  24.0-3 480 (5),,,24.0,parsed_from_inverter_name,135.17,,
fronius,2025-01-26,a93e4e65-6f50-4a8f-a7e3-99abdfcf11e9,Penner Farms - 33-8-13 pump (site 3),5e62605a-bcfd-40e2-9800-ae0401315562,Symo  24.0-3 480 (6),,,24.0,parsed_from_inverter_name,128.8,,
fronius,2025-01-26,a93e4e65-6f50-4a8f-a7e3-99abdfcf11e9,Penner Farms - 33-8-13 pump (site 3),9e930636-d5a2-4a25-8fd9-ae0401315583,Symo  24.0-3 480 (8),,,24.0,parsed_from_inverter_name,135.14,,
fronius,2025-01-26,a93e4e65-6f50-4a8f-a7e3-99abdfcf11e9,Penner Farms - 33-8-13 pump (site 3),65ec44a7-931c-4a8a-a211-ae0401315570,Symo 24.0-3 480 (7),,,24.0,parsed_from_inverter_name,131.54,,
fronius,2025-01-27,a93e4e65-6f50-4a8f-a7e3-99abdfcf11e9,Penner Farms - 33-8-13 pump (site 3),fc5ec049-e0c5-4028-9ffe-ae040131554a,Symo  24.0-3 480 (1),,,24.0,parsed_from_inverter_name,119.24,,
fronius,2025-01-27,a93e4e65-6f50-4a8f-a7e3-99abdfcf11e9,Penner Farms - 33-8-13 pump (site 3),720c11c1-519e-4635-aa64-ae0401315554,Symo  24.0-3 480 (5),,,24.0,parsed_from_inverter_name,123.07,,
fronius,2025-01-27,a93e4e65-6f50-4a8f-a7e3-99abdfcf11e9,Penner Farms - 33-8-13 pump (site 3),5e62605a-bcfd-40e2-9800-ae0401315562,Symo  24.0-3 480 (6),,,24.0,parsed_from_inverter_name,118.54,,
fronius,2025-01-27,a93e4e65-6f50-4a8f-a7e3-99abdfcf11e9,Penner Farms - 33-8-13 pump (site 3),9e930636-d5a2-4a25-8fd9-ae0401315583,Symo  24.0-3 480 (8),,,24.0,parsed_from_inverter_name,123.39,,
fronius,2025-01-27,a93e4e65-6f50-4a8f-a7e3-99abdfcf11e9,Penner Farms - 33-8-13 pump (site 3),65ec44a7-931c-4a8a-a211-ae0401315570,Symo 24.0-3 480 (7),,,24.0,parsed_from_inverter_name,120.06,,
fronius,2025-01-28,a93e4e65-6f50-4a8f-a7e3-99abdfcf11e9,Penner Farms - 33-8-13 pump (site 3),fc5ec049-e0c5-4028-9ffe-ae040131554a,Symo  24.0-3 480 (1),,,24.0,parsed_from_inverter_name,111.85,,
fronius,2025-01-28,a93e4e65-6f50-4a8f-a7e3-99abdfcf11e9,Penner Farms - 33-8-13 pump (site 3),720c11c1-519e-4635-aa64-ae0401315554,Symo  24.0-3 480 (5),,,24.0,parsed_from_inverter_name,113.69,,
fronius,2025-01-28,a93e4e65-6f50-4a8f-a7e3-99abdfcf11e9,Penner Farms - 33-8-13 pump (site 3),5e62605a-bcfd-40e2-9800-ae0401315562,Symo  24.0-3 480 (6),,,24.0,parsed_from_inverter_name,109.98,,
fronius,2025-01-28,a93e4e65-6f50-4a8f-a7e3-99abdfcf11e9,Penner Farms - 33-8-13 pump (site 3),9e930636-d5a2-4a25-8fd9-ae0401315583,Symo  24.0-3 480 (8),,,24.0,parsed_from_inverter_name,113.94,,
fronius,2025-01-28,a93e4e65-6f50-4a8f-a7e3-99abdfcf11e9,Penner Farms - 33-8-13 pump (site 3),65ec44a7-931c-4a8a-a211-ae0401315570,Symo 24.0-3 480 (7),,,24.0,parsed_from_inverter_name,111.12,,
fronius,2025-01-29,a93e4e65-6f50-4a8f-a7e3-99abdfcf11e9,Penner Farms - 33-8-13 pump (site 3),fc5ec049-e0c5-4028-9ffe-ae040131554a,Symo  24.0-3 480 (1),,,24.0,parsed_from_inverter_name,64.15,,
fronius,2025-01-29,a93e4e65-6f50-4a8f-a7e3-99abdfcf11e9,Penner Farms - 33-8-13 pump (site 3),720c11c1-519e-4635-aa64-ae0401315554,Symo  24.0-3 480 (5),,,24.0,parsed_from_inverter_name,65.55,,
fronius,2025-01-29,a93e4e65-6f50-4a8f-a7e3-99abdfcf11e9,Penner Farms - 33-8-13 pump (site 3),5e62605a-bcfd-40e2-9800-ae0401315562,Symo  24.0-3 480 (6),,,24.0,parsed_from_inverter_name,62.73,,
fronius,2025-01-29,a93e4e65-6f50-4a8f-a7e3-99abdfcf11e9,Penner Farms - 33-8-13 pump (site 3),9e930636-d5a2-4a25-8fd9-ae0401315583,Symo  24.0-3 480 (8),,,24.0,parsed_from_inverter_name,65.3,,
fronius,2025-01-29,a93e4e65-6f50-4a8f-a7e3-99abdfcf11e9,Penner Farms - 33-8-13 pump (site 3),65ec44a7-931c-4a8a-a211-ae0401315570,Symo 24.0-3 480 (7),,,24.0,parsed_from_inverter_name,63.45,,
fronius,2025-01-30,a93e4e65-6f50-4a8f-a7e3-99abdfcf11e9,Penner Farms - 33-8-13 pump (site 3),fc5ec049-e0c5-4028-9ffe-ae040131554a,Symo  24.0-3 480 (1),,,24.0,parsed_from_inverter_name,81.77,,
fronius,2025-01-30,a93e4e65-6f50-4a8f-a7e3-99abdfcf11e9,Penner Farms - 33-8-13 pump (site 3),720c11c1-519e-4635-aa64-ae0401315554,Symo  24.0-3 480 (5),,,24.0,parsed_from_inverter_name,83.67,,
fronius,2025-01-30,a93e4e65-6f50-4a8f-a7e3-99abdfcf11e9,Penner Farms - 33-8-13 pump (site 3),5e62605a-bcfd-40e2-9800-ae0401315562,Symo  24.0-3 480 (6),,,24.0,parsed_from_inverter_name,79.75,,
fronius,2025-01-30,a93e4e65-6f50-4a8f-a7e3-99abdfcf11e9,Penner Farms - 33-8-13 pump (site 3),9e930636-d5a2-4a25-8fd9-ae0401315583,Symo  24.0-3 480 (8),,,24.0,parsed_from_inverter_name,83.64,,
fronius,2025-01-30,a93e4e65-6f50-4a8f-a7e3-99abdfcf11e9,Penner Farms - 33-8-13 pump (site 3),65ec44a7-931c-4a8a-a211-ae0401315570,Symo 24.0-3 480 (7),,,24.0,parsed_from_inverter_name,80.66,,
fronius,2025-01-31,a93e4e65-6f50-4a8f-a7e3-99abdfcf11e9,Penner Farms - 33-8-13 pump (site 3),fc5ec049-e0c5-4028-9ffe-ae040131554a,Symo  24.0-3 480 (1),,,24.0,parsed_from_inverter_name,63.27,,
fronius,2025-01-31,a93e4e65-6f50-4a8f-a7e3-99abdfcf11e9,Penner Farms - 33-8-13 pump (site 3),720c11c1-519e-4635-aa64-ae0401315554,Symo  24.0-3 480 (5),,,24.0,parsed_from_inverter_name,63.76,,
fronius,2025-01-31,a93e4e65-6f50-4a8f-a7e3-99abdfcf11e9,Penner Farms - 33-8-13 pump (site 3),5e62605a-bcfd-40e2-9800-ae0401315562,Symo  24.0-3 480 (6),,,24.0,parsed_from_inverter_name,62.74,,
fronius,2025-01-31,a93e4e65-6f50-4a8f-a7e3-99abdfcf11e9,Penner Farms - 33-8-13 pump (site 3),9e930636-d5a2-4a25-8fd9-ae0401315583,Symo  24.0-3 480 (8),,,24.0,parsed_from_inverter_name,63.71,,
fronius,2025-01-31,a93e4e65-6f50-4a8f-a7e3-99abdfcf11e9,Penner Farms - 33-8-13 pump (site 3),65ec44a7-931c-4a8a-a211-ae0401315570,Symo 24.0-3 480 (7),,,24.0,parsed_from_inverter_name,62.74,,
fronius,2025-02-01,a93e4e65-6f50-4a8f-a7e3-99abdfcf11e9,Penner Farms - 33-8-13 pump (site 3),fc5ec049-e0c5-4028-9ffe-ae040131554a,Symo  24.0-3 480 (1),,,24.0,parsed_from_inverter_name,16.91,,
fronius,2025-02-01,a93e4e65-6f50-4a8f-a7e3-99abdfcf11e9,Penner Farms - 33-8-13 pump (site 3),720c11c1-519e-4635-aa64-ae0401315554,Symo  24.0-3 480 (5),,,24.0,parsed_from_inverter_name,18.43,,
fronius,2025-02-01,a93e4e65-6f50-4a8f-a7e3-99abdfcf11e9,Penner Farms - 33-8-13 pump (site 3),5e62605a-bcfd-40e2-9800-ae0401315562,Symo  24.0-3 480 (6),,,24.0,parsed_from_inverter_name,14.64,,
fronius,2025-02-01,a93e4e65-6f50-4a8f-a7e3-99abdfcf11e9,Penner Farms - 33-8-13 pump (site 3),9e930636-d5a2-4a25-8fd9-ae0401315583,Symo  24.0-3 480 (8),,,24.0,parsed_from_inverter_name,18.36,,
fronius,2025-02-01,a93e4e65-6f50-4a8f-a7e3-99abdfcf11e9,Penner Farms - 33-8-13 pump (site 3),65ec44a7-931c-4a8a-a211-ae0401315570,Symo 24.0-3 480 (7),,,24.0,parsed_from_inverter_name,14.99,,
fronius,2025-02-02,a93e4e65-6f50-4a8f-a7e3-99abdfcf11e9,Penner Farms - 33-8-13 pump (site 3),fc5ec049-e0c5-4028-9ffe-ae040131554a,Symo  24.0-3 480 (1),,,24.0,parsed_from_inverter_name,17.53,,
fronius,2025-02-02,a93e4e65-6f50-4a8f-a7e3-99abdfcf11e9,Penner Farms - 33-8-13 pump (site 3),720c11c1-519e-4635-aa64-ae0401315554,Symo  24.0-3 480 (5),,,24.0,parsed_from_inverter_name,18.05,,
fronius,2025-02-02,a93e4e65-6f50-4a8f-a7e3-99abdfcf11e9,Penner Farms - 33-8-13 pump (site 3),5e62605a-bcfd-40e2-9800-ae0401315562,Symo  24.0-3 480 (6),,,24.0,parsed_from_inverter_name,15.45,,
fronius,2025-02-02,a93e4e65-6f50-4a8f-a7e3-99abdfcf11e9,Penner Farms - 33-8-13 pump (site 3),9e930636-d5a2-4a25-8fd9-ae0401315583,Symo  24.0-3 480 (8),,,24.0,parsed_from_inverter_name,18.5,,
fronius,2025-02-02,a93e4e65-6f50-4a8f-a7e3-99abdfcf11e9,Penner Farms - 33-8-13 pump (site 3),65ec44a7-931c-4a8a-a211-ae0401315570,Symo 24.0-3 480 (7),,,24.0,parsed_from_inverter_name,15.75,,
fronius,2025-02-03,a93e4e65-6f50-4a8f-a7e3-99abdfcf11e9,Penner Farms - 33-8-13 pump (site 3),fc5ec049-e0c5-4028-9ffe-ae040131554a,Symo  24.0-3 480 (1),,,24.0,parsed_from_inverter_name,15.71,,
fronius,2025-02-03,a93e4e65-6f50-4a8f-a7e3-99abdfcf11e9,Penner Farms - 33-8-13 pump (site 3),720c11c1-519e-4635-aa64-ae0401315554,Symo  24.0-3 480 (5),,,24.0,parsed_from_inverter_name,15.78,,
fronius,2025-02-03,a93e4e65-6f50-4a8f-a7e3-99abdfcf11e9,Penner Farms - 33-8-13 pump (site 3),5e62605a-bcfd-40e2-9800-ae0401315562,Symo  24.0-3 480 (6),,,24.0,parsed_from_inverter_name,13.76,,
fronius,2025-02-03,a93e4e65-6f50-4a8f-a7e3-99abdfcf11e9,Penner Farms - 33-8-13 pump (site 3),9e930636-d5a2-4a25-8fd9-ae0401315583,Symo  24.0-3 480 (8),,,24.0,parsed_from_inverter_name,17.58,,
fronius,2025-02-03,a93e4e65-6f50-4a8f-a7e3-99abdfcf11e9,Penner Farms - 33-8-13 pump (site 3),65ec44a7-931c-4a8a-a211-ae0401315570,Symo 24.0-3 480 (7),,,24.0,parsed_from_inverter_name,14.03,,
fronius,2025-02-04,a93e4e65-6f50-4a8f-a7e3-99abdfcf11e9,Penner Farms - 33-8-13 pump (site 3),fc5ec049-e0c5-4028-9ffe-ae040131554a,Symo  24.0-3 480 (1),,,24.0,parsed_from_inverter_name,10.01,,
fronius,2025-02-04,a93e4e65-6f50-4a8f-a7e3-99abdfcf11e9,Penner Farms - 33-8-13 pump (site 3),720c11c1-519e-4635-aa64-ae0401315554,Symo  24.0-3 480 (5),,,24.0,parsed_from_inverter_name,8.63,,
fronius,2025-02-04,a93e4e65-6f50-4a8f-a7e3-99abdfcf11e9,Penner Farms - 33-8-13 pump (site 3),5e62605a-bcfd-40e2-9800-ae0401315562,Symo  24.0-3 480 (6),,,24.0,parsed_from_inverter_name,9.41,,
fronius,2025-02-04,a93e4e65-6f50-4a8f-a7e3-99abdfcf11e9,Penner Farms - 33-8-13 pump (site 3),9e930636-d5a2-4a25-8fd9-ae0401315583,Symo  24.0-3 480 (8),,,24.0,parsed_from_inverter_name,8.53,,
fronius,2025-02-04,a93e4e65-6f50-4a8f-a7e3-99abdfcf11e9,Penner Farms - 33-8-13 pump (site 3),65ec44a7-931c-4a8a-a211-ae0401315570,Symo 24.0-3 480 (7),,,24.0,parsed_from_inverter_name,9.32,,
fronius,2025-02-05,a93e4e65-6f50-4a8f-a7e3-99abdfcf11e9,Penner Farms - 33-8-13 pump (site 3),fc5ec049-e0c5-4028-9ffe-ae040131554a,Symo  24.0-3 480 (1),,,24.0,parsed_from_inverter_name,18.33,,
fronius,2025-02-05,a93e4e65-6f50-4a8f-a7e3-99abdfcf11e9,Penner Farms - 33-8-13 pump (site 3),720c11c1-519e-4635-aa64-ae0401315554,Symo  24.0-3 480 (5),,,24.0,parsed_from_inverter_name,17.79,,
fronius,2025-02-05,a93e4e65-6f50-4a8f-a7e3-99abdfcf11e9,Penner Farms - 33-8-13 pump (site 3),5e62605a-bcfd-40e2-9800-ae0401315562,Symo  24.0-3 480 (6),,,24.0,parsed_from_inverter_name,17.22,,
fronius,2025-02-05,a93e4e65-6f50-4a8f-a7e3-99abdfcf11e9,Penner Farms - 33-8-13 pump (site 3),9e930636-d5a2-4a25-8fd9-ae0401315583,Symo  24.0-3 480 (8),,,24.0,parsed_from_inverter_name,20.16,,
fronius,2025-02-05,a93e4e65-6f50-4a8f-a7e3-99abdfcf11e9,Penner Farms - 33-8-13 pump (site 3),65ec44a7-931c-4a8a-a211-ae0401315570,Symo 24.0-3 480 (7),,,24.0,parsed_from_inverter_name,20.11,,
fronius,2025-02-06,a93e4e65-6f50-4a8f-a7e3-99abdfcf11e9,Penner Farms - 33-8-13 pump (site 3),fc5ec049-e0c5-4028-9ffe-ae040131554a,Symo  24.0-3 480 (1),,,24.0,parsed_from_inverter_name,19.03,,
fronius,2025-02-06,a93e4e65-6f50-4a8f-a7e3-99abdfcf11e9,Penner Farms - 33-8-13 pump (site 3),720c11c1-519e-4635-aa64-ae0401315554,Symo  24.0-3 480 (5),,,24.0,parsed_from_inverter_name,17.99,,
fronius,2025-02-06,a93e4e65-6f50-4a8f-a7e3-99abdfcf11e9,Penner Farms - 33-8-13 pump (site 3),5e62605a-bcfd-40e2-9800-ae0401315562,Symo  24.0-3 480 (6),,,24.0,parsed_from_inverter_name,17.27,,
fronius,2025-02-06,a93e4e65-6f50-4a8f-a7e3-99abdfcf11e9,Penner Farms - 33-8-13 pump (site 3),9e930636-d5a2-4a25-8fd9-ae0401315583,Symo  24.0-3 480 (8),,,24.0,parsed_from_inverter_name,21.14,,
fronius,2025-02-06,a93e4e65-6f50-4a8f-a7e3-99abdfcf11e9,Penner Farms - 33-8-13 pump (site 3),65ec44a7-931c-4a8a-a211-ae0401315570,Symo 24.0-3 480 (7),,,24.0,parsed_from_inverter_name,20.96,,
fronius,2025-02-07,a93e4e65-6f50-4a8f-a7e3-99abdfcf11e9,Penner Farms - 33-8-13 pump (site 3),fc5ec049-e0c5-4028-9ffe-ae040131554a,Symo  24.0-3 480 (1),,,24.0,parsed_from_inverter_name,20.55,,
fronius,2025-02-07,a93e4e65-6f50-4a8f-a7e3-99abdfcf11e9,Penner Farms - 33-8-13 pump (site 3),720c11c1-519e-4635-aa64-ae0401315554,Symo  24.0-3 480 (5),,,24.0,parsed_from_inverter_name,17.22,,
fronius,2025-02-07,a93e4e65-6f50-4a8f-a7e3-99abdfcf11e9,Penner Farms - 33-8-13 pump (site 3),5e62605a-bcfd-40e2-9800-ae0401315562,Symo  24.0-3 480 (6),,,24.0,parsed_from_inverter_name,29.53,,
fronius,2025-02-07,a93e4e65-6f50-4a8f-a7e3-99abdfcf11e9,Penner Farms - 33-8-13 pump (site 3),9e930636-d5a2-4a25-8fd9-ae0401315583,Symo  24.0-3 480 (8),,,24.0,parsed_from_inverter_name,39.99,,
fronius,2025-02-07,a93e4e65-6f50-4a8f-a7e3-99abdfcf11e9,Penner Farms - 33-8-13 pump (site 3),65ec44a7-931c-4a8a-a211-ae0401315570,Symo 24.0-3 480 (7),,,24.0,parsed_from_inverter_name,49.23,,
fronius,2025-02-08,a93e4e65-6f50-4a8f-a7e3-99abdfcf11e9,Penner Farms - 33-8-13 pump (site 3),fc5ec049-e0c5-4028-9ffe-ae040131554a,Symo  24.0-3 480 (1),,,24.0,parsed_from_inverter_name,40.61,,
fronius,2025-02-08,a93e4e65-6f50-4a8f-a7e3-99abdfcf11e9,Penner Farms - 33-8-13 pump (site 3),720c11c1-519e-4635-aa64-ae0401315554,Symo  24.0-3 480 (5),,,24.0,parsed_from_inverter_name,23.89,,
fronius,2025-02-08,a93e4e65-6f50-4a8f-a7e3-99abdfcf11e9,Penner Farms - 33-8-13 pump (site 3),5e62605a-bcfd-40e2-9800-ae0401315562,Symo  24.0-3 480 (6),,,24.0,parsed_from_inverter_name,56.53,,
fronius,2025-02-08,a93e4e65-6f50-4a8f-a7e3-99abdfcf11e9,Penner Farms - 33-8-13 pump (site 3),9e930636-d5a2-4a25-8fd9-ae0401315583,Symo  24.0-3 480 (8),,,24.0,parsed_from_inverter_name,53.72,,
fronius,2025-02-08,a93e4e65-6f50-4a8f-a7e3-99abdfcf11e9,Penner Farms - 33-8-13 pump (site 3),65ec44a7-931c-4a8a-a211-ae0401315570,Symo 24.0-3 480 (7),,,24.0,parsed_from_inverter_name,67.35,,
fronius,2025-02-09,a93e4e65-6f50-4a8f-a7e3-99abdfcf11e9,Penner Farms - 33-8-13 pump (site 3),fc5ec049-e0c5-4028-9ffe-ae040131554a,Symo  24.0-3 480 (1),,,24.0,parsed_from_inverter_name,34.21,,
fronius,2025-02-09,a93e4e65-6f50-4a8f-a7e3-99abdfcf11e9,Penner Farms - 33-8-13 pump (site 3),720c11c1-519e-4635-aa64-ae0401315554,Symo  24.0-3 480 (5),,,24.0,parsed_from_inverter_name,21.93,,
fronius,2025-02-09,a93e4e65-6f50-4a8f-a7e3-99abdfcf11e9,Penner Farms - 33-8-13 pump (site 3),5e62605a-bcfd-40e2-9800-ae0401315562,Symo  24.0-3 480 (6),,,24.0,parsed_from_inverter_name,39.67,,
fronius,2025-02-09,a93e4e65-6f50-4a8f-a7e3-99abdfcf11e9,Penner Farms - 33-8-13 pump (site 3),9e930636-d5a2-4a25-8fd9-ae0401315583,Symo  24.0-3 480 (8),,,24.0,parsed_from_inverter_name,41.04,,
fronius,2025-02-09,a93e4e65-6f50-4a8f-a7e3-99abdfcf11e9,Penner Farms - 33-8-13 pump (site 3),65ec44a7-931c-4a8a-a211-ae0401315570,Symo 24.0-3 480 (7),,,24.0,parsed_from_inverter_name,48.83,,
fronius,2025-02-10,a93e4e65-6f50-4a8f-a7e3-99abdfcf11e9,Penner Farms - 33-8-13 pump (site 3),fc5ec049-e0c5-4028-9ffe-ae040131554a,Symo  24.0-3 480 (1),,,24.0,parsed_from_inverter_name,61.44,,
fronius,2025-02-10,a93e4e65-6f50-4a8f-a7e3-99abdfcf11e9,Penner Farms - 33-8-13 pump (site 3),720c11c1-519e-4635-aa64-ae0401315554,Symo  24.0-3 480 (5),,,24.0,parsed_from_inverter_name,35.73,,
fronius,2025-02-10,a93e4e65-6f50-4a8f-a7e3-99abdfcf11e9,Penner Farms - 33-8-13 pump (site 3),5e62605a-bcfd-40e2-9800-ae0401315562,Symo  24.0-3 480 (6),,,24.0,parsed_from_inverter_name,80.72,,
fronius,2025-02-10,a93e4e65-6f50-4a8f-a7e3-99abdfcf11e9,Penner Farms - 33-8-13 pump (site 3),9e930636-d5a2-4a25-8fd9-ae0401315583,Symo  24.0-3 480 (8),,,24.0,parsed_from_inverter_name,86.14,,
fronius,2025-02-10,a93e4e65-6f50-4a8f-a7e3-99abdfcf11e9,Penner Farms - 33-8-13 pump (site 3),65ec44a7-931c-4a8a-a211-ae0401315570,Symo 24.0-3 480 (7),,,24.0,parsed_from_inverter_name,98.26,,
fronius,2025-02-11,a93e4e65-6f50-4a8f-a7e3-99abdfcf11e9,Penner Farms - 33-8-13 pump (site 3),fc5ec049-e0c5-4028-9ffe-ae040131554a,Symo  24.0-3 480 (1),,,24.0,parsed_from_inverter_name,44.95,,
fronius,2025-02-11,a93e4e65-6f50-4a8f-a7e3-99abdfcf11e9,Penner Farms - 33-8-13 pump (site 3),720c11c1-519e-4635-aa64-ae0401315554,Symo  24.0-3 480 (5),,,24.0,parsed_from_inverter_name,26.44,,
fronius,2025-02-11,a93e4e65-6f50-4a8f-a7e3-99abdfcf11e9,Penner Farms - 33-8-13 pump (site 3),5e62605a-bcfd-40e2-9800-ae0401315562,Symo  24.0-3 480 (6),,,24.0,parsed_from_inverter_name,57.96,,
fronius,2025-02-11,a93e4e65-6f50-4a8f-a7e3-99abdfcf11e9,Penner Farms - 33-8-13 pump (site 3),9e930636-d5a2-4a25-8fd9-ae0401315583,Symo  24.0-3 480 (8),,,24.0,parsed_from_inverter_name,55.59,,
fronius,2025-02-11,a93e4e65-6f50-4a8f-a7e3-99abdfcf11e9,Penner Farms - 33-8-13 pump (site 3),65ec44a7-931c-4a8a-a211-ae0401315570,Symo 24.0-3 480 (7),,,24.0,parsed_from_inverter_name,67.93,,
fronius,2025-02-12,a93e4e65-6f50-4a8f-a7e3-99abdfcf11e9,Penner Farms - 33-8-13 pump (site 3),fc5ec049-e0c5-4028-9ffe-ae040131554a,Symo  24.0-3 480 (1),,,24.0,parsed_from_inverter_name,73.79,,
fronius,2025-02-12,a93e4e65-6f50-4a8f-a7e3-99abdfcf11e9,Penner Farms - 33-8-13 pump (site 3),720c11c1-519e-4635-aa64-ae0401315554,Symo  24.0-3 480 (5),,,24.0,parsed_from_inverter_name,38.1,,
fronius,2025-02-12,a93e4e65-6f50-4a8f-a7e3-99abdfcf11e9,Penner Farms - 33-8-13 pump (site 3),5e62605a-bcfd-40e2-9800-ae0401315562,Symo  24.0-3 480 (6),,,24.0,parsed_from_inverter_name,94.59,,
fronius,2025-02-12,a93e4e65-6f50-4a8f-a7e3-99abdfcf11e9,Penner Farms - 33-8-13 pump (site 3),9e930636-d5a2-4a25-8fd9-ae0401315583,Symo  24.0-3 480 (8),,,24.0,parsed_from_inverter_name,88.52,,
fronius,2025-02-12,a93e4e65-6f50-4a8f-a7e3-99abdfcf11e9,Penner Farms - 33-8-13 pump (site 3),65ec44a7-931c-4a8a-a211-ae0401315570,Symo 24.0-3 480 (7),,,24.0,parsed_from_inverter_name,110.28,,
fronius,2025-02-13,a93e4e65-6f50-4a8f-a7e3-99abdfcf11e9,Penner Farms - 33-8-13 pump (site 3),fc5ec049-e0c5-4028-9ffe-ae040131554a,Symo  24.0-3 480 (1),,,24.0,parsed_from_inverter_name,112.76,,
fronius,2025-02-13,a93e4e65-6f50-4a8f-a7e3-99abdfcf11e9,Penner Farms - 33-8-13 pump (site 3),720c11c1-519e-4635-aa64-ae0401315554,Symo  24.0-3 480 (5),,,24.0,parsed_from_inverter_name,87.11,,
fronius,2025-02-13,a93e4e65-6f50-4a8f-a7e3-99abdfcf11e9,Penner Farms - 33-8-13 pump (site 3),5e62605a-bcfd-40e2-9800-ae0401315562,Symo  24.0-3 480 (6),,,24.0,parsed_from_inverter_name,133.31,,
fronius,2025-02-13,a93e4e65-6f50-4a8f-a7e3-99abdfcf11e9,Penner Farms - 33-8-13 pump (site 3),9e930636-d5a2-4a25-8fd9-ae0401315583,Symo  24.0-3 480 (8),,,24.0,parsed_from_inverter_name,122.26,,
fronius,2025-02-13,a93e4e65-6f50-4a8f-a7e3-99abdfcf11e9,Penner Farms - 33-8-13 pump (site 3),65ec44a7-931c-4a8a-a211-ae0401315570,Symo 24.0-3 480 (7),,,24.0,parsed_from_inverter_name,144.61,,
fronius,2025-02-14,a93e4e65-6f50-4a8f-a7e3-99abdfcf11e9,Penner Farms - 33-8-13 pump (site 3),fc5ec049-e0c5-4028-9ffe-ae040131554a,Symo  24.0-3 480 (1),,,24.0,parsed_from_inverter_name,23.84,,
fronius,2025-02-14,a93e4e65-6f50-4a8f-a7e3-99abdfcf11e9,Penner Farms - 33-8-13 pump (site 3),720c11c1-519e-4635-aa64-ae0401315554,Symo  24.0-3 480 (5),,,24.0,parsed_from_inverter_name,21.12,,
fronius,2025-02-14,a93e4e65-6f50-4a8f-a7e3-99abdfcf11e9,Penner Farms - 33-8-13 pump (site 3),5e62605a-bcfd-40e2-9800-ae0401315562,Symo  24.0-3 480 (6),,,24.0,parsed_from_inverter_name,24.12,,
fronius,2025-02-14,a93e4e65-6f50-4a8f-a7e3-99abdfcf11e9,Penner Farms - 33-8-13 pump (site 3),9e930636-d5a2-4a25-8fd9-ae0401315583,Symo  24.0-3 480 (8),,,24.0,parsed_from_inverter_name,27.88,,
fronius,2025-02-14,a93e4e65-6f50-4a8f-a7e3-99abdfcf11e9,Penner Farms - 33-8-13 pump (site 3),65ec44a7-931c-4a8a-a211-ae0401315570,Symo 24.0-3 480 (7),,,24.0,parsed_from_inverter_name,27.08,,
fronius,2025-02-15,a93e4e65-6f50-4a8f-a7e3-99abdfcf11e9,Penner Farms - 33-8-13 pump (site 3),fc5ec049-e0c5-4028-9ffe-ae040131554a,Symo  24.0-3 480 (1),,,24.0,parsed_from_inverter_name,24.06,,
fronius,2025-02-15,a93e4e65-6f50-4a8f-a7e3-99abdfcf11e9,Penner Farms - 33-8-13 pump (site 3),720c11c1-519e-4635-aa64-ae0401315554,Symo  24.0-3 480 (5),,,24.0,parsed_from_inverter_name,21.61,,
fronius,2025-02-15,a93e4e65-6f50-4a8f-a7e3-99abdfcf11e9,Penner Farms - 33-8-13 pump (site 3),5e62605a-bcfd-40e2-9800-ae0401315562,Symo  24.0-3 480 (6),,,24.0,parsed_from_inverter_name,24.1,,
fronius,2025-02-15,a93e4e65-6f50-4a8f-a7e3-99abdfcf11e9,Penner Farms - 33-8-13 pump (site 3),9e930636-d5a2-4a25-8fd9-ae0401315583,Symo  24.0-3 480 (8),,,24.0,parsed_from_inverter_name,22.93,,
fronius,2025-02-15,a93e4e65-6f50-4a8f-a7e3-99abdfcf11e9,Penner Farms - 33-8-13 pump (site 3),65ec44a7-931c-4a8a-a211-ae0401315570,Symo 24.0-3 480 (7),,,24.0,parsed_from_inverter_name,24.61,,
fronius,2025-02-16,a93e4e65-6f50-4a8f-a7e3-99abdfcf11e9,Penner Farms - 33-8-13 pump (site 3),fc5ec049-e0c5-4028-9ffe-ae040131554a,Symo  24.0-3 480 (1),,,24.0,parsed_from_inverter_name,19.03,,
fronius,2025-02-16,a93e4e65-6f50-4a8f-a7e3-99abdfcf11e9,Penner Farms - 33-8-13 pump (site 3),720c11c1-519e-4635-aa64-ae0401315554,Symo  24.0-3 480 (5),,,24.0,parsed_from_inverter_name,16.67,,
fronius,2025-02-16,a93e4e65-6f50-4a8f-a7e3-99abdfcf11e9,Penner Farms - 33-8-13 pump (site 3),5e62605a-bcfd-40e2-9800-ae0401315562,Symo  24.0-3 480 (6),,,24.0,parsed_from_inverter_name,19.37,,
fronius,2025-02-16,a93e4e65-6f50-4a8f-a7e3-99abdfcf11e9,Penner Farms - 33-8-13 pump (site 3),9e930636-d5a2-4a25-8fd9-ae0401315583,Symo  24.0-3 480 (8),,,24.0,parsed_from_inverter_name,17.77,,
fronius,2025-02-16,a93e4e65-6f50-4a8f-a7e3-99abdfcf11e9,Penner Farms - 33-8-13 pump (site 3),65ec44a7-931c-4a8a-a211-ae0401315570,Symo 24.0-3 480 (7),,,24.0,parsed_from_inverter_name,19.8,,
fronius,2025-02-17,a93e4e65-6f50-4a8f-a7e3-99abdfcf11e9,Penner Farms - 33-8-13 pump (site 3),fc5ec049-e0c5-4028-9ffe-ae040131554a,Symo  24.0-3 480 (1),,,24.0,parsed_from_inverter_name,33.89,,
fronius,2025-02-17,a93e4e65-6f50-4a8f-a7e3-99abdfcf11e9,Penner Farms - 33-8-13 pump (site 3),720c11c1-519e-4635-aa64-ae0401315554,Symo  24.0-3 480 (5),,,24.0,parsed_from_inverter_name,29.28,,
fronius,2025-02-17,a93e4e65-6f50-4a8f-a7e3-99abdfcf11e9,Penner Farms - 33-8-13 pump (site 3),5e62605a-bcfd-40e2-9800-ae0401315562,Symo  24.0-3 480 (6),,,24.0,parsed_from_inverter_name,30.75,,
fronius,2025-02-17,a93e4e65-6f50-4a8f-a7e3-99abdfcf11e9,Penner Farms - 33-8-13 pump (site 3),9e930636-d5a2-4a25-8fd9-ae0401315583,Symo  24.0-3 480 (8),,,24.0,parsed_from_inverter_name,33.21,,
fronius,2025-02-17,a93e4e65-6f50-4a8f-a7e3-99abdfcf11e9,Penner Farms - 33-8-13 pump (site 3),65ec44a7-931c-4a8a-a211-ae0401315570,Symo 24.0-3 480 (7),,,24.0,parsed_from_inverter_name,34.87,,
fronius,2025-02-18,a93e4e65-6f50-4a8f-a7e3-99abdfcf11e9,Penner Farms - 33-8-13 pump (site 3),fc5ec049-e0c5-4028-9ffe-ae040131554a,Symo  24.0-3 480 (1),,,24.0,parsed_from_inverter_name,40.36,,
fronius,2025-02-18,a93e4e65-6f50-4a8f-a7e3-99abdfcf11e9,Penner Farms - 33-8-13 pump (site 3),720c11c1-519e-4635-aa64-ae0401315554,Symo  24.0-3 480 (5),,,24.0,parsed_from_inverter_name,36.45,,
fronius,2025-02-18,a93e4e65-6f50-4a8f-a7e3-99abdfcf11e9,Penner Farms - 33-8-13 pump (site 3),5e62605a-bcfd-40e2-9800-ae0401315562,Symo  24.0-3 480 (6),,,24.0,parsed_from_inverter_name,49.97,,
fronius,2025-02-18,a93e4e65-6f50-4a8f-a7e3-99abdfcf11e9,Penner Farms - 33-8-13 pump (site 3),9e930636-d5a2-4a25-8fd9-ae0401315583,Symo  24.0-3 480 (8),,,24.0,parsed_from_inverter_name,48.31,,
fronius,2025-02-18,a93e4e65-6f50-4a8f-a7e3-99abdfcf11e9,Penner Farms - 33-8-13 pump (site 3),65ec44a7-931c-4a8a-a211-ae0401315570,Symo 24.0-3 480 (7),,,24.0,parsed_from_inverter_name,39.34,,
fronius,2025-02-19,a93e4e65-6f50-4a8f-a7e3-99abdfcf11e9,Penner Farms - 33-8-13 pump (site 3),fc5ec049-e0c5-4028-9ffe-ae040131554a,Symo  24.0-3 480 (1),,,24.0,parsed_from_inverter_name,41.51,,
fronius,2025-02-19,a93e4e65-6f50-4a8f-a7e3-99abdfcf11e9,Penner Farms - 33-8-13 pump (site 3),720c11c1-519e-4635-aa64-ae0401315554,Symo  24.0-3 480 (5),,,24.0,parsed_from_inverter_name,36.94,,
fronius,2025-02-19,a93e4e65-6f50-4a8f-a7e3-99abdfcf11e9,Penner Farms - 33-8-13 pump (site 3),5e62605a-bcfd-40e2-9800-ae0401315562,Symo  24.0-3 480 (6),,,24.0,parsed_from_inverter_name,52.93,,
fronius,2025-02-19,a93e4e65-6f50-4a8f-a7e3-99abdfcf11e9,Penner Farms - 33-8-13 pump (site 3),9e930636-d5a2-4a25-8fd9-ae0401315583,Symo  24.0-3 480 (8),,,24.0,parsed_from_inverter_name,49.86,,
fronius,2025-02-19,a93e4e65-6f50-4a8f-a7e3-99abdfcf11e9,Penner Farms - 33-8-13 pump (site 3),65ec44a7-931c-4a8a-a211-ae0401315570,Symo 24.0-3 480 (7),,,24.0,parsed_from_inverter_name,39.85,,
fronius,2025-02-20,a93e4e65-6f50-4a8f-a7e3-99abdfcf11e9,Penner Farms - 33-8-13 pump (site 3),fc5ec049-e0c5-4028-9ffe-ae040131554a,Symo  24.0-3 480 (1),,,24.0,parsed_from_inverter_name,101.74,,
fronius,2025-02-20,a93e4e65-6f50-4a8f-a7e3-99abdfcf11e9,Penner Farms - 33-8-13 pump (site 3),720c11c1-519e-4635-aa64-ae0401315554,Symo  24.0-3 480 (5),,,24.0,parsed_from_inverter_name,99.96,,
fronius,2025-02-20,a93e4e65-6f50-4a8f-a7e3-99abdfcf11e9,Penner Farms - 33-8-13 pump (site 3),5e62605a-bcfd-40e2-9800-ae0401315562,Symo  24.0-3 480 (6),,,24.0,parsed_from_inverter_name,116.04,,
fronius,2025-02-20,a93e4e65-6f50-4a8f-a7e3-99abdfcf11e9,Penner Farms - 33-8-13 pump (site 3),9e930636-d5a2-4a25-8fd9-ae0401315583,Symo  24.0-3 480 (8),,,24.0,parsed_from_inverter_name,109.24,,
fronius,2025-02-20,a93e4e65-6f50-4a8f-a7e3-99abdfcf11e9,Penner Farms - 33-8-13 pump (site 3),65ec44a7-931c-4a8a-a211-ae0401315570,Symo 24.0-3 480 (7),,,24.0,parsed_from_inverter_name,106.19,,
fronius,2025-02-21,a93e4e65-6f50-4a8f-a7e3-99abdfcf11e9,Penner Farms - 33-8-13 pump (site 3),fc5ec049-e0c5-4028-9ffe-ae040131554a,Symo  24.0-3 480 (1),,,24.0,parsed_from_inverter_name,104.34,,
fronius,2025-02-21,a93e4e65-6f50-4a8f-a7e3-99abdfcf11e9,Penner Farms - 33-8-13 pump (site 3),720c11c1-519e-4635-aa64-ae0401315554,Symo  24.0-3 480 (5),,,24.0,parsed_from_inverter_name,104.47,,
fronius,2025-02-21,a93e4e65-6f50-4a8f-a7e3-99abdfcf11e9,Penner Farms - 33-8-13 pump (site 3),5e62605a-bcfd-40e2-9800-ae0401315562,Symo  24.0-3 480 (6),,,24.0,parsed_from_inverter_name,104.08,,
fronius,2025-02-21,a93e4e65-6f50-4a8f-a7e3-99abdfcf11e9,Penner Farms - 33-8-13 pump (site 3),9e930636-d5a2-4a25-8fd9-ae0401315583,Symo  24.0-3 480 (8),,,24.0,parsed_from_inverter_name,105.21,,
fronius,2025-02-21,a93e4e65-6f50-4a8f-a7e3-99abdfcf11e9,Penner Farms - 33-8-13 pump (site 3),65ec44a7-931c-4a8a-a211-ae0401315570,Symo 24.0-3 480 (7),,,24.0,parsed_from_inverter_name,104.21,,
fronius,2025-02-22,a93e4e65-6f50-4a8f-a7e3-99abdfcf11e9,Penner Farms - 33-8-13 pump (site 3),fc5ec049-e0c5-4028-9ffe-ae040131554a,Symo  24.0-3 480 (1),,,24.0,parsed_from_inverter_name,130.92,,
fronius,2025-02-22,a93e4e65-6f50-4a8f-a7e3-99abdfcf11e9,Penner Farms - 33-8-13 pump (site 3),720c11c1-519e-4635-aa64-ae0401315554,Symo  24.0-3 480 (5),,,24.0,parsed_from_inverter_name,140.57,,
fronius,2025-02-22,a93e4e65-6f50-4a8f-a7e3-99abdfcf11e9,Penner Farms - 33-8-13 pump (site 3),5e62605a-bcfd-40e2-9800-ae0401315562,Symo  24.0-3 480 (6),,,24.0,parsed_from_inverter_name,140.18,,
fronius,2025-02-22,a93e4e65-6f50-4a8f-a7e3-99abdfcf11e9,Penner Farms - 33-8-13 pump (site 3),9e930636-d5a2-4a25-8fd9-ae0401315583,Symo  24.0-3 480 (8),,,24.0,parsed_from_inverter_name,141.27,,
fronius,2025-02-22,a93e4e65-6f50-4a8f-a7e3-99abdfcf11e9,Penner Farms - 33-8-13 pump (site 3),65ec44a7-931c-4a8a-a211-ae0401315570,Symo 24.0-3 480 (7),,,24.0,parsed_from_inverter_name,140.68,,
fronius,2025-02-23,a93e4e65-6f50-4a8f-a7e3-99abdfcf11e9,Penner Farms - 33-8-13 pump (site 3),fc5ec049-e0c5-4028-9ffe-ae040131554a,Symo  24.0-3 480 (1),,,24.0,parsed_from_inverter_name,122.71,,
fronius,2025-02-23,a93e4e65-6f50-4a8f-a7e3-99abdfcf11e9,Penner Farms - 33-8-13 pump (site 3),720c11c1-519e-4635-aa64-ae0401315554,Symo  24.0-3 480 (5),,,24.0,parsed_from_inverter_name,126.11,,
fronius,2025-02-23,a93e4e65-6f50-4a8f-a7e3-99abdfcf11e9,Penner Farms - 33-8-13 pump (site 3),5e62605a-bcfd-40e2-9800-ae0401315562,Symo  24.0-3 480 (6),,,24.0,parsed_from_inverter_name,126.43,,
fronius,2025-02-23,a93e4e65-6f50-4a8f-a7e3-99abdfcf11e9,Penner Farms - 33-8-13 pump (site 3),9e930636-d5a2-4a25-8fd9-ae0401315583,Symo  24.0-3 480 (8),,,24.0,parsed_from_inverter_name,126.87,,
fronius,2025-02-23,a93e4e65-6f50-4a8f-a7e3-99abdfcf11e9,Penner Farms - 33-8-13 pump (site 3),65ec44a7-931c-4a8a-a211-ae0401315570,Symo 24.0-3 480 (7),,,24.0,parsed_from_inverter_name,127.04,,
fronius,2025-02-24,a93e4e65-6f50-4a8f-a7e3-99abdfcf11e9,Penner Farms - 33-8-13 pump (site 3),fc5ec049-e0c5-4028-9ffe-ae040131554a,Symo  24.0-3 480 (1),,,24.0,parsed_from_inverter_name,133.01,,
fronius,2025-02-24,a93e4e65-6f50-4a8f-a7e3-99abdfcf11e9,Penner Farms - 33-8-13 pump (site 3),720c11c1-519e-4635-aa64-ae0401315554,Symo  24.0-3 480 (5),,,24.0,parsed_from_inverter_name,145.91,,
fronius,2025-02-24,a93e4e65-6f50-4a8f-a7e3-99abdfcf11e9,Penner Farms - 33-8-13 pump (site 3),5e62605a-bcfd-40e2-9800-ae0401315562,Symo  24.0-3 480 (6),,,24.0,parsed_from_inverter_name,146.65,,
fronius,2025-02-24,a93e4e65-6f50-4a8f-a7e3-99abdfcf11e9,Penner Farms - 33-8-13 pump (site 3),9e930636-d5a2-4a25-8fd9-ae0401315583,Symo  24.0-3 480 (8),,,24.0,parsed_from_inverter_name,146.73,,
fronius,2025-02-24,a93e4e65-6f50-4a8f-a7e3-99abdfcf11e9,Penner Farms - 33-8-13 pump (site 3),65ec44a7-931c-4a8a-a211-ae0401315570,Symo 24.0-3 480 (7),,,24.0,parsed_from_inverter_name,147.4,,
fronius,2025-02-25,a93e4e65-6f50-4a8f-a7e3-99abdfcf11e9,Penner Farms - 33-8-13 pump (site 3),fc5ec049-e0c5-4028-9ffe-ae040131554a,Symo  24.0-3 480 (1),,,24.0,parsed_from_inverter_name,152.51,,
fronius,2025-02-25,a93e4e65-6f50-4a8f-a7e3-99abdfcf11e9,Penner Farms - 33-8-13 pump (site 3),720c11c1-519e-4635-aa64-ae0401315554,Symo  24.0-3 480 (5),,,24.0,parsed_from_inverter_name,161.78,,
fronius,2025-02-25,a93e4e65-6f50-4a8f-a7e3-99abdfcf11e9,Penner Farms - 33-8-13 pump (site 3),5e62605a-bcfd-40e2-9800-ae0401315562,Symo  24.0-3 480 (6),,,24.0,parsed_from_inverter_name,162.62,,
fronius,2025-02-25,a93e4e65-6f50-4a8f-a7e3-99abdfcf11e9,Penner Farms - 33-8-13 pump (site 3),9e930636-d5a2-4a25-8fd9-ae0401315583,Symo  24.0-3 480 (8),,,24.0,parsed_from_inverter_name,162.63,,
fronius,2025-02-25,a93e4e65-6f50-4a8f-a7e3-99abdfcf11e9,Penner Farms - 33-8-13 pump (site 3),65ec44a7-931c-4a8a-a211-ae0401315570,Symo 24.0-3 480 (7),,,24.0,parsed_from_inverter_name,163.78,,
fronius,2025-02-26,a93e4e65-6f50-4a8f-a7e3-99abdfcf11e9,Penner Farms - 33-8-13 pump (site 3),fc5ec049-e0c5-4028-9ffe-ae040131554a,Symo  24.0-3 480 (1),,,24.0,parsed_from_inverter_name,147.33,,
fronius,2025-02-26,a93e4e65-6f50-4a8f-a7e3-99abdfcf11e9,Penner Farms - 33-8-13 pump (site 3),720c11c1-519e-4635-aa64-ae0401315554,Symo  24.0-3 480 (5),,,24.0,parsed_from_inverter_name,149.34,,
fronius,2025-02-26,a93e4e65-6f50-4a8f-a7e3-99abdfcf11e9,Penner Farms - 33-8-13 pump (site 3),5e62605a-bcfd-40e2-9800-ae0401315562,Symo  24.0-3 480 (6),,,24.0,parsed_from_inverter_name,149.5,,
fronius,2025-02-26,a93e4e65-6f50-4a8f-a7e3-99abdfcf11e9,Penner Farms - 33-8-13 pump (site 3),9e930636-d5a2-4a25-8fd9-ae0401315583,Symo  24.0-3 480 (8),,,24.0,parsed_from_inverter_name,150.15,,
fronius,2025-02-26,a93e4e65-6f50-4a8f-a7e3-99abdfcf11e9,Penner Farms - 33-8-13 pump (site 3),65ec44a7-931c-4a8a-a211-ae0401315570,Symo 24.0-3 480 (7),,,24.0,parsed_from_inverter_name,150.53,,
fronius,2025-02-27,a93e4e65-6f50-4a8f-a7e3-99abdfcf11e9,Penner Farms - 33-8-13 pump (site 3),fc5ec049-e0c5-4028-9ffe-ae040131554a,Symo  24.0-3 480 (1),,,24.0,parsed_from_inverter_name,98.79,,
fronius,2025-02-27,a93e4e65-6f50-4a8f-a7e3-99abdfcf11e9,Penner Farms - 33-8-13 pump (site 3),720c11c1-519e-4635-aa64-ae0401315554,Symo  24.0-3 480 (5),,,24.0,parsed_from_inverter_name,98.55,,
fronius,2025-02-27,a93e4e65-6f50-4a8f-a7e3-99abdfcf11e9,Penner Farms - 33-8-13 pump (site 3),5e62605a-bcfd-40e2-9800-ae0401315562,Symo  24.0-3 480 (6),,,24.0,parsed_from_inverter_name,98.24,,
fronius,2025-02-27,a93e4e65-6f50-4a8f-a7e3-99abdfcf11e9,Penner Farms - 33-8-13 pump (site 3),9e930636-d5a2-4a25-8fd9-ae0401315583,Symo  24.0-3 480 (8),,,24.0,parsed_from_inverter_name,98.85,,
fronius,2025-02-27,a93e4e65-6f50-4a8f-a7e3-99abdfcf11e9,Penner Farms - 33-8-13 pump (site 3),65ec44a7-931c-4a8a-a211-ae0401315570,Symo 24.0-3 480 (7),,,24.0,parsed_from_inverter_name,98.86,,
fronius,2025-02-28,a93e4e65-6f50-4a8f-a7e3-99abdfcf11e9,Penner Farms - 33-8-13 pump (site 3),fc5ec049-e0c5-4028-9ffe-ae040131554a,Symo  24.0-3 480 (1),,,24.0,parsed_from_inverter_name,149.34,,
fronius,2025-02-28,a93e4e65-6f50-4a8f-a7e3-99abdfcf11e9,Penner Farms - 33-8-13 pump (site 3),720c11c1-519e-4635-aa64-ae0401315554,Symo  24.0-3 480 (5),,,24.0,parsed_from_inverter_name,153.23,,
fronius,2025-02-28,a93e4e65-6f50-4a8f-a7e3-99abdfcf11e9,Penner Farms - 33-8-13 pump (site 3),5e62605a-bcfd-40e2-9800-ae0401315562,Symo  24.0-3 480 (6),,,24.0,parsed_from_inverter_name,152.95,,
fronius,2025-02-28,a93e4e65-6f50-4a8f-a7e3-99abdfcf11e9,Penner Farms - 33-8-13 pump (site 3),9e930636-d5a2-4a25-8fd9-ae0401315583,Symo  24.0-3 480 (8),,,24.0,parsed_from_inverter_name,154.27,,
fronius,2025-02-28,a93e4e65-6f50-4a8f-a7e3-99abdfcf11e9,Penner Farms - 33-8-13 pump (site 3),65ec44a7-931c-4a8a-a211-ae0401315570,Symo 24.0-3 480 (7),,,24.0,parsed_from_inverter_name,154.03,,
fronius,2025-03-01,a93e4e65-6f50-4a8f-a7e3-99abdfcf11e9,Penner Farms - 33-8-13 pump (site 3),fc5ec049-e0c5-4028-9ffe-ae040131554a,Symo  24.0-3 480 (1),,,24.0,parsed_from_inverter_name,152.73,,
fronius,2025-03-01,a93e4e65-6f50-4a8f-a7e3-99abdfcf11e9,Penner Farms - 33-8-13 pump (site 3),720c11c1-519e-4635-aa64-ae0401315554,Symo  24.0-3 480 (5),,,24.0,parsed_from_inverter_name,157.25,,
fronius,2025-03-01,a93e4e65-6f50-4a8f-a7e3-99abdfcf11e9,Penner Farms - 33-8-13 pump (site 3),5e62605a-bcfd-40e2-9800-ae0401315562,Symo  24.0-3 480 (6),,,24.0,parsed_from_inverter_name,156.64,,
fronius,2025-03-01,a93e4e65-6f50-4a8f-a7e3-99abdfcf11e9,Penner Farms - 33-8-13 pump (site 3),9e930636-d5a2-4a25-8fd9-ae0401315583,Symo  24.0-3 480 (8),,,24.0,parsed_from_inverter_name,158.18,,
fronius,2025-03-01,a93e4e65-6f50-4a8f-a7e3-99abdfcf11e9,Penner Farms - 33-8-13 pump (site 3),65ec44a7-931c-4a8a-a211-ae0401315570,Symo 24.0-3 480 (7),,,24.0,parsed_from_inverter_name,157.55,,
fronius,2025-03-02,a93e4e65-6f50-4a8f-a7e3-99abdfcf11e9,Penner Farms - 33-8-13 pump (site 3),fc5ec049-e0c5-4028-9ffe-ae040131554a,Symo  24.0-3 480 (1),,,24.0,parsed_from_inverter_name,159.43,,
fronius,2025-03-02,a93e4e65-6f50-4a8f-a7e3-99abdfcf11e9,Penner Farms - 33-8-13 pump (site 3),720c11c1-519e-4635-aa64-ae0401315554,Symo  24.0-3 480 (5),,,24.0,parsed_from_inverter_name,158.83,,
fronius,2025-03-02,a93e4e65-6f50-4a8f-a7e3-99abdfcf11e9,Penner Farms - 33-8-13 pump (site 3),5e62605a-bcfd-40e2-9800-ae0401315562,Symo  24.0-3 480 (6),,,24.0,parsed_from_inverter_name,159.22,,
fronius,2025-03-02,a93e4e65-6f50-4a8f-a7e3-99abdfcf11e9,Penner Farms - 33-8-13 pump (site 3),9e930636-d5a2-4a25-8fd9-ae0401315583,Symo  24.0-3 480 (8),,,24.0,parsed_from_inverter_name,159.84,,
fronius,2025-03-02,a93e4e65-6f50-4a8f-a7e3-99abdfcf11e9,Penner Farms - 33-8-13 pump (site 3),65ec44a7-931c-4a8a-a211-ae0401315570,Symo 24.0-3 480 (7),,,24.0,parsed_from_inverter_name,160.2,,
fronius,2025-03-03,a93e4e65-6f50-4a8f-a7e3-99abdfcf11e9,Penner Farms - 33-8-13 pump (site 3),fc5ec049-e0c5-4028-9ffe-ae040131554a,Symo  24.0-3 480 (1),,,24.0,parsed_from_inverter_name,33.18,,
fronius,2025-03-03,a93e4e65-6f50-4a8f-a7e3-99abdfcf11e9,Penner Farms - 33-8-13 pump (site 3),720c11c1-519e-4635-aa64-ae0401315554,Symo  24.0-3 480 (5),,,24.0,parsed_from_inverter_name,33.18,,
fronius,2025-03-03,a93e4e65-6f50-4a8f-a7e3-99abdfcf11e9,Penner Farms - 33-8-13 pump (site 3),5e62605a-bcfd-40e2-9800-ae0401315562,Symo  24.0-3 480 (6),,,24.0,parsed_from_inverter_name,32.73,,
fronius,2025-03-03,a93e4e65-6f50-4a8f-a7e3-99abdfcf11e9,Penner Farms - 33-8-13 pump (site 3),9e930636-d5a2-4a25-8fd9-ae0401315583,Symo  24.0-3 480 (8),,,24.0,parsed_from_inverter_name,33.15,,
fronius,2025-03-03,a93e4e65-6f50-4a8f-a7e3-99abdfcf11e9,Penner Farms - 33-8-13 pump (site 3),65ec44a7-931c-4a8a-a211-ae0401315570,Symo 24.0-3 480 (7),,,24.0,parsed_from_inverter_name,32.79,,
fronius,2025-03-04,a93e4e65-6f50-4a8f-a7e3-99abdfcf11e9,Penner Farms - 33-8-13 pump (site 3),fc5ec049-e0c5-4028-9ffe-ae040131554a,Symo  24.0-3 480 (1),,,24.0,parsed_from_inverter_name,110.77,,
fronius,2025-03-04,a93e4e65-6f50-4a8f-a7e3-99abdfcf11e9,Penner Farms - 33-8-13 pump (site 3),720c11c1-519e-4635-aa64-ae0401315554,Symo  24.0-3 480 (5),,,24.0,parsed_from_inverter_name,157.51,,
fronius,2025-03-04,a93e4e65-6f50-4a8f-a7e3-99abdfcf11e9,Penner Farms - 33-8-13 pump (site 3),5e62605a-bcfd-40e2-9800-ae0401315562,Symo  24.0-3 480 (6),,,24.0,parsed_from_inverter_name,158.01,,
fronius,2025-03-04,a93e4e65-6f50-4a8f-a7e3-99abdfcf11e9,Penner Farms - 33-8-13 pump (site 3),9e930636-d5a2-4a25-8fd9-ae0401315583,Symo  24.0-3 480 (8),,,24.0,parsed_from_inverter_name,158.29,,
fronius,2025-03-04,a93e4e65-6f50-4a8f-a7e3-99abdfcf11e9,Penner Farms - 33-8-13 pump (site 3),65ec44a7-931c-4a8a-a211-ae0401315570,Symo 24.0-3 480 (7),,,24.0,parsed_from_inverter_name,158.31,,
fronius,2025-03-05,a93e4e65-6f50-4a8f-a7e3-99abdfcf11e9,Penner Farms - 33-8-13 pump (site 3),fc5ec049-e0c5-4028-9ffe-ae040131554a,Symo  24.0-3 480 (1),,,24.0,parsed_from_inverter_name,117.34,,
fronius,2025-03-05,a93e4e65-6f50-4a8f-a7e3-99abdfcf11e9,Penner Farms - 33-8-13 pump (site 3),720c11c1-519e-4635-aa64-ae0401315554,Symo  24.0-3 480 (5),,,24.0,parsed_from_inverter_name,119.15,,
fronius,2025-03-05,a93e4e65-6f50-4a8f-a7e3-99abdfcf11e9,Penner Farms - 33-8-13 pump (site 3),5e62605a-bcfd-40e2-9800-ae0401315562,Symo  24.0-3 480 (6),,,24.0,parsed_from_inverter_name,118.94,,
fronius,2025-03-05,a93e4e65-6f50-4a8f-a7e3-99abdfcf11e9,Penner Farms - 33-8-13 pump (site 3),9e930636-d5a2-4a25-8fd9-ae0401315583,Symo  24.0-3 480 (8),,,24.0,parsed_from_inverter_name,119.81,,
fronius,2025-03-05,a93e4e65-6f50-4a8f-a7e3-99abdfcf11e9,Penner Farms - 33-8-13 pump (site 3),65ec44a7-931c-4a8a-a211-ae0401315570,Symo 24.0-3 480 (7),,,24.0,parsed_from_inverter_name,119.44,,
fronius,2025-03-06,a93e4e65-6f50-4a8f-a7e3-99abdfcf11e9,Penner Farms - 33-8-13 pump (site 3),fc5ec049-e0c5-4028-9ffe-ae040131554a,Symo  24.0-3 480 (1),,,24.0,parsed_from_inverter_name,149.32,,
fronius,2025-03-06,a93e4e65-6f50-4a8f-a7e3-99abdfcf11e9,Penner Farms - 33-8-13 pump (site 3),720c11c1-519e-4635-aa64-ae0401315554,Symo  24.0-3 480 (5),,,24.0,parsed_from_inverter_name,163.99,,
fronius,2025-03-06,a93e4e65-6f50-4a8f-a7e3-99abdfcf11e9,Penner Farms - 33-8-13 pump (site 3),5e62605a-bcfd-40e2-9800-ae0401315562,Symo  24.0-3 480 (6),,,24.0,parsed_from_inverter_name,163.22,,
fronius,2025-03-06,a93e4e65-6f50-4a8f-a7e3-99abdfcf11e9,Penner Farms - 33-8-13 pump (site 3),9e930636-d5a2-4a25-8fd9-ae0401315583,Symo  24.0-3 480 (8),,,24.0,parsed_from_inverter_name,164.67,,
fronius,2025-03-06,a93e4e65-6f50-4a8f-a7e3-99abdfcf11e9,Penner Farms - 33-8-13 pump (site 3),65ec44a7-931c-4a8a-a211-ae0401315570,Symo 24.0-3 480 (7),,,24.0,parsed_from_inverter_name,164.21,,
fronius,2025-03-07,a93e4e65-6f50-4a8f-a7e3-99abdfcf11e9,Penner Farms - 33-8-13 pump (site 3),fc5ec049-e0c5-4028-9ffe-ae040131554a,Symo  24.0-3 480 (1),,,24.0,parsed_from_inverter_name,159.62,,
fronius,2025-03-07,a93e4e65-6f50-4a8f-a7e3-99abdfcf11e9,Penner Farms - 33-8-13 pump (site 3),720c11c1-519e-4635-aa64-ae0401315554,Symo  24.0-3 480 (5),,,24.0,parsed_from_inverter_name,169.52,,
fronius,2025-03-07,a93e4e65-6f50-4a8f-a7e3-99abdfcf11e9,Penner Farms - 33-8-13 pump (site 3),5e62605a-bcfd-40e2-9800-ae0401315562,Symo  24.0-3 480 (6),,,24.0,parsed_from_inverter_name,169.79,,
fronius,2025-03-07,a93e4e65-6f50-4a8f-a7e3-99abdfcf11e9,Penner Farms - 33-8-13 pump (site 3),9e930636-d5a2-4a25-8fd9-ae0401315583,Symo  24.0-3 480 (8),,,24.0,parsed_from_inverter_name,170.58,,
fronius,2025-03-07,a93e4e65-6f50-4a8f-a7e3-99abdfcf11e9,Penner Farms - 33-8-13 pump (site 3),65ec44a7-931c-4a8a-a211-ae0401315570,Symo 24.0-3 480 (7),,,24.0,parsed_from_inverter_name,170.73,,
fronius,2025-03-08,a93e4e65-6f50-4a8f-a7e3-99abdfcf11e9,Penner Farms - 33-8-13 pump (site 3),fc5ec049-e0c5-4028-9ffe-ae040131554a,Symo  24.0-3 480 (1),,,24.0,parsed_from_inverter_name,78.6,,
fronius,2025-03-08,a93e4e65-6f50-4a8f-a7e3-99abdfcf11e9,Penner Farms - 33-8-13 pump (site 3),720c11c1-519e-4635-aa64-ae0401315554,Symo  24.0-3 480 (5),,,24.0,parsed_from_inverter_name,78.65,,
fronius,2025-03-08,a93e4e65-6f50-4a8f-a7e3-99abdfcf11e9,Penner Farms - 33-8-13 pump (site 3),5e62605a-bcfd-40e2-9800-ae0401315562,Symo  24.0-3 480 (6),,,24.0,parsed_from_inverter_name,78.06,,
fronius,2025-03-08,a93e4e65-6f50-4a8f-a7e3-99abdfcf11e9,Penner Farms - 33-8-13 pump (site 3),9e930636-d5a2-4a25-8fd9-ae0401315583,Symo  24.0-3 480 (8),,,24.0,parsed_from_inverter_name,78.76,,
fronius,2025-03-08,a93e4e65-6f50-4a8f-a7e3-99abdfcf11e9,Penner Farms - 33-8-13 pump (site 3),65ec44a7-931c-4a8a-a211-ae0401315570,Symo 24.0-3 480 (7),,,24.0,parsed_from_inverter_name,78.26,,
fronius,2025-03-09,a93e4e65-6f50-4a8f-a7e3-99abdfcf11e9,Penner Farms - 33-8-13 pump (site 3),fc5ec049-e0c5-4028-9ffe-ae040131554a,Symo  24.0-3 480 (1),,,24.0,parsed_from_inverter_name,60.28,,
fronius,2025-03-09,a93e4e65-6f50-4a8f-a7e3-99abdfcf11e9,Penner Farms - 33-8-13 pump (site 3),720c11c1-519e-4635-aa64-ae0401315554,Symo  24.0-3 480 (5),,,24.0,parsed_from_inverter_name,60.57,,
fronius,2025-03-09,a93e4e65-6f50-4a8f-a7e3-99abdfcf11e9,Penner Farms - 33-8-13 pump (site 3),5e62605a-bcfd-40e2-9800-ae0401315562,Symo  24.0-3 480 (6),,,24.0,parsed_from_inverter_name,59.62,,
fronius,2025-03-09,a93e4e65-6f50-4a8f-a7e3-99abdfcf11e9,Penner Farms - 33-8-13 pump (site 3),9e930636-d5a2-4a25-8fd9-ae0401315583,Symo  24.0-3 480 (8),,,24.0,parsed_from_inverter_name,60.57,,
fronius,2025-03-09,a93e4e65-6f50-4a8f-a7e3-99abdfcf11e9,Penner Farms - 33-8-13 pump (site 3),65ec44a7-931c-4a8a-a211-ae0401315570,Symo 24.0-3 480 (7),,,24.0,parsed_from_inverter_name,59.78,,
fronius,2025-03-10,a93e4e65-6f50-4a8f-a7e3-99abdfcf11e9,Penner Farms - 33-8-13 pump (site 3),fc5ec049-e0c5-4028-9ffe-ae040131554a,Symo  24.0-3 480 (1),,,24.0,parsed_from_inverter_name,126.06,,
fronius,2025-03-10,a93e4e65-6f50-4a8f-a7e3-99abdfcf11e9,Penner Farms - 33-8-13 pump (site 3),720c11c1-519e-4635-aa64-ae0401315554,Symo  24.0-3 480 (5),,,24.0,parsed_from_inverter_name,129.23,,
fronius,2025-03-10,a93e4e65-6f50-4a8f-a7e3-99abdfcf11e9,Penner Farms - 33-8-13 pump (site 3),5e62605a-bcfd-40e2-9800-ae0401315562,Symo  24.0-3 480 (6),,,24.0,parsed_from_inverter_name,126.9,,
fronius,2025-03-10,a93e4e65-6f50-4a8f-a7e3-99abdfcf11e9,Penner Farms - 33-8-13 pump (site 3),9e930636-d5a2-4a25-8fd9-ae0401315583,Symo  24.0-3 480 (8),,,24.0,parsed_from_inverter_name,129.89,,
fronius,2025-03-10,a93e4e65-6f50-4a8f-a7e3-99abdfcf11e9,Penner Farms - 33-8-13 pump (site 3),65ec44a7-931c-4a8a-a211-ae0401315570,Symo 24.0-3 480 (7),,,24.0,parsed_from_inverter_name,127.33,,
fronius,2025-03-11,a93e4e65-6f50-4a8f-a7e3-99abdfcf11e9,Penner Farms - 33-8-13 pump (site 3),fc5ec049-e0c5-4028-9ffe-ae040131554a,Symo  24.0-3 480 (1),,,24.0,parsed_from_inverter_name,88.12,,
fronius,2025-03-11,a93e4e65-6f50-4a8f-a7e3-99abdfcf11e9,Penner Farms - 33-8-13 pump (site 3),720c11c1-519e-4635-aa64-ae0401315554,Symo  24.0-3 480 (5),,,24.0,parsed_from_inverter_name,132.84,,
fronius,2025-03-11,a93e4e65-6f50-4a8f-a7e3-99abdfcf11e9,Penner Farms - 33-8-13 pump (site 3),5e62605a-bcfd-40e2-9800-ae0401315562,Symo  24.0-3 480 (6),,,24.0,parsed_from_inverter_name,132.61,,
fronius,2025-03-11,a93e4e65-6f50-4a8f-a7e3-99abdfcf11e9,Penner Farms - 33-8-13 pump (site 3),9e930636-d5a2-4a25-8fd9-ae0401315583,Symo  24.0-3 480 (8),,,24.0,parsed_from_inverter_name,133.21,,
fronius,2025-03-11,a93e4e65-6f50-4a8f-a7e3-99abdfcf11e9,Penner Farms - 33-8-13 pump (site 3),65ec44a7-931c-4a8a-a211-ae0401315570,Symo 24.0-3 480 (7),,,24.0,parsed_from_inverter_name,133.04,,
fronius,2025-03-12,a93e4e65-6f50-4a8f-a7e3-99abdfcf11e9,Penner Farms - 33-8-13 pump (site 3),fc5ec049-e0c5-4028-9ffe-ae040131554a,Symo  24.0-3 480 (1),,,24.0,parsed_from_inverter_name,132.47,,
fronius,2025-03-12,a93e4e65-6f50-4a8f-a7e3-99abdfcf11e9,Penner Farms - 33-8-13 pump (site 3),720c11c1-519e-4635-aa64-ae0401315554,Symo  24.0-3 480 (5),,,24.0,parsed_from_inverter_name,134.67,,
fronius,2025-03-12,a93e4e65-6f50-4a8f-a7e3-99abdfcf11e9,Penner Farms - 33-8-13 pump (site 3),5e62605a-bcfd-40e2-9800-ae0401315562,Symo  24.0-3 480 (6),,,24.0,parsed_from_inverter_name,134.41,,
fronius,2025-03-12,a93e4e65-6f50-4a8f-a7e3-99abdfcf11e9,Penner Farms - 33-8-13 pump (site 3),9e930636-d5a2-4a25-8fd9-ae0401315583,Symo  24.0-3 480 (8),,,24.0,parsed_from_inverter_name,134.77,,
fronius,2025-03-12,a93e4e65-6f50-4a8f-a7e3-99abdfcf11e9,Penner Farms - 33-8-13 pump (site 3),65ec44a7-931c-4a8a-a211-ae0401315570,Symo 24.0-3 480 (7),,,24.0,parsed_from_inverter_name,134.67,,
fronius,2025-03-13,a93e4e65-6f50-4a8f-a7e3-99abdfcf11e9,Penner Farms - 33-8-13 pump (site 3),fc5ec049-e0c5-4028-9ffe-ae040131554a,Symo  24.0-3 480 (1),,,24.0,parsed_from_inverter_name,58.22,,
fronius,2025-03-13,a93e4e65-6f50-4a8f-a7e3-99abdfcf11e9,Penner Farms - 33-8-13 pump (site 3),720c11c1-519e-4635-aa64-ae0401315554,Symo  24.0-3 480 (5),,,24.0,parsed_from_inverter_name,58.41,,
fronius,2025-03-13,a93e4e65-6f50-4a8f-a7e3-99abdfcf11e9,Penner Farms - 33-8-13 pump (site 3),5e62605a-bcfd-40e2-9800-ae0401315562,Symo  24.0-3 480 (6),,,24.0,parsed_from_inverter_name,57.63,,
fronius,2025-03-13,a93e4e65-6f50-4a8f-a7e3-99abdfcf11e9,Penner Farms - 33-8-13 pump (site 3),9e930636-d5a2-4a25-8fd9-ae0401315583,Symo  24.0-3 480 (8),,,24.0,parsed_from_inverter_name,58.47,,
fronius,2025-03-13,a93e4e65-6f50-4a8f-a7e3-99abdfcf11e9,Penner Farms - 33-8-13 pump (site 3),65ec44a7-931c-4a8a-a211-ae0401315570,Symo 24.0-3 480 (7),,,24.0,parsed_from_inverter_name,57.87,,
fronius,2025-03-14,a93e4e65-6f50-4a8f-a7e3-99abdfcf11e9,Penner Farms - 33-8-13 pump (site 3),fc5ec049-e0c5-4028-9ffe-ae040131554a,Symo  24.0-3 480 (1),,,24.0,parsed_from_inverter_name,135.07,,
fronius,2025-03-14,a93e4e65-6f50-4a8f-a7e3-99abdfcf11e9,Penner Farms - 33-8-13 pump (site 3),720c11c1-519e-4635-aa64-ae0401315554,Symo  24.0-3 480 (5),,,24.0,parsed_from_inverter_name,142.63,,
fronius,2025-03-14,a93e4e65-6f50-4a8f-a7e3-99abdfcf11e9,Penner Farms - 33-8-13 pump (site 3),5e62605a-bcfd-40e2-9800-ae0401315562,Symo  24.0-3 480 (6),,,24.0,parsed_from_inverter_name,141.77,,
fronius,2025-03-14,a93e4e65-6f50-4a8f-a7e3-99abdfcf11e9,Penner Farms - 33-8-13 pump (site 3),9e930636-d5a2-4a25-8fd9-ae0401315583,Symo  24.0-3 480 (8),,,24.0,parsed_from_inverter_name,142.98,,
fronius,2025-03-14,a93e4e65-6f50-4a8f-a7e3-99abdfcf11e9,Penner Farms - 33-8-13 pump (site 3),65ec44a7-931c-4a8a-a211-ae0401315570,Symo 24.0-3 480 (7),,,24.0,parsed_from_inverter_name,142.26,,
fronius,2025-03-15,a93e4e65-6f50-4a8f-a7e3-99abdfcf11e9,Penner Farms - 33-8-13 pump (site 3),fc5ec049-e0c5-4028-9ffe-ae040131554a,Symo  24.0-3 480 (1),,,24.0,parsed_from_inverter_name,37.77,,
fronius,2025-03-15,a93e4e65-6f50-4a8f-a7e3-99abdfcf11e9,Penner Farms - 33-8-13 pump (site 3),720c11c1-519e-4635-aa64-ae0401315554,Symo  24.0-3 480 (5),,,24.0,parsed_from_inverter_name,37.91,,
fronius,2025-03-15,a93e4e65-6f50-4a8f-a7e3-99abdfcf11e9,Penner Farms - 33-8-13 pump (site 3),5e62605a-bcfd-40e2-9800-ae0401315562,Symo  24.0-3 480 (6),,,24.0,parsed_from_inverter_name,37.68,,
fronius,2025-03-15,a93e4e65-6f50-4a8f-a7e3-99abdfcf11e9,Penner Farms - 33-8-13 pump (site 3),9e930636-d5a2-4a25-8fd9-ae0401315583,Symo  24.0-3 480 (8),,,24.0,parsed_from_inverter_name,37.3,,
fronius,2025-03-15,a93e4e65-6f50-4a8f-a7e3-99abdfcf11e9,Penner Farms - 33-8-13 pump (site 3),65ec44a7-931c-4a8a-a211-ae0401315570,Symo 24.0-3 480 (7),,,24.0,parsed_from_inverter_name,38.62,,
fronius,2025-03-16,a93e4e65-6f50-4a8f-a7e3-99abdfcf11e9,Penner Farms - 33-8-13 pump (site 3),fc5ec049-e0c5-4028-9ffe-ae040131554a,Symo  24.0-3 480 (1),,,24.0,parsed_from_inverter_name,38.44,,
fronius,2025-03-16,a93e4e65-6f50-4a8f-a7e3-99abdfcf11e9,Penner Farms - 33-8-13 pump (site 3),720c11c1-519e-4635-aa64-ae0401315554,Symo  24.0-3 480 (5),,,24.0,parsed_from_inverter_name,32.44,,
fronius,2025-03-16,a93e4e65-6f50-4a8f-a7e3-99abdfcf11e9,Penner Farms - 33-8-13 pump (site 3),5e62605a-bcfd-40e2-9800-ae0401315562,Symo  24.0-3 480 (6),,,24.0,parsed_from_inverter_name,23.13,,
fronius,2025-03-16,a93e4e65-6f50-4a8f-a7e3-99abdfcf11e9,Penner Farms - 33-8-13 pump (site 3),9e930636-d5a2-4a25-8fd9-ae0401315583,Symo  24.0-3 480 (8),,,24.0,parsed_from_inverter_name,30.05,,
fronius,2025-03-16,a93e4e65-6f50-4a8f-a7e3-99abdfcf11e9,Penner Farms - 33-8-13 pump (site 3),65ec44a7-931c-4a8a-a211-ae0401315570,Symo 24.0-3 480 (7),,,24.0,parsed_from_inverter_name,19.96,,
fronius,2025-03-17,a93e4e65-6f50-4a8f-a7e3-99abdfcf11e9,Penner Farms - 33-8-13 pump (site 3),fc5ec049-e0c5-4028-9ffe-ae040131554a,Symo  24.0-3 480 (1),,,24.0,parsed_from_inverter_name,110.18,,
fronius,2025-03-17,a93e4e65-6f50-4a8f-a7e3-99abdfcf11e9,Penner Farms - 33-8-13 pump (site 3),720c11c1-519e-4635-aa64-ae0401315554,Symo  24.0-3 480 (5),,,24.0,parsed_from_inverter_name,147.68,,
fronius,2025-03-17,a93e4e65-6f50-4a8f-a7e3-99abdfcf11e9,Penner Farms - 33-8-13 pump (site 3),5e62605a-bcfd-40e2-9800-ae0401315562,Symo  24.0-3 480 (6),,,24.0,parsed_from_inverter_name,144.01,,
fronius,2025-03-17,a93e4e65-6f50-4a8f-a7e3-99abdfcf11e9,Penner Farms - 33-8-13 pump (site 3),9e930636-d5a2-4a25-8fd9-ae0401315583,Symo  24.0-3 480 (8),,,24.0,parsed_from_inverter_name,149.62,,
fronius,2025-03-17,a93e4e65-6f50-4a8f-a7e3-99abdfcf11e9,Penner Farms - 33-8-13 pump (site 3),65ec44a7-931c-4a8a-a211-ae0401315570,Symo 24.0-3 480 (7),,,24.0,parsed_from_inverter_name,146.73,,
fronius,2025-03-18,a93e4e65-6f50-4a8f-a7e3-99abdfcf11e9,Penner Farms - 33-8-13 pump (site 3),fc5ec049-e0c5-4028-9ffe-ae040131554a,Symo  24.0-3 480 (1),,,24.0,parsed_from_inverter_name,42.98,,
fronius,2025-03-18,a93e4e65-6f50-4a8f-a7e3-99abdfcf11e9,Penner Farms - 33-8-13 pump (site 3),720c11c1-519e-4635-aa64-ae0401315554,Symo  24.0-3 480 (5),,,24.0,parsed_from_inverter_name,46.96,,
fronius,2025-03-18,a93e4e65-6f50-4a8f-a7e3-99abdfcf11e9,Penner Farms - 33-8-13 pump (site 3),5e62605a-bcfd-40e2-9800-ae0401315562,Symo  24.0-3 480 (6),,,24.0,parsed_from_inverter_name,46.22,,
fronius,2025-03-18,a93e4e65-6f50-4a8f-a7e3-99abdfcf11e9,Penner Farms - 33-8-13 pump (site 3),9e930636-d5a2-4a25-8fd9-ae0401315583,Symo  24.0-3 480 (8),,,24.0,parsed_from_inverter_name,46.94,,
fronius,2025-03-18,a93e4e65-6f50-4a8f-a7e3-99abdfcf11e9,Penner Farms - 33-8-13 pump (site 3),65ec44a7-931c-4a8a-a211-ae0401315570,Symo 24.0-3 480 (7),,,24.0,parsed_from_inverter_name,46.28,,
fronius,2025-03-19,a93e4e65-6f50-4a8f-a7e3-99abdfcf11e9,Penner Farms - 33-8-13 pump (site 3),fc5ec049-e0c5-4028-9ffe-ae040131554a,Symo  24.0-3 480 (1),,,24.0,parsed_from_inverter_name,151.77,,
fronius,2025-03-19,a93e4e65-6f50-4a8f-a7e3-99abdfcf11e9,Penner Farms - 33-8-13 pump (site 3),720c11c1-519e-4635-aa64-ae0401315554,Symo  24.0-3 480 (5),,,24.0,parsed_from_inverter_name,176.65,,
fronius,2025-03-19,a93e4e65-6f50-4a8f-a7e3-99abdfcf11e9,Penner Farms - 33-8-13 pump (site 3),5e62605a-bcfd-40e2-9800-ae0401315562,Symo  24.0-3 480 (6),,,24.0,parsed_from_inverter_name,176.37,,
fronius,2025-03-19,a93e4e65-6f50-4a8f-a7e3-99abdfcf11e9,Penner Farms - 33-8-13 pump (site 3),9e930636-d5a2-4a25-8fd9-ae0401315583,Symo  24.0-3 480 (8),,,24.0,parsed_from_inverter_name,177.21,,
fronius,2025-03-19,a93e4e65-6f50-4a8f-a7e3-99abdfcf11e9,Penner Farms - 33-8-13 pump (site 3),65ec44a7-931c-4a8a-a211-ae0401315570,Symo 24.0-3 480 (7),,,24.0,parsed_from_inverter_name,177.0,,
fronius,2025-03-20,a93e4e65-6f50-4a8f-a7e3-99abdfcf11e9,Penner Farms - 33-8-13 pump (site 3),fc5ec049-e0c5-4028-9ffe-ae040131554a,Symo  24.0-3 480 (1),,,24.0,parsed_from_inverter_name,91.64,,
fronius,2025-03-20,a93e4e65-6f50-4a8f-a7e3-99abdfcf11e9,Penner Farms - 33-8-13 pump (site 3),720c11c1-519e-4635-aa64-ae0401315554,Symo  24.0-3 480 (5),,,24.0,parsed_from_inverter_name,91.66,,
fronius,2025-03-20,a93e4e65-6f50-4a8f-a7e3-99abdfcf11e9,Penner Farms - 33-8-13 pump (site 3),5e62605a-bcfd-40e2-9800-ae0401315562,Symo  24.0-3 480 (6),,,24.0,parsed_from_inverter_name,91.05,,
fronius,2025-03-20,a93e4e65-6f50-4a8f-a7e3-99abdfcf11e9,Penner Farms - 33-8-13 pump (site 3),9e930636-d5a2-4a25-8fd9-ae0401315583,Symo  24.0-3 480 (8),,,24.0,parsed_from_inverter_name,91.75,,
fronius,2025-03-20,a93e4e65-6f50-4a8f-a7e3-99abdfcf11e9,Penner Farms - 33-8-13 pump (site 3),65ec44a7-931c-4a8a-a211-ae0401315570,Symo 24.0-3 480 (7),,,24.0,parsed_from_inverter_name,91.24,,
fronius,2025-03-21,a93e4e65-6f50-4a8f-a7e3-99abdfcf11e9,Penner Farms - 33-8-13 pump (site 3),fc5ec049-e0c5-4028-9ffe-ae040131554a,Symo  24.0-3 480 (1),,,24.0,parsed_from_inverter_name,55.99,,
fronius,2025-03-21,a93e4e65-6f50-4a8f-a7e3-99abdfcf11e9,Penner Farms - 33-8-13 pump (site 3),720c11c1-519e-4635-aa64-ae0401315554,Symo  24.0-3 480 (5),,,24.0,parsed_from_inverter_name,58.07,,
fronius,2025-03-21,a93e4e65-6f50-4a8f-a7e3-99abdfcf11e9,Penner Farms - 33-8-13 pump (site 3),5e62605a-bcfd-40e2-9800-ae0401315562,Symo  24.0-3 480 (6),,,24.0,parsed_from_inverter_name,57.68,,
fronius,2025-03-21,a93e4e65-6f50-4a8f-a7e3-99abdfcf11e9,Penner Farms - 33-8-13 pump (site 3),9e930636-d5a2-4a25-8fd9-ae0401315583,Symo  24.0-3 480 (8),,,24.0,parsed_from_inverter_name,58.22,,
fronius,2025-03-21,a93e4e65-6f50-4a8f-a7e3-99abdfcf11e9,Penner Farms - 33-8-13 pump (site 3),65ec44a7-931c-4a8a-a211-ae0401315570,Symo 24.0-3 480 (7),,,24.0,parsed_from_inverter_name,58.0,,
fronius,2025-12-24,a93e4e65-6f50-4a8f-a7e3-99abdfcf11e9,Penner Farms - 33-8-13 pump (site 3),fc5ec049-e0c5-4028-9ffe-ae040131554a,Symo  24.0-3 480 (1),,,24.0,parsed_from_inverter_name,8.22,,
fronius,2025-12-24,a93e4e65-6f50-4a8f-a7e3-99abdfcf11e9,Penner Farms - 33-8-13 pump (site 3),720c11c1-519e-4635-aa64-ae0401315554,Symo  24.0-3 480 (5),,,24.0,parsed_from_inverter_name,8.29,,
fronius,2025-12-24,a93e4e65-6f50-4a8f-a7e3-99abdfcf11e9,Penner Farms - 33-8-13 pump (site 3),5e62605a-bcfd-40e2-9800-ae0401315562,Symo  24.0-3 480 (6),,,24.0,parsed_from_inverter_name,8.2,,
fronius,2025-12-24,a93e4e65-6f50-4a8f-a7e3-99abdfcf11e9,Penner Farms - 33-8-13 pump (site 3),9e930636-d5a2-4a25-8fd9-ae0401315583,Symo  24.0-3 480 (8),,,24.0,parsed_from_inverter_name,8.24,,
fronius,2025-12-24,a93e4e65-6f50-4a8f-a7e3-99abdfcf11e9,Penner Farms - 33-8-13 pump (site 3),65ec44a7-931c-4a8a-a211-ae0401315570,Symo 24.0-3 480 (7),,,24.0,parsed_from_inverter_name,8.16,,
fronius,2025-12-25,a93e4e65-6f50-4a8f-a7e3-99abdfcf11e9,Penner Farms - 33-8-13 pump (site 3),fc5ec049-e0c5-4028-9ffe-ae040131554a,Symo  24.0-3 480 (1),,,24.0,parsed_from_inverter_name,86.93,,
fronius,2025-12-25,a93e4e65-6f50-4a8f-a7e3-99abdfcf11e9,Penner Farms - 33-8-13 pump (site 3),720c11c1-519e-4635-aa64-ae0401315554,Symo  24.0-3 480 (5),,,24.0,parsed_from_inverter_name,89.62,,
fronius,2025-12-25,a93e4e65-6f50-4a8f-a7e3-99abdfcf11e9,Penner Farms - 33-8-13 pump (site 3),5e62605a-bcfd-40e2-9800-ae0401315562,Symo  24.0-3 480 (6),,,24.0,parsed_from_inverter_name,84.39,,
fronius,2025-12-25,a93e4e65-6f50-4a8f-a7e3-99abdfcf11e9,Penner Farms - 33-8-13 pump (site 3),9e930636-d5a2-4a25-8fd9-ae0401315583,Symo  24.0-3 480 (8),,,24.0,parsed_from_inverter_name,92.01,,
fronius,2025-12-25,a93e4e65-6f50-4a8f-a7e3-99abdfcf11e9,Penner Farms - 33-8-13 pump (site 3),65ec44a7-931c-4a8a-a211-ae0401315570,Symo 24.0-3 480 (7),,,24.0,parsed_from_inverter_name,85.94,,
fronius,2025-12-26,a93e4e65-6f50-4a8f-a7e3-99abdfcf11e9,Penner Farms - 33-8-13 pump (site 3),fc5ec049-e0c5-4028-9ffe-ae040131554a,Symo  24.0-3 480 (1),,,24.0,parsed_from_inverter_name,7.39,,
fronius,2025-12-26,a93e4e65-6f50-4a8f-a7e3-99abdfcf11e9,Penner Farms - 33-8-13 pump (site 3),720c11c1-519e-4635-aa64-ae0401315554,Symo  24.0-3 480 (5),,,24.0,parsed_from_inverter_name,7.42,,
fronius,2025-12-26,a93e4e65-6f50-4a8f-a7e3-99abdfcf11e9,Penner Farms - 33-8-13 pump (site 3),5e62605a-bcfd-40e2-9800-ae0401315562,Symo  24.0-3 480 (6),,,24.0,parsed_from_inverter_name,7.39,,
fronius,2025-12-26,a93e4e65-6f50-4a8f-a7e3-99abdfcf11e9,Penner Farms - 33-8-13 pump (site 3),9e930636-d5a2-4a25-8fd9-ae0401315583,Symo  24.0-3 480 (8),,,24.0,parsed_from_inverter_name,7.45,,
fronius,2025-12-26,a93e4e65-6f50-4a8f-a7e3-99abdfcf11e9,Penner Farms - 33-8-13 pump (site 3),65ec44a7-931c-4a8a-a211-ae0401315570,Symo 24.0-3 480 (7),,,24.0,parsed_from_inverter_name,7.37,,
fronius,2025-12-27,a93e4e65-6f50-4a8f-a7e3-99abdfcf11e9,Penner Farms - 33-8-13 pump (site 3),fc5ec049-e0c5-4028-9ffe-ae040131554a,Symo  24.0-3 480 (1),,,24.0,parsed_from_inverter_name,29.49,,
fronius,2025-12-27,a93e4e65-6f50-4a8f-a7e3-99abdfcf11e9,Penner Farms - 33-8-13 pump (site 3),720c11c1-519e-4635-aa64-ae0401315554,Symo  24.0-3 480 (5),,,24.0,parsed_from_inverter_name,34.34,,
fronius,2025-12-27,a93e4e65-6f50-4a8f-a7e3-99abdfcf11e9,Penner Farms - 33-8-13 pump (site 3),5e62605a-bcfd-40e2-9800-ae0401315562,Symo  24.0-3 480 (6),,,24.0,parsed_from_inverter_name,26.15,,
fronius,2025-12-27,a93e4e65-6f50-4a8f-a7e3-99abdfcf11e9,Penner Farms - 33-8-13 pump (site 3),9e930636-d5a2-4a25-8fd9-ae0401315583,Symo  24.0-3 480 (8),,,24.0,parsed_from_inverter_name,34.48,,
fronius,2025-12-27,a93e4e65-6f50-4a8f-a7e3-99abdfcf11e9,Penner Farms - 33-8-13 pump (site 3),65ec44a7-931c-4a8a-a211-ae0401315570,Symo 24.0-3 480 (7),,,24.0,parsed_from_inverter_name,19.94,,
fronius,2025-12-28,a93e4e65-6f50-4a8f-a7e3-99abdfcf11e9,Penner Farms - 33-8-13 pump (site 3),fc5ec049-e0c5-4028-9ffe-ae040131554a,Symo  24.0-3 480 (1),,,24.0,parsed_from_inverter_name,65.59,,
fronius,2025-12-28,a93e4e65-6f50-4a8f-a7e3-99abdfcf11e9,Penner Farms - 33-8-13 pump (site 3),720c11c1-519e-4635-aa64-ae0401315554,Symo  24.0-3 480 (5),,,24.0,parsed_from_inverter_name,74.39,,
fronius,2025-12-28,a93e4e65-6f50-4a8f-a7e3-99abdfcf11e9,Penner Farms - 33-8-13 pump (site 3),5e62605a-bcfd-40e2-9800-ae0401315562,Symo  24.0-3 480 (6),,,24.0,parsed_from_inverter_name,53.19,,
fronius,2025-12-28,a93e4e65-6f50-4a8f-a7e3-99abdfcf11e9,Penner Farms - 33-8-13 pump (site 3),9e930636-d5a2-4a25-8fd9-ae0401315583,Symo  24.0-3 480 (8),,,24.0,parsed_from_inverter_name,79.85,,
fronius,2025-12-28,a93e4e65-6f50-4a8f-a7e3-99abdfcf11e9,Penner Farms - 33-8-13 pump (site 3),65ec44a7-931c-4a8a-a211-ae0401315570,Symo 24.0-3 480 (7),,,24.0,parsed_from_inverter_name,63.11,,
fronius,2025-12-29,a93e4e65-6f50-4a8f-a7e3-99abdfcf11e9,Penner Farms - 33-8-13 pump (site 3),fc5ec049-e0c5-4028-9ffe-ae040131554a,Symo  24.0-3 480 (1),,,24.0,parsed_from_inverter_name,44.46,,
fronius,2025-12-29,a93e4e65-6f50-4a8f-a7e3-99abdfcf11e9,Penner Farms - 33-8-13 pump (site 3),720c11c1-519e-4635-aa64-ae0401315554,Symo  24.0-3 480 (5),,,24.0,parsed_from_inverter_name,48.14,,
fronius,2025-12-29,a93e4e65-6f50-4a8f-a7e3-99abdfcf11e9,Penner Farms - 33-8-13 pump (site 3),5e62605a-bcfd-40e2-9800-ae0401315562,Symo  24.0-3 480 (6),,,24.0,parsed_from_inverter_name,40.43,,
fronius,2025-12-29,a93e4e65-6f50-4a8f-a7e3-99abdfcf11e9,Penner Farms - 33-8-13 pump (site 3),9e930636-d5a2-4a25-8fd9-ae0401315583,Symo  24.0-3 480 (8),,,24.0,parsed_from_inverter_name,49.85,,
fronius,2025-12-29,a93e4e65-6f50-4a8f-a7e3-99abdfcf11e9,Penner Farms - 33-8-13 pump (site 3),65ec44a7-931c-4a8a-a211-ae0401315570,Symo 24.0-3 480 (7),,,24.0,parsed_from_inverter_name,41.53,,
fronius,2025-12-30,a93e4e65-6f50-4a8f-a7e3-99abdfcf11e9,Penner Farms - 33-8-13 pump (site 3),fc5ec049-e0c5-4028-9ffe-ae040131554a,Symo  24.0-3 480 (1),,,24.0,parsed_from_inverter_name,74.86,,
fronius,2025-12-30,a93e4e65-6f50-4a8f-a7e3-99abdfcf11e9,Penner Farms - 33-8-13 pump (site 3),720c11c1-519e-4635-aa64-ae0401315554,Symo  24.0-3 480 (5),,,24.0,parsed_from_inverter_name,77.8,,
fronius,2025-12-30,a93e4e65-6f50-4a8f-a7e3-99abdfcf11e9,Penner Farms - 33-8-13 pump (site 3),5e62605a-bcfd-40e2-9800-ae0401315562,Symo  24.0-3 480 (6),,,24.0,parsed_from_inverter_name,72.77,,
fronius,2025-12-30,a93e4e65-6f50-4a8f-a7e3-99abdfcf11e9,Penner Farms - 33-8-13 pump (site 3),9e930636-d5a2-4a25-8fd9-ae0401315583,Symo  24.0-3 480 (8),,,24.0,parsed_from_inverter_name,78.16,,
fronius,2025-12-30,a93e4e65-6f50-4a8f-a7e3-99abdfcf11e9,Penner Farms - 33-8-13 pump (site 3),65ec44a7-931c-4a8a-a211-ae0401315570,Symo 24.0-3 480 (7),,,24.0,parsed_from_inverter_name,73.99,,
fronius,2025-12-31,a93e4e65-6f50-4a8f-a7e3-99abdfcf11e9,Penner Farms - 33-8-13 pump (site 3),fc5ec049-e0c5-4028-9ffe-ae040131554a,Symo  24.0-3 480 (1),,,24.0,parsed_from_inverter_name,34.6,,
fronius,2025-12-31,a93e4e65-6f50-4a8f-a7e3-99abdfcf11e9,Penner Farms - 33-8-13 pump (site 3),720c11c1-519e-4635-aa64-ae0401315554,Symo  24.0-3 480 (5),,,24.0,parsed_from_inverter_name,36.4,,
fronius,2025-12-31,a93e4e65-6f50-4a8f-a7e3-99abdfcf11e9,Penner Farms - 33-8-13 pump (site 3),5e62605a-bcfd-40e2-9800-ae0401315562,Symo  24.0-3 480 (6),,,24.0,parsed_from_inverter_name,32.75,,
fronius,2025-12-31,a93e4e65-6f50-4a8f-a7e3-99abdfcf11e9,Penner Farms - 33-8-13 pump (site 3),9e930636-d5a2-4a25-8fd9-ae0401315583,Symo  24.0-3 480 (8),,,24.0,parsed_from_inverter_name,36.51,,
fronius,2025-12-31,a93e4e65-6f50-4a8f-a7e3-99abdfcf11e9,Penner Farms - 33-8-13 pump (site 3),65ec44a7-931c-4a8a-a211-ae0401315570,Symo 24.0-3 480 (7),,,24.0,parsed_from_inverter_name,33.49,,
fronius,2026-01-01,a93e4e65-6f50-4a8f-a7e3-99abdfcf11e9,Penner Farms - 33-8-13 pump (site 3),fc5ec049-e0c5-4028-9ffe-ae040131554a,Symo  24.0-3 480 (1),,,24.0,parsed_from_inverter_name,52.28,,
fronius,2026-01-01,a93e4e65-6f50-4a8f-a7e3-99abdfcf11e9,Penner Farms - 33-8-13 pump (site 3),720c11c1-519e-4635-aa64-ae0401315554,Symo  24.0-3 480 (5),,,24.0,parsed_from_inverter_name,54.07,,
fronius,2026-01-01,a93e4e65-6f50-4a8f-a7e3-99abdfcf11e9,Penner Farms - 33-8-13 pump (site 3),5e62605a-bcfd-40e2-9800-ae0401315562,Symo  24.0-3 480 (6),,,24.0,parsed_from_inverter_name,48.9,,
fronius,2026-01-01,a93e4e65-6f50-4a8f-a7e3-99abdfcf11e9,Penner Farms - 33-8-13 pump (site 3),9e930636-d5a2-4a25-8fd9-ae0401315583,Symo  24.0-3 480 (8),,,24.0,parsed_from_inverter_name,54.4,,
fronius,2026-01-01,a93e4e65-6f50-4a8f-a7e3-99abdfcf11e9,Penner Farms - 33-8-13 pump (site 3),65ec44a7-931c-4a8a-a211-ae0401315570,Symo 24.0-3 480 (7),,,24.0,parsed_from_inverter_name,49.83,,
fronius,2026-01-02,a93e4e65-6f50-4a8f-a7e3-99abdfcf11e9,Penner Farms - 33-8-13 pump (site 3),fc5ec049-e0c5-4028-9ffe-ae040131554a,Symo  24.0-3 480 (1),,,24.0,parsed_from_inverter_name,18.5,,
fronius,2026-01-02,a93e4e65-6f50-4a8f-a7e3-99abdfcf11e9,Penner Farms - 33-8-13 pump (site 3),720c11c1-519e-4635-aa64-ae0401315554,Symo  24.0-3 480 (5),,,24.0,parsed_from_inverter_name,19.32,,
fronius,2026-01-02,a93e4e65-6f50-4a8f-a7e3-99abdfcf11e9,Penner Farms - 33-8-13 pump (site 3),5e62605a-bcfd-40e2-9800-ae0401315562,Symo  24.0-3 480 (6),,,24.0,parsed_from_inverter_name,18.71,,
fronius,2026-01-02,a93e4e65-6f50-4a8f-a7e3-99abdfcf11e9,Penner Farms - 33-8-13 pump (site 3),9e930636-d5a2-4a25-8fd9-ae0401315583,Symo  24.0-3 480 (8),,,24.0,parsed_from_inverter_name,19.59,,
fronius,2026-01-02,a93e4e65-6f50-4a8f-a7e3-99abdfcf11e9,Penner Farms - 33-8-13 pump (site 3),65ec44a7-931c-4a8a-a211-ae0401315570,Symo 24.0-3 480 (7),,,24.0,parsed_from_inverter_name,18.71,,
fronius,2026-01-03,a93e4e65-6f50-4a8f-a7e3-99abdfcf11e9,Penner Farms - 33-8-13 pump (site 3),fc5ec049-e0c5-4028-9ffe-ae040131554a,Symo  24.0-3 480 (1),,,24.0,parsed_from_inverter_name,43.0,,
fronius,2026-01-03,a93e4e65-6f50-4a8f-a7e3-99abdfcf11e9,Penner Farms - 33-8-13 pump (site 3),720c11c1-519e-4635-aa64-ae0401315554,Symo  24.0-3 480 (5),,,24.0,parsed_from_inverter_name,46.43,,
fronius,2026-01-03,a93e4e65-6f50-4a8f-a7e3-99abdfcf11e9,Penner Farms - 33-8-13 pump (site 3),5e62605a-bcfd-40e2-9800-ae0401315562,Symo  24.0-3 480 (6),,,24.0,parsed_from_inverter_name,41.96,,
fronius,2026-01-03,a93e4e65-6f50-4a8f-a7e3-99abdfcf11e9,Penner Farms - 33-8-13 pump (site 3),9e930636-d5a2-4a25-8fd9-ae0401315583,Symo  24.0-3 480 (8),,,24.0,parsed_from_inverter_name,46.98,,
fronius,2026-01-03,a93e4e65-6f50-4a8f-a7e3-99abdfcf11e9,Penner Farms - 33-8-13 pump (site 3),65ec44a7-931c-4a8a-a211-ae0401315570,Symo 24.0-3 480 (7),,,24.0,parsed_from_inverter_name,42.5,,
fronius,2026-01-04,a93e4e65-6f50-4a8f-a7e3-99abdfcf11e9,Penner Farms - 33-8-13 pump (site 3),fc5ec049-e0c5-4028-9ffe-ae040131554a,Symo  24.0-3 480 (1),,,24.0,parsed_from_inverter_name,49.32,,
fronius,2026-01-04,a93e4e65-6f50-4a8f-a7e3-99abdfcf11e9,Penner Farms - 33-8-13 pump (site 3),720c11c1-519e-4635-aa64-ae0401315554,Symo  24.0-3 480 (5),,,24.0,parsed_from_inverter_name,51.81,,
fronius,2026-01-04,a93e4e65-6f50-4a8f-a7e3-99abdfcf11e9,Penner Farms - 33-8-13 pump (site 3),5e62605a-bcfd-40e2-9800-ae0401315562,Symo  24.0-3 480 (6),,,24.0,parsed_from_inverter_name,50.48,,
fronius,2026-01-04,a93e4e65-6f50-4a8f-a7e3-99abdfcf11e9,Penner Farms - 33-8-13 pump (site 3),9e930636-d5a2-4a25-8fd9-ae0401315583,Symo  24.0-3 480 (8),,,24.0,parsed_from_inverter_name,52.19,,
fronius,2026-01-04,a93e4e65-6f50-4a8f-a7e3-99abdfcf11e9,Penner Farms - 33-8-13 pump (site 3),65ec44a7-931c-4a8a-a211-ae0401315570,Symo 24.0-3 480 (7),,,24.0,parsed_from_inverter_name,51.08,,
fronius,2026-01-05,a93e4e65-6f50-4a8f-a7e3-99abdfcf11e9,Penner Farms - 33-8-13 pump (site 3),fc5ec049-e0c5-4028-9ffe-ae040131554a,Symo  24.0-3 480 (1),,,24.0,parsed_from_inverter_name,18.33,,
fronius,2026-01-05,a93e4e65-6f50-4a8f-a7e3-99abdfcf11e9,Penner Farms - 33-8-13 pump (site 3),720c11c1-519e-4635-aa64-ae0401315554,Symo  24.0-3 480 (5),,,24.0,parsed_from_inverter_name,18.87,,
fronius,2026-01-05,a93e4e65-6f50-4a8f-a7e3-99abdfcf11e9,Penner Farms - 33-8-13 pump (site 3),5e62605a-bcfd-40e2-9800-ae0401315562,Symo  24.0-3 480 (6),,,24.0,parsed_from_inverter_name,18.81,,
fronius,2026-01-05,a93e4e65-6f50-4a8f-a7e3-99abdfcf11e9,Penner Farms - 33-8-13 pump (site 3),9e930636-d5a2-4a25-8fd9-ae0401315583,Symo  24.0-3 480 (8),,,24.0,parsed_from_inverter_name,19.14,,
fronius,2026-01-05,a93e4e65-6f50-4a8f-a7e3-99abdfcf11e9,Penner Farms - 33-8-13 pump (site 3),65ec44a7-931c-4a8a-a211-ae0401315570,Symo 24.0-3 480 (7),,,24.0,parsed_from_inverter_name,18.89,,
fronius,2026-01-06,a93e4e65-6f50-4a8f-a7e3-99abdfcf11e9,Penner Farms - 33-8-13 pump (site 3),fc5ec049-e0c5-4028-9ffe-ae040131554a,Symo  24.0-3 480 (1),,,24.0,parsed_from_inverter_name,17.78,,
fronius,2026-01-06,a93e4e65-6f50-4a8f-a7e3-99abdfcf11e9,Penner Farms - 33-8-13 pump (site 3),720c11c1-519e-4635-aa64-ae0401315554,Symo  24.0-3 480 (5),,,24.0,parsed_from_inverter_name,17.96,,
fronius,2026-01-06,a93e4e65-6f50-4a8f-a7e3-99abdfcf11e9,Penner Farms - 33-8-13 pump (site 3),5e62605a-bcfd-40e2-9800-ae0401315562,Symo  24.0-3 480 (6),,,24.0,parsed_from_inverter_name,17.53,,
fronius,2026-01-06,a93e4e65-6f50-4a8f-a7e3-99abdfcf11e9,Penner Farms - 33-8-13 pump (site 3),9e930636-d5a2-4a25-8fd9-ae0401315583,Symo  24.0-3 480 (8),,,24.0,parsed_from_inverter_name,17.89,,
fronius,2026-01-06,a93e4e65-6f50-4a8f-a7e3-99abdfcf11e9,Penner Farms - 33-8-13 pump (site 3),65ec44a7-931c-4a8a-a211-ae0401315570,Symo 24.0-3 480 (7),,,24.0,parsed_from_inverter_name,17.53,,
fronius,2026-01-07,a93e4e65-6f50-4a8f-a7e3-99abdfcf11e9,Penner Farms - 33-8-13 pump (site 3),fc5ec049-e0c5-4028-9ffe-ae040131554a,Symo  24.0-3 480 (1),,,24.0,parsed_from_inverter_name,63.99,,
fronius,2026-01-07,a93e4e65-6f50-4a8f-a7e3-99abdfcf11e9,Penner Farms - 33-8-13 pump (site 3),720c11c1-519e-4635-aa64-ae0401315554,Symo  24.0-3 480 (5),,,24.0,parsed_from_inverter_name,66.82,,
fronius,2026-01-07,a93e4e65-6f50-4a8f-a7e3-99abdfcf11e9,Penner Farms - 33-8-13 pump (site 3),5e62605a-bcfd-40e2-9800-ae0401315562,Symo  24.0-3 480 (6),,,24.0,parsed_from_inverter_name,62.6,,
fronius,2026-01-07,a93e4e65-6f50-4a8f-a7e3-99abdfcf11e9,Penner Farms - 33-8-13 pump (site 3),9e930636-d5a2-4a25-8fd9-ae0401315583,Symo  24.0-3 480 (8),,,24.0,parsed_from_inverter_name,67.15,,
fronius,2026-01-07,a93e4e65-6f50-4a8f-a7e3-99abdfcf11e9,Penner Farms - 33-8-13 pump (site 3),65ec44a7-931c-4a8a-a211-ae0401315570,Symo 24.0-3 480 (7),,,24.0,parsed_from_inverter_name,63.29,,
fronius,2026-01-08,a93e4e65-6f50-4a8f-a7e3-99abdfcf11e9,Penner Farms - 33-8-13 pump (site 3),fc5ec049-e0c5-4028-9ffe-ae040131554a,Symo  24.0-3 480 (1),,,24.0,parsed_from_inverter_name,105.21,,
fronius,2026-01-08,a93e4e65-6f50-4a8f-a7e3-99abdfcf11e9,Penner Farms - 33-8-13 pump (site 3),720c11c1-519e-4635-aa64-ae0401315554,Symo  24.0-3 480 (5),,,24.0,parsed_from_inverter_name,107.5,,
fronius,2026-01-08,a93e4e65-6f50-4a8f-a7e3-99abdfcf11e9,Penner Farms - 33-8-13 pump (site 3),5e62605a-bcfd-40e2-9800-ae0401315562,Symo  24.0-3 480 (6),,,24.0,parsed_from_inverter_name,104.64,,
fronius,2026-01-08,a93e4e65-6f50-4a8f-a7e3-99abdfcf11e9,Penner Farms - 33-8-13 pump (site 3),9e930636-d5a2-4a25-8fd9-ae0401315583,Symo  24.0-3 480 (8),,,24.0,parsed_from_inverter_name,108.33,,
fronius,2026-01-08,a93e4e65-6f50-4a8f-a7e3-99abdfcf11e9,Penner Farms - 33-8-13 pump (site 3),65ec44a7-931c-4a8a-a211-ae0401315570,Symo 24.0-3 480 (7),,,24.0,parsed_from_inverter_name,105.93,,
fronius,2026-01-09,a93e4e65-6f50-4a8f-a7e3-99abdfcf11e9,Penner Farms - 33-8-13 pump (site 3),fc5ec049-e0c5-4028-9ffe-ae040131554a,Symo  24.0-3 480 (1),,,24.0,parsed_from_inverter_name,75.78,,
fronius,2026-01-09,a93e4e65-6f50-4a8f-a7e3-99abdfcf11e9,Penner Farms - 33-8-13 pump (site 3),720c11c1-519e-4635-aa64-ae0401315554,Symo  24.0-3 480 (5),,,24.0,parsed_from_inverter_name,78.18,,
fronius,2026-01-09,a93e4e65-6f50-4a8f-a7e3-99abdfcf11e9,Penner Farms - 33-8-13 pump (site 3),5e62605a-bcfd-40e2-9800-ae0401315562,Symo  24.0-3 480 (6),,,24.0,parsed_from_inverter_name,72.84,,
fronius,2026-01-09,a93e4e65-6f50-4a8f-a7e3-99abdfcf11e9,Penner Farms - 33-8-13 pump (site 3),9e930636-d5a2-4a25-8fd9-ae0401315583,Symo  24.0-3 480 (8),,,24.0,parsed_from_inverter_name,78.7,,
fronius,2026-01-09,a93e4e65-6f50-4a8f-a7e3-99abdfcf11e9,Penner Farms - 33-8-13 pump (site 3),65ec44a7-931c-4a8a-a211-ae0401315570,Symo 24.0-3 480 (7),,,24.0,parsed_from_inverter_name,74.12,,
fronius,2026-01-10,a93e4e65-6f50-4a8f-a7e3-99abdfcf11e9,Penner Farms - 33-8-13 pump (site 3),fc5ec049-e0c5-4028-9ffe-ae040131554a,Symo  24.0-3 480 (1),,,24.0,parsed_from_inverter_name,27.2,,
fronius,2026-01-10,a93e4e65-6f50-4a8f-a7e3-99abdfcf11e9,Penner Farms - 33-8-13 pump (site 3),720c11c1-519e-4635-aa64-ae0401315554,Symo  24.0-3 480 (5),,,24.0,parsed_from_inverter_name,27.75,,
fronius,2026-01-10,a93e4e65-6f50-4a8f-a7e3-99abdfcf11e9,Penner Farms - 33-8-13 pump (site 3),5e62605a-bcfd-40e2-9800-ae0401315562,Symo  24.0-3 480 (6),,,24.0,parsed_from_inverter_name,26.51,,
fronius,2026-01-10,a93e4e65-6f50-4a8f-a7e3-99abdfcf11e9,Penner Farms - 33-8-13 pump (site 3),9e930636-d5a2-4a25-8fd9-ae0401315583,Symo  24.0-3 480 (8),,,24.0,parsed_from_inverter_name,27.78,,
fronius,2026-01-10,a93e4e65-6f50-4a8f-a7e3-99abdfcf11e9,Penner Farms - 33-8-13 pump (site 3),65ec44a7-931c-4a8a-a211-ae0401315570,Symo 24.0-3 480 (7),,,24.0,parsed_from_inverter_name,26.61,,
fronius,2026-01-11,a93e4e65-6f50-4a8f-a7e3-99abdfcf11e9,Penner Farms - 33-8-13 pump (site 3),fc5ec049-e0c5-4028-9ffe-ae040131554a,Symo  24.0-3 480 (1),,,24.0,parsed_from_inverter_name,49.64,,
fronius,2026-01-11,a93e4e65-6f50-4a8f-a7e3-99abdfcf11e9,Penner Farms - 33-8-13 pump (site 3),720c11c1-519e-4635-aa64-ae0401315554,Symo  24.0-3 480 (5),,,24.0,parsed_from_inverter_name,50.27,,
fronius,2026-01-11,a93e4e65-6f50-4a8f-a7e3-99abdfcf11e9,Penner Farms - 33-8-13 pump (site 3),5e62605a-bcfd-40e2-9800-ae0401315562,Symo  24.0-3 480 (6),,,24.0,parsed_from_inverter_name,49.07,,
fronius,2026-01-11,a93e4e65-6f50-4a8f-a7e3-99abdfcf11e9,Penner Farms - 33-8-13 pump (site 3),9e930636-d5a2-4a25-8fd9-ae0401315583,Symo  24.0-3 480 (8),,,24.0,parsed_from_inverter_name,50.58,,
fronius,2026-01-11,a93e4e65-6f50-4a8f-a7e3-99abdfcf11e9,Penner Farms - 33-8-13 pump (site 3),65ec44a7-931c-4a8a-a211-ae0401315570,Symo 24.0-3 480 (7),,,24.0,parsed_from_inverter_name,49.65,,
fronius,2026-01-12,a93e4e65-6f50-4a8f-a7e3-99abdfcf11e9,Penner Farms - 33-8-13 pump (site 3),fc5ec049-e0c5-4028-9ffe-ae040131554a,Symo  24.0-3 480 (1),,,24.0,parsed_from_inverter_name,15.72,,
fronius,2026-01-12,a93e4e65-6f50-4a8f-a7e3-99abdfcf11e9,Penner Farms - 33-8-13 pump (site 3),720c11c1-519e-4635-aa64-ae0401315554,Symo  24.0-3 480 (5),,,24.0,parsed_from_inverter_name,15.93,,
fronius,2026-01-12,a93e4e65-6f50-4a8f-a7e3-99abdfcf11e9,Penner Farms - 33-8-13 pump (site 3),5e62605a-bcfd-40e2-9800-ae0401315562,Symo  24.0-3 480 (6),,,24.0,parsed_from_inverter_name,15.57,,
fronius,2026-01-12,a93e4e65-6f50-4a8f-a7e3-99abdfcf11e9,Penner Farms - 33-8-13 pump (site 3),9e930636-d5a2-4a25-8fd9-ae0401315583,Symo  24.0-3 480 (8),,,24.0,parsed_from_inverter_name,15.92,,
fronius,2026-01-12,a93e4e65-6f50-4a8f-a7e3-99abdfcf11e9,Penner Farms - 33-8-13 pump (site 3),65ec44a7-931c-4a8a-a211-ae0401315570,Symo 24.0-3 480 (7),,,24.0,parsed_from_inverter_name,15.63,,
fronius,2026-01-13,a93e4e65-6f50-4a8f-a7e3-99abdfcf11e9,Penner Farms - 33-8-13 pump (site 3),fc5ec049-e0c5-4028-9ffe-ae040131554a,Symo  24.0-3 480 (1),,,24.0,parsed_from_inverter_name,74.36,,
fronius,2026-01-13,a93e4e65-6f50-4a8f-a7e3-99abdfcf11e9,Penner Farms - 33-8-13 pump (site 3),720c11c1-519e-4635-aa64-ae0401315554,Symo  24.0-3 480 (5),,,24.0,parsed_from_inverter_name,75.83,,
fronius,2026-01-13,a93e4e65-6f50-4a8f-a7e3-99abdfcf11e9,Penner Farms - 33-8-13 pump (site 3),5e62605a-bcfd-40e2-9800-ae0401315562,Symo  24.0-3 480 (6),,,24.0,parsed_from_inverter_name,72.73,,
fronius,2026-01-13,a93e4e65-6f50-4a8f-a7e3-99abdfcf11e9,Penner Farms - 33-8-13 pump (site 3),9e930636-d5a2-4a25-8fd9-ae0401315583,Symo  24.0-3 480 (8),,,24.0,parsed_from_inverter_name,76.51,,
fronius,2026-01-13,a93e4e65-6f50-4a8f-a7e3-99abdfcf11e9,Penner Farms - 33-8-13 pump (site 3),65ec44a7-931c-4a8a-a211-ae0401315570,Symo 24.0-3 480 (7),,,24.0,parsed_from_inverter_name,73.91,,
fronius,2026-01-14,a93e4e65-6f50-4a8f-a7e3-99abdfcf11e9,Penner Farms - 33-8-13 pump (site 3),fc5ec049-e0c5-4028-9ffe-ae040131554a,Symo  24.0-3 480 (1),,,24.0,parsed_from_inverter_name,113.4,,
fronius,2026-01-14,a93e4e65-6f50-4a8f-a7e3-99abdfcf11e9,Penner Farms - 33-8-13 pump (site 3),720c11c1-519e-4635-aa64-ae0401315554,Symo  24.0-3 480 (5),,,24.0,parsed_from_inverter_name,117.05,,
fronius,2026-01-14,a93e4e65-6f50-4a8f-a7e3-99abdfcf11e9,Penner Farms - 33-8-13 pump (site 3),5e62605a-bcfd-40e2-9800-ae0401315562,Symo  24.0-3 480 (6),,,24.0,parsed_from_inverter_name,109.49,,
fronius,2026-01-14,a93e4e65-6f50-4a8f-a7e3-99abdfcf11e9,Penner Farms - 33-8-13 pump (site 3),9e930636-d5a2-4a25-8fd9-ae0401315583,Symo  24.0-3 480 (8),,,24.0,parsed_from_inverter_name,118.0,,
fronius,2026-01-14,a93e4e65-6f50-4a8f-a7e3-99abdfcf11e9,Penner Farms - 33-8-13 pump (site 3),65ec44a7-931c-4a8a-a211-ae0401315570,Symo 24.0-3 480 (7),,,24.0,parsed_from_inverter_name,112.16,,
fronius,2026-01-15,a93e4e65-6f50-4a8f-a7e3-99abdfcf11e9,Penner Farms - 33-8-13 pump (site 3),fc5ec049-e0c5-4028-9ffe-ae040131554a,Symo  24.0-3 480 (1),,,24.0,parsed_from_inverter_name,42.24,,
fronius,2026-01-15,a93e4e65-6f50-4a8f-a7e3-99abdfcf11e9,Penner Farms - 33-8-13 pump (site 3),720c11c1-519e-4635-aa64-ae0401315554,Symo  24.0-3 480 (5),,,24.0,parsed_from_inverter_name,43.77,,
fronius,2026-01-15,a93e4e65-6f50-4a8f-a7e3-99abdfcf11e9,Penner Farms - 33-8-13 pump (site 3),5e62605a-bcfd-40e2-9800-ae0401315562,Symo  24.0-3 480 (6),,,24.0,parsed_from_inverter_name,41.31,,
fronius,2026-01-15,a93e4e65-6f50-4a8f-a7e3-99abdfcf11e9,Penner Farms - 33-8-13 pump (site 3),9e930636-d5a2-4a25-8fd9-ae0401315583,Symo  24.0-3 480 (8),,,24.0,parsed_from_inverter_name,44.02,,
fronius,2026-01-15,a93e4e65-6f50-4a8f-a7e3-99abdfcf11e9,Penner Farms - 33-8-13 pump (site 3),65ec44a7-931c-4a8a-a211-ae0401315570,Symo 24.0-3 480 (7),,,24.0,parsed_from_inverter_name,42.21,,
fronius,2026-01-16,a93e4e65-6f50-4a8f-a7e3-99abdfcf11e9,Penner Farms - 33-8-13 pump (site 3),fc5ec049-e0c5-4028-9ffe-ae040131554a,Symo  24.0-3 480 (1),,,24.0,parsed_from_inverter_name,94.35,,
fronius,2026-01-16,a93e4e65-6f50-4a8f-a7e3-99abdfcf11e9,Penner Farms - 33-8-13 pump (site 3),720c11c1-519e-4635-aa64-ae0401315554,Symo  24.0-3 480 (5),,,24.0,parsed_from_inverter_name,96.58,,
fronius,2026-01-16,a93e4e65-6f50-4a8f-a7e3-99abdfcf11e9,Penner Farms - 33-8-13 pump (site 3),5e62605a-bcfd-40e2-9800-ae0401315562,Symo  24.0-3 480 (6),,,24.0,parsed_from_inverter_name,93.33,,
fronius,2026-01-16,a93e4e65-6f50-4a8f-a7e3-99abdfcf11e9,Penner Farms - 33-8-13 pump (site 3),9e930636-d5a2-4a25-8fd9-ae0401315583,Symo  24.0-3 480 (8),,,24.0,parsed_from_inverter_name,97.58,,
fronius,2026-01-16,a93e4e65-6f50-4a8f-a7e3-99abdfcf11e9,Penner Farms - 33-8-13 pump (site 3),65ec44a7-931c-4a8a-a211-ae0401315570,Symo 24.0-3 480 (7),,,24.0,parsed_from_inverter_name,95.26,,
fronius,2026-01-17,a93e4e65-6f50-4a8f-a7e3-99abdfcf11e9,Penner Farms - 33-8-13 pump (site 3),fc5ec049-e0c5-4028-9ffe-ae040131554a,Symo  24.0-3 480 (1),,,24.0,parsed_from_inverter_name,98.79,,
fronius,2026-01-17,a93e4e65-6f50-4a8f-a7e3-99abdfcf11e9,Penner Farms - 33-8-13 pump (site 3),720c11c1-519e-4635-aa64-ae0401315554,Symo  24.0-3 480 (5),,,24.0,parsed_from_inverter_name,101.23,,
fronius,2026-01-17,a93e4e65-6f50-4a8f-a7e3-99abdfcf11e9,Penner Farms - 33-8-13 pump (site 3),5e62605a-bcfd-40e2-9800-ae0401315562,Symo  24.0-3 480 (6),,,24.0,parsed_from_inverter_name,95.86,,
fronius,2026-01-17,a93e4e65-6f50-4a8f-a7e3-99abdfcf11e9,Penner Farms - 33-8-13 pump (site 3),9e930636-d5a2-4a25-8fd9-ae0401315583,Symo  24.0-3 480 (8),,,24.0,parsed_from_inverter_name,102.05,,
fronius,2026-01-17,a93e4e65-6f50-4a8f-a7e3-99abdfcf11e9,Penner Farms - 33-8-13 pump (site 3),65ec44a7-931c-4a8a-a211-ae0401315570,Symo 24.0-3 480 (7),,,24.0,parsed_from_inverter_name,97.91,,
fronius,2026-01-18,a93e4e65-6f50-4a8f-a7e3-99abdfcf11e9,Penner Farms - 33-8-13 pump (site 3),fc5ec049-e0c5-4028-9ffe-ae040131554a,Symo  24.0-3 480 (1),,,24.0,parsed_from_inverter_name,75.49,,
fronius,2026-01-18,a93e4e65-6f50-4a8f-a7e3-99abdfcf11e9,Penner Farms - 33-8-13 pump (site 3),720c11c1-519e-4635-aa64-ae0401315554,Symo  24.0-3 480 (5),,,24.0,parsed_from_inverter_name,75.6,,
fronius,2026-01-18,a93e4e65-6f50-4a8f-a7e3-99abdfcf11e9,Penner Farms - 33-8-13 pump (site 3),5e62605a-bcfd-40e2-9800-ae0401315562,Symo  24.0-3 480 (6),,,24.0,parsed_from_inverter_name,75.06,,
fronius,2026-01-18,a93e4e65-6f50-4a8f-a7e3-99abdfcf11e9,Penner Farms - 33-8-13 pump (site 3),9e930636-d5a2-4a25-8fd9-ae0401315583,Symo  24.0-3 480 (8),,,24.0,parsed_from_inverter_name,75.69,,
fronius,2026-01-18,a93e4e65-6f50-4a8f-a7e3-99abdfcf11e9,Penner Farms - 33-8-13 pump (site 3),65ec44a7-931c-4a8a-a211-ae0401315570,Symo 24.0-3 480 (7),,,24.0,parsed_from_inverter_name,75.39,,
fronius,2026-01-19,a93e4e65-6f50-4a8f-a7e3-99abdfcf11e9,Penner Farms - 33-8-13 pump (site 3),fc5ec049-e0c5-4028-9ffe-ae040131554a,Symo  24.0-3 480 (1),,,24.0,parsed_from_inverter_name,70.92,,
fronius,2026-01-19,a93e4e65-6f50-4a8f-a7e3-99abdfcf11e9,Penner Farms - 33-8-13 pump (site 3),720c11c1-519e-4635-aa64-ae0401315554,Symo  24.0-3 480 (5),,,24.0,parsed_from_inverter_name,73.31,,
fronius,2026-01-19,a93e4e65-6f50-4a8f-a7e3-99abdfcf11e9,Penner Farms - 33-8-13 pump (site 3),5e62605a-bcfd-40e2-9800-ae0401315562,Symo  24.0-3 480 (6),,,24.0,parsed_from_inverter_name,68.87,,
fronius,2026-01-19,a93e4e65-6f50-4a8f-a7e3-99abdfcf11e9,Penner Farms - 33-8-13 pump (site 3),9e930636-d5a2-4a25-8fd9-ae0401315583,Symo  24.0-3 480 (8),,,24.0,parsed_from_inverter_name,73.9,,
fronius,2026-01-19,a93e4e65-6f50-4a8f-a7e3-99abdfcf11e9,Penner Farms - 33-8-13 pump (site 3),65ec44a7-931c-4a8a-a211-ae0401315570,Symo 24.0-3 480 (7),,,24.0,parsed_from_inverter_name,70.51,,
fronius,2026-01-20,a93e4e65-6f50-4a8f-a7e3-99abdfcf11e9,Penner Farms - 33-8-13 pump (site 3),fc5ec049-e0c5-4028-9ffe-ae040131554a,Symo  24.0-3 480 (1),,,24.0,parsed_from_inverter_name,23.28,,
fronius,2026-01-20,a93e4e65-6f50-4a8f-a7e3-99abdfcf11e9,Penner Farms - 33-8-13 pump (site 3),720c11c1-519e-4635-aa64-ae0401315554,Symo  24.0-3 480 (5),,,24.0,parsed_from_inverter_name,26.72,,
fronius,2026-01-20,a93e4e65-6f50-4a8f-a7e3-99abdfcf11e9,Penner Farms - 33-8-13 pump (site 3),5e62605a-bcfd-40e2-9800-ae0401315562,Symo  24.0-3 480 (6),,,24.0,parsed_from_inverter_name,21.32,,
fronius,2026-01-20,a93e4e65-6f50-4a8f-a7e3-99abdfcf11e9,Penner Farms - 33-8-13 pump (site 3),9e930636-d5a2-4a25-8fd9-ae0401315583,Symo  24.0-3 480 (8),,,24.0,parsed_from_inverter_name,29.22,,
fronius,2026-01-20,a93e4e65-6f50-4a8f-a7e3-99abdfcf11e9,Penner Farms - 33-8-13 pump (site 3),65ec44a7-931c-4a8a-a211-ae0401315570,Symo 24.0-3 480 (7),,,24.0,parsed_from_inverter_name,21.46,,
fronius,2026-01-21,a93e4e65-6f50-4a8f-a7e3-99abdfcf11e9,Penner Farms - 33-8-13 pump (site 3),fc5ec049-e0c5-4028-9ffe-ae040131554a,Symo  24.0-3 480 (1),,,24.0,parsed_from_inverter_name,99.44,,
fronius,2026-01-21,a93e4e65-6f50-4a8f-a7e3-99abdfcf11e9,Penner Farms - 33-8-13 pump (site 3),720c11c1-519e-4635-aa64-ae0401315554,Symo  24.0-3 480 (5),,,24.0,parsed_from_inverter_name,106.93,,
fronius,2026-01-21,a93e4e65-6f50-4a8f-a7e3-99abdfcf11e9,Penner Farms - 33-8-13 pump (site 3),5e62605a-bcfd-40e2-9800-ae0401315562,Symo  24.0-3 480 (6),,,24.0,parsed_from_inverter_name,99.06,,
fronius,2026-01-21,a93e4e65-6f50-4a8f-a7e3-99abdfcf11e9,Penner Farms - 33-8-13 pump (site 3),9e930636-d5a2-4a25-8fd9-ae0401315583,Symo  24.0-3 480 (8),,,24.0,parsed_from_inverter_name,109.74,,
fronius,2026-01-21,a93e4e65-6f50-4a8f-a7e3-99abdfcf11e9,Penner Farms - 33-8-13 pump (site 3),65ec44a7-931c-4a8a-a211-ae0401315570,Symo 24.0-3 480 (7),,,24.0,parsed_from_inverter_name,101.0,,
fronius,2026-01-22,a93e4e65-6f50-4a8f-a7e3-99abdfcf11e9,Penner Farms - 33-8-13 pump (site 3),fc5ec049-e0c5-4028-9ffe-ae040131554a,Symo  24.0-3 480 (1),,,24.0,parsed_from_inverter_name,39.05,,
fronius,2026-01-22,a93e4e65-6f50-4a8f-a7e3-99abdfcf11e9,Penner Farms - 33-8-13 pump (site 3),720c11c1-519e-4635-aa64-ae0401315554,Symo  24.0-3 480 (5),,,24.0,parsed_from_inverter_name,38.61,,
fronius,2026-01-22,a93e4e65-6f50-4a8f-a7e3-99abdfcf11e9,Penner Farms - 33-8-13 pump (site 3),5e62605a-bcfd-40e2-9800-ae0401315562,Symo  24.0-3 480 (6),,,24.0,parsed_from_inverter_name,37.7,,
fronius,2026-01-22,a93e4e65-6f50-4a8f-a7e3-99abdfcf11e9,Penner Farms - 33-8-13 pump (site 3),9e930636-d5a2-4a25-8fd9-ae0401315583,Symo  24.0-3 480 (8),,,24.0,parsed_from_inverter_name,38.93,,
fronius,2026-01-22,a93e4e65-6f50-4a8f-a7e3-99abdfcf11e9,Penner Farms - 33-8-13 pump (site 3),65ec44a7-931c-4a8a-a211-ae0401315570,Symo 24.0-3 480 (7),,,24.0,parsed_from_inverter_name,37.99,,
fronius,2026-01-23,a93e4e65-6f50-4a8f-a7e3-99abdfcf11e9,Penner Farms - 33-8-13 pump (site 3),fc5ec049-e0c5-4028-9ffe-ae040131554a,Symo  24.0-3 480 (1),,,24.0,parsed_from_inverter_name,102.32,,
fronius,2026-01-23,a93e4e65-6f50-4a8f-a7e3-99abdfcf11e9,Penner Farms - 33-8-13 pump (site 3),720c11c1-519e-4635-aa64-ae0401315554,Symo  24.0-3 480 (5),,,24.0,parsed_from_inverter_name,103.87,,
fronius,2026-01-23,a93e4e65-6f50-4a8f-a7e3-99abdfcf11e9,Penner Farms - 33-8-13 pump (site 3),5e62605a-bcfd-40e2-9800-ae0401315562,Symo  24.0-3 480 (6),,,24.0,parsed_from_inverter_name,98.25,,
fronius,2026-01-23,a93e4e65-6f50-4a8f-a7e3-99abdfcf11e9,Penner Farms - 33-8-13 pump (site 3),9e930636-d5a2-4a25-8fd9-ae0401315583,Symo  24.0-3 480 (8),,,24.0,parsed_from_inverter_name,104.49,,
fronius,2026-01-23,a93e4e65-6f50-4a8f-a7e3-99abdfcf11e9,Penner Farms - 33-8-13 pump (site 3),65ec44a7-931c-4a8a-a211-ae0401315570,Symo 24.0-3 480 (7),,,24.0,parsed_from_inverter_name,99.05,,
fronius,2026-01-24,a93e4e65-6f50-4a8f-a7e3-99abdfcf11e9,Penner Farms - 33-8-13 pump (site 3),fc5ec049-e0c5-4028-9ffe-ae040131554a,Symo  24.0-3 480 (1),,,24.0,parsed_from_inverter_name,21.8,,
fronius,2026-01-24,a93e4e65-6f50-4a8f-a7e3-99abdfcf11e9,Penner Farms - 33-8-13 pump (site 3),720c11c1-519e-4635-aa64-ae0401315554,Symo  24.0-3 480 (5),,,24.0,parsed_from_inverter_name,26.25,,
fronius,2026-01-24,a93e4e65-6f50-4a8f-a7e3-99abdfcf11e9,Penner Farms - 33-8-13 pump (site 3),5e62605a-bcfd-40e2-9800-ae0401315562,Symo  24.0-3 480 (6),,,24.0,parsed_from_inverter_name,20.45,,
fronius,2026-01-24,a93e4e65-6f50-4a8f-a7e3-99abdfcf11e9,Penner Farms - 33-8-13 pump (site 3),9e930636-d5a2-4a25-8fd9-ae0401315583,Symo  24.0-3 480 (8),,,24.0,parsed_from_inverter_name,29.84,,
fronius,2026-01-24,a93e4e65-6f50-4a8f-a7e3-99abdfcf11e9,Penner Farms - 33-8-13 pump (site 3),65ec44a7-931c-4a8a-a211-ae0401315570,Symo 24.0-3 480 (7),,,24.0,parsed_from_inverter_name,23.42,,
fronius,2026-01-25,a93e4e65-6f50-4a8f-a7e3-99abdfcf11e9,Penner Farms - 33-8-13 pump (site 3),fc5ec049-e0c5-4028-9ffe-ae040131554a,Symo  24.0-3 480 (1),,,24.0,parsed_from_inverter_name,62.29,,
fronius,2026-01-25,a93e4e65-6f50-4a8f-a7e3-99abdfcf11e9,Penner Farms - 33-8-13 pump (site 3),720c11c1-519e-4635-aa64-ae0401315554,Symo  24.0-3 480 (5),,,24.0,parsed_from_inverter_name,75.51,,
fronius,2026-01-25,a93e4e65-6f50-4a8f-a7e3-99abdfcf11e9,Penner Farms - 33-8-13 pump (site 3),5e62605a-bcfd-40e2-9800-ae0401315562,Symo  24.0-3 480 (6),,,24.0,parsed_from_inverter_name,50.53,,
fronius,2026-01-25,a93e4e65-6f50-4a8f-a7e3-99abdfcf11e9,Penner Farms - 33-8-13 pump (site 3),9e930636-d5a2-4a25-8fd9-ae0401315583,Symo  24.0-3 480 (8),,,24.0,parsed_from_inverter_name,82.28,,
fronius,2026-01-25,a93e4e65-6f50-4a8f-a7e3-99abdfcf11e9,Penner Farms - 33-8-13 pump (site 3),65ec44a7-931c-4a8a-a211-ae0401315570,Symo 24.0-3 480 (7),,,24.0,parsed_from_inverter_name,59.88,,
fronius,2026-01-26,a93e4e65-6f50-4a8f-a7e3-99abdfcf11e9,Penner Farms - 33-8-13 pump (site 3),fc5ec049-e0c5-4028-9ffe-ae040131554a,Symo  24.0-3 480 (1),,,24.0,parsed_from_inverter_name,69.4,,
fronius,2026-01-26,a93e4e65-6f50-4a8f-a7e3-99abdfcf11e9,Penner Farms - 33-8-13 pump (site 3),720c11c1-519e-4635-aa64-ae0401315554,Symo  24.0-3 480 (5),,,24.0,parsed_from_inverter_name,72.22,,
fronius,2026-01-26,a93e4e65-6f50-4a8f-a7e3-99abdfcf11e9,Penner Farms - 33-8-13 pump (site 3),5e62605a-bcfd-40e2-9800-ae0401315562,Symo  24.0-3 480 (6),,,24.0,parsed_from_inverter_name,63.48,,
fronius,2026-01-26,a93e4e65-6f50-4a8f-a7e3-99abdfcf11e9,Penner Farms - 33-8-13 pump (site 3),9e930636-d5a2-4a25-8fd9-ae0401315583,Symo  24.0-3 480 (8),,,24.0,parsed_from_inverter_name,75.52,,
fronius,2026-01-26,a93e4e65-6f50-4a8f-a7e3-99abdfcf11e9,Penner Farms - 33-8-13 pump (site 3),65ec44a7-931c-4a8a-a211-ae0401315570,Symo 24.0-3 480 (7),,,24.0,parsed_from_inverter_name,65.44,,
fronius,2026-01-27,a93e4e65-6f50-4a8f-a7e3-99abdfcf11e9,Penner Farms - 33-8-13 pump (site 3),fc5ec049-e0c5-4028-9ffe-ae040131554a,Symo  24.0-3 480 (1),,,24.0,parsed_from_inverter_name,125.68,,
fronius,2026-01-27,a93e4e65-6f50-4a8f-a7e3-99abdfcf11e9,Penner Farms - 33-8-13 pump (site 3),720c11c1-519e-4635-aa64-ae0401315554,Symo  24.0-3 480 (5),,,24.0,parsed_from_inverter_name,128.37,,
fronius,2026-01-27,a93e4e65-6f50-4a8f-a7e3-99abdfcf11e9,Penner Farms - 33-8-13 pump (site 3),5e62605a-bcfd-40e2-9800-ae0401315562,Symo  24.0-3 480 (6),,,24.0,parsed_from_inverter_name,121.33,,
fronius,2026-01-27,a93e4e65-6f50-4a8f-a7e3-99abdfcf11e9,Penner Farms - 33-8-13 pump (site 3),9e930636-d5a2-4a25-8fd9-ae0401315583,Symo  24.0-3 480 (8),,,24.0,parsed_from_inverter_name,129.94,,
fronius,2026-01-27,a93e4e65-6f50-4a8f-a7e3-99abdfcf11e9,Penner Farms - 33-8-13 pump (site 3),65ec44a7-931c-4a8a-a211-ae0401315570,Symo 24.0-3 480 (7),,,24.0,parsed_from_inverter_name,123.86,,
fronius,2026-01-28,a93e4e65-6f50-4a8f-a7e3-99abdfcf11e9,Penner Farms - 33-8-13 pump (site 3),fc5ec049-e0c5-4028-9ffe-ae040131554a,Symo  24.0-3 480 (1),,,24.0,parsed_from_inverter_name,33.19,,
fronius,2026-01-28,a93e4e65-6f50-4a8f-a7e3-99abdfcf11e9,Penner Farms - 33-8-13 pump (site 3),720c11c1-519e-4635-aa64-ae0401315554,Symo  24.0-3 480 (5),,,24.0,parsed_from_inverter_name,33.7,,
fronius,2026-01-28,a93e4e65-6f50-4a8f-a7e3-99abdfcf11e9,Penner Farms - 33-8-13 pump (site 3),5e62605a-bcfd-40e2-9800-ae0401315562,Symo  24.0-3 480 (6),,,24.0,parsed_from_inverter_name,33.0,,
fronius,2026-01-28,a93e4e65-6f50-4a8f-a7e3-99abdfcf11e9,Penner Farms - 33-8-13 pump (site 3),9e930636-d5a2-4a25-8fd9-ae0401315583,Symo  24.0-3 480 (8),,,24.0,parsed_from_inverter_name,33.7,,
fronius,2026-01-28,a93e4e65-6f50-4a8f-a7e3-99abdfcf11e9,Penner Farms - 33-8-13 pump (site 3),65ec44a7-931c-4a8a-a211-ae0401315570,Symo 24.0-3 480 (7),,,24.0,parsed_from_inverter_name,33.01,,
fronius,2026-01-29,a93e4e65-6f50-4a8f-a7e3-99abdfcf11e9,Penner Farms - 33-8-13 pump (site 3),fc5ec049-e0c5-4028-9ffe-ae040131554a,Symo  24.0-3 480 (1),,,24.0,parsed_from_inverter_name,82.13,,
fronius,2026-01-29,a93e4e65-6f50-4a8f-a7e3-99abdfcf11e9,Penner Farms - 33-8-13 pump (site 3),720c11c1-519e-4635-aa64-ae0401315554,Symo  24.0-3 480 (5),,,24.0,parsed_from_inverter_name,83.85,,
fronius,2026-01-29,a93e4e65-6f50-4a8f-a7e3-99abdfcf11e9,Penner Farms - 33-8-13 pump (site 3),5e62605a-bcfd-40e2-9800-ae0401315562,Symo  24.0-3 480 (6),,,24.0,parsed_from_inverter_name,80.34,,
fronius,2026-01-29,a93e4e65-6f50-4a8f-a7e3-99abdfcf11e9,Penner Farms - 33-8-13 pump (site 3),9e930636-d5a2-4a25-8fd9-ae0401315583,Symo  24.0-3 480 (8),,,24.0,parsed_from_inverter_name,84.41,,
fronius,2026-01-29,a93e4e65-6f50-4a8f-a7e3-99abdfcf11e9,Penner Farms - 33-8-13 pump (site 3),65ec44a7-931c-4a8a-a211-ae0401315570,Symo 24.0-3 480 (7),,,24.0,parsed_from_inverter_name,81.42,,
fronius,2026-01-30,a93e4e65-6f50-4a8f-a7e3-99abdfcf11e9,Penner Farms - 33-8-13 pump (site 3),fc5ec049-e0c5-4028-9ffe-ae040131554a,Symo  24.0-3 480 (1),,,24.0,parsed_from_inverter_name,48.09,,
fronius,2026-01-30,a93e4e65-6f50-4a8f-a7e3-99abdfcf11e9,Penner Farms - 33-8-13 pump (site 3),720c11c1-519e-4635-aa64-ae0401315554,Symo  24.0-3 480 (5),,,24.0,parsed_from_inverter_name,48.43,,
fronius,2026-01-30,a93e4e65-6f50-4a8f-a7e3-99abdfcf11e9,Penner Farms - 33-8-13 pump (site 3),5e62605a-bcfd-40e2-9800-ae0401315562,Symo  24.0-3 480 (6),,,24.0,parsed_from_inverter_name,47.8,,
fronius,2026-01-30,a93e4e65-6f50-4a8f-a7e3-99abdfcf11e9,Penner Farms - 33-8-13 pump (site 3),9e930636-d5a2-4a25-8fd9-ae0401315583,Symo  24.0-3 480 (8),,,24.0,parsed_from_inverter_name,48.58,,
fronius,2026-01-30,a93e4e65-6f50-4a8f-a7e3-99abdfcf11e9,Penner Farms - 33-8-13 pump (site 3),65ec44a7-931c-4a8a-a211-ae0401315570,Symo 24.0-3 480 (7),,,24.0,parsed_from_inverter_name,48.03,,
fronius,2026-01-31,a93e4e65-6f50-4a8f-a7e3-99abdfcf11e9,Penner Farms - 33-8-13 pump (site 3),fc5ec049-e0c5-4028-9ffe-ae040131554a,Symo  24.0-3 480 (1),,,24.0,parsed_from_inverter_name,107.33,,
fronius,2026-01-31,a93e4e65-6f50-4a8f-a7e3-99abdfcf11e9,Penner Farms - 33-8-13 pump (site 3),720c11c1-519e-4635-aa64-ae0401315554,Symo  24.0-3 480 (5),,,24.0,parsed_from_inverter_name,110.21,,
fronius,2026-01-31,a93e4e65-6f50-4a8f-a7e3-99abdfcf11e9,Penner Farms - 33-8-13 pump (site 3),5e62605a-bcfd-40e2-9800-ae0401315562,Symo  24.0-3 480 (6),,,24.0,parsed_from_inverter_name,108.13,,
fronius,2026-01-31,a93e4e65-6f50-4a8f-a7e3-99abdfcf11e9,Penner Farms - 33-8-13 pump (site 3),9e930636-d5a2-4a25-8fd9-ae0401315583,Symo  24.0-3 480 (8),,,24.0,parsed_from_inverter_name,111.01,,
fronius,2026-01-31,a93e4e65-6f50-4a8f-a7e3-99abdfcf11e9,Penner Farms - 33-8-13 pump (site 3),65ec44a7-931c-4a8a-a211-ae0401315570,Symo 24.0-3 480 (7),,,24.0,parsed_from_inverter_name,109.24,,
fronius,2026-02-01,a93e4e65-6f50-4a8f-a7e3-99abdfcf11e9,Penner Farms - 33-8-13 pump (site 3),fc5ec049-e0c5-4028-9ffe-ae040131554a,Symo  24.0-3 480 (1),,,24.0,parsed_from_inverter_name,36.67,,
fronius,2026-02-01,a93e4e65-6f50-4a8f-a7e3-99abdfcf11e9,Penner Farms - 33-8-13 pump (site 3),720c11c1-519e-4635-aa64-ae0401315554,Symo  24.0-3 480 (5),,,24.0,parsed_from_inverter_name,37.15,,
fronius,2026-02-01,a93e4e65-6f50-4a8f-a7e3-99abdfcf11e9,Penner Farms - 33-8-13 pump (site 3),5e62605a-bcfd-40e2-9800-ae0401315562,Symo  24.0-3 480 (6),,,24.0,parsed_from_inverter_name,36.26,,
fronius,2026-02-01,a93e4e65-6f50-4a8f-a7e3-99abdfcf11e9,Penner Farms - 33-8-13 pump (site 3),9e930636-d5a2-4a25-8fd9-ae0401315583,Symo  24.0-3 480 (8),,,24.0,parsed_from_inverter_name,37.23,,
fronius,2026-02-01,a93e4e65-6f50-4a8f-a7e3-99abdfcf11e9,Penner Farms - 33-8-13 pump (site 3),65ec44a7-931c-4a8a-a211-ae0401315570,Symo 24.0-3 480 (7),,,24.0,parsed_from_inverter_name,36.55,,
fronius,2026-02-02,a93e4e65-6f50-4a8f-a7e3-99abdfcf11e9,Penner Farms - 33-8-13 pump (site 3),fc5ec049-e0c5-4028-9ffe-ae040131554a,Symo  24.0-3 480 (1),,,24.0,parsed_from_inverter_name,118.07,,
fronius,2026-02-02,a93e4e65-6f50-4a8f-a7e3-99abdfcf11e9,Penner Farms - 33-8-13 pump (site 3),720c11c1-519e-4635-aa64-ae0401315554,Symo  24.0-3 480 (5),,,24.0,parsed_from_inverter_name,118.74,,
fronius,2026-02-02,a93e4e65-6f50-4a8f-a7e3-99abdfcf11e9,Penner Farms - 33-8-13 pump (site 3),5e62605a-bcfd-40e2-9800-ae0401315562,Symo  24.0-3 480 (6),,,24.0,parsed_from_inverter_name,117.31,,
fronius,2026-02-02,a93e4e65-6f50-4a8f-a7e3-99abdfcf11e9,Penner Farms - 33-8-13 pump (site 3),9e930636-d5a2-4a25-8fd9-ae0401315583,Symo  24.0-3 480 (8),,,24.0,parsed_from_inverter_name,119.49,,
fronius,2026-02-02,a93e4e65-6f50-4a8f-a7e3-99abdfcf11e9,Penner Farms - 33-8-13 pump (site 3),65ec44a7-931c-4a8a-a211-ae0401315570,Symo 24.0-3 480 (7),,,24.0,parsed_from_inverter_name,118.37,,
fronius,2026-02-03,a93e4e65-6f50-4a8f-a7e3-99abdfcf11e9,Penner Farms - 33-8-13 pump (site 3),fc5ec049-e0c5-4028-9ffe-ae040131554a,Symo  24.0-3 480 (1),,,24.0,parsed_from_inverter_name,86.96,,
fronius,2026-02-03,a93e4e65-6f50-4a8f-a7e3-99abdfcf11e9,Penner Farms - 33-8-13 pump (site 3),720c11c1-519e-4635-aa64-ae0401315554,Symo  24.0-3 480 (5),,,24.0,parsed_from_inverter_name,87.9,,
fronius,2026-02-03,a93e4e65-6f50-4a8f-a7e3-99abdfcf11e9,Penner Farms - 33-8-13 pump (site 3),5e62605a-bcfd-40e2-9800-ae0401315562,Symo  24.0-3 480 (6),,,24.0,parsed_from_inverter_name,86.02,,
fronius,2026-02-03,a93e4e65-6f50-4a8f-a7e3-99abdfcf11e9,Penner Farms - 33-8-13 pump (site 3),9e930636-d5a2-4a25-8fd9-ae0401315583,Symo  24.0-3 480 (8),,,24.0,parsed_from_inverter_name,88.51,,
fronius,2026-02-03,a93e4e65-6f50-4a8f-a7e3-99abdfcf11e9,Penner Farms - 33-8-13 pump (site 3),65ec44a7-931c-4a8a-a211-ae0401315570,Symo 24.0-3 480 (7),,,24.0,parsed_from_inverter_name,86.92,,
fronius,2026-02-04,a93e4e65-6f50-4a8f-a7e3-99abdfcf11e9,Penner Farms - 33-8-13 pump (site 3),fc5ec049-e0c5-4028-9ffe-ae040131554a,Symo  24.0-3 480 (1),,,24.0,parsed_from_inverter_name,76.03,,
fronius,2026-02-04,a93e4e65-6f50-4a8f-a7e3-99abdfcf11e9,Penner Farms - 33-8-13 pump (site 3),720c11c1-519e-4635-aa64-ae0401315554,Symo  24.0-3 480 (5),,,24.0,parsed_from_inverter_name,76.43,,
fronius,2026-02-04,a93e4e65-6f50-4a8f-a7e3-99abdfcf11e9,Penner Farms - 33-8-13 pump (site 3),5e62605a-bcfd-40e2-9800-ae0401315562,Symo  24.0-3 480 (6),,,24.0,parsed_from_inverter_name,75.97,,
fronius,2026-02-04,a93e4e65-6f50-4a8f-a7e3-99abdfcf11e9,Penner Farms - 33-8-13 pump (site 3),9e930636-d5a2-4a25-8fd9-ae0401315583,Symo  24.0-3 480 (8),,,24.0,parsed_from_inverter_name,76.86,,
fronius,2026-02-04,a93e4e65-6f50-4a8f-a7e3-99abdfcf11e9,Penner Farms - 33-8-13 pump (site 3),65ec44a7-931c-4a8a-a211-ae0401315570,Symo 24.0-3 480 (7),,,24.0,parsed_from_inverter_name,76.46,,
fronius,2026-02-05,a93e4e65-6f50-4a8f-a7e3-99abdfcf11e9,Penner Farms - 33-8-13 pump (site 3),fc5ec049-e0c5-4028-9ffe-ae040131554a,Symo  24.0-3 480 (1),,,24.0,parsed_from_inverter_name,133.6,,
fronius,2026-02-05,a93e4e65-6f50-4a8f-a7e3-99abdfcf11e9,Penner Farms - 33-8-13 pump (site 3),720c11c1-519e-4635-aa64-ae0401315554,Symo  24.0-3 480 (5),,,24.0,parsed_from_inverter_name,134.41,,
fronius,2026-02-05,a93e4e65-6f50-4a8f-a7e3-99abdfcf11e9,Penner Farms - 33-8-13 pump (site 3),5e62605a-bcfd-40e2-9800-ae0401315562,Symo  24.0-3 480 (6),,,24.0,parsed_from_inverter_name,132.17,,
fronius,2026-02-05,a93e4e65-6f50-4a8f-a7e3-99abdfcf11e9,Penner Farms - 33-8-13 pump (site 3),9e930636-d5a2-4a25-8fd9-ae0401315583,Symo  24.0-3 480 (8),,,24.0,parsed_from_inverter_name,135.24,,
fronius,2026-02-05,a93e4e65-6f50-4a8f-a7e3-99abdfcf11e9,Penner Farms - 33-8-13 pump (site 3),65ec44a7-931c-4a8a-a211-ae0401315570,Symo 24.0-3 480 (7),,,24.0,parsed_from_inverter_name,133.98,,
fronius,2026-02-06,a93e4e65-6f50-4a8f-a7e3-99abdfcf11e9,Penner Farms - 33-8-13 pump (site 3),fc5ec049-e0c5-4028-9ffe-ae040131554a,Symo  24.0-3 480 (1),,,24.0,parsed_from_inverter_name,111.44,,
fronius,2026-02-06,a93e4e65-6f50-4a8f-a7e3-99abdfcf11e9,Penner Farms - 33-8-13 pump (site 3),720c11c1-519e-4635-aa64-ae0401315554,Symo  24.0-3 480 (5),,,24.0,parsed_from_inverter_name,112.33,,
fronius,2026-02-06,a93e4e65-6f50-4a8f-a7e3-99abdfcf11e9,Penner Farms - 33-8-13 pump (site 3),5e62605a-bcfd-40e2-9800-ae0401315562,Symo  24.0-3 480 (6),,,24.0,parsed_from_inverter_name,110.61,,
fronius,2026-02-06,a93e4e65-6f50-4a8f-a7e3-99abdfcf11e9,Penner Farms - 33-8-13 pump (site 3),9e930636-d5a2-4a25-8fd9-ae0401315583,Symo  24.0-3 480 (8),,,24.0,parsed_from_inverter_name,113.0,,
fronius,2026-02-06,a93e4e65-6f50-4a8f-a7e3-99abdfcf11e9,Penner Farms - 33-8-13 pump (site 3),65ec44a7-931c-4a8a-a211-ae0401315570,Symo 24.0-3 480 (7),,,24.0,parsed_from_inverter_name,111.68,,
fronius,2026-02-07,a93e4e65-6f50-4a8f-a7e3-99abdfcf11e9,Penner Farms - 33-8-13 pump (site 3),fc5ec049-e0c5-4028-9ffe-ae040131554a,Symo  24.0-3 480 (1),,,24.0,parsed_from_inverter_name,106.15,,
fronius,2026-02-07,a93e4e65-6f50-4a8f-a7e3-99abdfcf11e9,Penner Farms - 33-8-13 pump (site 3),720c11c1-519e-4635-aa64-ae0401315554,Symo  24.0-3 480 (5),,,24.0,parsed_from_inverter_name,106.73,,
fronius,2026-02-07,a93e4e65-6f50-4a8f-a7e3-99abdfcf11e9,Penner Farms - 33-8-13 pump (site 3),5e62605a-bcfd-40e2-9800-ae0401315562,Symo  24.0-3 480 (6),,,24.0,parsed_from_inverter_name,105.8,,
fronius,2026-02-07,a93e4e65-6f50-4a8f-a7e3-99abdfcf11e9,Penner Farms - 33-8-13 pump (site 3),9e930636-d5a2-4a25-8fd9-ae0401315583,Symo  24.0-3 480 (8),,,24.0,parsed_from_inverter_name,107.27,,
fronius,2026-02-07,a93e4e65-6f50-4a8f-a7e3-99abdfcf11e9,Penner Farms - 33-8-13 pump (site 3),65ec44a7-931c-4a8a-a211-ae0401315570,Symo 24.0-3 480 (7),,,24.0,parsed_from_inverter_name,106.63,,
fronius,2026-02-08,a93e4e65-6f50-4a8f-a7e3-99abdfcf11e9,Penner Farms - 33-8-13 pump (site 3),fc5ec049-e0c5-4028-9ffe-ae040131554a,Symo  24.0-3 480 (1),,,24.0,parsed_from_inverter_name,53.03,,
fronius,2026-02-08,a93e4e65-6f50-4a8f-a7e3-99abdfcf11e9,Penner Farms - 33-8-13 pump (site 3),720c11c1-519e-4635-aa64-ae0401315554,Symo  24.0-3 480 (5),,,24.0,parsed_from_inverter_name,53.88,,
fronius,2026-02-08,a93e4e65-6f50-4a8f-a7e3-99abdfcf11e9,Penner Farms - 33-8-13 pump (site 3),5e62605a-bcfd-40e2-9800-ae0401315562,Symo  24.0-3 480 (6),,,24.0,parsed_from_inverter_name,52.47,,
fronius,2026-02-08,a93e4e65-6f50-4a8f-a7e3-99abdfcf11e9,Penner Farms - 33-8-13 pump (site 3),9e930636-d5a2-4a25-8fd9-ae0401315583,Symo  24.0-3 480 (8),,,24.0,parsed_from_inverter_name,54.12,,
fronius,2026-02-08,a93e4e65-6f50-4a8f-a7e3-99abdfcf11e9,Penner Farms - 33-8-13 pump (site 3),65ec44a7-931c-4a8a-a211-ae0401315570,Symo 24.0-3 480 (7),,,24.0,parsed_from_inverter_name,53.03,,
fronius,2026-02-09,a93e4e65-6f50-4a8f-a7e3-99abdfcf11e9,Penner Farms - 33-8-13 pump (site 3),fc5ec049-e0c5-4028-9ffe-ae040131554a,Symo  24.0-3 480 (1),,,24.0,parsed_from_inverter_name,71.47,,
fronius,2026-02-09,a93e4e65-6f50-4a8f-a7e3-99abdfcf11e9,Penner Farms - 33-8-13 pump (site 3),720c11c1-519e-4635-aa64-ae0401315554,Symo  24.0-3 480 (5),,,24.0,parsed_from_inverter_name,72.02,,
fronius,2026-02-09,a93e4e65-6f50-4a8f-a7e3-99abdfcf11e9,Penner Farms - 33-8-13 pump (site 3),5e62605a-bcfd-40e2-9800-ae0401315562,Symo  24.0-3 480 (6),,,24.0,parsed_from_inverter_name,71.5,,
fronius,2026-02-09,a93e4e65-6f50-4a8f-a7e3-99abdfcf11e9,Penner Farms - 33-8-13 pump (site 3),9e930636-d5a2-4a25-8fd9-ae0401315583,Symo  24.0-3 480 (8),,,24.0,parsed_from_inverter_name,71.03,,
fronius,2026-02-09,a93e4e65-6f50-4a8f-a7e3-99abdfcf11e9,Penner Farms - 33-8-13 pump (site 3),65ec44a7-931c-4a8a-a211-ae0401315570,Symo 24.0-3 480 (7),,,24.0,parsed_from_inverter_name,72.08,,
fronius,2026-02-10,a93e4e65-6f50-4a8f-a7e3-99abdfcf11e9,Penner Farms - 33-8-13 pump (site 3),fc5ec049-e0c5-4028-9ffe-ae040131554a,Symo  24.0-3 480 (1),,,24.0,parsed_from_inverter_name,144.13,,
fronius,2026-02-10,a93e4e65-6f50-4a8f-a7e3-99abdfcf11e9,Penner Farms - 33-8-13 pump (site 3),720c11c1-519e-4635-aa64-ae0401315554,Symo  24.0-3 480 (5),,,24.0,parsed_from_inverter_name,147.31,,
fronius,2026-02-10,a93e4e65-6f50-4a8f-a7e3-99abdfcf11e9,Penner Farms - 33-8-13 pump (site 3),5e62605a-bcfd-40e2-9800-ae0401315562,Symo  24.0-3 480 (6),,,24.0,parsed_from_inverter_name,145.48,,
fronius,2026-02-10,a93e4e65-6f50-4a8f-a7e3-99abdfcf11e9,Penner Farms - 33-8-13 pump (site 3),9e930636-d5a2-4a25-8fd9-ae0401315583,Symo  24.0-3 480 (8),,,24.0,parsed_from_inverter_name,148.27,,
fronius,2026-02-10,a93e4e65-6f50-4a8f-a7e3-99abdfcf11e9,Penner Farms - 33-8-13 pump (site 3),65ec44a7-931c-4a8a-a211-ae0401315570,Symo 24.0-3 480 (7),,,24.0,parsed_from_inverter_name,147.51,,
fronius,2026-02-11,a93e4e65-6f50-4a8f-a7e3-99abdfcf11e9,Penner Farms - 33-8-13 pump (site 3),fc5ec049-e0c5-4028-9ffe-ae040131554a,Symo  24.0-3 480 (1),,,24.0,parsed_from_inverter_name,143.31,,
fronius,2026-02-11,a93e4e65-6f50-4a8f-a7e3-99abdfcf11e9,Penner Farms - 33-8-13 pump (site 3),720c11c1-519e-4635-aa64-ae0401315554,Symo  24.0-3 480 (5),,,24.0,parsed_from_inverter_name,146.51,,
fronius,2026-02-11,a93e4e65-6f50-4a8f-a7e3-99abdfcf11e9,Penner Farms - 33-8-13 pump (site 3),5e62605a-bcfd-40e2-9800-ae0401315562,Symo  24.0-3 480 (6),,,24.0,parsed_from_inverter_name,144.83,,
fronius,2026-02-11,a93e4e65-6f50-4a8f-a7e3-99abdfcf11e9,Penner Farms - 33-8-13 pump (site 3),9e930636-d5a2-4a25-8fd9-ae0401315583,Symo  24.0-3 480 (8),,,24.0,parsed_from_inverter_name,147.51,,
fronius,2026-02-11,a93e4e65-6f50-4a8f-a7e3-99abdfcf11e9,Penner Farms - 33-8-13 pump (site 3),65ec44a7-931c-4a8a-a211-ae0401315570,Symo 24.0-3 480 (7),,,24.0,parsed_from_inverter_name,146.73,,
fronius,2026-02-12,a93e4e65-6f50-4a8f-a7e3-99abdfcf11e9,Penner Farms - 33-8-13 pump (site 3),fc5ec049-e0c5-4028-9ffe-ae040131554a,Symo  24.0-3 480 (1),,,24.0,parsed_from_inverter_name,97.56,,
fronius,2026-02-12,a93e4e65-6f50-4a8f-a7e3-99abdfcf11e9,Penner Farms - 33-8-13 pump (site 3),720c11c1-519e-4635-aa64-ae0401315554,Symo  24.0-3 480 (5),,,24.0,parsed_from_inverter_name,97.92,,
fronius,2026-02-12,a93e4e65-6f50-4a8f-a7e3-99abdfcf11e9,Penner Farms - 33-8-13 pump (site 3),5e62605a-bcfd-40e2-9800-ae0401315562,Symo  24.0-3 480 (6),,,24.0,parsed_from_inverter_name,97.07,,
fronius,2026-02-12,a93e4e65-6f50-4a8f-a7e3-99abdfcf11e9,Penner Farms - 33-8-13 pump (site 3),9e930636-d5a2-4a25-8fd9-ae0401315583,Symo  24.0-3 480 (8),,,24.0,parsed_from_inverter_name,98.48,,
fronius,2026-02-12,a93e4e65-6f50-4a8f-a7e3-99abdfcf11e9,Penner Farms - 33-8-13 pump (site 3),65ec44a7-931c-4a8a-a211-ae0401315570,Symo 24.0-3 480 (7),,,24.0,parsed_from_inverter_name,97.91,,
fronius,2026-02-13,a93e4e65-6f50-4a8f-a7e3-99abdfcf11e9,Penner Farms - 33-8-13 pump (site 3),fc5ec049-e0c5-4028-9ffe-ae040131554a,Symo  24.0-3 480 (1),,,24.0,parsed_from_inverter_name,62.04,,
fronius,2026-02-13,a93e4e65-6f50-4a8f-a7e3-99abdfcf11e9,Penner Farms - 33-8-13 pump (site 3),720c11c1-519e-4635-aa64-ae0401315554,Symo  24.0-3 480 (5),,,24.0,parsed_from_inverter_name,62.31,,
fronius,2026-02-13,a93e4e65-6f50-4a8f-a7e3-99abdfcf11e9,Penner Farms - 33-8-13 pump (site 3),5e62605a-bcfd-40e2-9800-ae0401315562,Symo  24.0-3 480 (6),,,24.0,parsed_from_inverter_name,61.71,,
fronius,2026-02-13,a93e4e65-6f50-4a8f-a7e3-99abdfcf11e9,Penner Farms - 33-8-13 pump (site 3),9e930636-d5a2-4a25-8fd9-ae0401315583,Symo  24.0-3 480 (8),,,24.0,parsed_from_inverter_name,62.51,,
fronius,2026-02-13,a93e4e65-6f50-4a8f-a7e3-99abdfcf11e9,Penner Farms - 33-8-13 pump (site 3),65ec44a7-931c-4a8a-a211-ae0401315570,Symo 24.0-3 480 (7),,,24.0,parsed_from_inverter_name,61.97,,
fronius,2026-02-14,a93e4e65-6f50-4a8f-a7e3-99abdfcf11e9,Penner Farms - 33-8-13 pump (site 3),fc5ec049-e0c5-4028-9ffe-ae040131554a,Symo  24.0-3 480 (1),,,24.0,parsed_from_inverter_name,133.25,,
fronius,2026-02-14,a93e4e65-6f50-4a8f-a7e3-99abdfcf11e9,Penner Farms - 33-8-13 pump (site 3),720c11c1-519e-4635-aa64-ae0401315554,Symo  24.0-3 480 (5),,,24.0,parsed_from_inverter_name,133.88,,
fronius,2026-02-14,a93e4e65-6f50-4a8f-a7e3-99abdfcf11e9,Penner Farms - 33-8-13 pump (site 3),5e62605a-bcfd-40e2-9800-ae0401315562,Symo  24.0-3 480 (6),,,24.0,parsed_from_inverter_name,133.37,,
fronius,2026-02-14,a93e4e65-6f50-4a8f-a7e3-99abdfcf11e9,Penner Farms - 33-8-13 pump (site 3),9e930636-d5a2-4a25-8fd9-ae0401315583,Symo  24.0-3 480 (8),,,24.0,parsed_from_inverter_name,134.65,,
fronius,2026-02-14,a93e4e65-6f50-4a8f-a7e3-99abdfcf11e9,Penner Farms - 33-8-13 pump (site 3),65ec44a7-931c-4a8a-a211-ae0401315570,Symo 24.0-3 480 (7),,,24.0,parsed_from_inverter_name,134.53,,
fronius,2026-02-15,a93e4e65-6f50-4a8f-a7e3-99abdfcf11e9,Penner Farms - 33-8-13 pump (site 3),fc5ec049-e0c5-4028-9ffe-ae040131554a,Symo  24.0-3 480 (1),,,24.0,parsed_from_inverter_name,148.48,,
fronius,2026-02-15,a93e4e65-6f50-4a8f-a7e3-99abdfcf11e9,Penner Farms - 33-8-13 pump (site 3),720c11c1-519e-4635-aa64-ae0401315554,Symo  24.0-3 480 (5),,,24.0,parsed_from_inverter_name,152.23,,
fronius,2026-02-15,a93e4e65-6f50-4a8f-a7e3-99abdfcf11e9,Penner Farms - 33-8-13 pump (site 3),5e62605a-bcfd-40e2-9800-ae0401315562,Symo  24.0-3 480 (6),,,24.0,parsed_from_inverter_name,151.67,,
fronius,2026-02-15,a93e4e65-6f50-4a8f-a7e3-99abdfcf11e9,Penner Farms - 33-8-13 pump (site 3),9e930636-d5a2-4a25-8fd9-ae0401315583,Symo  24.0-3 480 (8),,,24.0,parsed_from_inverter_name,153.31,,
fronius,2026-02-15,a93e4e65-6f50-4a8f-a7e3-99abdfcf11e9,Penner Farms - 33-8-13 pump (site 3),65ec44a7-931c-4a8a-a211-ae0401315570,Symo 24.0-3 480 (7),,,24.0,parsed_from_inverter_name,153.4,,
fronius,2026-02-16,a93e4e65-6f50-4a8f-a7e3-99abdfcf11e9,Penner Farms - 33-8-13 pump (site 3),fc5ec049-e0c5-4028-9ffe-ae040131554a,Symo  24.0-3 480 (1),,,24.0,parsed_from_inverter_name,96.69,,
fronius,2026-02-16,a93e4e65-6f50-4a8f-a7e3-99abdfcf11e9,Penner Farms - 33-8-13 pump (site 3),720c11c1-519e-4635-aa64-ae0401315554,Symo  24.0-3 480 (5),,,24.0,parsed_from_inverter_name,99.88,,
fronius,2026-02-16,a93e4e65-6f50-4a8f-a7e3-99abdfcf11e9,Penner Farms - 33-8-13 pump (site 3),5e62605a-bcfd-40e2-9800-ae0401315562,Symo  24.0-3 480 (6),,,24.0,parsed_from_inverter_name,99.05,,
fronius,2026-02-16,a93e4e65-6f50-4a8f-a7e3-99abdfcf11e9,Penner Farms - 33-8-13 pump (site 3),9e930636-d5a2-4a25-8fd9-ae0401315583,Symo  24.0-3 480 (8),,,24.0,parsed_from_inverter_name,100.27,,
fronius,2026-02-16,a93e4e65-6f50-4a8f-a7e3-99abdfcf11e9,Penner Farms - 33-8-13 pump (site 3),65ec44a7-931c-4a8a-a211-ae0401315570,Symo 24.0-3 480 (7),,,24.0,parsed_from_inverter_name,99.49,,
fronius,2026-02-17,a93e4e65-6f50-4a8f-a7e3-99abdfcf11e9,Penner Farms - 33-8-13 pump (site 3),fc5ec049-e0c5-4028-9ffe-ae040131554a,Symo  24.0-3 480 (1),,,24.0,parsed_from_inverter_name,28.98,,
fronius,2026-02-17,a93e4e65-6f50-4a8f-a7e3-99abdfcf11e9,Penner Farms - 33-8-13 pump (site 3),720c11c1-519e-4635-aa64-ae0401315554,Symo  24.0-3 480 (5),,,24.0,parsed_from_inverter_name,30.01,,
fronius,2026-02-17,a93e4e65-6f50-4a8f-a7e3-99abdfcf11e9,Penner Farms - 33-8-13 pump (site 3),5e62605a-bcfd-40e2-9800-ae0401315562,Symo  24.0-3 480 (6),,,24.0,parsed_from_inverter_name,28.9,,
fronius,2026-02-17,a93e4e65-6f50-4a8f-a7e3-99abdfcf11e9,Penner Farms - 33-8-13 pump (site 3),9e930636-d5a2-4a25-8fd9-ae0401315583,Symo  24.0-3 480 (8),,,24.0,parsed_from_inverter_name,29.17,,
fronius,2026-02-17,a93e4e65-6f50-4a8f-a7e3-99abdfcf11e9,Penner Farms - 33-8-13 pump (site 3),65ec44a7-931c-4a8a-a211-ae0401315570,Symo 24.0-3 480 (7),,,24.0,parsed_from_inverter_name,28.8,,
fronius,2026-02-18,a93e4e65-6f50-4a8f-a7e3-99abdfcf11e9,Penner Farms - 33-8-13 pump (site 3),fc5ec049-e0c5-4028-9ffe-ae040131554a,Symo  24.0-3 480 (1),,,24.0,parsed_from_inverter_name,95.16,,
fronius,2026-02-18,a93e4e65-6f50-4a8f-a7e3-99abdfcf11e9,Penner Farms - 33-8-13 pump (site 3),720c11c1-519e-4635-aa64-ae0401315554,Symo  24.0-3 480 (5),,,24.0,parsed_from_inverter_name,97.79,,
fronius,2026-02-18,a93e4e65-6f50-4a8f-a7e3-99abdfcf11e9,Penner Farms - 33-8-13 pump (site 3),5e62605a-bcfd-40e2-9800-ae0401315562,Symo  24.0-3 480 (6),,,24.0,parsed_from_inverter_name,94.72,,
fronius,2026-02-18,a93e4e65-6f50-4a8f-a7e3-99abdfcf11e9,Penner Farms - 33-8-13 pump (site 3),9e930636-d5a2-4a25-8fd9-ae0401315583,Symo  24.0-3 480 (8),,,24.0,parsed_from_inverter_name,96.22,,
fronius,2026-02-18,a93e4e65-6f50-4a8f-a7e3-99abdfcf11e9,Penner Farms - 33-8-13 pump (site 3),65ec44a7-931c-4a8a-a211-ae0401315570,Symo 24.0-3 480 (7),,,24.0,parsed_from_inverter_name,94.12,,
fronius,2026-02-19,a93e4e65-6f50-4a8f-a7e3-99abdfcf11e9,Penner Farms - 33-8-13 pump (site 3),fc5ec049-e0c5-4028-9ffe-ae040131554a,Symo  24.0-3 480 (1),,,24.0,parsed_from_inverter_name,128.38,,
fronius,2026-02-19,a93e4e65-6f50-4a8f-a7e3-99abdfcf11e9,Penner Farms - 33-8-13 pump (site 3),720c11c1-519e-4635-aa64-ae0401315554,Symo  24.0-3 480 (5),,,24.0,parsed_from_inverter_name,118.31,,
fronius,2026-02-19,a93e4e65-6f50-4a8f-a7e3-99abdfcf11e9,Penner Farms - 33-8-13 pump (site 3),5e62605a-bcfd-40e2-9800-ae0401315562,Symo  24.0-3 480 (6),,,24.0,parsed_from_inverter_name,139.22,,
fronius,2026-02-19,a93e4e65-6f50-4a8f-a7e3-99abdfcf11e9,Penner Farms - 33-8-13 pump (site 3),9e930636-d5a2-4a25-8fd9-ae0401315583,Symo  24.0-3 480 (8),,,24.0,parsed_from_inverter_name,145.87,,
fronius,2026-02-19,a93e4e65-6f50-4a8f-a7e3-99abdfcf11e9,Penner Farms - 33-8-13 pump (site 3),65ec44a7-931c-4a8a-a211-ae0401315570,Symo 24.0-3 480 (7),,,24.0,parsed_from_inverter_name,138.99,,
fronius,2026-02-20,a93e4e65-6f50-4a8f-a7e3-99abdfcf11e9,Penner Farms - 33-8-13 pump (site 3),fc5ec049-e0c5-4028-9ffe-ae040131554a,Symo  24.0-3 480 (1),,,24.0,parsed_from_inverter_name,116.52,,
fronius,2026-02-20,a93e4e65-6f50-4a8f-a7e3-99abdfcf11e9,Penner Farms - 33-8-13 pump (site 3),720c11c1-519e-4635-aa64-ae0401315554,Symo  24.0-3 480 (5),,,24.0,parsed_from_inverter_name,96.86,,
fronius,2026-02-20,a93e4e65-6f50-4a8f-a7e3-99abdfcf11e9,Penner Farms - 33-8-13 pump (site 3),5e62605a-bcfd-40e2-9800-ae0401315562,Symo  24.0-3 480 (6),,,24.0,parsed_from_inverter_name,116.34,,
fronius,2026-02-20,a93e4e65-6f50-4a8f-a7e3-99abdfcf11e9,Penner Farms - 33-8-13 pump (site 3),9e930636-d5a2-4a25-8fd9-ae0401315583,Symo  24.0-3 480 (8),,,24.0,parsed_from_inverter_name,106.45,,
fronius,2026-02-20,a93e4e65-6f50-4a8f-a7e3-99abdfcf11e9,Penner Farms - 33-8-13 pump (site 3),65ec44a7-931c-4a8a-a211-ae0401315570,Symo 24.0-3 480 (7),,,24.0,parsed_from_inverter_name,119.65,,
fronius,2026-02-21,a93e4e65-6f50-4a8f-a7e3-99abdfcf11e9,Penner Farms - 33-8-13 pump (site 3),fc5ec049-e0c5-4028-9ffe-ae040131554a,Symo  24.0-3 480 (1),,,24.0,parsed_from_inverter_name,158.86,,
fronius,2026-02-21,a93e4e65-6f50-4a8f-a7e3-99abdfcf11e9,Penner Farms - 33-8-13 pump (site 3),720c11c1-519e-4635-aa64-ae0401315554,Symo  24.0-3 480 (5),,,24.0,parsed_from_inverter_name,167.29,,
fronius,2026-02-21,a93e4e65-6f50-4a8f-a7e3-99abdfcf11e9,Penner Farms - 33-8-13 pump (site 3),5e62605a-bcfd-40e2-9800-ae0401315562,Symo  24.0-3 480 (6),,,24.0,parsed_from_inverter_name,168.67,,
fronius,2026-02-21,a93e4e65-6f50-4a8f-a7e3-99abdfcf11e9,Penner Farms - 33-8-13 pump (site 3),9e930636-d5a2-4a25-8fd9-ae0401315583,Symo  24.0-3 480 (8),,,24.0,parsed_from_inverter_name,167.51,,
fronius,2026-02-21,a93e4e65-6f50-4a8f-a7e3-99abdfcf11e9,Penner Farms - 33-8-13 pump (site 3),65ec44a7-931c-4a8a-a211-ae0401315570,Symo 24.0-3 480 (7),,,24.0,parsed_from_inverter_name,169.71,,
fronius,2026-02-22,a93e4e65-6f50-4a8f-a7e3-99abdfcf11e9,Penner Farms - 33-8-13 pump (site 3),fc5ec049-e0c5-4028-9ffe-ae040131554a,Symo  24.0-3 480 (1),,,24.0,parsed_from_inverter_name,151.56,,
fronius,2026-02-22,a93e4e65-6f50-4a8f-a7e3-99abdfcf11e9,Penner Farms - 33-8-13 pump (site 3),720c11c1-519e-4635-aa64-ae0401315554,Symo  24.0-3 480 (5),,,24.0,parsed_from_inverter_name,154.68,,
fronius,2026-02-22,a93e4e65-6f50-4a8f-a7e3-99abdfcf11e9,Penner Farms - 33-8-13 pump (site 3),5e62605a-bcfd-40e2-9800-ae0401315562,Symo  24.0-3 480 (6),,,24.0,parsed_from_inverter_name,152.97,,
fronius,2026-02-22,a93e4e65-6f50-4a8f-a7e3-99abdfcf11e9,Penner Farms - 33-8-13 pump (site 3),9e930636-d5a2-4a25-8fd9-ae0401315583,Symo  24.0-3 480 (8),,,24.0,parsed_from_inverter_name,154.97,,
fronius,2026-02-22,a93e4e65-6f50-4a8f-a7e3-99abdfcf11e9,Penner Farms - 33-8-13 pump (site 3),65ec44a7-931c-4a8a-a211-ae0401315570,Symo 24.0-3 480 (7),,,24.0,parsed_from_inverter_name,153.98,,
fronius,2026-02-23,a93e4e65-6f50-4a8f-a7e3-99abdfcf11e9,Penner Farms - 33-8-13 pump (site 3),fc5ec049-e0c5-4028-9ffe-ae040131554a,Symo  24.0-3 480 (1),,,24.0,parsed_from_inverter_name,107.94,,
fronius,2026-02-23,a93e4e65-6f50-4a8f-a7e3-99abdfcf11e9,Penner Farms - 33-8-13 pump (site 3),720c11c1-519e-4635-aa64-ae0401315554,Symo  24.0-3 480 (5),,,24.0,parsed_from_inverter_name,109.24,,
fronius,2026-02-23,a93e4e65-6f50-4a8f-a7e3-99abdfcf11e9,Penner Farms - 33-8-13 pump (site 3),5e62605a-bcfd-40e2-9800-ae0401315562,Symo  24.0-3 480 (6),,,24.0,parsed_from_inverter_name,108.28,,
fronius,2026-02-23,a93e4e65-6f50-4a8f-a7e3-99abdfcf11e9,Penner Farms - 33-8-13 pump (site 3),9e930636-d5a2-4a25-8fd9-ae0401315583,Symo  24.0-3 480 (8),,,24.0,parsed_from_inverter_name,109.0,,
fronius,2026-02-23,a93e4e65-6f50-4a8f-a7e3-99abdfcf11e9,Penner Farms - 33-8-13 pump (site 3),65ec44a7-931c-4a8a-a211-ae0401315570,Symo 24.0-3 480 (7),,,24.0,parsed_from_inverter_name,108.88,,
fronius,2026-02-24,a93e4e65-6f50-4a8f-a7e3-99abdfcf11e9,Penner Farms - 33-8-13 pump (site 3),fc5ec049-e0c5-4028-9ffe-ae040131554a,Symo  24.0-3 480 (1),,,24.0,parsed_from_inverter_name,162.45,,
fronius,2026-02-24,a93e4e65-6f50-4a8f-a7e3-99abdfcf11e9,Penner Farms - 33-8-13 pump (site 3),720c11c1-519e-4635-aa64-ae0401315554,Symo  24.0-3 480 (5),,,24.0,parsed_from_inverter_name,164.0,,
fronius,2026-02-24,a93e4e65-6f50-4a8f-a7e3-99abdfcf11e9,Penner Farms - 33-8-13 pump (site 3),5e62605a-bcfd-40e2-9800-ae0401315562,Symo  24.0-3 480 (6),,,24.0,parsed_from_inverter_name,162.82,,
fronius,2026-02-24,a93e4e65-6f50-4a8f-a7e3-99abdfcf11e9,Penner Farms - 33-8-13 pump (site 3),9e930636-d5a2-4a25-8fd9-ae0401315583,Symo  24.0-3 480 (8),,,24.0,parsed_from_inverter_name,164.66,,
fronius,2026-02-24,a93e4e65-6f50-4a8f-a7e3-99abdfcf11e9,Penner Farms - 33-8-13 pump (site 3),65ec44a7-931c-4a8a-a211-ae0401315570,Symo 24.0-3 480 (7),,,24.0,parsed_from_inverter_name,163.67,,
fronius,2026-02-25,a93e4e65-6f50-4a8f-a7e3-99abdfcf11e9,Penner Farms - 33-8-13 pump (site 3),fc5ec049-e0c5-4028-9ffe-ae040131554a,Symo  24.0-3 480 (1),,,24.0,parsed_from_inverter_name,90.97,,
fronius,2026-02-25,a93e4e65-6f50-4a8f-a7e3-99abdfcf11e9,Penner Farms - 33-8-13 pump (site 3),720c11c1-519e-4635-aa64-ae0401315554,Symo  24.0-3 480 (5),,,24.0,parsed_from_inverter_name,93.27,,
fronius,2026-02-25,a93e4e65-6f50-4a8f-a7e3-99abdfcf11e9,Penner Farms - 33-8-13 pump (site 3),5e62605a-bcfd-40e2-9800-ae0401315562,Symo  24.0-3 480 (6),,,24.0,parsed_from_inverter_name,92.5,,
fronius,2026-02-25,a93e4e65-6f50-4a8f-a7e3-99abdfcf11e9,Penner Farms - 33-8-13 pump (site 3),9e930636-d5a2-4a25-8fd9-ae0401315583,Symo  24.0-3 480 (8),,,24.0,parsed_from_inverter_name,93.45,,
fronius,2026-02-25,a93e4e65-6f50-4a8f-a7e3-99abdfcf11e9,Penner Farms - 33-8-13 pump (site 3),65ec44a7-931c-4a8a-a211-ae0401315570,Symo 24.0-3 480 (7),,,24.0,parsed_from_inverter_name,93.02,,
fronius,2026-02-26,a93e4e65-6f50-4a8f-a7e3-99abdfcf11e9,Penner Farms - 33-8-13 pump (site 3),fc5ec049-e0c5-4028-9ffe-ae040131554a,Symo  24.0-3 480 (1),,,24.0,parsed_from_inverter_name,31.25,,
fronius,2026-02-26,a93e4e65-6f50-4a8f-a7e3-99abdfcf11e9,Penner Farms - 33-8-13 pump (site 3),720c11c1-519e-4635-aa64-ae0401315554,Symo  24.0-3 480 (5),,,24.0,parsed_from_inverter_name,31.79,,
fronius,2026-02-26,a93e4e65-6f50-4a8f-a7e3-99abdfcf11e9,Penner Farms - 33-8-13 pump (site 3),5e62605a-bcfd-40e2-9800-ae0401315562,Symo  24.0-3 480 (6),,,24.0,parsed_from_inverter_name,31.31,,
fronius,2026-02-26,a93e4e65-6f50-4a8f-a7e3-99abdfcf11e9,Penner Farms - 33-8-13 pump (site 3),9e930636-d5a2-4a25-8fd9-ae0401315583,Symo  24.0-3 480 (8),,,24.0,parsed_from_inverter_name,31.93,,
fronius,2026-02-26,a93e4e65-6f50-4a8f-a7e3-99abdfcf11e9,Penner Farms - 33-8-13 pump (site 3),65ec44a7-931c-4a8a-a211-ae0401315570,Symo 24.0-3 480 (7),,,24.0,parsed_from_inverter_name,31.56,,
fronius,2026-02-27,a93e4e65-6f50-4a8f-a7e3-99abdfcf11e9,Penner Farms - 33-8-13 pump (site 3),fc5ec049-e0c5-4028-9ffe-ae040131554a,Symo  24.0-3 480 (1),,,24.0,parsed_from_inverter_name,47.33,,
fronius,2026-02-27,a93e4e65-6f50-4a8f-a7e3-99abdfcf11e9,Penner Farms - 33-8-13 pump (site 3),720c11c1-519e-4635-aa64-ae0401315554,Symo  24.0-3 480 (5),,,24.0,parsed_from_inverter_name,47.48,,
fronius,2026-02-27,a93e4e65-6f50-4a8f-a7e3-99abdfcf11e9,Penner Farms - 33-8-13 pump (site 3),5e62605a-bcfd-40e2-9800-ae0401315562,Symo  24.0-3 480 (6),,,24.0,parsed_from_inverter_name,47.02,,
fronius,2026-02-27,a93e4e65-6f50-4a8f-a7e3-99abdfcf11e9,Penner Farms - 33-8-13 pump (site 3),9e930636-d5a2-4a25-8fd9-ae0401315583,Symo  24.0-3 480 (8),,,24.0,parsed_from_inverter_name,48.11,,
fronius,2026-02-27,a93e4e65-6f50-4a8f-a7e3-99abdfcf11e9,Penner Farms - 33-8-13 pump (site 3),65ec44a7-931c-4a8a-a211-ae0401315570,Symo 24.0-3 480 (7),,,24.0,parsed_from_inverter_name,47.37,,
fronius,2026-02-28,a93e4e65-6f50-4a8f-a7e3-99abdfcf11e9,Penner Farms - 33-8-13 pump (site 3),fc5ec049-e0c5-4028-9ffe-ae040131554a,Symo  24.0-3 480 (1),,,24.0,parsed_from_inverter_name,104.26,,
fronius,2026-02-28,a93e4e65-6f50-4a8f-a7e3-99abdfcf11e9,Penner Farms - 33-8-13 pump (site 3),720c11c1-519e-4635-aa64-ae0401315554,Symo  24.0-3 480 (5),,,24.0,parsed_from_inverter_name,105.63,,
fronius,2026-02-28,a93e4e65-6f50-4a8f-a7e3-99abdfcf11e9,Penner Farms - 33-8-13 pump (site 3),5e62605a-bcfd-40e2-9800-ae0401315562,Symo  24.0-3 480 (6),,,24.0,parsed_from_inverter_name,98.46,,
fronius,2026-02-28,a93e4e65-6f50-4a8f-a7e3-99abdfcf11e9,Penner Farms - 33-8-13 pump (site 3),9e930636-d5a2-4a25-8fd9-ae0401315583,Symo  24.0-3 480 (8),,,24.0,parsed_from_inverter_name,106.02,,
fronius,2026-02-28,a93e4e65-6f50-4a8f-a7e3-99abdfcf11e9,Penner Farms - 33-8-13 pump (site 3),65ec44a7-931c-4a8a-a211-ae0401315570,Symo 24.0-3 480 (7),,,24.0,parsed_from_inverter_name,98.68,,
fronius,2026-03-01,a93e4e65-6f50-4a8f-a7e3-99abdfcf11e9,Penner Farms - 33-8-13 pump (site 3),fc5ec049-e0c5-4028-9ffe-ae040131554a,Symo  24.0-3 480 (1),,,24.0,parsed_from_inverter_name,165.65,,
fronius,2026-03-01,a93e4e65-6f50-4a8f-a7e3-99abdfcf11e9,Penner Farms - 33-8-13 pump (site 3),720c11c1-519e-4635-aa64-ae0401315554,Symo  24.0-3 480 (5),,,24.0,parsed_from_inverter_name,167.33,,
fronius,2026-03-01,a93e4e65-6f50-4a8f-a7e3-99abdfcf11e9,Penner Farms - 33-8-13 pump (site 3),5e62605a-bcfd-40e2-9800-ae0401315562,Symo  24.0-3 480 (6),,,24.0,parsed_from_inverter_name,166.29,,
fronius,2026-03-01,a93e4e65-6f50-4a8f-a7e3-99abdfcf11e9,Penner Farms - 33-8-13 pump (site 3),9e930636-d5a2-4a25-8fd9-ae0401315583,Symo  24.0-3 480 (8),,,24.0,parsed_from_inverter_name,168.27,,
fronius,2026-03-01,a93e4e65-6f50-4a8f-a7e3-99abdfcf11e9,Penner Farms - 33-8-13 pump (site 3),65ec44a7-931c-4a8a-a211-ae0401315570,Symo 24.0-3 480 (7),,,24.0,parsed_from_inverter_name,167.71,,
fronius,2026-03-02,a93e4e65-6f50-4a8f-a7e3-99abdfcf11e9,Penner Farms - 33-8-13 pump (site 3),fc5ec049-e0c5-4028-9ffe-ae040131554a,Symo  24.0-3 480 (1),,,24.0,parsed_from_inverter_name,155.71,,
fronius,2026-03-02,a93e4e65-6f50-4a8f-a7e3-99abdfcf11e9,Penner Farms - 33-8-13 pump (site 3),720c11c1-519e-4635-aa64-ae0401315554,Symo  24.0-3 480 (5),,,24.0,parsed_from_inverter_name,161.88,,
fronius,2026-03-02,a93e4e65-6f50-4a8f-a7e3-99abdfcf11e9,Penner Farms - 33-8-13 pump (site 3),5e62605a-bcfd-40e2-9800-ae0401315562,Symo  24.0-3 480 (6),,,24.0,parsed_from_inverter_name,161.75,,
fronius,2026-03-02,a93e4e65-6f50-4a8f-a7e3-99abdfcf11e9,Penner Farms - 33-8-13 pump (site 3),9e930636-d5a2-4a25-8fd9-ae0401315583,Symo  24.0-3 480 (8),,,24.0,parsed_from_inverter_name,163.12,,
fronius,2026-03-02,a93e4e65-6f50-4a8f-a7e3-99abdfcf11e9,Penner Farms - 33-8-13 pump (site 3),65ec44a7-931c-4a8a-a211-ae0401315570,Symo 24.0-3 480 (7),,,24.0,parsed_from_inverter_name,163.09,,
fronius,2026-03-03,a93e4e65-6f50-4a8f-a7e3-99abdfcf11e9,Penner Farms - 33-8-13 pump (site 3),fc5ec049-e0c5-4028-9ffe-ae040131554a,Symo  24.0-3 480 (1),,,24.0,parsed_from_inverter_name,42.97,,
fronius,2026-03-03,a93e4e65-6f50-4a8f-a7e3-99abdfcf11e9,Penner Farms - 33-8-13 pump (site 3),720c11c1-519e-4635-aa64-ae0401315554,Symo  24.0-3 480 (5),,,24.0,parsed_from_inverter_name,43.75,,
fronius,2026-03-03,a93e4e65-6f50-4a8f-a7e3-99abdfcf11e9,Penner Farms - 33-8-13 pump (site 3),5e62605a-bcfd-40e2-9800-ae0401315562,Symo  24.0-3 480 (6),,,24.0,parsed_from_inverter_name,42.79,,
fronius,2026-03-03,a93e4e65-6f50-4a8f-a7e3-99abdfcf11e9,Penner Farms - 33-8-13 pump (site 3),9e930636-d5a2-4a25-8fd9-ae0401315583,Symo  24.0-3 480 (8),,,24.0,parsed_from_inverter_name,43.81,,
fronius,2026-03-03,a93e4e65-6f50-4a8f-a7e3-99abdfcf11e9,Penner Farms - 33-8-13 pump (site 3),65ec44a7-931c-4a8a-a211-ae0401315570,Symo 24.0-3 480 (7),,,24.0,parsed_from_inverter_name,42.94,,
fronius,2026-03-04,a93e4e65-6f50-4a8f-a7e3-99abdfcf11e9,Penner Farms - 33-8-13 pump (site 3),fc5ec049-e0c5-4028-9ffe-ae040131554a,Symo  24.0-3 480 (1),,,24.0,parsed_from_inverter_name,50.69,,
fronius,2026-03-04,a93e4e65-6f50-4a8f-a7e3-99abdfcf11e9,Penner Farms - 33-8-13 pump (site 3),720c11c1-519e-4635-aa64-ae0401315554,Symo  24.0-3 480 (5),,,24.0,parsed_from_inverter_name,51.38,,
fronius,2026-03-04,a93e4e65-6f50-4a8f-a7e3-99abdfcf11e9,Penner Farms - 33-8-13 pump (site 3),5e62605a-bcfd-40e2-9800-ae0401315562,Symo  24.0-3 480 (6),,,24.0,parsed_from_inverter_name,50.6,,
fronius,2026-03-04,a93e4e65-6f50-4a8f-a7e3-99abdfcf11e9,Penner Farms - 33-8-13 pump (site 3),9e930636-d5a2-4a25-8fd9-ae0401315583,Symo  24.0-3 480 (8),,,24.0,parsed_from_inverter_name,51.28,,
fronius,2026-03-04,a93e4e65-6f50-4a8f-a7e3-99abdfcf11e9,Penner Farms - 33-8-13 pump (site 3),65ec44a7-931c-4a8a-a211-ae0401315570,Symo 24.0-3 480 (7),,,24.0,parsed_from_inverter_name,50.6,,
fronius,2026-03-05,a93e4e65-6f50-4a8f-a7e3-99abdfcf11e9,Penner Farms - 33-8-13 pump (site 3),fc5ec049-e0c5-4028-9ffe-ae040131554a,Symo  24.0-3 480 (1),,,24.0,parsed_from_inverter_name,107.0,,
fronius,2026-03-05,a93e4e65-6f50-4a8f-a7e3-99abdfcf11e9,Penner Farms - 33-8-13 pump (site 3),720c11c1-519e-4635-aa64-ae0401315554,Symo  24.0-3 480 (5),,,24.0,parsed_from_inverter_name,112.93,,
fronius,2026-03-05,a93e4e65-6f50-4a8f-a7e3-99abdfcf11e9,Penner Farms - 33-8-13 pump (site 3),5e62605a-bcfd-40e2-9800-ae0401315562,Symo  24.0-3 480 (6),,,24.0,parsed_from_inverter_name,112.37,,
fronius,2026-03-05,a93e4e65-6f50-4a8f-a7e3-99abdfcf11e9,Penner Farms - 33-8-13 pump (site 3),9e930636-d5a2-4a25-8fd9-ae0401315583,Symo  24.0-3 480 (8),,,24.0,parsed_from_inverter_name,113.32,,
fronius,2026-03-05,a93e4e65-6f50-4a8f-a7e3-99abdfcf11e9,Penner Farms - 33-8-13 pump (site 3),65ec44a7-931c-4a8a-a211-ae0401315570,Symo 24.0-3 480 (7),,,24.0,parsed_from_inverter_name,112.88,,
fronius,2026-03-06,a93e4e65-6f50-4a8f-a7e3-99abdfcf11e9,Penner Farms - 33-8-13 pump (site 3),fc5ec049-e0c5-4028-9ffe-ae040131554a,Symo  24.0-3 480 (1),,,24.0,parsed_from_inverter_name,159.86,,
fronius,2026-03-06,a93e4e65-6f50-4a8f-a7e3-99abdfcf11e9,Penner Farms - 33-8-13 pump (site 3),720c11c1-519e-4635-aa64-ae0401315554,Symo  24.0-3 480 (5),,,24.0,parsed_from_inverter_name,170.78,,
fronius,2026-03-06,a93e4e65-6f50-4a8f-a7e3-99abdfcf11e9,Penner Farms - 33-8-13 pump (site 3),5e62605a-bcfd-40e2-9800-ae0401315562,Symo  24.0-3 480 (6),,,24.0,parsed_from_inverter_name,170.62,,
fronius,2026-03-06,a93e4e65-6f50-4a8f-a7e3-99abdfcf11e9,Penner Farms - 33-8-13 pump (site 3),9e930636-d5a2-4a25-8fd9-ae0401315583,Symo  24.0-3 480 (8),,,24.0,parsed_from_inverter_name,171.72,,
fronius,2026-03-06,a93e4e65-6f50-4a8f-a7e3-99abdfcf11e9,Penner Farms - 33-8-13 pump (site 3),65ec44a7-931c-4a8a-a211-ae0401315570,Symo 24.0-3 480 (7),,,24.0,parsed_from_inverter_name,171.81,,
fronius,2026-03-07,a93e4e65-6f50-4a8f-a7e3-99abdfcf11e9,Penner Farms - 33-8-13 pump (site 3),fc5ec049-e0c5-4028-9ffe-ae040131554a,Symo  24.0-3 480 (1),,,24.0,parsed_from_inverter_name,130.47,,
fronius,2026-03-07,a93e4e65-6f50-4a8f-a7e3-99abdfcf11e9,Penner Farms - 33-8-13 pump (site 3),720c11c1-519e-4635-aa64-ae0401315554,Symo  24.0-3 480 (5),,,24.0,parsed_from_inverter_name,131.91,,
fronius,2026-03-07,a93e4e65-6f50-4a8f-a7e3-99abdfcf11e9,Penner Farms - 33-8-13 pump (site 3),5e62605a-bcfd-40e2-9800-ae0401315562,Symo  24.0-3 480 (6),,,24.0,parsed_from_inverter_name,131.05,,
fronius,2026-03-07,a93e4e65-6f50-4a8f-a7e3-99abdfcf11e9,Penner Farms - 33-8-13 pump (site 3),9e930636-d5a2-4a25-8fd9-ae0401315583,Symo  24.0-3 480 (8),,,24.0,parsed_from_inverter_name,132.51,,
fronius,2026-03-07,a93e4e65-6f50-4a8f-a7e3-99abdfcf11e9,Penner Farms - 33-8-13 pump (site 3),65ec44a7-931c-4a8a-a211-ae0401315570,Symo 24.0-3 480 (7),,,24.0,parsed_from_inverter_name,131.94,,
fronius,2026-03-08,a93e4e65-6f50-4a8f-a7e3-99abdfcf11e9,Penner Farms - 33-8-13 pump (site 3),fc5ec049-e0c5-4028-9ffe-ae040131554a,Symo  24.0-3 480 (1),,,24.0,parsed_from_inverter_name,73.52,,
fronius,2026-03-08,a93e4e65-6f50-4a8f-a7e3-99abdfcf11e9,Penner Farms - 33-8-13 pump (site 3),720c11c1-519e-4635-aa64-ae0401315554,Symo  24.0-3 480 (5),,,24.0,parsed_from_inverter_name,75.36,,
fronius,2026-03-08,a93e4e65-6f50-4a8f-a7e3-99abdfcf11e9,Penner Farms - 33-8-13 pump (site 3),5e62605a-bcfd-40e2-9800-ae0401315562,Symo  24.0-3 480 (6),,,24.0,parsed_from_inverter_name,74.69,,
fronius,2026-03-08,a93e4e65-6f50-4a8f-a7e3-99abdfcf11e9,Penner Farms - 33-8-13 pump (site 3),9e930636-d5a2-4a25-8fd9-ae0401315583,Symo  24.0-3 480 (8),,,24.0,parsed_from_inverter_name,78.04,,
fronius,2026-03-08,a93e4e65-6f50-4a8f-a7e3-99abdfcf11e9,Penner Farms - 33-8-13 pump (site 3),65ec44a7-931c-4a8a-a211-ae0401315570,Symo 24.0-3 480 (7),,,24.0,parsed_from_inverter_name,77.68,,
fronius,2026-03-09,a93e4e65-6f50-4a8f-a7e3-99abdfcf11e9,Penner Farms - 33-8-13 pump (site 3),fc5ec049-e0c5-4028-9ffe-ae040131554a,Symo  24.0-3 480 (1),,,24.0,parsed_from_inverter_name,153.6,,
fronius,2026-03-09,a93e4e65-6f50-4a8f-a7e3-99abdfcf11e9,Penner Farms - 33-8-13 pump (site 3),720c11c1-519e-4635-aa64-ae0401315554,Symo  24.0-3 480 (5),,,24.0,parsed_from_inverter_name,153.02,,
fronius,2026-03-09,a93e4e65-6f50-4a8f-a7e3-99abdfcf11e9,Penner Farms - 33-8-13 pump (site 3),5e62605a-bcfd-40e2-9800-ae0401315562,Symo  24.0-3 480 (6),,,24.0,parsed_from_inverter_name,150.92,,
fronius,2026-03-09,a93e4e65-6f50-4a8f-a7e3-99abdfcf11e9,Penner Farms - 33-8-13 pump (site 3),9e930636-d5a2-4a25-8fd9-ae0401315583,Symo  24.0-3 480 (8),,,24.0,parsed_from_inverter_name,152.82,,
fronius,2026-03-09,a93e4e65-6f50-4a8f-a7e3-99abdfcf11e9,Penner Farms - 33-8-13 pump (site 3),65ec44a7-931c-4a8a-a211-ae0401315570,Symo 24.0-3 480 (7),,,24.0,parsed_from_inverter_name,159.08,,
fronius,2026-03-10,a93e4e65-6f50-4a8f-a7e3-99abdfcf11e9,Penner Farms - 33-8-13 pump (site 3),fc5ec049-e0c5-4028-9ffe-ae040131554a,Symo  24.0-3 480 (1),,,24.0,parsed_from_inverter_name,144.67,,
fronius,2026-03-10,a93e4e65-6f50-4a8f-a7e3-99abdfcf11e9,Penner Farms - 33-8-13 pump (site 3),720c11c1-519e-4635-aa64-ae0401315554,Symo  24.0-3 480 (5),,,24.0,parsed_from_inverter_name,168.53,,
fronius,2026-03-10,a93e4e65-6f50-4a8f-a7e3-99abdfcf11e9,Penner Farms - 33-8-13 pump (site 3),5e62605a-bcfd-40e2-9800-ae0401315562,Symo  24.0-3 480 (6),,,24.0,parsed_from_inverter_name,167.98,,
fronius,2026-03-10,a93e4e65-6f50-4a8f-a7e3-99abdfcf11e9,Penner Farms - 33-8-13 pump (site 3),9e930636-d5a2-4a25-8fd9-ae0401315583,Symo  24.0-3 480 (8),,,24.0,parsed_from_inverter_name,169.22,,
fronius,2026-03-10,a93e4e65-6f50-4a8f-a7e3-99abdfcf11e9,Penner Farms - 33-8-13 pump (site 3),65ec44a7-931c-4a8a-a211-ae0401315570,Symo 24.0-3 480 (7),,,24.0,parsed_from_inverter_name,168.77,,
fronius,2026-03-11,a93e4e65-6f50-4a8f-a7e3-99abdfcf11e9,Penner Farms - 33-8-13 pump (site 3),fc5ec049-e0c5-4028-9ffe-ae040131554a,Symo  24.0-3 480 (1),,,24.0,parsed_from_inverter_name,170.58,,
fronius,2026-03-11,a93e4e65-6f50-4a8f-a7e3-99abdfcf11e9,Penner Farms - 33-8-13 pump (site 3),720c11c1-519e-4635-aa64-ae0401315554,Symo  24.0-3 480 (5),,,24.0,parsed_from_inverter_name,173.86,,
fronius,2026-03-11,a93e4e65-6f50-4a8f-a7e3-99abdfcf11e9,Penner Farms - 33-8-13 pump (site 3),5e62605a-bcfd-40e2-9800-ae0401315562,Symo  24.0-3 480 (6),,,24.0,parsed_from_inverter_name,173.5,,
fronius,2026-03-11,a93e4e65-6f50-4a8f-a7e3-99abdfcf11e9,Penner Farms - 33-8-13 pump (site 3),9e930636-d5a2-4a25-8fd9-ae0401315583,Symo  24.0-3 480 (8),,,24.0,parsed_from_inverter_name,174.35,,
fronius,2026-03-11,a93e4e65-6f50-4a8f-a7e3-99abdfcf11e9,Penner Farms - 33-8-13 pump (site 3),65ec44a7-931c-4a8a-a211-ae0401315570,Symo 24.0-3 480 (7),,,24.0,parsed_from_inverter_name,174.39,,
fronius,2026-03-12,a93e4e65-6f50-4a8f-a7e3-99abdfcf11e9,Penner Farms - 33-8-13 pump (site 3),fc5ec049-e0c5-4028-9ffe-ae040131554a,Symo  24.0-3 480 (1),,,24.0,parsed_from_inverter_name,38.09,,
fronius,2026-03-12,a93e4e65-6f50-4a8f-a7e3-99abdfcf11e9,Penner Farms - 33-8-13 pump (site 3),720c11c1-519e-4635-aa64-ae0401315554,Symo  24.0-3 480 (5),,,24.0,parsed_from_inverter_name,37.55,,
fronius,2026-03-12,a93e4e65-6f50-4a8f-a7e3-99abdfcf11e9,Penner Farms - 33-8-13 pump (site 3),5e62605a-bcfd-40e2-9800-ae0401315562,Symo  24.0-3 480 (6),,,24.0,parsed_from_inverter_name,38.27,,
fronius,2026-03-12,a93e4e65-6f50-4a8f-a7e3-99abdfcf11e9,Penner Farms - 33-8-13 pump (site 3),9e930636-d5a2-4a25-8fd9-ae0401315583,Symo  24.0-3 480 (8),,,24.0,parsed_from_inverter_name,38.0,,
fronius,2026-03-12,a93e4e65-6f50-4a8f-a7e3-99abdfcf11e9,Penner Farms - 33-8-13 pump (site 3),65ec44a7-931c-4a8a-a211-ae0401315570,Symo 24.0-3 480 (7),,,24.0,parsed_from_inverter_name,38.53,,
fronius,2026-03-13,a93e4e65-6f50-4a8f-a7e3-99abdfcf11e9,Penner Farms - 33-8-13 pump (site 3),fc5ec049-e0c5-4028-9ffe-ae040131554a,Symo  24.0-3 480 (1),,,24.0,parsed_from_inverter_name,51.14,,
fronius,2026-03-13,a93e4e65-6f50-4a8f-a7e3-99abdfcf11e9,Penner Farms - 33-8-13 pump (site 3),720c11c1-519e-4635-aa64-ae0401315554,Symo  24.0-3 480 (5),,,24.0,parsed_from_inverter_name,51.57,,
fronius,2026-03-13,a93e4e65-6f50-4a8f-a7e3-99abdfcf11e9,Penner Farms - 33-8-13 pump (site 3),5e62605a-bcfd-40e2-9800-ae0401315562,Symo  24.0-3 480 (6),,,24.0,parsed_from_inverter_name,51.49,,
fronius,2026-03-13,a93e4e65-6f50-4a8f-a7e3-99abdfcf11e9,Penner Farms - 33-8-13 pump (site 3),9e930636-d5a2-4a25-8fd9-ae0401315583,Symo  24.0-3 480 (8),,,24.0,parsed_from_inverter_name,51.89,,
fronius,2026-03-13,a93e4e65-6f50-4a8f-a7e3-99abdfcf11e9,Penner Farms - 33-8-13 pump (site 3),65ec44a7-931c-4a8a-a211-ae0401315570,Symo 24.0-3 480 (7),,,24.0,parsed_from_inverter_name,51.67,,
fronius,2026-03-14,a93e4e65-6f50-4a8f-a7e3-99abdfcf11e9,Penner Farms - 33-8-13 pump (site 3),fc5ec049-e0c5-4028-9ffe-ae040131554a,Symo  24.0-3 480 (1),,,24.0,parsed_from_inverter_name,35.07,,
fronius,2026-03-14,a93e4e65-6f50-4a8f-a7e3-99abdfcf11e9,Penner Farms - 33-8-13 pump (site 3),720c11c1-519e-4635-aa64-ae0401315554,Symo  24.0-3 480 (5),,,24.0,parsed_from_inverter_name,36.41,,
fronius,2026-03-14,a93e4e65-6f50-4a8f-a7e3-99abdfcf11e9,Penner Farms - 33-8-13 pump (site 3),5e62605a-bcfd-40e2-9800-ae0401315562,Symo  24.0-3 480 (6),,,24.0,parsed_from_inverter_name,29.22,,
fronius,2026-03-14,a93e4e65-6f50-4a8f-a7e3-99abdfcf11e9,Penner Farms - 33-8-13 pump (site 3),9e930636-d5a2-4a25-8fd9-ae0401315583,Symo  24.0-3 480 (8),,,24.0,parsed_from_inverter_name,35.94,,
fronius,2026-03-14,a93e4e65-6f50-4a8f-a7e3-99abdfcf11e9,Penner Farms - 33-8-13 pump (site 3),65ec44a7-931c-4a8a-a211-ae0401315570,Symo 24.0-3 480 (7),,,24.0,parsed_from_inverter_name,27.62,,
fronius,2026-03-15,a93e4e65-6f50-4a8f-a7e3-99abdfcf11e9,Penner Farms - 33-8-13 pump (site 3),fc5ec049-e0c5-4028-9ffe-ae040131554a,Symo  24.0-3 480 (1),,,24.0,parsed_from_inverter_name,148.12,,
fronius,2026-03-15,a93e4e65-6f50-4a8f-a7e3-99abdfcf11e9,Penner Farms - 33-8-13 pump (site 3),720c11c1-519e-4635-aa64-ae0401315554,Symo  24.0-3 480 (5),,,24.0,parsed_from_inverter_name,151.41,,
fronius,2026-03-15,a93e4e65-6f50-4a8f-a7e3-99abdfcf11e9,Penner Farms - 33-8-13 pump (site 3),5e62605a-bcfd-40e2-9800-ae0401315562,Symo  24.0-3 480 (6),,,24.0,parsed_from_inverter_name,129.72,,
fronius,2026-03-15,a93e4e65-6f50-4a8f-a7e3-99abdfcf11e9,Penner Farms - 33-8-13 pump (site 3),9e930636-d5a2-4a25-8fd9-ae0401315583,Symo  24.0-3 480 (8),,,24.0,parsed_from_inverter_name,154.12,,
fronius,2026-03-15,a93e4e65-6f50-4a8f-a7e3-99abdfcf11e9,Penner Farms - 33-8-13 pump (site 3),65ec44a7-931c-4a8a-a211-ae0401315570,Symo 24.0-3 480 (7),,,24.0,parsed_from_inverter_name,123.6,,
fronius,2026-03-16,a93e4e65-6f50-4a8f-a7e3-99abdfcf11e9,Penner Farms - 33-8-13 pump (site 3),fc5ec049-e0c5-4028-9ffe-ae040131554a,Symo  24.0-3 480 (1),,,24.0,parsed_from_inverter_name,79.17,,
fronius,2026-03-16,a93e4e65-6f50-4a8f-a7e3-99abdfcf11e9,Penner Farms - 33-8-13 pump (site 3),720c11c1-519e-4635-aa64-ae0401315554,Symo  24.0-3 480 (5),,,24.0,parsed_from_inverter_name,80.79,,
fronius,2026-03-16,a93e4e65-6f50-4a8f-a7e3-99abdfcf11e9,Penner Farms - 33-8-13 pump (site 3),5e62605a-bcfd-40e2-9800-ae0401315562,Symo  24.0-3 480 (6),,,24.0,parsed_from_inverter_name,79.39,,
fronius,2026-03-16,a93e4e65-6f50-4a8f-a7e3-99abdfcf11e9,Penner Farms - 33-8-13 pump (site 3),9e930636-d5a2-4a25-8fd9-ae0401315583,Symo  24.0-3 480 (8),,,24.0,parsed_from_inverter_name,81.0,,
fronius,2026-03-16,a93e4e65-6f50-4a8f-a7e3-99abdfcf11e9,Penner Farms - 33-8-13 pump (site 3),65ec44a7-931c-4a8a-a211-ae0401315570,Symo 24.0-3 480 (7),,,24.0,parsed_from_inverter_name,79.5,,
fronius,2026-03-17,a93e4e65-6f50-4a8f-a7e3-99abdfcf11e9,Penner Farms - 33-8-13 pump (site 3),fc5ec049-e0c5-4028-9ffe-ae040131554a,Symo  24.0-3 480 (1),,,24.0,parsed_from_inverter_name,28.64,,
fronius,2026-03-17,a93e4e65-6f50-4a8f-a7e3-99abdfcf11e9,Penner Farms - 33-8-13 pump (site 3),720c11c1-519e-4635-aa64-ae0401315554,Symo  24.0-3 480 (5),,,24.0,parsed_from_inverter_name,29.09,,
fronius,2026-03-17,a93e4e65-6f50-4a8f-a7e3-99abdfcf11e9,Penner Farms - 33-8-13 pump (site 3),5e62605a-bcfd-40e2-9800-ae0401315562,Symo  24.0-3 480 (6),,,24.0,parsed_from_inverter_name,28.56,,
fronius,2026-03-17,a93e4e65-6f50-4a8f-a7e3-99abdfcf11e9,Penner Farms - 33-8-13 pump (site 3),9e930636-d5a2-4a25-8fd9-ae0401315583,Symo  24.0-3 480 (8),,,24.0,parsed_from_inverter_name,29.09,,
fronius,2026-03-17,a93e4e65-6f50-4a8f-a7e3-99abdfcf11e9,Penner Farms - 33-8-13 pump (site 3),65ec44a7-931c-4a8a-a211-ae0401315570,Symo 24.0-3 480 (7),,,24.0,parsed_from_inverter_name,28.6,,
fronius,2026-03-18,a93e4e65-6f50-4a8f-a7e3-99abdfcf11e9,Penner Farms - 33-8-13 pump (site 3),fc5ec049-e0c5-4028-9ffe-ae040131554a,Symo  24.0-3 480 (1),,,24.0,parsed_from_inverter_name,65.64,,
fronius,2026-03-18,a93e4e65-6f50-4a8f-a7e3-99abdfcf11e9,Penner Farms - 33-8-13 pump (site 3),720c11c1-519e-4635-aa64-ae0401315554,Symo  24.0-3 480 (5),,,24.0,parsed_from_inverter_name,69.85,,
fronius,2026-03-18,a93e4e65-6f50-4a8f-a7e3-99abdfcf11e9,Penner Farms - 33-8-13 pump (site 3),5e62605a-bcfd-40e2-9800-ae0401315562,Symo  24.0-3 480 (6),,,24.0,parsed_from_inverter_name,69.03,,
fronius,2026-03-18,a93e4e65-6f50-4a8f-a7e3-99abdfcf11e9,Penner Farms - 33-8-13 pump (site 3),9e930636-d5a2-4a25-8fd9-ae0401315583,Symo  24.0-3 480 (8),,,24.0,parsed_from_inverter_name,70.0,,
fronius,2026-03-18,a93e4e65-6f50-4a8f-a7e3-99abdfcf11e9,Penner Farms - 33-8-13 pump (site 3),65ec44a7-931c-4a8a-a211-ae0401315570,Symo 24.0-3 480 (7),,,24.0,parsed_from_inverter_name,69.23,,
fronius,2026-03-19,a93e4e65-6f50-4a8f-a7e3-99abdfcf11e9,Penner Farms - 33-8-13 pump (site 3),fc5ec049-e0c5-4028-9ffe-ae040131554a,Symo  24.0-3 480 (1),,,24.0,parsed_from_inverter_name,73.42,,
fronius,2026-03-19,a93e4e65-6f50-4a8f-a7e3-99abdfcf11e9,Penner Farms - 33-8-13 pump (site 3),720c11c1-519e-4635-aa64-ae0401315554,Symo  24.0-3 480 (5),,,24.0,parsed_from_inverter_name,74.2,,
fronius,2026-03-19,a93e4e65-6f50-4a8f-a7e3-99abdfcf11e9,Penner Farms - 33-8-13 pump (site 3),5e62605a-bcfd-40e2-9800-ae0401315562,Symo  24.0-3 480 (6),,,24.0,parsed_from_inverter_name,73.56,,
fronius,2026-03-19,a93e4e65-6f50-4a8f-a7e3-99abdfcf11e9,Penner Farms - 33-8-13 pump (site 3),9e930636-d5a2-4a25-8fd9-ae0401315583,Symo  24.0-3 480 (8),,,24.0,parsed_from_inverter_name,74.38,,
fronius,2026-03-19,a93e4e65-6f50-4a8f-a7e3-99abdfcf11e9,Penner Farms - 33-8-13 pump (site 3),65ec44a7-931c-4a8a-a211-ae0401315570,Symo 24.0-3 480 (7),,,24.0,parsed_from_inverter_name,73.75,,
fronius,2026-03-20,a93e4e65-6f50-4a8f-a7e3-99abdfcf11e9,Penner Farms - 33-8-13 pump (site 3),fc5ec049-e0c5-4028-9ffe-ae040131554a,Symo  24.0-3 480 (1),,,24.0,parsed_from_inverter_name,127.43,,
fronius,2026-03-20,a93e4e65-6f50-4a8f-a7e3-99abdfcf11e9,Penner Farms - 33-8-13 pump (site 3),720c11c1-519e-4635-aa64-ae0401315554,Symo  24.0-3 480 (5),,,24.0,parsed_from_inverter_name,138.11,,
fronius,2026-03-20,a93e4e65-6f50-4a8f-a7e3-99abdfcf11e9,Penner Farms - 33-8-13 pump (site 3),5e62605a-bcfd-40e2-9800-ae0401315562,Symo  24.0-3 480 (6),,,24.0,parsed_from_inverter_name,136.92,,
fronius,2026-03-20,a93e4e65-6f50-4a8f-a7e3-99abdfcf11e9,Penner Farms - 33-8-13 pump (site 3),9e930636-d5a2-4a25-8fd9-ae0401315583,Symo  24.0-3 480 (8),,,24.0,parsed_from_inverter_name,141.05,,
fronius,2026-03-20,a93e4e65-6f50-4a8f-a7e3-99abdfcf11e9,Penner Farms - 33-8-13 pump (site 3),65ec44a7-931c-4a8a-a211-ae0401315570,Symo 24.0-3 480 (7),,,24.0,parsed_from_inverter_name,140.43,,
fronius,2026-03-21,a93e4e65-6f50-4a8f-a7e3-99abdfcf11e9,Penner Farms - 33-8-13 pump (site 3),fc5ec049-e0c5-4028-9ffe-ae040131554a,Symo  24.0-3 480 (1),,,24.0,parsed_from_inverter_name,43.33,,
fronius,2026-03-21,a93e4e65-6f50-4a8f-a7e3-99abdfcf11e9,Penner Farms - 33-8-13 pump (site 3),720c11c1-519e-4635-aa64-ae0401315554,Symo  24.0-3 480 (5),,,24.0,parsed_from_inverter_name,43.99,,
fronius,2026-03-21,a93e4e65-6f50-4a8f-a7e3-99abdfcf11e9,Penner Farms - 33-8-13 pump (site 3),5e62605a-bcfd-40e2-9800-ae0401315562,Symo  24.0-3 480 (6),,,24.0,parsed_from_inverter_name,43.32,,
fronius,2026-03-21,a93e4e65-6f50-4a8f-a7e3-99abdfcf11e9,Penner Farms - 33-8-13 pump (site 3),9e930636-d5a2-4a25-8fd9-ae0401315583,Symo  24.0-3 480 (8),,,24.0,parsed_from_inverter_name,43.99,,
fronius,2026-03-21,a93e4e65-6f50-4a8f-a7e3-99abdfcf11e9,Penner Farms - 33-8-13 pump (site 3),65ec44a7-931c-4a8a-a211-ae0401315570,Symo 24.0-3 480 (7),,,24.0,parsed_from_inverter_name,43.4,,
fronius,2026-03-22,a93e4e65-6f50-4a8f-a7e3-99abdfcf11e9,Penner Farms - 33-8-13 pump (site 3),fc5ec049-e0c5-4028-9ffe-ae040131554a,Symo  24.0-3 480 (1),,,24.0,parsed_from_inverter_name,155.28,,
fronius,2026-03-22,a93e4e65-6f50-4a8f-a7e3-99abdfcf11e9,Penner Farms - 33-8-13 pump (site 3),720c11c1-519e-4635-aa64-ae0401315554,Symo  24.0-3 480 (5),,,24.0,parsed_from_inverter_name,164.39,,
fronius,2026-03-22,a93e4e65-6f50-4a8f-a7e3-99abdfcf11e9,Penner Farms - 33-8-13 pump (site 3),5e62605a-bcfd-40e2-9800-ae0401315562,Symo  24.0-3 480 (6),,,24.0,parsed_from_inverter_name,161.64,,
fronius,2026-03-22,a93e4e65-6f50-4a8f-a7e3-99abdfcf11e9,Penner Farms - 33-8-13 pump (site 3),9e930636-d5a2-4a25-8fd9-ae0401315583,Symo  24.0-3 480 (8),,,24.0,parsed_from_inverter_name,167.49,,
fronius,2026-03-22,a93e4e65-6f50-4a8f-a7e3-99abdfcf11e9,Penner Farms - 33-8-13 pump (site 3),65ec44a7-931c-4a8a-a211-ae0401315570,Symo 24.0-3 480 (7),,,24.0,parsed_from_inverter_name,165.3,,
fronius,2026-03-23,a93e4e65-6f50-4a8f-a7e3-99abdfcf11e9,Penner Farms - 33-8-13 pump (site 3),fc5ec049-e0c5-4028-9ffe-ae040131554a,Symo  24.0-3 480 (1),,,24.0,parsed_from_inverter_name,153.78,,
fronius,2026-03-23,a93e4e65-6f50-4a8f-a7e3-99abdfcf11e9,Penner Farms - 33-8-13 pump (site 3),720c11c1-519e-4635-aa64-ae0401315554,Symo  24.0-3 480 (5),,,24.0,parsed_from_inverter_name,165.14,,
fronius,2026-03-23,a93e4e65-6f50-4a8f-a7e3-99abdfcf11e9,Penner Farms - 33-8-13 pump (site 3),5e62605a-bcfd-40e2-9800-ae0401315562,Symo  24.0-3 480 (6),,,24.0,parsed_from_inverter_name,163.74,,
fronius,2026-03-23,a93e4e65-6f50-4a8f-a7e3-99abdfcf11e9,Penner Farms - 33-8-13 pump (site 3),9e930636-d5a2-4a25-8fd9-ae0401315583,Symo  24.0-3 480 (8),,,24.0,parsed_from_inverter_name,165.48,,
fronius,2026-03-23,a93e4e65-6f50-4a8f-a7e3-99abdfcf11e9,Penner Farms - 33-8-13 pump (site 3),65ec44a7-931c-4a8a-a211-ae0401315570,Symo 24.0-3 480 (7),,,24.0,parsed_from_inverter_name,164.3,,
fronius,2026-03-24,a93e4e65-6f50-4a8f-a7e3-99abdfcf11e9,Penner Farms - 33-8-13 pump (site 3),fc5ec049-e0c5-4028-9ffe-ae040131554a,Symo  24.0-3 480 (1),,,24.0,parsed_from_inverter_name,47.84,,
fronius,2026-03-24,a93e4e65-6f50-4a8f-a7e3-99abdfcf11e9,Penner Farms - 33-8-13 pump (site 3),720c11c1-519e-4635-aa64-ae0401315554,Symo  24.0-3 480 (5),,,24.0,parsed_from_inverter_name,48.64,,
fronius,2026-03-24,a93e4e65-6f50-4a8f-a7e3-99abdfcf11e9,Penner Farms - 33-8-13 pump (site 3),5e62605a-bcfd-40e2-9800-ae0401315562,Symo  24.0-3 480 (6),,,24.0,parsed_from_inverter_name,47.79,,
fronius,2026-03-24,a93e4e65-6f50-4a8f-a7e3-99abdfcf11e9,Penner Farms - 33-8-13 pump (site 3),9e930636-d5a2-4a25-8fd9-ae0401315583,Symo  24.0-3 480 (8),,,24.0,parsed_from_inverter_name,48.74,,
fronius,2026-03-24,a93e4e65-6f50-4a8f-a7e3-99abdfcf11e9,Penner Farms - 33-8-13 pump (site 3),65ec44a7-931c-4a8a-a211-ae0401315570,Symo 24.0-3 480 (7),,,24.0,parsed_from_inverter_name,47.9,,
fronius,2026-03-25,a93e4e65-6f50-4a8f-a7e3-99abdfcf11e9,Penner Farms - 33-8-13 pump (site 3),fc5ec049-e0c5-4028-9ffe-ae040131554a,Symo  24.0-3 480 (1),,,24.0,parsed_from_inverter_name,133.86,,
fronius,2026-03-25,a93e4e65-6f50-4a8f-a7e3-99abdfcf11e9,Penner Farms - 33-8-13 pump (site 3),720c11c1-519e-4635-aa64-ae0401315554,Symo  24.0-3 480 (5),,,24.0,parsed_from_inverter_name,160.97,,
fronius,2026-03-25,a93e4e65-6f50-4a8f-a7e3-99abdfcf11e9,Penner Farms - 33-8-13 pump (site 3),5e62605a-bcfd-40e2-9800-ae0401315562,Symo  24.0-3 480 (6),,,24.0,parsed_from_inverter_name,157.87,,
fronius,2026-03-25,a93e4e65-6f50-4a8f-a7e3-99abdfcf11e9,Penner Farms - 33-8-13 pump (site 3),9e930636-d5a2-4a25-8fd9-ae0401315583,Symo  24.0-3 480 (8),,,24.0,parsed_from_inverter_name,161.5,,
fronius,2026-03-25,a93e4e65-6f50-4a8f-a7e3-99abdfcf11e9,Penner Farms - 33-8-13 pump (site 3),65ec44a7-931c-4a8a-a211-ae0401315570,Symo 24.0-3 480 (7),,,24.0,parsed_from_inverter_name,161.13,,
fronius,2026-03-26,a93e4e65-6f50-4a8f-a7e3-99abdfcf11e9,Penner Farms - 33-8-13 pump (site 3),fc5ec049-e0c5-4028-9ffe-ae040131554a,Symo  24.0-3 480 (1),,,24.0,parsed_from_inverter_name,139.34,,
fronius,2026-03-26,a93e4e65-6f50-4a8f-a7e3-99abdfcf11e9,Penner Farms - 33-8-13 pump (site 3),720c11c1-519e-4635-aa64-ae0401315554,Symo  24.0-3 480 (5),,,24.0,parsed_from_inverter_name,122.05,,
fronius,2026-03-26,a93e4e65-6f50-4a8f-a7e3-99abdfcf11e9,Penner Farms - 33-8-13 pump (site 3),5e62605a-bcfd-40e2-9800-ae0401315562,Symo  24.0-3 480 (6),,,24.0,parsed_from_inverter_name,127.25,,
fronius,2026-03-26,a93e4e65-6f50-4a8f-a7e3-99abdfcf11e9,Penner Farms - 33-8-13 pump (site 3),9e930636-d5a2-4a25-8fd9-ae0401315583,Symo  24.0-3 480 (8),,,24.0,parsed_from_inverter_name,109.01,,
fronius,2026-03-26,a93e4e65-6f50-4a8f-a7e3-99abdfcf11e9,Penner Farms - 33-8-13 pump (site 3),65ec44a7-931c-4a8a-a211-ae0401315570,Symo 24.0-3 480 (7),,,24.0,parsed_from_inverter_name,115.37,,
fronius,2026-03-27,a93e4e65-6f50-4a8f-a7e3-99abdfcf11e9,Penner Farms - 33-8-13 pump (site 3),fc5ec049-e0c5-4028-9ffe-ae040131554a,Symo  24.0-3 480 (1),,,24.0,parsed_from_inverter_name,170.22,,
fronius,2026-03-27,a93e4e65-6f50-4a8f-a7e3-99abdfcf11e9,Penner Farms - 33-8-13 pump (site 3),720c11c1-519e-4635-aa64-ae0401315554,Symo  24.0-3 480 (5),,,24.0,parsed_from_inverter_name,173.5,,
fronius,2026-03-27,a93e4e65-6f50-4a8f-a7e3-99abdfcf11e9,Penner Farms - 33-8-13 pump (site 3),5e62605a-bcfd-40e2-9800-ae0401315562,Symo  24.0-3 480 (6),,,24.0,parsed_from_inverter_name,171.56,,
fronius,2026-03-27,a93e4e65-6f50-4a8f-a7e3-99abdfcf11e9,Penner Farms - 33-8-13 pump (site 3),9e930636-d5a2-4a25-8fd9-ae0401315583,Symo  24.0-3 480 (8),,,24.0,parsed_from_inverter_name,173.77,,
fronius,2026-03-27,a93e4e65-6f50-4a8f-a7e3-99abdfcf11e9,Penner Farms - 33-8-13 pump (site 3),65ec44a7-931c-4a8a-a211-ae0401315570,Symo 24.0-3 480 (7),,,24.0,parsed_from_inverter_name,173.1,,
fronius,2026-03-28,a93e4e65-6f50-4a8f-a7e3-99abdfcf11e9,Penner Farms - 33-8-13 pump (site 3),fc5ec049-e0c5-4028-9ffe-ae040131554a,Symo  24.0-3 480 (1),,,24.0,parsed_from_inverter_name,125.68,,
fronius,2026-03-28,a93e4e65-6f50-4a8f-a7e3-99abdfcf11e9,Penner Farms - 33-8-13 pump (site 3),720c11c1-519e-4635-aa64-ae0401315554,Symo  24.0-3 480 (5),,,24.0,parsed_from_inverter_name,132.21,,
fronius,2026-03-28,a93e4e65-6f50-4a8f-a7e3-99abdfcf11e9,Penner Farms - 33-8-13 pump (site 3),5e62605a-bcfd-40e2-9800-ae0401315562,Symo  24.0-3 480 (6),,,24.0,parsed_from_inverter_name,129.5,,
fronius,2026-03-28,a93e4e65-6f50-4a8f-a7e3-99abdfcf11e9,Penner Farms - 33-8-13 pump (site 3),9e930636-d5a2-4a25-8fd9-ae0401315583,Symo  24.0-3 480 (8),,,24.0,parsed_from_inverter_name,132.46,,
fronius,2026-03-28,a93e4e65-6f50-4a8f-a7e3-99abdfcf11e9,Penner Farms - 33-8-13 pump (site 3),65ec44a7-931c-4a8a-a211-ae0401315570,Symo 24.0-3 480 (7),,,24.0,parsed_from_inverter_name,131.64,,
fronius,2026-03-29,a93e4e65-6f50-4a8f-a7e3-99abdfcf11e9,Penner Farms - 33-8-13 pump (site 3),fc5ec049-e0c5-4028-9ffe-ae040131554a,Symo  24.0-3 480 (1),,,24.0,parsed_from_inverter_name,37.04,,
fronius,2026-03-29,a93e4e65-6f50-4a8f-a7e3-99abdfcf11e9,Penner Farms - 33-8-13 pump (site 3),720c11c1-519e-4635-aa64-ae0401315554,Symo  24.0-3 480 (5),,,24.0,parsed_from_inverter_name,37.67,,
fronius,2026-03-29,a93e4e65-6f50-4a8f-a7e3-99abdfcf11e9,Penner Farms - 33-8-13 pump (site 3),5e62605a-bcfd-40e2-9800-ae0401315562,Symo  24.0-3 480 (6),,,24.0,parsed_from_inverter_name,36.92,,
fronius,2026-03-29,a93e4e65-6f50-4a8f-a7e3-99abdfcf11e9,Penner Farms - 33-8-13 pump (site 3),9e930636-d5a2-4a25-8fd9-ae0401315583,Symo  24.0-3 480 (8),,,24.0,parsed_from_inverter_name,37.63,,
fronius,2026-03-29,a93e4e65-6f50-4a8f-a7e3-99abdfcf11e9,Penner Farms - 33-8-13 pump (site 3),65ec44a7-931c-4a8a-a211-ae0401315570,Symo 24.0-3 480 (7),,,24.0,parsed_from_inverter_name,36.94,,
fronius,2026-03-30,a93e4e65-6f50-4a8f-a7e3-99abdfcf11e9,Penner Farms - 33-8-13 pump (site 3),fc5ec049-e0c5-4028-9ffe-ae040131554a,Symo  24.0-3 480 (1),,,24.0,parsed_from_inverter_name,63.54,,
fronius,2026-03-30,a93e4e65-6f50-4a8f-a7e3-99abdfcf11e9,Penner Farms - 33-8-13 pump (site 3),720c11c1-519e-4635-aa64-ae0401315554,Symo  24.0-3 480 (5),,,24.0,parsed_from_inverter_name,63.44,,
fronius,2026-03-30,a93e4e65-6f50-4a8f-a7e3-99abdfcf11e9,Penner Farms - 33-8-13 pump (site 3),5e62605a-bcfd-40e2-9800-ae0401315562,Symo  24.0-3 480 (6),,,24.0,parsed_from_inverter_name,60.68,,
fronius,2026-03-30,a93e4e65-6f50-4a8f-a7e3-99abdfcf11e9,Penner Farms - 33-8-13 pump (site 3),9e930636-d5a2-4a25-8fd9-ae0401315583,Symo  24.0-3 480 (8),,,24.0,parsed_from_inverter_name,67.01,,
fronius,2026-03-30,a93e4e65-6f50-4a8f-a7e3-99abdfcf11e9,Penner Farms - 33-8-13 pump (site 3),65ec44a7-931c-4a8a-a211-ae0401315570,Symo 24.0-3 480 (7),,,24.0,parsed_from_inverter_name,62.1,,
fronius,2026-03-31,a93e4e65-6f50-4a8f-a7e3-99abdfcf11e9,Penner Farms - 33-8-13 pump (site 3),fc5ec049-e0c5-4028-9ffe-ae040131554a,Symo  24.0-3 480 (1),,,24.0,parsed_from_inverter_name,156.15,,
fronius,2026-03-31,a93e4e65-6f50-4a8f-a7e3-99abdfcf11e9,Penner Farms - 33-8-13 pump (site 3),720c11c1-519e-4635-aa64-ae0401315554,Symo  24.0-3 480 (5),,,24.0,parsed_from_inverter_name,162.56,,
fronius,2026-03-31,a93e4e65-6f50-4a8f-a7e3-99abdfcf11e9,Penner Farms - 33-8-13 pump (site 3),5e62605a-bcfd-40e2-9800-ae0401315562,Symo  24.0-3 480 (6),,,24.0,parsed_from_inverter_name,160.15,,
fronius,2026-03-31,a93e4e65-6f50-4a8f-a7e3-99abdfcf11e9,Penner Farms - 33-8-13 pump (site 3),9e930636-d5a2-4a25-8fd9-ae0401315583,Symo  24.0-3 480 (8),,,24.0,parsed_from_inverter_name,162.92,,
fronius,2026-03-31,a93e4e65-6f50-4a8f-a7e3-99abdfcf11e9,Penner Farms - 33-8-13 pump (site 3),65ec44a7-931c-4a8a-a211-ae0401315570,Symo 24.0-3 480 (7),,,24.0,parsed_from_inverter_name,160.68,,
fronius,2026-04-01,a93e4e65-6f50-4a8f-a7e3-99abdfcf11e9,Penner Farms - 33-8-13 pump (site 3),fc5ec049-e0c5-4028-9ffe-ae040131554a,Symo  24.0-3 480 (1),,,24.0,parsed_from_inverter_name,128.28,,
fronius,2026-04-01,a93e4e65-6f50-4a8f-a7e3-99abdfcf11e9,Penner Farms - 33-8-13 pump (site 3),720c11c1-519e-4635-aa64-ae0401315554,Symo  24.0-3 480 (5),,,24.0,parsed_from_inverter_name,158.75,,
fronius,2026-04-01,a93e4e65-6f50-4a8f-a7e3-99abdfcf11e9,Penner Farms - 33-8-13 pump (site 3),5e62605a-bcfd-40e2-9800-ae0401315562,Symo  24.0-3 480 (6),,,24.0,parsed_from_inverter_name,157.09,,
fronius,2026-04-01,a93e4e65-6f50-4a8f-a7e3-99abdfcf11e9,Penner Farms - 33-8-13 pump (site 3),9e930636-d5a2-4a25-8fd9-ae0401315583,Symo  24.0-3 480 (8),,,24.0,parsed_from_inverter_name,159.39,,
fronius,2026-04-01,a93e4e65-6f50-4a8f-a7e3-99abdfcf11e9,Penner Farms - 33-8-13 pump (site 3),65ec44a7-931c-4a8a-a211-ae0401315570,Symo 24.0-3 480 (7),,,24.0,parsed_from_inverter_name,157.74,,
fronius,2026-04-02,a93e4e65-6f50-4a8f-a7e3-99abdfcf11e9,Penner Farms - 33-8-13 pump (site 3),fc5ec049-e0c5-4028-9ffe-ae040131554a,Symo  24.0-3 480 (1),,,24.0,parsed_from_inverter_name,39.81,,
fronius,2026-04-02,a93e4e65-6f50-4a8f-a7e3-99abdfcf11e9,Penner Farms - 33-8-13 pump (site 3),720c11c1-519e-4635-aa64-ae0401315554,Symo  24.0-3 480 (5),,,24.0,parsed_from_inverter_name,43.76,,
fronius,2026-04-02,a93e4e65-6f50-4a8f-a7e3-99abdfcf11e9,Penner Farms - 33-8-13 pump (site 3),5e62605a-bcfd-40e2-9800-ae0401315562,Symo  24.0-3 480 (6),,,24.0,parsed_from_inverter_name,44.54,,
fronius,2026-04-02,a93e4e65-6f50-4a8f-a7e3-99abdfcf11e9,Penner Farms - 33-8-13 pump (site 3),9e930636-d5a2-4a25-8fd9-ae0401315583,Symo  24.0-3 480 (8),,,24.0,parsed_from_inverter_name,45.72,,
fronius,2026-04-02,a93e4e65-6f50-4a8f-a7e3-99abdfcf11e9,Penner Farms - 33-8-13 pump (site 3),65ec44a7-931c-4a8a-a211-ae0401315570,Symo 24.0-3 480 (7),,,24.0,parsed_from_inverter_name,43.89,,
fronius,2026-04-03,a93e4e65-6f50-4a8f-a7e3-99abdfcf11e9,Penner Farms - 33-8-13 pump (site 3),fc5ec049-e0c5-4028-9ffe-ae040131554a,Symo  24.0-3 480 (1),,,24.0,parsed_from_inverter_name,112.04,,
fronius,2026-04-03,a93e4e65-6f50-4a8f-a7e3-99abdfcf11e9,Penner Farms - 33-8-13 pump (site 3),720c11c1-519e-4635-aa64-ae0401315554,Symo  24.0-3 480 (5),,,24.0,parsed_from_inverter_name,113.26,,
fronius,2026-04-03,a93e4e65-6f50-4a8f-a7e3-99abdfcf11e9,Penner Farms - 33-8-13 pump (site 3),5e62605a-bcfd-40e2-9800-ae0401315562,Symo  24.0-3 480 (6),,,24.0,parsed_from_inverter_name,114.35,,
fronius,2026-04-03,a93e4e65-6f50-4a8f-a7e3-99abdfcf11e9,Penner Farms - 33-8-13 pump (site 3),9e930636-d5a2-4a25-8fd9-ae0401315583,Symo  24.0-3 480 (8),,,24.0,parsed_from_inverter_name,115.96,,
fronius,2026-04-03,a93e4e65-6f50-4a8f-a7e3-99abdfcf11e9,Penner Farms - 33-8-13 pump (site 3),65ec44a7-931c-4a8a-a211-ae0401315570,Symo 24.0-3 480 (7),,,24.0,parsed_from_inverter_name,112.4,,
fronius,2026-04-04,a93e4e65-6f50-4a8f-a7e3-99abdfcf11e9,Penner Farms - 33-8-13 pump (site 3),fc5ec049-e0c5-4028-9ffe-ae040131554a,Symo  24.0-3 480 (1),,,24.0,parsed_from_inverter_name,149.36,,
fronius,2026-04-04,a93e4e65-6f50-4a8f-a7e3-99abdfcf11e9,Penner Farms - 33-8-13 pump (site 3),720c11c1-519e-4635-aa64-ae0401315554,Symo  24.0-3 480 (5),,,24.0,parsed_from_inverter_name,166.18,,
fronius,2026-04-04,a93e4e65-6f50-4a8f-a7e3-99abdfcf11e9,Penner Farms - 33-8-13 pump (site 3),5e62605a-bcfd-40e2-9800-ae0401315562,Symo  24.0-3 480 (6),,,24.0,parsed_from_inverter_name,165.27,,
fronius,2026-04-04,a93e4e65-6f50-4a8f-a7e3-99abdfcf11e9,Penner Farms - 33-8-13 pump (site 3),9e930636-d5a2-4a25-8fd9-ae0401315583,Symo  24.0-3 480 (8),,,24.0,parsed_from_inverter_name,169.2,,
fronius,2026-04-04,a93e4e65-6f50-4a8f-a7e3-99abdfcf11e9,Penner Farms - 33-8-13 pump (site 3),65ec44a7-931c-4a8a-a211-ae0401315570,Symo 24.0-3 480 (7),,,24.0,parsed_from_inverter_name,168.54,,
fronius,2026-04-05,a93e4e65-6f50-4a8f-a7e3-99abdfcf11e9,Penner Farms - 33-8-13 pump (site 3),fc5ec049-e0c5-4028-9ffe-ae040131554a,Symo  24.0-3 480 (1),,,24.0,parsed_from_inverter_name,92.2,,
fronius,2026-04-05,a93e4e65-6f50-4a8f-a7e3-99abdfcf11e9,Penner Farms - 33-8-13 pump (site 3),720c11c1-519e-4635-aa64-ae0401315554,Symo  24.0-3 480 (5),,,24.0,parsed_from_inverter_name,112.18,,
fronius,2026-04-05,a93e4e65-6f50-4a8f-a7e3-99abdfcf11e9,Penner Farms - 33-8-13 pump (site 3),5e62605a-bcfd-40e2-9800-ae0401315562,Symo  24.0-3 480 (6),,,24.0,parsed_from_inverter_name,108.74,,
fronius,2026-04-05,a93e4e65-6f50-4a8f-a7e3-99abdfcf11e9,Penner Farms - 33-8-13 pump (site 3),9e930636-d5a2-4a25-8fd9-ae0401315583,Symo  24.0-3 480 (8),,,24.0,parsed_from_inverter_name,112.09,,
fronius,2026-04-05,a93e4e65-6f50-4a8f-a7e3-99abdfcf11e9,Penner Farms - 33-8-13 pump (site 3),65ec44a7-931c-4a8a-a211-ae0401315570,Symo 24.0-3 480 (7),,,24.0,parsed_from_inverter_name,110.9,,
fronius,2026-04-06,a93e4e65-6f50-4a8f-a7e3-99abdfcf11e9,Penner Farms - 33-8-13 pump (site 3),fc5ec049-e0c5-4028-9ffe-ae040131554a,Symo  24.0-3 480 (1),,,24.0,parsed_from_inverter_name,156.84,,
fronius,2026-04-06,a93e4e65-6f50-4a8f-a7e3-99abdfcf11e9,Penner Farms - 33-8-13 pump (site 3),720c11c1-519e-4635-aa64-ae0401315554,Symo  24.0-3 480 (5),,,24.0,parsed_from_inverter_name,162.02,,
fronius,2026-04-06,a93e4e65-6f50-4a8f-a7e3-99abdfcf11e9,Penner Farms - 33-8-13 pump (site 3),5e62605a-bcfd-40e2-9800-ae0401315562,Symo  24.0-3 480 (6),,,24.0,parsed_from_inverter_name,158.58,,
fronius,2026-04-06,a93e4e65-6f50-4a8f-a7e3-99abdfcf11e9,Penner Farms - 33-8-13 pump (site 3),9e930636-d5a2-4a25-8fd9-ae0401315583,Symo  24.0-3 480 (8),,,24.0,parsed_from_inverter_name,162.05,,
fronius,2026-04-06,a93e4e65-6f50-4a8f-a7e3-99abdfcf11e9,Penner Farms - 33-8-13 pump (site 3),65ec44a7-931c-4a8a-a211-ae0401315570,Symo 24.0-3 480 (7),,,24.0,parsed_from_inverter_name,160.71,,
fronius,2026-04-07,a93e4e65-6f50-4a8f-a7e3-99abdfcf11e9,Penner Farms - 33-8-13 pump (site 3),fc5ec049-e0c5-4028-9ffe-ae040131554a,Symo  24.0-3 480 (1),,,24.0,parsed_from_inverter_name,57.11,,
fronius,2026-04-07,a93e4e65-6f50-4a8f-a7e3-99abdfcf11e9,Penner Farms - 33-8-13 pump (site 3),720c11c1-519e-4635-aa64-ae0401315554,Symo  24.0-3 480 (5),,,24.0,parsed_from_inverter_name,57.91,,
fronius,2026-04-07,a93e4e65-6f50-4a8f-a7e3-99abdfcf11e9,Penner Farms - 33-8-13 pump (site 3),5e62605a-bcfd-40e2-9800-ae0401315562,Symo  24.0-3 480 (6),,,24.0,parsed_from_inverter_name,58.29,,
fronius,2026-04-07,a93e4e65-6f50-4a8f-a7e3-99abdfcf11e9,Penner Farms - 33-8-13 pump (site 3),9e930636-d5a2-4a25-8fd9-ae0401315583,Symo  24.0-3 480 (8),,,24.0,parsed_from_inverter_name,60.31,,
fronius,2026-04-07,a93e4e65-6f50-4a8f-a7e3-99abdfcf11e9,Penner Farms - 33-8-13 pump (site 3),65ec44a7-931c-4a8a-a211-ae0401315570,Symo 24.0-3 480 (7),,,24.0,parsed_from_inverter_name,59.63,,
fronius,2026-04-08,a93e4e65-6f50-4a8f-a7e3-99abdfcf11e9,Penner Farms - 33-8-13 pump (site 3),fc5ec049-e0c5-4028-9ffe-ae040131554a,Symo  24.0-3 480 (1),,,24.0,parsed_from_inverter_name,133.53,,
fronius,2026-04-08,a93e4e65-6f50-4a8f-a7e3-99abdfcf11e9,Penner Farms - 33-8-13 pump (site 3),720c11c1-519e-4635-aa64-ae0401315554,Symo  24.0-3 480 (5),,,24.0,parsed_from_inverter_name,139.23,,
fronius,2026-04-08,a93e4e65-6f50-4a8f-a7e3-99abdfcf11e9,Penner Farms - 33-8-13 pump (site 3),5e62605a-bcfd-40e2-9800-ae0401315562,Symo  24.0-3 480 (6),,,24.0,parsed_from_inverter_name,138.27,,
fronius,2026-04-08,a93e4e65-6f50-4a8f-a7e3-99abdfcf11e9,Penner Farms - 33-8-13 pump (site 3),9e930636-d5a2-4a25-8fd9-ae0401315583,Symo  24.0-3 480 (8),,,24.0,parsed_from_inverter_name,140.11,,
fronius,2026-04-08,a93e4e65-6f50-4a8f-a7e3-99abdfcf11e9,Penner Farms - 33-8-13 pump (site 3),65ec44a7-931c-4a8a-a211-ae0401315570,Symo 24.0-3 480 (7),,,24.0,parsed_from_inverter_name,139.18,,
fronius,2026-04-09,a93e4e65-6f50-4a8f-a7e3-99abdfcf11e9,Penner Farms - 33-8-13 pump (site 3),fc5ec049-e0c5-4028-9ffe-ae040131554a,Symo  24.0-3 480 (1),,,24.0,parsed_from_inverter_name,147.67,,
fronius,2026-04-09,a93e4e65-6f50-4a8f-a7e3-99abdfcf11e9,Penner Farms - 33-8-13 pump (site 3),720c11c1-519e-4635-aa64-ae0401315554,Symo  24.0-3 480 (5),,,24.0,parsed_from_inverter_name,156.36,,
fronius,2026-04-09,a93e4e65-6f50-4a8f-a7e3-99abdfcf11e9,Penner Farms - 33-8-13 pump (site 3),5e62605a-bcfd-40e2-9800-ae0401315562,Symo  24.0-3 480 (6),,,24.0,parsed_from_inverter_name,155.08,,
fronius,2026-04-09,a93e4e65-6f50-4a8f-a7e3-99abdfcf11e9,Penner Farms - 33-8-13 pump (site 3),9e930636-d5a2-4a25-8fd9-ae0401315583,Symo  24.0-3 480 (8),,,24.0,parsed_from_inverter_name,156.57,,
fronius,2026-04-09,a93e4e65-6f50-4a8f-a7e3-99abdfcf11e9,Penner Farms - 33-8-13 pump (site 3),65ec44a7-931c-4a8a-a211-ae0401315570,Symo 24.0-3 480 (7),,,24.0,parsed_from_inverter_name,155.55,,
fronius,2026-04-10,a93e4e65-6f50-4a8f-a7e3-99abdfcf11e9,Penner Farms - 33-8-13 pump (site 3),fc5ec049-e0c5-4028-9ffe-ae040131554a,Symo  24.0-3 480 (1),,,24.0,parsed_from_inverter_name,146.43,,
fronius,2026-04-10,a93e4e65-6f50-4a8f-a7e3-99abdfcf11e9,Penner Farms - 33-8-13 pump (site 3),720c11c1-519e-4635-aa64-ae0401315554,Symo  24.0-3 480 (5),,,24.0,parsed_from_inverter_name,192.99,,
fronius,2026-04-10,a93e4e65-6f50-4a8f-a7e3-99abdfcf11e9,Penner Farms - 33-8-13 pump (site 3),5e62605a-bcfd-40e2-9800-ae0401315562,Symo  24.0-3 480 (6),,,24.0,parsed_from_inverter_name,190.83,,
fronius,2026-04-10,a93e4e65-6f50-4a8f-a7e3-99abdfcf11e9,Penner Farms - 33-8-13 pump (site 3),9e930636-d5a2-4a25-8fd9-ae0401315583,Symo  24.0-3 480 (8),,,24.0,parsed_from_inverter_name,193.48,,
fronius,2026-04-10,a93e4e65-6f50-4a8f-a7e3-99abdfcf11e9,Penner Farms - 33-8-13 pump (site 3),65ec44a7-931c-4a8a-a211-ae0401315570,Symo 24.0-3 480 (7),,,24.0,parsed_from_inverter_name,191.85,,
fronius,2026-04-11,a93e4e65-6f50-4a8f-a7e3-99abdfcf11e9,Penner Farms - 33-8-13 pump (site 3),fc5ec049-e0c5-4028-9ffe-ae040131554a,Symo  24.0-3 480 (1),,,24.0,parsed_from_inverter_name,104.0,,
fronius,2026-04-11,a93e4e65-6f50-4a8f-a7e3-99abdfcf11e9,Penner Farms - 33-8-13 pump (site 3),720c11c1-519e-4635-aa64-ae0401315554,Symo  24.0-3 480 (5),,,24.0,parsed_from_inverter_name,107.4,,
fronius,2026-04-11,a93e4e65-6f50-4a8f-a7e3-99abdfcf11e9,Penner Farms - 33-8-13 pump (site 3),5e62605a-bcfd-40e2-9800-ae0401315562,Symo  24.0-3 480 (6),,,24.0,parsed_from_inverter_name,106.02,,
fronius,2026-04-11,a93e4e65-6f50-4a8f-a7e3-99abdfcf11e9,Penner Farms - 33-8-13 pump (site 3),9e930636-d5a2-4a25-8fd9-ae0401315583,Symo  24.0-3 480 (8),,,24.0,parsed_from_inverter_name,107.61,,
fronius,2026-04-11,a93e4e65-6f50-4a8f-a7e3-99abdfcf11e9,Penner Farms - 33-8-13 pump (site 3),65ec44a7-931c-4a8a-a211-ae0401315570,Symo 24.0-3 480 (7),,,24.0,parsed_from_inverter_name,106.25,,
fronius,2026-04-12,a93e4e65-6f50-4a8f-a7e3-99abdfcf11e9,Penner Farms - 33-8-13 pump (site 3),fc5ec049-e0c5-4028-9ffe-ae040131554a,Symo  24.0-3 480 (1),,,24.0,parsed_from_inverter_name,32.46,,
fronius,2026-04-12,a93e4e65-6f50-4a8f-a7e3-99abdfcf11e9,Penner Farms - 33-8-13 pump (site 3),720c11c1-519e-4635-aa64-ae0401315554,Symo  24.0-3 480 (5),,,24.0,parsed_from_inverter_name,32.96,,
fronius,2026-04-12,a93e4e65-6f50-4a8f-a7e3-99abdfcf11e9,Penner Farms - 33-8-13 pump (site 3),5e62605a-bcfd-40e2-9800-ae0401315562,Symo  24.0-3 480 (6),,,24.0,parsed_from_inverter_name,32.42,,
fronius,2026-04-12,a93e4e65-6f50-4a8f-a7e3-99abdfcf11e9,Penner Farms - 33-8-13 pump (site 3),9e930636-d5a2-4a25-8fd9-ae0401315583,Symo  24.0-3 480 (8),,,24.0,parsed_from_inverter_name,32.83,,
fronius,2026-04-12,a93e4e65-6f50-4a8f-a7e3-99abdfcf11e9,Penner Farms - 33-8-13 pump (site 3),65ec44a7-931c-4a8a-a211-ae0401315570,Symo 24.0-3 480 (7),,,24.0,parsed_from_inverter_name,32.4,,
fronius,2026-04-13,a93e4e65-6f50-4a8f-a7e3-99abdfcf11e9,Penner Farms - 33-8-13 pump (site 3),fc5ec049-e0c5-4028-9ffe-ae040131554a,Symo  24.0-3 480 (1),,,24.0,parsed_from_inverter_name,147.42,,
fronius,2026-04-13,a93e4e65-6f50-4a8f-a7e3-99abdfcf11e9,Penner Farms - 33-8-13 pump (site 3),720c11c1-519e-4635-aa64-ae0401315554,Symo  24.0-3 480 (5),,,24.0,parsed_from_inverter_name,164.51,,
fronius,2026-04-13,a93e4e65-6f50-4a8f-a7e3-99abdfcf11e9,Penner Farms - 33-8-13 pump (site 3),5e62605a-bcfd-40e2-9800-ae0401315562,Symo  24.0-3 480 (6),,,24.0,parsed_from_inverter_name,158.44,,
fronius,2026-04-13,a93e4e65-6f50-4a8f-a7e3-99abdfcf11e9,Penner Farms - 33-8-13 pump (site 3),9e930636-d5a2-4a25-8fd9-ae0401315583,Symo  24.0-3 480 (8),,,24.0,parsed_from_inverter_name,164.46,,
fronius,2026-04-13,a93e4e65-6f50-4a8f-a7e3-99abdfcf11e9,Penner Farms - 33-8-13 pump (site 3),65ec44a7-931c-4a8a-a211-ae0401315570,Symo 24.0-3 480 (7),,,24.0,parsed_from_inverter_name,163.55,,
fronius,2026-04-14,a93e4e65-6f50-4a8f-a7e3-99abdfcf11e9,Penner Farms - 33-8-13 pump (site 3),fc5ec049-e0c5-4028-9ffe-ae040131554a,Symo  24.0-3 480 (1),,,24.0,parsed_from_inverter_name,138.06,,
fronius,2026-04-14,a93e4e65-6f50-4a8f-a7e3-99abdfcf11e9,Penner Farms - 33-8-13 pump (site 3),720c11c1-519e-4635-aa64-ae0401315554,Symo  24.0-3 480 (5),,,24.0,parsed_from_inverter_name,173.42,,
fronius,2026-04-14,a93e4e65-6f50-4a8f-a7e3-99abdfcf11e9,Penner Farms - 33-8-13 pump (site 3),5e62605a-bcfd-40e2-9800-ae0401315562,Symo  24.0-3 480 (6),,,24.0,parsed_from_inverter_name,169.72,,
fronius,2026-04-14,a93e4e65-6f50-4a8f-a7e3-99abdfcf11e9,Penner Farms - 33-8-13 pump (site 3),9e930636-d5a2-4a25-8fd9-ae0401315583,Symo  24.0-3 480 (8),,,24.0,parsed_from_inverter_name,175.76,,
fronius,2026-04-14,a93e4e65-6f50-4a8f-a7e3-99abdfcf11e9,Penner Farms - 33-8-13 pump (site 3),65ec44a7-931c-4a8a-a211-ae0401315570,Symo 24.0-3 480 (7),,,24.0,parsed_from_inverter_name,175.22,,
fronius,2026-04-15,a93e4e65-6f50-4a8f-a7e3-99abdfcf11e9,Penner Farms - 33-8-13 pump (site 3),fc5ec049-e0c5-4028-9ffe-ae040131554a,Symo  24.0-3 480 (1),,,24.0,parsed_from_inverter_name,93.76,,
fronius,2026-04-15,a93e4e65-6f50-4a8f-a7e3-99abdfcf11e9,Penner Farms - 33-8-13 pump (site 3),720c11c1-519e-4635-aa64-ae0401315554,Symo  24.0-3 480 (5),,,24.0,parsed_from_inverter_name,95.34,,
fronius,2026-04-15,a93e4e65-6f50-4a8f-a7e3-99abdfcf11e9,Penner Farms - 33-8-13 pump (site 3),5e62605a-bcfd-40e2-9800-ae0401315562,Symo  24.0-3 480 (6),,,24.0,parsed_from_inverter_name,93.72,,
fronius,2026-04-15,a93e4e65-6f50-4a8f-a7e3-99abdfcf11e9,Penner Farms - 33-8-13 pump (site 3),9e930636-d5a2-4a25-8fd9-ae0401315583,Symo  24.0-3 480 (8),,,24.0,parsed_from_inverter_name,95.14,,
fronius,2026-04-15,a93e4e65-6f50-4a8f-a7e3-99abdfcf11e9,Penner Farms - 33-8-13 pump (site 3),65ec44a7-931c-4a8a-a211-ae0401315570,Symo 24.0-3 480 (7),,,24.0,parsed_from_inverter_name,94.03,,
fronius,2026-04-16,a93e4e65-6f50-4a8f-a7e3-99abdfcf11e9,Penner Farms - 33-8-13 pump (site 3),fc5ec049-e0c5-4028-9ffe-ae040131554a,Symo  24.0-3 480 (1),,,24.0,parsed_from_inverter_name,68.42,,
fronius,2026-04-16,a93e4e65-6f50-4a8f-a7e3-99abdfcf11e9,Penner Farms - 33-8-13 pump (site 3),720c11c1-519e-4635-aa64-ae0401315554,Symo  24.0-3 480 (5),,,24.0,parsed_from_inverter_name,78.4,,
fronius,2026-04-16,a93e4e65-6f50-4a8f-a7e3-99abdfcf11e9,Penner Farms - 33-8-13 pump (site 3),5e62605a-bcfd-40e2-9800-ae0401315562,Symo  24.0-3 480 (6),,,24.0,parsed_from_inverter_name,68.7,,
fronius,2026-04-16,a93e4e65-6f50-4a8f-a7e3-99abdfcf11e9,Penner Farms - 33-8-13 pump (site 3),9e930636-d5a2-4a25-8fd9-ae0401315583,Symo  24.0-3 480 (8),,,24.0,parsed_from_inverter_name,86.09,,
fronius,2026-04-16,a93e4e65-6f50-4a8f-a7e3-99abdfcf11e9,Penner Farms - 33-8-13 pump (site 3),65ec44a7-931c-4a8a-a211-ae0401315570,Symo 24.0-3 480 (7),,,24.0,parsed_from_inverter_name,69.39,,
fronius,2026-04-17,a93e4e65-6f50-4a8f-a7e3-99abdfcf11e9,Penner Farms - 33-8-13 pump (site 3),fc5ec049-e0c5-4028-9ffe-ae040131554a,Symo  24.0-3 480 (1),,,24.0,parsed_from_inverter_name,145.36,,
fronius,2026-04-17,a93e4e65-6f50-4a8f-a7e3-99abdfcf11e9,Penner Farms - 33-8-13 pump (site 3),720c11c1-519e-4635-aa64-ae0401315554,Symo  24.0-3 480 (5),,,24.0,parsed_from_inverter_name,151.42,,
fronius,2026-04-17,a93e4e65-6f50-4a8f-a7e3-99abdfcf11e9,Penner Farms - 33-8-13 pump (site 3),5e62605a-bcfd-40e2-9800-ae0401315562,Symo  24.0-3 480 (6),,,24.0,parsed_from_inverter_name,147.52,,
fronius,2026-04-17,a93e4e65-6f50-4a8f-a7e3-99abdfcf11e9,Penner Farms - 33-8-13 pump (site 3),9e930636-d5a2-4a25-8fd9-ae0401315583,Symo  24.0-3 480 (8),,,24.0,parsed_from_inverter_name,157.89,,
fronius,2026-04-17,a93e4e65-6f50-4a8f-a7e3-99abdfcf11e9,Penner Farms - 33-8-13 pump (site 3),65ec44a7-931c-4a8a-a211-ae0401315570,Symo 24.0-3 480 (7),,,24.0,parsed_from_inverter_name,147.59,,
fronius,2026-04-18,a93e4e65-6f50-4a8f-a7e3-99abdfcf11e9,Penner Farms - 33-8-13 pump (site 3),fc5ec049-e0c5-4028-9ffe-ae040131554a,Symo  24.0-3 480 (1),,,24.0,parsed_from_inverter_name,184.02,,
fronius,2026-04-18,a93e4e65-6f50-4a8f-a7e3-99abdfcf11e9,Penner Farms - 33-8-13 pump (site 3),720c11c1-519e-4635-aa64-ae0401315554,Symo  24.0-3 480 (5),,,24.0,parsed_from_inverter_name,194.93,,
fronius,2026-04-18,a93e4e65-6f50-4a8f-a7e3-99abdfcf11e9,Penner Farms - 33-8-13 pump (site 3),5e62605a-bcfd-40e2-9800-ae0401315562,Symo  24.0-3 480 (6),,,24.0,parsed_from_inverter_name,190.86,,
fronius,2026-04-18,a93e4e65-6f50-4a8f-a7e3-99abdfcf11e9,Penner Farms - 33-8-13 pump (site 3),9e930636-d5a2-4a25-8fd9-ae0401315583,Symo  24.0-3 480 (8),,,24.0,parsed_from_inverter_name,197.89,,
fronius,2026-04-18,a93e4e65-6f50-4a8f-a7e3-99abdfcf11e9,Penner Farms - 33-8-13 pump (site 3),65ec44a7-931c-4a8a-a211-ae0401315570,Symo 24.0-3 480 (7),,,24.0,parsed_from_inverter_name,196.95,,
fronius,2026-04-19,a93e4e65-6f50-4a8f-a7e3-99abdfcf11e9,Penner Farms - 33-8-13 pump (site 3),fc5ec049-e0c5-4028-9ffe-ae040131554a,Symo  24.0-3 480 (1),,,24.0,parsed_from_inverter_name,130.74,,
fronius,2026-04-19,a93e4e65-6f50-4a8f-a7e3-99abdfcf11e9,Penner Farms - 33-8-13 pump (site 3),720c11c1-519e-4635-aa64-ae0401315554,Symo  24.0-3 480 (5),,,24.0,parsed_from_inverter_name,192.77,,
fronius,2026-04-19,a93e4e65-6f50-4a8f-a7e3-99abdfcf11e9,Penner Farms - 33-8-13 pump (site 3),5e62605a-bcfd-40e2-9800-ae0401315562,Symo  24.0-3 480 (6),,,24.0,parsed_from_inverter_name,189.47,,
fronius,2026-04-19,a93e4e65-6f50-4a8f-a7e3-99abdfcf11e9,Penner Farms - 33-8-13 pump (site 3),9e930636-d5a2-4a25-8fd9-ae0401315583,Symo  24.0-3 480 (8),,,24.0,parsed_from_inverter_name,195.4,,
fronius,2026-04-19,a93e4e65-6f50-4a8f-a7e3-99abdfcf11e9,Penner Farms - 33-8-13 pump (site 3),65ec44a7-931c-4a8a-a211-ae0401315570,Symo 24.0-3 480 (7),,,24.0,parsed_from_inverter_name,191.71,,
fronius,2026-04-20,a93e4e65-6f50-4a8f-a7e3-99abdfcf11e9,Penner Farms - 33-8-13 pump (site 3),fc5ec049-e0c5-4028-9ffe-ae040131554a,Symo  24.0-3 480 (1),,,24.0,parsed_from_inverter_name,189.73,,
fronius,2026-04-20,a93e4e65-6f50-4a8f-a7e3-99abdfcf11e9,Penner Farms - 33-8-13 pump (site 3),720c11c1-519e-4635-aa64-ae0401315554,Symo  24.0-3 480 (5),,,24.0,parsed_from_inverter_name,191.46,,
fronius,2026-04-20,a93e4e65-6f50-4a8f-a7e3-99abdfcf11e9,Penner Farms - 33-8-13 pump (site 3),5e62605a-bcfd-40e2-9800-ae0401315562,Symo  24.0-3 480 (6),,,24.0,parsed_from_inverter_name,188.49,,
fronius,2026-04-20,a93e4e65-6f50-4a8f-a7e3-99abdfcf11e9,Penner Farms - 33-8-13 pump (site 3),9e930636-d5a2-4a25-8fd9-ae0401315583,Symo  24.0-3 480 (8),,,24.0,parsed_from_inverter_name,191.58,,
fronius,2026-04-20,a93e4e65-6f50-4a8f-a7e3-99abdfcf11e9,Penner Farms - 33-8-13 pump (site 3),65ec44a7-931c-4a8a-a211-ae0401315570,Symo 24.0-3 480 (7),,,24.0,parsed_from_inverter_name,190.05,,
fronius,2026-04-21,a93e4e65-6f50-4a8f-a7e3-99abdfcf11e9,Penner Farms - 33-8-13 pump (site 3),fc5ec049-e0c5-4028-9ffe-ae040131554a,Symo  24.0-3 480 (1),,,24.0,parsed_from_inverter_name,189.73,,
fronius,2026-04-21,a93e4e65-6f50-4a8f-a7e3-99abdfcf11e9,Penner Farms - 33-8-13 pump (site 3),720c11c1-519e-4635-aa64-ae0401315554,Symo  24.0-3 480 (5),,,24.0,parsed_from_inverter_name,191.41,,
fronius,2026-04-21,a93e4e65-6f50-4a8f-a7e3-99abdfcf11e9,Penner Farms - 33-8-13 pump (site 3),5e62605a-bcfd-40e2-9800-ae0401315562,Symo  24.0-3 480 (6),,,24.0,parsed_from_inverter_name,189.23,,
fronius,2026-04-21,a93e4e65-6f50-4a8f-a7e3-99abdfcf11e9,Penner Farms - 33-8-13 pump (site 3),9e930636-d5a2-4a25-8fd9-ae0401315583,Symo  24.0-3 480 (8),,,24.0,parsed_from_inverter_name,191.89,,
fronius,2026-04-21,a93e4e65-6f50-4a8f-a7e3-99abdfcf11e9,Penner Farms - 33-8-13 pump (site 3),65ec44a7-931c-4a8a-a211-ae0401315570,Symo 24.0-3 480 (7),,,24.0,parsed_from_inverter_name,190.92,,
fronius,2026-04-22,a93e4e65-6f50-4a8f-a7e3-99abdfcf11e9,Penner Farms - 33-8-13 pump (site 3),fc5ec049-e0c5-4028-9ffe-ae040131554a,Symo  24.0-3 480 (1),,,24.0,parsed_from_inverter_name,110.12,,
fronius,2026-04-22,a93e4e65-6f50-4a8f-a7e3-99abdfcf11e9,Penner Farms - 33-8-13 pump (site 3),720c11c1-519e-4635-aa64-ae0401315554,Symo  24.0-3 480 (5),,,24.0,parsed_from_inverter_name,172.29,,
fronius,2026-04-22,a93e4e65-6f50-4a8f-a7e3-99abdfcf11e9,Penner Farms - 33-8-13 pump (site 3),5e62605a-bcfd-40e2-9800-ae0401315562,Symo  24.0-3 480 (6),,,24.0,parsed_from_inverter_name,170.57,,
fronius,2026-04-22,a93e4e65-6f50-4a8f-a7e3-99abdfcf11e9,Penner Farms - 33-8-13 pump (site 3),9e930636-d5a2-4a25-8fd9-ae0401315583,Symo  24.0-3 480 (8),,,24.0,parsed_from_inverter_name,179.33,,
fronius,2026-04-22,a93e4e65-6f50-4a8f-a7e3-99abdfcf11e9,Penner Farms - 33-8-13 pump (site 3),65ec44a7-931c-4a8a-a211-ae0401315570,Symo 24.0-3 480 (7),,,24.0,parsed_from_inverter_name,178.76,,
fronius,2026-04-23,a93e4e65-6f50-4a8f-a7e3-99abdfcf11e9,Penner Farms - 33-8-13 pump (site 3),fc5ec049-e0c5-4028-9ffe-ae040131554a,Symo  24.0-3 480 (1),,,24.0,parsed_from_inverter_name,131.6,,
fronius,2026-04-23,a93e4e65-6f50-4a8f-a7e3-99abdfcf11e9,Penner Farms - 33-8-13 pump (site 3),720c11c1-519e-4635-aa64-ae0401315554,Symo  24.0-3 480 (5),,,24.0,parsed_from_inverter_name,137.48,,
fronius,2026-04-23,a93e4e65-6f50-4a8f-a7e3-99abdfcf11e9,Penner Farms - 33-8-13 pump (site 3),5e62605a-bcfd-40e2-9800-ae0401315562,Symo  24.0-3 480 (6),,,24.0,parsed_from_inverter_name,135.16,,
fronius,2026-04-23,a93e4e65-6f50-4a8f-a7e3-99abdfcf11e9,Penner Farms - 33-8-13 pump (site 3),9e930636-d5a2-4a25-8fd9-ae0401315583,Symo  24.0-3 480 (8),,,24.0,parsed_from_inverter_name,137.61,,
fronius,2026-04-23,a93e4e65-6f50-4a8f-a7e3-99abdfcf11e9,Penner Farms - 33-8-13 pump (site 3),65ec44a7-931c-4a8a-a211-ae0401315570,Symo 24.0-3 480 (7),,,24.0,parsed_from_inverter_name,136.71,,
fronius,2026-04-24,a93e4e65-6f50-4a8f-a7e3-99abdfcf11e9,Penner Farms - 33-8-13 pump (site 3),fc5ec049-e0c5-4028-9ffe-ae040131554a,Symo  24.0-3 480 (1),,,24.0,parsed_from_inverter_name,122.93,,
fronius,2026-04-24,a93e4e65-6f50-4a8f-a7e3-99abdfcf11e9,Penner Farms - 33-8-13 pump (site 3),720c11c1-519e-4635-aa64-ae0401315554,Symo  24.0-3 480 (5),,,24.0,parsed_from_inverter_name,130.8,,
fronius,2026-04-24,a93e4e65-6f50-4a8f-a7e3-99abdfcf11e9,Penner Farms - 33-8-13 pump (site 3),5e62605a-bcfd-40e2-9800-ae0401315562,Symo  24.0-3 480 (6),,,24.0,parsed_from_inverter_name,122.55,,
fronius,2026-04-24,a93e4e65-6f50-4a8f-a7e3-99abdfcf11e9,Penner Farms - 33-8-13 pump (site 3),9e930636-d5a2-4a25-8fd9-ae0401315583,Symo  24.0-3 480 (8),,,24.0,parsed_from_inverter_name,131.84,,
fronius,2026-04-24,a93e4e65-6f50-4a8f-a7e3-99abdfcf11e9,Penner Farms - 33-8-13 pump (site 3),65ec44a7-931c-4a8a-a211-ae0401315570,Symo 24.0-3 480 (7),,,24.0,parsed_from_inverter_name,124.19,,
fronius,2026-04-25,a93e4e65-6f50-4a8f-a7e3-99abdfcf11e9,Penner Farms - 33-8-13 pump (site 3),fc5ec049-e0c5-4028-9ffe-ae040131554a,Symo  24.0-3 480 (1),,,24.0,parsed_from_inverter_name,132.79,,
fronius,2026-04-25,a93e4e65-6f50-4a8f-a7e3-99abdfcf11e9,Penner Farms - 33-8-13 pump (site 3),720c11c1-519e-4635-aa64-ae0401315554,Symo  24.0-3 480 (5),,,24.0,parsed_from_inverter_name,134.71,,
fronius,2026-04-25,a93e4e65-6f50-4a8f-a7e3-99abdfcf11e9,Penner Farms - 33-8-13 pump (site 3),5e62605a-bcfd-40e2-9800-ae0401315562,Symo  24.0-3 480 (6),,,24.0,parsed_from_inverter_name,131.81,,
fronius,2026-04-25,a93e4e65-6f50-4a8f-a7e3-99abdfcf11e9,Penner Farms - 33-8-13 pump (site 3),9e930636-d5a2-4a25-8fd9-ae0401315583,Symo  24.0-3 480 (8),,,24.0,parsed_from_inverter_name,167.88,,
fronius,2026-04-25,a93e4e65-6f50-4a8f-a7e3-99abdfcf11e9,Penner Farms - 33-8-13 pump (site 3),65ec44a7-931c-4a8a-a211-ae0401315570,Symo 24.0-3 480 (7),,,24.0,parsed_from_inverter_name,141.5,,
fronius,2026-04-26,a93e4e65-6f50-4a8f-a7e3-99abdfcf11e9,Penner Farms - 33-8-13 pump (site 3),fc5ec049-e0c5-4028-9ffe-ae040131554a,Symo  24.0-3 480 (1),,,24.0,parsed_from_inverter_name,140.6,,
fronius,2026-04-26,a93e4e65-6f50-4a8f-a7e3-99abdfcf11e9,Penner Farms - 33-8-13 pump (site 3),720c11c1-519e-4635-aa64-ae0401315554,Symo  24.0-3 480 (5),,,24.0,parsed_from_inverter_name,148.62,,
fronius,2026-04-26,a93e4e65-6f50-4a8f-a7e3-99abdfcf11e9,Penner Farms - 33-8-13 pump (site 3),5e62605a-bcfd-40e2-9800-ae0401315562,Symo  24.0-3 480 (6),,,24.0,parsed_from_inverter_name,146.0,,
fronius,2026-04-26,a93e4e65-6f50-4a8f-a7e3-99abdfcf11e9,Penner Farms - 33-8-13 pump (site 3),9e930636-d5a2-4a25-8fd9-ae0401315583,Symo  24.0-3 480 (8),,,24.0,parsed_from_inverter_name,145.62,,
fronius,2026-04-26,a93e4e65-6f50-4a8f-a7e3-99abdfcf11e9,Penner Farms - 33-8-13 pump (site 3),65ec44a7-931c-4a8a-a211-ae0401315570,Symo 24.0-3 480 (7),,,24.0,parsed_from_inverter_name,145.43,,
fronius,2026-04-27,a93e4e65-6f50-4a8f-a7e3-99abdfcf11e9,Penner Farms - 33-8-13 pump (site 3),fc5ec049-e0c5-4028-9ffe-ae040131554a,Symo  24.0-3 480 (1),,,24.0,parsed_from_inverter_name,209.42,,
fronius,2026-04-27,a93e4e65-6f50-4a8f-a7e3-99abdfcf11e9,Penner Farms - 33-8-13 pump (site 3),720c11c1-519e-4635-aa64-ae0401315554,Symo  24.0-3 480 (5),,,24.0,parsed_from_inverter_name,212.85,,
fronius,2026-04-27,a93e4e65-6f50-4a8f-a7e3-99abdfcf11e9,Penner Farms - 33-8-13 pump (site 3),5e62605a-bcfd-40e2-9800-ae0401315562,Symo  24.0-3 480 (6),,,24.0,parsed_from_inverter_name,210.2,,
fronius,2026-04-27,a93e4e65-6f50-4a8f-a7e3-99abdfcf11e9,Penner Farms - 33-8-13 pump (site 3),9e930636-d5a2-4a25-8fd9-ae0401315583,Symo  24.0-3 480 (8),,,24.0,parsed_from_inverter_name,211.53,,
fronius,2026-04-27,a93e4e65-6f50-4a8f-a7e3-99abdfcf11e9,Penner Farms - 33-8-13 pump (site 3),65ec44a7-931c-4a8a-a211-ae0401315570,Symo 24.0-3 480 (7),,,24.0,parsed_from_inverter_name,210.53,,
fronius,2026-04-28,a93e4e65-6f50-4a8f-a7e3-99abdfcf11e9,Penner Farms - 33-8-13 pump (site 3),fc5ec049-e0c5-4028-9ffe-ae040131554a,Symo  24.0-3 480 (1),,,24.0,parsed_from_inverter_name,135.99,,
fronius,2026-04-28,a93e4e65-6f50-4a8f-a7e3-99abdfcf11e9,Penner Farms - 33-8-13 pump (site 3),720c11c1-519e-4635-aa64-ae0401315554,Symo  24.0-3 480 (5),,,24.0,parsed_from_inverter_name,192.13,,
fronius,2026-04-28,a93e4e65-6f50-4a8f-a7e3-99abdfcf11e9,Penner Farms - 33-8-13 pump (site 3),5e62605a-bcfd-40e2-9800-ae0401315562,Symo  24.0-3 480 (6),,,24.0,parsed_from_inverter_name,190.85,,
fronius,2026-04-28,a93e4e65-6f50-4a8f-a7e3-99abdfcf11e9,Penner Farms - 33-8-13 pump (site 3),9e930636-d5a2-4a25-8fd9-ae0401315583,Symo  24.0-3 480 (8),,,24.0,parsed_from_inverter_name,197.33,,
fronius,2026-04-28,a93e4e65-6f50-4a8f-a7e3-99abdfcf11e9,Penner Farms - 33-8-13 pump (site 3),65ec44a7-931c-4a8a-a211-ae0401315570,Symo 24.0-3 480 (7),,,24.0,parsed_from_inverter_name,196.65,,
fronius,2026-04-29,a93e4e65-6f50-4a8f-a7e3-99abdfcf11e9,Penner Farms - 33-8-13 pump (site 3),fc5ec049-e0c5-4028-9ffe-ae040131554a,Symo  24.0-3 480 (1),,,24.0,parsed_from_inverter_name,173.56,,
fronius,2026-04-29,a93e4e65-6f50-4a8f-a7e3-99abdfcf11e9,Penner Farms - 33-8-13 pump (site 3),720c11c1-519e-4635-aa64-ae0401315554,Symo  24.0-3 480 (5),,,24.0,parsed_from_inverter_name,179.96,,
fronius,2026-04-29,a93e4e65-6f50-4a8f-a7e3-99abdfcf11e9,Penner Farms - 33-8-13 pump (site 3),5e62605a-bcfd-40e2-9800-ae0401315562,Symo  24.0-3 480 (6),,,24.0,parsed_from_inverter_name,178.71,,
fronius,2026-04-29,a93e4e65-6f50-4a8f-a7e3-99abdfcf11e9,Penner Farms - 33-8-13 pump (site 3),9e930636-d5a2-4a25-8fd9-ae0401315583,Symo  24.0-3 480 (8),,,24.0,parsed_from_inverter_name,183.15,,
fronius,2026-04-29,a93e4e65-6f50-4a8f-a7e3-99abdfcf11e9,Penner Farms - 33-8-13 pump (site 3),65ec44a7-931c-4a8a-a211-ae0401315570,Symo 24.0-3 480 (7),,,24.0,parsed_from_inverter_name,182.28,,
fronius,2026-04-30,a93e4e65-6f50-4a8f-a7e3-99abdfcf11e9,Penner Farms - 33-8-13 pump (site 3),fc5ec049-e0c5-4028-9ffe-ae040131554a,Symo  24.0-3 480 (1),,,24.0,parsed_from_inverter_name,143.67,,
fronius,2026-04-30,a93e4e65-6f50-4a8f-a7e3-99abdfcf11e9,Penner Farms - 33-8-13 pump (site 3),720c11c1-519e-4635-aa64-ae0401315554,Symo  24.0-3 480 (5),,,24.0,parsed_from_inverter_name,197.02,,
fronius,2026-04-30,a93e4e65-6f50-4a8f-a7e3-99abdfcf11e9,Penner Farms - 33-8-13 pump (site 3),5e62605a-bcfd-40e2-9800-ae0401315562,Symo  24.0-3 480 (6),,,24.0,parsed_from_inverter_name,195.99,,
fronius,2026-04-30,a93e4e65-6f50-4a8f-a7e3-99abdfcf11e9,Penner Farms - 33-8-13 pump (site 3),9e930636-d5a2-4a25-8fd9-ae0401315583,Symo  24.0-3 480 (8),,,24.0,parsed_from_inverter_name,197.6,,
fronius,2026-04-30,a93e4e65-6f50-4a8f-a7e3-99abdfcf11e9,Penner Farms - 33-8-13 pump (site 3),65ec44a7-931c-4a8a-a211-ae0401315570,Symo 24.0-3 480 (7),,,24.0,parsed_from_inverter_name,196.99,,
fronius,2026-05-01,a93e4e65-6f50-4a8f-a7e3-99abdfcf11e9,Penner Farms - 33-8-13 pump (site 3),fc5ec049-e0c5-4028-9ffe-ae040131554a,Symo  24.0-3 480 (1),,,24.0,parsed_from_inverter_name,145.2,,
fronius,2026-05-01,a93e4e65-6f50-4a8f-a7e3-99abdfcf11e9,Penner Farms - 33-8-13 pump (site 3),720c11c1-519e-4635-aa64-ae0401315554,Symo  24.0-3 480 (5),,,24.0,parsed_from_inverter_name,192.9,,
fronius,2026-05-01,a93e4e65-6f50-4a8f-a7e3-99abdfcf11e9,Penner Farms - 33-8-13 pump (site 3),5e62605a-bcfd-40e2-9800-ae0401315562,Symo  24.0-3 480 (6),,,24.0,parsed_from_inverter_name,191.71,,
fronius,2026-05-01,a93e4e65-6f50-4a8f-a7e3-99abdfcf11e9,Penner Farms - 33-8-13 pump (site 3),9e930636-d5a2-4a25-8fd9-ae0401315583,Symo  24.0-3 480 (8),,,24.0,parsed_from_inverter_name,193.7,,
fronius,2026-05-01,a93e4e65-6f50-4a8f-a7e3-99abdfcf11e9,Penner Farms - 33-8-13 pump (site 3),65ec44a7-931c-4a8a-a211-ae0401315570,Symo 24.0-3 480 (7),,,24.0,parsed_from_inverter_name,192.95,,
fronius,2026-05-02,a93e4e65-6f50-4a8f-a7e3-99abdfcf11e9,Penner Farms - 33-8-13 pump (site 3),fc5ec049-e0c5-4028-9ffe-ae040131554a,Symo  24.0-3 480 (1),,,24.0,parsed_from_inverter_name,146.4,,
fronius,2026-05-02,a93e4e65-6f50-4a8f-a7e3-99abdfcf11e9,Penner Farms - 33-8-13 pump (site 3),720c11c1-519e-4635-aa64-ae0401315554,Symo  24.0-3 480 (5),,,24.0,parsed_from_inverter_name,147.21,,
fronius,2026-05-02,a93e4e65-6f50-4a8f-a7e3-99abdfcf11e9,Penner Farms - 33-8-13 pump (site 3),5e62605a-bcfd-40e2-9800-ae0401315562,Symo  24.0-3 480 (6),,,24.0,parsed_from_inverter_name,145.77,,
fronius,2026-05-02,a93e4e65-6f50-4a8f-a7e3-99abdfcf11e9,Penner Farms - 33-8-13 pump (site 3),9e930636-d5a2-4a25-8fd9-ae0401315583,Symo  24.0-3 480 (8),,,24.0,parsed_from_inverter_name,147.52,,
fronius,2026-05-02,a93e4e65-6f50-4a8f-a7e3-99abdfcf11e9,Penner Farms - 33-8-13 pump (site 3),65ec44a7-931c-4a8a-a211-ae0401315570,Symo 24.0-3 480 (7),,,24.0,parsed_from_inverter_name,146.44,,
fronius,2026-05-03,a93e4e65-6f50-4a8f-a7e3-99abdfcf11e9,Penner Farms - 33-8-13 pump (site 3),fc5ec049-e0c5-4028-9ffe-ae040131554a,Symo  24.0-3 480 (1),,,24.0,parsed_from_inverter_name,191.23,,
fronius,2026-05-03,a93e4e65-6f50-4a8f-a7e3-99abdfcf11e9,Penner Farms - 33-8-13 pump (site 3),720c11c1-519e-4635-aa64-ae0401315554,Symo  24.0-3 480 (5),,,24.0,parsed_from_inverter_name,191.89,,
fronius,2026-05-03,a93e4e65-6f50-4a8f-a7e3-99abdfcf11e9,Penner Farms - 33-8-13 pump (site 3),5e62605a-bcfd-40e2-9800-ae0401315562,Symo  24.0-3 480 (6),,,24.0,parsed_from_inverter_name,190.81,,
fronius,2026-05-03,a93e4e65-6f50-4a8f-a7e3-99abdfcf11e9,Penner Farms - 33-8-13 pump (site 3),9e930636-d5a2-4a25-8fd9-ae0401315583,Symo  24.0-3 480 (8),,,24.0,parsed_from_inverter_name,192.76,,
fronius,2026-05-03,a93e4e65-6f50-4a8f-a7e3-99abdfcf11e9,Penner Farms - 33-8-13 pump (site 3),65ec44a7-931c-4a8a-a211-ae0401315570,Symo 24.0-3 480 (7),,,24.0,parsed_from_inverter_name,191.58,,
fronius,2026-05-04,a93e4e65-6f50-4a8f-a7e3-99abdfcf11e9,Penner Farms - 33-8-13 pump (site 3),fc5ec049-e0c5-4028-9ffe-ae040131554a,Symo  24.0-3 480 (1),,,24.0,parsed_from_inverter_name,179.9,,
fronius,2026-05-04,a93e4e65-6f50-4a8f-a7e3-99abdfcf11e9,Penner Farms - 33-8-13 pump (site 3),720c11c1-519e-4635-aa64-ae0401315554,Symo  24.0-3 480 (5),,,24.0,parsed_from_inverter_name,180.85,,
fronius,2026-05-04,a93e4e65-6f50-4a8f-a7e3-99abdfcf11e9,Penner Farms - 33-8-13 pump (site 3),5e62605a-bcfd-40e2-9800-ae0401315562,Symo  24.0-3 480 (6),,,24.0,parsed_from_inverter_name,179.86,,
fronius,2026-05-04,a93e4e65-6f50-4a8f-a7e3-99abdfcf11e9,Penner Farms - 33-8-13 pump (site 3),9e930636-d5a2-4a25-8fd9-ae0401315583,Symo  24.0-3 480 (8),,,24.0,parsed_from_inverter_name,180.87,,
fronius,2026-05-04,a93e4e65-6f50-4a8f-a7e3-99abdfcf11e9,Penner Farms - 33-8-13 pump (site 3),65ec44a7-931c-4a8a-a211-ae0401315570,Symo 24.0-3 480 (7),,,24.0,parsed_from_inverter_name,179.89,,
fronius,2026-05-05,a93e4e65-6f50-4a8f-a7e3-99abdfcf11e9,Penner Farms - 33-8-13 pump (site 3),fc5ec049-e0c5-4028-9ffe-ae040131554a,Symo  24.0-3 480 (1),,,24.0,parsed_from_inverter_name,174.38,,
fronius,2026-05-05,a93e4e65-6f50-4a8f-a7e3-99abdfcf11e9,Penner Farms - 33-8-13 pump (site 3),720c11c1-519e-4635-aa64-ae0401315554,Symo  24.0-3 480 (5),,,24.0,parsed_from_inverter_name,175.36,,
fronius,2026-05-05,a93e4e65-6f50-4a8f-a7e3-99abdfcf11e9,Penner Farms - 33-8-13 pump (site 3),5e62605a-bcfd-40e2-9800-ae0401315562,Symo  24.0-3 480 (6),,,24.0,parsed_from_inverter_name,174.04,,
fronius,2026-05-05,a93e4e65-6f50-4a8f-a7e3-99abdfcf11e9,Penner Farms - 33-8-13 pump (site 3),9e930636-d5a2-4a25-8fd9-ae0401315583,Symo  24.0-3 480 (8),,,24.0,parsed_from_inverter_name,175.2,,
fronius,2026-05-05,a93e4e65-6f50-4a8f-a7e3-99abdfcf11e9,Penner Farms - 33-8-13 pump (site 3),65ec44a7-931c-4a8a-a211-ae0401315570,Symo 24.0-3 480 (7),,,24.0,parsed_from_inverter_name,174.02,,
fronius,2026-05-06,a93e4e65-6f50-4a8f-a7e3-99abdfcf11e9,Penner Farms - 33-8-13 pump (site 3),fc5ec049-e0c5-4028-9ffe-ae040131554a,Symo  24.0-3 480 (1),,,24.0,parsed_from_inverter_name,191.61,,
fronius,2026-05-06,a93e4e65-6f50-4a8f-a7e3-99abdfcf11e9,Penner Farms - 33-8-13 pump (site 3),720c11c1-519e-4635-aa64-ae0401315554,Symo  24.0-3 480 (5),,,24.0,parsed_from_inverter_name,193.0,,
fronius,2026-05-06,a93e4e65-6f50-4a8f-a7e3-99abdfcf11e9,Penner Farms - 33-8-13 pump (site 3),5e62605a-bcfd-40e2-9800-ae0401315562,Symo  24.0-3 480 (6),,,24.0,parsed_from_inverter_name,190.8,,
fronius,2026-05-06,a93e4e65-6f50-4a8f-a7e3-99abdfcf11e9,Penner Farms - 33-8-13 pump (site 3),9e930636-d5a2-4a25-8fd9-ae0401315583,Symo  24.0-3 480 (8),,,24.0,parsed_from_inverter_name,193.01,,
fronius,2026-05-06,a93e4e65-6f50-4a8f-a7e3-99abdfcf11e9,Penner Farms - 33-8-13 pump (site 3),65ec44a7-931c-4a8a-a211-ae0401315570,Symo 24.0-3 480 (7),,,24.0,parsed_from_inverter_name,191.2,,
fronius,2026-05-07,a93e4e65-6f50-4a8f-a7e3-99abdfcf11e9,Penner Farms - 33-8-13 pump (site 3),fc5ec049-e0c5-4028-9ffe-ae040131554a,Symo  24.0-3 480 (1),,,24.0,parsed_from_inverter_name,171.0,,
fronius,2026-05-07,a93e4e65-6f50-4a8f-a7e3-99abdfcf11e9,Penner Farms - 33-8-13 pump (site 3),720c11c1-519e-4635-aa64-ae0401315554,Symo  24.0-3 480 (5),,,24.0,parsed_from_inverter_name,172.32,,
fronius,2026-05-07,a93e4e65-6f50-4a8f-a7e3-99abdfcf11e9,Penner Farms - 33-8-13 pump (site 3),5e62605a-bcfd-40e2-9800-ae0401315562,Symo  24.0-3 480 (6),,,24.0,parsed_from_inverter_name,170.77,,
fronius,2026-05-07,a93e4e65-6f50-4a8f-a7e3-99abdfcf11e9,Penner Farms - 33-8-13 pump (site 3),9e930636-d5a2-4a25-8fd9-ae0401315583,Symo  24.0-3 480 (8),,,24.0,parsed_from_inverter_name,172.26,,
fronius,2026-05-07,a93e4e65-6f50-4a8f-a7e3-99abdfcf11e9,Penner Farms - 33-8-13 pump (site 3),65ec44a7-931c-4a8a-a211-ae0401315570,Symo 24.0-3 480 (7),,,24.0,parsed_from_inverter_name,170.96,,
fronius,2026-05-08,a93e4e65-6f50-4a8f-a7e3-99abdfcf11e9,Penner Farms - 33-8-13 pump (site 3),fc5ec049-e0c5-4028-9ffe-ae040131554a,Symo  24.0-3 480 (1),,,24.0,parsed_from_inverter_name,149.24,,
fronius,2026-05-08,a93e4e65-6f50-4a8f-a7e3-99abdfcf11e9,Penner Farms - 33-8-13 pump (site 3),720c11c1-519e-4635-aa64-ae0401315554,Symo  24.0-3 480 (5),,,24.0,parsed_from_inverter_name,150.3,,
fronius,2026-05-08,a93e4e65-6f50-4a8f-a7e3-99abdfcf11e9,Penner Farms - 33-8-13 pump (site 3),5e62605a-bcfd-40e2-9800-ae0401315562,Symo  24.0-3 480 (6),,,24.0,parsed_from_inverter_name,149.13,,
fronius,2026-05-08,a93e4e65-6f50-4a8f-a7e3-99abdfcf11e9,Penner Farms - 33-8-13 pump (site 3),9e930636-d5a2-4a25-8fd9-ae0401315583,Symo  24.0-3 480 (8),,,24.0,parsed_from_inverter_name,150.7,,
fronius,2026-05-08,a93e4e65-6f50-4a8f-a7e3-99abdfcf11e9,Penner Farms - 33-8-13 pump (site 3),65ec44a7-931c-4a8a-a211-ae0401315570,Symo 24.0-3 480 (7),,,24.0,parsed_from_inverter_name,149.77,,
fronius,2026-05-09,a93e4e65-6f50-4a8f-a7e3-99abdfcf11e9,Penner Farms - 33-8-13 pump (site 3),fc5ec049-e0c5-4028-9ffe-ae040131554a,Symo  24.0-3 480 (1),,,24.0,parsed_from_inverter_name,109.17,,
fronius,2026-05-09,a93e4e65-6f50-4a8f-a7e3-99abdfcf11e9,Penner Farms - 33-8-13 pump (site 3),720c11c1-519e-4635-aa64-ae0401315554,Symo  24.0-3 480 (5),,,24.0,parsed_from_inverter_name,110.69,,
fronius,2026-05-09,a93e4e65-6f50-4a8f-a7e3-99abdfcf11e9,Penner Farms - 33-8-13 pump (site 3),5e62605a-bcfd-40e2-9800-ae0401315562,Symo  24.0-3 480 (6),,,24.0,parsed_from_inverter_name,108.76,,
fronius,2026-05-09,a93e4e65-6f50-4a8f-a7e3-99abdfcf11e9,Penner Farms - 33-8-13 pump (site 3),9e930636-d5a2-4a25-8fd9-ae0401315583,Symo  24.0-3 480 (8),,,24.0,parsed_from_inverter_name,110.47,,
fronius,2026-05-09,a93e4e65-6f50-4a8f-a7e3-99abdfcf11e9,Penner Farms - 33-8-13 pump (site 3),65ec44a7-931c-4a8a-a211-ae0401315570,Symo 24.0-3 480 (7),,,24.0,parsed_from_inverter_name,108.9,,
fronius,2026-05-10,a93e4e65-6f50-4a8f-a7e3-99abdfcf11e9,Penner Farms - 33-8-13 pump (site 3),fc5ec049-e0c5-4028-9ffe-ae040131554a,Symo  24.0-3 480 (1),,,24.0,parsed_from_inverter_name,146.5,,
fronius,2026-05-10,a93e4e65-6f50-4a8f-a7e3-99abdfcf11e9,Penner Farms - 33-8-13 pump (site 3),720c11c1-519e-4635-aa64-ae0401315554,Symo  24.0-3 480 (5),,,24.0,parsed_from_inverter_name,150.64,,
fronius,2026-05-10,a93e4e65-6f50-4a8f-a7e3-99abdfcf11e9,Penner Farms - 33-8-13 pump (site 3),5e62605a-bcfd-40e2-9800-ae0401315562,Symo  24.0-3 480 (6),,,24.0,parsed_from_inverter_name,147.33,,
fronius,2026-05-10,a93e4e65-6f50-4a8f-a7e3-99abdfcf11e9,Penner Farms - 33-8-13 pump (site 3),9e930636-d5a2-4a25-8fd9-ae0401315583,Symo  24.0-3 480 (8),,,24.0,parsed_from_inverter_name,150.55,,
fronius,2026-05-10,a93e4e65-6f50-4a8f-a7e3-99abdfcf11e9,Penner Farms - 33-8-13 pump (site 3),65ec44a7-931c-4a8a-a211-ae0401315570,Symo 24.0-3 480 (7),,,24.0,parsed_from_inverter_name,148.63,,
fronius,2026-05-11,a93e4e65-6f50-4a8f-a7e3-99abdfcf11e9,Penner Farms - 33-8-13 pump (site 3),fc5ec049-e0c5-4028-9ffe-ae040131554a,Symo  24.0-3 480 (1),,,24.0,parsed_from_inverter_name,184.38,,
fronius,2026-05-11,a93e4e65-6f50-4a8f-a7e3-99abdfcf11e9,Penner Farms - 33-8-13 pump (site 3),720c11c1-519e-4635-aa64-ae0401315554,Symo  24.0-3 480 (5),,,24.0,parsed_from_inverter_name,188.12,,
fronius,2026-05-11,a93e4e65-6f50-4a8f-a7e3-99abdfcf11e9,Penner Farms - 33-8-13 pump (site 3),5e62605a-bcfd-40e2-9800-ae0401315562,Symo  24.0-3 480 (6),,,24.0,parsed_from_inverter_name,186.34,,
fronius,2026-05-11,a93e4e65-6f50-4a8f-a7e3-99abdfcf11e9,Penner Farms - 33-8-13 pump (site 3),9e930636-d5a2-4a25-8fd9-ae0401315583,Symo  24.0-3 480 (8),,,24.0,parsed_from_inverter_name,188.11,,
fronius,2026-05-11,a93e4e65-6f50-4a8f-a7e3-99abdfcf11e9,Penner Farms - 33-8-13 pump (site 3),65ec44a7-931c-4a8a-a211-ae0401315570,Symo 24.0-3 480 (7),,,24.0,parsed_from_inverter_name,186.67,,
fronius,2026-05-12,a93e4e65-6f50-4a8f-a7e3-99abdfcf11e9,Penner Farms - 33-8-13 pump (site 3),fc5ec049-e0c5-4028-9ffe-ae040131554a,Symo  24.0-3 480 (1),,,24.0,parsed_from_inverter_name,193.49,,
fronius,2026-05-12,a93e4e65-6f50-4a8f-a7e3-99abdfcf11e9,Penner Farms - 33-8-13 pump (site 3),720c11c1-519e-4635-aa64-ae0401315554,Symo  24.0-3 480 (5),,,24.0,parsed_from_inverter_name,195.59,,
fronius,2026-05-12,a93e4e65-6f50-4a8f-a7e3-99abdfcf11e9,Penner Farms - 33-8-13 pump (site 3),5e62605a-bcfd-40e2-9800-ae0401315562,Symo  24.0-3 480 (6),,,24.0,parsed_from_inverter_name,191.45,,
fronius,2026-05-12,a93e4e65-6f50-4a8f-a7e3-99abdfcf11e9,Penner Farms - 33-8-13 pump (site 3),9e930636-d5a2-4a25-8fd9-ae0401315583,Symo  24.0-3 480 (8),,,24.0,parsed_from_inverter_name,195.49,,
fronius,2026-05-12,a93e4e65-6f50-4a8f-a7e3-99abdfcf11e9,Penner Farms - 33-8-13 pump (site 3),65ec44a7-931c-4a8a-a211-ae0401315570,Symo 24.0-3 480 (7),,,24.0,parsed_from_inverter_name,192.22,,
fronius,2026-05-13,a93e4e65-6f50-4a8f-a7e3-99abdfcf11e9,Penner Farms - 33-8-13 pump (site 3),fc5ec049-e0c5-4028-9ffe-ae040131554a,Symo  24.0-3 480 (1),,,24.0,parsed_from_inverter_name,81.11,,
fronius,2026-05-13,a93e4e65-6f50-4a8f-a7e3-99abdfcf11e9,Penner Farms - 33-8-13 pump (site 3),720c11c1-519e-4635-aa64-ae0401315554,Symo  24.0-3 480 (5),,,24.0,parsed_from_inverter_name,82.13,,
fronius,2026-05-13,a93e4e65-6f50-4a8f-a7e3-99abdfcf11e9,Penner Farms - 33-8-13 pump (site 3),5e62605a-bcfd-40e2-9800-ae0401315562,Symo  24.0-3 480 (6),,,24.0,parsed_from_inverter_name,80.4,,
fronius,2026-05-13,a93e4e65-6f50-4a8f-a7e3-99abdfcf11e9,Penner Farms - 33-8-13 pump (site 3),9e930636-d5a2-4a25-8fd9-ae0401315583,Symo  24.0-3 480 (8),,,24.0,parsed_from_inverter_name,82.13,,
fronius,2026-05-13,a93e4e65-6f50-4a8f-a7e3-99abdfcf11e9,Penner Farms - 33-8-13 pump (site 3),65ec44a7-931c-4a8a-a211-ae0401315570,Symo 24.0-3 480 (7),,,24.0,parsed_from_inverter_name,80.6,,
fronius,2026-05-14,a93e4e65-6f50-4a8f-a7e3-99abdfcf11e9,Penner Farms - 33-8-13 pump (site 3),fc5ec049-e0c5-4028-9ffe-ae040131554a,Symo  24.0-3 480 (1),,,24.0,parsed_from_inverter_name,0.48,,
fronius,2026-05-14,a93e4e65-6f50-4a8f-a7e3-99abdfcf11e9,Penner Farms - 33-8-13 pump (site 3),720c11c1-519e-4635-aa64-ae0401315554,Symo  24.0-3 480 (5),,,24.0,parsed_from_inverter_name,0.49,,
fronius,2026-05-14,a93e4e65-6f50-4a8f-a7e3-99abdfcf11e9,Penner Farms - 33-8-13 pump (site 3),5e62605a-bcfd-40e2-9800-ae0401315562,Symo  24.0-3 480 (6),,,24.0,parsed_from_inverter_name,0.48,,
fronius,2026-05-14,a93e4e65-6f50-4a8f-a7e3-99abdfcf11e9,Penner Farms - 33-8-13 pump (site 3),9e930636-d5a2-4a25-8fd9-ae0401315583,Symo  24.0-3 480 (8),,,24.0,parsed_from_inverter_name,0.48,,
fronius,2026-05-14,a93e4e65-6f50-4a8f-a7e3-99abdfcf11e9,Penner Farms - 33-8-13 pump (site 3),65ec44a7-931c-4a8a-a211-ae0401315570,Symo 24.0-3 480 (7),,,24.0,parsed_from_inverter_name,0.48,,
