date,pv_system_id,pv_system_name,device_id,inverter_name,inverter_rated_kw,inverter_rating_source,daily_output_kwh,source_interval,source_channel
2022-05-01,f9342ead-59a2-4c58-b54c-0ae4ab16c9da,Penner Farms - W 1/2 4-9-13 (site 4),fb5c3a62-e511-4a4a-8833-ae0501629275,Symo  24.0-3 480 (1),24.0,parsed_from_inverter_name,134.36,month,devwork
2022-05-01,f9342ead-59a2-4c58-b54c-0ae4ab16c9da,Penner Farms - W 1/2 4-9-13 (site 4),addd395f-645e-465c-90bf-ae050162927e,Symo 24.0-3 480 (3),24.0,parsed_from_inverter_name,131.31,month,devwork
2022-05-02,f9342ead-59a2-4c58-b54c-0ae4ab16c9da,Penner Farms - W 1/2 4-9-13 (site 4),fb5c3a62-e511-4a4a-8833-ae0501629275,Symo  24.0-3 480 (1),24.0,parsed_from_inverter_name,166.45,month,devwork
2022-05-02,f9342ead-59a2-4c58-b54c-0ae4ab16c9da,Penner Farms - W 1/2 4-9-13 (site 4),addd395f-645e-465c-90bf-ae050162927e,Symo 24.0-3 480 (3),24.0,parsed_from_inverter_name,162.76,month,devwork
2022-05-03,f9342ead-59a2-4c58-b54c-0ae4ab16c9da,Penner Farms - W 1/2 4-9-13 (site 4),fb5c3a62-e511-4a4a-8833-ae0501629275,Symo  24.0-3 480 (1),24.0,parsed_from_inverter_name,201.33,month,devwork
2022-05-03,f9342ead-59a2-4c58-b54c-0ae4ab16c9da,Penner Farms - W 1/2 4-9-13 (site 4),addd395f-645e-465c-90bf-ae050162927e,Symo 24.0-3 480 (3),24.0,parsed_from_inverter_name,197.61,month,devwork
2022-05-04,f9342ead-59a2-4c58-b54c-0ae4ab16c9da,Penner Farms - W 1/2 4-9-13 (site 4),fb5c3a62-e511-4a4a-8833-ae0501629275,Symo  24.0-3 480 (1),24.0,parsed_from_inverter_name,154.18,month,devwork
2022-05-04,f9342ead-59a2-4c58-b54c-0ae4ab16c9da,Penner Farms - W 1/2 4-9-13 (site 4),addd395f-645e-465c-90bf-ae050162927e,Symo 24.0-3 480 (3),24.0,parsed_from_inverter_name,150.15,month,devwork
2022-05-05,f9342ead-59a2-4c58-b54c-0ae4ab16c9da,Penner Farms - W 1/2 4-9-13 (site 4),fb5c3a62-e511-4a4a-8833-ae0501629275,Symo  24.0-3 480 (1),24.0,parsed_from_inverter_name,102.82,month,devwork
2022-05-05,f9342ead-59a2-4c58-b54c-0ae4ab16c9da,Penner Farms - W 1/2 4-9-13 (site 4),addd395f-645e-465c-90bf-ae050162927e,Symo 24.0-3 480 (3),24.0,parsed_from_inverter_name,99.55,month,devwork
2022-05-06,f9342ead-59a2-4c58-b54c-0ae4ab16c9da,Penner Farms - W 1/2 4-9-13 (site 4),fb5c3a62-e511-4a4a-8833-ae0501629275,Symo  24.0-3 480 (1),24.0,parsed_from_inverter_name,208.27,month,devwork
2022-05-06,f9342ead-59a2-4c58-b54c-0ae4ab16c9da,Penner Farms - W 1/2 4-9-13 (site 4),addd395f-645e-465c-90bf-ae050162927e,Symo 24.0-3 480 (3),24.0,parsed_from_inverter_name,204.45,month,devwork
2022-05-07,f9342ead-59a2-4c58-b54c-0ae4ab16c9da,Penner Farms - W 1/2 4-9-13 (site 4),fb5c3a62-e511-4a4a-8833-ae0501629275,Symo  24.0-3 480 (1),24.0,parsed_from_inverter_name,117.32,month,devwork
2022-05-07,f9342ead-59a2-4c58-b54c-0ae4ab16c9da,Penner Farms - W 1/2 4-9-13 (site 4),addd395f-645e-465c-90bf-ae050162927e,Symo 24.0-3 480 (3),24.0,parsed_from_inverter_name,113.91,month,devwork
2022-05-08,f9342ead-59a2-4c58-b54c-0ae4ab16c9da,Penner Farms - W 1/2 4-9-13 (site 4),fb5c3a62-e511-4a4a-8833-ae0501629275,Symo  24.0-3 480 (1),24.0,parsed_from_inverter_name,123.03,month,devwork
2022-05-08,f9342ead-59a2-4c58-b54c-0ae4ab16c9da,Penner Farms - W 1/2 4-9-13 (site 4),addd395f-645e-465c-90bf-ae050162927e,Symo 24.0-3 480 (3),24.0,parsed_from_inverter_name,119.81,month,devwork
2022-05-09,f9342ead-59a2-4c58-b54c-0ae4ab16c9da,Penner Farms - W 1/2 4-9-13 (site 4),fb5c3a62-e511-4a4a-8833-ae0501629275,Symo  24.0-3 480 (1),24.0,parsed_from_inverter_name,121.15,month,devwork
2022-05-09,f9342ead-59a2-4c58-b54c-0ae4ab16c9da,Penner Farms - W 1/2 4-9-13 (site 4),addd395f-645e-465c-90bf-ae050162927e,Symo 24.0-3 480 (3),24.0,parsed_from_inverter_name,118.61,month,devwork
2022-05-10,f9342ead-59a2-4c58-b54c-0ae4ab16c9da,Penner Farms - W 1/2 4-9-13 (site 4),fb5c3a62-e511-4a4a-8833-ae0501629275,Symo  24.0-3 480 (1),24.0,parsed_from_inverter_name,187.1,month,devwork
2022-05-10,f9342ead-59a2-4c58-b54c-0ae4ab16c9da,Penner Farms - W 1/2 4-9-13 (site 4),addd395f-645e-465c-90bf-ae050162927e,Symo 24.0-3 480 (3),24.0,parsed_from_inverter_name,183.81,month,devwork
2022-05-11,f9342ead-59a2-4c58-b54c-0ae4ab16c9da,Penner Farms - W 1/2 4-9-13 (site 4),fb5c3a62-e511-4a4a-8833-ae0501629275,Symo  24.0-3 480 (1),24.0,parsed_from_inverter_name,177.37,month,devwork
2022-05-11,f9342ead-59a2-4c58-b54c-0ae4ab16c9da,Penner Farms - W 1/2 4-9-13 (site 4),addd395f-645e-465c-90bf-ae050162927e,Symo 24.0-3 480 (3),24.0,parsed_from_inverter_name,174.35,month,devwork
2022-05-12,f9342ead-59a2-4c58-b54c-0ae4ab16c9da,Penner Farms - W 1/2 4-9-13 (site 4),fb5c3a62-e511-4a4a-8833-ae0501629275,Symo  24.0-3 480 (1),24.0,parsed_from_inverter_name,109.87,month,devwork
2022-05-12,f9342ead-59a2-4c58-b54c-0ae4ab16c9da,Penner Farms - W 1/2 4-9-13 (site 4),addd395f-645e-465c-90bf-ae050162927e,Symo 24.0-3 480 (3),24.0,parsed_from_inverter_name,106.43,month,devwork
2022-05-13,f9342ead-59a2-4c58-b54c-0ae4ab16c9da,Penner Farms - W 1/2 4-9-13 (site 4),fb5c3a62-e511-4a4a-8833-ae0501629275,Symo  24.0-3 480 (1),24.0,parsed_from_inverter_name,139.54,month,devwork
2022-05-13,f9342ead-59a2-4c58-b54c-0ae4ab16c9da,Penner Farms - W 1/2 4-9-13 (site 4),addd395f-645e-465c-90bf-ae050162927e,Symo 24.0-3 480 (3),24.0,parsed_from_inverter_name,135.44,month,devwork
2022-05-14,f9342ead-59a2-4c58-b54c-0ae4ab16c9da,Penner Farms - W 1/2 4-9-13 (site 4),fb5c3a62-e511-4a4a-8833-ae0501629275,Symo  24.0-3 480 (1),24.0,parsed_from_inverter_name,171.65,month,devwork
2022-05-14,f9342ead-59a2-4c58-b54c-0ae4ab16c9da,Penner Farms - W 1/2 4-9-13 (site 4),addd395f-645e-465c-90bf-ae050162927e,Symo 24.0-3 480 (3),24.0,parsed_from_inverter_name,168.2,month,devwork
2022-05-15,f9342ead-59a2-4c58-b54c-0ae4ab16c9da,Penner Farms - W 1/2 4-9-13 (site 4),fb5c3a62-e511-4a4a-8833-ae0501629275,Symo  24.0-3 480 (1),24.0,parsed_from_inverter_name,208.48,month,devwork
2022-05-15,f9342ead-59a2-4c58-b54c-0ae4ab16c9da,Penner Farms - W 1/2 4-9-13 (site 4),addd395f-645e-465c-90bf-ae050162927e,Symo 24.0-3 480 (3),24.0,parsed_from_inverter_name,205.21,month,devwork
2022-05-16,f9342ead-59a2-4c58-b54c-0ae4ab16c9da,Penner Farms - W 1/2 4-9-13 (site 4),fb5c3a62-e511-4a4a-8833-ae0501629275,Symo  24.0-3 480 (1),24.0,parsed_from_inverter_name,167.96,month,devwork
2022-05-16,f9342ead-59a2-4c58-b54c-0ae4ab16c9da,Penner Farms - W 1/2 4-9-13 (site 4),addd395f-645e-465c-90bf-ae050162927e,Symo 24.0-3 480 (3),24.0,parsed_from_inverter_name,163.98,month,devwork
2022-05-17,f9342ead-59a2-4c58-b54c-0ae4ab16c9da,Penner Farms - W 1/2 4-9-13 (site 4),fb5c3a62-e511-4a4a-8833-ae0501629275,Symo  24.0-3 480 (1),24.0,parsed_from_inverter_name,157.3,month,devwork
2022-05-17,f9342ead-59a2-4c58-b54c-0ae4ab16c9da,Penner Farms - W 1/2 4-9-13 (site 4),addd395f-645e-465c-90bf-ae050162927e,Symo 24.0-3 480 (3),24.0,parsed_from_inverter_name,153.08,month,devwork
2022-05-18,f9342ead-59a2-4c58-b54c-0ae4ab16c9da,Penner Farms - W 1/2 4-9-13 (site 4),fb5c3a62-e511-4a4a-8833-ae0501629275,Symo  24.0-3 480 (1),24.0,parsed_from_inverter_name,157.38,month,devwork
2022-05-18,f9342ead-59a2-4c58-b54c-0ae4ab16c9da,Penner Farms - W 1/2 4-9-13 (site 4),addd395f-645e-465c-90bf-ae050162927e,Symo 24.0-3 480 (3),24.0,parsed_from_inverter_name,153.86,month,devwork
2022-05-19,f9342ead-59a2-4c58-b54c-0ae4ab16c9da,Penner Farms - W 1/2 4-9-13 (site 4),fb5c3a62-e511-4a4a-8833-ae0501629275,Symo  24.0-3 480 (1),24.0,parsed_from_inverter_name,41.53,month,devwork
2022-05-19,f9342ead-59a2-4c58-b54c-0ae4ab16c9da,Penner Farms - W 1/2 4-9-13 (site 4),addd395f-645e-465c-90bf-ae050162927e,Symo 24.0-3 480 (3),24.0,parsed_from_inverter_name,40.13,month,devwork
2022-05-20,f9342ead-59a2-4c58-b54c-0ae4ab16c9da,Penner Farms - W 1/2 4-9-13 (site 4),fb5c3a62-e511-4a4a-8833-ae0501629275,Symo  24.0-3 480 (1),24.0,parsed_from_inverter_name,130.9,month,devwork
2022-05-20,f9342ead-59a2-4c58-b54c-0ae4ab16c9da,Penner Farms - W 1/2 4-9-13 (site 4),addd395f-645e-465c-90bf-ae050162927e,Symo 24.0-3 480 (3),24.0,parsed_from_inverter_name,127.67,month,devwork
2022-05-21,f9342ead-59a2-4c58-b54c-0ae4ab16c9da,Penner Farms - W 1/2 4-9-13 (site 4),fb5c3a62-e511-4a4a-8833-ae0501629275,Symo  24.0-3 480 (1),24.0,parsed_from_inverter_name,171.41,month,devwork
2022-05-21,f9342ead-59a2-4c58-b54c-0ae4ab16c9da,Penner Farms - W 1/2 4-9-13 (site 4),addd395f-645e-465c-90bf-ae050162927e,Symo 24.0-3 480 (3),24.0,parsed_from_inverter_name,167.87,month,devwork
2022-05-22,f9342ead-59a2-4c58-b54c-0ae4ab16c9da,Penner Farms - W 1/2 4-9-13 (site 4),fb5c3a62-e511-4a4a-8833-ae0501629275,Symo  24.0-3 480 (1),24.0,parsed_from_inverter_name,205.86,month,devwork
2022-05-22,f9342ead-59a2-4c58-b54c-0ae4ab16c9da,Penner Farms - W 1/2 4-9-13 (site 4),addd395f-645e-465c-90bf-ae050162927e,Symo 24.0-3 480 (3),24.0,parsed_from_inverter_name,202.48,month,devwork
2022-05-23,f9342ead-59a2-4c58-b54c-0ae4ab16c9da,Penner Farms - W 1/2 4-9-13 (site 4),fb5c3a62-e511-4a4a-8833-ae0501629275,Symo  24.0-3 480 (1),24.0,parsed_from_inverter_name,198.79,month,devwork
2022-05-23,f9342ead-59a2-4c58-b54c-0ae4ab16c9da,Penner Farms - W 1/2 4-9-13 (site 4),addd395f-645e-465c-90bf-ae050162927e,Symo 24.0-3 480 (3),24.0,parsed_from_inverter_name,195.71,month,devwork
2022-05-24,f9342ead-59a2-4c58-b54c-0ae4ab16c9da,Penner Farms - W 1/2 4-9-13 (site 4),fb5c3a62-e511-4a4a-8833-ae0501629275,Symo  24.0-3 480 (1),24.0,parsed_from_inverter_name,173.04,month,devwork
2022-05-24,f9342ead-59a2-4c58-b54c-0ae4ab16c9da,Penner Farms - W 1/2 4-9-13 (site 4),addd395f-645e-465c-90bf-ae050162927e,Symo 24.0-3 480 (3),24.0,parsed_from_inverter_name,169.98,month,devwork
2022-05-25,f9342ead-59a2-4c58-b54c-0ae4ab16c9da,Penner Farms - W 1/2 4-9-13 (site 4),fb5c3a62-e511-4a4a-8833-ae0501629275,Symo  24.0-3 480 (1),24.0,parsed_from_inverter_name,187.99,month,devwork
2022-05-25,f9342ead-59a2-4c58-b54c-0ae4ab16c9da,Penner Farms - W 1/2 4-9-13 (site 4),addd395f-645e-465c-90bf-ae050162927e,Symo 24.0-3 480 (3),24.0,parsed_from_inverter_name,183.97,month,devwork
2022-05-26,f9342ead-59a2-4c58-b54c-0ae4ab16c9da,Penner Farms - W 1/2 4-9-13 (site 4),fb5c3a62-e511-4a4a-8833-ae0501629275,Symo  24.0-3 480 (1),24.0,parsed_from_inverter_name,186.72,month,devwork
2022-05-26,f9342ead-59a2-4c58-b54c-0ae4ab16c9da,Penner Farms - W 1/2 4-9-13 (site 4),addd395f-645e-465c-90bf-ae050162927e,Symo 24.0-3 480 (3),24.0,parsed_from_inverter_name,182.59,month,devwork
2022-05-27,f9342ead-59a2-4c58-b54c-0ae4ab16c9da,Penner Farms - W 1/2 4-9-13 (site 4),fb5c3a62-e511-4a4a-8833-ae0501629275,Symo  24.0-3 480 (1),24.0,parsed_from_inverter_name,149.6,month,devwork
2022-05-27,f9342ead-59a2-4c58-b54c-0ae4ab16c9da,Penner Farms - W 1/2 4-9-13 (site 4),addd395f-645e-465c-90bf-ae050162927e,Symo 24.0-3 480 (3),24.0,parsed_from_inverter_name,147.53,month,devwork
2022-05-28,f9342ead-59a2-4c58-b54c-0ae4ab16c9da,Penner Farms - W 1/2 4-9-13 (site 4),fb5c3a62-e511-4a4a-8833-ae0501629275,Symo  24.0-3 480 (1),24.0,parsed_from_inverter_name,149.88,month,devwork
2022-05-28,f9342ead-59a2-4c58-b54c-0ae4ab16c9da,Penner Farms - W 1/2 4-9-13 (site 4),addd395f-645e-465c-90bf-ae050162927e,Symo 24.0-3 480 (3),24.0,parsed_from_inverter_name,146.37,month,devwork
2022-05-29,f9342ead-59a2-4c58-b54c-0ae4ab16c9da,Penner Farms - W 1/2 4-9-13 (site 4),fb5c3a62-e511-4a4a-8833-ae0501629275,Symo  24.0-3 480 (1),24.0,parsed_from_inverter_name,101.59,month,devwork
2022-05-29,f9342ead-59a2-4c58-b54c-0ae4ab16c9da,Penner Farms - W 1/2 4-9-13 (site 4),addd395f-645e-465c-90bf-ae050162927e,Symo 24.0-3 480 (3),24.0,parsed_from_inverter_name,98.84,month,devwork
2022-05-30,f9342ead-59a2-4c58-b54c-0ae4ab16c9da,Penner Farms - W 1/2 4-9-13 (site 4),fb5c3a62-e511-4a4a-8833-ae0501629275,Symo  24.0-3 480 (1),24.0,parsed_from_inverter_name,101.43,month,devwork
2022-05-30,f9342ead-59a2-4c58-b54c-0ae4ab16c9da,Penner Farms - W 1/2 4-9-13 (site 4),addd395f-645e-465c-90bf-ae050162927e,Symo 24.0-3 480 (3),24.0,parsed_from_inverter_name,98.75,month,devwork
2022-05-31,f9342ead-59a2-4c58-b54c-0ae4ab16c9da,Penner Farms - W 1/2 4-9-13 (site 4),fb5c3a62-e511-4a4a-8833-ae0501629275,Symo  24.0-3 480 (1),24.0,parsed_from_inverter_name,213.93,month,devwork
2022-05-31,f9342ead-59a2-4c58-b54c-0ae4ab16c9da,Penner Farms - W 1/2 4-9-13 (site 4),addd395f-645e-465c-90bf-ae050162927e,Symo 24.0-3 480 (3),24.0,parsed_from_inverter_name,210.22,month,devwork
2022-06-01,f9342ead-59a2-4c58-b54c-0ae4ab16c9da,Penner Farms - W 1/2 4-9-13 (site 4),fb5c3a62-e511-4a4a-8833-ae0501629275,Symo  24.0-3 480 (1),24.0,parsed_from_inverter_name,194.25,month,devwork
2022-06-01,f9342ead-59a2-4c58-b54c-0ae4ab16c9da,Penner Farms - W 1/2 4-9-13 (site 4),addd395f-645e-465c-90bf-ae050162927e,Symo 24.0-3 480 (3),24.0,parsed_from_inverter_name,189.93,month,devwork
2022-06-02,f9342ead-59a2-4c58-b54c-0ae4ab16c9da,Penner Farms - W 1/2 4-9-13 (site 4),fb5c3a62-e511-4a4a-8833-ae0501629275,Symo  24.0-3 480 (1),24.0,parsed_from_inverter_name,215.75,month,devwork
2022-06-02,f9342ead-59a2-4c58-b54c-0ae4ab16c9da,Penner Farms - W 1/2 4-9-13 (site 4),addd395f-645e-465c-90bf-ae050162927e,Symo 24.0-3 480 (3),24.0,parsed_from_inverter_name,211.58,month,devwork
2022-06-03,f9342ead-59a2-4c58-b54c-0ae4ab16c9da,Penner Farms - W 1/2 4-9-13 (site 4),fb5c3a62-e511-4a4a-8833-ae0501629275,Symo  24.0-3 480 (1),24.0,parsed_from_inverter_name,123.96,month,devwork
2022-06-03,f9342ead-59a2-4c58-b54c-0ae4ab16c9da,Penner Farms - W 1/2 4-9-13 (site 4),addd395f-645e-465c-90bf-ae050162927e,Symo 24.0-3 480 (3),24.0,parsed_from_inverter_name,120.23,month,devwork
2022-06-04,f9342ead-59a2-4c58-b54c-0ae4ab16c9da,Penner Farms - W 1/2 4-9-13 (site 4),fb5c3a62-e511-4a4a-8833-ae0501629275,Symo  24.0-3 480 (1),24.0,parsed_from_inverter_name,110.7,month,devwork
2022-06-04,f9342ead-59a2-4c58-b54c-0ae4ab16c9da,Penner Farms - W 1/2 4-9-13 (site 4),addd395f-645e-465c-90bf-ae050162927e,Symo 24.0-3 480 (3),24.0,parsed_from_inverter_name,107.31,month,devwork
2022-06-05,f9342ead-59a2-4c58-b54c-0ae4ab16c9da,Penner Farms - W 1/2 4-9-13 (site 4),fb5c3a62-e511-4a4a-8833-ae0501629275,Symo  24.0-3 480 (1),24.0,parsed_from_inverter_name,133.05,month,devwork
2022-06-05,f9342ead-59a2-4c58-b54c-0ae4ab16c9da,Penner Farms - W 1/2 4-9-13 (site 4),addd395f-645e-465c-90bf-ae050162927e,Symo 24.0-3 480 (3),24.0,parsed_from_inverter_name,130.11,month,devwork
2022-06-06,f9342ead-59a2-4c58-b54c-0ae4ab16c9da,Penner Farms - W 1/2 4-9-13 (site 4),fb5c3a62-e511-4a4a-8833-ae0501629275,Symo  24.0-3 480 (1),24.0,parsed_from_inverter_name,141.84,month,devwork
2022-06-06,f9342ead-59a2-4c58-b54c-0ae4ab16c9da,Penner Farms - W 1/2 4-9-13 (site 4),addd395f-645e-465c-90bf-ae050162927e,Symo 24.0-3 480 (3),24.0,parsed_from_inverter_name,138.29,month,devwork
2022-06-07,f9342ead-59a2-4c58-b54c-0ae4ab16c9da,Penner Farms - W 1/2 4-9-13 (site 4),fb5c3a62-e511-4a4a-8833-ae0501629275,Symo  24.0-3 480 (1),24.0,parsed_from_inverter_name,88.12,month,devwork
2022-06-07,f9342ead-59a2-4c58-b54c-0ae4ab16c9da,Penner Farms - W 1/2 4-9-13 (site 4),addd395f-645e-465c-90bf-ae050162927e,Symo 24.0-3 480 (3),24.0,parsed_from_inverter_name,84.99,month,devwork
2022-06-08,f9342ead-59a2-4c58-b54c-0ae4ab16c9da,Penner Farms - W 1/2 4-9-13 (site 4),fb5c3a62-e511-4a4a-8833-ae0501629275,Symo  24.0-3 480 (1),24.0,parsed_from_inverter_name,153.08,month,devwork
2022-06-08,f9342ead-59a2-4c58-b54c-0ae4ab16c9da,Penner Farms - W 1/2 4-9-13 (site 4),addd395f-645e-465c-90bf-ae050162927e,Symo 24.0-3 480 (3),24.0,parsed_from_inverter_name,148.22,month,devwork
2022-06-09,f9342ead-59a2-4c58-b54c-0ae4ab16c9da,Penner Farms - W 1/2 4-9-13 (site 4),fb5c3a62-e511-4a4a-8833-ae0501629275,Symo  24.0-3 480 (1),24.0,parsed_from_inverter_name,190.11,month,devwork
2022-06-09,f9342ead-59a2-4c58-b54c-0ae4ab16c9da,Penner Farms - W 1/2 4-9-13 (site 4),addd395f-645e-465c-90bf-ae050162927e,Symo 24.0-3 480 (3),24.0,parsed_from_inverter_name,185.32,month,devwork
2022-06-10,f9342ead-59a2-4c58-b54c-0ae4ab16c9da,Penner Farms - W 1/2 4-9-13 (site 4),fb5c3a62-e511-4a4a-8833-ae0501629275,Symo  24.0-3 480 (1),24.0,parsed_from_inverter_name,192.62,month,devwork
2022-06-10,f9342ead-59a2-4c58-b54c-0ae4ab16c9da,Penner Farms - W 1/2 4-9-13 (site 4),addd395f-645e-465c-90bf-ae050162927e,Symo 24.0-3 480 (3),24.0,parsed_from_inverter_name,188.45,month,devwork
2022-06-11,f9342ead-59a2-4c58-b54c-0ae4ab16c9da,Penner Farms - W 1/2 4-9-13 (site 4),fb5c3a62-e511-4a4a-8833-ae0501629275,Symo  24.0-3 480 (1),24.0,parsed_from_inverter_name,180.26,month,devwork
2022-06-11,f9342ead-59a2-4c58-b54c-0ae4ab16c9da,Penner Farms - W 1/2 4-9-13 (site 4),addd395f-645e-465c-90bf-ae050162927e,Symo 24.0-3 480 (3),24.0,parsed_from_inverter_name,177.16,month,devwork
2022-06-12,f9342ead-59a2-4c58-b54c-0ae4ab16c9da,Penner Farms - W 1/2 4-9-13 (site 4),fb5c3a62-e511-4a4a-8833-ae0501629275,Symo  24.0-3 480 (1),24.0,parsed_from_inverter_name,199.81,month,devwork
2022-06-12,f9342ead-59a2-4c58-b54c-0ae4ab16c9da,Penner Farms - W 1/2 4-9-13 (site 4),addd395f-645e-465c-90bf-ae050162927e,Symo 24.0-3 480 (3),24.0,parsed_from_inverter_name,196.53,month,devwork
2022-06-13,f9342ead-59a2-4c58-b54c-0ae4ab16c9da,Penner Farms - W 1/2 4-9-13 (site 4),fb5c3a62-e511-4a4a-8833-ae0501629275,Symo  24.0-3 480 (1),24.0,parsed_from_inverter_name,71.32,month,devwork
2022-06-13,f9342ead-59a2-4c58-b54c-0ae4ab16c9da,Penner Farms - W 1/2 4-9-13 (site 4),addd395f-645e-465c-90bf-ae050162927e,Symo 24.0-3 480 (3),24.0,parsed_from_inverter_name,68.87,month,devwork
2022-06-14,f9342ead-59a2-4c58-b54c-0ae4ab16c9da,Penner Farms - W 1/2 4-9-13 (site 4),fb5c3a62-e511-4a4a-8833-ae0501629275,Symo  24.0-3 480 (1),24.0,parsed_from_inverter_name,62.72,month,devwork
2022-06-14,f9342ead-59a2-4c58-b54c-0ae4ab16c9da,Penner Farms - W 1/2 4-9-13 (site 4),addd395f-645e-465c-90bf-ae050162927e,Symo 24.0-3 480 (3),24.0,parsed_from_inverter_name,60.67,month,devwork
2022-06-15,f9342ead-59a2-4c58-b54c-0ae4ab16c9da,Penner Farms - W 1/2 4-9-13 (site 4),fb5c3a62-e511-4a4a-8833-ae0501629275,Symo  24.0-3 480 (1),24.0,parsed_from_inverter_name,80.55,month,devwork
2022-06-15,f9342ead-59a2-4c58-b54c-0ae4ab16c9da,Penner Farms - W 1/2 4-9-13 (site 4),addd395f-645e-465c-90bf-ae050162927e,Symo 24.0-3 480 (3),24.0,parsed_from_inverter_name,77.95,month,devwork
2022-06-16,f9342ead-59a2-4c58-b54c-0ae4ab16c9da,Penner Farms - W 1/2 4-9-13 (site 4),fb5c3a62-e511-4a4a-8833-ae0501629275,Symo  24.0-3 480 (1),24.0,parsed_from_inverter_name,195.5,month,devwork
2022-06-16,f9342ead-59a2-4c58-b54c-0ae4ab16c9da,Penner Farms - W 1/2 4-9-13 (site 4),addd395f-645e-465c-90bf-ae050162927e,Symo 24.0-3 480 (3),24.0,parsed_from_inverter_name,191.58,month,devwork
2022-06-17,f9342ead-59a2-4c58-b54c-0ae4ab16c9da,Penner Farms - W 1/2 4-9-13 (site 4),fb5c3a62-e511-4a4a-8833-ae0501629275,Symo  24.0-3 480 (1),24.0,parsed_from_inverter_name,188.48,month,devwork
2022-06-17,f9342ead-59a2-4c58-b54c-0ae4ab16c9da,Penner Farms - W 1/2 4-9-13 (site 4),addd395f-645e-465c-90bf-ae050162927e,Symo 24.0-3 480 (3),24.0,parsed_from_inverter_name,184.58,month,devwork
2022-06-18,f9342ead-59a2-4c58-b54c-0ae4ab16c9da,Penner Farms - W 1/2 4-9-13 (site 4),fb5c3a62-e511-4a4a-8833-ae0501629275,Symo  24.0-3 480 (1),24.0,parsed_from_inverter_name,140.13,month,devwork
2022-06-18,f9342ead-59a2-4c58-b54c-0ae4ab16c9da,Penner Farms - W 1/2 4-9-13 (site 4),addd395f-645e-465c-90bf-ae050162927e,Symo 24.0-3 480 (3),24.0,parsed_from_inverter_name,137.78,month,devwork
2022-06-19,f9342ead-59a2-4c58-b54c-0ae4ab16c9da,Penner Farms - W 1/2 4-9-13 (site 4),fb5c3a62-e511-4a4a-8833-ae0501629275,Symo  24.0-3 480 (1),24.0,parsed_from_inverter_name,130.42,month,devwork
2022-06-19,f9342ead-59a2-4c58-b54c-0ae4ab16c9da,Penner Farms - W 1/2 4-9-13 (site 4),addd395f-645e-465c-90bf-ae050162927e,Symo 24.0-3 480 (3),24.0,parsed_from_inverter_name,127.14,month,devwork
2022-06-20,f9342ead-59a2-4c58-b54c-0ae4ab16c9da,Penner Farms - W 1/2 4-9-13 (site 4),fb5c3a62-e511-4a4a-8833-ae0501629275,Symo  24.0-3 480 (1),24.0,parsed_from_inverter_name,34.74,month,devwork
2022-06-20,f9342ead-59a2-4c58-b54c-0ae4ab16c9da,Penner Farms - W 1/2 4-9-13 (site 4),addd395f-645e-465c-90bf-ae050162927e,Symo 24.0-3 480 (3),24.0,parsed_from_inverter_name,33.53,month,devwork
2022-06-21,f9342ead-59a2-4c58-b54c-0ae4ab16c9da,Penner Farms - W 1/2 4-9-13 (site 4),fb5c3a62-e511-4a4a-8833-ae0501629275,Symo  24.0-3 480 (1),24.0,parsed_from_inverter_name,202.09,month,devwork
2022-06-21,f9342ead-59a2-4c58-b54c-0ae4ab16c9da,Penner Farms - W 1/2 4-9-13 (site 4),addd395f-645e-465c-90bf-ae050162927e,Symo 24.0-3 480 (3),24.0,parsed_from_inverter_name,198.42,month,devwork
2022-06-22,f9342ead-59a2-4c58-b54c-0ae4ab16c9da,Penner Farms - W 1/2 4-9-13 (site 4),fb5c3a62-e511-4a4a-8833-ae0501629275,Symo  24.0-3 480 (1),24.0,parsed_from_inverter_name,221.18,month,devwork
2022-06-22,f9342ead-59a2-4c58-b54c-0ae4ab16c9da,Penner Farms - W 1/2 4-9-13 (site 4),addd395f-645e-465c-90bf-ae050162927e,Symo 24.0-3 480 (3),24.0,parsed_from_inverter_name,217.72,month,devwork
2022-06-23,f9342ead-59a2-4c58-b54c-0ae4ab16c9da,Penner Farms - W 1/2 4-9-13 (site 4),fb5c3a62-e511-4a4a-8833-ae0501629275,Symo  24.0-3 480 (1),24.0,parsed_from_inverter_name,211.09,month,devwork
2022-06-23,f9342ead-59a2-4c58-b54c-0ae4ab16c9da,Penner Farms - W 1/2 4-9-13 (site 4),addd395f-645e-465c-90bf-ae050162927e,Symo 24.0-3 480 (3),24.0,parsed_from_inverter_name,207.44,month,devwork
2022-06-24,f9342ead-59a2-4c58-b54c-0ae4ab16c9da,Penner Farms - W 1/2 4-9-13 (site 4),fb5c3a62-e511-4a4a-8833-ae0501629275,Symo  24.0-3 480 (1),24.0,parsed_from_inverter_name,99.92,month,devwork
2022-06-24,f9342ead-59a2-4c58-b54c-0ae4ab16c9da,Penner Farms - W 1/2 4-9-13 (site 4),addd395f-645e-465c-90bf-ae050162927e,Symo 24.0-3 480 (3),24.0,parsed_from_inverter_name,96.35,month,devwork
2022-06-25,f9342ead-59a2-4c58-b54c-0ae4ab16c9da,Penner Farms - W 1/2 4-9-13 (site 4),fb5c3a62-e511-4a4a-8833-ae0501629275,Symo  24.0-3 480 (1),24.0,parsed_from_inverter_name,221.64,month,devwork
2022-06-25,f9342ead-59a2-4c58-b54c-0ae4ab16c9da,Penner Farms - W 1/2 4-9-13 (site 4),addd395f-645e-465c-90bf-ae050162927e,Symo 24.0-3 480 (3),24.0,parsed_from_inverter_name,218.58,month,devwork
2022-06-26,f9342ead-59a2-4c58-b54c-0ae4ab16c9da,Penner Farms - W 1/2 4-9-13 (site 4),fb5c3a62-e511-4a4a-8833-ae0501629275,Symo  24.0-3 480 (1),24.0,parsed_from_inverter_name,221.28,month,devwork
2022-06-26,f9342ead-59a2-4c58-b54c-0ae4ab16c9da,Penner Farms - W 1/2 4-9-13 (site 4),addd395f-645e-465c-90bf-ae050162927e,Symo 24.0-3 480 (3),24.0,parsed_from_inverter_name,217.77,month,devwork
2022-06-27,f9342ead-59a2-4c58-b54c-0ae4ab16c9da,Penner Farms - W 1/2 4-9-13 (site 4),fb5c3a62-e511-4a4a-8833-ae0501629275,Symo  24.0-3 480 (1),24.0,parsed_from_inverter_name,219.2,month,devwork
2022-06-27,f9342ead-59a2-4c58-b54c-0ae4ab16c9da,Penner Farms - W 1/2 4-9-13 (site 4),addd395f-645e-465c-90bf-ae050162927e,Symo 24.0-3 480 (3),24.0,parsed_from_inverter_name,215.58,month,devwork
2022-06-28,f9342ead-59a2-4c58-b54c-0ae4ab16c9da,Penner Farms - W 1/2 4-9-13 (site 4),fb5c3a62-e511-4a4a-8833-ae0501629275,Symo  24.0-3 480 (1),24.0,parsed_from_inverter_name,196.62,month,devwork
2022-06-28,f9342ead-59a2-4c58-b54c-0ae4ab16c9da,Penner Farms - W 1/2 4-9-13 (site 4),addd395f-645e-465c-90bf-ae050162927e,Symo 24.0-3 480 (3),24.0,parsed_from_inverter_name,192.83,month,devwork
2022-06-29,f9342ead-59a2-4c58-b54c-0ae4ab16c9da,Penner Farms - W 1/2 4-9-13 (site 4),fb5c3a62-e511-4a4a-8833-ae0501629275,Symo  24.0-3 480 (1),24.0,parsed_from_inverter_name,213.62,month,devwork
2022-06-29,f9342ead-59a2-4c58-b54c-0ae4ab16c9da,Penner Farms - W 1/2 4-9-13 (site 4),addd395f-645e-465c-90bf-ae050162927e,Symo 24.0-3 480 (3),24.0,parsed_from_inverter_name,210.48,month,devwork
2022-06-30,f9342ead-59a2-4c58-b54c-0ae4ab16c9da,Penner Farms - W 1/2 4-9-13 (site 4),fb5c3a62-e511-4a4a-8833-ae0501629275,Symo  24.0-3 480 (1),24.0,parsed_from_inverter_name,194.61,month,devwork
2022-06-30,f9342ead-59a2-4c58-b54c-0ae4ab16c9da,Penner Farms - W 1/2 4-9-13 (site 4),addd395f-645e-465c-90bf-ae050162927e,Symo 24.0-3 480 (3),24.0,parsed_from_inverter_name,191.2,month,devwork
2022-07-01,f9342ead-59a2-4c58-b54c-0ae4ab16c9da,Penner Farms - W 1/2 4-9-13 (site 4),fb5c3a62-e511-4a4a-8833-ae0501629275,Symo  24.0-3 480 (1),24.0,parsed_from_inverter_name,217.8,month,devwork
2022-07-01,f9342ead-59a2-4c58-b54c-0ae4ab16c9da,Penner Farms - W 1/2 4-9-13 (site 4),addd395f-645e-465c-90bf-ae050162927e,Symo 24.0-3 480 (3),24.0,parsed_from_inverter_name,213.99,month,devwork
2022-07-02,f9342ead-59a2-4c58-b54c-0ae4ab16c9da,Penner Farms - W 1/2 4-9-13 (site 4),fb5c3a62-e511-4a4a-8833-ae0501629275,Symo  24.0-3 480 (1),24.0,parsed_from_inverter_name,194.88,month,devwork
2022-07-02,f9342ead-59a2-4c58-b54c-0ae4ab16c9da,Penner Farms - W 1/2 4-9-13 (site 4),addd395f-645e-465c-90bf-ae050162927e,Symo 24.0-3 480 (3),24.0,parsed_from_inverter_name,191.33,month,devwork
2022-07-03,f9342ead-59a2-4c58-b54c-0ae4ab16c9da,Penner Farms - W 1/2 4-9-13 (site 4),fb5c3a62-e511-4a4a-8833-ae0501629275,Symo  24.0-3 480 (1),24.0,parsed_from_inverter_name,49.99,month,devwork
2022-07-03,f9342ead-59a2-4c58-b54c-0ae4ab16c9da,Penner Farms - W 1/2 4-9-13 (site 4),addd395f-645e-465c-90bf-ae050162927e,Symo 24.0-3 480 (3),24.0,parsed_from_inverter_name,48.29,month,devwork
2022-07-04,f9342ead-59a2-4c58-b54c-0ae4ab16c9da,Penner Farms - W 1/2 4-9-13 (site 4),fb5c3a62-e511-4a4a-8833-ae0501629275,Symo  24.0-3 480 (1),24.0,parsed_from_inverter_name,113.25,month,devwork
2022-07-04,f9342ead-59a2-4c58-b54c-0ae4ab16c9da,Penner Farms - W 1/2 4-9-13 (site 4),addd395f-645e-465c-90bf-ae050162927e,Symo 24.0-3 480 (3),24.0,parsed_from_inverter_name,110.15,month,devwork
2022-07-05,f9342ead-59a2-4c58-b54c-0ae4ab16c9da,Penner Farms - W 1/2 4-9-13 (site 4),fb5c3a62-e511-4a4a-8833-ae0501629275,Symo  24.0-3 480 (1),24.0,parsed_from_inverter_name,193.32,month,devwork
2022-07-05,f9342ead-59a2-4c58-b54c-0ae4ab16c9da,Penner Farms - W 1/2 4-9-13 (site 4),addd395f-645e-465c-90bf-ae050162927e,Symo 24.0-3 480 (3),24.0,parsed_from_inverter_name,188.45,month,devwork
2022-07-06,f9342ead-59a2-4c58-b54c-0ae4ab16c9da,Penner Farms - W 1/2 4-9-13 (site 4),fb5c3a62-e511-4a4a-8833-ae0501629275,Symo  24.0-3 480 (1),24.0,parsed_from_inverter_name,196.33,month,devwork
2022-07-06,f9342ead-59a2-4c58-b54c-0ae4ab16c9da,Penner Farms - W 1/2 4-9-13 (site 4),addd395f-645e-465c-90bf-ae050162927e,Symo 24.0-3 480 (3),24.0,parsed_from_inverter_name,193.02,month,devwork
2022-07-07,f9342ead-59a2-4c58-b54c-0ae4ab16c9da,Penner Farms - W 1/2 4-9-13 (site 4),fb5c3a62-e511-4a4a-8833-ae0501629275,Symo  24.0-3 480 (1),24.0,parsed_from_inverter_name,170.39,month,devwork
2022-07-07,f9342ead-59a2-4c58-b54c-0ae4ab16c9da,Penner Farms - W 1/2 4-9-13 (site 4),addd395f-645e-465c-90bf-ae050162927e,Symo 24.0-3 480 (3),24.0,parsed_from_inverter_name,166.53,month,devwork
2022-07-08,f9342ead-59a2-4c58-b54c-0ae4ab16c9da,Penner Farms - W 1/2 4-9-13 (site 4),fb5c3a62-e511-4a4a-8833-ae0501629275,Symo  24.0-3 480 (1),24.0,parsed_from_inverter_name,200.92,month,devwork
2022-07-08,f9342ead-59a2-4c58-b54c-0ae4ab16c9da,Penner Farms - W 1/2 4-9-13 (site 4),addd395f-645e-465c-90bf-ae050162927e,Symo 24.0-3 480 (3),24.0,parsed_from_inverter_name,196.71,month,devwork
2022-07-09,f9342ead-59a2-4c58-b54c-0ae4ab16c9da,Penner Farms - W 1/2 4-9-13 (site 4),fb5c3a62-e511-4a4a-8833-ae0501629275,Symo  24.0-3 480 (1),24.0,parsed_from_inverter_name,206.76,month,devwork
2022-07-09,f9342ead-59a2-4c58-b54c-0ae4ab16c9da,Penner Farms - W 1/2 4-9-13 (site 4),addd395f-645e-465c-90bf-ae050162927e,Symo 24.0-3 480 (3),24.0,parsed_from_inverter_name,203.24,month,devwork
2022-07-10,f9342ead-59a2-4c58-b54c-0ae4ab16c9da,Penner Farms - W 1/2 4-9-13 (site 4),fb5c3a62-e511-4a4a-8833-ae0501629275,Symo  24.0-3 480 (1),24.0,parsed_from_inverter_name,154.93,month,devwork
2022-07-10,f9342ead-59a2-4c58-b54c-0ae4ab16c9da,Penner Farms - W 1/2 4-9-13 (site 4),addd395f-645e-465c-90bf-ae050162927e,Symo 24.0-3 480 (3),24.0,parsed_from_inverter_name,151.63,month,devwork
2022-07-11,f9342ead-59a2-4c58-b54c-0ae4ab16c9da,Penner Farms - W 1/2 4-9-13 (site 4),fb5c3a62-e511-4a4a-8833-ae0501629275,Symo  24.0-3 480 (1),24.0,parsed_from_inverter_name,218.06,month,devwork
2022-07-11,f9342ead-59a2-4c58-b54c-0ae4ab16c9da,Penner Farms - W 1/2 4-9-13 (site 4),addd395f-645e-465c-90bf-ae050162927e,Symo 24.0-3 480 (3),24.0,parsed_from_inverter_name,214.35,month,devwork
2022-07-12,f9342ead-59a2-4c58-b54c-0ae4ab16c9da,Penner Farms - W 1/2 4-9-13 (site 4),fb5c3a62-e511-4a4a-8833-ae0501629275,Symo  24.0-3 480 (1),24.0,parsed_from_inverter_name,212.75,month,devwork
2022-07-12,f9342ead-59a2-4c58-b54c-0ae4ab16c9da,Penner Farms - W 1/2 4-9-13 (site 4),addd395f-645e-465c-90bf-ae050162927e,Symo 24.0-3 480 (3),24.0,parsed_from_inverter_name,208.58,month,devwork
2022-07-13,f9342ead-59a2-4c58-b54c-0ae4ab16c9da,Penner Farms - W 1/2 4-9-13 (site 4),fb5c3a62-e511-4a4a-8833-ae0501629275,Symo  24.0-3 480 (1),24.0,parsed_from_inverter_name,124.59,month,devwork
2022-07-13,f9342ead-59a2-4c58-b54c-0ae4ab16c9da,Penner Farms - W 1/2 4-9-13 (site 4),addd395f-645e-465c-90bf-ae050162927e,Symo 24.0-3 480 (3),24.0,parsed_from_inverter_name,121.28,month,devwork
2022-07-14,f9342ead-59a2-4c58-b54c-0ae4ab16c9da,Penner Farms - W 1/2 4-9-13 (site 4),fb5c3a62-e511-4a4a-8833-ae0501629275,Symo  24.0-3 480 (1),24.0,parsed_from_inverter_name,215.26,month,devwork
2022-07-14,f9342ead-59a2-4c58-b54c-0ae4ab16c9da,Penner Farms - W 1/2 4-9-13 (site 4),addd395f-645e-465c-90bf-ae050162927e,Symo 24.0-3 480 (3),24.0,parsed_from_inverter_name,211.27,month,devwork
2022-07-15,f9342ead-59a2-4c58-b54c-0ae4ab16c9da,Penner Farms - W 1/2 4-9-13 (site 4),fb5c3a62-e511-4a4a-8833-ae0501629275,Symo  24.0-3 480 (1),24.0,parsed_from_inverter_name,154.15,month,devwork
2022-07-15,f9342ead-59a2-4c58-b54c-0ae4ab16c9da,Penner Farms - W 1/2 4-9-13 (site 4),addd395f-645e-465c-90bf-ae050162927e,Symo 24.0-3 480 (3),24.0,parsed_from_inverter_name,149.73,month,devwork
2022-07-16,f9342ead-59a2-4c58-b54c-0ae4ab16c9da,Penner Farms - W 1/2 4-9-13 (site 4),fb5c3a62-e511-4a4a-8833-ae0501629275,Symo  24.0-3 480 (1),24.0,parsed_from_inverter_name,216.58,month,devwork
2022-07-16,f9342ead-59a2-4c58-b54c-0ae4ab16c9da,Penner Farms - W 1/2 4-9-13 (site 4),addd395f-645e-465c-90bf-ae050162927e,Symo 24.0-3 480 (3),24.0,parsed_from_inverter_name,213.07,month,devwork
2022-07-17,f9342ead-59a2-4c58-b54c-0ae4ab16c9da,Penner Farms - W 1/2 4-9-13 (site 4),fb5c3a62-e511-4a4a-8833-ae0501629275,Symo  24.0-3 480 (1),24.0,parsed_from_inverter_name,214.74,month,devwork
2022-07-17,f9342ead-59a2-4c58-b54c-0ae4ab16c9da,Penner Farms - W 1/2 4-9-13 (site 4),addd395f-645e-465c-90bf-ae050162927e,Symo 24.0-3 480 (3),24.0,parsed_from_inverter_name,210.82,month,devwork
2022-07-18,f9342ead-59a2-4c58-b54c-0ae4ab16c9da,Penner Farms - W 1/2 4-9-13 (site 4),fb5c3a62-e511-4a4a-8833-ae0501629275,Symo  24.0-3 480 (1),24.0,parsed_from_inverter_name,70.6,month,devwork
2022-07-18,f9342ead-59a2-4c58-b54c-0ae4ab16c9da,Penner Farms - W 1/2 4-9-13 (site 4),addd395f-645e-465c-90bf-ae050162927e,Symo 24.0-3 480 (3),24.0,parsed_from_inverter_name,68.14,month,devwork
2022-07-19,f9342ead-59a2-4c58-b54c-0ae4ab16c9da,Penner Farms - W 1/2 4-9-13 (site 4),fb5c3a62-e511-4a4a-8833-ae0501629275,Symo  24.0-3 480 (1),24.0,parsed_from_inverter_name,216.44,month,devwork
2022-07-19,f9342ead-59a2-4c58-b54c-0ae4ab16c9da,Penner Farms - W 1/2 4-9-13 (site 4),addd395f-645e-465c-90bf-ae050162927e,Symo 24.0-3 480 (3),24.0,parsed_from_inverter_name,212.55,month,devwork
2022-07-20,f9342ead-59a2-4c58-b54c-0ae4ab16c9da,Penner Farms - W 1/2 4-9-13 (site 4),fb5c3a62-e511-4a4a-8833-ae0501629275,Symo  24.0-3 480 (1),24.0,parsed_from_inverter_name,214.44,month,devwork
2022-07-20,f9342ead-59a2-4c58-b54c-0ae4ab16c9da,Penner Farms - W 1/2 4-9-13 (site 4),addd395f-645e-465c-90bf-ae050162927e,Symo 24.0-3 480 (3),24.0,parsed_from_inverter_name,210.46,month,devwork
2022-07-21,f9342ead-59a2-4c58-b54c-0ae4ab16c9da,Penner Farms - W 1/2 4-9-13 (site 4),fb5c3a62-e511-4a4a-8833-ae0501629275,Symo  24.0-3 480 (1),24.0,parsed_from_inverter_name,216.22,month,devwork
2022-07-21,f9342ead-59a2-4c58-b54c-0ae4ab16c9da,Penner Farms - W 1/2 4-9-13 (site 4),addd395f-645e-465c-90bf-ae050162927e,Symo 24.0-3 480 (3),24.0,parsed_from_inverter_name,212.21,month,devwork
2022-07-22,f9342ead-59a2-4c58-b54c-0ae4ab16c9da,Penner Farms - W 1/2 4-9-13 (site 4),fb5c3a62-e511-4a4a-8833-ae0501629275,Symo  24.0-3 480 (1),24.0,parsed_from_inverter_name,147.55,month,devwork
2022-07-22,f9342ead-59a2-4c58-b54c-0ae4ab16c9da,Penner Farms - W 1/2 4-9-13 (site 4),addd395f-645e-465c-90bf-ae050162927e,Symo 24.0-3 480 (3),24.0,parsed_from_inverter_name,142.7,month,devwork
2022-07-23,f9342ead-59a2-4c58-b54c-0ae4ab16c9da,Penner Farms - W 1/2 4-9-13 (site 4),fb5c3a62-e511-4a4a-8833-ae0501629275,Symo  24.0-3 480 (1),24.0,parsed_from_inverter_name,211.82,month,devwork
2022-07-23,f9342ead-59a2-4c58-b54c-0ae4ab16c9da,Penner Farms - W 1/2 4-9-13 (site 4),addd395f-645e-465c-90bf-ae050162927e,Symo 24.0-3 480 (3),24.0,parsed_from_inverter_name,208.29,month,devwork
2022-07-24,f9342ead-59a2-4c58-b54c-0ae4ab16c9da,Penner Farms - W 1/2 4-9-13 (site 4),fb5c3a62-e511-4a4a-8833-ae0501629275,Symo  24.0-3 480 (1),24.0,parsed_from_inverter_name,214.74,month,devwork
2022-07-24,f9342ead-59a2-4c58-b54c-0ae4ab16c9da,Penner Farms - W 1/2 4-9-13 (site 4),addd395f-645e-465c-90bf-ae050162927e,Symo 24.0-3 480 (3),24.0,parsed_from_inverter_name,210.85,month,devwork
2022-07-25,f9342ead-59a2-4c58-b54c-0ae4ab16c9da,Penner Farms - W 1/2 4-9-13 (site 4),fb5c3a62-e511-4a4a-8833-ae0501629275,Symo  24.0-3 480 (1),24.0,parsed_from_inverter_name,144.68,month,devwork
2022-07-25,f9342ead-59a2-4c58-b54c-0ae4ab16c9da,Penner Farms - W 1/2 4-9-13 (site 4),addd395f-645e-465c-90bf-ae050162927e,Symo 24.0-3 480 (3),24.0,parsed_from_inverter_name,141.01,month,devwork
2022-07-26,f9342ead-59a2-4c58-b54c-0ae4ab16c9da,Penner Farms - W 1/2 4-9-13 (site 4),fb5c3a62-e511-4a4a-8833-ae0501629275,Symo  24.0-3 480 (1),24.0,parsed_from_inverter_name,183.09,month,devwork
2022-07-26,f9342ead-59a2-4c58-b54c-0ae4ab16c9da,Penner Farms - W 1/2 4-9-13 (site 4),addd395f-645e-465c-90bf-ae050162927e,Symo 24.0-3 480 (3),24.0,parsed_from_inverter_name,179.56,month,devwork
2022-07-27,f9342ead-59a2-4c58-b54c-0ae4ab16c9da,Penner Farms - W 1/2 4-9-13 (site 4),fb5c3a62-e511-4a4a-8833-ae0501629275,Symo  24.0-3 480 (1),24.0,parsed_from_inverter_name,178.78,month,devwork
2022-07-27,f9342ead-59a2-4c58-b54c-0ae4ab16c9da,Penner Farms - W 1/2 4-9-13 (site 4),addd395f-645e-465c-90bf-ae050162927e,Symo 24.0-3 480 (3),24.0,parsed_from_inverter_name,174.66,month,devwork
2022-07-28,f9342ead-59a2-4c58-b54c-0ae4ab16c9da,Penner Farms - W 1/2 4-9-13 (site 4),fb5c3a62-e511-4a4a-8833-ae0501629275,Symo  24.0-3 480 (1),24.0,parsed_from_inverter_name,210.88,month,devwork
2022-07-28,f9342ead-59a2-4c58-b54c-0ae4ab16c9da,Penner Farms - W 1/2 4-9-13 (site 4),addd395f-645e-465c-90bf-ae050162927e,Symo 24.0-3 480 (3),24.0,parsed_from_inverter_name,207.07,month,devwork
2022-07-29,f9342ead-59a2-4c58-b54c-0ae4ab16c9da,Penner Farms - W 1/2 4-9-13 (site 4),fb5c3a62-e511-4a4a-8833-ae0501629275,Symo  24.0-3 480 (1),24.0,parsed_from_inverter_name,185.55,month,devwork
2022-07-29,f9342ead-59a2-4c58-b54c-0ae4ab16c9da,Penner Farms - W 1/2 4-9-13 (site 4),addd395f-645e-465c-90bf-ae050162927e,Symo 24.0-3 480 (3),24.0,parsed_from_inverter_name,182.19,month,devwork
2022-07-30,f9342ead-59a2-4c58-b54c-0ae4ab16c9da,Penner Farms - W 1/2 4-9-13 (site 4),fb5c3a62-e511-4a4a-8833-ae0501629275,Symo  24.0-3 480 (1),24.0,parsed_from_inverter_name,209.01,month,devwork
2022-07-30,f9342ead-59a2-4c58-b54c-0ae4ab16c9da,Penner Farms - W 1/2 4-9-13 (site 4),addd395f-645e-465c-90bf-ae050162927e,Symo 24.0-3 480 (3),24.0,parsed_from_inverter_name,205.64,month,devwork
2022-07-31,f9342ead-59a2-4c58-b54c-0ae4ab16c9da,Penner Farms - W 1/2 4-9-13 (site 4),fb5c3a62-e511-4a4a-8833-ae0501629275,Symo  24.0-3 480 (1),24.0,parsed_from_inverter_name,203.59,month,devwork
2022-07-31,f9342ead-59a2-4c58-b54c-0ae4ab16c9da,Penner Farms - W 1/2 4-9-13 (site 4),addd395f-645e-465c-90bf-ae050162927e,Symo 24.0-3 480 (3),24.0,parsed_from_inverter_name,199.79,month,devwork
2022-08-01,f9342ead-59a2-4c58-b54c-0ae4ab16c9da,Penner Farms - W 1/2 4-9-13 (site 4),fb5c3a62-e511-4a4a-8833-ae0501629275,Symo  24.0-3 480 (1),24.0,parsed_from_inverter_name,192.84,month,devwork
2022-08-01,f9342ead-59a2-4c58-b54c-0ae4ab16c9da,Penner Farms - W 1/2 4-9-13 (site 4),addd395f-645e-465c-90bf-ae050162927e,Symo 24.0-3 480 (3),24.0,parsed_from_inverter_name,189.26,month,devwork
2022-08-02,f9342ead-59a2-4c58-b54c-0ae4ab16c9da,Penner Farms - W 1/2 4-9-13 (site 4),fb5c3a62-e511-4a4a-8833-ae0501629275,Symo  24.0-3 480 (1),24.0,parsed_from_inverter_name,201.02,month,devwork
2022-08-02,f9342ead-59a2-4c58-b54c-0ae4ab16c9da,Penner Farms - W 1/2 4-9-13 (site 4),addd395f-645e-465c-90bf-ae050162927e,Symo 24.0-3 480 (3),24.0,parsed_from_inverter_name,197.21,month,devwork
2022-08-03,f9342ead-59a2-4c58-b54c-0ae4ab16c9da,Penner Farms - W 1/2 4-9-13 (site 4),fb5c3a62-e511-4a4a-8833-ae0501629275,Symo  24.0-3 480 (1),24.0,parsed_from_inverter_name,190.46,month,devwork
2022-08-03,f9342ead-59a2-4c58-b54c-0ae4ab16c9da,Penner Farms - W 1/2 4-9-13 (site 4),addd395f-645e-465c-90bf-ae050162927e,Symo 24.0-3 480 (3),24.0,parsed_from_inverter_name,187.74,month,devwork
2022-08-04,f9342ead-59a2-4c58-b54c-0ae4ab16c9da,Penner Farms - W 1/2 4-9-13 (site 4),fb5c3a62-e511-4a4a-8833-ae0501629275,Symo  24.0-3 480 (1),24.0,parsed_from_inverter_name,196.26,month,devwork
2022-08-04,f9342ead-59a2-4c58-b54c-0ae4ab16c9da,Penner Farms - W 1/2 4-9-13 (site 4),addd395f-645e-465c-90bf-ae050162927e,Symo 24.0-3 480 (3),24.0,parsed_from_inverter_name,193.24,month,devwork
2022-08-05,f9342ead-59a2-4c58-b54c-0ae4ab16c9da,Penner Farms - W 1/2 4-9-13 (site 4),fb5c3a62-e511-4a4a-8833-ae0501629275,Symo  24.0-3 480 (1),24.0,parsed_from_inverter_name,192.74,month,devwork
2022-08-05,f9342ead-59a2-4c58-b54c-0ae4ab16c9da,Penner Farms - W 1/2 4-9-13 (site 4),addd395f-645e-465c-90bf-ae050162927e,Symo 24.0-3 480 (3),24.0,parsed_from_inverter_name,189.36,month,devwork
2022-08-06,f9342ead-59a2-4c58-b54c-0ae4ab16c9da,Penner Farms - W 1/2 4-9-13 (site 4),fb5c3a62-e511-4a4a-8833-ae0501629275,Symo  24.0-3 480 (1),24.0,parsed_from_inverter_name,212.38,month,devwork
2022-08-06,f9342ead-59a2-4c58-b54c-0ae4ab16c9da,Penner Farms - W 1/2 4-9-13 (site 4),addd395f-645e-465c-90bf-ae050162927e,Symo 24.0-3 480 (3),24.0,parsed_from_inverter_name,209.05,month,devwork
2022-08-07,f9342ead-59a2-4c58-b54c-0ae4ab16c9da,Penner Farms - W 1/2 4-9-13 (site 4),fb5c3a62-e511-4a4a-8833-ae0501629275,Symo  24.0-3 480 (1),24.0,parsed_from_inverter_name,210.25,month,devwork
2022-08-07,f9342ead-59a2-4c58-b54c-0ae4ab16c9da,Penner Farms - W 1/2 4-9-13 (site 4),addd395f-645e-465c-90bf-ae050162927e,Symo 24.0-3 480 (3),24.0,parsed_from_inverter_name,206.92,month,devwork
2022-08-08,f9342ead-59a2-4c58-b54c-0ae4ab16c9da,Penner Farms - W 1/2 4-9-13 (site 4),fb5c3a62-e511-4a4a-8833-ae0501629275,Symo  24.0-3 480 (1),24.0,parsed_from_inverter_name,208.45,month,devwork
2022-08-08,f9342ead-59a2-4c58-b54c-0ae4ab16c9da,Penner Farms - W 1/2 4-9-13 (site 4),addd395f-645e-465c-90bf-ae050162927e,Symo 24.0-3 480 (3),24.0,parsed_from_inverter_name,204.93,month,devwork
2022-08-09,f9342ead-59a2-4c58-b54c-0ae4ab16c9da,Penner Farms - W 1/2 4-9-13 (site 4),fb5c3a62-e511-4a4a-8833-ae0501629275,Symo  24.0-3 480 (1),24.0,parsed_from_inverter_name,208.0,month,devwork
2022-08-09,f9342ead-59a2-4c58-b54c-0ae4ab16c9da,Penner Farms - W 1/2 4-9-13 (site 4),addd395f-645e-465c-90bf-ae050162927e,Symo 24.0-3 480 (3),24.0,parsed_from_inverter_name,204.54,month,devwork
2022-08-10,f9342ead-59a2-4c58-b54c-0ae4ab16c9da,Penner Farms - W 1/2 4-9-13 (site 4),fb5c3a62-e511-4a4a-8833-ae0501629275,Symo  24.0-3 480 (1),24.0,parsed_from_inverter_name,130.31,month,devwork
2022-08-10,f9342ead-59a2-4c58-b54c-0ae4ab16c9da,Penner Farms - W 1/2 4-9-13 (site 4),addd395f-645e-465c-90bf-ae050162927e,Symo 24.0-3 480 (3),24.0,parsed_from_inverter_name,127.56,month,devwork
2022-08-11,f9342ead-59a2-4c58-b54c-0ae4ab16c9da,Penner Farms - W 1/2 4-9-13 (site 4),fb5c3a62-e511-4a4a-8833-ae0501629275,Symo  24.0-3 480 (1),24.0,parsed_from_inverter_name,198.01,month,devwork
2022-08-11,f9342ead-59a2-4c58-b54c-0ae4ab16c9da,Penner Farms - W 1/2 4-9-13 (site 4),addd395f-645e-465c-90bf-ae050162927e,Symo 24.0-3 480 (3),24.0,parsed_from_inverter_name,193.66,month,devwork
2022-08-12,f9342ead-59a2-4c58-b54c-0ae4ab16c9da,Penner Farms - W 1/2 4-9-13 (site 4),fb5c3a62-e511-4a4a-8833-ae0501629275,Symo  24.0-3 480 (1),24.0,parsed_from_inverter_name,162.11,month,devwork
2022-08-12,f9342ead-59a2-4c58-b54c-0ae4ab16c9da,Penner Farms - W 1/2 4-9-13 (site 4),addd395f-645e-465c-90bf-ae050162927e,Symo 24.0-3 480 (3),24.0,parsed_from_inverter_name,159.34,month,devwork
2022-08-13,f9342ead-59a2-4c58-b54c-0ae4ab16c9da,Penner Farms - W 1/2 4-9-13 (site 4),fb5c3a62-e511-4a4a-8833-ae0501629275,Symo  24.0-3 480 (1),24.0,parsed_from_inverter_name,175.41,month,devwork
2022-08-13,f9342ead-59a2-4c58-b54c-0ae4ab16c9da,Penner Farms - W 1/2 4-9-13 (site 4),addd395f-645e-465c-90bf-ae050162927e,Symo 24.0-3 480 (3),24.0,parsed_from_inverter_name,172.54,month,devwork
2022-08-14,f9342ead-59a2-4c58-b54c-0ae4ab16c9da,Penner Farms - W 1/2 4-9-13 (site 4),fb5c3a62-e511-4a4a-8833-ae0501629275,Symo  24.0-3 480 (1),24.0,parsed_from_inverter_name,207.63,month,devwork
2022-08-14,f9342ead-59a2-4c58-b54c-0ae4ab16c9da,Penner Farms - W 1/2 4-9-13 (site 4),addd395f-645e-465c-90bf-ae050162927e,Symo 24.0-3 480 (3),24.0,parsed_from_inverter_name,204.3,month,devwork
2022-08-15,f9342ead-59a2-4c58-b54c-0ae4ab16c9da,Penner Farms - W 1/2 4-9-13 (site 4),fb5c3a62-e511-4a4a-8833-ae0501629275,Symo  24.0-3 480 (1),24.0,parsed_from_inverter_name,201.99,month,devwork
2022-08-15,f9342ead-59a2-4c58-b54c-0ae4ab16c9da,Penner Farms - W 1/2 4-9-13 (site 4),addd395f-645e-465c-90bf-ae050162927e,Symo 24.0-3 480 (3),24.0,parsed_from_inverter_name,198.73,month,devwork
2022-08-16,f9342ead-59a2-4c58-b54c-0ae4ab16c9da,Penner Farms - W 1/2 4-9-13 (site 4),fb5c3a62-e511-4a4a-8833-ae0501629275,Symo  24.0-3 480 (1),24.0,parsed_from_inverter_name,200.91,month,devwork
2022-08-16,f9342ead-59a2-4c58-b54c-0ae4ab16c9da,Penner Farms - W 1/2 4-9-13 (site 4),addd395f-645e-465c-90bf-ae050162927e,Symo 24.0-3 480 (3),24.0,parsed_from_inverter_name,197.57,month,devwork
2022-08-17,f9342ead-59a2-4c58-b54c-0ae4ab16c9da,Penner Farms - W 1/2 4-9-13 (site 4),fb5c3a62-e511-4a4a-8833-ae0501629275,Symo  24.0-3 480 (1),24.0,parsed_from_inverter_name,203.79,month,devwork
2022-08-17,f9342ead-59a2-4c58-b54c-0ae4ab16c9da,Penner Farms - W 1/2 4-9-13 (site 4),addd395f-645e-465c-90bf-ae050162927e,Symo 24.0-3 480 (3),24.0,parsed_from_inverter_name,200.36,month,devwork
2022-08-18,f9342ead-59a2-4c58-b54c-0ae4ab16c9da,Penner Farms - W 1/2 4-9-13 (site 4),fb5c3a62-e511-4a4a-8833-ae0501629275,Symo  24.0-3 480 (1),24.0,parsed_from_inverter_name,200.72,month,devwork
2022-08-18,f9342ead-59a2-4c58-b54c-0ae4ab16c9da,Penner Farms - W 1/2 4-9-13 (site 4),addd395f-645e-465c-90bf-ae050162927e,Symo 24.0-3 480 (3),24.0,parsed_from_inverter_name,197.13,month,devwork
2022-08-19,f9342ead-59a2-4c58-b54c-0ae4ab16c9da,Penner Farms - W 1/2 4-9-13 (site 4),fb5c3a62-e511-4a4a-8833-ae0501629275,Symo  24.0-3 480 (1),24.0,parsed_from_inverter_name,193.17,month,devwork
2022-08-19,f9342ead-59a2-4c58-b54c-0ae4ab16c9da,Penner Farms - W 1/2 4-9-13 (site 4),addd395f-645e-465c-90bf-ae050162927e,Symo 24.0-3 480 (3),24.0,parsed_from_inverter_name,189.85,month,devwork
2022-08-20,f9342ead-59a2-4c58-b54c-0ae4ab16c9da,Penner Farms - W 1/2 4-9-13 (site 4),fb5c3a62-e511-4a4a-8833-ae0501629275,Symo  24.0-3 480 (1),24.0,parsed_from_inverter_name,193.19,month,devwork
2022-08-20,f9342ead-59a2-4c58-b54c-0ae4ab16c9da,Penner Farms - W 1/2 4-9-13 (site 4),addd395f-645e-465c-90bf-ae050162927e,Symo 24.0-3 480 (3),24.0,parsed_from_inverter_name,189.42,month,devwork
2022-08-21,f9342ead-59a2-4c58-b54c-0ae4ab16c9da,Penner Farms - W 1/2 4-9-13 (site 4),fb5c3a62-e511-4a4a-8833-ae0501629275,Symo  24.0-3 480 (1),24.0,parsed_from_inverter_name,164.68,month,devwork
2022-08-21,f9342ead-59a2-4c58-b54c-0ae4ab16c9da,Penner Farms - W 1/2 4-9-13 (site 4),addd395f-645e-465c-90bf-ae050162927e,Symo 24.0-3 480 (3),24.0,parsed_from_inverter_name,161.5,month,devwork
2022-08-22,f9342ead-59a2-4c58-b54c-0ae4ab16c9da,Penner Farms - W 1/2 4-9-13 (site 4),fb5c3a62-e511-4a4a-8833-ae0501629275,Symo  24.0-3 480 (1),24.0,parsed_from_inverter_name,193.29,month,devwork
2022-08-22,f9342ead-59a2-4c58-b54c-0ae4ab16c9da,Penner Farms - W 1/2 4-9-13 (site 4),addd395f-645e-465c-90bf-ae050162927e,Symo 24.0-3 480 (3),24.0,parsed_from_inverter_name,189.76,month,devwork
2022-08-23,f9342ead-59a2-4c58-b54c-0ae4ab16c9da,Penner Farms - W 1/2 4-9-13 (site 4),fb5c3a62-e511-4a4a-8833-ae0501629275,Symo  24.0-3 480 (1),24.0,parsed_from_inverter_name,155.2,month,devwork
2022-08-23,f9342ead-59a2-4c58-b54c-0ae4ab16c9da,Penner Farms - W 1/2 4-9-13 (site 4),addd395f-645e-465c-90bf-ae050162927e,Symo 24.0-3 480 (3),24.0,parsed_from_inverter_name,151.46,month,devwork
2022-08-24,f9342ead-59a2-4c58-b54c-0ae4ab16c9da,Penner Farms - W 1/2 4-9-13 (site 4),fb5c3a62-e511-4a4a-8833-ae0501629275,Symo  24.0-3 480 (1),24.0,parsed_from_inverter_name,175.98,month,devwork
2022-08-24,f9342ead-59a2-4c58-b54c-0ae4ab16c9da,Penner Farms - W 1/2 4-9-13 (site 4),addd395f-645e-465c-90bf-ae050162927e,Symo 24.0-3 480 (3),24.0,parsed_from_inverter_name,173.58,month,devwork
2022-08-25,f9342ead-59a2-4c58-b54c-0ae4ab16c9da,Penner Farms - W 1/2 4-9-13 (site 4),fb5c3a62-e511-4a4a-8833-ae0501629275,Symo  24.0-3 480 (1),24.0,parsed_from_inverter_name,110.74,month,devwork
2022-08-25,f9342ead-59a2-4c58-b54c-0ae4ab16c9da,Penner Farms - W 1/2 4-9-13 (site 4),addd395f-645e-465c-90bf-ae050162927e,Symo 24.0-3 480 (3),24.0,parsed_from_inverter_name,108.18,month,devwork
2022-08-26,f9342ead-59a2-4c58-b54c-0ae4ab16c9da,Penner Farms - W 1/2 4-9-13 (site 4),fb5c3a62-e511-4a4a-8833-ae0501629275,Symo  24.0-3 480 (1),24.0,parsed_from_inverter_name,175.19,month,devwork
2022-08-26,f9342ead-59a2-4c58-b54c-0ae4ab16c9da,Penner Farms - W 1/2 4-9-13 (site 4),addd395f-645e-465c-90bf-ae050162927e,Symo 24.0-3 480 (3),24.0,parsed_from_inverter_name,172.52,month,devwork
2022-08-27,f9342ead-59a2-4c58-b54c-0ae4ab16c9da,Penner Farms - W 1/2 4-9-13 (site 4),fb5c3a62-e511-4a4a-8833-ae0501629275,Symo  24.0-3 480 (1),24.0,parsed_from_inverter_name,141.27,month,devwork
2022-08-27,f9342ead-59a2-4c58-b54c-0ae4ab16c9da,Penner Farms - W 1/2 4-9-13 (site 4),addd395f-645e-465c-90bf-ae050162927e,Symo 24.0-3 480 (3),24.0,parsed_from_inverter_name,138.69,month,devwork
2022-08-28,f9342ead-59a2-4c58-b54c-0ae4ab16c9da,Penner Farms - W 1/2 4-9-13 (site 4),fb5c3a62-e511-4a4a-8833-ae0501629275,Symo  24.0-3 480 (1),24.0,parsed_from_inverter_name,176.95,month,devwork
2022-08-28,f9342ead-59a2-4c58-b54c-0ae4ab16c9da,Penner Farms - W 1/2 4-9-13 (site 4),addd395f-645e-465c-90bf-ae050162927e,Symo 24.0-3 480 (3),24.0,parsed_from_inverter_name,174.31,month,devwork
2022-08-29,f9342ead-59a2-4c58-b54c-0ae4ab16c9da,Penner Farms - W 1/2 4-9-13 (site 4),fb5c3a62-e511-4a4a-8833-ae0501629275,Symo  24.0-3 480 (1),24.0,parsed_from_inverter_name,186.53,month,devwork
2022-08-29,f9342ead-59a2-4c58-b54c-0ae4ab16c9da,Penner Farms - W 1/2 4-9-13 (site 4),addd395f-645e-465c-90bf-ae050162927e,Symo 24.0-3 480 (3),24.0,parsed_from_inverter_name,183.38,month,devwork
2022-08-30,f9342ead-59a2-4c58-b54c-0ae4ab16c9da,Penner Farms - W 1/2 4-9-13 (site 4),fb5c3a62-e511-4a4a-8833-ae0501629275,Symo  24.0-3 480 (1),24.0,parsed_from_inverter_name,196.08,month,devwork
2022-08-30,f9342ead-59a2-4c58-b54c-0ae4ab16c9da,Penner Farms - W 1/2 4-9-13 (site 4),addd395f-645e-465c-90bf-ae050162927e,Symo 24.0-3 480 (3),24.0,parsed_from_inverter_name,193.13,month,devwork
2022-08-31,f9342ead-59a2-4c58-b54c-0ae4ab16c9da,Penner Farms - W 1/2 4-9-13 (site 4),fb5c3a62-e511-4a4a-8833-ae0501629275,Symo  24.0-3 480 (1),24.0,parsed_from_inverter_name,194.57,month,devwork
2022-08-31,f9342ead-59a2-4c58-b54c-0ae4ab16c9da,Penner Farms - W 1/2 4-9-13 (site 4),addd395f-645e-465c-90bf-ae050162927e,Symo 24.0-3 480 (3),24.0,parsed_from_inverter_name,191.35,month,devwork
2022-09-01,f9342ead-59a2-4c58-b54c-0ae4ab16c9da,Penner Farms - W 1/2 4-9-13 (site 4),fb5c3a62-e511-4a4a-8833-ae0501629275,Symo  24.0-3 480 (1),24.0,parsed_from_inverter_name,185.44,month,devwork
2022-09-01,f9342ead-59a2-4c58-b54c-0ae4ab16c9da,Penner Farms - W 1/2 4-9-13 (site 4),addd395f-645e-465c-90bf-ae050162927e,Symo 24.0-3 480 (3),24.0,parsed_from_inverter_name,182.4,month,devwork
2022-09-02,f9342ead-59a2-4c58-b54c-0ae4ab16c9da,Penner Farms - W 1/2 4-9-13 (site 4),fb5c3a62-e511-4a4a-8833-ae0501629275,Symo  24.0-3 480 (1),24.0,parsed_from_inverter_name,196.71,month,devwork
2022-09-02,f9342ead-59a2-4c58-b54c-0ae4ab16c9da,Penner Farms - W 1/2 4-9-13 (site 4),addd395f-645e-465c-90bf-ae050162927e,Symo 24.0-3 480 (3),24.0,parsed_from_inverter_name,193.8,month,devwork
2022-09-03,f9342ead-59a2-4c58-b54c-0ae4ab16c9da,Penner Farms - W 1/2 4-9-13 (site 4),fb5c3a62-e511-4a4a-8833-ae0501629275,Symo  24.0-3 480 (1),24.0,parsed_from_inverter_name,157.98,month,devwork
2022-09-03,f9342ead-59a2-4c58-b54c-0ae4ab16c9da,Penner Farms - W 1/2 4-9-13 (site 4),addd395f-645e-465c-90bf-ae050162927e,Symo 24.0-3 480 (3),24.0,parsed_from_inverter_name,154.34,month,devwork
2022-09-04,f9342ead-59a2-4c58-b54c-0ae4ab16c9da,Penner Farms - W 1/2 4-9-13 (site 4),fb5c3a62-e511-4a4a-8833-ae0501629275,Symo  24.0-3 480 (1),24.0,parsed_from_inverter_name,165.22,month,devwork
2022-09-04,f9342ead-59a2-4c58-b54c-0ae4ab16c9da,Penner Farms - W 1/2 4-9-13 (site 4),addd395f-645e-465c-90bf-ae050162927e,Symo 24.0-3 480 (3),24.0,parsed_from_inverter_name,160.96,month,devwork
2022-09-05,f9342ead-59a2-4c58-b54c-0ae4ab16c9da,Penner Farms - W 1/2 4-9-13 (site 4),fb5c3a62-e511-4a4a-8833-ae0501629275,Symo  24.0-3 480 (1),24.0,parsed_from_inverter_name,192.11,month,devwork
2022-09-05,f9342ead-59a2-4c58-b54c-0ae4ab16c9da,Penner Farms - W 1/2 4-9-13 (site 4),addd395f-645e-465c-90bf-ae050162927e,Symo 24.0-3 480 (3),24.0,parsed_from_inverter_name,189.3,month,devwork
2022-09-06,f9342ead-59a2-4c58-b54c-0ae4ab16c9da,Penner Farms - W 1/2 4-9-13 (site 4),fb5c3a62-e511-4a4a-8833-ae0501629275,Symo  24.0-3 480 (1),24.0,parsed_from_inverter_name,192.18,month,devwork
2022-09-06,f9342ead-59a2-4c58-b54c-0ae4ab16c9da,Penner Farms - W 1/2 4-9-13 (site 4),addd395f-645e-465c-90bf-ae050162927e,Symo 24.0-3 480 (3),24.0,parsed_from_inverter_name,188.82,month,devwork
2022-09-07,f9342ead-59a2-4c58-b54c-0ae4ab16c9da,Penner Farms - W 1/2 4-9-13 (site 4),fb5c3a62-e511-4a4a-8833-ae0501629275,Symo  24.0-3 480 (1),24.0,parsed_from_inverter_name,176.34,month,devwork
2022-09-07,f9342ead-59a2-4c58-b54c-0ae4ab16c9da,Penner Farms - W 1/2 4-9-13 (site 4),addd395f-645e-465c-90bf-ae050162927e,Symo 24.0-3 480 (3),24.0,parsed_from_inverter_name,173.67,month,devwork
2022-09-08,f9342ead-59a2-4c58-b54c-0ae4ab16c9da,Penner Farms - W 1/2 4-9-13 (site 4),fb5c3a62-e511-4a4a-8833-ae0501629275,Symo  24.0-3 480 (1),24.0,parsed_from_inverter_name,82.13,month,devwork
2022-09-08,f9342ead-59a2-4c58-b54c-0ae4ab16c9da,Penner Farms - W 1/2 4-9-13 (site 4),addd395f-645e-465c-90bf-ae050162927e,Symo 24.0-3 480 (3),24.0,parsed_from_inverter_name,79.73,month,devwork
2022-09-09,f9342ead-59a2-4c58-b54c-0ae4ab16c9da,Penner Farms - W 1/2 4-9-13 (site 4),fb5c3a62-e511-4a4a-8833-ae0501629275,Symo  24.0-3 480 (1),24.0,parsed_from_inverter_name,170.27,month,devwork
2022-09-09,f9342ead-59a2-4c58-b54c-0ae4ab16c9da,Penner Farms - W 1/2 4-9-13 (site 4),addd395f-645e-465c-90bf-ae050162927e,Symo 24.0-3 480 (3),24.0,parsed_from_inverter_name,167.7,month,devwork
2022-09-10,f9342ead-59a2-4c58-b54c-0ae4ab16c9da,Penner Farms - W 1/2 4-9-13 (site 4),fb5c3a62-e511-4a4a-8833-ae0501629275,Symo  24.0-3 480 (1),24.0,parsed_from_inverter_name,199.73,month,devwork
2022-09-10,f9342ead-59a2-4c58-b54c-0ae4ab16c9da,Penner Farms - W 1/2 4-9-13 (site 4),addd395f-645e-465c-90bf-ae050162927e,Symo 24.0-3 480 (3),24.0,parsed_from_inverter_name,197.74,month,devwork
2022-09-11,f9342ead-59a2-4c58-b54c-0ae4ab16c9da,Penner Farms - W 1/2 4-9-13 (site 4),fb5c3a62-e511-4a4a-8833-ae0501629275,Symo  24.0-3 480 (1),24.0,parsed_from_inverter_name,174.77,month,devwork
2022-09-11,f9342ead-59a2-4c58-b54c-0ae4ab16c9da,Penner Farms - W 1/2 4-9-13 (site 4),addd395f-645e-465c-90bf-ae050162927e,Symo 24.0-3 480 (3),24.0,parsed_from_inverter_name,171.91,month,devwork
2022-09-12,f9342ead-59a2-4c58-b54c-0ae4ab16c9da,Penner Farms - W 1/2 4-9-13 (site 4),fb5c3a62-e511-4a4a-8833-ae0501629275,Symo  24.0-3 480 (1),24.0,parsed_from_inverter_name,96.44,month,devwork
2022-09-12,f9342ead-59a2-4c58-b54c-0ae4ab16c9da,Penner Farms - W 1/2 4-9-13 (site 4),addd395f-645e-465c-90bf-ae050162927e,Symo 24.0-3 480 (3),24.0,parsed_from_inverter_name,93.67,month,devwork
2022-09-13,f9342ead-59a2-4c58-b54c-0ae4ab16c9da,Penner Farms - W 1/2 4-9-13 (site 4),fb5c3a62-e511-4a4a-8833-ae0501629275,Symo  24.0-3 480 (1),24.0,parsed_from_inverter_name,56.86,month,devwork
2022-09-13,f9342ead-59a2-4c58-b54c-0ae4ab16c9da,Penner Farms - W 1/2 4-9-13 (site 4),addd395f-645e-465c-90bf-ae050162927e,Symo 24.0-3 480 (3),24.0,parsed_from_inverter_name,55.31,month,devwork
2022-09-14,f9342ead-59a2-4c58-b54c-0ae4ab16c9da,Penner Farms - W 1/2 4-9-13 (site 4),fb5c3a62-e511-4a4a-8833-ae0501629275,Symo  24.0-3 480 (1),24.0,parsed_from_inverter_name,173.32,month,devwork
2022-09-14,f9342ead-59a2-4c58-b54c-0ae4ab16c9da,Penner Farms - W 1/2 4-9-13 (site 4),addd395f-645e-465c-90bf-ae050162927e,Symo 24.0-3 480 (3),24.0,parsed_from_inverter_name,168.83,month,devwork
2022-09-15,f9342ead-59a2-4c58-b54c-0ae4ab16c9da,Penner Farms - W 1/2 4-9-13 (site 4),fb5c3a62-e511-4a4a-8833-ae0501629275,Symo  24.0-3 480 (1),24.0,parsed_from_inverter_name,165.62,month,devwork
2022-09-15,f9342ead-59a2-4c58-b54c-0ae4ab16c9da,Penner Farms - W 1/2 4-9-13 (site 4),addd395f-645e-465c-90bf-ae050162927e,Symo 24.0-3 480 (3),24.0,parsed_from_inverter_name,161.64,month,devwork
2022-09-16,f9342ead-59a2-4c58-b54c-0ae4ab16c9da,Penner Farms - W 1/2 4-9-13 (site 4),fb5c3a62-e511-4a4a-8833-ae0501629275,Symo  24.0-3 480 (1),24.0,parsed_from_inverter_name,73.26,month,devwork
2022-09-16,f9342ead-59a2-4c58-b54c-0ae4ab16c9da,Penner Farms - W 1/2 4-9-13 (site 4),addd395f-645e-465c-90bf-ae050162927e,Symo 24.0-3 480 (3),24.0,parsed_from_inverter_name,71.08,month,devwork
2022-09-17,f9342ead-59a2-4c58-b54c-0ae4ab16c9da,Penner Farms - W 1/2 4-9-13 (site 4),fb5c3a62-e511-4a4a-8833-ae0501629275,Symo  24.0-3 480 (1),24.0,parsed_from_inverter_name,187.32,month,devwork
2022-09-17,f9342ead-59a2-4c58-b54c-0ae4ab16c9da,Penner Farms - W 1/2 4-9-13 (site 4),addd395f-645e-465c-90bf-ae050162927e,Symo 24.0-3 480 (3),24.0,parsed_from_inverter_name,184.41,month,devwork
2022-09-18,f9342ead-59a2-4c58-b54c-0ae4ab16c9da,Penner Farms - W 1/2 4-9-13 (site 4),fb5c3a62-e511-4a4a-8833-ae0501629275,Symo  24.0-3 480 (1),24.0,parsed_from_inverter_name,156.88,month,devwork
2022-09-18,f9342ead-59a2-4c58-b54c-0ae4ab16c9da,Penner Farms - W 1/2 4-9-13 (site 4),addd395f-645e-465c-90bf-ae050162927e,Symo 24.0-3 480 (3),24.0,parsed_from_inverter_name,153.41,month,devwork
2022-09-19,f9342ead-59a2-4c58-b54c-0ae4ab16c9da,Penner Farms - W 1/2 4-9-13 (site 4),fb5c3a62-e511-4a4a-8833-ae0501629275,Symo  24.0-3 480 (1),24.0,parsed_from_inverter_name,126.38,month,devwork
2022-09-19,f9342ead-59a2-4c58-b54c-0ae4ab16c9da,Penner Farms - W 1/2 4-9-13 (site 4),addd395f-645e-465c-90bf-ae050162927e,Symo 24.0-3 480 (3),24.0,parsed_from_inverter_name,124.65,month,devwork
2022-09-20,f9342ead-59a2-4c58-b54c-0ae4ab16c9da,Penner Farms - W 1/2 4-9-13 (site 4),fb5c3a62-e511-4a4a-8833-ae0501629275,Symo  24.0-3 480 (1),24.0,parsed_from_inverter_name,159.58,month,devwork
2022-09-20,f9342ead-59a2-4c58-b54c-0ae4ab16c9da,Penner Farms - W 1/2 4-9-13 (site 4),addd395f-645e-465c-90bf-ae050162927e,Symo 24.0-3 480 (3),24.0,parsed_from_inverter_name,155.95,month,devwork
2022-09-21,f9342ead-59a2-4c58-b54c-0ae4ab16c9da,Penner Farms - W 1/2 4-9-13 (site 4),fb5c3a62-e511-4a4a-8833-ae0501629275,Symo  24.0-3 480 (1),24.0,parsed_from_inverter_name,194.18,month,devwork
2022-09-21,f9342ead-59a2-4c58-b54c-0ae4ab16c9da,Penner Farms - W 1/2 4-9-13 (site 4),addd395f-645e-465c-90bf-ae050162927e,Symo 24.0-3 480 (3),24.0,parsed_from_inverter_name,191.63,month,devwork
2022-09-22,f9342ead-59a2-4c58-b54c-0ae4ab16c9da,Penner Farms - W 1/2 4-9-13 (site 4),fb5c3a62-e511-4a4a-8833-ae0501629275,Symo  24.0-3 480 (1),24.0,parsed_from_inverter_name,42.27,month,devwork
2022-09-22,f9342ead-59a2-4c58-b54c-0ae4ab16c9da,Penner Farms - W 1/2 4-9-13 (site 4),addd395f-645e-465c-90bf-ae050162927e,Symo 24.0-3 480 (3),24.0,parsed_from_inverter_name,41.01,month,devwork
2022-09-23,f9342ead-59a2-4c58-b54c-0ae4ab16c9da,Penner Farms - W 1/2 4-9-13 (site 4),fb5c3a62-e511-4a4a-8833-ae0501629275,Symo  24.0-3 480 (1),24.0,parsed_from_inverter_name,150.36,month,devwork
2022-09-23,f9342ead-59a2-4c58-b54c-0ae4ab16c9da,Penner Farms - W 1/2 4-9-13 (site 4),addd395f-645e-465c-90bf-ae050162927e,Symo 24.0-3 480 (3),24.0,parsed_from_inverter_name,148.07,month,devwork
2022-09-24,f9342ead-59a2-4c58-b54c-0ae4ab16c9da,Penner Farms - W 1/2 4-9-13 (site 4),fb5c3a62-e511-4a4a-8833-ae0501629275,Symo  24.0-3 480 (1),24.0,parsed_from_inverter_name,185.95,month,devwork
2022-09-24,f9342ead-59a2-4c58-b54c-0ae4ab16c9da,Penner Farms - W 1/2 4-9-13 (site 4),addd395f-645e-465c-90bf-ae050162927e,Symo 24.0-3 480 (3),24.0,parsed_from_inverter_name,182.96,month,devwork
2022-09-25,f9342ead-59a2-4c58-b54c-0ae4ab16c9da,Penner Farms - W 1/2 4-9-13 (site 4),fb5c3a62-e511-4a4a-8833-ae0501629275,Symo  24.0-3 480 (1),24.0,parsed_from_inverter_name,181.51,month,devwork
2022-09-25,f9342ead-59a2-4c58-b54c-0ae4ab16c9da,Penner Farms - W 1/2 4-9-13 (site 4),addd395f-645e-465c-90bf-ae050162927e,Symo 24.0-3 480 (3),24.0,parsed_from_inverter_name,178.3,month,devwork
2022-09-26,f9342ead-59a2-4c58-b54c-0ae4ab16c9da,Penner Farms - W 1/2 4-9-13 (site 4),fb5c3a62-e511-4a4a-8833-ae0501629275,Symo  24.0-3 480 (1),24.0,parsed_from_inverter_name,179.48,month,devwork
2022-09-26,f9342ead-59a2-4c58-b54c-0ae4ab16c9da,Penner Farms - W 1/2 4-9-13 (site 4),addd395f-645e-465c-90bf-ae050162927e,Symo 24.0-3 480 (3),24.0,parsed_from_inverter_name,176.46,month,devwork
2022-09-27,f9342ead-59a2-4c58-b54c-0ae4ab16c9da,Penner Farms - W 1/2 4-9-13 (site 4),fb5c3a62-e511-4a4a-8833-ae0501629275,Symo  24.0-3 480 (1),24.0,parsed_from_inverter_name,180.58,month,devwork
2022-09-27,f9342ead-59a2-4c58-b54c-0ae4ab16c9da,Penner Farms - W 1/2 4-9-13 (site 4),addd395f-645e-465c-90bf-ae050162927e,Symo 24.0-3 480 (3),24.0,parsed_from_inverter_name,177.04,month,devwork
2022-09-28,f9342ead-59a2-4c58-b54c-0ae4ab16c9da,Penner Farms - W 1/2 4-9-13 (site 4),fb5c3a62-e511-4a4a-8833-ae0501629275,Symo  24.0-3 480 (1),24.0,parsed_from_inverter_name,158.81,month,devwork
2022-09-28,f9342ead-59a2-4c58-b54c-0ae4ab16c9da,Penner Farms - W 1/2 4-9-13 (site 4),addd395f-645e-465c-90bf-ae050162927e,Symo 24.0-3 480 (3),24.0,parsed_from_inverter_name,157.46,month,devwork
2022-09-29,f9342ead-59a2-4c58-b54c-0ae4ab16c9da,Penner Farms - W 1/2 4-9-13 (site 4),fb5c3a62-e511-4a4a-8833-ae0501629275,Symo  24.0-3 480 (1),24.0,parsed_from_inverter_name,109.32,month,devwork
2022-09-29,f9342ead-59a2-4c58-b54c-0ae4ab16c9da,Penner Farms - W 1/2 4-9-13 (site 4),addd395f-645e-465c-90bf-ae050162927e,Symo 24.0-3 480 (3),24.0,parsed_from_inverter_name,106.88,month,devwork
2022-09-30,f9342ead-59a2-4c58-b54c-0ae4ab16c9da,Penner Farms - W 1/2 4-9-13 (site 4),fb5c3a62-e511-4a4a-8833-ae0501629275,Symo  24.0-3 480 (1),24.0,parsed_from_inverter_name,108.72,month,devwork
2022-09-30,f9342ead-59a2-4c58-b54c-0ae4ab16c9da,Penner Farms - W 1/2 4-9-13 (site 4),addd395f-645e-465c-90bf-ae050162927e,Symo 24.0-3 480 (3),24.0,parsed_from_inverter_name,105.65,month,devwork
2022-10-01,f9342ead-59a2-4c58-b54c-0ae4ab16c9da,Penner Farms - W 1/2 4-9-13 (site 4),fb5c3a62-e511-4a4a-8833-ae0501629275,Symo  24.0-3 480 (1),24.0,parsed_from_inverter_name,176.55,month,devwork
2022-10-01,f9342ead-59a2-4c58-b54c-0ae4ab16c9da,Penner Farms - W 1/2 4-9-13 (site 4),addd395f-645e-465c-90bf-ae050162927e,Symo 24.0-3 480 (3),24.0,parsed_from_inverter_name,173.22,month,devwork
2022-10-02,f9342ead-59a2-4c58-b54c-0ae4ab16c9da,Penner Farms - W 1/2 4-9-13 (site 4),fb5c3a62-e511-4a4a-8833-ae0501629275,Symo  24.0-3 480 (1),24.0,parsed_from_inverter_name,88.75,month,devwork
2022-10-02,f9342ead-59a2-4c58-b54c-0ae4ab16c9da,Penner Farms - W 1/2 4-9-13 (site 4),addd395f-645e-465c-90bf-ae050162927e,Symo 24.0-3 480 (3),24.0,parsed_from_inverter_name,86.35,month,devwork
2022-10-03,f9342ead-59a2-4c58-b54c-0ae4ab16c9da,Penner Farms - W 1/2 4-9-13 (site 4),fb5c3a62-e511-4a4a-8833-ae0501629275,Symo  24.0-3 480 (1),24.0,parsed_from_inverter_name,167.32,month,devwork
2022-10-03,f9342ead-59a2-4c58-b54c-0ae4ab16c9da,Penner Farms - W 1/2 4-9-13 (site 4),addd395f-645e-465c-90bf-ae050162927e,Symo 24.0-3 480 (3),24.0,parsed_from_inverter_name,164.08,month,devwork
2022-10-04,f9342ead-59a2-4c58-b54c-0ae4ab16c9da,Penner Farms - W 1/2 4-9-13 (site 4),fb5c3a62-e511-4a4a-8833-ae0501629275,Symo  24.0-3 480 (1),24.0,parsed_from_inverter_name,174.33,month,devwork
2022-10-04,f9342ead-59a2-4c58-b54c-0ae4ab16c9da,Penner Farms - W 1/2 4-9-13 (site 4),addd395f-645e-465c-90bf-ae050162927e,Symo 24.0-3 480 (3),24.0,parsed_from_inverter_name,171.16,month,devwork
2022-10-05,f9342ead-59a2-4c58-b54c-0ae4ab16c9da,Penner Farms - W 1/2 4-9-13 (site 4),fb5c3a62-e511-4a4a-8833-ae0501629275,Symo  24.0-3 480 (1),24.0,parsed_from_inverter_name,157.05,month,devwork
2022-10-05,f9342ead-59a2-4c58-b54c-0ae4ab16c9da,Penner Farms - W 1/2 4-9-13 (site 4),addd395f-645e-465c-90bf-ae050162927e,Symo 24.0-3 480 (3),24.0,parsed_from_inverter_name,153.76,month,devwork
2022-10-06,f9342ead-59a2-4c58-b54c-0ae4ab16c9da,Penner Farms - W 1/2 4-9-13 (site 4),fb5c3a62-e511-4a4a-8833-ae0501629275,Symo  24.0-3 480 (1),24.0,parsed_from_inverter_name,158.36,month,devwork
2022-10-06,f9342ead-59a2-4c58-b54c-0ae4ab16c9da,Penner Farms - W 1/2 4-9-13 (site 4),addd395f-645e-465c-90bf-ae050162927e,Symo 24.0-3 480 (3),24.0,parsed_from_inverter_name,155.57,month,devwork
2022-10-07,f9342ead-59a2-4c58-b54c-0ae4ab16c9da,Penner Farms - W 1/2 4-9-13 (site 4),fb5c3a62-e511-4a4a-8833-ae0501629275,Symo  24.0-3 480 (1),24.0,parsed_from_inverter_name,172.44,month,devwork
2022-10-07,f9342ead-59a2-4c58-b54c-0ae4ab16c9da,Penner Farms - W 1/2 4-9-13 (site 4),addd395f-645e-465c-90bf-ae050162927e,Symo 24.0-3 480 (3),24.0,parsed_from_inverter_name,169.11,month,devwork
2022-10-08,f9342ead-59a2-4c58-b54c-0ae4ab16c9da,Penner Farms - W 1/2 4-9-13 (site 4),fb5c3a62-e511-4a4a-8833-ae0501629275,Symo  24.0-3 480 (1),24.0,parsed_from_inverter_name,174.9,month,devwork
2022-10-08,f9342ead-59a2-4c58-b54c-0ae4ab16c9da,Penner Farms - W 1/2 4-9-13 (site 4),addd395f-645e-465c-90bf-ae050162927e,Symo 24.0-3 480 (3),24.0,parsed_from_inverter_name,172.12,month,devwork
2022-10-09,f9342ead-59a2-4c58-b54c-0ae4ab16c9da,Penner Farms - W 1/2 4-9-13 (site 4),fb5c3a62-e511-4a4a-8833-ae0501629275,Symo  24.0-3 480 (1),24.0,parsed_from_inverter_name,160.58,month,devwork
2022-10-09,f9342ead-59a2-4c58-b54c-0ae4ab16c9da,Penner Farms - W 1/2 4-9-13 (site 4),addd395f-645e-465c-90bf-ae050162927e,Symo 24.0-3 480 (3),24.0,parsed_from_inverter_name,157.08,month,devwork
2022-10-10,f9342ead-59a2-4c58-b54c-0ae4ab16c9da,Penner Farms - W 1/2 4-9-13 (site 4),fb5c3a62-e511-4a4a-8833-ae0501629275,Symo  24.0-3 480 (1),24.0,parsed_from_inverter_name,122.21,month,devwork
2022-10-10,f9342ead-59a2-4c58-b54c-0ae4ab16c9da,Penner Farms - W 1/2 4-9-13 (site 4),addd395f-645e-465c-90bf-ae050162927e,Symo 24.0-3 480 (3),24.0,parsed_from_inverter_name,119.44,month,devwork
2022-10-11,f9342ead-59a2-4c58-b54c-0ae4ab16c9da,Penner Farms - W 1/2 4-9-13 (site 4),fb5c3a62-e511-4a4a-8833-ae0501629275,Symo  24.0-3 480 (1),24.0,parsed_from_inverter_name,137.89,month,devwork
2022-10-11,f9342ead-59a2-4c58-b54c-0ae4ab16c9da,Penner Farms - W 1/2 4-9-13 (site 4),addd395f-645e-465c-90bf-ae050162927e,Symo 24.0-3 480 (3),24.0,parsed_from_inverter_name,135.73,month,devwork
2022-10-12,f9342ead-59a2-4c58-b54c-0ae4ab16c9da,Penner Farms - W 1/2 4-9-13 (site 4),fb5c3a62-e511-4a4a-8833-ae0501629275,Symo  24.0-3 480 (1),24.0,parsed_from_inverter_name,123.03,month,devwork
2022-10-12,f9342ead-59a2-4c58-b54c-0ae4ab16c9da,Penner Farms - W 1/2 4-9-13 (site 4),addd395f-645e-465c-90bf-ae050162927e,Symo 24.0-3 480 (3),24.0,parsed_from_inverter_name,120.59,month,devwork
2022-10-13,f9342ead-59a2-4c58-b54c-0ae4ab16c9da,Penner Farms - W 1/2 4-9-13 (site 4),fb5c3a62-e511-4a4a-8833-ae0501629275,Symo  24.0-3 480 (1),24.0,parsed_from_inverter_name,171.05,month,devwork
2022-10-13,f9342ead-59a2-4c58-b54c-0ae4ab16c9da,Penner Farms - W 1/2 4-9-13 (site 4),addd395f-645e-465c-90bf-ae050162927e,Symo 24.0-3 480 (3),24.0,parsed_from_inverter_name,168.06,month,devwork
2022-10-14,f9342ead-59a2-4c58-b54c-0ae4ab16c9da,Penner Farms - W 1/2 4-9-13 (site 4),fb5c3a62-e511-4a4a-8833-ae0501629275,Symo  24.0-3 480 (1),24.0,parsed_from_inverter_name,80.4,month,devwork
2022-10-14,f9342ead-59a2-4c58-b54c-0ae4ab16c9da,Penner Farms - W 1/2 4-9-13 (site 4),addd395f-645e-465c-90bf-ae050162927e,Symo 24.0-3 480 (3),24.0,parsed_from_inverter_name,78.15,month,devwork
2022-10-15,f9342ead-59a2-4c58-b54c-0ae4ab16c9da,Penner Farms - W 1/2 4-9-13 (site 4),fb5c3a62-e511-4a4a-8833-ae0501629275,Symo  24.0-3 480 (1),24.0,parsed_from_inverter_name,163.34,month,devwork
2022-10-15,f9342ead-59a2-4c58-b54c-0ae4ab16c9da,Penner Farms - W 1/2 4-9-13 (site 4),addd395f-645e-465c-90bf-ae050162927e,Symo 24.0-3 480 (3),24.0,parsed_from_inverter_name,162.02,month,devwork
2022-10-16,f9342ead-59a2-4c58-b54c-0ae4ab16c9da,Penner Farms - W 1/2 4-9-13 (site 4),fb5c3a62-e511-4a4a-8833-ae0501629275,Symo  24.0-3 480 (1),24.0,parsed_from_inverter_name,167.34,month,devwork
2022-10-16,f9342ead-59a2-4c58-b54c-0ae4ab16c9da,Penner Farms - W 1/2 4-9-13 (site 4),addd395f-645e-465c-90bf-ae050162927e,Symo 24.0-3 480 (3),24.0,parsed_from_inverter_name,164.99,month,devwork
2022-10-17,f9342ead-59a2-4c58-b54c-0ae4ab16c9da,Penner Farms - W 1/2 4-9-13 (site 4),fb5c3a62-e511-4a4a-8833-ae0501629275,Symo  24.0-3 480 (1),24.0,parsed_from_inverter_name,169.91,month,devwork
2022-10-17,f9342ead-59a2-4c58-b54c-0ae4ab16c9da,Penner Farms - W 1/2 4-9-13 (site 4),addd395f-645e-465c-90bf-ae050162927e,Symo 24.0-3 480 (3),24.0,parsed_from_inverter_name,166.75,month,devwork
2022-10-18,f9342ead-59a2-4c58-b54c-0ae4ab16c9da,Penner Farms - W 1/2 4-9-13 (site 4),fb5c3a62-e511-4a4a-8833-ae0501629275,Symo  24.0-3 480 (1),24.0,parsed_from_inverter_name,159.01,month,devwork
2022-10-18,f9342ead-59a2-4c58-b54c-0ae4ab16c9da,Penner Farms - W 1/2 4-9-13 (site 4),addd395f-645e-465c-90bf-ae050162927e,Symo 24.0-3 480 (3),24.0,parsed_from_inverter_name,155.56,month,devwork
2022-10-19,f9342ead-59a2-4c58-b54c-0ae4ab16c9da,Penner Farms - W 1/2 4-9-13 (site 4),fb5c3a62-e511-4a4a-8833-ae0501629275,Symo  24.0-3 480 (1),24.0,parsed_from_inverter_name,151.69,month,devwork
2022-10-19,f9342ead-59a2-4c58-b54c-0ae4ab16c9da,Penner Farms - W 1/2 4-9-13 (site 4),addd395f-645e-465c-90bf-ae050162927e,Symo 24.0-3 480 (3),24.0,parsed_from_inverter_name,147.72,month,devwork
2022-10-20,f9342ead-59a2-4c58-b54c-0ae4ab16c9da,Penner Farms - W 1/2 4-9-13 (site 4),fb5c3a62-e511-4a4a-8833-ae0501629275,Symo  24.0-3 480 (1),24.0,parsed_from_inverter_name,75.26,month,devwork
2022-10-20,f9342ead-59a2-4c58-b54c-0ae4ab16c9da,Penner Farms - W 1/2 4-9-13 (site 4),addd395f-645e-465c-90bf-ae050162927e,Symo 24.0-3 480 (3),24.0,parsed_from_inverter_name,73.0,month,devwork
2022-10-21,f9342ead-59a2-4c58-b54c-0ae4ab16c9da,Penner Farms - W 1/2 4-9-13 (site 4),fb5c3a62-e511-4a4a-8833-ae0501629275,Symo  24.0-3 480 (1),24.0,parsed_from_inverter_name,23.13,month,devwork
2022-10-21,f9342ead-59a2-4c58-b54c-0ae4ab16c9da,Penner Farms - W 1/2 4-9-13 (site 4),addd395f-645e-465c-90bf-ae050162927e,Symo 24.0-3 480 (3),24.0,parsed_from_inverter_name,22.43,month,devwork
2022-10-22,f9342ead-59a2-4c58-b54c-0ae4ab16c9da,Penner Farms - W 1/2 4-9-13 (site 4),fb5c3a62-e511-4a4a-8833-ae0501629275,Symo  24.0-3 480 (1),24.0,parsed_from_inverter_name,13.56,month,devwork
2022-10-22,f9342ead-59a2-4c58-b54c-0ae4ab16c9da,Penner Farms - W 1/2 4-9-13 (site 4),addd395f-645e-465c-90bf-ae050162927e,Symo 24.0-3 480 (3),24.0,parsed_from_inverter_name,13.1,month,devwork
2022-10-23,f9342ead-59a2-4c58-b54c-0ae4ab16c9da,Penner Farms - W 1/2 4-9-13 (site 4),fb5c3a62-e511-4a4a-8833-ae0501629275,Symo  24.0-3 480 (1),24.0,parsed_from_inverter_name,24.56,month,devwork
2022-10-23,f9342ead-59a2-4c58-b54c-0ae4ab16c9da,Penner Farms - W 1/2 4-9-13 (site 4),addd395f-645e-465c-90bf-ae050162927e,Symo 24.0-3 480 (3),24.0,parsed_from_inverter_name,25.17,month,devwork
2022-10-24,f9342ead-59a2-4c58-b54c-0ae4ab16c9da,Penner Farms - W 1/2 4-9-13 (site 4),fb5c3a62-e511-4a4a-8833-ae0501629275,Symo  24.0-3 480 (1),24.0,parsed_from_inverter_name,153.6,month,devwork
2022-10-24,f9342ead-59a2-4c58-b54c-0ae4ab16c9da,Penner Farms - W 1/2 4-9-13 (site 4),addd395f-645e-465c-90bf-ae050162927e,Symo 24.0-3 480 (3),24.0,parsed_from_inverter_name,149.71,month,devwork
2022-10-25,f9342ead-59a2-4c58-b54c-0ae4ab16c9da,Penner Farms - W 1/2 4-9-13 (site 4),fb5c3a62-e511-4a4a-8833-ae0501629275,Symo  24.0-3 480 (1),24.0,parsed_from_inverter_name,89.07,month,devwork
2022-10-25,f9342ead-59a2-4c58-b54c-0ae4ab16c9da,Penner Farms - W 1/2 4-9-13 (site 4),addd395f-645e-465c-90bf-ae050162927e,Symo 24.0-3 480 (3),24.0,parsed_from_inverter_name,86.53,month,devwork
2022-10-26,f9342ead-59a2-4c58-b54c-0ae4ab16c9da,Penner Farms - W 1/2 4-9-13 (site 4),fb5c3a62-e511-4a4a-8833-ae0501629275,Symo  24.0-3 480 (1),24.0,parsed_from_inverter_name,167.18,month,devwork
2022-10-26,f9342ead-59a2-4c58-b54c-0ae4ab16c9da,Penner Farms - W 1/2 4-9-13 (site 4),addd395f-645e-465c-90bf-ae050162927e,Symo 24.0-3 480 (3),24.0,parsed_from_inverter_name,163.94,month,devwork
2022-10-27,f9342ead-59a2-4c58-b54c-0ae4ab16c9da,Penner Farms - W 1/2 4-9-13 (site 4),fb5c3a62-e511-4a4a-8833-ae0501629275,Symo  24.0-3 480 (1),24.0,parsed_from_inverter_name,69.7,month,devwork
2022-10-27,f9342ead-59a2-4c58-b54c-0ae4ab16c9da,Penner Farms - W 1/2 4-9-13 (site 4),addd395f-645e-465c-90bf-ae050162927e,Symo 24.0-3 480 (3),24.0,parsed_from_inverter_name,66.73,month,devwork
2022-10-28,f9342ead-59a2-4c58-b54c-0ae4ab16c9da,Penner Farms - W 1/2 4-9-13 (site 4),fb5c3a62-e511-4a4a-8833-ae0501629275,Symo  24.0-3 480 (1),24.0,parsed_from_inverter_name,30.74,month,devwork
2022-10-28,f9342ead-59a2-4c58-b54c-0ae4ab16c9da,Penner Farms - W 1/2 4-9-13 (site 4),addd395f-645e-465c-90bf-ae050162927e,Symo 24.0-3 480 (3),24.0,parsed_from_inverter_name,29.17,month,devwork
2022-10-29,f9342ead-59a2-4c58-b54c-0ae4ab16c9da,Penner Farms - W 1/2 4-9-13 (site 4),fb5c3a62-e511-4a4a-8833-ae0501629275,Symo  24.0-3 480 (1),24.0,parsed_from_inverter_name,155.47,month,devwork
2022-10-29,f9342ead-59a2-4c58-b54c-0ae4ab16c9da,Penner Farms - W 1/2 4-9-13 (site 4),addd395f-645e-465c-90bf-ae050162927e,Symo 24.0-3 480 (3),24.0,parsed_from_inverter_name,152.08,month,devwork
2022-10-30,f9342ead-59a2-4c58-b54c-0ae4ab16c9da,Penner Farms - W 1/2 4-9-13 (site 4),fb5c3a62-e511-4a4a-8833-ae0501629275,Symo  24.0-3 480 (1),24.0,parsed_from_inverter_name,35.02,month,devwork
2022-10-30,f9342ead-59a2-4c58-b54c-0ae4ab16c9da,Penner Farms - W 1/2 4-9-13 (site 4),addd395f-645e-465c-90bf-ae050162927e,Symo 24.0-3 480 (3),24.0,parsed_from_inverter_name,33.78,month,devwork
2022-10-31,f9342ead-59a2-4c58-b54c-0ae4ab16c9da,Penner Farms - W 1/2 4-9-13 (site 4),fb5c3a62-e511-4a4a-8833-ae0501629275,Symo  24.0-3 480 (1),24.0,parsed_from_inverter_name,87.19,month,devwork
2022-10-31,f9342ead-59a2-4c58-b54c-0ae4ab16c9da,Penner Farms - W 1/2 4-9-13 (site 4),addd395f-645e-465c-90bf-ae050162927e,Symo 24.0-3 480 (3),24.0,parsed_from_inverter_name,84.37,month,devwork
2022-11-01,f9342ead-59a2-4c58-b54c-0ae4ab16c9da,Penner Farms - W 1/2 4-9-13 (site 4),fb5c3a62-e511-4a4a-8833-ae0501629275,Symo  24.0-3 480 (1),24.0,parsed_from_inverter_name,27.46,month,devwork
2022-11-01,f9342ead-59a2-4c58-b54c-0ae4ab16c9da,Penner Farms - W 1/2 4-9-13 (site 4),addd395f-645e-465c-90bf-ae050162927e,Symo 24.0-3 480 (3),24.0,parsed_from_inverter_name,26.45,month,devwork
2022-11-02,f9342ead-59a2-4c58-b54c-0ae4ab16c9da,Penner Farms - W 1/2 4-9-13 (site 4),fb5c3a62-e511-4a4a-8833-ae0501629275,Symo  24.0-3 480 (1),24.0,parsed_from_inverter_name,40.44,month,devwork
2022-11-02,f9342ead-59a2-4c58-b54c-0ae4ab16c9da,Penner Farms - W 1/2 4-9-13 (site 4),addd395f-645e-465c-90bf-ae050162927e,Symo 24.0-3 480 (3),24.0,parsed_from_inverter_name,34.88,month,devwork
2022-11-03,f9342ead-59a2-4c58-b54c-0ae4ab16c9da,Penner Farms - W 1/2 4-9-13 (site 4),fb5c3a62-e511-4a4a-8833-ae0501629275,Symo  24.0-3 480 (1),24.0,parsed_from_inverter_name,154.94,month,devwork
2022-11-03,f9342ead-59a2-4c58-b54c-0ae4ab16c9da,Penner Farms - W 1/2 4-9-13 (site 4),addd395f-645e-465c-90bf-ae050162927e,Symo 24.0-3 480 (3),24.0,parsed_from_inverter_name,147.55,month,devwork
2022-11-04,f9342ead-59a2-4c58-b54c-0ae4ab16c9da,Penner Farms - W 1/2 4-9-13 (site 4),fb5c3a62-e511-4a4a-8833-ae0501629275,Symo  24.0-3 480 (1),24.0,parsed_from_inverter_name,130.93,month,devwork
2022-11-04,f9342ead-59a2-4c58-b54c-0ae4ab16c9da,Penner Farms - W 1/2 4-9-13 (site 4),addd395f-645e-465c-90bf-ae050162927e,Symo 24.0-3 480 (3),24.0,parsed_from_inverter_name,127.65,month,devwork
2022-11-05,f9342ead-59a2-4c58-b54c-0ae4ab16c9da,Penner Farms - W 1/2 4-9-13 (site 4),fb5c3a62-e511-4a4a-8833-ae0501629275,Symo  24.0-3 480 (1),24.0,parsed_from_inverter_name,21.67,month,devwork
2022-11-05,f9342ead-59a2-4c58-b54c-0ae4ab16c9da,Penner Farms - W 1/2 4-9-13 (site 4),addd395f-645e-465c-90bf-ae050162927e,Symo 24.0-3 480 (3),24.0,parsed_from_inverter_name,20.63,month,devwork
2022-11-06,f9342ead-59a2-4c58-b54c-0ae4ab16c9da,Penner Farms - W 1/2 4-9-13 (site 4),fb5c3a62-e511-4a4a-8833-ae0501629275,Symo  24.0-3 480 (1),24.0,parsed_from_inverter_name,69.18,month,devwork
2022-11-06,f9342ead-59a2-4c58-b54c-0ae4ab16c9da,Penner Farms - W 1/2 4-9-13 (site 4),addd395f-645e-465c-90bf-ae050162927e,Symo 24.0-3 480 (3),24.0,parsed_from_inverter_name,60.45,month,devwork
2022-11-07,f9342ead-59a2-4c58-b54c-0ae4ab16c9da,Penner Farms - W 1/2 4-9-13 (site 4),fb5c3a62-e511-4a4a-8833-ae0501629275,Symo  24.0-3 480 (1),24.0,parsed_from_inverter_name,45.42,month,devwork
2022-11-07,f9342ead-59a2-4c58-b54c-0ae4ab16c9da,Penner Farms - W 1/2 4-9-13 (site 4),addd395f-645e-465c-90bf-ae050162927e,Symo 24.0-3 480 (3),24.0,parsed_from_inverter_name,39.66,month,devwork
2022-11-08,f9342ead-59a2-4c58-b54c-0ae4ab16c9da,Penner Farms - W 1/2 4-9-13 (site 4),fb5c3a62-e511-4a4a-8833-ae0501629275,Symo  24.0-3 480 (1),24.0,parsed_from_inverter_name,24.53,month,devwork
2022-11-08,f9342ead-59a2-4c58-b54c-0ae4ab16c9da,Penner Farms - W 1/2 4-9-13 (site 4),addd395f-645e-465c-90bf-ae050162927e,Symo 24.0-3 480 (3),24.0,parsed_from_inverter_name,23.2,month,devwork
2022-11-09,f9342ead-59a2-4c58-b54c-0ae4ab16c9da,Penner Farms - W 1/2 4-9-13 (site 4),fb5c3a62-e511-4a4a-8833-ae0501629275,Symo  24.0-3 480 (1),24.0,parsed_from_inverter_name,14.16,month,devwork
2022-11-09,f9342ead-59a2-4c58-b54c-0ae4ab16c9da,Penner Farms - W 1/2 4-9-13 (site 4),addd395f-645e-465c-90bf-ae050162927e,Symo 24.0-3 480 (3),24.0,parsed_from_inverter_name,15.12,month,devwork
2022-11-10,f9342ead-59a2-4c58-b54c-0ae4ab16c9da,Penner Farms - W 1/2 4-9-13 (site 4),fb5c3a62-e511-4a4a-8833-ae0501629275,Symo  24.0-3 480 (1),24.0,parsed_from_inverter_name,54.1,month,devwork
2022-11-10,f9342ead-59a2-4c58-b54c-0ae4ab16c9da,Penner Farms - W 1/2 4-9-13 (site 4),addd395f-645e-465c-90bf-ae050162927e,Symo 24.0-3 480 (3),24.0,parsed_from_inverter_name,54.34,month,devwork
2022-11-11,f9342ead-59a2-4c58-b54c-0ae4ab16c9da,Penner Farms - W 1/2 4-9-13 (site 4),fb5c3a62-e511-4a4a-8833-ae0501629275,Symo  24.0-3 480 (1),24.0,parsed_from_inverter_name,124.5,month,devwork
2022-11-11,f9342ead-59a2-4c58-b54c-0ae4ab16c9da,Penner Farms - W 1/2 4-9-13 (site 4),addd395f-645e-465c-90bf-ae050162927e,Symo 24.0-3 480 (3),24.0,parsed_from_inverter_name,133.25,month,devwork
2022-11-12,f9342ead-59a2-4c58-b54c-0ae4ab16c9da,Penner Farms - W 1/2 4-9-13 (site 4),fb5c3a62-e511-4a4a-8833-ae0501629275,Symo  24.0-3 480 (1),24.0,parsed_from_inverter_name,88.52,month,devwork
2022-11-12,f9342ead-59a2-4c58-b54c-0ae4ab16c9da,Penner Farms - W 1/2 4-9-13 (site 4),addd395f-645e-465c-90bf-ae050162927e,Symo 24.0-3 480 (3),24.0,parsed_from_inverter_name,84.41,month,devwork
2022-11-13,f9342ead-59a2-4c58-b54c-0ae4ab16c9da,Penner Farms - W 1/2 4-9-13 (site 4),fb5c3a62-e511-4a4a-8833-ae0501629275,Symo  24.0-3 480 (1),24.0,parsed_from_inverter_name,109.25,month,devwork
2022-11-13,f9342ead-59a2-4c58-b54c-0ae4ab16c9da,Penner Farms - W 1/2 4-9-13 (site 4),addd395f-645e-465c-90bf-ae050162927e,Symo 24.0-3 480 (3),24.0,parsed_from_inverter_name,104.79,month,devwork
2022-11-14,f9342ead-59a2-4c58-b54c-0ae4ab16c9da,Penner Farms - W 1/2 4-9-13 (site 4),fb5c3a62-e511-4a4a-8833-ae0501629275,Symo  24.0-3 480 (1),24.0,parsed_from_inverter_name,144.07,month,devwork
2022-11-14,f9342ead-59a2-4c58-b54c-0ae4ab16c9da,Penner Farms - W 1/2 4-9-13 (site 4),addd395f-645e-465c-90bf-ae050162927e,Symo 24.0-3 480 (3),24.0,parsed_from_inverter_name,138.82,month,devwork
2022-11-15,f9342ead-59a2-4c58-b54c-0ae4ab16c9da,Penner Farms - W 1/2 4-9-13 (site 4),fb5c3a62-e511-4a4a-8833-ae0501629275,Symo  24.0-3 480 (1),24.0,parsed_from_inverter_name,83.29,month,devwork
2022-11-15,f9342ead-59a2-4c58-b54c-0ae4ab16c9da,Penner Farms - W 1/2 4-9-13 (site 4),addd395f-645e-465c-90bf-ae050162927e,Symo 24.0-3 480 (3),24.0,parsed_from_inverter_name,78.32,month,devwork
2022-11-16,f9342ead-59a2-4c58-b54c-0ae4ab16c9da,Penner Farms - W 1/2 4-9-13 (site 4),fb5c3a62-e511-4a4a-8833-ae0501629275,Symo  24.0-3 480 (1),24.0,parsed_from_inverter_name,42.91,month,devwork
2022-11-16,f9342ead-59a2-4c58-b54c-0ae4ab16c9da,Penner Farms - W 1/2 4-9-13 (site 4),addd395f-645e-465c-90bf-ae050162927e,Symo 24.0-3 480 (3),24.0,parsed_from_inverter_name,41.01,month,devwork
2022-11-17,f9342ead-59a2-4c58-b54c-0ae4ab16c9da,Penner Farms - W 1/2 4-9-13 (site 4),fb5c3a62-e511-4a4a-8833-ae0501629275,Symo  24.0-3 480 (1),24.0,parsed_from_inverter_name,138.26,month,devwork
2022-11-17,f9342ead-59a2-4c58-b54c-0ae4ab16c9da,Penner Farms - W 1/2 4-9-13 (site 4),addd395f-645e-465c-90bf-ae050162927e,Symo 24.0-3 480 (3),24.0,parsed_from_inverter_name,127.75,month,devwork
2022-11-18,f9342ead-59a2-4c58-b54c-0ae4ab16c9da,Penner Farms - W 1/2 4-9-13 (site 4),fb5c3a62-e511-4a4a-8833-ae0501629275,Symo  24.0-3 480 (1),24.0,parsed_from_inverter_name,153.64,month,devwork
2022-11-18,f9342ead-59a2-4c58-b54c-0ae4ab16c9da,Penner Farms - W 1/2 4-9-13 (site 4),addd395f-645e-465c-90bf-ae050162927e,Symo 24.0-3 480 (3),24.0,parsed_from_inverter_name,147.2,month,devwork
2022-11-19,f9342ead-59a2-4c58-b54c-0ae4ab16c9da,Penner Farms - W 1/2 4-9-13 (site 4),fb5c3a62-e511-4a4a-8833-ae0501629275,Symo  24.0-3 480 (1),24.0,parsed_from_inverter_name,137.85,month,devwork
2022-11-19,f9342ead-59a2-4c58-b54c-0ae4ab16c9da,Penner Farms - W 1/2 4-9-13 (site 4),addd395f-645e-465c-90bf-ae050162927e,Symo 24.0-3 480 (3),24.0,parsed_from_inverter_name,132.03,month,devwork
2022-11-20,f9342ead-59a2-4c58-b54c-0ae4ab16c9da,Penner Farms - W 1/2 4-9-13 (site 4),fb5c3a62-e511-4a4a-8833-ae0501629275,Symo  24.0-3 480 (1),24.0,parsed_from_inverter_name,70.32,month,devwork
2022-11-20,f9342ead-59a2-4c58-b54c-0ae4ab16c9da,Penner Farms - W 1/2 4-9-13 (site 4),addd395f-645e-465c-90bf-ae050162927e,Symo 24.0-3 480 (3),24.0,parsed_from_inverter_name,66.63,month,devwork
2022-11-21,f9342ead-59a2-4c58-b54c-0ae4ab16c9da,Penner Farms - W 1/2 4-9-13 (site 4),fb5c3a62-e511-4a4a-8833-ae0501629275,Symo  24.0-3 480 (1),24.0,parsed_from_inverter_name,125.22,month,devwork
2022-11-21,f9342ead-59a2-4c58-b54c-0ae4ab16c9da,Penner Farms - W 1/2 4-9-13 (site 4),addd395f-645e-465c-90bf-ae050162927e,Symo 24.0-3 480 (3),24.0,parsed_from_inverter_name,119.15,month,devwork
2022-11-22,f9342ead-59a2-4c58-b54c-0ae4ab16c9da,Penner Farms - W 1/2 4-9-13 (site 4),fb5c3a62-e511-4a4a-8833-ae0501629275,Symo  24.0-3 480 (1),24.0,parsed_from_inverter_name,76.93,month,devwork
2022-11-22,f9342ead-59a2-4c58-b54c-0ae4ab16c9da,Penner Farms - W 1/2 4-9-13 (site 4),addd395f-645e-465c-90bf-ae050162927e,Symo 24.0-3 480 (3),24.0,parsed_from_inverter_name,74.01,month,devwork
2022-11-23,f9342ead-59a2-4c58-b54c-0ae4ab16c9da,Penner Farms - W 1/2 4-9-13 (site 4),fb5c3a62-e511-4a4a-8833-ae0501629275,Symo  24.0-3 480 (1),24.0,parsed_from_inverter_name,102.34,month,devwork
2022-11-23,f9342ead-59a2-4c58-b54c-0ae4ab16c9da,Penner Farms - W 1/2 4-9-13 (site 4),addd395f-645e-465c-90bf-ae050162927e,Symo 24.0-3 480 (3),24.0,parsed_from_inverter_name,96.72,month,devwork
2022-11-24,f9342ead-59a2-4c58-b54c-0ae4ab16c9da,Penner Farms - W 1/2 4-9-13 (site 4),fb5c3a62-e511-4a4a-8833-ae0501629275,Symo  24.0-3 480 (1),24.0,parsed_from_inverter_name,23.44,month,devwork
2022-11-24,f9342ead-59a2-4c58-b54c-0ae4ab16c9da,Penner Farms - W 1/2 4-9-13 (site 4),addd395f-645e-465c-90bf-ae050162927e,Symo 24.0-3 480 (3),24.0,parsed_from_inverter_name,22.12,month,devwork
2022-11-25,f9342ead-59a2-4c58-b54c-0ae4ab16c9da,Penner Farms - W 1/2 4-9-13 (site 4),fb5c3a62-e511-4a4a-8833-ae0501629275,Symo  24.0-3 480 (1),24.0,parsed_from_inverter_name,37.91,month,devwork
2022-11-25,f9342ead-59a2-4c58-b54c-0ae4ab16c9da,Penner Farms - W 1/2 4-9-13 (site 4),addd395f-645e-465c-90bf-ae050162927e,Symo 24.0-3 480 (3),24.0,parsed_from_inverter_name,36.17,month,devwork
2022-11-26,f9342ead-59a2-4c58-b54c-0ae4ab16c9da,Penner Farms - W 1/2 4-9-13 (site 4),fb5c3a62-e511-4a4a-8833-ae0501629275,Symo  24.0-3 480 (1),24.0,parsed_from_inverter_name,113.34,month,devwork
2022-11-26,f9342ead-59a2-4c58-b54c-0ae4ab16c9da,Penner Farms - W 1/2 4-9-13 (site 4),addd395f-645e-465c-90bf-ae050162927e,Symo 24.0-3 480 (3),24.0,parsed_from_inverter_name,107.67,month,devwork
2022-11-27,f9342ead-59a2-4c58-b54c-0ae4ab16c9da,Penner Farms - W 1/2 4-9-13 (site 4),fb5c3a62-e511-4a4a-8833-ae0501629275,Symo  24.0-3 480 (1),24.0,parsed_from_inverter_name,15.37,month,devwork
2022-11-27,f9342ead-59a2-4c58-b54c-0ae4ab16c9da,Penner Farms - W 1/2 4-9-13 (site 4),addd395f-645e-465c-90bf-ae050162927e,Symo 24.0-3 480 (3),24.0,parsed_from_inverter_name,14.53,month,devwork
2022-11-28,f9342ead-59a2-4c58-b54c-0ae4ab16c9da,Penner Farms - W 1/2 4-9-13 (site 4),fb5c3a62-e511-4a4a-8833-ae0501629275,Symo  24.0-3 480 (1),24.0,parsed_from_inverter_name,32.21,month,devwork
2022-11-28,f9342ead-59a2-4c58-b54c-0ae4ab16c9da,Penner Farms - W 1/2 4-9-13 (site 4),addd395f-645e-465c-90bf-ae050162927e,Symo 24.0-3 480 (3),24.0,parsed_from_inverter_name,27.26,month,devwork
2022-11-29,f9342ead-59a2-4c58-b54c-0ae4ab16c9da,Penner Farms - W 1/2 4-9-13 (site 4),fb5c3a62-e511-4a4a-8833-ae0501629275,Symo  24.0-3 480 (1),24.0,parsed_from_inverter_name,93.44,month,devwork
2022-11-29,f9342ead-59a2-4c58-b54c-0ae4ab16c9da,Penner Farms - W 1/2 4-9-13 (site 4),addd395f-645e-465c-90bf-ae050162927e,Symo 24.0-3 480 (3),24.0,parsed_from_inverter_name,80.83,month,devwork
2022-11-30,f9342ead-59a2-4c58-b54c-0ae4ab16c9da,Penner Farms - W 1/2 4-9-13 (site 4),fb5c3a62-e511-4a4a-8833-ae0501629275,Symo  24.0-3 480 (1),24.0,parsed_from_inverter_name,23.18,month,devwork
2022-11-30,f9342ead-59a2-4c58-b54c-0ae4ab16c9da,Penner Farms - W 1/2 4-9-13 (site 4),addd395f-645e-465c-90bf-ae050162927e,Symo 24.0-3 480 (3),24.0,parsed_from_inverter_name,20.86,month,devwork
2022-12-01,f9342ead-59a2-4c58-b54c-0ae4ab16c9da,Penner Farms - W 1/2 4-9-13 (site 4),fb5c3a62-e511-4a4a-8833-ae0501629275,Symo  24.0-3 480 (1),24.0,parsed_from_inverter_name,28.19,month,devwork
2022-12-01,f9342ead-59a2-4c58-b54c-0ae4ab16c9da,Penner Farms - W 1/2 4-9-13 (site 4),addd395f-645e-465c-90bf-ae050162927e,Symo 24.0-3 480 (3),24.0,parsed_from_inverter_name,24.57,month,devwork
2022-12-02,f9342ead-59a2-4c58-b54c-0ae4ab16c9da,Penner Farms - W 1/2 4-9-13 (site 4),fb5c3a62-e511-4a4a-8833-ae0501629275,Symo  24.0-3 480 (1),24.0,parsed_from_inverter_name,104.33,month,devwork
2022-12-02,f9342ead-59a2-4c58-b54c-0ae4ab16c9da,Penner Farms - W 1/2 4-9-13 (site 4),addd395f-645e-465c-90bf-ae050162927e,Symo 24.0-3 480 (3),24.0,parsed_from_inverter_name,86.75,month,devwork
2022-12-03,f9342ead-59a2-4c58-b54c-0ae4ab16c9da,Penner Farms - W 1/2 4-9-13 (site 4),fb5c3a62-e511-4a4a-8833-ae0501629275,Symo  24.0-3 480 (1),24.0,parsed_from_inverter_name,135.85,month,devwork
2022-12-03,f9342ead-59a2-4c58-b54c-0ae4ab16c9da,Penner Farms - W 1/2 4-9-13 (site 4),addd395f-645e-465c-90bf-ae050162927e,Symo 24.0-3 480 (3),24.0,parsed_from_inverter_name,122.93,month,devwork
2022-12-04,f9342ead-59a2-4c58-b54c-0ae4ab16c9da,Penner Farms - W 1/2 4-9-13 (site 4),fb5c3a62-e511-4a4a-8833-ae0501629275,Symo  24.0-3 480 (1),24.0,parsed_from_inverter_name,122.64,month,devwork
2022-12-04,f9342ead-59a2-4c58-b54c-0ae4ab16c9da,Penner Farms - W 1/2 4-9-13 (site 4),addd395f-645e-465c-90bf-ae050162927e,Symo 24.0-3 480 (3),24.0,parsed_from_inverter_name,115.13,month,devwork
2022-12-05,f9342ead-59a2-4c58-b54c-0ae4ab16c9da,Penner Farms - W 1/2 4-9-13 (site 4),fb5c3a62-e511-4a4a-8833-ae0501629275,Symo  24.0-3 480 (1),24.0,parsed_from_inverter_name,13.07,month,devwork
2022-12-05,f9342ead-59a2-4c58-b54c-0ae4ab16c9da,Penner Farms - W 1/2 4-9-13 (site 4),addd395f-645e-465c-90bf-ae050162927e,Symo 24.0-3 480 (3),24.0,parsed_from_inverter_name,14.79,month,devwork
2022-12-06,f9342ead-59a2-4c58-b54c-0ae4ab16c9da,Penner Farms - W 1/2 4-9-13 (site 4),fb5c3a62-e511-4a4a-8833-ae0501629275,Symo  24.0-3 480 (1),24.0,parsed_from_inverter_name,11.28,month,devwork
2022-12-06,f9342ead-59a2-4c58-b54c-0ae4ab16c9da,Penner Farms - W 1/2 4-9-13 (site 4),addd395f-645e-465c-90bf-ae050162927e,Symo 24.0-3 480 (3),24.0,parsed_from_inverter_name,10.52,month,devwork
2022-12-07,f9342ead-59a2-4c58-b54c-0ae4ab16c9da,Penner Farms - W 1/2 4-9-13 (site 4),fb5c3a62-e511-4a4a-8833-ae0501629275,Symo  24.0-3 480 (1),24.0,parsed_from_inverter_name,113.72,month,devwork
2022-12-07,f9342ead-59a2-4c58-b54c-0ae4ab16c9da,Penner Farms - W 1/2 4-9-13 (site 4),addd395f-645e-465c-90bf-ae050162927e,Symo 24.0-3 480 (3),24.0,parsed_from_inverter_name,110.38,month,devwork
2022-12-08,f9342ead-59a2-4c58-b54c-0ae4ab16c9da,Penner Farms - W 1/2 4-9-13 (site 4),fb5c3a62-e511-4a4a-8833-ae0501629275,Symo  24.0-3 480 (1),24.0,parsed_from_inverter_name,99.42,month,devwork
2022-12-08,f9342ead-59a2-4c58-b54c-0ae4ab16c9da,Penner Farms - W 1/2 4-9-13 (site 4),addd395f-645e-465c-90bf-ae050162927e,Symo 24.0-3 480 (3),24.0,parsed_from_inverter_name,93.9,month,devwork
2022-12-09,f9342ead-59a2-4c58-b54c-0ae4ab16c9da,Penner Farms - W 1/2 4-9-13 (site 4),fb5c3a62-e511-4a4a-8833-ae0501629275,Symo  24.0-3 480 (1),24.0,parsed_from_inverter_name,95.11,month,devwork
2022-12-09,f9342ead-59a2-4c58-b54c-0ae4ab16c9da,Penner Farms - W 1/2 4-9-13 (site 4),addd395f-645e-465c-90bf-ae050162927e,Symo 24.0-3 480 (3),24.0,parsed_from_inverter_name,87.81,month,devwork
2022-12-10,f9342ead-59a2-4c58-b54c-0ae4ab16c9da,Penner Farms - W 1/2 4-9-13 (site 4),fb5c3a62-e511-4a4a-8833-ae0501629275,Symo  24.0-3 480 (1),24.0,parsed_from_inverter_name,67.97,month,devwork
2022-12-10,f9342ead-59a2-4c58-b54c-0ae4ab16c9da,Penner Farms - W 1/2 4-9-13 (site 4),addd395f-645e-465c-90bf-ae050162927e,Symo 24.0-3 480 (3),24.0,parsed_from_inverter_name,64.81,month,devwork
2022-12-11,f9342ead-59a2-4c58-b54c-0ae4ab16c9da,Penner Farms - W 1/2 4-9-13 (site 4),fb5c3a62-e511-4a4a-8833-ae0501629275,Symo  24.0-3 480 (1),24.0,parsed_from_inverter_name,23.06,month,devwork
2022-12-11,f9342ead-59a2-4c58-b54c-0ae4ab16c9da,Penner Farms - W 1/2 4-9-13 (site 4),addd395f-645e-465c-90bf-ae050162927e,Symo 24.0-3 480 (3),24.0,parsed_from_inverter_name,21.21,month,devwork
2022-12-12,f9342ead-59a2-4c58-b54c-0ae4ab16c9da,Penner Farms - W 1/2 4-9-13 (site 4),fb5c3a62-e511-4a4a-8833-ae0501629275,Symo  24.0-3 480 (1),24.0,parsed_from_inverter_name,28.19,month,devwork
2022-12-12,f9342ead-59a2-4c58-b54c-0ae4ab16c9da,Penner Farms - W 1/2 4-9-13 (site 4),addd395f-645e-465c-90bf-ae050162927e,Symo 24.0-3 480 (3),24.0,parsed_from_inverter_name,16.17,month,devwork
2022-12-13,f9342ead-59a2-4c58-b54c-0ae4ab16c9da,Penner Farms - W 1/2 4-9-13 (site 4),fb5c3a62-e511-4a4a-8833-ae0501629275,Symo  24.0-3 480 (1),24.0,parsed_from_inverter_name,124.24,month,devwork
2022-12-13,f9342ead-59a2-4c58-b54c-0ae4ab16c9da,Penner Farms - W 1/2 4-9-13 (site 4),addd395f-645e-465c-90bf-ae050162927e,Symo 24.0-3 480 (3),24.0,parsed_from_inverter_name,73.54,month,devwork
2022-12-14,f9342ead-59a2-4c58-b54c-0ae4ab16c9da,Penner Farms - W 1/2 4-9-13 (site 4),fb5c3a62-e511-4a4a-8833-ae0501629275,Symo  24.0-3 480 (1),24.0,parsed_from_inverter_name,22.02,month,devwork
2022-12-14,f9342ead-59a2-4c58-b54c-0ae4ab16c9da,Penner Farms - W 1/2 4-9-13 (site 4),addd395f-645e-465c-90bf-ae050162927e,Symo 24.0-3 480 (3),24.0,parsed_from_inverter_name,15.27,month,devwork
2022-12-15,f9342ead-59a2-4c58-b54c-0ae4ab16c9da,Penner Farms - W 1/2 4-9-13 (site 4),fb5c3a62-e511-4a4a-8833-ae0501629275,Symo  24.0-3 480 (1),24.0,parsed_from_inverter_name,91.99,month,devwork
2022-12-15,f9342ead-59a2-4c58-b54c-0ae4ab16c9da,Penner Farms - W 1/2 4-9-13 (site 4),addd395f-645e-465c-90bf-ae050162927e,Symo 24.0-3 480 (3),24.0,parsed_from_inverter_name,69.74,month,devwork
2022-12-16,f9342ead-59a2-4c58-b54c-0ae4ab16c9da,Penner Farms - W 1/2 4-9-13 (site 4),fb5c3a62-e511-4a4a-8833-ae0501629275,Symo  24.0-3 480 (1),24.0,parsed_from_inverter_name,29.95,month,devwork
2022-12-16,f9342ead-59a2-4c58-b54c-0ae4ab16c9da,Penner Farms - W 1/2 4-9-13 (site 4),addd395f-645e-465c-90bf-ae050162927e,Symo 24.0-3 480 (3),24.0,parsed_from_inverter_name,21.79,month,devwork
2022-12-25,f9342ead-59a2-4c58-b54c-0ae4ab16c9da,Penner Farms - W 1/2 4-9-13 (site 4),fb5c3a62-e511-4a4a-8833-ae0501629275,Symo  24.0-3 480 (1),24.0,parsed_from_inverter_name,77.83,month,devwork
2022-12-25,f9342ead-59a2-4c58-b54c-0ae4ab16c9da,Penner Farms - W 1/2 4-9-13 (site 4),addd395f-645e-465c-90bf-ae050162927e,Symo 24.0-3 480 (3),24.0,parsed_from_inverter_name,69.43,month,devwork
2022-12-26,f9342ead-59a2-4c58-b54c-0ae4ab16c9da,Penner Farms - W 1/2 4-9-13 (site 4),fb5c3a62-e511-4a4a-8833-ae0501629275,Symo  24.0-3 480 (1),24.0,parsed_from_inverter_name,33.75,month,devwork
2022-12-26,f9342ead-59a2-4c58-b54c-0ae4ab16c9da,Penner Farms - W 1/2 4-9-13 (site 4),addd395f-645e-465c-90bf-ae050162927e,Symo 24.0-3 480 (3),24.0,parsed_from_inverter_name,31.66,month,devwork
2022-12-27,f9342ead-59a2-4c58-b54c-0ae4ab16c9da,Penner Farms - W 1/2 4-9-13 (site 4),fb5c3a62-e511-4a4a-8833-ae0501629275,Symo  24.0-3 480 (1),24.0,parsed_from_inverter_name,11.03,month,devwork
2022-12-27,f9342ead-59a2-4c58-b54c-0ae4ab16c9da,Penner Farms - W 1/2 4-9-13 (site 4),addd395f-645e-465c-90bf-ae050162927e,Symo 24.0-3 480 (3),24.0,parsed_from_inverter_name,10.32,month,devwork
2022-12-28,f9342ead-59a2-4c58-b54c-0ae4ab16c9da,Penner Farms - W 1/2 4-9-13 (site 4),fb5c3a62-e511-4a4a-8833-ae0501629275,Symo  24.0-3 480 (1),24.0,parsed_from_inverter_name,9.92,month,devwork
2022-12-28,f9342ead-59a2-4c58-b54c-0ae4ab16c9da,Penner Farms - W 1/2 4-9-13 (site 4),addd395f-645e-465c-90bf-ae050162927e,Symo 24.0-3 480 (3),24.0,parsed_from_inverter_name,8.32,month,devwork
2022-12-29,f9342ead-59a2-4c58-b54c-0ae4ab16c9da,Penner Farms - W 1/2 4-9-13 (site 4),fb5c3a62-e511-4a4a-8833-ae0501629275,Symo  24.0-3 480 (1),24.0,parsed_from_inverter_name,51.02,month,devwork
2022-12-29,f9342ead-59a2-4c58-b54c-0ae4ab16c9da,Penner Farms - W 1/2 4-9-13 (site 4),addd395f-645e-465c-90bf-ae050162927e,Symo 24.0-3 480 (3),24.0,parsed_from_inverter_name,39.87,month,devwork
2022-12-30,f9342ead-59a2-4c58-b54c-0ae4ab16c9da,Penner Farms - W 1/2 4-9-13 (site 4),fb5c3a62-e511-4a4a-8833-ae0501629275,Symo  24.0-3 480 (1),24.0,parsed_from_inverter_name,64.97,month,devwork
2022-12-30,f9342ead-59a2-4c58-b54c-0ae4ab16c9da,Penner Farms - W 1/2 4-9-13 (site 4),addd395f-645e-465c-90bf-ae050162927e,Symo 24.0-3 480 (3),24.0,parsed_from_inverter_name,61.38,month,devwork
2022-12-31,f9342ead-59a2-4c58-b54c-0ae4ab16c9da,Penner Farms - W 1/2 4-9-13 (site 4),fb5c3a62-e511-4a4a-8833-ae0501629275,Symo  24.0-3 480 (1),24.0,parsed_from_inverter_name,112.38,month,devwork
2022-12-31,f9342ead-59a2-4c58-b54c-0ae4ab16c9da,Penner Farms - W 1/2 4-9-13 (site 4),addd395f-645e-465c-90bf-ae050162927e,Symo 24.0-3 480 (3),24.0,parsed_from_inverter_name,102.52,month,devwork
2023-01-01,f9342ead-59a2-4c58-b54c-0ae4ab16c9da,Penner Farms - W 1/2 4-9-13 (site 4),fb5c3a62-e511-4a4a-8833-ae0501629275,Symo  24.0-3 480 (1),24.0,parsed_from_inverter_name,122.92,month,devwork
2023-01-01,f9342ead-59a2-4c58-b54c-0ae4ab16c9da,Penner Farms - W 1/2 4-9-13 (site 4),addd395f-645e-465c-90bf-ae050162927e,Symo 24.0-3 480 (3),24.0,parsed_from_inverter_name,113.62,month,devwork
2023-01-02,f9342ead-59a2-4c58-b54c-0ae4ab16c9da,Penner Farms - W 1/2 4-9-13 (site 4),fb5c3a62-e511-4a4a-8833-ae0501629275,Symo  24.0-3 480 (1),24.0,parsed_from_inverter_name,129.97,month,devwork
2023-01-02,f9342ead-59a2-4c58-b54c-0ae4ab16c9da,Penner Farms - W 1/2 4-9-13 (site 4),addd395f-645e-465c-90bf-ae050162927e,Symo 24.0-3 480 (3),24.0,parsed_from_inverter_name,119.16,month,devwork
2023-01-03,f9342ead-59a2-4c58-b54c-0ae4ab16c9da,Penner Farms - W 1/2 4-9-13 (site 4),fb5c3a62-e511-4a4a-8833-ae0501629275,Symo  24.0-3 480 (1),24.0,parsed_from_inverter_name,127.38,month,devwork
2023-01-03,f9342ead-59a2-4c58-b54c-0ae4ab16c9da,Penner Farms - W 1/2 4-9-13 (site 4),addd395f-645e-465c-90bf-ae050162927e,Symo 24.0-3 480 (3),24.0,parsed_from_inverter_name,118.41,month,devwork
2023-01-04,f9342ead-59a2-4c58-b54c-0ae4ab16c9da,Penner Farms - W 1/2 4-9-13 (site 4),fb5c3a62-e511-4a4a-8833-ae0501629275,Symo  24.0-3 480 (1),24.0,parsed_from_inverter_name,128.92,month,devwork
2023-01-04,f9342ead-59a2-4c58-b54c-0ae4ab16c9da,Penner Farms - W 1/2 4-9-13 (site 4),addd395f-645e-465c-90bf-ae050162927e,Symo 24.0-3 480 (3),24.0,parsed_from_inverter_name,118.88,month,devwork
2023-01-05,f9342ead-59a2-4c58-b54c-0ae4ab16c9da,Penner Farms - W 1/2 4-9-13 (site 4),fb5c3a62-e511-4a4a-8833-ae0501629275,Symo  24.0-3 480 (1),24.0,parsed_from_inverter_name,62.49,month,devwork
2023-01-05,f9342ead-59a2-4c58-b54c-0ae4ab16c9da,Penner Farms - W 1/2 4-9-13 (site 4),addd395f-645e-465c-90bf-ae050162927e,Symo 24.0-3 480 (3),24.0,parsed_from_inverter_name,59.67,month,devwork
2023-01-06,f9342ead-59a2-4c58-b54c-0ae4ab16c9da,Penner Farms - W 1/2 4-9-13 (site 4),fb5c3a62-e511-4a4a-8833-ae0501629275,Symo  24.0-3 480 (1),24.0,parsed_from_inverter_name,100.85,month,devwork
2023-01-06,f9342ead-59a2-4c58-b54c-0ae4ab16c9da,Penner Farms - W 1/2 4-9-13 (site 4),addd395f-645e-465c-90bf-ae050162927e,Symo 24.0-3 480 (3),24.0,parsed_from_inverter_name,93.4,month,devwork
2023-01-07,f9342ead-59a2-4c58-b54c-0ae4ab16c9da,Penner Farms - W 1/2 4-9-13 (site 4),fb5c3a62-e511-4a4a-8833-ae0501629275,Symo  24.0-3 480 (1),24.0,parsed_from_inverter_name,80.75,month,devwork
2023-01-07,f9342ead-59a2-4c58-b54c-0ae4ab16c9da,Penner Farms - W 1/2 4-9-13 (site 4),addd395f-645e-465c-90bf-ae050162927e,Symo 24.0-3 480 (3),24.0,parsed_from_inverter_name,74.88,month,devwork
2023-01-08,f9342ead-59a2-4c58-b54c-0ae4ab16c9da,Penner Farms - W 1/2 4-9-13 (site 4),fb5c3a62-e511-4a4a-8833-ae0501629275,Symo  24.0-3 480 (1),24.0,parsed_from_inverter_name,43.18,month,devwork
2023-01-08,f9342ead-59a2-4c58-b54c-0ae4ab16c9da,Penner Farms - W 1/2 4-9-13 (site 4),addd395f-645e-465c-90bf-ae050162927e,Symo 24.0-3 480 (3),24.0,parsed_from_inverter_name,39.98,month,devwork
2023-01-09,f9342ead-59a2-4c58-b54c-0ae4ab16c9da,Penner Farms - W 1/2 4-9-13 (site 4),fb5c3a62-e511-4a4a-8833-ae0501629275,Symo  24.0-3 480 (1),24.0,parsed_from_inverter_name,102.54,month,devwork
2023-01-09,f9342ead-59a2-4c58-b54c-0ae4ab16c9da,Penner Farms - W 1/2 4-9-13 (site 4),addd395f-645e-465c-90bf-ae050162927e,Symo 24.0-3 480 (3),24.0,parsed_from_inverter_name,98.29,month,devwork
2023-01-10,f9342ead-59a2-4c58-b54c-0ae4ab16c9da,Penner Farms - W 1/2 4-9-13 (site 4),fb5c3a62-e511-4a4a-8833-ae0501629275,Symo  24.0-3 480 (1),24.0,parsed_from_inverter_name,120.7,month,devwork
2023-01-10,f9342ead-59a2-4c58-b54c-0ae4ab16c9da,Penner Farms - W 1/2 4-9-13 (site 4),addd395f-645e-465c-90bf-ae050162927e,Symo 24.0-3 480 (3),24.0,parsed_from_inverter_name,111.34,month,devwork
2023-01-11,f9342ead-59a2-4c58-b54c-0ae4ab16c9da,Penner Farms - W 1/2 4-9-13 (site 4),fb5c3a62-e511-4a4a-8833-ae0501629275,Symo  24.0-3 480 (1),24.0,parsed_from_inverter_name,29.36,month,devwork
2023-01-11,f9342ead-59a2-4c58-b54c-0ae4ab16c9da,Penner Farms - W 1/2 4-9-13 (site 4),addd395f-645e-465c-90bf-ae050162927e,Symo 24.0-3 480 (3),24.0,parsed_from_inverter_name,27.71,month,devwork
2023-01-12,f9342ead-59a2-4c58-b54c-0ae4ab16c9da,Penner Farms - W 1/2 4-9-13 (site 4),fb5c3a62-e511-4a4a-8833-ae0501629275,Symo  24.0-3 480 (1),24.0,parsed_from_inverter_name,49.75,month,devwork
2023-01-12,f9342ead-59a2-4c58-b54c-0ae4ab16c9da,Penner Farms - W 1/2 4-9-13 (site 4),addd395f-645e-465c-90bf-ae050162927e,Symo 24.0-3 480 (3),24.0,parsed_from_inverter_name,47.36,month,devwork
2023-01-13,f9342ead-59a2-4c58-b54c-0ae4ab16c9da,Penner Farms - W 1/2 4-9-13 (site 4),fb5c3a62-e511-4a4a-8833-ae0501629275,Symo  24.0-3 480 (1),24.0,parsed_from_inverter_name,75.39,month,devwork
2023-01-13,f9342ead-59a2-4c58-b54c-0ae4ab16c9da,Penner Farms - W 1/2 4-9-13 (site 4),addd395f-645e-465c-90bf-ae050162927e,Symo 24.0-3 480 (3),24.0,parsed_from_inverter_name,70.47,month,devwork
2023-01-14,f9342ead-59a2-4c58-b54c-0ae4ab16c9da,Penner Farms - W 1/2 4-9-13 (site 4),fb5c3a62-e511-4a4a-8833-ae0501629275,Symo  24.0-3 480 (1),24.0,parsed_from_inverter_name,77.04,month,devwork
2023-01-14,f9342ead-59a2-4c58-b54c-0ae4ab16c9da,Penner Farms - W 1/2 4-9-13 (site 4),addd395f-645e-465c-90bf-ae050162927e,Symo 24.0-3 480 (3),24.0,parsed_from_inverter_name,72.81,month,devwork
2023-01-15,f9342ead-59a2-4c58-b54c-0ae4ab16c9da,Penner Farms - W 1/2 4-9-13 (site 4),fb5c3a62-e511-4a4a-8833-ae0501629275,Symo  24.0-3 480 (1),24.0,parsed_from_inverter_name,18.63,month,devwork
2023-01-15,f9342ead-59a2-4c58-b54c-0ae4ab16c9da,Penner Farms - W 1/2 4-9-13 (site 4),addd395f-645e-465c-90bf-ae050162927e,Symo 24.0-3 480 (3),24.0,parsed_from_inverter_name,17.78,month,devwork
2023-01-16,f9342ead-59a2-4c58-b54c-0ae4ab16c9da,Penner Farms - W 1/2 4-9-13 (site 4),fb5c3a62-e511-4a4a-8833-ae0501629275,Symo  24.0-3 480 (1),24.0,parsed_from_inverter_name,39.27,month,devwork
2023-01-16,f9342ead-59a2-4c58-b54c-0ae4ab16c9da,Penner Farms - W 1/2 4-9-13 (site 4),addd395f-645e-465c-90bf-ae050162927e,Symo 24.0-3 480 (3),24.0,parsed_from_inverter_name,37.44,month,devwork
2023-01-17,f9342ead-59a2-4c58-b54c-0ae4ab16c9da,Penner Farms - W 1/2 4-9-13 (site 4),fb5c3a62-e511-4a4a-8833-ae0501629275,Symo  24.0-3 480 (1),24.0,parsed_from_inverter_name,15.65,month,devwork
2023-01-17,f9342ead-59a2-4c58-b54c-0ae4ab16c9da,Penner Farms - W 1/2 4-9-13 (site 4),addd395f-645e-465c-90bf-ae050162927e,Symo 24.0-3 480 (3),24.0,parsed_from_inverter_name,14.95,month,devwork
2023-01-18,f9342ead-59a2-4c58-b54c-0ae4ab16c9da,Penner Farms - W 1/2 4-9-13 (site 4),fb5c3a62-e511-4a4a-8833-ae0501629275,Symo  24.0-3 480 (1),24.0,parsed_from_inverter_name,130.14,month,devwork
2023-01-18,f9342ead-59a2-4c58-b54c-0ae4ab16c9da,Penner Farms - W 1/2 4-9-13 (site 4),addd395f-645e-465c-90bf-ae050162927e,Symo 24.0-3 480 (3),24.0,parsed_from_inverter_name,123.46,month,devwork
2023-01-19,f9342ead-59a2-4c58-b54c-0ae4ab16c9da,Penner Farms - W 1/2 4-9-13 (site 4),fb5c3a62-e511-4a4a-8833-ae0501629275,Symo  24.0-3 480 (1),24.0,parsed_from_inverter_name,100.42,month,devwork
2023-01-19,f9342ead-59a2-4c58-b54c-0ae4ab16c9da,Penner Farms - W 1/2 4-9-13 (site 4),addd395f-645e-465c-90bf-ae050162927e,Symo 24.0-3 480 (3),24.0,parsed_from_inverter_name,96.41,month,devwork
2023-01-20,f9342ead-59a2-4c58-b54c-0ae4ab16c9da,Penner Farms - W 1/2 4-9-13 (site 4),fb5c3a62-e511-4a4a-8833-ae0501629275,Symo  24.0-3 480 (1),24.0,parsed_from_inverter_name,61.71,month,devwork
2023-01-20,f9342ead-59a2-4c58-b54c-0ae4ab16c9da,Penner Farms - W 1/2 4-9-13 (site 4),addd395f-645e-465c-90bf-ae050162927e,Symo 24.0-3 480 (3),24.0,parsed_from_inverter_name,58.8,month,devwork
2023-01-21,f9342ead-59a2-4c58-b54c-0ae4ab16c9da,Penner Farms - W 1/2 4-9-13 (site 4),fb5c3a62-e511-4a4a-8833-ae0501629275,Symo  24.0-3 480 (1),24.0,parsed_from_inverter_name,121.42,month,devwork
2023-01-21,f9342ead-59a2-4c58-b54c-0ae4ab16c9da,Penner Farms - W 1/2 4-9-13 (site 4),addd395f-645e-465c-90bf-ae050162927e,Symo 24.0-3 480 (3),24.0,parsed_from_inverter_name,115.47,month,devwork
2023-01-22,f9342ead-59a2-4c58-b54c-0ae4ab16c9da,Penner Farms - W 1/2 4-9-13 (site 4),fb5c3a62-e511-4a4a-8833-ae0501629275,Symo  24.0-3 480 (1),24.0,parsed_from_inverter_name,15.86,month,devwork
2023-01-22,f9342ead-59a2-4c58-b54c-0ae4ab16c9da,Penner Farms - W 1/2 4-9-13 (site 4),addd395f-645e-465c-90bf-ae050162927e,Symo 24.0-3 480 (3),24.0,parsed_from_inverter_name,15.19,month,devwork
2023-01-23,f9342ead-59a2-4c58-b54c-0ae4ab16c9da,Penner Farms - W 1/2 4-9-13 (site 4),fb5c3a62-e511-4a4a-8833-ae0501629275,Symo  24.0-3 480 (1),24.0,parsed_from_inverter_name,33.98,month,devwork
2023-01-23,f9342ead-59a2-4c58-b54c-0ae4ab16c9da,Penner Farms - W 1/2 4-9-13 (site 4),addd395f-645e-465c-90bf-ae050162927e,Symo 24.0-3 480 (3),24.0,parsed_from_inverter_name,31.82,month,devwork
2023-01-24,f9342ead-59a2-4c58-b54c-0ae4ab16c9da,Penner Farms - W 1/2 4-9-13 (site 4),fb5c3a62-e511-4a4a-8833-ae0501629275,Symo  24.0-3 480 (1),24.0,parsed_from_inverter_name,39.34,month,devwork
2023-01-24,f9342ead-59a2-4c58-b54c-0ae4ab16c9da,Penner Farms - W 1/2 4-9-13 (site 4),addd395f-645e-465c-90bf-ae050162927e,Symo 24.0-3 480 (3),24.0,parsed_from_inverter_name,37.69,month,devwork
2023-01-25,f9342ead-59a2-4c58-b54c-0ae4ab16c9da,Penner Farms - W 1/2 4-9-13 (site 4),fb5c3a62-e511-4a4a-8833-ae0501629275,Symo  24.0-3 480 (1),24.0,parsed_from_inverter_name,23.74,month,devwork
2023-01-25,f9342ead-59a2-4c58-b54c-0ae4ab16c9da,Penner Farms - W 1/2 4-9-13 (site 4),addd395f-645e-465c-90bf-ae050162927e,Symo 24.0-3 480 (3),24.0,parsed_from_inverter_name,22.56,month,devwork
2023-01-26,f9342ead-59a2-4c58-b54c-0ae4ab16c9da,Penner Farms - W 1/2 4-9-13 (site 4),fb5c3a62-e511-4a4a-8833-ae0501629275,Symo  24.0-3 480 (1),24.0,parsed_from_inverter_name,43.42,month,devwork
2023-01-26,f9342ead-59a2-4c58-b54c-0ae4ab16c9da,Penner Farms - W 1/2 4-9-13 (site 4),addd395f-645e-465c-90bf-ae050162927e,Symo 24.0-3 480 (3),24.0,parsed_from_inverter_name,42.15,month,devwork
2023-01-27,f9342ead-59a2-4c58-b54c-0ae4ab16c9da,Penner Farms - W 1/2 4-9-13 (site 4),fb5c3a62-e511-4a4a-8833-ae0501629275,Symo  24.0-3 480 (1),24.0,parsed_from_inverter_name,20.56,month,devwork
2023-01-27,f9342ead-59a2-4c58-b54c-0ae4ab16c9da,Penner Farms - W 1/2 4-9-13 (site 4),addd395f-645e-465c-90bf-ae050162927e,Symo 24.0-3 480 (3),24.0,parsed_from_inverter_name,21.9,month,devwork
2023-01-28,f9342ead-59a2-4c58-b54c-0ae4ab16c9da,Penner Farms - W 1/2 4-9-13 (site 4),fb5c3a62-e511-4a4a-8833-ae0501629275,Symo  24.0-3 480 (1),24.0,parsed_from_inverter_name,74.53,month,devwork
2023-01-28,f9342ead-59a2-4c58-b54c-0ae4ab16c9da,Penner Farms - W 1/2 4-9-13 (site 4),addd395f-645e-465c-90bf-ae050162927e,Symo 24.0-3 480 (3),24.0,parsed_from_inverter_name,73.23,month,devwork
2023-01-29,f9342ead-59a2-4c58-b54c-0ae4ab16c9da,Penner Farms - W 1/2 4-9-13 (site 4),fb5c3a62-e511-4a4a-8833-ae0501629275,Symo  24.0-3 480 (1),24.0,parsed_from_inverter_name,115.5,month,devwork
2023-01-29,f9342ead-59a2-4c58-b54c-0ae4ab16c9da,Penner Farms - W 1/2 4-9-13 (site 4),addd395f-645e-465c-90bf-ae050162927e,Symo 24.0-3 480 (3),24.0,parsed_from_inverter_name,116.99,month,devwork
2023-01-30,f9342ead-59a2-4c58-b54c-0ae4ab16c9da,Penner Farms - W 1/2 4-9-13 (site 4),fb5c3a62-e511-4a4a-8833-ae0501629275,Symo  24.0-3 480 (1),24.0,parsed_from_inverter_name,37.37,month,devwork
2023-01-30,f9342ead-59a2-4c58-b54c-0ae4ab16c9da,Penner Farms - W 1/2 4-9-13 (site 4),addd395f-645e-465c-90bf-ae050162927e,Symo 24.0-3 480 (3),24.0,parsed_from_inverter_name,32.89,month,devwork
2023-01-31,f9342ead-59a2-4c58-b54c-0ae4ab16c9da,Penner Farms - W 1/2 4-9-13 (site 4),fb5c3a62-e511-4a4a-8833-ae0501629275,Symo  24.0-3 480 (1),24.0,parsed_from_inverter_name,57.37,month,devwork
2023-01-31,f9342ead-59a2-4c58-b54c-0ae4ab16c9da,Penner Farms - W 1/2 4-9-13 (site 4),addd395f-645e-465c-90bf-ae050162927e,Symo 24.0-3 480 (3),24.0,parsed_from_inverter_name,57.02,month,devwork
2023-02-01,f9342ead-59a2-4c58-b54c-0ae4ab16c9da,Penner Farms - W 1/2 4-9-13 (site 4),fb5c3a62-e511-4a4a-8833-ae0501629275,Symo  24.0-3 480 (1),24.0,parsed_from_inverter_name,72.87,month,devwork
2023-02-01,f9342ead-59a2-4c58-b54c-0ae4ab16c9da,Penner Farms - W 1/2 4-9-13 (site 4),addd395f-645e-465c-90bf-ae050162927e,Symo 24.0-3 480 (3),24.0,parsed_from_inverter_name,70.77,month,devwork
2023-02-02,f9342ead-59a2-4c58-b54c-0ae4ab16c9da,Penner Farms - W 1/2 4-9-13 (site 4),fb5c3a62-e511-4a4a-8833-ae0501629275,Symo  24.0-3 480 (1),24.0,parsed_from_inverter_name,51.82,month,devwork
2023-02-02,f9342ead-59a2-4c58-b54c-0ae4ab16c9da,Penner Farms - W 1/2 4-9-13 (site 4),addd395f-645e-465c-90bf-ae050162927e,Symo 24.0-3 480 (3),24.0,parsed_from_inverter_name,46.32,month,devwork
2023-02-03,f9342ead-59a2-4c58-b54c-0ae4ab16c9da,Penner Farms - W 1/2 4-9-13 (site 4),fb5c3a62-e511-4a4a-8833-ae0501629275,Symo  24.0-3 480 (1),24.0,parsed_from_inverter_name,55.29,month,devwork
2023-02-03,f9342ead-59a2-4c58-b54c-0ae4ab16c9da,Penner Farms - W 1/2 4-9-13 (site 4),addd395f-645e-465c-90bf-ae050162927e,Symo 24.0-3 480 (3),24.0,parsed_from_inverter_name,52.88,month,devwork
2023-02-04,f9342ead-59a2-4c58-b54c-0ae4ab16c9da,Penner Farms - W 1/2 4-9-13 (site 4),fb5c3a62-e511-4a4a-8833-ae0501629275,Symo  24.0-3 480 (1),24.0,parsed_from_inverter_name,141.42,month,devwork
2023-02-04,f9342ead-59a2-4c58-b54c-0ae4ab16c9da,Penner Farms - W 1/2 4-9-13 (site 4),addd395f-645e-465c-90bf-ae050162927e,Symo 24.0-3 480 (3),24.0,parsed_from_inverter_name,137.73,month,devwork
2023-02-05,f9342ead-59a2-4c58-b54c-0ae4ab16c9da,Penner Farms - W 1/2 4-9-13 (site 4),fb5c3a62-e511-4a4a-8833-ae0501629275,Symo  24.0-3 480 (1),24.0,parsed_from_inverter_name,74.74,month,devwork
2023-02-05,f9342ead-59a2-4c58-b54c-0ae4ab16c9da,Penner Farms - W 1/2 4-9-13 (site 4),addd395f-645e-465c-90bf-ae050162927e,Symo 24.0-3 480 (3),24.0,parsed_from_inverter_name,72.33,month,devwork
2023-02-06,f9342ead-59a2-4c58-b54c-0ae4ab16c9da,Penner Farms - W 1/2 4-9-13 (site 4),fb5c3a62-e511-4a4a-8833-ae0501629275,Symo  24.0-3 480 (1),24.0,parsed_from_inverter_name,146.4,month,devwork
2023-02-06,f9342ead-59a2-4c58-b54c-0ae4ab16c9da,Penner Farms - W 1/2 4-9-13 (site 4),addd395f-645e-465c-90bf-ae050162927e,Symo 24.0-3 480 (3),24.0,parsed_from_inverter_name,143.08,month,devwork
2023-02-07,f9342ead-59a2-4c58-b54c-0ae4ab16c9da,Penner Farms - W 1/2 4-9-13 (site 4),fb5c3a62-e511-4a4a-8833-ae0501629275,Symo  24.0-3 480 (1),24.0,parsed_from_inverter_name,14.25,month,devwork
2023-02-07,f9342ead-59a2-4c58-b54c-0ae4ab16c9da,Penner Farms - W 1/2 4-9-13 (site 4),addd395f-645e-465c-90bf-ae050162927e,Symo 24.0-3 480 (3),24.0,parsed_from_inverter_name,13.71,month,devwork
2023-02-08,f9342ead-59a2-4c58-b54c-0ae4ab16c9da,Penner Farms - W 1/2 4-9-13 (site 4),fb5c3a62-e511-4a4a-8833-ae0501629275,Symo  24.0-3 480 (1),24.0,parsed_from_inverter_name,41.94,month,devwork
2023-02-08,f9342ead-59a2-4c58-b54c-0ae4ab16c9da,Penner Farms - W 1/2 4-9-13 (site 4),addd395f-645e-465c-90bf-ae050162927e,Symo 24.0-3 480 (3),24.0,parsed_from_inverter_name,37.98,month,devwork
2023-02-09,f9342ead-59a2-4c58-b54c-0ae4ab16c9da,Penner Farms - W 1/2 4-9-13 (site 4),fb5c3a62-e511-4a4a-8833-ae0501629275,Symo  24.0-3 480 (1),24.0,parsed_from_inverter_name,162.41,month,devwork
2023-02-09,f9342ead-59a2-4c58-b54c-0ae4ab16c9da,Penner Farms - W 1/2 4-9-13 (site 4),addd395f-645e-465c-90bf-ae050162927e,Symo 24.0-3 480 (3),24.0,parsed_from_inverter_name,159.26,month,devwork
2023-02-10,f9342ead-59a2-4c58-b54c-0ae4ab16c9da,Penner Farms - W 1/2 4-9-13 (site 4),fb5c3a62-e511-4a4a-8833-ae0501629275,Symo  24.0-3 480 (1),24.0,parsed_from_inverter_name,150.72,month,devwork
2023-02-10,f9342ead-59a2-4c58-b54c-0ae4ab16c9da,Penner Farms - W 1/2 4-9-13 (site 4),addd395f-645e-465c-90bf-ae050162927e,Symo 24.0-3 480 (3),24.0,parsed_from_inverter_name,146.92,month,devwork
2023-02-11,f9342ead-59a2-4c58-b54c-0ae4ab16c9da,Penner Farms - W 1/2 4-9-13 (site 4),fb5c3a62-e511-4a4a-8833-ae0501629275,Symo  24.0-3 480 (1),24.0,parsed_from_inverter_name,161.41,month,devwork
2023-02-11,f9342ead-59a2-4c58-b54c-0ae4ab16c9da,Penner Farms - W 1/2 4-9-13 (site 4),addd395f-645e-465c-90bf-ae050162927e,Symo 24.0-3 480 (3),24.0,parsed_from_inverter_name,158.72,month,devwork
2023-02-12,f9342ead-59a2-4c58-b54c-0ae4ab16c9da,Penner Farms - W 1/2 4-9-13 (site 4),fb5c3a62-e511-4a4a-8833-ae0501629275,Symo  24.0-3 480 (1),24.0,parsed_from_inverter_name,117.73,month,devwork
2023-02-12,f9342ead-59a2-4c58-b54c-0ae4ab16c9da,Penner Farms - W 1/2 4-9-13 (site 4),addd395f-645e-465c-90bf-ae050162927e,Symo 24.0-3 480 (3),24.0,parsed_from_inverter_name,115.16,month,devwork
2023-02-13,f9342ead-59a2-4c58-b54c-0ae4ab16c9da,Penner Farms - W 1/2 4-9-13 (site 4),fb5c3a62-e511-4a4a-8833-ae0501629275,Symo  24.0-3 480 (1),24.0,parsed_from_inverter_name,63.36,month,devwork
2023-02-13,f9342ead-59a2-4c58-b54c-0ae4ab16c9da,Penner Farms - W 1/2 4-9-13 (site 4),addd395f-645e-465c-90bf-ae050162927e,Symo 24.0-3 480 (3),24.0,parsed_from_inverter_name,61.51,month,devwork
2023-02-14,f9342ead-59a2-4c58-b54c-0ae4ab16c9da,Penner Farms - W 1/2 4-9-13 (site 4),fb5c3a62-e511-4a4a-8833-ae0501629275,Symo  24.0-3 480 (1),24.0,parsed_from_inverter_name,34.65,month,devwork
2023-02-14,f9342ead-59a2-4c58-b54c-0ae4ab16c9da,Penner Farms - W 1/2 4-9-13 (site 4),addd395f-645e-465c-90bf-ae050162927e,Symo 24.0-3 480 (3),24.0,parsed_from_inverter_name,33.32,month,devwork
2023-02-15,f9342ead-59a2-4c58-b54c-0ae4ab16c9da,Penner Farms - W 1/2 4-9-13 (site 4),fb5c3a62-e511-4a4a-8833-ae0501629275,Symo  24.0-3 480 (1),24.0,parsed_from_inverter_name,135.56,month,devwork
2023-02-15,f9342ead-59a2-4c58-b54c-0ae4ab16c9da,Penner Farms - W 1/2 4-9-13 (site 4),addd395f-645e-465c-90bf-ae050162927e,Symo 24.0-3 480 (3),24.0,parsed_from_inverter_name,120.16,month,devwork
2023-02-16,f9342ead-59a2-4c58-b54c-0ae4ab16c9da,Penner Farms - W 1/2 4-9-13 (site 4),fb5c3a62-e511-4a4a-8833-ae0501629275,Symo  24.0-3 480 (1),24.0,parsed_from_inverter_name,116.99,month,devwork
2023-02-16,f9342ead-59a2-4c58-b54c-0ae4ab16c9da,Penner Farms - W 1/2 4-9-13 (site 4),addd395f-645e-465c-90bf-ae050162927e,Symo 24.0-3 480 (3),24.0,parsed_from_inverter_name,114.2,month,devwork
2023-02-17,f9342ead-59a2-4c58-b54c-0ae4ab16c9da,Penner Farms - W 1/2 4-9-13 (site 4),fb5c3a62-e511-4a4a-8833-ae0501629275,Symo  24.0-3 480 (1),24.0,parsed_from_inverter_name,109.43,month,devwork
2023-02-17,f9342ead-59a2-4c58-b54c-0ae4ab16c9da,Penner Farms - W 1/2 4-9-13 (site 4),addd395f-645e-465c-90bf-ae050162927e,Symo 24.0-3 480 (3),24.0,parsed_from_inverter_name,107.07,month,devwork
2023-02-18,f9342ead-59a2-4c58-b54c-0ae4ab16c9da,Penner Farms - W 1/2 4-9-13 (site 4),fb5c3a62-e511-4a4a-8833-ae0501629275,Symo  24.0-3 480 (1),24.0,parsed_from_inverter_name,140.67,month,devwork
2023-02-18,f9342ead-59a2-4c58-b54c-0ae4ab16c9da,Penner Farms - W 1/2 4-9-13 (site 4),addd395f-645e-465c-90bf-ae050162927e,Symo 24.0-3 480 (3),24.0,parsed_from_inverter_name,138.61,month,devwork
2023-02-19,f9342ead-59a2-4c58-b54c-0ae4ab16c9da,Penner Farms - W 1/2 4-9-13 (site 4),fb5c3a62-e511-4a4a-8833-ae0501629275,Symo  24.0-3 480 (1),24.0,parsed_from_inverter_name,121.5,month,devwork
2023-02-19,f9342ead-59a2-4c58-b54c-0ae4ab16c9da,Penner Farms - W 1/2 4-9-13 (site 4),addd395f-645e-465c-90bf-ae050162927e,Symo 24.0-3 480 (3),24.0,parsed_from_inverter_name,119.13,month,devwork
2023-02-20,f9342ead-59a2-4c58-b54c-0ae4ab16c9da,Penner Farms - W 1/2 4-9-13 (site 4),fb5c3a62-e511-4a4a-8833-ae0501629275,Symo  24.0-3 480 (1),24.0,parsed_from_inverter_name,36.88,month,devwork
2023-02-20,f9342ead-59a2-4c58-b54c-0ae4ab16c9da,Penner Farms - W 1/2 4-9-13 (site 4),addd395f-645e-465c-90bf-ae050162927e,Symo 24.0-3 480 (3),24.0,parsed_from_inverter_name,34.28,month,devwork
2023-02-21,f9342ead-59a2-4c58-b54c-0ae4ab16c9da,Penner Farms - W 1/2 4-9-13 (site 4),fb5c3a62-e511-4a4a-8833-ae0501629275,Symo  24.0-3 480 (1),24.0,parsed_from_inverter_name,60.95,month,devwork
2023-02-21,f9342ead-59a2-4c58-b54c-0ae4ab16c9da,Penner Farms - W 1/2 4-9-13 (site 4),addd395f-645e-465c-90bf-ae050162927e,Symo 24.0-3 480 (3),24.0,parsed_from_inverter_name,44.39,month,devwork
2023-02-22,f9342ead-59a2-4c58-b54c-0ae4ab16c9da,Penner Farms - W 1/2 4-9-13 (site 4),fb5c3a62-e511-4a4a-8833-ae0501629275,Symo  24.0-3 480 (1),24.0,parsed_from_inverter_name,55.5,month,devwork
2023-02-22,f9342ead-59a2-4c58-b54c-0ae4ab16c9da,Penner Farms - W 1/2 4-9-13 (site 4),addd395f-645e-465c-90bf-ae050162927e,Symo 24.0-3 480 (3),24.0,parsed_from_inverter_name,42.78,month,devwork
2023-02-23,f9342ead-59a2-4c58-b54c-0ae4ab16c9da,Penner Farms - W 1/2 4-9-13 (site 4),fb5c3a62-e511-4a4a-8833-ae0501629275,Symo  24.0-3 480 (1),24.0,parsed_from_inverter_name,59.45,month,devwork
2023-02-23,f9342ead-59a2-4c58-b54c-0ae4ab16c9da,Penner Farms - W 1/2 4-9-13 (site 4),addd395f-645e-465c-90bf-ae050162927e,Symo 24.0-3 480 (3),24.0,parsed_from_inverter_name,46.63,month,devwork
2023-02-24,f9342ead-59a2-4c58-b54c-0ae4ab16c9da,Penner Farms - W 1/2 4-9-13 (site 4),fb5c3a62-e511-4a4a-8833-ae0501629275,Symo  24.0-3 480 (1),24.0,parsed_from_inverter_name,79.58,month,devwork
2023-02-24,f9342ead-59a2-4c58-b54c-0ae4ab16c9da,Penner Farms - W 1/2 4-9-13 (site 4),addd395f-645e-465c-90bf-ae050162927e,Symo 24.0-3 480 (3),24.0,parsed_from_inverter_name,60.01,month,devwork
2023-02-25,f9342ead-59a2-4c58-b54c-0ae4ab16c9da,Penner Farms - W 1/2 4-9-13 (site 4),fb5c3a62-e511-4a4a-8833-ae0501629275,Symo  24.0-3 480 (1),24.0,parsed_from_inverter_name,141.92,month,devwork
2023-02-25,f9342ead-59a2-4c58-b54c-0ae4ab16c9da,Penner Farms - W 1/2 4-9-13 (site 4),addd395f-645e-465c-90bf-ae050162927e,Symo 24.0-3 480 (3),24.0,parsed_from_inverter_name,125.29,month,devwork
2023-02-26,f9342ead-59a2-4c58-b54c-0ae4ab16c9da,Penner Farms - W 1/2 4-9-13 (site 4),fb5c3a62-e511-4a4a-8833-ae0501629275,Symo  24.0-3 480 (1),24.0,parsed_from_inverter_name,96.19,month,devwork
2023-02-26,f9342ead-59a2-4c58-b54c-0ae4ab16c9da,Penner Farms - W 1/2 4-9-13 (site 4),addd395f-645e-465c-90bf-ae050162927e,Symo 24.0-3 480 (3),24.0,parsed_from_inverter_name,90.04,month,devwork
2023-02-27,f9342ead-59a2-4c58-b54c-0ae4ab16c9da,Penner Farms - W 1/2 4-9-13 (site 4),fb5c3a62-e511-4a4a-8833-ae0501629275,Symo  24.0-3 480 (1),24.0,parsed_from_inverter_name,171.97,month,devwork
2023-02-27,f9342ead-59a2-4c58-b54c-0ae4ab16c9da,Penner Farms - W 1/2 4-9-13 (site 4),addd395f-645e-465c-90bf-ae050162927e,Symo 24.0-3 480 (3),24.0,parsed_from_inverter_name,168.52,month,devwork
2023-02-28,f9342ead-59a2-4c58-b54c-0ae4ab16c9da,Penner Farms - W 1/2 4-9-13 (site 4),fb5c3a62-e511-4a4a-8833-ae0501629275,Symo  24.0-3 480 (1),24.0,parsed_from_inverter_name,71.16,month,devwork
2023-02-28,f9342ead-59a2-4c58-b54c-0ae4ab16c9da,Penner Farms - W 1/2 4-9-13 (site 4),addd395f-645e-465c-90bf-ae050162927e,Symo 24.0-3 480 (3),24.0,parsed_from_inverter_name,66.73,month,devwork
2023-03-01,f9342ead-59a2-4c58-b54c-0ae4ab16c9da,Penner Farms - W 1/2 4-9-13 (site 4),fb5c3a62-e511-4a4a-8833-ae0501629275,Symo  24.0-3 480 (1),24.0,parsed_from_inverter_name,178.52,month,devwork
2023-03-01,f9342ead-59a2-4c58-b54c-0ae4ab16c9da,Penner Farms - W 1/2 4-9-13 (site 4),addd395f-645e-465c-90bf-ae050162927e,Symo 24.0-3 480 (3),24.0,parsed_from_inverter_name,176.94,month,devwork
2023-03-02,f9342ead-59a2-4c58-b54c-0ae4ab16c9da,Penner Farms - W 1/2 4-9-13 (site 4),fb5c3a62-e511-4a4a-8833-ae0501629275,Symo  24.0-3 480 (1),24.0,parsed_from_inverter_name,160.22,month,devwork
2023-03-02,f9342ead-59a2-4c58-b54c-0ae4ab16c9da,Penner Farms - W 1/2 4-9-13 (site 4),addd395f-645e-465c-90bf-ae050162927e,Symo 24.0-3 480 (3),24.0,parsed_from_inverter_name,156.27,month,devwork
2023-03-03,f9342ead-59a2-4c58-b54c-0ae4ab16c9da,Penner Farms - W 1/2 4-9-13 (site 4),fb5c3a62-e511-4a4a-8833-ae0501629275,Symo  24.0-3 480 (1),24.0,parsed_from_inverter_name,192.55,month,devwork
2023-03-03,f9342ead-59a2-4c58-b54c-0ae4ab16c9da,Penner Farms - W 1/2 4-9-13 (site 4),addd395f-645e-465c-90bf-ae050162927e,Symo 24.0-3 480 (3),24.0,parsed_from_inverter_name,189.2,month,devwork
2023-03-04,f9342ead-59a2-4c58-b54c-0ae4ab16c9da,Penner Farms - W 1/2 4-9-13 (site 4),fb5c3a62-e511-4a4a-8833-ae0501629275,Symo  24.0-3 480 (1),24.0,parsed_from_inverter_name,189.47,month,devwork
2023-03-04,f9342ead-59a2-4c58-b54c-0ae4ab16c9da,Penner Farms - W 1/2 4-9-13 (site 4),addd395f-645e-465c-90bf-ae050162927e,Symo 24.0-3 480 (3),24.0,parsed_from_inverter_name,186.64,month,devwork
2023-03-05,f9342ead-59a2-4c58-b54c-0ae4ab16c9da,Penner Farms - W 1/2 4-9-13 (site 4),fb5c3a62-e511-4a4a-8833-ae0501629275,Symo  24.0-3 480 (1),24.0,parsed_from_inverter_name,82.17,month,devwork
2023-03-05,f9342ead-59a2-4c58-b54c-0ae4ab16c9da,Penner Farms - W 1/2 4-9-13 (site 4),addd395f-645e-465c-90bf-ae050162927e,Symo 24.0-3 480 (3),24.0,parsed_from_inverter_name,76.09,month,devwork
2023-03-06,f9342ead-59a2-4c58-b54c-0ae4ab16c9da,Penner Farms - W 1/2 4-9-13 (site 4),fb5c3a62-e511-4a4a-8833-ae0501629275,Symo  24.0-3 480 (1),24.0,parsed_from_inverter_name,146.06,month,devwork
2023-03-06,f9342ead-59a2-4c58-b54c-0ae4ab16c9da,Penner Farms - W 1/2 4-9-13 (site 4),addd395f-645e-465c-90bf-ae050162927e,Symo 24.0-3 480 (3),24.0,parsed_from_inverter_name,140.88,month,devwork
2023-03-07,f9342ead-59a2-4c58-b54c-0ae4ab16c9da,Penner Farms - W 1/2 4-9-13 (site 4),fb5c3a62-e511-4a4a-8833-ae0501629275,Symo  24.0-3 480 (1),24.0,parsed_from_inverter_name,148.62,month,devwork
2023-03-07,f9342ead-59a2-4c58-b54c-0ae4ab16c9da,Penner Farms - W 1/2 4-9-13 (site 4),addd395f-645e-465c-90bf-ae050162927e,Symo 24.0-3 480 (3),24.0,parsed_from_inverter_name,145.65,month,devwork
2023-03-08,f9342ead-59a2-4c58-b54c-0ae4ab16c9da,Penner Farms - W 1/2 4-9-13 (site 4),fb5c3a62-e511-4a4a-8833-ae0501629275,Symo  24.0-3 480 (1),24.0,parsed_from_inverter_name,115.66,month,devwork
2023-03-08,f9342ead-59a2-4c58-b54c-0ae4ab16c9da,Penner Farms - W 1/2 4-9-13 (site 4),addd395f-645e-465c-90bf-ae050162927e,Symo 24.0-3 480 (3),24.0,parsed_from_inverter_name,109.35,month,devwork
2023-03-09,f9342ead-59a2-4c58-b54c-0ae4ab16c9da,Penner Farms - W 1/2 4-9-13 (site 4),fb5c3a62-e511-4a4a-8833-ae0501629275,Symo  24.0-3 480 (1),24.0,parsed_from_inverter_name,161.28,month,devwork
2023-03-09,f9342ead-59a2-4c58-b54c-0ae4ab16c9da,Penner Farms - W 1/2 4-9-13 (site 4),addd395f-645e-465c-90bf-ae050162927e,Symo 24.0-3 480 (3),24.0,parsed_from_inverter_name,158.16,month,devwork
2023-03-10,f9342ead-59a2-4c58-b54c-0ae4ab16c9da,Penner Farms - W 1/2 4-9-13 (site 4),fb5c3a62-e511-4a4a-8833-ae0501629275,Symo  24.0-3 480 (1),24.0,parsed_from_inverter_name,54.99,month,devwork
2023-03-10,f9342ead-59a2-4c58-b54c-0ae4ab16c9da,Penner Farms - W 1/2 4-9-13 (site 4),addd395f-645e-465c-90bf-ae050162927e,Symo 24.0-3 480 (3),24.0,parsed_from_inverter_name,52.74,month,devwork
2023-03-11,f9342ead-59a2-4c58-b54c-0ae4ab16c9da,Penner Farms - W 1/2 4-9-13 (site 4),fb5c3a62-e511-4a4a-8833-ae0501629275,Symo  24.0-3 480 (1),24.0,parsed_from_inverter_name,166.77,month,devwork
2023-03-11,f9342ead-59a2-4c58-b54c-0ae4ab16c9da,Penner Farms - W 1/2 4-9-13 (site 4),addd395f-645e-465c-90bf-ae050162927e,Symo 24.0-3 480 (3),24.0,parsed_from_inverter_name,164.25,month,devwork
2023-03-12,f9342ead-59a2-4c58-b54c-0ae4ab16c9da,Penner Farms - W 1/2 4-9-13 (site 4),fb5c3a62-e511-4a4a-8833-ae0501629275,Symo  24.0-3 480 (1),24.0,parsed_from_inverter_name,198.58,month,devwork
2023-03-12,f9342ead-59a2-4c58-b54c-0ae4ab16c9da,Penner Farms - W 1/2 4-9-13 (site 4),addd395f-645e-465c-90bf-ae050162927e,Symo 24.0-3 480 (3),24.0,parsed_from_inverter_name,196.12,month,devwork
2023-03-13,f9342ead-59a2-4c58-b54c-0ae4ab16c9da,Penner Farms - W 1/2 4-9-13 (site 4),fb5c3a62-e511-4a4a-8833-ae0501629275,Symo  24.0-3 480 (1),24.0,parsed_from_inverter_name,177.21,month,devwork
2023-03-13,f9342ead-59a2-4c58-b54c-0ae4ab16c9da,Penner Farms - W 1/2 4-9-13 (site 4),addd395f-645e-465c-90bf-ae050162927e,Symo 24.0-3 480 (3),24.0,parsed_from_inverter_name,172.71,month,devwork
2023-03-14,f9342ead-59a2-4c58-b54c-0ae4ab16c9da,Penner Farms - W 1/2 4-9-13 (site 4),fb5c3a62-e511-4a4a-8833-ae0501629275,Symo  24.0-3 480 (1),24.0,parsed_from_inverter_name,184.8,month,devwork
2023-03-14,f9342ead-59a2-4c58-b54c-0ae4ab16c9da,Penner Farms - W 1/2 4-9-13 (site 4),addd395f-645e-465c-90bf-ae050162927e,Symo 24.0-3 480 (3),24.0,parsed_from_inverter_name,181.1,month,devwork
2023-03-15,f9342ead-59a2-4c58-b54c-0ae4ab16c9da,Penner Farms - W 1/2 4-9-13 (site 4),fb5c3a62-e511-4a4a-8833-ae0501629275,Symo  24.0-3 480 (1),24.0,parsed_from_inverter_name,131.3,month,devwork
2023-03-15,f9342ead-59a2-4c58-b54c-0ae4ab16c9da,Penner Farms - W 1/2 4-9-13 (site 4),addd395f-645e-465c-90bf-ae050162927e,Symo 24.0-3 480 (3),24.0,parsed_from_inverter_name,124.05,month,devwork
2023-03-16,f9342ead-59a2-4c58-b54c-0ae4ab16c9da,Penner Farms - W 1/2 4-9-13 (site 4),fb5c3a62-e511-4a4a-8833-ae0501629275,Symo  24.0-3 480 (1),24.0,parsed_from_inverter_name,81.35,month,devwork
2023-03-16,f9342ead-59a2-4c58-b54c-0ae4ab16c9da,Penner Farms - W 1/2 4-9-13 (site 4),addd395f-645e-465c-90bf-ae050162927e,Symo 24.0-3 480 (3),24.0,parsed_from_inverter_name,79.39,month,devwork
2023-03-17,f9342ead-59a2-4c58-b54c-0ae4ab16c9da,Penner Farms - W 1/2 4-9-13 (site 4),fb5c3a62-e511-4a4a-8833-ae0501629275,Symo  24.0-3 480 (1),24.0,parsed_from_inverter_name,208.43,month,devwork
2023-03-17,f9342ead-59a2-4c58-b54c-0ae4ab16c9da,Penner Farms - W 1/2 4-9-13 (site 4),addd395f-645e-465c-90bf-ae050162927e,Symo 24.0-3 480 (3),24.0,parsed_from_inverter_name,205.13,month,devwork
2023-03-18,f9342ead-59a2-4c58-b54c-0ae4ab16c9da,Penner Farms - W 1/2 4-9-13 (site 4),fb5c3a62-e511-4a4a-8833-ae0501629275,Symo  24.0-3 480 (1),24.0,parsed_from_inverter_name,179.67,month,devwork
2023-03-18,f9342ead-59a2-4c58-b54c-0ae4ab16c9da,Penner Farms - W 1/2 4-9-13 (site 4),addd395f-645e-465c-90bf-ae050162927e,Symo 24.0-3 480 (3),24.0,parsed_from_inverter_name,173.5,month,devwork
2023-03-19,f9342ead-59a2-4c58-b54c-0ae4ab16c9da,Penner Farms - W 1/2 4-9-13 (site 4),fb5c3a62-e511-4a4a-8833-ae0501629275,Symo  24.0-3 480 (1),24.0,parsed_from_inverter_name,200.83,month,devwork
2023-03-19,f9342ead-59a2-4c58-b54c-0ae4ab16c9da,Penner Farms - W 1/2 4-9-13 (site 4),addd395f-645e-465c-90bf-ae050162927e,Symo 24.0-3 480 (3),24.0,parsed_from_inverter_name,197.27,month,devwork
2023-03-20,f9342ead-59a2-4c58-b54c-0ae4ab16c9da,Penner Farms - W 1/2 4-9-13 (site 4),fb5c3a62-e511-4a4a-8833-ae0501629275,Symo  24.0-3 480 (1),24.0,parsed_from_inverter_name,203.22,month,devwork
2023-03-20,f9342ead-59a2-4c58-b54c-0ae4ab16c9da,Penner Farms - W 1/2 4-9-13 (site 4),addd395f-645e-465c-90bf-ae050162927e,Symo 24.0-3 480 (3),24.0,parsed_from_inverter_name,198.82,month,devwork
2023-03-21,f9342ead-59a2-4c58-b54c-0ae4ab16c9da,Penner Farms - W 1/2 4-9-13 (site 4),fb5c3a62-e511-4a4a-8833-ae0501629275,Symo  24.0-3 480 (1),24.0,parsed_from_inverter_name,174.84,month,devwork
2023-03-21,f9342ead-59a2-4c58-b54c-0ae4ab16c9da,Penner Farms - W 1/2 4-9-13 (site 4),addd395f-645e-465c-90bf-ae050162927e,Symo 24.0-3 480 (3),24.0,parsed_from_inverter_name,169.25,month,devwork
2023-03-22,f9342ead-59a2-4c58-b54c-0ae4ab16c9da,Penner Farms - W 1/2 4-9-13 (site 4),fb5c3a62-e511-4a4a-8833-ae0501629275,Symo  24.0-3 480 (1),24.0,parsed_from_inverter_name,170.73,month,devwork
2023-03-22,f9342ead-59a2-4c58-b54c-0ae4ab16c9da,Penner Farms - W 1/2 4-9-13 (site 4),addd395f-645e-465c-90bf-ae050162927e,Symo 24.0-3 480 (3),24.0,parsed_from_inverter_name,165.63,month,devwork
2023-03-23,f9342ead-59a2-4c58-b54c-0ae4ab16c9da,Penner Farms - W 1/2 4-9-13 (site 4),fb5c3a62-e511-4a4a-8833-ae0501629275,Symo  24.0-3 480 (1),24.0,parsed_from_inverter_name,203.53,month,devwork
2023-03-23,f9342ead-59a2-4c58-b54c-0ae4ab16c9da,Penner Farms - W 1/2 4-9-13 (site 4),addd395f-645e-465c-90bf-ae050162927e,Symo 24.0-3 480 (3),24.0,parsed_from_inverter_name,199.35,month,devwork
2023-03-24,f9342ead-59a2-4c58-b54c-0ae4ab16c9da,Penner Farms - W 1/2 4-9-13 (site 4),fb5c3a62-e511-4a4a-8833-ae0501629275,Symo  24.0-3 480 (1),24.0,parsed_from_inverter_name,180.75,month,devwork
2023-03-24,f9342ead-59a2-4c58-b54c-0ae4ab16c9da,Penner Farms - W 1/2 4-9-13 (site 4),addd395f-645e-465c-90bf-ae050162927e,Symo 24.0-3 480 (3),24.0,parsed_from_inverter_name,175.53,month,devwork
2023-03-25,f9342ead-59a2-4c58-b54c-0ae4ab16c9da,Penner Farms - W 1/2 4-9-13 (site 4),fb5c3a62-e511-4a4a-8833-ae0501629275,Symo  24.0-3 480 (1),24.0,parsed_from_inverter_name,76.73,month,devwork
2023-03-25,f9342ead-59a2-4c58-b54c-0ae4ab16c9da,Penner Farms - W 1/2 4-9-13 (site 4),addd395f-645e-465c-90bf-ae050162927e,Symo 24.0-3 480 (3),24.0,parsed_from_inverter_name,71.91,month,devwork
2023-03-26,f9342ead-59a2-4c58-b54c-0ae4ab16c9da,Penner Farms - W 1/2 4-9-13 (site 4),fb5c3a62-e511-4a4a-8833-ae0501629275,Symo  24.0-3 480 (1),24.0,parsed_from_inverter_name,148.51,month,devwork
2023-03-26,f9342ead-59a2-4c58-b54c-0ae4ab16c9da,Penner Farms - W 1/2 4-9-13 (site 4),addd395f-645e-465c-90bf-ae050162927e,Symo 24.0-3 480 (3),24.0,parsed_from_inverter_name,143.46,month,devwork
2023-03-27,f9342ead-59a2-4c58-b54c-0ae4ab16c9da,Penner Farms - W 1/2 4-9-13 (site 4),fb5c3a62-e511-4a4a-8833-ae0501629275,Symo  24.0-3 480 (1),24.0,parsed_from_inverter_name,123.72,month,devwork
2023-03-27,f9342ead-59a2-4c58-b54c-0ae4ab16c9da,Penner Farms - W 1/2 4-9-13 (site 4),addd395f-645e-465c-90bf-ae050162927e,Symo 24.0-3 480 (3),24.0,parsed_from_inverter_name,117.8,month,devwork
2023-03-28,f9342ead-59a2-4c58-b54c-0ae4ab16c9da,Penner Farms - W 1/2 4-9-13 (site 4),fb5c3a62-e511-4a4a-8833-ae0501629275,Symo  24.0-3 480 (1),24.0,parsed_from_inverter_name,201.81,month,devwork
2023-03-28,f9342ead-59a2-4c58-b54c-0ae4ab16c9da,Penner Farms - W 1/2 4-9-13 (site 4),addd395f-645e-465c-90bf-ae050162927e,Symo 24.0-3 480 (3),24.0,parsed_from_inverter_name,199.08,month,devwork
2023-03-29,f9342ead-59a2-4c58-b54c-0ae4ab16c9da,Penner Farms - W 1/2 4-9-13 (site 4),fb5c3a62-e511-4a4a-8833-ae0501629275,Symo  24.0-3 480 (1),24.0,parsed_from_inverter_name,207.99,month,devwork
2023-03-29,f9342ead-59a2-4c58-b54c-0ae4ab16c9da,Penner Farms - W 1/2 4-9-13 (site 4),addd395f-645e-465c-90bf-ae050162927e,Symo 24.0-3 480 (3),24.0,parsed_from_inverter_name,205.13,month,devwork
2023-03-30,f9342ead-59a2-4c58-b54c-0ae4ab16c9da,Penner Farms - W 1/2 4-9-13 (site 4),fb5c3a62-e511-4a4a-8833-ae0501629275,Symo  24.0-3 480 (1),24.0,parsed_from_inverter_name,147.44,month,devwork
2023-03-30,f9342ead-59a2-4c58-b54c-0ae4ab16c9da,Penner Farms - W 1/2 4-9-13 (site 4),addd395f-645e-465c-90bf-ae050162927e,Symo 24.0-3 480 (3),24.0,parsed_from_inverter_name,140.44,month,devwork
2023-03-31,f9342ead-59a2-4c58-b54c-0ae4ab16c9da,Penner Farms - W 1/2 4-9-13 (site 4),fb5c3a62-e511-4a4a-8833-ae0501629275,Symo  24.0-3 480 (1),24.0,parsed_from_inverter_name,208.39,month,devwork
2023-03-31,f9342ead-59a2-4c58-b54c-0ae4ab16c9da,Penner Farms - W 1/2 4-9-13 (site 4),addd395f-645e-465c-90bf-ae050162927e,Symo 24.0-3 480 (3),24.0,parsed_from_inverter_name,204.89,month,devwork
2023-04-01,f9342ead-59a2-4c58-b54c-0ae4ab16c9da,Penner Farms - W 1/2 4-9-13 (site 4),fb5c3a62-e511-4a4a-8833-ae0501629275,Symo  24.0-3 480 (1),24.0,parsed_from_inverter_name,149.61,month,devwork
2023-04-01,f9342ead-59a2-4c58-b54c-0ae4ab16c9da,Penner Farms - W 1/2 4-9-13 (site 4),addd395f-645e-465c-90bf-ae050162927e,Symo 24.0-3 480 (3),24.0,parsed_from_inverter_name,145.62,month,devwork
2023-04-02,f9342ead-59a2-4c58-b54c-0ae4ab16c9da,Penner Farms - W 1/2 4-9-13 (site 4),fb5c3a62-e511-4a4a-8833-ae0501629275,Symo  24.0-3 480 (1),24.0,parsed_from_inverter_name,135.52,month,devwork
2023-04-02,f9342ead-59a2-4c58-b54c-0ae4ab16c9da,Penner Farms - W 1/2 4-9-13 (site 4),addd395f-645e-465c-90bf-ae050162927e,Symo 24.0-3 480 (3),24.0,parsed_from_inverter_name,127.41,month,devwork
2023-04-03,f9342ead-59a2-4c58-b54c-0ae4ab16c9da,Penner Farms - W 1/2 4-9-13 (site 4),fb5c3a62-e511-4a4a-8833-ae0501629275,Symo  24.0-3 480 (1),24.0,parsed_from_inverter_name,113.67,month,devwork
2023-04-03,f9342ead-59a2-4c58-b54c-0ae4ab16c9da,Penner Farms - W 1/2 4-9-13 (site 4),addd395f-645e-465c-90bf-ae050162927e,Symo 24.0-3 480 (3),24.0,parsed_from_inverter_name,106.88,month,devwork
2023-04-04,f9342ead-59a2-4c58-b54c-0ae4ab16c9da,Penner Farms - W 1/2 4-9-13 (site 4),fb5c3a62-e511-4a4a-8833-ae0501629275,Symo  24.0-3 480 (1),24.0,parsed_from_inverter_name,150.04,month,devwork
2023-04-04,f9342ead-59a2-4c58-b54c-0ae4ab16c9da,Penner Farms - W 1/2 4-9-13 (site 4),addd395f-645e-465c-90bf-ae050162927e,Symo 24.0-3 480 (3),24.0,parsed_from_inverter_name,141.57,month,devwork
2023-04-05,f9342ead-59a2-4c58-b54c-0ae4ab16c9da,Penner Farms - W 1/2 4-9-13 (site 4),fb5c3a62-e511-4a4a-8833-ae0501629275,Symo  24.0-3 480 (1),24.0,parsed_from_inverter_name,211.39,month,devwork
2023-04-05,f9342ead-59a2-4c58-b54c-0ae4ab16c9da,Penner Farms - W 1/2 4-9-13 (site 4),addd395f-645e-465c-90bf-ae050162927e,Symo 24.0-3 480 (3),24.0,parsed_from_inverter_name,207.95,month,devwork
2023-04-06,f9342ead-59a2-4c58-b54c-0ae4ab16c9da,Penner Farms - W 1/2 4-9-13 (site 4),fb5c3a62-e511-4a4a-8833-ae0501629275,Symo  24.0-3 480 (1),24.0,parsed_from_inverter_name,213.09,month,devwork
2023-04-06,f9342ead-59a2-4c58-b54c-0ae4ab16c9da,Penner Farms - W 1/2 4-9-13 (site 4),addd395f-645e-465c-90bf-ae050162927e,Symo 24.0-3 480 (3),24.0,parsed_from_inverter_name,209.84,month,devwork
2023-04-07,f9342ead-59a2-4c58-b54c-0ae4ab16c9da,Penner Farms - W 1/2 4-9-13 (site 4),fb5c3a62-e511-4a4a-8833-ae0501629275,Symo  24.0-3 480 (1),24.0,parsed_from_inverter_name,186.51,month,devwork
2023-04-07,f9342ead-59a2-4c58-b54c-0ae4ab16c9da,Penner Farms - W 1/2 4-9-13 (site 4),addd395f-645e-465c-90bf-ae050162927e,Symo 24.0-3 480 (3),24.0,parsed_from_inverter_name,183.48,month,devwork
2023-04-08,f9342ead-59a2-4c58-b54c-0ae4ab16c9da,Penner Farms - W 1/2 4-9-13 (site 4),fb5c3a62-e511-4a4a-8833-ae0501629275,Symo  24.0-3 480 (1),24.0,parsed_from_inverter_name,200.62,month,devwork
2023-04-08,f9342ead-59a2-4c58-b54c-0ae4ab16c9da,Penner Farms - W 1/2 4-9-13 (site 4),addd395f-645e-465c-90bf-ae050162927e,Symo 24.0-3 480 (3),24.0,parsed_from_inverter_name,198.73,month,devwork
2023-04-09,f9342ead-59a2-4c58-b54c-0ae4ab16c9da,Penner Farms - W 1/2 4-9-13 (site 4),fb5c3a62-e511-4a4a-8833-ae0501629275,Symo  24.0-3 480 (1),24.0,parsed_from_inverter_name,191.28,month,devwork
2023-04-09,f9342ead-59a2-4c58-b54c-0ae4ab16c9da,Penner Farms - W 1/2 4-9-13 (site 4),addd395f-645e-465c-90bf-ae050162927e,Symo 24.0-3 480 (3),24.0,parsed_from_inverter_name,188.76,month,devwork
2023-04-10,f9342ead-59a2-4c58-b54c-0ae4ab16c9da,Penner Farms - W 1/2 4-9-13 (site 4),fb5c3a62-e511-4a4a-8833-ae0501629275,Symo  24.0-3 480 (1),24.0,parsed_from_inverter_name,120.0,month,devwork
2023-04-10,f9342ead-59a2-4c58-b54c-0ae4ab16c9da,Penner Farms - W 1/2 4-9-13 (site 4),addd395f-645e-465c-90bf-ae050162927e,Symo 24.0-3 480 (3),24.0,parsed_from_inverter_name,116.92,month,devwork
2023-04-11,f9342ead-59a2-4c58-b54c-0ae4ab16c9da,Penner Farms - W 1/2 4-9-13 (site 4),fb5c3a62-e511-4a4a-8833-ae0501629275,Symo  24.0-3 480 (1),24.0,parsed_from_inverter_name,146.85,month,devwork
2023-04-11,f9342ead-59a2-4c58-b54c-0ae4ab16c9da,Penner Farms - W 1/2 4-9-13 (site 4),addd395f-645e-465c-90bf-ae050162927e,Symo 24.0-3 480 (3),24.0,parsed_from_inverter_name,143.73,month,devwork
2023-04-12,f9342ead-59a2-4c58-b54c-0ae4ab16c9da,Penner Farms - W 1/2 4-9-13 (site 4),fb5c3a62-e511-4a4a-8833-ae0501629275,Symo  24.0-3 480 (1),24.0,parsed_from_inverter_name,100.09,month,devwork
2023-04-12,f9342ead-59a2-4c58-b54c-0ae4ab16c9da,Penner Farms - W 1/2 4-9-13 (site 4),addd395f-645e-465c-90bf-ae050162927e,Symo 24.0-3 480 (3),24.0,parsed_from_inverter_name,97.24,month,devwork
2023-04-13,f9342ead-59a2-4c58-b54c-0ae4ab16c9da,Penner Farms - W 1/2 4-9-13 (site 4),fb5c3a62-e511-4a4a-8833-ae0501629275,Symo  24.0-3 480 (1),24.0,parsed_from_inverter_name,137.68,month,devwork
2023-04-13,f9342ead-59a2-4c58-b54c-0ae4ab16c9da,Penner Farms - W 1/2 4-9-13 (site 4),addd395f-645e-465c-90bf-ae050162927e,Symo 24.0-3 480 (3),24.0,parsed_from_inverter_name,133.34,month,devwork
2023-04-14,f9342ead-59a2-4c58-b54c-0ae4ab16c9da,Penner Farms - W 1/2 4-9-13 (site 4),fb5c3a62-e511-4a4a-8833-ae0501629275,Symo  24.0-3 480 (1),24.0,parsed_from_inverter_name,200.87,month,devwork
2023-04-14,f9342ead-59a2-4c58-b54c-0ae4ab16c9da,Penner Farms - W 1/2 4-9-13 (site 4),addd395f-645e-465c-90bf-ae050162927e,Symo 24.0-3 480 (3),24.0,parsed_from_inverter_name,197.74,month,devwork
2023-04-15,f9342ead-59a2-4c58-b54c-0ae4ab16c9da,Penner Farms - W 1/2 4-9-13 (site 4),fb5c3a62-e511-4a4a-8833-ae0501629275,Symo  24.0-3 480 (1),24.0,parsed_from_inverter_name,207.61,month,devwork
2023-04-15,f9342ead-59a2-4c58-b54c-0ae4ab16c9da,Penner Farms - W 1/2 4-9-13 (site 4),addd395f-645e-465c-90bf-ae050162927e,Symo 24.0-3 480 (3),24.0,parsed_from_inverter_name,207.31,month,devwork
2023-04-16,f9342ead-59a2-4c58-b54c-0ae4ab16c9da,Penner Farms - W 1/2 4-9-13 (site 4),fb5c3a62-e511-4a4a-8833-ae0501629275,Symo  24.0-3 480 (1),24.0,parsed_from_inverter_name,173.4,month,devwork
2023-04-16,f9342ead-59a2-4c58-b54c-0ae4ab16c9da,Penner Farms - W 1/2 4-9-13 (site 4),addd395f-645e-465c-90bf-ae050162927e,Symo 24.0-3 480 (3),24.0,parsed_from_inverter_name,170.19,month,devwork
2023-04-17,f9342ead-59a2-4c58-b54c-0ae4ab16c9da,Penner Farms - W 1/2 4-9-13 (site 4),fb5c3a62-e511-4a4a-8833-ae0501629275,Symo  24.0-3 480 (1),24.0,parsed_from_inverter_name,199.58,month,devwork
2023-04-17,f9342ead-59a2-4c58-b54c-0ae4ab16c9da,Penner Farms - W 1/2 4-9-13 (site 4),addd395f-645e-465c-90bf-ae050162927e,Symo 24.0-3 480 (3),24.0,parsed_from_inverter_name,196.85,month,devwork
2023-04-18,f9342ead-59a2-4c58-b54c-0ae4ab16c9da,Penner Farms - W 1/2 4-9-13 (site 4),fb5c3a62-e511-4a4a-8833-ae0501629275,Symo  24.0-3 480 (1),24.0,parsed_from_inverter_name,181.9,month,devwork
2023-04-18,f9342ead-59a2-4c58-b54c-0ae4ab16c9da,Penner Farms - W 1/2 4-9-13 (site 4),addd395f-645e-465c-90bf-ae050162927e,Symo 24.0-3 480 (3),24.0,parsed_from_inverter_name,178.79,month,devwork
2023-04-19,f9342ead-59a2-4c58-b54c-0ae4ab16c9da,Penner Farms - W 1/2 4-9-13 (site 4),fb5c3a62-e511-4a4a-8833-ae0501629275,Symo  24.0-3 480 (1),24.0,parsed_from_inverter_name,48.6,month,devwork
2023-04-19,f9342ead-59a2-4c58-b54c-0ae4ab16c9da,Penner Farms - W 1/2 4-9-13 (site 4),addd395f-645e-465c-90bf-ae050162927e,Symo 24.0-3 480 (3),24.0,parsed_from_inverter_name,46.29,month,devwork
2023-04-20,f9342ead-59a2-4c58-b54c-0ae4ab16c9da,Penner Farms - W 1/2 4-9-13 (site 4),fb5c3a62-e511-4a4a-8833-ae0501629275,Symo  24.0-3 480 (1),24.0,parsed_from_inverter_name,74.58,month,devwork
2023-04-20,f9342ead-59a2-4c58-b54c-0ae4ab16c9da,Penner Farms - W 1/2 4-9-13 (site 4),addd395f-645e-465c-90bf-ae050162927e,Symo 24.0-3 480 (3),24.0,parsed_from_inverter_name,70.48,month,devwork
2023-04-21,f9342ead-59a2-4c58-b54c-0ae4ab16c9da,Penner Farms - W 1/2 4-9-13 (site 4),fb5c3a62-e511-4a4a-8833-ae0501629275,Symo  24.0-3 480 (1),24.0,parsed_from_inverter_name,126.03,month,devwork
2023-04-21,f9342ead-59a2-4c58-b54c-0ae4ab16c9da,Penner Farms - W 1/2 4-9-13 (site 4),addd395f-645e-465c-90bf-ae050162927e,Symo 24.0-3 480 (3),24.0,parsed_from_inverter_name,122.93,month,devwork
2023-04-22,f9342ead-59a2-4c58-b54c-0ae4ab16c9da,Penner Farms - W 1/2 4-9-13 (site 4),fb5c3a62-e511-4a4a-8833-ae0501629275,Symo  24.0-3 480 (1),24.0,parsed_from_inverter_name,177.03,month,devwork
2023-04-22,f9342ead-59a2-4c58-b54c-0ae4ab16c9da,Penner Farms - W 1/2 4-9-13 (site 4),addd395f-645e-465c-90bf-ae050162927e,Symo 24.0-3 480 (3),24.0,parsed_from_inverter_name,174.68,month,devwork
2023-04-23,f9342ead-59a2-4c58-b54c-0ae4ab16c9da,Penner Farms - W 1/2 4-9-13 (site 4),fb5c3a62-e511-4a4a-8833-ae0501629275,Symo  24.0-3 480 (1),24.0,parsed_from_inverter_name,198.28,month,devwork
2023-04-23,f9342ead-59a2-4c58-b54c-0ae4ab16c9da,Penner Farms - W 1/2 4-9-13 (site 4),addd395f-645e-465c-90bf-ae050162927e,Symo 24.0-3 480 (3),24.0,parsed_from_inverter_name,196.86,month,devwork
2023-04-24,f9342ead-59a2-4c58-b54c-0ae4ab16c9da,Penner Farms - W 1/2 4-9-13 (site 4),fb5c3a62-e511-4a4a-8833-ae0501629275,Symo  24.0-3 480 (1),24.0,parsed_from_inverter_name,127.95,month,devwork
2023-04-24,f9342ead-59a2-4c58-b54c-0ae4ab16c9da,Penner Farms - W 1/2 4-9-13 (site 4),addd395f-645e-465c-90bf-ae050162927e,Symo 24.0-3 480 (3),24.0,parsed_from_inverter_name,125.08,month,devwork
2023-04-25,f9342ead-59a2-4c58-b54c-0ae4ab16c9da,Penner Farms - W 1/2 4-9-13 (site 4),fb5c3a62-e511-4a4a-8833-ae0501629275,Symo  24.0-3 480 (1),24.0,parsed_from_inverter_name,190.47,month,devwork
2023-04-25,f9342ead-59a2-4c58-b54c-0ae4ab16c9da,Penner Farms - W 1/2 4-9-13 (site 4),addd395f-645e-465c-90bf-ae050162927e,Symo 24.0-3 480 (3),24.0,parsed_from_inverter_name,187.13,month,devwork
2023-04-26,f9342ead-59a2-4c58-b54c-0ae4ab16c9da,Penner Farms - W 1/2 4-9-13 (site 4),fb5c3a62-e511-4a4a-8833-ae0501629275,Symo  24.0-3 480 (1),24.0,parsed_from_inverter_name,141.63,month,devwork
2023-04-26,f9342ead-59a2-4c58-b54c-0ae4ab16c9da,Penner Farms - W 1/2 4-9-13 (site 4),addd395f-645e-465c-90bf-ae050162927e,Symo 24.0-3 480 (3),24.0,parsed_from_inverter_name,137.79,month,devwork
2023-04-27,f9342ead-59a2-4c58-b54c-0ae4ab16c9da,Penner Farms - W 1/2 4-9-13 (site 4),fb5c3a62-e511-4a4a-8833-ae0501629275,Symo  24.0-3 480 (1),24.0,parsed_from_inverter_name,178.55,month,devwork
2023-04-27,f9342ead-59a2-4c58-b54c-0ae4ab16c9da,Penner Farms - W 1/2 4-9-13 (site 4),addd395f-645e-465c-90bf-ae050162927e,Symo 24.0-3 480 (3),24.0,parsed_from_inverter_name,175.85,month,devwork
2023-04-28,f9342ead-59a2-4c58-b54c-0ae4ab16c9da,Penner Farms - W 1/2 4-9-13 (site 4),fb5c3a62-e511-4a4a-8833-ae0501629275,Symo  24.0-3 480 (1),24.0,parsed_from_inverter_name,196.68,month,devwork
2023-04-28,f9342ead-59a2-4c58-b54c-0ae4ab16c9da,Penner Farms - W 1/2 4-9-13 (site 4),addd395f-645e-465c-90bf-ae050162927e,Symo 24.0-3 480 (3),24.0,parsed_from_inverter_name,193.7,month,devwork
2023-04-29,f9342ead-59a2-4c58-b54c-0ae4ab16c9da,Penner Farms - W 1/2 4-9-13 (site 4),fb5c3a62-e511-4a4a-8833-ae0501629275,Symo  24.0-3 480 (1),24.0,parsed_from_inverter_name,212.32,month,devwork
2023-04-29,f9342ead-59a2-4c58-b54c-0ae4ab16c9da,Penner Farms - W 1/2 4-9-13 (site 4),addd395f-645e-465c-90bf-ae050162927e,Symo 24.0-3 480 (3),24.0,parsed_from_inverter_name,209.55,month,devwork
2023-04-30,f9342ead-59a2-4c58-b54c-0ae4ab16c9da,Penner Farms - W 1/2 4-9-13 (site 4),fb5c3a62-e511-4a4a-8833-ae0501629275,Symo  24.0-3 480 (1),24.0,parsed_from_inverter_name,212.74,month,devwork
2023-04-30,f9342ead-59a2-4c58-b54c-0ae4ab16c9da,Penner Farms - W 1/2 4-9-13 (site 4),addd395f-645e-465c-90bf-ae050162927e,Symo 24.0-3 480 (3),24.0,parsed_from_inverter_name,210.13,month,devwork
2023-05-01,f9342ead-59a2-4c58-b54c-0ae4ab16c9da,Penner Farms - W 1/2 4-9-13 (site 4),fb5c3a62-e511-4a4a-8833-ae0501629275,Symo  24.0-3 480 (1),24.0,parsed_from_inverter_name,214.15,month,devwork
2023-05-01,f9342ead-59a2-4c58-b54c-0ae4ab16c9da,Penner Farms - W 1/2 4-9-13 (site 4),addd395f-645e-465c-90bf-ae050162927e,Symo 24.0-3 480 (3),24.0,parsed_from_inverter_name,211.52,month,devwork
2023-05-02,f9342ead-59a2-4c58-b54c-0ae4ab16c9da,Penner Farms - W 1/2 4-9-13 (site 4),fb5c3a62-e511-4a4a-8833-ae0501629275,Symo  24.0-3 480 (1),24.0,parsed_from_inverter_name,211.71,month,devwork
2023-05-02,f9342ead-59a2-4c58-b54c-0ae4ab16c9da,Penner Farms - W 1/2 4-9-13 (site 4),addd395f-645e-465c-90bf-ae050162927e,Symo 24.0-3 480 (3),24.0,parsed_from_inverter_name,208.73,month,devwork
2023-05-03,f9342ead-59a2-4c58-b54c-0ae4ab16c9da,Penner Farms - W 1/2 4-9-13 (site 4),fb5c3a62-e511-4a4a-8833-ae0501629275,Symo  24.0-3 480 (1),24.0,parsed_from_inverter_name,206.8,month,devwork
2023-05-03,f9342ead-59a2-4c58-b54c-0ae4ab16c9da,Penner Farms - W 1/2 4-9-13 (site 4),addd395f-645e-465c-90bf-ae050162927e,Symo 24.0-3 480 (3),24.0,parsed_from_inverter_name,203.12,month,devwork
2023-05-04,f9342ead-59a2-4c58-b54c-0ae4ab16c9da,Penner Farms - W 1/2 4-9-13 (site 4),fb5c3a62-e511-4a4a-8833-ae0501629275,Symo  24.0-3 480 (1),24.0,parsed_from_inverter_name,202.19,month,devwork
2023-05-04,f9342ead-59a2-4c58-b54c-0ae4ab16c9da,Penner Farms - W 1/2 4-9-13 (site 4),addd395f-645e-465c-90bf-ae050162927e,Symo 24.0-3 480 (3),24.0,parsed_from_inverter_name,199.43,month,devwork
2023-05-05,f9342ead-59a2-4c58-b54c-0ae4ab16c9da,Penner Farms - W 1/2 4-9-13 (site 4),fb5c3a62-e511-4a4a-8833-ae0501629275,Symo  24.0-3 480 (1),24.0,parsed_from_inverter_name,208.69,month,devwork
2023-05-05,f9342ead-59a2-4c58-b54c-0ae4ab16c9da,Penner Farms - W 1/2 4-9-13 (site 4),addd395f-645e-465c-90bf-ae050162927e,Symo 24.0-3 480 (3),24.0,parsed_from_inverter_name,206.18,month,devwork
2023-05-06,f9342ead-59a2-4c58-b54c-0ae4ab16c9da,Penner Farms - W 1/2 4-9-13 (site 4),fb5c3a62-e511-4a4a-8833-ae0501629275,Symo  24.0-3 480 (1),24.0,parsed_from_inverter_name,53.98,month,devwork
2023-05-06,f9342ead-59a2-4c58-b54c-0ae4ab16c9da,Penner Farms - W 1/2 4-9-13 (site 4),addd395f-645e-465c-90bf-ae050162927e,Symo 24.0-3 480 (3),24.0,parsed_from_inverter_name,52.29,month,devwork
2023-05-07,f9342ead-59a2-4c58-b54c-0ae4ab16c9da,Penner Farms - W 1/2 4-9-13 (site 4),fb5c3a62-e511-4a4a-8833-ae0501629275,Symo  24.0-3 480 (1),24.0,parsed_from_inverter_name,103.78,month,devwork
2023-05-07,f9342ead-59a2-4c58-b54c-0ae4ab16c9da,Penner Farms - W 1/2 4-9-13 (site 4),addd395f-645e-465c-90bf-ae050162927e,Symo 24.0-3 480 (3),24.0,parsed_from_inverter_name,100.92,month,devwork
2023-05-08,f9342ead-59a2-4c58-b54c-0ae4ab16c9da,Penner Farms - W 1/2 4-9-13 (site 4),fb5c3a62-e511-4a4a-8833-ae0501629275,Symo  24.0-3 480 (1),24.0,parsed_from_inverter_name,168.86,month,devwork
2023-05-08,f9342ead-59a2-4c58-b54c-0ae4ab16c9da,Penner Farms - W 1/2 4-9-13 (site 4),addd395f-645e-465c-90bf-ae050162927e,Symo 24.0-3 480 (3),24.0,parsed_from_inverter_name,165.47,month,devwork
2023-05-09,f9342ead-59a2-4c58-b54c-0ae4ab16c9da,Penner Farms - W 1/2 4-9-13 (site 4),fb5c3a62-e511-4a4a-8833-ae0501629275,Symo  24.0-3 480 (1),24.0,parsed_from_inverter_name,130.06,month,devwork
2023-05-09,f9342ead-59a2-4c58-b54c-0ae4ab16c9da,Penner Farms - W 1/2 4-9-13 (site 4),addd395f-645e-465c-90bf-ae050162927e,Symo 24.0-3 480 (3),24.0,parsed_from_inverter_name,128.37,month,devwork
2023-05-10,f9342ead-59a2-4c58-b54c-0ae4ab16c9da,Penner Farms - W 1/2 4-9-13 (site 4),fb5c3a62-e511-4a4a-8833-ae0501629275,Symo  24.0-3 480 (1),24.0,parsed_from_inverter_name,175.22,month,devwork
2023-05-10,f9342ead-59a2-4c58-b54c-0ae4ab16c9da,Penner Farms - W 1/2 4-9-13 (site 4),addd395f-645e-465c-90bf-ae050162927e,Symo 24.0-3 480 (3),24.0,parsed_from_inverter_name,172.55,month,devwork
2023-05-11,f9342ead-59a2-4c58-b54c-0ae4ab16c9da,Penner Farms - W 1/2 4-9-13 (site 4),fb5c3a62-e511-4a4a-8833-ae0501629275,Symo  24.0-3 480 (1),24.0,parsed_from_inverter_name,146.76,month,devwork
2023-05-11,f9342ead-59a2-4c58-b54c-0ae4ab16c9da,Penner Farms - W 1/2 4-9-13 (site 4),addd395f-645e-465c-90bf-ae050162927e,Symo 24.0-3 480 (3),24.0,parsed_from_inverter_name,143.86,month,devwork
2023-05-12,f9342ead-59a2-4c58-b54c-0ae4ab16c9da,Penner Farms - W 1/2 4-9-13 (site 4),fb5c3a62-e511-4a4a-8833-ae0501629275,Symo  24.0-3 480 (1),24.0,parsed_from_inverter_name,203.42,month,devwork
2023-05-12,f9342ead-59a2-4c58-b54c-0ae4ab16c9da,Penner Farms - W 1/2 4-9-13 (site 4),addd395f-645e-465c-90bf-ae050162927e,Symo 24.0-3 480 (3),24.0,parsed_from_inverter_name,200.41,month,devwork
2023-05-13,f9342ead-59a2-4c58-b54c-0ae4ab16c9da,Penner Farms - W 1/2 4-9-13 (site 4),fb5c3a62-e511-4a4a-8833-ae0501629275,Symo  24.0-3 480 (1),24.0,parsed_from_inverter_name,208.47,month,devwork
2023-05-13,f9342ead-59a2-4c58-b54c-0ae4ab16c9da,Penner Farms - W 1/2 4-9-13 (site 4),addd395f-645e-465c-90bf-ae050162927e,Symo 24.0-3 480 (3),24.0,parsed_from_inverter_name,205.6,month,devwork
2023-05-14,f9342ead-59a2-4c58-b54c-0ae4ab16c9da,Penner Farms - W 1/2 4-9-13 (site 4),fb5c3a62-e511-4a4a-8833-ae0501629275,Symo  24.0-3 480 (1),24.0,parsed_from_inverter_name,177.16,month,devwork
2023-05-14,f9342ead-59a2-4c58-b54c-0ae4ab16c9da,Penner Farms - W 1/2 4-9-13 (site 4),addd395f-645e-465c-90bf-ae050162927e,Symo 24.0-3 480 (3),24.0,parsed_from_inverter_name,174.4,month,devwork
2023-05-15,f9342ead-59a2-4c58-b54c-0ae4ab16c9da,Penner Farms - W 1/2 4-9-13 (site 4),fb5c3a62-e511-4a4a-8833-ae0501629275,Symo  24.0-3 480 (1),24.0,parsed_from_inverter_name,213.94,month,devwork
2023-05-15,f9342ead-59a2-4c58-b54c-0ae4ab16c9da,Penner Farms - W 1/2 4-9-13 (site 4),addd395f-645e-465c-90bf-ae050162927e,Symo 24.0-3 480 (3),24.0,parsed_from_inverter_name,211.35,month,devwork
2023-05-16,f9342ead-59a2-4c58-b54c-0ae4ab16c9da,Penner Farms - W 1/2 4-9-13 (site 4),fb5c3a62-e511-4a4a-8833-ae0501629275,Symo  24.0-3 480 (1),24.0,parsed_from_inverter_name,202.73,month,devwork
2023-05-16,f9342ead-59a2-4c58-b54c-0ae4ab16c9da,Penner Farms - W 1/2 4-9-13 (site 4),addd395f-645e-465c-90bf-ae050162927e,Symo 24.0-3 480 (3),24.0,parsed_from_inverter_name,199.48,month,devwork
2023-05-17,f9342ead-59a2-4c58-b54c-0ae4ab16c9da,Penner Farms - W 1/2 4-9-13 (site 4),fb5c3a62-e511-4a4a-8833-ae0501629275,Symo  24.0-3 480 (1),24.0,parsed_from_inverter_name,122.98,month,devwork
2023-05-17,f9342ead-59a2-4c58-b54c-0ae4ab16c9da,Penner Farms - W 1/2 4-9-13 (site 4),addd395f-645e-465c-90bf-ae050162927e,Symo 24.0-3 480 (3),24.0,parsed_from_inverter_name,119.76,month,devwork
2023-05-18,f9342ead-59a2-4c58-b54c-0ae4ab16c9da,Penner Farms - W 1/2 4-9-13 (site 4),fb5c3a62-e511-4a4a-8833-ae0501629275,Symo  24.0-3 480 (1),24.0,parsed_from_inverter_name,219.5,month,devwork
2023-05-18,f9342ead-59a2-4c58-b54c-0ae4ab16c9da,Penner Farms - W 1/2 4-9-13 (site 4),addd395f-645e-465c-90bf-ae050162927e,Symo 24.0-3 480 (3),24.0,parsed_from_inverter_name,216.69,month,devwork
2023-05-19,f9342ead-59a2-4c58-b54c-0ae4ab16c9da,Penner Farms - W 1/2 4-9-13 (site 4),fb5c3a62-e511-4a4a-8833-ae0501629275,Symo  24.0-3 480 (1),24.0,parsed_from_inverter_name,193.67,month,devwork
2023-05-19,f9342ead-59a2-4c58-b54c-0ae4ab16c9da,Penner Farms - W 1/2 4-9-13 (site 4),addd395f-645e-465c-90bf-ae050162927e,Symo 24.0-3 480 (3),24.0,parsed_from_inverter_name,190.26,month,devwork
2023-05-20,f9342ead-59a2-4c58-b54c-0ae4ab16c9da,Penner Farms - W 1/2 4-9-13 (site 4),fb5c3a62-e511-4a4a-8833-ae0501629275,Symo  24.0-3 480 (1),24.0,parsed_from_inverter_name,158.96,month,devwork
2023-05-20,f9342ead-59a2-4c58-b54c-0ae4ab16c9da,Penner Farms - W 1/2 4-9-13 (site 4),addd395f-645e-465c-90bf-ae050162927e,Symo 24.0-3 480 (3),24.0,parsed_from_inverter_name,155.22,month,devwork
2023-05-21,f9342ead-59a2-4c58-b54c-0ae4ab16c9da,Penner Farms - W 1/2 4-9-13 (site 4),fb5c3a62-e511-4a4a-8833-ae0501629275,Symo  24.0-3 480 (1),24.0,parsed_from_inverter_name,145.82,month,devwork
2023-05-21,f9342ead-59a2-4c58-b54c-0ae4ab16c9da,Penner Farms - W 1/2 4-9-13 (site 4),addd395f-645e-465c-90bf-ae050162927e,Symo 24.0-3 480 (3),24.0,parsed_from_inverter_name,143.17,month,devwork
2023-05-22,f9342ead-59a2-4c58-b54c-0ae4ab16c9da,Penner Farms - W 1/2 4-9-13 (site 4),fb5c3a62-e511-4a4a-8833-ae0501629275,Symo  24.0-3 480 (1),24.0,parsed_from_inverter_name,157.06,month,devwork
2023-05-22,f9342ead-59a2-4c58-b54c-0ae4ab16c9da,Penner Farms - W 1/2 4-9-13 (site 4),addd395f-645e-465c-90bf-ae050162927e,Symo 24.0-3 480 (3),24.0,parsed_from_inverter_name,153.96,month,devwork
2023-05-23,f9342ead-59a2-4c58-b54c-0ae4ab16c9da,Penner Farms - W 1/2 4-9-13 (site 4),fb5c3a62-e511-4a4a-8833-ae0501629275,Symo  24.0-3 480 (1),24.0,parsed_from_inverter_name,212.03,month,devwork
2023-05-23,f9342ead-59a2-4c58-b54c-0ae4ab16c9da,Penner Farms - W 1/2 4-9-13 (site 4),addd395f-645e-465c-90bf-ae050162927e,Symo 24.0-3 480 (3),24.0,parsed_from_inverter_name,208.85,month,devwork
2023-05-24,f9342ead-59a2-4c58-b54c-0ae4ab16c9da,Penner Farms - W 1/2 4-9-13 (site 4),fb5c3a62-e511-4a4a-8833-ae0501629275,Symo  24.0-3 480 (1),24.0,parsed_from_inverter_name,131.69,month,devwork
2023-05-24,f9342ead-59a2-4c58-b54c-0ae4ab16c9da,Penner Farms - W 1/2 4-9-13 (site 4),addd395f-645e-465c-90bf-ae050162927e,Symo 24.0-3 480 (3),24.0,parsed_from_inverter_name,129.14,month,devwork
2023-05-25,f9342ead-59a2-4c58-b54c-0ae4ab16c9da,Penner Farms - W 1/2 4-9-13 (site 4),fb5c3a62-e511-4a4a-8833-ae0501629275,Symo  24.0-3 480 (1),24.0,parsed_from_inverter_name,122.83,month,devwork
2023-05-25,f9342ead-59a2-4c58-b54c-0ae4ab16c9da,Penner Farms - W 1/2 4-9-13 (site 4),addd395f-645e-465c-90bf-ae050162927e,Symo 24.0-3 480 (3),24.0,parsed_from_inverter_name,120.01,month,devwork
2023-05-26,f9342ead-59a2-4c58-b54c-0ae4ab16c9da,Penner Farms - W 1/2 4-9-13 (site 4),fb5c3a62-e511-4a4a-8833-ae0501629275,Symo  24.0-3 480 (1),24.0,parsed_from_inverter_name,168.04,month,devwork
2023-05-26,f9342ead-59a2-4c58-b54c-0ae4ab16c9da,Penner Farms - W 1/2 4-9-13 (site 4),addd395f-645e-465c-90bf-ae050162927e,Symo 24.0-3 480 (3),24.0,parsed_from_inverter_name,165.14,month,devwork
2023-05-27,f9342ead-59a2-4c58-b54c-0ae4ab16c9da,Penner Farms - W 1/2 4-9-13 (site 4),fb5c3a62-e511-4a4a-8833-ae0501629275,Symo  24.0-3 480 (1),24.0,parsed_from_inverter_name,72.48,month,devwork
2023-05-27,f9342ead-59a2-4c58-b54c-0ae4ab16c9da,Penner Farms - W 1/2 4-9-13 (site 4),addd395f-645e-465c-90bf-ae050162927e,Symo 24.0-3 480 (3),24.0,parsed_from_inverter_name,70.52,month,devwork
2023-05-28,f9342ead-59a2-4c58-b54c-0ae4ab16c9da,Penner Farms - W 1/2 4-9-13 (site 4),fb5c3a62-e511-4a4a-8833-ae0501629275,Symo  24.0-3 480 (1),24.0,parsed_from_inverter_name,184.04,month,devwork
2023-05-28,f9342ead-59a2-4c58-b54c-0ae4ab16c9da,Penner Farms - W 1/2 4-9-13 (site 4),addd395f-645e-465c-90bf-ae050162927e,Symo 24.0-3 480 (3),24.0,parsed_from_inverter_name,180.79,month,devwork
2023-05-29,f9342ead-59a2-4c58-b54c-0ae4ab16c9da,Penner Farms - W 1/2 4-9-13 (site 4),fb5c3a62-e511-4a4a-8833-ae0501629275,Symo  24.0-3 480 (1),24.0,parsed_from_inverter_name,189.19,month,devwork
2023-05-29,f9342ead-59a2-4c58-b54c-0ae4ab16c9da,Penner Farms - W 1/2 4-9-13 (site 4),addd395f-645e-465c-90bf-ae050162927e,Symo 24.0-3 480 (3),24.0,parsed_from_inverter_name,186.76,month,devwork
2023-05-30,f9342ead-59a2-4c58-b54c-0ae4ab16c9da,Penner Farms - W 1/2 4-9-13 (site 4),fb5c3a62-e511-4a4a-8833-ae0501629275,Symo  24.0-3 480 (1),24.0,parsed_from_inverter_name,214.61,month,devwork
2023-05-30,f9342ead-59a2-4c58-b54c-0ae4ab16c9da,Penner Farms - W 1/2 4-9-13 (site 4),addd395f-645e-465c-90bf-ae050162927e,Symo 24.0-3 480 (3),24.0,parsed_from_inverter_name,211.89,month,devwork
2023-05-31,f9342ead-59a2-4c58-b54c-0ae4ab16c9da,Penner Farms - W 1/2 4-9-13 (site 4),fb5c3a62-e511-4a4a-8833-ae0501629275,Symo  24.0-3 480 (1),24.0,parsed_from_inverter_name,207.76,month,devwork
2023-05-31,f9342ead-59a2-4c58-b54c-0ae4ab16c9da,Penner Farms - W 1/2 4-9-13 (site 4),addd395f-645e-465c-90bf-ae050162927e,Symo 24.0-3 480 (3),24.0,parsed_from_inverter_name,205.02,month,devwork
2023-06-01,f9342ead-59a2-4c58-b54c-0ae4ab16c9da,Penner Farms - W 1/2 4-9-13 (site 4),fb5c3a62-e511-4a4a-8833-ae0501629275,Symo  24.0-3 480 (1),24.0,parsed_from_inverter_name,128.35,month,devwork
2023-06-01,f9342ead-59a2-4c58-b54c-0ae4ab16c9da,Penner Farms - W 1/2 4-9-13 (site 4),addd395f-645e-465c-90bf-ae050162927e,Symo 24.0-3 480 (3),24.0,parsed_from_inverter_name,125.52,month,devwork
2023-06-02,f9342ead-59a2-4c58-b54c-0ae4ab16c9da,Penner Farms - W 1/2 4-9-13 (site 4),fb5c3a62-e511-4a4a-8833-ae0501629275,Symo  24.0-3 480 (1),24.0,parsed_from_inverter_name,134.18,month,devwork
2023-06-02,f9342ead-59a2-4c58-b54c-0ae4ab16c9da,Penner Farms - W 1/2 4-9-13 (site 4),addd395f-645e-465c-90bf-ae050162927e,Symo 24.0-3 480 (3),24.0,parsed_from_inverter_name,131.2,month,devwork
2023-06-03,f9342ead-59a2-4c58-b54c-0ae4ab16c9da,Penner Farms - W 1/2 4-9-13 (site 4),fb5c3a62-e511-4a4a-8833-ae0501629275,Symo  24.0-3 480 (1),24.0,parsed_from_inverter_name,55.88,month,devwork
2023-06-03,f9342ead-59a2-4c58-b54c-0ae4ab16c9da,Penner Farms - W 1/2 4-9-13 (site 4),addd395f-645e-465c-90bf-ae050162927e,Symo 24.0-3 480 (3),24.0,parsed_from_inverter_name,54.38,month,devwork
2023-06-04,f9342ead-59a2-4c58-b54c-0ae4ab16c9da,Penner Farms - W 1/2 4-9-13 (site 4),fb5c3a62-e511-4a4a-8833-ae0501629275,Symo  24.0-3 480 (1),24.0,parsed_from_inverter_name,213.01,month,devwork
2023-06-04,f9342ead-59a2-4c58-b54c-0ae4ab16c9da,Penner Farms - W 1/2 4-9-13 (site 4),addd395f-645e-465c-90bf-ae050162927e,Symo 24.0-3 480 (3),24.0,parsed_from_inverter_name,210.09,month,devwork
2023-06-05,f9342ead-59a2-4c58-b54c-0ae4ab16c9da,Penner Farms - W 1/2 4-9-13 (site 4),fb5c3a62-e511-4a4a-8833-ae0501629275,Symo  24.0-3 480 (1),24.0,parsed_from_inverter_name,206.81,month,devwork
2023-06-05,f9342ead-59a2-4c58-b54c-0ae4ab16c9da,Penner Farms - W 1/2 4-9-13 (site 4),addd395f-645e-465c-90bf-ae050162927e,Symo 24.0-3 480 (3),24.0,parsed_from_inverter_name,204.32,month,devwork
2023-06-06,f9342ead-59a2-4c58-b54c-0ae4ab16c9da,Penner Farms - W 1/2 4-9-13 (site 4),fb5c3a62-e511-4a4a-8833-ae0501629275,Symo  24.0-3 480 (1),24.0,parsed_from_inverter_name,150.54,month,devwork
2023-06-06,f9342ead-59a2-4c58-b54c-0ae4ab16c9da,Penner Farms - W 1/2 4-9-13 (site 4),addd395f-645e-465c-90bf-ae050162927e,Symo 24.0-3 480 (3),24.0,parsed_from_inverter_name,147.47,month,devwork
2023-06-07,f9342ead-59a2-4c58-b54c-0ae4ab16c9da,Penner Farms - W 1/2 4-9-13 (site 4),fb5c3a62-e511-4a4a-8833-ae0501629275,Symo  24.0-3 480 (1),24.0,parsed_from_inverter_name,202.05,month,devwork
2023-06-07,f9342ead-59a2-4c58-b54c-0ae4ab16c9da,Penner Farms - W 1/2 4-9-13 (site 4),addd395f-645e-465c-90bf-ae050162927e,Symo 24.0-3 480 (3),24.0,parsed_from_inverter_name,134.16,month,devwork
2023-06-08,f9342ead-59a2-4c58-b54c-0ae4ab16c9da,Penner Farms - W 1/2 4-9-13 (site 4),fb5c3a62-e511-4a4a-8833-ae0501629275,Symo  24.0-3 480 (1),24.0,parsed_from_inverter_name,198.46,month,devwork
2023-06-09,f9342ead-59a2-4c58-b54c-0ae4ab16c9da,Penner Farms - W 1/2 4-9-13 (site 4),fb5c3a62-e511-4a4a-8833-ae0501629275,Symo  24.0-3 480 (1),24.0,parsed_from_inverter_name,123.76,month,devwork
2023-06-10,f9342ead-59a2-4c58-b54c-0ae4ab16c9da,Penner Farms - W 1/2 4-9-13 (site 4),fb5c3a62-e511-4a4a-8833-ae0501629275,Symo  24.0-3 480 (1),24.0,parsed_from_inverter_name,181.77,month,devwork
2023-06-11,f9342ead-59a2-4c58-b54c-0ae4ab16c9da,Penner Farms - W 1/2 4-9-13 (site 4),fb5c3a62-e511-4a4a-8833-ae0501629275,Symo  24.0-3 480 (1),24.0,parsed_from_inverter_name,199.25,month,devwork
2023-06-12,f9342ead-59a2-4c58-b54c-0ae4ab16c9da,Penner Farms - W 1/2 4-9-13 (site 4),fb5c3a62-e511-4a4a-8833-ae0501629275,Symo  24.0-3 480 (1),24.0,parsed_from_inverter_name,182.71,month,devwork
2023-06-13,f9342ead-59a2-4c58-b54c-0ae4ab16c9da,Penner Farms - W 1/2 4-9-13 (site 4),fb5c3a62-e511-4a4a-8833-ae0501629275,Symo  24.0-3 480 (1),24.0,parsed_from_inverter_name,217.95,month,devwork
2023-06-14,f9342ead-59a2-4c58-b54c-0ae4ab16c9da,Penner Farms - W 1/2 4-9-13 (site 4),fb5c3a62-e511-4a4a-8833-ae0501629275,Symo  24.0-3 480 (1),24.0,parsed_from_inverter_name,160.89,month,devwork
2023-06-15,f9342ead-59a2-4c58-b54c-0ae4ab16c9da,Penner Farms - W 1/2 4-9-13 (site 4),fb5c3a62-e511-4a4a-8833-ae0501629275,Symo  24.0-3 480 (1),24.0,parsed_from_inverter_name,161.31,month,devwork
2023-06-16,f9342ead-59a2-4c58-b54c-0ae4ab16c9da,Penner Farms - W 1/2 4-9-13 (site 4),fb5c3a62-e511-4a4a-8833-ae0501629275,Symo  24.0-3 480 (1),24.0,parsed_from_inverter_name,214.13,month,devwork
2023-06-17,f9342ead-59a2-4c58-b54c-0ae4ab16c9da,Penner Farms - W 1/2 4-9-13 (site 4),fb5c3a62-e511-4a4a-8833-ae0501629275,Symo  24.0-3 480 (1),24.0,parsed_from_inverter_name,180.3,month,devwork
2023-06-18,f9342ead-59a2-4c58-b54c-0ae4ab16c9da,Penner Farms - W 1/2 4-9-13 (site 4),fb5c3a62-e511-4a4a-8833-ae0501629275,Symo  24.0-3 480 (1),24.0,parsed_from_inverter_name,98.62,month,devwork
2023-06-19,f9342ead-59a2-4c58-b54c-0ae4ab16c9da,Penner Farms - W 1/2 4-9-13 (site 4),fb5c3a62-e511-4a4a-8833-ae0501629275,Symo  24.0-3 480 (1),24.0,parsed_from_inverter_name,223.16,month,devwork
2023-06-20,f9342ead-59a2-4c58-b54c-0ae4ab16c9da,Penner Farms - W 1/2 4-9-13 (site 4),fb5c3a62-e511-4a4a-8833-ae0501629275,Symo  24.0-3 480 (1),24.0,parsed_from_inverter_name,211.12,month,devwork
2023-06-21,f9342ead-59a2-4c58-b54c-0ae4ab16c9da,Penner Farms - W 1/2 4-9-13 (site 4),fb5c3a62-e511-4a4a-8833-ae0501629275,Symo  24.0-3 480 (1),24.0,parsed_from_inverter_name,199.82,month,devwork
2023-06-22,f9342ead-59a2-4c58-b54c-0ae4ab16c9da,Penner Farms - W 1/2 4-9-13 (site 4),fb5c3a62-e511-4a4a-8833-ae0501629275,Symo  24.0-3 480 (1),24.0,parsed_from_inverter_name,211.99,month,devwork
2023-06-23,f9342ead-59a2-4c58-b54c-0ae4ab16c9da,Penner Farms - W 1/2 4-9-13 (site 4),fb5c3a62-e511-4a4a-8833-ae0501629275,Symo  24.0-3 480 (1),24.0,parsed_from_inverter_name,219.63,month,devwork
2023-06-24,f9342ead-59a2-4c58-b54c-0ae4ab16c9da,Penner Farms - W 1/2 4-9-13 (site 4),fb5c3a62-e511-4a4a-8833-ae0501629275,Symo  24.0-3 480 (1),24.0,parsed_from_inverter_name,137.46,month,devwork
2023-06-25,f9342ead-59a2-4c58-b54c-0ae4ab16c9da,Penner Farms - W 1/2 4-9-13 (site 4),fb5c3a62-e511-4a4a-8833-ae0501629275,Symo  24.0-3 480 (1),24.0,parsed_from_inverter_name,222.41,month,devwork
2023-06-26,f9342ead-59a2-4c58-b54c-0ae4ab16c9da,Penner Farms - W 1/2 4-9-13 (site 4),fb5c3a62-e511-4a4a-8833-ae0501629275,Symo  24.0-3 480 (1),24.0,parsed_from_inverter_name,218.07,month,devwork
2023-06-27,f9342ead-59a2-4c58-b54c-0ae4ab16c9da,Penner Farms - W 1/2 4-9-13 (site 4),fb5c3a62-e511-4a4a-8833-ae0501629275,Symo  24.0-3 480 (1),24.0,parsed_from_inverter_name,209.76,month,devwork
2023-06-28,f9342ead-59a2-4c58-b54c-0ae4ab16c9da,Penner Farms - W 1/2 4-9-13 (site 4),fb5c3a62-e511-4a4a-8833-ae0501629275,Symo  24.0-3 480 (1),24.0,parsed_from_inverter_name,183.83,month,devwork
2023-06-29,f9342ead-59a2-4c58-b54c-0ae4ab16c9da,Penner Farms - W 1/2 4-9-13 (site 4),fb5c3a62-e511-4a4a-8833-ae0501629275,Symo  24.0-3 480 (1),24.0,parsed_from_inverter_name,205.46,month,devwork
2023-06-30,f9342ead-59a2-4c58-b54c-0ae4ab16c9da,Penner Farms - W 1/2 4-9-13 (site 4),fb5c3a62-e511-4a4a-8833-ae0501629275,Symo  24.0-3 480 (1),24.0,parsed_from_inverter_name,211.91,month,devwork
2023-07-01,f9342ead-59a2-4c58-b54c-0ae4ab16c9da,Penner Farms - W 1/2 4-9-13 (site 4),fb5c3a62-e511-4a4a-8833-ae0501629275,Symo  24.0-3 480 (1),24.0,parsed_from_inverter_name,218.86,month,devwork
2023-07-02,f9342ead-59a2-4c58-b54c-0ae4ab16c9da,Penner Farms - W 1/2 4-9-13 (site 4),fb5c3a62-e511-4a4a-8833-ae0501629275,Symo  24.0-3 480 (1),24.0,parsed_from_inverter_name,198.16,month,devwork
2023-07-03,f9342ead-59a2-4c58-b54c-0ae4ab16c9da,Penner Farms - W 1/2 4-9-13 (site 4),fb5c3a62-e511-4a4a-8833-ae0501629275,Symo  24.0-3 480 (1),24.0,parsed_from_inverter_name,201.23,month,devwork
2023-07-04,f9342ead-59a2-4c58-b54c-0ae4ab16c9da,Penner Farms - W 1/2 4-9-13 (site 4),fb5c3a62-e511-4a4a-8833-ae0501629275,Symo  24.0-3 480 (1),24.0,parsed_from_inverter_name,156.73,month,devwork
2023-07-05,f9342ead-59a2-4c58-b54c-0ae4ab16c9da,Penner Farms - W 1/2 4-9-13 (site 4),fb5c3a62-e511-4a4a-8833-ae0501629275,Symo  24.0-3 480 (1),24.0,parsed_from_inverter_name,184.26,month,devwork
2023-07-06,f9342ead-59a2-4c58-b54c-0ae4ab16c9da,Penner Farms - W 1/2 4-9-13 (site 4),fb5c3a62-e511-4a4a-8833-ae0501629275,Symo  24.0-3 480 (1),24.0,parsed_from_inverter_name,207.89,month,devwork
2023-07-07,f9342ead-59a2-4c58-b54c-0ae4ab16c9da,Penner Farms - W 1/2 4-9-13 (site 4),fb5c3a62-e511-4a4a-8833-ae0501629275,Symo  24.0-3 480 (1),24.0,parsed_from_inverter_name,191.44,month,devwork
2023-07-08,f9342ead-59a2-4c58-b54c-0ae4ab16c9da,Penner Farms - W 1/2 4-9-13 (site 4),fb5c3a62-e511-4a4a-8833-ae0501629275,Symo  24.0-3 480 (1),24.0,parsed_from_inverter_name,213.89,month,devwork
2023-07-09,f9342ead-59a2-4c58-b54c-0ae4ab16c9da,Penner Farms - W 1/2 4-9-13 (site 4),fb5c3a62-e511-4a4a-8833-ae0501629275,Symo  24.0-3 480 (1),24.0,parsed_from_inverter_name,211.86,month,devwork
2023-07-10,f9342ead-59a2-4c58-b54c-0ae4ab16c9da,Penner Farms - W 1/2 4-9-13 (site 4),fb5c3a62-e511-4a4a-8833-ae0501629275,Symo  24.0-3 480 (1),24.0,parsed_from_inverter_name,189.5,month,devwork
2023-07-11,f9342ead-59a2-4c58-b54c-0ae4ab16c9da,Penner Farms - W 1/2 4-9-13 (site 4),fb5c3a62-e511-4a4a-8833-ae0501629275,Symo  24.0-3 480 (1),24.0,parsed_from_inverter_name,176.79,month,devwork
2023-07-12,f9342ead-59a2-4c58-b54c-0ae4ab16c9da,Penner Farms - W 1/2 4-9-13 (site 4),fb5c3a62-e511-4a4a-8833-ae0501629275,Symo  24.0-3 480 (1),24.0,parsed_from_inverter_name,197.17,month,devwork
2023-07-13,f9342ead-59a2-4c58-b54c-0ae4ab16c9da,Penner Farms - W 1/2 4-9-13 (site 4),fb5c3a62-e511-4a4a-8833-ae0501629275,Symo  24.0-3 480 (1),24.0,parsed_from_inverter_name,176.79,month,devwork
2023-07-14,f9342ead-59a2-4c58-b54c-0ae4ab16c9da,Penner Farms - W 1/2 4-9-13 (site 4),fb5c3a62-e511-4a4a-8833-ae0501629275,Symo  24.0-3 480 (1),24.0,parsed_from_inverter_name,191.27,month,devwork
2023-07-15,f9342ead-59a2-4c58-b54c-0ae4ab16c9da,Penner Farms - W 1/2 4-9-13 (site 4),fb5c3a62-e511-4a4a-8833-ae0501629275,Symo  24.0-3 480 (1),24.0,parsed_from_inverter_name,183.37,month,devwork
2023-07-16,f9342ead-59a2-4c58-b54c-0ae4ab16c9da,Penner Farms - W 1/2 4-9-13 (site 4),fb5c3a62-e511-4a4a-8833-ae0501629275,Symo  24.0-3 480 (1),24.0,parsed_from_inverter_name,202.0,month,devwork
2023-07-17,f9342ead-59a2-4c58-b54c-0ae4ab16c9da,Penner Farms - W 1/2 4-9-13 (site 4),fb5c3a62-e511-4a4a-8833-ae0501629275,Symo  24.0-3 480 (1),24.0,parsed_from_inverter_name,159.82,month,devwork
2023-07-17,f9342ead-59a2-4c58-b54c-0ae4ab16c9da,Penner Farms - W 1/2 4-9-13 (site 4),addd395f-645e-465c-90bf-ae050162927e,Symo 24.0-3 480 (3),24.0,parsed_from_inverter_name,0.13,month,devwork
2023-07-17,f9342ead-59a2-4c58-b54c-0ae4ab16c9da,Penner Farms - W 1/2 4-9-13 (site 4),9ac5f278-7103-4c7e-a7ee-f10c33ef27f3,Symo Advanced 24.0-3 480 (2),24.0,parsed_from_inverter_name,106.53,month,devwork
2023-07-18,f9342ead-59a2-4c58-b54c-0ae4ab16c9da,Penner Farms - W 1/2 4-9-13 (site 4),fb5c3a62-e511-4a4a-8833-ae0501629275,Symo  24.0-3 480 (1),24.0,parsed_from_inverter_name,197.48,month,devwork
2023-07-18,f9342ead-59a2-4c58-b54c-0ae4ab16c9da,Penner Farms - W 1/2 4-9-13 (site 4),9ac5f278-7103-4c7e-a7ee-f10c33ef27f3,Symo Advanced 24.0-3 480 (2),24.0,parsed_from_inverter_name,201.14,month,devwork
2023-07-19,f9342ead-59a2-4c58-b54c-0ae4ab16c9da,Penner Farms - W 1/2 4-9-13 (site 4),fb5c3a62-e511-4a4a-8833-ae0501629275,Symo  24.0-3 480 (1),24.0,parsed_from_inverter_name,208.62,month,devwork
2023-07-19,f9342ead-59a2-4c58-b54c-0ae4ab16c9da,Penner Farms - W 1/2 4-9-13 (site 4),9ac5f278-7103-4c7e-a7ee-f10c33ef27f3,Symo Advanced 24.0-3 480 (2),24.0,parsed_from_inverter_name,212.12,month,devwork
2023-07-20,f9342ead-59a2-4c58-b54c-0ae4ab16c9da,Penner Farms - W 1/2 4-9-13 (site 4),fb5c3a62-e511-4a4a-8833-ae0501629275,Symo  24.0-3 480 (1),24.0,parsed_from_inverter_name,205.03,month,devwork
2023-07-20,f9342ead-59a2-4c58-b54c-0ae4ab16c9da,Penner Farms - W 1/2 4-9-13 (site 4),9ac5f278-7103-4c7e-a7ee-f10c33ef27f3,Symo Advanced 24.0-3 480 (2),24.0,parsed_from_inverter_name,208.42,month,devwork
2023-07-21,f9342ead-59a2-4c58-b54c-0ae4ab16c9da,Penner Farms - W 1/2 4-9-13 (site 4),fb5c3a62-e511-4a4a-8833-ae0501629275,Symo  24.0-3 480 (1),24.0,parsed_from_inverter_name,193.08,month,devwork
2023-07-21,f9342ead-59a2-4c58-b54c-0ae4ab16c9da,Penner Farms - W 1/2 4-9-13 (site 4),9ac5f278-7103-4c7e-a7ee-f10c33ef27f3,Symo Advanced 24.0-3 480 (2),24.0,parsed_from_inverter_name,196.33,month,devwork
2023-07-22,f9342ead-59a2-4c58-b54c-0ae4ab16c9da,Penner Farms - W 1/2 4-9-13 (site 4),fb5c3a62-e511-4a4a-8833-ae0501629275,Symo  24.0-3 480 (1),24.0,parsed_from_inverter_name,208.02,month,devwork
2023-07-22,f9342ead-59a2-4c58-b54c-0ae4ab16c9da,Penner Farms - W 1/2 4-9-13 (site 4),9ac5f278-7103-4c7e-a7ee-f10c33ef27f3,Symo Advanced 24.0-3 480 (2),24.0,parsed_from_inverter_name,211.55,month,devwork
2023-07-23,f9342ead-59a2-4c58-b54c-0ae4ab16c9da,Penner Farms - W 1/2 4-9-13 (site 4),fb5c3a62-e511-4a4a-8833-ae0501629275,Symo  24.0-3 480 (1),24.0,parsed_from_inverter_name,208.91,month,devwork
2023-07-23,f9342ead-59a2-4c58-b54c-0ae4ab16c9da,Penner Farms - W 1/2 4-9-13 (site 4),9ac5f278-7103-4c7e-a7ee-f10c33ef27f3,Symo Advanced 24.0-3 480 (2),24.0,parsed_from_inverter_name,212.41,month,devwork
2023-07-24,f9342ead-59a2-4c58-b54c-0ae4ab16c9da,Penner Farms - W 1/2 4-9-13 (site 4),fb5c3a62-e511-4a4a-8833-ae0501629275,Symo  24.0-3 480 (1),24.0,parsed_from_inverter_name,191.24,month,devwork
2023-07-24,f9342ead-59a2-4c58-b54c-0ae4ab16c9da,Penner Farms - W 1/2 4-9-13 (site 4),9ac5f278-7103-4c7e-a7ee-f10c33ef27f3,Symo Advanced 24.0-3 480 (2),24.0,parsed_from_inverter_name,194.7,month,devwork
2023-07-25,f9342ead-59a2-4c58-b54c-0ae4ab16c9da,Penner Farms - W 1/2 4-9-13 (site 4),fb5c3a62-e511-4a4a-8833-ae0501629275,Symo  24.0-3 480 (1),24.0,parsed_from_inverter_name,201.17,month,devwork
2023-07-25,f9342ead-59a2-4c58-b54c-0ae4ab16c9da,Penner Farms - W 1/2 4-9-13 (site 4),9ac5f278-7103-4c7e-a7ee-f10c33ef27f3,Symo Advanced 24.0-3 480 (2),24.0,parsed_from_inverter_name,204.98,month,devwork
2023-07-26,f9342ead-59a2-4c58-b54c-0ae4ab16c9da,Penner Farms - W 1/2 4-9-13 (site 4),fb5c3a62-e511-4a4a-8833-ae0501629275,Symo  24.0-3 480 (1),24.0,parsed_from_inverter_name,215.65,month,devwork
2023-07-26,f9342ead-59a2-4c58-b54c-0ae4ab16c9da,Penner Farms - W 1/2 4-9-13 (site 4),9ac5f278-7103-4c7e-a7ee-f10c33ef27f3,Symo Advanced 24.0-3 480 (2),24.0,parsed_from_inverter_name,218.68,month,devwork
2023-07-27,f9342ead-59a2-4c58-b54c-0ae4ab16c9da,Penner Farms - W 1/2 4-9-13 (site 4),fb5c3a62-e511-4a4a-8833-ae0501629275,Symo  24.0-3 480 (1),24.0,parsed_from_inverter_name,202.9,month,devwork
2023-07-27,f9342ead-59a2-4c58-b54c-0ae4ab16c9da,Penner Farms - W 1/2 4-9-13 (site 4),9ac5f278-7103-4c7e-a7ee-f10c33ef27f3,Symo Advanced 24.0-3 480 (2),24.0,parsed_from_inverter_name,206.32,month,devwork
2023-07-28,f9342ead-59a2-4c58-b54c-0ae4ab16c9da,Penner Farms - W 1/2 4-9-13 (site 4),fb5c3a62-e511-4a4a-8833-ae0501629275,Symo  24.0-3 480 (1),24.0,parsed_from_inverter_name,137.22,month,devwork
2023-07-28,f9342ead-59a2-4c58-b54c-0ae4ab16c9da,Penner Farms - W 1/2 4-9-13 (site 4),9ac5f278-7103-4c7e-a7ee-f10c33ef27f3,Symo Advanced 24.0-3 480 (2),24.0,parsed_from_inverter_name,140.08,month,devwork
2023-07-29,f9342ead-59a2-4c58-b54c-0ae4ab16c9da,Penner Farms - W 1/2 4-9-13 (site 4),fb5c3a62-e511-4a4a-8833-ae0501629275,Symo  24.0-3 480 (1),24.0,parsed_from_inverter_name,175.52,month,devwork
2023-07-29,f9342ead-59a2-4c58-b54c-0ae4ab16c9da,Penner Farms - W 1/2 4-9-13 (site 4),9ac5f278-7103-4c7e-a7ee-f10c33ef27f3,Symo Advanced 24.0-3 480 (2),24.0,parsed_from_inverter_name,178.67,month,devwork
2023-07-30,f9342ead-59a2-4c58-b54c-0ae4ab16c9da,Penner Farms - W 1/2 4-9-13 (site 4),fb5c3a62-e511-4a4a-8833-ae0501629275,Symo  24.0-3 480 (1),24.0,parsed_from_inverter_name,183.28,month,devwork
2023-07-30,f9342ead-59a2-4c58-b54c-0ae4ab16c9da,Penner Farms - W 1/2 4-9-13 (site 4),9ac5f278-7103-4c7e-a7ee-f10c33ef27f3,Symo Advanced 24.0-3 480 (2),24.0,parsed_from_inverter_name,185.61,month,devwork
2023-07-31,f9342ead-59a2-4c58-b54c-0ae4ab16c9da,Penner Farms - W 1/2 4-9-13 (site 4),fb5c3a62-e511-4a4a-8833-ae0501629275,Symo  24.0-3 480 (1),24.0,parsed_from_inverter_name,205.84,month,devwork
2023-07-31,f9342ead-59a2-4c58-b54c-0ae4ab16c9da,Penner Farms - W 1/2 4-9-13 (site 4),9ac5f278-7103-4c7e-a7ee-f10c33ef27f3,Symo Advanced 24.0-3 480 (2),24.0,parsed_from_inverter_name,208.85,month,devwork
2023-08-01,f9342ead-59a2-4c58-b54c-0ae4ab16c9da,Penner Farms - W 1/2 4-9-13 (site 4),fb5c3a62-e511-4a4a-8833-ae0501629275,Symo  24.0-3 480 (1),24.0,parsed_from_inverter_name,209.65,month,devwork
2023-08-01,f9342ead-59a2-4c58-b54c-0ae4ab16c9da,Penner Farms - W 1/2 4-9-13 (site 4),9ac5f278-7103-4c7e-a7ee-f10c33ef27f3,Symo Advanced 24.0-3 480 (2),24.0,parsed_from_inverter_name,212.73,month,devwork
2023-08-02,f9342ead-59a2-4c58-b54c-0ae4ab16c9da,Penner Farms - W 1/2 4-9-13 (site 4),fb5c3a62-e511-4a4a-8833-ae0501629275,Symo  24.0-3 480 (1),24.0,parsed_from_inverter_name,205.31,month,devwork
2023-08-02,f9342ead-59a2-4c58-b54c-0ae4ab16c9da,Penner Farms - W 1/2 4-9-13 (site 4),9ac5f278-7103-4c7e-a7ee-f10c33ef27f3,Symo Advanced 24.0-3 480 (2),24.0,parsed_from_inverter_name,208.76,month,devwork
2023-08-03,f9342ead-59a2-4c58-b54c-0ae4ab16c9da,Penner Farms - W 1/2 4-9-13 (site 4),fb5c3a62-e511-4a4a-8833-ae0501629275,Symo  24.0-3 480 (1),24.0,parsed_from_inverter_name,208.85,month,devwork
2023-08-03,f9342ead-59a2-4c58-b54c-0ae4ab16c9da,Penner Farms - W 1/2 4-9-13 (site 4),9ac5f278-7103-4c7e-a7ee-f10c33ef27f3,Symo Advanced 24.0-3 480 (2),24.0,parsed_from_inverter_name,212.14,month,devwork
2023-08-04,f9342ead-59a2-4c58-b54c-0ae4ab16c9da,Penner Farms - W 1/2 4-9-13 (site 4),fb5c3a62-e511-4a4a-8833-ae0501629275,Symo  24.0-3 480 (1),24.0,parsed_from_inverter_name,202.39,month,devwork
2023-08-04,f9342ead-59a2-4c58-b54c-0ae4ab16c9da,Penner Farms - W 1/2 4-9-13 (site 4),9ac5f278-7103-4c7e-a7ee-f10c33ef27f3,Symo Advanced 24.0-3 480 (2),24.0,parsed_from_inverter_name,205.92,month,devwork
2023-08-05,f9342ead-59a2-4c58-b54c-0ae4ab16c9da,Penner Farms - W 1/2 4-9-13 (site 4),fb5c3a62-e511-4a4a-8833-ae0501629275,Symo  24.0-3 480 (1),24.0,parsed_from_inverter_name,120.41,month,devwork
2023-08-05,f9342ead-59a2-4c58-b54c-0ae4ab16c9da,Penner Farms - W 1/2 4-9-13 (site 4),9ac5f278-7103-4c7e-a7ee-f10c33ef27f3,Symo Advanced 24.0-3 480 (2),24.0,parsed_from_inverter_name,123.82,month,devwork
2023-08-06,f9342ead-59a2-4c58-b54c-0ae4ab16c9da,Penner Farms - W 1/2 4-9-13 (site 4),fb5c3a62-e511-4a4a-8833-ae0501629275,Symo  24.0-3 480 (1),24.0,parsed_from_inverter_name,188.56,month,devwork
2023-08-06,f9342ead-59a2-4c58-b54c-0ae4ab16c9da,Penner Farms - W 1/2 4-9-13 (site 4),9ac5f278-7103-4c7e-a7ee-f10c33ef27f3,Symo Advanced 24.0-3 480 (2),24.0,parsed_from_inverter_name,191.94,month,devwork
2023-08-07,f9342ead-59a2-4c58-b54c-0ae4ab16c9da,Penner Farms - W 1/2 4-9-13 (site 4),fb5c3a62-e511-4a4a-8833-ae0501629275,Symo  24.0-3 480 (1),24.0,parsed_from_inverter_name,170.4,month,devwork
2023-08-07,f9342ead-59a2-4c58-b54c-0ae4ab16c9da,Penner Farms - W 1/2 4-9-13 (site 4),9ac5f278-7103-4c7e-a7ee-f10c33ef27f3,Symo Advanced 24.0-3 480 (2),24.0,parsed_from_inverter_name,174.03,month,devwork
2023-08-08,f9342ead-59a2-4c58-b54c-0ae4ab16c9da,Penner Farms - W 1/2 4-9-13 (site 4),fb5c3a62-e511-4a4a-8833-ae0501629275,Symo  24.0-3 480 (1),24.0,parsed_from_inverter_name,181.37,month,devwork
2023-08-08,f9342ead-59a2-4c58-b54c-0ae4ab16c9da,Penner Farms - W 1/2 4-9-13 (site 4),9ac5f278-7103-4c7e-a7ee-f10c33ef27f3,Symo Advanced 24.0-3 480 (2),24.0,parsed_from_inverter_name,185.58,month,devwork
2023-08-09,f9342ead-59a2-4c58-b54c-0ae4ab16c9da,Penner Farms - W 1/2 4-9-13 (site 4),fb5c3a62-e511-4a4a-8833-ae0501629275,Symo  24.0-3 480 (1),24.0,parsed_from_inverter_name,128.87,month,devwork
2023-08-09,f9342ead-59a2-4c58-b54c-0ae4ab16c9da,Penner Farms - W 1/2 4-9-13 (site 4),9ac5f278-7103-4c7e-a7ee-f10c33ef27f3,Symo Advanced 24.0-3 480 (2),24.0,parsed_from_inverter_name,130.5,month,devwork
2023-08-10,f9342ead-59a2-4c58-b54c-0ae4ab16c9da,Penner Farms - W 1/2 4-9-13 (site 4),fb5c3a62-e511-4a4a-8833-ae0501629275,Symo  24.0-3 480 (1),24.0,parsed_from_inverter_name,187.83,month,devwork
2023-08-10,f9342ead-59a2-4c58-b54c-0ae4ab16c9da,Penner Farms - W 1/2 4-9-13 (site 4),9ac5f278-7103-4c7e-a7ee-f10c33ef27f3,Symo Advanced 24.0-3 480 (2),24.0,parsed_from_inverter_name,190.42,month,devwork
2023-08-11,f9342ead-59a2-4c58-b54c-0ae4ab16c9da,Penner Farms - W 1/2 4-9-13 (site 4),fb5c3a62-e511-4a4a-8833-ae0501629275,Symo  24.0-3 480 (1),24.0,parsed_from_inverter_name,203.85,month,devwork
2023-08-11,f9342ead-59a2-4c58-b54c-0ae4ab16c9da,Penner Farms - W 1/2 4-9-13 (site 4),9ac5f278-7103-4c7e-a7ee-f10c33ef27f3,Symo Advanced 24.0-3 480 (2),24.0,parsed_from_inverter_name,206.64,month,devwork
2023-08-12,f9342ead-59a2-4c58-b54c-0ae4ab16c9da,Penner Farms - W 1/2 4-9-13 (site 4),fb5c3a62-e511-4a4a-8833-ae0501629275,Symo  24.0-3 480 (1),24.0,parsed_from_inverter_name,108.42,month,devwork
2023-08-12,f9342ead-59a2-4c58-b54c-0ae4ab16c9da,Penner Farms - W 1/2 4-9-13 (site 4),9ac5f278-7103-4c7e-a7ee-f10c33ef27f3,Symo Advanced 24.0-3 480 (2),24.0,parsed_from_inverter_name,111.52,month,devwork
2023-08-13,f9342ead-59a2-4c58-b54c-0ae4ab16c9da,Penner Farms - W 1/2 4-9-13 (site 4),fb5c3a62-e511-4a4a-8833-ae0501629275,Symo  24.0-3 480 (1),24.0,parsed_from_inverter_name,202.48,month,devwork
2023-08-13,f9342ead-59a2-4c58-b54c-0ae4ab16c9da,Penner Farms - W 1/2 4-9-13 (site 4),9ac5f278-7103-4c7e-a7ee-f10c33ef27f3,Symo Advanced 24.0-3 480 (2),24.0,parsed_from_inverter_name,205.48,month,devwork
2023-08-14,f9342ead-59a2-4c58-b54c-0ae4ab16c9da,Penner Farms - W 1/2 4-9-13 (site 4),fb5c3a62-e511-4a4a-8833-ae0501629275,Symo  24.0-3 480 (1),24.0,parsed_from_inverter_name,198.31,month,devwork
2023-08-14,f9342ead-59a2-4c58-b54c-0ae4ab16c9da,Penner Farms - W 1/2 4-9-13 (site 4),9ac5f278-7103-4c7e-a7ee-f10c33ef27f3,Symo Advanced 24.0-3 480 (2),24.0,parsed_from_inverter_name,201.68,month,devwork
2023-08-15,f9342ead-59a2-4c58-b54c-0ae4ab16c9da,Penner Farms - W 1/2 4-9-13 (site 4),fb5c3a62-e511-4a4a-8833-ae0501629275,Symo  24.0-3 480 (1),24.0,parsed_from_inverter_name,197.68,month,devwork
2023-08-15,f9342ead-59a2-4c58-b54c-0ae4ab16c9da,Penner Farms - W 1/2 4-9-13 (site 4),9ac5f278-7103-4c7e-a7ee-f10c33ef27f3,Symo Advanced 24.0-3 480 (2),24.0,parsed_from_inverter_name,201.27,month,devwork
2023-08-16,f9342ead-59a2-4c58-b54c-0ae4ab16c9da,Penner Farms - W 1/2 4-9-13 (site 4),fb5c3a62-e511-4a4a-8833-ae0501629275,Symo  24.0-3 480 (1),24.0,parsed_from_inverter_name,187.48,month,devwork
2023-08-16,f9342ead-59a2-4c58-b54c-0ae4ab16c9da,Penner Farms - W 1/2 4-9-13 (site 4),9ac5f278-7103-4c7e-a7ee-f10c33ef27f3,Symo Advanced 24.0-3 480 (2),24.0,parsed_from_inverter_name,191.83,month,devwork
2023-08-17,f9342ead-59a2-4c58-b54c-0ae4ab16c9da,Penner Farms - W 1/2 4-9-13 (site 4),fb5c3a62-e511-4a4a-8833-ae0501629275,Symo  24.0-3 480 (1),24.0,parsed_from_inverter_name,157.75,month,devwork
2023-08-17,f9342ead-59a2-4c58-b54c-0ae4ab16c9da,Penner Farms - W 1/2 4-9-13 (site 4),9ac5f278-7103-4c7e-a7ee-f10c33ef27f3,Symo Advanced 24.0-3 480 (2),24.0,parsed_from_inverter_name,162.21,month,devwork
2023-08-18,f9342ead-59a2-4c58-b54c-0ae4ab16c9da,Penner Farms - W 1/2 4-9-13 (site 4),fb5c3a62-e511-4a4a-8833-ae0501629275,Symo  24.0-3 480 (1),24.0,parsed_from_inverter_name,158.35,month,devwork
2023-08-18,f9342ead-59a2-4c58-b54c-0ae4ab16c9da,Penner Farms - W 1/2 4-9-13 (site 4),9ac5f278-7103-4c7e-a7ee-f10c33ef27f3,Symo Advanced 24.0-3 480 (2),24.0,parsed_from_inverter_name,161.23,month,devwork
2023-08-19,f9342ead-59a2-4c58-b54c-0ae4ab16c9da,Penner Farms - W 1/2 4-9-13 (site 4),fb5c3a62-e511-4a4a-8833-ae0501629275,Symo  24.0-3 480 (1),24.0,parsed_from_inverter_name,139.81,month,devwork
2023-08-19,f9342ead-59a2-4c58-b54c-0ae4ab16c9da,Penner Farms - W 1/2 4-9-13 (site 4),9ac5f278-7103-4c7e-a7ee-f10c33ef27f3,Symo Advanced 24.0-3 480 (2),24.0,parsed_from_inverter_name,143.84,month,devwork
2023-08-20,f9342ead-59a2-4c58-b54c-0ae4ab16c9da,Penner Farms - W 1/2 4-9-13 (site 4),fb5c3a62-e511-4a4a-8833-ae0501629275,Symo  24.0-3 480 (1),24.0,parsed_from_inverter_name,113.54,month,devwork
2023-08-20,f9342ead-59a2-4c58-b54c-0ae4ab16c9da,Penner Farms - W 1/2 4-9-13 (site 4),9ac5f278-7103-4c7e-a7ee-f10c33ef27f3,Symo Advanced 24.0-3 480 (2),24.0,parsed_from_inverter_name,116.7,month,devwork
2023-08-21,f9342ead-59a2-4c58-b54c-0ae4ab16c9da,Penner Farms - W 1/2 4-9-13 (site 4),fb5c3a62-e511-4a4a-8833-ae0501629275,Symo  24.0-3 480 (1),24.0,parsed_from_inverter_name,50.26,month,devwork
2023-08-21,f9342ead-59a2-4c58-b54c-0ae4ab16c9da,Penner Farms - W 1/2 4-9-13 (site 4),9ac5f278-7103-4c7e-a7ee-f10c33ef27f3,Symo Advanced 24.0-3 480 (2),24.0,parsed_from_inverter_name,51.83,month,devwork
2023-08-22,f9342ead-59a2-4c58-b54c-0ae4ab16c9da,Penner Farms - W 1/2 4-9-13 (site 4),fb5c3a62-e511-4a4a-8833-ae0501629275,Symo  24.0-3 480 (1),24.0,parsed_from_inverter_name,114.56,month,devwork
2023-08-22,f9342ead-59a2-4c58-b54c-0ae4ab16c9da,Penner Farms - W 1/2 4-9-13 (site 4),9ac5f278-7103-4c7e-a7ee-f10c33ef27f3,Symo Advanced 24.0-3 480 (2),24.0,parsed_from_inverter_name,117.11,month,devwork
2023-08-23,f9342ead-59a2-4c58-b54c-0ae4ab16c9da,Penner Farms - W 1/2 4-9-13 (site 4),fb5c3a62-e511-4a4a-8833-ae0501629275,Symo  24.0-3 480 (1),24.0,parsed_from_inverter_name,170.18,month,devwork
2023-08-23,f9342ead-59a2-4c58-b54c-0ae4ab16c9da,Penner Farms - W 1/2 4-9-13 (site 4),9ac5f278-7103-4c7e-a7ee-f10c33ef27f3,Symo Advanced 24.0-3 480 (2),24.0,parsed_from_inverter_name,173.31,month,devwork
2023-08-24,f9342ead-59a2-4c58-b54c-0ae4ab16c9da,Penner Farms - W 1/2 4-9-13 (site 4),fb5c3a62-e511-4a4a-8833-ae0501629275,Symo  24.0-3 480 (1),24.0,parsed_from_inverter_name,191.76,month,devwork
2023-08-24,f9342ead-59a2-4c58-b54c-0ae4ab16c9da,Penner Farms - W 1/2 4-9-13 (site 4),9ac5f278-7103-4c7e-a7ee-f10c33ef27f3,Symo Advanced 24.0-3 480 (2),24.0,parsed_from_inverter_name,194.16,month,devwork
2023-08-25,f9342ead-59a2-4c58-b54c-0ae4ab16c9da,Penner Farms - W 1/2 4-9-13 (site 4),fb5c3a62-e511-4a4a-8833-ae0501629275,Symo  24.0-3 480 (1),24.0,parsed_from_inverter_name,189.17,month,devwork
2023-08-25,f9342ead-59a2-4c58-b54c-0ae4ab16c9da,Penner Farms - W 1/2 4-9-13 (site 4),9ac5f278-7103-4c7e-a7ee-f10c33ef27f3,Symo Advanced 24.0-3 480 (2),24.0,parsed_from_inverter_name,191.69,month,devwork
2023-08-26,f9342ead-59a2-4c58-b54c-0ae4ab16c9da,Penner Farms - W 1/2 4-9-13 (site 4),fb5c3a62-e511-4a4a-8833-ae0501629275,Symo  24.0-3 480 (1),24.0,parsed_from_inverter_name,195.61,month,devwork
2023-08-26,f9342ead-59a2-4c58-b54c-0ae4ab16c9da,Penner Farms - W 1/2 4-9-13 (site 4),9ac5f278-7103-4c7e-a7ee-f10c33ef27f3,Symo Advanced 24.0-3 480 (2),24.0,parsed_from_inverter_name,198.27,month,devwork
2023-08-27,f9342ead-59a2-4c58-b54c-0ae4ab16c9da,Penner Farms - W 1/2 4-9-13 (site 4),fb5c3a62-e511-4a4a-8833-ae0501629275,Symo  24.0-3 480 (1),24.0,parsed_from_inverter_name,182.92,month,devwork
2023-08-27,f9342ead-59a2-4c58-b54c-0ae4ab16c9da,Penner Farms - W 1/2 4-9-13 (site 4),9ac5f278-7103-4c7e-a7ee-f10c33ef27f3,Symo Advanced 24.0-3 480 (2),24.0,parsed_from_inverter_name,186.63,month,devwork
2023-08-28,f9342ead-59a2-4c58-b54c-0ae4ab16c9da,Penner Farms - W 1/2 4-9-13 (site 4),fb5c3a62-e511-4a4a-8833-ae0501629275,Symo  24.0-3 480 (1),24.0,parsed_from_inverter_name,184.61,month,devwork
2023-08-28,f9342ead-59a2-4c58-b54c-0ae4ab16c9da,Penner Farms - W 1/2 4-9-13 (site 4),9ac5f278-7103-4c7e-a7ee-f10c33ef27f3,Symo Advanced 24.0-3 480 (2),24.0,parsed_from_inverter_name,188.6,month,devwork
2023-08-29,f9342ead-59a2-4c58-b54c-0ae4ab16c9da,Penner Farms - W 1/2 4-9-13 (site 4),fb5c3a62-e511-4a4a-8833-ae0501629275,Symo  24.0-3 480 (1),24.0,parsed_from_inverter_name,186.24,month,devwork
2023-08-29,f9342ead-59a2-4c58-b54c-0ae4ab16c9da,Penner Farms - W 1/2 4-9-13 (site 4),9ac5f278-7103-4c7e-a7ee-f10c33ef27f3,Symo Advanced 24.0-3 480 (2),24.0,parsed_from_inverter_name,190.05,month,devwork
2023-08-30,f9342ead-59a2-4c58-b54c-0ae4ab16c9da,Penner Farms - W 1/2 4-9-13 (site 4),fb5c3a62-e511-4a4a-8833-ae0501629275,Symo  24.0-3 480 (1),24.0,parsed_from_inverter_name,147.7,month,devwork
2023-08-30,f9342ead-59a2-4c58-b54c-0ae4ab16c9da,Penner Farms - W 1/2 4-9-13 (site 4),9ac5f278-7103-4c7e-a7ee-f10c33ef27f3,Symo Advanced 24.0-3 480 (2),24.0,parsed_from_inverter_name,150.27,month,devwork
2023-08-31,f9342ead-59a2-4c58-b54c-0ae4ab16c9da,Penner Farms - W 1/2 4-9-13 (site 4),fb5c3a62-e511-4a4a-8833-ae0501629275,Symo  24.0-3 480 (1),24.0,parsed_from_inverter_name,111.79,month,devwork
2023-08-31,f9342ead-59a2-4c58-b54c-0ae4ab16c9da,Penner Farms - W 1/2 4-9-13 (site 4),9ac5f278-7103-4c7e-a7ee-f10c33ef27f3,Symo Advanced 24.0-3 480 (2),24.0,parsed_from_inverter_name,114.58,month,devwork
2023-09-01,f9342ead-59a2-4c58-b54c-0ae4ab16c9da,Penner Farms - W 1/2 4-9-13 (site 4),fb5c3a62-e511-4a4a-8833-ae0501629275,Symo  24.0-3 480 (1),24.0,parsed_from_inverter_name,170.42,month,devwork
2023-09-01,f9342ead-59a2-4c58-b54c-0ae4ab16c9da,Penner Farms - W 1/2 4-9-13 (site 4),9ac5f278-7103-4c7e-a7ee-f10c33ef27f3,Symo Advanced 24.0-3 480 (2),24.0,parsed_from_inverter_name,173.8,month,devwork
2023-09-02,f9342ead-59a2-4c58-b54c-0ae4ab16c9da,Penner Farms - W 1/2 4-9-13 (site 4),fb5c3a62-e511-4a4a-8833-ae0501629275,Symo  24.0-3 480 (1),24.0,parsed_from_inverter_name,187.19,month,devwork
2023-09-02,f9342ead-59a2-4c58-b54c-0ae4ab16c9da,Penner Farms - W 1/2 4-9-13 (site 4),9ac5f278-7103-4c7e-a7ee-f10c33ef27f3,Symo Advanced 24.0-3 480 (2),24.0,parsed_from_inverter_name,190.14,month,devwork
2023-09-03,f9342ead-59a2-4c58-b54c-0ae4ab16c9da,Penner Farms - W 1/2 4-9-13 (site 4),fb5c3a62-e511-4a4a-8833-ae0501629275,Symo  24.0-3 480 (1),24.0,parsed_from_inverter_name,96.82,month,devwork
2023-09-03,f9342ead-59a2-4c58-b54c-0ae4ab16c9da,Penner Farms - W 1/2 4-9-13 (site 4),9ac5f278-7103-4c7e-a7ee-f10c33ef27f3,Symo Advanced 24.0-3 480 (2),24.0,parsed_from_inverter_name,99.53,month,devwork
2023-09-04,f9342ead-59a2-4c58-b54c-0ae4ab16c9da,Penner Farms - W 1/2 4-9-13 (site 4),fb5c3a62-e511-4a4a-8833-ae0501629275,Symo  24.0-3 480 (1),24.0,parsed_from_inverter_name,68.08,month,devwork
2023-09-04,f9342ead-59a2-4c58-b54c-0ae4ab16c9da,Penner Farms - W 1/2 4-9-13 (site 4),9ac5f278-7103-4c7e-a7ee-f10c33ef27f3,Symo Advanced 24.0-3 480 (2),24.0,parsed_from_inverter_name,70.07,month,devwork
2023-09-05,f9342ead-59a2-4c58-b54c-0ae4ab16c9da,Penner Farms - W 1/2 4-9-13 (site 4),fb5c3a62-e511-4a4a-8833-ae0501629275,Symo  24.0-3 480 (1),24.0,parsed_from_inverter_name,127.82,month,devwork
2023-09-05,f9342ead-59a2-4c58-b54c-0ae4ab16c9da,Penner Farms - W 1/2 4-9-13 (site 4),9ac5f278-7103-4c7e-a7ee-f10c33ef27f3,Symo Advanced 24.0-3 480 (2),24.0,parsed_from_inverter_name,131.18,month,devwork
2023-09-06,f9342ead-59a2-4c58-b54c-0ae4ab16c9da,Penner Farms - W 1/2 4-9-13 (site 4),fb5c3a62-e511-4a4a-8833-ae0501629275,Symo  24.0-3 480 (1),24.0,parsed_from_inverter_name,146.83,month,devwork
2023-09-06,f9342ead-59a2-4c58-b54c-0ae4ab16c9da,Penner Farms - W 1/2 4-9-13 (site 4),9ac5f278-7103-4c7e-a7ee-f10c33ef27f3,Symo Advanced 24.0-3 480 (2),24.0,parsed_from_inverter_name,149.14,month,devwork
2023-09-07,f9342ead-59a2-4c58-b54c-0ae4ab16c9da,Penner Farms - W 1/2 4-9-13 (site 4),fb5c3a62-e511-4a4a-8833-ae0501629275,Symo  24.0-3 480 (1),24.0,parsed_from_inverter_name,173.19,month,devwork
2023-09-07,f9342ead-59a2-4c58-b54c-0ae4ab16c9da,Penner Farms - W 1/2 4-9-13 (site 4),9ac5f278-7103-4c7e-a7ee-f10c33ef27f3,Symo Advanced 24.0-3 480 (2),24.0,parsed_from_inverter_name,175.67,month,devwork
2023-09-08,f9342ead-59a2-4c58-b54c-0ae4ab16c9da,Penner Farms - W 1/2 4-9-13 (site 4),fb5c3a62-e511-4a4a-8833-ae0501629275,Symo  24.0-3 480 (1),24.0,parsed_from_inverter_name,88.13,month,devwork
2023-09-08,f9342ead-59a2-4c58-b54c-0ae4ab16c9da,Penner Farms - W 1/2 4-9-13 (site 4),9ac5f278-7103-4c7e-a7ee-f10c33ef27f3,Symo Advanced 24.0-3 480 (2),24.0,parsed_from_inverter_name,90.26,month,devwork
2023-09-09,f9342ead-59a2-4c58-b54c-0ae4ab16c9da,Penner Farms - W 1/2 4-9-13 (site 4),fb5c3a62-e511-4a4a-8833-ae0501629275,Symo  24.0-3 480 (1),24.0,parsed_from_inverter_name,183.59,month,devwork
2023-09-09,f9342ead-59a2-4c58-b54c-0ae4ab16c9da,Penner Farms - W 1/2 4-9-13 (site 4),9ac5f278-7103-4c7e-a7ee-f10c33ef27f3,Symo Advanced 24.0-3 480 (2),24.0,parsed_from_inverter_name,186.16,month,devwork
2023-09-10,f9342ead-59a2-4c58-b54c-0ae4ab16c9da,Penner Farms - W 1/2 4-9-13 (site 4),fb5c3a62-e511-4a4a-8833-ae0501629275,Symo  24.0-3 480 (1),24.0,parsed_from_inverter_name,190.73,month,devwork
2023-09-10,f9342ead-59a2-4c58-b54c-0ae4ab16c9da,Penner Farms - W 1/2 4-9-13 (site 4),9ac5f278-7103-4c7e-a7ee-f10c33ef27f3,Symo Advanced 24.0-3 480 (2),24.0,parsed_from_inverter_name,193.5,month,devwork
2023-09-11,f9342ead-59a2-4c58-b54c-0ae4ab16c9da,Penner Farms - W 1/2 4-9-13 (site 4),fb5c3a62-e511-4a4a-8833-ae0501629275,Symo  24.0-3 480 (1),24.0,parsed_from_inverter_name,181.93,month,devwork
2023-09-11,f9342ead-59a2-4c58-b54c-0ae4ab16c9da,Penner Farms - W 1/2 4-9-13 (site 4),9ac5f278-7103-4c7e-a7ee-f10c33ef27f3,Symo Advanced 24.0-3 480 (2),24.0,parsed_from_inverter_name,184.66,month,devwork
2023-09-12,f9342ead-59a2-4c58-b54c-0ae4ab16c9da,Penner Farms - W 1/2 4-9-13 (site 4),fb5c3a62-e511-4a4a-8833-ae0501629275,Symo  24.0-3 480 (1),24.0,parsed_from_inverter_name,134.15,month,devwork
2023-09-12,f9342ead-59a2-4c58-b54c-0ae4ab16c9da,Penner Farms - W 1/2 4-9-13 (site 4),9ac5f278-7103-4c7e-a7ee-f10c33ef27f3,Symo Advanced 24.0-3 480 (2),24.0,parsed_from_inverter_name,136.7,month,devwork
2023-09-13,f9342ead-59a2-4c58-b54c-0ae4ab16c9da,Penner Farms - W 1/2 4-9-13 (site 4),fb5c3a62-e511-4a4a-8833-ae0501629275,Symo  24.0-3 480 (1),24.0,parsed_from_inverter_name,151.14,month,devwork
2023-09-13,f9342ead-59a2-4c58-b54c-0ae4ab16c9da,Penner Farms - W 1/2 4-9-13 (site 4),9ac5f278-7103-4c7e-a7ee-f10c33ef27f3,Symo Advanced 24.0-3 480 (2),24.0,parsed_from_inverter_name,154.11,month,devwork
2023-09-14,f9342ead-59a2-4c58-b54c-0ae4ab16c9da,Penner Farms - W 1/2 4-9-13 (site 4),fb5c3a62-e511-4a4a-8833-ae0501629275,Symo  24.0-3 480 (1),24.0,parsed_from_inverter_name,177.72,month,devwork
2023-09-14,f9342ead-59a2-4c58-b54c-0ae4ab16c9da,Penner Farms - W 1/2 4-9-13 (site 4),9ac5f278-7103-4c7e-a7ee-f10c33ef27f3,Symo Advanced 24.0-3 480 (2),24.0,parsed_from_inverter_name,180.77,month,devwork
2023-09-15,f9342ead-59a2-4c58-b54c-0ae4ab16c9da,Penner Farms - W 1/2 4-9-13 (site 4),fb5c3a62-e511-4a4a-8833-ae0501629275,Symo  24.0-3 480 (1),24.0,parsed_from_inverter_name,182.25,month,devwork
2023-09-15,f9342ead-59a2-4c58-b54c-0ae4ab16c9da,Penner Farms - W 1/2 4-9-13 (site 4),9ac5f278-7103-4c7e-a7ee-f10c33ef27f3,Symo Advanced 24.0-3 480 (2),24.0,parsed_from_inverter_name,185.79,month,devwork
2023-09-16,f9342ead-59a2-4c58-b54c-0ae4ab16c9da,Penner Farms - W 1/2 4-9-13 (site 4),fb5c3a62-e511-4a4a-8833-ae0501629275,Symo  24.0-3 480 (1),24.0,parsed_from_inverter_name,184.68,month,devwork
2023-09-16,f9342ead-59a2-4c58-b54c-0ae4ab16c9da,Penner Farms - W 1/2 4-9-13 (site 4),9ac5f278-7103-4c7e-a7ee-f10c33ef27f3,Symo Advanced 24.0-3 480 (2),24.0,parsed_from_inverter_name,187.57,month,devwork
2023-09-17,f9342ead-59a2-4c58-b54c-0ae4ab16c9da,Penner Farms - W 1/2 4-9-13 (site 4),fb5c3a62-e511-4a4a-8833-ae0501629275,Symo  24.0-3 480 (1),24.0,parsed_from_inverter_name,91.48,month,devwork
2023-09-17,f9342ead-59a2-4c58-b54c-0ae4ab16c9da,Penner Farms - W 1/2 4-9-13 (site 4),9ac5f278-7103-4c7e-a7ee-f10c33ef27f3,Symo Advanced 24.0-3 480 (2),24.0,parsed_from_inverter_name,94.17,month,devwork
2023-09-18,f9342ead-59a2-4c58-b54c-0ae4ab16c9da,Penner Farms - W 1/2 4-9-13 (site 4),fb5c3a62-e511-4a4a-8833-ae0501629275,Symo  24.0-3 480 (1),24.0,parsed_from_inverter_name,146.29,month,devwork
2023-09-18,f9342ead-59a2-4c58-b54c-0ae4ab16c9da,Penner Farms - W 1/2 4-9-13 (site 4),9ac5f278-7103-4c7e-a7ee-f10c33ef27f3,Symo Advanced 24.0-3 480 (2),24.0,parsed_from_inverter_name,149.57,month,devwork
2023-09-19,f9342ead-59a2-4c58-b54c-0ae4ab16c9da,Penner Farms - W 1/2 4-9-13 (site 4),fb5c3a62-e511-4a4a-8833-ae0501629275,Symo  24.0-3 480 (1),24.0,parsed_from_inverter_name,112.48,month,devwork
2023-09-19,f9342ead-59a2-4c58-b54c-0ae4ab16c9da,Penner Farms - W 1/2 4-9-13 (site 4),9ac5f278-7103-4c7e-a7ee-f10c33ef27f3,Symo Advanced 24.0-3 480 (2),24.0,parsed_from_inverter_name,115.3,month,devwork
2023-09-20,f9342ead-59a2-4c58-b54c-0ae4ab16c9da,Penner Farms - W 1/2 4-9-13 (site 4),fb5c3a62-e511-4a4a-8833-ae0501629275,Symo  24.0-3 480 (1),24.0,parsed_from_inverter_name,157.41,month,devwork
2023-09-20,f9342ead-59a2-4c58-b54c-0ae4ab16c9da,Penner Farms - W 1/2 4-9-13 (site 4),9ac5f278-7103-4c7e-a7ee-f10c33ef27f3,Symo Advanced 24.0-3 480 (2),24.0,parsed_from_inverter_name,160.45,month,devwork
2023-09-21,f9342ead-59a2-4c58-b54c-0ae4ab16c9da,Penner Farms - W 1/2 4-9-13 (site 4),fb5c3a62-e511-4a4a-8833-ae0501629275,Symo  24.0-3 480 (1),24.0,parsed_from_inverter_name,150.49,month,devwork
2023-09-21,f9342ead-59a2-4c58-b54c-0ae4ab16c9da,Penner Farms - W 1/2 4-9-13 (site 4),9ac5f278-7103-4c7e-a7ee-f10c33ef27f3,Symo Advanced 24.0-3 480 (2),24.0,parsed_from_inverter_name,152.91,month,devwork
2023-09-22,f9342ead-59a2-4c58-b54c-0ae4ab16c9da,Penner Farms - W 1/2 4-9-13 (site 4),fb5c3a62-e511-4a4a-8833-ae0501629275,Symo  24.0-3 480 (1),24.0,parsed_from_inverter_name,30.55,month,devwork
2023-09-22,f9342ead-59a2-4c58-b54c-0ae4ab16c9da,Penner Farms - W 1/2 4-9-13 (site 4),9ac5f278-7103-4c7e-a7ee-f10c33ef27f3,Symo Advanced 24.0-3 480 (2),24.0,parsed_from_inverter_name,31.5,month,devwork
2023-09-23,f9342ead-59a2-4c58-b54c-0ae4ab16c9da,Penner Farms - W 1/2 4-9-13 (site 4),fb5c3a62-e511-4a4a-8833-ae0501629275,Symo  24.0-3 480 (1),24.0,parsed_from_inverter_name,131.35,month,devwork
2023-09-23,f9342ead-59a2-4c58-b54c-0ae4ab16c9da,Penner Farms - W 1/2 4-9-13 (site 4),9ac5f278-7103-4c7e-a7ee-f10c33ef27f3,Symo Advanced 24.0-3 480 (2),24.0,parsed_from_inverter_name,135.04,month,devwork
2023-09-24,f9342ead-59a2-4c58-b54c-0ae4ab16c9da,Penner Farms - W 1/2 4-9-13 (site 4),fb5c3a62-e511-4a4a-8833-ae0501629275,Symo  24.0-3 480 (1),24.0,parsed_from_inverter_name,129.8,month,devwork
2023-09-24,f9342ead-59a2-4c58-b54c-0ae4ab16c9da,Penner Farms - W 1/2 4-9-13 (site 4),9ac5f278-7103-4c7e-a7ee-f10c33ef27f3,Symo Advanced 24.0-3 480 (2),24.0,parsed_from_inverter_name,133.05,month,devwork
2023-09-25,f9342ead-59a2-4c58-b54c-0ae4ab16c9da,Penner Farms - W 1/2 4-9-13 (site 4),fb5c3a62-e511-4a4a-8833-ae0501629275,Symo  24.0-3 480 (1),24.0,parsed_from_inverter_name,118.6,month,devwork
2023-09-25,f9342ead-59a2-4c58-b54c-0ae4ab16c9da,Penner Farms - W 1/2 4-9-13 (site 4),9ac5f278-7103-4c7e-a7ee-f10c33ef27f3,Symo Advanced 24.0-3 480 (2),24.0,parsed_from_inverter_name,121.58,month,devwork
2023-09-26,f9342ead-59a2-4c58-b54c-0ae4ab16c9da,Penner Farms - W 1/2 4-9-13 (site 4),fb5c3a62-e511-4a4a-8833-ae0501629275,Symo  24.0-3 480 (1),24.0,parsed_from_inverter_name,142.7,month,devwork
2023-09-26,f9342ead-59a2-4c58-b54c-0ae4ab16c9da,Penner Farms - W 1/2 4-9-13 (site 4),9ac5f278-7103-4c7e-a7ee-f10c33ef27f3,Symo Advanced 24.0-3 480 (2),24.0,parsed_from_inverter_name,145.71,month,devwork
2023-09-27,f9342ead-59a2-4c58-b54c-0ae4ab16c9da,Penner Farms - W 1/2 4-9-13 (site 4),fb5c3a62-e511-4a4a-8833-ae0501629275,Symo  24.0-3 480 (1),24.0,parsed_from_inverter_name,130.81,month,devwork
2023-09-27,f9342ead-59a2-4c58-b54c-0ae4ab16c9da,Penner Farms - W 1/2 4-9-13 (site 4),9ac5f278-7103-4c7e-a7ee-f10c33ef27f3,Symo Advanced 24.0-3 480 (2),24.0,parsed_from_inverter_name,133.63,month,devwork
2023-09-28,f9342ead-59a2-4c58-b54c-0ae4ab16c9da,Penner Farms - W 1/2 4-9-13 (site 4),fb5c3a62-e511-4a4a-8833-ae0501629275,Symo  24.0-3 480 (1),24.0,parsed_from_inverter_name,170.6,month,devwork
2023-09-28,f9342ead-59a2-4c58-b54c-0ae4ab16c9da,Penner Farms - W 1/2 4-9-13 (site 4),9ac5f278-7103-4c7e-a7ee-f10c33ef27f3,Symo Advanced 24.0-3 480 (2),24.0,parsed_from_inverter_name,173.34,month,devwork
2023-09-29,f9342ead-59a2-4c58-b54c-0ae4ab16c9da,Penner Farms - W 1/2 4-9-13 (site 4),fb5c3a62-e511-4a4a-8833-ae0501629275,Symo  24.0-3 480 (1),24.0,parsed_from_inverter_name,140.16,month,devwork
2023-09-29,f9342ead-59a2-4c58-b54c-0ae4ab16c9da,Penner Farms - W 1/2 4-9-13 (site 4),9ac5f278-7103-4c7e-a7ee-f10c33ef27f3,Symo Advanced 24.0-3 480 (2),24.0,parsed_from_inverter_name,143.2,month,devwork
2023-09-30,f9342ead-59a2-4c58-b54c-0ae4ab16c9da,Penner Farms - W 1/2 4-9-13 (site 4),fb5c3a62-e511-4a4a-8833-ae0501629275,Symo  24.0-3 480 (1),24.0,parsed_from_inverter_name,18.17,month,devwork
2023-09-30,f9342ead-59a2-4c58-b54c-0ae4ab16c9da,Penner Farms - W 1/2 4-9-13 (site 4),9ac5f278-7103-4c7e-a7ee-f10c33ef27f3,Symo Advanced 24.0-3 480 (2),24.0,parsed_from_inverter_name,18.8,month,devwork
2023-10-01,f9342ead-59a2-4c58-b54c-0ae4ab16c9da,Penner Farms - W 1/2 4-9-13 (site 4),fb5c3a62-e511-4a4a-8833-ae0501629275,Symo  24.0-3 480 (1),24.0,parsed_from_inverter_name,14.88,month,devwork
2023-10-01,f9342ead-59a2-4c58-b54c-0ae4ab16c9da,Penner Farms - W 1/2 4-9-13 (site 4),9ac5f278-7103-4c7e-a7ee-f10c33ef27f3,Symo Advanced 24.0-3 480 (2),24.0,parsed_from_inverter_name,15.36,month,devwork
2023-10-02,f9342ead-59a2-4c58-b54c-0ae4ab16c9da,Penner Farms - W 1/2 4-9-13 (site 4),fb5c3a62-e511-4a4a-8833-ae0501629275,Symo  24.0-3 480 (1),24.0,parsed_from_inverter_name,158.81,month,devwork
2023-10-02,f9342ead-59a2-4c58-b54c-0ae4ab16c9da,Penner Farms - W 1/2 4-9-13 (site 4),9ac5f278-7103-4c7e-a7ee-f10c33ef27f3,Symo Advanced 24.0-3 480 (2),24.0,parsed_from_inverter_name,161.44,month,devwork
2023-10-03,f9342ead-59a2-4c58-b54c-0ae4ab16c9da,Penner Farms - W 1/2 4-9-13 (site 4),fb5c3a62-e511-4a4a-8833-ae0501629275,Symo  24.0-3 480 (1),24.0,parsed_from_inverter_name,135.81,month,devwork
2023-10-03,f9342ead-59a2-4c58-b54c-0ae4ab16c9da,Penner Farms - W 1/2 4-9-13 (site 4),9ac5f278-7103-4c7e-a7ee-f10c33ef27f3,Symo Advanced 24.0-3 480 (2),24.0,parsed_from_inverter_name,135.83,month,devwork
2023-10-04,f9342ead-59a2-4c58-b54c-0ae4ab16c9da,Penner Farms - W 1/2 4-9-13 (site 4),fb5c3a62-e511-4a4a-8833-ae0501629275,Symo  24.0-3 480 (1),24.0,parsed_from_inverter_name,38.53,month,devwork
2023-10-04,f9342ead-59a2-4c58-b54c-0ae4ab16c9da,Penner Farms - W 1/2 4-9-13 (site 4),9ac5f278-7103-4c7e-a7ee-f10c33ef27f3,Symo Advanced 24.0-3 480 (2),24.0,parsed_from_inverter_name,39.74,month,devwork
2023-10-05,f9342ead-59a2-4c58-b54c-0ae4ab16c9da,Penner Farms - W 1/2 4-9-13 (site 4),fb5c3a62-e511-4a4a-8833-ae0501629275,Symo  24.0-3 480 (1),24.0,parsed_from_inverter_name,41.08,month,devwork
2023-10-05,f9342ead-59a2-4c58-b54c-0ae4ab16c9da,Penner Farms - W 1/2 4-9-13 (site 4),9ac5f278-7103-4c7e-a7ee-f10c33ef27f3,Symo Advanced 24.0-3 480 (2),24.0,parsed_from_inverter_name,42.9,month,devwork
2023-10-06,f9342ead-59a2-4c58-b54c-0ae4ab16c9da,Penner Farms - W 1/2 4-9-13 (site 4),fb5c3a62-e511-4a4a-8833-ae0501629275,Symo  24.0-3 480 (1),24.0,parsed_from_inverter_name,175.19,month,devwork
2023-10-06,f9342ead-59a2-4c58-b54c-0ae4ab16c9da,Penner Farms - W 1/2 4-9-13 (site 4),9ac5f278-7103-4c7e-a7ee-f10c33ef27f3,Symo Advanced 24.0-3 480 (2),24.0,parsed_from_inverter_name,114.12,month,devwork
2023-10-07,f9342ead-59a2-4c58-b54c-0ae4ab16c9da,Penner Farms - W 1/2 4-9-13 (site 4),fb5c3a62-e511-4a4a-8833-ae0501629275,Symo  24.0-3 480 (1),24.0,parsed_from_inverter_name,169.55,month,devwork
2023-10-07,f9342ead-59a2-4c58-b54c-0ae4ab16c9da,Penner Farms - W 1/2 4-9-13 (site 4),9ac5f278-7103-4c7e-a7ee-f10c33ef27f3,Symo Advanced 24.0-3 480 (2),24.0,parsed_from_inverter_name,173.47,month,devwork
2023-10-08,f9342ead-59a2-4c58-b54c-0ae4ab16c9da,Penner Farms - W 1/2 4-9-13 (site 4),fb5c3a62-e511-4a4a-8833-ae0501629275,Symo  24.0-3 480 (1),24.0,parsed_from_inverter_name,172.72,month,devwork
2023-10-08,f9342ead-59a2-4c58-b54c-0ae4ab16c9da,Penner Farms - W 1/2 4-9-13 (site 4),9ac5f278-7103-4c7e-a7ee-f10c33ef27f3,Symo Advanced 24.0-3 480 (2),24.0,parsed_from_inverter_name,176.41,month,devwork
2023-10-09,f9342ead-59a2-4c58-b54c-0ae4ab16c9da,Penner Farms - W 1/2 4-9-13 (site 4),fb5c3a62-e511-4a4a-8833-ae0501629275,Symo  24.0-3 480 (1),24.0,parsed_from_inverter_name,164.98,month,devwork
2023-10-09,f9342ead-59a2-4c58-b54c-0ae4ab16c9da,Penner Farms - W 1/2 4-9-13 (site 4),9ac5f278-7103-4c7e-a7ee-f10c33ef27f3,Symo Advanced 24.0-3 480 (2),24.0,parsed_from_inverter_name,106.47,month,devwork
2023-10-10,f9342ead-59a2-4c58-b54c-0ae4ab16c9da,Penner Farms - W 1/2 4-9-13 (site 4),fb5c3a62-e511-4a4a-8833-ae0501629275,Symo  24.0-3 480 (1),24.0,parsed_from_inverter_name,115.93,month,devwork
2023-10-10,f9342ead-59a2-4c58-b54c-0ae4ab16c9da,Penner Farms - W 1/2 4-9-13 (site 4),9ac5f278-7103-4c7e-a7ee-f10c33ef27f3,Symo Advanced 24.0-3 480 (2),24.0,parsed_from_inverter_name,85.83,month,devwork
2023-10-11,f9342ead-59a2-4c58-b54c-0ae4ab16c9da,Penner Farms - W 1/2 4-9-13 (site 4),fb5c3a62-e511-4a4a-8833-ae0501629275,Symo  24.0-3 480 (1),24.0,parsed_from_inverter_name,27.55,month,devwork
2023-10-11,f9342ead-59a2-4c58-b54c-0ae4ab16c9da,Penner Farms - W 1/2 4-9-13 (site 4),9ac5f278-7103-4c7e-a7ee-f10c33ef27f3,Symo Advanced 24.0-3 480 (2),24.0,parsed_from_inverter_name,28.52,month,devwork
2023-10-12,f9342ead-59a2-4c58-b54c-0ae4ab16c9da,Penner Farms - W 1/2 4-9-13 (site 4),fb5c3a62-e511-4a4a-8833-ae0501629275,Symo  24.0-3 480 (1),24.0,parsed_from_inverter_name,13.73,month,devwork
2023-10-12,f9342ead-59a2-4c58-b54c-0ae4ab16c9da,Penner Farms - W 1/2 4-9-13 (site 4),9ac5f278-7103-4c7e-a7ee-f10c33ef27f3,Symo Advanced 24.0-3 480 (2),24.0,parsed_from_inverter_name,14.23,month,devwork
2023-10-13,f9342ead-59a2-4c58-b54c-0ae4ab16c9da,Penner Farms - W 1/2 4-9-13 (site 4),fb5c3a62-e511-4a4a-8833-ae0501629275,Symo  24.0-3 480 (1),24.0,parsed_from_inverter_name,33.65,month,devwork
2023-10-13,f9342ead-59a2-4c58-b54c-0ae4ab16c9da,Penner Farms - W 1/2 4-9-13 (site 4),9ac5f278-7103-4c7e-a7ee-f10c33ef27f3,Symo Advanced 24.0-3 480 (2),24.0,parsed_from_inverter_name,34.79,month,devwork
2023-10-14,f9342ead-59a2-4c58-b54c-0ae4ab16c9da,Penner Farms - W 1/2 4-9-13 (site 4),fb5c3a62-e511-4a4a-8833-ae0501629275,Symo  24.0-3 480 (1),24.0,parsed_from_inverter_name,143.45,month,devwork
2023-10-14,f9342ead-59a2-4c58-b54c-0ae4ab16c9da,Penner Farms - W 1/2 4-9-13 (site 4),9ac5f278-7103-4c7e-a7ee-f10c33ef27f3,Symo Advanced 24.0-3 480 (2),24.0,parsed_from_inverter_name,147.09,month,devwork
2023-10-15,f9342ead-59a2-4c58-b54c-0ae4ab16c9da,Penner Farms - W 1/2 4-9-13 (site 4),fb5c3a62-e511-4a4a-8833-ae0501629275,Symo  24.0-3 480 (1),24.0,parsed_from_inverter_name,140.39,month,devwork
2023-10-15,f9342ead-59a2-4c58-b54c-0ae4ab16c9da,Penner Farms - W 1/2 4-9-13 (site 4),9ac5f278-7103-4c7e-a7ee-f10c33ef27f3,Symo Advanced 24.0-3 480 (2),24.0,parsed_from_inverter_name,143.78,month,devwork
2023-10-16,f9342ead-59a2-4c58-b54c-0ae4ab16c9da,Penner Farms - W 1/2 4-9-13 (site 4),fb5c3a62-e511-4a4a-8833-ae0501629275,Symo  24.0-3 480 (1),24.0,parsed_from_inverter_name,59.54,month,devwork
2023-10-16,f9342ead-59a2-4c58-b54c-0ae4ab16c9da,Penner Farms - W 1/2 4-9-13 (site 4),9ac5f278-7103-4c7e-a7ee-f10c33ef27f3,Symo Advanced 24.0-3 480 (2),24.0,parsed_from_inverter_name,61.41,month,devwork
2023-10-17,f9342ead-59a2-4c58-b54c-0ae4ab16c9da,Penner Farms - W 1/2 4-9-13 (site 4),fb5c3a62-e511-4a4a-8833-ae0501629275,Symo  24.0-3 480 (1),24.0,parsed_from_inverter_name,39.03,month,devwork
2023-10-17,f9342ead-59a2-4c58-b54c-0ae4ab16c9da,Penner Farms - W 1/2 4-9-13 (site 4),9ac5f278-7103-4c7e-a7ee-f10c33ef27f3,Symo Advanced 24.0-3 480 (2),24.0,parsed_from_inverter_name,40.36,month,devwork
2023-10-18,f9342ead-59a2-4c58-b54c-0ae4ab16c9da,Penner Farms - W 1/2 4-9-13 (site 4),fb5c3a62-e511-4a4a-8833-ae0501629275,Symo  24.0-3 480 (1),24.0,parsed_from_inverter_name,48.74,month,devwork
2023-10-18,f9342ead-59a2-4c58-b54c-0ae4ab16c9da,Penner Farms - W 1/2 4-9-13 (site 4),9ac5f278-7103-4c7e-a7ee-f10c33ef27f3,Symo Advanced 24.0-3 480 (2),24.0,parsed_from_inverter_name,50.25,month,devwork
2023-10-19,f9342ead-59a2-4c58-b54c-0ae4ab16c9da,Penner Farms - W 1/2 4-9-13 (site 4),fb5c3a62-e511-4a4a-8833-ae0501629275,Symo  24.0-3 480 (1),24.0,parsed_from_inverter_name,159.56,month,devwork
2023-10-19,f9342ead-59a2-4c58-b54c-0ae4ab16c9da,Penner Farms - W 1/2 4-9-13 (site 4),9ac5f278-7103-4c7e-a7ee-f10c33ef27f3,Symo Advanced 24.0-3 480 (2),24.0,parsed_from_inverter_name,90.08,month,devwork
2023-10-20,f9342ead-59a2-4c58-b54c-0ae4ab16c9da,Penner Farms - W 1/2 4-9-13 (site 4),fb5c3a62-e511-4a4a-8833-ae0501629275,Symo  24.0-3 480 (1),24.0,parsed_from_inverter_name,68.8,month,devwork
2023-10-20,f9342ead-59a2-4c58-b54c-0ae4ab16c9da,Penner Farms - W 1/2 4-9-13 (site 4),9ac5f278-7103-4c7e-a7ee-f10c33ef27f3,Symo Advanced 24.0-3 480 (2),24.0,parsed_from_inverter_name,71.29,month,devwork
2023-10-21,f9342ead-59a2-4c58-b54c-0ae4ab16c9da,Penner Farms - W 1/2 4-9-13 (site 4),fb5c3a62-e511-4a4a-8833-ae0501629275,Symo  24.0-3 480 (1),24.0,parsed_from_inverter_name,39.42,month,devwork
2023-10-21,f9342ead-59a2-4c58-b54c-0ae4ab16c9da,Penner Farms - W 1/2 4-9-13 (site 4),9ac5f278-7103-4c7e-a7ee-f10c33ef27f3,Symo Advanced 24.0-3 480 (2),24.0,parsed_from_inverter_name,41.04,month,devwork
2023-10-22,f9342ead-59a2-4c58-b54c-0ae4ab16c9da,Penner Farms - W 1/2 4-9-13 (site 4),fb5c3a62-e511-4a4a-8833-ae0501629275,Symo  24.0-3 480 (1),24.0,parsed_from_inverter_name,17.71,month,devwork
2023-10-22,f9342ead-59a2-4c58-b54c-0ae4ab16c9da,Penner Farms - W 1/2 4-9-13 (site 4),9ac5f278-7103-4c7e-a7ee-f10c33ef27f3,Symo Advanced 24.0-3 480 (2),24.0,parsed_from_inverter_name,18.35,month,devwork
2023-10-23,f9342ead-59a2-4c58-b54c-0ae4ab16c9da,Penner Farms - W 1/2 4-9-13 (site 4),fb5c3a62-e511-4a4a-8833-ae0501629275,Symo  24.0-3 480 (1),24.0,parsed_from_inverter_name,13.05,month,devwork
2023-10-23,f9342ead-59a2-4c58-b54c-0ae4ab16c9da,Penner Farms - W 1/2 4-9-13 (site 4),9ac5f278-7103-4c7e-a7ee-f10c33ef27f3,Symo Advanced 24.0-3 480 (2),24.0,parsed_from_inverter_name,13.49,month,devwork
2023-10-24,f9342ead-59a2-4c58-b54c-0ae4ab16c9da,Penner Farms - W 1/2 4-9-13 (site 4),fb5c3a62-e511-4a4a-8833-ae0501629275,Symo  24.0-3 480 (1),24.0,parsed_from_inverter_name,14.13,month,devwork
2023-10-24,f9342ead-59a2-4c58-b54c-0ae4ab16c9da,Penner Farms - W 1/2 4-9-13 (site 4),9ac5f278-7103-4c7e-a7ee-f10c33ef27f3,Symo Advanced 24.0-3 480 (2),24.0,parsed_from_inverter_name,17.5,month,devwork
2023-10-25,f9342ead-59a2-4c58-b54c-0ae4ab16c9da,Penner Farms - W 1/2 4-9-13 (site 4),fb5c3a62-e511-4a4a-8833-ae0501629275,Symo  24.0-3 480 (1),24.0,parsed_from_inverter_name,15.37,month,devwork
2023-10-25,f9342ead-59a2-4c58-b54c-0ae4ab16c9da,Penner Farms - W 1/2 4-9-13 (site 4),9ac5f278-7103-4c7e-a7ee-f10c33ef27f3,Symo Advanced 24.0-3 480 (2),24.0,parsed_from_inverter_name,19.06,month,devwork
2023-10-26,f9342ead-59a2-4c58-b54c-0ae4ab16c9da,Penner Farms - W 1/2 4-9-13 (site 4),fb5c3a62-e511-4a4a-8833-ae0501629275,Symo  24.0-3 480 (1),24.0,parsed_from_inverter_name,16.93,month,devwork
2023-10-26,f9342ead-59a2-4c58-b54c-0ae4ab16c9da,Penner Farms - W 1/2 4-9-13 (site 4),9ac5f278-7103-4c7e-a7ee-f10c33ef27f3,Symo Advanced 24.0-3 480 (2),24.0,parsed_from_inverter_name,20.6,month,devwork
2023-10-27,f9342ead-59a2-4c58-b54c-0ae4ab16c9da,Penner Farms - W 1/2 4-9-13 (site 4),fb5c3a62-e511-4a4a-8833-ae0501629275,Symo  24.0-3 480 (1),24.0,parsed_from_inverter_name,31.69,month,devwork
2023-10-27,f9342ead-59a2-4c58-b54c-0ae4ab16c9da,Penner Farms - W 1/2 4-9-13 (site 4),9ac5f278-7103-4c7e-a7ee-f10c33ef27f3,Symo Advanced 24.0-3 480 (2),24.0,parsed_from_inverter_name,41.17,month,devwork
2023-10-28,f9342ead-59a2-4c58-b54c-0ae4ab16c9da,Penner Farms - W 1/2 4-9-13 (site 4),fb5c3a62-e511-4a4a-8833-ae0501629275,Symo  24.0-3 480 (1),24.0,parsed_from_inverter_name,38.25,month,devwork
2023-10-28,f9342ead-59a2-4c58-b54c-0ae4ab16c9da,Penner Farms - W 1/2 4-9-13 (site 4),9ac5f278-7103-4c7e-a7ee-f10c33ef27f3,Symo Advanced 24.0-3 480 (2),24.0,parsed_from_inverter_name,61.06,month,devwork
2023-10-29,f9342ead-59a2-4c58-b54c-0ae4ab16c9da,Penner Farms - W 1/2 4-9-13 (site 4),fb5c3a62-e511-4a4a-8833-ae0501629275,Symo  24.0-3 480 (1),24.0,parsed_from_inverter_name,138.66,month,devwork
2023-10-29,f9342ead-59a2-4c58-b54c-0ae4ab16c9da,Penner Farms - W 1/2 4-9-13 (site 4),9ac5f278-7103-4c7e-a7ee-f10c33ef27f3,Symo Advanced 24.0-3 480 (2),24.0,parsed_from_inverter_name,161.47,month,devwork
2023-10-30,f9342ead-59a2-4c58-b54c-0ae4ab16c9da,Penner Farms - W 1/2 4-9-13 (site 4),fb5c3a62-e511-4a4a-8833-ae0501629275,Symo  24.0-3 480 (1),24.0,parsed_from_inverter_name,134.4,month,devwork
2023-10-30,f9342ead-59a2-4c58-b54c-0ae4ab16c9da,Penner Farms - W 1/2 4-9-13 (site 4),9ac5f278-7103-4c7e-a7ee-f10c33ef27f3,Symo Advanced 24.0-3 480 (2),24.0,parsed_from_inverter_name,139.75,month,devwork
2023-10-31,f9342ead-59a2-4c58-b54c-0ae4ab16c9da,Penner Farms - W 1/2 4-9-13 (site 4),fb5c3a62-e511-4a4a-8833-ae0501629275,Symo  24.0-3 480 (1),24.0,parsed_from_inverter_name,139.55,month,devwork
2023-10-31,f9342ead-59a2-4c58-b54c-0ae4ab16c9da,Penner Farms - W 1/2 4-9-13 (site 4),9ac5f278-7103-4c7e-a7ee-f10c33ef27f3,Symo Advanced 24.0-3 480 (2),24.0,parsed_from_inverter_name,143.98,month,devwork
2023-11-01,f9342ead-59a2-4c58-b54c-0ae4ab16c9da,Penner Farms - W 1/2 4-9-13 (site 4),fb5c3a62-e511-4a4a-8833-ae0501629275,Symo  24.0-3 480 (1),24.0,parsed_from_inverter_name,118.58,month,devwork
2023-11-01,f9342ead-59a2-4c58-b54c-0ae4ab16c9da,Penner Farms - W 1/2 4-9-13 (site 4),9ac5f278-7103-4c7e-a7ee-f10c33ef27f3,Symo Advanced 24.0-3 480 (2),24.0,parsed_from_inverter_name,123.27,month,devwork
2023-11-02,f9342ead-59a2-4c58-b54c-0ae4ab16c9da,Penner Farms - W 1/2 4-9-13 (site 4),fb5c3a62-e511-4a4a-8833-ae0501629275,Symo  24.0-3 480 (1),24.0,parsed_from_inverter_name,22.23,month,devwork
2023-11-02,f9342ead-59a2-4c58-b54c-0ae4ab16c9da,Penner Farms - W 1/2 4-9-13 (site 4),9ac5f278-7103-4c7e-a7ee-f10c33ef27f3,Symo Advanced 24.0-3 480 (2),24.0,parsed_from_inverter_name,23.18,month,devwork
2023-11-03,f9342ead-59a2-4c58-b54c-0ae4ab16c9da,Penner Farms - W 1/2 4-9-13 (site 4),fb5c3a62-e511-4a4a-8833-ae0501629275,Symo  24.0-3 480 (1),24.0,parsed_from_inverter_name,142.59,month,devwork
2023-11-03,f9342ead-59a2-4c58-b54c-0ae4ab16c9da,Penner Farms - W 1/2 4-9-13 (site 4),9ac5f278-7103-4c7e-a7ee-f10c33ef27f3,Symo Advanced 24.0-3 480 (2),24.0,parsed_from_inverter_name,147.1,month,devwork
2023-11-04,f9342ead-59a2-4c58-b54c-0ae4ab16c9da,Penner Farms - W 1/2 4-9-13 (site 4),fb5c3a62-e511-4a4a-8833-ae0501629275,Symo  24.0-3 480 (1),24.0,parsed_from_inverter_name,13.05,month,devwork
2023-11-04,f9342ead-59a2-4c58-b54c-0ae4ab16c9da,Penner Farms - W 1/2 4-9-13 (site 4),9ac5f278-7103-4c7e-a7ee-f10c33ef27f3,Symo Advanced 24.0-3 480 (2),24.0,parsed_from_inverter_name,13.62,month,devwork
2023-11-05,f9342ead-59a2-4c58-b54c-0ae4ab16c9da,Penner Farms - W 1/2 4-9-13 (site 4),fb5c3a62-e511-4a4a-8833-ae0501629275,Symo  24.0-3 480 (1),24.0,parsed_from_inverter_name,59.61,month,devwork
2023-11-05,f9342ead-59a2-4c58-b54c-0ae4ab16c9da,Penner Farms - W 1/2 4-9-13 (site 4),9ac5f278-7103-4c7e-a7ee-f10c33ef27f3,Symo Advanced 24.0-3 480 (2),24.0,parsed_from_inverter_name,61.98,month,devwork
2023-11-06,f9342ead-59a2-4c58-b54c-0ae4ab16c9da,Penner Farms - W 1/2 4-9-13 (site 4),fb5c3a62-e511-4a4a-8833-ae0501629275,Symo  24.0-3 480 (1),24.0,parsed_from_inverter_name,100.28,month,devwork
2023-11-06,f9342ead-59a2-4c58-b54c-0ae4ab16c9da,Penner Farms - W 1/2 4-9-13 (site 4),9ac5f278-7103-4c7e-a7ee-f10c33ef27f3,Symo Advanced 24.0-3 480 (2),24.0,parsed_from_inverter_name,103.42,month,devwork
2023-11-07,f9342ead-59a2-4c58-b54c-0ae4ab16c9da,Penner Farms - W 1/2 4-9-13 (site 4),fb5c3a62-e511-4a4a-8833-ae0501629275,Symo  24.0-3 480 (1),24.0,parsed_from_inverter_name,24.57,month,devwork
2023-11-07,f9342ead-59a2-4c58-b54c-0ae4ab16c9da,Penner Farms - W 1/2 4-9-13 (site 4),9ac5f278-7103-4c7e-a7ee-f10c33ef27f3,Symo Advanced 24.0-3 480 (2),24.0,parsed_from_inverter_name,25.78,month,devwork
2023-11-08,f9342ead-59a2-4c58-b54c-0ae4ab16c9da,Penner Farms - W 1/2 4-9-13 (site 4),fb5c3a62-e511-4a4a-8833-ae0501629275,Symo  24.0-3 480 (1),24.0,parsed_from_inverter_name,97.89,month,devwork
2023-11-08,f9342ead-59a2-4c58-b54c-0ae4ab16c9da,Penner Farms - W 1/2 4-9-13 (site 4),9ac5f278-7103-4c7e-a7ee-f10c33ef27f3,Symo Advanced 24.0-3 480 (2),24.0,parsed_from_inverter_name,101.75,month,devwork
2023-11-09,f9342ead-59a2-4c58-b54c-0ae4ab16c9da,Penner Farms - W 1/2 4-9-13 (site 4),fb5c3a62-e511-4a4a-8833-ae0501629275,Symo  24.0-3 480 (1),24.0,parsed_from_inverter_name,135.88,month,devwork
2023-11-09,f9342ead-59a2-4c58-b54c-0ae4ab16c9da,Penner Farms - W 1/2 4-9-13 (site 4),9ac5f278-7103-4c7e-a7ee-f10c33ef27f3,Symo Advanced 24.0-3 480 (2),24.0,parsed_from_inverter_name,140.48,month,devwork
2023-11-10,f9342ead-59a2-4c58-b54c-0ae4ab16c9da,Penner Farms - W 1/2 4-9-13 (site 4),fb5c3a62-e511-4a4a-8833-ae0501629275,Symo  24.0-3 480 (1),24.0,parsed_from_inverter_name,49.89,month,devwork
2023-11-10,f9342ead-59a2-4c58-b54c-0ae4ab16c9da,Penner Farms - W 1/2 4-9-13 (site 4),9ac5f278-7103-4c7e-a7ee-f10c33ef27f3,Symo Advanced 24.0-3 480 (2),24.0,parsed_from_inverter_name,52.97,month,devwork
2023-11-11,f9342ead-59a2-4c58-b54c-0ae4ab16c9da,Penner Farms - W 1/2 4-9-13 (site 4),fb5c3a62-e511-4a4a-8833-ae0501629275,Symo  24.0-3 480 (1),24.0,parsed_from_inverter_name,82.23,month,devwork
2023-11-11,f9342ead-59a2-4c58-b54c-0ae4ab16c9da,Penner Farms - W 1/2 4-9-13 (site 4),9ac5f278-7103-4c7e-a7ee-f10c33ef27f3,Symo Advanced 24.0-3 480 (2),24.0,parsed_from_inverter_name,85.75,month,devwork
2023-11-12,f9342ead-59a2-4c58-b54c-0ae4ab16c9da,Penner Farms - W 1/2 4-9-13 (site 4),fb5c3a62-e511-4a4a-8833-ae0501629275,Symo  24.0-3 480 (1),24.0,parsed_from_inverter_name,131.53,month,devwork
2023-11-12,f9342ead-59a2-4c58-b54c-0ae4ab16c9da,Penner Farms - W 1/2 4-9-13 (site 4),9ac5f278-7103-4c7e-a7ee-f10c33ef27f3,Symo Advanced 24.0-3 480 (2),24.0,parsed_from_inverter_name,135.75,month,devwork
2023-11-13,f9342ead-59a2-4c58-b54c-0ae4ab16c9da,Penner Farms - W 1/2 4-9-13 (site 4),fb5c3a62-e511-4a4a-8833-ae0501629275,Symo  24.0-3 480 (1),24.0,parsed_from_inverter_name,100.12,month,devwork
2023-11-13,f9342ead-59a2-4c58-b54c-0ae4ab16c9da,Penner Farms - W 1/2 4-9-13 (site 4),9ac5f278-7103-4c7e-a7ee-f10c33ef27f3,Symo Advanced 24.0-3 480 (2),24.0,parsed_from_inverter_name,103.9,month,devwork
2023-11-14,f9342ead-59a2-4c58-b54c-0ae4ab16c9da,Penner Farms - W 1/2 4-9-13 (site 4),fb5c3a62-e511-4a4a-8833-ae0501629275,Symo  24.0-3 480 (1),24.0,parsed_from_inverter_name,130.22,month,devwork
2023-11-14,f9342ead-59a2-4c58-b54c-0ae4ab16c9da,Penner Farms - W 1/2 4-9-13 (site 4),9ac5f278-7103-4c7e-a7ee-f10c33ef27f3,Symo Advanced 24.0-3 480 (2),24.0,parsed_from_inverter_name,136.23,month,devwork
2023-11-15,f9342ead-59a2-4c58-b54c-0ae4ab16c9da,Penner Farms - W 1/2 4-9-13 (site 4),fb5c3a62-e511-4a4a-8833-ae0501629275,Symo  24.0-3 480 (1),24.0,parsed_from_inverter_name,13.11,month,devwork
2023-11-15,f9342ead-59a2-4c58-b54c-0ae4ab16c9da,Penner Farms - W 1/2 4-9-13 (site 4),9ac5f278-7103-4c7e-a7ee-f10c33ef27f3,Symo Advanced 24.0-3 480 (2),24.0,parsed_from_inverter_name,13.64,month,devwork
2023-11-16,f9342ead-59a2-4c58-b54c-0ae4ab16c9da,Penner Farms - W 1/2 4-9-13 (site 4),fb5c3a62-e511-4a4a-8833-ae0501629275,Symo  24.0-3 480 (1),24.0,parsed_from_inverter_name,75.44,month,devwork
2023-11-16,f9342ead-59a2-4c58-b54c-0ae4ab16c9da,Penner Farms - W 1/2 4-9-13 (site 4),9ac5f278-7103-4c7e-a7ee-f10c33ef27f3,Symo Advanced 24.0-3 480 (2),24.0,parsed_from_inverter_name,67.53,month,devwork
2023-11-17,f9342ead-59a2-4c58-b54c-0ae4ab16c9da,Penner Farms - W 1/2 4-9-13 (site 4),fb5c3a62-e511-4a4a-8833-ae0501629275,Symo  24.0-3 480 (1),24.0,parsed_from_inverter_name,128.36,month,devwork
2023-11-17,f9342ead-59a2-4c58-b54c-0ae4ab16c9da,Penner Farms - W 1/2 4-9-13 (site 4),9ac5f278-7103-4c7e-a7ee-f10c33ef27f3,Symo Advanced 24.0-3 480 (2),24.0,parsed_from_inverter_name,134.08,month,devwork
2023-11-18,f9342ead-59a2-4c58-b54c-0ae4ab16c9da,Penner Farms - W 1/2 4-9-13 (site 4),fb5c3a62-e511-4a4a-8833-ae0501629275,Symo  24.0-3 480 (1),24.0,parsed_from_inverter_name,106.04,month,devwork
2023-11-18,f9342ead-59a2-4c58-b54c-0ae4ab16c9da,Penner Farms - W 1/2 4-9-13 (site 4),9ac5f278-7103-4c7e-a7ee-f10c33ef27f3,Symo Advanced 24.0-3 480 (2),24.0,parsed_from_inverter_name,111.88,month,devwork
2023-11-19,f9342ead-59a2-4c58-b54c-0ae4ab16c9da,Penner Farms - W 1/2 4-9-13 (site 4),fb5c3a62-e511-4a4a-8833-ae0501629275,Symo  24.0-3 480 (1),24.0,parsed_from_inverter_name,98.06,month,devwork
2023-11-19,f9342ead-59a2-4c58-b54c-0ae4ab16c9da,Penner Farms - W 1/2 4-9-13 (site 4),9ac5f278-7103-4c7e-a7ee-f10c33ef27f3,Symo Advanced 24.0-3 480 (2),24.0,parsed_from_inverter_name,102.28,month,devwork
2023-11-20,f9342ead-59a2-4c58-b54c-0ae4ab16c9da,Penner Farms - W 1/2 4-9-13 (site 4),fb5c3a62-e511-4a4a-8833-ae0501629275,Symo  24.0-3 480 (1),24.0,parsed_from_inverter_name,123.11,month,devwork
2023-11-20,f9342ead-59a2-4c58-b54c-0ae4ab16c9da,Penner Farms - W 1/2 4-9-13 (site 4),9ac5f278-7103-4c7e-a7ee-f10c33ef27f3,Symo Advanced 24.0-3 480 (2),24.0,parsed_from_inverter_name,128.55,month,devwork
2023-11-21,f9342ead-59a2-4c58-b54c-0ae4ab16c9da,Penner Farms - W 1/2 4-9-13 (site 4),fb5c3a62-e511-4a4a-8833-ae0501629275,Symo  24.0-3 480 (1),24.0,parsed_from_inverter_name,7.38,month,devwork
2023-11-21,f9342ead-59a2-4c58-b54c-0ae4ab16c9da,Penner Farms - W 1/2 4-9-13 (site 4),9ac5f278-7103-4c7e-a7ee-f10c33ef27f3,Symo Advanced 24.0-3 480 (2),24.0,parsed_from_inverter_name,8.35,month,devwork
2023-11-22,f9342ead-59a2-4c58-b54c-0ae4ab16c9da,Penner Farms - W 1/2 4-9-13 (site 4),fb5c3a62-e511-4a4a-8833-ae0501629275,Symo  24.0-3 480 (1),24.0,parsed_from_inverter_name,9.78,month,devwork
2023-11-22,f9342ead-59a2-4c58-b54c-0ae4ab16c9da,Penner Farms - W 1/2 4-9-13 (site 4),9ac5f278-7103-4c7e-a7ee-f10c33ef27f3,Symo Advanced 24.0-3 480 (2),24.0,parsed_from_inverter_name,10.17,month,devwork
2023-11-23,f9342ead-59a2-4c58-b54c-0ae4ab16c9da,Penner Farms - W 1/2 4-9-13 (site 4),fb5c3a62-e511-4a4a-8833-ae0501629275,Symo  24.0-3 480 (1),24.0,parsed_from_inverter_name,12.52,month,devwork
2023-11-23,f9342ead-59a2-4c58-b54c-0ae4ab16c9da,Penner Farms - W 1/2 4-9-13 (site 4),9ac5f278-7103-4c7e-a7ee-f10c33ef27f3,Symo Advanced 24.0-3 480 (2),24.0,parsed_from_inverter_name,12.96,month,devwork
2023-11-24,f9342ead-59a2-4c58-b54c-0ae4ab16c9da,Penner Farms - W 1/2 4-9-13 (site 4),fb5c3a62-e511-4a4a-8833-ae0501629275,Symo  24.0-3 480 (1),24.0,parsed_from_inverter_name,128.41,month,devwork
2023-11-24,f9342ead-59a2-4c58-b54c-0ae4ab16c9da,Penner Farms - W 1/2 4-9-13 (site 4),9ac5f278-7103-4c7e-a7ee-f10c33ef27f3,Symo Advanced 24.0-3 480 (2),24.0,parsed_from_inverter_name,136.28,month,devwork
2023-11-25,f9342ead-59a2-4c58-b54c-0ae4ab16c9da,Penner Farms - W 1/2 4-9-13 (site 4),fb5c3a62-e511-4a4a-8833-ae0501629275,Symo  24.0-3 480 (1),24.0,parsed_from_inverter_name,78.23,month,devwork
2023-11-25,f9342ead-59a2-4c58-b54c-0ae4ab16c9da,Penner Farms - W 1/2 4-9-13 (site 4),9ac5f278-7103-4c7e-a7ee-f10c33ef27f3,Symo Advanced 24.0-3 480 (2),24.0,parsed_from_inverter_name,82.14,month,devwork
2023-11-26,f9342ead-59a2-4c58-b54c-0ae4ab16c9da,Penner Farms - W 1/2 4-9-13 (site 4),fb5c3a62-e511-4a4a-8833-ae0501629275,Symo  24.0-3 480 (1),24.0,parsed_from_inverter_name,49.13,month,devwork
2023-11-26,f9342ead-59a2-4c58-b54c-0ae4ab16c9da,Penner Farms - W 1/2 4-9-13 (site 4),9ac5f278-7103-4c7e-a7ee-f10c33ef27f3,Symo Advanced 24.0-3 480 (2),24.0,parsed_from_inverter_name,51.9,month,devwork
2023-11-27,f9342ead-59a2-4c58-b54c-0ae4ab16c9da,Penner Farms - W 1/2 4-9-13 (site 4),fb5c3a62-e511-4a4a-8833-ae0501629275,Symo  24.0-3 480 (1),24.0,parsed_from_inverter_name,33.63,month,devwork
2023-11-27,f9342ead-59a2-4c58-b54c-0ae4ab16c9da,Penner Farms - W 1/2 4-9-13 (site 4),9ac5f278-7103-4c7e-a7ee-f10c33ef27f3,Symo Advanced 24.0-3 480 (2),24.0,parsed_from_inverter_name,35.58,month,devwork
2023-11-28,f9342ead-59a2-4c58-b54c-0ae4ab16c9da,Penner Farms - W 1/2 4-9-13 (site 4),fb5c3a62-e511-4a4a-8833-ae0501629275,Symo  24.0-3 480 (1),24.0,parsed_from_inverter_name,118.62,month,devwork
2023-11-28,f9342ead-59a2-4c58-b54c-0ae4ab16c9da,Penner Farms - W 1/2 4-9-13 (site 4),9ac5f278-7103-4c7e-a7ee-f10c33ef27f3,Symo Advanced 24.0-3 480 (2),24.0,parsed_from_inverter_name,125.86,month,devwork
2023-11-29,f9342ead-59a2-4c58-b54c-0ae4ab16c9da,Penner Farms - W 1/2 4-9-13 (site 4),fb5c3a62-e511-4a4a-8833-ae0501629275,Symo  24.0-3 480 (1),24.0,parsed_from_inverter_name,97.69,month,devwork
2023-11-29,f9342ead-59a2-4c58-b54c-0ae4ab16c9da,Penner Farms - W 1/2 4-9-13 (site 4),9ac5f278-7103-4c7e-a7ee-f10c33ef27f3,Symo Advanced 24.0-3 480 (2),24.0,parsed_from_inverter_name,101.64,month,devwork
2023-11-30,f9342ead-59a2-4c58-b54c-0ae4ab16c9da,Penner Farms - W 1/2 4-9-13 (site 4),fb5c3a62-e511-4a4a-8833-ae0501629275,Symo  24.0-3 480 (1),24.0,parsed_from_inverter_name,24.62,month,devwork
2023-11-30,f9342ead-59a2-4c58-b54c-0ae4ab16c9da,Penner Farms - W 1/2 4-9-13 (site 4),9ac5f278-7103-4c7e-a7ee-f10c33ef27f3,Symo Advanced 24.0-3 480 (2),24.0,parsed_from_inverter_name,26.17,month,devwork
2023-12-01,f9342ead-59a2-4c58-b54c-0ae4ab16c9da,Penner Farms - W 1/2 4-9-13 (site 4),fb5c3a62-e511-4a4a-8833-ae0501629275,Symo  24.0-3 480 (1),24.0,parsed_from_inverter_name,69.32,month,devwork
2023-12-01,f9342ead-59a2-4c58-b54c-0ae4ab16c9da,Penner Farms - W 1/2 4-9-13 (site 4),9ac5f278-7103-4c7e-a7ee-f10c33ef27f3,Symo Advanced 24.0-3 480 (2),24.0,parsed_from_inverter_name,74.41,month,devwork
2023-12-02,f9342ead-59a2-4c58-b54c-0ae4ab16c9da,Penner Farms - W 1/2 4-9-13 (site 4),fb5c3a62-e511-4a4a-8833-ae0501629275,Symo  24.0-3 480 (1),24.0,parsed_from_inverter_name,43.03,month,devwork
2023-12-02,f9342ead-59a2-4c58-b54c-0ae4ab16c9da,Penner Farms - W 1/2 4-9-13 (site 4),9ac5f278-7103-4c7e-a7ee-f10c33ef27f3,Symo Advanced 24.0-3 480 (2),24.0,parsed_from_inverter_name,46.03,month,devwork
2023-12-03,f9342ead-59a2-4c58-b54c-0ae4ab16c9da,Penner Farms - W 1/2 4-9-13 (site 4),fb5c3a62-e511-4a4a-8833-ae0501629275,Symo  24.0-3 480 (1),24.0,parsed_from_inverter_name,72.04,month,devwork
2023-12-03,f9342ead-59a2-4c58-b54c-0ae4ab16c9da,Penner Farms - W 1/2 4-9-13 (site 4),9ac5f278-7103-4c7e-a7ee-f10c33ef27f3,Symo Advanced 24.0-3 480 (2),24.0,parsed_from_inverter_name,76.27,month,devwork
2023-12-04,f9342ead-59a2-4c58-b54c-0ae4ab16c9da,Penner Farms - W 1/2 4-9-13 (site 4),fb5c3a62-e511-4a4a-8833-ae0501629275,Symo  24.0-3 480 (1),24.0,parsed_from_inverter_name,63.46,month,devwork
2023-12-04,f9342ead-59a2-4c58-b54c-0ae4ab16c9da,Penner Farms - W 1/2 4-9-13 (site 4),9ac5f278-7103-4c7e-a7ee-f10c33ef27f3,Symo Advanced 24.0-3 480 (2),24.0,parsed_from_inverter_name,66.72,month,devwork
2023-12-05,f9342ead-59a2-4c58-b54c-0ae4ab16c9da,Penner Farms - W 1/2 4-9-13 (site 4),fb5c3a62-e511-4a4a-8833-ae0501629275,Symo  24.0-3 480 (1),24.0,parsed_from_inverter_name,40.17,month,devwork
2023-12-05,f9342ead-59a2-4c58-b54c-0ae4ab16c9da,Penner Farms - W 1/2 4-9-13 (site 4),9ac5f278-7103-4c7e-a7ee-f10c33ef27f3,Symo Advanced 24.0-3 480 (2),24.0,parsed_from_inverter_name,42.01,month,devwork
2023-12-06,f9342ead-59a2-4c58-b54c-0ae4ab16c9da,Penner Farms - W 1/2 4-9-13 (site 4),fb5c3a62-e511-4a4a-8833-ae0501629275,Symo  24.0-3 480 (1),24.0,parsed_from_inverter_name,50.51,month,devwork
2023-12-06,f9342ead-59a2-4c58-b54c-0ae4ab16c9da,Penner Farms - W 1/2 4-9-13 (site 4),9ac5f278-7103-4c7e-a7ee-f10c33ef27f3,Symo Advanced 24.0-3 480 (2),24.0,parsed_from_inverter_name,54.33,month,devwork
2023-12-07,f9342ead-59a2-4c58-b54c-0ae4ab16c9da,Penner Farms - W 1/2 4-9-13 (site 4),fb5c3a62-e511-4a4a-8833-ae0501629275,Symo  24.0-3 480 (1),24.0,parsed_from_inverter_name,4.12,month,devwork
2023-12-07,f9342ead-59a2-4c58-b54c-0ae4ab16c9da,Penner Farms - W 1/2 4-9-13 (site 4),9ac5f278-7103-4c7e-a7ee-f10c33ef27f3,Symo Advanced 24.0-3 480 (2),24.0,parsed_from_inverter_name,4.27,month,devwork
2023-12-08,f9342ead-59a2-4c58-b54c-0ae4ab16c9da,Penner Farms - W 1/2 4-9-13 (site 4),fb5c3a62-e511-4a4a-8833-ae0501629275,Symo  24.0-3 480 (1),24.0,parsed_from_inverter_name,4.56,month,devwork
2023-12-08,f9342ead-59a2-4c58-b54c-0ae4ab16c9da,Penner Farms - W 1/2 4-9-13 (site 4),9ac5f278-7103-4c7e-a7ee-f10c33ef27f3,Symo Advanced 24.0-3 480 (2),24.0,parsed_from_inverter_name,4.8,month,devwork
2023-12-09,f9342ead-59a2-4c58-b54c-0ae4ab16c9da,Penner Farms - W 1/2 4-9-13 (site 4),fb5c3a62-e511-4a4a-8833-ae0501629275,Symo  24.0-3 480 (1),24.0,parsed_from_inverter_name,15.81,month,devwork
2023-12-09,f9342ead-59a2-4c58-b54c-0ae4ab16c9da,Penner Farms - W 1/2 4-9-13 (site 4),9ac5f278-7103-4c7e-a7ee-f10c33ef27f3,Symo Advanced 24.0-3 480 (2),24.0,parsed_from_inverter_name,16.47,month,devwork
2023-12-10,f9342ead-59a2-4c58-b54c-0ae4ab16c9da,Penner Farms - W 1/2 4-9-13 (site 4),fb5c3a62-e511-4a4a-8833-ae0501629275,Symo  24.0-3 480 (1),24.0,parsed_from_inverter_name,107.7,month,devwork
2023-12-10,f9342ead-59a2-4c58-b54c-0ae4ab16c9da,Penner Farms - W 1/2 4-9-13 (site 4),9ac5f278-7103-4c7e-a7ee-f10c33ef27f3,Symo Advanced 24.0-3 480 (2),24.0,parsed_from_inverter_name,115.4,month,devwork
2023-12-11,f9342ead-59a2-4c58-b54c-0ae4ab16c9da,Penner Farms - W 1/2 4-9-13 (site 4),fb5c3a62-e511-4a4a-8833-ae0501629275,Symo  24.0-3 480 (1),24.0,parsed_from_inverter_name,19.99,month,devwork
2023-12-11,f9342ead-59a2-4c58-b54c-0ae4ab16c9da,Penner Farms - W 1/2 4-9-13 (site 4),9ac5f278-7103-4c7e-a7ee-f10c33ef27f3,Symo Advanced 24.0-3 480 (2),24.0,parsed_from_inverter_name,21.36,month,devwork
2023-12-12,f9342ead-59a2-4c58-b54c-0ae4ab16c9da,Penner Farms - W 1/2 4-9-13 (site 4),fb5c3a62-e511-4a4a-8833-ae0501629275,Symo  24.0-3 480 (1),24.0,parsed_from_inverter_name,110.36,month,devwork
2023-12-12,f9342ead-59a2-4c58-b54c-0ae4ab16c9da,Penner Farms - W 1/2 4-9-13 (site 4),9ac5f278-7103-4c7e-a7ee-f10c33ef27f3,Symo Advanced 24.0-3 480 (2),24.0,parsed_from_inverter_name,119.96,month,devwork
2023-12-13,f9342ead-59a2-4c58-b54c-0ae4ab16c9da,Penner Farms - W 1/2 4-9-13 (site 4),fb5c3a62-e511-4a4a-8833-ae0501629275,Symo  24.0-3 480 (1),24.0,parsed_from_inverter_name,113.69,month,devwork
2023-12-13,f9342ead-59a2-4c58-b54c-0ae4ab16c9da,Penner Farms - W 1/2 4-9-13 (site 4),9ac5f278-7103-4c7e-a7ee-f10c33ef27f3,Symo Advanced 24.0-3 480 (2),24.0,parsed_from_inverter_name,123.92,month,devwork
2023-12-14,f9342ead-59a2-4c58-b54c-0ae4ab16c9da,Penner Farms - W 1/2 4-9-13 (site 4),fb5c3a62-e511-4a4a-8833-ae0501629275,Symo  24.0-3 480 (1),24.0,parsed_from_inverter_name,26.01,month,devwork
2023-12-14,f9342ead-59a2-4c58-b54c-0ae4ab16c9da,Penner Farms - W 1/2 4-9-13 (site 4),9ac5f278-7103-4c7e-a7ee-f10c33ef27f3,Symo Advanced 24.0-3 480 (2),24.0,parsed_from_inverter_name,28.17,month,devwork
2023-12-15,f9342ead-59a2-4c58-b54c-0ae4ab16c9da,Penner Farms - W 1/2 4-9-13 (site 4),fb5c3a62-e511-4a4a-8833-ae0501629275,Symo  24.0-3 480 (1),24.0,parsed_from_inverter_name,96.92,month,devwork
2023-12-15,f9342ead-59a2-4c58-b54c-0ae4ab16c9da,Penner Farms - W 1/2 4-9-13 (site 4),9ac5f278-7103-4c7e-a7ee-f10c33ef27f3,Symo Advanced 24.0-3 480 (2),24.0,parsed_from_inverter_name,102.54,month,devwork
2023-12-16,f9342ead-59a2-4c58-b54c-0ae4ab16c9da,Penner Farms - W 1/2 4-9-13 (site 4),fb5c3a62-e511-4a4a-8833-ae0501629275,Symo  24.0-3 480 (1),24.0,parsed_from_inverter_name,68.54,month,devwork
2023-12-16,f9342ead-59a2-4c58-b54c-0ae4ab16c9da,Penner Farms - W 1/2 4-9-13 (site 4),9ac5f278-7103-4c7e-a7ee-f10c33ef27f3,Symo Advanced 24.0-3 480 (2),24.0,parsed_from_inverter_name,74.88,month,devwork
2023-12-17,f9342ead-59a2-4c58-b54c-0ae4ab16c9da,Penner Farms - W 1/2 4-9-13 (site 4),fb5c3a62-e511-4a4a-8833-ae0501629275,Symo  24.0-3 480 (1),24.0,parsed_from_inverter_name,95.9,month,devwork
2023-12-17,f9342ead-59a2-4c58-b54c-0ae4ab16c9da,Penner Farms - W 1/2 4-9-13 (site 4),9ac5f278-7103-4c7e-a7ee-f10c33ef27f3,Symo Advanced 24.0-3 480 (2),24.0,parsed_from_inverter_name,100.98,month,devwork
2023-12-18,f9342ead-59a2-4c58-b54c-0ae4ab16c9da,Penner Farms - W 1/2 4-9-13 (site 4),fb5c3a62-e511-4a4a-8833-ae0501629275,Symo  24.0-3 480 (1),24.0,parsed_from_inverter_name,11.6,month,devwork
2023-12-18,f9342ead-59a2-4c58-b54c-0ae4ab16c9da,Penner Farms - W 1/2 4-9-13 (site 4),9ac5f278-7103-4c7e-a7ee-f10c33ef27f3,Symo Advanced 24.0-3 480 (2),24.0,parsed_from_inverter_name,12.06,month,devwork
2023-12-19,f9342ead-59a2-4c58-b54c-0ae4ab16c9da,Penner Farms - W 1/2 4-9-13 (site 4),fb5c3a62-e511-4a4a-8833-ae0501629275,Symo  24.0-3 480 (1),24.0,parsed_from_inverter_name,49.17,month,devwork
2023-12-19,f9342ead-59a2-4c58-b54c-0ae4ab16c9da,Penner Farms - W 1/2 4-9-13 (site 4),9ac5f278-7103-4c7e-a7ee-f10c33ef27f3,Symo Advanced 24.0-3 480 (2),24.0,parsed_from_inverter_name,52.51,month,devwork
2023-12-20,f9342ead-59a2-4c58-b54c-0ae4ab16c9da,Penner Farms - W 1/2 4-9-13 (site 4),fb5c3a62-e511-4a4a-8833-ae0501629275,Symo  24.0-3 480 (1),24.0,parsed_from_inverter_name,26.24,month,devwork
2023-12-20,f9342ead-59a2-4c58-b54c-0ae4ab16c9da,Penner Farms - W 1/2 4-9-13 (site 4),9ac5f278-7103-4c7e-a7ee-f10c33ef27f3,Symo Advanced 24.0-3 480 (2),24.0,parsed_from_inverter_name,28.46,month,devwork
2023-12-21,f9342ead-59a2-4c58-b54c-0ae4ab16c9da,Penner Farms - W 1/2 4-9-13 (site 4),fb5c3a62-e511-4a4a-8833-ae0501629275,Symo  24.0-3 480 (1),24.0,parsed_from_inverter_name,75.75,month,devwork
2023-12-21,f9342ead-59a2-4c58-b54c-0ae4ab16c9da,Penner Farms - W 1/2 4-9-13 (site 4),9ac5f278-7103-4c7e-a7ee-f10c33ef27f3,Symo Advanced 24.0-3 480 (2),24.0,parsed_from_inverter_name,79.73,month,devwork
2023-12-22,f9342ead-59a2-4c58-b54c-0ae4ab16c9da,Penner Farms - W 1/2 4-9-13 (site 4),fb5c3a62-e511-4a4a-8833-ae0501629275,Symo  24.0-3 480 (1),24.0,parsed_from_inverter_name,98.37,month,devwork
2023-12-22,f9342ead-59a2-4c58-b54c-0ae4ab16c9da,Penner Farms - W 1/2 4-9-13 (site 4),9ac5f278-7103-4c7e-a7ee-f10c33ef27f3,Symo Advanced 24.0-3 480 (2),24.0,parsed_from_inverter_name,106.2,month,devwork
2023-12-23,f9342ead-59a2-4c58-b54c-0ae4ab16c9da,Penner Farms - W 1/2 4-9-13 (site 4),fb5c3a62-e511-4a4a-8833-ae0501629275,Symo  24.0-3 480 (1),24.0,parsed_from_inverter_name,67.9,month,devwork
2023-12-23,f9342ead-59a2-4c58-b54c-0ae4ab16c9da,Penner Farms - W 1/2 4-9-13 (site 4),9ac5f278-7103-4c7e-a7ee-f10c33ef27f3,Symo Advanced 24.0-3 480 (2),24.0,parsed_from_inverter_name,70.0,month,devwork
2023-12-24,f9342ead-59a2-4c58-b54c-0ae4ab16c9da,Penner Farms - W 1/2 4-9-13 (site 4),fb5c3a62-e511-4a4a-8833-ae0501629275,Symo  24.0-3 480 (1),24.0,parsed_from_inverter_name,110.93,month,devwork
2023-12-24,f9342ead-59a2-4c58-b54c-0ae4ab16c9da,Penner Farms - W 1/2 4-9-13 (site 4),9ac5f278-7103-4c7e-a7ee-f10c33ef27f3,Symo Advanced 24.0-3 480 (2),24.0,parsed_from_inverter_name,120.65,month,devwork
2023-12-25,f9342ead-59a2-4c58-b54c-0ae4ab16c9da,Penner Farms - W 1/2 4-9-13 (site 4),fb5c3a62-e511-4a4a-8833-ae0501629275,Symo  24.0-3 480 (1),24.0,parsed_from_inverter_name,110.97,month,devwork
2023-12-25,f9342ead-59a2-4c58-b54c-0ae4ab16c9da,Penner Farms - W 1/2 4-9-13 (site 4),9ac5f278-7103-4c7e-a7ee-f10c33ef27f3,Symo Advanced 24.0-3 480 (2),24.0,parsed_from_inverter_name,120.94,month,devwork
2023-12-26,f9342ead-59a2-4c58-b54c-0ae4ab16c9da,Penner Farms - W 1/2 4-9-13 (site 4),fb5c3a62-e511-4a4a-8833-ae0501629275,Symo  24.0-3 480 (1),24.0,parsed_from_inverter_name,97.97,month,devwork
2023-12-26,f9342ead-59a2-4c58-b54c-0ae4ab16c9da,Penner Farms - W 1/2 4-9-13 (site 4),9ac5f278-7103-4c7e-a7ee-f10c33ef27f3,Symo Advanced 24.0-3 480 (2),24.0,parsed_from_inverter_name,106.32,month,devwork
2023-12-27,f9342ead-59a2-4c58-b54c-0ae4ab16c9da,Penner Farms - W 1/2 4-9-13 (site 4),fb5c3a62-e511-4a4a-8833-ae0501629275,Symo  24.0-3 480 (1),24.0,parsed_from_inverter_name,79.89,month,devwork
2023-12-27,f9342ead-59a2-4c58-b54c-0ae4ab16c9da,Penner Farms - W 1/2 4-9-13 (site 4),9ac5f278-7103-4c7e-a7ee-f10c33ef27f3,Symo Advanced 24.0-3 480 (2),24.0,parsed_from_inverter_name,88.0,month,devwork
2023-12-28,f9342ead-59a2-4c58-b54c-0ae4ab16c9da,Penner Farms - W 1/2 4-9-13 (site 4),fb5c3a62-e511-4a4a-8833-ae0501629275,Symo  24.0-3 480 (1),24.0,parsed_from_inverter_name,100.13,month,devwork
2023-12-28,f9342ead-59a2-4c58-b54c-0ae4ab16c9da,Penner Farms - W 1/2 4-9-13 (site 4),9ac5f278-7103-4c7e-a7ee-f10c33ef27f3,Symo Advanced 24.0-3 480 (2),24.0,parsed_from_inverter_name,105.97,month,devwork
2023-12-29,f9342ead-59a2-4c58-b54c-0ae4ab16c9da,Penner Farms - W 1/2 4-9-13 (site 4),fb5c3a62-e511-4a4a-8833-ae0501629275,Symo  24.0-3 480 (1),24.0,parsed_from_inverter_name,90.07,month,devwork
2023-12-29,f9342ead-59a2-4c58-b54c-0ae4ab16c9da,Penner Farms - W 1/2 4-9-13 (site 4),9ac5f278-7103-4c7e-a7ee-f10c33ef27f3,Symo Advanced 24.0-3 480 (2),24.0,parsed_from_inverter_name,95.46,month,devwork
2023-12-30,f9342ead-59a2-4c58-b54c-0ae4ab16c9da,Penner Farms - W 1/2 4-9-13 (site 4),fb5c3a62-e511-4a4a-8833-ae0501629275,Symo  24.0-3 480 (1),24.0,parsed_from_inverter_name,82.67,month,devwork
2023-12-30,f9342ead-59a2-4c58-b54c-0ae4ab16c9da,Penner Farms - W 1/2 4-9-13 (site 4),9ac5f278-7103-4c7e-a7ee-f10c33ef27f3,Symo Advanced 24.0-3 480 (2),24.0,parsed_from_inverter_name,88.19,month,devwork
2023-12-31,f9342ead-59a2-4c58-b54c-0ae4ab16c9da,Penner Farms - W 1/2 4-9-13 (site 4),fb5c3a62-e511-4a4a-8833-ae0501629275,Symo  24.0-3 480 (1),24.0,parsed_from_inverter_name,89.54,month,devwork
2023-12-31,f9342ead-59a2-4c58-b54c-0ae4ab16c9da,Penner Farms - W 1/2 4-9-13 (site 4),9ac5f278-7103-4c7e-a7ee-f10c33ef27f3,Symo Advanced 24.0-3 480 (2),24.0,parsed_from_inverter_name,92.75,month,devwork
2024-01-01,f9342ead-59a2-4c58-b54c-0ae4ab16c9da,Penner Farms - W 1/2 4-9-13 (site 4),fb5c3a62-e511-4a4a-8833-ae0501629275,Symo  24.0-3 480 (1),24.0,parsed_from_inverter_name,61.9,month,devwork
2024-01-01,f9342ead-59a2-4c58-b54c-0ae4ab16c9da,Penner Farms - W 1/2 4-9-13 (site 4),9ac5f278-7103-4c7e-a7ee-f10c33ef27f3,Symo Advanced 24.0-3 480 (2),24.0,parsed_from_inverter_name,67.75,month,devwork
2024-01-02,f9342ead-59a2-4c58-b54c-0ae4ab16c9da,Penner Farms - W 1/2 4-9-13 (site 4),fb5c3a62-e511-4a4a-8833-ae0501629275,Symo  24.0-3 480 (1),24.0,parsed_from_inverter_name,52.38,month,devwork
2024-01-02,f9342ead-59a2-4c58-b54c-0ae4ab16c9da,Penner Farms - W 1/2 4-9-13 (site 4),9ac5f278-7103-4c7e-a7ee-f10c33ef27f3,Symo Advanced 24.0-3 480 (2),24.0,parsed_from_inverter_name,55.54,month,devwork
2024-01-03,f9342ead-59a2-4c58-b54c-0ae4ab16c9da,Penner Farms - W 1/2 4-9-13 (site 4),fb5c3a62-e511-4a4a-8833-ae0501629275,Symo  24.0-3 480 (1),24.0,parsed_from_inverter_name,103.35,month,devwork
2024-01-03,f9342ead-59a2-4c58-b54c-0ae4ab16c9da,Penner Farms - W 1/2 4-9-13 (site 4),9ac5f278-7103-4c7e-a7ee-f10c33ef27f3,Symo Advanced 24.0-3 480 (2),24.0,parsed_from_inverter_name,109.37,month,devwork
2024-01-04,f9342ead-59a2-4c58-b54c-0ae4ab16c9da,Penner Farms - W 1/2 4-9-13 (site 4),fb5c3a62-e511-4a4a-8833-ae0501629275,Symo  24.0-3 480 (1),24.0,parsed_from_inverter_name,84.67,month,devwork
2024-01-04,f9342ead-59a2-4c58-b54c-0ae4ab16c9da,Penner Farms - W 1/2 4-9-13 (site 4),9ac5f278-7103-4c7e-a7ee-f10c33ef27f3,Symo Advanced 24.0-3 480 (2),24.0,parsed_from_inverter_name,91.68,month,devwork
2024-01-05,f9342ead-59a2-4c58-b54c-0ae4ab16c9da,Penner Farms - W 1/2 4-9-13 (site 4),fb5c3a62-e511-4a4a-8833-ae0501629275,Symo  24.0-3 480 (1),24.0,parsed_from_inverter_name,91.16,month,devwork
2024-01-05,f9342ead-59a2-4c58-b54c-0ae4ab16c9da,Penner Farms - W 1/2 4-9-13 (site 4),9ac5f278-7103-4c7e-a7ee-f10c33ef27f3,Symo Advanced 24.0-3 480 (2),24.0,parsed_from_inverter_name,97.34,month,devwork
2024-01-06,f9342ead-59a2-4c58-b54c-0ae4ab16c9da,Penner Farms - W 1/2 4-9-13 (site 4),fb5c3a62-e511-4a4a-8833-ae0501629275,Symo  24.0-3 480 (1),24.0,parsed_from_inverter_name,23.92,month,devwork
2024-01-06,f9342ead-59a2-4c58-b54c-0ae4ab16c9da,Penner Farms - W 1/2 4-9-13 (site 4),9ac5f278-7103-4c7e-a7ee-f10c33ef27f3,Symo Advanced 24.0-3 480 (2),24.0,parsed_from_inverter_name,25.17,month,devwork
2024-01-07,f9342ead-59a2-4c58-b54c-0ae4ab16c9da,Penner Farms - W 1/2 4-9-13 (site 4),fb5c3a62-e511-4a4a-8833-ae0501629275,Symo  24.0-3 480 (1),24.0,parsed_from_inverter_name,15.47,month,devwork
2024-01-07,f9342ead-59a2-4c58-b54c-0ae4ab16c9da,Penner Farms - W 1/2 4-9-13 (site 4),9ac5f278-7103-4c7e-a7ee-f10c33ef27f3,Symo Advanced 24.0-3 480 (2),24.0,parsed_from_inverter_name,25.57,month,devwork
2024-01-08,f9342ead-59a2-4c58-b54c-0ae4ab16c9da,Penner Farms - W 1/2 4-9-13 (site 4),fb5c3a62-e511-4a4a-8833-ae0501629275,Symo  24.0-3 480 (1),24.0,parsed_from_inverter_name,41.63,month,devwork
2024-01-08,f9342ead-59a2-4c58-b54c-0ae4ab16c9da,Penner Farms - W 1/2 4-9-13 (site 4),9ac5f278-7103-4c7e-a7ee-f10c33ef27f3,Symo Advanced 24.0-3 480 (2),24.0,parsed_from_inverter_name,65.73,month,devwork
2024-01-09,f9342ead-59a2-4c58-b54c-0ae4ab16c9da,Penner Farms - W 1/2 4-9-13 (site 4),fb5c3a62-e511-4a4a-8833-ae0501629275,Symo  24.0-3 480 (1),24.0,parsed_from_inverter_name,52.82,month,devwork
2024-01-09,f9342ead-59a2-4c58-b54c-0ae4ab16c9da,Penner Farms - W 1/2 4-9-13 (site 4),9ac5f278-7103-4c7e-a7ee-f10c33ef27f3,Symo Advanced 24.0-3 480 (2),24.0,parsed_from_inverter_name,61.1,month,devwork
2024-01-10,f9342ead-59a2-4c58-b54c-0ae4ab16c9da,Penner Farms - W 1/2 4-9-13 (site 4),fb5c3a62-e511-4a4a-8833-ae0501629275,Symo  24.0-3 480 (1),24.0,parsed_from_inverter_name,8.08,month,devwork
2024-01-10,f9342ead-59a2-4c58-b54c-0ae4ab16c9da,Penner Farms - W 1/2 4-9-13 (site 4),9ac5f278-7103-4c7e-a7ee-f10c33ef27f3,Symo Advanced 24.0-3 480 (2),24.0,parsed_from_inverter_name,9.93,month,devwork
2024-01-11,f9342ead-59a2-4c58-b54c-0ae4ab16c9da,Penner Farms - W 1/2 4-9-13 (site 4),fb5c3a62-e511-4a4a-8833-ae0501629275,Symo  24.0-3 480 (1),24.0,parsed_from_inverter_name,7.38,month,devwork
2024-01-11,f9342ead-59a2-4c58-b54c-0ae4ab16c9da,Penner Farms - W 1/2 4-9-13 (site 4),9ac5f278-7103-4c7e-a7ee-f10c33ef27f3,Symo Advanced 24.0-3 480 (2),24.0,parsed_from_inverter_name,9.46,month,devwork
2024-01-12,f9342ead-59a2-4c58-b54c-0ae4ab16c9da,Penner Farms - W 1/2 4-9-13 (site 4),fb5c3a62-e511-4a4a-8833-ae0501629275,Symo  24.0-3 480 (1),24.0,parsed_from_inverter_name,20.29,month,devwork
2024-01-12,f9342ead-59a2-4c58-b54c-0ae4ab16c9da,Penner Farms - W 1/2 4-9-13 (site 4),9ac5f278-7103-4c7e-a7ee-f10c33ef27f3,Symo Advanced 24.0-3 480 (2),24.0,parsed_from_inverter_name,32.9,month,devwork
2024-01-13,f9342ead-59a2-4c58-b54c-0ae4ab16c9da,Penner Farms - W 1/2 4-9-13 (site 4),fb5c3a62-e511-4a4a-8833-ae0501629275,Symo  24.0-3 480 (1),24.0,parsed_from_inverter_name,25.47,month,devwork
2024-01-13,f9342ead-59a2-4c58-b54c-0ae4ab16c9da,Penner Farms - W 1/2 4-9-13 (site 4),9ac5f278-7103-4c7e-a7ee-f10c33ef27f3,Symo Advanced 24.0-3 480 (2),24.0,parsed_from_inverter_name,41.68,month,devwork
2024-01-14,f9342ead-59a2-4c58-b54c-0ae4ab16c9da,Penner Farms - W 1/2 4-9-13 (site 4),fb5c3a62-e511-4a4a-8833-ae0501629275,Symo  24.0-3 480 (1),24.0,parsed_from_inverter_name,25.74,month,devwork
2024-01-14,f9342ead-59a2-4c58-b54c-0ae4ab16c9da,Penner Farms - W 1/2 4-9-13 (site 4),9ac5f278-7103-4c7e-a7ee-f10c33ef27f3,Symo Advanced 24.0-3 480 (2),24.0,parsed_from_inverter_name,20.75,month,devwork
2024-01-15,f9342ead-59a2-4c58-b54c-0ae4ab16c9da,Penner Farms - W 1/2 4-9-13 (site 4),fb5c3a62-e511-4a4a-8833-ae0501629275,Symo  24.0-3 480 (1),24.0,parsed_from_inverter_name,32.86,month,devwork
2024-01-15,f9342ead-59a2-4c58-b54c-0ae4ab16c9da,Penner Farms - W 1/2 4-9-13 (site 4),9ac5f278-7103-4c7e-a7ee-f10c33ef27f3,Symo Advanced 24.0-3 480 (2),24.0,parsed_from_inverter_name,59.25,month,devwork
2024-01-16,f9342ead-59a2-4c58-b54c-0ae4ab16c9da,Penner Farms - W 1/2 4-9-13 (site 4),fb5c3a62-e511-4a4a-8833-ae0501629275,Symo  24.0-3 480 (1),24.0,parsed_from_inverter_name,24.66,month,devwork
2024-01-16,f9342ead-59a2-4c58-b54c-0ae4ab16c9da,Penner Farms - W 1/2 4-9-13 (site 4),9ac5f278-7103-4c7e-a7ee-f10c33ef27f3,Symo Advanced 24.0-3 480 (2),24.0,parsed_from_inverter_name,46.31,month,devwork
2024-01-17,f9342ead-59a2-4c58-b54c-0ae4ab16c9da,Penner Farms - W 1/2 4-9-13 (site 4),fb5c3a62-e511-4a4a-8833-ae0501629275,Symo  24.0-3 480 (1),24.0,parsed_from_inverter_name,7.95,month,devwork
2024-01-17,f9342ead-59a2-4c58-b54c-0ae4ab16c9da,Penner Farms - W 1/2 4-9-13 (site 4),9ac5f278-7103-4c7e-a7ee-f10c33ef27f3,Symo Advanced 24.0-3 480 (2),24.0,parsed_from_inverter_name,9.16,month,devwork
2024-01-18,f9342ead-59a2-4c58-b54c-0ae4ab16c9da,Penner Farms - W 1/2 4-9-13 (site 4),fb5c3a62-e511-4a4a-8833-ae0501629275,Symo  24.0-3 480 (1),24.0,parsed_from_inverter_name,13.3,month,devwork
2024-01-18,f9342ead-59a2-4c58-b54c-0ae4ab16c9da,Penner Farms - W 1/2 4-9-13 (site 4),9ac5f278-7103-4c7e-a7ee-f10c33ef27f3,Symo Advanced 24.0-3 480 (2),24.0,parsed_from_inverter_name,16.05,month,devwork
2024-01-19,f9342ead-59a2-4c58-b54c-0ae4ab16c9da,Penner Farms - W 1/2 4-9-13 (site 4),fb5c3a62-e511-4a4a-8833-ae0501629275,Symo  24.0-3 480 (1),24.0,parsed_from_inverter_name,12.97,month,devwork
2024-01-19,f9342ead-59a2-4c58-b54c-0ae4ab16c9da,Penner Farms - W 1/2 4-9-13 (site 4),9ac5f278-7103-4c7e-a7ee-f10c33ef27f3,Symo Advanced 24.0-3 480 (2),24.0,parsed_from_inverter_name,14.88,month,devwork
2024-01-20,f9342ead-59a2-4c58-b54c-0ae4ab16c9da,Penner Farms - W 1/2 4-9-13 (site 4),fb5c3a62-e511-4a4a-8833-ae0501629275,Symo  24.0-3 480 (1),24.0,parsed_from_inverter_name,14.32,month,devwork
2024-01-20,f9342ead-59a2-4c58-b54c-0ae4ab16c9da,Penner Farms - W 1/2 4-9-13 (site 4),9ac5f278-7103-4c7e-a7ee-f10c33ef27f3,Symo Advanced 24.0-3 480 (2),24.0,parsed_from_inverter_name,16.34,month,devwork
2024-01-21,f9342ead-59a2-4c58-b54c-0ae4ab16c9da,Penner Farms - W 1/2 4-9-13 (site 4),fb5c3a62-e511-4a4a-8833-ae0501629275,Symo  24.0-3 480 (1),24.0,parsed_from_inverter_name,14.58,month,devwork
2024-01-21,f9342ead-59a2-4c58-b54c-0ae4ab16c9da,Penner Farms - W 1/2 4-9-13 (site 4),9ac5f278-7103-4c7e-a7ee-f10c33ef27f3,Symo Advanced 24.0-3 480 (2),24.0,parsed_from_inverter_name,16.37,month,devwork
2024-01-22,f9342ead-59a2-4c58-b54c-0ae4ab16c9da,Penner Farms - W 1/2 4-9-13 (site 4),fb5c3a62-e511-4a4a-8833-ae0501629275,Symo  24.0-3 480 (1),24.0,parsed_from_inverter_name,8.2,month,devwork
2024-01-22,f9342ead-59a2-4c58-b54c-0ae4ab16c9da,Penner Farms - W 1/2 4-9-13 (site 4),9ac5f278-7103-4c7e-a7ee-f10c33ef27f3,Symo Advanced 24.0-3 480 (2),24.0,parsed_from_inverter_name,8.77,month,devwork
2024-01-23,f9342ead-59a2-4c58-b54c-0ae4ab16c9da,Penner Farms - W 1/2 4-9-13 (site 4),fb5c3a62-e511-4a4a-8833-ae0501629275,Symo  24.0-3 480 (1),24.0,parsed_from_inverter_name,53.1,month,devwork
2024-01-23,f9342ead-59a2-4c58-b54c-0ae4ab16c9da,Penner Farms - W 1/2 4-9-13 (site 4),9ac5f278-7103-4c7e-a7ee-f10c33ef27f3,Symo Advanced 24.0-3 480 (2),24.0,parsed_from_inverter_name,55.99,month,devwork
2024-01-24,f9342ead-59a2-4c58-b54c-0ae4ab16c9da,Penner Farms - W 1/2 4-9-13 (site 4),fb5c3a62-e511-4a4a-8833-ae0501629275,Symo  24.0-3 480 (1),24.0,parsed_from_inverter_name,133.67,month,devwork
2024-01-24,f9342ead-59a2-4c58-b54c-0ae4ab16c9da,Penner Farms - W 1/2 4-9-13 (site 4),9ac5f278-7103-4c7e-a7ee-f10c33ef27f3,Symo Advanced 24.0-3 480 (2),24.0,parsed_from_inverter_name,138.99,month,devwork
2024-01-25,f9342ead-59a2-4c58-b54c-0ae4ab16c9da,Penner Farms - W 1/2 4-9-13 (site 4),fb5c3a62-e511-4a4a-8833-ae0501629275,Symo  24.0-3 480 (1),24.0,parsed_from_inverter_name,139.71,month,devwork
2024-01-25,f9342ead-59a2-4c58-b54c-0ae4ab16c9da,Penner Farms - W 1/2 4-9-13 (site 4),9ac5f278-7103-4c7e-a7ee-f10c33ef27f3,Symo Advanced 24.0-3 480 (2),24.0,parsed_from_inverter_name,146.61,month,devwork
2024-01-26,f9342ead-59a2-4c58-b54c-0ae4ab16c9da,Penner Farms - W 1/2 4-9-13 (site 4),fb5c3a62-e511-4a4a-8833-ae0501629275,Symo  24.0-3 480 (1),24.0,parsed_from_inverter_name,132.49,month,devwork
2024-01-26,f9342ead-59a2-4c58-b54c-0ae4ab16c9da,Penner Farms - W 1/2 4-9-13 (site 4),9ac5f278-7103-4c7e-a7ee-f10c33ef27f3,Symo Advanced 24.0-3 480 (2),24.0,parsed_from_inverter_name,138.41,month,devwork
2024-01-27,f9342ead-59a2-4c58-b54c-0ae4ab16c9da,Penner Farms - W 1/2 4-9-13 (site 4),fb5c3a62-e511-4a4a-8833-ae0501629275,Symo  24.0-3 480 (1),24.0,parsed_from_inverter_name,120.58,month,devwork
2024-01-27,f9342ead-59a2-4c58-b54c-0ae4ab16c9da,Penner Farms - W 1/2 4-9-13 (site 4),9ac5f278-7103-4c7e-a7ee-f10c33ef27f3,Symo Advanced 24.0-3 480 (2),24.0,parsed_from_inverter_name,125.03,month,devwork
2024-01-28,f9342ead-59a2-4c58-b54c-0ae4ab16c9da,Penner Farms - W 1/2 4-9-13 (site 4),fb5c3a62-e511-4a4a-8833-ae0501629275,Symo  24.0-3 480 (1),24.0,parsed_from_inverter_name,29.23,month,devwork
2024-01-28,f9342ead-59a2-4c58-b54c-0ae4ab16c9da,Penner Farms - W 1/2 4-9-13 (site 4),9ac5f278-7103-4c7e-a7ee-f10c33ef27f3,Symo Advanced 24.0-3 480 (2),24.0,parsed_from_inverter_name,31.75,month,devwork
2024-01-29,f9342ead-59a2-4c58-b54c-0ae4ab16c9da,Penner Farms - W 1/2 4-9-13 (site 4),fb5c3a62-e511-4a4a-8833-ae0501629275,Symo  24.0-3 480 (1),24.0,parsed_from_inverter_name,42.29,month,devwork
2024-01-29,f9342ead-59a2-4c58-b54c-0ae4ab16c9da,Penner Farms - W 1/2 4-9-13 (site 4),9ac5f278-7103-4c7e-a7ee-f10c33ef27f3,Symo Advanced 24.0-3 480 (2),24.0,parsed_from_inverter_name,44.31,month,devwork
2024-01-30,f9342ead-59a2-4c58-b54c-0ae4ab16c9da,Penner Farms - W 1/2 4-9-13 (site 4),fb5c3a62-e511-4a4a-8833-ae0501629275,Symo  24.0-3 480 (1),24.0,parsed_from_inverter_name,75.44,month,devwork
2024-01-30,f9342ead-59a2-4c58-b54c-0ae4ab16c9da,Penner Farms - W 1/2 4-9-13 (site 4),9ac5f278-7103-4c7e-a7ee-f10c33ef27f3,Symo Advanced 24.0-3 480 (2),24.0,parsed_from_inverter_name,78.11,month,devwork
2024-01-31,f9342ead-59a2-4c58-b54c-0ae4ab16c9da,Penner Farms - W 1/2 4-9-13 (site 4),fb5c3a62-e511-4a4a-8833-ae0501629275,Symo  24.0-3 480 (1),24.0,parsed_from_inverter_name,127.62,month,devwork
2024-01-31,f9342ead-59a2-4c58-b54c-0ae4ab16c9da,Penner Farms - W 1/2 4-9-13 (site 4),9ac5f278-7103-4c7e-a7ee-f10c33ef27f3,Symo Advanced 24.0-3 480 (2),24.0,parsed_from_inverter_name,123.44,month,devwork
2024-02-01,f9342ead-59a2-4c58-b54c-0ae4ab16c9da,Penner Farms - W 1/2 4-9-13 (site 4),fb5c3a62-e511-4a4a-8833-ae0501629275,Symo  24.0-3 480 (1),24.0,parsed_from_inverter_name,142.11,month,devwork
2024-02-01,f9342ead-59a2-4c58-b54c-0ae4ab16c9da,Penner Farms - W 1/2 4-9-13 (site 4),9ac5f278-7103-4c7e-a7ee-f10c33ef27f3,Symo Advanced 24.0-3 480 (2),24.0,parsed_from_inverter_name,146.7,month,devwork
2024-02-02,f9342ead-59a2-4c58-b54c-0ae4ab16c9da,Penner Farms - W 1/2 4-9-13 (site 4),fb5c3a62-e511-4a4a-8833-ae0501629275,Symo  24.0-3 480 (1),24.0,parsed_from_inverter_name,133.71,month,devwork
2024-02-02,f9342ead-59a2-4c58-b54c-0ae4ab16c9da,Penner Farms - W 1/2 4-9-13 (site 4),9ac5f278-7103-4c7e-a7ee-f10c33ef27f3,Symo Advanced 24.0-3 480 (2),24.0,parsed_from_inverter_name,137.56,month,devwork
2024-02-03,f9342ead-59a2-4c58-b54c-0ae4ab16c9da,Penner Farms - W 1/2 4-9-13 (site 4),fb5c3a62-e511-4a4a-8833-ae0501629275,Symo  24.0-3 480 (1),24.0,parsed_from_inverter_name,22.5,month,devwork
2024-02-03,f9342ead-59a2-4c58-b54c-0ae4ab16c9da,Penner Farms - W 1/2 4-9-13 (site 4),9ac5f278-7103-4c7e-a7ee-f10c33ef27f3,Symo Advanced 24.0-3 480 (2),24.0,parsed_from_inverter_name,23.17,month,devwork
2024-02-04,f9342ead-59a2-4c58-b54c-0ae4ab16c9da,Penner Farms - W 1/2 4-9-13 (site 4),fb5c3a62-e511-4a4a-8833-ae0501629275,Symo  24.0-3 480 (1),24.0,parsed_from_inverter_name,29.39,month,devwork
2024-02-04,f9342ead-59a2-4c58-b54c-0ae4ab16c9da,Penner Farms - W 1/2 4-9-13 (site 4),9ac5f278-7103-4c7e-a7ee-f10c33ef27f3,Symo Advanced 24.0-3 480 (2),24.0,parsed_from_inverter_name,41.68,month,devwork
2024-02-05,f9342ead-59a2-4c58-b54c-0ae4ab16c9da,Penner Farms - W 1/2 4-9-13 (site 4),fb5c3a62-e511-4a4a-8833-ae0501629275,Symo  24.0-3 480 (1),24.0,parsed_from_inverter_name,66.72,month,devwork
2024-02-05,f9342ead-59a2-4c58-b54c-0ae4ab16c9da,Penner Farms - W 1/2 4-9-13 (site 4),9ac5f278-7103-4c7e-a7ee-f10c33ef27f3,Symo Advanced 24.0-3 480 (2),24.0,parsed_from_inverter_name,100.41,month,devwork
2024-02-06,f9342ead-59a2-4c58-b54c-0ae4ab16c9da,Penner Farms - W 1/2 4-9-13 (site 4),fb5c3a62-e511-4a4a-8833-ae0501629275,Symo  24.0-3 480 (1),24.0,parsed_from_inverter_name,30.16,month,devwork
2024-02-06,f9342ead-59a2-4c58-b54c-0ae4ab16c9da,Penner Farms - W 1/2 4-9-13 (site 4),9ac5f278-7103-4c7e-a7ee-f10c33ef27f3,Symo Advanced 24.0-3 480 (2),24.0,parsed_from_inverter_name,44.1,month,devwork
2024-02-07,f9342ead-59a2-4c58-b54c-0ae4ab16c9da,Penner Farms - W 1/2 4-9-13 (site 4),fb5c3a62-e511-4a4a-8833-ae0501629275,Symo  24.0-3 480 (1),24.0,parsed_from_inverter_name,27.93,month,devwork
2024-02-07,f9342ead-59a2-4c58-b54c-0ae4ab16c9da,Penner Farms - W 1/2 4-9-13 (site 4),9ac5f278-7103-4c7e-a7ee-f10c33ef27f3,Symo Advanced 24.0-3 480 (2),24.0,parsed_from_inverter_name,38.65,month,devwork
2024-02-08,f9342ead-59a2-4c58-b54c-0ae4ab16c9da,Penner Farms - W 1/2 4-9-13 (site 4),fb5c3a62-e511-4a4a-8833-ae0501629275,Symo  24.0-3 480 (1),24.0,parsed_from_inverter_name,35.37,month,devwork
2024-02-08,f9342ead-59a2-4c58-b54c-0ae4ab16c9da,Penner Farms - W 1/2 4-9-13 (site 4),9ac5f278-7103-4c7e-a7ee-f10c33ef27f3,Symo Advanced 24.0-3 480 (2),24.0,parsed_from_inverter_name,50.83,month,devwork
2024-02-09,f9342ead-59a2-4c58-b54c-0ae4ab16c9da,Penner Farms - W 1/2 4-9-13 (site 4),fb5c3a62-e511-4a4a-8833-ae0501629275,Symo  24.0-3 480 (1),24.0,parsed_from_inverter_name,27.97,month,devwork
2024-02-09,f9342ead-59a2-4c58-b54c-0ae4ab16c9da,Penner Farms - W 1/2 4-9-13 (site 4),9ac5f278-7103-4c7e-a7ee-f10c33ef27f3,Symo Advanced 24.0-3 480 (2),24.0,parsed_from_inverter_name,39.43,month,devwork
2024-02-10,f9342ead-59a2-4c58-b54c-0ae4ab16c9da,Penner Farms - W 1/2 4-9-13 (site 4),fb5c3a62-e511-4a4a-8833-ae0501629275,Symo  24.0-3 480 (1),24.0,parsed_from_inverter_name,110.23,month,devwork
2024-02-10,f9342ead-59a2-4c58-b54c-0ae4ab16c9da,Penner Farms - W 1/2 4-9-13 (site 4),9ac5f278-7103-4c7e-a7ee-f10c33ef27f3,Symo Advanced 24.0-3 480 (2),24.0,parsed_from_inverter_name,131.64,month,devwork
2024-02-11,f9342ead-59a2-4c58-b54c-0ae4ab16c9da,Penner Farms - W 1/2 4-9-13 (site 4),fb5c3a62-e511-4a4a-8833-ae0501629275,Symo  24.0-3 480 (1),24.0,parsed_from_inverter_name,71.59,month,devwork
2024-02-11,f9342ead-59a2-4c58-b54c-0ae4ab16c9da,Penner Farms - W 1/2 4-9-13 (site 4),9ac5f278-7103-4c7e-a7ee-f10c33ef27f3,Symo Advanced 24.0-3 480 (2),24.0,parsed_from_inverter_name,76.85,month,devwork
2024-02-12,f9342ead-59a2-4c58-b54c-0ae4ab16c9da,Penner Farms - W 1/2 4-9-13 (site 4),fb5c3a62-e511-4a4a-8833-ae0501629275,Symo  24.0-3 480 (1),24.0,parsed_from_inverter_name,84.64,month,devwork
2024-02-12,f9342ead-59a2-4c58-b54c-0ae4ab16c9da,Penner Farms - W 1/2 4-9-13 (site 4),9ac5f278-7103-4c7e-a7ee-f10c33ef27f3,Symo Advanced 24.0-3 480 (2),24.0,parsed_from_inverter_name,86.41,month,devwork
2024-02-13,f9342ead-59a2-4c58-b54c-0ae4ab16c9da,Penner Farms - W 1/2 4-9-13 (site 4),fb5c3a62-e511-4a4a-8833-ae0501629275,Symo  24.0-3 480 (1),24.0,parsed_from_inverter_name,53.56,month,devwork
2024-02-13,f9342ead-59a2-4c58-b54c-0ae4ab16c9da,Penner Farms - W 1/2 4-9-13 (site 4),9ac5f278-7103-4c7e-a7ee-f10c33ef27f3,Symo Advanced 24.0-3 480 (2),24.0,parsed_from_inverter_name,58.42,month,devwork
2024-02-14,f9342ead-59a2-4c58-b54c-0ae4ab16c9da,Penner Farms - W 1/2 4-9-13 (site 4),fb5c3a62-e511-4a4a-8833-ae0501629275,Symo  24.0-3 480 (1),24.0,parsed_from_inverter_name,139.9,month,devwork
2024-02-14,f9342ead-59a2-4c58-b54c-0ae4ab16c9da,Penner Farms - W 1/2 4-9-13 (site 4),9ac5f278-7103-4c7e-a7ee-f10c33ef27f3,Symo Advanced 24.0-3 480 (2),24.0,parsed_from_inverter_name,141.33,month,devwork
2024-02-15,f9342ead-59a2-4c58-b54c-0ae4ab16c9da,Penner Farms - W 1/2 4-9-13 (site 4),fb5c3a62-e511-4a4a-8833-ae0501629275,Symo  24.0-3 480 (1),24.0,parsed_from_inverter_name,132.23,month,devwork
2024-02-15,f9342ead-59a2-4c58-b54c-0ae4ab16c9da,Penner Farms - W 1/2 4-9-13 (site 4),9ac5f278-7103-4c7e-a7ee-f10c33ef27f3,Symo Advanced 24.0-3 480 (2),24.0,parsed_from_inverter_name,135.62,month,devwork
2024-02-16,f9342ead-59a2-4c58-b54c-0ae4ab16c9da,Penner Farms - W 1/2 4-9-13 (site 4),fb5c3a62-e511-4a4a-8833-ae0501629275,Symo  24.0-3 480 (1),24.0,parsed_from_inverter_name,178.57,month,devwork
2024-02-16,f9342ead-59a2-4c58-b54c-0ae4ab16c9da,Penner Farms - W 1/2 4-9-13 (site 4),9ac5f278-7103-4c7e-a7ee-f10c33ef27f3,Symo Advanced 24.0-3 480 (2),24.0,parsed_from_inverter_name,181.71,month,devwork
2024-02-17,f9342ead-59a2-4c58-b54c-0ae4ab16c9da,Penner Farms - W 1/2 4-9-13 (site 4),fb5c3a62-e511-4a4a-8833-ae0501629275,Symo  24.0-3 480 (1),24.0,parsed_from_inverter_name,179.32,month,devwork
2024-02-17,f9342ead-59a2-4c58-b54c-0ae4ab16c9da,Penner Farms - W 1/2 4-9-13 (site 4),9ac5f278-7103-4c7e-a7ee-f10c33ef27f3,Symo Advanced 24.0-3 480 (2),24.0,parsed_from_inverter_name,182.36,month,devwork
2024-02-18,f9342ead-59a2-4c58-b54c-0ae4ab16c9da,Penner Farms - W 1/2 4-9-13 (site 4),fb5c3a62-e511-4a4a-8833-ae0501629275,Symo  24.0-3 480 (1),24.0,parsed_from_inverter_name,137.11,month,devwork
2024-02-18,f9342ead-59a2-4c58-b54c-0ae4ab16c9da,Penner Farms - W 1/2 4-9-13 (site 4),9ac5f278-7103-4c7e-a7ee-f10c33ef27f3,Symo Advanced 24.0-3 480 (2),24.0,parsed_from_inverter_name,140.53,month,devwork
2024-02-19,f9342ead-59a2-4c58-b54c-0ae4ab16c9da,Penner Farms - W 1/2 4-9-13 (site 4),fb5c3a62-e511-4a4a-8833-ae0501629275,Symo  24.0-3 480 (1),24.0,parsed_from_inverter_name,175.51,month,devwork
2024-02-19,f9342ead-59a2-4c58-b54c-0ae4ab16c9da,Penner Farms - W 1/2 4-9-13 (site 4),9ac5f278-7103-4c7e-a7ee-f10c33ef27f3,Symo Advanced 24.0-3 480 (2),24.0,parsed_from_inverter_name,178.76,month,devwork
2024-02-20,f9342ead-59a2-4c58-b54c-0ae4ab16c9da,Penner Farms - W 1/2 4-9-13 (site 4),fb5c3a62-e511-4a4a-8833-ae0501629275,Symo  24.0-3 480 (1),24.0,parsed_from_inverter_name,125.3,month,devwork
2024-02-20,f9342ead-59a2-4c58-b54c-0ae4ab16c9da,Penner Farms - W 1/2 4-9-13 (site 4),9ac5f278-7103-4c7e-a7ee-f10c33ef27f3,Symo Advanced 24.0-3 480 (2),24.0,parsed_from_inverter_name,129.4,month,devwork
2024-02-21,f9342ead-59a2-4c58-b54c-0ae4ab16c9da,Penner Farms - W 1/2 4-9-13 (site 4),fb5c3a62-e511-4a4a-8833-ae0501629275,Symo  24.0-3 480 (1),24.0,parsed_from_inverter_name,171.35,month,devwork
2024-02-21,f9342ead-59a2-4c58-b54c-0ae4ab16c9da,Penner Farms - W 1/2 4-9-13 (site 4),9ac5f278-7103-4c7e-a7ee-f10c33ef27f3,Symo Advanced 24.0-3 480 (2),24.0,parsed_from_inverter_name,153.88,month,devwork
2024-02-22,f9342ead-59a2-4c58-b54c-0ae4ab16c9da,Penner Farms - W 1/2 4-9-13 (site 4),fb5c3a62-e511-4a4a-8833-ae0501629275,Symo  24.0-3 480 (1),24.0,parsed_from_inverter_name,162.63,month,devwork
2024-02-22,f9342ead-59a2-4c58-b54c-0ae4ab16c9da,Penner Farms - W 1/2 4-9-13 (site 4),9ac5f278-7103-4c7e-a7ee-f10c33ef27f3,Symo Advanced 24.0-3 480 (2),24.0,parsed_from_inverter_name,167.75,month,devwork
2024-02-23,f9342ead-59a2-4c58-b54c-0ae4ab16c9da,Penner Farms - W 1/2 4-9-13 (site 4),fb5c3a62-e511-4a4a-8833-ae0501629275,Symo  24.0-3 480 (1),24.0,parsed_from_inverter_name,172.33,month,devwork
2024-02-23,f9342ead-59a2-4c58-b54c-0ae4ab16c9da,Penner Farms - W 1/2 4-9-13 (site 4),9ac5f278-7103-4c7e-a7ee-f10c33ef27f3,Symo Advanced 24.0-3 480 (2),24.0,parsed_from_inverter_name,176.14,month,devwork
2024-02-24,f9342ead-59a2-4c58-b54c-0ae4ab16c9da,Penner Farms - W 1/2 4-9-13 (site 4),fb5c3a62-e511-4a4a-8833-ae0501629275,Symo  24.0-3 480 (1),24.0,parsed_from_inverter_name,61.01,month,devwork
2024-02-24,f9342ead-59a2-4c58-b54c-0ae4ab16c9da,Penner Farms - W 1/2 4-9-13 (site 4),9ac5f278-7103-4c7e-a7ee-f10c33ef27f3,Symo Advanced 24.0-3 480 (2),24.0,parsed_from_inverter_name,63.54,month,devwork
2024-02-25,f9342ead-59a2-4c58-b54c-0ae4ab16c9da,Penner Farms - W 1/2 4-9-13 (site 4),fb5c3a62-e511-4a4a-8833-ae0501629275,Symo  24.0-3 480 (1),24.0,parsed_from_inverter_name,57.21,month,devwork
2024-02-25,f9342ead-59a2-4c58-b54c-0ae4ab16c9da,Penner Farms - W 1/2 4-9-13 (site 4),9ac5f278-7103-4c7e-a7ee-f10c33ef27f3,Symo Advanced 24.0-3 480 (2),24.0,parsed_from_inverter_name,59.62,month,devwork
2024-02-26,f9342ead-59a2-4c58-b54c-0ae4ab16c9da,Penner Farms - W 1/2 4-9-13 (site 4),fb5c3a62-e511-4a4a-8833-ae0501629275,Symo  24.0-3 480 (1),24.0,parsed_from_inverter_name,105.82,month,devwork
2024-02-26,f9342ead-59a2-4c58-b54c-0ae4ab16c9da,Penner Farms - W 1/2 4-9-13 (site 4),9ac5f278-7103-4c7e-a7ee-f10c33ef27f3,Symo Advanced 24.0-3 480 (2),24.0,parsed_from_inverter_name,132.28,month,devwork
2024-02-27,f9342ead-59a2-4c58-b54c-0ae4ab16c9da,Penner Farms - W 1/2 4-9-13 (site 4),fb5c3a62-e511-4a4a-8833-ae0501629275,Symo  24.0-3 480 (1),24.0,parsed_from_inverter_name,118.01,month,devwork
2024-02-27,f9342ead-59a2-4c58-b54c-0ae4ab16c9da,Penner Farms - W 1/2 4-9-13 (site 4),9ac5f278-7103-4c7e-a7ee-f10c33ef27f3,Symo Advanced 24.0-3 480 (2),24.0,parsed_from_inverter_name,139.15,month,devwork
2024-02-28,f9342ead-59a2-4c58-b54c-0ae4ab16c9da,Penner Farms - W 1/2 4-9-13 (site 4),fb5c3a62-e511-4a4a-8833-ae0501629275,Symo  24.0-3 480 (1),24.0,parsed_from_inverter_name,64.24,month,devwork
2024-02-28,f9342ead-59a2-4c58-b54c-0ae4ab16c9da,Penner Farms - W 1/2 4-9-13 (site 4),9ac5f278-7103-4c7e-a7ee-f10c33ef27f3,Symo Advanced 24.0-3 480 (2),24.0,parsed_from_inverter_name,68.19,month,devwork
2024-02-29,f9342ead-59a2-4c58-b54c-0ae4ab16c9da,Penner Farms - W 1/2 4-9-13 (site 4),fb5c3a62-e511-4a4a-8833-ae0501629275,Symo  24.0-3 480 (1),24.0,parsed_from_inverter_name,88.37,month,devwork
2024-02-29,f9342ead-59a2-4c58-b54c-0ae4ab16c9da,Penner Farms - W 1/2 4-9-13 (site 4),9ac5f278-7103-4c7e-a7ee-f10c33ef27f3,Symo Advanced 24.0-3 480 (2),24.0,parsed_from_inverter_name,91.49,month,devwork
2024-03-01,f9342ead-59a2-4c58-b54c-0ae4ab16c9da,Penner Farms - W 1/2 4-9-13 (site 4),fb5c3a62-e511-4a4a-8833-ae0501629275,Symo  24.0-3 480 (1),24.0,parsed_from_inverter_name,82.35,month,devwork
2024-03-01,f9342ead-59a2-4c58-b54c-0ae4ab16c9da,Penner Farms - W 1/2 4-9-13 (site 4),9ac5f278-7103-4c7e-a7ee-f10c33ef27f3,Symo Advanced 24.0-3 480 (2),24.0,parsed_from_inverter_name,85.2,month,devwork
2024-03-02,f9342ead-59a2-4c58-b54c-0ae4ab16c9da,Penner Farms - W 1/2 4-9-13 (site 4),fb5c3a62-e511-4a4a-8833-ae0501629275,Symo  24.0-3 480 (1),24.0,parsed_from_inverter_name,21.93,month,devwork
2024-03-02,f9342ead-59a2-4c58-b54c-0ae4ab16c9da,Penner Farms - W 1/2 4-9-13 (site 4),9ac5f278-7103-4c7e-a7ee-f10c33ef27f3,Symo Advanced 24.0-3 480 (2),24.0,parsed_from_inverter_name,29.37,month,devwork
2024-03-03,f9342ead-59a2-4c58-b54c-0ae4ab16c9da,Penner Farms - W 1/2 4-9-13 (site 4),fb5c3a62-e511-4a4a-8833-ae0501629275,Symo  24.0-3 480 (1),24.0,parsed_from_inverter_name,163.55,month,devwork
2024-03-03,f9342ead-59a2-4c58-b54c-0ae4ab16c9da,Penner Farms - W 1/2 4-9-13 (site 4),9ac5f278-7103-4c7e-a7ee-f10c33ef27f3,Symo Advanced 24.0-3 480 (2),24.0,parsed_from_inverter_name,184.5,month,devwork
2024-03-04,f9342ead-59a2-4c58-b54c-0ae4ab16c9da,Penner Farms - W 1/2 4-9-13 (site 4),fb5c3a62-e511-4a4a-8833-ae0501629275,Symo  24.0-3 480 (1),24.0,parsed_from_inverter_name,146.29,month,devwork
2024-03-04,f9342ead-59a2-4c58-b54c-0ae4ab16c9da,Penner Farms - W 1/2 4-9-13 (site 4),9ac5f278-7103-4c7e-a7ee-f10c33ef27f3,Symo Advanced 24.0-3 480 (2),24.0,parsed_from_inverter_name,160.81,month,devwork
2024-03-05,f9342ead-59a2-4c58-b54c-0ae4ab16c9da,Penner Farms - W 1/2 4-9-13 (site 4),fb5c3a62-e511-4a4a-8833-ae0501629275,Symo  24.0-3 480 (1),24.0,parsed_from_inverter_name,79.99,month,devwork
2024-03-05,f9342ead-59a2-4c58-b54c-0ae4ab16c9da,Penner Farms - W 1/2 4-9-13 (site 4),9ac5f278-7103-4c7e-a7ee-f10c33ef27f3,Symo Advanced 24.0-3 480 (2),24.0,parsed_from_inverter_name,85.25,month,devwork
2024-03-06,f9342ead-59a2-4c58-b54c-0ae4ab16c9da,Penner Farms - W 1/2 4-9-13 (site 4),fb5c3a62-e511-4a4a-8833-ae0501629275,Symo  24.0-3 480 (1),24.0,parsed_from_inverter_name,113.98,month,devwork
2024-03-06,f9342ead-59a2-4c58-b54c-0ae4ab16c9da,Penner Farms - W 1/2 4-9-13 (site 4),9ac5f278-7103-4c7e-a7ee-f10c33ef27f3,Symo Advanced 24.0-3 480 (2),24.0,parsed_from_inverter_name,118.25,month,devwork
2024-03-07,f9342ead-59a2-4c58-b54c-0ae4ab16c9da,Penner Farms - W 1/2 4-9-13 (site 4),fb5c3a62-e511-4a4a-8833-ae0501629275,Symo  24.0-3 480 (1),24.0,parsed_from_inverter_name,189.92,month,devwork
2024-03-07,f9342ead-59a2-4c58-b54c-0ae4ab16c9da,Penner Farms - W 1/2 4-9-13 (site 4),9ac5f278-7103-4c7e-a7ee-f10c33ef27f3,Symo Advanced 24.0-3 480 (2),24.0,parsed_from_inverter_name,193.31,month,devwork
2024-03-08,f9342ead-59a2-4c58-b54c-0ae4ab16c9da,Penner Farms - W 1/2 4-9-13 (site 4),fb5c3a62-e511-4a4a-8833-ae0501629275,Symo  24.0-3 480 (1),24.0,parsed_from_inverter_name,188.87,month,devwork
2024-03-08,f9342ead-59a2-4c58-b54c-0ae4ab16c9da,Penner Farms - W 1/2 4-9-13 (site 4),9ac5f278-7103-4c7e-a7ee-f10c33ef27f3,Symo Advanced 24.0-3 480 (2),24.0,parsed_from_inverter_name,192.13,month,devwork
2024-03-09,f9342ead-59a2-4c58-b54c-0ae4ab16c9da,Penner Farms - W 1/2 4-9-13 (site 4),fb5c3a62-e511-4a4a-8833-ae0501629275,Symo  24.0-3 480 (1),24.0,parsed_from_inverter_name,153.4,month,devwork
2024-03-09,f9342ead-59a2-4c58-b54c-0ae4ab16c9da,Penner Farms - W 1/2 4-9-13 (site 4),9ac5f278-7103-4c7e-a7ee-f10c33ef27f3,Symo Advanced 24.0-3 480 (2),24.0,parsed_from_inverter_name,156.78,month,devwork
2024-03-10,f9342ead-59a2-4c58-b54c-0ae4ab16c9da,Penner Farms - W 1/2 4-9-13 (site 4),fb5c3a62-e511-4a4a-8833-ae0501629275,Symo  24.0-3 480 (1),24.0,parsed_from_inverter_name,138.86,month,devwork
2024-03-10,f9342ead-59a2-4c58-b54c-0ae4ab16c9da,Penner Farms - W 1/2 4-9-13 (site 4),9ac5f278-7103-4c7e-a7ee-f10c33ef27f3,Symo Advanced 24.0-3 480 (2),24.0,parsed_from_inverter_name,142.2,month,devwork
2024-03-11,f9342ead-59a2-4c58-b54c-0ae4ab16c9da,Penner Farms - W 1/2 4-9-13 (site 4),fb5c3a62-e511-4a4a-8833-ae0501629275,Symo  24.0-3 480 (1),24.0,parsed_from_inverter_name,186.72,month,devwork
2024-03-11,f9342ead-59a2-4c58-b54c-0ae4ab16c9da,Penner Farms - W 1/2 4-9-13 (site 4),9ac5f278-7103-4c7e-a7ee-f10c33ef27f3,Symo Advanced 24.0-3 480 (2),24.0,parsed_from_inverter_name,189.08,month,devwork
2024-03-12,f9342ead-59a2-4c58-b54c-0ae4ab16c9da,Penner Farms - W 1/2 4-9-13 (site 4),fb5c3a62-e511-4a4a-8833-ae0501629275,Symo  24.0-3 480 (1),24.0,parsed_from_inverter_name,181.92,month,devwork
2024-03-12,f9342ead-59a2-4c58-b54c-0ae4ab16c9da,Penner Farms - W 1/2 4-9-13 (site 4),9ac5f278-7103-4c7e-a7ee-f10c33ef27f3,Symo Advanced 24.0-3 480 (2),24.0,parsed_from_inverter_name,184.07,month,devwork
2024-03-13,f9342ead-59a2-4c58-b54c-0ae4ab16c9da,Penner Farms - W 1/2 4-9-13 (site 4),fb5c3a62-e511-4a4a-8833-ae0501629275,Symo  24.0-3 480 (1),24.0,parsed_from_inverter_name,66.43,month,devwork
2024-03-13,f9342ead-59a2-4c58-b54c-0ae4ab16c9da,Penner Farms - W 1/2 4-9-13 (site 4),9ac5f278-7103-4c7e-a7ee-f10c33ef27f3,Symo Advanced 24.0-3 480 (2),24.0,parsed_from_inverter_name,68.61,month,devwork
2024-03-14,f9342ead-59a2-4c58-b54c-0ae4ab16c9da,Penner Farms - W 1/2 4-9-13 (site 4),fb5c3a62-e511-4a4a-8833-ae0501629275,Symo  24.0-3 480 (1),24.0,parsed_from_inverter_name,154.81,month,devwork
2024-03-14,f9342ead-59a2-4c58-b54c-0ae4ab16c9da,Penner Farms - W 1/2 4-9-13 (site 4),9ac5f278-7103-4c7e-a7ee-f10c33ef27f3,Symo Advanced 24.0-3 480 (2),24.0,parsed_from_inverter_name,156.52,month,devwork
2024-03-15,f9342ead-59a2-4c58-b54c-0ae4ab16c9da,Penner Farms - W 1/2 4-9-13 (site 4),fb5c3a62-e511-4a4a-8833-ae0501629275,Symo  24.0-3 480 (1),24.0,parsed_from_inverter_name,163.8,month,devwork
2024-03-15,f9342ead-59a2-4c58-b54c-0ae4ab16c9da,Penner Farms - W 1/2 4-9-13 (site 4),9ac5f278-7103-4c7e-a7ee-f10c33ef27f3,Symo Advanced 24.0-3 480 (2),24.0,parsed_from_inverter_name,166.47,month,devwork
2024-03-16,f9342ead-59a2-4c58-b54c-0ae4ab16c9da,Penner Farms - W 1/2 4-9-13 (site 4),fb5c3a62-e511-4a4a-8833-ae0501629275,Symo  24.0-3 480 (1),24.0,parsed_from_inverter_name,171.81,month,devwork
2024-03-16,f9342ead-59a2-4c58-b54c-0ae4ab16c9da,Penner Farms - W 1/2 4-9-13 (site 4),9ac5f278-7103-4c7e-a7ee-f10c33ef27f3,Symo Advanced 24.0-3 480 (2),24.0,parsed_from_inverter_name,175.29,month,devwork
2024-03-17,f9342ead-59a2-4c58-b54c-0ae4ab16c9da,Penner Farms - W 1/2 4-9-13 (site 4),fb5c3a62-e511-4a4a-8833-ae0501629275,Symo  24.0-3 480 (1),24.0,parsed_from_inverter_name,189.16,month,devwork
2024-03-17,f9342ead-59a2-4c58-b54c-0ae4ab16c9da,Penner Farms - W 1/2 4-9-13 (site 4),9ac5f278-7103-4c7e-a7ee-f10c33ef27f3,Symo Advanced 24.0-3 480 (2),24.0,parsed_from_inverter_name,191.43,month,devwork
2024-03-18,f9342ead-59a2-4c58-b54c-0ae4ab16c9da,Penner Farms - W 1/2 4-9-13 (site 4),fb5c3a62-e511-4a4a-8833-ae0501629275,Symo  24.0-3 480 (1),24.0,parsed_from_inverter_name,188.3,month,devwork
2024-03-18,f9342ead-59a2-4c58-b54c-0ae4ab16c9da,Penner Farms - W 1/2 4-9-13 (site 4),9ac5f278-7103-4c7e-a7ee-f10c33ef27f3,Symo Advanced 24.0-3 480 (2),24.0,parsed_from_inverter_name,190.5,month,devwork
2024-03-19,f9342ead-59a2-4c58-b54c-0ae4ab16c9da,Penner Farms - W 1/2 4-9-13 (site 4),fb5c3a62-e511-4a4a-8833-ae0501629275,Symo  24.0-3 480 (1),24.0,parsed_from_inverter_name,89.91,month,devwork
2024-03-19,f9342ead-59a2-4c58-b54c-0ae4ab16c9da,Penner Farms - W 1/2 4-9-13 (site 4),9ac5f278-7103-4c7e-a7ee-f10c33ef27f3,Symo Advanced 24.0-3 480 (2),24.0,parsed_from_inverter_name,92.53,month,devwork
2024-03-20,f9342ead-59a2-4c58-b54c-0ae4ab16c9da,Penner Farms - W 1/2 4-9-13 (site 4),fb5c3a62-e511-4a4a-8833-ae0501629275,Symo  24.0-3 480 (1),24.0,parsed_from_inverter_name,43.25,month,devwork
2024-03-20,f9342ead-59a2-4c58-b54c-0ae4ab16c9da,Penner Farms - W 1/2 4-9-13 (site 4),9ac5f278-7103-4c7e-a7ee-f10c33ef27f3,Symo Advanced 24.0-3 480 (2),24.0,parsed_from_inverter_name,45.12,month,devwork
2024-03-21,f9342ead-59a2-4c58-b54c-0ae4ab16c9da,Penner Farms - W 1/2 4-9-13 (site 4),fb5c3a62-e511-4a4a-8833-ae0501629275,Symo  24.0-3 480 (1),24.0,parsed_from_inverter_name,133.76,month,devwork
2024-03-21,f9342ead-59a2-4c58-b54c-0ae4ab16c9da,Penner Farms - W 1/2 4-9-13 (site 4),9ac5f278-7103-4c7e-a7ee-f10c33ef27f3,Symo Advanced 24.0-3 480 (2),24.0,parsed_from_inverter_name,137.13,month,devwork
2024-03-22,f9342ead-59a2-4c58-b54c-0ae4ab16c9da,Penner Farms - W 1/2 4-9-13 (site 4),fb5c3a62-e511-4a4a-8833-ae0501629275,Symo  24.0-3 480 (1),24.0,parsed_from_inverter_name,150.7,month,devwork
2024-03-22,f9342ead-59a2-4c58-b54c-0ae4ab16c9da,Penner Farms - W 1/2 4-9-13 (site 4),9ac5f278-7103-4c7e-a7ee-f10c33ef27f3,Symo Advanced 24.0-3 480 (2),24.0,parsed_from_inverter_name,156.7,month,devwork
2024-03-23,f9342ead-59a2-4c58-b54c-0ae4ab16c9da,Penner Farms - W 1/2 4-9-13 (site 4),fb5c3a62-e511-4a4a-8833-ae0501629275,Symo  24.0-3 480 (1),24.0,parsed_from_inverter_name,115.13,month,devwork
2024-03-23,f9342ead-59a2-4c58-b54c-0ae4ab16c9da,Penner Farms - W 1/2 4-9-13 (site 4),9ac5f278-7103-4c7e-a7ee-f10c33ef27f3,Symo Advanced 24.0-3 480 (2),24.0,parsed_from_inverter_name,119.4,month,devwork
2024-03-24,f9342ead-59a2-4c58-b54c-0ae4ab16c9da,Penner Farms - W 1/2 4-9-13 (site 4),fb5c3a62-e511-4a4a-8833-ae0501629275,Symo  24.0-3 480 (1),24.0,parsed_from_inverter_name,150.57,month,devwork
2024-03-24,f9342ead-59a2-4c58-b54c-0ae4ab16c9da,Penner Farms - W 1/2 4-9-13 (site 4),9ac5f278-7103-4c7e-a7ee-f10c33ef27f3,Symo Advanced 24.0-3 480 (2),24.0,parsed_from_inverter_name,148.45,month,devwork
2024-03-25,f9342ead-59a2-4c58-b54c-0ae4ab16c9da,Penner Farms - W 1/2 4-9-13 (site 4),fb5c3a62-e511-4a4a-8833-ae0501629275,Symo  24.0-3 480 (1),24.0,parsed_from_inverter_name,212.31,month,devwork
2024-03-25,f9342ead-59a2-4c58-b54c-0ae4ab16c9da,Penner Farms - W 1/2 4-9-13 (site 4),9ac5f278-7103-4c7e-a7ee-f10c33ef27f3,Symo Advanced 24.0-3 480 (2),24.0,parsed_from_inverter_name,215.19,month,devwork
2024-03-26,f9342ead-59a2-4c58-b54c-0ae4ab16c9da,Penner Farms - W 1/2 4-9-13 (site 4),fb5c3a62-e511-4a4a-8833-ae0501629275,Symo  24.0-3 480 (1),24.0,parsed_from_inverter_name,202.62,month,devwork
2024-03-26,f9342ead-59a2-4c58-b54c-0ae4ab16c9da,Penner Farms - W 1/2 4-9-13 (site 4),9ac5f278-7103-4c7e-a7ee-f10c33ef27f3,Symo Advanced 24.0-3 480 (2),24.0,parsed_from_inverter_name,205.64,month,devwork
2024-03-27,f9342ead-59a2-4c58-b54c-0ae4ab16c9da,Penner Farms - W 1/2 4-9-13 (site 4),fb5c3a62-e511-4a4a-8833-ae0501629275,Symo  24.0-3 480 (1),24.0,parsed_from_inverter_name,187.91,month,devwork
2024-03-27,f9342ead-59a2-4c58-b54c-0ae4ab16c9da,Penner Farms - W 1/2 4-9-13 (site 4),9ac5f278-7103-4c7e-a7ee-f10c33ef27f3,Symo Advanced 24.0-3 480 (2),24.0,parsed_from_inverter_name,191.32,month,devwork
2024-03-28,f9342ead-59a2-4c58-b54c-0ae4ab16c9da,Penner Farms - W 1/2 4-9-13 (site 4),fb5c3a62-e511-4a4a-8833-ae0501629275,Symo  24.0-3 480 (1),24.0,parsed_from_inverter_name,114.55,month,devwork
2024-03-28,f9342ead-59a2-4c58-b54c-0ae4ab16c9da,Penner Farms - W 1/2 4-9-13 (site 4),9ac5f278-7103-4c7e-a7ee-f10c33ef27f3,Symo Advanced 24.0-3 480 (2),24.0,parsed_from_inverter_name,120.59,month,devwork
2024-03-29,f9342ead-59a2-4c58-b54c-0ae4ab16c9da,Penner Farms - W 1/2 4-9-13 (site 4),fb5c3a62-e511-4a4a-8833-ae0501629275,Symo  24.0-3 480 (1),24.0,parsed_from_inverter_name,114.17,month,devwork
2024-03-29,f9342ead-59a2-4c58-b54c-0ae4ab16c9da,Penner Farms - W 1/2 4-9-13 (site 4),9ac5f278-7103-4c7e-a7ee-f10c33ef27f3,Symo Advanced 24.0-3 480 (2),24.0,parsed_from_inverter_name,120.76,month,devwork
2024-03-30,f9342ead-59a2-4c58-b54c-0ae4ab16c9da,Penner Farms - W 1/2 4-9-13 (site 4),fb5c3a62-e511-4a4a-8833-ae0501629275,Symo  24.0-3 480 (1),24.0,parsed_from_inverter_name,171.62,month,devwork
2024-03-30,f9342ead-59a2-4c58-b54c-0ae4ab16c9da,Penner Farms - W 1/2 4-9-13 (site 4),9ac5f278-7103-4c7e-a7ee-f10c33ef27f3,Symo Advanced 24.0-3 480 (2),24.0,parsed_from_inverter_name,177.42,month,devwork
2024-03-31,f9342ead-59a2-4c58-b54c-0ae4ab16c9da,Penner Farms - W 1/2 4-9-13 (site 4),fb5c3a62-e511-4a4a-8833-ae0501629275,Symo  24.0-3 480 (1),24.0,parsed_from_inverter_name,190.96,month,devwork
2024-03-31,f9342ead-59a2-4c58-b54c-0ae4ab16c9da,Penner Farms - W 1/2 4-9-13 (site 4),9ac5f278-7103-4c7e-a7ee-f10c33ef27f3,Symo Advanced 24.0-3 480 (2),24.0,parsed_from_inverter_name,194.44,month,devwork
2024-04-01,f9342ead-59a2-4c58-b54c-0ae4ab16c9da,Penner Farms - W 1/2 4-9-13 (site 4),fb5c3a62-e511-4a4a-8833-ae0501629275,Symo  24.0-3 480 (1),24.0,parsed_from_inverter_name,206.06,month,devwork
2024-04-01,f9342ead-59a2-4c58-b54c-0ae4ab16c9da,Penner Farms - W 1/2 4-9-13 (site 4),9ac5f278-7103-4c7e-a7ee-f10c33ef27f3,Symo Advanced 24.0-3 480 (2),24.0,parsed_from_inverter_name,210.31,month,devwork
2024-04-02,f9342ead-59a2-4c58-b54c-0ae4ab16c9da,Penner Farms - W 1/2 4-9-13 (site 4),fb5c3a62-e511-4a4a-8833-ae0501629275,Symo  24.0-3 480 (1),24.0,parsed_from_inverter_name,137.31,month,devwork
2024-04-02,f9342ead-59a2-4c58-b54c-0ae4ab16c9da,Penner Farms - W 1/2 4-9-13 (site 4),9ac5f278-7103-4c7e-a7ee-f10c33ef27f3,Symo Advanced 24.0-3 480 (2),24.0,parsed_from_inverter_name,141.93,month,devwork
2024-04-03,f9342ead-59a2-4c58-b54c-0ae4ab16c9da,Penner Farms - W 1/2 4-9-13 (site 4),fb5c3a62-e511-4a4a-8833-ae0501629275,Symo  24.0-3 480 (1),24.0,parsed_from_inverter_name,111.01,month,devwork
2024-04-03,f9342ead-59a2-4c58-b54c-0ae4ab16c9da,Penner Farms - W 1/2 4-9-13 (site 4),9ac5f278-7103-4c7e-a7ee-f10c33ef27f3,Symo Advanced 24.0-3 480 (2),24.0,parsed_from_inverter_name,113.66,month,devwork
2024-04-04,f9342ead-59a2-4c58-b54c-0ae4ab16c9da,Penner Farms - W 1/2 4-9-13 (site 4),fb5c3a62-e511-4a4a-8833-ae0501629275,Symo  24.0-3 480 (1),24.0,parsed_from_inverter_name,16.04,month,devwork
2024-04-04,f9342ead-59a2-4c58-b54c-0ae4ab16c9da,Penner Farms - W 1/2 4-9-13 (site 4),9ac5f278-7103-4c7e-a7ee-f10c33ef27f3,Symo Advanced 24.0-3 480 (2),24.0,parsed_from_inverter_name,16.51,month,devwork
2024-04-05,f9342ead-59a2-4c58-b54c-0ae4ab16c9da,Penner Farms - W 1/2 4-9-13 (site 4),fb5c3a62-e511-4a4a-8833-ae0501629275,Symo  24.0-3 480 (1),24.0,parsed_from_inverter_name,34.28,month,devwork
2024-04-05,f9342ead-59a2-4c58-b54c-0ae4ab16c9da,Penner Farms - W 1/2 4-9-13 (site 4),9ac5f278-7103-4c7e-a7ee-f10c33ef27f3,Symo Advanced 24.0-3 480 (2),24.0,parsed_from_inverter_name,35.26,month,devwork
2024-04-06,f9342ead-59a2-4c58-b54c-0ae4ab16c9da,Penner Farms - W 1/2 4-9-13 (site 4),fb5c3a62-e511-4a4a-8833-ae0501629275,Symo  24.0-3 480 (1),24.0,parsed_from_inverter_name,28.69,month,devwork
2024-04-06,f9342ead-59a2-4c58-b54c-0ae4ab16c9da,Penner Farms - W 1/2 4-9-13 (site 4),9ac5f278-7103-4c7e-a7ee-f10c33ef27f3,Symo Advanced 24.0-3 480 (2),24.0,parsed_from_inverter_name,29.54,month,devwork
2024-04-07,f9342ead-59a2-4c58-b54c-0ae4ab16c9da,Penner Farms - W 1/2 4-9-13 (site 4),fb5c3a62-e511-4a4a-8833-ae0501629275,Symo  24.0-3 480 (1),24.0,parsed_from_inverter_name,45.0,month,devwork
2024-04-07,f9342ead-59a2-4c58-b54c-0ae4ab16c9da,Penner Farms - W 1/2 4-9-13 (site 4),9ac5f278-7103-4c7e-a7ee-f10c33ef27f3,Symo Advanced 24.0-3 480 (2),24.0,parsed_from_inverter_name,46.36,month,devwork
2024-04-08,f9342ead-59a2-4c58-b54c-0ae4ab16c9da,Penner Farms - W 1/2 4-9-13 (site 4),fb5c3a62-e511-4a4a-8833-ae0501629275,Symo  24.0-3 480 (1),24.0,parsed_from_inverter_name,197.77,month,devwork
2024-04-08,f9342ead-59a2-4c58-b54c-0ae4ab16c9da,Penner Farms - W 1/2 4-9-13 (site 4),9ac5f278-7103-4c7e-a7ee-f10c33ef27f3,Symo Advanced 24.0-3 480 (2),24.0,parsed_from_inverter_name,200.58,month,devwork
2024-04-09,f9342ead-59a2-4c58-b54c-0ae4ab16c9da,Penner Farms - W 1/2 4-9-13 (site 4),fb5c3a62-e511-4a4a-8833-ae0501629275,Symo  24.0-3 480 (1),24.0,parsed_from_inverter_name,167.36,month,devwork
2024-04-09,f9342ead-59a2-4c58-b54c-0ae4ab16c9da,Penner Farms - W 1/2 4-9-13 (site 4),9ac5f278-7103-4c7e-a7ee-f10c33ef27f3,Symo Advanced 24.0-3 480 (2),24.0,parsed_from_inverter_name,169.99,month,devwork
2024-04-10,f9342ead-59a2-4c58-b54c-0ae4ab16c9da,Penner Farms - W 1/2 4-9-13 (site 4),fb5c3a62-e511-4a4a-8833-ae0501629275,Symo  24.0-3 480 (1),24.0,parsed_from_inverter_name,183.23,month,devwork
2024-04-10,f9342ead-59a2-4c58-b54c-0ae4ab16c9da,Penner Farms - W 1/2 4-9-13 (site 4),9ac5f278-7103-4c7e-a7ee-f10c33ef27f3,Symo Advanced 24.0-3 480 (2),24.0,parsed_from_inverter_name,141.63,month,devwork
2024-04-11,f9342ead-59a2-4c58-b54c-0ae4ab16c9da,Penner Farms - W 1/2 4-9-13 (site 4),fb5c3a62-e511-4a4a-8833-ae0501629275,Symo  24.0-3 480 (1),24.0,parsed_from_inverter_name,173.98,month,devwork
2024-04-11,f9342ead-59a2-4c58-b54c-0ae4ab16c9da,Penner Farms - W 1/2 4-9-13 (site 4),9ac5f278-7103-4c7e-a7ee-f10c33ef27f3,Symo Advanced 24.0-3 480 (2),24.0,parsed_from_inverter_name,176.09,month,devwork
2024-04-21,f9342ead-59a2-4c58-b54c-0ae4ab16c9da,Penner Farms - W 1/2 4-9-13 (site 4),fb5c3a62-e511-4a4a-8833-ae0501629275,Symo  24.0-3 480 (1),24.0,parsed_from_inverter_name,131.38,month,devwork
2024-04-21,f9342ead-59a2-4c58-b54c-0ae4ab16c9da,Penner Farms - W 1/2 4-9-13 (site 4),9ac5f278-7103-4c7e-a7ee-f10c33ef27f3,Symo Advanced 24.0-3 480 (2),24.0,parsed_from_inverter_name,132.64,month,devwork
2024-04-22,f9342ead-59a2-4c58-b54c-0ae4ab16c9da,Penner Farms - W 1/2 4-9-13 (site 4),fb5c3a62-e511-4a4a-8833-ae0501629275,Symo  24.0-3 480 (1),24.0,parsed_from_inverter_name,135.12,month,devwork
2024-04-22,f9342ead-59a2-4c58-b54c-0ae4ab16c9da,Penner Farms - W 1/2 4-9-13 (site 4),9ac5f278-7103-4c7e-a7ee-f10c33ef27f3,Symo Advanced 24.0-3 480 (2),24.0,parsed_from_inverter_name,137.6,month,devwork
2024-04-23,f9342ead-59a2-4c58-b54c-0ae4ab16c9da,Penner Farms - W 1/2 4-9-13 (site 4),fb5c3a62-e511-4a4a-8833-ae0501629275,Symo  24.0-3 480 (1),24.0,parsed_from_inverter_name,208.9,month,devwork
2024-04-23,f9342ead-59a2-4c58-b54c-0ae4ab16c9da,Penner Farms - W 1/2 4-9-13 (site 4),9ac5f278-7103-4c7e-a7ee-f10c33ef27f3,Symo Advanced 24.0-3 480 (2),24.0,parsed_from_inverter_name,211.38,month,devwork
2024-04-24,f9342ead-59a2-4c58-b54c-0ae4ab16c9da,Penner Farms - W 1/2 4-9-13 (site 4),fb5c3a62-e511-4a4a-8833-ae0501629275,Symo  24.0-3 480 (1),24.0,parsed_from_inverter_name,169.18,month,devwork
2024-04-24,f9342ead-59a2-4c58-b54c-0ae4ab16c9da,Penner Farms - W 1/2 4-9-13 (site 4),9ac5f278-7103-4c7e-a7ee-f10c33ef27f3,Symo Advanced 24.0-3 480 (2),24.0,parsed_from_inverter_name,171.96,month,devwork
2024-04-25,f9342ead-59a2-4c58-b54c-0ae4ab16c9da,Penner Farms - W 1/2 4-9-13 (site 4),fb5c3a62-e511-4a4a-8833-ae0501629275,Symo  24.0-3 480 (1),24.0,parsed_from_inverter_name,165.77,month,devwork
2024-04-25,f9342ead-59a2-4c58-b54c-0ae4ab16c9da,Penner Farms - W 1/2 4-9-13 (site 4),9ac5f278-7103-4c7e-a7ee-f10c33ef27f3,Symo Advanced 24.0-3 480 (2),24.0,parsed_from_inverter_name,168.92,month,devwork
2024-04-26,f9342ead-59a2-4c58-b54c-0ae4ab16c9da,Penner Farms - W 1/2 4-9-13 (site 4),fb5c3a62-e511-4a4a-8833-ae0501629275,Symo  24.0-3 480 (1),24.0,parsed_from_inverter_name,192.69,month,devwork
2024-04-26,f9342ead-59a2-4c58-b54c-0ae4ab16c9da,Penner Farms - W 1/2 4-9-13 (site 4),9ac5f278-7103-4c7e-a7ee-f10c33ef27f3,Symo Advanced 24.0-3 480 (2),24.0,parsed_from_inverter_name,194.89,month,devwork
2024-04-27,f9342ead-59a2-4c58-b54c-0ae4ab16c9da,Penner Farms - W 1/2 4-9-13 (site 4),fb5c3a62-e511-4a4a-8833-ae0501629275,Symo  24.0-3 480 (1),24.0,parsed_from_inverter_name,71.09,month,devwork
2024-04-27,f9342ead-59a2-4c58-b54c-0ae4ab16c9da,Penner Farms - W 1/2 4-9-13 (site 4),9ac5f278-7103-4c7e-a7ee-f10c33ef27f3,Symo Advanced 24.0-3 480 (2),24.0,parsed_from_inverter_name,72.98,month,devwork
2024-04-28,f9342ead-59a2-4c58-b54c-0ae4ab16c9da,Penner Farms - W 1/2 4-9-13 (site 4),fb5c3a62-e511-4a4a-8833-ae0501629275,Symo  24.0-3 480 (1),24.0,parsed_from_inverter_name,193.65,month,devwork
2024-04-28,f9342ead-59a2-4c58-b54c-0ae4ab16c9da,Penner Farms - W 1/2 4-9-13 (site 4),9ac5f278-7103-4c7e-a7ee-f10c33ef27f3,Symo Advanced 24.0-3 480 (2),24.0,parsed_from_inverter_name,196.27,month,devwork
2024-04-29,f9342ead-59a2-4c58-b54c-0ae4ab16c9da,Penner Farms - W 1/2 4-9-13 (site 4),fb5c3a62-e511-4a4a-8833-ae0501629275,Symo  24.0-3 480 (1),24.0,parsed_from_inverter_name,162.76,month,devwork
2024-04-29,f9342ead-59a2-4c58-b54c-0ae4ab16c9da,Penner Farms - W 1/2 4-9-13 (site 4),9ac5f278-7103-4c7e-a7ee-f10c33ef27f3,Symo Advanced 24.0-3 480 (2),24.0,parsed_from_inverter_name,165.44,month,devwork
2024-04-30,f9342ead-59a2-4c58-b54c-0ae4ab16c9da,Penner Farms - W 1/2 4-9-13 (site 4),fb5c3a62-e511-4a4a-8833-ae0501629275,Symo  24.0-3 480 (1),24.0,parsed_from_inverter_name,59.95,month,devwork
2024-04-30,f9342ead-59a2-4c58-b54c-0ae4ab16c9da,Penner Farms - W 1/2 4-9-13 (site 4),9ac5f278-7103-4c7e-a7ee-f10c33ef27f3,Symo Advanced 24.0-3 480 (2),24.0,parsed_from_inverter_name,61.63,month,devwork
2024-05-01,f9342ead-59a2-4c58-b54c-0ae4ab16c9da,Penner Farms - W 1/2 4-9-13 (site 4),fb5c3a62-e511-4a4a-8833-ae0501629275,Symo  24.0-3 480 (1),24.0,parsed_from_inverter_name,80.35,month,devwork
2024-05-01,f9342ead-59a2-4c58-b54c-0ae4ab16c9da,Penner Farms - W 1/2 4-9-13 (site 4),9ac5f278-7103-4c7e-a7ee-f10c33ef27f3,Symo Advanced 24.0-3 480 (2),24.0,parsed_from_inverter_name,82.6,month,devwork
2024-05-02,f9342ead-59a2-4c58-b54c-0ae4ab16c9da,Penner Farms - W 1/2 4-9-13 (site 4),fb5c3a62-e511-4a4a-8833-ae0501629275,Symo  24.0-3 480 (1),24.0,parsed_from_inverter_name,77.35,month,devwork
2024-05-02,f9342ead-59a2-4c58-b54c-0ae4ab16c9da,Penner Farms - W 1/2 4-9-13 (site 4),9ac5f278-7103-4c7e-a7ee-f10c33ef27f3,Symo Advanced 24.0-3 480 (2),24.0,parsed_from_inverter_name,80.31,month,devwork
2024-05-03,f9342ead-59a2-4c58-b54c-0ae4ab16c9da,Penner Farms - W 1/2 4-9-13 (site 4),fb5c3a62-e511-4a4a-8833-ae0501629275,Symo  24.0-3 480 (1),24.0,parsed_from_inverter_name,167.98,month,devwork
2024-05-03,f9342ead-59a2-4c58-b54c-0ae4ab16c9da,Penner Farms - W 1/2 4-9-13 (site 4),9ac5f278-7103-4c7e-a7ee-f10c33ef27f3,Symo Advanced 24.0-3 480 (2),24.0,parsed_from_inverter_name,170.64,month,devwork
2024-05-04,f9342ead-59a2-4c58-b54c-0ae4ab16c9da,Penner Farms - W 1/2 4-9-13 (site 4),fb5c3a62-e511-4a4a-8833-ae0501629275,Symo  24.0-3 480 (1),24.0,parsed_from_inverter_name,200.51,month,devwork
2024-05-04,f9342ead-59a2-4c58-b54c-0ae4ab16c9da,Penner Farms - W 1/2 4-9-13 (site 4),9ac5f278-7103-4c7e-a7ee-f10c33ef27f3,Symo Advanced 24.0-3 480 (2),24.0,parsed_from_inverter_name,203.4,month,devwork
2024-05-05,f9342ead-59a2-4c58-b54c-0ae4ab16c9da,Penner Farms - W 1/2 4-9-13 (site 4),fb5c3a62-e511-4a4a-8833-ae0501629275,Symo  24.0-3 480 (1),24.0,parsed_from_inverter_name,105.13,month,devwork
2024-05-05,f9342ead-59a2-4c58-b54c-0ae4ab16c9da,Penner Farms - W 1/2 4-9-13 (site 4),9ac5f278-7103-4c7e-a7ee-f10c33ef27f3,Symo Advanced 24.0-3 480 (2),24.0,parsed_from_inverter_name,107.81,month,devwork
2024-05-06,f9342ead-59a2-4c58-b54c-0ae4ab16c9da,Penner Farms - W 1/2 4-9-13 (site 4),fb5c3a62-e511-4a4a-8833-ae0501629275,Symo  24.0-3 480 (1),24.0,parsed_from_inverter_name,142.72,month,devwork
2024-05-06,f9342ead-59a2-4c58-b54c-0ae4ab16c9da,Penner Farms - W 1/2 4-9-13 (site 4),9ac5f278-7103-4c7e-a7ee-f10c33ef27f3,Symo Advanced 24.0-3 480 (2),24.0,parsed_from_inverter_name,145.34,month,devwork
2024-05-07,f9342ead-59a2-4c58-b54c-0ae4ab16c9da,Penner Farms - W 1/2 4-9-13 (site 4),fb5c3a62-e511-4a4a-8833-ae0501629275,Symo  24.0-3 480 (1),24.0,parsed_from_inverter_name,19.26,month,devwork
2024-05-07,f9342ead-59a2-4c58-b54c-0ae4ab16c9da,Penner Farms - W 1/2 4-9-13 (site 4),9ac5f278-7103-4c7e-a7ee-f10c33ef27f3,Symo Advanced 24.0-3 480 (2),24.0,parsed_from_inverter_name,15.77,month,devwork
2024-05-08,f9342ead-59a2-4c58-b54c-0ae4ab16c9da,Penner Farms - W 1/2 4-9-13 (site 4),fb5c3a62-e511-4a4a-8833-ae0501629275,Symo  24.0-3 480 (1),24.0,parsed_from_inverter_name,37.88,month,devwork
2024-05-08,f9342ead-59a2-4c58-b54c-0ae4ab16c9da,Penner Farms - W 1/2 4-9-13 (site 4),9ac5f278-7103-4c7e-a7ee-f10c33ef27f3,Symo Advanced 24.0-3 480 (2),24.0,parsed_from_inverter_name,31.02,month,devwork
2024-05-09,f9342ead-59a2-4c58-b54c-0ae4ab16c9da,Penner Farms - W 1/2 4-9-13 (site 4),fb5c3a62-e511-4a4a-8833-ae0501629275,Symo  24.0-3 480 (1),24.0,parsed_from_inverter_name,215.12,month,devwork
2024-05-09,f9342ead-59a2-4c58-b54c-0ae4ab16c9da,Penner Farms - W 1/2 4-9-13 (site 4),9ac5f278-7103-4c7e-a7ee-f10c33ef27f3,Symo Advanced 24.0-3 480 (2),24.0,parsed_from_inverter_name,213.26,month,devwork
2024-05-14,f9342ead-59a2-4c58-b54c-0ae4ab16c9da,Penner Farms - W 1/2 4-9-13 (site 4),fb5c3a62-e511-4a4a-8833-ae0501629275,Symo  24.0-3 480 (1),24.0,parsed_from_inverter_name,162.6,month,devwork
2024-05-14,f9342ead-59a2-4c58-b54c-0ae4ab16c9da,Penner Farms - W 1/2 4-9-13 (site 4),9ac5f278-7103-4c7e-a7ee-f10c33ef27f3,Symo Advanced 24.0-3 480 (2),24.0,parsed_from_inverter_name,163.54,month,devwork
2024-05-16,f9342ead-59a2-4c58-b54c-0ae4ab16c9da,Penner Farms - W 1/2 4-9-13 (site 4),fb5c3a62-e511-4a4a-8833-ae0501629275,Symo  24.0-3 480 (1),24.0,parsed_from_inverter_name,0.0,month,devwork
2024-05-16,f9342ead-59a2-4c58-b54c-0ae4ab16c9da,Penner Farms - W 1/2 4-9-13 (site 4),9ac5f278-7103-4c7e-a7ee-f10c33ef27f3,Symo Advanced 24.0-3 480 (2),24.0,parsed_from_inverter_name,0.0,month,devwork
2024-05-17,f9342ead-59a2-4c58-b54c-0ae4ab16c9da,Penner Farms - W 1/2 4-9-13 (site 4),fb5c3a62-e511-4a4a-8833-ae0501629275,Symo  24.0-3 480 (1),24.0,parsed_from_inverter_name,71.09,month,devwork
2024-05-17,f9342ead-59a2-4c58-b54c-0ae4ab16c9da,Penner Farms - W 1/2 4-9-13 (site 4),9ac5f278-7103-4c7e-a7ee-f10c33ef27f3,Symo Advanced 24.0-3 480 (2),24.0,parsed_from_inverter_name,70.37,month,devwork
2024-05-18,f9342ead-59a2-4c58-b54c-0ae4ab16c9da,Penner Farms - W 1/2 4-9-13 (site 4),fb5c3a62-e511-4a4a-8833-ae0501629275,Symo  24.0-3 480 (1),24.0,parsed_from_inverter_name,169.91,month,devwork
2024-05-18,f9342ead-59a2-4c58-b54c-0ae4ab16c9da,Penner Farms - W 1/2 4-9-13 (site 4),9ac5f278-7103-4c7e-a7ee-f10c33ef27f3,Symo Advanced 24.0-3 480 (2),24.0,parsed_from_inverter_name,171.9,month,devwork
2024-05-19,f9342ead-59a2-4c58-b54c-0ae4ab16c9da,Penner Farms - W 1/2 4-9-13 (site 4),fb5c3a62-e511-4a4a-8833-ae0501629275,Symo  24.0-3 480 (1),24.0,parsed_from_inverter_name,138.89,month,devwork
2024-05-19,f9342ead-59a2-4c58-b54c-0ae4ab16c9da,Penner Farms - W 1/2 4-9-13 (site 4),9ac5f278-7103-4c7e-a7ee-f10c33ef27f3,Symo Advanced 24.0-3 480 (2),24.0,parsed_from_inverter_name,133.06,month,devwork
2024-05-20,f9342ead-59a2-4c58-b54c-0ae4ab16c9da,Penner Farms - W 1/2 4-9-13 (site 4),fb5c3a62-e511-4a4a-8833-ae0501629275,Symo  24.0-3 480 (1),24.0,parsed_from_inverter_name,137.69,month,devwork
2024-05-20,f9342ead-59a2-4c58-b54c-0ae4ab16c9da,Penner Farms - W 1/2 4-9-13 (site 4),9ac5f278-7103-4c7e-a7ee-f10c33ef27f3,Symo Advanced 24.0-3 480 (2),24.0,parsed_from_inverter_name,136.58,month,devwork
2024-05-21,f9342ead-59a2-4c58-b54c-0ae4ab16c9da,Penner Farms - W 1/2 4-9-13 (site 4),fb5c3a62-e511-4a4a-8833-ae0501629275,Symo  24.0-3 480 (1),24.0,parsed_from_inverter_name,162.2,month,devwork
2024-05-21,f9342ead-59a2-4c58-b54c-0ae4ab16c9da,Penner Farms - W 1/2 4-9-13 (site 4),9ac5f278-7103-4c7e-a7ee-f10c33ef27f3,Symo Advanced 24.0-3 480 (2),24.0,parsed_from_inverter_name,165.15,month,devwork
2024-05-22,f9342ead-59a2-4c58-b54c-0ae4ab16c9da,Penner Farms - W 1/2 4-9-13 (site 4),fb5c3a62-e511-4a4a-8833-ae0501629275,Symo  24.0-3 480 (1),24.0,parsed_from_inverter_name,112.04,month,devwork
2024-05-22,f9342ead-59a2-4c58-b54c-0ae4ab16c9da,Penner Farms - W 1/2 4-9-13 (site 4),9ac5f278-7103-4c7e-a7ee-f10c33ef27f3,Symo Advanced 24.0-3 480 (2),24.0,parsed_from_inverter_name,113.79,month,devwork
2024-05-23,f9342ead-59a2-4c58-b54c-0ae4ab16c9da,Penner Farms - W 1/2 4-9-13 (site 4),fb5c3a62-e511-4a4a-8833-ae0501629275,Symo  24.0-3 480 (1),24.0,parsed_from_inverter_name,141.47,month,devwork
2024-05-23,f9342ead-59a2-4c58-b54c-0ae4ab16c9da,Penner Farms - W 1/2 4-9-13 (site 4),9ac5f278-7103-4c7e-a7ee-f10c33ef27f3,Symo Advanced 24.0-3 480 (2),24.0,parsed_from_inverter_name,143.28,month,devwork
2024-05-24,f9342ead-59a2-4c58-b54c-0ae4ab16c9da,Penner Farms - W 1/2 4-9-13 (site 4),fb5c3a62-e511-4a4a-8833-ae0501629275,Symo  24.0-3 480 (1),24.0,parsed_from_inverter_name,172.14,month,devwork
2024-05-24,f9342ead-59a2-4c58-b54c-0ae4ab16c9da,Penner Farms - W 1/2 4-9-13 (site 4),9ac5f278-7103-4c7e-a7ee-f10c33ef27f3,Symo Advanced 24.0-3 480 (2),24.0,parsed_from_inverter_name,173.45,month,devwork
2024-05-25,f9342ead-59a2-4c58-b54c-0ae4ab16c9da,Penner Farms - W 1/2 4-9-13 (site 4),fb5c3a62-e511-4a4a-8833-ae0501629275,Symo  24.0-3 480 (1),24.0,parsed_from_inverter_name,152.99,month,devwork
2024-05-25,f9342ead-59a2-4c58-b54c-0ae4ab16c9da,Penner Farms - W 1/2 4-9-13 (site 4),9ac5f278-7103-4c7e-a7ee-f10c33ef27f3,Symo Advanced 24.0-3 480 (2),24.0,parsed_from_inverter_name,156.45,month,devwork
2024-05-26,f9342ead-59a2-4c58-b54c-0ae4ab16c9da,Penner Farms - W 1/2 4-9-13 (site 4),fb5c3a62-e511-4a4a-8833-ae0501629275,Symo  24.0-3 480 (1),24.0,parsed_from_inverter_name,146.29,month,devwork
2024-05-26,f9342ead-59a2-4c58-b54c-0ae4ab16c9da,Penner Farms - W 1/2 4-9-13 (site 4),9ac5f278-7103-4c7e-a7ee-f10c33ef27f3,Symo Advanced 24.0-3 480 (2),24.0,parsed_from_inverter_name,148.86,month,devwork
2024-05-27,f9342ead-59a2-4c58-b54c-0ae4ab16c9da,Penner Farms - W 1/2 4-9-13 (site 4),fb5c3a62-e511-4a4a-8833-ae0501629275,Symo  24.0-3 480 (1),24.0,parsed_from_inverter_name,214.52,month,devwork
2024-05-27,f9342ead-59a2-4c58-b54c-0ae4ab16c9da,Penner Farms - W 1/2 4-9-13 (site 4),9ac5f278-7103-4c7e-a7ee-f10c33ef27f3,Symo Advanced 24.0-3 480 (2),24.0,parsed_from_inverter_name,217.91,month,devwork
2024-05-28,f9342ead-59a2-4c58-b54c-0ae4ab16c9da,Penner Farms - W 1/2 4-9-13 (site 4),fb5c3a62-e511-4a4a-8833-ae0501629275,Symo  24.0-3 480 (1),24.0,parsed_from_inverter_name,203.5,month,devwork
2024-05-28,f9342ead-59a2-4c58-b54c-0ae4ab16c9da,Penner Farms - W 1/2 4-9-13 (site 4),9ac5f278-7103-4c7e-a7ee-f10c33ef27f3,Symo Advanced 24.0-3 480 (2),24.0,parsed_from_inverter_name,206.71,month,devwork
2024-05-29,f9342ead-59a2-4c58-b54c-0ae4ab16c9da,Penner Farms - W 1/2 4-9-13 (site 4),fb5c3a62-e511-4a4a-8833-ae0501629275,Symo  24.0-3 480 (1),24.0,parsed_from_inverter_name,202.76,month,devwork
2024-05-29,f9342ead-59a2-4c58-b54c-0ae4ab16c9da,Penner Farms - W 1/2 4-9-13 (site 4),9ac5f278-7103-4c7e-a7ee-f10c33ef27f3,Symo Advanced 24.0-3 480 (2),24.0,parsed_from_inverter_name,205.65,month,devwork
2024-05-30,f9342ead-59a2-4c58-b54c-0ae4ab16c9da,Penner Farms - W 1/2 4-9-13 (site 4),fb5c3a62-e511-4a4a-8833-ae0501629275,Symo  24.0-3 480 (1),24.0,parsed_from_inverter_name,113.66,month,devwork
2024-05-30,f9342ead-59a2-4c58-b54c-0ae4ab16c9da,Penner Farms - W 1/2 4-9-13 (site 4),9ac5f278-7103-4c7e-a7ee-f10c33ef27f3,Symo Advanced 24.0-3 480 (2),24.0,parsed_from_inverter_name,114.31,month,devwork
2024-05-31,f9342ead-59a2-4c58-b54c-0ae4ab16c9da,Penner Farms - W 1/2 4-9-13 (site 4),fb5c3a62-e511-4a4a-8833-ae0501629275,Symo  24.0-3 480 (1),24.0,parsed_from_inverter_name,169.5,month,devwork
2024-05-31,f9342ead-59a2-4c58-b54c-0ae4ab16c9da,Penner Farms - W 1/2 4-9-13 (site 4),9ac5f278-7103-4c7e-a7ee-f10c33ef27f3,Symo Advanced 24.0-3 480 (2),24.0,parsed_from_inverter_name,171.55,month,devwork
2024-06-01,f9342ead-59a2-4c58-b54c-0ae4ab16c9da,Penner Farms - W 1/2 4-9-13 (site 4),fb5c3a62-e511-4a4a-8833-ae0501629275,Symo  24.0-3 480 (1),24.0,parsed_from_inverter_name,174.81,month,devwork
2024-06-01,f9342ead-59a2-4c58-b54c-0ae4ab16c9da,Penner Farms - W 1/2 4-9-13 (site 4),9ac5f278-7103-4c7e-a7ee-f10c33ef27f3,Symo Advanced 24.0-3 480 (2),24.0,parsed_from_inverter_name,178.03,month,devwork
2024-06-02,f9342ead-59a2-4c58-b54c-0ae4ab16c9da,Penner Farms - W 1/2 4-9-13 (site 4),fb5c3a62-e511-4a4a-8833-ae0501629275,Symo  24.0-3 480 (1),24.0,parsed_from_inverter_name,194.92,month,devwork
2024-06-02,f9342ead-59a2-4c58-b54c-0ae4ab16c9da,Penner Farms - W 1/2 4-9-13 (site 4),9ac5f278-7103-4c7e-a7ee-f10c33ef27f3,Symo Advanced 24.0-3 480 (2),24.0,parsed_from_inverter_name,197.19,month,devwork
2024-06-03,f9342ead-59a2-4c58-b54c-0ae4ab16c9da,Penner Farms - W 1/2 4-9-13 (site 4),fb5c3a62-e511-4a4a-8833-ae0501629275,Symo  24.0-3 480 (1),24.0,parsed_from_inverter_name,129.41,month,devwork
2024-06-03,f9342ead-59a2-4c58-b54c-0ae4ab16c9da,Penner Farms - W 1/2 4-9-13 (site 4),9ac5f278-7103-4c7e-a7ee-f10c33ef27f3,Symo Advanced 24.0-3 480 (2),24.0,parsed_from_inverter_name,131.91,month,devwork
2024-06-04,f9342ead-59a2-4c58-b54c-0ae4ab16c9da,Penner Farms - W 1/2 4-9-13 (site 4),fb5c3a62-e511-4a4a-8833-ae0501629275,Symo  24.0-3 480 (1),24.0,parsed_from_inverter_name,144.41,month,devwork
2024-06-04,f9342ead-59a2-4c58-b54c-0ae4ab16c9da,Penner Farms - W 1/2 4-9-13 (site 4),9ac5f278-7103-4c7e-a7ee-f10c33ef27f3,Symo Advanced 24.0-3 480 (2),24.0,parsed_from_inverter_name,143.67,month,devwork
2024-06-05,f9342ead-59a2-4c58-b54c-0ae4ab16c9da,Penner Farms - W 1/2 4-9-13 (site 4),fb5c3a62-e511-4a4a-8833-ae0501629275,Symo  24.0-3 480 (1),24.0,parsed_from_inverter_name,209.72,month,devwork
2024-06-05,f9342ead-59a2-4c58-b54c-0ae4ab16c9da,Penner Farms - W 1/2 4-9-13 (site 4),9ac5f278-7103-4c7e-a7ee-f10c33ef27f3,Symo Advanced 24.0-3 480 (2),24.0,parsed_from_inverter_name,211.69,month,devwork
2024-06-06,f9342ead-59a2-4c58-b54c-0ae4ab16c9da,Penner Farms - W 1/2 4-9-13 (site 4),fb5c3a62-e511-4a4a-8833-ae0501629275,Symo  24.0-3 480 (1),24.0,parsed_from_inverter_name,214.33,month,devwork
2024-06-06,f9342ead-59a2-4c58-b54c-0ae4ab16c9da,Penner Farms - W 1/2 4-9-13 (site 4),9ac5f278-7103-4c7e-a7ee-f10c33ef27f3,Symo Advanced 24.0-3 480 (2),24.0,parsed_from_inverter_name,215.49,month,devwork
2024-06-07,f9342ead-59a2-4c58-b54c-0ae4ab16c9da,Penner Farms - W 1/2 4-9-13 (site 4),fb5c3a62-e511-4a4a-8833-ae0501629275,Symo  24.0-3 480 (1),24.0,parsed_from_inverter_name,188.85,month,devwork
2024-06-07,f9342ead-59a2-4c58-b54c-0ae4ab16c9da,Penner Farms - W 1/2 4-9-13 (site 4),9ac5f278-7103-4c7e-a7ee-f10c33ef27f3,Symo Advanced 24.0-3 480 (2),24.0,parsed_from_inverter_name,189.1,month,devwork
2024-06-08,f9342ead-59a2-4c58-b54c-0ae4ab16c9da,Penner Farms - W 1/2 4-9-13 (site 4),fb5c3a62-e511-4a4a-8833-ae0501629275,Symo  24.0-3 480 (1),24.0,parsed_from_inverter_name,158.9,month,devwork
2024-06-08,f9342ead-59a2-4c58-b54c-0ae4ab16c9da,Penner Farms - W 1/2 4-9-13 (site 4),9ac5f278-7103-4c7e-a7ee-f10c33ef27f3,Symo Advanced 24.0-3 480 (2),24.0,parsed_from_inverter_name,161.34,month,devwork
2024-06-09,f9342ead-59a2-4c58-b54c-0ae4ab16c9da,Penner Farms - W 1/2 4-9-13 (site 4),fb5c3a62-e511-4a4a-8833-ae0501629275,Symo  24.0-3 480 (1),24.0,parsed_from_inverter_name,214.36,month,devwork
2024-06-09,f9342ead-59a2-4c58-b54c-0ae4ab16c9da,Penner Farms - W 1/2 4-9-13 (site 4),9ac5f278-7103-4c7e-a7ee-f10c33ef27f3,Symo Advanced 24.0-3 480 (2),24.0,parsed_from_inverter_name,216.0,month,devwork
2024-06-10,f9342ead-59a2-4c58-b54c-0ae4ab16c9da,Penner Farms - W 1/2 4-9-13 (site 4),fb5c3a62-e511-4a4a-8833-ae0501629275,Symo  24.0-3 480 (1),24.0,parsed_from_inverter_name,157.55,month,devwork
2024-06-10,f9342ead-59a2-4c58-b54c-0ae4ab16c9da,Penner Farms - W 1/2 4-9-13 (site 4),9ac5f278-7103-4c7e-a7ee-f10c33ef27f3,Symo Advanced 24.0-3 480 (2),24.0,parsed_from_inverter_name,159.4,month,devwork
2024-06-11,f9342ead-59a2-4c58-b54c-0ae4ab16c9da,Penner Farms - W 1/2 4-9-13 (site 4),fb5c3a62-e511-4a4a-8833-ae0501629275,Symo  24.0-3 480 (1),24.0,parsed_from_inverter_name,212.22,month,devwork
2024-06-11,f9342ead-59a2-4c58-b54c-0ae4ab16c9da,Penner Farms - W 1/2 4-9-13 (site 4),9ac5f278-7103-4c7e-a7ee-f10c33ef27f3,Symo Advanced 24.0-3 480 (2),24.0,parsed_from_inverter_name,214.23,month,devwork
2024-06-12,f9342ead-59a2-4c58-b54c-0ae4ab16c9da,Penner Farms - W 1/2 4-9-13 (site 4),fb5c3a62-e511-4a4a-8833-ae0501629275,Symo  24.0-3 480 (1),24.0,parsed_from_inverter_name,208.21,month,devwork
2024-06-12,f9342ead-59a2-4c58-b54c-0ae4ab16c9da,Penner Farms - W 1/2 4-9-13 (site 4),9ac5f278-7103-4c7e-a7ee-f10c33ef27f3,Symo Advanced 24.0-3 480 (2),24.0,parsed_from_inverter_name,209.88,month,devwork
2024-06-13,f9342ead-59a2-4c58-b54c-0ae4ab16c9da,Penner Farms - W 1/2 4-9-13 (site 4),fb5c3a62-e511-4a4a-8833-ae0501629275,Symo  24.0-3 480 (1),24.0,parsed_from_inverter_name,206.47,month,devwork
2024-06-13,f9342ead-59a2-4c58-b54c-0ae4ab16c9da,Penner Farms - W 1/2 4-9-13 (site 4),9ac5f278-7103-4c7e-a7ee-f10c33ef27f3,Symo Advanced 24.0-3 480 (2),24.0,parsed_from_inverter_name,210.15,month,devwork
2024-06-14,f9342ead-59a2-4c58-b54c-0ae4ab16c9da,Penner Farms - W 1/2 4-9-13 (site 4),fb5c3a62-e511-4a4a-8833-ae0501629275,Symo  24.0-3 480 (1),24.0,parsed_from_inverter_name,173.12,month,devwork
2024-06-14,f9342ead-59a2-4c58-b54c-0ae4ab16c9da,Penner Farms - W 1/2 4-9-13 (site 4),9ac5f278-7103-4c7e-a7ee-f10c33ef27f3,Symo Advanced 24.0-3 480 (2),24.0,parsed_from_inverter_name,177.5,month,devwork
2024-06-15,f9342ead-59a2-4c58-b54c-0ae4ab16c9da,Penner Farms - W 1/2 4-9-13 (site 4),fb5c3a62-e511-4a4a-8833-ae0501629275,Symo  24.0-3 480 (1),24.0,parsed_from_inverter_name,129.26,month,devwork
2024-06-15,f9342ead-59a2-4c58-b54c-0ae4ab16c9da,Penner Farms - W 1/2 4-9-13 (site 4),9ac5f278-7103-4c7e-a7ee-f10c33ef27f3,Symo Advanced 24.0-3 480 (2),24.0,parsed_from_inverter_name,132.09,month,devwork
2024-06-16,f9342ead-59a2-4c58-b54c-0ae4ab16c9da,Penner Farms - W 1/2 4-9-13 (site 4),fb5c3a62-e511-4a4a-8833-ae0501629275,Symo  24.0-3 480 (1),24.0,parsed_from_inverter_name,73.53,month,devwork
2024-06-16,f9342ead-59a2-4c58-b54c-0ae4ab16c9da,Penner Farms - W 1/2 4-9-13 (site 4),9ac5f278-7103-4c7e-a7ee-f10c33ef27f3,Symo Advanced 24.0-3 480 (2),24.0,parsed_from_inverter_name,76.56,month,devwork
2024-06-17,f9342ead-59a2-4c58-b54c-0ae4ab16c9da,Penner Farms - W 1/2 4-9-13 (site 4),fb5c3a62-e511-4a4a-8833-ae0501629275,Symo  24.0-3 480 (1),24.0,parsed_from_inverter_name,82.67,month,devwork
2024-06-17,f9342ead-59a2-4c58-b54c-0ae4ab16c9da,Penner Farms - W 1/2 4-9-13 (site 4),9ac5f278-7103-4c7e-a7ee-f10c33ef27f3,Symo Advanced 24.0-3 480 (2),24.0,parsed_from_inverter_name,85.63,month,devwork
2024-06-18,f9342ead-59a2-4c58-b54c-0ae4ab16c9da,Penner Farms - W 1/2 4-9-13 (site 4),fb5c3a62-e511-4a4a-8833-ae0501629275,Symo  24.0-3 480 (1),24.0,parsed_from_inverter_name,79.48,month,devwork
2024-06-18,f9342ead-59a2-4c58-b54c-0ae4ab16c9da,Penner Farms - W 1/2 4-9-13 (site 4),9ac5f278-7103-4c7e-a7ee-f10c33ef27f3,Symo Advanced 24.0-3 480 (2),24.0,parsed_from_inverter_name,82.73,month,devwork
2024-06-19,f9342ead-59a2-4c58-b54c-0ae4ab16c9da,Penner Farms - W 1/2 4-9-13 (site 4),fb5c3a62-e511-4a4a-8833-ae0501629275,Symo  24.0-3 480 (1),24.0,parsed_from_inverter_name,181.05,month,devwork
2024-06-19,f9342ead-59a2-4c58-b54c-0ae4ab16c9da,Penner Farms - W 1/2 4-9-13 (site 4),9ac5f278-7103-4c7e-a7ee-f10c33ef27f3,Symo Advanced 24.0-3 480 (2),24.0,parsed_from_inverter_name,184.1,month,devwork
2024-06-20,f9342ead-59a2-4c58-b54c-0ae4ab16c9da,Penner Farms - W 1/2 4-9-13 (site 4),fb5c3a62-e511-4a4a-8833-ae0501629275,Symo  24.0-3 480 (1),24.0,parsed_from_inverter_name,195.68,month,devwork
2024-06-20,f9342ead-59a2-4c58-b54c-0ae4ab16c9da,Penner Farms - W 1/2 4-9-13 (site 4),9ac5f278-7103-4c7e-a7ee-f10c33ef27f3,Symo Advanced 24.0-3 480 (2),24.0,parsed_from_inverter_name,198.02,month,devwork
2024-06-21,f9342ead-59a2-4c58-b54c-0ae4ab16c9da,Penner Farms - W 1/2 4-9-13 (site 4),fb5c3a62-e511-4a4a-8833-ae0501629275,Symo  24.0-3 480 (1),24.0,parsed_from_inverter_name,173.74,month,devwork
2024-06-21,f9342ead-59a2-4c58-b54c-0ae4ab16c9da,Penner Farms - W 1/2 4-9-13 (site 4),9ac5f278-7103-4c7e-a7ee-f10c33ef27f3,Symo Advanced 24.0-3 480 (2),24.0,parsed_from_inverter_name,176.68,month,devwork
2024-06-22,f9342ead-59a2-4c58-b54c-0ae4ab16c9da,Penner Farms - W 1/2 4-9-13 (site 4),fb5c3a62-e511-4a4a-8833-ae0501629275,Symo  24.0-3 480 (1),24.0,parsed_from_inverter_name,213.44,month,devwork
2024-06-22,f9342ead-59a2-4c58-b54c-0ae4ab16c9da,Penner Farms - W 1/2 4-9-13 (site 4),9ac5f278-7103-4c7e-a7ee-f10c33ef27f3,Symo Advanced 24.0-3 480 (2),24.0,parsed_from_inverter_name,214.19,month,devwork
2024-06-23,f9342ead-59a2-4c58-b54c-0ae4ab16c9da,Penner Farms - W 1/2 4-9-13 (site 4),fb5c3a62-e511-4a4a-8833-ae0501629275,Symo  24.0-3 480 (1),24.0,parsed_from_inverter_name,206.93,month,devwork
2024-06-23,f9342ead-59a2-4c58-b54c-0ae4ab16c9da,Penner Farms - W 1/2 4-9-13 (site 4),9ac5f278-7103-4c7e-a7ee-f10c33ef27f3,Symo Advanced 24.0-3 480 (2),24.0,parsed_from_inverter_name,210.14,month,devwork
2024-06-24,f9342ead-59a2-4c58-b54c-0ae4ab16c9da,Penner Farms - W 1/2 4-9-13 (site 4),fb5c3a62-e511-4a4a-8833-ae0501629275,Symo  24.0-3 480 (1),24.0,parsed_from_inverter_name,217.09,month,devwork
2024-06-24,f9342ead-59a2-4c58-b54c-0ae4ab16c9da,Penner Farms - W 1/2 4-9-13 (site 4),9ac5f278-7103-4c7e-a7ee-f10c33ef27f3,Symo Advanced 24.0-3 480 (2),24.0,parsed_from_inverter_name,220.96,month,devwork
2024-06-25,f9342ead-59a2-4c58-b54c-0ae4ab16c9da,Penner Farms - W 1/2 4-9-13 (site 4),fb5c3a62-e511-4a4a-8833-ae0501629275,Symo  24.0-3 480 (1),24.0,parsed_from_inverter_name,218.58,month,devwork
2024-06-25,f9342ead-59a2-4c58-b54c-0ae4ab16c9da,Penner Farms - W 1/2 4-9-13 (site 4),9ac5f278-7103-4c7e-a7ee-f10c33ef27f3,Symo Advanced 24.0-3 480 (2),24.0,parsed_from_inverter_name,222.18,month,devwork
2024-06-26,f9342ead-59a2-4c58-b54c-0ae4ab16c9da,Penner Farms - W 1/2 4-9-13 (site 4),fb5c3a62-e511-4a4a-8833-ae0501629275,Symo  24.0-3 480 (1),24.0,parsed_from_inverter_name,149.01,month,devwork
2024-06-26,f9342ead-59a2-4c58-b54c-0ae4ab16c9da,Penner Farms - W 1/2 4-9-13 (site 4),9ac5f278-7103-4c7e-a7ee-f10c33ef27f3,Symo Advanced 24.0-3 480 (2),24.0,parsed_from_inverter_name,151.94,month,devwork
2024-06-27,f9342ead-59a2-4c58-b54c-0ae4ab16c9da,Penner Farms - W 1/2 4-9-13 (site 4),fb5c3a62-e511-4a4a-8833-ae0501629275,Symo  24.0-3 480 (1),24.0,parsed_from_inverter_name,79.69,month,devwork
2024-06-27,f9342ead-59a2-4c58-b54c-0ae4ab16c9da,Penner Farms - W 1/2 4-9-13 (site 4),9ac5f278-7103-4c7e-a7ee-f10c33ef27f3,Symo Advanced 24.0-3 480 (2),24.0,parsed_from_inverter_name,78.74,month,devwork
2024-06-28,f9342ead-59a2-4c58-b54c-0ae4ab16c9da,Penner Farms - W 1/2 4-9-13 (site 4),fb5c3a62-e511-4a4a-8833-ae0501629275,Symo  24.0-3 480 (1),24.0,parsed_from_inverter_name,96.23,month,devwork
2024-06-28,f9342ead-59a2-4c58-b54c-0ae4ab16c9da,Penner Farms - W 1/2 4-9-13 (site 4),9ac5f278-7103-4c7e-a7ee-f10c33ef27f3,Symo Advanced 24.0-3 480 (2),24.0,parsed_from_inverter_name,98.22,month,devwork
2024-06-29,f9342ead-59a2-4c58-b54c-0ae4ab16c9da,Penner Farms - W 1/2 4-9-13 (site 4),fb5c3a62-e511-4a4a-8833-ae0501629275,Symo  24.0-3 480 (1),24.0,parsed_from_inverter_name,212.7,month,devwork
2024-06-29,f9342ead-59a2-4c58-b54c-0ae4ab16c9da,Penner Farms - W 1/2 4-9-13 (site 4),9ac5f278-7103-4c7e-a7ee-f10c33ef27f3,Symo Advanced 24.0-3 480 (2),24.0,parsed_from_inverter_name,214.96,month,devwork
2024-06-30,f9342ead-59a2-4c58-b54c-0ae4ab16c9da,Penner Farms - W 1/2 4-9-13 (site 4),fb5c3a62-e511-4a4a-8833-ae0501629275,Symo  24.0-3 480 (1),24.0,parsed_from_inverter_name,78.13,month,devwork
2024-06-30,f9342ead-59a2-4c58-b54c-0ae4ab16c9da,Penner Farms - W 1/2 4-9-13 (site 4),9ac5f278-7103-4c7e-a7ee-f10c33ef27f3,Symo Advanced 24.0-3 480 (2),24.0,parsed_from_inverter_name,78.39,month,devwork
2024-07-01,f9342ead-59a2-4c58-b54c-0ae4ab16c9da,Penner Farms - W 1/2 4-9-13 (site 4),fb5c3a62-e511-4a4a-8833-ae0501629275,Symo  24.0-3 480 (1),24.0,parsed_from_inverter_name,117.12,month,devwork
2024-07-01,f9342ead-59a2-4c58-b54c-0ae4ab16c9da,Penner Farms - W 1/2 4-9-13 (site 4),9ac5f278-7103-4c7e-a7ee-f10c33ef27f3,Symo Advanced 24.0-3 480 (2),24.0,parsed_from_inverter_name,116.31,month,devwork
2024-07-02,f9342ead-59a2-4c58-b54c-0ae4ab16c9da,Penner Farms - W 1/2 4-9-13 (site 4),fb5c3a62-e511-4a4a-8833-ae0501629275,Symo  24.0-3 480 (1),24.0,parsed_from_inverter_name,185.59,month,devwork
2024-07-02,f9342ead-59a2-4c58-b54c-0ae4ab16c9da,Penner Farms - W 1/2 4-9-13 (site 4),9ac5f278-7103-4c7e-a7ee-f10c33ef27f3,Symo Advanced 24.0-3 480 (2),24.0,parsed_from_inverter_name,189.13,month,devwork
2024-07-03,f9342ead-59a2-4c58-b54c-0ae4ab16c9da,Penner Farms - W 1/2 4-9-13 (site 4),fb5c3a62-e511-4a4a-8833-ae0501629275,Symo  24.0-3 480 (1),24.0,parsed_from_inverter_name,140.24,month,devwork
2024-07-03,f9342ead-59a2-4c58-b54c-0ae4ab16c9da,Penner Farms - W 1/2 4-9-13 (site 4),9ac5f278-7103-4c7e-a7ee-f10c33ef27f3,Symo Advanced 24.0-3 480 (2),24.0,parsed_from_inverter_name,143.61,month,devwork
2024-07-04,f9342ead-59a2-4c58-b54c-0ae4ab16c9da,Penner Farms - W 1/2 4-9-13 (site 4),fb5c3a62-e511-4a4a-8833-ae0501629275,Symo  24.0-3 480 (1),24.0,parsed_from_inverter_name,182.09,month,devwork
2024-07-04,f9342ead-59a2-4c58-b54c-0ae4ab16c9da,Penner Farms - W 1/2 4-9-13 (site 4),9ac5f278-7103-4c7e-a7ee-f10c33ef27f3,Symo Advanced 24.0-3 480 (2),24.0,parsed_from_inverter_name,182.96,month,devwork
2024-07-05,f9342ead-59a2-4c58-b54c-0ae4ab16c9da,Penner Farms - W 1/2 4-9-13 (site 4),fb5c3a62-e511-4a4a-8833-ae0501629275,Symo  24.0-3 480 (1),24.0,parsed_from_inverter_name,213.31,month,devwork
2024-07-05,f9342ead-59a2-4c58-b54c-0ae4ab16c9da,Penner Farms - W 1/2 4-9-13 (site 4),9ac5f278-7103-4c7e-a7ee-f10c33ef27f3,Symo Advanced 24.0-3 480 (2),24.0,parsed_from_inverter_name,216.89,month,devwork
2024-07-06,f9342ead-59a2-4c58-b54c-0ae4ab16c9da,Penner Farms - W 1/2 4-9-13 (site 4),fb5c3a62-e511-4a4a-8833-ae0501629275,Symo  24.0-3 480 (1),24.0,parsed_from_inverter_name,182.57,month,devwork
2024-07-06,f9342ead-59a2-4c58-b54c-0ae4ab16c9da,Penner Farms - W 1/2 4-9-13 (site 4),9ac5f278-7103-4c7e-a7ee-f10c33ef27f3,Symo Advanced 24.0-3 480 (2),24.0,parsed_from_inverter_name,186.8,month,devwork
2024-07-07,f9342ead-59a2-4c58-b54c-0ae4ab16c9da,Penner Farms - W 1/2 4-9-13 (site 4),fb5c3a62-e511-4a4a-8833-ae0501629275,Symo  24.0-3 480 (1),24.0,parsed_from_inverter_name,211.34,month,devwork
2024-07-07,f9342ead-59a2-4c58-b54c-0ae4ab16c9da,Penner Farms - W 1/2 4-9-13 (site 4),9ac5f278-7103-4c7e-a7ee-f10c33ef27f3,Symo Advanced 24.0-3 480 (2),24.0,parsed_from_inverter_name,215.72,month,devwork
2024-07-08,f9342ead-59a2-4c58-b54c-0ae4ab16c9da,Penner Farms - W 1/2 4-9-13 (site 4),fb5c3a62-e511-4a4a-8833-ae0501629275,Symo  24.0-3 480 (1),24.0,parsed_from_inverter_name,209.77,month,devwork
2024-07-08,f9342ead-59a2-4c58-b54c-0ae4ab16c9da,Penner Farms - W 1/2 4-9-13 (site 4),9ac5f278-7103-4c7e-a7ee-f10c33ef27f3,Symo Advanced 24.0-3 480 (2),24.0,parsed_from_inverter_name,214.54,month,devwork
2024-07-09,f9342ead-59a2-4c58-b54c-0ae4ab16c9da,Penner Farms - W 1/2 4-9-13 (site 4),fb5c3a62-e511-4a4a-8833-ae0501629275,Symo  24.0-3 480 (1),24.0,parsed_from_inverter_name,208.0,month,devwork
2024-07-09,f9342ead-59a2-4c58-b54c-0ae4ab16c9da,Penner Farms - W 1/2 4-9-13 (site 4),9ac5f278-7103-4c7e-a7ee-f10c33ef27f3,Symo Advanced 24.0-3 480 (2),24.0,parsed_from_inverter_name,213.08,month,devwork
2024-07-10,f9342ead-59a2-4c58-b54c-0ae4ab16c9da,Penner Farms - W 1/2 4-9-13 (site 4),fb5c3a62-e511-4a4a-8833-ae0501629275,Symo  24.0-3 480 (1),24.0,parsed_from_inverter_name,205.6,month,devwork
2024-07-10,f9342ead-59a2-4c58-b54c-0ae4ab16c9da,Penner Farms - W 1/2 4-9-13 (site 4),9ac5f278-7103-4c7e-a7ee-f10c33ef27f3,Symo Advanced 24.0-3 480 (2),24.0,parsed_from_inverter_name,211.05,month,devwork
2024-07-11,f9342ead-59a2-4c58-b54c-0ae4ab16c9da,Penner Farms - W 1/2 4-9-13 (site 4),fb5c3a62-e511-4a4a-8833-ae0501629275,Symo  24.0-3 480 (1),24.0,parsed_from_inverter_name,205.9,month,devwork
2024-07-11,f9342ead-59a2-4c58-b54c-0ae4ab16c9da,Penner Farms - W 1/2 4-9-13 (site 4),9ac5f278-7103-4c7e-a7ee-f10c33ef27f3,Symo Advanced 24.0-3 480 (2),24.0,parsed_from_inverter_name,211.18,month,devwork
2024-07-12,f9342ead-59a2-4c58-b54c-0ae4ab16c9da,Penner Farms - W 1/2 4-9-13 (site 4),fb5c3a62-e511-4a4a-8833-ae0501629275,Symo  24.0-3 480 (1),24.0,parsed_from_inverter_name,203.47,month,devwork
2024-07-12,f9342ead-59a2-4c58-b54c-0ae4ab16c9da,Penner Farms - W 1/2 4-9-13 (site 4),9ac5f278-7103-4c7e-a7ee-f10c33ef27f3,Symo Advanced 24.0-3 480 (2),24.0,parsed_from_inverter_name,208.17,month,devwork
2024-07-13,f9342ead-59a2-4c58-b54c-0ae4ab16c9da,Penner Farms - W 1/2 4-9-13 (site 4),fb5c3a62-e511-4a4a-8833-ae0501629275,Symo  24.0-3 480 (1),24.0,parsed_from_inverter_name,204.6,month,devwork
2024-07-13,f9342ead-59a2-4c58-b54c-0ae4ab16c9da,Penner Farms - W 1/2 4-9-13 (site 4),9ac5f278-7103-4c7e-a7ee-f10c33ef27f3,Symo Advanced 24.0-3 480 (2),24.0,parsed_from_inverter_name,209.55,month,devwork
2024-07-14,f9342ead-59a2-4c58-b54c-0ae4ab16c9da,Penner Farms - W 1/2 4-9-13 (site 4),fb5c3a62-e511-4a4a-8833-ae0501629275,Symo  24.0-3 480 (1),24.0,parsed_from_inverter_name,201.48,month,devwork
2024-07-14,f9342ead-59a2-4c58-b54c-0ae4ab16c9da,Penner Farms - W 1/2 4-9-13 (site 4),9ac5f278-7103-4c7e-a7ee-f10c33ef27f3,Symo Advanced 24.0-3 480 (2),24.0,parsed_from_inverter_name,205.9,month,devwork
2024-07-15,f9342ead-59a2-4c58-b54c-0ae4ab16c9da,Penner Farms - W 1/2 4-9-13 (site 4),fb5c3a62-e511-4a4a-8833-ae0501629275,Symo  24.0-3 480 (1),24.0,parsed_from_inverter_name,202.05,month,devwork
2024-07-15,f9342ead-59a2-4c58-b54c-0ae4ab16c9da,Penner Farms - W 1/2 4-9-13 (site 4),9ac5f278-7103-4c7e-a7ee-f10c33ef27f3,Symo Advanced 24.0-3 480 (2),24.0,parsed_from_inverter_name,207.46,month,devwork
2024-07-16,f9342ead-59a2-4c58-b54c-0ae4ab16c9da,Penner Farms - W 1/2 4-9-13 (site 4),fb5c3a62-e511-4a4a-8833-ae0501629275,Symo  24.0-3 480 (1),24.0,parsed_from_inverter_name,199.79,month,devwork
2024-07-16,f9342ead-59a2-4c58-b54c-0ae4ab16c9da,Penner Farms - W 1/2 4-9-13 (site 4),9ac5f278-7103-4c7e-a7ee-f10c33ef27f3,Symo Advanced 24.0-3 480 (2),24.0,parsed_from_inverter_name,205.07,month,devwork
2024-07-17,f9342ead-59a2-4c58-b54c-0ae4ab16c9da,Penner Farms - W 1/2 4-9-13 (site 4),fb5c3a62-e511-4a4a-8833-ae0501629275,Symo  24.0-3 480 (1),24.0,parsed_from_inverter_name,202.85,month,devwork
2024-07-17,f9342ead-59a2-4c58-b54c-0ae4ab16c9da,Penner Farms - W 1/2 4-9-13 (site 4),9ac5f278-7103-4c7e-a7ee-f10c33ef27f3,Symo Advanced 24.0-3 480 (2),24.0,parsed_from_inverter_name,208.06,month,devwork
2024-07-18,f9342ead-59a2-4c58-b54c-0ae4ab16c9da,Penner Farms - W 1/2 4-9-13 (site 4),fb5c3a62-e511-4a4a-8833-ae0501629275,Symo  24.0-3 480 (1),24.0,parsed_from_inverter_name,104.02,month,devwork
2024-07-18,f9342ead-59a2-4c58-b54c-0ae4ab16c9da,Penner Farms - W 1/2 4-9-13 (site 4),9ac5f278-7103-4c7e-a7ee-f10c33ef27f3,Symo Advanced 24.0-3 480 (2),24.0,parsed_from_inverter_name,108.05,month,devwork
2024-07-19,f9342ead-59a2-4c58-b54c-0ae4ab16c9da,Penner Farms - W 1/2 4-9-13 (site 4),fb5c3a62-e511-4a4a-8833-ae0501629275,Symo  24.0-3 480 (1),24.0,parsed_from_inverter_name,196.89,month,devwork
2024-07-19,f9342ead-59a2-4c58-b54c-0ae4ab16c9da,Penner Farms - W 1/2 4-9-13 (site 4),9ac5f278-7103-4c7e-a7ee-f10c33ef27f3,Symo Advanced 24.0-3 480 (2),24.0,parsed_from_inverter_name,203.36,month,devwork
2024-07-20,f9342ead-59a2-4c58-b54c-0ae4ab16c9da,Penner Farms - W 1/2 4-9-13 (site 4),fb5c3a62-e511-4a4a-8833-ae0501629275,Symo  24.0-3 480 (1),24.0,parsed_from_inverter_name,193.4,month,devwork
2024-07-20,f9342ead-59a2-4c58-b54c-0ae4ab16c9da,Penner Farms - W 1/2 4-9-13 (site 4),9ac5f278-7103-4c7e-a7ee-f10c33ef27f3,Symo Advanced 24.0-3 480 (2),24.0,parsed_from_inverter_name,199.99,month,devwork
2024-07-21,f9342ead-59a2-4c58-b54c-0ae4ab16c9da,Penner Farms - W 1/2 4-9-13 (site 4),fb5c3a62-e511-4a4a-8833-ae0501629275,Symo  24.0-3 480 (1),24.0,parsed_from_inverter_name,188.25,month,devwork
2024-07-21,f9342ead-59a2-4c58-b54c-0ae4ab16c9da,Penner Farms - W 1/2 4-9-13 (site 4),9ac5f278-7103-4c7e-a7ee-f10c33ef27f3,Symo Advanced 24.0-3 480 (2),24.0,parsed_from_inverter_name,195.13,month,devwork
2024-07-22,f9342ead-59a2-4c58-b54c-0ae4ab16c9da,Penner Farms - W 1/2 4-9-13 (site 4),fb5c3a62-e511-4a4a-8833-ae0501629275,Symo  24.0-3 480 (1),24.0,parsed_from_inverter_name,158.09,month,devwork
2024-07-22,f9342ead-59a2-4c58-b54c-0ae4ab16c9da,Penner Farms - W 1/2 4-9-13 (site 4),9ac5f278-7103-4c7e-a7ee-f10c33ef27f3,Symo Advanced 24.0-3 480 (2),24.0,parsed_from_inverter_name,164.17,month,devwork
2024-07-23,f9342ead-59a2-4c58-b54c-0ae4ab16c9da,Penner Farms - W 1/2 4-9-13 (site 4),fb5c3a62-e511-4a4a-8833-ae0501629275,Symo  24.0-3 480 (1),24.0,parsed_from_inverter_name,191.66,month,devwork
2024-07-23,f9342ead-59a2-4c58-b54c-0ae4ab16c9da,Penner Farms - W 1/2 4-9-13 (site 4),9ac5f278-7103-4c7e-a7ee-f10c33ef27f3,Symo Advanced 24.0-3 480 (2),24.0,parsed_from_inverter_name,198.79,month,devwork
2024-07-24,f9342ead-59a2-4c58-b54c-0ae4ab16c9da,Penner Farms - W 1/2 4-9-13 (site 4),fb5c3a62-e511-4a4a-8833-ae0501629275,Symo  24.0-3 480 (1),24.0,parsed_from_inverter_name,197.04,month,devwork
2024-07-24,f9342ead-59a2-4c58-b54c-0ae4ab16c9da,Penner Farms - W 1/2 4-9-13 (site 4),9ac5f278-7103-4c7e-a7ee-f10c33ef27f3,Symo Advanced 24.0-3 480 (2),24.0,parsed_from_inverter_name,203.44,month,devwork
2024-07-25,f9342ead-59a2-4c58-b54c-0ae4ab16c9da,Penner Farms - W 1/2 4-9-13 (site 4),fb5c3a62-e511-4a4a-8833-ae0501629275,Symo  24.0-3 480 (1),24.0,parsed_from_inverter_name,181.6,month,devwork
2024-07-25,f9342ead-59a2-4c58-b54c-0ae4ab16c9da,Penner Farms - W 1/2 4-9-13 (site 4),9ac5f278-7103-4c7e-a7ee-f10c33ef27f3,Symo Advanced 24.0-3 480 (2),24.0,parsed_from_inverter_name,187.06,month,devwork
2024-07-26,f9342ead-59a2-4c58-b54c-0ae4ab16c9da,Penner Farms - W 1/2 4-9-13 (site 4),fb5c3a62-e511-4a4a-8833-ae0501629275,Symo  24.0-3 480 (1),24.0,parsed_from_inverter_name,207.48,month,devwork
2024-07-26,f9342ead-59a2-4c58-b54c-0ae4ab16c9da,Penner Farms - W 1/2 4-9-13 (site 4),9ac5f278-7103-4c7e-a7ee-f10c33ef27f3,Symo Advanced 24.0-3 480 (2),24.0,parsed_from_inverter_name,212.07,month,devwork
2024-08-04,f9342ead-59a2-4c58-b54c-0ae4ab16c9da,Penner Farms - W 1/2 4-9-13 (site 4),fb5c3a62-e511-4a4a-8833-ae0501629275,Symo  24.0-3 480 (1),24.0,parsed_from_inverter_name,121.21,month,devwork
2024-08-04,f9342ead-59a2-4c58-b54c-0ae4ab16c9da,Penner Farms - W 1/2 4-9-13 (site 4),9ac5f278-7103-4c7e-a7ee-f10c33ef27f3,Symo Advanced 24.0-3 480 (2),24.0,parsed_from_inverter_name,32.27,month,devwork
2024-08-05,f9342ead-59a2-4c58-b54c-0ae4ab16c9da,Penner Farms - W 1/2 4-9-13 (site 4),fb5c3a62-e511-4a4a-8833-ae0501629275,Symo  24.0-3 480 (1),24.0,parsed_from_inverter_name,157.48,month,devwork
2024-08-05,f9342ead-59a2-4c58-b54c-0ae4ab16c9da,Penner Farms - W 1/2 4-9-13 (site 4),9ac5f278-7103-4c7e-a7ee-f10c33ef27f3,Symo Advanced 24.0-3 480 (2),24.0,parsed_from_inverter_name,160.55,month,devwork
2024-08-06,f9342ead-59a2-4c58-b54c-0ae4ab16c9da,Penner Farms - W 1/2 4-9-13 (site 4),fb5c3a62-e511-4a4a-8833-ae0501629275,Symo  24.0-3 480 (1),24.0,parsed_from_inverter_name,154.18,month,devwork
2024-08-06,f9342ead-59a2-4c58-b54c-0ae4ab16c9da,Penner Farms - W 1/2 4-9-13 (site 4),9ac5f278-7103-4c7e-a7ee-f10c33ef27f3,Symo Advanced 24.0-3 480 (2),24.0,parsed_from_inverter_name,156.42,month,devwork
2024-08-07,f9342ead-59a2-4c58-b54c-0ae4ab16c9da,Penner Farms - W 1/2 4-9-13 (site 4),fb5c3a62-e511-4a4a-8833-ae0501629275,Symo  24.0-3 480 (1),24.0,parsed_from_inverter_name,104.04,month,devwork
2024-08-07,f9342ead-59a2-4c58-b54c-0ae4ab16c9da,Penner Farms - W 1/2 4-9-13 (site 4),9ac5f278-7103-4c7e-a7ee-f10c33ef27f3,Symo Advanced 24.0-3 480 (2),24.0,parsed_from_inverter_name,105.37,month,devwork
2024-08-08,f9342ead-59a2-4c58-b54c-0ae4ab16c9da,Penner Farms - W 1/2 4-9-13 (site 4),fb5c3a62-e511-4a4a-8833-ae0501629275,Symo  24.0-3 480 (1),24.0,parsed_from_inverter_name,203.09,month,devwork
2024-08-08,f9342ead-59a2-4c58-b54c-0ae4ab16c9da,Penner Farms - W 1/2 4-9-13 (site 4),9ac5f278-7103-4c7e-a7ee-f10c33ef27f3,Symo Advanced 24.0-3 480 (2),24.0,parsed_from_inverter_name,204.71,month,devwork
2024-08-09,f9342ead-59a2-4c58-b54c-0ae4ab16c9da,Penner Farms - W 1/2 4-9-13 (site 4),fb5c3a62-e511-4a4a-8833-ae0501629275,Symo  24.0-3 480 (1),24.0,parsed_from_inverter_name,197.0,month,devwork
2024-08-09,f9342ead-59a2-4c58-b54c-0ae4ab16c9da,Penner Farms - W 1/2 4-9-13 (site 4),9ac5f278-7103-4c7e-a7ee-f10c33ef27f3,Symo Advanced 24.0-3 480 (2),24.0,parsed_from_inverter_name,199.45,month,devwork
2024-08-10,f9342ead-59a2-4c58-b54c-0ae4ab16c9da,Penner Farms - W 1/2 4-9-13 (site 4),fb5c3a62-e511-4a4a-8833-ae0501629275,Symo  24.0-3 480 (1),24.0,parsed_from_inverter_name,193.98,month,devwork
2024-08-10,f9342ead-59a2-4c58-b54c-0ae4ab16c9da,Penner Farms - W 1/2 4-9-13 (site 4),9ac5f278-7103-4c7e-a7ee-f10c33ef27f3,Symo Advanced 24.0-3 480 (2),24.0,parsed_from_inverter_name,196.88,month,devwork
2024-08-11,f9342ead-59a2-4c58-b54c-0ae4ab16c9da,Penner Farms - W 1/2 4-9-13 (site 4),fb5c3a62-e511-4a4a-8833-ae0501629275,Symo  24.0-3 480 (1),24.0,parsed_from_inverter_name,148.49,month,devwork
2024-08-11,f9342ead-59a2-4c58-b54c-0ae4ab16c9da,Penner Farms - W 1/2 4-9-13 (site 4),9ac5f278-7103-4c7e-a7ee-f10c33ef27f3,Symo Advanced 24.0-3 480 (2),24.0,parsed_from_inverter_name,151.44,month,devwork
2024-08-12,f9342ead-59a2-4c58-b54c-0ae4ab16c9da,Penner Farms - W 1/2 4-9-13 (site 4),fb5c3a62-e511-4a4a-8833-ae0501629275,Symo  24.0-3 480 (1),24.0,parsed_from_inverter_name,153.69,month,devwork
2024-08-12,f9342ead-59a2-4c58-b54c-0ae4ab16c9da,Penner Farms - W 1/2 4-9-13 (site 4),9ac5f278-7103-4c7e-a7ee-f10c33ef27f3,Symo Advanced 24.0-3 480 (2),24.0,parsed_from_inverter_name,155.98,month,devwork
2024-08-13,f9342ead-59a2-4c58-b54c-0ae4ab16c9da,Penner Farms - W 1/2 4-9-13 (site 4),fb5c3a62-e511-4a4a-8833-ae0501629275,Symo  24.0-3 480 (1),24.0,parsed_from_inverter_name,185.41,month,devwork
2024-08-13,f9342ead-59a2-4c58-b54c-0ae4ab16c9da,Penner Farms - W 1/2 4-9-13 (site 4),9ac5f278-7103-4c7e-a7ee-f10c33ef27f3,Symo Advanced 24.0-3 480 (2),24.0,parsed_from_inverter_name,188.67,month,devwork
2024-08-14,f9342ead-59a2-4c58-b54c-0ae4ab16c9da,Penner Farms - W 1/2 4-9-13 (site 4),fb5c3a62-e511-4a4a-8833-ae0501629275,Symo  24.0-3 480 (1),24.0,parsed_from_inverter_name,187.88,month,devwork
2024-08-14,f9342ead-59a2-4c58-b54c-0ae4ab16c9da,Penner Farms - W 1/2 4-9-13 (site 4),9ac5f278-7103-4c7e-a7ee-f10c33ef27f3,Symo Advanced 24.0-3 480 (2),24.0,parsed_from_inverter_name,192.25,month,devwork
2024-08-15,f9342ead-59a2-4c58-b54c-0ae4ab16c9da,Penner Farms - W 1/2 4-9-13 (site 4),fb5c3a62-e511-4a4a-8833-ae0501629275,Symo  24.0-3 480 (1),24.0,parsed_from_inverter_name,141.3,month,devwork
2024-08-15,f9342ead-59a2-4c58-b54c-0ae4ab16c9da,Penner Farms - W 1/2 4-9-13 (site 4),9ac5f278-7103-4c7e-a7ee-f10c33ef27f3,Symo Advanced 24.0-3 480 (2),24.0,parsed_from_inverter_name,145.02,month,devwork
2024-08-16,f9342ead-59a2-4c58-b54c-0ae4ab16c9da,Penner Farms - W 1/2 4-9-13 (site 4),fb5c3a62-e511-4a4a-8833-ae0501629275,Symo  24.0-3 480 (1),24.0,parsed_from_inverter_name,88.73,month,devwork
2024-08-16,f9342ead-59a2-4c58-b54c-0ae4ab16c9da,Penner Farms - W 1/2 4-9-13 (site 4),9ac5f278-7103-4c7e-a7ee-f10c33ef27f3,Symo Advanced 24.0-3 480 (2),24.0,parsed_from_inverter_name,90.68,month,devwork
2024-08-17,f9342ead-59a2-4c58-b54c-0ae4ab16c9da,Penner Farms - W 1/2 4-9-13 (site 4),fb5c3a62-e511-4a4a-8833-ae0501629275,Symo  24.0-3 480 (1),24.0,parsed_from_inverter_name,190.99,month,devwork
2024-08-17,f9342ead-59a2-4c58-b54c-0ae4ab16c9da,Penner Farms - W 1/2 4-9-13 (site 4),9ac5f278-7103-4c7e-a7ee-f10c33ef27f3,Symo Advanced 24.0-3 480 (2),24.0,parsed_from_inverter_name,194.2,month,devwork
2024-08-18,f9342ead-59a2-4c58-b54c-0ae4ab16c9da,Penner Farms - W 1/2 4-9-13 (site 4),fb5c3a62-e511-4a4a-8833-ae0501629275,Symo  24.0-3 480 (1),24.0,parsed_from_inverter_name,172.52,month,devwork
2024-08-18,f9342ead-59a2-4c58-b54c-0ae4ab16c9da,Penner Farms - W 1/2 4-9-13 (site 4),9ac5f278-7103-4c7e-a7ee-f10c33ef27f3,Symo Advanced 24.0-3 480 (2),24.0,parsed_from_inverter_name,174.27,month,devwork
2024-08-19,f9342ead-59a2-4c58-b54c-0ae4ab16c9da,Penner Farms - W 1/2 4-9-13 (site 4),fb5c3a62-e511-4a4a-8833-ae0501629275,Symo  24.0-3 480 (1),24.0,parsed_from_inverter_name,186.78,month,devwork
2024-08-19,f9342ead-59a2-4c58-b54c-0ae4ab16c9da,Penner Farms - W 1/2 4-9-13 (site 4),9ac5f278-7103-4c7e-a7ee-f10c33ef27f3,Symo Advanced 24.0-3 480 (2),24.0,parsed_from_inverter_name,189.7,month,devwork
2024-08-20,f9342ead-59a2-4c58-b54c-0ae4ab16c9da,Penner Farms - W 1/2 4-9-13 (site 4),fb5c3a62-e511-4a4a-8833-ae0501629275,Symo  24.0-3 480 (1),24.0,parsed_from_inverter_name,150.52,month,devwork
2024-08-20,f9342ead-59a2-4c58-b54c-0ae4ab16c9da,Penner Farms - W 1/2 4-9-13 (site 4),9ac5f278-7103-4c7e-a7ee-f10c33ef27f3,Symo Advanced 24.0-3 480 (2),24.0,parsed_from_inverter_name,153.8,month,devwork
2024-08-21,f9342ead-59a2-4c58-b54c-0ae4ab16c9da,Penner Farms - W 1/2 4-9-13 (site 4),fb5c3a62-e511-4a4a-8833-ae0501629275,Symo  24.0-3 480 (1),24.0,parsed_from_inverter_name,144.21,month,devwork
2024-08-21,f9342ead-59a2-4c58-b54c-0ae4ab16c9da,Penner Farms - W 1/2 4-9-13 (site 4),9ac5f278-7103-4c7e-a7ee-f10c33ef27f3,Symo Advanced 24.0-3 480 (2),24.0,parsed_from_inverter_name,145.63,month,devwork
2024-08-22,f9342ead-59a2-4c58-b54c-0ae4ab16c9da,Penner Farms - W 1/2 4-9-13 (site 4),fb5c3a62-e511-4a4a-8833-ae0501629275,Symo  24.0-3 480 (1),24.0,parsed_from_inverter_name,188.82,month,devwork
2024-08-22,f9342ead-59a2-4c58-b54c-0ae4ab16c9da,Penner Farms - W 1/2 4-9-13 (site 4),9ac5f278-7103-4c7e-a7ee-f10c33ef27f3,Symo Advanced 24.0-3 480 (2),24.0,parsed_from_inverter_name,190.89,month,devwork
2024-08-23,f9342ead-59a2-4c58-b54c-0ae4ab16c9da,Penner Farms - W 1/2 4-9-13 (site 4),fb5c3a62-e511-4a4a-8833-ae0501629275,Symo  24.0-3 480 (1),24.0,parsed_from_inverter_name,146.69,month,devwork
2024-08-23,f9342ead-59a2-4c58-b54c-0ae4ab16c9da,Penner Farms - W 1/2 4-9-13 (site 4),9ac5f278-7103-4c7e-a7ee-f10c33ef27f3,Symo Advanced 24.0-3 480 (2),24.0,parsed_from_inverter_name,148.91,month,devwork
2024-08-24,f9342ead-59a2-4c58-b54c-0ae4ab16c9da,Penner Farms - W 1/2 4-9-13 (site 4),fb5c3a62-e511-4a4a-8833-ae0501629275,Symo  24.0-3 480 (1),24.0,parsed_from_inverter_name,164.73,month,devwork
2024-08-24,f9342ead-59a2-4c58-b54c-0ae4ab16c9da,Penner Farms - W 1/2 4-9-13 (site 4),9ac5f278-7103-4c7e-a7ee-f10c33ef27f3,Symo Advanced 24.0-3 480 (2),24.0,parsed_from_inverter_name,167.7,month,devwork
2024-08-25,f9342ead-59a2-4c58-b54c-0ae4ab16c9da,Penner Farms - W 1/2 4-9-13 (site 4),fb5c3a62-e511-4a4a-8833-ae0501629275,Symo  24.0-3 480 (1),24.0,parsed_from_inverter_name,192.68,month,devwork
2024-08-25,f9342ead-59a2-4c58-b54c-0ae4ab16c9da,Penner Farms - W 1/2 4-9-13 (site 4),9ac5f278-7103-4c7e-a7ee-f10c33ef27f3,Symo Advanced 24.0-3 480 (2),24.0,parsed_from_inverter_name,194.67,month,devwork
2024-08-26,f9342ead-59a2-4c58-b54c-0ae4ab16c9da,Penner Farms - W 1/2 4-9-13 (site 4),fb5c3a62-e511-4a4a-8833-ae0501629275,Symo  24.0-3 480 (1),24.0,parsed_from_inverter_name,191.2,month,devwork
2024-08-26,f9342ead-59a2-4c58-b54c-0ae4ab16c9da,Penner Farms - W 1/2 4-9-13 (site 4),9ac5f278-7103-4c7e-a7ee-f10c33ef27f3,Symo Advanced 24.0-3 480 (2),24.0,parsed_from_inverter_name,193.65,month,devwork
2024-08-27,f9342ead-59a2-4c58-b54c-0ae4ab16c9da,Penner Farms - W 1/2 4-9-13 (site 4),fb5c3a62-e511-4a4a-8833-ae0501629275,Symo  24.0-3 480 (1),24.0,parsed_from_inverter_name,119.97,month,devwork
2024-08-27,f9342ead-59a2-4c58-b54c-0ae4ab16c9da,Penner Farms - W 1/2 4-9-13 (site 4),9ac5f278-7103-4c7e-a7ee-f10c33ef27f3,Symo Advanced 24.0-3 480 (2),24.0,parsed_from_inverter_name,120.2,month,devwork
2024-08-28,f9342ead-59a2-4c58-b54c-0ae4ab16c9da,Penner Farms - W 1/2 4-9-13 (site 4),fb5c3a62-e511-4a4a-8833-ae0501629275,Symo  24.0-3 480 (1),24.0,parsed_from_inverter_name,83.54,month,devwork
2024-08-28,f9342ead-59a2-4c58-b54c-0ae4ab16c9da,Penner Farms - W 1/2 4-9-13 (site 4),9ac5f278-7103-4c7e-a7ee-f10c33ef27f3,Symo Advanced 24.0-3 480 (2),24.0,parsed_from_inverter_name,83.29,month,devwork
2024-08-29,f9342ead-59a2-4c58-b54c-0ae4ab16c9da,Penner Farms - W 1/2 4-9-13 (site 4),fb5c3a62-e511-4a4a-8833-ae0501629275,Symo  24.0-3 480 (1),24.0,parsed_from_inverter_name,199.02,month,devwork
2024-08-29,f9342ead-59a2-4c58-b54c-0ae4ab16c9da,Penner Farms - W 1/2 4-9-13 (site 4),9ac5f278-7103-4c7e-a7ee-f10c33ef27f3,Symo Advanced 24.0-3 480 (2),24.0,parsed_from_inverter_name,108.97,month,devwork
2024-08-30,f9342ead-59a2-4c58-b54c-0ae4ab16c9da,Penner Farms - W 1/2 4-9-13 (site 4),fb5c3a62-e511-4a4a-8833-ae0501629275,Symo  24.0-3 480 (1),24.0,parsed_from_inverter_name,188.42,month,devwork
2024-08-30,f9342ead-59a2-4c58-b54c-0ae4ab16c9da,Penner Farms - W 1/2 4-9-13 (site 4),9ac5f278-7103-4c7e-a7ee-f10c33ef27f3,Symo Advanced 24.0-3 480 (2),24.0,parsed_from_inverter_name,88.55,month,devwork
2024-08-31,f9342ead-59a2-4c58-b54c-0ae4ab16c9da,Penner Farms - W 1/2 4-9-13 (site 4),fb5c3a62-e511-4a4a-8833-ae0501629275,Symo  24.0-3 480 (1),24.0,parsed_from_inverter_name,191.46,month,devwork
2024-08-31,f9342ead-59a2-4c58-b54c-0ae4ab16c9da,Penner Farms - W 1/2 4-9-13 (site 4),9ac5f278-7103-4c7e-a7ee-f10c33ef27f3,Symo Advanced 24.0-3 480 (2),24.0,parsed_from_inverter_name,193.78,month,devwork
2024-09-01,f9342ead-59a2-4c58-b54c-0ae4ab16c9da,Penner Farms - W 1/2 4-9-13 (site 4),fb5c3a62-e511-4a4a-8833-ae0501629275,Symo  24.0-3 480 (1),24.0,parsed_from_inverter_name,192.99,month,devwork
2024-09-01,f9342ead-59a2-4c58-b54c-0ae4ab16c9da,Penner Farms - W 1/2 4-9-13 (site 4),9ac5f278-7103-4c7e-a7ee-f10c33ef27f3,Symo Advanced 24.0-3 480 (2),24.0,parsed_from_inverter_name,194.8,month,devwork
2024-09-02,f9342ead-59a2-4c58-b54c-0ae4ab16c9da,Penner Farms - W 1/2 4-9-13 (site 4),fb5c3a62-e511-4a4a-8833-ae0501629275,Symo  24.0-3 480 (1),24.0,parsed_from_inverter_name,182.63,month,devwork
2024-09-02,f9342ead-59a2-4c58-b54c-0ae4ab16c9da,Penner Farms - W 1/2 4-9-13 (site 4),9ac5f278-7103-4c7e-a7ee-f10c33ef27f3,Symo Advanced 24.0-3 480 (2),24.0,parsed_from_inverter_name,49.75,month,devwork
2024-09-03,f9342ead-59a2-4c58-b54c-0ae4ab16c9da,Penner Farms - W 1/2 4-9-13 (site 4),fb5c3a62-e511-4a4a-8833-ae0501629275,Symo  24.0-3 480 (1),24.0,parsed_from_inverter_name,161.47,month,devwork
2024-09-03,f9342ead-59a2-4c58-b54c-0ae4ab16c9da,Penner Farms - W 1/2 4-9-13 (site 4),9ac5f278-7103-4c7e-a7ee-f10c33ef27f3,Symo Advanced 24.0-3 480 (2),24.0,parsed_from_inverter_name,162.64,month,devwork
2024-09-04,f9342ead-59a2-4c58-b54c-0ae4ab16c9da,Penner Farms - W 1/2 4-9-13 (site 4),fb5c3a62-e511-4a4a-8833-ae0501629275,Symo  24.0-3 480 (1),24.0,parsed_from_inverter_name,171.48,month,devwork
2024-09-04,f9342ead-59a2-4c58-b54c-0ae4ab16c9da,Penner Farms - W 1/2 4-9-13 (site 4),9ac5f278-7103-4c7e-a7ee-f10c33ef27f3,Symo Advanced 24.0-3 480 (2),24.0,parsed_from_inverter_name,173.15,month,devwork
2024-09-05,f9342ead-59a2-4c58-b54c-0ae4ab16c9da,Penner Farms - W 1/2 4-9-13 (site 4),fb5c3a62-e511-4a4a-8833-ae0501629275,Symo  24.0-3 480 (1),24.0,parsed_from_inverter_name,188.44,month,devwork
2024-09-05,f9342ead-59a2-4c58-b54c-0ae4ab16c9da,Penner Farms - W 1/2 4-9-13 (site 4),9ac5f278-7103-4c7e-a7ee-f10c33ef27f3,Symo Advanced 24.0-3 480 (2),24.0,parsed_from_inverter_name,191.8,month,devwork
2024-09-06,f9342ead-59a2-4c58-b54c-0ae4ab16c9da,Penner Farms - W 1/2 4-9-13 (site 4),fb5c3a62-e511-4a4a-8833-ae0501629275,Symo  24.0-3 480 (1),24.0,parsed_from_inverter_name,189.5,month,devwork
2024-09-06,f9342ead-59a2-4c58-b54c-0ae4ab16c9da,Penner Farms - W 1/2 4-9-13 (site 4),9ac5f278-7103-4c7e-a7ee-f10c33ef27f3,Symo Advanced 24.0-3 480 (2),24.0,parsed_from_inverter_name,192.72,month,devwork
2024-09-07,f9342ead-59a2-4c58-b54c-0ae4ab16c9da,Penner Farms - W 1/2 4-9-13 (site 4),fb5c3a62-e511-4a4a-8833-ae0501629275,Symo  24.0-3 480 (1),24.0,parsed_from_inverter_name,188.12,month,devwork
2024-09-07,f9342ead-59a2-4c58-b54c-0ae4ab16c9da,Penner Farms - W 1/2 4-9-13 (site 4),9ac5f278-7103-4c7e-a7ee-f10c33ef27f3,Symo Advanced 24.0-3 480 (2),24.0,parsed_from_inverter_name,191.62,month,devwork
2024-09-08,f9342ead-59a2-4c58-b54c-0ae4ab16c9da,Penner Farms - W 1/2 4-9-13 (site 4),fb5c3a62-e511-4a4a-8833-ae0501629275,Symo  24.0-3 480 (1),24.0,parsed_from_inverter_name,179.21,month,devwork
2024-09-08,f9342ead-59a2-4c58-b54c-0ae4ab16c9da,Penner Farms - W 1/2 4-9-13 (site 4),9ac5f278-7103-4c7e-a7ee-f10c33ef27f3,Symo Advanced 24.0-3 480 (2),24.0,parsed_from_inverter_name,182.79,month,devwork
2024-09-09,f9342ead-59a2-4c58-b54c-0ae4ab16c9da,Penner Farms - W 1/2 4-9-13 (site 4),fb5c3a62-e511-4a4a-8833-ae0501629275,Symo  24.0-3 480 (1),24.0,parsed_from_inverter_name,127.23,month,devwork
2024-09-09,f9342ead-59a2-4c58-b54c-0ae4ab16c9da,Penner Farms - W 1/2 4-9-13 (site 4),9ac5f278-7103-4c7e-a7ee-f10c33ef27f3,Symo Advanced 24.0-3 480 (2),24.0,parsed_from_inverter_name,130.93,month,devwork
2024-09-10,f9342ead-59a2-4c58-b54c-0ae4ab16c9da,Penner Farms - W 1/2 4-9-13 (site 4),fb5c3a62-e511-4a4a-8833-ae0501629275,Symo  24.0-3 480 (1),24.0,parsed_from_inverter_name,153.67,month,devwork
2024-09-10,f9342ead-59a2-4c58-b54c-0ae4ab16c9da,Penner Farms - W 1/2 4-9-13 (site 4),9ac5f278-7103-4c7e-a7ee-f10c33ef27f3,Symo Advanced 24.0-3 480 (2),24.0,parsed_from_inverter_name,156.95,month,devwork
2024-09-11,f9342ead-59a2-4c58-b54c-0ae4ab16c9da,Penner Farms - W 1/2 4-9-13 (site 4),fb5c3a62-e511-4a4a-8833-ae0501629275,Symo  24.0-3 480 (1),24.0,parsed_from_inverter_name,76.01,month,devwork
2024-09-11,f9342ead-59a2-4c58-b54c-0ae4ab16c9da,Penner Farms - W 1/2 4-9-13 (site 4),9ac5f278-7103-4c7e-a7ee-f10c33ef27f3,Symo Advanced 24.0-3 480 (2),24.0,parsed_from_inverter_name,78.39,month,devwork
2024-09-12,f9342ead-59a2-4c58-b54c-0ae4ab16c9da,Penner Farms - W 1/2 4-9-13 (site 4),fb5c3a62-e511-4a4a-8833-ae0501629275,Symo  24.0-3 480 (1),24.0,parsed_from_inverter_name,14.07,month,devwork
2024-09-12,f9342ead-59a2-4c58-b54c-0ae4ab16c9da,Penner Farms - W 1/2 4-9-13 (site 4),9ac5f278-7103-4c7e-a7ee-f10c33ef27f3,Symo Advanced 24.0-3 480 (2),24.0,parsed_from_inverter_name,14.59,month,devwork
2024-09-13,f9342ead-59a2-4c58-b54c-0ae4ab16c9da,Penner Farms - W 1/2 4-9-13 (site 4),fb5c3a62-e511-4a4a-8833-ae0501629275,Symo  24.0-3 480 (1),24.0,parsed_from_inverter_name,138.08,month,devwork
2024-09-13,f9342ead-59a2-4c58-b54c-0ae4ab16c9da,Penner Farms - W 1/2 4-9-13 (site 4),9ac5f278-7103-4c7e-a7ee-f10c33ef27f3,Symo Advanced 24.0-3 480 (2),24.0,parsed_from_inverter_name,140.85,month,devwork
2024-09-14,f9342ead-59a2-4c58-b54c-0ae4ab16c9da,Penner Farms - W 1/2 4-9-13 (site 4),fb5c3a62-e511-4a4a-8833-ae0501629275,Symo  24.0-3 480 (1),24.0,parsed_from_inverter_name,131.07,month,devwork
2024-09-14,f9342ead-59a2-4c58-b54c-0ae4ab16c9da,Penner Farms - W 1/2 4-9-13 (site 4),9ac5f278-7103-4c7e-a7ee-f10c33ef27f3,Symo Advanced 24.0-3 480 (2),24.0,parsed_from_inverter_name,134.74,month,devwork
2024-09-15,f9342ead-59a2-4c58-b54c-0ae4ab16c9da,Penner Farms - W 1/2 4-9-13 (site 4),fb5c3a62-e511-4a4a-8833-ae0501629275,Symo  24.0-3 480 (1),24.0,parsed_from_inverter_name,119.9,month,devwork
2024-09-15,f9342ead-59a2-4c58-b54c-0ae4ab16c9da,Penner Farms - W 1/2 4-9-13 (site 4),9ac5f278-7103-4c7e-a7ee-f10c33ef27f3,Symo Advanced 24.0-3 480 (2),24.0,parsed_from_inverter_name,122.66,month,devwork
2024-09-16,f9342ead-59a2-4c58-b54c-0ae4ab16c9da,Penner Farms - W 1/2 4-9-13 (site 4),fb5c3a62-e511-4a4a-8833-ae0501629275,Symo  24.0-3 480 (1),24.0,parsed_from_inverter_name,176.82,month,devwork
2024-09-16,f9342ead-59a2-4c58-b54c-0ae4ab16c9da,Penner Farms - W 1/2 4-9-13 (site 4),9ac5f278-7103-4c7e-a7ee-f10c33ef27f3,Symo Advanced 24.0-3 480 (2),24.0,parsed_from_inverter_name,61.27,month,devwork
2024-09-17,f9342ead-59a2-4c58-b54c-0ae4ab16c9da,Penner Farms - W 1/2 4-9-13 (site 4),fb5c3a62-e511-4a4a-8833-ae0501629275,Symo  24.0-3 480 (1),24.0,parsed_from_inverter_name,74.92,month,devwork
2024-09-17,f9342ead-59a2-4c58-b54c-0ae4ab16c9da,Penner Farms - W 1/2 4-9-13 (site 4),9ac5f278-7103-4c7e-a7ee-f10c33ef27f3,Symo Advanced 24.0-3 480 (2),24.0,parsed_from_inverter_name,77.18,month,devwork
2024-09-18,f9342ead-59a2-4c58-b54c-0ae4ab16c9da,Penner Farms - W 1/2 4-9-13 (site 4),fb5c3a62-e511-4a4a-8833-ae0501629275,Symo  24.0-3 480 (1),24.0,parsed_from_inverter_name,34.5,month,devwork
2024-09-18,f9342ead-59a2-4c58-b54c-0ae4ab16c9da,Penner Farms - W 1/2 4-9-13 (site 4),9ac5f278-7103-4c7e-a7ee-f10c33ef27f3,Symo Advanced 24.0-3 480 (2),24.0,parsed_from_inverter_name,34.09,month,devwork
2024-09-19,f9342ead-59a2-4c58-b54c-0ae4ab16c9da,Penner Farms - W 1/2 4-9-13 (site 4),fb5c3a62-e511-4a4a-8833-ae0501629275,Symo  24.0-3 480 (1),24.0,parsed_from_inverter_name,151.82,month,devwork
2024-09-19,f9342ead-59a2-4c58-b54c-0ae4ab16c9da,Penner Farms - W 1/2 4-9-13 (site 4),9ac5f278-7103-4c7e-a7ee-f10c33ef27f3,Symo Advanced 24.0-3 480 (2),24.0,parsed_from_inverter_name,154.31,month,devwork
2024-09-20,f9342ead-59a2-4c58-b54c-0ae4ab16c9da,Penner Farms - W 1/2 4-9-13 (site 4),fb5c3a62-e511-4a4a-8833-ae0501629275,Symo  24.0-3 480 (1),24.0,parsed_from_inverter_name,30.84,month,devwork
2024-09-20,f9342ead-59a2-4c58-b54c-0ae4ab16c9da,Penner Farms - W 1/2 4-9-13 (site 4),9ac5f278-7103-4c7e-a7ee-f10c33ef27f3,Symo Advanced 24.0-3 480 (2),24.0,parsed_from_inverter_name,29.05,month,devwork
2024-09-21,f9342ead-59a2-4c58-b54c-0ae4ab16c9da,Penner Farms - W 1/2 4-9-13 (site 4),fb5c3a62-e511-4a4a-8833-ae0501629275,Symo  24.0-3 480 (1),24.0,parsed_from_inverter_name,185.98,month,devwork
2024-09-21,f9342ead-59a2-4c58-b54c-0ae4ab16c9da,Penner Farms - W 1/2 4-9-13 (site 4),9ac5f278-7103-4c7e-a7ee-f10c33ef27f3,Symo Advanced 24.0-3 480 (2),24.0,parsed_from_inverter_name,163.87,month,devwork
2024-09-23,f9342ead-59a2-4c58-b54c-0ae4ab16c9da,Penner Farms - W 1/2 4-9-13 (site 4),fb5c3a62-e511-4a4a-8833-ae0501629275,Symo  24.0-3 480 (1),24.0,parsed_from_inverter_name,168.76,month,devwork
2024-09-23,f9342ead-59a2-4c58-b54c-0ae4ab16c9da,Penner Farms - W 1/2 4-9-13 (site 4),9ac5f278-7103-4c7e-a7ee-f10c33ef27f3,Symo Advanced 24.0-3 480 (2),24.0,parsed_from_inverter_name,135.62,month,devwork
2024-09-24,f9342ead-59a2-4c58-b54c-0ae4ab16c9da,Penner Farms - W 1/2 4-9-13 (site 4),fb5c3a62-e511-4a4a-8833-ae0501629275,Symo  24.0-3 480 (1),24.0,parsed_from_inverter_name,172.69,month,devwork
2024-09-24,f9342ead-59a2-4c58-b54c-0ae4ab16c9da,Penner Farms - W 1/2 4-9-13 (site 4),9ac5f278-7103-4c7e-a7ee-f10c33ef27f3,Symo Advanced 24.0-3 480 (2),24.0,parsed_from_inverter_name,175.97,month,devwork
2024-09-25,f9342ead-59a2-4c58-b54c-0ae4ab16c9da,Penner Farms - W 1/2 4-9-13 (site 4),fb5c3a62-e511-4a4a-8833-ae0501629275,Symo  24.0-3 480 (1),24.0,parsed_from_inverter_name,172.32,month,devwork
2024-09-25,f9342ead-59a2-4c58-b54c-0ae4ab16c9da,Penner Farms - W 1/2 4-9-13 (site 4),9ac5f278-7103-4c7e-a7ee-f10c33ef27f3,Symo Advanced 24.0-3 480 (2),24.0,parsed_from_inverter_name,174.79,month,devwork
2024-09-26,f9342ead-59a2-4c58-b54c-0ae4ab16c9da,Penner Farms - W 1/2 4-9-13 (site 4),fb5c3a62-e511-4a4a-8833-ae0501629275,Symo  24.0-3 480 (1),24.0,parsed_from_inverter_name,168.65,month,devwork
2024-09-26,f9342ead-59a2-4c58-b54c-0ae4ab16c9da,Penner Farms - W 1/2 4-9-13 (site 4),9ac5f278-7103-4c7e-a7ee-f10c33ef27f3,Symo Advanced 24.0-3 480 (2),24.0,parsed_from_inverter_name,74.89,month,devwork
2024-09-27,f9342ead-59a2-4c58-b54c-0ae4ab16c9da,Penner Farms - W 1/2 4-9-13 (site 4),fb5c3a62-e511-4a4a-8833-ae0501629275,Symo  24.0-3 480 (1),24.0,parsed_from_inverter_name,180.13,month,devwork
2024-09-27,f9342ead-59a2-4c58-b54c-0ae4ab16c9da,Penner Farms - W 1/2 4-9-13 (site 4),9ac5f278-7103-4c7e-a7ee-f10c33ef27f3,Symo Advanced 24.0-3 480 (2),24.0,parsed_from_inverter_name,78.98,month,devwork
2024-09-28,f9342ead-59a2-4c58-b54c-0ae4ab16c9da,Penner Farms - W 1/2 4-9-13 (site 4),fb5c3a62-e511-4a4a-8833-ae0501629275,Symo  24.0-3 480 (1),24.0,parsed_from_inverter_name,167.81,month,devwork
2024-09-28,f9342ead-59a2-4c58-b54c-0ae4ab16c9da,Penner Farms - W 1/2 4-9-13 (site 4),9ac5f278-7103-4c7e-a7ee-f10c33ef27f3,Symo Advanced 24.0-3 480 (2),24.0,parsed_from_inverter_name,151.22,month,devwork
2024-09-29,f9342ead-59a2-4c58-b54c-0ae4ab16c9da,Penner Farms - W 1/2 4-9-13 (site 4),fb5c3a62-e511-4a4a-8833-ae0501629275,Symo  24.0-3 480 (1),24.0,parsed_from_inverter_name,71.31,month,devwork
2024-09-29,f9342ead-59a2-4c58-b54c-0ae4ab16c9da,Penner Farms - W 1/2 4-9-13 (site 4),9ac5f278-7103-4c7e-a7ee-f10c33ef27f3,Symo Advanced 24.0-3 480 (2),24.0,parsed_from_inverter_name,71.05,month,devwork
2024-09-30,f9342ead-59a2-4c58-b54c-0ae4ab16c9da,Penner Farms - W 1/2 4-9-13 (site 4),fb5c3a62-e511-4a4a-8833-ae0501629275,Symo  24.0-3 480 (1),24.0,parsed_from_inverter_name,169.83,month,devwork
2024-09-30,f9342ead-59a2-4c58-b54c-0ae4ab16c9da,Penner Farms - W 1/2 4-9-13 (site 4),9ac5f278-7103-4c7e-a7ee-f10c33ef27f3,Symo Advanced 24.0-3 480 (2),24.0,parsed_from_inverter_name,166.24,month,devwork
2024-10-01,f9342ead-59a2-4c58-b54c-0ae4ab16c9da,Penner Farms - W 1/2 4-9-13 (site 4),fb5c3a62-e511-4a4a-8833-ae0501629275,Symo  24.0-3 480 (1),24.0,parsed_from_inverter_name,129.3,month,devwork
2024-10-01,f9342ead-59a2-4c58-b54c-0ae4ab16c9da,Penner Farms - W 1/2 4-9-13 (site 4),9ac5f278-7103-4c7e-a7ee-f10c33ef27f3,Symo Advanced 24.0-3 480 (2),24.0,parsed_from_inverter_name,130.72,month,devwork
2024-10-02,f9342ead-59a2-4c58-b54c-0ae4ab16c9da,Penner Farms - W 1/2 4-9-13 (site 4),fb5c3a62-e511-4a4a-8833-ae0501629275,Symo  24.0-3 480 (1),24.0,parsed_from_inverter_name,133.3,month,devwork
2024-10-02,f9342ead-59a2-4c58-b54c-0ae4ab16c9da,Penner Farms - W 1/2 4-9-13 (site 4),9ac5f278-7103-4c7e-a7ee-f10c33ef27f3,Symo Advanced 24.0-3 480 (2),24.0,parsed_from_inverter_name,135.23,month,devwork
2024-10-03,f9342ead-59a2-4c58-b54c-0ae4ab16c9da,Penner Farms - W 1/2 4-9-13 (site 4),fb5c3a62-e511-4a4a-8833-ae0501629275,Symo  24.0-3 480 (1),24.0,parsed_from_inverter_name,175.66,month,devwork
2024-10-03,f9342ead-59a2-4c58-b54c-0ae4ab16c9da,Penner Farms - W 1/2 4-9-13 (site 4),9ac5f278-7103-4c7e-a7ee-f10c33ef27f3,Symo Advanced 24.0-3 480 (2),24.0,parsed_from_inverter_name,178.38,month,devwork
2024-10-04,f9342ead-59a2-4c58-b54c-0ae4ab16c9da,Penner Farms - W 1/2 4-9-13 (site 4),fb5c3a62-e511-4a4a-8833-ae0501629275,Symo  24.0-3 480 (1),24.0,parsed_from_inverter_name,128.92,month,devwork
2024-10-04,f9342ead-59a2-4c58-b54c-0ae4ab16c9da,Penner Farms - W 1/2 4-9-13 (site 4),9ac5f278-7103-4c7e-a7ee-f10c33ef27f3,Symo Advanced 24.0-3 480 (2),24.0,parsed_from_inverter_name,132.91,month,devwork
2024-10-05,f9342ead-59a2-4c58-b54c-0ae4ab16c9da,Penner Farms - W 1/2 4-9-13 (site 4),fb5c3a62-e511-4a4a-8833-ae0501629275,Symo  24.0-3 480 (1),24.0,parsed_from_inverter_name,176.65,month,devwork
2024-10-05,f9342ead-59a2-4c58-b54c-0ae4ab16c9da,Penner Farms - W 1/2 4-9-13 (site 4),9ac5f278-7103-4c7e-a7ee-f10c33ef27f3,Symo Advanced 24.0-3 480 (2),24.0,parsed_from_inverter_name,180.18,month,devwork
2024-10-06,f9342ead-59a2-4c58-b54c-0ae4ab16c9da,Penner Farms - W 1/2 4-9-13 (site 4),fb5c3a62-e511-4a4a-8833-ae0501629275,Symo  24.0-3 480 (1),24.0,parsed_from_inverter_name,153.14,month,devwork
2024-10-06,f9342ead-59a2-4c58-b54c-0ae4ab16c9da,Penner Farms - W 1/2 4-9-13 (site 4),9ac5f278-7103-4c7e-a7ee-f10c33ef27f3,Symo Advanced 24.0-3 480 (2),24.0,parsed_from_inverter_name,156.03,month,devwork
2024-10-07,f9342ead-59a2-4c58-b54c-0ae4ab16c9da,Penner Farms - W 1/2 4-9-13 (site 4),fb5c3a62-e511-4a4a-8833-ae0501629275,Symo  24.0-3 480 (1),24.0,parsed_from_inverter_name,172.95,month,devwork
2024-10-07,f9342ead-59a2-4c58-b54c-0ae4ab16c9da,Penner Farms - W 1/2 4-9-13 (site 4),9ac5f278-7103-4c7e-a7ee-f10c33ef27f3,Symo Advanced 24.0-3 480 (2),24.0,parsed_from_inverter_name,176.29,month,devwork
2024-10-08,f9342ead-59a2-4c58-b54c-0ae4ab16c9da,Penner Farms - W 1/2 4-9-13 (site 4),fb5c3a62-e511-4a4a-8833-ae0501629275,Symo  24.0-3 480 (1),24.0,parsed_from_inverter_name,167.31,month,devwork
2024-10-08,f9342ead-59a2-4c58-b54c-0ae4ab16c9da,Penner Farms - W 1/2 4-9-13 (site 4),9ac5f278-7103-4c7e-a7ee-f10c33ef27f3,Symo Advanced 24.0-3 480 (2),24.0,parsed_from_inverter_name,171.46,month,devwork
2024-10-09,f9342ead-59a2-4c58-b54c-0ae4ab16c9da,Penner Farms - W 1/2 4-9-13 (site 4),fb5c3a62-e511-4a4a-8833-ae0501629275,Symo  24.0-3 480 (1),24.0,parsed_from_inverter_name,63.26,month,devwork
2024-10-09,f9342ead-59a2-4c58-b54c-0ae4ab16c9da,Penner Farms - W 1/2 4-9-13 (site 4),9ac5f278-7103-4c7e-a7ee-f10c33ef27f3,Symo Advanced 24.0-3 480 (2),24.0,parsed_from_inverter_name,65.8,month,devwork
2024-10-10,f9342ead-59a2-4c58-b54c-0ae4ab16c9da,Penner Farms - W 1/2 4-9-13 (site 4),fb5c3a62-e511-4a4a-8833-ae0501629275,Symo  24.0-3 480 (1),24.0,parsed_from_inverter_name,158.9,month,devwork
2024-10-10,f9342ead-59a2-4c58-b54c-0ae4ab16c9da,Penner Farms - W 1/2 4-9-13 (site 4),9ac5f278-7103-4c7e-a7ee-f10c33ef27f3,Symo Advanced 24.0-3 480 (2),24.0,parsed_from_inverter_name,161.84,month,devwork
2024-10-11,f9342ead-59a2-4c58-b54c-0ae4ab16c9da,Penner Farms - W 1/2 4-9-13 (site 4),fb5c3a62-e511-4a4a-8833-ae0501629275,Symo  24.0-3 480 (1),24.0,parsed_from_inverter_name,152.21,month,devwork
2024-10-11,f9342ead-59a2-4c58-b54c-0ae4ab16c9da,Penner Farms - W 1/2 4-9-13 (site 4),9ac5f278-7103-4c7e-a7ee-f10c33ef27f3,Symo Advanced 24.0-3 480 (2),24.0,parsed_from_inverter_name,155.66,month,devwork
2024-10-12,f9342ead-59a2-4c58-b54c-0ae4ab16c9da,Penner Farms - W 1/2 4-9-13 (site 4),fb5c3a62-e511-4a4a-8833-ae0501629275,Symo  24.0-3 480 (1),24.0,parsed_from_inverter_name,162.06,month,devwork
2024-10-12,f9342ead-59a2-4c58-b54c-0ae4ab16c9da,Penner Farms - W 1/2 4-9-13 (site 4),9ac5f278-7103-4c7e-a7ee-f10c33ef27f3,Symo Advanced 24.0-3 480 (2),24.0,parsed_from_inverter_name,165.46,month,devwork
2024-10-13,f9342ead-59a2-4c58-b54c-0ae4ab16c9da,Penner Farms - W 1/2 4-9-13 (site 4),fb5c3a62-e511-4a4a-8833-ae0501629275,Symo  24.0-3 480 (1),24.0,parsed_from_inverter_name,168.66,month,devwork
2024-10-13,f9342ead-59a2-4c58-b54c-0ae4ab16c9da,Penner Farms - W 1/2 4-9-13 (site 4),9ac5f278-7103-4c7e-a7ee-f10c33ef27f3,Symo Advanced 24.0-3 480 (2),24.0,parsed_from_inverter_name,171.28,month,devwork
2024-10-14,f9342ead-59a2-4c58-b54c-0ae4ab16c9da,Penner Farms - W 1/2 4-9-13 (site 4),fb5c3a62-e511-4a4a-8833-ae0501629275,Symo  24.0-3 480 (1),24.0,parsed_from_inverter_name,150.61,month,devwork
2024-10-14,f9342ead-59a2-4c58-b54c-0ae4ab16c9da,Penner Farms - W 1/2 4-9-13 (site 4),9ac5f278-7103-4c7e-a7ee-f10c33ef27f3,Symo Advanced 24.0-3 480 (2),24.0,parsed_from_inverter_name,106.83,month,devwork
2024-10-15,f9342ead-59a2-4c58-b54c-0ae4ab16c9da,Penner Farms - W 1/2 4-9-13 (site 4),fb5c3a62-e511-4a4a-8833-ae0501629275,Symo  24.0-3 480 (1),24.0,parsed_from_inverter_name,86.32,month,devwork
2024-10-15,f9342ead-59a2-4c58-b54c-0ae4ab16c9da,Penner Farms - W 1/2 4-9-13 (site 4),9ac5f278-7103-4c7e-a7ee-f10c33ef27f3,Symo Advanced 24.0-3 480 (2),24.0,parsed_from_inverter_name,89.71,month,devwork
2024-10-16,f9342ead-59a2-4c58-b54c-0ae4ab16c9da,Penner Farms - W 1/2 4-9-13 (site 4),fb5c3a62-e511-4a4a-8833-ae0501629275,Symo  24.0-3 480 (1),24.0,parsed_from_inverter_name,34.18,month,devwork
2024-10-16,f9342ead-59a2-4c58-b54c-0ae4ab16c9da,Penner Farms - W 1/2 4-9-13 (site 4),9ac5f278-7103-4c7e-a7ee-f10c33ef27f3,Symo Advanced 24.0-3 480 (2),24.0,parsed_from_inverter_name,35.84,month,devwork
2024-10-17,f9342ead-59a2-4c58-b54c-0ae4ab16c9da,Penner Farms - W 1/2 4-9-13 (site 4),fb5c3a62-e511-4a4a-8833-ae0501629275,Symo  24.0-3 480 (1),24.0,parsed_from_inverter_name,119.13,month,devwork
2024-10-17,f9342ead-59a2-4c58-b54c-0ae4ab16c9da,Penner Farms - W 1/2 4-9-13 (site 4),9ac5f278-7103-4c7e-a7ee-f10c33ef27f3,Symo Advanced 24.0-3 480 (2),24.0,parsed_from_inverter_name,122.83,month,devwork
2024-10-18,f9342ead-59a2-4c58-b54c-0ae4ab16c9da,Penner Farms - W 1/2 4-9-13 (site 4),fb5c3a62-e511-4a4a-8833-ae0501629275,Symo  24.0-3 480 (1),24.0,parsed_from_inverter_name,147.73,month,devwork
2024-10-18,f9342ead-59a2-4c58-b54c-0ae4ab16c9da,Penner Farms - W 1/2 4-9-13 (site 4),9ac5f278-7103-4c7e-a7ee-f10c33ef27f3,Symo Advanced 24.0-3 480 (2),24.0,parsed_from_inverter_name,150.56,month,devwork
2024-10-19,f9342ead-59a2-4c58-b54c-0ae4ab16c9da,Penner Farms - W 1/2 4-9-13 (site 4),fb5c3a62-e511-4a4a-8833-ae0501629275,Symo  24.0-3 480 (1),24.0,parsed_from_inverter_name,137.35,month,devwork
2024-10-19,f9342ead-59a2-4c58-b54c-0ae4ab16c9da,Penner Farms - W 1/2 4-9-13 (site 4),9ac5f278-7103-4c7e-a7ee-f10c33ef27f3,Symo Advanced 24.0-3 480 (2),24.0,parsed_from_inverter_name,140.46,month,devwork
2024-10-20,f9342ead-59a2-4c58-b54c-0ae4ab16c9da,Penner Farms - W 1/2 4-9-13 (site 4),fb5c3a62-e511-4a4a-8833-ae0501629275,Symo  24.0-3 480 (1),24.0,parsed_from_inverter_name,79.79,month,devwork
2024-10-20,f9342ead-59a2-4c58-b54c-0ae4ab16c9da,Penner Farms - W 1/2 4-9-13 (site 4),9ac5f278-7103-4c7e-a7ee-f10c33ef27f3,Symo Advanced 24.0-3 480 (2),24.0,parsed_from_inverter_name,61.14,month,devwork
2024-10-21,f9342ead-59a2-4c58-b54c-0ae4ab16c9da,Penner Farms - W 1/2 4-9-13 (site 4),fb5c3a62-e511-4a4a-8833-ae0501629275,Symo  24.0-3 480 (1),24.0,parsed_from_inverter_name,9.66,month,devwork
2024-10-21,f9342ead-59a2-4c58-b54c-0ae4ab16c9da,Penner Farms - W 1/2 4-9-13 (site 4),9ac5f278-7103-4c7e-a7ee-f10c33ef27f3,Symo Advanced 24.0-3 480 (2),24.0,parsed_from_inverter_name,7.93,month,devwork
2024-10-22,f9342ead-59a2-4c58-b54c-0ae4ab16c9da,Penner Farms - W 1/2 4-9-13 (site 4),fb5c3a62-e511-4a4a-8833-ae0501629275,Symo  24.0-3 480 (1),24.0,parsed_from_inverter_name,119.14,month,devwork
2024-10-22,f9342ead-59a2-4c58-b54c-0ae4ab16c9da,Penner Farms - W 1/2 4-9-13 (site 4),9ac5f278-7103-4c7e-a7ee-f10c33ef27f3,Symo Advanced 24.0-3 480 (2),24.0,parsed_from_inverter_name,121.65,month,devwork
2024-10-23,f9342ead-59a2-4c58-b54c-0ae4ab16c9da,Penner Farms - W 1/2 4-9-13 (site 4),fb5c3a62-e511-4a4a-8833-ae0501629275,Symo  24.0-3 480 (1),24.0,parsed_from_inverter_name,160.9,month,devwork
2024-10-23,f9342ead-59a2-4c58-b54c-0ae4ab16c9da,Penner Farms - W 1/2 4-9-13 (site 4),9ac5f278-7103-4c7e-a7ee-f10c33ef27f3,Symo Advanced 24.0-3 480 (2),24.0,parsed_from_inverter_name,165.33,month,devwork
2024-10-24,f9342ead-59a2-4c58-b54c-0ae4ab16c9da,Penner Farms - W 1/2 4-9-13 (site 4),fb5c3a62-e511-4a4a-8833-ae0501629275,Symo  24.0-3 480 (1),24.0,parsed_from_inverter_name,150.51,month,devwork
2024-10-24,f9342ead-59a2-4c58-b54c-0ae4ab16c9da,Penner Farms - W 1/2 4-9-13 (site 4),9ac5f278-7103-4c7e-a7ee-f10c33ef27f3,Symo Advanced 24.0-3 480 (2),24.0,parsed_from_inverter_name,154.29,month,devwork
2024-10-25,f9342ead-59a2-4c58-b54c-0ae4ab16c9da,Penner Farms - W 1/2 4-9-13 (site 4),fb5c3a62-e511-4a4a-8833-ae0501629275,Symo  24.0-3 480 (1),24.0,parsed_from_inverter_name,142.22,month,devwork
2024-10-25,f9342ead-59a2-4c58-b54c-0ae4ab16c9da,Penner Farms - W 1/2 4-9-13 (site 4),9ac5f278-7103-4c7e-a7ee-f10c33ef27f3,Symo Advanced 24.0-3 480 (2),24.0,parsed_from_inverter_name,146.67,month,devwork
2024-10-26,f9342ead-59a2-4c58-b54c-0ae4ab16c9da,Penner Farms - W 1/2 4-9-13 (site 4),fb5c3a62-e511-4a4a-8833-ae0501629275,Symo  24.0-3 480 (1),24.0,parsed_from_inverter_name,92.16,month,devwork
2024-10-26,f9342ead-59a2-4c58-b54c-0ae4ab16c9da,Penner Farms - W 1/2 4-9-13 (site 4),9ac5f278-7103-4c7e-a7ee-f10c33ef27f3,Symo Advanced 24.0-3 480 (2),24.0,parsed_from_inverter_name,95.46,month,devwork
2024-10-27,f9342ead-59a2-4c58-b54c-0ae4ab16c9da,Penner Farms - W 1/2 4-9-13 (site 4),fb5c3a62-e511-4a4a-8833-ae0501629275,Symo  24.0-3 480 (1),24.0,parsed_from_inverter_name,133.43,month,devwork
2024-10-27,f9342ead-59a2-4c58-b54c-0ae4ab16c9da,Penner Farms - W 1/2 4-9-13 (site 4),9ac5f278-7103-4c7e-a7ee-f10c33ef27f3,Symo Advanced 24.0-3 480 (2),24.0,parsed_from_inverter_name,138.06,month,devwork
2024-10-28,f9342ead-59a2-4c58-b54c-0ae4ab16c9da,Penner Farms - W 1/2 4-9-13 (site 4),fb5c3a62-e511-4a4a-8833-ae0501629275,Symo  24.0-3 480 (1),24.0,parsed_from_inverter_name,137.34,month,devwork
2024-10-28,f9342ead-59a2-4c58-b54c-0ae4ab16c9da,Penner Farms - W 1/2 4-9-13 (site 4),9ac5f278-7103-4c7e-a7ee-f10c33ef27f3,Symo Advanced 24.0-3 480 (2),24.0,parsed_from_inverter_name,140.89,month,devwork
2024-10-29,f9342ead-59a2-4c58-b54c-0ae4ab16c9da,Penner Farms - W 1/2 4-9-13 (site 4),fb5c3a62-e511-4a4a-8833-ae0501629275,Symo  24.0-3 480 (1),24.0,parsed_from_inverter_name,54.36,month,devwork
2024-10-29,f9342ead-59a2-4c58-b54c-0ae4ab16c9da,Penner Farms - W 1/2 4-9-13 (site 4),9ac5f278-7103-4c7e-a7ee-f10c33ef27f3,Symo Advanced 24.0-3 480 (2),24.0,parsed_from_inverter_name,57.37,month,devwork
2024-10-30,f9342ead-59a2-4c58-b54c-0ae4ab16c9da,Penner Farms - W 1/2 4-9-13 (site 4),fb5c3a62-e511-4a4a-8833-ae0501629275,Symo  24.0-3 480 (1),24.0,parsed_from_inverter_name,154.44,month,devwork
2024-10-30,f9342ead-59a2-4c58-b54c-0ae4ab16c9da,Penner Farms - W 1/2 4-9-13 (site 4),9ac5f278-7103-4c7e-a7ee-f10c33ef27f3,Symo Advanced 24.0-3 480 (2),24.0,parsed_from_inverter_name,159.38,month,devwork
2024-10-31,f9342ead-59a2-4c58-b54c-0ae4ab16c9da,Penner Farms - W 1/2 4-9-13 (site 4),fb5c3a62-e511-4a4a-8833-ae0501629275,Symo  24.0-3 480 (1),24.0,parsed_from_inverter_name,145.7,month,devwork
2024-10-31,f9342ead-59a2-4c58-b54c-0ae4ab16c9da,Penner Farms - W 1/2 4-9-13 (site 4),9ac5f278-7103-4c7e-a7ee-f10c33ef27f3,Symo Advanced 24.0-3 480 (2),24.0,parsed_from_inverter_name,150.58,month,devwork
2024-11-01,f9342ead-59a2-4c58-b54c-0ae4ab16c9da,Penner Farms - W 1/2 4-9-13 (site 4),fb5c3a62-e511-4a4a-8833-ae0501629275,Symo  24.0-3 480 (1),24.0,parsed_from_inverter_name,147.15,month,devwork
2024-11-01,f9342ead-59a2-4c58-b54c-0ae4ab16c9da,Penner Farms - W 1/2 4-9-13 (site 4),9ac5f278-7103-4c7e-a7ee-f10c33ef27f3,Symo Advanced 24.0-3 480 (2),24.0,parsed_from_inverter_name,152.75,month,devwork
2024-11-02,f9342ead-59a2-4c58-b54c-0ae4ab16c9da,Penner Farms - W 1/2 4-9-13 (site 4),fb5c3a62-e511-4a4a-8833-ae0501629275,Symo  24.0-3 480 (1),24.0,parsed_from_inverter_name,102.8,month,devwork
2024-11-02,f9342ead-59a2-4c58-b54c-0ae4ab16c9da,Penner Farms - W 1/2 4-9-13 (site 4),9ac5f278-7103-4c7e-a7ee-f10c33ef27f3,Symo Advanced 24.0-3 480 (2),24.0,parsed_from_inverter_name,103.29,month,devwork
2024-11-03,f9342ead-59a2-4c58-b54c-0ae4ab16c9da,Penner Farms - W 1/2 4-9-13 (site 4),fb5c3a62-e511-4a4a-8833-ae0501629275,Symo  24.0-3 480 (1),24.0,parsed_from_inverter_name,95.04,month,devwork
2024-11-03,f9342ead-59a2-4c58-b54c-0ae4ab16c9da,Penner Farms - W 1/2 4-9-13 (site 4),9ac5f278-7103-4c7e-a7ee-f10c33ef27f3,Symo Advanced 24.0-3 480 (2),24.0,parsed_from_inverter_name,97.54,month,devwork
2024-11-04,f9342ead-59a2-4c58-b54c-0ae4ab16c9da,Penner Farms - W 1/2 4-9-13 (site 4),fb5c3a62-e511-4a4a-8833-ae0501629275,Symo  24.0-3 480 (1),24.0,parsed_from_inverter_name,59.85,month,devwork
2024-11-04,f9342ead-59a2-4c58-b54c-0ae4ab16c9da,Penner Farms - W 1/2 4-9-13 (site 4),9ac5f278-7103-4c7e-a7ee-f10c33ef27f3,Symo Advanced 24.0-3 480 (2),24.0,parsed_from_inverter_name,61.21,month,devwork
2024-11-05,f9342ead-59a2-4c58-b54c-0ae4ab16c9da,Penner Farms - W 1/2 4-9-13 (site 4),fb5c3a62-e511-4a4a-8833-ae0501629275,Symo  24.0-3 480 (1),24.0,parsed_from_inverter_name,8.37,month,devwork
2024-11-05,f9342ead-59a2-4c58-b54c-0ae4ab16c9da,Penner Farms - W 1/2 4-9-13 (site 4),9ac5f278-7103-4c7e-a7ee-f10c33ef27f3,Symo Advanced 24.0-3 480 (2),24.0,parsed_from_inverter_name,7.75,month,devwork
2024-11-06,f9342ead-59a2-4c58-b54c-0ae4ab16c9da,Penner Farms - W 1/2 4-9-13 (site 4),fb5c3a62-e511-4a4a-8833-ae0501629275,Symo  24.0-3 480 (1),24.0,parsed_from_inverter_name,112.25,month,devwork
2024-11-06,f9342ead-59a2-4c58-b54c-0ae4ab16c9da,Penner Farms - W 1/2 4-9-13 (site 4),9ac5f278-7103-4c7e-a7ee-f10c33ef27f3,Symo Advanced 24.0-3 480 (2),24.0,parsed_from_inverter_name,114.33,month,devwork
2024-11-07,f9342ead-59a2-4c58-b54c-0ae4ab16c9da,Penner Farms - W 1/2 4-9-13 (site 4),fb5c3a62-e511-4a4a-8833-ae0501629275,Symo  24.0-3 480 (1),24.0,parsed_from_inverter_name,111.56,month,devwork
2024-11-07,f9342ead-59a2-4c58-b54c-0ae4ab16c9da,Penner Farms - W 1/2 4-9-13 (site 4),9ac5f278-7103-4c7e-a7ee-f10c33ef27f3,Symo Advanced 24.0-3 480 (2),24.0,parsed_from_inverter_name,142.76,month,devwork
2024-11-08,f9342ead-59a2-4c58-b54c-0ae4ab16c9da,Penner Farms - W 1/2 4-9-13 (site 4),fb5c3a62-e511-4a4a-8833-ae0501629275,Symo  24.0-3 480 (1),24.0,parsed_from_inverter_name,103.85,month,devwork
2024-11-08,f9342ead-59a2-4c58-b54c-0ae4ab16c9da,Penner Farms - W 1/2 4-9-13 (site 4),9ac5f278-7103-4c7e-a7ee-f10c33ef27f3,Symo Advanced 24.0-3 480 (2),24.0,parsed_from_inverter_name,107.49,month,devwork
2024-11-09,f9342ead-59a2-4c58-b54c-0ae4ab16c9da,Penner Farms - W 1/2 4-9-13 (site 4),fb5c3a62-e511-4a4a-8833-ae0501629275,Symo  24.0-3 480 (1),24.0,parsed_from_inverter_name,62.2,month,devwork
2024-11-09,f9342ead-59a2-4c58-b54c-0ae4ab16c9da,Penner Farms - W 1/2 4-9-13 (site 4),9ac5f278-7103-4c7e-a7ee-f10c33ef27f3,Symo Advanced 24.0-3 480 (2),24.0,parsed_from_inverter_name,63.32,month,devwork
2024-11-10,f9342ead-59a2-4c58-b54c-0ae4ab16c9da,Penner Farms - W 1/2 4-9-13 (site 4),fb5c3a62-e511-4a4a-8833-ae0501629275,Symo  24.0-3 480 (1),24.0,parsed_from_inverter_name,13.01,month,devwork
2024-11-10,f9342ead-59a2-4c58-b54c-0ae4ab16c9da,Penner Farms - W 1/2 4-9-13 (site 4),9ac5f278-7103-4c7e-a7ee-f10c33ef27f3,Symo Advanced 24.0-3 480 (2),24.0,parsed_from_inverter_name,13.58,month,devwork
2024-11-11,f9342ead-59a2-4c58-b54c-0ae4ab16c9da,Penner Farms - W 1/2 4-9-13 (site 4),fb5c3a62-e511-4a4a-8833-ae0501629275,Symo  24.0-3 480 (1),24.0,parsed_from_inverter_name,30.43,month,devwork
2024-11-11,f9342ead-59a2-4c58-b54c-0ae4ab16c9da,Penner Farms - W 1/2 4-9-13 (site 4),9ac5f278-7103-4c7e-a7ee-f10c33ef27f3,Symo Advanced 24.0-3 480 (2),24.0,parsed_from_inverter_name,32.05,month,devwork
2024-11-12,f9342ead-59a2-4c58-b54c-0ae4ab16c9da,Penner Farms - W 1/2 4-9-13 (site 4),fb5c3a62-e511-4a4a-8833-ae0501629275,Symo  24.0-3 480 (1),24.0,parsed_from_inverter_name,133.94,month,devwork
2024-11-12,f9342ead-59a2-4c58-b54c-0ae4ab16c9da,Penner Farms - W 1/2 4-9-13 (site 4),9ac5f278-7103-4c7e-a7ee-f10c33ef27f3,Symo Advanced 24.0-3 480 (2),24.0,parsed_from_inverter_name,138.6,month,devwork
2024-11-13,f9342ead-59a2-4c58-b54c-0ae4ab16c9da,Penner Farms - W 1/2 4-9-13 (site 4),fb5c3a62-e511-4a4a-8833-ae0501629275,Symo  24.0-3 480 (1),24.0,parsed_from_inverter_name,54.21,month,devwork
2024-11-13,f9342ead-59a2-4c58-b54c-0ae4ab16c9da,Penner Farms - W 1/2 4-9-13 (site 4),9ac5f278-7103-4c7e-a7ee-f10c33ef27f3,Symo Advanced 24.0-3 480 (2),24.0,parsed_from_inverter_name,56.46,month,devwork
2024-11-14,f9342ead-59a2-4c58-b54c-0ae4ab16c9da,Penner Farms - W 1/2 4-9-13 (site 4),fb5c3a62-e511-4a4a-8833-ae0501629275,Symo  24.0-3 480 (1),24.0,parsed_from_inverter_name,79.73,month,devwork
2024-11-14,f9342ead-59a2-4c58-b54c-0ae4ab16c9da,Penner Farms - W 1/2 4-9-13 (site 4),9ac5f278-7103-4c7e-a7ee-f10c33ef27f3,Symo Advanced 24.0-3 480 (2),24.0,parsed_from_inverter_name,82.86,month,devwork
2024-11-15,f9342ead-59a2-4c58-b54c-0ae4ab16c9da,Penner Farms - W 1/2 4-9-13 (site 4),fb5c3a62-e511-4a4a-8833-ae0501629275,Symo  24.0-3 480 (1),24.0,parsed_from_inverter_name,60.56,month,devwork
2024-11-15,f9342ead-59a2-4c58-b54c-0ae4ab16c9da,Penner Farms - W 1/2 4-9-13 (site 4),9ac5f278-7103-4c7e-a7ee-f10c33ef27f3,Symo Advanced 24.0-3 480 (2),24.0,parsed_from_inverter_name,63.14,month,devwork
2024-11-16,f9342ead-59a2-4c58-b54c-0ae4ab16c9da,Penner Farms - W 1/2 4-9-13 (site 4),fb5c3a62-e511-4a4a-8833-ae0501629275,Symo  24.0-3 480 (1),24.0,parsed_from_inverter_name,121.7,month,devwork
2024-11-16,f9342ead-59a2-4c58-b54c-0ae4ab16c9da,Penner Farms - W 1/2 4-9-13 (site 4),9ac5f278-7103-4c7e-a7ee-f10c33ef27f3,Symo Advanced 24.0-3 480 (2),24.0,parsed_from_inverter_name,126.89,month,devwork
2024-11-17,f9342ead-59a2-4c58-b54c-0ae4ab16c9da,Penner Farms - W 1/2 4-9-13 (site 4),fb5c3a62-e511-4a4a-8833-ae0501629275,Symo  24.0-3 480 (1),24.0,parsed_from_inverter_name,23.64,month,devwork
2024-11-17,f9342ead-59a2-4c58-b54c-0ae4ab16c9da,Penner Farms - W 1/2 4-9-13 (site 4),9ac5f278-7103-4c7e-a7ee-f10c33ef27f3,Symo Advanced 24.0-3 480 (2),24.0,parsed_from_inverter_name,25.05,month,devwork
2024-11-18,f9342ead-59a2-4c58-b54c-0ae4ab16c9da,Penner Farms - W 1/2 4-9-13 (site 4),fb5c3a62-e511-4a4a-8833-ae0501629275,Symo  24.0-3 480 (1),24.0,parsed_from_inverter_name,55.62,month,devwork
2024-11-18,f9342ead-59a2-4c58-b54c-0ae4ab16c9da,Penner Farms - W 1/2 4-9-13 (site 4),9ac5f278-7103-4c7e-a7ee-f10c33ef27f3,Symo Advanced 24.0-3 480 (2),24.0,parsed_from_inverter_name,57.94,month,devwork
2024-11-19,f9342ead-59a2-4c58-b54c-0ae4ab16c9da,Penner Farms - W 1/2 4-9-13 (site 4),fb5c3a62-e511-4a4a-8833-ae0501629275,Symo  24.0-3 480 (1),24.0,parsed_from_inverter_name,22.69,month,devwork
2024-11-19,f9342ead-59a2-4c58-b54c-0ae4ab16c9da,Penner Farms - W 1/2 4-9-13 (site 4),9ac5f278-7103-4c7e-a7ee-f10c33ef27f3,Symo Advanced 24.0-3 480 (2),24.0,parsed_from_inverter_name,21.7,month,devwork
2024-11-20,f9342ead-59a2-4c58-b54c-0ae4ab16c9da,Penner Farms - W 1/2 4-9-13 (site 4),fb5c3a62-e511-4a4a-8833-ae0501629275,Symo  24.0-3 480 (1),24.0,parsed_from_inverter_name,19.48,month,devwork
2024-11-20,f9342ead-59a2-4c58-b54c-0ae4ab16c9da,Penner Farms - W 1/2 4-9-13 (site 4),9ac5f278-7103-4c7e-a7ee-f10c33ef27f3,Symo Advanced 24.0-3 480 (2),24.0,parsed_from_inverter_name,19.81,month,devwork
2024-11-21,f9342ead-59a2-4c58-b54c-0ae4ab16c9da,Penner Farms - W 1/2 4-9-13 (site 4),fb5c3a62-e511-4a4a-8833-ae0501629275,Symo  24.0-3 480 (1),24.0,parsed_from_inverter_name,31.22,month,devwork
2024-11-21,f9342ead-59a2-4c58-b54c-0ae4ab16c9da,Penner Farms - W 1/2 4-9-13 (site 4),9ac5f278-7103-4c7e-a7ee-f10c33ef27f3,Symo Advanced 24.0-3 480 (2),24.0,parsed_from_inverter_name,36.54,month,devwork
2024-11-22,f9342ead-59a2-4c58-b54c-0ae4ab16c9da,Penner Farms - W 1/2 4-9-13 (site 4),fb5c3a62-e511-4a4a-8833-ae0501629275,Symo  24.0-3 480 (1),24.0,parsed_from_inverter_name,6.1,month,devwork
2024-11-22,f9342ead-59a2-4c58-b54c-0ae4ab16c9da,Penner Farms - W 1/2 4-9-13 (site 4),9ac5f278-7103-4c7e-a7ee-f10c33ef27f3,Symo Advanced 24.0-3 480 (2),24.0,parsed_from_inverter_name,6.65,month,devwork
2024-11-23,f9342ead-59a2-4c58-b54c-0ae4ab16c9da,Penner Farms - W 1/2 4-9-13 (site 4),fb5c3a62-e511-4a4a-8833-ae0501629275,Symo  24.0-3 480 (1),24.0,parsed_from_inverter_name,5.01,month,devwork
2024-11-23,f9342ead-59a2-4c58-b54c-0ae4ab16c9da,Penner Farms - W 1/2 4-9-13 (site 4),9ac5f278-7103-4c7e-a7ee-f10c33ef27f3,Symo Advanced 24.0-3 480 (2),24.0,parsed_from_inverter_name,5.32,month,devwork
2024-11-24,f9342ead-59a2-4c58-b54c-0ae4ab16c9da,Penner Farms - W 1/2 4-9-13 (site 4),fb5c3a62-e511-4a4a-8833-ae0501629275,Symo  24.0-3 480 (1),24.0,parsed_from_inverter_name,10.59,month,devwork
2024-11-24,f9342ead-59a2-4c58-b54c-0ae4ab16c9da,Penner Farms - W 1/2 4-9-13 (site 4),9ac5f278-7103-4c7e-a7ee-f10c33ef27f3,Symo Advanced 24.0-3 480 (2),24.0,parsed_from_inverter_name,10.53,month,devwork
2024-11-25,f9342ead-59a2-4c58-b54c-0ae4ab16c9da,Penner Farms - W 1/2 4-9-13 (site 4),fb5c3a62-e511-4a4a-8833-ae0501629275,Symo  24.0-3 480 (1),24.0,parsed_from_inverter_name,7.51,month,devwork
2024-11-25,f9342ead-59a2-4c58-b54c-0ae4ab16c9da,Penner Farms - W 1/2 4-9-13 (site 4),9ac5f278-7103-4c7e-a7ee-f10c33ef27f3,Symo Advanced 24.0-3 480 (2),24.0,parsed_from_inverter_name,6.14,month,devwork
2024-11-26,f9342ead-59a2-4c58-b54c-0ae4ab16c9da,Penner Farms - W 1/2 4-9-13 (site 4),fb5c3a62-e511-4a4a-8833-ae0501629275,Symo  24.0-3 480 (1),24.0,parsed_from_inverter_name,14.88,month,devwork
2024-11-26,f9342ead-59a2-4c58-b54c-0ae4ab16c9da,Penner Farms - W 1/2 4-9-13 (site 4),9ac5f278-7103-4c7e-a7ee-f10c33ef27f3,Symo Advanced 24.0-3 480 (2),24.0,parsed_from_inverter_name,15.82,month,devwork
2024-11-27,f9342ead-59a2-4c58-b54c-0ae4ab16c9da,Penner Farms - W 1/2 4-9-13 (site 4),fb5c3a62-e511-4a4a-8833-ae0501629275,Symo  24.0-3 480 (1),24.0,parsed_from_inverter_name,9.89,month,devwork
2024-11-27,f9342ead-59a2-4c58-b54c-0ae4ab16c9da,Penner Farms - W 1/2 4-9-13 (site 4),9ac5f278-7103-4c7e-a7ee-f10c33ef27f3,Symo Advanced 24.0-3 480 (2),24.0,parsed_from_inverter_name,9.86,month,devwork
2024-11-28,f9342ead-59a2-4c58-b54c-0ae4ab16c9da,Penner Farms - W 1/2 4-9-13 (site 4),fb5c3a62-e511-4a4a-8833-ae0501629275,Symo  24.0-3 480 (1),24.0,parsed_from_inverter_name,12.27,month,devwork
2024-11-28,f9342ead-59a2-4c58-b54c-0ae4ab16c9da,Penner Farms - W 1/2 4-9-13 (site 4),9ac5f278-7103-4c7e-a7ee-f10c33ef27f3,Symo Advanced 24.0-3 480 (2),24.0,parsed_from_inverter_name,12.35,month,devwork
2024-11-29,f9342ead-59a2-4c58-b54c-0ae4ab16c9da,Penner Farms - W 1/2 4-9-13 (site 4),fb5c3a62-e511-4a4a-8833-ae0501629275,Symo  24.0-3 480 (1),24.0,parsed_from_inverter_name,8.73,month,devwork
2024-11-29,f9342ead-59a2-4c58-b54c-0ae4ab16c9da,Penner Farms - W 1/2 4-9-13 (site 4),9ac5f278-7103-4c7e-a7ee-f10c33ef27f3,Symo Advanced 24.0-3 480 (2),24.0,parsed_from_inverter_name,7.12,month,devwork
2024-11-30,f9342ead-59a2-4c58-b54c-0ae4ab16c9da,Penner Farms - W 1/2 4-9-13 (site 4),fb5c3a62-e511-4a4a-8833-ae0501629275,Symo  24.0-3 480 (1),24.0,parsed_from_inverter_name,13.09,month,devwork
2024-11-30,f9342ead-59a2-4c58-b54c-0ae4ab16c9da,Penner Farms - W 1/2 4-9-13 (site 4),9ac5f278-7103-4c7e-a7ee-f10c33ef27f3,Symo Advanced 24.0-3 480 (2),24.0,parsed_from_inverter_name,12.92,month,devwork
2024-12-01,f9342ead-59a2-4c58-b54c-0ae4ab16c9da,Penner Farms - W 1/2 4-9-13 (site 4),fb5c3a62-e511-4a4a-8833-ae0501629275,Symo  24.0-3 480 (1),24.0,parsed_from_inverter_name,9.96,month,devwork
2024-12-01,f9342ead-59a2-4c58-b54c-0ae4ab16c9da,Penner Farms - W 1/2 4-9-13 (site 4),9ac5f278-7103-4c7e-a7ee-f10c33ef27f3,Symo Advanced 24.0-3 480 (2),24.0,parsed_from_inverter_name,9.36,month,devwork
2024-12-02,f9342ead-59a2-4c58-b54c-0ae4ab16c9da,Penner Farms - W 1/2 4-9-13 (site 4),fb5c3a62-e511-4a4a-8833-ae0501629275,Symo  24.0-3 480 (1),24.0,parsed_from_inverter_name,28.86,month,devwork
2024-12-02,f9342ead-59a2-4c58-b54c-0ae4ab16c9da,Penner Farms - W 1/2 4-9-13 (site 4),9ac5f278-7103-4c7e-a7ee-f10c33ef27f3,Symo Advanced 24.0-3 480 (2),24.0,parsed_from_inverter_name,22.3,month,devwork
2024-12-03,f9342ead-59a2-4c58-b54c-0ae4ab16c9da,Penner Farms - W 1/2 4-9-13 (site 4),fb5c3a62-e511-4a4a-8833-ae0501629275,Symo  24.0-3 480 (1),24.0,parsed_from_inverter_name,58.06,month,devwork
2024-12-03,f9342ead-59a2-4c58-b54c-0ae4ab16c9da,Penner Farms - W 1/2 4-9-13 (site 4),9ac5f278-7103-4c7e-a7ee-f10c33ef27f3,Symo Advanced 24.0-3 480 (2),24.0,parsed_from_inverter_name,62.89,month,devwork
2024-12-04,f9342ead-59a2-4c58-b54c-0ae4ab16c9da,Penner Farms - W 1/2 4-9-13 (site 4),fb5c3a62-e511-4a4a-8833-ae0501629275,Symo  24.0-3 480 (1),24.0,parsed_from_inverter_name,57.25,month,devwork
2024-12-04,f9342ead-59a2-4c58-b54c-0ae4ab16c9da,Penner Farms - W 1/2 4-9-13 (site 4),9ac5f278-7103-4c7e-a7ee-f10c33ef27f3,Symo Advanced 24.0-3 480 (2),24.0,parsed_from_inverter_name,60.19,month,devwork
2024-12-05,f9342ead-59a2-4c58-b54c-0ae4ab16c9da,Penner Farms - W 1/2 4-9-13 (site 4),fb5c3a62-e511-4a4a-8833-ae0501629275,Symo  24.0-3 480 (1),24.0,parsed_from_inverter_name,104.43,month,devwork
2024-12-05,f9342ead-59a2-4c58-b54c-0ae4ab16c9da,Penner Farms - W 1/2 4-9-13 (site 4),9ac5f278-7103-4c7e-a7ee-f10c33ef27f3,Symo Advanced 24.0-3 480 (2),24.0,parsed_from_inverter_name,112.47,month,devwork
2024-12-06,f9342ead-59a2-4c58-b54c-0ae4ab16c9da,Penner Farms - W 1/2 4-9-13 (site 4),fb5c3a62-e511-4a4a-8833-ae0501629275,Symo  24.0-3 480 (1),24.0,parsed_from_inverter_name,59.4,month,devwork
2024-12-06,f9342ead-59a2-4c58-b54c-0ae4ab16c9da,Penner Farms - W 1/2 4-9-13 (site 4),9ac5f278-7103-4c7e-a7ee-f10c33ef27f3,Symo Advanced 24.0-3 480 (2),24.0,parsed_from_inverter_name,62.89,month,devwork
2024-12-07,f9342ead-59a2-4c58-b54c-0ae4ab16c9da,Penner Farms - W 1/2 4-9-13 (site 4),fb5c3a62-e511-4a4a-8833-ae0501629275,Symo  24.0-3 480 (1),24.0,parsed_from_inverter_name,27.29,month,devwork
2024-12-07,f9342ead-59a2-4c58-b54c-0ae4ab16c9da,Penner Farms - W 1/2 4-9-13 (site 4),9ac5f278-7103-4c7e-a7ee-f10c33ef27f3,Symo Advanced 24.0-3 480 (2),24.0,parsed_from_inverter_name,28.66,month,devwork
2024-12-08,f9342ead-59a2-4c58-b54c-0ae4ab16c9da,Penner Farms - W 1/2 4-9-13 (site 4),fb5c3a62-e511-4a4a-8833-ae0501629275,Symo  24.0-3 480 (1),24.0,parsed_from_inverter_name,7.73,month,devwork
2024-12-08,f9342ead-59a2-4c58-b54c-0ae4ab16c9da,Penner Farms - W 1/2 4-9-13 (site 4),9ac5f278-7103-4c7e-a7ee-f10c33ef27f3,Symo Advanced 24.0-3 480 (2),24.0,parsed_from_inverter_name,8.44,month,devwork
2024-12-09,f9342ead-59a2-4c58-b54c-0ae4ab16c9da,Penner Farms - W 1/2 4-9-13 (site 4),fb5c3a62-e511-4a4a-8833-ae0501629275,Symo  24.0-3 480 (1),24.0,parsed_from_inverter_name,35.01,month,devwork
2024-12-09,f9342ead-59a2-4c58-b54c-0ae4ab16c9da,Penner Farms - W 1/2 4-9-13 (site 4),9ac5f278-7103-4c7e-a7ee-f10c33ef27f3,Symo Advanced 24.0-3 480 (2),24.0,parsed_from_inverter_name,41.71,month,devwork
2024-12-10,f9342ead-59a2-4c58-b54c-0ae4ab16c9da,Penner Farms - W 1/2 4-9-13 (site 4),fb5c3a62-e511-4a4a-8833-ae0501629275,Symo  24.0-3 480 (1),24.0,parsed_from_inverter_name,29.86,month,devwork
2024-12-10,f9342ead-59a2-4c58-b54c-0ae4ab16c9da,Penner Farms - W 1/2 4-9-13 (site 4),9ac5f278-7103-4c7e-a7ee-f10c33ef27f3,Symo Advanced 24.0-3 480 (2),24.0,parsed_from_inverter_name,31.14,month,devwork
2024-12-11,f9342ead-59a2-4c58-b54c-0ae4ab16c9da,Penner Farms - W 1/2 4-9-13 (site 4),fb5c3a62-e511-4a4a-8833-ae0501629275,Symo  24.0-3 480 (1),24.0,parsed_from_inverter_name,27.17,month,devwork
2024-12-11,f9342ead-59a2-4c58-b54c-0ae4ab16c9da,Penner Farms - W 1/2 4-9-13 (site 4),9ac5f278-7103-4c7e-a7ee-f10c33ef27f3,Symo Advanced 24.0-3 480 (2),24.0,parsed_from_inverter_name,28.07,month,devwork
2024-12-12,f9342ead-59a2-4c58-b54c-0ae4ab16c9da,Penner Farms - W 1/2 4-9-13 (site 4),fb5c3a62-e511-4a4a-8833-ae0501629275,Symo  24.0-3 480 (1),24.0,parsed_from_inverter_name,100.96,month,devwork
2024-12-12,f9342ead-59a2-4c58-b54c-0ae4ab16c9da,Penner Farms - W 1/2 4-9-13 (site 4),9ac5f278-7103-4c7e-a7ee-f10c33ef27f3,Symo Advanced 24.0-3 480 (2),24.0,parsed_from_inverter_name,106.26,month,devwork
2024-12-13,f9342ead-59a2-4c58-b54c-0ae4ab16c9da,Penner Farms - W 1/2 4-9-13 (site 4),fb5c3a62-e511-4a4a-8833-ae0501629275,Symo  24.0-3 480 (1),24.0,parsed_from_inverter_name,61.92,month,devwork
2024-12-13,f9342ead-59a2-4c58-b54c-0ae4ab16c9da,Penner Farms - W 1/2 4-9-13 (site 4),9ac5f278-7103-4c7e-a7ee-f10c33ef27f3,Symo Advanced 24.0-3 480 (2),24.0,parsed_from_inverter_name,64.28,month,devwork
2024-12-14,f9342ead-59a2-4c58-b54c-0ae4ab16c9da,Penner Farms - W 1/2 4-9-13 (site 4),fb5c3a62-e511-4a4a-8833-ae0501629275,Symo  24.0-3 480 (1),24.0,parsed_from_inverter_name,30.66,month,devwork
2024-12-14,f9342ead-59a2-4c58-b54c-0ae4ab16c9da,Penner Farms - W 1/2 4-9-13 (site 4),9ac5f278-7103-4c7e-a7ee-f10c33ef27f3,Symo Advanced 24.0-3 480 (2),24.0,parsed_from_inverter_name,33.27,month,devwork
2024-12-15,f9342ead-59a2-4c58-b54c-0ae4ab16c9da,Penner Farms - W 1/2 4-9-13 (site 4),fb5c3a62-e511-4a4a-8833-ae0501629275,Symo  24.0-3 480 (1),24.0,parsed_from_inverter_name,40.57,month,devwork
2024-12-15,f9342ead-59a2-4c58-b54c-0ae4ab16c9da,Penner Farms - W 1/2 4-9-13 (site 4),9ac5f278-7103-4c7e-a7ee-f10c33ef27f3,Symo Advanced 24.0-3 480 (2),24.0,parsed_from_inverter_name,43.24,month,devwork
2024-12-16,f9342ead-59a2-4c58-b54c-0ae4ab16c9da,Penner Farms - W 1/2 4-9-13 (site 4),fb5c3a62-e511-4a4a-8833-ae0501629275,Symo  24.0-3 480 (1),24.0,parsed_from_inverter_name,15.25,month,devwork
2024-12-16,f9342ead-59a2-4c58-b54c-0ae4ab16c9da,Penner Farms - W 1/2 4-9-13 (site 4),9ac5f278-7103-4c7e-a7ee-f10c33ef27f3,Symo Advanced 24.0-3 480 (2),24.0,parsed_from_inverter_name,12.66,month,devwork
2024-12-17,f9342ead-59a2-4c58-b54c-0ae4ab16c9da,Penner Farms - W 1/2 4-9-13 (site 4),fb5c3a62-e511-4a4a-8833-ae0501629275,Symo  24.0-3 480 (1),24.0,parsed_from_inverter_name,17.5,month,devwork
2024-12-17,f9342ead-59a2-4c58-b54c-0ae4ab16c9da,Penner Farms - W 1/2 4-9-13 (site 4),9ac5f278-7103-4c7e-a7ee-f10c33ef27f3,Symo Advanced 24.0-3 480 (2),24.0,parsed_from_inverter_name,16.99,month,devwork
2024-12-18,f9342ead-59a2-4c58-b54c-0ae4ab16c9da,Penner Farms - W 1/2 4-9-13 (site 4),fb5c3a62-e511-4a4a-8833-ae0501629275,Symo  24.0-3 480 (1),24.0,parsed_from_inverter_name,16.05,month,devwork
2024-12-18,f9342ead-59a2-4c58-b54c-0ae4ab16c9da,Penner Farms - W 1/2 4-9-13 (site 4),9ac5f278-7103-4c7e-a7ee-f10c33ef27f3,Symo Advanced 24.0-3 480 (2),24.0,parsed_from_inverter_name,14.95,month,devwork
2024-12-19,f9342ead-59a2-4c58-b54c-0ae4ab16c9da,Penner Farms - W 1/2 4-9-13 (site 4),fb5c3a62-e511-4a4a-8833-ae0501629275,Symo  24.0-3 480 (1),24.0,parsed_from_inverter_name,89.44,month,devwork
2024-12-19,f9342ead-59a2-4c58-b54c-0ae4ab16c9da,Penner Farms - W 1/2 4-9-13 (site 4),9ac5f278-7103-4c7e-a7ee-f10c33ef27f3,Symo Advanced 24.0-3 480 (2),24.0,parsed_from_inverter_name,92.93,month,devwork
2024-12-20,f9342ead-59a2-4c58-b54c-0ae4ab16c9da,Penner Farms - W 1/2 4-9-13 (site 4),fb5c3a62-e511-4a4a-8833-ae0501629275,Symo  24.0-3 480 (1),24.0,parsed_from_inverter_name,102.87,month,devwork
2024-12-20,f9342ead-59a2-4c58-b54c-0ae4ab16c9da,Penner Farms - W 1/2 4-9-13 (site 4),9ac5f278-7103-4c7e-a7ee-f10c33ef27f3,Symo Advanced 24.0-3 480 (2),24.0,parsed_from_inverter_name,109.9,month,devwork
2024-12-21,f9342ead-59a2-4c58-b54c-0ae4ab16c9da,Penner Farms - W 1/2 4-9-13 (site 4),fb5c3a62-e511-4a4a-8833-ae0501629275,Symo  24.0-3 480 (1),24.0,parsed_from_inverter_name,56.24,month,devwork
2024-12-21,f9342ead-59a2-4c58-b54c-0ae4ab16c9da,Penner Farms - W 1/2 4-9-13 (site 4),9ac5f278-7103-4c7e-a7ee-f10c33ef27f3,Symo Advanced 24.0-3 480 (2),24.0,parsed_from_inverter_name,60.76,month,devwork
2024-12-22,f9342ead-59a2-4c58-b54c-0ae4ab16c9da,Penner Farms - W 1/2 4-9-13 (site 4),fb5c3a62-e511-4a4a-8833-ae0501629275,Symo  24.0-3 480 (1),24.0,parsed_from_inverter_name,49.33,month,devwork
2024-12-22,f9342ead-59a2-4c58-b54c-0ae4ab16c9da,Penner Farms - W 1/2 4-9-13 (site 4),9ac5f278-7103-4c7e-a7ee-f10c33ef27f3,Symo Advanced 24.0-3 480 (2),24.0,parsed_from_inverter_name,53.77,month,devwork
2024-12-23,f9342ead-59a2-4c58-b54c-0ae4ab16c9da,Penner Farms - W 1/2 4-9-13 (site 4),fb5c3a62-e511-4a4a-8833-ae0501629275,Symo  24.0-3 480 (1),24.0,parsed_from_inverter_name,59.59,month,devwork
2024-12-23,f9342ead-59a2-4c58-b54c-0ae4ab16c9da,Penner Farms - W 1/2 4-9-13 (site 4),9ac5f278-7103-4c7e-a7ee-f10c33ef27f3,Symo Advanced 24.0-3 480 (2),24.0,parsed_from_inverter_name,63.51,month,devwork
2024-12-24,f9342ead-59a2-4c58-b54c-0ae4ab16c9da,Penner Farms - W 1/2 4-9-13 (site 4),fb5c3a62-e511-4a4a-8833-ae0501629275,Symo  24.0-3 480 (1),24.0,parsed_from_inverter_name,44.24,month,devwork
2024-12-24,f9342ead-59a2-4c58-b54c-0ae4ab16c9da,Penner Farms - W 1/2 4-9-13 (site 4),9ac5f278-7103-4c7e-a7ee-f10c33ef27f3,Symo Advanced 24.0-3 480 (2),24.0,parsed_from_inverter_name,49.63,month,devwork
2024-12-25,f9342ead-59a2-4c58-b54c-0ae4ab16c9da,Penner Farms - W 1/2 4-9-13 (site 4),fb5c3a62-e511-4a4a-8833-ae0501629275,Symo  24.0-3 480 (1),24.0,parsed_from_inverter_name,105.52,month,devwork
2024-12-25,f9342ead-59a2-4c58-b54c-0ae4ab16c9da,Penner Farms - W 1/2 4-9-13 (site 4),9ac5f278-7103-4c7e-a7ee-f10c33ef27f3,Symo Advanced 24.0-3 480 (2),24.0,parsed_from_inverter_name,111.97,month,devwork
2024-12-26,f9342ead-59a2-4c58-b54c-0ae4ab16c9da,Penner Farms - W 1/2 4-9-13 (site 4),fb5c3a62-e511-4a4a-8833-ae0501629275,Symo  24.0-3 480 (1),24.0,parsed_from_inverter_name,14.54,month,devwork
2024-12-26,f9342ead-59a2-4c58-b54c-0ae4ab16c9da,Penner Farms - W 1/2 4-9-13 (site 4),9ac5f278-7103-4c7e-a7ee-f10c33ef27f3,Symo Advanced 24.0-3 480 (2),24.0,parsed_from_inverter_name,15.23,month,devwork
2024-12-27,f9342ead-59a2-4c58-b54c-0ae4ab16c9da,Penner Farms - W 1/2 4-9-13 (site 4),fb5c3a62-e511-4a4a-8833-ae0501629275,Symo  24.0-3 480 (1),24.0,parsed_from_inverter_name,65.9,month,devwork
2024-12-27,f9342ead-59a2-4c58-b54c-0ae4ab16c9da,Penner Farms - W 1/2 4-9-13 (site 4),9ac5f278-7103-4c7e-a7ee-f10c33ef27f3,Symo Advanced 24.0-3 480 (2),24.0,parsed_from_inverter_name,68.82,month,devwork
2024-12-28,f9342ead-59a2-4c58-b54c-0ae4ab16c9da,Penner Farms - W 1/2 4-9-13 (site 4),fb5c3a62-e511-4a4a-8833-ae0501629275,Symo  24.0-3 480 (1),24.0,parsed_from_inverter_name,72.41,month,devwork
2024-12-28,f9342ead-59a2-4c58-b54c-0ae4ab16c9da,Penner Farms - W 1/2 4-9-13 (site 4),9ac5f278-7103-4c7e-a7ee-f10c33ef27f3,Symo Advanced 24.0-3 480 (2),24.0,parsed_from_inverter_name,77.01,month,devwork
2024-12-29,f9342ead-59a2-4c58-b54c-0ae4ab16c9da,Penner Farms - W 1/2 4-9-13 (site 4),fb5c3a62-e511-4a4a-8833-ae0501629275,Symo  24.0-3 480 (1),24.0,parsed_from_inverter_name,13.63,month,devwork
2024-12-29,f9342ead-59a2-4c58-b54c-0ae4ab16c9da,Penner Farms - W 1/2 4-9-13 (site 4),9ac5f278-7103-4c7e-a7ee-f10c33ef27f3,Symo Advanced 24.0-3 480 (2),24.0,parsed_from_inverter_name,14.27,month,devwork
2024-12-30,f9342ead-59a2-4c58-b54c-0ae4ab16c9da,Penner Farms - W 1/2 4-9-13 (site 4),fb5c3a62-e511-4a4a-8833-ae0501629275,Symo  24.0-3 480 (1),24.0,parsed_from_inverter_name,26.33,month,devwork
2024-12-30,f9342ead-59a2-4c58-b54c-0ae4ab16c9da,Penner Farms - W 1/2 4-9-13 (site 4),9ac5f278-7103-4c7e-a7ee-f10c33ef27f3,Symo Advanced 24.0-3 480 (2),24.0,parsed_from_inverter_name,27.39,month,devwork
2024-12-31,f9342ead-59a2-4c58-b54c-0ae4ab16c9da,Penner Farms - W 1/2 4-9-13 (site 4),fb5c3a62-e511-4a4a-8833-ae0501629275,Symo  24.0-3 480 (1),24.0,parsed_from_inverter_name,6.4,month,devwork
2024-12-31,f9342ead-59a2-4c58-b54c-0ae4ab16c9da,Penner Farms - W 1/2 4-9-13 (site 4),9ac5f278-7103-4c7e-a7ee-f10c33ef27f3,Symo Advanced 24.0-3 480 (2),24.0,parsed_from_inverter_name,6.67,month,devwork
2025-01-01,f9342ead-59a2-4c58-b54c-0ae4ab16c9da,Penner Farms - W 1/2 4-9-13 (site 4),fb5c3a62-e511-4a4a-8833-ae0501629275,Symo  24.0-3 480 (1),24.0,parsed_from_inverter_name,7.12,month,devwork
2025-01-01,f9342ead-59a2-4c58-b54c-0ae4ab16c9da,Penner Farms - W 1/2 4-9-13 (site 4),9ac5f278-7103-4c7e-a7ee-f10c33ef27f3,Symo Advanced 24.0-3 480 (2),24.0,parsed_from_inverter_name,6.85,month,devwork
2025-01-02,f9342ead-59a2-4c58-b54c-0ae4ab16c9da,Penner Farms - W 1/2 4-9-13 (site 4),fb5c3a62-e511-4a4a-8833-ae0501629275,Symo  24.0-3 480 (1),24.0,parsed_from_inverter_name,6.31,month,devwork
2025-01-02,f9342ead-59a2-4c58-b54c-0ae4ab16c9da,Penner Farms - W 1/2 4-9-13 (site 4),9ac5f278-7103-4c7e-a7ee-f10c33ef27f3,Symo Advanced 24.0-3 480 (2),24.0,parsed_from_inverter_name,6.41,month,devwork
2025-01-03,f9342ead-59a2-4c58-b54c-0ae4ab16c9da,Penner Farms - W 1/2 4-9-13 (site 4),fb5c3a62-e511-4a4a-8833-ae0501629275,Symo  24.0-3 480 (1),24.0,parsed_from_inverter_name,8.2,month,devwork
2025-01-03,f9342ead-59a2-4c58-b54c-0ae4ab16c9da,Penner Farms - W 1/2 4-9-13 (site 4),9ac5f278-7103-4c7e-a7ee-f10c33ef27f3,Symo Advanced 24.0-3 480 (2),24.0,parsed_from_inverter_name,10.63,month,devwork
2025-01-04,f9342ead-59a2-4c58-b54c-0ae4ab16c9da,Penner Farms - W 1/2 4-9-13 (site 4),fb5c3a62-e511-4a4a-8833-ae0501629275,Symo  24.0-3 480 (1),24.0,parsed_from_inverter_name,39.9,month,devwork
2025-01-04,f9342ead-59a2-4c58-b54c-0ae4ab16c9da,Penner Farms - W 1/2 4-9-13 (site 4),9ac5f278-7103-4c7e-a7ee-f10c33ef27f3,Symo Advanced 24.0-3 480 (2),24.0,parsed_from_inverter_name,42.35,month,devwork
2025-01-05,f9342ead-59a2-4c58-b54c-0ae4ab16c9da,Penner Farms - W 1/2 4-9-13 (site 4),fb5c3a62-e511-4a4a-8833-ae0501629275,Symo  24.0-3 480 (1),24.0,parsed_from_inverter_name,74.11,month,devwork
2025-01-05,f9342ead-59a2-4c58-b54c-0ae4ab16c9da,Penner Farms - W 1/2 4-9-13 (site 4),9ac5f278-7103-4c7e-a7ee-f10c33ef27f3,Symo Advanced 24.0-3 480 (2),24.0,parsed_from_inverter_name,78.6,month,devwork
2025-01-06,f9342ead-59a2-4c58-b54c-0ae4ab16c9da,Penner Farms - W 1/2 4-9-13 (site 4),fb5c3a62-e511-4a4a-8833-ae0501629275,Symo  24.0-3 480 (1),24.0,parsed_from_inverter_name,34.49,month,devwork
2025-01-06,f9342ead-59a2-4c58-b54c-0ae4ab16c9da,Penner Farms - W 1/2 4-9-13 (site 4),9ac5f278-7103-4c7e-a7ee-f10c33ef27f3,Symo Advanced 24.0-3 480 (2),24.0,parsed_from_inverter_name,36.51,month,devwork
2025-01-07,f9342ead-59a2-4c58-b54c-0ae4ab16c9da,Penner Farms - W 1/2 4-9-13 (site 4),fb5c3a62-e511-4a4a-8833-ae0501629275,Symo  24.0-3 480 (1),24.0,parsed_from_inverter_name,119.7,month,devwork
2025-01-07,f9342ead-59a2-4c58-b54c-0ae4ab16c9da,Penner Farms - W 1/2 4-9-13 (site 4),9ac5f278-7103-4c7e-a7ee-f10c33ef27f3,Symo Advanced 24.0-3 480 (2),24.0,parsed_from_inverter_name,129.59,month,devwork
2025-01-08,f9342ead-59a2-4c58-b54c-0ae4ab16c9da,Penner Farms - W 1/2 4-9-13 (site 4),fb5c3a62-e511-4a4a-8833-ae0501629275,Symo  24.0-3 480 (1),24.0,parsed_from_inverter_name,32.07,month,devwork
2025-01-08,f9342ead-59a2-4c58-b54c-0ae4ab16c9da,Penner Farms - W 1/2 4-9-13 (site 4),9ac5f278-7103-4c7e-a7ee-f10c33ef27f3,Symo Advanced 24.0-3 480 (2),24.0,parsed_from_inverter_name,33.61,month,devwork
2025-01-09,f9342ead-59a2-4c58-b54c-0ae4ab16c9da,Penner Farms - W 1/2 4-9-13 (site 4),fb5c3a62-e511-4a4a-8833-ae0501629275,Symo  24.0-3 480 (1),24.0,parsed_from_inverter_name,120.12,month,devwork
2025-01-09,f9342ead-59a2-4c58-b54c-0ae4ab16c9da,Penner Farms - W 1/2 4-9-13 (site 4),9ac5f278-7103-4c7e-a7ee-f10c33ef27f3,Symo Advanced 24.0-3 480 (2),24.0,parsed_from_inverter_name,128.29,month,devwork
2025-01-10,f9342ead-59a2-4c58-b54c-0ae4ab16c9da,Penner Farms - W 1/2 4-9-13 (site 4),fb5c3a62-e511-4a4a-8833-ae0501629275,Symo  24.0-3 480 (1),24.0,parsed_from_inverter_name,23.95,month,devwork
2025-01-10,f9342ead-59a2-4c58-b54c-0ae4ab16c9da,Penner Farms - W 1/2 4-9-13 (site 4),9ac5f278-7103-4c7e-a7ee-f10c33ef27f3,Symo Advanced 24.0-3 480 (2),24.0,parsed_from_inverter_name,25.22,month,devwork
2025-01-11,f9342ead-59a2-4c58-b54c-0ae4ab16c9da,Penner Farms - W 1/2 4-9-13 (site 4),fb5c3a62-e511-4a4a-8833-ae0501629275,Symo  24.0-3 480 (1),24.0,parsed_from_inverter_name,15.25,month,devwork
2025-01-11,f9342ead-59a2-4c58-b54c-0ae4ab16c9da,Penner Farms - W 1/2 4-9-13 (site 4),9ac5f278-7103-4c7e-a7ee-f10c33ef27f3,Symo Advanced 24.0-3 480 (2),24.0,parsed_from_inverter_name,15.91,month,devwork
2025-01-12,f9342ead-59a2-4c58-b54c-0ae4ab16c9da,Penner Farms - W 1/2 4-9-13 (site 4),fb5c3a62-e511-4a4a-8833-ae0501629275,Symo  24.0-3 480 (1),24.0,parsed_from_inverter_name,6.21,month,devwork
2025-01-12,f9342ead-59a2-4c58-b54c-0ae4ab16c9da,Penner Farms - W 1/2 4-9-13 (site 4),9ac5f278-7103-4c7e-a7ee-f10c33ef27f3,Symo Advanced 24.0-3 480 (2),24.0,parsed_from_inverter_name,5.61,month,devwork
2025-01-13,f9342ead-59a2-4c58-b54c-0ae4ab16c9da,Penner Farms - W 1/2 4-9-13 (site 4),fb5c3a62-e511-4a4a-8833-ae0501629275,Symo  24.0-3 480 (1),24.0,parsed_from_inverter_name,59.6,month,devwork
2025-01-13,f9342ead-59a2-4c58-b54c-0ae4ab16c9da,Penner Farms - W 1/2 4-9-13 (site 4),9ac5f278-7103-4c7e-a7ee-f10c33ef27f3,Symo Advanced 24.0-3 480 (2),24.0,parsed_from_inverter_name,67.11,month,devwork
2025-01-14,f9342ead-59a2-4c58-b54c-0ae4ab16c9da,Penner Farms - W 1/2 4-9-13 (site 4),fb5c3a62-e511-4a4a-8833-ae0501629275,Symo  24.0-3 480 (1),24.0,parsed_from_inverter_name,62.01,month,devwork
2025-01-14,f9342ead-59a2-4c58-b54c-0ae4ab16c9da,Penner Farms - W 1/2 4-9-13 (site 4),9ac5f278-7103-4c7e-a7ee-f10c33ef27f3,Symo Advanced 24.0-3 480 (2),24.0,parsed_from_inverter_name,64.94,month,devwork
2025-01-15,f9342ead-59a2-4c58-b54c-0ae4ab16c9da,Penner Farms - W 1/2 4-9-13 (site 4),fb5c3a62-e511-4a4a-8833-ae0501629275,Symo  24.0-3 480 (1),24.0,parsed_from_inverter_name,110.06,month,devwork
2025-01-15,f9342ead-59a2-4c58-b54c-0ae4ab16c9da,Penner Farms - W 1/2 4-9-13 (site 4),9ac5f278-7103-4c7e-a7ee-f10c33ef27f3,Symo Advanced 24.0-3 480 (2),24.0,parsed_from_inverter_name,116.23,month,devwork
2025-01-16,f9342ead-59a2-4c58-b54c-0ae4ab16c9da,Penner Farms - W 1/2 4-9-13 (site 4),fb5c3a62-e511-4a4a-8833-ae0501629275,Symo  24.0-3 480 (1),24.0,parsed_from_inverter_name,102.75,month,devwork
2025-01-16,f9342ead-59a2-4c58-b54c-0ae4ab16c9da,Penner Farms - W 1/2 4-9-13 (site 4),9ac5f278-7103-4c7e-a7ee-f10c33ef27f3,Symo Advanced 24.0-3 480 (2),24.0,parsed_from_inverter_name,108.35,month,devwork
2025-01-17,f9342ead-59a2-4c58-b54c-0ae4ab16c9da,Penner Farms - W 1/2 4-9-13 (site 4),fb5c3a62-e511-4a4a-8833-ae0501629275,Symo  24.0-3 480 (1),24.0,parsed_from_inverter_name,33.6,month,devwork
2025-01-17,f9342ead-59a2-4c58-b54c-0ae4ab16c9da,Penner Farms - W 1/2 4-9-13 (site 4),9ac5f278-7103-4c7e-a7ee-f10c33ef27f3,Symo Advanced 24.0-3 480 (2),24.0,parsed_from_inverter_name,50.1,month,devwork
2025-01-18,f9342ead-59a2-4c58-b54c-0ae4ab16c9da,Penner Farms - W 1/2 4-9-13 (site 4),fb5c3a62-e511-4a4a-8833-ae0501629275,Symo  24.0-3 480 (1),24.0,parsed_from_inverter_name,45.68,month,devwork
2025-01-18,f9342ead-59a2-4c58-b54c-0ae4ab16c9da,Penner Farms - W 1/2 4-9-13 (site 4),9ac5f278-7103-4c7e-a7ee-f10c33ef27f3,Symo Advanced 24.0-3 480 (2),24.0,parsed_from_inverter_name,69.11,month,devwork
2025-01-19,f9342ead-59a2-4c58-b54c-0ae4ab16c9da,Penner Farms - W 1/2 4-9-13 (site 4),fb5c3a62-e511-4a4a-8833-ae0501629275,Symo  24.0-3 480 (1),24.0,parsed_from_inverter_name,70.74,month,devwork
2025-01-19,f9342ead-59a2-4c58-b54c-0ae4ab16c9da,Penner Farms - W 1/2 4-9-13 (site 4),9ac5f278-7103-4c7e-a7ee-f10c33ef27f3,Symo Advanced 24.0-3 480 (2),24.0,parsed_from_inverter_name,116.28,month,devwork
2025-01-20,f9342ead-59a2-4c58-b54c-0ae4ab16c9da,Penner Farms - W 1/2 4-9-13 (site 4),fb5c3a62-e511-4a4a-8833-ae0501629275,Symo  24.0-3 480 (1),24.0,parsed_from_inverter_name,73.9,month,devwork
2025-01-20,f9342ead-59a2-4c58-b54c-0ae4ab16c9da,Penner Farms - W 1/2 4-9-13 (site 4),9ac5f278-7103-4c7e-a7ee-f10c33ef27f3,Symo Advanced 24.0-3 480 (2),24.0,parsed_from_inverter_name,122.91,month,devwork
2025-01-21,f9342ead-59a2-4c58-b54c-0ae4ab16c9da,Penner Farms - W 1/2 4-9-13 (site 4),fb5c3a62-e511-4a4a-8833-ae0501629275,Symo  24.0-3 480 (1),24.0,parsed_from_inverter_name,27.03,month,devwork
2025-01-21,f9342ead-59a2-4c58-b54c-0ae4ab16c9da,Penner Farms - W 1/2 4-9-13 (site 4),9ac5f278-7103-4c7e-a7ee-f10c33ef27f3,Symo Advanced 24.0-3 480 (2),24.0,parsed_from_inverter_name,28.71,month,devwork
2025-01-22,f9342ead-59a2-4c58-b54c-0ae4ab16c9da,Penner Farms - W 1/2 4-9-13 (site 4),fb5c3a62-e511-4a4a-8833-ae0501629275,Symo  24.0-3 480 (1),24.0,parsed_from_inverter_name,60.24,month,devwork
2025-01-22,f9342ead-59a2-4c58-b54c-0ae4ab16c9da,Penner Farms - W 1/2 4-9-13 (site 4),9ac5f278-7103-4c7e-a7ee-f10c33ef27f3,Symo Advanced 24.0-3 480 (2),24.0,parsed_from_inverter_name,70.47,month,devwork
2025-01-23,f9342ead-59a2-4c58-b54c-0ae4ab16c9da,Penner Farms - W 1/2 4-9-13 (site 4),fb5c3a62-e511-4a4a-8833-ae0501629275,Symo  24.0-3 480 (1),24.0,parsed_from_inverter_name,30.22,month,devwork
2025-01-23,f9342ead-59a2-4c58-b54c-0ae4ab16c9da,Penner Farms - W 1/2 4-9-13 (site 4),9ac5f278-7103-4c7e-a7ee-f10c33ef27f3,Symo Advanced 24.0-3 480 (2),24.0,parsed_from_inverter_name,31.53,month,devwork
2025-01-24,f9342ead-59a2-4c58-b54c-0ae4ab16c9da,Penner Farms - W 1/2 4-9-13 (site 4),fb5c3a62-e511-4a4a-8833-ae0501629275,Symo  24.0-3 480 (1),24.0,parsed_from_inverter_name,49.12,month,devwork
2025-01-24,f9342ead-59a2-4c58-b54c-0ae4ab16c9da,Penner Farms - W 1/2 4-9-13 (site 4),9ac5f278-7103-4c7e-a7ee-f10c33ef27f3,Symo Advanced 24.0-3 480 (2),24.0,parsed_from_inverter_name,50.23,month,devwork
2025-01-25,f9342ead-59a2-4c58-b54c-0ae4ab16c9da,Penner Farms - W 1/2 4-9-13 (site 4),fb5c3a62-e511-4a4a-8833-ae0501629275,Symo  24.0-3 480 (1),24.0,parsed_from_inverter_name,116.53,month,devwork
2025-01-25,f9342ead-59a2-4c58-b54c-0ae4ab16c9da,Penner Farms - W 1/2 4-9-13 (site 4),9ac5f278-7103-4c7e-a7ee-f10c33ef27f3,Symo Advanced 24.0-3 480 (2),24.0,parsed_from_inverter_name,122.05,month,devwork
2025-01-26,f9342ead-59a2-4c58-b54c-0ae4ab16c9da,Penner Farms - W 1/2 4-9-13 (site 4),fb5c3a62-e511-4a4a-8833-ae0501629275,Symo  24.0-3 480 (1),24.0,parsed_from_inverter_name,143.09,month,devwork
2025-01-26,f9342ead-59a2-4c58-b54c-0ae4ab16c9da,Penner Farms - W 1/2 4-9-13 (site 4),9ac5f278-7103-4c7e-a7ee-f10c33ef27f3,Symo Advanced 24.0-3 480 (2),24.0,parsed_from_inverter_name,149.54,month,devwork
2025-01-27,f9342ead-59a2-4c58-b54c-0ae4ab16c9da,Penner Farms - W 1/2 4-9-13 (site 4),fb5c3a62-e511-4a4a-8833-ae0501629275,Symo  24.0-3 480 (1),24.0,parsed_from_inverter_name,130.58,month,devwork
2025-01-27,f9342ead-59a2-4c58-b54c-0ae4ab16c9da,Penner Farms - W 1/2 4-9-13 (site 4),9ac5f278-7103-4c7e-a7ee-f10c33ef27f3,Symo Advanced 24.0-3 480 (2),24.0,parsed_from_inverter_name,136.88,month,devwork
2025-01-28,f9342ead-59a2-4c58-b54c-0ae4ab16c9da,Penner Farms - W 1/2 4-9-13 (site 4),fb5c3a62-e511-4a4a-8833-ae0501629275,Symo  24.0-3 480 (1),24.0,parsed_from_inverter_name,121.98,month,devwork
2025-01-28,f9342ead-59a2-4c58-b54c-0ae4ab16c9da,Penner Farms - W 1/2 4-9-13 (site 4),9ac5f278-7103-4c7e-a7ee-f10c33ef27f3,Symo Advanced 24.0-3 480 (2),24.0,parsed_from_inverter_name,127.74,month,devwork
2025-01-29,f9342ead-59a2-4c58-b54c-0ae4ab16c9da,Penner Farms - W 1/2 4-9-13 (site 4),fb5c3a62-e511-4a4a-8833-ae0501629275,Symo  24.0-3 480 (1),24.0,parsed_from_inverter_name,68.93,month,devwork
2025-01-29,f9342ead-59a2-4c58-b54c-0ae4ab16c9da,Penner Farms - W 1/2 4-9-13 (site 4),9ac5f278-7103-4c7e-a7ee-f10c33ef27f3,Symo Advanced 24.0-3 480 (2),24.0,parsed_from_inverter_name,73.91,month,devwork
2025-01-30,f9342ead-59a2-4c58-b54c-0ae4ab16c9da,Penner Farms - W 1/2 4-9-13 (site 4),fb5c3a62-e511-4a4a-8833-ae0501629275,Symo  24.0-3 480 (1),24.0,parsed_from_inverter_name,85.14,month,devwork
2025-01-30,f9342ead-59a2-4c58-b54c-0ae4ab16c9da,Penner Farms - W 1/2 4-9-13 (site 4),9ac5f278-7103-4c7e-a7ee-f10c33ef27f3,Symo Advanced 24.0-3 480 (2),24.0,parsed_from_inverter_name,90.08,month,devwork
2025-01-31,f9342ead-59a2-4c58-b54c-0ae4ab16c9da,Penner Farms - W 1/2 4-9-13 (site 4),fb5c3a62-e511-4a4a-8833-ae0501629275,Symo  24.0-3 480 (1),24.0,parsed_from_inverter_name,69.53,month,devwork
2025-01-31,f9342ead-59a2-4c58-b54c-0ae4ab16c9da,Penner Farms - W 1/2 4-9-13 (site 4),9ac5f278-7103-4c7e-a7ee-f10c33ef27f3,Symo Advanced 24.0-3 480 (2),24.0,parsed_from_inverter_name,72.26,month,devwork
2025-02-01,f9342ead-59a2-4c58-b54c-0ae4ab16c9da,Penner Farms - W 1/2 4-9-13 (site 4),fb5c3a62-e511-4a4a-8833-ae0501629275,Symo  24.0-3 480 (1),24.0,parsed_from_inverter_name,18.8,month,devwork
2025-02-01,f9342ead-59a2-4c58-b54c-0ae4ab16c9da,Penner Farms - W 1/2 4-9-13 (site 4),9ac5f278-7103-4c7e-a7ee-f10c33ef27f3,Symo Advanced 24.0-3 480 (2),24.0,parsed_from_inverter_name,21.02,month,devwork
2025-02-02,f9342ead-59a2-4c58-b54c-0ae4ab16c9da,Penner Farms - W 1/2 4-9-13 (site 4),fb5c3a62-e511-4a4a-8833-ae0501629275,Symo  24.0-3 480 (1),24.0,parsed_from_inverter_name,18.35,month,devwork
2025-02-02,f9342ead-59a2-4c58-b54c-0ae4ab16c9da,Penner Farms - W 1/2 4-9-13 (site 4),9ac5f278-7103-4c7e-a7ee-f10c33ef27f3,Symo Advanced 24.0-3 480 (2),24.0,parsed_from_inverter_name,18.55,month,devwork
2025-02-03,f9342ead-59a2-4c58-b54c-0ae4ab16c9da,Penner Farms - W 1/2 4-9-13 (site 4),fb5c3a62-e511-4a4a-8833-ae0501629275,Symo  24.0-3 480 (1),24.0,parsed_from_inverter_name,16.58,month,devwork
2025-02-03,f9342ead-59a2-4c58-b54c-0ae4ab16c9da,Penner Farms - W 1/2 4-9-13 (site 4),9ac5f278-7103-4c7e-a7ee-f10c33ef27f3,Symo Advanced 24.0-3 480 (2),24.0,parsed_from_inverter_name,18.41,month,devwork
2025-02-04,f9342ead-59a2-4c58-b54c-0ae4ab16c9da,Penner Farms - W 1/2 4-9-13 (site 4),fb5c3a62-e511-4a4a-8833-ae0501629275,Symo  24.0-3 480 (1),24.0,parsed_from_inverter_name,10.49,month,devwork
2025-02-04,f9342ead-59a2-4c58-b54c-0ae4ab16c9da,Penner Farms - W 1/2 4-9-13 (site 4),9ac5f278-7103-4c7e-a7ee-f10c33ef27f3,Symo Advanced 24.0-3 480 (2),24.0,parsed_from_inverter_name,8.99,month,devwork
2025-02-05,f9342ead-59a2-4c58-b54c-0ae4ab16c9da,Penner Farms - W 1/2 4-9-13 (site 4),fb5c3a62-e511-4a4a-8833-ae0501629275,Symo  24.0-3 480 (1),24.0,parsed_from_inverter_name,21.51,month,devwork
2025-02-05,f9342ead-59a2-4c58-b54c-0ae4ab16c9da,Penner Farms - W 1/2 4-9-13 (site 4),9ac5f278-7103-4c7e-a7ee-f10c33ef27f3,Symo Advanced 24.0-3 480 (2),24.0,parsed_from_inverter_name,26.82,month,devwork
2025-02-06,f9342ead-59a2-4c58-b54c-0ae4ab16c9da,Penner Farms - W 1/2 4-9-13 (site 4),fb5c3a62-e511-4a4a-8833-ae0501629275,Symo  24.0-3 480 (1),24.0,parsed_from_inverter_name,23.43,month,devwork
2025-02-06,f9342ead-59a2-4c58-b54c-0ae4ab16c9da,Penner Farms - W 1/2 4-9-13 (site 4),9ac5f278-7103-4c7e-a7ee-f10c33ef27f3,Symo Advanced 24.0-3 480 (2),24.0,parsed_from_inverter_name,34.17,month,devwork
2025-02-07,f9342ead-59a2-4c58-b54c-0ae4ab16c9da,Penner Farms - W 1/2 4-9-13 (site 4),fb5c3a62-e511-4a4a-8833-ae0501629275,Symo  24.0-3 480 (1),24.0,parsed_from_inverter_name,33.27,month,devwork
2025-02-07,f9342ead-59a2-4c58-b54c-0ae4ab16c9da,Penner Farms - W 1/2 4-9-13 (site 4),9ac5f278-7103-4c7e-a7ee-f10c33ef27f3,Symo Advanced 24.0-3 480 (2),24.0,parsed_from_inverter_name,41.39,month,devwork
2025-02-08,f9342ead-59a2-4c58-b54c-0ae4ab16c9da,Penner Farms - W 1/2 4-9-13 (site 4),fb5c3a62-e511-4a4a-8833-ae0501629275,Symo  24.0-3 480 (1),24.0,parsed_from_inverter_name,48.69,month,devwork
2025-02-08,f9342ead-59a2-4c58-b54c-0ae4ab16c9da,Penner Farms - W 1/2 4-9-13 (site 4),9ac5f278-7103-4c7e-a7ee-f10c33ef27f3,Symo Advanced 24.0-3 480 (2),24.0,parsed_from_inverter_name,52.34,month,devwork
2025-02-09,f9342ead-59a2-4c58-b54c-0ae4ab16c9da,Penner Farms - W 1/2 4-9-13 (site 4),fb5c3a62-e511-4a4a-8833-ae0501629275,Symo  24.0-3 480 (1),24.0,parsed_from_inverter_name,39.42,month,devwork
2025-02-09,f9342ead-59a2-4c58-b54c-0ae4ab16c9da,Penner Farms - W 1/2 4-9-13 (site 4),9ac5f278-7103-4c7e-a7ee-f10c33ef27f3,Symo Advanced 24.0-3 480 (2),24.0,parsed_from_inverter_name,41.28,month,devwork
2025-02-10,f9342ead-59a2-4c58-b54c-0ae4ab16c9da,Penner Farms - W 1/2 4-9-13 (site 4),fb5c3a62-e511-4a4a-8833-ae0501629275,Symo  24.0-3 480 (1),24.0,parsed_from_inverter_name,70.62,month,devwork
2025-02-10,f9342ead-59a2-4c58-b54c-0ae4ab16c9da,Penner Farms - W 1/2 4-9-13 (site 4),9ac5f278-7103-4c7e-a7ee-f10c33ef27f3,Symo Advanced 24.0-3 480 (2),24.0,parsed_from_inverter_name,92.43,month,devwork
2025-02-11,f9342ead-59a2-4c58-b54c-0ae4ab16c9da,Penner Farms - W 1/2 4-9-13 (site 4),fb5c3a62-e511-4a4a-8833-ae0501629275,Symo  24.0-3 480 (1),24.0,parsed_from_inverter_name,52.16,month,devwork
2025-02-11,f9342ead-59a2-4c58-b54c-0ae4ab16c9da,Penner Farms - W 1/2 4-9-13 (site 4),9ac5f278-7103-4c7e-a7ee-f10c33ef27f3,Symo Advanced 24.0-3 480 (2),24.0,parsed_from_inverter_name,63.51,month,devwork
2025-02-12,f9342ead-59a2-4c58-b54c-0ae4ab16c9da,Penner Farms - W 1/2 4-9-13 (site 4),fb5c3a62-e511-4a4a-8833-ae0501629275,Symo  24.0-3 480 (1),24.0,parsed_from_inverter_name,82.24,month,devwork
2025-02-12,f9342ead-59a2-4c58-b54c-0ae4ab16c9da,Penner Farms - W 1/2 4-9-13 (site 4),9ac5f278-7103-4c7e-a7ee-f10c33ef27f3,Symo Advanced 24.0-3 480 (2),24.0,parsed_from_inverter_name,99.87,month,devwork
2025-02-13,f9342ead-59a2-4c58-b54c-0ae4ab16c9da,Penner Farms - W 1/2 4-9-13 (site 4),fb5c3a62-e511-4a4a-8833-ae0501629275,Symo  24.0-3 480 (1),24.0,parsed_from_inverter_name,118.45,month,devwork
2025-02-13,f9342ead-59a2-4c58-b54c-0ae4ab16c9da,Penner Farms - W 1/2 4-9-13 (site 4),9ac5f278-7103-4c7e-a7ee-f10c33ef27f3,Symo Advanced 24.0-3 480 (2),24.0,parsed_from_inverter_name,138.57,month,devwork
2025-02-14,f9342ead-59a2-4c58-b54c-0ae4ab16c9da,Penner Farms - W 1/2 4-9-13 (site 4),fb5c3a62-e511-4a4a-8833-ae0501629275,Symo  24.0-3 480 (1),24.0,parsed_from_inverter_name,25.82,month,devwork
2025-02-14,f9342ead-59a2-4c58-b54c-0ae4ab16c9da,Penner Farms - W 1/2 4-9-13 (site 4),9ac5f278-7103-4c7e-a7ee-f10c33ef27f3,Symo Advanced 24.0-3 480 (2),24.0,parsed_from_inverter_name,28.78,month,devwork
2025-02-15,f9342ead-59a2-4c58-b54c-0ae4ab16c9da,Penner Farms - W 1/2 4-9-13 (site 4),fb5c3a62-e511-4a4a-8833-ae0501629275,Symo  24.0-3 480 (1),24.0,parsed_from_inverter_name,25.89,month,devwork
2025-02-15,f9342ead-59a2-4c58-b54c-0ae4ab16c9da,Penner Farms - W 1/2 4-9-13 (site 4),9ac5f278-7103-4c7e-a7ee-f10c33ef27f3,Symo Advanced 24.0-3 480 (2),24.0,parsed_from_inverter_name,28.31,month,devwork
2025-02-16,f9342ead-59a2-4c58-b54c-0ae4ab16c9da,Penner Farms - W 1/2 4-9-13 (site 4),fb5c3a62-e511-4a4a-8833-ae0501629275,Symo  24.0-3 480 (1),24.0,parsed_from_inverter_name,20.54,month,devwork
2025-02-16,f9342ead-59a2-4c58-b54c-0ae4ab16c9da,Penner Farms - W 1/2 4-9-13 (site 4),9ac5f278-7103-4c7e-a7ee-f10c33ef27f3,Symo Advanced 24.0-3 480 (2),24.0,parsed_from_inverter_name,22.62,month,devwork
2025-02-17,f9342ead-59a2-4c58-b54c-0ae4ab16c9da,Penner Farms - W 1/2 4-9-13 (site 4),fb5c3a62-e511-4a4a-8833-ae0501629275,Symo  24.0-3 480 (1),24.0,parsed_from_inverter_name,35.61,month,devwork
2025-02-17,f9342ead-59a2-4c58-b54c-0ae4ab16c9da,Penner Farms - W 1/2 4-9-13 (site 4),9ac5f278-7103-4c7e-a7ee-f10c33ef27f3,Symo Advanced 24.0-3 480 (2),24.0,parsed_from_inverter_name,39.6,month,devwork
2025-02-18,f9342ead-59a2-4c58-b54c-0ae4ab16c9da,Penner Farms - W 1/2 4-9-13 (site 4),fb5c3a62-e511-4a4a-8833-ae0501629275,Symo  24.0-3 480 (1),24.0,parsed_from_inverter_name,83.71,month,devwork
2025-02-18,f9342ead-59a2-4c58-b54c-0ae4ab16c9da,Penner Farms - W 1/2 4-9-13 (site 4),9ac5f278-7103-4c7e-a7ee-f10c33ef27f3,Symo Advanced 24.0-3 480 (2),24.0,parsed_from_inverter_name,83.79,month,devwork
2025-02-19,f9342ead-59a2-4c58-b54c-0ae4ab16c9da,Penner Farms - W 1/2 4-9-13 (site 4),fb5c3a62-e511-4a4a-8833-ae0501629275,Symo  24.0-3 480 (1),24.0,parsed_from_inverter_name,83.94,month,devwork
2025-02-19,f9342ead-59a2-4c58-b54c-0ae4ab16c9da,Penner Farms - W 1/2 4-9-13 (site 4),9ac5f278-7103-4c7e-a7ee-f10c33ef27f3,Symo Advanced 24.0-3 480 (2),24.0,parsed_from_inverter_name,81.28,month,devwork
2025-02-20,f9342ead-59a2-4c58-b54c-0ae4ab16c9da,Penner Farms - W 1/2 4-9-13 (site 4),fb5c3a62-e511-4a4a-8833-ae0501629275,Symo  24.0-3 480 (1),24.0,parsed_from_inverter_name,123.43,month,devwork
2025-02-20,f9342ead-59a2-4c58-b54c-0ae4ab16c9da,Penner Farms - W 1/2 4-9-13 (site 4),9ac5f278-7103-4c7e-a7ee-f10c33ef27f3,Symo Advanced 24.0-3 480 (2),24.0,parsed_from_inverter_name,127.39,month,devwork
2025-02-21,f9342ead-59a2-4c58-b54c-0ae4ab16c9da,Penner Farms - W 1/2 4-9-13 (site 4),fb5c3a62-e511-4a4a-8833-ae0501629275,Symo  24.0-3 480 (1),24.0,parsed_from_inverter_name,98.75,month,devwork
2025-02-21,f9342ead-59a2-4c58-b54c-0ae4ab16c9da,Penner Farms - W 1/2 4-9-13 (site 4),9ac5f278-7103-4c7e-a7ee-f10c33ef27f3,Symo Advanced 24.0-3 480 (2),24.0,parsed_from_inverter_name,102.03,month,devwork
2025-02-22,f9342ead-59a2-4c58-b54c-0ae4ab16c9da,Penner Farms - W 1/2 4-9-13 (site 4),fb5c3a62-e511-4a4a-8833-ae0501629275,Symo  24.0-3 480 (1),24.0,parsed_from_inverter_name,147.04,month,devwork
2025-02-22,f9342ead-59a2-4c58-b54c-0ae4ab16c9da,Penner Farms - W 1/2 4-9-13 (site 4),9ac5f278-7103-4c7e-a7ee-f10c33ef27f3,Symo Advanced 24.0-3 480 (2),24.0,parsed_from_inverter_name,149.78,month,devwork
2025-02-23,f9342ead-59a2-4c58-b54c-0ae4ab16c9da,Penner Farms - W 1/2 4-9-13 (site 4),fb5c3a62-e511-4a4a-8833-ae0501629275,Symo  24.0-3 480 (1),24.0,parsed_from_inverter_name,135.26,month,devwork
2025-02-23,f9342ead-59a2-4c58-b54c-0ae4ab16c9da,Penner Farms - W 1/2 4-9-13 (site 4),9ac5f278-7103-4c7e-a7ee-f10c33ef27f3,Symo Advanced 24.0-3 480 (2),24.0,parsed_from_inverter_name,83.69,month,devwork
2025-02-24,f9342ead-59a2-4c58-b54c-0ae4ab16c9da,Penner Farms - W 1/2 4-9-13 (site 4),fb5c3a62-e511-4a4a-8833-ae0501629275,Symo  24.0-3 480 (1),24.0,parsed_from_inverter_name,158.74,month,devwork
2025-02-24,f9342ead-59a2-4c58-b54c-0ae4ab16c9da,Penner Farms - W 1/2 4-9-13 (site 4),9ac5f278-7103-4c7e-a7ee-f10c33ef27f3,Symo Advanced 24.0-3 480 (2),24.0,parsed_from_inverter_name,123.1,month,devwork
2025-02-25,f9342ead-59a2-4c58-b54c-0ae4ab16c9da,Penner Farms - W 1/2 4-9-13 (site 4),fb5c3a62-e511-4a4a-8833-ae0501629275,Symo  24.0-3 480 (1),24.0,parsed_from_inverter_name,174.27,month,devwork
2025-02-25,f9342ead-59a2-4c58-b54c-0ae4ab16c9da,Penner Farms - W 1/2 4-9-13 (site 4),9ac5f278-7103-4c7e-a7ee-f10c33ef27f3,Symo Advanced 24.0-3 480 (2),24.0,parsed_from_inverter_name,106.88,month,devwork
2025-02-26,f9342ead-59a2-4c58-b54c-0ae4ab16c9da,Penner Farms - W 1/2 4-9-13 (site 4),fb5c3a62-e511-4a4a-8833-ae0501629275,Symo  24.0-3 480 (1),24.0,parsed_from_inverter_name,65.35,month,devwork
2025-02-26,f9342ead-59a2-4c58-b54c-0ae4ab16c9da,Penner Farms - W 1/2 4-9-13 (site 4),9ac5f278-7103-4c7e-a7ee-f10c33ef27f3,Symo Advanced 24.0-3 480 (2),24.0,parsed_from_inverter_name,67.84,month,devwork
2025-02-27,f9342ead-59a2-4c58-b54c-0ae4ab16c9da,Penner Farms - W 1/2 4-9-13 (site 4),fb5c3a62-e511-4a4a-8833-ae0501629275,Symo  24.0-3 480 (1),24.0,parsed_from_inverter_name,109.64,month,devwork
2025-02-27,f9342ead-59a2-4c58-b54c-0ae4ab16c9da,Penner Farms - W 1/2 4-9-13 (site 4),9ac5f278-7103-4c7e-a7ee-f10c33ef27f3,Symo Advanced 24.0-3 480 (2),24.0,parsed_from_inverter_name,112.48,month,devwork
2025-02-28,f9342ead-59a2-4c58-b54c-0ae4ab16c9da,Penner Farms - W 1/2 4-9-13 (site 4),fb5c3a62-e511-4a4a-8833-ae0501629275,Symo  24.0-3 480 (1),24.0,parsed_from_inverter_name,168.54,month,devwork
2025-02-28,f9342ead-59a2-4c58-b54c-0ae4ab16c9da,Penner Farms - W 1/2 4-9-13 (site 4),9ac5f278-7103-4c7e-a7ee-f10c33ef27f3,Symo Advanced 24.0-3 480 (2),24.0,parsed_from_inverter_name,133.44,month,devwork
2025-03-01,f9342ead-59a2-4c58-b54c-0ae4ab16c9da,Penner Farms - W 1/2 4-9-13 (site 4),fb5c3a62-e511-4a4a-8833-ae0501629275,Symo  24.0-3 480 (1),24.0,parsed_from_inverter_name,171.05,month,devwork
2025-03-01,f9342ead-59a2-4c58-b54c-0ae4ab16c9da,Penner Farms - W 1/2 4-9-13 (site 4),9ac5f278-7103-4c7e-a7ee-f10c33ef27f3,Symo Advanced 24.0-3 480 (2),24.0,parsed_from_inverter_name,76.25,month,devwork
2025-03-02,f9342ead-59a2-4c58-b54c-0ae4ab16c9da,Penner Farms - W 1/2 4-9-13 (site 4),fb5c3a62-e511-4a4a-8833-ae0501629275,Symo  24.0-3 480 (1),24.0,parsed_from_inverter_name,175.31,month,devwork
2025-03-02,f9342ead-59a2-4c58-b54c-0ae4ab16c9da,Penner Farms - W 1/2 4-9-13 (site 4),9ac5f278-7103-4c7e-a7ee-f10c33ef27f3,Symo Advanced 24.0-3 480 (2),24.0,parsed_from_inverter_name,179.09,month,devwork
2025-03-03,f9342ead-59a2-4c58-b54c-0ae4ab16c9da,Penner Farms - W 1/2 4-9-13 (site 4),fb5c3a62-e511-4a4a-8833-ae0501629275,Symo  24.0-3 480 (1),24.0,parsed_from_inverter_name,37.14,month,devwork
2025-03-03,f9342ead-59a2-4c58-b54c-0ae4ab16c9da,Penner Farms - W 1/2 4-9-13 (site 4),9ac5f278-7103-4c7e-a7ee-f10c33ef27f3,Symo Advanced 24.0-3 480 (2),24.0,parsed_from_inverter_name,38.64,month,devwork
2025-03-04,f9342ead-59a2-4c58-b54c-0ae4ab16c9da,Penner Farms - W 1/2 4-9-13 (site 4),fb5c3a62-e511-4a4a-8833-ae0501629275,Symo  24.0-3 480 (1),24.0,parsed_from_inverter_name,166.88,month,devwork
2025-03-04,f9342ead-59a2-4c58-b54c-0ae4ab16c9da,Penner Farms - W 1/2 4-9-13 (site 4),9ac5f278-7103-4c7e-a7ee-f10c33ef27f3,Symo Advanced 24.0-3 480 (2),24.0,parsed_from_inverter_name,168.64,month,devwork
2025-03-05,f9342ead-59a2-4c58-b54c-0ae4ab16c9da,Penner Farms - W 1/2 4-9-13 (site 4),fb5c3a62-e511-4a4a-8833-ae0501629275,Symo  24.0-3 480 (1),24.0,parsed_from_inverter_name,131.97,month,devwork
2025-03-05,f9342ead-59a2-4c58-b54c-0ae4ab16c9da,Penner Farms - W 1/2 4-9-13 (site 4),9ac5f278-7103-4c7e-a7ee-f10c33ef27f3,Symo Advanced 24.0-3 480 (2),24.0,parsed_from_inverter_name,135.43,month,devwork
2025-03-06,f9342ead-59a2-4c58-b54c-0ae4ab16c9da,Penner Farms - W 1/2 4-9-13 (site 4),fb5c3a62-e511-4a4a-8833-ae0501629275,Symo  24.0-3 480 (1),24.0,parsed_from_inverter_name,172.24,month,devwork
2025-03-06,f9342ead-59a2-4c58-b54c-0ae4ab16c9da,Penner Farms - W 1/2 4-9-13 (site 4),9ac5f278-7103-4c7e-a7ee-f10c33ef27f3,Symo Advanced 24.0-3 480 (2),24.0,parsed_from_inverter_name,175.22,month,devwork
2025-03-07,f9342ead-59a2-4c58-b54c-0ae4ab16c9da,Penner Farms - W 1/2 4-9-13 (site 4),fb5c3a62-e511-4a4a-8833-ae0501629275,Symo  24.0-3 480 (1),24.0,parsed_from_inverter_name,182.25,month,devwork
2025-03-07,f9342ead-59a2-4c58-b54c-0ae4ab16c9da,Penner Farms - W 1/2 4-9-13 (site 4),9ac5f278-7103-4c7e-a7ee-f10c33ef27f3,Symo Advanced 24.0-3 480 (2),24.0,parsed_from_inverter_name,185.22,month,devwork
2025-03-08,f9342ead-59a2-4c58-b54c-0ae4ab16c9da,Penner Farms - W 1/2 4-9-13 (site 4),fb5c3a62-e511-4a4a-8833-ae0501629275,Symo  24.0-3 480 (1),24.0,parsed_from_inverter_name,87.49,month,devwork
2025-03-08,f9342ead-59a2-4c58-b54c-0ae4ab16c9da,Penner Farms - W 1/2 4-9-13 (site 4),9ac5f278-7103-4c7e-a7ee-f10c33ef27f3,Symo Advanced 24.0-3 480 (2),24.0,parsed_from_inverter_name,90.61,month,devwork
2025-03-09,f9342ead-59a2-4c58-b54c-0ae4ab16c9da,Penner Farms - W 1/2 4-9-13 (site 4),fb5c3a62-e511-4a4a-8833-ae0501629275,Symo  24.0-3 480 (1),24.0,parsed_from_inverter_name,65.66,month,devwork
2025-03-09,f9342ead-59a2-4c58-b54c-0ae4ab16c9da,Penner Farms - W 1/2 4-9-13 (site 4),9ac5f278-7103-4c7e-a7ee-f10c33ef27f3,Symo Advanced 24.0-3 480 (2),24.0,parsed_from_inverter_name,68.48,month,devwork
2025-03-10,f9342ead-59a2-4c58-b54c-0ae4ab16c9da,Penner Farms - W 1/2 4-9-13 (site 4),fb5c3a62-e511-4a4a-8833-ae0501629275,Symo  24.0-3 480 (1),24.0,parsed_from_inverter_name,141.7,month,devwork
2025-03-10,f9342ead-59a2-4c58-b54c-0ae4ab16c9da,Penner Farms - W 1/2 4-9-13 (site 4),9ac5f278-7103-4c7e-a7ee-f10c33ef27f3,Symo Advanced 24.0-3 480 (2),24.0,parsed_from_inverter_name,100.21,month,devwork
2025-03-11,f9342ead-59a2-4c58-b54c-0ae4ab16c9da,Penner Farms - W 1/2 4-9-13 (site 4),fb5c3a62-e511-4a4a-8833-ae0501629275,Symo  24.0-3 480 (1),24.0,parsed_from_inverter_name,140.51,month,devwork
2025-03-11,f9342ead-59a2-4c58-b54c-0ae4ab16c9da,Penner Farms - W 1/2 4-9-13 (site 4),9ac5f278-7103-4c7e-a7ee-f10c33ef27f3,Symo Advanced 24.0-3 480 (2),24.0,parsed_from_inverter_name,143.19,month,devwork
2025-03-12,f9342ead-59a2-4c58-b54c-0ae4ab16c9da,Penner Farms - W 1/2 4-9-13 (site 4),fb5c3a62-e511-4a4a-8833-ae0501629275,Symo  24.0-3 480 (1),24.0,parsed_from_inverter_name,142.71,month,devwork
2025-03-12,f9342ead-59a2-4c58-b54c-0ae4ab16c9da,Penner Farms - W 1/2 4-9-13 (site 4),9ac5f278-7103-4c7e-a7ee-f10c33ef27f3,Symo Advanced 24.0-3 480 (2),24.0,parsed_from_inverter_name,146.2,month,devwork
2025-03-13,f9342ead-59a2-4c58-b54c-0ae4ab16c9da,Penner Farms - W 1/2 4-9-13 (site 4),fb5c3a62-e511-4a4a-8833-ae0501629275,Symo  24.0-3 480 (1),24.0,parsed_from_inverter_name,64.57,month,devwork
2025-03-13,f9342ead-59a2-4c58-b54c-0ae4ab16c9da,Penner Farms - W 1/2 4-9-13 (site 4),9ac5f278-7103-4c7e-a7ee-f10c33ef27f3,Symo Advanced 24.0-3 480 (2),24.0,parsed_from_inverter_name,67.14,month,devwork
2025-03-14,f9342ead-59a2-4c58-b54c-0ae4ab16c9da,Penner Farms - W 1/2 4-9-13 (site 4),fb5c3a62-e511-4a4a-8833-ae0501629275,Symo  24.0-3 480 (1),24.0,parsed_from_inverter_name,127.19,month,devwork
2025-03-14,f9342ead-59a2-4c58-b54c-0ae4ab16c9da,Penner Farms - W 1/2 4-9-13 (site 4),9ac5f278-7103-4c7e-a7ee-f10c33ef27f3,Symo Advanced 24.0-3 480 (2),24.0,parsed_from_inverter_name,120.05,month,devwork
2025-03-15,f9342ead-59a2-4c58-b54c-0ae4ab16c9da,Penner Farms - W 1/2 4-9-13 (site 4),fb5c3a62-e511-4a4a-8833-ae0501629275,Symo  24.0-3 480 (1),24.0,parsed_from_inverter_name,49.06,month,devwork
2025-03-15,f9342ead-59a2-4c58-b54c-0ae4ab16c9da,Penner Farms - W 1/2 4-9-13 (site 4),9ac5f278-7103-4c7e-a7ee-f10c33ef27f3,Symo Advanced 24.0-3 480 (2),24.0,parsed_from_inverter_name,51.55,month,devwork
2025-03-16,f9342ead-59a2-4c58-b54c-0ae4ab16c9da,Penner Farms - W 1/2 4-9-13 (site 4),fb5c3a62-e511-4a4a-8833-ae0501629275,Symo  24.0-3 480 (1),24.0,parsed_from_inverter_name,44.27,month,devwork
2025-03-16,f9342ead-59a2-4c58-b54c-0ae4ab16c9da,Penner Farms - W 1/2 4-9-13 (site 4),9ac5f278-7103-4c7e-a7ee-f10c33ef27f3,Symo Advanced 24.0-3 480 (2),24.0,parsed_from_inverter_name,46.03,month,devwork
2025-03-17,f9342ead-59a2-4c58-b54c-0ae4ab16c9da,Penner Farms - W 1/2 4-9-13 (site 4),fb5c3a62-e511-4a4a-8833-ae0501629275,Symo  24.0-3 480 (1),24.0,parsed_from_inverter_name,144.6,month,devwork
2025-03-17,f9342ead-59a2-4c58-b54c-0ae4ab16c9da,Penner Farms - W 1/2 4-9-13 (site 4),9ac5f278-7103-4c7e-a7ee-f10c33ef27f3,Symo Advanced 24.0-3 480 (2),24.0,parsed_from_inverter_name,109.03,month,devwork
2025-03-18,f9342ead-59a2-4c58-b54c-0ae4ab16c9da,Penner Farms - W 1/2 4-9-13 (site 4),fb5c3a62-e511-4a4a-8833-ae0501629275,Symo  24.0-3 480 (1),24.0,parsed_from_inverter_name,50.91,month,devwork
2025-03-18,f9342ead-59a2-4c58-b54c-0ae4ab16c9da,Penner Farms - W 1/2 4-9-13 (site 4),9ac5f278-7103-4c7e-a7ee-f10c33ef27f3,Symo Advanced 24.0-3 480 (2),24.0,parsed_from_inverter_name,53.17,month,devwork
2025-03-19,f9342ead-59a2-4c58-b54c-0ae4ab16c9da,Penner Farms - W 1/2 4-9-13 (site 4),fb5c3a62-e511-4a4a-8833-ae0501629275,Symo  24.0-3 480 (1),24.0,parsed_from_inverter_name,93.35,month,devwork
2025-03-19,f9342ead-59a2-4c58-b54c-0ae4ab16c9da,Penner Farms - W 1/2 4-9-13 (site 4),9ac5f278-7103-4c7e-a7ee-f10c33ef27f3,Symo Advanced 24.0-3 480 (2),24.0,parsed_from_inverter_name,103.97,month,devwork
2025-03-20,f9342ead-59a2-4c58-b54c-0ae4ab16c9da,Penner Farms - W 1/2 4-9-13 (site 4),fb5c3a62-e511-4a4a-8833-ae0501629275,Symo  24.0-3 480 (1),24.0,parsed_from_inverter_name,101.01,month,devwork
2025-03-20,f9342ead-59a2-4c58-b54c-0ae4ab16c9da,Penner Farms - W 1/2 4-9-13 (site 4),9ac5f278-7103-4c7e-a7ee-f10c33ef27f3,Symo Advanced 24.0-3 480 (2),24.0,parsed_from_inverter_name,104.55,month,devwork
2025-03-21,f9342ead-59a2-4c58-b54c-0ae4ab16c9da,Penner Farms - W 1/2 4-9-13 (site 4),fb5c3a62-e511-4a4a-8833-ae0501629275,Symo  24.0-3 480 (1),24.0,parsed_from_inverter_name,168.55,month,devwork
2025-03-21,f9342ead-59a2-4c58-b54c-0ae4ab16c9da,Penner Farms - W 1/2 4-9-13 (site 4),9ac5f278-7103-4c7e-a7ee-f10c33ef27f3,Symo Advanced 24.0-3 480 (2),24.0,parsed_from_inverter_name,171.32,month,devwork
2025-03-22,f9342ead-59a2-4c58-b54c-0ae4ab16c9da,Penner Farms - W 1/2 4-9-13 (site 4),fb5c3a62-e511-4a4a-8833-ae0501629275,Symo  24.0-3 480 (1),24.0,parsed_from_inverter_name,137.21,month,devwork
2025-03-22,f9342ead-59a2-4c58-b54c-0ae4ab16c9da,Penner Farms - W 1/2 4-9-13 (site 4),9ac5f278-7103-4c7e-a7ee-f10c33ef27f3,Symo Advanced 24.0-3 480 (2),24.0,parsed_from_inverter_name,127.36,month,devwork
2025-03-23,f9342ead-59a2-4c58-b54c-0ae4ab16c9da,Penner Farms - W 1/2 4-9-13 (site 4),fb5c3a62-e511-4a4a-8833-ae0501629275,Symo  24.0-3 480 (1),24.0,parsed_from_inverter_name,118.09,month,devwork
2025-03-23,f9342ead-59a2-4c58-b54c-0ae4ab16c9da,Penner Farms - W 1/2 4-9-13 (site 4),9ac5f278-7103-4c7e-a7ee-f10c33ef27f3,Symo Advanced 24.0-3 480 (2),24.0,parsed_from_inverter_name,122.17,month,devwork
2025-03-24,f9342ead-59a2-4c58-b54c-0ae4ab16c9da,Penner Farms - W 1/2 4-9-13 (site 4),fb5c3a62-e511-4a4a-8833-ae0501629275,Symo  24.0-3 480 (1),24.0,parsed_from_inverter_name,105.48,month,devwork
2025-03-24,f9342ead-59a2-4c58-b54c-0ae4ab16c9da,Penner Farms - W 1/2 4-9-13 (site 4),9ac5f278-7103-4c7e-a7ee-f10c33ef27f3,Symo Advanced 24.0-3 480 (2),24.0,parsed_from_inverter_name,108.78,month,devwork
2025-03-25,f9342ead-59a2-4c58-b54c-0ae4ab16c9da,Penner Farms - W 1/2 4-9-13 (site 4),fb5c3a62-e511-4a4a-8833-ae0501629275,Symo  24.0-3 480 (1),24.0,parsed_from_inverter_name,110.48,month,devwork
2025-03-25,f9342ead-59a2-4c58-b54c-0ae4ab16c9da,Penner Farms - W 1/2 4-9-13 (site 4),9ac5f278-7103-4c7e-a7ee-f10c33ef27f3,Symo Advanced 24.0-3 480 (2),24.0,parsed_from_inverter_name,113.74,month,devwork
2025-03-26,f9342ead-59a2-4c58-b54c-0ae4ab16c9da,Penner Farms - W 1/2 4-9-13 (site 4),fb5c3a62-e511-4a4a-8833-ae0501629275,Symo  24.0-3 480 (1),24.0,parsed_from_inverter_name,174.67,month,devwork
2025-03-26,f9342ead-59a2-4c58-b54c-0ae4ab16c9da,Penner Farms - W 1/2 4-9-13 (site 4),9ac5f278-7103-4c7e-a7ee-f10c33ef27f3,Symo Advanced 24.0-3 480 (2),24.0,parsed_from_inverter_name,177.63,month,devwork
2025-03-27,f9342ead-59a2-4c58-b54c-0ae4ab16c9da,Penner Farms - W 1/2 4-9-13 (site 4),fb5c3a62-e511-4a4a-8833-ae0501629275,Symo  24.0-3 480 (1),24.0,parsed_from_inverter_name,59.27,month,devwork
2025-03-27,f9342ead-59a2-4c58-b54c-0ae4ab16c9da,Penner Farms - W 1/2 4-9-13 (site 4),9ac5f278-7103-4c7e-a7ee-f10c33ef27f3,Symo Advanced 24.0-3 480 (2),24.0,parsed_from_inverter_name,61.13,month,devwork
2025-03-28,f9342ead-59a2-4c58-b54c-0ae4ab16c9da,Penner Farms - W 1/2 4-9-13 (site 4),fb5c3a62-e511-4a4a-8833-ae0501629275,Symo  24.0-3 480 (1),24.0,parsed_from_inverter_name,54.04,month,devwork
2025-03-28,f9342ead-59a2-4c58-b54c-0ae4ab16c9da,Penner Farms - W 1/2 4-9-13 (site 4),9ac5f278-7103-4c7e-a7ee-f10c33ef27f3,Symo Advanced 24.0-3 480 (2),24.0,parsed_from_inverter_name,58.61,month,devwork
2025-03-29,f9342ead-59a2-4c58-b54c-0ae4ab16c9da,Penner Farms - W 1/2 4-9-13 (site 4),fb5c3a62-e511-4a4a-8833-ae0501629275,Symo  24.0-3 480 (1),24.0,parsed_from_inverter_name,40.51,month,devwork
2025-03-29,f9342ead-59a2-4c58-b54c-0ae4ab16c9da,Penner Farms - W 1/2 4-9-13 (site 4),9ac5f278-7103-4c7e-a7ee-f10c33ef27f3,Symo Advanced 24.0-3 480 (2),24.0,parsed_from_inverter_name,40.81,month,devwork
2025-03-30,f9342ead-59a2-4c58-b54c-0ae4ab16c9da,Penner Farms - W 1/2 4-9-13 (site 4),fb5c3a62-e511-4a4a-8833-ae0501629275,Symo  24.0-3 480 (1),24.0,parsed_from_inverter_name,47.47,month,devwork
2025-03-30,f9342ead-59a2-4c58-b54c-0ae4ab16c9da,Penner Farms - W 1/2 4-9-13 (site 4),9ac5f278-7103-4c7e-a7ee-f10c33ef27f3,Symo Advanced 24.0-3 480 (2),24.0,parsed_from_inverter_name,66.26,month,devwork
2025-03-31,f9342ead-59a2-4c58-b54c-0ae4ab16c9da,Penner Farms - W 1/2 4-9-13 (site 4),fb5c3a62-e511-4a4a-8833-ae0501629275,Symo  24.0-3 480 (1),24.0,parsed_from_inverter_name,90.01,month,devwork
2025-03-31,f9342ead-59a2-4c58-b54c-0ae4ab16c9da,Penner Farms - W 1/2 4-9-13 (site 4),9ac5f278-7103-4c7e-a7ee-f10c33ef27f3,Symo Advanced 24.0-3 480 (2),24.0,parsed_from_inverter_name,92.42,month,devwork
2025-04-01,f9342ead-59a2-4c58-b54c-0ae4ab16c9da,Penner Farms - W 1/2 4-9-13 (site 4),fb5c3a62-e511-4a4a-8833-ae0501629275,Symo  24.0-3 480 (1),24.0,parsed_from_inverter_name,158.41,month,devwork
2025-04-01,f9342ead-59a2-4c58-b54c-0ae4ab16c9da,Penner Farms - W 1/2 4-9-13 (site 4),9ac5f278-7103-4c7e-a7ee-f10c33ef27f3,Symo Advanced 24.0-3 480 (2),24.0,parsed_from_inverter_name,115.61,month,devwork
2025-04-02,f9342ead-59a2-4c58-b54c-0ae4ab16c9da,Penner Farms - W 1/2 4-9-13 (site 4),fb5c3a62-e511-4a4a-8833-ae0501629275,Symo  24.0-3 480 (1),24.0,parsed_from_inverter_name,38.03,month,devwork
2025-04-02,f9342ead-59a2-4c58-b54c-0ae4ab16c9da,Penner Farms - W 1/2 4-9-13 (site 4),9ac5f278-7103-4c7e-a7ee-f10c33ef27f3,Symo Advanced 24.0-3 480 (2),24.0,parsed_from_inverter_name,37.47,month,devwork
2025-04-03,f9342ead-59a2-4c58-b54c-0ae4ab16c9da,Penner Farms - W 1/2 4-9-13 (site 4),fb5c3a62-e511-4a4a-8833-ae0501629275,Symo  24.0-3 480 (1),24.0,parsed_from_inverter_name,136.82,month,devwork
2025-04-03,f9342ead-59a2-4c58-b54c-0ae4ab16c9da,Penner Farms - W 1/2 4-9-13 (site 4),9ac5f278-7103-4c7e-a7ee-f10c33ef27f3,Symo Advanced 24.0-3 480 (2),24.0,parsed_from_inverter_name,140.39,month,devwork
2025-04-04,f9342ead-59a2-4c58-b54c-0ae4ab16c9da,Penner Farms - W 1/2 4-9-13 (site 4),fb5c3a62-e511-4a4a-8833-ae0501629275,Symo  24.0-3 480 (1),24.0,parsed_from_inverter_name,206.18,month,devwork
2025-04-04,f9342ead-59a2-4c58-b54c-0ae4ab16c9da,Penner Farms - W 1/2 4-9-13 (site 4),9ac5f278-7103-4c7e-a7ee-f10c33ef27f3,Symo Advanced 24.0-3 480 (2),24.0,parsed_from_inverter_name,203.82,month,devwork
2025-04-05,f9342ead-59a2-4c58-b54c-0ae4ab16c9da,Penner Farms - W 1/2 4-9-13 (site 4),fb5c3a62-e511-4a4a-8833-ae0501629275,Symo  24.0-3 480 (1),24.0,parsed_from_inverter_name,203.67,month,devwork
2025-04-05,f9342ead-59a2-4c58-b54c-0ae4ab16c9da,Penner Farms - W 1/2 4-9-13 (site 4),9ac5f278-7103-4c7e-a7ee-f10c33ef27f3,Symo Advanced 24.0-3 480 (2),24.0,parsed_from_inverter_name,203.33,month,devwork
2025-04-06,f9342ead-59a2-4c58-b54c-0ae4ab16c9da,Penner Farms - W 1/2 4-9-13 (site 4),fb5c3a62-e511-4a4a-8833-ae0501629275,Symo  24.0-3 480 (1),24.0,parsed_from_inverter_name,200.74,month,devwork
2025-04-06,f9342ead-59a2-4c58-b54c-0ae4ab16c9da,Penner Farms - W 1/2 4-9-13 (site 4),9ac5f278-7103-4c7e-a7ee-f10c33ef27f3,Symo Advanced 24.0-3 480 (2),24.0,parsed_from_inverter_name,203.34,month,devwork
2025-04-07,f9342ead-59a2-4c58-b54c-0ae4ab16c9da,Penner Farms - W 1/2 4-9-13 (site 4),fb5c3a62-e511-4a4a-8833-ae0501629275,Symo  24.0-3 480 (1),24.0,parsed_from_inverter_name,134.89,month,devwork
2025-04-07,f9342ead-59a2-4c58-b54c-0ae4ab16c9da,Penner Farms - W 1/2 4-9-13 (site 4),9ac5f278-7103-4c7e-a7ee-f10c33ef27f3,Symo Advanced 24.0-3 480 (2),24.0,parsed_from_inverter_name,132.52,month,devwork
2025-04-08,f9342ead-59a2-4c58-b54c-0ae4ab16c9da,Penner Farms - W 1/2 4-9-13 (site 4),fb5c3a62-e511-4a4a-8833-ae0501629275,Symo  24.0-3 480 (1),24.0,parsed_from_inverter_name,163.26,month,devwork
2025-04-08,f9342ead-59a2-4c58-b54c-0ae4ab16c9da,Penner Farms - W 1/2 4-9-13 (site 4),9ac5f278-7103-4c7e-a7ee-f10c33ef27f3,Symo Advanced 24.0-3 480 (2),24.0,parsed_from_inverter_name,164.35,month,devwork
2025-04-09,f9342ead-59a2-4c58-b54c-0ae4ab16c9da,Penner Farms - W 1/2 4-9-13 (site 4),fb5c3a62-e511-4a4a-8833-ae0501629275,Symo  24.0-3 480 (1),24.0,parsed_from_inverter_name,164.62,month,devwork
2025-04-09,f9342ead-59a2-4c58-b54c-0ae4ab16c9da,Penner Farms - W 1/2 4-9-13 (site 4),9ac5f278-7103-4c7e-a7ee-f10c33ef27f3,Symo Advanced 24.0-3 480 (2),24.0,parsed_from_inverter_name,167.56,month,devwork
2025-04-10,f9342ead-59a2-4c58-b54c-0ae4ab16c9da,Penner Farms - W 1/2 4-9-13 (site 4),fb5c3a62-e511-4a4a-8833-ae0501629275,Symo  24.0-3 480 (1),24.0,parsed_from_inverter_name,173.71,month,devwork
2025-04-10,f9342ead-59a2-4c58-b54c-0ae4ab16c9da,Penner Farms - W 1/2 4-9-13 (site 4),9ac5f278-7103-4c7e-a7ee-f10c33ef27f3,Symo Advanced 24.0-3 480 (2),24.0,parsed_from_inverter_name,175.65,month,devwork
2025-04-11,f9342ead-59a2-4c58-b54c-0ae4ab16c9da,Penner Farms - W 1/2 4-9-13 (site 4),fb5c3a62-e511-4a4a-8833-ae0501629275,Symo  24.0-3 480 (1),24.0,parsed_from_inverter_name,184.51,month,devwork
2025-04-11,f9342ead-59a2-4c58-b54c-0ae4ab16c9da,Penner Farms - W 1/2 4-9-13 (site 4),9ac5f278-7103-4c7e-a7ee-f10c33ef27f3,Symo Advanced 24.0-3 480 (2),24.0,parsed_from_inverter_name,187.93,month,devwork
2025-04-12,f9342ead-59a2-4c58-b54c-0ae4ab16c9da,Penner Farms - W 1/2 4-9-13 (site 4),fb5c3a62-e511-4a4a-8833-ae0501629275,Symo  24.0-3 480 (1),24.0,parsed_from_inverter_name,171.53,month,devwork
2025-04-12,f9342ead-59a2-4c58-b54c-0ae4ab16c9da,Penner Farms - W 1/2 4-9-13 (site 4),9ac5f278-7103-4c7e-a7ee-f10c33ef27f3,Symo Advanced 24.0-3 480 (2),24.0,parsed_from_inverter_name,173.67,month,devwork
2025-04-13,f9342ead-59a2-4c58-b54c-0ae4ab16c9da,Penner Farms - W 1/2 4-9-13 (site 4),fb5c3a62-e511-4a4a-8833-ae0501629275,Symo  24.0-3 480 (1),24.0,parsed_from_inverter_name,132.73,month,devwork
2025-04-13,f9342ead-59a2-4c58-b54c-0ae4ab16c9da,Penner Farms - W 1/2 4-9-13 (site 4),9ac5f278-7103-4c7e-a7ee-f10c33ef27f3,Symo Advanced 24.0-3 480 (2),24.0,parsed_from_inverter_name,136.58,month,devwork
2025-04-14,f9342ead-59a2-4c58-b54c-0ae4ab16c9da,Penner Farms - W 1/2 4-9-13 (site 4),fb5c3a62-e511-4a4a-8833-ae0501629275,Symo  24.0-3 480 (1),24.0,parsed_from_inverter_name,203.49,month,devwork
2025-04-14,f9342ead-59a2-4c58-b54c-0ae4ab16c9da,Penner Farms - W 1/2 4-9-13 (site 4),9ac5f278-7103-4c7e-a7ee-f10c33ef27f3,Symo Advanced 24.0-3 480 (2),24.0,parsed_from_inverter_name,204.77,month,devwork
2025-04-15,f9342ead-59a2-4c58-b54c-0ae4ab16c9da,Penner Farms - W 1/2 4-9-13 (site 4),fb5c3a62-e511-4a4a-8833-ae0501629275,Symo  24.0-3 480 (1),24.0,parsed_from_inverter_name,201.15,month,devwork
2025-04-15,f9342ead-59a2-4c58-b54c-0ae4ab16c9da,Penner Farms - W 1/2 4-9-13 (site 4),9ac5f278-7103-4c7e-a7ee-f10c33ef27f3,Symo Advanced 24.0-3 480 (2),24.0,parsed_from_inverter_name,204.07,month,devwork
2025-04-16,f9342ead-59a2-4c58-b54c-0ae4ab16c9da,Penner Farms - W 1/2 4-9-13 (site 4),fb5c3a62-e511-4a4a-8833-ae0501629275,Symo  24.0-3 480 (1),24.0,parsed_from_inverter_name,68.8,month,devwork
2025-04-16,f9342ead-59a2-4c58-b54c-0ae4ab16c9da,Penner Farms - W 1/2 4-9-13 (site 4),9ac5f278-7103-4c7e-a7ee-f10c33ef27f3,Symo Advanced 24.0-3 480 (2),24.0,parsed_from_inverter_name,69.77,month,devwork
2025-04-17,f9342ead-59a2-4c58-b54c-0ae4ab16c9da,Penner Farms - W 1/2 4-9-13 (site 4),fb5c3a62-e511-4a4a-8833-ae0501629275,Symo  24.0-3 480 (1),24.0,parsed_from_inverter_name,144.12,month,devwork
2025-04-17,f9342ead-59a2-4c58-b54c-0ae4ab16c9da,Penner Farms - W 1/2 4-9-13 (site 4),9ac5f278-7103-4c7e-a7ee-f10c33ef27f3,Symo Advanced 24.0-3 480 (2),24.0,parsed_from_inverter_name,146.26,month,devwork
2025-04-18,f9342ead-59a2-4c58-b54c-0ae4ab16c9da,Penner Farms - W 1/2 4-9-13 (site 4),fb5c3a62-e511-4a4a-8833-ae0501629275,Symo  24.0-3 480 (1),24.0,parsed_from_inverter_name,210.94,month,devwork
2025-04-18,f9342ead-59a2-4c58-b54c-0ae4ab16c9da,Penner Farms - W 1/2 4-9-13 (site 4),9ac5f278-7103-4c7e-a7ee-f10c33ef27f3,Symo Advanced 24.0-3 480 (2),24.0,parsed_from_inverter_name,210.43,month,devwork
2025-04-19,f9342ead-59a2-4c58-b54c-0ae4ab16c9da,Penner Farms - W 1/2 4-9-13 (site 4),fb5c3a62-e511-4a4a-8833-ae0501629275,Symo  24.0-3 480 (1),24.0,parsed_from_inverter_name,113.27,month,devwork
2025-04-19,f9342ead-59a2-4c58-b54c-0ae4ab16c9da,Penner Farms - W 1/2 4-9-13 (site 4),9ac5f278-7103-4c7e-a7ee-f10c33ef27f3,Symo Advanced 24.0-3 480 (2),24.0,parsed_from_inverter_name,115.1,month,devwork
2025-04-20,f9342ead-59a2-4c58-b54c-0ae4ab16c9da,Penner Farms - W 1/2 4-9-13 (site 4),fb5c3a62-e511-4a4a-8833-ae0501629275,Symo  24.0-3 480 (1),24.0,parsed_from_inverter_name,59.54,month,devwork
2025-04-20,f9342ead-59a2-4c58-b54c-0ae4ab16c9da,Penner Farms - W 1/2 4-9-13 (site 4),9ac5f278-7103-4c7e-a7ee-f10c33ef27f3,Symo Advanced 24.0-3 480 (2),24.0,parsed_from_inverter_name,55.72,month,devwork
2025-04-21,f9342ead-59a2-4c58-b54c-0ae4ab16c9da,Penner Farms - W 1/2 4-9-13 (site 4),fb5c3a62-e511-4a4a-8833-ae0501629275,Symo  24.0-3 480 (1),24.0,parsed_from_inverter_name,70.36,month,devwork
2025-04-21,f9342ead-59a2-4c58-b54c-0ae4ab16c9da,Penner Farms - W 1/2 4-9-13 (site 4),9ac5f278-7103-4c7e-a7ee-f10c33ef27f3,Symo Advanced 24.0-3 480 (2),24.0,parsed_from_inverter_name,71.03,month,devwork
2025-04-22,f9342ead-59a2-4c58-b54c-0ae4ab16c9da,Penner Farms - W 1/2 4-9-13 (site 4),fb5c3a62-e511-4a4a-8833-ae0501629275,Symo  24.0-3 480 (1),24.0,parsed_from_inverter_name,112.84,month,devwork
2025-04-22,f9342ead-59a2-4c58-b54c-0ae4ab16c9da,Penner Farms - W 1/2 4-9-13 (site 4),9ac5f278-7103-4c7e-a7ee-f10c33ef27f3,Symo Advanced 24.0-3 480 (2),24.0,parsed_from_inverter_name,113.14,month,devwork
2025-04-23,f9342ead-59a2-4c58-b54c-0ae4ab16c9da,Penner Farms - W 1/2 4-9-13 (site 4),fb5c3a62-e511-4a4a-8833-ae0501629275,Symo  24.0-3 480 (1),24.0,parsed_from_inverter_name,155.4,month,devwork
2025-04-23,f9342ead-59a2-4c58-b54c-0ae4ab16c9da,Penner Farms - W 1/2 4-9-13 (site 4),9ac5f278-7103-4c7e-a7ee-f10c33ef27f3,Symo Advanced 24.0-3 480 (2),24.0,parsed_from_inverter_name,158.15,month,devwork
2025-04-24,f9342ead-59a2-4c58-b54c-0ae4ab16c9da,Penner Farms - W 1/2 4-9-13 (site 4),fb5c3a62-e511-4a4a-8833-ae0501629275,Symo  24.0-3 480 (1),24.0,parsed_from_inverter_name,202.23,month,devwork
2025-04-24,f9342ead-59a2-4c58-b54c-0ae4ab16c9da,Penner Farms - W 1/2 4-9-13 (site 4),9ac5f278-7103-4c7e-a7ee-f10c33ef27f3,Symo Advanced 24.0-3 480 (2),24.0,parsed_from_inverter_name,205.03,month,devwork
2025-04-25,f9342ead-59a2-4c58-b54c-0ae4ab16c9da,Penner Farms - W 1/2 4-9-13 (site 4),fb5c3a62-e511-4a4a-8833-ae0501629275,Symo  24.0-3 480 (1),24.0,parsed_from_inverter_name,213.53,month,devwork
2025-04-25,f9342ead-59a2-4c58-b54c-0ae4ab16c9da,Penner Farms - W 1/2 4-9-13 (site 4),9ac5f278-7103-4c7e-a7ee-f10c33ef27f3,Symo Advanced 24.0-3 480 (2),24.0,parsed_from_inverter_name,214.48,month,devwork
2025-04-26,f9342ead-59a2-4c58-b54c-0ae4ab16c9da,Penner Farms - W 1/2 4-9-13 (site 4),fb5c3a62-e511-4a4a-8833-ae0501629275,Symo  24.0-3 480 (1),24.0,parsed_from_inverter_name,208.75,month,devwork
2025-04-26,f9342ead-59a2-4c58-b54c-0ae4ab16c9da,Penner Farms - W 1/2 4-9-13 (site 4),9ac5f278-7103-4c7e-a7ee-f10c33ef27f3,Symo Advanced 24.0-3 480 (2),24.0,parsed_from_inverter_name,209.59,month,devwork
2025-04-27,f9342ead-59a2-4c58-b54c-0ae4ab16c9da,Penner Farms - W 1/2 4-9-13 (site 4),fb5c3a62-e511-4a4a-8833-ae0501629275,Symo  24.0-3 480 (1),24.0,parsed_from_inverter_name,212.66,month,devwork
2025-04-27,f9342ead-59a2-4c58-b54c-0ae4ab16c9da,Penner Farms - W 1/2 4-9-13 (site 4),9ac5f278-7103-4c7e-a7ee-f10c33ef27f3,Symo Advanced 24.0-3 480 (2),24.0,parsed_from_inverter_name,215.34,month,devwork
2025-04-28,f9342ead-59a2-4c58-b54c-0ae4ab16c9da,Penner Farms - W 1/2 4-9-13 (site 4),fb5c3a62-e511-4a4a-8833-ae0501629275,Symo  24.0-3 480 (1),24.0,parsed_from_inverter_name,203.87,month,devwork
2025-04-28,f9342ead-59a2-4c58-b54c-0ae4ab16c9da,Penner Farms - W 1/2 4-9-13 (site 4),9ac5f278-7103-4c7e-a7ee-f10c33ef27f3,Symo Advanced 24.0-3 480 (2),24.0,parsed_from_inverter_name,205.88,month,devwork
2025-04-29,f9342ead-59a2-4c58-b54c-0ae4ab16c9da,Penner Farms - W 1/2 4-9-13 (site 4),fb5c3a62-e511-4a4a-8833-ae0501629275,Symo  24.0-3 480 (1),24.0,parsed_from_inverter_name,135.61,month,devwork
2025-04-29,f9342ead-59a2-4c58-b54c-0ae4ab16c9da,Penner Farms - W 1/2 4-9-13 (site 4),9ac5f278-7103-4c7e-a7ee-f10c33ef27f3,Symo Advanced 24.0-3 480 (2),24.0,parsed_from_inverter_name,138.17,month,devwork
2025-07-29,f9342ead-59a2-4c58-b54c-0ae4ab16c9da,Penner Farms - W 1/2 4-9-13 (site 4),fb5c3a62-e511-4a4a-8833-ae0501629275,Symo  24.0-3 480 (1),24.0,parsed_from_inverter_name,160.06,month,devwork
2025-07-29,f9342ead-59a2-4c58-b54c-0ae4ab16c9da,Penner Farms - W 1/2 4-9-13 (site 4),9ac5f278-7103-4c7e-a7ee-f10c33ef27f3,Symo Advanced 24.0-3 480 (2),24.0,parsed_from_inverter_name,162.9,month,devwork
2025-07-30,f9342ead-59a2-4c58-b54c-0ae4ab16c9da,Penner Farms - W 1/2 4-9-13 (site 4),fb5c3a62-e511-4a4a-8833-ae0501629275,Symo  24.0-3 480 (1),24.0,parsed_from_inverter_name,200.23,month,devwork
2025-07-30,f9342ead-59a2-4c58-b54c-0ae4ab16c9da,Penner Farms - W 1/2 4-9-13 (site 4),9ac5f278-7103-4c7e-a7ee-f10c33ef27f3,Symo Advanced 24.0-3 480 (2),24.0,parsed_from_inverter_name,203.8,month,devwork
2025-07-31,f9342ead-59a2-4c58-b54c-0ae4ab16c9da,Penner Farms - W 1/2 4-9-13 (site 4),fb5c3a62-e511-4a4a-8833-ae0501629275,Symo  24.0-3 480 (1),24.0,parsed_from_inverter_name,197.72,month,devwork
2025-07-31,f9342ead-59a2-4c58-b54c-0ae4ab16c9da,Penner Farms - W 1/2 4-9-13 (site 4),9ac5f278-7103-4c7e-a7ee-f10c33ef27f3,Symo Advanced 24.0-3 480 (2),24.0,parsed_from_inverter_name,201.58,month,devwork
2025-08-01,f9342ead-59a2-4c58-b54c-0ae4ab16c9da,Penner Farms - W 1/2 4-9-13 (site 4),fb5c3a62-e511-4a4a-8833-ae0501629275,Symo  24.0-3 480 (1),24.0,parsed_from_inverter_name,161.48,month,devwork
2025-08-01,f9342ead-59a2-4c58-b54c-0ae4ab16c9da,Penner Farms - W 1/2 4-9-13 (site 4),9ac5f278-7103-4c7e-a7ee-f10c33ef27f3,Symo Advanced 24.0-3 480 (2),24.0,parsed_from_inverter_name,163.57,month,devwork
2025-08-02,f9342ead-59a2-4c58-b54c-0ae4ab16c9da,Penner Farms - W 1/2 4-9-13 (site 4),fb5c3a62-e511-4a4a-8833-ae0501629275,Symo  24.0-3 480 (1),24.0,parsed_from_inverter_name,106.08,month,devwork
2025-08-02,f9342ead-59a2-4c58-b54c-0ae4ab16c9da,Penner Farms - W 1/2 4-9-13 (site 4),9ac5f278-7103-4c7e-a7ee-f10c33ef27f3,Symo Advanced 24.0-3 480 (2),24.0,parsed_from_inverter_name,106.01,month,devwork
2025-08-03,f9342ead-59a2-4c58-b54c-0ae4ab16c9da,Penner Farms - W 1/2 4-9-13 (site 4),fb5c3a62-e511-4a4a-8833-ae0501629275,Symo  24.0-3 480 (1),24.0,parsed_from_inverter_name,105.0,month,devwork
2025-08-03,f9342ead-59a2-4c58-b54c-0ae4ab16c9da,Penner Farms - W 1/2 4-9-13 (site 4),9ac5f278-7103-4c7e-a7ee-f10c33ef27f3,Symo Advanced 24.0-3 480 (2),24.0,parsed_from_inverter_name,105.16,month,devwork
2025-08-04,f9342ead-59a2-4c58-b54c-0ae4ab16c9da,Penner Farms - W 1/2 4-9-13 (site 4),fb5c3a62-e511-4a4a-8833-ae0501629275,Symo  24.0-3 480 (1),24.0,parsed_from_inverter_name,124.28,month,devwork
2025-08-04,f9342ead-59a2-4c58-b54c-0ae4ab16c9da,Penner Farms - W 1/2 4-9-13 (site 4),9ac5f278-7103-4c7e-a7ee-f10c33ef27f3,Symo Advanced 24.0-3 480 (2),24.0,parsed_from_inverter_name,124.7,month,devwork
2025-08-05,f9342ead-59a2-4c58-b54c-0ae4ab16c9da,Penner Farms - W 1/2 4-9-13 (site 4),fb5c3a62-e511-4a4a-8833-ae0501629275,Symo  24.0-3 480 (1),24.0,parsed_from_inverter_name,133.78,month,devwork
2025-08-05,f9342ead-59a2-4c58-b54c-0ae4ab16c9da,Penner Farms - W 1/2 4-9-13 (site 4),9ac5f278-7103-4c7e-a7ee-f10c33ef27f3,Symo Advanced 24.0-3 480 (2),24.0,parsed_from_inverter_name,135.47,month,devwork
2025-08-06,f9342ead-59a2-4c58-b54c-0ae4ab16c9da,Penner Farms - W 1/2 4-9-13 (site 4),fb5c3a62-e511-4a4a-8833-ae0501629275,Symo  24.0-3 480 (1),24.0,parsed_from_inverter_name,169.01,month,devwork
2025-08-06,f9342ead-59a2-4c58-b54c-0ae4ab16c9da,Penner Farms - W 1/2 4-9-13 (site 4),9ac5f278-7103-4c7e-a7ee-f10c33ef27f3,Symo Advanced 24.0-3 480 (2),24.0,parsed_from_inverter_name,171.46,month,devwork
2025-08-07,f9342ead-59a2-4c58-b54c-0ae4ab16c9da,Penner Farms - W 1/2 4-9-13 (site 4),fb5c3a62-e511-4a4a-8833-ae0501629275,Symo  24.0-3 480 (1),24.0,parsed_from_inverter_name,155.1,month,devwork
2025-08-07,f9342ead-59a2-4c58-b54c-0ae4ab16c9da,Penner Farms - W 1/2 4-9-13 (site 4),9ac5f278-7103-4c7e-a7ee-f10c33ef27f3,Symo Advanced 24.0-3 480 (2),24.0,parsed_from_inverter_name,158.93,month,devwork
2025-08-08,f9342ead-59a2-4c58-b54c-0ae4ab16c9da,Penner Farms - W 1/2 4-9-13 (site 4),fb5c3a62-e511-4a4a-8833-ae0501629275,Symo  24.0-3 480 (1),24.0,parsed_from_inverter_name,46.56,month,devwork
2025-08-08,f9342ead-59a2-4c58-b54c-0ae4ab16c9da,Penner Farms - W 1/2 4-9-13 (site 4),9ac5f278-7103-4c7e-a7ee-f10c33ef27f3,Symo Advanced 24.0-3 480 (2),24.0,parsed_from_inverter_name,39.6,month,devwork
2025-08-09,f9342ead-59a2-4c58-b54c-0ae4ab16c9da,Penner Farms - W 1/2 4-9-13 (site 4),fb5c3a62-e511-4a4a-8833-ae0501629275,Symo  24.0-3 480 (1),24.0,parsed_from_inverter_name,145.54,month,devwork
2025-08-09,f9342ead-59a2-4c58-b54c-0ae4ab16c9da,Penner Farms - W 1/2 4-9-13 (site 4),9ac5f278-7103-4c7e-a7ee-f10c33ef27f3,Symo Advanced 24.0-3 480 (2),24.0,parsed_from_inverter_name,147.66,month,devwork
2025-08-10,f9342ead-59a2-4c58-b54c-0ae4ab16c9da,Penner Farms - W 1/2 4-9-13 (site 4),fb5c3a62-e511-4a4a-8833-ae0501629275,Symo  24.0-3 480 (1),24.0,parsed_from_inverter_name,197.64,month,devwork
2025-08-10,f9342ead-59a2-4c58-b54c-0ae4ab16c9da,Penner Farms - W 1/2 4-9-13 (site 4),9ac5f278-7103-4c7e-a7ee-f10c33ef27f3,Symo Advanced 24.0-3 480 (2),24.0,parsed_from_inverter_name,201.18,month,devwork
2025-08-18,f9342ead-59a2-4c58-b54c-0ae4ab16c9da,Penner Farms - W 1/2 4-9-13 (site 4),fb5c3a62-e511-4a4a-8833-ae0501629275,Symo  24.0-3 480 (1),24.0,parsed_from_inverter_name,0.02,month,devwork
2025-08-18,f9342ead-59a2-4c58-b54c-0ae4ab16c9da,Penner Farms - W 1/2 4-9-13 (site 4),9ac5f278-7103-4c7e-a7ee-f10c33ef27f3,Symo Advanced 24.0-3 480 (2),24.0,parsed_from_inverter_name,0.02,month,devwork
2025-08-19,f9342ead-59a2-4c58-b54c-0ae4ab16c9da,Penner Farms - W 1/2 4-9-13 (site 4),fb5c3a62-e511-4a4a-8833-ae0501629275,Symo  24.0-3 480 (1),24.0,parsed_from_inverter_name,190.44,month,devwork
2025-08-19,f9342ead-59a2-4c58-b54c-0ae4ab16c9da,Penner Farms - W 1/2 4-9-13 (site 4),9ac5f278-7103-4c7e-a7ee-f10c33ef27f3,Symo Advanced 24.0-3 480 (2),24.0,parsed_from_inverter_name,192.73,month,devwork
2025-08-28,f9342ead-59a2-4c58-b54c-0ae4ab16c9da,Penner Farms - W 1/2 4-9-13 (site 4),fb5c3a62-e511-4a4a-8833-ae0501629275,Symo  24.0-3 480 (1),24.0,parsed_from_inverter_name,1.14,month,devwork
2025-08-28,f9342ead-59a2-4c58-b54c-0ae4ab16c9da,Penner Farms - W 1/2 4-9-13 (site 4),9ac5f278-7103-4c7e-a7ee-f10c33ef27f3,Symo Advanced 24.0-3 480 (2),24.0,parsed_from_inverter_name,1.19,month,devwork
2025-08-29,f9342ead-59a2-4c58-b54c-0ae4ab16c9da,Penner Farms - W 1/2 4-9-13 (site 4),fb5c3a62-e511-4a4a-8833-ae0501629275,Symo  24.0-3 480 (1),24.0,parsed_from_inverter_name,125.6,month,devwork
2025-08-29,f9342ead-59a2-4c58-b54c-0ae4ab16c9da,Penner Farms - W 1/2 4-9-13 (site 4),9ac5f278-7103-4c7e-a7ee-f10c33ef27f3,Symo Advanced 24.0-3 480 (2),24.0,parsed_from_inverter_name,128.59,month,devwork
2025-08-30,f9342ead-59a2-4c58-b54c-0ae4ab16c9da,Penner Farms - W 1/2 4-9-13 (site 4),fb5c3a62-e511-4a4a-8833-ae0501629275,Symo  24.0-3 480 (1),24.0,parsed_from_inverter_name,188.22,month,devwork
2025-08-30,f9342ead-59a2-4c58-b54c-0ae4ab16c9da,Penner Farms - W 1/2 4-9-13 (site 4),9ac5f278-7103-4c7e-a7ee-f10c33ef27f3,Symo Advanced 24.0-3 480 (2),24.0,parsed_from_inverter_name,189.51,month,devwork
2025-08-31,f9342ead-59a2-4c58-b54c-0ae4ab16c9da,Penner Farms - W 1/2 4-9-13 (site 4),fb5c3a62-e511-4a4a-8833-ae0501629275,Symo  24.0-3 480 (1),24.0,parsed_from_inverter_name,183.95,month,devwork
2025-08-31,f9342ead-59a2-4c58-b54c-0ae4ab16c9da,Penner Farms - W 1/2 4-9-13 (site 4),9ac5f278-7103-4c7e-a7ee-f10c33ef27f3,Symo Advanced 24.0-3 480 (2),24.0,parsed_from_inverter_name,187.11,month,devwork
2025-09-01,f9342ead-59a2-4c58-b54c-0ae4ab16c9da,Penner Farms - W 1/2 4-9-13 (site 4),fb5c3a62-e511-4a4a-8833-ae0501629275,Symo  24.0-3 480 (1),24.0,parsed_from_inverter_name,175.51,month,devwork
2025-09-01,f9342ead-59a2-4c58-b54c-0ae4ab16c9da,Penner Farms - W 1/2 4-9-13 (site 4),9ac5f278-7103-4c7e-a7ee-f10c33ef27f3,Symo Advanced 24.0-3 480 (2),24.0,parsed_from_inverter_name,177.77,month,devwork
2025-09-02,f9342ead-59a2-4c58-b54c-0ae4ab16c9da,Penner Farms - W 1/2 4-9-13 (site 4),fb5c3a62-e511-4a4a-8833-ae0501629275,Symo  24.0-3 480 (1),24.0,parsed_from_inverter_name,152.01,month,devwork
2025-09-02,f9342ead-59a2-4c58-b54c-0ae4ab16c9da,Penner Farms - W 1/2 4-9-13 (site 4),9ac5f278-7103-4c7e-a7ee-f10c33ef27f3,Symo Advanced 24.0-3 480 (2),24.0,parsed_from_inverter_name,154.47,month,devwork
2025-09-03,f9342ead-59a2-4c58-b54c-0ae4ab16c9da,Penner Farms - W 1/2 4-9-13 (site 4),fb5c3a62-e511-4a4a-8833-ae0501629275,Symo  24.0-3 480 (1),24.0,parsed_from_inverter_name,92.9,month,devwork
2025-09-03,f9342ead-59a2-4c58-b54c-0ae4ab16c9da,Penner Farms - W 1/2 4-9-13 (site 4),9ac5f278-7103-4c7e-a7ee-f10c33ef27f3,Symo Advanced 24.0-3 480 (2),24.0,parsed_from_inverter_name,91.42,month,devwork
2025-09-04,f9342ead-59a2-4c58-b54c-0ae4ab16c9da,Penner Farms - W 1/2 4-9-13 (site 4),fb5c3a62-e511-4a4a-8833-ae0501629275,Symo  24.0-3 480 (1),24.0,parsed_from_inverter_name,161.18,month,devwork
2025-09-04,f9342ead-59a2-4c58-b54c-0ae4ab16c9da,Penner Farms - W 1/2 4-9-13 (site 4),9ac5f278-7103-4c7e-a7ee-f10c33ef27f3,Symo Advanced 24.0-3 480 (2),24.0,parsed_from_inverter_name,158.93,month,devwork
2025-09-05,f9342ead-59a2-4c58-b54c-0ae4ab16c9da,Penner Farms - W 1/2 4-9-13 (site 4),fb5c3a62-e511-4a4a-8833-ae0501629275,Symo  24.0-3 480 (1),24.0,parsed_from_inverter_name,190.67,month,devwork
2025-09-05,f9342ead-59a2-4c58-b54c-0ae4ab16c9da,Penner Farms - W 1/2 4-9-13 (site 4),9ac5f278-7103-4c7e-a7ee-f10c33ef27f3,Symo Advanced 24.0-3 480 (2),24.0,parsed_from_inverter_name,191.64,month,devwork
2025-09-06,f9342ead-59a2-4c58-b54c-0ae4ab16c9da,Penner Farms - W 1/2 4-9-13 (site 4),fb5c3a62-e511-4a4a-8833-ae0501629275,Symo  24.0-3 480 (1),24.0,parsed_from_inverter_name,177.91,month,devwork
2025-09-06,f9342ead-59a2-4c58-b54c-0ae4ab16c9da,Penner Farms - W 1/2 4-9-13 (site 4),9ac5f278-7103-4c7e-a7ee-f10c33ef27f3,Symo Advanced 24.0-3 480 (2),24.0,parsed_from_inverter_name,180.62,month,devwork
2025-09-07,f9342ead-59a2-4c58-b54c-0ae4ab16c9da,Penner Farms - W 1/2 4-9-13 (site 4),fb5c3a62-e511-4a4a-8833-ae0501629275,Symo  24.0-3 480 (1),24.0,parsed_from_inverter_name,129.77,month,devwork
2025-09-07,f9342ead-59a2-4c58-b54c-0ae4ab16c9da,Penner Farms - W 1/2 4-9-13 (site 4),9ac5f278-7103-4c7e-a7ee-f10c33ef27f3,Symo Advanced 24.0-3 480 (2),24.0,parsed_from_inverter_name,131.25,month,devwork
2025-09-08,f9342ead-59a2-4c58-b54c-0ae4ab16c9da,Penner Farms - W 1/2 4-9-13 (site 4),fb5c3a62-e511-4a4a-8833-ae0501629275,Symo  24.0-3 480 (1),24.0,parsed_from_inverter_name,69.71,month,devwork
2025-09-08,f9342ead-59a2-4c58-b54c-0ae4ab16c9da,Penner Farms - W 1/2 4-9-13 (site 4),9ac5f278-7103-4c7e-a7ee-f10c33ef27f3,Symo Advanced 24.0-3 480 (2),24.0,parsed_from_inverter_name,70.79,month,devwork
2025-09-09,f9342ead-59a2-4c58-b54c-0ae4ab16c9da,Penner Farms - W 1/2 4-9-13 (site 4),fb5c3a62-e511-4a4a-8833-ae0501629275,Symo  24.0-3 480 (1),24.0,parsed_from_inverter_name,167.84,month,devwork
2025-09-09,f9342ead-59a2-4c58-b54c-0ae4ab16c9da,Penner Farms - W 1/2 4-9-13 (site 4),9ac5f278-7103-4c7e-a7ee-f10c33ef27f3,Symo Advanced 24.0-3 480 (2),24.0,parsed_from_inverter_name,169.66,month,devwork
2025-09-10,f9342ead-59a2-4c58-b54c-0ae4ab16c9da,Penner Farms - W 1/2 4-9-13 (site 4),fb5c3a62-e511-4a4a-8833-ae0501629275,Symo  24.0-3 480 (1),24.0,parsed_from_inverter_name,22.28,month,devwork
2025-09-10,f9342ead-59a2-4c58-b54c-0ae4ab16c9da,Penner Farms - W 1/2 4-9-13 (site 4),9ac5f278-7103-4c7e-a7ee-f10c33ef27f3,Symo Advanced 24.0-3 480 (2),24.0,parsed_from_inverter_name,20.56,month,devwork
2025-09-12,f9342ead-59a2-4c58-b54c-0ae4ab16c9da,Penner Farms - W 1/2 4-9-13 (site 4),fb5c3a62-e511-4a4a-8833-ae0501629275,Symo  24.0-3 480 (1),24.0,parsed_from_inverter_name,140.63,month,devwork
2025-09-12,f9342ead-59a2-4c58-b54c-0ae4ab16c9da,Penner Farms - W 1/2 4-9-13 (site 4),9ac5f278-7103-4c7e-a7ee-f10c33ef27f3,Symo Advanced 24.0-3 480 (2),24.0,parsed_from_inverter_name,141.25,month,devwork
2025-09-13,f9342ead-59a2-4c58-b54c-0ae4ab16c9da,Penner Farms - W 1/2 4-9-13 (site 4),fb5c3a62-e511-4a4a-8833-ae0501629275,Symo  24.0-3 480 (1),24.0,parsed_from_inverter_name,174.01,month,devwork
2025-09-13,f9342ead-59a2-4c58-b54c-0ae4ab16c9da,Penner Farms - W 1/2 4-9-13 (site 4),9ac5f278-7103-4c7e-a7ee-f10c33ef27f3,Symo Advanced 24.0-3 480 (2),24.0,parsed_from_inverter_name,175.92,month,devwork
2025-09-14,f9342ead-59a2-4c58-b54c-0ae4ab16c9da,Penner Farms - W 1/2 4-9-13 (site 4),fb5c3a62-e511-4a4a-8833-ae0501629275,Symo  24.0-3 480 (1),24.0,parsed_from_inverter_name,138.24,month,devwork
2025-09-14,f9342ead-59a2-4c58-b54c-0ae4ab16c9da,Penner Farms - W 1/2 4-9-13 (site 4),9ac5f278-7103-4c7e-a7ee-f10c33ef27f3,Symo Advanced 24.0-3 480 (2),24.0,parsed_from_inverter_name,138.75,month,devwork
2025-09-15,f9342ead-59a2-4c58-b54c-0ae4ab16c9da,Penner Farms - W 1/2 4-9-13 (site 4),fb5c3a62-e511-4a4a-8833-ae0501629275,Symo  24.0-3 480 (1),24.0,parsed_from_inverter_name,125.1,month,devwork
2025-09-15,f9342ead-59a2-4c58-b54c-0ae4ab16c9da,Penner Farms - W 1/2 4-9-13 (site 4),9ac5f278-7103-4c7e-a7ee-f10c33ef27f3,Symo Advanced 24.0-3 480 (2),24.0,parsed_from_inverter_name,128.77,month,devwork
2025-09-16,f9342ead-59a2-4c58-b54c-0ae4ab16c9da,Penner Farms - W 1/2 4-9-13 (site 4),fb5c3a62-e511-4a4a-8833-ae0501629275,Symo  24.0-3 480 (1),24.0,parsed_from_inverter_name,179.49,month,devwork
2025-09-16,f9342ead-59a2-4c58-b54c-0ae4ab16c9da,Penner Farms - W 1/2 4-9-13 (site 4),9ac5f278-7103-4c7e-a7ee-f10c33ef27f3,Symo Advanced 24.0-3 480 (2),24.0,parsed_from_inverter_name,182.58,month,devwork
2025-09-19,f9342ead-59a2-4c58-b54c-0ae4ab16c9da,Penner Farms - W 1/2 4-9-13 (site 4),fb5c3a62-e511-4a4a-8833-ae0501629275,Symo  24.0-3 480 (1),24.0,parsed_from_inverter_name,0.34,month,devwork
2025-09-19,f9342ead-59a2-4c58-b54c-0ae4ab16c9da,Penner Farms - W 1/2 4-9-13 (site 4),9ac5f278-7103-4c7e-a7ee-f10c33ef27f3,Symo Advanced 24.0-3 480 (2),24.0,parsed_from_inverter_name,0.36,month,devwork
2025-09-20,f9342ead-59a2-4c58-b54c-0ae4ab16c9da,Penner Farms - W 1/2 4-9-13 (site 4),fb5c3a62-e511-4a4a-8833-ae0501629275,Symo  24.0-3 480 (1),24.0,parsed_from_inverter_name,174.69,month,devwork
2025-09-20,f9342ead-59a2-4c58-b54c-0ae4ab16c9da,Penner Farms - W 1/2 4-9-13 (site 4),9ac5f278-7103-4c7e-a7ee-f10c33ef27f3,Symo Advanced 24.0-3 480 (2),24.0,parsed_from_inverter_name,177.93,month,devwork
2025-09-21,f9342ead-59a2-4c58-b54c-0ae4ab16c9da,Penner Farms - W 1/2 4-9-13 (site 4),fb5c3a62-e511-4a4a-8833-ae0501629275,Symo  24.0-3 480 (1),24.0,parsed_from_inverter_name,152.22,month,devwork
2025-09-21,f9342ead-59a2-4c58-b54c-0ae4ab16c9da,Penner Farms - W 1/2 4-9-13 (site 4),9ac5f278-7103-4c7e-a7ee-f10c33ef27f3,Symo Advanced 24.0-3 480 (2),24.0,parsed_from_inverter_name,154.91,month,devwork
2025-09-22,f9342ead-59a2-4c58-b54c-0ae4ab16c9da,Penner Farms - W 1/2 4-9-13 (site 4),fb5c3a62-e511-4a4a-8833-ae0501629275,Symo  24.0-3 480 (1),24.0,parsed_from_inverter_name,178.91,month,devwork
2025-09-22,f9342ead-59a2-4c58-b54c-0ae4ab16c9da,Penner Farms - W 1/2 4-9-13 (site 4),9ac5f278-7103-4c7e-a7ee-f10c33ef27f3,Symo Advanced 24.0-3 480 (2),24.0,parsed_from_inverter_name,182.24,month,devwork
2025-09-23,f9342ead-59a2-4c58-b54c-0ae4ab16c9da,Penner Farms - W 1/2 4-9-13 (site 4),fb5c3a62-e511-4a4a-8833-ae0501629275,Symo  24.0-3 480 (1),24.0,parsed_from_inverter_name,176.54,month,devwork
2025-09-23,f9342ead-59a2-4c58-b54c-0ae4ab16c9da,Penner Farms - W 1/2 4-9-13 (site 4),9ac5f278-7103-4c7e-a7ee-f10c33ef27f3,Symo Advanced 24.0-3 480 (2),24.0,parsed_from_inverter_name,178.08,month,devwork
2025-09-24,f9342ead-59a2-4c58-b54c-0ae4ab16c9da,Penner Farms - W 1/2 4-9-13 (site 4),fb5c3a62-e511-4a4a-8833-ae0501629275,Symo  24.0-3 480 (1),24.0,parsed_from_inverter_name,179.79,month,devwork
2025-09-24,f9342ead-59a2-4c58-b54c-0ae4ab16c9da,Penner Farms - W 1/2 4-9-13 (site 4),9ac5f278-7103-4c7e-a7ee-f10c33ef27f3,Symo Advanced 24.0-3 480 (2),24.0,parsed_from_inverter_name,181.14,month,devwork
2025-09-25,f9342ead-59a2-4c58-b54c-0ae4ab16c9da,Penner Farms - W 1/2 4-9-13 (site 4),fb5c3a62-e511-4a4a-8833-ae0501629275,Symo  24.0-3 480 (1),24.0,parsed_from_inverter_name,175.8,month,devwork
2025-09-25,f9342ead-59a2-4c58-b54c-0ae4ab16c9da,Penner Farms - W 1/2 4-9-13 (site 4),9ac5f278-7103-4c7e-a7ee-f10c33ef27f3,Symo Advanced 24.0-3 480 (2),24.0,parsed_from_inverter_name,174.85,month,devwork
2025-09-26,f9342ead-59a2-4c58-b54c-0ae4ab16c9da,Penner Farms - W 1/2 4-9-13 (site 4),fb5c3a62-e511-4a4a-8833-ae0501629275,Symo  24.0-3 480 (1),24.0,parsed_from_inverter_name,173.33,month,devwork
2025-09-26,f9342ead-59a2-4c58-b54c-0ae4ab16c9da,Penner Farms - W 1/2 4-9-13 (site 4),9ac5f278-7103-4c7e-a7ee-f10c33ef27f3,Symo Advanced 24.0-3 480 (2),24.0,parsed_from_inverter_name,176.24,month,devwork
2025-09-27,f9342ead-59a2-4c58-b54c-0ae4ab16c9da,Penner Farms - W 1/2 4-9-13 (site 4),fb5c3a62-e511-4a4a-8833-ae0501629275,Symo  24.0-3 480 (1),24.0,parsed_from_inverter_name,66.07,month,devwork
2025-09-27,f9342ead-59a2-4c58-b54c-0ae4ab16c9da,Penner Farms - W 1/2 4-9-13 (site 4),9ac5f278-7103-4c7e-a7ee-f10c33ef27f3,Symo Advanced 24.0-3 480 (2),24.0,parsed_from_inverter_name,68.24,month,devwork
2025-09-28,f9342ead-59a2-4c58-b54c-0ae4ab16c9da,Penner Farms - W 1/2 4-9-13 (site 4),fb5c3a62-e511-4a4a-8833-ae0501629275,Symo  24.0-3 480 (1),24.0,parsed_from_inverter_name,144.87,month,devwork
2025-09-28,f9342ead-59a2-4c58-b54c-0ae4ab16c9da,Penner Farms - W 1/2 4-9-13 (site 4),9ac5f278-7103-4c7e-a7ee-f10c33ef27f3,Symo Advanced 24.0-3 480 (2),24.0,parsed_from_inverter_name,144.31,month,devwork
2025-09-29,f9342ead-59a2-4c58-b54c-0ae4ab16c9da,Penner Farms - W 1/2 4-9-13 (site 4),fb5c3a62-e511-4a4a-8833-ae0501629275,Symo  24.0-3 480 (1),24.0,parsed_from_inverter_name,163.28,month,devwork
2025-09-29,f9342ead-59a2-4c58-b54c-0ae4ab16c9da,Penner Farms - W 1/2 4-9-13 (site 4),9ac5f278-7103-4c7e-a7ee-f10c33ef27f3,Symo Advanced 24.0-3 480 (2),24.0,parsed_from_inverter_name,165.22,month,devwork
2025-09-30,f9342ead-59a2-4c58-b54c-0ae4ab16c9da,Penner Farms - W 1/2 4-9-13 (site 4),fb5c3a62-e511-4a4a-8833-ae0501629275,Symo  24.0-3 480 (1),24.0,parsed_from_inverter_name,84.17,month,devwork
2025-09-30,f9342ead-59a2-4c58-b54c-0ae4ab16c9da,Penner Farms - W 1/2 4-9-13 (site 4),9ac5f278-7103-4c7e-a7ee-f10c33ef27f3,Symo Advanced 24.0-3 480 (2),24.0,parsed_from_inverter_name,85.88,month,devwork
2025-10-01,f9342ead-59a2-4c58-b54c-0ae4ab16c9da,Penner Farms - W 1/2 4-9-13 (site 4),fb5c3a62-e511-4a4a-8833-ae0501629275,Symo  24.0-3 480 (1),24.0,parsed_from_inverter_name,112.81,month,devwork
2025-10-01,f9342ead-59a2-4c58-b54c-0ae4ab16c9da,Penner Farms - W 1/2 4-9-13 (site 4),9ac5f278-7103-4c7e-a7ee-f10c33ef27f3,Symo Advanced 24.0-3 480 (2),24.0,parsed_from_inverter_name,116.04,month,devwork
2025-10-02,f9342ead-59a2-4c58-b54c-0ae4ab16c9da,Penner Farms - W 1/2 4-9-13 (site 4),fb5c3a62-e511-4a4a-8833-ae0501629275,Symo  24.0-3 480 (1),24.0,parsed_from_inverter_name,102.41,month,devwork
2025-10-02,f9342ead-59a2-4c58-b54c-0ae4ab16c9da,Penner Farms - W 1/2 4-9-13 (site 4),9ac5f278-7103-4c7e-a7ee-f10c33ef27f3,Symo Advanced 24.0-3 480 (2),24.0,parsed_from_inverter_name,104.57,month,devwork
2025-10-03,f9342ead-59a2-4c58-b54c-0ae4ab16c9da,Penner Farms - W 1/2 4-9-13 (site 4),fb5c3a62-e511-4a4a-8833-ae0501629275,Symo  24.0-3 480 (1),24.0,parsed_from_inverter_name,127.68,month,devwork
2025-10-03,f9342ead-59a2-4c58-b54c-0ae4ab16c9da,Penner Farms - W 1/2 4-9-13 (site 4),9ac5f278-7103-4c7e-a7ee-f10c33ef27f3,Symo Advanced 24.0-3 480 (2),24.0,parsed_from_inverter_name,130.68,month,devwork
2025-10-04,f9342ead-59a2-4c58-b54c-0ae4ab16c9da,Penner Farms - W 1/2 4-9-13 (site 4),fb5c3a62-e511-4a4a-8833-ae0501629275,Symo  24.0-3 480 (1),24.0,parsed_from_inverter_name,16.53,month,devwork
2025-10-04,f9342ead-59a2-4c58-b54c-0ae4ab16c9da,Penner Farms - W 1/2 4-9-13 (site 4),9ac5f278-7103-4c7e-a7ee-f10c33ef27f3,Symo Advanced 24.0-3 480 (2),24.0,parsed_from_inverter_name,13.63,month,devwork
2025-10-26,f9342ead-59a2-4c58-b54c-0ae4ab16c9da,Penner Farms - W 1/2 4-9-13 (site 4),fb5c3a62-e511-4a4a-8833-ae0501629275,Symo  24.0-3 480 (1),24.0,parsed_from_inverter_name,141.93,month,devwork
2025-10-26,f9342ead-59a2-4c58-b54c-0ae4ab16c9da,Penner Farms - W 1/2 4-9-13 (site 4),9ac5f278-7103-4c7e-a7ee-f10c33ef27f3,Symo Advanced 24.0-3 480 (2),24.0,parsed_from_inverter_name,144.12,month,devwork
2025-10-27,f9342ead-59a2-4c58-b54c-0ae4ab16c9da,Penner Farms - W 1/2 4-9-13 (site 4),fb5c3a62-e511-4a4a-8833-ae0501629275,Symo  24.0-3 480 (1),24.0,parsed_from_inverter_name,122.57,month,devwork
2025-10-27,f9342ead-59a2-4c58-b54c-0ae4ab16c9da,Penner Farms - W 1/2 4-9-13 (site 4),9ac5f278-7103-4c7e-a7ee-f10c33ef27f3,Symo Advanced 24.0-3 480 (2),24.0,parsed_from_inverter_name,124.31,month,devwork
2025-10-28,f9342ead-59a2-4c58-b54c-0ae4ab16c9da,Penner Farms - W 1/2 4-9-13 (site 4),fb5c3a62-e511-4a4a-8833-ae0501629275,Symo  24.0-3 480 (1),24.0,parsed_from_inverter_name,158.14,month,devwork
2025-10-28,f9342ead-59a2-4c58-b54c-0ae4ab16c9da,Penner Farms - W 1/2 4-9-13 (site 4),9ac5f278-7103-4c7e-a7ee-f10c33ef27f3,Symo Advanced 24.0-3 480 (2),24.0,parsed_from_inverter_name,161.41,month,devwork
2025-10-29,f9342ead-59a2-4c58-b54c-0ae4ab16c9da,Penner Farms - W 1/2 4-9-13 (site 4),fb5c3a62-e511-4a4a-8833-ae0501629275,Symo  24.0-3 480 (1),24.0,parsed_from_inverter_name,148.5,month,devwork
2025-10-29,f9342ead-59a2-4c58-b54c-0ae4ab16c9da,Penner Farms - W 1/2 4-9-13 (site 4),9ac5f278-7103-4c7e-a7ee-f10c33ef27f3,Symo Advanced 24.0-3 480 (2),24.0,parsed_from_inverter_name,152.36,month,devwork
2025-10-30,f9342ead-59a2-4c58-b54c-0ae4ab16c9da,Penner Farms - W 1/2 4-9-13 (site 4),fb5c3a62-e511-4a4a-8833-ae0501629275,Symo  24.0-3 480 (1),24.0,parsed_from_inverter_name,152.43,month,devwork
2025-10-30,f9342ead-59a2-4c58-b54c-0ae4ab16c9da,Penner Farms - W 1/2 4-9-13 (site 4),9ac5f278-7103-4c7e-a7ee-f10c33ef27f3,Symo Advanced 24.0-3 480 (2),24.0,parsed_from_inverter_name,156.62,month,devwork
2025-10-31,f9342ead-59a2-4c58-b54c-0ae4ab16c9da,Penner Farms - W 1/2 4-9-13 (site 4),fb5c3a62-e511-4a4a-8833-ae0501629275,Symo  24.0-3 480 (1),24.0,parsed_from_inverter_name,108.66,month,devwork
2025-10-31,f9342ead-59a2-4c58-b54c-0ae4ab16c9da,Penner Farms - W 1/2 4-9-13 (site 4),9ac5f278-7103-4c7e-a7ee-f10c33ef27f3,Symo Advanced 24.0-3 480 (2),24.0,parsed_from_inverter_name,108.12,month,devwork
2025-11-01,f9342ead-59a2-4c58-b54c-0ae4ab16c9da,Penner Farms - W 1/2 4-9-13 (site 4),fb5c3a62-e511-4a4a-8833-ae0501629275,Symo  24.0-3 480 (1),24.0,parsed_from_inverter_name,38.07,month,devwork
2025-11-01,f9342ead-59a2-4c58-b54c-0ae4ab16c9da,Penner Farms - W 1/2 4-9-13 (site 4),9ac5f278-7103-4c7e-a7ee-f10c33ef27f3,Symo Advanced 24.0-3 480 (2),24.0,parsed_from_inverter_name,37.58,month,devwork
2025-11-02,f9342ead-59a2-4c58-b54c-0ae4ab16c9da,Penner Farms - W 1/2 4-9-13 (site 4),fb5c3a62-e511-4a4a-8833-ae0501629275,Symo  24.0-3 480 (1),24.0,parsed_from_inverter_name,154.74,month,devwork
2025-11-02,f9342ead-59a2-4c58-b54c-0ae4ab16c9da,Penner Farms - W 1/2 4-9-13 (site 4),9ac5f278-7103-4c7e-a7ee-f10c33ef27f3,Symo Advanced 24.0-3 480 (2),24.0,parsed_from_inverter_name,154.81,month,devwork
2025-11-03,f9342ead-59a2-4c58-b54c-0ae4ab16c9da,Penner Farms - W 1/2 4-9-13 (site 4),fb5c3a62-e511-4a4a-8833-ae0501629275,Symo  24.0-3 480 (1),24.0,parsed_from_inverter_name,38.0,month,devwork
2025-11-03,f9342ead-59a2-4c58-b54c-0ae4ab16c9da,Penner Farms - W 1/2 4-9-13 (site 4),9ac5f278-7103-4c7e-a7ee-f10c33ef27f3,Symo Advanced 24.0-3 480 (2),24.0,parsed_from_inverter_name,39.5,month,devwork
2025-11-04,f9342ead-59a2-4c58-b54c-0ae4ab16c9da,Penner Farms - W 1/2 4-9-13 (site 4),fb5c3a62-e511-4a4a-8833-ae0501629275,Symo  24.0-3 480 (1),24.0,parsed_from_inverter_name,149.56,month,devwork
2025-11-04,f9342ead-59a2-4c58-b54c-0ae4ab16c9da,Penner Farms - W 1/2 4-9-13 (site 4),9ac5f278-7103-4c7e-a7ee-f10c33ef27f3,Symo Advanced 24.0-3 480 (2),24.0,parsed_from_inverter_name,154.39,month,devwork
2025-11-05,f9342ead-59a2-4c58-b54c-0ae4ab16c9da,Penner Farms - W 1/2 4-9-13 (site 4),fb5c3a62-e511-4a4a-8833-ae0501629275,Symo  24.0-3 480 (1),24.0,parsed_from_inverter_name,51.92,month,devwork
2025-11-05,f9342ead-59a2-4c58-b54c-0ae4ab16c9da,Penner Farms - W 1/2 4-9-13 (site 4),9ac5f278-7103-4c7e-a7ee-f10c33ef27f3,Symo Advanced 24.0-3 480 (2),24.0,parsed_from_inverter_name,52.13,month,devwork
2025-11-06,f9342ead-59a2-4c58-b54c-0ae4ab16c9da,Penner Farms - W 1/2 4-9-13 (site 4),fb5c3a62-e511-4a4a-8833-ae0501629275,Symo  24.0-3 480 (1),24.0,parsed_from_inverter_name,132.77,month,devwork
2025-11-06,f9342ead-59a2-4c58-b54c-0ae4ab16c9da,Penner Farms - W 1/2 4-9-13 (site 4),9ac5f278-7103-4c7e-a7ee-f10c33ef27f3,Symo Advanced 24.0-3 480 (2),24.0,parsed_from_inverter_name,137.02,month,devwork
2025-11-07,f9342ead-59a2-4c58-b54c-0ae4ab16c9da,Penner Farms - W 1/2 4-9-13 (site 4),fb5c3a62-e511-4a4a-8833-ae0501629275,Symo  24.0-3 480 (1),24.0,parsed_from_inverter_name,17.84,month,devwork
2025-11-07,f9342ead-59a2-4c58-b54c-0ae4ab16c9da,Penner Farms - W 1/2 4-9-13 (site 4),9ac5f278-7103-4c7e-a7ee-f10c33ef27f3,Symo Advanced 24.0-3 480 (2),24.0,parsed_from_inverter_name,17.01,month,devwork
2025-11-08,f9342ead-59a2-4c58-b54c-0ae4ab16c9da,Penner Farms - W 1/2 4-9-13 (site 4),fb5c3a62-e511-4a4a-8833-ae0501629275,Symo  24.0-3 480 (1),24.0,parsed_from_inverter_name,87.81,month,devwork
2025-11-08,f9342ead-59a2-4c58-b54c-0ae4ab16c9da,Penner Farms - W 1/2 4-9-13 (site 4),9ac5f278-7103-4c7e-a7ee-f10c33ef27f3,Symo Advanced 24.0-3 480 (2),24.0,parsed_from_inverter_name,96.58,month,devwork
2025-11-09,f9342ead-59a2-4c58-b54c-0ae4ab16c9da,Penner Farms - W 1/2 4-9-13 (site 4),fb5c3a62-e511-4a4a-8833-ae0501629275,Symo  24.0-3 480 (1),24.0,parsed_from_inverter_name,40.31,month,devwork
2025-11-09,f9342ead-59a2-4c58-b54c-0ae4ab16c9da,Penner Farms - W 1/2 4-9-13 (site 4),9ac5f278-7103-4c7e-a7ee-f10c33ef27f3,Symo Advanced 24.0-3 480 (2),24.0,parsed_from_inverter_name,37.89,month,devwork
2025-11-10,f9342ead-59a2-4c58-b54c-0ae4ab16c9da,Penner Farms - W 1/2 4-9-13 (site 4),fb5c3a62-e511-4a4a-8833-ae0501629275,Symo  24.0-3 480 (1),24.0,parsed_from_inverter_name,20.86,month,devwork
2025-11-10,f9342ead-59a2-4c58-b54c-0ae4ab16c9da,Penner Farms - W 1/2 4-9-13 (site 4),9ac5f278-7103-4c7e-a7ee-f10c33ef27f3,Symo Advanced 24.0-3 480 (2),24.0,parsed_from_inverter_name,22.4,month,devwork
2025-11-11,f9342ead-59a2-4c58-b54c-0ae4ab16c9da,Penner Farms - W 1/2 4-9-13 (site 4),fb5c3a62-e511-4a4a-8833-ae0501629275,Symo  24.0-3 480 (1),24.0,parsed_from_inverter_name,72.87,month,devwork
2025-11-11,f9342ead-59a2-4c58-b54c-0ae4ab16c9da,Penner Farms - W 1/2 4-9-13 (site 4),9ac5f278-7103-4c7e-a7ee-f10c33ef27f3,Symo Advanced 24.0-3 480 (2),24.0,parsed_from_inverter_name,75.21,month,devwork
2025-11-12,f9342ead-59a2-4c58-b54c-0ae4ab16c9da,Penner Farms - W 1/2 4-9-13 (site 4),fb5c3a62-e511-4a4a-8833-ae0501629275,Symo  24.0-3 480 (1),24.0,parsed_from_inverter_name,83.02,month,devwork
2025-11-12,f9342ead-59a2-4c58-b54c-0ae4ab16c9da,Penner Farms - W 1/2 4-9-13 (site 4),9ac5f278-7103-4c7e-a7ee-f10c33ef27f3,Symo Advanced 24.0-3 480 (2),24.0,parsed_from_inverter_name,81.76,month,devwork
2025-11-13,f9342ead-59a2-4c58-b54c-0ae4ab16c9da,Penner Farms - W 1/2 4-9-13 (site 4),fb5c3a62-e511-4a4a-8833-ae0501629275,Symo  24.0-3 480 (1),24.0,parsed_from_inverter_name,62.05,month,devwork
2025-11-13,f9342ead-59a2-4c58-b54c-0ae4ab16c9da,Penner Farms - W 1/2 4-9-13 (site 4),9ac5f278-7103-4c7e-a7ee-f10c33ef27f3,Symo Advanced 24.0-3 480 (2),24.0,parsed_from_inverter_name,57.59,month,devwork
2025-11-14,f9342ead-59a2-4c58-b54c-0ae4ab16c9da,Penner Farms - W 1/2 4-9-13 (site 4),fb5c3a62-e511-4a4a-8833-ae0501629275,Symo  24.0-3 480 (1),24.0,parsed_from_inverter_name,14.61,month,devwork
2025-11-14,f9342ead-59a2-4c58-b54c-0ae4ab16c9da,Penner Farms - W 1/2 4-9-13 (site 4),9ac5f278-7103-4c7e-a7ee-f10c33ef27f3,Symo Advanced 24.0-3 480 (2),24.0,parsed_from_inverter_name,14.79,month,devwork
2025-11-15,f9342ead-59a2-4c58-b54c-0ae4ab16c9da,Penner Farms - W 1/2 4-9-13 (site 4),fb5c3a62-e511-4a4a-8833-ae0501629275,Symo  24.0-3 480 (1),24.0,parsed_from_inverter_name,81.05,month,devwork
2025-11-15,f9342ead-59a2-4c58-b54c-0ae4ab16c9da,Penner Farms - W 1/2 4-9-13 (site 4),9ac5f278-7103-4c7e-a7ee-f10c33ef27f3,Symo Advanced 24.0-3 480 (2),24.0,parsed_from_inverter_name,83.8,month,devwork
2025-11-16,f9342ead-59a2-4c58-b54c-0ae4ab16c9da,Penner Farms - W 1/2 4-9-13 (site 4),fb5c3a62-e511-4a4a-8833-ae0501629275,Symo  24.0-3 480 (1),24.0,parsed_from_inverter_name,98.37,month,devwork
2025-11-16,f9342ead-59a2-4c58-b54c-0ae4ab16c9da,Penner Farms - W 1/2 4-9-13 (site 4),9ac5f278-7103-4c7e-a7ee-f10c33ef27f3,Symo Advanced 24.0-3 480 (2),24.0,parsed_from_inverter_name,97.7,month,devwork
2025-11-17,f9342ead-59a2-4c58-b54c-0ae4ab16c9da,Penner Farms - W 1/2 4-9-13 (site 4),fb5c3a62-e511-4a4a-8833-ae0501629275,Symo  24.0-3 480 (1),24.0,parsed_from_inverter_name,73.32,month,devwork
2025-11-17,f9342ead-59a2-4c58-b54c-0ae4ab16c9da,Penner Farms - W 1/2 4-9-13 (site 4),9ac5f278-7103-4c7e-a7ee-f10c33ef27f3,Symo Advanced 24.0-3 480 (2),24.0,parsed_from_inverter_name,76.56,month,devwork
2025-11-18,f9342ead-59a2-4c58-b54c-0ae4ab16c9da,Penner Farms - W 1/2 4-9-13 (site 4),fb5c3a62-e511-4a4a-8833-ae0501629275,Symo  24.0-3 480 (1),24.0,parsed_from_inverter_name,11.75,month,devwork
2025-11-18,f9342ead-59a2-4c58-b54c-0ae4ab16c9da,Penner Farms - W 1/2 4-9-13 (site 4),9ac5f278-7103-4c7e-a7ee-f10c33ef27f3,Symo Advanced 24.0-3 480 (2),24.0,parsed_from_inverter_name,10.2,month,devwork
2025-11-19,f9342ead-59a2-4c58-b54c-0ae4ab16c9da,Penner Farms - W 1/2 4-9-13 (site 4),fb5c3a62-e511-4a4a-8833-ae0501629275,Symo  24.0-3 480 (1),24.0,parsed_from_inverter_name,125.98,month,devwork
2025-11-19,f9342ead-59a2-4c58-b54c-0ae4ab16c9da,Penner Farms - W 1/2 4-9-13 (site 4),9ac5f278-7103-4c7e-a7ee-f10c33ef27f3,Symo Advanced 24.0-3 480 (2),24.0,parsed_from_inverter_name,132.05,month,devwork
2025-11-20,f9342ead-59a2-4c58-b54c-0ae4ab16c9da,Penner Farms - W 1/2 4-9-13 (site 4),fb5c3a62-e511-4a4a-8833-ae0501629275,Symo  24.0-3 480 (1),24.0,parsed_from_inverter_name,127.64,month,devwork
2025-11-20,f9342ead-59a2-4c58-b54c-0ae4ab16c9da,Penner Farms - W 1/2 4-9-13 (site 4),9ac5f278-7103-4c7e-a7ee-f10c33ef27f3,Symo Advanced 24.0-3 480 (2),24.0,parsed_from_inverter_name,132.03,month,devwork
2025-11-21,f9342ead-59a2-4c58-b54c-0ae4ab16c9da,Penner Farms - W 1/2 4-9-13 (site 4),fb5c3a62-e511-4a4a-8833-ae0501629275,Symo  24.0-3 480 (1),24.0,parsed_from_inverter_name,54.18,month,devwork
2025-11-21,f9342ead-59a2-4c58-b54c-0ae4ab16c9da,Penner Farms - W 1/2 4-9-13 (site 4),9ac5f278-7103-4c7e-a7ee-f10c33ef27f3,Symo Advanced 24.0-3 480 (2),24.0,parsed_from_inverter_name,56.79,month,devwork
2025-11-22,f9342ead-59a2-4c58-b54c-0ae4ab16c9da,Penner Farms - W 1/2 4-9-13 (site 4),fb5c3a62-e511-4a4a-8833-ae0501629275,Symo  24.0-3 480 (1),24.0,parsed_from_inverter_name,72.31,month,devwork
2025-11-22,f9342ead-59a2-4c58-b54c-0ae4ab16c9da,Penner Farms - W 1/2 4-9-13 (site 4),9ac5f278-7103-4c7e-a7ee-f10c33ef27f3,Symo Advanced 24.0-3 480 (2),24.0,parsed_from_inverter_name,75.19,month,devwork
2025-11-23,f9342ead-59a2-4c58-b54c-0ae4ab16c9da,Penner Farms - W 1/2 4-9-13 (site 4),fb5c3a62-e511-4a4a-8833-ae0501629275,Symo  24.0-3 480 (1),24.0,parsed_from_inverter_name,49.13,month,devwork
2025-11-23,f9342ead-59a2-4c58-b54c-0ae4ab16c9da,Penner Farms - W 1/2 4-9-13 (site 4),9ac5f278-7103-4c7e-a7ee-f10c33ef27f3,Symo Advanced 24.0-3 480 (2),24.0,parsed_from_inverter_name,51.32,month,devwork
2025-11-24,f9342ead-59a2-4c58-b54c-0ae4ab16c9da,Penner Farms - W 1/2 4-9-13 (site 4),fb5c3a62-e511-4a4a-8833-ae0501629275,Symo  24.0-3 480 (1),24.0,parsed_from_inverter_name,6.56,month,devwork
2025-11-24,f9342ead-59a2-4c58-b54c-0ae4ab16c9da,Penner Farms - W 1/2 4-9-13 (site 4),9ac5f278-7103-4c7e-a7ee-f10c33ef27f3,Symo Advanced 24.0-3 480 (2),24.0,parsed_from_inverter_name,7.35,month,devwork
2025-11-25,f9342ead-59a2-4c58-b54c-0ae4ab16c9da,Penner Farms - W 1/2 4-9-13 (site 4),fb5c3a62-e511-4a4a-8833-ae0501629275,Symo  24.0-3 480 (1),24.0,parsed_from_inverter_name,26.95,month,devwork
2025-11-25,f9342ead-59a2-4c58-b54c-0ae4ab16c9da,Penner Farms - W 1/2 4-9-13 (site 4),9ac5f278-7103-4c7e-a7ee-f10c33ef27f3,Symo Advanced 24.0-3 480 (2),24.0,parsed_from_inverter_name,24.92,month,devwork
2025-11-26,f9342ead-59a2-4c58-b54c-0ae4ab16c9da,Penner Farms - W 1/2 4-9-13 (site 4),fb5c3a62-e511-4a4a-8833-ae0501629275,Symo  24.0-3 480 (1),24.0,parsed_from_inverter_name,43.07,month,devwork
2025-11-26,f9342ead-59a2-4c58-b54c-0ae4ab16c9da,Penner Farms - W 1/2 4-9-13 (site 4),9ac5f278-7103-4c7e-a7ee-f10c33ef27f3,Symo Advanced 24.0-3 480 (2),24.0,parsed_from_inverter_name,52.42,month,devwork
2025-11-27,f9342ead-59a2-4c58-b54c-0ae4ab16c9da,Penner Farms - W 1/2 4-9-13 (site 4),fb5c3a62-e511-4a4a-8833-ae0501629275,Symo  24.0-3 480 (1),24.0,parsed_from_inverter_name,26.46,month,devwork
2025-11-27,f9342ead-59a2-4c58-b54c-0ae4ab16c9da,Penner Farms - W 1/2 4-9-13 (site 4),9ac5f278-7103-4c7e-a7ee-f10c33ef27f3,Symo Advanced 24.0-3 480 (2),24.0,parsed_from_inverter_name,31.33,month,devwork
2025-11-28,f9342ead-59a2-4c58-b54c-0ae4ab16c9da,Penner Farms - W 1/2 4-9-13 (site 4),fb5c3a62-e511-4a4a-8833-ae0501629275,Symo  24.0-3 480 (1),24.0,parsed_from_inverter_name,9.19,month,devwork
2025-11-28,f9342ead-59a2-4c58-b54c-0ae4ab16c9da,Penner Farms - W 1/2 4-9-13 (site 4),9ac5f278-7103-4c7e-a7ee-f10c33ef27f3,Symo Advanced 24.0-3 480 (2),24.0,parsed_from_inverter_name,13.29,month,devwork
2025-11-29,f9342ead-59a2-4c58-b54c-0ae4ab16c9da,Penner Farms - W 1/2 4-9-13 (site 4),fb5c3a62-e511-4a4a-8833-ae0501629275,Symo  24.0-3 480 (1),24.0,parsed_from_inverter_name,24.09,month,devwork
2025-11-29,f9342ead-59a2-4c58-b54c-0ae4ab16c9da,Penner Farms - W 1/2 4-9-13 (site 4),9ac5f278-7103-4c7e-a7ee-f10c33ef27f3,Symo Advanced 24.0-3 480 (2),24.0,parsed_from_inverter_name,55.02,month,devwork
2025-11-30,f9342ead-59a2-4c58-b54c-0ae4ab16c9da,Penner Farms - W 1/2 4-9-13 (site 4),fb5c3a62-e511-4a4a-8833-ae0501629275,Symo  24.0-3 480 (1),24.0,parsed_from_inverter_name,29.56,month,devwork
2025-11-30,f9342ead-59a2-4c58-b54c-0ae4ab16c9da,Penner Farms - W 1/2 4-9-13 (site 4),9ac5f278-7103-4c7e-a7ee-f10c33ef27f3,Symo Advanced 24.0-3 480 (2),24.0,parsed_from_inverter_name,57.96,month,devwork
2025-12-01,f9342ead-59a2-4c58-b54c-0ae4ab16c9da,Penner Farms - W 1/2 4-9-13 (site 4),fb5c3a62-e511-4a4a-8833-ae0501629275,Symo  24.0-3 480 (1),24.0,parsed_from_inverter_name,26.0,month,devwork
2025-12-01,f9342ead-59a2-4c58-b54c-0ae4ab16c9da,Penner Farms - W 1/2 4-9-13 (site 4),9ac5f278-7103-4c7e-a7ee-f10c33ef27f3,Symo Advanced 24.0-3 480 (2),24.0,parsed_from_inverter_name,40.6,month,devwork
2025-12-02,f9342ead-59a2-4c58-b54c-0ae4ab16c9da,Penner Farms - W 1/2 4-9-13 (site 4),fb5c3a62-e511-4a4a-8833-ae0501629275,Symo  24.0-3 480 (1),24.0,parsed_from_inverter_name,28.89,month,devwork
2025-12-02,f9342ead-59a2-4c58-b54c-0ae4ab16c9da,Penner Farms - W 1/2 4-9-13 (site 4),9ac5f278-7103-4c7e-a7ee-f10c33ef27f3,Symo Advanced 24.0-3 480 (2),24.0,parsed_from_inverter_name,29.85,month,devwork
2025-12-03,f9342ead-59a2-4c58-b54c-0ae4ab16c9da,Penner Farms - W 1/2 4-9-13 (site 4),fb5c3a62-e511-4a4a-8833-ae0501629275,Symo  24.0-3 480 (1),24.0,parsed_from_inverter_name,102.89,month,devwork
2025-12-03,f9342ead-59a2-4c58-b54c-0ae4ab16c9da,Penner Farms - W 1/2 4-9-13 (site 4),9ac5f278-7103-4c7e-a7ee-f10c33ef27f3,Symo Advanced 24.0-3 480 (2),24.0,parsed_from_inverter_name,110.64,month,devwork
2025-12-04,f9342ead-59a2-4c58-b54c-0ae4ab16c9da,Penner Farms - W 1/2 4-9-13 (site 4),fb5c3a62-e511-4a4a-8833-ae0501629275,Symo  24.0-3 480 (1),24.0,parsed_from_inverter_name,75.42,month,devwork
2025-12-04,f9342ead-59a2-4c58-b54c-0ae4ab16c9da,Penner Farms - W 1/2 4-9-13 (site 4),9ac5f278-7103-4c7e-a7ee-f10c33ef27f3,Symo Advanced 24.0-3 480 (2),24.0,parsed_from_inverter_name,77.81,month,devwork
2025-12-05,f9342ead-59a2-4c58-b54c-0ae4ab16c9da,Penner Farms - W 1/2 4-9-13 (site 4),fb5c3a62-e511-4a4a-8833-ae0501629275,Symo  24.0-3 480 (1),24.0,parsed_from_inverter_name,37.71,month,devwork
2025-12-05,f9342ead-59a2-4c58-b54c-0ae4ab16c9da,Penner Farms - W 1/2 4-9-13 (site 4),9ac5f278-7103-4c7e-a7ee-f10c33ef27f3,Symo Advanced 24.0-3 480 (2),24.0,parsed_from_inverter_name,38.51,month,devwork
2025-12-06,f9342ead-59a2-4c58-b54c-0ae4ab16c9da,Penner Farms - W 1/2 4-9-13 (site 4),fb5c3a62-e511-4a4a-8833-ae0501629275,Symo  24.0-3 480 (1),24.0,parsed_from_inverter_name,13.13,month,devwork
2025-12-06,f9342ead-59a2-4c58-b54c-0ae4ab16c9da,Penner Farms - W 1/2 4-9-13 (site 4),9ac5f278-7103-4c7e-a7ee-f10c33ef27f3,Symo Advanced 24.0-3 480 (2),24.0,parsed_from_inverter_name,13.83,month,devwork
2025-12-07,f9342ead-59a2-4c58-b54c-0ae4ab16c9da,Penner Farms - W 1/2 4-9-13 (site 4),fb5c3a62-e511-4a4a-8833-ae0501629275,Symo  24.0-3 480 (1),24.0,parsed_from_inverter_name,32.97,month,devwork
2025-12-07,f9342ead-59a2-4c58-b54c-0ae4ab16c9da,Penner Farms - W 1/2 4-9-13 (site 4),9ac5f278-7103-4c7e-a7ee-f10c33ef27f3,Symo Advanced 24.0-3 480 (2),24.0,parsed_from_inverter_name,34.8,month,devwork
2025-12-08,f9342ead-59a2-4c58-b54c-0ae4ab16c9da,Penner Farms - W 1/2 4-9-13 (site 4),fb5c3a62-e511-4a4a-8833-ae0501629275,Symo  24.0-3 480 (1),24.0,parsed_from_inverter_name,21.96,month,devwork
2025-12-08,f9342ead-59a2-4c58-b54c-0ae4ab16c9da,Penner Farms - W 1/2 4-9-13 (site 4),9ac5f278-7103-4c7e-a7ee-f10c33ef27f3,Symo Advanced 24.0-3 480 (2),24.0,parsed_from_inverter_name,22.88,month,devwork
2025-12-09,f9342ead-59a2-4c58-b54c-0ae4ab16c9da,Penner Farms - W 1/2 4-9-13 (site 4),fb5c3a62-e511-4a4a-8833-ae0501629275,Symo  24.0-3 480 (1),24.0,parsed_from_inverter_name,76.3,month,devwork
2025-12-09,f9342ead-59a2-4c58-b54c-0ae4ab16c9da,Penner Farms - W 1/2 4-9-13 (site 4),9ac5f278-7103-4c7e-a7ee-f10c33ef27f3,Symo Advanced 24.0-3 480 (2),24.0,parsed_from_inverter_name,81.88,month,devwork
2025-12-10,f9342ead-59a2-4c58-b54c-0ae4ab16c9da,Penner Farms - W 1/2 4-9-13 (site 4),fb5c3a62-e511-4a4a-8833-ae0501629275,Symo  24.0-3 480 (1),24.0,parsed_from_inverter_name,21.38,month,devwork
2025-12-10,f9342ead-59a2-4c58-b54c-0ae4ab16c9da,Penner Farms - W 1/2 4-9-13 (site 4),9ac5f278-7103-4c7e-a7ee-f10c33ef27f3,Symo Advanced 24.0-3 480 (2),24.0,parsed_from_inverter_name,20.23,month,devwork
2025-12-11,f9342ead-59a2-4c58-b54c-0ae4ab16c9da,Penner Farms - W 1/2 4-9-13 (site 4),fb5c3a62-e511-4a4a-8833-ae0501629275,Symo  24.0-3 480 (1),24.0,parsed_from_inverter_name,15.83,month,devwork
2025-12-11,f9342ead-59a2-4c58-b54c-0ae4ab16c9da,Penner Farms - W 1/2 4-9-13 (site 4),9ac5f278-7103-4c7e-a7ee-f10c33ef27f3,Symo Advanced 24.0-3 480 (2),24.0,parsed_from_inverter_name,15.41,month,devwork
2025-12-12,f9342ead-59a2-4c58-b54c-0ae4ab16c9da,Penner Farms - W 1/2 4-9-13 (site 4),fb5c3a62-e511-4a4a-8833-ae0501629275,Symo  24.0-3 480 (1),24.0,parsed_from_inverter_name,16.06,month,devwork
2025-12-12,f9342ead-59a2-4c58-b54c-0ae4ab16c9da,Penner Farms - W 1/2 4-9-13 (site 4),9ac5f278-7103-4c7e-a7ee-f10c33ef27f3,Symo Advanced 24.0-3 480 (2),24.0,parsed_from_inverter_name,14.91,month,devwork
2025-12-13,f9342ead-59a2-4c58-b54c-0ae4ab16c9da,Penner Farms - W 1/2 4-9-13 (site 4),fb5c3a62-e511-4a4a-8833-ae0501629275,Symo  24.0-3 480 (1),24.0,parsed_from_inverter_name,24.92,month,devwork
2025-12-13,f9342ead-59a2-4c58-b54c-0ae4ab16c9da,Penner Farms - W 1/2 4-9-13 (site 4),9ac5f278-7103-4c7e-a7ee-f10c33ef27f3,Symo Advanced 24.0-3 480 (2),24.0,parsed_from_inverter_name,13.56,month,devwork
2025-12-14,f9342ead-59a2-4c58-b54c-0ae4ab16c9da,Penner Farms - W 1/2 4-9-13 (site 4),fb5c3a62-e511-4a4a-8833-ae0501629275,Symo  24.0-3 480 (1),24.0,parsed_from_inverter_name,24.2,month,devwork
2025-12-14,f9342ead-59a2-4c58-b54c-0ae4ab16c9da,Penner Farms - W 1/2 4-9-13 (site 4),9ac5f278-7103-4c7e-a7ee-f10c33ef27f3,Symo Advanced 24.0-3 480 (2),24.0,parsed_from_inverter_name,21.01,month,devwork
2025-12-15,f9342ead-59a2-4c58-b54c-0ae4ab16c9da,Penner Farms - W 1/2 4-9-13 (site 4),fb5c3a62-e511-4a4a-8833-ae0501629275,Symo  24.0-3 480 (1),24.0,parsed_from_inverter_name,22.91,month,devwork
2025-12-15,f9342ead-59a2-4c58-b54c-0ae4ab16c9da,Penner Farms - W 1/2 4-9-13 (site 4),9ac5f278-7103-4c7e-a7ee-f10c33ef27f3,Symo Advanced 24.0-3 480 (2),24.0,parsed_from_inverter_name,19.53,month,devwork
2025-12-16,f9342ead-59a2-4c58-b54c-0ae4ab16c9da,Penner Farms - W 1/2 4-9-13 (site 4),fb5c3a62-e511-4a4a-8833-ae0501629275,Symo  24.0-3 480 (1),24.0,parsed_from_inverter_name,95.68,month,devwork
2025-12-16,f9342ead-59a2-4c58-b54c-0ae4ab16c9da,Penner Farms - W 1/2 4-9-13 (site 4),9ac5f278-7103-4c7e-a7ee-f10c33ef27f3,Symo Advanced 24.0-3 480 (2),24.0,parsed_from_inverter_name,100.57,month,devwork
2025-12-17,f9342ead-59a2-4c58-b54c-0ae4ab16c9da,Penner Farms - W 1/2 4-9-13 (site 4),fb5c3a62-e511-4a4a-8833-ae0501629275,Symo  24.0-3 480 (1),24.0,parsed_from_inverter_name,30.42,month,devwork
2025-12-17,f9342ead-59a2-4c58-b54c-0ae4ab16c9da,Penner Farms - W 1/2 4-9-13 (site 4),9ac5f278-7103-4c7e-a7ee-f10c33ef27f3,Symo Advanced 24.0-3 480 (2),24.0,parsed_from_inverter_name,31.82,month,devwork
2025-12-18,f9342ead-59a2-4c58-b54c-0ae4ab16c9da,Penner Farms - W 1/2 4-9-13 (site 4),fb5c3a62-e511-4a4a-8833-ae0501629275,Symo  24.0-3 480 (1),24.0,parsed_from_inverter_name,46.63,month,devwork
2025-12-18,f9342ead-59a2-4c58-b54c-0ae4ab16c9da,Penner Farms - W 1/2 4-9-13 (site 4),9ac5f278-7103-4c7e-a7ee-f10c33ef27f3,Symo Advanced 24.0-3 480 (2),24.0,parsed_from_inverter_name,49.37,month,devwork
2025-12-19,f9342ead-59a2-4c58-b54c-0ae4ab16c9da,Penner Farms - W 1/2 4-9-13 (site 4),fb5c3a62-e511-4a4a-8833-ae0501629275,Symo  24.0-3 480 (1),24.0,parsed_from_inverter_name,82.2,month,devwork
2025-12-19,f9342ead-59a2-4c58-b54c-0ae4ab16c9da,Penner Farms - W 1/2 4-9-13 (site 4),9ac5f278-7103-4c7e-a7ee-f10c33ef27f3,Symo Advanced 24.0-3 480 (2),24.0,parsed_from_inverter_name,89.77,month,devwork
2025-12-20,f9342ead-59a2-4c58-b54c-0ae4ab16c9da,Penner Farms - W 1/2 4-9-13 (site 4),fb5c3a62-e511-4a4a-8833-ae0501629275,Symo  24.0-3 480 (1),24.0,parsed_from_inverter_name,97.19,month,devwork
2025-12-20,f9342ead-59a2-4c58-b54c-0ae4ab16c9da,Penner Farms - W 1/2 4-9-13 (site 4),9ac5f278-7103-4c7e-a7ee-f10c33ef27f3,Symo Advanced 24.0-3 480 (2),24.0,parsed_from_inverter_name,105.3,month,devwork
2025-12-21,f9342ead-59a2-4c58-b54c-0ae4ab16c9da,Penner Farms - W 1/2 4-9-13 (site 4),fb5c3a62-e511-4a4a-8833-ae0501629275,Symo  24.0-3 480 (1),24.0,parsed_from_inverter_name,27.54,month,devwork
2025-12-21,f9342ead-59a2-4c58-b54c-0ae4ab16c9da,Penner Farms - W 1/2 4-9-13 (site 4),9ac5f278-7103-4c7e-a7ee-f10c33ef27f3,Symo Advanced 24.0-3 480 (2),24.0,parsed_from_inverter_name,28.43,month,devwork
2025-12-22,f9342ead-59a2-4c58-b54c-0ae4ab16c9da,Penner Farms - W 1/2 4-9-13 (site 4),fb5c3a62-e511-4a4a-8833-ae0501629275,Symo  24.0-3 480 (1),24.0,parsed_from_inverter_name,13.84,month,devwork
2025-12-22,f9342ead-59a2-4c58-b54c-0ae4ab16c9da,Penner Farms - W 1/2 4-9-13 (site 4),9ac5f278-7103-4c7e-a7ee-f10c33ef27f3,Symo Advanced 24.0-3 480 (2),24.0,parsed_from_inverter_name,15.04,month,devwork
2025-12-23,f9342ead-59a2-4c58-b54c-0ae4ab16c9da,Penner Farms - W 1/2 4-9-13 (site 4),fb5c3a62-e511-4a4a-8833-ae0501629275,Symo  24.0-3 480 (1),24.0,parsed_from_inverter_name,46.64,month,devwork
2025-12-23,f9342ead-59a2-4c58-b54c-0ae4ab16c9da,Penner Farms - W 1/2 4-9-13 (site 4),9ac5f278-7103-4c7e-a7ee-f10c33ef27f3,Symo Advanced 24.0-3 480 (2),24.0,parsed_from_inverter_name,49.83,month,devwork
2025-12-24,f9342ead-59a2-4c58-b54c-0ae4ab16c9da,Penner Farms - W 1/2 4-9-13 (site 4),fb5c3a62-e511-4a4a-8833-ae0501629275,Symo  24.0-3 480 (1),24.0,parsed_from_inverter_name,8.99,month,devwork
2025-12-24,f9342ead-59a2-4c58-b54c-0ae4ab16c9da,Penner Farms - W 1/2 4-9-13 (site 4),9ac5f278-7103-4c7e-a7ee-f10c33ef27f3,Symo Advanced 24.0-3 480 (2),24.0,parsed_from_inverter_name,9.31,month,devwork
2025-12-25,f9342ead-59a2-4c58-b54c-0ae4ab16c9da,Penner Farms - W 1/2 4-9-13 (site 4),fb5c3a62-e511-4a4a-8833-ae0501629275,Symo  24.0-3 480 (1),24.0,parsed_from_inverter_name,94.07,month,devwork
2025-12-25,f9342ead-59a2-4c58-b54c-0ae4ab16c9da,Penner Farms - W 1/2 4-9-13 (site 4),9ac5f278-7103-4c7e-a7ee-f10c33ef27f3,Symo Advanced 24.0-3 480 (2),24.0,parsed_from_inverter_name,97.75,month,devwork
2025-12-26,f9342ead-59a2-4c58-b54c-0ae4ab16c9da,Penner Farms - W 1/2 4-9-13 (site 4),fb5c3a62-e511-4a4a-8833-ae0501629275,Symo  24.0-3 480 (1),24.0,parsed_from_inverter_name,7.97,month,devwork
2025-12-26,f9342ead-59a2-4c58-b54c-0ae4ab16c9da,Penner Farms - W 1/2 4-9-13 (site 4),9ac5f278-7103-4c7e-a7ee-f10c33ef27f3,Symo Advanced 24.0-3 480 (2),24.0,parsed_from_inverter_name,8.28,month,devwork
2025-12-27,f9342ead-59a2-4c58-b54c-0ae4ab16c9da,Penner Farms - W 1/2 4-9-13 (site 4),fb5c3a62-e511-4a4a-8833-ae0501629275,Symo  24.0-3 480 (1),24.0,parsed_from_inverter_name,23.57,month,devwork
2025-12-27,f9342ead-59a2-4c58-b54c-0ae4ab16c9da,Penner Farms - W 1/2 4-9-13 (site 4),9ac5f278-7103-4c7e-a7ee-f10c33ef27f3,Symo Advanced 24.0-3 480 (2),24.0,parsed_from_inverter_name,33.24,month,devwork
2025-12-28,f9342ead-59a2-4c58-b54c-0ae4ab16c9da,Penner Farms - W 1/2 4-9-13 (site 4),fb5c3a62-e511-4a4a-8833-ae0501629275,Symo  24.0-3 480 (1),24.0,parsed_from_inverter_name,64.43,month,devwork
2025-12-28,f9342ead-59a2-4c58-b54c-0ae4ab16c9da,Penner Farms - W 1/2 4-9-13 (site 4),9ac5f278-7103-4c7e-a7ee-f10c33ef27f3,Symo Advanced 24.0-3 480 (2),24.0,parsed_from_inverter_name,87.77,month,devwork
2025-12-29,f9342ead-59a2-4c58-b54c-0ae4ab16c9da,Penner Farms - W 1/2 4-9-13 (site 4),fb5c3a62-e511-4a4a-8833-ae0501629275,Symo  24.0-3 480 (1),24.0,parsed_from_inverter_name,46.15,month,devwork
2025-12-29,f9342ead-59a2-4c58-b54c-0ae4ab16c9da,Penner Farms - W 1/2 4-9-13 (site 4),9ac5f278-7103-4c7e-a7ee-f10c33ef27f3,Symo Advanced 24.0-3 480 (2),24.0,parsed_from_inverter_name,52.64,month,devwork
2025-12-30,f9342ead-59a2-4c58-b54c-0ae4ab16c9da,Penner Farms - W 1/2 4-9-13 (site 4),fb5c3a62-e511-4a4a-8833-ae0501629275,Symo  24.0-3 480 (1),24.0,parsed_from_inverter_name,80.38,month,devwork
2025-12-30,f9342ead-59a2-4c58-b54c-0ae4ab16c9da,Penner Farms - W 1/2 4-9-13 (site 4),9ac5f278-7103-4c7e-a7ee-f10c33ef27f3,Symo Advanced 24.0-3 480 (2),24.0,parsed_from_inverter_name,85.35,month,devwork
2025-12-31,f9342ead-59a2-4c58-b54c-0ae4ab16c9da,Penner Farms - W 1/2 4-9-13 (site 4),fb5c3a62-e511-4a4a-8833-ae0501629275,Symo  24.0-3 480 (1),24.0,parsed_from_inverter_name,35.23,month,devwork
2025-12-31,f9342ead-59a2-4c58-b54c-0ae4ab16c9da,Penner Farms - W 1/2 4-9-13 (site 4),9ac5f278-7103-4c7e-a7ee-f10c33ef27f3,Symo Advanced 24.0-3 480 (2),24.0,parsed_from_inverter_name,38.89,month,devwork
2026-01-01,f9342ead-59a2-4c58-b54c-0ae4ab16c9da,Penner Farms - W 1/2 4-9-13 (site 4),fb5c3a62-e511-4a4a-8833-ae0501629275,Symo  24.0-3 480 (1),24.0,parsed_from_inverter_name,54.65,month,devwork
2026-01-01,f9342ead-59a2-4c58-b54c-0ae4ab16c9da,Penner Farms - W 1/2 4-9-13 (site 4),9ac5f278-7103-4c7e-a7ee-f10c33ef27f3,Symo Advanced 24.0-3 480 (2),24.0,parsed_from_inverter_name,57.6,month,devwork
2026-01-02,f9342ead-59a2-4c58-b54c-0ae4ab16c9da,Penner Farms - W 1/2 4-9-13 (site 4),fb5c3a62-e511-4a4a-8833-ae0501629275,Symo  24.0-3 480 (1),24.0,parsed_from_inverter_name,21.77,month,devwork
2026-01-02,f9342ead-59a2-4c58-b54c-0ae4ab16c9da,Penner Farms - W 1/2 4-9-13 (site 4),9ac5f278-7103-4c7e-a7ee-f10c33ef27f3,Symo Advanced 24.0-3 480 (2),24.0,parsed_from_inverter_name,22.33,month,devwork
2026-01-03,f9342ead-59a2-4c58-b54c-0ae4ab16c9da,Penner Farms - W 1/2 4-9-13 (site 4),fb5c3a62-e511-4a4a-8833-ae0501629275,Symo  24.0-3 480 (1),24.0,parsed_from_inverter_name,43.9,month,devwork
2026-01-03,f9342ead-59a2-4c58-b54c-0ae4ab16c9da,Penner Farms - W 1/2 4-9-13 (site 4),9ac5f278-7103-4c7e-a7ee-f10c33ef27f3,Symo Advanced 24.0-3 480 (2),24.0,parsed_from_inverter_name,49.0,month,devwork
2026-01-04,f9342ead-59a2-4c58-b54c-0ae4ab16c9da,Penner Farms - W 1/2 4-9-13 (site 4),fb5c3a62-e511-4a4a-8833-ae0501629275,Symo  24.0-3 480 (1),24.0,parsed_from_inverter_name,55.58,month,devwork
2026-01-04,f9342ead-59a2-4c58-b54c-0ae4ab16c9da,Penner Farms - W 1/2 4-9-13 (site 4),9ac5f278-7103-4c7e-a7ee-f10c33ef27f3,Symo Advanced 24.0-3 480 (2),24.0,parsed_from_inverter_name,58.2,month,devwork
2026-01-05,f9342ead-59a2-4c58-b54c-0ae4ab16c9da,Penner Farms - W 1/2 4-9-13 (site 4),fb5c3a62-e511-4a4a-8833-ae0501629275,Symo  24.0-3 480 (1),24.0,parsed_from_inverter_name,20.34,month,devwork
2026-01-05,f9342ead-59a2-4c58-b54c-0ae4ab16c9da,Penner Farms - W 1/2 4-9-13 (site 4),9ac5f278-7103-4c7e-a7ee-f10c33ef27f3,Symo Advanced 24.0-3 480 (2),24.0,parsed_from_inverter_name,16.5,month,devwork
2026-01-06,f9342ead-59a2-4c58-b54c-0ae4ab16c9da,Penner Farms - W 1/2 4-9-13 (site 4),fb5c3a62-e511-4a4a-8833-ae0501629275,Symo  24.0-3 480 (1),24.0,parsed_from_inverter_name,19.49,month,devwork
2026-01-06,f9342ead-59a2-4c58-b54c-0ae4ab16c9da,Penner Farms - W 1/2 4-9-13 (site 4),9ac5f278-7103-4c7e-a7ee-f10c33ef27f3,Symo Advanced 24.0-3 480 (2),24.0,parsed_from_inverter_name,20.42,month,devwork
2026-01-07,f9342ead-59a2-4c58-b54c-0ae4ab16c9da,Penner Farms - W 1/2 4-9-13 (site 4),fb5c3a62-e511-4a4a-8833-ae0501629275,Symo  24.0-3 480 (1),24.0,parsed_from_inverter_name,64.21,month,devwork
2026-01-07,f9342ead-59a2-4c58-b54c-0ae4ab16c9da,Penner Farms - W 1/2 4-9-13 (site 4),9ac5f278-7103-4c7e-a7ee-f10c33ef27f3,Symo Advanced 24.0-3 480 (2),24.0,parsed_from_inverter_name,69.97,month,devwork
2026-01-08,f9342ead-59a2-4c58-b54c-0ae4ab16c9da,Penner Farms - W 1/2 4-9-13 (site 4),fb5c3a62-e511-4a4a-8833-ae0501629275,Symo  24.0-3 480 (1),24.0,parsed_from_inverter_name,113.56,month,devwork
2026-01-08,f9342ead-59a2-4c58-b54c-0ae4ab16c9da,Penner Farms - W 1/2 4-9-13 (site 4),9ac5f278-7103-4c7e-a7ee-f10c33ef27f3,Symo Advanced 24.0-3 480 (2),24.0,parsed_from_inverter_name,120.13,month,devwork
2026-01-09,f9342ead-59a2-4c58-b54c-0ae4ab16c9da,Penner Farms - W 1/2 4-9-13 (site 4),fb5c3a62-e511-4a4a-8833-ae0501629275,Symo  24.0-3 480 (1),24.0,parsed_from_inverter_name,81.57,month,devwork
2026-01-09,f9342ead-59a2-4c58-b54c-0ae4ab16c9da,Penner Farms - W 1/2 4-9-13 (site 4),9ac5f278-7103-4c7e-a7ee-f10c33ef27f3,Symo Advanced 24.0-3 480 (2),24.0,parsed_from_inverter_name,84.51,month,devwork
2026-01-10,f9342ead-59a2-4c58-b54c-0ae4ab16c9da,Penner Farms - W 1/2 4-9-13 (site 4),fb5c3a62-e511-4a4a-8833-ae0501629275,Symo  24.0-3 480 (1),24.0,parsed_from_inverter_name,29.51,month,devwork
2026-01-10,f9342ead-59a2-4c58-b54c-0ae4ab16c9da,Penner Farms - W 1/2 4-9-13 (site 4),9ac5f278-7103-4c7e-a7ee-f10c33ef27f3,Symo Advanced 24.0-3 480 (2),24.0,parsed_from_inverter_name,30.96,month,devwork
2026-01-11,f9342ead-59a2-4c58-b54c-0ae4ab16c9da,Penner Farms - W 1/2 4-9-13 (site 4),fb5c3a62-e511-4a4a-8833-ae0501629275,Symo  24.0-3 480 (1),24.0,parsed_from_inverter_name,54.26,month,devwork
2026-01-11,f9342ead-59a2-4c58-b54c-0ae4ab16c9da,Penner Farms - W 1/2 4-9-13 (site 4),9ac5f278-7103-4c7e-a7ee-f10c33ef27f3,Symo Advanced 24.0-3 480 (2),24.0,parsed_from_inverter_name,56.86,month,devwork
2026-01-12,f9342ead-59a2-4c58-b54c-0ae4ab16c9da,Penner Farms - W 1/2 4-9-13 (site 4),fb5c3a62-e511-4a4a-8833-ae0501629275,Symo  24.0-3 480 (1),24.0,parsed_from_inverter_name,17.91,month,devwork
2026-01-12,f9342ead-59a2-4c58-b54c-0ae4ab16c9da,Penner Farms - W 1/2 4-9-13 (site 4),9ac5f278-7103-4c7e-a7ee-f10c33ef27f3,Symo Advanced 24.0-3 480 (2),24.0,parsed_from_inverter_name,18.66,month,devwork
2026-01-13,f9342ead-59a2-4c58-b54c-0ae4ab16c9da,Penner Farms - W 1/2 4-9-13 (site 4),fb5c3a62-e511-4a4a-8833-ae0501629275,Symo  24.0-3 480 (1),24.0,parsed_from_inverter_name,81.47,month,devwork
2026-01-13,f9342ead-59a2-4c58-b54c-0ae4ab16c9da,Penner Farms - W 1/2 4-9-13 (site 4),9ac5f278-7103-4c7e-a7ee-f10c33ef27f3,Symo Advanced 24.0-3 480 (2),24.0,parsed_from_inverter_name,85.51,month,devwork
2026-01-14,f9342ead-59a2-4c58-b54c-0ae4ab16c9da,Penner Farms - W 1/2 4-9-13 (site 4),fb5c3a62-e511-4a4a-8833-ae0501629275,Symo  24.0-3 480 (1),24.0,parsed_from_inverter_name,122.78,month,devwork
2026-01-14,f9342ead-59a2-4c58-b54c-0ae4ab16c9da,Penner Farms - W 1/2 4-9-13 (site 4),9ac5f278-7103-4c7e-a7ee-f10c33ef27f3,Symo Advanced 24.0-3 480 (2),24.0,parsed_from_inverter_name,130.39,month,devwork
2026-01-15,f9342ead-59a2-4c58-b54c-0ae4ab16c9da,Penner Farms - W 1/2 4-9-13 (site 4),fb5c3a62-e511-4a4a-8833-ae0501629275,Symo  24.0-3 480 (1),24.0,parsed_from_inverter_name,47.93,month,devwork
2026-01-15,f9342ead-59a2-4c58-b54c-0ae4ab16c9da,Penner Farms - W 1/2 4-9-13 (site 4),9ac5f278-7103-4c7e-a7ee-f10c33ef27f3,Symo Advanced 24.0-3 480 (2),24.0,parsed_from_inverter_name,49.29,month,devwork
2026-01-16,f9342ead-59a2-4c58-b54c-0ae4ab16c9da,Penner Farms - W 1/2 4-9-13 (site 4),fb5c3a62-e511-4a4a-8833-ae0501629275,Symo  24.0-3 480 (1),24.0,parsed_from_inverter_name,102.39,month,devwork
2026-01-16,f9342ead-59a2-4c58-b54c-0ae4ab16c9da,Penner Farms - W 1/2 4-9-13 (site 4),9ac5f278-7103-4c7e-a7ee-f10c33ef27f3,Symo Advanced 24.0-3 480 (2),24.0,parsed_from_inverter_name,107.16,month,devwork
2026-01-17,f9342ead-59a2-4c58-b54c-0ae4ab16c9da,Penner Farms - W 1/2 4-9-13 (site 4),fb5c3a62-e511-4a4a-8833-ae0501629275,Symo  24.0-3 480 (1),24.0,parsed_from_inverter_name,107.01,month,devwork
2026-01-17,f9342ead-59a2-4c58-b54c-0ae4ab16c9da,Penner Farms - W 1/2 4-9-13 (site 4),9ac5f278-7103-4c7e-a7ee-f10c33ef27f3,Symo Advanced 24.0-3 480 (2),24.0,parsed_from_inverter_name,110.19,month,devwork
2026-01-18,f9342ead-59a2-4c58-b54c-0ae4ab16c9da,Penner Farms - W 1/2 4-9-13 (site 4),fb5c3a62-e511-4a4a-8833-ae0501629275,Symo  24.0-3 480 (1),24.0,parsed_from_inverter_name,80.63,month,devwork
2026-01-18,f9342ead-59a2-4c58-b54c-0ae4ab16c9da,Penner Farms - W 1/2 4-9-13 (site 4),9ac5f278-7103-4c7e-a7ee-f10c33ef27f3,Symo Advanced 24.0-3 480 (2),24.0,parsed_from_inverter_name,83.09,month,devwork
2026-01-19,f9342ead-59a2-4c58-b54c-0ae4ab16c9da,Penner Farms - W 1/2 4-9-13 (site 4),fb5c3a62-e511-4a4a-8833-ae0501629275,Symo  24.0-3 480 (1),24.0,parsed_from_inverter_name,74.0,month,devwork
2026-01-19,f9342ead-59a2-4c58-b54c-0ae4ab16c9da,Penner Farms - W 1/2 4-9-13 (site 4),9ac5f278-7103-4c7e-a7ee-f10c33ef27f3,Symo Advanced 24.0-3 480 (2),24.0,parsed_from_inverter_name,77.61,month,devwork
2026-01-20,f9342ead-59a2-4c58-b54c-0ae4ab16c9da,Penner Farms - W 1/2 4-9-13 (site 4),fb5c3a62-e511-4a4a-8833-ae0501629275,Symo  24.0-3 480 (1),24.0,parsed_from_inverter_name,23.42,month,devwork
2026-01-20,f9342ead-59a2-4c58-b54c-0ae4ab16c9da,Penner Farms - W 1/2 4-9-13 (site 4),9ac5f278-7103-4c7e-a7ee-f10c33ef27f3,Symo Advanced 24.0-3 480 (2),24.0,parsed_from_inverter_name,31.13,month,devwork
2026-01-21,f9342ead-59a2-4c58-b54c-0ae4ab16c9da,Penner Farms - W 1/2 4-9-13 (site 4),fb5c3a62-e511-4a4a-8833-ae0501629275,Symo  24.0-3 480 (1),24.0,parsed_from_inverter_name,114.37,month,devwork
2026-01-21,f9342ead-59a2-4c58-b54c-0ae4ab16c9da,Penner Farms - W 1/2 4-9-13 (site 4),9ac5f278-7103-4c7e-a7ee-f10c33ef27f3,Symo Advanced 24.0-3 480 (2),24.0,parsed_from_inverter_name,122.05,month,devwork
2026-01-22,f9342ead-59a2-4c58-b54c-0ae4ab16c9da,Penner Farms - W 1/2 4-9-13 (site 4),fb5c3a62-e511-4a4a-8833-ae0501629275,Symo  24.0-3 480 (1),24.0,parsed_from_inverter_name,43.34,month,devwork
2026-01-22,f9342ead-59a2-4c58-b54c-0ae4ab16c9da,Penner Farms - W 1/2 4-9-13 (site 4),9ac5f278-7103-4c7e-a7ee-f10c33ef27f3,Symo Advanced 24.0-3 480 (2),24.0,parsed_from_inverter_name,35.7,month,devwork
2026-01-23,f9342ead-59a2-4c58-b54c-0ae4ab16c9da,Penner Farms - W 1/2 4-9-13 (site 4),fb5c3a62-e511-4a4a-8833-ae0501629275,Symo  24.0-3 480 (1),24.0,parsed_from_inverter_name,108.93,month,devwork
2026-01-23,f9342ead-59a2-4c58-b54c-0ae4ab16c9da,Penner Farms - W 1/2 4-9-13 (site 4),9ac5f278-7103-4c7e-a7ee-f10c33ef27f3,Symo Advanced 24.0-3 480 (2),24.0,parsed_from_inverter_name,105.87,month,devwork
2026-01-24,f9342ead-59a2-4c58-b54c-0ae4ab16c9da,Penner Farms - W 1/2 4-9-13 (site 4),fb5c3a62-e511-4a4a-8833-ae0501629275,Symo  24.0-3 480 (1),24.0,parsed_from_inverter_name,32.37,month,devwork
2026-01-24,f9342ead-59a2-4c58-b54c-0ae4ab16c9da,Penner Farms - W 1/2 4-9-13 (site 4),9ac5f278-7103-4c7e-a7ee-f10c33ef27f3,Symo Advanced 24.0-3 480 (2),24.0,parsed_from_inverter_name,28.91,month,devwork
2026-01-25,f9342ead-59a2-4c58-b54c-0ae4ab16c9da,Penner Farms - W 1/2 4-9-13 (site 4),fb5c3a62-e511-4a4a-8833-ae0501629275,Symo  24.0-3 480 (1),24.0,parsed_from_inverter_name,100.33,month,devwork
2026-01-25,f9342ead-59a2-4c58-b54c-0ae4ab16c9da,Penner Farms - W 1/2 4-9-13 (site 4),9ac5f278-7103-4c7e-a7ee-f10c33ef27f3,Symo Advanced 24.0-3 480 (2),24.0,parsed_from_inverter_name,90.83,month,devwork
2026-01-26,f9342ead-59a2-4c58-b54c-0ae4ab16c9da,Penner Farms - W 1/2 4-9-13 (site 4),fb5c3a62-e511-4a4a-8833-ae0501629275,Symo  24.0-3 480 (1),24.0,parsed_from_inverter_name,82.99,month,devwork
2026-01-26,f9342ead-59a2-4c58-b54c-0ae4ab16c9da,Penner Farms - W 1/2 4-9-13 (site 4),9ac5f278-7103-4c7e-a7ee-f10c33ef27f3,Symo Advanced 24.0-3 480 (2),24.0,parsed_from_inverter_name,81.01,month,devwork
2026-01-27,f9342ead-59a2-4c58-b54c-0ae4ab16c9da,Penner Farms - W 1/2 4-9-13 (site 4),fb5c3a62-e511-4a4a-8833-ae0501629275,Symo  24.0-3 480 (1),24.0,parsed_from_inverter_name,137.5,month,devwork
2026-01-27,f9342ead-59a2-4c58-b54c-0ae4ab16c9da,Penner Farms - W 1/2 4-9-13 (site 4),9ac5f278-7103-4c7e-a7ee-f10c33ef27f3,Symo Advanced 24.0-3 480 (2),24.0,parsed_from_inverter_name,143.27,month,devwork
2026-01-28,f9342ead-59a2-4c58-b54c-0ae4ab16c9da,Penner Farms - W 1/2 4-9-13 (site 4),fb5c3a62-e511-4a4a-8833-ae0501629275,Symo  24.0-3 480 (1),24.0,parsed_from_inverter_name,36.05,month,devwork
2026-01-28,f9342ead-59a2-4c58-b54c-0ae4ab16c9da,Penner Farms - W 1/2 4-9-13 (site 4),9ac5f278-7103-4c7e-a7ee-f10c33ef27f3,Symo Advanced 24.0-3 480 (2),24.0,parsed_from_inverter_name,37.57,month,devwork
2026-01-29,f9342ead-59a2-4c58-b54c-0ae4ab16c9da,Penner Farms - W 1/2 4-9-13 (site 4),fb5c3a62-e511-4a4a-8833-ae0501629275,Symo  24.0-3 480 (1),24.0,parsed_from_inverter_name,88.01,month,devwork
2026-01-29,f9342ead-59a2-4c58-b54c-0ae4ab16c9da,Penner Farms - W 1/2 4-9-13 (site 4),9ac5f278-7103-4c7e-a7ee-f10c33ef27f3,Symo Advanced 24.0-3 480 (2),24.0,parsed_from_inverter_name,92.54,month,devwork
2026-01-30,f9342ead-59a2-4c58-b54c-0ae4ab16c9da,Penner Farms - W 1/2 4-9-13 (site 4),fb5c3a62-e511-4a4a-8833-ae0501629275,Symo  24.0-3 480 (1),24.0,parsed_from_inverter_name,52.73,month,devwork
2026-01-30,f9342ead-59a2-4c58-b54c-0ae4ab16c9da,Penner Farms - W 1/2 4-9-13 (site 4),9ac5f278-7103-4c7e-a7ee-f10c33ef27f3,Symo Advanced 24.0-3 480 (2),24.0,parsed_from_inverter_name,54.29,month,devwork
2026-01-31,f9342ead-59a2-4c58-b54c-0ae4ab16c9da,Penner Farms - W 1/2 4-9-13 (site 4),fb5c3a62-e511-4a4a-8833-ae0501629275,Symo  24.0-3 480 (1),24.0,parsed_from_inverter_name,118.44,month,devwork
2026-01-31,f9342ead-59a2-4c58-b54c-0ae4ab16c9da,Penner Farms - W 1/2 4-9-13 (site 4),9ac5f278-7103-4c7e-a7ee-f10c33ef27f3,Symo Advanced 24.0-3 480 (2),24.0,parsed_from_inverter_name,122.67,month,devwork
2026-02-01,f9342ead-59a2-4c58-b54c-0ae4ab16c9da,Penner Farms - W 1/2 4-9-13 (site 4),fb5c3a62-e511-4a4a-8833-ae0501629275,Symo  24.0-3 480 (1),24.0,parsed_from_inverter_name,39.82,month,devwork
2026-02-01,f9342ead-59a2-4c58-b54c-0ae4ab16c9da,Penner Farms - W 1/2 4-9-13 (site 4),9ac5f278-7103-4c7e-a7ee-f10c33ef27f3,Symo Advanced 24.0-3 480 (2),24.0,parsed_from_inverter_name,40.54,month,devwork
2026-02-02,f9342ead-59a2-4c58-b54c-0ae4ab16c9da,Penner Farms - W 1/2 4-9-13 (site 4),fb5c3a62-e511-4a4a-8833-ae0501629275,Symo  24.0-3 480 (1),24.0,parsed_from_inverter_name,128.45,month,devwork
2026-02-02,f9342ead-59a2-4c58-b54c-0ae4ab16c9da,Penner Farms - W 1/2 4-9-13 (site 4),9ac5f278-7103-4c7e-a7ee-f10c33ef27f3,Symo Advanced 24.0-3 480 (2),24.0,parsed_from_inverter_name,132.34,month,devwork
2026-02-03,f9342ead-59a2-4c58-b54c-0ae4ab16c9da,Penner Farms - W 1/2 4-9-13 (site 4),fb5c3a62-e511-4a4a-8833-ae0501629275,Symo  24.0-3 480 (1),24.0,parsed_from_inverter_name,95.31,month,devwork
2026-02-03,f9342ead-59a2-4c58-b54c-0ae4ab16c9da,Penner Farms - W 1/2 4-9-13 (site 4),9ac5f278-7103-4c7e-a7ee-f10c33ef27f3,Symo Advanced 24.0-3 480 (2),24.0,parsed_from_inverter_name,99.07,month,devwork
2026-02-04,f9342ead-59a2-4c58-b54c-0ae4ab16c9da,Penner Farms - W 1/2 4-9-13 (site 4),fb5c3a62-e511-4a4a-8833-ae0501629275,Symo  24.0-3 480 (1),24.0,parsed_from_inverter_name,84.65,month,devwork
2026-02-04,f9342ead-59a2-4c58-b54c-0ae4ab16c9da,Penner Farms - W 1/2 4-9-13 (site 4),9ac5f278-7103-4c7e-a7ee-f10c33ef27f3,Symo Advanced 24.0-3 480 (2),24.0,parsed_from_inverter_name,87.43,month,devwork
2026-02-05,f9342ead-59a2-4c58-b54c-0ae4ab16c9da,Penner Farms - W 1/2 4-9-13 (site 4),fb5c3a62-e511-4a4a-8833-ae0501629275,Symo  24.0-3 480 (1),24.0,parsed_from_inverter_name,145.35,month,devwork
2026-02-05,f9342ead-59a2-4c58-b54c-0ae4ab16c9da,Penner Farms - W 1/2 4-9-13 (site 4),9ac5f278-7103-4c7e-a7ee-f10c33ef27f3,Symo Advanced 24.0-3 480 (2),24.0,parsed_from_inverter_name,150.04,month,devwork
2026-02-06,f9342ead-59a2-4c58-b54c-0ae4ab16c9da,Penner Farms - W 1/2 4-9-13 (site 4),fb5c3a62-e511-4a4a-8833-ae0501629275,Symo  24.0-3 480 (1),24.0,parsed_from_inverter_name,125.33,month,devwork
2026-02-06,f9342ead-59a2-4c58-b54c-0ae4ab16c9da,Penner Farms - W 1/2 4-9-13 (site 4),9ac5f278-7103-4c7e-a7ee-f10c33ef27f3,Symo Advanced 24.0-3 480 (2),24.0,parsed_from_inverter_name,128.92,month,devwork
2026-02-07,f9342ead-59a2-4c58-b54c-0ae4ab16c9da,Penner Farms - W 1/2 4-9-13 (site 4),fb5c3a62-e511-4a4a-8833-ae0501629275,Symo  24.0-3 480 (1),24.0,parsed_from_inverter_name,116.79,month,devwork
2026-02-07,f9342ead-59a2-4c58-b54c-0ae4ab16c9da,Penner Farms - W 1/2 4-9-13 (site 4),9ac5f278-7103-4c7e-a7ee-f10c33ef27f3,Symo Advanced 24.0-3 480 (2),24.0,parsed_from_inverter_name,120.3,month,devwork
2026-02-08,f9342ead-59a2-4c58-b54c-0ae4ab16c9da,Penner Farms - W 1/2 4-9-13 (site 4),fb5c3a62-e511-4a4a-8833-ae0501629275,Symo  24.0-3 480 (1),24.0,parsed_from_inverter_name,58.46,month,devwork
2026-02-08,f9342ead-59a2-4c58-b54c-0ae4ab16c9da,Penner Farms - W 1/2 4-9-13 (site 4),9ac5f278-7103-4c7e-a7ee-f10c33ef27f3,Symo Advanced 24.0-3 480 (2),24.0,parsed_from_inverter_name,59.56,month,devwork
2026-02-09,f9342ead-59a2-4c58-b54c-0ae4ab16c9da,Penner Farms - W 1/2 4-9-13 (site 4),fb5c3a62-e511-4a4a-8833-ae0501629275,Symo  24.0-3 480 (1),24.0,parsed_from_inverter_name,79.28,month,devwork
2026-02-09,f9342ead-59a2-4c58-b54c-0ae4ab16c9da,Penner Farms - W 1/2 4-9-13 (site 4),9ac5f278-7103-4c7e-a7ee-f10c33ef27f3,Symo Advanced 24.0-3 480 (2),24.0,parsed_from_inverter_name,81.84,month,devwork
2026-02-10,f9342ead-59a2-4c58-b54c-0ae4ab16c9da,Penner Farms - W 1/2 4-9-13 (site 4),fb5c3a62-e511-4a4a-8833-ae0501629275,Symo  24.0-3 480 (1),24.0,parsed_from_inverter_name,159.83,month,devwork
2026-02-10,f9342ead-59a2-4c58-b54c-0ae4ab16c9da,Penner Farms - W 1/2 4-9-13 (site 4),9ac5f278-7103-4c7e-a7ee-f10c33ef27f3,Symo Advanced 24.0-3 480 (2),24.0,parsed_from_inverter_name,158.79,month,devwork
2026-02-11,f9342ead-59a2-4c58-b54c-0ae4ab16c9da,Penner Farms - W 1/2 4-9-13 (site 4),fb5c3a62-e511-4a4a-8833-ae0501629275,Symo  24.0-3 480 (1),24.0,parsed_from_inverter_name,158.93,month,devwork
2026-02-11,f9342ead-59a2-4c58-b54c-0ae4ab16c9da,Penner Farms - W 1/2 4-9-13 (site 4),9ac5f278-7103-4c7e-a7ee-f10c33ef27f3,Symo Advanced 24.0-3 480 (2),24.0,parsed_from_inverter_name,162.54,month,devwork
2026-02-12,f9342ead-59a2-4c58-b54c-0ae4ab16c9da,Penner Farms - W 1/2 4-9-13 (site 4),fb5c3a62-e511-4a4a-8833-ae0501629275,Symo  24.0-3 480 (1),24.0,parsed_from_inverter_name,105.54,month,devwork
2026-02-12,f9342ead-59a2-4c58-b54c-0ae4ab16c9da,Penner Farms - W 1/2 4-9-13 (site 4),9ac5f278-7103-4c7e-a7ee-f10c33ef27f3,Symo Advanced 24.0-3 480 (2),24.0,parsed_from_inverter_name,107.87,month,devwork
2026-02-13,f9342ead-59a2-4c58-b54c-0ae4ab16c9da,Penner Farms - W 1/2 4-9-13 (site 4),fb5c3a62-e511-4a4a-8833-ae0501629275,Symo  24.0-3 480 (1),24.0,parsed_from_inverter_name,67.79,month,devwork
2026-02-13,f9342ead-59a2-4c58-b54c-0ae4ab16c9da,Penner Farms - W 1/2 4-9-13 (site 4),9ac5f278-7103-4c7e-a7ee-f10c33ef27f3,Symo Advanced 24.0-3 480 (2),24.0,parsed_from_inverter_name,69.49,month,devwork
2026-02-14,f9342ead-59a2-4c58-b54c-0ae4ab16c9da,Penner Farms - W 1/2 4-9-13 (site 4),fb5c3a62-e511-4a4a-8833-ae0501629275,Symo  24.0-3 480 (1),24.0,parsed_from_inverter_name,122.0,month,devwork
2026-02-14,f9342ead-59a2-4c58-b54c-0ae4ab16c9da,Penner Farms - W 1/2 4-9-13 (site 4),9ac5f278-7103-4c7e-a7ee-f10c33ef27f3,Symo Advanced 24.0-3 480 (2),24.0,parsed_from_inverter_name,122.5,month,devwork
2026-02-16,f9342ead-59a2-4c58-b54c-0ae4ab16c9da,Penner Farms - W 1/2 4-9-13 (site 4),fb5c3a62-e511-4a4a-8833-ae0501629275,Symo  24.0-3 480 (1),24.0,parsed_from_inverter_name,107.98,month,devwork
2026-02-16,f9342ead-59a2-4c58-b54c-0ae4ab16c9da,Penner Farms - W 1/2 4-9-13 (site 4),9ac5f278-7103-4c7e-a7ee-f10c33ef27f3,Symo Advanced 24.0-3 480 (2),24.0,parsed_from_inverter_name,109.69,month,devwork
2026-02-17,f9342ead-59a2-4c58-b54c-0ae4ab16c9da,Penner Farms - W 1/2 4-9-13 (site 4),fb5c3a62-e511-4a4a-8833-ae0501629275,Symo  24.0-3 480 (1),24.0,parsed_from_inverter_name,31.1,month,devwork
2026-02-17,f9342ead-59a2-4c58-b54c-0ae4ab16c9da,Penner Farms - W 1/2 4-9-13 (site 4),9ac5f278-7103-4c7e-a7ee-f10c33ef27f3,Symo Advanced 24.0-3 480 (2),24.0,parsed_from_inverter_name,32.17,month,devwork
2026-02-18,f9342ead-59a2-4c58-b54c-0ae4ab16c9da,Penner Farms - W 1/2 4-9-13 (site 4),fb5c3a62-e511-4a4a-8833-ae0501629275,Symo  24.0-3 480 (1),24.0,parsed_from_inverter_name,100.81,month,devwork
2026-02-18,f9342ead-59a2-4c58-b54c-0ae4ab16c9da,Penner Farms - W 1/2 4-9-13 (site 4),9ac5f278-7103-4c7e-a7ee-f10c33ef27f3,Symo Advanced 24.0-3 480 (2),24.0,parsed_from_inverter_name,105.22,month,devwork
2026-02-19,f9342ead-59a2-4c58-b54c-0ae4ab16c9da,Penner Farms - W 1/2 4-9-13 (site 4),fb5c3a62-e511-4a4a-8833-ae0501629275,Symo  24.0-3 480 (1),24.0,parsed_from_inverter_name,135.09,month,devwork
2026-02-19,f9342ead-59a2-4c58-b54c-0ae4ab16c9da,Penner Farms - W 1/2 4-9-13 (site 4),9ac5f278-7103-4c7e-a7ee-f10c33ef27f3,Symo Advanced 24.0-3 480 (2),24.0,parsed_from_inverter_name,146.56,month,devwork
2026-02-20,f9342ead-59a2-4c58-b54c-0ae4ab16c9da,Penner Farms - W 1/2 4-9-13 (site 4),fb5c3a62-e511-4a4a-8833-ae0501629275,Symo  24.0-3 480 (1),24.0,parsed_from_inverter_name,128.53,month,devwork
2026-02-20,f9342ead-59a2-4c58-b54c-0ae4ab16c9da,Penner Farms - W 1/2 4-9-13 (site 4),9ac5f278-7103-4c7e-a7ee-f10c33ef27f3,Symo Advanced 24.0-3 480 (2),24.0,parsed_from_inverter_name,132.4,month,devwork
2026-02-21,f9342ead-59a2-4c58-b54c-0ae4ab16c9da,Penner Farms - W 1/2 4-9-13 (site 4),fb5c3a62-e511-4a4a-8833-ae0501629275,Symo  24.0-3 480 (1),24.0,parsed_from_inverter_name,178.09,month,devwork
2026-02-21,f9342ead-59a2-4c58-b54c-0ae4ab16c9da,Penner Farms - W 1/2 4-9-13 (site 4),9ac5f278-7103-4c7e-a7ee-f10c33ef27f3,Symo Advanced 24.0-3 480 (2),24.0,parsed_from_inverter_name,177.4,month,devwork
2026-02-22,f9342ead-59a2-4c58-b54c-0ae4ab16c9da,Penner Farms - W 1/2 4-9-13 (site 4),fb5c3a62-e511-4a4a-8833-ae0501629275,Symo  24.0-3 480 (1),24.0,parsed_from_inverter_name,163.98,month,devwork
2026-02-22,f9342ead-59a2-4c58-b54c-0ae4ab16c9da,Penner Farms - W 1/2 4-9-13 (site 4),9ac5f278-7103-4c7e-a7ee-f10c33ef27f3,Symo Advanced 24.0-3 480 (2),24.0,parsed_from_inverter_name,163.26,month,devwork
2026-02-23,f9342ead-59a2-4c58-b54c-0ae4ab16c9da,Penner Farms - W 1/2 4-9-13 (site 4),fb5c3a62-e511-4a4a-8833-ae0501629275,Symo  24.0-3 480 (1),24.0,parsed_from_inverter_name,115.33,month,devwork
2026-02-23,f9342ead-59a2-4c58-b54c-0ae4ab16c9da,Penner Farms - W 1/2 4-9-13 (site 4),9ac5f278-7103-4c7e-a7ee-f10c33ef27f3,Symo Advanced 24.0-3 480 (2),24.0,parsed_from_inverter_name,118.36,month,devwork
2026-02-24,f9342ead-59a2-4c58-b54c-0ae4ab16c9da,Penner Farms - W 1/2 4-9-13 (site 4),fb5c3a62-e511-4a4a-8833-ae0501629275,Symo  24.0-3 480 (1),24.0,parsed_from_inverter_name,174.92,month,devwork
2026-02-24,f9342ead-59a2-4c58-b54c-0ae4ab16c9da,Penner Farms - W 1/2 4-9-13 (site 4),9ac5f278-7103-4c7e-a7ee-f10c33ef27f3,Symo Advanced 24.0-3 480 (2),24.0,parsed_from_inverter_name,177.57,month,devwork
2026-02-25,f9342ead-59a2-4c58-b54c-0ae4ab16c9da,Penner Farms - W 1/2 4-9-13 (site 4),fb5c3a62-e511-4a4a-8833-ae0501629275,Symo  24.0-3 480 (1),24.0,parsed_from_inverter_name,100.69,month,devwork
2026-02-25,f9342ead-59a2-4c58-b54c-0ae4ab16c9da,Penner Farms - W 1/2 4-9-13 (site 4),9ac5f278-7103-4c7e-a7ee-f10c33ef27f3,Symo Advanced 24.0-3 480 (2),24.0,parsed_from_inverter_name,103.38,month,devwork
2026-02-26,f9342ead-59a2-4c58-b54c-0ae4ab16c9da,Penner Farms - W 1/2 4-9-13 (site 4),fb5c3a62-e511-4a4a-8833-ae0501629275,Symo  24.0-3 480 (1),24.0,parsed_from_inverter_name,46.06,month,devwork
2026-02-26,f9342ead-59a2-4c58-b54c-0ae4ab16c9da,Penner Farms - W 1/2 4-9-13 (site 4),9ac5f278-7103-4c7e-a7ee-f10c33ef27f3,Symo Advanced 24.0-3 480 (2),24.0,parsed_from_inverter_name,47.87,month,devwork
2026-02-27,f9342ead-59a2-4c58-b54c-0ae4ab16c9da,Penner Farms - W 1/2 4-9-13 (site 4),fb5c3a62-e511-4a4a-8833-ae0501629275,Symo  24.0-3 480 (1),24.0,parsed_from_inverter_name,50.6,month,devwork
2026-02-27,f9342ead-59a2-4c58-b54c-0ae4ab16c9da,Penner Farms - W 1/2 4-9-13 (site 4),9ac5f278-7103-4c7e-a7ee-f10c33ef27f3,Symo Advanced 24.0-3 480 (2),24.0,parsed_from_inverter_name,52.57,month,devwork
2026-02-28,f9342ead-59a2-4c58-b54c-0ae4ab16c9da,Penner Farms - W 1/2 4-9-13 (site 4),fb5c3a62-e511-4a4a-8833-ae0501629275,Symo  24.0-3 480 (1),24.0,parsed_from_inverter_name,103.54,month,devwork
2026-02-28,f9342ead-59a2-4c58-b54c-0ae4ab16c9da,Penner Farms - W 1/2 4-9-13 (site 4),9ac5f278-7103-4c7e-a7ee-f10c33ef27f3,Symo Advanced 24.0-3 480 (2),24.0,parsed_from_inverter_name,109.89,month,devwork
2026-03-01,f9342ead-59a2-4c58-b54c-0ae4ab16c9da,Penner Farms - W 1/2 4-9-13 (site 4),fb5c3a62-e511-4a4a-8833-ae0501629275,Symo  24.0-3 480 (1),24.0,parsed_from_inverter_name,178.54,month,devwork
2026-03-01,f9342ead-59a2-4c58-b54c-0ae4ab16c9da,Penner Farms - W 1/2 4-9-13 (site 4),9ac5f278-7103-4c7e-a7ee-f10c33ef27f3,Symo Advanced 24.0-3 480 (2),24.0,parsed_from_inverter_name,176.89,month,devwork
2026-03-02,f9342ead-59a2-4c58-b54c-0ae4ab16c9da,Penner Farms - W 1/2 4-9-13 (site 4),fb5c3a62-e511-4a4a-8833-ae0501629275,Symo  24.0-3 480 (1),24.0,parsed_from_inverter_name,172.39,month,devwork
2026-03-02,f9342ead-59a2-4c58-b54c-0ae4ab16c9da,Penner Farms - W 1/2 4-9-13 (site 4),9ac5f278-7103-4c7e-a7ee-f10c33ef27f3,Symo Advanced 24.0-3 480 (2),24.0,parsed_from_inverter_name,173.49,month,devwork
2026-03-03,f9342ead-59a2-4c58-b54c-0ae4ab16c9da,Penner Farms - W 1/2 4-9-13 (site 4),fb5c3a62-e511-4a4a-8833-ae0501629275,Symo  24.0-3 480 (1),24.0,parsed_from_inverter_name,47.24,month,devwork
2026-03-03,f9342ead-59a2-4c58-b54c-0ae4ab16c9da,Penner Farms - W 1/2 4-9-13 (site 4),9ac5f278-7103-4c7e-a7ee-f10c33ef27f3,Symo Advanced 24.0-3 480 (2),24.0,parsed_from_inverter_name,49.14,month,devwork
2026-03-04,f9342ead-59a2-4c58-b54c-0ae4ab16c9da,Penner Farms - W 1/2 4-9-13 (site 4),fb5c3a62-e511-4a4a-8833-ae0501629275,Symo  24.0-3 480 (1),24.0,parsed_from_inverter_name,53.79,month,devwork
2026-03-04,f9342ead-59a2-4c58-b54c-0ae4ab16c9da,Penner Farms - W 1/2 4-9-13 (site 4),9ac5f278-7103-4c7e-a7ee-f10c33ef27f3,Symo Advanced 24.0-3 480 (2),24.0,parsed_from_inverter_name,45.39,month,devwork
2026-03-05,f9342ead-59a2-4c58-b54c-0ae4ab16c9da,Penner Farms - W 1/2 4-9-13 (site 4),fb5c3a62-e511-4a4a-8833-ae0501629275,Symo  24.0-3 480 (1),24.0,parsed_from_inverter_name,118.59,month,devwork
2026-03-05,f9342ead-59a2-4c58-b54c-0ae4ab16c9da,Penner Farms - W 1/2 4-9-13 (site 4),9ac5f278-7103-4c7e-a7ee-f10c33ef27f3,Symo Advanced 24.0-3 480 (2),24.0,parsed_from_inverter_name,117.67,month,devwork
2026-03-06,f9342ead-59a2-4c58-b54c-0ae4ab16c9da,Penner Farms - W 1/2 4-9-13 (site 4),fb5c3a62-e511-4a4a-8833-ae0501629275,Symo  24.0-3 480 (1),24.0,parsed_from_inverter_name,180.76,month,devwork
2026-03-06,f9342ead-59a2-4c58-b54c-0ae4ab16c9da,Penner Farms - W 1/2 4-9-13 (site 4),9ac5f278-7103-4c7e-a7ee-f10c33ef27f3,Symo Advanced 24.0-3 480 (2),24.0,parsed_from_inverter_name,183.31,month,devwork
2026-03-07,f9342ead-59a2-4c58-b54c-0ae4ab16c9da,Penner Farms - W 1/2 4-9-13 (site 4),fb5c3a62-e511-4a4a-8833-ae0501629275,Symo  24.0-3 480 (1),24.0,parsed_from_inverter_name,143.26,month,devwork
2026-03-07,f9342ead-59a2-4c58-b54c-0ae4ab16c9da,Penner Farms - W 1/2 4-9-13 (site 4),9ac5f278-7103-4c7e-a7ee-f10c33ef27f3,Symo Advanced 24.0-3 480 (2),24.0,parsed_from_inverter_name,147.18,month,devwork
2026-03-08,f9342ead-59a2-4c58-b54c-0ae4ab16c9da,Penner Farms - W 1/2 4-9-13 (site 4),fb5c3a62-e511-4a4a-8833-ae0501629275,Symo  24.0-3 480 (1),24.0,parsed_from_inverter_name,79.45,month,devwork
2026-03-08,f9342ead-59a2-4c58-b54c-0ae4ab16c9da,Penner Farms - W 1/2 4-9-13 (site 4),9ac5f278-7103-4c7e-a7ee-f10c33ef27f3,Symo Advanced 24.0-3 480 (2),24.0,parsed_from_inverter_name,77.77,month,devwork
2026-03-09,f9342ead-59a2-4c58-b54c-0ae4ab16c9da,Penner Farms - W 1/2 4-9-13 (site 4),fb5c3a62-e511-4a4a-8833-ae0501629275,Symo  24.0-3 480 (1),24.0,parsed_from_inverter_name,162.62,month,devwork
2026-03-09,f9342ead-59a2-4c58-b54c-0ae4ab16c9da,Penner Farms - W 1/2 4-9-13 (site 4),9ac5f278-7103-4c7e-a7ee-f10c33ef27f3,Symo Advanced 24.0-3 480 (2),24.0,parsed_from_inverter_name,159.7,month,devwork
2026-03-10,f9342ead-59a2-4c58-b54c-0ae4ab16c9da,Penner Farms - W 1/2 4-9-13 (site 4),fb5c3a62-e511-4a4a-8833-ae0501629275,Symo  24.0-3 480 (1),24.0,parsed_from_inverter_name,176.45,month,devwork
2026-03-10,f9342ead-59a2-4c58-b54c-0ae4ab16c9da,Penner Farms - W 1/2 4-9-13 (site 4),9ac5f278-7103-4c7e-a7ee-f10c33ef27f3,Symo Advanced 24.0-3 480 (2),24.0,parsed_from_inverter_name,178.7,month,devwork
2026-03-11,f9342ead-59a2-4c58-b54c-0ae4ab16c9da,Penner Farms - W 1/2 4-9-13 (site 4),fb5c3a62-e511-4a4a-8833-ae0501629275,Symo  24.0-3 480 (1),24.0,parsed_from_inverter_name,182.92,month,devwork
2026-03-11,f9342ead-59a2-4c58-b54c-0ae4ab16c9da,Penner Farms - W 1/2 4-9-13 (site 4),9ac5f278-7103-4c7e-a7ee-f10c33ef27f3,Symo Advanced 24.0-3 480 (2),24.0,parsed_from_inverter_name,185.14,month,devwork
2026-03-12,f9342ead-59a2-4c58-b54c-0ae4ab16c9da,Penner Farms - W 1/2 4-9-13 (site 4),fb5c3a62-e511-4a4a-8833-ae0501629275,Symo  24.0-3 480 (1),24.0,parsed_from_inverter_name,43.16,month,devwork
2026-03-12,f9342ead-59a2-4c58-b54c-0ae4ab16c9da,Penner Farms - W 1/2 4-9-13 (site 4),9ac5f278-7103-4c7e-a7ee-f10c33ef27f3,Symo Advanced 24.0-3 480 (2),24.0,parsed_from_inverter_name,45.17,month,devwork
2026-03-13,f9342ead-59a2-4c58-b54c-0ae4ab16c9da,Penner Farms - W 1/2 4-9-13 (site 4),fb5c3a62-e511-4a4a-8833-ae0501629275,Symo  24.0-3 480 (1),24.0,parsed_from_inverter_name,58.15,month,devwork
2026-03-13,f9342ead-59a2-4c58-b54c-0ae4ab16c9da,Penner Farms - W 1/2 4-9-13 (site 4),9ac5f278-7103-4c7e-a7ee-f10c33ef27f3,Symo Advanced 24.0-3 480 (2),24.0,parsed_from_inverter_name,60.41,month,devwork
2026-03-14,f9342ead-59a2-4c58-b54c-0ae4ab16c9da,Penner Farms - W 1/2 4-9-13 (site 4),fb5c3a62-e511-4a4a-8833-ae0501629275,Symo  24.0-3 480 (1),24.0,parsed_from_inverter_name,32.6,month,devwork
2026-03-14,f9342ead-59a2-4c58-b54c-0ae4ab16c9da,Penner Farms - W 1/2 4-9-13 (site 4),9ac5f278-7103-4c7e-a7ee-f10c33ef27f3,Symo Advanced 24.0-3 480 (2),24.0,parsed_from_inverter_name,35.12,month,devwork
2026-03-15,f9342ead-59a2-4c58-b54c-0ae4ab16c9da,Penner Farms - W 1/2 4-9-13 (site 4),fb5c3a62-e511-4a4a-8833-ae0501629275,Symo  24.0-3 480 (1),24.0,parsed_from_inverter_name,136.83,month,devwork
2026-03-15,f9342ead-59a2-4c58-b54c-0ae4ab16c9da,Penner Farms - W 1/2 4-9-13 (site 4),9ac5f278-7103-4c7e-a7ee-f10c33ef27f3,Symo Advanced 24.0-3 480 (2),24.0,parsed_from_inverter_name,165.41,month,devwork
2026-03-16,f9342ead-59a2-4c58-b54c-0ae4ab16c9da,Penner Farms - W 1/2 4-9-13 (site 4),fb5c3a62-e511-4a4a-8833-ae0501629275,Symo  24.0-3 480 (1),24.0,parsed_from_inverter_name,87.0,month,devwork
2026-03-16,f9342ead-59a2-4c58-b54c-0ae4ab16c9da,Penner Farms - W 1/2 4-9-13 (site 4),9ac5f278-7103-4c7e-a7ee-f10c33ef27f3,Symo Advanced 24.0-3 480 (2),24.0,parsed_from_inverter_name,86.09,month,devwork
2026-03-17,f9342ead-59a2-4c58-b54c-0ae4ab16c9da,Penner Farms - W 1/2 4-9-13 (site 4),fb5c3a62-e511-4a4a-8833-ae0501629275,Symo  24.0-3 480 (1),24.0,parsed_from_inverter_name,31.68,month,devwork
2026-03-17,f9342ead-59a2-4c58-b54c-0ae4ab16c9da,Penner Farms - W 1/2 4-9-13 (site 4),9ac5f278-7103-4c7e-a7ee-f10c33ef27f3,Symo Advanced 24.0-3 480 (2),24.0,parsed_from_inverter_name,32.87,month,devwork
2026-03-18,f9342ead-59a2-4c58-b54c-0ae4ab16c9da,Penner Farms - W 1/2 4-9-13 (site 4),fb5c3a62-e511-4a4a-8833-ae0501629275,Symo  24.0-3 480 (1),24.0,parsed_from_inverter_name,77.85,month,devwork
2026-03-18,f9342ead-59a2-4c58-b54c-0ae4ab16c9da,Penner Farms - W 1/2 4-9-13 (site 4),9ac5f278-7103-4c7e-a7ee-f10c33ef27f3,Symo Advanced 24.0-3 480 (2),24.0,parsed_from_inverter_name,80.43,month,devwork
2026-03-19,f9342ead-59a2-4c58-b54c-0ae4ab16c9da,Penner Farms - W 1/2 4-9-13 (site 4),fb5c3a62-e511-4a4a-8833-ae0501629275,Symo  24.0-3 480 (1),24.0,parsed_from_inverter_name,81.73,month,devwork
2026-03-19,f9342ead-59a2-4c58-b54c-0ae4ab16c9da,Penner Farms - W 1/2 4-9-13 (site 4),9ac5f278-7103-4c7e-a7ee-f10c33ef27f3,Symo Advanced 24.0-3 480 (2),24.0,parsed_from_inverter_name,84.33,month,devwork
2026-03-20,f9342ead-59a2-4c58-b54c-0ae4ab16c9da,Penner Farms - W 1/2 4-9-13 (site 4),fb5c3a62-e511-4a4a-8833-ae0501629275,Symo  24.0-3 480 (1),24.0,parsed_from_inverter_name,153.53,month,devwork
2026-03-20,f9342ead-59a2-4c58-b54c-0ae4ab16c9da,Penner Farms - W 1/2 4-9-13 (site 4),9ac5f278-7103-4c7e-a7ee-f10c33ef27f3,Symo Advanced 24.0-3 480 (2),24.0,parsed_from_inverter_name,157.05,month,devwork
2026-03-21,f9342ead-59a2-4c58-b54c-0ae4ab16c9da,Penner Farms - W 1/2 4-9-13 (site 4),fb5c3a62-e511-4a4a-8833-ae0501629275,Symo  24.0-3 480 (1),24.0,parsed_from_inverter_name,47.55,month,devwork
2026-03-21,f9342ead-59a2-4c58-b54c-0ae4ab16c9da,Penner Farms - W 1/2 4-9-13 (site 4),9ac5f278-7103-4c7e-a7ee-f10c33ef27f3,Symo Advanced 24.0-3 480 (2),24.0,parsed_from_inverter_name,49.25,month,devwork
2026-03-22,f9342ead-59a2-4c58-b54c-0ae4ab16c9da,Penner Farms - W 1/2 4-9-13 (site 4),fb5c3a62-e511-4a4a-8833-ae0501629275,Symo  24.0-3 480 (1),24.0,parsed_from_inverter_name,174.47,month,devwork
2026-03-22,f9342ead-59a2-4c58-b54c-0ae4ab16c9da,Penner Farms - W 1/2 4-9-13 (site 4),9ac5f278-7103-4c7e-a7ee-f10c33ef27f3,Symo Advanced 24.0-3 480 (2),24.0,parsed_from_inverter_name,175.71,month,devwork
2026-03-23,f9342ead-59a2-4c58-b54c-0ae4ab16c9da,Penner Farms - W 1/2 4-9-13 (site 4),fb5c3a62-e511-4a4a-8833-ae0501629275,Symo  24.0-3 480 (1),24.0,parsed_from_inverter_name,174.19,month,devwork
2026-03-23,f9342ead-59a2-4c58-b54c-0ae4ab16c9da,Penner Farms - W 1/2 4-9-13 (site 4),9ac5f278-7103-4c7e-a7ee-f10c33ef27f3,Symo Advanced 24.0-3 480 (2),24.0,parsed_from_inverter_name,175.04,month,devwork
2026-03-24,f9342ead-59a2-4c58-b54c-0ae4ab16c9da,Penner Farms - W 1/2 4-9-13 (site 4),fb5c3a62-e511-4a4a-8833-ae0501629275,Symo  24.0-3 480 (1),24.0,parsed_from_inverter_name,52.13,month,devwork
2026-03-24,f9342ead-59a2-4c58-b54c-0ae4ab16c9da,Penner Farms - W 1/2 4-9-13 (site 4),9ac5f278-7103-4c7e-a7ee-f10c33ef27f3,Symo Advanced 24.0-3 480 (2),24.0,parsed_from_inverter_name,54.11,month,devwork
2026-03-25,f9342ead-59a2-4c58-b54c-0ae4ab16c9da,Penner Farms - W 1/2 4-9-13 (site 4),fb5c3a62-e511-4a4a-8833-ae0501629275,Symo  24.0-3 480 (1),24.0,parsed_from_inverter_name,167.28,month,devwork
2026-03-25,f9342ead-59a2-4c58-b54c-0ae4ab16c9da,Penner Farms - W 1/2 4-9-13 (site 4),9ac5f278-7103-4c7e-a7ee-f10c33ef27f3,Symo Advanced 24.0-3 480 (2),24.0,parsed_from_inverter_name,169.93,month,devwork
2026-03-26,f9342ead-59a2-4c58-b54c-0ae4ab16c9da,Penner Farms - W 1/2 4-9-13 (site 4),fb5c3a62-e511-4a4a-8833-ae0501629275,Symo  24.0-3 480 (1),24.0,parsed_from_inverter_name,139.38,month,devwork
2026-03-26,f9342ead-59a2-4c58-b54c-0ae4ab16c9da,Penner Farms - W 1/2 4-9-13 (site 4),9ac5f278-7103-4c7e-a7ee-f10c33ef27f3,Symo Advanced 24.0-3 480 (2),24.0,parsed_from_inverter_name,141.45,month,devwork
2026-03-27,f9342ead-59a2-4c58-b54c-0ae4ab16c9da,Penner Farms - W 1/2 4-9-13 (site 4),fb5c3a62-e511-4a4a-8833-ae0501629275,Symo  24.0-3 480 (1),24.0,parsed_from_inverter_name,184.61,month,devwork
2026-03-27,f9342ead-59a2-4c58-b54c-0ae4ab16c9da,Penner Farms - W 1/2 4-9-13 (site 4),9ac5f278-7103-4c7e-a7ee-f10c33ef27f3,Symo Advanced 24.0-3 480 (2),24.0,parsed_from_inverter_name,186.52,month,devwork
2026-03-28,f9342ead-59a2-4c58-b54c-0ae4ab16c9da,Penner Farms - W 1/2 4-9-13 (site 4),fb5c3a62-e511-4a4a-8833-ae0501629275,Symo  24.0-3 480 (1),24.0,parsed_from_inverter_name,140.4,month,devwork
2026-03-28,f9342ead-59a2-4c58-b54c-0ae4ab16c9da,Penner Farms - W 1/2 4-9-13 (site 4),9ac5f278-7103-4c7e-a7ee-f10c33ef27f3,Symo Advanced 24.0-3 480 (2),24.0,parsed_from_inverter_name,143.74,month,devwork
2026-03-29,f9342ead-59a2-4c58-b54c-0ae4ab16c9da,Penner Farms - W 1/2 4-9-13 (site 4),fb5c3a62-e511-4a4a-8833-ae0501629275,Symo  24.0-3 480 (1),24.0,parsed_from_inverter_name,39.89,month,devwork
2026-03-29,f9342ead-59a2-4c58-b54c-0ae4ab16c9da,Penner Farms - W 1/2 4-9-13 (site 4),9ac5f278-7103-4c7e-a7ee-f10c33ef27f3,Symo Advanced 24.0-3 480 (2),24.0,parsed_from_inverter_name,41.13,month,devwork
2026-03-30,f9342ead-59a2-4c58-b54c-0ae4ab16c9da,Penner Farms - W 1/2 4-9-13 (site 4),fb5c3a62-e511-4a4a-8833-ae0501629275,Symo  24.0-3 480 (1),24.0,parsed_from_inverter_name,70.79,month,devwork
2026-03-30,f9342ead-59a2-4c58-b54c-0ae4ab16c9da,Penner Farms - W 1/2 4-9-13 (site 4),9ac5f278-7103-4c7e-a7ee-f10c33ef27f3,Symo Advanced 24.0-3 480 (2),24.0,parsed_from_inverter_name,66.86,month,devwork
2026-03-31,f9342ead-59a2-4c58-b54c-0ae4ab16c9da,Penner Farms - W 1/2 4-9-13 (site 4),fb5c3a62-e511-4a4a-8833-ae0501629275,Symo  24.0-3 480 (1),24.0,parsed_from_inverter_name,176.71,month,devwork
2026-03-31,f9342ead-59a2-4c58-b54c-0ae4ab16c9da,Penner Farms - W 1/2 4-9-13 (site 4),9ac5f278-7103-4c7e-a7ee-f10c33ef27f3,Symo Advanced 24.0-3 480 (2),24.0,parsed_from_inverter_name,180.33,month,devwork
2026-04-01,f9342ead-59a2-4c58-b54c-0ae4ab16c9da,Penner Farms - W 1/2 4-9-13 (site 4),fb5c3a62-e511-4a4a-8833-ae0501629275,Symo  24.0-3 480 (1),24.0,parsed_from_inverter_name,168.75,month,devwork
2026-04-01,f9342ead-59a2-4c58-b54c-0ae4ab16c9da,Penner Farms - W 1/2 4-9-13 (site 4),9ac5f278-7103-4c7e-a7ee-f10c33ef27f3,Symo Advanced 24.0-3 480 (2),24.0,parsed_from_inverter_name,169.64,month,devwork
2026-04-02,f9342ead-59a2-4c58-b54c-0ae4ab16c9da,Penner Farms - W 1/2 4-9-13 (site 4),fb5c3a62-e511-4a4a-8833-ae0501629275,Symo  24.0-3 480 (1),24.0,parsed_from_inverter_name,54.55,month,devwork
2026-04-02,f9342ead-59a2-4c58-b54c-0ae4ab16c9da,Penner Farms - W 1/2 4-9-13 (site 4),9ac5f278-7103-4c7e-a7ee-f10c33ef27f3,Symo Advanced 24.0-3 480 (2),24.0,parsed_from_inverter_name,60.76,month,devwork
2026-04-03,f9342ead-59a2-4c58-b54c-0ae4ab16c9da,Penner Farms - W 1/2 4-9-13 (site 4),fb5c3a62-e511-4a4a-8833-ae0501629275,Symo  24.0-3 480 (1),24.0,parsed_from_inverter_name,123.38,month,devwork
2026-04-03,f9342ead-59a2-4c58-b54c-0ae4ab16c9da,Penner Farms - W 1/2 4-9-13 (site 4),9ac5f278-7103-4c7e-a7ee-f10c33ef27f3,Symo Advanced 24.0-3 480 (2),24.0,parsed_from_inverter_name,126.54,month,devwork
2026-04-04,f9342ead-59a2-4c58-b54c-0ae4ab16c9da,Penner Farms - W 1/2 4-9-13 (site 4),fb5c3a62-e511-4a4a-8833-ae0501629275,Symo  24.0-3 480 (1),24.0,parsed_from_inverter_name,186.13,month,devwork
2026-04-04,f9342ead-59a2-4c58-b54c-0ae4ab16c9da,Penner Farms - W 1/2 4-9-13 (site 4),9ac5f278-7103-4c7e-a7ee-f10c33ef27f3,Symo Advanced 24.0-3 480 (2),24.0,parsed_from_inverter_name,189.14,month,devwork
2026-04-05,f9342ead-59a2-4c58-b54c-0ae4ab16c9da,Penner Farms - W 1/2 4-9-13 (site 4),fb5c3a62-e511-4a4a-8833-ae0501629275,Symo  24.0-3 480 (1),24.0,parsed_from_inverter_name,124.84,month,devwork
2026-04-05,f9342ead-59a2-4c58-b54c-0ae4ab16c9da,Penner Farms - W 1/2 4-9-13 (site 4),9ac5f278-7103-4c7e-a7ee-f10c33ef27f3,Symo Advanced 24.0-3 480 (2),24.0,parsed_from_inverter_name,128.56,month,devwork
2026-04-06,f9342ead-59a2-4c58-b54c-0ae4ab16c9da,Penner Farms - W 1/2 4-9-13 (site 4),fb5c3a62-e511-4a4a-8833-ae0501629275,Symo  24.0-3 480 (1),24.0,parsed_from_inverter_name,166.62,month,devwork
2026-04-06,f9342ead-59a2-4c58-b54c-0ae4ab16c9da,Penner Farms - W 1/2 4-9-13 (site 4),9ac5f278-7103-4c7e-a7ee-f10c33ef27f3,Symo Advanced 24.0-3 480 (2),24.0,parsed_from_inverter_name,168.44,month,devwork
2026-04-07,f9342ead-59a2-4c58-b54c-0ae4ab16c9da,Penner Farms - W 1/2 4-9-13 (site 4),fb5c3a62-e511-4a4a-8833-ae0501629275,Symo  24.0-3 480 (1),24.0,parsed_from_inverter_name,64.38,month,devwork
2026-04-07,f9342ead-59a2-4c58-b54c-0ae4ab16c9da,Penner Farms - W 1/2 4-9-13 (site 4),9ac5f278-7103-4c7e-a7ee-f10c33ef27f3,Symo Advanced 24.0-3 480 (2),24.0,parsed_from_inverter_name,67.4,month,devwork
2026-04-08,f9342ead-59a2-4c58-b54c-0ae4ab16c9da,Penner Farms - W 1/2 4-9-13 (site 4),fb5c3a62-e511-4a4a-8833-ae0501629275,Symo  24.0-3 480 (1),24.0,parsed_from_inverter_name,146.37,month,devwork
2026-04-08,f9342ead-59a2-4c58-b54c-0ae4ab16c9da,Penner Farms - W 1/2 4-9-13 (site 4),9ac5f278-7103-4c7e-a7ee-f10c33ef27f3,Symo Advanced 24.0-3 480 (2),24.0,parsed_from_inverter_name,149.46,month,devwork
2026-04-09,f9342ead-59a2-4c58-b54c-0ae4ab16c9da,Penner Farms - W 1/2 4-9-13 (site 4),fb5c3a62-e511-4a4a-8833-ae0501629275,Symo  24.0-3 480 (1),24.0,parsed_from_inverter_name,175.53,month,devwork
2026-04-09,f9342ead-59a2-4c58-b54c-0ae4ab16c9da,Penner Farms - W 1/2 4-9-13 (site 4),9ac5f278-7103-4c7e-a7ee-f10c33ef27f3,Symo Advanced 24.0-3 480 (2),24.0,parsed_from_inverter_name,178.2,month,devwork
2026-04-10,f9342ead-59a2-4c58-b54c-0ae4ab16c9da,Penner Farms - W 1/2 4-9-13 (site 4),fb5c3a62-e511-4a4a-8833-ae0501629275,Symo  24.0-3 480 (1),24.0,parsed_from_inverter_name,204.17,month,devwork
2026-04-10,f9342ead-59a2-4c58-b54c-0ae4ab16c9da,Penner Farms - W 1/2 4-9-13 (site 4),9ac5f278-7103-4c7e-a7ee-f10c33ef27f3,Symo Advanced 24.0-3 480 (2),24.0,parsed_from_inverter_name,206.72,month,devwork
2026-04-11,f9342ead-59a2-4c58-b54c-0ae4ab16c9da,Penner Farms - W 1/2 4-9-13 (site 4),fb5c3a62-e511-4a4a-8833-ae0501629275,Symo  24.0-3 480 (1),24.0,parsed_from_inverter_name,116.15,month,devwork
2026-04-11,f9342ead-59a2-4c58-b54c-0ae4ab16c9da,Penner Farms - W 1/2 4-9-13 (site 4),9ac5f278-7103-4c7e-a7ee-f10c33ef27f3,Symo Advanced 24.0-3 480 (2),24.0,parsed_from_inverter_name,119.61,month,devwork
2026-04-12,f9342ead-59a2-4c58-b54c-0ae4ab16c9da,Penner Farms - W 1/2 4-9-13 (site 4),fb5c3a62-e511-4a4a-8833-ae0501629275,Symo  24.0-3 480 (1),24.0,parsed_from_inverter_name,35.94,month,devwork
2026-04-12,f9342ead-59a2-4c58-b54c-0ae4ab16c9da,Penner Farms - W 1/2 4-9-13 (site 4),9ac5f278-7103-4c7e-a7ee-f10c33ef27f3,Symo Advanced 24.0-3 480 (2),24.0,parsed_from_inverter_name,37.1,month,devwork
2026-04-13,f9342ead-59a2-4c58-b54c-0ae4ab16c9da,Penner Farms - W 1/2 4-9-13 (site 4),fb5c3a62-e511-4a4a-8833-ae0501629275,Symo  24.0-3 480 (1),24.0,parsed_from_inverter_name,166.94,month,devwork
2026-04-13,f9342ead-59a2-4c58-b54c-0ae4ab16c9da,Penner Farms - W 1/2 4-9-13 (site 4),9ac5f278-7103-4c7e-a7ee-f10c33ef27f3,Symo Advanced 24.0-3 480 (2),24.0,parsed_from_inverter_name,169.36,month,devwork
2026-04-14,f9342ead-59a2-4c58-b54c-0ae4ab16c9da,Penner Farms - W 1/2 4-9-13 (site 4),fb5c3a62-e511-4a4a-8833-ae0501629275,Symo  24.0-3 480 (1),24.0,parsed_from_inverter_name,184.94,month,devwork
2026-04-14,f9342ead-59a2-4c58-b54c-0ae4ab16c9da,Penner Farms - W 1/2 4-9-13 (site 4),9ac5f278-7103-4c7e-a7ee-f10c33ef27f3,Symo Advanced 24.0-3 480 (2),24.0,parsed_from_inverter_name,187.18,month,devwork
2026-04-15,f9342ead-59a2-4c58-b54c-0ae4ab16c9da,Penner Farms - W 1/2 4-9-13 (site 4),fb5c3a62-e511-4a4a-8833-ae0501629275,Symo  24.0-3 480 (1),24.0,parsed_from_inverter_name,105.13,month,devwork
2026-04-15,f9342ead-59a2-4c58-b54c-0ae4ab16c9da,Penner Farms - W 1/2 4-9-13 (site 4),9ac5f278-7103-4c7e-a7ee-f10c33ef27f3,Symo Advanced 24.0-3 480 (2),24.0,parsed_from_inverter_name,107.39,month,devwork
2026-04-16,f9342ead-59a2-4c58-b54c-0ae4ab16c9da,Penner Farms - W 1/2 4-9-13 (site 4),fb5c3a62-e511-4a4a-8833-ae0501629275,Symo  24.0-3 480 (1),24.0,parsed_from_inverter_name,73.06,month,devwork
2026-04-16,f9342ead-59a2-4c58-b54c-0ae4ab16c9da,Penner Farms - W 1/2 4-9-13 (site 4),9ac5f278-7103-4c7e-a7ee-f10c33ef27f3,Symo Advanced 24.0-3 480 (2),24.0,parsed_from_inverter_name,96.68,month,devwork
2026-04-17,f9342ead-59a2-4c58-b54c-0ae4ab16c9da,Penner Farms - W 1/2 4-9-13 (site 4),fb5c3a62-e511-4a4a-8833-ae0501629275,Symo  24.0-3 480 (1),24.0,parsed_from_inverter_name,150.63,month,devwork
2026-04-17,f9342ead-59a2-4c58-b54c-0ae4ab16c9da,Penner Farms - W 1/2 4-9-13 (site 4),9ac5f278-7103-4c7e-a7ee-f10c33ef27f3,Symo Advanced 24.0-3 480 (2),24.0,parsed_from_inverter_name,161.96,month,devwork
2026-04-18,f9342ead-59a2-4c58-b54c-0ae4ab16c9da,Penner Farms - W 1/2 4-9-13 (site 4),fb5c3a62-e511-4a4a-8833-ae0501629275,Symo  24.0-3 480 (1),24.0,parsed_from_inverter_name,209.35,month,devwork
2026-04-18,f9342ead-59a2-4c58-b54c-0ae4ab16c9da,Penner Farms - W 1/2 4-9-13 (site 4),9ac5f278-7103-4c7e-a7ee-f10c33ef27f3,Symo Advanced 24.0-3 480 (2),24.0,parsed_from_inverter_name,211.82,month,devwork
2026-04-19,f9342ead-59a2-4c58-b54c-0ae4ab16c9da,Penner Farms - W 1/2 4-9-13 (site 4),fb5c3a62-e511-4a4a-8833-ae0501629275,Symo  24.0-3 480 (1),24.0,parsed_from_inverter_name,208.05,month,devwork
2026-04-19,f9342ead-59a2-4c58-b54c-0ae4ab16c9da,Penner Farms - W 1/2 4-9-13 (site 4),9ac5f278-7103-4c7e-a7ee-f10c33ef27f3,Symo Advanced 24.0-3 480 (2),24.0,parsed_from_inverter_name,210.67,month,devwork
2026-04-20,f9342ead-59a2-4c58-b54c-0ae4ab16c9da,Penner Farms - W 1/2 4-9-13 (site 4),fb5c3a62-e511-4a4a-8833-ae0501629275,Symo  24.0-3 480 (1),24.0,parsed_from_inverter_name,199.59,month,devwork
2026-04-20,f9342ead-59a2-4c58-b54c-0ae4ab16c9da,Penner Farms - W 1/2 4-9-13 (site 4),9ac5f278-7103-4c7e-a7ee-f10c33ef27f3,Symo Advanced 24.0-3 480 (2),24.0,parsed_from_inverter_name,201.71,month,devwork
2026-04-21,f9342ead-59a2-4c58-b54c-0ae4ab16c9da,Penner Farms - W 1/2 4-9-13 (site 4),fb5c3a62-e511-4a4a-8833-ae0501629275,Symo  24.0-3 480 (1),24.0,parsed_from_inverter_name,202.21,month,devwork
2026-04-21,f9342ead-59a2-4c58-b54c-0ae4ab16c9da,Penner Farms - W 1/2 4-9-13 (site 4),9ac5f278-7103-4c7e-a7ee-f10c33ef27f3,Symo Advanced 24.0-3 480 (2),24.0,parsed_from_inverter_name,204.79,month,devwork
2026-04-22,f9342ead-59a2-4c58-b54c-0ae4ab16c9da,Penner Farms - W 1/2 4-9-13 (site 4),fb5c3a62-e511-4a4a-8833-ae0501629275,Symo  24.0-3 480 (1),24.0,parsed_from_inverter_name,184.27,month,devwork
2026-04-22,f9342ead-59a2-4c58-b54c-0ae4ab16c9da,Penner Farms - W 1/2 4-9-13 (site 4),9ac5f278-7103-4c7e-a7ee-f10c33ef27f3,Symo Advanced 24.0-3 480 (2),24.0,parsed_from_inverter_name,186.24,month,devwork
2026-04-23,f9342ead-59a2-4c58-b54c-0ae4ab16c9da,Penner Farms - W 1/2 4-9-13 (site 4),fb5c3a62-e511-4a4a-8833-ae0501629275,Symo  24.0-3 480 (1),24.0,parsed_from_inverter_name,142.88,month,devwork
2026-04-23,f9342ead-59a2-4c58-b54c-0ae4ab16c9da,Penner Farms - W 1/2 4-9-13 (site 4),9ac5f278-7103-4c7e-a7ee-f10c33ef27f3,Symo Advanced 24.0-3 480 (2),24.0,parsed_from_inverter_name,146.16,month,devwork
2026-04-24,f9342ead-59a2-4c58-b54c-0ae4ab16c9da,Penner Farms - W 1/2 4-9-13 (site 4),fb5c3a62-e511-4a4a-8833-ae0501629275,Symo  24.0-3 480 (1),24.0,parsed_from_inverter_name,128.84,month,devwork
2026-04-24,f9342ead-59a2-4c58-b54c-0ae4ab16c9da,Penner Farms - W 1/2 4-9-13 (site 4),9ac5f278-7103-4c7e-a7ee-f10c33ef27f3,Symo Advanced 24.0-3 480 (2),24.0,parsed_from_inverter_name,145.2,month,devwork
2026-04-25,f9342ead-59a2-4c58-b54c-0ae4ab16c9da,Penner Farms - W 1/2 4-9-13 (site 4),fb5c3a62-e511-4a4a-8833-ae0501629275,Symo  24.0-3 480 (1),24.0,parsed_from_inverter_name,125.45,month,devwork
2026-04-25,f9342ead-59a2-4c58-b54c-0ae4ab16c9da,Penner Farms - W 1/2 4-9-13 (site 4),9ac5f278-7103-4c7e-a7ee-f10c33ef27f3,Symo Advanced 24.0-3 480 (2),24.0,parsed_from_inverter_name,137.07,month,devwork
2026-04-26,f9342ead-59a2-4c58-b54c-0ae4ab16c9da,Penner Farms - W 1/2 4-9-13 (site 4),fb5c3a62-e511-4a4a-8833-ae0501629275,Symo  24.0-3 480 (1),24.0,parsed_from_inverter_name,160.43,month,devwork
2026-04-26,f9342ead-59a2-4c58-b54c-0ae4ab16c9da,Penner Farms - W 1/2 4-9-13 (site 4),9ac5f278-7103-4c7e-a7ee-f10c33ef27f3,Symo Advanced 24.0-3 480 (2),24.0,parsed_from_inverter_name,163.89,month,devwork
2026-04-27,f9342ead-59a2-4c58-b54c-0ae4ab16c9da,Penner Farms - W 1/2 4-9-13 (site 4),fb5c3a62-e511-4a4a-8833-ae0501629275,Symo  24.0-3 480 (1),24.0,parsed_from_inverter_name,223.76,month,devwork
2026-04-27,f9342ead-59a2-4c58-b54c-0ae4ab16c9da,Penner Farms - W 1/2 4-9-13 (site 4),9ac5f278-7103-4c7e-a7ee-f10c33ef27f3,Symo Advanced 24.0-3 480 (2),24.0,parsed_from_inverter_name,224.86,month,devwork
2026-04-28,f9342ead-59a2-4c58-b54c-0ae4ab16c9da,Penner Farms - W 1/2 4-9-13 (site 4),fb5c3a62-e511-4a4a-8833-ae0501629275,Symo  24.0-3 480 (1),24.0,parsed_from_inverter_name,211.87,month,devwork
2026-04-28,f9342ead-59a2-4c58-b54c-0ae4ab16c9da,Penner Farms - W 1/2 4-9-13 (site 4),9ac5f278-7103-4c7e-a7ee-f10c33ef27f3,Symo Advanced 24.0-3 480 (2),24.0,parsed_from_inverter_name,211.96,month,devwork
2026-04-29,f9342ead-59a2-4c58-b54c-0ae4ab16c9da,Penner Farms - W 1/2 4-9-13 (site 4),fb5c3a62-e511-4a4a-8833-ae0501629275,Symo  24.0-3 480 (1),24.0,parsed_from_inverter_name,194.48,month,devwork
2026-04-29,f9342ead-59a2-4c58-b54c-0ae4ab16c9da,Penner Farms - W 1/2 4-9-13 (site 4),9ac5f278-7103-4c7e-a7ee-f10c33ef27f3,Symo Advanced 24.0-3 480 (2),24.0,parsed_from_inverter_name,196.91,month,devwork
2026-05-03,f9342ead-59a2-4c58-b54c-0ae4ab16c9da,Penner Farms - W 1/2 4-9-13 (site 4),fb5c3a62-e511-4a4a-8833-ae0501629275,Symo  24.0-3 480 (1),24.0,parsed_from_inverter_name,25.75,month,devwork
2026-05-03,f9342ead-59a2-4c58-b54c-0ae4ab16c9da,Penner Farms - W 1/2 4-9-13 (site 4),9ac5f278-7103-4c7e-a7ee-f10c33ef27f3,Symo Advanced 24.0-3 480 (2),24.0,parsed_from_inverter_name,26.67,month,devwork
2026-05-04,f9342ead-59a2-4c58-b54c-0ae4ab16c9da,Penner Farms - W 1/2 4-9-13 (site 4),fb5c3a62-e511-4a4a-8833-ae0501629275,Symo  24.0-3 480 (1),24.0,parsed_from_inverter_name,191.19,month,devwork
2026-05-04,f9342ead-59a2-4c58-b54c-0ae4ab16c9da,Penner Farms - W 1/2 4-9-13 (site 4),9ac5f278-7103-4c7e-a7ee-f10c33ef27f3,Symo Advanced 24.0-3 480 (2),24.0,parsed_from_inverter_name,193.99,month,devwork
2026-05-05,f9342ead-59a2-4c58-b54c-0ae4ab16c9da,Penner Farms - W 1/2 4-9-13 (site 4),fb5c3a62-e511-4a4a-8833-ae0501629275,Symo  24.0-3 480 (1),24.0,parsed_from_inverter_name,188.6,month,devwork
2026-05-05,f9342ead-59a2-4c58-b54c-0ae4ab16c9da,Penner Farms - W 1/2 4-9-13 (site 4),9ac5f278-7103-4c7e-a7ee-f10c33ef27f3,Symo Advanced 24.0-3 480 (2),24.0,parsed_from_inverter_name,191.46,month,devwork
2026-05-06,f9342ead-59a2-4c58-b54c-0ae4ab16c9da,Penner Farms - W 1/2 4-9-13 (site 4),fb5c3a62-e511-4a4a-8833-ae0501629275,Symo  24.0-3 480 (1),24.0,parsed_from_inverter_name,204.87,month,devwork
2026-05-06,f9342ead-59a2-4c58-b54c-0ae4ab16c9da,Penner Farms - W 1/2 4-9-13 (site 4),9ac5f278-7103-4c7e-a7ee-f10c33ef27f3,Symo Advanced 24.0-3 480 (2),24.0,parsed_from_inverter_name,206.41,month,devwork
2026-05-07,f9342ead-59a2-4c58-b54c-0ae4ab16c9da,Penner Farms - W 1/2 4-9-13 (site 4),fb5c3a62-e511-4a4a-8833-ae0501629275,Symo  24.0-3 480 (1),24.0,parsed_from_inverter_name,183.97,month,devwork
2026-05-07,f9342ead-59a2-4c58-b54c-0ae4ab16c9da,Penner Farms - W 1/2 4-9-13 (site 4),9ac5f278-7103-4c7e-a7ee-f10c33ef27f3,Symo Advanced 24.0-3 480 (2),24.0,parsed_from_inverter_name,187.06,month,devwork
2026-05-08,f9342ead-59a2-4c58-b54c-0ae4ab16c9da,Penner Farms - W 1/2 4-9-13 (site 4),fb5c3a62-e511-4a4a-8833-ae0501629275,Symo  24.0-3 480 (1),24.0,parsed_from_inverter_name,199.01,month,devwork
2026-05-08,f9342ead-59a2-4c58-b54c-0ae4ab16c9da,Penner Farms - W 1/2 4-9-13 (site 4),9ac5f278-7103-4c7e-a7ee-f10c33ef27f3,Symo Advanced 24.0-3 480 (2),24.0,parsed_from_inverter_name,199.15,month,devwork
2026-05-09,f9342ead-59a2-4c58-b54c-0ae4ab16c9da,Penner Farms - W 1/2 4-9-13 (site 4),fb5c3a62-e511-4a4a-8833-ae0501629275,Symo  24.0-3 480 (1),24.0,parsed_from_inverter_name,116.51,month,devwork
2026-05-09,f9342ead-59a2-4c58-b54c-0ae4ab16c9da,Penner Farms - W 1/2 4-9-13 (site 4),9ac5f278-7103-4c7e-a7ee-f10c33ef27f3,Symo Advanced 24.0-3 480 (2),24.0,parsed_from_inverter_name,115.91,month,devwork
2026-05-10,f9342ead-59a2-4c58-b54c-0ae4ab16c9da,Penner Farms - W 1/2 4-9-13 (site 4),fb5c3a62-e511-4a4a-8833-ae0501629275,Symo  24.0-3 480 (1),24.0,parsed_from_inverter_name,165.98,month,devwork
2026-05-10,f9342ead-59a2-4c58-b54c-0ae4ab16c9da,Penner Farms - W 1/2 4-9-13 (site 4),9ac5f278-7103-4c7e-a7ee-f10c33ef27f3,Symo Advanced 24.0-3 480 (2),24.0,parsed_from_inverter_name,167.64,month,devwork
2026-05-11,f9342ead-59a2-4c58-b54c-0ae4ab16c9da,Penner Farms - W 1/2 4-9-13 (site 4),fb5c3a62-e511-4a4a-8833-ae0501629275,Symo  24.0-3 480 (1),24.0,parsed_from_inverter_name,200.28,month,devwork
2026-05-11,f9342ead-59a2-4c58-b54c-0ae4ab16c9da,Penner Farms - W 1/2 4-9-13 (site 4),9ac5f278-7103-4c7e-a7ee-f10c33ef27f3,Symo Advanced 24.0-3 480 (2),24.0,parsed_from_inverter_name,203.06,month,devwork
2026-05-12,f9342ead-59a2-4c58-b54c-0ae4ab16c9da,Penner Farms - W 1/2 4-9-13 (site 4),fb5c3a62-e511-4a4a-8833-ae0501629275,Symo  24.0-3 480 (1),24.0,parsed_from_inverter_name,207.83,month,devwork
2026-05-12,f9342ead-59a2-4c58-b54c-0ae4ab16c9da,Penner Farms - W 1/2 4-9-13 (site 4),9ac5f278-7103-4c7e-a7ee-f10c33ef27f3,Symo Advanced 24.0-3 480 (2),24.0,parsed_from_inverter_name,209.23,month,devwork
2026-05-13,f9342ead-59a2-4c58-b54c-0ae4ab16c9da,Penner Farms - W 1/2 4-9-13 (site 4),fb5c3a62-e511-4a4a-8833-ae0501629275,Symo  24.0-3 480 (1),24.0,parsed_from_inverter_name,89.22,month,devwork
2026-05-13,f9342ead-59a2-4c58-b54c-0ae4ab16c9da,Penner Farms - W 1/2 4-9-13 (site 4),9ac5f278-7103-4c7e-a7ee-f10c33ef27f3,Symo Advanced 24.0-3 480 (2),24.0,parsed_from_inverter_name,90.94,month,devwork
2026-05-14,f9342ead-59a2-4c58-b54c-0ae4ab16c9da,Penner Farms - W 1/2 4-9-13 (site 4),fb5c3a62-e511-4a4a-8833-ae0501629275,Symo  24.0-3 480 (1),24.0,parsed_from_inverter_name,63.54,month,devwork
2026-05-14,f9342ead-59a2-4c58-b54c-0ae4ab16c9da,Penner Farms - W 1/2 4-9-13 (site 4),9ac5f278-7103-4c7e-a7ee-f10c33ef27f3,Symo Advanced 24.0-3 480 (2),24.0,parsed_from_inverter_name,63.39,month,devwork
