provider,date,site_id,site_name,inverter_id,inverter_name,inverter_serial,inverter_model,inverter_rated_kw,inverter_rating_source,daily_energy_kwh,sun_hours,revenue_amount
fronius,2024-05-01,ab8e0174-0a82-4a59-ac40-c1483f459dd3,SW29-8-11-w4,3629dfdf-2086-4705-9e86-786da30d335e,Symo Advanced 24.0-3 480 (1),,,24.0,parsed_from_inverter_name,62.36,,
fronius,2024-05-01,ab8e0174-0a82-4a59-ac40-c1483f459dd3,SW29-8-11-w4,e7b66537-5eac-4c20-801d-08a67f87d555,Symo Advanced 24.0-3 480 (2),,,24.0,parsed_from_inverter_name,84.84,,
fronius,2024-05-02,ab8e0174-0a82-4a59-ac40-c1483f459dd3,SW29-8-11-w4,3629dfdf-2086-4705-9e86-786da30d335e,Symo Advanced 24.0-3 480 (1),,,24.0,parsed_from_inverter_name,61.87,,
fronius,2024-05-02,ab8e0174-0a82-4a59-ac40-c1483f459dd3,SW29-8-11-w4,e7b66537-5eac-4c20-801d-08a67f87d555,Symo Advanced 24.0-3 480 (2),,,24.0,parsed_from_inverter_name,83.53,,
fronius,2024-05-03,ab8e0174-0a82-4a59-ac40-c1483f459dd3,SW29-8-11-w4,3629dfdf-2086-4705-9e86-786da30d335e,Symo Advanced 24.0-3 480 (1),,,24.0,parsed_from_inverter_name,145.44,,
fronius,2024-05-03,ab8e0174-0a82-4a59-ac40-c1483f459dd3,SW29-8-11-w4,e7b66537-5eac-4c20-801d-08a67f87d555,Symo Advanced 24.0-3 480 (2),,,24.0,parsed_from_inverter_name,162.46,,
fronius,2024-05-04,ab8e0174-0a82-4a59-ac40-c1483f459dd3,SW29-8-11-w4,3629dfdf-2086-4705-9e86-786da30d335e,Symo Advanced 24.0-3 480 (1),,,24.0,parsed_from_inverter_name,178.22,,
fronius,2024-05-04,ab8e0174-0a82-4a59-ac40-c1483f459dd3,SW29-8-11-w4,e7b66537-5eac-4c20-801d-08a67f87d555,Symo Advanced 24.0-3 480 (2),,,24.0,parsed_from_inverter_name,207.69,,
fronius,2024-05-05,ab8e0174-0a82-4a59-ac40-c1483f459dd3,SW29-8-11-w4,3629dfdf-2086-4705-9e86-786da30d335e,Symo Advanced 24.0-3 480 (1),,,24.0,parsed_from_inverter_name,86.6,,
fronius,2024-05-05,ab8e0174-0a82-4a59-ac40-c1483f459dd3,SW29-8-11-w4,e7b66537-5eac-4c20-801d-08a67f87d555,Symo Advanced 24.0-3 480 (2),,,24.0,parsed_from_inverter_name,117.05,,
fronius,2024-05-06,ab8e0174-0a82-4a59-ac40-c1483f459dd3,SW29-8-11-w4,3629dfdf-2086-4705-9e86-786da30d335e,Symo Advanced 24.0-3 480 (1),,,24.0,parsed_from_inverter_name,103.73,,
fronius,2024-05-06,ab8e0174-0a82-4a59-ac40-c1483f459dd3,SW29-8-11-w4,e7b66537-5eac-4c20-801d-08a67f87d555,Symo Advanced 24.0-3 480 (2),,,24.0,parsed_from_inverter_name,139.42,,
fronius,2024-05-07,ab8e0174-0a82-4a59-ac40-c1483f459dd3,SW29-8-11-w4,3629dfdf-2086-4705-9e86-786da30d335e,Symo Advanced 24.0-3 480 (1),,,24.0,parsed_from_inverter_name,14.3,,
fronius,2024-05-07,ab8e0174-0a82-4a59-ac40-c1483f459dd3,SW29-8-11-w4,e7b66537-5eac-4c20-801d-08a67f87d555,Symo Advanced 24.0-3 480 (2),,,24.0,parsed_from_inverter_name,19.8,,
fronius,2024-05-08,ab8e0174-0a82-4a59-ac40-c1483f459dd3,SW29-8-11-w4,3629dfdf-2086-4705-9e86-786da30d335e,Symo Advanced 24.0-3 480 (1),,,24.0,parsed_from_inverter_name,27.2,,
fronius,2024-05-08,ab8e0174-0a82-4a59-ac40-c1483f459dd3,SW29-8-11-w4,e7b66537-5eac-4c20-801d-08a67f87d555,Symo Advanced 24.0-3 480 (2),,,24.0,parsed_from_inverter_name,37.05,,
fronius,2024-05-09,ab8e0174-0a82-4a59-ac40-c1483f459dd3,SW29-8-11-w4,3629dfdf-2086-4705-9e86-786da30d335e,Symo Advanced 24.0-3 480 (1),,,24.0,parsed_from_inverter_name,186.73,,
fronius,2024-05-09,ab8e0174-0a82-4a59-ac40-c1483f459dd3,SW29-8-11-w4,e7b66537-5eac-4c20-801d-08a67f87d555,Symo Advanced 24.0-3 480 (2),,,24.0,parsed_from_inverter_name,214.66,,
fronius,2024-05-10,ab8e0174-0a82-4a59-ac40-c1483f459dd3,SW29-8-11-w4,3629dfdf-2086-4705-9e86-786da30d335e,Symo Advanced 24.0-3 480 (1),,,24.0,parsed_from_inverter_name,184.2,,
fronius,2024-05-10,ab8e0174-0a82-4a59-ac40-c1483f459dd3,SW29-8-11-w4,e7b66537-5eac-4c20-801d-08a67f87d555,Symo Advanced 24.0-3 480 (2),,,24.0,parsed_from_inverter_name,213.11,,
fronius,2024-05-11,ab8e0174-0a82-4a59-ac40-c1483f459dd3,SW29-8-11-w4,3629dfdf-2086-4705-9e86-786da30d335e,Symo Advanced 24.0-3 480 (1),,,24.0,parsed_from_inverter_name,179.21,,
fronius,2024-05-11,ab8e0174-0a82-4a59-ac40-c1483f459dd3,SW29-8-11-w4,e7b66537-5eac-4c20-801d-08a67f87d555,Symo Advanced 24.0-3 480 (2),,,24.0,parsed_from_inverter_name,207.25,,
fronius,2024-05-12,ab8e0174-0a82-4a59-ac40-c1483f459dd3,SW29-8-11-w4,3629dfdf-2086-4705-9e86-786da30d335e,Symo Advanced 24.0-3 480 (1),,,24.0,parsed_from_inverter_name,163.22,,
fronius,2024-05-12,ab8e0174-0a82-4a59-ac40-c1483f459dd3,SW29-8-11-w4,e7b66537-5eac-4c20-801d-08a67f87d555,Symo Advanced 24.0-3 480 (2),,,24.0,parsed_from_inverter_name,191.65,,
fronius,2024-05-13,ab8e0174-0a82-4a59-ac40-c1483f459dd3,SW29-8-11-w4,3629dfdf-2086-4705-9e86-786da30d335e,Symo Advanced 24.0-3 480 (1),,,24.0,parsed_from_inverter_name,96.54,,
fronius,2024-05-13,ab8e0174-0a82-4a59-ac40-c1483f459dd3,SW29-8-11-w4,e7b66537-5eac-4c20-801d-08a67f87d555,Symo Advanced 24.0-3 480 (2),,,24.0,parsed_from_inverter_name,127.31,,
fronius,2024-05-14,ab8e0174-0a82-4a59-ac40-c1483f459dd3,SW29-8-11-w4,3629dfdf-2086-4705-9e86-786da30d335e,Symo Advanced 24.0-3 480 (1),,,24.0,parsed_from_inverter_name,121.51,,
fronius,2024-05-14,ab8e0174-0a82-4a59-ac40-c1483f459dd3,SW29-8-11-w4,e7b66537-5eac-4c20-801d-08a67f87d555,Symo Advanced 24.0-3 480 (2),,,24.0,parsed_from_inverter_name,143.68,,
fronius,2024-05-15,ab8e0174-0a82-4a59-ac40-c1483f459dd3,SW29-8-11-w4,3629dfdf-2086-4705-9e86-786da30d335e,Symo Advanced 24.0-3 480 (1),,,24.0,parsed_from_inverter_name,153.92,,
fronius,2024-05-15,ab8e0174-0a82-4a59-ac40-c1483f459dd3,SW29-8-11-w4,e7b66537-5eac-4c20-801d-08a67f87d555,Symo Advanced 24.0-3 480 (2),,,24.0,parsed_from_inverter_name,193.86,,
fronius,2024-05-16,ab8e0174-0a82-4a59-ac40-c1483f459dd3,SW29-8-11-w4,3629dfdf-2086-4705-9e86-786da30d335e,Symo Advanced 24.0-3 480 (1),,,24.0,parsed_from_inverter_name,140.13,,
fronius,2024-05-16,ab8e0174-0a82-4a59-ac40-c1483f459dd3,SW29-8-11-w4,e7b66537-5eac-4c20-801d-08a67f87d555,Symo Advanced 24.0-3 480 (2),,,24.0,parsed_from_inverter_name,177.87,,
fronius,2024-05-17,ab8e0174-0a82-4a59-ac40-c1483f459dd3,SW29-8-11-w4,3629dfdf-2086-4705-9e86-786da30d335e,Symo Advanced 24.0-3 480 (1),,,24.0,parsed_from_inverter_name,63.73,,
fronius,2024-05-17,ab8e0174-0a82-4a59-ac40-c1483f459dd3,SW29-8-11-w4,e7b66537-5eac-4c20-801d-08a67f87d555,Symo Advanced 24.0-3 480 (2),,,24.0,parsed_from_inverter_name,81.79,,
fronius,2024-05-18,ab8e0174-0a82-4a59-ac40-c1483f459dd3,SW29-8-11-w4,3629dfdf-2086-4705-9e86-786da30d335e,Symo Advanced 24.0-3 480 (1),,,24.0,parsed_from_inverter_name,143.37,,
fronius,2024-05-18,ab8e0174-0a82-4a59-ac40-c1483f459dd3,SW29-8-11-w4,e7b66537-5eac-4c20-801d-08a67f87d555,Symo Advanced 24.0-3 480 (2),,,24.0,parsed_from_inverter_name,170.95,,
fronius,2024-05-19,ab8e0174-0a82-4a59-ac40-c1483f459dd3,SW29-8-11-w4,3629dfdf-2086-4705-9e86-786da30d335e,Symo Advanced 24.0-3 480 (1),,,24.0,parsed_from_inverter_name,111.7,,
fronius,2024-05-19,ab8e0174-0a82-4a59-ac40-c1483f459dd3,SW29-8-11-w4,e7b66537-5eac-4c20-801d-08a67f87d555,Symo Advanced 24.0-3 480 (2),,,24.0,parsed_from_inverter_name,141.83,,
fronius,2024-05-20,ab8e0174-0a82-4a59-ac40-c1483f459dd3,SW29-8-11-w4,3629dfdf-2086-4705-9e86-786da30d335e,Symo Advanced 24.0-3 480 (1),,,24.0,parsed_from_inverter_name,116.22,,
fronius,2024-05-20,ab8e0174-0a82-4a59-ac40-c1483f459dd3,SW29-8-11-w4,e7b66537-5eac-4c20-801d-08a67f87d555,Symo Advanced 24.0-3 480 (2),,,24.0,parsed_from_inverter_name,144.29,,
fronius,2024-05-21,ab8e0174-0a82-4a59-ac40-c1483f459dd3,SW29-8-11-w4,3629dfdf-2086-4705-9e86-786da30d335e,Symo Advanced 24.0-3 480 (1),,,24.0,parsed_from_inverter_name,150.0,,
fronius,2024-05-21,ab8e0174-0a82-4a59-ac40-c1483f459dd3,SW29-8-11-w4,e7b66537-5eac-4c20-801d-08a67f87d555,Symo Advanced 24.0-3 480 (2),,,24.0,parsed_from_inverter_name,178.77,,
fronius,2024-05-22,ab8e0174-0a82-4a59-ac40-c1483f459dd3,SW29-8-11-w4,3629dfdf-2086-4705-9e86-786da30d335e,Symo Advanced 24.0-3 480 (1),,,24.0,parsed_from_inverter_name,100.16,,
fronius,2024-05-22,ab8e0174-0a82-4a59-ac40-c1483f459dd3,SW29-8-11-w4,e7b66537-5eac-4c20-801d-08a67f87d555,Symo Advanced 24.0-3 480 (2),,,24.0,parsed_from_inverter_name,135.16,,
fronius,2024-05-23,ab8e0174-0a82-4a59-ac40-c1483f459dd3,SW29-8-11-w4,3629dfdf-2086-4705-9e86-786da30d335e,Symo Advanced 24.0-3 480 (1),,,24.0,parsed_from_inverter_name,113.58,,
fronius,2024-05-23,ab8e0174-0a82-4a59-ac40-c1483f459dd3,SW29-8-11-w4,e7b66537-5eac-4c20-801d-08a67f87d555,Symo Advanced 24.0-3 480 (2),,,24.0,parsed_from_inverter_name,141.59,,
fronius,2024-05-24,ab8e0174-0a82-4a59-ac40-c1483f459dd3,SW29-8-11-w4,3629dfdf-2086-4705-9e86-786da30d335e,Symo Advanced 24.0-3 480 (1),,,24.0,parsed_from_inverter_name,145.84,,
fronius,2024-05-24,ab8e0174-0a82-4a59-ac40-c1483f459dd3,SW29-8-11-w4,e7b66537-5eac-4c20-801d-08a67f87d555,Symo Advanced 24.0-3 480 (2),,,24.0,parsed_from_inverter_name,174.79,,
fronius,2024-05-25,ab8e0174-0a82-4a59-ac40-c1483f459dd3,SW29-8-11-w4,3629dfdf-2086-4705-9e86-786da30d335e,Symo Advanced 24.0-3 480 (1),,,24.0,parsed_from_inverter_name,130.91,,
fronius,2024-05-25,ab8e0174-0a82-4a59-ac40-c1483f459dd3,SW29-8-11-w4,e7b66537-5eac-4c20-801d-08a67f87d555,Symo Advanced 24.0-3 480 (2),,,24.0,parsed_from_inverter_name,160.74,,
fronius,2024-05-26,ab8e0174-0a82-4a59-ac40-c1483f459dd3,SW29-8-11-w4,3629dfdf-2086-4705-9e86-786da30d335e,Symo Advanced 24.0-3 480 (1),,,24.0,parsed_from_inverter_name,94.25,,
fronius,2024-05-26,ab8e0174-0a82-4a59-ac40-c1483f459dd3,SW29-8-11-w4,e7b66537-5eac-4c20-801d-08a67f87d555,Symo Advanced 24.0-3 480 (2),,,24.0,parsed_from_inverter_name,114.37,,
fronius,2024-05-27,ab8e0174-0a82-4a59-ac40-c1483f459dd3,SW29-8-11-w4,3629dfdf-2086-4705-9e86-786da30d335e,Symo Advanced 24.0-3 480 (1),,,24.0,parsed_from_inverter_name,185.81,,
fronius,2024-05-27,ab8e0174-0a82-4a59-ac40-c1483f459dd3,SW29-8-11-w4,e7b66537-5eac-4c20-801d-08a67f87d555,Symo Advanced 24.0-3 480 (2),,,24.0,parsed_from_inverter_name,217.82,,
fronius,2024-05-28,ab8e0174-0a82-4a59-ac40-c1483f459dd3,SW29-8-11-w4,3629dfdf-2086-4705-9e86-786da30d335e,Symo Advanced 24.0-3 480 (1),,,24.0,parsed_from_inverter_name,179.53,,
fronius,2024-05-28,ab8e0174-0a82-4a59-ac40-c1483f459dd3,SW29-8-11-w4,e7b66537-5eac-4c20-801d-08a67f87d555,Symo Advanced 24.0-3 480 (2),,,24.0,parsed_from_inverter_name,212.83,,
fronius,2024-05-29,ab8e0174-0a82-4a59-ac40-c1483f459dd3,SW29-8-11-w4,3629dfdf-2086-4705-9e86-786da30d335e,Symo Advanced 24.0-3 480 (1),,,24.0,parsed_from_inverter_name,167.59,,
fronius,2024-05-29,ab8e0174-0a82-4a59-ac40-c1483f459dd3,SW29-8-11-w4,e7b66537-5eac-4c20-801d-08a67f87d555,Symo Advanced 24.0-3 480 (2),,,24.0,parsed_from_inverter_name,194.76,,
fronius,2024-05-30,ab8e0174-0a82-4a59-ac40-c1483f459dd3,SW29-8-11-w4,3629dfdf-2086-4705-9e86-786da30d335e,Symo Advanced 24.0-3 480 (1),,,24.0,parsed_from_inverter_name,103.02,,
fronius,2024-05-30,ab8e0174-0a82-4a59-ac40-c1483f459dd3,SW29-8-11-w4,e7b66537-5eac-4c20-801d-08a67f87d555,Symo Advanced 24.0-3 480 (2),,,24.0,parsed_from_inverter_name,130.19,,
fronius,2024-05-31,ab8e0174-0a82-4a59-ac40-c1483f459dd3,SW29-8-11-w4,3629dfdf-2086-4705-9e86-786da30d335e,Symo Advanced 24.0-3 480 (1),,,24.0,parsed_from_inverter_name,145.38,,
fronius,2024-05-31,ab8e0174-0a82-4a59-ac40-c1483f459dd3,SW29-8-11-w4,e7b66537-5eac-4c20-801d-08a67f87d555,Symo Advanced 24.0-3 480 (2),,,24.0,parsed_from_inverter_name,183.46,,
fronius,2024-06-01,ab8e0174-0a82-4a59-ac40-c1483f459dd3,SW29-8-11-w4,3629dfdf-2086-4705-9e86-786da30d335e,Symo Advanced 24.0-3 480 (1),,,24.0,parsed_from_inverter_name,160.61,,
fronius,2024-06-01,ab8e0174-0a82-4a59-ac40-c1483f459dd3,SW29-8-11-w4,e7b66537-5eac-4c20-801d-08a67f87d555,Symo Advanced 24.0-3 480 (2),,,24.0,parsed_from_inverter_name,189.36,,
fronius,2024-06-02,ab8e0174-0a82-4a59-ac40-c1483f459dd3,SW29-8-11-w4,3629dfdf-2086-4705-9e86-786da30d335e,Symo Advanced 24.0-3 480 (1),,,24.0,parsed_from_inverter_name,172.4,,
fronius,2024-06-02,ab8e0174-0a82-4a59-ac40-c1483f459dd3,SW29-8-11-w4,e7b66537-5eac-4c20-801d-08a67f87d555,Symo Advanced 24.0-3 480 (2),,,24.0,parsed_from_inverter_name,200.41,,
fronius,2024-06-03,ab8e0174-0a82-4a59-ac40-c1483f459dd3,SW29-8-11-w4,3629dfdf-2086-4705-9e86-786da30d335e,Symo Advanced 24.0-3 480 (1),,,24.0,parsed_from_inverter_name,113.16,,
fronius,2024-06-03,ab8e0174-0a82-4a59-ac40-c1483f459dd3,SW29-8-11-w4,e7b66537-5eac-4c20-801d-08a67f87d555,Symo Advanced 24.0-3 480 (2),,,24.0,parsed_from_inverter_name,148.05,,
fronius,2024-06-04,ab8e0174-0a82-4a59-ac40-c1483f459dd3,SW29-8-11-w4,3629dfdf-2086-4705-9e86-786da30d335e,Symo Advanced 24.0-3 480 (1),,,24.0,parsed_from_inverter_name,188.87,,
fronius,2024-06-04,ab8e0174-0a82-4a59-ac40-c1483f459dd3,SW29-8-11-w4,e7b66537-5eac-4c20-801d-08a67f87d555,Symo Advanced 24.0-3 480 (2),,,24.0,parsed_from_inverter_name,214.7,,
fronius,2024-06-05,ab8e0174-0a82-4a59-ac40-c1483f459dd3,SW29-8-11-w4,3629dfdf-2086-4705-9e86-786da30d335e,Symo Advanced 24.0-3 480 (1),,,24.0,parsed_from_inverter_name,181.52,,
fronius,2024-06-05,ab8e0174-0a82-4a59-ac40-c1483f459dd3,SW29-8-11-w4,e7b66537-5eac-4c20-801d-08a67f87d555,Symo Advanced 24.0-3 480 (2),,,24.0,parsed_from_inverter_name,209.55,,
fronius,2024-06-06,ab8e0174-0a82-4a59-ac40-c1483f459dd3,SW29-8-11-w4,3629dfdf-2086-4705-9e86-786da30d335e,Symo Advanced 24.0-3 480 (1),,,24.0,parsed_from_inverter_name,181.56,,
fronius,2024-06-06,ab8e0174-0a82-4a59-ac40-c1483f459dd3,SW29-8-11-w4,e7b66537-5eac-4c20-801d-08a67f87d555,Symo Advanced 24.0-3 480 (2),,,24.0,parsed_from_inverter_name,214.53,,
fronius,2024-06-07,ab8e0174-0a82-4a59-ac40-c1483f459dd3,SW29-8-11-w4,3629dfdf-2086-4705-9e86-786da30d335e,Symo Advanced 24.0-3 480 (1),,,24.0,parsed_from_inverter_name,167.64,,
fronius,2024-06-07,ab8e0174-0a82-4a59-ac40-c1483f459dd3,SW29-8-11-w4,e7b66537-5eac-4c20-801d-08a67f87d555,Symo Advanced 24.0-3 480 (2),,,24.0,parsed_from_inverter_name,190.54,,
fronius,2024-06-08,ab8e0174-0a82-4a59-ac40-c1483f459dd3,SW29-8-11-w4,3629dfdf-2086-4705-9e86-786da30d335e,Symo Advanced 24.0-3 480 (1),,,24.0,parsed_from_inverter_name,126.84,,
fronius,2024-06-08,ab8e0174-0a82-4a59-ac40-c1483f459dd3,SW29-8-11-w4,e7b66537-5eac-4c20-801d-08a67f87d555,Symo Advanced 24.0-3 480 (2),,,24.0,parsed_from_inverter_name,161.76,,
fronius,2024-06-09,ab8e0174-0a82-4a59-ac40-c1483f459dd3,SW29-8-11-w4,3629dfdf-2086-4705-9e86-786da30d335e,Symo Advanced 24.0-3 480 (1),,,24.0,parsed_from_inverter_name,185.7,,
fronius,2024-06-09,ab8e0174-0a82-4a59-ac40-c1483f459dd3,SW29-8-11-w4,e7b66537-5eac-4c20-801d-08a67f87d555,Symo Advanced 24.0-3 480 (2),,,24.0,parsed_from_inverter_name,217.56,,
fronius,2024-06-10,ab8e0174-0a82-4a59-ac40-c1483f459dd3,SW29-8-11-w4,3629dfdf-2086-4705-9e86-786da30d335e,Symo Advanced 24.0-3 480 (1),,,24.0,parsed_from_inverter_name,140.75,,
fronius,2024-06-10,ab8e0174-0a82-4a59-ac40-c1483f459dd3,SW29-8-11-w4,e7b66537-5eac-4c20-801d-08a67f87d555,Symo Advanced 24.0-3 480 (2),,,24.0,parsed_from_inverter_name,163.09,,
fronius,2024-06-11,ab8e0174-0a82-4a59-ac40-c1483f459dd3,SW29-8-11-w4,3629dfdf-2086-4705-9e86-786da30d335e,Symo Advanced 24.0-3 480 (1),,,24.0,parsed_from_inverter_name,184.95,,
fronius,2024-06-11,ab8e0174-0a82-4a59-ac40-c1483f459dd3,SW29-8-11-w4,e7b66537-5eac-4c20-801d-08a67f87d555,Symo Advanced 24.0-3 480 (2),,,24.0,parsed_from_inverter_name,212.83,,
fronius,2024-06-12,ab8e0174-0a82-4a59-ac40-c1483f459dd3,SW29-8-11-w4,3629dfdf-2086-4705-9e86-786da30d335e,Symo Advanced 24.0-3 480 (1),,,24.0,parsed_from_inverter_name,150.68,,
fronius,2024-06-12,ab8e0174-0a82-4a59-ac40-c1483f459dd3,SW29-8-11-w4,e7b66537-5eac-4c20-801d-08a67f87d555,Symo Advanced 24.0-3 480 (2),,,24.0,parsed_from_inverter_name,211.01,,
fronius,2024-06-13,ab8e0174-0a82-4a59-ac40-c1483f459dd3,SW29-8-11-w4,3629dfdf-2086-4705-9e86-786da30d335e,Symo Advanced 24.0-3 480 (1),,,24.0,parsed_from_inverter_name,185.27,,
fronius,2024-06-13,ab8e0174-0a82-4a59-ac40-c1483f459dd3,SW29-8-11-w4,e7b66537-5eac-4c20-801d-08a67f87d555,Symo Advanced 24.0-3 480 (2),,,24.0,parsed_from_inverter_name,216.53,,
fronius,2024-06-14,ab8e0174-0a82-4a59-ac40-c1483f459dd3,SW29-8-11-w4,3629dfdf-2086-4705-9e86-786da30d335e,Symo Advanced 24.0-3 480 (1),,,24.0,parsed_from_inverter_name,150.14,,
fronius,2024-06-14,ab8e0174-0a82-4a59-ac40-c1483f459dd3,SW29-8-11-w4,e7b66537-5eac-4c20-801d-08a67f87d555,Symo Advanced 24.0-3 480 (2),,,24.0,parsed_from_inverter_name,180.29,,
fronius,2024-06-15,ab8e0174-0a82-4a59-ac40-c1483f459dd3,SW29-8-11-w4,3629dfdf-2086-4705-9e86-786da30d335e,Symo Advanced 24.0-3 480 (1),,,24.0,parsed_from_inverter_name,36.52,,
fronius,2024-06-15,ab8e0174-0a82-4a59-ac40-c1483f459dd3,SW29-8-11-w4,e7b66537-5eac-4c20-801d-08a67f87d555,Symo Advanced 24.0-3 480 (2),,,24.0,parsed_from_inverter_name,132.34,,
fronius,2024-06-16,ab8e0174-0a82-4a59-ac40-c1483f459dd3,SW29-8-11-w4,3629dfdf-2086-4705-9e86-786da30d335e,Symo Advanced 24.0-3 480 (1),,,24.0,parsed_from_inverter_name,70.07,,
fronius,2024-06-16,ab8e0174-0a82-4a59-ac40-c1483f459dd3,SW29-8-11-w4,e7b66537-5eac-4c20-801d-08a67f87d555,Symo Advanced 24.0-3 480 (2),,,24.0,parsed_from_inverter_name,95.02,,
fronius,2024-06-17,ab8e0174-0a82-4a59-ac40-c1483f459dd3,SW29-8-11-w4,3629dfdf-2086-4705-9e86-786da30d335e,Symo Advanced 24.0-3 480 (1),,,24.0,parsed_from_inverter_name,61.43,,
fronius,2024-06-17,ab8e0174-0a82-4a59-ac40-c1483f459dd3,SW29-8-11-w4,e7b66537-5eac-4c20-801d-08a67f87d555,Symo Advanced 24.0-3 480 (2),,,24.0,parsed_from_inverter_name,83.7,,
fronius,2024-06-18,ab8e0174-0a82-4a59-ac40-c1483f459dd3,SW29-8-11-w4,3629dfdf-2086-4705-9e86-786da30d335e,Symo Advanced 24.0-3 480 (1),,,24.0,parsed_from_inverter_name,48.44,,
fronius,2024-06-18,ab8e0174-0a82-4a59-ac40-c1483f459dd3,SW29-8-11-w4,e7b66537-5eac-4c20-801d-08a67f87d555,Symo Advanced 24.0-3 480 (2),,,24.0,parsed_from_inverter_name,66.25,,
fronius,2024-06-19,ab8e0174-0a82-4a59-ac40-c1483f459dd3,SW29-8-11-w4,3629dfdf-2086-4705-9e86-786da30d335e,Symo Advanced 24.0-3 480 (1),,,24.0,parsed_from_inverter_name,162.87,,
fronius,2024-06-19,ab8e0174-0a82-4a59-ac40-c1483f459dd3,SW29-8-11-w4,e7b66537-5eac-4c20-801d-08a67f87d555,Symo Advanced 24.0-3 480 (2),,,24.0,parsed_from_inverter_name,194.68,,
fronius,2024-06-20,ab8e0174-0a82-4a59-ac40-c1483f459dd3,SW29-8-11-w4,3629dfdf-2086-4705-9e86-786da30d335e,Symo Advanced 24.0-3 480 (1),,,24.0,parsed_from_inverter_name,161.28,,
fronius,2024-06-20,ab8e0174-0a82-4a59-ac40-c1483f459dd3,SW29-8-11-w4,e7b66537-5eac-4c20-801d-08a67f87d555,Symo Advanced 24.0-3 480 (2),,,24.0,parsed_from_inverter_name,185.01,,
fronius,2024-06-21,ab8e0174-0a82-4a59-ac40-c1483f459dd3,SW29-8-11-w4,3629dfdf-2086-4705-9e86-786da30d335e,Symo Advanced 24.0-3 480 (1),,,24.0,parsed_from_inverter_name,164.91,,
fronius,2024-06-21,ab8e0174-0a82-4a59-ac40-c1483f459dd3,SW29-8-11-w4,e7b66537-5eac-4c20-801d-08a67f87d555,Symo Advanced 24.0-3 480 (2),,,24.0,parsed_from_inverter_name,187.64,,
fronius,2024-06-22,ab8e0174-0a82-4a59-ac40-c1483f459dd3,SW29-8-11-w4,3629dfdf-2086-4705-9e86-786da30d335e,Symo Advanced 24.0-3 480 (1),,,24.0,parsed_from_inverter_name,184.78,,
fronius,2024-06-22,ab8e0174-0a82-4a59-ac40-c1483f459dd3,SW29-8-11-w4,e7b66537-5eac-4c20-801d-08a67f87d555,Symo Advanced 24.0-3 480 (2),,,24.0,parsed_from_inverter_name,216.96,,
fronius,2024-06-23,ab8e0174-0a82-4a59-ac40-c1483f459dd3,SW29-8-11-w4,3629dfdf-2086-4705-9e86-786da30d335e,Symo Advanced 24.0-3 480 (1),,,24.0,parsed_from_inverter_name,170.65,,
fronius,2024-06-23,ab8e0174-0a82-4a59-ac40-c1483f459dd3,SW29-8-11-w4,e7b66537-5eac-4c20-801d-08a67f87d555,Symo Advanced 24.0-3 480 (2),,,24.0,parsed_from_inverter_name,203.26,,
fronius,2024-06-24,ab8e0174-0a82-4a59-ac40-c1483f459dd3,SW29-8-11-w4,3629dfdf-2086-4705-9e86-786da30d335e,Symo Advanced 24.0-3 480 (1),,,24.0,parsed_from_inverter_name,126.36,,
fronius,2024-06-24,ab8e0174-0a82-4a59-ac40-c1483f459dd3,SW29-8-11-w4,e7b66537-5eac-4c20-801d-08a67f87d555,Symo Advanced 24.0-3 480 (2),,,24.0,parsed_from_inverter_name,219.37,,
fronius,2024-06-25,ab8e0174-0a82-4a59-ac40-c1483f459dd3,SW29-8-11-w4,3629dfdf-2086-4705-9e86-786da30d335e,Symo Advanced 24.0-3 480 (1),,,24.0,parsed_from_inverter_name,189.77,,
fronius,2024-06-25,ab8e0174-0a82-4a59-ac40-c1483f459dd3,SW29-8-11-w4,e7b66537-5eac-4c20-801d-08a67f87d555,Symo Advanced 24.0-3 480 (2),,,24.0,parsed_from_inverter_name,219.36,,
fronius,2024-06-26,ab8e0174-0a82-4a59-ac40-c1483f459dd3,SW29-8-11-w4,3629dfdf-2086-4705-9e86-786da30d335e,Symo Advanced 24.0-3 480 (1),,,24.0,parsed_from_inverter_name,135.83,,
fronius,2024-06-26,ab8e0174-0a82-4a59-ac40-c1483f459dd3,SW29-8-11-w4,e7b66537-5eac-4c20-801d-08a67f87d555,Symo Advanced 24.0-3 480 (2),,,24.0,parsed_from_inverter_name,165.76,,
fronius,2024-06-27,ab8e0174-0a82-4a59-ac40-c1483f459dd3,SW29-8-11-w4,3629dfdf-2086-4705-9e86-786da30d335e,Symo Advanced 24.0-3 480 (1),,,24.0,parsed_from_inverter_name,70.04,,
fronius,2024-06-27,ab8e0174-0a82-4a59-ac40-c1483f459dd3,SW29-8-11-w4,e7b66537-5eac-4c20-801d-08a67f87d555,Symo Advanced 24.0-3 480 (2),,,24.0,parsed_from_inverter_name,88.44,,
fronius,2024-06-28,ab8e0174-0a82-4a59-ac40-c1483f459dd3,SW29-8-11-w4,3629dfdf-2086-4705-9e86-786da30d335e,Symo Advanced 24.0-3 480 (1),,,24.0,parsed_from_inverter_name,103.43,,
fronius,2024-06-28,ab8e0174-0a82-4a59-ac40-c1483f459dd3,SW29-8-11-w4,e7b66537-5eac-4c20-801d-08a67f87d555,Symo Advanced 24.0-3 480 (2),,,24.0,parsed_from_inverter_name,129.92,,
fronius,2024-06-29,ab8e0174-0a82-4a59-ac40-c1483f459dd3,SW29-8-11-w4,3629dfdf-2086-4705-9e86-786da30d335e,Symo Advanced 24.0-3 480 (1),,,24.0,parsed_from_inverter_name,181.61,,
fronius,2024-06-29,ab8e0174-0a82-4a59-ac40-c1483f459dd3,SW29-8-11-w4,e7b66537-5eac-4c20-801d-08a67f87d555,Symo Advanced 24.0-3 480 (2),,,24.0,parsed_from_inverter_name,214.78,,
fronius,2024-06-30,ab8e0174-0a82-4a59-ac40-c1483f459dd3,SW29-8-11-w4,3629dfdf-2086-4705-9e86-786da30d335e,Symo Advanced 24.0-3 480 (1),,,24.0,parsed_from_inverter_name,61.72,,
fronius,2024-06-30,ab8e0174-0a82-4a59-ac40-c1483f459dd3,SW29-8-11-w4,e7b66537-5eac-4c20-801d-08a67f87d555,Symo Advanced 24.0-3 480 (2),,,24.0,parsed_from_inverter_name,83.67,,
fronius,2024-07-01,ab8e0174-0a82-4a59-ac40-c1483f459dd3,SW29-8-11-w4,3629dfdf-2086-4705-9e86-786da30d335e,Symo Advanced 24.0-3 480 (1),,,24.0,parsed_from_inverter_name,92.49,,
fronius,2024-07-01,ab8e0174-0a82-4a59-ac40-c1483f459dd3,SW29-8-11-w4,e7b66537-5eac-4c20-801d-08a67f87d555,Symo Advanced 24.0-3 480 (2),,,24.0,parsed_from_inverter_name,119.8,,
fronius,2024-07-02,ab8e0174-0a82-4a59-ac40-c1483f459dd3,SW29-8-11-w4,3629dfdf-2086-4705-9e86-786da30d335e,Symo Advanced 24.0-3 480 (1),,,24.0,parsed_from_inverter_name,136.22,,
fronius,2024-07-02,ab8e0174-0a82-4a59-ac40-c1483f459dd3,SW29-8-11-w4,e7b66537-5eac-4c20-801d-08a67f87d555,Symo Advanced 24.0-3 480 (2),,,24.0,parsed_from_inverter_name,171.4,,
fronius,2024-07-03,ab8e0174-0a82-4a59-ac40-c1483f459dd3,SW29-8-11-w4,3629dfdf-2086-4705-9e86-786da30d335e,Symo Advanced 24.0-3 480 (1),,,24.0,parsed_from_inverter_name,121.02,,
fronius,2024-07-03,ab8e0174-0a82-4a59-ac40-c1483f459dd3,SW29-8-11-w4,e7b66537-5eac-4c20-801d-08a67f87d555,Symo Advanced 24.0-3 480 (2),,,24.0,parsed_from_inverter_name,152.93,,
fronius,2024-07-04,ab8e0174-0a82-4a59-ac40-c1483f459dd3,SW29-8-11-w4,3629dfdf-2086-4705-9e86-786da30d335e,Symo Advanced 24.0-3 480 (1),,,24.0,parsed_from_inverter_name,141.65,,
fronius,2024-07-04,ab8e0174-0a82-4a59-ac40-c1483f459dd3,SW29-8-11-w4,e7b66537-5eac-4c20-801d-08a67f87d555,Symo Advanced 24.0-3 480 (2),,,24.0,parsed_from_inverter_name,170.6,,
fronius,2024-07-05,ab8e0174-0a82-4a59-ac40-c1483f459dd3,SW29-8-11-w4,3629dfdf-2086-4705-9e86-786da30d335e,Symo Advanced 24.0-3 480 (1),,,24.0,parsed_from_inverter_name,183.08,,
fronius,2024-07-05,ab8e0174-0a82-4a59-ac40-c1483f459dd3,SW29-8-11-w4,e7b66537-5eac-4c20-801d-08a67f87d555,Symo Advanced 24.0-3 480 (2),,,24.0,parsed_from_inverter_name,213.16,,
fronius,2024-07-06,ab8e0174-0a82-4a59-ac40-c1483f459dd3,SW29-8-11-w4,3629dfdf-2086-4705-9e86-786da30d335e,Symo Advanced 24.0-3 480 (1),,,24.0,parsed_from_inverter_name,155.78,,
fronius,2024-07-06,ab8e0174-0a82-4a59-ac40-c1483f459dd3,SW29-8-11-w4,e7b66537-5eac-4c20-801d-08a67f87d555,Symo Advanced 24.0-3 480 (2),,,24.0,parsed_from_inverter_name,182.82,,
fronius,2024-07-07,ab8e0174-0a82-4a59-ac40-c1483f459dd3,SW29-8-11-w4,3629dfdf-2086-4705-9e86-786da30d335e,Symo Advanced 24.0-3 480 (1),,,24.0,parsed_from_inverter_name,180.68,,
fronius,2024-07-07,ab8e0174-0a82-4a59-ac40-c1483f459dd3,SW29-8-11-w4,e7b66537-5eac-4c20-801d-08a67f87d555,Symo Advanced 24.0-3 480 (2),,,24.0,parsed_from_inverter_name,216.08,,
fronius,2024-07-08,ab8e0174-0a82-4a59-ac40-c1483f459dd3,SW29-8-11-w4,3629dfdf-2086-4705-9e86-786da30d335e,Symo Advanced 24.0-3 480 (1),,,24.0,parsed_from_inverter_name,177.74,,
fronius,2024-07-08,ab8e0174-0a82-4a59-ac40-c1483f459dd3,SW29-8-11-w4,e7b66537-5eac-4c20-801d-08a67f87d555,Symo Advanced 24.0-3 480 (2),,,24.0,parsed_from_inverter_name,214.94,,
fronius,2024-07-09,ab8e0174-0a82-4a59-ac40-c1483f459dd3,SW29-8-11-w4,3629dfdf-2086-4705-9e86-786da30d335e,Symo Advanced 24.0-3 480 (1),,,24.0,parsed_from_inverter_name,175.96,,
fronius,2024-07-09,ab8e0174-0a82-4a59-ac40-c1483f459dd3,SW29-8-11-w4,e7b66537-5eac-4c20-801d-08a67f87d555,Symo Advanced 24.0-3 480 (2),,,24.0,parsed_from_inverter_name,214.59,,
fronius,2024-07-10,ab8e0174-0a82-4a59-ac40-c1483f459dd3,SW29-8-11-w4,3629dfdf-2086-4705-9e86-786da30d335e,Symo Advanced 24.0-3 480 (1),,,24.0,parsed_from_inverter_name,175.52,,
fronius,2024-07-10,ab8e0174-0a82-4a59-ac40-c1483f459dd3,SW29-8-11-w4,e7b66537-5eac-4c20-801d-08a67f87d555,Symo Advanced 24.0-3 480 (2),,,24.0,parsed_from_inverter_name,213.36,,
fronius,2024-07-11,ab8e0174-0a82-4a59-ac40-c1483f459dd3,SW29-8-11-w4,3629dfdf-2086-4705-9e86-786da30d335e,Symo Advanced 24.0-3 480 (1),,,24.0,parsed_from_inverter_name,176.26,,
fronius,2024-07-11,ab8e0174-0a82-4a59-ac40-c1483f459dd3,SW29-8-11-w4,e7b66537-5eac-4c20-801d-08a67f87d555,Symo Advanced 24.0-3 480 (2),,,24.0,parsed_from_inverter_name,213.19,,
fronius,2024-07-12,ab8e0174-0a82-4a59-ac40-c1483f459dd3,SW29-8-11-w4,3629dfdf-2086-4705-9e86-786da30d335e,Symo Advanced 24.0-3 480 (1),,,24.0,parsed_from_inverter_name,173.42,,
fronius,2024-07-12,ab8e0174-0a82-4a59-ac40-c1483f459dd3,SW29-8-11-w4,e7b66537-5eac-4c20-801d-08a67f87d555,Symo Advanced 24.0-3 480 (2),,,24.0,parsed_from_inverter_name,205.2,,
fronius,2024-07-13,ab8e0174-0a82-4a59-ac40-c1483f459dd3,SW29-8-11-w4,3629dfdf-2086-4705-9e86-786da30d335e,Symo Advanced 24.0-3 480 (1),,,24.0,parsed_from_inverter_name,170.73,,
fronius,2024-07-13,ab8e0174-0a82-4a59-ac40-c1483f459dd3,SW29-8-11-w4,e7b66537-5eac-4c20-801d-08a67f87d555,Symo Advanced 24.0-3 480 (2),,,24.0,parsed_from_inverter_name,205.4,,
fronius,2024-07-14,ab8e0174-0a82-4a59-ac40-c1483f459dd3,SW29-8-11-w4,3629dfdf-2086-4705-9e86-786da30d335e,Symo Advanced 24.0-3 480 (1),,,24.0,parsed_from_inverter_name,175.65,,
fronius,2024-07-14,ab8e0174-0a82-4a59-ac40-c1483f459dd3,SW29-8-11-w4,e7b66537-5eac-4c20-801d-08a67f87d555,Symo Advanced 24.0-3 480 (2),,,24.0,parsed_from_inverter_name,208.62,,
fronius,2024-07-15,ab8e0174-0a82-4a59-ac40-c1483f459dd3,SW29-8-11-w4,3629dfdf-2086-4705-9e86-786da30d335e,Symo Advanced 24.0-3 480 (1),,,24.0,parsed_from_inverter_name,167.43,,
fronius,2024-07-15,ab8e0174-0a82-4a59-ac40-c1483f459dd3,SW29-8-11-w4,e7b66537-5eac-4c20-801d-08a67f87d555,Symo Advanced 24.0-3 480 (2),,,24.0,parsed_from_inverter_name,206.91,,
fronius,2024-07-16,ab8e0174-0a82-4a59-ac40-c1483f459dd3,SW29-8-11-w4,3629dfdf-2086-4705-9e86-786da30d335e,Symo Advanced 24.0-3 480 (1),,,24.0,parsed_from_inverter_name,170.51,,
fronius,2024-07-16,ab8e0174-0a82-4a59-ac40-c1483f459dd3,SW29-8-11-w4,e7b66537-5eac-4c20-801d-08a67f87d555,Symo Advanced 24.0-3 480 (2),,,24.0,parsed_from_inverter_name,205.95,,
fronius,2024-07-17,ab8e0174-0a82-4a59-ac40-c1483f459dd3,SW29-8-11-w4,3629dfdf-2086-4705-9e86-786da30d335e,Symo Advanced 24.0-3 480 (1),,,24.0,parsed_from_inverter_name,174.5,,
fronius,2024-07-17,ab8e0174-0a82-4a59-ac40-c1483f459dd3,SW29-8-11-w4,e7b66537-5eac-4c20-801d-08a67f87d555,Symo Advanced 24.0-3 480 (2),,,24.0,parsed_from_inverter_name,212.11,,
fronius,2024-07-18,ab8e0174-0a82-4a59-ac40-c1483f459dd3,SW29-8-11-w4,3629dfdf-2086-4705-9e86-786da30d335e,Symo Advanced 24.0-3 480 (1),,,24.0,parsed_from_inverter_name,106.07,,
fronius,2024-07-18,ab8e0174-0a82-4a59-ac40-c1483f459dd3,SW29-8-11-w4,e7b66537-5eac-4c20-801d-08a67f87d555,Symo Advanced 24.0-3 480 (2),,,24.0,parsed_from_inverter_name,138.09,,
fronius,2024-07-19,ab8e0174-0a82-4a59-ac40-c1483f459dd3,SW29-8-11-w4,3629dfdf-2086-4705-9e86-786da30d335e,Symo Advanced 24.0-3 480 (1),,,24.0,parsed_from_inverter_name,169.81,,
fronius,2024-07-19,ab8e0174-0a82-4a59-ac40-c1483f459dd3,SW29-8-11-w4,e7b66537-5eac-4c20-801d-08a67f87d555,Symo Advanced 24.0-3 480 (2),,,24.0,parsed_from_inverter_name,211.63,,
fronius,2024-07-20,ab8e0174-0a82-4a59-ac40-c1483f459dd3,SW29-8-11-w4,3629dfdf-2086-4705-9e86-786da30d335e,Symo Advanced 24.0-3 480 (1),,,24.0,parsed_from_inverter_name,166.58,,
fronius,2024-07-20,ab8e0174-0a82-4a59-ac40-c1483f459dd3,SW29-8-11-w4,e7b66537-5eac-4c20-801d-08a67f87d555,Symo Advanced 24.0-3 480 (2),,,24.0,parsed_from_inverter_name,207.44,,
fronius,2024-07-21,ab8e0174-0a82-4a59-ac40-c1483f459dd3,SW29-8-11-w4,3629dfdf-2086-4705-9e86-786da30d335e,Symo Advanced 24.0-3 480 (1),,,24.0,parsed_from_inverter_name,158.76,,
fronius,2024-07-21,ab8e0174-0a82-4a59-ac40-c1483f459dd3,SW29-8-11-w4,e7b66537-5eac-4c20-801d-08a67f87d555,Symo Advanced 24.0-3 480 (2),,,24.0,parsed_from_inverter_name,201.01,,
fronius,2024-07-22,ab8e0174-0a82-4a59-ac40-c1483f459dd3,SW29-8-11-w4,3629dfdf-2086-4705-9e86-786da30d335e,Symo Advanced 24.0-3 480 (1),,,24.0,parsed_from_inverter_name,129.33,,
fronius,2024-07-22,ab8e0174-0a82-4a59-ac40-c1483f459dd3,SW29-8-11-w4,e7b66537-5eac-4c20-801d-08a67f87d555,Symo Advanced 24.0-3 480 (2),,,24.0,parsed_from_inverter_name,177.76,,
fronius,2024-07-23,ab8e0174-0a82-4a59-ac40-c1483f459dd3,SW29-8-11-w4,3629dfdf-2086-4705-9e86-786da30d335e,Symo Advanced 24.0-3 480 (1),,,24.0,parsed_from_inverter_name,159.44,,
fronius,2024-07-23,ab8e0174-0a82-4a59-ac40-c1483f459dd3,SW29-8-11-w4,e7b66537-5eac-4c20-801d-08a67f87d555,Symo Advanced 24.0-3 480 (2),,,24.0,parsed_from_inverter_name,202.01,,
fronius,2024-07-24,ab8e0174-0a82-4a59-ac40-c1483f459dd3,SW29-8-11-w4,3629dfdf-2086-4705-9e86-786da30d335e,Symo Advanced 24.0-3 480 (1),,,24.0,parsed_from_inverter_name,163.19,,
fronius,2024-07-24,ab8e0174-0a82-4a59-ac40-c1483f459dd3,SW29-8-11-w4,e7b66537-5eac-4c20-801d-08a67f87d555,Symo Advanced 24.0-3 480 (2),,,24.0,parsed_from_inverter_name,204.92,,
fronius,2024-07-25,ab8e0174-0a82-4a59-ac40-c1483f459dd3,SW29-8-11-w4,3629dfdf-2086-4705-9e86-786da30d335e,Symo Advanced 24.0-3 480 (1),,,24.0,parsed_from_inverter_name,0.9,,
fronius,2024-07-25,ab8e0174-0a82-4a59-ac40-c1483f459dd3,SW29-8-11-w4,e7b66537-5eac-4c20-801d-08a67f87d555,Symo Advanced 24.0-3 480 (2),,,24.0,parsed_from_inverter_name,178.98,,
fronius,2024-07-26,ab8e0174-0a82-4a59-ac40-c1483f459dd3,SW29-8-11-w4,3629dfdf-2086-4705-9e86-786da30d335e,Symo Advanced 24.0-3 480 (1),,,24.0,parsed_from_inverter_name,175.46,,
fronius,2024-07-26,ab8e0174-0a82-4a59-ac40-c1483f459dd3,SW29-8-11-w4,e7b66537-5eac-4c20-801d-08a67f87d555,Symo Advanced 24.0-3 480 (2),,,24.0,parsed_from_inverter_name,209.62,,
fronius,2024-07-27,ab8e0174-0a82-4a59-ac40-c1483f459dd3,SW29-8-11-w4,3629dfdf-2086-4705-9e86-786da30d335e,Symo Advanced 24.0-3 480 (1),,,24.0,parsed_from_inverter_name,152.59,,
fronius,2024-07-27,ab8e0174-0a82-4a59-ac40-c1483f459dd3,SW29-8-11-w4,e7b66537-5eac-4c20-801d-08a67f87d555,Symo Advanced 24.0-3 480 (2),,,24.0,parsed_from_inverter_name,188.91,,
fronius,2024-07-28,ab8e0174-0a82-4a59-ac40-c1483f459dd3,SW29-8-11-w4,3629dfdf-2086-4705-9e86-786da30d335e,Symo Advanced 24.0-3 480 (1),,,24.0,parsed_from_inverter_name,152.97,,
fronius,2024-07-28,ab8e0174-0a82-4a59-ac40-c1483f459dd3,SW29-8-11-w4,e7b66537-5eac-4c20-801d-08a67f87d555,Symo Advanced 24.0-3 480 (2),,,24.0,parsed_from_inverter_name,189.88,,
fronius,2024-07-29,ab8e0174-0a82-4a59-ac40-c1483f459dd3,SW29-8-11-w4,3629dfdf-2086-4705-9e86-786da30d335e,Symo Advanced 24.0-3 480 (1),,,24.0,parsed_from_inverter_name,162.82,,
fronius,2024-07-29,ab8e0174-0a82-4a59-ac40-c1483f459dd3,SW29-8-11-w4,e7b66537-5eac-4c20-801d-08a67f87d555,Symo Advanced 24.0-3 480 (2),,,24.0,parsed_from_inverter_name,199.22,,
fronius,2024-07-30,ab8e0174-0a82-4a59-ac40-c1483f459dd3,SW29-8-11-w4,3629dfdf-2086-4705-9e86-786da30d335e,Symo Advanced 24.0-3 480 (1),,,24.0,parsed_from_inverter_name,150.91,,
fronius,2024-07-30,ab8e0174-0a82-4a59-ac40-c1483f459dd3,SW29-8-11-w4,e7b66537-5eac-4c20-801d-08a67f87d555,Symo Advanced 24.0-3 480 (2),,,24.0,parsed_from_inverter_name,184.76,,
fronius,2024-07-31,ab8e0174-0a82-4a59-ac40-c1483f459dd3,SW29-8-11-w4,3629dfdf-2086-4705-9e86-786da30d335e,Symo Advanced 24.0-3 480 (1),,,24.0,parsed_from_inverter_name,165.89,,
fronius,2024-07-31,ab8e0174-0a82-4a59-ac40-c1483f459dd3,SW29-8-11-w4,e7b66537-5eac-4c20-801d-08a67f87d555,Symo Advanced 24.0-3 480 (2),,,24.0,parsed_from_inverter_name,201.7,,
fronius,2024-08-01,ab8e0174-0a82-4a59-ac40-c1483f459dd3,SW29-8-11-w4,3629dfdf-2086-4705-9e86-786da30d335e,Symo Advanced 24.0-3 480 (1),,,24.0,parsed_from_inverter_name,164.39,,
fronius,2024-08-01,ab8e0174-0a82-4a59-ac40-c1483f459dd3,SW29-8-11-w4,e7b66537-5eac-4c20-801d-08a67f87d555,Symo Advanced 24.0-3 480 (2),,,24.0,parsed_from_inverter_name,203.63,,
fronius,2024-08-02,ab8e0174-0a82-4a59-ac40-c1483f459dd3,SW29-8-11-w4,3629dfdf-2086-4705-9e86-786da30d335e,Symo Advanced 24.0-3 480 (1),,,24.0,parsed_from_inverter_name,162.03,,
fronius,2024-08-02,ab8e0174-0a82-4a59-ac40-c1483f459dd3,SW29-8-11-w4,e7b66537-5eac-4c20-801d-08a67f87d555,Symo Advanced 24.0-3 480 (2),,,24.0,parsed_from_inverter_name,197.82,,
fronius,2024-08-03,ab8e0174-0a82-4a59-ac40-c1483f459dd3,SW29-8-11-w4,3629dfdf-2086-4705-9e86-786da30d335e,Symo Advanced 24.0-3 480 (1),,,24.0,parsed_from_inverter_name,103.48,,
fronius,2024-08-03,ab8e0174-0a82-4a59-ac40-c1483f459dd3,SW29-8-11-w4,e7b66537-5eac-4c20-801d-08a67f87d555,Symo Advanced 24.0-3 480 (2),,,24.0,parsed_from_inverter_name,140.79,,
fronius,2024-08-04,ab8e0174-0a82-4a59-ac40-c1483f459dd3,SW29-8-11-w4,3629dfdf-2086-4705-9e86-786da30d335e,Symo Advanced 24.0-3 480 (1),,,24.0,parsed_from_inverter_name,103.41,,
fronius,2024-08-04,ab8e0174-0a82-4a59-ac40-c1483f459dd3,SW29-8-11-w4,e7b66537-5eac-4c20-801d-08a67f87d555,Symo Advanced 24.0-3 480 (2),,,24.0,parsed_from_inverter_name,135.06,,
fronius,2024-08-05,ab8e0174-0a82-4a59-ac40-c1483f459dd3,SW29-8-11-w4,3629dfdf-2086-4705-9e86-786da30d335e,Symo Advanced 24.0-3 480 (1),,,24.0,parsed_from_inverter_name,135.71,,
fronius,2024-08-05,ab8e0174-0a82-4a59-ac40-c1483f459dd3,SW29-8-11-w4,e7b66537-5eac-4c20-801d-08a67f87d555,Symo Advanced 24.0-3 480 (2),,,24.0,parsed_from_inverter_name,171.68,,
fronius,2024-08-06,ab8e0174-0a82-4a59-ac40-c1483f459dd3,SW29-8-11-w4,3629dfdf-2086-4705-9e86-786da30d335e,Symo Advanced 24.0-3 480 (1),,,24.0,parsed_from_inverter_name,113.0,,
fronius,2024-08-06,ab8e0174-0a82-4a59-ac40-c1483f459dd3,SW29-8-11-w4,e7b66537-5eac-4c20-801d-08a67f87d555,Symo Advanced 24.0-3 480 (2),,,24.0,parsed_from_inverter_name,142.94,,
fronius,2024-08-07,ab8e0174-0a82-4a59-ac40-c1483f459dd3,SW29-8-11-w4,3629dfdf-2086-4705-9e86-786da30d335e,Symo Advanced 24.0-3 480 (1),,,24.0,parsed_from_inverter_name,68.07,,
fronius,2024-08-07,ab8e0174-0a82-4a59-ac40-c1483f459dd3,SW29-8-11-w4,e7b66537-5eac-4c20-801d-08a67f87d555,Symo Advanced 24.0-3 480 (2),,,24.0,parsed_from_inverter_name,90.74,,
fronius,2024-08-08,ab8e0174-0a82-4a59-ac40-c1483f459dd3,SW29-8-11-w4,3629dfdf-2086-4705-9e86-786da30d335e,Symo Advanced 24.0-3 480 (1),,,24.0,parsed_from_inverter_name,172.01,,
fronius,2024-08-08,ab8e0174-0a82-4a59-ac40-c1483f459dd3,SW29-8-11-w4,e7b66537-5eac-4c20-801d-08a67f87d555,Symo Advanced 24.0-3 480 (2),,,24.0,parsed_from_inverter_name,203.55,,
fronius,2024-08-09,ab8e0174-0a82-4a59-ac40-c1483f459dd3,SW29-8-11-w4,3629dfdf-2086-4705-9e86-786da30d335e,Symo Advanced 24.0-3 480 (1),,,24.0,parsed_from_inverter_name,151.22,,
fronius,2024-08-09,ab8e0174-0a82-4a59-ac40-c1483f459dd3,SW29-8-11-w4,e7b66537-5eac-4c20-801d-08a67f87d555,Symo Advanced 24.0-3 480 (2),,,24.0,parsed_from_inverter_name,180.13,,
fronius,2024-08-10,ab8e0174-0a82-4a59-ac40-c1483f459dd3,SW29-8-11-w4,3629dfdf-2086-4705-9e86-786da30d335e,Symo Advanced 24.0-3 480 (1),,,24.0,parsed_from_inverter_name,163.06,,
fronius,2024-08-10,ab8e0174-0a82-4a59-ac40-c1483f459dd3,SW29-8-11-w4,e7b66537-5eac-4c20-801d-08a67f87d555,Symo Advanced 24.0-3 480 (2),,,24.0,parsed_from_inverter_name,193.4,,
fronius,2024-08-11,ab8e0174-0a82-4a59-ac40-c1483f459dd3,SW29-8-11-w4,3629dfdf-2086-4705-9e86-786da30d335e,Symo Advanced 24.0-3 480 (1),,,24.0,parsed_from_inverter_name,128.03,,
fronius,2024-08-11,ab8e0174-0a82-4a59-ac40-c1483f459dd3,SW29-8-11-w4,e7b66537-5eac-4c20-801d-08a67f87d555,Symo Advanced 24.0-3 480 (2),,,24.0,parsed_from_inverter_name,161.86,,
fronius,2024-08-12,ab8e0174-0a82-4a59-ac40-c1483f459dd3,SW29-8-11-w4,3629dfdf-2086-4705-9e86-786da30d335e,Symo Advanced 24.0-3 480 (1),,,24.0,parsed_from_inverter_name,140.47,,
fronius,2024-08-12,ab8e0174-0a82-4a59-ac40-c1483f459dd3,SW29-8-11-w4,e7b66537-5eac-4c20-801d-08a67f87d555,Symo Advanced 24.0-3 480 (2),,,24.0,parsed_from_inverter_name,174.58,,
fronius,2024-08-13,ab8e0174-0a82-4a59-ac40-c1483f459dd3,SW29-8-11-w4,3629dfdf-2086-4705-9e86-786da30d335e,Symo Advanced 24.0-3 480 (1),,,24.0,parsed_from_inverter_name,164.7,,
fronius,2024-08-13,ab8e0174-0a82-4a59-ac40-c1483f459dd3,SW29-8-11-w4,e7b66537-5eac-4c20-801d-08a67f87d555,Symo Advanced 24.0-3 480 (2),,,24.0,parsed_from_inverter_name,196.35,,
fronius,2024-08-14,ab8e0174-0a82-4a59-ac40-c1483f459dd3,SW29-8-11-w4,3629dfdf-2086-4705-9e86-786da30d335e,Symo Advanced 24.0-3 480 (1),,,24.0,parsed_from_inverter_name,160.72,,
fronius,2024-08-14,ab8e0174-0a82-4a59-ac40-c1483f459dd3,SW29-8-11-w4,e7b66537-5eac-4c20-801d-08a67f87d555,Symo Advanced 24.0-3 480 (2),,,24.0,parsed_from_inverter_name,196.64,,
fronius,2024-08-15,ab8e0174-0a82-4a59-ac40-c1483f459dd3,SW29-8-11-w4,3629dfdf-2086-4705-9e86-786da30d335e,Symo Advanced 24.0-3 480 (1),,,24.0,parsed_from_inverter_name,132.23,,
fronius,2024-08-15,ab8e0174-0a82-4a59-ac40-c1483f459dd3,SW29-8-11-w4,e7b66537-5eac-4c20-801d-08a67f87d555,Symo Advanced 24.0-3 480 (2),,,24.0,parsed_from_inverter_name,164.61,,
fronius,2024-08-16,ab8e0174-0a82-4a59-ac40-c1483f459dd3,SW29-8-11-w4,3629dfdf-2086-4705-9e86-786da30d335e,Symo Advanced 24.0-3 480 (1),,,24.0,parsed_from_inverter_name,88.99,,
fronius,2024-08-16,ab8e0174-0a82-4a59-ac40-c1483f459dd3,SW29-8-11-w4,e7b66537-5eac-4c20-801d-08a67f87d555,Symo Advanced 24.0-3 480 (2),,,24.0,parsed_from_inverter_name,112.05,,
fronius,2024-08-17,ab8e0174-0a82-4a59-ac40-c1483f459dd3,SW29-8-11-w4,3629dfdf-2086-4705-9e86-786da30d335e,Symo Advanced 24.0-3 480 (1),,,24.0,parsed_from_inverter_name,167.22,,
fronius,2024-08-17,ab8e0174-0a82-4a59-ac40-c1483f459dd3,SW29-8-11-w4,e7b66537-5eac-4c20-801d-08a67f87d555,Symo Advanced 24.0-3 480 (2),,,24.0,parsed_from_inverter_name,198.92,,
fronius,2024-08-18,ab8e0174-0a82-4a59-ac40-c1483f459dd3,SW29-8-11-w4,3629dfdf-2086-4705-9e86-786da30d335e,Symo Advanced 24.0-3 480 (1),,,24.0,parsed_from_inverter_name,145.36,,
fronius,2024-08-18,ab8e0174-0a82-4a59-ac40-c1483f459dd3,SW29-8-11-w4,e7b66537-5eac-4c20-801d-08a67f87d555,Symo Advanced 24.0-3 480 (2),,,24.0,parsed_from_inverter_name,180.12,,
fronius,2024-08-19,ab8e0174-0a82-4a59-ac40-c1483f459dd3,SW29-8-11-w4,3629dfdf-2086-4705-9e86-786da30d335e,Symo Advanced 24.0-3 480 (1),,,24.0,parsed_from_inverter_name,155.54,,
fronius,2024-08-19,ab8e0174-0a82-4a59-ac40-c1483f459dd3,SW29-8-11-w4,e7b66537-5eac-4c20-801d-08a67f87d555,Symo Advanced 24.0-3 480 (2),,,24.0,parsed_from_inverter_name,190.21,,
fronius,2024-08-20,ab8e0174-0a82-4a59-ac40-c1483f459dd3,SW29-8-11-w4,3629dfdf-2086-4705-9e86-786da30d335e,Symo Advanced 24.0-3 480 (1),,,24.0,parsed_from_inverter_name,133.51,,
fronius,2024-08-20,ab8e0174-0a82-4a59-ac40-c1483f459dd3,SW29-8-11-w4,e7b66537-5eac-4c20-801d-08a67f87d555,Symo Advanced 24.0-3 480 (2),,,24.0,parsed_from_inverter_name,168.32,,
fronius,2024-08-21,ab8e0174-0a82-4a59-ac40-c1483f459dd3,SW29-8-11-w4,3629dfdf-2086-4705-9e86-786da30d335e,Symo Advanced 24.0-3 480 (1),,,24.0,parsed_from_inverter_name,106.03,,
fronius,2024-08-21,ab8e0174-0a82-4a59-ac40-c1483f459dd3,SW29-8-11-w4,e7b66537-5eac-4c20-801d-08a67f87d555,Symo Advanced 24.0-3 480 (2),,,24.0,parsed_from_inverter_name,133.58,,
fronius,2024-08-22,ab8e0174-0a82-4a59-ac40-c1483f459dd3,SW29-8-11-w4,3629dfdf-2086-4705-9e86-786da30d335e,Symo Advanced 24.0-3 480 (1),,,24.0,parsed_from_inverter_name,167.47,,
fronius,2024-08-22,ab8e0174-0a82-4a59-ac40-c1483f459dd3,SW29-8-11-w4,e7b66537-5eac-4c20-801d-08a67f87d555,Symo Advanced 24.0-3 480 (2),,,24.0,parsed_from_inverter_name,200.64,,
fronius,2024-08-23,ab8e0174-0a82-4a59-ac40-c1483f459dd3,SW29-8-11-w4,3629dfdf-2086-4705-9e86-786da30d335e,Symo Advanced 24.0-3 480 (1),,,24.0,parsed_from_inverter_name,130.12,,
fronius,2024-08-23,ab8e0174-0a82-4a59-ac40-c1483f459dd3,SW29-8-11-w4,e7b66537-5eac-4c20-801d-08a67f87d555,Symo Advanced 24.0-3 480 (2),,,24.0,parsed_from_inverter_name,172.46,,
fronius,2024-08-24,ab8e0174-0a82-4a59-ac40-c1483f459dd3,SW29-8-11-w4,3629dfdf-2086-4705-9e86-786da30d335e,Symo Advanced 24.0-3 480 (1),,,24.0,parsed_from_inverter_name,148.96,,
fronius,2024-08-24,ab8e0174-0a82-4a59-ac40-c1483f459dd3,SW29-8-11-w4,e7b66537-5eac-4c20-801d-08a67f87d555,Symo Advanced 24.0-3 480 (2),,,24.0,parsed_from_inverter_name,178.87,,
fronius,2024-08-25,ab8e0174-0a82-4a59-ac40-c1483f459dd3,SW29-8-11-w4,3629dfdf-2086-4705-9e86-786da30d335e,Symo Advanced 24.0-3 480 (1),,,24.0,parsed_from_inverter_name,167.62,,
fronius,2024-08-25,ab8e0174-0a82-4a59-ac40-c1483f459dd3,SW29-8-11-w4,e7b66537-5eac-4c20-801d-08a67f87d555,Symo Advanced 24.0-3 480 (2),,,24.0,parsed_from_inverter_name,199.51,,
fronius,2024-08-26,ab8e0174-0a82-4a59-ac40-c1483f459dd3,SW29-8-11-w4,3629dfdf-2086-4705-9e86-786da30d335e,Symo Advanced 24.0-3 480 (1),,,24.0,parsed_from_inverter_name,164.42,,
fronius,2024-08-26,ab8e0174-0a82-4a59-ac40-c1483f459dd3,SW29-8-11-w4,e7b66537-5eac-4c20-801d-08a67f87d555,Symo Advanced 24.0-3 480 (2),,,24.0,parsed_from_inverter_name,198.77,,
fronius,2024-08-27,ab8e0174-0a82-4a59-ac40-c1483f459dd3,SW29-8-11-w4,3629dfdf-2086-4705-9e86-786da30d335e,Symo Advanced 24.0-3 480 (1),,,24.0,parsed_from_inverter_name,112.86,,
fronius,2024-08-27,ab8e0174-0a82-4a59-ac40-c1483f459dd3,SW29-8-11-w4,e7b66537-5eac-4c20-801d-08a67f87d555,Symo Advanced 24.0-3 480 (2),,,24.0,parsed_from_inverter_name,135.72,,
fronius,2024-08-28,ab8e0174-0a82-4a59-ac40-c1483f459dd3,SW29-8-11-w4,3629dfdf-2086-4705-9e86-786da30d335e,Symo Advanced 24.0-3 480 (1),,,24.0,parsed_from_inverter_name,87.79,,
fronius,2024-08-28,ab8e0174-0a82-4a59-ac40-c1483f459dd3,SW29-8-11-w4,e7b66537-5eac-4c20-801d-08a67f87d555,Symo Advanced 24.0-3 480 (2),,,24.0,parsed_from_inverter_name,112.67,,
fronius,2024-08-29,ab8e0174-0a82-4a59-ac40-c1483f459dd3,SW29-8-11-w4,3629dfdf-2086-4705-9e86-786da30d335e,Symo Advanced 24.0-3 480 (1),,,24.0,parsed_from_inverter_name,174.04,,
fronius,2024-08-29,ab8e0174-0a82-4a59-ac40-c1483f459dd3,SW29-8-11-w4,e7b66537-5eac-4c20-801d-08a67f87d555,Symo Advanced 24.0-3 480 (2),,,24.0,parsed_from_inverter_name,202.13,,
fronius,2024-08-30,ab8e0174-0a82-4a59-ac40-c1483f459dd3,SW29-8-11-w4,3629dfdf-2086-4705-9e86-786da30d335e,Symo Advanced 24.0-3 480 (1),,,24.0,parsed_from_inverter_name,166.75,,
fronius,2024-08-30,ab8e0174-0a82-4a59-ac40-c1483f459dd3,SW29-8-11-w4,e7b66537-5eac-4c20-801d-08a67f87d555,Symo Advanced 24.0-3 480 (2),,,24.0,parsed_from_inverter_name,194.52,,
fronius,2024-08-31,ab8e0174-0a82-4a59-ac40-c1483f459dd3,SW29-8-11-w4,3629dfdf-2086-4705-9e86-786da30d335e,Symo Advanced 24.0-3 480 (1),,,24.0,parsed_from_inverter_name,165.31,,
fronius,2024-08-31,ab8e0174-0a82-4a59-ac40-c1483f459dd3,SW29-8-11-w4,e7b66537-5eac-4c20-801d-08a67f87d555,Symo Advanced 24.0-3 480 (2),,,24.0,parsed_from_inverter_name,199.07,,
fronius,2024-09-01,ab8e0174-0a82-4a59-ac40-c1483f459dd3,SW29-8-11-w4,3629dfdf-2086-4705-9e86-786da30d335e,Symo Advanced 24.0-3 480 (1),,,24.0,parsed_from_inverter_name,166.54,,
fronius,2024-09-01,ab8e0174-0a82-4a59-ac40-c1483f459dd3,SW29-8-11-w4,e7b66537-5eac-4c20-801d-08a67f87d555,Symo Advanced 24.0-3 480 (2),,,24.0,parsed_from_inverter_name,198.34,,
fronius,2024-09-02,ab8e0174-0a82-4a59-ac40-c1483f459dd3,SW29-8-11-w4,3629dfdf-2086-4705-9e86-786da30d335e,Symo Advanced 24.0-3 480 (1),,,24.0,parsed_from_inverter_name,155.34,,
fronius,2024-09-02,ab8e0174-0a82-4a59-ac40-c1483f459dd3,SW29-8-11-w4,e7b66537-5eac-4c20-801d-08a67f87d555,Symo Advanced 24.0-3 480 (2),,,24.0,parsed_from_inverter_name,187.63,,
fronius,2024-09-03,ab8e0174-0a82-4a59-ac40-c1483f459dd3,SW29-8-11-w4,3629dfdf-2086-4705-9e86-786da30d335e,Symo Advanced 24.0-3 480 (1),,,24.0,parsed_from_inverter_name,132.24,,
fronius,2024-09-03,ab8e0174-0a82-4a59-ac40-c1483f459dd3,SW29-8-11-w4,e7b66537-5eac-4c20-801d-08a67f87d555,Symo Advanced 24.0-3 480 (2),,,24.0,parsed_from_inverter_name,156.07,,
fronius,2024-09-04,ab8e0174-0a82-4a59-ac40-c1483f459dd3,SW29-8-11-w4,3629dfdf-2086-4705-9e86-786da30d335e,Symo Advanced 24.0-3 480 (1),,,24.0,parsed_from_inverter_name,156.16,,
fronius,2024-09-04,ab8e0174-0a82-4a59-ac40-c1483f459dd3,SW29-8-11-w4,e7b66537-5eac-4c20-801d-08a67f87d555,Symo Advanced 24.0-3 480 (2),,,24.0,parsed_from_inverter_name,187.77,,
fronius,2024-09-05,ab8e0174-0a82-4a59-ac40-c1483f459dd3,SW29-8-11-w4,3629dfdf-2086-4705-9e86-786da30d335e,Symo Advanced 24.0-3 480 (1),,,24.0,parsed_from_inverter_name,160.22,,
fronius,2024-09-05,ab8e0174-0a82-4a59-ac40-c1483f459dd3,SW29-8-11-w4,e7b66537-5eac-4c20-801d-08a67f87d555,Symo Advanced 24.0-3 480 (2),,,24.0,parsed_from_inverter_name,194.19,,
fronius,2024-09-06,ab8e0174-0a82-4a59-ac40-c1483f459dd3,SW29-8-11-w4,3629dfdf-2086-4705-9e86-786da30d335e,Symo Advanced 24.0-3 480 (1),,,24.0,parsed_from_inverter_name,161.67,,
fronius,2024-09-06,ab8e0174-0a82-4a59-ac40-c1483f459dd3,SW29-8-11-w4,e7b66537-5eac-4c20-801d-08a67f87d555,Symo Advanced 24.0-3 480 (2),,,24.0,parsed_from_inverter_name,195.14,,
fronius,2024-09-07,ab8e0174-0a82-4a59-ac40-c1483f459dd3,SW29-8-11-w4,3629dfdf-2086-4705-9e86-786da30d335e,Symo Advanced 24.0-3 480 (1),,,24.0,parsed_from_inverter_name,160.73,,
fronius,2024-09-07,ab8e0174-0a82-4a59-ac40-c1483f459dd3,SW29-8-11-w4,e7b66537-5eac-4c20-801d-08a67f87d555,Symo Advanced 24.0-3 480 (2),,,24.0,parsed_from_inverter_name,194.73,,
fronius,2024-09-08,ab8e0174-0a82-4a59-ac40-c1483f459dd3,SW29-8-11-w4,3629dfdf-2086-4705-9e86-786da30d335e,Symo Advanced 24.0-3 480 (1),,,24.0,parsed_from_inverter_name,151.58,,
fronius,2024-09-08,ab8e0174-0a82-4a59-ac40-c1483f459dd3,SW29-8-11-w4,e7b66537-5eac-4c20-801d-08a67f87d555,Symo Advanced 24.0-3 480 (2),,,24.0,parsed_from_inverter_name,187.91,,
fronius,2024-09-09,ab8e0174-0a82-4a59-ac40-c1483f459dd3,SW29-8-11-w4,3629dfdf-2086-4705-9e86-786da30d335e,Symo Advanced 24.0-3 480 (1),,,24.0,parsed_from_inverter_name,82.87,,
fronius,2024-09-09,ab8e0174-0a82-4a59-ac40-c1483f459dd3,SW29-8-11-w4,e7b66537-5eac-4c20-801d-08a67f87d555,Symo Advanced 24.0-3 480 (2),,,24.0,parsed_from_inverter_name,141.87,,
fronius,2024-09-10,ab8e0174-0a82-4a59-ac40-c1483f459dd3,SW29-8-11-w4,3629dfdf-2086-4705-9e86-786da30d335e,Symo Advanced 24.0-3 480 (1),,,24.0,parsed_from_inverter_name,133.96,,
fronius,2024-09-10,ab8e0174-0a82-4a59-ac40-c1483f459dd3,SW29-8-11-w4,e7b66537-5eac-4c20-801d-08a67f87d555,Symo Advanced 24.0-3 480 (2),,,24.0,parsed_from_inverter_name,166.94,,
fronius,2024-09-11,ab8e0174-0a82-4a59-ac40-c1483f459dd3,SW29-8-11-w4,3629dfdf-2086-4705-9e86-786da30d335e,Symo Advanced 24.0-3 480 (1),,,24.0,parsed_from_inverter_name,70.05,,
fronius,2024-09-11,ab8e0174-0a82-4a59-ac40-c1483f459dd3,SW29-8-11-w4,e7b66537-5eac-4c20-801d-08a67f87d555,Symo Advanced 24.0-3 480 (2),,,24.0,parsed_from_inverter_name,94.84,,
fronius,2024-09-12,ab8e0174-0a82-4a59-ac40-c1483f459dd3,SW29-8-11-w4,3629dfdf-2086-4705-9e86-786da30d335e,Symo Advanced 24.0-3 480 (1),,,24.0,parsed_from_inverter_name,11.19,,
fronius,2024-09-12,ab8e0174-0a82-4a59-ac40-c1483f459dd3,SW29-8-11-w4,e7b66537-5eac-4c20-801d-08a67f87d555,Symo Advanced 24.0-3 480 (2),,,24.0,parsed_from_inverter_name,15.51,,
fronius,2024-09-13,ab8e0174-0a82-4a59-ac40-c1483f459dd3,SW29-8-11-w4,3629dfdf-2086-4705-9e86-786da30d335e,Symo Advanced 24.0-3 480 (1),,,24.0,parsed_from_inverter_name,122.26,,
fronius,2024-09-13,ab8e0174-0a82-4a59-ac40-c1483f459dd3,SW29-8-11-w4,e7b66537-5eac-4c20-801d-08a67f87d555,Symo Advanced 24.0-3 480 (2),,,24.0,parsed_from_inverter_name,140.51,,
fronius,2024-09-14,ab8e0174-0a82-4a59-ac40-c1483f459dd3,SW29-8-11-w4,3629dfdf-2086-4705-9e86-786da30d335e,Symo Advanced 24.0-3 480 (1),,,24.0,parsed_from_inverter_name,105.94,,
fronius,2024-09-14,ab8e0174-0a82-4a59-ac40-c1483f459dd3,SW29-8-11-w4,e7b66537-5eac-4c20-801d-08a67f87d555,Symo Advanced 24.0-3 480 (2),,,24.0,parsed_from_inverter_name,138.73,,
fronius,2024-09-15,ab8e0174-0a82-4a59-ac40-c1483f459dd3,SW29-8-11-w4,3629dfdf-2086-4705-9e86-786da30d335e,Symo Advanced 24.0-3 480 (1),,,24.0,parsed_from_inverter_name,108.25,,
fronius,2024-09-15,ab8e0174-0a82-4a59-ac40-c1483f459dd3,SW29-8-11-w4,e7b66537-5eac-4c20-801d-08a67f87d555,Symo Advanced 24.0-3 480 (2),,,24.0,parsed_from_inverter_name,135.69,,
fronius,2024-09-16,ab8e0174-0a82-4a59-ac40-c1483f459dd3,SW29-8-11-w4,3629dfdf-2086-4705-9e86-786da30d335e,Symo Advanced 24.0-3 480 (1),,,24.0,parsed_from_inverter_name,143.23,,
fronius,2024-09-16,ab8e0174-0a82-4a59-ac40-c1483f459dd3,SW29-8-11-w4,e7b66537-5eac-4c20-801d-08a67f87d555,Symo Advanced 24.0-3 480 (2),,,24.0,parsed_from_inverter_name,170.23,,
fronius,2024-09-17,ab8e0174-0a82-4a59-ac40-c1483f459dd3,SW29-8-11-w4,3629dfdf-2086-4705-9e86-786da30d335e,Symo Advanced 24.0-3 480 (1),,,24.0,parsed_from_inverter_name,116.6,,
fronius,2024-09-17,ab8e0174-0a82-4a59-ac40-c1483f459dd3,SW29-8-11-w4,e7b66537-5eac-4c20-801d-08a67f87d555,Symo Advanced 24.0-3 480 (2),,,24.0,parsed_from_inverter_name,137.18,,
fronius,2024-09-18,ab8e0174-0a82-4a59-ac40-c1483f459dd3,SW29-8-11-w4,3629dfdf-2086-4705-9e86-786da30d335e,Symo Advanced 24.0-3 480 (1),,,24.0,parsed_from_inverter_name,22.5,,
fronius,2024-09-18,ab8e0174-0a82-4a59-ac40-c1483f459dd3,SW29-8-11-w4,e7b66537-5eac-4c20-801d-08a67f87d555,Symo Advanced 24.0-3 480 (2),,,24.0,parsed_from_inverter_name,30.91,,
fronius,2024-09-19,ab8e0174-0a82-4a59-ac40-c1483f459dd3,SW29-8-11-w4,3629dfdf-2086-4705-9e86-786da30d335e,Symo Advanced 24.0-3 480 (1),,,24.0,parsed_from_inverter_name,124.79,,
fronius,2024-09-19,ab8e0174-0a82-4a59-ac40-c1483f459dd3,SW29-8-11-w4,e7b66537-5eac-4c20-801d-08a67f87d555,Symo Advanced 24.0-3 480 (2),,,24.0,parsed_from_inverter_name,149.99,,
fronius,2024-09-20,ab8e0174-0a82-4a59-ac40-c1483f459dd3,SW29-8-11-w4,3629dfdf-2086-4705-9e86-786da30d335e,Symo Advanced 24.0-3 480 (1),,,24.0,parsed_from_inverter_name,26.32,,
fronius,2024-09-20,ab8e0174-0a82-4a59-ac40-c1483f459dd3,SW29-8-11-w4,e7b66537-5eac-4c20-801d-08a67f87d555,Symo Advanced 24.0-3 480 (2),,,24.0,parsed_from_inverter_name,35.68,,
fronius,2024-09-21,ab8e0174-0a82-4a59-ac40-c1483f459dd3,SW29-8-11-w4,3629dfdf-2086-4705-9e86-786da30d335e,Symo Advanced 24.0-3 480 (1),,,24.0,parsed_from_inverter_name,162.89,,
fronius,2024-09-21,ab8e0174-0a82-4a59-ac40-c1483f459dd3,SW29-8-11-w4,e7b66537-5eac-4c20-801d-08a67f87d555,Symo Advanced 24.0-3 480 (2),,,24.0,parsed_from_inverter_name,191.83,,
fronius,2024-09-22,ab8e0174-0a82-4a59-ac40-c1483f459dd3,SW29-8-11-w4,3629dfdf-2086-4705-9e86-786da30d335e,Symo Advanced 24.0-3 480 (1),,,24.0,parsed_from_inverter_name,124.54,,
fronius,2024-09-22,ab8e0174-0a82-4a59-ac40-c1483f459dd3,SW29-8-11-w4,e7b66537-5eac-4c20-801d-08a67f87d555,Symo Advanced 24.0-3 480 (2),,,24.0,parsed_from_inverter_name,161.92,,
fronius,2024-09-23,ab8e0174-0a82-4a59-ac40-c1483f459dd3,SW29-8-11-w4,3629dfdf-2086-4705-9e86-786da30d335e,Symo Advanced 24.0-3 480 (1),,,24.0,parsed_from_inverter_name,145.98,,
fronius,2024-09-23,ab8e0174-0a82-4a59-ac40-c1483f459dd3,SW29-8-11-w4,e7b66537-5eac-4c20-801d-08a67f87d555,Symo Advanced 24.0-3 480 (2),,,24.0,parsed_from_inverter_name,178.65,,
fronius,2024-09-24,ab8e0174-0a82-4a59-ac40-c1483f459dd3,SW29-8-11-w4,3629dfdf-2086-4705-9e86-786da30d335e,Symo Advanced 24.0-3 480 (1),,,24.0,parsed_from_inverter_name,149.55,,
fronius,2024-09-24,ab8e0174-0a82-4a59-ac40-c1483f459dd3,SW29-8-11-w4,e7b66537-5eac-4c20-801d-08a67f87d555,Symo Advanced 24.0-3 480 (2),,,24.0,parsed_from_inverter_name,184.14,,
fronius,2024-09-25,ab8e0174-0a82-4a59-ac40-c1483f459dd3,SW29-8-11-w4,3629dfdf-2086-4705-9e86-786da30d335e,Symo Advanced 24.0-3 480 (1),,,24.0,parsed_from_inverter_name,146.35,,
fronius,2024-09-25,ab8e0174-0a82-4a59-ac40-c1483f459dd3,SW29-8-11-w4,e7b66537-5eac-4c20-801d-08a67f87d555,Symo Advanced 24.0-3 480 (2),,,24.0,parsed_from_inverter_name,179.77,,
fronius,2024-09-26,ab8e0174-0a82-4a59-ac40-c1483f459dd3,SW29-8-11-w4,3629dfdf-2086-4705-9e86-786da30d335e,Symo Advanced 24.0-3 480 (1),,,24.0,parsed_from_inverter_name,145.74,,
fronius,2024-09-26,ab8e0174-0a82-4a59-ac40-c1483f459dd3,SW29-8-11-w4,e7b66537-5eac-4c20-801d-08a67f87d555,Symo Advanced 24.0-3 480 (2),,,24.0,parsed_from_inverter_name,171.3,,
fronius,2024-09-27,ab8e0174-0a82-4a59-ac40-c1483f459dd3,SW29-8-11-w4,3629dfdf-2086-4705-9e86-786da30d335e,Symo Advanced 24.0-3 480 (1),,,24.0,parsed_from_inverter_name,152.83,,
fronius,2024-09-27,ab8e0174-0a82-4a59-ac40-c1483f459dd3,SW29-8-11-w4,e7b66537-5eac-4c20-801d-08a67f87d555,Symo Advanced 24.0-3 480 (2),,,24.0,parsed_from_inverter_name,183.34,,
fronius,2024-09-28,ab8e0174-0a82-4a59-ac40-c1483f459dd3,SW29-8-11-w4,3629dfdf-2086-4705-9e86-786da30d335e,Symo Advanced 24.0-3 480 (1),,,24.0,parsed_from_inverter_name,143.33,,
fronius,2024-09-28,ab8e0174-0a82-4a59-ac40-c1483f459dd3,SW29-8-11-w4,e7b66537-5eac-4c20-801d-08a67f87d555,Symo Advanced 24.0-3 480 (2),,,24.0,parsed_from_inverter_name,175.46,,
fronius,2024-09-29,ab8e0174-0a82-4a59-ac40-c1483f459dd3,SW29-8-11-w4,3629dfdf-2086-4705-9e86-786da30d335e,Symo Advanced 24.0-3 480 (1),,,24.0,parsed_from_inverter_name,53.82,,
fronius,2024-09-29,ab8e0174-0a82-4a59-ac40-c1483f459dd3,SW29-8-11-w4,e7b66537-5eac-4c20-801d-08a67f87d555,Symo Advanced 24.0-3 480 (2),,,24.0,parsed_from_inverter_name,73.27,,
fronius,2024-09-30,ab8e0174-0a82-4a59-ac40-c1483f459dd3,SW29-8-11-w4,3629dfdf-2086-4705-9e86-786da30d335e,Symo Advanced 24.0-3 480 (1),,,24.0,parsed_from_inverter_name,153.98,,
fronius,2024-09-30,ab8e0174-0a82-4a59-ac40-c1483f459dd3,SW29-8-11-w4,e7b66537-5eac-4c20-801d-08a67f87d555,Symo Advanced 24.0-3 480 (2),,,24.0,parsed_from_inverter_name,177.36,,
fronius,2024-10-01,ab8e0174-0a82-4a59-ac40-c1483f459dd3,SW29-8-11-w4,3629dfdf-2086-4705-9e86-786da30d335e,Symo Advanced 24.0-3 480 (1),,,24.0,parsed_from_inverter_name,112.82,,
fronius,2024-10-01,ab8e0174-0a82-4a59-ac40-c1483f459dd3,SW29-8-11-w4,e7b66537-5eac-4c20-801d-08a67f87d555,Symo Advanced 24.0-3 480 (2),,,24.0,parsed_from_inverter_name,134.47,,
fronius,2024-10-02,ab8e0174-0a82-4a59-ac40-c1483f459dd3,SW29-8-11-w4,3629dfdf-2086-4705-9e86-786da30d335e,Symo Advanced 24.0-3 480 (1),,,24.0,parsed_from_inverter_name,123.39,,
fronius,2024-10-02,ab8e0174-0a82-4a59-ac40-c1483f459dd3,SW29-8-11-w4,e7b66537-5eac-4c20-801d-08a67f87d555,Symo Advanced 24.0-3 480 (2),,,24.0,parsed_from_inverter_name,139.69,,
fronius,2024-10-03,ab8e0174-0a82-4a59-ac40-c1483f459dd3,SW29-8-11-w4,3629dfdf-2086-4705-9e86-786da30d335e,Symo Advanced 24.0-3 480 (1),,,24.0,parsed_from_inverter_name,149.4,,
fronius,2024-10-03,ab8e0174-0a82-4a59-ac40-c1483f459dd3,SW29-8-11-w4,e7b66537-5eac-4c20-801d-08a67f87d555,Symo Advanced 24.0-3 480 (2),,,24.0,parsed_from_inverter_name,180.15,,
fronius,2024-10-04,ab8e0174-0a82-4a59-ac40-c1483f459dd3,SW29-8-11-w4,3629dfdf-2086-4705-9e86-786da30d335e,Symo Advanced 24.0-3 480 (1),,,24.0,parsed_from_inverter_name,110.4,,
fronius,2024-10-04,ab8e0174-0a82-4a59-ac40-c1483f459dd3,SW29-8-11-w4,e7b66537-5eac-4c20-801d-08a67f87d555,Symo Advanced 24.0-3 480 (2),,,24.0,parsed_from_inverter_name,143.45,,
fronius,2024-10-05,ab8e0174-0a82-4a59-ac40-c1483f459dd3,SW29-8-11-w4,3629dfdf-2086-4705-9e86-786da30d335e,Symo Advanced 24.0-3 480 (1),,,24.0,parsed_from_inverter_name,152.17,,
fronius,2024-10-05,ab8e0174-0a82-4a59-ac40-c1483f459dd3,SW29-8-11-w4,e7b66537-5eac-4c20-801d-08a67f87d555,Symo Advanced 24.0-3 480 (2),,,24.0,parsed_from_inverter_name,181.53,,
fronius,2024-10-06,ab8e0174-0a82-4a59-ac40-c1483f459dd3,SW29-8-11-w4,3629dfdf-2086-4705-9e86-786da30d335e,Symo Advanced 24.0-3 480 (1),,,24.0,parsed_from_inverter_name,132.05,,
fronius,2024-10-06,ab8e0174-0a82-4a59-ac40-c1483f459dd3,SW29-8-11-w4,e7b66537-5eac-4c20-801d-08a67f87d555,Symo Advanced 24.0-3 480 (2),,,24.0,parsed_from_inverter_name,162.0,,
fronius,2024-10-07,ab8e0174-0a82-4a59-ac40-c1483f459dd3,SW29-8-11-w4,3629dfdf-2086-4705-9e86-786da30d335e,Symo Advanced 24.0-3 480 (1),,,24.0,parsed_from_inverter_name,146.49,,
fronius,2024-10-07,ab8e0174-0a82-4a59-ac40-c1483f459dd3,SW29-8-11-w4,e7b66537-5eac-4c20-801d-08a67f87d555,Symo Advanced 24.0-3 480 (2),,,24.0,parsed_from_inverter_name,178.21,,
fronius,2024-10-08,ab8e0174-0a82-4a59-ac40-c1483f459dd3,SW29-8-11-w4,3629dfdf-2086-4705-9e86-786da30d335e,Symo Advanced 24.0-3 480 (1),,,24.0,parsed_from_inverter_name,144.11,,
fronius,2024-10-08,ab8e0174-0a82-4a59-ac40-c1483f459dd3,SW29-8-11-w4,e7b66537-5eac-4c20-801d-08a67f87d555,Symo Advanced 24.0-3 480 (2),,,24.0,parsed_from_inverter_name,174.02,,
fronius,2024-10-09,ab8e0174-0a82-4a59-ac40-c1483f459dd3,SW29-8-11-w4,3629dfdf-2086-4705-9e86-786da30d335e,Symo Advanced 24.0-3 480 (1),,,24.0,parsed_from_inverter_name,52.52,,
fronius,2024-10-09,ab8e0174-0a82-4a59-ac40-c1483f459dd3,SW29-8-11-w4,e7b66537-5eac-4c20-801d-08a67f87d555,Symo Advanced 24.0-3 480 (2),,,24.0,parsed_from_inverter_name,71.5,,
fronius,2024-10-10,ab8e0174-0a82-4a59-ac40-c1483f459dd3,SW29-8-11-w4,3629dfdf-2086-4705-9e86-786da30d335e,Symo Advanced 24.0-3 480 (1),,,24.0,parsed_from_inverter_name,130.49,,
fronius,2024-10-10,ab8e0174-0a82-4a59-ac40-c1483f459dd3,SW29-8-11-w4,e7b66537-5eac-4c20-801d-08a67f87d555,Symo Advanced 24.0-3 480 (2),,,24.0,parsed_from_inverter_name,162.77,,
fronius,2024-10-11,ab8e0174-0a82-4a59-ac40-c1483f459dd3,SW29-8-11-w4,3629dfdf-2086-4705-9e86-786da30d335e,Symo Advanced 24.0-3 480 (1),,,24.0,parsed_from_inverter_name,123.34,,
fronius,2024-10-11,ab8e0174-0a82-4a59-ac40-c1483f459dd3,SW29-8-11-w4,e7b66537-5eac-4c20-801d-08a67f87d555,Symo Advanced 24.0-3 480 (2),,,24.0,parsed_from_inverter_name,151.57,,
fronius,2024-10-12,ab8e0174-0a82-4a59-ac40-c1483f459dd3,SW29-8-11-w4,3629dfdf-2086-4705-9e86-786da30d335e,Symo Advanced 24.0-3 480 (1),,,24.0,parsed_from_inverter_name,137.5,,
fronius,2024-10-12,ab8e0174-0a82-4a59-ac40-c1483f459dd3,SW29-8-11-w4,e7b66537-5eac-4c20-801d-08a67f87d555,Symo Advanced 24.0-3 480 (2),,,24.0,parsed_from_inverter_name,168.85,,
fronius,2024-10-13,ab8e0174-0a82-4a59-ac40-c1483f459dd3,SW29-8-11-w4,3629dfdf-2086-4705-9e86-786da30d335e,Symo Advanced 24.0-3 480 (1),,,24.0,parsed_from_inverter_name,143.02,,
fronius,2024-10-13,ab8e0174-0a82-4a59-ac40-c1483f459dd3,SW29-8-11-w4,e7b66537-5eac-4c20-801d-08a67f87d555,Symo Advanced 24.0-3 480 (2),,,24.0,parsed_from_inverter_name,172.98,,
fronius,2024-10-14,ab8e0174-0a82-4a59-ac40-c1483f459dd3,SW29-8-11-w4,3629dfdf-2086-4705-9e86-786da30d335e,Symo Advanced 24.0-3 480 (1),,,24.0,parsed_from_inverter_name,130.83,,
fronius,2024-10-14,ab8e0174-0a82-4a59-ac40-c1483f459dd3,SW29-8-11-w4,e7b66537-5eac-4c20-801d-08a67f87d555,Symo Advanced 24.0-3 480 (2),,,24.0,parsed_from_inverter_name,160.71,,
fronius,2024-10-15,ab8e0174-0a82-4a59-ac40-c1483f459dd3,SW29-8-11-w4,3629dfdf-2086-4705-9e86-786da30d335e,Symo Advanced 24.0-3 480 (1),,,24.0,parsed_from_inverter_name,69.59,,
fronius,2024-10-15,ab8e0174-0a82-4a59-ac40-c1483f459dd3,SW29-8-11-w4,e7b66537-5eac-4c20-801d-08a67f87d555,Symo Advanced 24.0-3 480 (2),,,24.0,parsed_from_inverter_name,93.99,,
fronius,2024-10-16,ab8e0174-0a82-4a59-ac40-c1483f459dd3,SW29-8-11-w4,3629dfdf-2086-4705-9e86-786da30d335e,Symo Advanced 24.0-3 480 (1),,,24.0,parsed_from_inverter_name,35.02,,
fronius,2024-10-16,ab8e0174-0a82-4a59-ac40-c1483f459dd3,SW29-8-11-w4,e7b66537-5eac-4c20-801d-08a67f87d555,Symo Advanced 24.0-3 480 (2),,,24.0,parsed_from_inverter_name,47.53,,
fronius,2024-10-17,ab8e0174-0a82-4a59-ac40-c1483f459dd3,SW29-8-11-w4,3629dfdf-2086-4705-9e86-786da30d335e,Symo Advanced 24.0-3 480 (1),,,24.0,parsed_from_inverter_name,103.59,,
fronius,2024-10-17,ab8e0174-0a82-4a59-ac40-c1483f459dd3,SW29-8-11-w4,e7b66537-5eac-4c20-801d-08a67f87d555,Symo Advanced 24.0-3 480 (2),,,24.0,parsed_from_inverter_name,131.37,,
fronius,2024-10-18,ab8e0174-0a82-4a59-ac40-c1483f459dd3,SW29-8-11-w4,3629dfdf-2086-4705-9e86-786da30d335e,Symo Advanced 24.0-3 480 (1),,,24.0,parsed_from_inverter_name,128.36,,
fronius,2024-10-18,ab8e0174-0a82-4a59-ac40-c1483f459dd3,SW29-8-11-w4,e7b66537-5eac-4c20-801d-08a67f87d555,Symo Advanced 24.0-3 480 (2),,,24.0,parsed_from_inverter_name,153.99,,
fronius,2024-10-19,ab8e0174-0a82-4a59-ac40-c1483f459dd3,SW29-8-11-w4,3629dfdf-2086-4705-9e86-786da30d335e,Symo Advanced 24.0-3 480 (1),,,24.0,parsed_from_inverter_name,111.4,,
fronius,2024-10-19,ab8e0174-0a82-4a59-ac40-c1483f459dd3,SW29-8-11-w4,e7b66537-5eac-4c20-801d-08a67f87d555,Symo Advanced 24.0-3 480 (2),,,24.0,parsed_from_inverter_name,135.33,,
fronius,2024-10-20,ab8e0174-0a82-4a59-ac40-c1483f459dd3,SW29-8-11-w4,3629dfdf-2086-4705-9e86-786da30d335e,Symo Advanced 24.0-3 480 (1),,,24.0,parsed_from_inverter_name,63.47,,
fronius,2024-10-20,ab8e0174-0a82-4a59-ac40-c1483f459dd3,SW29-8-11-w4,e7b66537-5eac-4c20-801d-08a67f87d555,Symo Advanced 24.0-3 480 (2),,,24.0,parsed_from_inverter_name,85.85,,
fronius,2024-10-21,ab8e0174-0a82-4a59-ac40-c1483f459dd3,SW29-8-11-w4,3629dfdf-2086-4705-9e86-786da30d335e,Symo Advanced 24.0-3 480 (1),,,24.0,parsed_from_inverter_name,8.53,,
fronius,2024-10-21,ab8e0174-0a82-4a59-ac40-c1483f459dd3,SW29-8-11-w4,e7b66537-5eac-4c20-801d-08a67f87d555,Symo Advanced 24.0-3 480 (2),,,24.0,parsed_from_inverter_name,11.82,,
fronius,2024-10-22,ab8e0174-0a82-4a59-ac40-c1483f459dd3,SW29-8-11-w4,3629dfdf-2086-4705-9e86-786da30d335e,Symo Advanced 24.0-3 480 (1),,,24.0,parsed_from_inverter_name,97.86,,
fronius,2024-10-22,ab8e0174-0a82-4a59-ac40-c1483f459dd3,SW29-8-11-w4,e7b66537-5eac-4c20-801d-08a67f87d555,Symo Advanced 24.0-3 480 (2),,,24.0,parsed_from_inverter_name,118.81,,
fronius,2024-10-23,ab8e0174-0a82-4a59-ac40-c1483f459dd3,SW29-8-11-w4,3629dfdf-2086-4705-9e86-786da30d335e,Symo Advanced 24.0-3 480 (1),,,24.0,parsed_from_inverter_name,136.65,,
fronius,2024-10-23,ab8e0174-0a82-4a59-ac40-c1483f459dd3,SW29-8-11-w4,e7b66537-5eac-4c20-801d-08a67f87d555,Symo Advanced 24.0-3 480 (2),,,24.0,parsed_from_inverter_name,167.54,,
fronius,2024-10-24,ab8e0174-0a82-4a59-ac40-c1483f459dd3,SW29-8-11-w4,3629dfdf-2086-4705-9e86-786da30d335e,Symo Advanced 24.0-3 480 (1),,,24.0,parsed_from_inverter_name,126.9,,
fronius,2024-10-24,ab8e0174-0a82-4a59-ac40-c1483f459dd3,SW29-8-11-w4,e7b66537-5eac-4c20-801d-08a67f87d555,Symo Advanced 24.0-3 480 (2),,,24.0,parsed_from_inverter_name,151.8,,
fronius,2024-10-25,ab8e0174-0a82-4a59-ac40-c1483f459dd3,SW29-8-11-w4,3629dfdf-2086-4705-9e86-786da30d335e,Symo Advanced 24.0-3 480 (1),,,24.0,parsed_from_inverter_name,122.1,,
fronius,2024-10-25,ab8e0174-0a82-4a59-ac40-c1483f459dd3,SW29-8-11-w4,e7b66537-5eac-4c20-801d-08a67f87d555,Symo Advanced 24.0-3 480 (2),,,24.0,parsed_from_inverter_name,153.81,,
fronius,2024-10-26,ab8e0174-0a82-4a59-ac40-c1483f459dd3,SW29-8-11-w4,3629dfdf-2086-4705-9e86-786da30d335e,Symo Advanced 24.0-3 480 (1),,,24.0,parsed_from_inverter_name,84.0,,
fronius,2024-10-26,ab8e0174-0a82-4a59-ac40-c1483f459dd3,SW29-8-11-w4,e7b66537-5eac-4c20-801d-08a67f87d555,Symo Advanced 24.0-3 480 (2),,,24.0,parsed_from_inverter_name,105.4,,
fronius,2024-10-27,ab8e0174-0a82-4a59-ac40-c1483f459dd3,SW29-8-11-w4,3629dfdf-2086-4705-9e86-786da30d335e,Symo Advanced 24.0-3 480 (1),,,24.0,parsed_from_inverter_name,107.31,,
fronius,2024-10-27,ab8e0174-0a82-4a59-ac40-c1483f459dd3,SW29-8-11-w4,e7b66537-5eac-4c20-801d-08a67f87d555,Symo Advanced 24.0-3 480 (2),,,24.0,parsed_from_inverter_name,134.09,,
fronius,2024-10-28,ab8e0174-0a82-4a59-ac40-c1483f459dd3,SW29-8-11-w4,3629dfdf-2086-4705-9e86-786da30d335e,Symo Advanced 24.0-3 480 (1),,,24.0,parsed_from_inverter_name,114.22,,
fronius,2024-10-28,ab8e0174-0a82-4a59-ac40-c1483f459dd3,SW29-8-11-w4,e7b66537-5eac-4c20-801d-08a67f87d555,Symo Advanced 24.0-3 480 (2),,,24.0,parsed_from_inverter_name,137.5,,
fronius,2024-10-29,ab8e0174-0a82-4a59-ac40-c1483f459dd3,SW29-8-11-w4,3629dfdf-2086-4705-9e86-786da30d335e,Symo Advanced 24.0-3 480 (1),,,24.0,parsed_from_inverter_name,42.43,,
fronius,2024-10-29,ab8e0174-0a82-4a59-ac40-c1483f459dd3,SW29-8-11-w4,e7b66537-5eac-4c20-801d-08a67f87d555,Symo Advanced 24.0-3 480 (2),,,24.0,parsed_from_inverter_name,57.38,,
fronius,2024-10-30,ab8e0174-0a82-4a59-ac40-c1483f459dd3,SW29-8-11-w4,3629dfdf-2086-4705-9e86-786da30d335e,Symo Advanced 24.0-3 480 (1),,,24.0,parsed_from_inverter_name,128.7,,
fronius,2024-10-30,ab8e0174-0a82-4a59-ac40-c1483f459dd3,SW29-8-11-w4,e7b66537-5eac-4c20-801d-08a67f87d555,Symo Advanced 24.0-3 480 (2),,,24.0,parsed_from_inverter_name,158.07,,
fronius,2024-10-31,ab8e0174-0a82-4a59-ac40-c1483f459dd3,SW29-8-11-w4,3629dfdf-2086-4705-9e86-786da30d335e,Symo Advanced 24.0-3 480 (1),,,24.0,parsed_from_inverter_name,122.7,,
fronius,2024-10-31,ab8e0174-0a82-4a59-ac40-c1483f459dd3,SW29-8-11-w4,e7b66537-5eac-4c20-801d-08a67f87d555,Symo Advanced 24.0-3 480 (2),,,24.0,parsed_from_inverter_name,153.54,,
fronius,2024-11-01,ab8e0174-0a82-4a59-ac40-c1483f459dd3,SW29-8-11-w4,3629dfdf-2086-4705-9e86-786da30d335e,Symo Advanced 24.0-3 480 (1),,,24.0,parsed_from_inverter_name,122.03,,
fronius,2024-11-01,ab8e0174-0a82-4a59-ac40-c1483f459dd3,SW29-8-11-w4,e7b66537-5eac-4c20-801d-08a67f87d555,Symo Advanced 24.0-3 480 (2),,,24.0,parsed_from_inverter_name,152.42,,
fronius,2024-11-02,ab8e0174-0a82-4a59-ac40-c1483f459dd3,SW29-8-11-w4,3629dfdf-2086-4705-9e86-786da30d335e,Symo Advanced 24.0-3 480 (1),,,24.0,parsed_from_inverter_name,90.8,,
fronius,2024-11-02,ab8e0174-0a82-4a59-ac40-c1483f459dd3,SW29-8-11-w4,e7b66537-5eac-4c20-801d-08a67f87d555,Symo Advanced 24.0-3 480 (2),,,24.0,parsed_from_inverter_name,113.93,,
fronius,2024-11-03,ab8e0174-0a82-4a59-ac40-c1483f459dd3,SW29-8-11-w4,3629dfdf-2086-4705-9e86-786da30d335e,Symo Advanced 24.0-3 480 (1),,,24.0,parsed_from_inverter_name,75.65,,
fronius,2024-11-03,ab8e0174-0a82-4a59-ac40-c1483f459dd3,SW29-8-11-w4,e7b66537-5eac-4c20-801d-08a67f87d555,Symo Advanced 24.0-3 480 (2),,,24.0,parsed_from_inverter_name,93.6,,
fronius,2024-11-04,ab8e0174-0a82-4a59-ac40-c1483f459dd3,SW29-8-11-w4,3629dfdf-2086-4705-9e86-786da30d335e,Symo Advanced 24.0-3 480 (1),,,24.0,parsed_from_inverter_name,57.72,,
fronius,2024-11-04,ab8e0174-0a82-4a59-ac40-c1483f459dd3,SW29-8-11-w4,e7b66537-5eac-4c20-801d-08a67f87d555,Symo Advanced 24.0-3 480 (2),,,24.0,parsed_from_inverter_name,77.3,,
fronius,2024-11-05,ab8e0174-0a82-4a59-ac40-c1483f459dd3,SW29-8-11-w4,3629dfdf-2086-4705-9e86-786da30d335e,Symo Advanced 24.0-3 480 (1),,,24.0,parsed_from_inverter_name,12.38,,
fronius,2024-11-05,ab8e0174-0a82-4a59-ac40-c1483f459dd3,SW29-8-11-w4,e7b66537-5eac-4c20-801d-08a67f87d555,Symo Advanced 24.0-3 480 (2),,,24.0,parsed_from_inverter_name,14.99,,
fronius,2024-11-06,ab8e0174-0a82-4a59-ac40-c1483f459dd3,SW29-8-11-w4,3629dfdf-2086-4705-9e86-786da30d335e,Symo Advanced 24.0-3 480 (1),,,24.0,parsed_from_inverter_name,100.01,,
fronius,2024-11-06,ab8e0174-0a82-4a59-ac40-c1483f459dd3,SW29-8-11-w4,e7b66537-5eac-4c20-801d-08a67f87d555,Symo Advanced 24.0-3 480 (2),,,24.0,parsed_from_inverter_name,127.57,,
fronius,2024-11-07,ab8e0174-0a82-4a59-ac40-c1483f459dd3,SW29-8-11-w4,3629dfdf-2086-4705-9e86-786da30d335e,Symo Advanced 24.0-3 480 (1),,,24.0,parsed_from_inverter_name,117.89,,
fronius,2024-11-07,ab8e0174-0a82-4a59-ac40-c1483f459dd3,SW29-8-11-w4,e7b66537-5eac-4c20-801d-08a67f87d555,Symo Advanced 24.0-3 480 (2),,,24.0,parsed_from_inverter_name,150.85,,
fronius,2024-11-08,ab8e0174-0a82-4a59-ac40-c1483f459dd3,SW29-8-11-w4,3629dfdf-2086-4705-9e86-786da30d335e,Symo Advanced 24.0-3 480 (1),,,24.0,parsed_from_inverter_name,89.11,,
fronius,2024-11-08,ab8e0174-0a82-4a59-ac40-c1483f459dd3,SW29-8-11-w4,e7b66537-5eac-4c20-801d-08a67f87d555,Symo Advanced 24.0-3 480 (2),,,24.0,parsed_from_inverter_name,118.76,,
fronius,2024-11-09,ab8e0174-0a82-4a59-ac40-c1483f459dd3,SW29-8-11-w4,3629dfdf-2086-4705-9e86-786da30d335e,Symo Advanced 24.0-3 480 (1),,,24.0,parsed_from_inverter_name,63.51,,
fronius,2024-11-09,ab8e0174-0a82-4a59-ac40-c1483f459dd3,SW29-8-11-w4,e7b66537-5eac-4c20-801d-08a67f87d555,Symo Advanced 24.0-3 480 (2),,,24.0,parsed_from_inverter_name,85.33,,
fronius,2024-11-10,ab8e0174-0a82-4a59-ac40-c1483f459dd3,SW29-8-11-w4,3629dfdf-2086-4705-9e86-786da30d335e,Symo Advanced 24.0-3 480 (1),,,24.0,parsed_from_inverter_name,10.91,,
fronius,2024-11-10,ab8e0174-0a82-4a59-ac40-c1483f459dd3,SW29-8-11-w4,e7b66537-5eac-4c20-801d-08a67f87d555,Symo Advanced 24.0-3 480 (2),,,24.0,parsed_from_inverter_name,15.02,,
fronius,2024-11-11,ab8e0174-0a82-4a59-ac40-c1483f459dd3,SW29-8-11-w4,3629dfdf-2086-4705-9e86-786da30d335e,Symo Advanced 24.0-3 480 (1),,,24.0,parsed_from_inverter_name,32.19,,
fronius,2024-11-11,ab8e0174-0a82-4a59-ac40-c1483f459dd3,SW29-8-11-w4,e7b66537-5eac-4c20-801d-08a67f87d555,Symo Advanced 24.0-3 480 (2),,,24.0,parsed_from_inverter_name,44.58,,
fronius,2024-11-12,ab8e0174-0a82-4a59-ac40-c1483f459dd3,SW29-8-11-w4,3629dfdf-2086-4705-9e86-786da30d335e,Symo Advanced 24.0-3 480 (1),,,24.0,parsed_from_inverter_name,113.8,,
fronius,2024-11-12,ab8e0174-0a82-4a59-ac40-c1483f459dd3,SW29-8-11-w4,e7b66537-5eac-4c20-801d-08a67f87d555,Symo Advanced 24.0-3 480 (2),,,24.0,parsed_from_inverter_name,142.27,,
fronius,2024-11-13,ab8e0174-0a82-4a59-ac40-c1483f459dd3,SW29-8-11-w4,3629dfdf-2086-4705-9e86-786da30d335e,Symo Advanced 24.0-3 480 (1),,,24.0,parsed_from_inverter_name,49.12,,
fronius,2024-11-13,ab8e0174-0a82-4a59-ac40-c1483f459dd3,SW29-8-11-w4,e7b66537-5eac-4c20-801d-08a67f87d555,Symo Advanced 24.0-3 480 (2),,,24.0,parsed_from_inverter_name,66.77,,
fronius,2024-11-14,ab8e0174-0a82-4a59-ac40-c1483f459dd3,SW29-8-11-w4,3629dfdf-2086-4705-9e86-786da30d335e,Symo Advanced 24.0-3 480 (1),,,24.0,parsed_from_inverter_name,76.7,,
fronius,2024-11-14,ab8e0174-0a82-4a59-ac40-c1483f459dd3,SW29-8-11-w4,e7b66537-5eac-4c20-801d-08a67f87d555,Symo Advanced 24.0-3 480 (2),,,24.0,parsed_from_inverter_name,101.06,,
fronius,2024-11-15,ab8e0174-0a82-4a59-ac40-c1483f459dd3,SW29-8-11-w4,3629dfdf-2086-4705-9e86-786da30d335e,Symo Advanced 24.0-3 480 (1),,,24.0,parsed_from_inverter_name,66.86,,
fronius,2024-11-15,ab8e0174-0a82-4a59-ac40-c1483f459dd3,SW29-8-11-w4,e7b66537-5eac-4c20-801d-08a67f87d555,Symo Advanced 24.0-3 480 (2),,,24.0,parsed_from_inverter_name,87.64,,
fronius,2024-11-16,ab8e0174-0a82-4a59-ac40-c1483f459dd3,SW29-8-11-w4,3629dfdf-2086-4705-9e86-786da30d335e,Symo Advanced 24.0-3 480 (1),,,24.0,parsed_from_inverter_name,100.24,,
fronius,2024-11-16,ab8e0174-0a82-4a59-ac40-c1483f459dd3,SW29-8-11-w4,e7b66537-5eac-4c20-801d-08a67f87d555,Symo Advanced 24.0-3 480 (2),,,24.0,parsed_from_inverter_name,124.82,,
fronius,2024-11-17,ab8e0174-0a82-4a59-ac40-c1483f459dd3,SW29-8-11-w4,3629dfdf-2086-4705-9e86-786da30d335e,Symo Advanced 24.0-3 480 (1),,,24.0,parsed_from_inverter_name,20.69,,
fronius,2024-11-17,ab8e0174-0a82-4a59-ac40-c1483f459dd3,SW29-8-11-w4,e7b66537-5eac-4c20-801d-08a67f87d555,Symo Advanced 24.0-3 480 (2),,,24.0,parsed_from_inverter_name,28.2,,
fronius,2024-11-18,ab8e0174-0a82-4a59-ac40-c1483f459dd3,SW29-8-11-w4,3629dfdf-2086-4705-9e86-786da30d335e,Symo Advanced 24.0-3 480 (1),,,24.0,parsed_from_inverter_name,65.36,,
fronius,2024-11-18,ab8e0174-0a82-4a59-ac40-c1483f459dd3,SW29-8-11-w4,e7b66537-5eac-4c20-801d-08a67f87d555,Symo Advanced 24.0-3 480 (2),,,24.0,parsed_from_inverter_name,86.55,,
fronius,2024-11-19,ab8e0174-0a82-4a59-ac40-c1483f459dd3,SW29-8-11-w4,3629dfdf-2086-4705-9e86-786da30d335e,Symo Advanced 24.0-3 480 (1),,,24.0,parsed_from_inverter_name,49.42,,
fronius,2024-11-19,ab8e0174-0a82-4a59-ac40-c1483f459dd3,SW29-8-11-w4,e7b66537-5eac-4c20-801d-08a67f87d555,Symo Advanced 24.0-3 480 (2),,,24.0,parsed_from_inverter_name,62.72,,
fronius,2024-11-20,ab8e0174-0a82-4a59-ac40-c1483f459dd3,SW29-8-11-w4,3629dfdf-2086-4705-9e86-786da30d335e,Symo Advanced 24.0-3 480 (1),,,24.0,parsed_from_inverter_name,27.48,,
fronius,2024-11-20,ab8e0174-0a82-4a59-ac40-c1483f459dd3,SW29-8-11-w4,e7b66537-5eac-4c20-801d-08a67f87d555,Symo Advanced 24.0-3 480 (2),,,24.0,parsed_from_inverter_name,40.83,,
fronius,2024-11-21,ab8e0174-0a82-4a59-ac40-c1483f459dd3,SW29-8-11-w4,3629dfdf-2086-4705-9e86-786da30d335e,Symo Advanced 24.0-3 480 (1),,,24.0,parsed_from_inverter_name,55.56,,
fronius,2024-11-21,ab8e0174-0a82-4a59-ac40-c1483f459dd3,SW29-8-11-w4,e7b66537-5eac-4c20-801d-08a67f87d555,Symo Advanced 24.0-3 480 (2),,,24.0,parsed_from_inverter_name,74.05,,
fronius,2024-11-22,ab8e0174-0a82-4a59-ac40-c1483f459dd3,SW29-8-11-w4,3629dfdf-2086-4705-9e86-786da30d335e,Symo Advanced 24.0-3 480 (1),,,24.0,parsed_from_inverter_name,5.42,,
fronius,2024-11-22,ab8e0174-0a82-4a59-ac40-c1483f459dd3,SW29-8-11-w4,e7b66537-5eac-4c20-801d-08a67f87d555,Symo Advanced 24.0-3 480 (2),,,24.0,parsed_from_inverter_name,6.28,,
fronius,2024-11-23,ab8e0174-0a82-4a59-ac40-c1483f459dd3,SW29-8-11-w4,3629dfdf-2086-4705-9e86-786da30d335e,Symo Advanced 24.0-3 480 (1),,,24.0,parsed_from_inverter_name,5.05,,
fronius,2024-11-23,ab8e0174-0a82-4a59-ac40-c1483f459dd3,SW29-8-11-w4,e7b66537-5eac-4c20-801d-08a67f87d555,Symo Advanced 24.0-3 480 (2),,,24.0,parsed_from_inverter_name,7.58,,
fronius,2024-11-24,ab8e0174-0a82-4a59-ac40-c1483f459dd3,SW29-8-11-w4,3629dfdf-2086-4705-9e86-786da30d335e,Symo Advanced 24.0-3 480 (1),,,24.0,parsed_from_inverter_name,16.62,,
fronius,2024-11-24,ab8e0174-0a82-4a59-ac40-c1483f459dd3,SW29-8-11-w4,e7b66537-5eac-4c20-801d-08a67f87d555,Symo Advanced 24.0-3 480 (2),,,24.0,parsed_from_inverter_name,19.8,,
fronius,2024-11-25,ab8e0174-0a82-4a59-ac40-c1483f459dd3,SW29-8-11-w4,3629dfdf-2086-4705-9e86-786da30d335e,Symo Advanced 24.0-3 480 (1),,,24.0,parsed_from_inverter_name,15.21,,
fronius,2024-11-25,ab8e0174-0a82-4a59-ac40-c1483f459dd3,SW29-8-11-w4,e7b66537-5eac-4c20-801d-08a67f87d555,Symo Advanced 24.0-3 480 (2),,,24.0,parsed_from_inverter_name,18.71,,
fronius,2024-11-26,ab8e0174-0a82-4a59-ac40-c1483f459dd3,SW29-8-11-w4,3629dfdf-2086-4705-9e86-786da30d335e,Symo Advanced 24.0-3 480 (1),,,24.0,parsed_from_inverter_name,53.87,,
fronius,2024-11-26,ab8e0174-0a82-4a59-ac40-c1483f459dd3,SW29-8-11-w4,e7b66537-5eac-4c20-801d-08a67f87d555,Symo Advanced 24.0-3 480 (2),,,24.0,parsed_from_inverter_name,59.6,,
fronius,2024-11-27,ab8e0174-0a82-4a59-ac40-c1483f459dd3,SW29-8-11-w4,3629dfdf-2086-4705-9e86-786da30d335e,Symo Advanced 24.0-3 480 (1),,,24.0,parsed_from_inverter_name,23.15,,
fronius,2024-11-27,ab8e0174-0a82-4a59-ac40-c1483f459dd3,SW29-8-11-w4,e7b66537-5eac-4c20-801d-08a67f87d555,Symo Advanced 24.0-3 480 (2),,,24.0,parsed_from_inverter_name,25.48,,
fronius,2024-11-28,ab8e0174-0a82-4a59-ac40-c1483f459dd3,SW29-8-11-w4,3629dfdf-2086-4705-9e86-786da30d335e,Symo Advanced 24.0-3 480 (1),,,24.0,parsed_from_inverter_name,42.76,,
fronius,2024-11-28,ab8e0174-0a82-4a59-ac40-c1483f459dd3,SW29-8-11-w4,e7b66537-5eac-4c20-801d-08a67f87d555,Symo Advanced 24.0-3 480 (2),,,24.0,parsed_from_inverter_name,45.71,,
fronius,2024-11-29,ab8e0174-0a82-4a59-ac40-c1483f459dd3,SW29-8-11-w4,3629dfdf-2086-4705-9e86-786da30d335e,Symo Advanced 24.0-3 480 (1),,,24.0,parsed_from_inverter_name,14.18,,
fronius,2024-11-29,ab8e0174-0a82-4a59-ac40-c1483f459dd3,SW29-8-11-w4,e7b66537-5eac-4c20-801d-08a67f87d555,Symo Advanced 24.0-3 480 (2),,,24.0,parsed_from_inverter_name,18.24,,
fronius,2024-11-30,ab8e0174-0a82-4a59-ac40-c1483f459dd3,SW29-8-11-w4,3629dfdf-2086-4705-9e86-786da30d335e,Symo Advanced 24.0-3 480 (1),,,24.0,parsed_from_inverter_name,37.21,,
fronius,2024-11-30,ab8e0174-0a82-4a59-ac40-c1483f459dd3,SW29-8-11-w4,e7b66537-5eac-4c20-801d-08a67f87d555,Symo Advanced 24.0-3 480 (2),,,24.0,parsed_from_inverter_name,41.99,,
fronius,2024-12-01,ab8e0174-0a82-4a59-ac40-c1483f459dd3,SW29-8-11-w4,3629dfdf-2086-4705-9e86-786da30d335e,Symo Advanced 24.0-3 480 (1),,,24.0,parsed_from_inverter_name,40.69,,
fronius,2024-12-01,ab8e0174-0a82-4a59-ac40-c1483f459dd3,SW29-8-11-w4,e7b66537-5eac-4c20-801d-08a67f87d555,Symo Advanced 24.0-3 480 (2),,,24.0,parsed_from_inverter_name,44.77,,
fronius,2024-12-02,ab8e0174-0a82-4a59-ac40-c1483f459dd3,SW29-8-11-w4,3629dfdf-2086-4705-9e86-786da30d335e,Symo Advanced 24.0-3 480 (1),,,24.0,parsed_from_inverter_name,82.47,,
fronius,2024-12-02,ab8e0174-0a82-4a59-ac40-c1483f459dd3,SW29-8-11-w4,e7b66537-5eac-4c20-801d-08a67f87d555,Symo Advanced 24.0-3 480 (2),,,24.0,parsed_from_inverter_name,101.73,,
fronius,2024-12-03,ab8e0174-0a82-4a59-ac40-c1483f459dd3,SW29-8-11-w4,3629dfdf-2086-4705-9e86-786da30d335e,Symo Advanced 24.0-3 480 (1),,,24.0,parsed_from_inverter_name,55.26,,
fronius,2024-12-03,ab8e0174-0a82-4a59-ac40-c1483f459dd3,SW29-8-11-w4,e7b66537-5eac-4c20-801d-08a67f87d555,Symo Advanced 24.0-3 480 (2),,,24.0,parsed_from_inverter_name,73.35,,
fronius,2024-12-04,ab8e0174-0a82-4a59-ac40-c1483f459dd3,SW29-8-11-w4,3629dfdf-2086-4705-9e86-786da30d335e,Symo Advanced 24.0-3 480 (1),,,24.0,parsed_from_inverter_name,46.23,,
fronius,2024-12-04,ab8e0174-0a82-4a59-ac40-c1483f459dd3,SW29-8-11-w4,e7b66537-5eac-4c20-801d-08a67f87d555,Symo Advanced 24.0-3 480 (2),,,24.0,parsed_from_inverter_name,61.5,,
fronius,2024-12-05,ab8e0174-0a82-4a59-ac40-c1483f459dd3,SW29-8-11-w4,3629dfdf-2086-4705-9e86-786da30d335e,Symo Advanced 24.0-3 480 (1),,,24.0,parsed_from_inverter_name,91.73,,
fronius,2024-12-05,ab8e0174-0a82-4a59-ac40-c1483f459dd3,SW29-8-11-w4,e7b66537-5eac-4c20-801d-08a67f87d555,Symo Advanced 24.0-3 480 (2),,,24.0,parsed_from_inverter_name,126.45,,
fronius,2024-12-06,ab8e0174-0a82-4a59-ac40-c1483f459dd3,SW29-8-11-w4,3629dfdf-2086-4705-9e86-786da30d335e,Symo Advanced 24.0-3 480 (1),,,24.0,parsed_from_inverter_name,53.25,,
fronius,2024-12-06,ab8e0174-0a82-4a59-ac40-c1483f459dd3,SW29-8-11-w4,e7b66537-5eac-4c20-801d-08a67f87d555,Symo Advanced 24.0-3 480 (2),,,24.0,parsed_from_inverter_name,73.41,,
fronius,2024-12-07,ab8e0174-0a82-4a59-ac40-c1483f459dd3,SW29-8-11-w4,3629dfdf-2086-4705-9e86-786da30d335e,Symo Advanced 24.0-3 480 (1),,,24.0,parsed_from_inverter_name,25.24,,
fronius,2024-12-07,ab8e0174-0a82-4a59-ac40-c1483f459dd3,SW29-8-11-w4,e7b66537-5eac-4c20-801d-08a67f87d555,Symo Advanced 24.0-3 480 (2),,,24.0,parsed_from_inverter_name,35.3,,
fronius,2024-12-08,ab8e0174-0a82-4a59-ac40-c1483f459dd3,SW29-8-11-w4,3629dfdf-2086-4705-9e86-786da30d335e,Symo Advanced 24.0-3 480 (1),,,24.0,parsed_from_inverter_name,7.14,,
fronius,2024-12-08,ab8e0174-0a82-4a59-ac40-c1483f459dd3,SW29-8-11-w4,e7b66537-5eac-4c20-801d-08a67f87d555,Symo Advanced 24.0-3 480 (2),,,24.0,parsed_from_inverter_name,9.08,,
fronius,2024-12-09,ab8e0174-0a82-4a59-ac40-c1483f459dd3,SW29-8-11-w4,3629dfdf-2086-4705-9e86-786da30d335e,Symo Advanced 24.0-3 480 (1),,,24.0,parsed_from_inverter_name,30.92,,
fronius,2024-12-09,ab8e0174-0a82-4a59-ac40-c1483f459dd3,SW29-8-11-w4,e7b66537-5eac-4c20-801d-08a67f87d555,Symo Advanced 24.0-3 480 (2),,,24.0,parsed_from_inverter_name,33.49,,
fronius,2024-12-10,ab8e0174-0a82-4a59-ac40-c1483f459dd3,SW29-8-11-w4,3629dfdf-2086-4705-9e86-786da30d335e,Symo Advanced 24.0-3 480 (1),,,24.0,parsed_from_inverter_name,22.03,,
fronius,2024-12-10,ab8e0174-0a82-4a59-ac40-c1483f459dd3,SW29-8-11-w4,e7b66537-5eac-4c20-801d-08a67f87d555,Symo Advanced 24.0-3 480 (2),,,24.0,parsed_from_inverter_name,27.88,,
fronius,2024-12-11,ab8e0174-0a82-4a59-ac40-c1483f459dd3,SW29-8-11-w4,3629dfdf-2086-4705-9e86-786da30d335e,Symo Advanced 24.0-3 480 (1),,,24.0,parsed_from_inverter_name,25.64,,
fronius,2024-12-11,ab8e0174-0a82-4a59-ac40-c1483f459dd3,SW29-8-11-w4,e7b66537-5eac-4c20-801d-08a67f87d555,Symo Advanced 24.0-3 480 (2),,,24.0,parsed_from_inverter_name,35.04,,
fronius,2024-12-12,ab8e0174-0a82-4a59-ac40-c1483f459dd3,SW29-8-11-w4,3629dfdf-2086-4705-9e86-786da30d335e,Symo Advanced 24.0-3 480 (1),,,24.0,parsed_from_inverter_name,83.67,,
fronius,2024-12-12,ab8e0174-0a82-4a59-ac40-c1483f459dd3,SW29-8-11-w4,e7b66537-5eac-4c20-801d-08a67f87d555,Symo Advanced 24.0-3 480 (2),,,24.0,parsed_from_inverter_name,117.48,,
fronius,2024-12-13,ab8e0174-0a82-4a59-ac40-c1483f459dd3,SW29-8-11-w4,3629dfdf-2086-4705-9e86-786da30d335e,Symo Advanced 24.0-3 480 (1),,,24.0,parsed_from_inverter_name,57.57,,
fronius,2024-12-13,ab8e0174-0a82-4a59-ac40-c1483f459dd3,SW29-8-11-w4,e7b66537-5eac-4c20-801d-08a67f87d555,Symo Advanced 24.0-3 480 (2),,,24.0,parsed_from_inverter_name,80.59,,
fronius,2024-12-14,ab8e0174-0a82-4a59-ac40-c1483f459dd3,SW29-8-11-w4,3629dfdf-2086-4705-9e86-786da30d335e,Symo Advanced 24.0-3 480 (1),,,24.0,parsed_from_inverter_name,30.42,,
fronius,2024-12-14,ab8e0174-0a82-4a59-ac40-c1483f459dd3,SW29-8-11-w4,e7b66537-5eac-4c20-801d-08a67f87d555,Symo Advanced 24.0-3 480 (2),,,24.0,parsed_from_inverter_name,39.35,,
fronius,2024-12-15,ab8e0174-0a82-4a59-ac40-c1483f459dd3,SW29-8-11-w4,3629dfdf-2086-4705-9e86-786da30d335e,Symo Advanced 24.0-3 480 (1),,,24.0,parsed_from_inverter_name,36.88,,
fronius,2024-12-15,ab8e0174-0a82-4a59-ac40-c1483f459dd3,SW29-8-11-w4,e7b66537-5eac-4c20-801d-08a67f87d555,Symo Advanced 24.0-3 480 (2),,,24.0,parsed_from_inverter_name,51.71,,
fronius,2024-12-16,ab8e0174-0a82-4a59-ac40-c1483f459dd3,SW29-8-11-w4,3629dfdf-2086-4705-9e86-786da30d335e,Symo Advanced 24.0-3 480 (1),,,24.0,parsed_from_inverter_name,15.32,,
fronius,2024-12-16,ab8e0174-0a82-4a59-ac40-c1483f459dd3,SW29-8-11-w4,e7b66537-5eac-4c20-801d-08a67f87d555,Symo Advanced 24.0-3 480 (2),,,24.0,parsed_from_inverter_name,21.19,,
fronius,2024-12-17,ab8e0174-0a82-4a59-ac40-c1483f459dd3,SW29-8-11-w4,3629dfdf-2086-4705-9e86-786da30d335e,Symo Advanced 24.0-3 480 (1),,,24.0,parsed_from_inverter_name,13.09,,
fronius,2024-12-17,ab8e0174-0a82-4a59-ac40-c1483f459dd3,SW29-8-11-w4,e7b66537-5eac-4c20-801d-08a67f87d555,Symo Advanced 24.0-3 480 (2),,,24.0,parsed_from_inverter_name,19.36,,
fronius,2024-12-18,ab8e0174-0a82-4a59-ac40-c1483f459dd3,SW29-8-11-w4,3629dfdf-2086-4705-9e86-786da30d335e,Symo Advanced 24.0-3 480 (1),,,24.0,parsed_from_inverter_name,17.35,,
fronius,2024-12-18,ab8e0174-0a82-4a59-ac40-c1483f459dd3,SW29-8-11-w4,e7b66537-5eac-4c20-801d-08a67f87d555,Symo Advanced 24.0-3 480 (2),,,24.0,parsed_from_inverter_name,23.75,,
fronius,2024-12-19,ab8e0174-0a82-4a59-ac40-c1483f459dd3,SW29-8-11-w4,3629dfdf-2086-4705-9e86-786da30d335e,Symo Advanced 24.0-3 480 (1),,,24.0,parsed_from_inverter_name,75.17,,
fronius,2024-12-19,ab8e0174-0a82-4a59-ac40-c1483f459dd3,SW29-8-11-w4,e7b66537-5eac-4c20-801d-08a67f87d555,Symo Advanced 24.0-3 480 (2),,,24.0,parsed_from_inverter_name,94.05,,
fronius,2024-12-20,ab8e0174-0a82-4a59-ac40-c1483f459dd3,SW29-8-11-w4,3629dfdf-2086-4705-9e86-786da30d335e,Symo Advanced 24.0-3 480 (1),,,24.0,parsed_from_inverter_name,86.63,,
fronius,2024-12-20,ab8e0174-0a82-4a59-ac40-c1483f459dd3,SW29-8-11-w4,e7b66537-5eac-4c20-801d-08a67f87d555,Symo Advanced 24.0-3 480 (2),,,24.0,parsed_from_inverter_name,120.95,,
fronius,2024-12-21,ab8e0174-0a82-4a59-ac40-c1483f459dd3,SW29-8-11-w4,3629dfdf-2086-4705-9e86-786da30d335e,Symo Advanced 24.0-3 480 (1),,,24.0,parsed_from_inverter_name,57.97,,
fronius,2024-12-21,ab8e0174-0a82-4a59-ac40-c1483f459dd3,SW29-8-11-w4,e7b66537-5eac-4c20-801d-08a67f87d555,Symo Advanced 24.0-3 480 (2),,,24.0,parsed_from_inverter_name,83.94,,
fronius,2024-12-22,ab8e0174-0a82-4a59-ac40-c1483f459dd3,SW29-8-11-w4,3629dfdf-2086-4705-9e86-786da30d335e,Symo Advanced 24.0-3 480 (1),,,24.0,parsed_from_inverter_name,46.06,,
fronius,2024-12-22,ab8e0174-0a82-4a59-ac40-c1483f459dd3,SW29-8-11-w4,e7b66537-5eac-4c20-801d-08a67f87d555,Symo Advanced 24.0-3 480 (2),,,24.0,parsed_from_inverter_name,66.86,,
fronius,2024-12-23,ab8e0174-0a82-4a59-ac40-c1483f459dd3,SW29-8-11-w4,3629dfdf-2086-4705-9e86-786da30d335e,Symo Advanced 24.0-3 480 (1),,,24.0,parsed_from_inverter_name,59.17,,
fronius,2024-12-23,ab8e0174-0a82-4a59-ac40-c1483f459dd3,SW29-8-11-w4,e7b66537-5eac-4c20-801d-08a67f87d555,Symo Advanced 24.0-3 480 (2),,,24.0,parsed_from_inverter_name,80.11,,
fronius,2024-12-24,ab8e0174-0a82-4a59-ac40-c1483f459dd3,SW29-8-11-w4,3629dfdf-2086-4705-9e86-786da30d335e,Symo Advanced 24.0-3 480 (1),,,24.0,parsed_from_inverter_name,39.71,,
fronius,2024-12-24,ab8e0174-0a82-4a59-ac40-c1483f459dd3,SW29-8-11-w4,e7b66537-5eac-4c20-801d-08a67f87d555,Symo Advanced 24.0-3 480 (2),,,24.0,parsed_from_inverter_name,52.64,,
fronius,2024-12-25,ab8e0174-0a82-4a59-ac40-c1483f459dd3,SW29-8-11-w4,3629dfdf-2086-4705-9e86-786da30d335e,Symo Advanced 24.0-3 480 (1),,,24.0,parsed_from_inverter_name,86.28,,
fronius,2024-12-25,ab8e0174-0a82-4a59-ac40-c1483f459dd3,SW29-8-11-w4,e7b66537-5eac-4c20-801d-08a67f87d555,Symo Advanced 24.0-3 480 (2),,,24.0,parsed_from_inverter_name,121.08,,
fronius,2024-12-26,ab8e0174-0a82-4a59-ac40-c1483f459dd3,SW29-8-11-w4,3629dfdf-2086-4705-9e86-786da30d335e,Symo Advanced 24.0-3 480 (1),,,24.0,parsed_from_inverter_name,10.25,,
fronius,2024-12-26,ab8e0174-0a82-4a59-ac40-c1483f459dd3,SW29-8-11-w4,e7b66537-5eac-4c20-801d-08a67f87d555,Symo Advanced 24.0-3 480 (2),,,24.0,parsed_from_inverter_name,13.97,,
fronius,2024-12-27,ab8e0174-0a82-4a59-ac40-c1483f459dd3,SW29-8-11-w4,3629dfdf-2086-4705-9e86-786da30d335e,Symo Advanced 24.0-3 480 (1),,,24.0,parsed_from_inverter_name,53.86,,
fronius,2024-12-27,ab8e0174-0a82-4a59-ac40-c1483f459dd3,SW29-8-11-w4,e7b66537-5eac-4c20-801d-08a67f87d555,Symo Advanced 24.0-3 480 (2),,,24.0,parsed_from_inverter_name,70.91,,
fronius,2024-12-28,ab8e0174-0a82-4a59-ac40-c1483f459dd3,SW29-8-11-w4,3629dfdf-2086-4705-9e86-786da30d335e,Symo Advanced 24.0-3 480 (1),,,24.0,parsed_from_inverter_name,58.3,,
fronius,2024-12-28,ab8e0174-0a82-4a59-ac40-c1483f459dd3,SW29-8-11-w4,e7b66537-5eac-4c20-801d-08a67f87d555,Symo Advanced 24.0-3 480 (2),,,24.0,parsed_from_inverter_name,80.58,,
fronius,2024-12-29,ab8e0174-0a82-4a59-ac40-c1483f459dd3,SW29-8-11-w4,3629dfdf-2086-4705-9e86-786da30d335e,Symo Advanced 24.0-3 480 (1),,,24.0,parsed_from_inverter_name,13.28,,
fronius,2024-12-29,ab8e0174-0a82-4a59-ac40-c1483f459dd3,SW29-8-11-w4,e7b66537-5eac-4c20-801d-08a67f87d555,Symo Advanced 24.0-3 480 (2),,,24.0,parsed_from_inverter_name,18.17,,
fronius,2024-12-30,ab8e0174-0a82-4a59-ac40-c1483f459dd3,SW29-8-11-w4,3629dfdf-2086-4705-9e86-786da30d335e,Symo Advanced 24.0-3 480 (1),,,24.0,parsed_from_inverter_name,23.56,,
fronius,2024-12-30,ab8e0174-0a82-4a59-ac40-c1483f459dd3,SW29-8-11-w4,e7b66537-5eac-4c20-801d-08a67f87d555,Symo Advanced 24.0-3 480 (2),,,24.0,parsed_from_inverter_name,32.49,,
fronius,2024-12-31,ab8e0174-0a82-4a59-ac40-c1483f459dd3,SW29-8-11-w4,3629dfdf-2086-4705-9e86-786da30d335e,Symo Advanced 24.0-3 480 (1),,,24.0,parsed_from_inverter_name,6.57,,
fronius,2024-12-31,ab8e0174-0a82-4a59-ac40-c1483f459dd3,SW29-8-11-w4,e7b66537-5eac-4c20-801d-08a67f87d555,Symo Advanced 24.0-3 480 (2),,,24.0,parsed_from_inverter_name,9.11,,
fronius,2025-01-01,ab8e0174-0a82-4a59-ac40-c1483f459dd3,SW29-8-11-w4,3629dfdf-2086-4705-9e86-786da30d335e,Symo Advanced 24.0-3 480 (1),,,24.0,parsed_from_inverter_name,5.75,,
fronius,2025-01-01,ab8e0174-0a82-4a59-ac40-c1483f459dd3,SW29-8-11-w4,e7b66537-5eac-4c20-801d-08a67f87d555,Symo Advanced 24.0-3 480 (2),,,24.0,parsed_from_inverter_name,8.52,,
fronius,2025-01-02,ab8e0174-0a82-4a59-ac40-c1483f459dd3,SW29-8-11-w4,3629dfdf-2086-4705-9e86-786da30d335e,Symo Advanced 24.0-3 480 (1),,,24.0,parsed_from_inverter_name,4.28,,
fronius,2025-01-02,ab8e0174-0a82-4a59-ac40-c1483f459dd3,SW29-8-11-w4,e7b66537-5eac-4c20-801d-08a67f87d555,Symo Advanced 24.0-3 480 (2),,,24.0,parsed_from_inverter_name,7.2,,
fronius,2025-01-03,ab8e0174-0a82-4a59-ac40-c1483f459dd3,SW29-8-11-w4,3629dfdf-2086-4705-9e86-786da30d335e,Symo Advanced 24.0-3 480 (1),,,24.0,parsed_from_inverter_name,7.09,,
fronius,2025-01-03,ab8e0174-0a82-4a59-ac40-c1483f459dd3,SW29-8-11-w4,e7b66537-5eac-4c20-801d-08a67f87d555,Symo Advanced 24.0-3 480 (2),,,24.0,parsed_from_inverter_name,5.88,,
fronius,2025-01-04,ab8e0174-0a82-4a59-ac40-c1483f459dd3,SW29-8-11-w4,3629dfdf-2086-4705-9e86-786da30d335e,Symo Advanced 24.0-3 480 (1),,,24.0,parsed_from_inverter_name,35.84,,
fronius,2025-01-04,ab8e0174-0a82-4a59-ac40-c1483f459dd3,SW29-8-11-w4,e7b66537-5eac-4c20-801d-08a67f87d555,Symo Advanced 24.0-3 480 (2),,,24.0,parsed_from_inverter_name,47.98,,
fronius,2025-01-05,ab8e0174-0a82-4a59-ac40-c1483f459dd3,SW29-8-11-w4,3629dfdf-2086-4705-9e86-786da30d335e,Symo Advanced 24.0-3 480 (1),,,24.0,parsed_from_inverter_name,61.99,,
fronius,2025-01-05,ab8e0174-0a82-4a59-ac40-c1483f459dd3,SW29-8-11-w4,e7b66537-5eac-4c20-801d-08a67f87d555,Symo Advanced 24.0-3 480 (2),,,24.0,parsed_from_inverter_name,83.82,,
fronius,2025-01-06,ab8e0174-0a82-4a59-ac40-c1483f459dd3,SW29-8-11-w4,3629dfdf-2086-4705-9e86-786da30d335e,Symo Advanced 24.0-3 480 (1),,,24.0,parsed_from_inverter_name,28.27,,
fronius,2025-01-06,ab8e0174-0a82-4a59-ac40-c1483f459dd3,SW29-8-11-w4,e7b66537-5eac-4c20-801d-08a67f87d555,Symo Advanced 24.0-3 480 (2),,,24.0,parsed_from_inverter_name,38.08,,
fronius,2025-01-07,ab8e0174-0a82-4a59-ac40-c1483f459dd3,SW29-8-11-w4,3629dfdf-2086-4705-9e86-786da30d335e,Symo Advanced 24.0-3 480 (1),,,24.0,parsed_from_inverter_name,99.19,,
fronius,2025-01-07,ab8e0174-0a82-4a59-ac40-c1483f459dd3,SW29-8-11-w4,e7b66537-5eac-4c20-801d-08a67f87d555,Symo Advanced 24.0-3 480 (2),,,24.0,parsed_from_inverter_name,131.82,,
fronius,2025-01-08,ab8e0174-0a82-4a59-ac40-c1483f459dd3,SW29-8-11-w4,3629dfdf-2086-4705-9e86-786da30d335e,Symo Advanced 24.0-3 480 (1),,,24.0,parsed_from_inverter_name,28.87,,
fronius,2025-01-08,ab8e0174-0a82-4a59-ac40-c1483f459dd3,SW29-8-11-w4,e7b66537-5eac-4c20-801d-08a67f87d555,Symo Advanced 24.0-3 480 (2),,,24.0,parsed_from_inverter_name,37.61,,
fronius,2025-01-09,ab8e0174-0a82-4a59-ac40-c1483f459dd3,SW29-8-11-w4,3629dfdf-2086-4705-9e86-786da30d335e,Symo Advanced 24.0-3 480 (1),,,24.0,parsed_from_inverter_name,99.88,,
fronius,2025-01-09,ab8e0174-0a82-4a59-ac40-c1483f459dd3,SW29-8-11-w4,e7b66537-5eac-4c20-801d-08a67f87d555,Symo Advanced 24.0-3 480 (2),,,24.0,parsed_from_inverter_name,134.05,,
fronius,2025-01-10,ab8e0174-0a82-4a59-ac40-c1483f459dd3,SW29-8-11-w4,3629dfdf-2086-4705-9e86-786da30d335e,Symo Advanced 24.0-3 480 (1),,,24.0,parsed_from_inverter_name,25.84,,
fronius,2025-01-10,ab8e0174-0a82-4a59-ac40-c1483f459dd3,SW29-8-11-w4,e7b66537-5eac-4c20-801d-08a67f87d555,Symo Advanced 24.0-3 480 (2),,,24.0,parsed_from_inverter_name,34.44,,
fronius,2025-01-11,ab8e0174-0a82-4a59-ac40-c1483f459dd3,SW29-8-11-w4,3629dfdf-2086-4705-9e86-786da30d335e,Symo Advanced 24.0-3 480 (1),,,24.0,parsed_from_inverter_name,21.51,,
fronius,2025-01-11,ab8e0174-0a82-4a59-ac40-c1483f459dd3,SW29-8-11-w4,e7b66537-5eac-4c20-801d-08a67f87d555,Symo Advanced 24.0-3 480 (2),,,24.0,parsed_from_inverter_name,29.31,,
fronius,2025-01-12,ab8e0174-0a82-4a59-ac40-c1483f459dd3,SW29-8-11-w4,3629dfdf-2086-4705-9e86-786da30d335e,Symo Advanced 24.0-3 480 (1),,,24.0,parsed_from_inverter_name,5.88,,
fronius,2025-01-12,ab8e0174-0a82-4a59-ac40-c1483f459dd3,SW29-8-11-w4,e7b66537-5eac-4c20-801d-08a67f87d555,Symo Advanced 24.0-3 480 (2),,,24.0,parsed_from_inverter_name,8.59,,
fronius,2025-01-13,ab8e0174-0a82-4a59-ac40-c1483f459dd3,SW29-8-11-w4,3629dfdf-2086-4705-9e86-786da30d335e,Symo Advanced 24.0-3 480 (1),,,24.0,parsed_from_inverter_name,59.6,,
fronius,2025-01-13,ab8e0174-0a82-4a59-ac40-c1483f459dd3,SW29-8-11-w4,e7b66537-5eac-4c20-801d-08a67f87d555,Symo Advanced 24.0-3 480 (2),,,24.0,parsed_from_inverter_name,79.74,,
fronius,2025-01-14,ab8e0174-0a82-4a59-ac40-c1483f459dd3,SW29-8-11-w4,3629dfdf-2086-4705-9e86-786da30d335e,Symo Advanced 24.0-3 480 (1),,,24.0,parsed_from_inverter_name,47.09,,
fronius,2025-01-14,ab8e0174-0a82-4a59-ac40-c1483f459dd3,SW29-8-11-w4,e7b66537-5eac-4c20-801d-08a67f87d555,Symo Advanced 24.0-3 480 (2),,,24.0,parsed_from_inverter_name,62.41,,
fronius,2025-01-15,ab8e0174-0a82-4a59-ac40-c1483f459dd3,SW29-8-11-w4,3629dfdf-2086-4705-9e86-786da30d335e,Symo Advanced 24.0-3 480 (1),,,24.0,parsed_from_inverter_name,95.28,,
fronius,2025-01-15,ab8e0174-0a82-4a59-ac40-c1483f459dd3,SW29-8-11-w4,e7b66537-5eac-4c20-801d-08a67f87d555,Symo Advanced 24.0-3 480 (2),,,24.0,parsed_from_inverter_name,129.77,,
fronius,2025-01-16,ab8e0174-0a82-4a59-ac40-c1483f459dd3,SW29-8-11-w4,3629dfdf-2086-4705-9e86-786da30d335e,Symo Advanced 24.0-3 480 (1),,,24.0,parsed_from_inverter_name,81.42,,
fronius,2025-01-16,ab8e0174-0a82-4a59-ac40-c1483f459dd3,SW29-8-11-w4,e7b66537-5eac-4c20-801d-08a67f87d555,Symo Advanced 24.0-3 480 (2),,,24.0,parsed_from_inverter_name,107.76,,
fronius,2025-01-17,ab8e0174-0a82-4a59-ac40-c1483f459dd3,SW29-8-11-w4,3629dfdf-2086-4705-9e86-786da30d335e,Symo Advanced 24.0-3 480 (1),,,24.0,parsed_from_inverter_name,16.82,,
fronius,2025-01-17,ab8e0174-0a82-4a59-ac40-c1483f459dd3,SW29-8-11-w4,e7b66537-5eac-4c20-801d-08a67f87d555,Symo Advanced 24.0-3 480 (2),,,24.0,parsed_from_inverter_name,15.28,,
fronius,2025-01-18,ab8e0174-0a82-4a59-ac40-c1483f459dd3,SW29-8-11-w4,3629dfdf-2086-4705-9e86-786da30d335e,Symo Advanced 24.0-3 480 (1),,,24.0,parsed_from_inverter_name,24.85,,
fronius,2025-01-18,ab8e0174-0a82-4a59-ac40-c1483f459dd3,SW29-8-11-w4,e7b66537-5eac-4c20-801d-08a67f87d555,Symo Advanced 24.0-3 480 (2),,,24.0,parsed_from_inverter_name,19.37,,
fronius,2025-01-19,ab8e0174-0a82-4a59-ac40-c1483f459dd3,SW29-8-11-w4,3629dfdf-2086-4705-9e86-786da30d335e,Symo Advanced 24.0-3 480 (1),,,24.0,parsed_from_inverter_name,40.96,,
fronius,2025-01-19,ab8e0174-0a82-4a59-ac40-c1483f459dd3,SW29-8-11-w4,e7b66537-5eac-4c20-801d-08a67f87d555,Symo Advanced 24.0-3 480 (2),,,24.0,parsed_from_inverter_name,27.27,,
fronius,2025-01-20,ab8e0174-0a82-4a59-ac40-c1483f459dd3,SW29-8-11-w4,3629dfdf-2086-4705-9e86-786da30d335e,Symo Advanced 24.0-3 480 (1),,,24.0,parsed_from_inverter_name,43.42,,
fronius,2025-01-20,ab8e0174-0a82-4a59-ac40-c1483f459dd3,SW29-8-11-w4,e7b66537-5eac-4c20-801d-08a67f87d555,Symo Advanced 24.0-3 480 (2),,,24.0,parsed_from_inverter_name,29.03,,
fronius,2025-01-21,ab8e0174-0a82-4a59-ac40-c1483f459dd3,SW29-8-11-w4,3629dfdf-2086-4705-9e86-786da30d335e,Symo Advanced 24.0-3 480 (1),,,24.0,parsed_from_inverter_name,23.78,,
fronius,2025-01-21,ab8e0174-0a82-4a59-ac40-c1483f459dd3,SW29-8-11-w4,e7b66537-5eac-4c20-801d-08a67f87d555,Symo Advanced 24.0-3 480 (2),,,24.0,parsed_from_inverter_name,26.46,,
fronius,2025-01-22,ab8e0174-0a82-4a59-ac40-c1483f459dd3,SW29-8-11-w4,3629dfdf-2086-4705-9e86-786da30d335e,Symo Advanced 24.0-3 480 (1),,,24.0,parsed_from_inverter_name,31.1,,
fronius,2025-01-22,ab8e0174-0a82-4a59-ac40-c1483f459dd3,SW29-8-11-w4,e7b66537-5eac-4c20-801d-08a67f87d555,Symo Advanced 24.0-3 480 (2),,,24.0,parsed_from_inverter_name,20.89,,
fronius,2025-01-23,ab8e0174-0a82-4a59-ac40-c1483f459dd3,SW29-8-11-w4,3629dfdf-2086-4705-9e86-786da30d335e,Symo Advanced 24.0-3 480 (1),,,24.0,parsed_from_inverter_name,22.95,,
fronius,2025-01-23,ab8e0174-0a82-4a59-ac40-c1483f459dd3,SW29-8-11-w4,e7b66537-5eac-4c20-801d-08a67f87d555,Symo Advanced 24.0-3 480 (2),,,24.0,parsed_from_inverter_name,24.3,,
fronius,2025-01-24,ab8e0174-0a82-4a59-ac40-c1483f459dd3,SW29-8-11-w4,3629dfdf-2086-4705-9e86-786da30d335e,Symo Advanced 24.0-3 480 (1),,,24.0,parsed_from_inverter_name,31.4,,
fronius,2025-01-24,ab8e0174-0a82-4a59-ac40-c1483f459dd3,SW29-8-11-w4,e7b66537-5eac-4c20-801d-08a67f87d555,Symo Advanced 24.0-3 480 (2),,,24.0,parsed_from_inverter_name,37.88,,
fronius,2025-01-25,ab8e0174-0a82-4a59-ac40-c1483f459dd3,SW29-8-11-w4,3629dfdf-2086-4705-9e86-786da30d335e,Symo Advanced 24.0-3 480 (1),,,24.0,parsed_from_inverter_name,91.62,,
fronius,2025-01-25,ab8e0174-0a82-4a59-ac40-c1483f459dd3,SW29-8-11-w4,e7b66537-5eac-4c20-801d-08a67f87d555,Symo Advanced 24.0-3 480 (2),,,24.0,parsed_from_inverter_name,101.46,,
fronius,2025-01-26,ab8e0174-0a82-4a59-ac40-c1483f459dd3,SW29-8-11-w4,3629dfdf-2086-4705-9e86-786da30d335e,Symo Advanced 24.0-3 480 (1),,,24.0,parsed_from_inverter_name,126.7,,
fronius,2025-01-26,ab8e0174-0a82-4a59-ac40-c1483f459dd3,SW29-8-11-w4,e7b66537-5eac-4c20-801d-08a67f87d555,Symo Advanced 24.0-3 480 (2),,,24.0,parsed_from_inverter_name,150.19,,
fronius,2025-01-27,ab8e0174-0a82-4a59-ac40-c1483f459dd3,SW29-8-11-w4,3629dfdf-2086-4705-9e86-786da30d335e,Symo Advanced 24.0-3 480 (1),,,24.0,parsed_from_inverter_name,123.2,,
fronius,2025-01-27,ab8e0174-0a82-4a59-ac40-c1483f459dd3,SW29-8-11-w4,e7b66537-5eac-4c20-801d-08a67f87d555,Symo Advanced 24.0-3 480 (2),,,24.0,parsed_from_inverter_name,147.37,,
fronius,2025-01-28,ab8e0174-0a82-4a59-ac40-c1483f459dd3,SW29-8-11-w4,3629dfdf-2086-4705-9e86-786da30d335e,Symo Advanced 24.0-3 480 (1),,,24.0,parsed_from_inverter_name,110.11,,
fronius,2025-01-28,ab8e0174-0a82-4a59-ac40-c1483f459dd3,SW29-8-11-w4,e7b66537-5eac-4c20-801d-08a67f87d555,Symo Advanced 24.0-3 480 (2),,,24.0,parsed_from_inverter_name,141.34,,
fronius,2025-01-29,ab8e0174-0a82-4a59-ac40-c1483f459dd3,SW29-8-11-w4,3629dfdf-2086-4705-9e86-786da30d335e,Symo Advanced 24.0-3 480 (1),,,24.0,parsed_from_inverter_name,65.05,,
fronius,2025-01-29,ab8e0174-0a82-4a59-ac40-c1483f459dd3,SW29-8-11-w4,e7b66537-5eac-4c20-801d-08a67f87d555,Symo Advanced 24.0-3 480 (2),,,24.0,parsed_from_inverter_name,86.95,,
fronius,2025-01-30,ab8e0174-0a82-4a59-ac40-c1483f459dd3,SW29-8-11-w4,3629dfdf-2086-4705-9e86-786da30d335e,Symo Advanced 24.0-3 480 (1),,,24.0,parsed_from_inverter_name,76.36,,
fronius,2025-01-30,ab8e0174-0a82-4a59-ac40-c1483f459dd3,SW29-8-11-w4,e7b66537-5eac-4c20-801d-08a67f87d555,Symo Advanced 24.0-3 480 (2),,,24.0,parsed_from_inverter_name,102.02,,
fronius,2025-01-31,ab8e0174-0a82-4a59-ac40-c1483f459dd3,SW29-8-11-w4,3629dfdf-2086-4705-9e86-786da30d335e,Symo Advanced 24.0-3 480 (1),,,24.0,parsed_from_inverter_name,54.6,,
fronius,2025-01-31,ab8e0174-0a82-4a59-ac40-c1483f459dd3,SW29-8-11-w4,e7b66537-5eac-4c20-801d-08a67f87d555,Symo Advanced 24.0-3 480 (2),,,24.0,parsed_from_inverter_name,71.84,,
fronius,2025-02-01,ab8e0174-0a82-4a59-ac40-c1483f459dd3,SW29-8-11-w4,3629dfdf-2086-4705-9e86-786da30d335e,Symo Advanced 24.0-3 480 (1),,,24.0,parsed_from_inverter_name,18.28,,
fronius,2025-02-01,ab8e0174-0a82-4a59-ac40-c1483f459dd3,SW29-8-11-w4,e7b66537-5eac-4c20-801d-08a67f87d555,Symo Advanced 24.0-3 480 (2),,,24.0,parsed_from_inverter_name,24.0,,
fronius,2025-02-02,ab8e0174-0a82-4a59-ac40-c1483f459dd3,SW29-8-11-w4,3629dfdf-2086-4705-9e86-786da30d335e,Symo Advanced 24.0-3 480 (1),,,24.0,parsed_from_inverter_name,18.04,,
fronius,2025-02-02,ab8e0174-0a82-4a59-ac40-c1483f459dd3,SW29-8-11-w4,e7b66537-5eac-4c20-801d-08a67f87d555,Symo Advanced 24.0-3 480 (2),,,24.0,parsed_from_inverter_name,23.96,,
fronius,2025-02-03,ab8e0174-0a82-4a59-ac40-c1483f459dd3,SW29-8-11-w4,3629dfdf-2086-4705-9e86-786da30d335e,Symo Advanced 24.0-3 480 (1),,,24.0,parsed_from_inverter_name,15.66,,
fronius,2025-02-03,ab8e0174-0a82-4a59-ac40-c1483f459dd3,SW29-8-11-w4,e7b66537-5eac-4c20-801d-08a67f87d555,Symo Advanced 24.0-3 480 (2),,,24.0,parsed_from_inverter_name,16.17,,
fronius,2025-02-04,ab8e0174-0a82-4a59-ac40-c1483f459dd3,SW29-8-11-w4,3629dfdf-2086-4705-9e86-786da30d335e,Symo Advanced 24.0-3 480 (1),,,24.0,parsed_from_inverter_name,5.98,,
fronius,2025-02-04,ab8e0174-0a82-4a59-ac40-c1483f459dd3,SW29-8-11-w4,e7b66537-5eac-4c20-801d-08a67f87d555,Symo Advanced 24.0-3 480 (2),,,24.0,parsed_from_inverter_name,10.73,,
fronius,2025-02-05,ab8e0174-0a82-4a59-ac40-c1483f459dd3,SW29-8-11-w4,3629dfdf-2086-4705-9e86-786da30d335e,Symo Advanced 24.0-3 480 (1),,,24.0,parsed_from_inverter_name,33.43,,
fronius,2025-02-05,ab8e0174-0a82-4a59-ac40-c1483f459dd3,SW29-8-11-w4,e7b66537-5eac-4c20-801d-08a67f87d555,Symo Advanced 24.0-3 480 (2),,,24.0,parsed_from_inverter_name,18.85,,
fronius,2025-02-06,ab8e0174-0a82-4a59-ac40-c1483f459dd3,SW29-8-11-w4,3629dfdf-2086-4705-9e86-786da30d335e,Symo Advanced 24.0-3 480 (1),,,24.0,parsed_from_inverter_name,68.13,,
fronius,2025-02-06,ab8e0174-0a82-4a59-ac40-c1483f459dd3,SW29-8-11-w4,e7b66537-5eac-4c20-801d-08a67f87d555,Symo Advanced 24.0-3 480 (2),,,24.0,parsed_from_inverter_name,20.45,,
fronius,2025-02-07,ab8e0174-0a82-4a59-ac40-c1483f459dd3,SW29-8-11-w4,3629dfdf-2086-4705-9e86-786da30d335e,Symo Advanced 24.0-3 480 (1),,,24.0,parsed_from_inverter_name,50.43,,
fronius,2025-02-07,ab8e0174-0a82-4a59-ac40-c1483f459dd3,SW29-8-11-w4,e7b66537-5eac-4c20-801d-08a67f87d555,Symo Advanced 24.0-3 480 (2),,,24.0,parsed_from_inverter_name,28.87,,
fronius,2025-02-08,ab8e0174-0a82-4a59-ac40-c1483f459dd3,SW29-8-11-w4,3629dfdf-2086-4705-9e86-786da30d335e,Symo Advanced 24.0-3 480 (1),,,24.0,parsed_from_inverter_name,60.93,,
fronius,2025-02-08,ab8e0174-0a82-4a59-ac40-c1483f459dd3,SW29-8-11-w4,e7b66537-5eac-4c20-801d-08a67f87d555,Symo Advanced 24.0-3 480 (2),,,24.0,parsed_from_inverter_name,44.28,,
fronius,2025-02-09,ab8e0174-0a82-4a59-ac40-c1483f459dd3,SW29-8-11-w4,3629dfdf-2086-4705-9e86-786da30d335e,Symo Advanced 24.0-3 480 (1),,,24.0,parsed_from_inverter_name,41.0,,
fronius,2025-02-09,ab8e0174-0a82-4a59-ac40-c1483f459dd3,SW29-8-11-w4,e7b66537-5eac-4c20-801d-08a67f87d555,Symo Advanced 24.0-3 480 (2),,,24.0,parsed_from_inverter_name,31.61,,
fronius,2025-02-10,ab8e0174-0a82-4a59-ac40-c1483f459dd3,SW29-8-11-w4,3629dfdf-2086-4705-9e86-786da30d335e,Symo Advanced 24.0-3 480 (1),,,24.0,parsed_from_inverter_name,51.47,,
fronius,2025-02-10,ab8e0174-0a82-4a59-ac40-c1483f459dd3,SW29-8-11-w4,e7b66537-5eac-4c20-801d-08a67f87d555,Symo Advanced 24.0-3 480 (2),,,24.0,parsed_from_inverter_name,38.11,,
fronius,2025-02-11,ab8e0174-0a82-4a59-ac40-c1483f459dd3,SW29-8-11-w4,3629dfdf-2086-4705-9e86-786da30d335e,Symo Advanced 24.0-3 480 (1),,,24.0,parsed_from_inverter_name,62.75,,
fronius,2025-02-11,ab8e0174-0a82-4a59-ac40-c1483f459dd3,SW29-8-11-w4,e7b66537-5eac-4c20-801d-08a67f87d555,Symo Advanced 24.0-3 480 (2),,,24.0,parsed_from_inverter_name,45.04,,
fronius,2025-02-12,ab8e0174-0a82-4a59-ac40-c1483f459dd3,SW29-8-11-w4,3629dfdf-2086-4705-9e86-786da30d335e,Symo Advanced 24.0-3 480 (1),,,24.0,parsed_from_inverter_name,94.62,,
fronius,2025-02-12,ab8e0174-0a82-4a59-ac40-c1483f459dd3,SW29-8-11-w4,e7b66537-5eac-4c20-801d-08a67f87d555,Symo Advanced 24.0-3 480 (2),,,24.0,parsed_from_inverter_name,67.65,,
fronius,2025-02-13,ab8e0174-0a82-4a59-ac40-c1483f459dd3,SW29-8-11-w4,3629dfdf-2086-4705-9e86-786da30d335e,Symo Advanced 24.0-3 480 (1),,,24.0,parsed_from_inverter_name,120.85,,
fronius,2025-02-13,ab8e0174-0a82-4a59-ac40-c1483f459dd3,SW29-8-11-w4,e7b66537-5eac-4c20-801d-08a67f87d555,Symo Advanced 24.0-3 480 (2),,,24.0,parsed_from_inverter_name,98.0,,
fronius,2025-02-14,ab8e0174-0a82-4a59-ac40-c1483f459dd3,SW29-8-11-w4,3629dfdf-2086-4705-9e86-786da30d335e,Symo Advanced 24.0-3 480 (1),,,24.0,parsed_from_inverter_name,20.4,,
fronius,2025-02-14,ab8e0174-0a82-4a59-ac40-c1483f459dd3,SW29-8-11-w4,e7b66537-5eac-4c20-801d-08a67f87d555,Symo Advanced 24.0-3 480 (2),,,24.0,parsed_from_inverter_name,18.86,,
fronius,2025-02-15,ab8e0174-0a82-4a59-ac40-c1483f459dd3,SW29-8-11-w4,3629dfdf-2086-4705-9e86-786da30d335e,Symo Advanced 24.0-3 480 (1),,,24.0,parsed_from_inverter_name,19.72,,
fronius,2025-02-15,ab8e0174-0a82-4a59-ac40-c1483f459dd3,SW29-8-11-w4,e7b66537-5eac-4c20-801d-08a67f87d555,Symo Advanced 24.0-3 480 (2),,,24.0,parsed_from_inverter_name,21.63,,
fronius,2025-02-16,ab8e0174-0a82-4a59-ac40-c1483f459dd3,SW29-8-11-w4,3629dfdf-2086-4705-9e86-786da30d335e,Symo Advanced 24.0-3 480 (1),,,24.0,parsed_from_inverter_name,14.21,,
fronius,2025-02-16,ab8e0174-0a82-4a59-ac40-c1483f459dd3,SW29-8-11-w4,e7b66537-5eac-4c20-801d-08a67f87d555,Symo Advanced 24.0-3 480 (2),,,24.0,parsed_from_inverter_name,16.28,,
fronius,2025-02-17,ab8e0174-0a82-4a59-ac40-c1483f459dd3,SW29-8-11-w4,3629dfdf-2086-4705-9e86-786da30d335e,Symo Advanced 24.0-3 480 (1),,,24.0,parsed_from_inverter_name,28.08,,
fronius,2025-02-17,ab8e0174-0a82-4a59-ac40-c1483f459dd3,SW29-8-11-w4,e7b66537-5eac-4c20-801d-08a67f87d555,Symo Advanced 24.0-3 480 (2),,,24.0,parsed_from_inverter_name,24.21,,
fronius,2025-02-18,ab8e0174-0a82-4a59-ac40-c1483f459dd3,SW29-8-11-w4,3629dfdf-2086-4705-9e86-786da30d335e,Symo Advanced 24.0-3 480 (1),,,24.0,parsed_from_inverter_name,87.07,,
fronius,2025-02-18,ab8e0174-0a82-4a59-ac40-c1483f459dd3,SW29-8-11-w4,e7b66537-5eac-4c20-801d-08a67f87d555,Symo Advanced 24.0-3 480 (2),,,24.0,parsed_from_inverter_name,52.63,,
fronius,2025-02-19,ab8e0174-0a82-4a59-ac40-c1483f459dd3,SW29-8-11-w4,3629dfdf-2086-4705-9e86-786da30d335e,Symo Advanced 24.0-3 480 (1),,,24.0,parsed_from_inverter_name,82.53,,
fronius,2025-02-19,ab8e0174-0a82-4a59-ac40-c1483f459dd3,SW29-8-11-w4,e7b66537-5eac-4c20-801d-08a67f87d555,Symo Advanced 24.0-3 480 (2),,,24.0,parsed_from_inverter_name,58.65,,
fronius,2025-02-20,ab8e0174-0a82-4a59-ac40-c1483f459dd3,SW29-8-11-w4,3629dfdf-2086-4705-9e86-786da30d335e,Symo Advanced 24.0-3 480 (1),,,24.0,parsed_from_inverter_name,94.97,,
fronius,2025-02-20,ab8e0174-0a82-4a59-ac40-c1483f459dd3,SW29-8-11-w4,e7b66537-5eac-4c20-801d-08a67f87d555,Symo Advanced 24.0-3 480 (2),,,24.0,parsed_from_inverter_name,83.09,,
fronius,2025-02-21,ab8e0174-0a82-4a59-ac40-c1483f459dd3,SW29-8-11-w4,3629dfdf-2086-4705-9e86-786da30d335e,Symo Advanced 24.0-3 480 (1),,,24.0,parsed_from_inverter_name,86.95,,
fronius,2025-02-21,ab8e0174-0a82-4a59-ac40-c1483f459dd3,SW29-8-11-w4,e7b66537-5eac-4c20-801d-08a67f87d555,Symo Advanced 24.0-3 480 (2),,,24.0,parsed_from_inverter_name,105.87,,
fronius,2025-02-22,ab8e0174-0a82-4a59-ac40-c1483f459dd3,SW29-8-11-w4,3629dfdf-2086-4705-9e86-786da30d335e,Symo Advanced 24.0-3 480 (1),,,24.0,parsed_from_inverter_name,123.14,,
fronius,2025-02-22,ab8e0174-0a82-4a59-ac40-c1483f459dd3,SW29-8-11-w4,e7b66537-5eac-4c20-801d-08a67f87d555,Symo Advanced 24.0-3 480 (2),,,24.0,parsed_from_inverter_name,144.79,,
fronius,2025-02-23,ab8e0174-0a82-4a59-ac40-c1483f459dd3,SW29-8-11-w4,3629dfdf-2086-4705-9e86-786da30d335e,Symo Advanced 24.0-3 480 (1),,,24.0,parsed_from_inverter_name,114.76,,
fronius,2025-02-23,ab8e0174-0a82-4a59-ac40-c1483f459dd3,SW29-8-11-w4,e7b66537-5eac-4c20-801d-08a67f87d555,Symo Advanced 24.0-3 480 (2),,,24.0,parsed_from_inverter_name,134.02,,
fronius,2025-02-24,ab8e0174-0a82-4a59-ac40-c1483f459dd3,SW29-8-11-w4,3629dfdf-2086-4705-9e86-786da30d335e,Symo Advanced 24.0-3 480 (1),,,24.0,parsed_from_inverter_name,136.55,,
fronius,2025-02-24,ab8e0174-0a82-4a59-ac40-c1483f459dd3,SW29-8-11-w4,e7b66537-5eac-4c20-801d-08a67f87d555,Symo Advanced 24.0-3 480 (2),,,24.0,parsed_from_inverter_name,159.04,,
fronius,2025-02-25,ab8e0174-0a82-4a59-ac40-c1483f459dd3,SW29-8-11-w4,3629dfdf-2086-4705-9e86-786da30d335e,Symo Advanced 24.0-3 480 (1),,,24.0,parsed_from_inverter_name,151.0,,
fronius,2025-02-25,ab8e0174-0a82-4a59-ac40-c1483f459dd3,SW29-8-11-w4,e7b66537-5eac-4c20-801d-08a67f87d555,Symo Advanced 24.0-3 480 (2),,,24.0,parsed_from_inverter_name,174.67,,
fronius,2025-02-26,ab8e0174-0a82-4a59-ac40-c1483f459dd3,SW29-8-11-w4,3629dfdf-2086-4705-9e86-786da30d335e,Symo Advanced 24.0-3 480 (1),,,24.0,parsed_from_inverter_name,141.24,,
fronius,2025-02-26,ab8e0174-0a82-4a59-ac40-c1483f459dd3,SW29-8-11-w4,e7b66537-5eac-4c20-801d-08a67f87d555,Symo Advanced 24.0-3 480 (2),,,24.0,parsed_from_inverter_name,166.62,,
fronius,2025-02-27,ab8e0174-0a82-4a59-ac40-c1483f459dd3,SW29-8-11-w4,3629dfdf-2086-4705-9e86-786da30d335e,Symo Advanced 24.0-3 480 (1),,,24.0,parsed_from_inverter_name,95.08,,
fronius,2025-02-27,ab8e0174-0a82-4a59-ac40-c1483f459dd3,SW29-8-11-w4,e7b66537-5eac-4c20-801d-08a67f87d555,Symo Advanced 24.0-3 480 (2),,,24.0,parsed_from_inverter_name,117.43,,
fronius,2025-02-28,ab8e0174-0a82-4a59-ac40-c1483f459dd3,SW29-8-11-w4,3629dfdf-2086-4705-9e86-786da30d335e,Symo Advanced 24.0-3 480 (1),,,24.0,parsed_from_inverter_name,143.13,,
fronius,2025-02-28,ab8e0174-0a82-4a59-ac40-c1483f459dd3,SW29-8-11-w4,e7b66537-5eac-4c20-801d-08a67f87d555,Symo Advanced 24.0-3 480 (2),,,24.0,parsed_from_inverter_name,175.52,,
fronius,2025-03-01,ab8e0174-0a82-4a59-ac40-c1483f459dd3,SW29-8-11-w4,3629dfdf-2086-4705-9e86-786da30d335e,Symo Advanced 24.0-3 480 (1),,,24.0,parsed_from_inverter_name,145.23,,
fronius,2025-03-01,ab8e0174-0a82-4a59-ac40-c1483f459dd3,SW29-8-11-w4,e7b66537-5eac-4c20-801d-08a67f87d555,Symo Advanced 24.0-3 480 (2),,,24.0,parsed_from_inverter_name,176.24,,
fronius,2025-03-02,ab8e0174-0a82-4a59-ac40-c1483f459dd3,SW29-8-11-w4,3629dfdf-2086-4705-9e86-786da30d335e,Symo Advanced 24.0-3 480 (1),,,24.0,parsed_from_inverter_name,149.35,,
fronius,2025-03-02,ab8e0174-0a82-4a59-ac40-c1483f459dd3,SW29-8-11-w4,e7b66537-5eac-4c20-801d-08a67f87d555,Symo Advanced 24.0-3 480 (2),,,24.0,parsed_from_inverter_name,180.04,,
fronius,2025-03-03,ab8e0174-0a82-4a59-ac40-c1483f459dd3,SW29-8-11-w4,3629dfdf-2086-4705-9e86-786da30d335e,Symo Advanced 24.0-3 480 (1),,,24.0,parsed_from_inverter_name,26.61,,
fronius,2025-03-03,ab8e0174-0a82-4a59-ac40-c1483f459dd3,SW29-8-11-w4,e7b66537-5eac-4c20-801d-08a67f87d555,Symo Advanced 24.0-3 480 (2),,,24.0,parsed_from_inverter_name,36.47,,
fronius,2025-03-04,ab8e0174-0a82-4a59-ac40-c1483f459dd3,SW29-8-11-w4,3629dfdf-2086-4705-9e86-786da30d335e,Symo Advanced 24.0-3 480 (1),,,24.0,parsed_from_inverter_name,150.99,,
fronius,2025-03-04,ab8e0174-0a82-4a59-ac40-c1483f459dd3,SW29-8-11-w4,e7b66537-5eac-4c20-801d-08a67f87d555,Symo Advanced 24.0-3 480 (2),,,24.0,parsed_from_inverter_name,172.82,,
fronius,2025-03-05,ab8e0174-0a82-4a59-ac40-c1483f459dd3,SW29-8-11-w4,3629dfdf-2086-4705-9e86-786da30d335e,Symo Advanced 24.0-3 480 (1),,,24.0,parsed_from_inverter_name,121.69,,
fronius,2025-03-05,ab8e0174-0a82-4a59-ac40-c1483f459dd3,SW29-8-11-w4,e7b66537-5eac-4c20-801d-08a67f87d555,Symo Advanced 24.0-3 480 (2),,,24.0,parsed_from_inverter_name,148.09,,
fronius,2025-03-06,ab8e0174-0a82-4a59-ac40-c1483f459dd3,SW29-8-11-w4,3629dfdf-2086-4705-9e86-786da30d335e,Symo Advanced 24.0-3 480 (1),,,24.0,parsed_from_inverter_name,140.9,,
fronius,2025-03-06,ab8e0174-0a82-4a59-ac40-c1483f459dd3,SW29-8-11-w4,e7b66537-5eac-4c20-801d-08a67f87d555,Symo Advanced 24.0-3 480 (2),,,24.0,parsed_from_inverter_name,163.04,,
fronius,2025-03-07,ab8e0174-0a82-4a59-ac40-c1483f459dd3,SW29-8-11-w4,3629dfdf-2086-4705-9e86-786da30d335e,Symo Advanced 24.0-3 480 (1),,,24.0,parsed_from_inverter_name,156.96,,
fronius,2025-03-07,ab8e0174-0a82-4a59-ac40-c1483f459dd3,SW29-8-11-w4,e7b66537-5eac-4c20-801d-08a67f87d555,Symo Advanced 24.0-3 480 (2),,,24.0,parsed_from_inverter_name,182.62,,
fronius,2025-03-08,ab8e0174-0a82-4a59-ac40-c1483f459dd3,SW29-8-11-w4,3629dfdf-2086-4705-9e86-786da30d335e,Symo Advanced 24.0-3 480 (1),,,24.0,parsed_from_inverter_name,74.69,,
fronius,2025-03-08,ab8e0174-0a82-4a59-ac40-c1483f459dd3,SW29-8-11-w4,e7b66537-5eac-4c20-801d-08a67f87d555,Symo Advanced 24.0-3 480 (2),,,24.0,parsed_from_inverter_name,101.51,,
fronius,2025-03-09,ab8e0174-0a82-4a59-ac40-c1483f459dd3,SW29-8-11-w4,3629dfdf-2086-4705-9e86-786da30d335e,Symo Advanced 24.0-3 480 (1),,,24.0,parsed_from_inverter_name,52.37,,
fronius,2025-03-09,ab8e0174-0a82-4a59-ac40-c1483f459dd3,SW29-8-11-w4,e7b66537-5eac-4c20-801d-08a67f87d555,Symo Advanced 24.0-3 480 (2),,,24.0,parsed_from_inverter_name,71.56,,
fronius,2025-03-10,ab8e0174-0a82-4a59-ac40-c1483f459dd3,SW29-8-11-w4,3629dfdf-2086-4705-9e86-786da30d335e,Symo Advanced 24.0-3 480 (1),,,24.0,parsed_from_inverter_name,114.19,,
fronius,2025-03-10,ab8e0174-0a82-4a59-ac40-c1483f459dd3,SW29-8-11-w4,e7b66537-5eac-4c20-801d-08a67f87d555,Symo Advanced 24.0-3 480 (2),,,24.0,parsed_from_inverter_name,139.62,,
fronius,2025-03-11,ab8e0174-0a82-4a59-ac40-c1483f459dd3,SW29-8-11-w4,3629dfdf-2086-4705-9e86-786da30d335e,Symo Advanced 24.0-3 480 (1),,,24.0,parsed_from_inverter_name,120.73,,
fronius,2025-03-11,ab8e0174-0a82-4a59-ac40-c1483f459dd3,SW29-8-11-w4,e7b66537-5eac-4c20-801d-08a67f87d555,Symo Advanced 24.0-3 480 (2),,,24.0,parsed_from_inverter_name,142.2,,
fronius,2025-03-12,ab8e0174-0a82-4a59-ac40-c1483f459dd3,SW29-8-11-w4,3629dfdf-2086-4705-9e86-786da30d335e,Symo Advanced 24.0-3 480 (1),,,24.0,parsed_from_inverter_name,118.49,,
fronius,2025-03-12,ab8e0174-0a82-4a59-ac40-c1483f459dd3,SW29-8-11-w4,e7b66537-5eac-4c20-801d-08a67f87d555,Symo Advanced 24.0-3 480 (2),,,24.0,parsed_from_inverter_name,146.06,,
fronius,2025-03-13,ab8e0174-0a82-4a59-ac40-c1483f459dd3,SW29-8-11-w4,3629dfdf-2086-4705-9e86-786da30d335e,Symo Advanced 24.0-3 480 (1),,,24.0,parsed_from_inverter_name,57.03,,
fronius,2025-03-13,ab8e0174-0a82-4a59-ac40-c1483f459dd3,SW29-8-11-w4,e7b66537-5eac-4c20-801d-08a67f87d555,Symo Advanced 24.0-3 480 (2),,,24.0,parsed_from_inverter_name,76.19,,
fronius,2025-03-14,ab8e0174-0a82-4a59-ac40-c1483f459dd3,SW29-8-11-w4,3629dfdf-2086-4705-9e86-786da30d335e,Symo Advanced 24.0-3 480 (1),,,24.0,parsed_from_inverter_name,142.17,,
fronius,2025-03-14,ab8e0174-0a82-4a59-ac40-c1483f459dd3,SW29-8-11-w4,e7b66537-5eac-4c20-801d-08a67f87d555,Symo Advanced 24.0-3 480 (2),,,24.0,parsed_from_inverter_name,169.0,,
fronius,2025-03-15,ab8e0174-0a82-4a59-ac40-c1483f459dd3,SW29-8-11-w4,3629dfdf-2086-4705-9e86-786da30d335e,Symo Advanced 24.0-3 480 (1),,,24.0,parsed_from_inverter_name,41.47,,
fronius,2025-03-15,ab8e0174-0a82-4a59-ac40-c1483f459dd3,SW29-8-11-w4,e7b66537-5eac-4c20-801d-08a67f87d555,Symo Advanced 24.0-3 480 (2),,,24.0,parsed_from_inverter_name,62.17,,
fronius,2025-03-16,ab8e0174-0a82-4a59-ac40-c1483f459dd3,SW29-8-11-w4,3629dfdf-2086-4705-9e86-786da30d335e,Symo Advanced 24.0-3 480 (1),,,24.0,parsed_from_inverter_name,33.13,,
fronius,2025-03-16,ab8e0174-0a82-4a59-ac40-c1483f459dd3,SW29-8-11-w4,e7b66537-5eac-4c20-801d-08a67f87d555,Symo Advanced 24.0-3 480 (2),,,24.0,parsed_from_inverter_name,55.19,,
fronius,2025-03-17,ab8e0174-0a82-4a59-ac40-c1483f459dd3,SW29-8-11-w4,3629dfdf-2086-4705-9e86-786da30d335e,Symo Advanced 24.0-3 480 (1),,,24.0,parsed_from_inverter_name,146.81,,
fronius,2025-03-17,ab8e0174-0a82-4a59-ac40-c1483f459dd3,SW29-8-11-w4,e7b66537-5eac-4c20-801d-08a67f87d555,Symo Advanced 24.0-3 480 (2),,,24.0,parsed_from_inverter_name,165.74,,
fronius,2025-03-18,ab8e0174-0a82-4a59-ac40-c1483f459dd3,SW29-8-11-w4,3629dfdf-2086-4705-9e86-786da30d335e,Symo Advanced 24.0-3 480 (1),,,24.0,parsed_from_inverter_name,35.9,,
fronius,2025-03-18,ab8e0174-0a82-4a59-ac40-c1483f459dd3,SW29-8-11-w4,e7b66537-5eac-4c20-801d-08a67f87d555,Symo Advanced 24.0-3 480 (2),,,24.0,parsed_from_inverter_name,48.73,,
fronius,2025-03-19,ab8e0174-0a82-4a59-ac40-c1483f459dd3,SW29-8-11-w4,3629dfdf-2086-4705-9e86-786da30d335e,Symo Advanced 24.0-3 480 (1),,,24.0,parsed_from_inverter_name,163.28,,
fronius,2025-03-19,ab8e0174-0a82-4a59-ac40-c1483f459dd3,SW29-8-11-w4,e7b66537-5eac-4c20-801d-08a67f87d555,Symo Advanced 24.0-3 480 (2),,,24.0,parsed_from_inverter_name,186.91,,
fronius,2025-03-20,ab8e0174-0a82-4a59-ac40-c1483f459dd3,SW29-8-11-w4,3629dfdf-2086-4705-9e86-786da30d335e,Symo Advanced 24.0-3 480 (1),,,24.0,parsed_from_inverter_name,91.18,,
fronius,2025-03-20,ab8e0174-0a82-4a59-ac40-c1483f459dd3,SW29-8-11-w4,e7b66537-5eac-4c20-801d-08a67f87d555,Symo Advanced 24.0-3 480 (2),,,24.0,parsed_from_inverter_name,118.94,,
fronius,2025-03-21,ab8e0174-0a82-4a59-ac40-c1483f459dd3,SW29-8-11-w4,3629dfdf-2086-4705-9e86-786da30d335e,Symo Advanced 24.0-3 480 (1),,,24.0,parsed_from_inverter_name,145.59,,
fronius,2025-03-21,ab8e0174-0a82-4a59-ac40-c1483f459dd3,SW29-8-11-w4,e7b66537-5eac-4c20-801d-08a67f87d555,Symo Advanced 24.0-3 480 (2),,,24.0,parsed_from_inverter_name,170.62,,
fronius,2025-03-22,ab8e0174-0a82-4a59-ac40-c1483f459dd3,SW29-8-11-w4,3629dfdf-2086-4705-9e86-786da30d335e,Symo Advanced 24.0-3 480 (1),,,24.0,parsed_from_inverter_name,118.84,,
fronius,2025-03-22,ab8e0174-0a82-4a59-ac40-c1483f459dd3,SW29-8-11-w4,e7b66537-5eac-4c20-801d-08a67f87d555,Symo Advanced 24.0-3 480 (2),,,24.0,parsed_from_inverter_name,140.31,,
fronius,2025-03-23,ab8e0174-0a82-4a59-ac40-c1483f459dd3,SW29-8-11-w4,3629dfdf-2086-4705-9e86-786da30d335e,Symo Advanced 24.0-3 480 (1),,,24.0,parsed_from_inverter_name,109.44,,
fronius,2025-03-23,ab8e0174-0a82-4a59-ac40-c1483f459dd3,SW29-8-11-w4,e7b66537-5eac-4c20-801d-08a67f87d555,Symo Advanced 24.0-3 480 (2),,,24.0,parsed_from_inverter_name,145.43,,
fronius,2025-03-24,ab8e0174-0a82-4a59-ac40-c1483f459dd3,SW29-8-11-w4,3629dfdf-2086-4705-9e86-786da30d335e,Symo Advanced 24.0-3 480 (1),,,24.0,parsed_from_inverter_name,98.16,,
fronius,2025-03-24,ab8e0174-0a82-4a59-ac40-c1483f459dd3,SW29-8-11-w4,e7b66537-5eac-4c20-801d-08a67f87d555,Symo Advanced 24.0-3 480 (2),,,24.0,parsed_from_inverter_name,127.55,,
fronius,2025-03-25,ab8e0174-0a82-4a59-ac40-c1483f459dd3,SW29-8-11-w4,3629dfdf-2086-4705-9e86-786da30d335e,Symo Advanced 24.0-3 480 (1),,,24.0,parsed_from_inverter_name,91.81,,
fronius,2025-03-25,ab8e0174-0a82-4a59-ac40-c1483f459dd3,SW29-8-11-w4,e7b66537-5eac-4c20-801d-08a67f87d555,Symo Advanced 24.0-3 480 (2),,,24.0,parsed_from_inverter_name,120.8,,
fronius,2025-03-26,ab8e0174-0a82-4a59-ac40-c1483f459dd3,SW29-8-11-w4,3629dfdf-2086-4705-9e86-786da30d335e,Symo Advanced 24.0-3 480 (1),,,24.0,parsed_from_inverter_name,158.25,,
fronius,2025-03-26,ab8e0174-0a82-4a59-ac40-c1483f459dd3,SW29-8-11-w4,e7b66537-5eac-4c20-801d-08a67f87d555,Symo Advanced 24.0-3 480 (2),,,24.0,parsed_from_inverter_name,185.77,,
fronius,2025-03-27,ab8e0174-0a82-4a59-ac40-c1483f459dd3,SW29-8-11-w4,3629dfdf-2086-4705-9e86-786da30d335e,Symo Advanced 24.0-3 480 (1),,,24.0,parsed_from_inverter_name,63.09,,
fronius,2025-03-27,ab8e0174-0a82-4a59-ac40-c1483f459dd3,SW29-8-11-w4,e7b66537-5eac-4c20-801d-08a67f87d555,Symo Advanced 24.0-3 480 (2),,,24.0,parsed_from_inverter_name,84.87,,
fronius,2025-03-28,ab8e0174-0a82-4a59-ac40-c1483f459dd3,SW29-8-11-w4,3629dfdf-2086-4705-9e86-786da30d335e,Symo Advanced 24.0-3 480 (1),,,24.0,parsed_from_inverter_name,52.26,,
fronius,2025-03-28,ab8e0174-0a82-4a59-ac40-c1483f459dd3,SW29-8-11-w4,e7b66537-5eac-4c20-801d-08a67f87d555,Symo Advanced 24.0-3 480 (2),,,24.0,parsed_from_inverter_name,66.52,,
fronius,2025-03-29,ab8e0174-0a82-4a59-ac40-c1483f459dd3,SW29-8-11-w4,3629dfdf-2086-4705-9e86-786da30d335e,Symo Advanced 24.0-3 480 (1),,,24.0,parsed_from_inverter_name,28.49,,
fronius,2025-03-29,ab8e0174-0a82-4a59-ac40-c1483f459dd3,SW29-8-11-w4,e7b66537-5eac-4c20-801d-08a67f87d555,Symo Advanced 24.0-3 480 (2),,,24.0,parsed_from_inverter_name,40.8,,
fronius,2025-03-30,ab8e0174-0a82-4a59-ac40-c1483f459dd3,SW29-8-11-w4,3629dfdf-2086-4705-9e86-786da30d335e,Symo Advanced 24.0-3 480 (1),,,24.0,parsed_from_inverter_name,96.63,,
fronius,2025-03-30,ab8e0174-0a82-4a59-ac40-c1483f459dd3,SW29-8-11-w4,e7b66537-5eac-4c20-801d-08a67f87d555,Symo Advanced 24.0-3 480 (2),,,24.0,parsed_from_inverter_name,124.06,,
fronius,2025-03-31,ab8e0174-0a82-4a59-ac40-c1483f459dd3,SW29-8-11-w4,3629dfdf-2086-4705-9e86-786da30d335e,Symo Advanced 24.0-3 480 (1),,,24.0,parsed_from_inverter_name,85.54,,
fronius,2025-03-31,ab8e0174-0a82-4a59-ac40-c1483f459dd3,SW29-8-11-w4,e7b66537-5eac-4c20-801d-08a67f87d555,Symo Advanced 24.0-3 480 (2),,,24.0,parsed_from_inverter_name,109.6,,
fronius,2025-04-01,ab8e0174-0a82-4a59-ac40-c1483f459dd3,SW29-8-11-w4,3629dfdf-2086-4705-9e86-786da30d335e,Symo Advanced 24.0-3 480 (1),,,24.0,parsed_from_inverter_name,135.55,,
fronius,2025-04-01,ab8e0174-0a82-4a59-ac40-c1483f459dd3,SW29-8-11-w4,e7b66537-5eac-4c20-801d-08a67f87d555,Symo Advanced 24.0-3 480 (2),,,24.0,parsed_from_inverter_name,164.2,,
fronius,2025-04-02,ab8e0174-0a82-4a59-ac40-c1483f459dd3,SW29-8-11-w4,3629dfdf-2086-4705-9e86-786da30d335e,Symo Advanced 24.0-3 480 (1),,,24.0,parsed_from_inverter_name,25.16,,
fronius,2025-04-02,ab8e0174-0a82-4a59-ac40-c1483f459dd3,SW29-8-11-w4,e7b66537-5eac-4c20-801d-08a67f87d555,Symo Advanced 24.0-3 480 (2),,,24.0,parsed_from_inverter_name,34.58,,
fronius,2025-04-03,ab8e0174-0a82-4a59-ac40-c1483f459dd3,SW29-8-11-w4,3629dfdf-2086-4705-9e86-786da30d335e,Symo Advanced 24.0-3 480 (1),,,24.0,parsed_from_inverter_name,130.34,,
fronius,2025-04-03,ab8e0174-0a82-4a59-ac40-c1483f459dd3,SW29-8-11-w4,e7b66537-5eac-4c20-801d-08a67f87d555,Symo Advanced 24.0-3 480 (2),,,24.0,parsed_from_inverter_name,147.66,,
fronius,2025-04-04,ab8e0174-0a82-4a59-ac40-c1483f459dd3,SW29-8-11-w4,3629dfdf-2086-4705-9e86-786da30d335e,Symo Advanced 24.0-3 480 (1),,,24.0,parsed_from_inverter_name,178.84,,
fronius,2025-04-04,ab8e0174-0a82-4a59-ac40-c1483f459dd3,SW29-8-11-w4,e7b66537-5eac-4c20-801d-08a67f87d555,Symo Advanced 24.0-3 480 (2),,,24.0,parsed_from_inverter_name,203.76,,
fronius,2025-04-05,ab8e0174-0a82-4a59-ac40-c1483f459dd3,SW29-8-11-w4,3629dfdf-2086-4705-9e86-786da30d335e,Symo Advanced 24.0-3 480 (1),,,24.0,parsed_from_inverter_name,176.3,,
fronius,2025-04-05,ab8e0174-0a82-4a59-ac40-c1483f459dd3,SW29-8-11-w4,e7b66537-5eac-4c20-801d-08a67f87d555,Symo Advanced 24.0-3 480 (2),,,24.0,parsed_from_inverter_name,202.26,,
fronius,2025-04-06,ab8e0174-0a82-4a59-ac40-c1483f459dd3,SW29-8-11-w4,3629dfdf-2086-4705-9e86-786da30d335e,Symo Advanced 24.0-3 480 (1),,,24.0,parsed_from_inverter_name,171.89,,
fronius,2025-04-06,ab8e0174-0a82-4a59-ac40-c1483f459dd3,SW29-8-11-w4,e7b66537-5eac-4c20-801d-08a67f87d555,Symo Advanced 24.0-3 480 (2),,,24.0,parsed_from_inverter_name,200.97,,
fronius,2025-04-07,ab8e0174-0a82-4a59-ac40-c1483f459dd3,SW29-8-11-w4,3629dfdf-2086-4705-9e86-786da30d335e,Symo Advanced 24.0-3 480 (1),,,24.0,parsed_from_inverter_name,113.35,,
fronius,2025-04-07,ab8e0174-0a82-4a59-ac40-c1483f459dd3,SW29-8-11-w4,e7b66537-5eac-4c20-801d-08a67f87d555,Symo Advanced 24.0-3 480 (2),,,24.0,parsed_from_inverter_name,141.3,,
fronius,2025-04-08,ab8e0174-0a82-4a59-ac40-c1483f459dd3,SW29-8-11-w4,3629dfdf-2086-4705-9e86-786da30d335e,Symo Advanced 24.0-3 480 (1),,,24.0,parsed_from_inverter_name,136.22,,
fronius,2025-04-08,ab8e0174-0a82-4a59-ac40-c1483f459dd3,SW29-8-11-w4,e7b66537-5eac-4c20-801d-08a67f87d555,Symo Advanced 24.0-3 480 (2),,,24.0,parsed_from_inverter_name,161.46,,
fronius,2025-04-09,ab8e0174-0a82-4a59-ac40-c1483f459dd3,SW29-8-11-w4,3629dfdf-2086-4705-9e86-786da30d335e,Symo Advanced 24.0-3 480 (1),,,24.0,parsed_from_inverter_name,134.67,,
fronius,2025-04-09,ab8e0174-0a82-4a59-ac40-c1483f459dd3,SW29-8-11-w4,e7b66537-5eac-4c20-801d-08a67f87d555,Symo Advanced 24.0-3 480 (2),,,24.0,parsed_from_inverter_name,160.54,,
fronius,2025-04-10,ab8e0174-0a82-4a59-ac40-c1483f459dd3,SW29-8-11-w4,3629dfdf-2086-4705-9e86-786da30d335e,Symo Advanced 24.0-3 480 (1),,,24.0,parsed_from_inverter_name,149.94,,
fronius,2025-04-10,ab8e0174-0a82-4a59-ac40-c1483f459dd3,SW29-8-11-w4,e7b66537-5eac-4c20-801d-08a67f87d555,Symo Advanced 24.0-3 480 (2),,,24.0,parsed_from_inverter_name,178.41,,
fronius,2025-04-11,ab8e0174-0a82-4a59-ac40-c1483f459dd3,SW29-8-11-w4,3629dfdf-2086-4705-9e86-786da30d335e,Symo Advanced 24.0-3 480 (1),,,24.0,parsed_from_inverter_name,160.17,,
fronius,2025-04-11,ab8e0174-0a82-4a59-ac40-c1483f459dd3,SW29-8-11-w4,e7b66537-5eac-4c20-801d-08a67f87d555,Symo Advanced 24.0-3 480 (2),,,24.0,parsed_from_inverter_name,188.69,,
fronius,2025-04-12,ab8e0174-0a82-4a59-ac40-c1483f459dd3,SW29-8-11-w4,3629dfdf-2086-4705-9e86-786da30d335e,Symo Advanced 24.0-3 480 (1),,,24.0,parsed_from_inverter_name,157.09,,
fronius,2025-04-12,ab8e0174-0a82-4a59-ac40-c1483f459dd3,SW29-8-11-w4,e7b66537-5eac-4c20-801d-08a67f87d555,Symo Advanced 24.0-3 480 (2),,,24.0,parsed_from_inverter_name,183.85,,
fronius,2025-04-13,ab8e0174-0a82-4a59-ac40-c1483f459dd3,SW29-8-11-w4,3629dfdf-2086-4705-9e86-786da30d335e,Symo Advanced 24.0-3 480 (1),,,24.0,parsed_from_inverter_name,155.13,,
fronius,2025-04-13,ab8e0174-0a82-4a59-ac40-c1483f459dd3,SW29-8-11-w4,e7b66537-5eac-4c20-801d-08a67f87d555,Symo Advanced 24.0-3 480 (2),,,24.0,parsed_from_inverter_name,169.61,,
fronius,2025-04-14,ab8e0174-0a82-4a59-ac40-c1483f459dd3,SW29-8-11-w4,3629dfdf-2086-4705-9e86-786da30d335e,Symo Advanced 24.0-3 480 (1),,,24.0,parsed_from_inverter_name,175.65,,
fronius,2025-04-14,ab8e0174-0a82-4a59-ac40-c1483f459dd3,SW29-8-11-w4,e7b66537-5eac-4c20-801d-08a67f87d555,Symo Advanced 24.0-3 480 (2),,,24.0,parsed_from_inverter_name,200.73,,
fronius,2025-04-15,ab8e0174-0a82-4a59-ac40-c1483f459dd3,SW29-8-11-w4,3629dfdf-2086-4705-9e86-786da30d335e,Symo Advanced 24.0-3 480 (1),,,24.0,parsed_from_inverter_name,172.23,,
fronius,2025-04-15,ab8e0174-0a82-4a59-ac40-c1483f459dd3,SW29-8-11-w4,e7b66537-5eac-4c20-801d-08a67f87d555,Symo Advanced 24.0-3 480 (2),,,24.0,parsed_from_inverter_name,198.77,,
fronius,2025-04-16,ab8e0174-0a82-4a59-ac40-c1483f459dd3,SW29-8-11-w4,3629dfdf-2086-4705-9e86-786da30d335e,Symo Advanced 24.0-3 480 (1),,,24.0,parsed_from_inverter_name,47.26,,
fronius,2025-04-16,ab8e0174-0a82-4a59-ac40-c1483f459dd3,SW29-8-11-w4,e7b66537-5eac-4c20-801d-08a67f87d555,Symo Advanced 24.0-3 480 (2),,,24.0,parsed_from_inverter_name,64.07,,
fronius,2025-04-17,ab8e0174-0a82-4a59-ac40-c1483f459dd3,SW29-8-11-w4,3629dfdf-2086-4705-9e86-786da30d335e,Symo Advanced 24.0-3 480 (1),,,24.0,parsed_from_inverter_name,135.17,,
fronius,2025-04-17,ab8e0174-0a82-4a59-ac40-c1483f459dd3,SW29-8-11-w4,e7b66537-5eac-4c20-801d-08a67f87d555,Symo Advanced 24.0-3 480 (2),,,24.0,parsed_from_inverter_name,159.69,,
fronius,2025-04-18,ab8e0174-0a82-4a59-ac40-c1483f459dd3,SW29-8-11-w4,3629dfdf-2086-4705-9e86-786da30d335e,Symo Advanced 24.0-3 480 (1),,,24.0,parsed_from_inverter_name,182.62,,
fronius,2025-04-18,ab8e0174-0a82-4a59-ac40-c1483f459dd3,SW29-8-11-w4,e7b66537-5eac-4c20-801d-08a67f87d555,Symo Advanced 24.0-3 480 (2),,,24.0,parsed_from_inverter_name,208.8,,
fronius,2025-04-19,ab8e0174-0a82-4a59-ac40-c1483f459dd3,SW29-8-11-w4,3629dfdf-2086-4705-9e86-786da30d335e,Symo Advanced 24.0-3 480 (1),,,24.0,parsed_from_inverter_name,95.23,,
fronius,2025-04-19,ab8e0174-0a82-4a59-ac40-c1483f459dd3,SW29-8-11-w4,e7b66537-5eac-4c20-801d-08a67f87d555,Symo Advanced 24.0-3 480 (2),,,24.0,parsed_from_inverter_name,126.35,,
fronius,2025-04-20,ab8e0174-0a82-4a59-ac40-c1483f459dd3,SW29-8-11-w4,3629dfdf-2086-4705-9e86-786da30d335e,Symo Advanced 24.0-3 480 (1),,,24.0,parsed_from_inverter_name,55.97,,
fronius,2025-04-20,ab8e0174-0a82-4a59-ac40-c1483f459dd3,SW29-8-11-w4,e7b66537-5eac-4c20-801d-08a67f87d555,Symo Advanced 24.0-3 480 (2),,,24.0,parsed_from_inverter_name,74.77,,
fronius,2025-04-21,ab8e0174-0a82-4a59-ac40-c1483f459dd3,SW29-8-11-w4,3629dfdf-2086-4705-9e86-786da30d335e,Symo Advanced 24.0-3 480 (1),,,24.0,parsed_from_inverter_name,73.16,,
fronius,2025-04-21,ab8e0174-0a82-4a59-ac40-c1483f459dd3,SW29-8-11-w4,e7b66537-5eac-4c20-801d-08a67f87d555,Symo Advanced 24.0-3 480 (2),,,24.0,parsed_from_inverter_name,92.94,,
fronius,2025-04-22,ab8e0174-0a82-4a59-ac40-c1483f459dd3,SW29-8-11-w4,3629dfdf-2086-4705-9e86-786da30d335e,Symo Advanced 24.0-3 480 (1),,,24.0,parsed_from_inverter_name,98.01,,
fronius,2025-04-22,ab8e0174-0a82-4a59-ac40-c1483f459dd3,SW29-8-11-w4,e7b66537-5eac-4c20-801d-08a67f87d555,Symo Advanced 24.0-3 480 (2),,,24.0,parsed_from_inverter_name,119.82,,
fronius,2025-04-23,ab8e0174-0a82-4a59-ac40-c1483f459dd3,SW29-8-11-w4,3629dfdf-2086-4705-9e86-786da30d335e,Symo Advanced 24.0-3 480 (1),,,24.0,parsed_from_inverter_name,151.35,,
fronius,2025-04-23,ab8e0174-0a82-4a59-ac40-c1483f459dd3,SW29-8-11-w4,e7b66537-5eac-4c20-801d-08a67f87d555,Symo Advanced 24.0-3 480 (2),,,24.0,parsed_from_inverter_name,177.76,,
fronius,2025-04-24,ab8e0174-0a82-4a59-ac40-c1483f459dd3,SW29-8-11-w4,3629dfdf-2086-4705-9e86-786da30d335e,Symo Advanced 24.0-3 480 (1),,,24.0,parsed_from_inverter_name,183.24,,
fronius,2025-04-24,ab8e0174-0a82-4a59-ac40-c1483f459dd3,SW29-8-11-w4,e7b66537-5eac-4c20-801d-08a67f87d555,Symo Advanced 24.0-3 480 (2),,,24.0,parsed_from_inverter_name,209.95,,
fronius,2025-04-25,ab8e0174-0a82-4a59-ac40-c1483f459dd3,SW29-8-11-w4,3629dfdf-2086-4705-9e86-786da30d335e,Symo Advanced 24.0-3 480 (1),,,24.0,parsed_from_inverter_name,186.15,,
fronius,2025-04-25,ab8e0174-0a82-4a59-ac40-c1483f459dd3,SW29-8-11-w4,e7b66537-5eac-4c20-801d-08a67f87d555,Symo Advanced 24.0-3 480 (2),,,24.0,parsed_from_inverter_name,211.35,,
fronius,2025-04-26,ab8e0174-0a82-4a59-ac40-c1483f459dd3,SW29-8-11-w4,3629dfdf-2086-4705-9e86-786da30d335e,Symo Advanced 24.0-3 480 (1),,,24.0,parsed_from_inverter_name,180.4,,
fronius,2025-04-26,ab8e0174-0a82-4a59-ac40-c1483f459dd3,SW29-8-11-w4,e7b66537-5eac-4c20-801d-08a67f87d555,Symo Advanced 24.0-3 480 (2),,,24.0,parsed_from_inverter_name,206.21,,
fronius,2025-04-27,ab8e0174-0a82-4a59-ac40-c1483f459dd3,SW29-8-11-w4,3629dfdf-2086-4705-9e86-786da30d335e,Symo Advanced 24.0-3 480 (1),,,24.0,parsed_from_inverter_name,184.72,,
fronius,2025-04-27,ab8e0174-0a82-4a59-ac40-c1483f459dd3,SW29-8-11-w4,e7b66537-5eac-4c20-801d-08a67f87d555,Symo Advanced 24.0-3 480 (2),,,24.0,parsed_from_inverter_name,210.76,,
fronius,2025-04-28,ab8e0174-0a82-4a59-ac40-c1483f459dd3,SW29-8-11-w4,3629dfdf-2086-4705-9e86-786da30d335e,Symo Advanced 24.0-3 480 (1),,,24.0,parsed_from_inverter_name,180.52,,
fronius,2025-04-28,ab8e0174-0a82-4a59-ac40-c1483f459dd3,SW29-8-11-w4,e7b66537-5eac-4c20-801d-08a67f87d555,Symo Advanced 24.0-3 480 (2),,,24.0,parsed_from_inverter_name,205.32,,
fronius,2025-04-29,ab8e0174-0a82-4a59-ac40-c1483f459dd3,SW29-8-11-w4,3629dfdf-2086-4705-9e86-786da30d335e,Symo Advanced 24.0-3 480 (1),,,24.0,parsed_from_inverter_name,103.52,,
fronius,2025-04-29,ab8e0174-0a82-4a59-ac40-c1483f459dd3,SW29-8-11-w4,e7b66537-5eac-4c20-801d-08a67f87d555,Symo Advanced 24.0-3 480 (2),,,24.0,parsed_from_inverter_name,133.72,,
fronius,2025-04-30,ab8e0174-0a82-4a59-ac40-c1483f459dd3,SW29-8-11-w4,3629dfdf-2086-4705-9e86-786da30d335e,Symo Advanced 24.0-3 480 (1),,,24.0,parsed_from_inverter_name,158.59,,
fronius,2025-04-30,ab8e0174-0a82-4a59-ac40-c1483f459dd3,SW29-8-11-w4,e7b66537-5eac-4c20-801d-08a67f87d555,Symo Advanced 24.0-3 480 (2),,,24.0,parsed_from_inverter_name,183.4,,
fronius,2025-05-01,ab8e0174-0a82-4a59-ac40-c1483f459dd3,SW29-8-11-w4,3629dfdf-2086-4705-9e86-786da30d335e,Symo Advanced 24.0-3 480 (1),,,24.0,parsed_from_inverter_name,181.82,,
fronius,2025-05-01,ab8e0174-0a82-4a59-ac40-c1483f459dd3,SW29-8-11-w4,e7b66537-5eac-4c20-801d-08a67f87d555,Symo Advanced 24.0-3 480 (2),,,24.0,parsed_from_inverter_name,210.81,,
fronius,2025-05-02,ab8e0174-0a82-4a59-ac40-c1483f459dd3,SW29-8-11-w4,3629dfdf-2086-4705-9e86-786da30d335e,Symo Advanced 24.0-3 480 (1),,,24.0,parsed_from_inverter_name,179.15,,
fronius,2025-05-02,ab8e0174-0a82-4a59-ac40-c1483f459dd3,SW29-8-11-w4,e7b66537-5eac-4c20-801d-08a67f87d555,Symo Advanced 24.0-3 480 (2),,,24.0,parsed_from_inverter_name,208.86,,
fronius,2025-05-03,ab8e0174-0a82-4a59-ac40-c1483f459dd3,SW29-8-11-w4,3629dfdf-2086-4705-9e86-786da30d335e,Symo Advanced 24.0-3 480 (1),,,24.0,parsed_from_inverter_name,175.59,,
fronius,2025-05-03,ab8e0174-0a82-4a59-ac40-c1483f459dd3,SW29-8-11-w4,e7b66537-5eac-4c20-801d-08a67f87d555,Symo Advanced 24.0-3 480 (2),,,24.0,parsed_from_inverter_name,207.43,,
fronius,2025-05-04,ab8e0174-0a82-4a59-ac40-c1483f459dd3,SW29-8-11-w4,3629dfdf-2086-4705-9e86-786da30d335e,Symo Advanced 24.0-3 480 (1),,,24.0,parsed_from_inverter_name,62.07,,
fronius,2025-05-04,ab8e0174-0a82-4a59-ac40-c1483f459dd3,SW29-8-11-w4,e7b66537-5eac-4c20-801d-08a67f87d555,Symo Advanced 24.0-3 480 (2),,,24.0,parsed_from_inverter_name,83.54,,
fronius,2025-05-05,ab8e0174-0a82-4a59-ac40-c1483f459dd3,SW29-8-11-w4,3629dfdf-2086-4705-9e86-786da30d335e,Symo Advanced 24.0-3 480 (1),,,24.0,parsed_from_inverter_name,168.22,,
fronius,2025-05-05,ab8e0174-0a82-4a59-ac40-c1483f459dd3,SW29-8-11-w4,e7b66537-5eac-4c20-801d-08a67f87d555,Symo Advanced 24.0-3 480 (2),,,24.0,parsed_from_inverter_name,195.01,,
fronius,2025-05-06,ab8e0174-0a82-4a59-ac40-c1483f459dd3,SW29-8-11-w4,3629dfdf-2086-4705-9e86-786da30d335e,Symo Advanced 24.0-3 480 (1),,,24.0,parsed_from_inverter_name,184.67,,
fronius,2025-05-06,ab8e0174-0a82-4a59-ac40-c1483f459dd3,SW29-8-11-w4,e7b66537-5eac-4c20-801d-08a67f87d555,Symo Advanced 24.0-3 480 (2),,,24.0,parsed_from_inverter_name,212.16,,
fronius,2025-05-07,ab8e0174-0a82-4a59-ac40-c1483f459dd3,SW29-8-11-w4,3629dfdf-2086-4705-9e86-786da30d335e,Symo Advanced 24.0-3 480 (1),,,24.0,parsed_from_inverter_name,181.04,,
fronius,2025-05-07,ab8e0174-0a82-4a59-ac40-c1483f459dd3,SW29-8-11-w4,e7b66537-5eac-4c20-801d-08a67f87d555,Symo Advanced 24.0-3 480 (2),,,24.0,parsed_from_inverter_name,210.21,,
fronius,2025-05-08,ab8e0174-0a82-4a59-ac40-c1483f459dd3,SW29-8-11-w4,3629dfdf-2086-4705-9e86-786da30d335e,Symo Advanced 24.0-3 480 (1),,,24.0,parsed_from_inverter_name,182.17,,
fronius,2025-05-08,ab8e0174-0a82-4a59-ac40-c1483f459dd3,SW29-8-11-w4,e7b66537-5eac-4c20-801d-08a67f87d555,Symo Advanced 24.0-3 480 (2),,,24.0,parsed_from_inverter_name,210.56,,
fronius,2025-05-09,ab8e0174-0a82-4a59-ac40-c1483f459dd3,SW29-8-11-w4,3629dfdf-2086-4705-9e86-786da30d335e,Symo Advanced 24.0-3 480 (1),,,24.0,parsed_from_inverter_name,158.39,,
fronius,2025-05-09,ab8e0174-0a82-4a59-ac40-c1483f459dd3,SW29-8-11-w4,e7b66537-5eac-4c20-801d-08a67f87d555,Symo Advanced 24.0-3 480 (2),,,24.0,parsed_from_inverter_name,188.64,,
fronius,2025-05-10,ab8e0174-0a82-4a59-ac40-c1483f459dd3,SW29-8-11-w4,3629dfdf-2086-4705-9e86-786da30d335e,Symo Advanced 24.0-3 480 (1),,,24.0,parsed_from_inverter_name,144.53,,
fronius,2025-05-10,ab8e0174-0a82-4a59-ac40-c1483f459dd3,SW29-8-11-w4,e7b66537-5eac-4c20-801d-08a67f87d555,Symo Advanced 24.0-3 480 (2),,,24.0,parsed_from_inverter_name,181.53,,
fronius,2025-05-11,ab8e0174-0a82-4a59-ac40-c1483f459dd3,SW29-8-11-w4,3629dfdf-2086-4705-9e86-786da30d335e,Symo Advanced 24.0-3 480 (1),,,24.0,parsed_from_inverter_name,119.31,,
fronius,2025-05-11,ab8e0174-0a82-4a59-ac40-c1483f459dd3,SW29-8-11-w4,e7b66537-5eac-4c20-801d-08a67f87d555,Symo Advanced 24.0-3 480 (2),,,24.0,parsed_from_inverter_name,154.9,,
fronius,2025-05-12,ab8e0174-0a82-4a59-ac40-c1483f459dd3,SW29-8-11-w4,3629dfdf-2086-4705-9e86-786da30d335e,Symo Advanced 24.0-3 480 (1),,,24.0,parsed_from_inverter_name,138.61,,
fronius,2025-05-12,ab8e0174-0a82-4a59-ac40-c1483f459dd3,SW29-8-11-w4,e7b66537-5eac-4c20-801d-08a67f87d555,Symo Advanced 24.0-3 480 (2),,,24.0,parsed_from_inverter_name,163.83,,
fronius,2025-05-13,ab8e0174-0a82-4a59-ac40-c1483f459dd3,SW29-8-11-w4,3629dfdf-2086-4705-9e86-786da30d335e,Symo Advanced 24.0-3 480 (1),,,24.0,parsed_from_inverter_name,127.43,,
fronius,2025-05-13,ab8e0174-0a82-4a59-ac40-c1483f459dd3,SW29-8-11-w4,e7b66537-5eac-4c20-801d-08a67f87d555,Symo Advanced 24.0-3 480 (2),,,24.0,parsed_from_inverter_name,155.73,,
fronius,2025-05-14,ab8e0174-0a82-4a59-ac40-c1483f459dd3,SW29-8-11-w4,3629dfdf-2086-4705-9e86-786da30d335e,Symo Advanced 24.0-3 480 (1),,,24.0,parsed_from_inverter_name,113.49,,
fronius,2025-05-14,ab8e0174-0a82-4a59-ac40-c1483f459dd3,SW29-8-11-w4,e7b66537-5eac-4c20-801d-08a67f87d555,Symo Advanced 24.0-3 480 (2),,,24.0,parsed_from_inverter_name,152.12,,
fronius,2025-05-15,ab8e0174-0a82-4a59-ac40-c1483f459dd3,SW29-8-11-w4,3629dfdf-2086-4705-9e86-786da30d335e,Symo Advanced 24.0-3 480 (1),,,24.0,parsed_from_inverter_name,57.79,,
fronius,2025-05-15,ab8e0174-0a82-4a59-ac40-c1483f459dd3,SW29-8-11-w4,e7b66537-5eac-4c20-801d-08a67f87d555,Symo Advanced 24.0-3 480 (2),,,24.0,parsed_from_inverter_name,77.66,,
fronius,2025-05-16,ab8e0174-0a82-4a59-ac40-c1483f459dd3,SW29-8-11-w4,3629dfdf-2086-4705-9e86-786da30d335e,Symo Advanced 24.0-3 480 (1),,,24.0,parsed_from_inverter_name,155.19,,
fronius,2025-05-16,ab8e0174-0a82-4a59-ac40-c1483f459dd3,SW29-8-11-w4,e7b66537-5eac-4c20-801d-08a67f87d555,Symo Advanced 24.0-3 480 (2),,,24.0,parsed_from_inverter_name,177.84,,
fronius,2025-05-17,ab8e0174-0a82-4a59-ac40-c1483f459dd3,SW29-8-11-w4,3629dfdf-2086-4705-9e86-786da30d335e,Symo Advanced 24.0-3 480 (1),,,24.0,parsed_from_inverter_name,113.79,,
fronius,2025-05-17,ab8e0174-0a82-4a59-ac40-c1483f459dd3,SW29-8-11-w4,e7b66537-5eac-4c20-801d-08a67f87d555,Symo Advanced 24.0-3 480 (2),,,24.0,parsed_from_inverter_name,138.53,,
fronius,2025-05-18,ab8e0174-0a82-4a59-ac40-c1483f459dd3,SW29-8-11-w4,3629dfdf-2086-4705-9e86-786da30d335e,Symo Advanced 24.0-3 480 (1),,,24.0,parsed_from_inverter_name,48.53,,
fronius,2025-05-18,ab8e0174-0a82-4a59-ac40-c1483f459dd3,SW29-8-11-w4,e7b66537-5eac-4c20-801d-08a67f87d555,Symo Advanced 24.0-3 480 (2),,,24.0,parsed_from_inverter_name,65.59,,
fronius,2025-05-19,ab8e0174-0a82-4a59-ac40-c1483f459dd3,SW29-8-11-w4,3629dfdf-2086-4705-9e86-786da30d335e,Symo Advanced 24.0-3 480 (1),,,24.0,parsed_from_inverter_name,116.2,,
fronius,2025-05-19,ab8e0174-0a82-4a59-ac40-c1483f459dd3,SW29-8-11-w4,e7b66537-5eac-4c20-801d-08a67f87d555,Symo Advanced 24.0-3 480 (2),,,24.0,parsed_from_inverter_name,134.75,,
fronius,2025-05-20,ab8e0174-0a82-4a59-ac40-c1483f459dd3,SW29-8-11-w4,3629dfdf-2086-4705-9e86-786da30d335e,Symo Advanced 24.0-3 480 (1),,,24.0,parsed_from_inverter_name,142.87,,
fronius,2025-05-20,ab8e0174-0a82-4a59-ac40-c1483f459dd3,SW29-8-11-w4,e7b66537-5eac-4c20-801d-08a67f87d555,Symo Advanced 24.0-3 480 (2),,,24.0,parsed_from_inverter_name,168.73,,
fronius,2025-05-21,ab8e0174-0a82-4a59-ac40-c1483f459dd3,SW29-8-11-w4,3629dfdf-2086-4705-9e86-786da30d335e,Symo Advanced 24.0-3 480 (1),,,24.0,parsed_from_inverter_name,129.71,,
fronius,2025-05-21,ab8e0174-0a82-4a59-ac40-c1483f459dd3,SW29-8-11-w4,e7b66537-5eac-4c20-801d-08a67f87d555,Symo Advanced 24.0-3 480 (2),,,24.0,parsed_from_inverter_name,158.41,,
fronius,2025-05-22,ab8e0174-0a82-4a59-ac40-c1483f459dd3,SW29-8-11-w4,3629dfdf-2086-4705-9e86-786da30d335e,Symo Advanced 24.0-3 480 (1),,,24.0,parsed_from_inverter_name,145.83,,
fronius,2025-05-22,ab8e0174-0a82-4a59-ac40-c1483f459dd3,SW29-8-11-w4,e7b66537-5eac-4c20-801d-08a67f87d555,Symo Advanced 24.0-3 480 (2),,,24.0,parsed_from_inverter_name,182.15,,
fronius,2025-05-23,ab8e0174-0a82-4a59-ac40-c1483f459dd3,SW29-8-11-w4,3629dfdf-2086-4705-9e86-786da30d335e,Symo Advanced 24.0-3 480 (1),,,24.0,parsed_from_inverter_name,67.57,,
fronius,2025-05-23,ab8e0174-0a82-4a59-ac40-c1483f459dd3,SW29-8-11-w4,e7b66537-5eac-4c20-801d-08a67f87d555,Symo Advanced 24.0-3 480 (2),,,24.0,parsed_from_inverter_name,91.33,,
fronius,2025-05-24,ab8e0174-0a82-4a59-ac40-c1483f459dd3,SW29-8-11-w4,3629dfdf-2086-4705-9e86-786da30d335e,Symo Advanced 24.0-3 480 (1),,,24.0,parsed_from_inverter_name,163.54,,
fronius,2025-05-24,ab8e0174-0a82-4a59-ac40-c1483f459dd3,SW29-8-11-w4,e7b66537-5eac-4c20-801d-08a67f87d555,Symo Advanced 24.0-3 480 (2),,,24.0,parsed_from_inverter_name,195.59,,
fronius,2025-05-25,ab8e0174-0a82-4a59-ac40-c1483f459dd3,SW29-8-11-w4,3629dfdf-2086-4705-9e86-786da30d335e,Symo Advanced 24.0-3 480 (1),,,24.0,parsed_from_inverter_name,184.28,,
fronius,2025-05-25,ab8e0174-0a82-4a59-ac40-c1483f459dd3,SW29-8-11-w4,e7b66537-5eac-4c20-801d-08a67f87d555,Symo Advanced 24.0-3 480 (2),,,24.0,parsed_from_inverter_name,213.52,,
fronius,2025-05-26,ab8e0174-0a82-4a59-ac40-c1483f459dd3,SW29-8-11-w4,3629dfdf-2086-4705-9e86-786da30d335e,Symo Advanced 24.0-3 480 (1),,,24.0,parsed_from_inverter_name,171.04,,
fronius,2025-05-26,ab8e0174-0a82-4a59-ac40-c1483f459dd3,SW29-8-11-w4,e7b66537-5eac-4c20-801d-08a67f87d555,Symo Advanced 24.0-3 480 (2),,,24.0,parsed_from_inverter_name,201.73,,
fronius,2025-05-27,ab8e0174-0a82-4a59-ac40-c1483f459dd3,SW29-8-11-w4,3629dfdf-2086-4705-9e86-786da30d335e,Symo Advanced 24.0-3 480 (1),,,24.0,parsed_from_inverter_name,181.99,,
fronius,2025-05-27,ab8e0174-0a82-4a59-ac40-c1483f459dd3,SW29-8-11-w4,e7b66537-5eac-4c20-801d-08a67f87d555,Symo Advanced 24.0-3 480 (2),,,24.0,parsed_from_inverter_name,213.75,,
fronius,2025-05-28,ab8e0174-0a82-4a59-ac40-c1483f459dd3,SW29-8-11-w4,3629dfdf-2086-4705-9e86-786da30d335e,Symo Advanced 24.0-3 480 (1),,,24.0,parsed_from_inverter_name,64.81,,
fronius,2025-05-28,ab8e0174-0a82-4a59-ac40-c1483f459dd3,SW29-8-11-w4,e7b66537-5eac-4c20-801d-08a67f87d555,Symo Advanced 24.0-3 480 (2),,,24.0,parsed_from_inverter_name,205.33,,
fronius,2025-05-29,ab8e0174-0a82-4a59-ac40-c1483f459dd3,SW29-8-11-w4,3629dfdf-2086-4705-9e86-786da30d335e,Symo Advanced 24.0-3 480 (1),,,24.0,parsed_from_inverter_name,182.38,,
fronius,2025-05-29,ab8e0174-0a82-4a59-ac40-c1483f459dd3,SW29-8-11-w4,e7b66537-5eac-4c20-801d-08a67f87d555,Symo Advanced 24.0-3 480 (2),,,24.0,parsed_from_inverter_name,215.02,,
fronius,2025-05-30,ab8e0174-0a82-4a59-ac40-c1483f459dd3,SW29-8-11-w4,3629dfdf-2086-4705-9e86-786da30d335e,Symo Advanced 24.0-3 480 (1),,,24.0,parsed_from_inverter_name,184.61,,
fronius,2025-05-30,ab8e0174-0a82-4a59-ac40-c1483f459dd3,SW29-8-11-w4,e7b66537-5eac-4c20-801d-08a67f87d555,Symo Advanced 24.0-3 480 (2),,,24.0,parsed_from_inverter_name,215.49,,
fronius,2025-05-31,ab8e0174-0a82-4a59-ac40-c1483f459dd3,SW29-8-11-w4,3629dfdf-2086-4705-9e86-786da30d335e,Symo Advanced 24.0-3 480 (1),,,24.0,parsed_from_inverter_name,160.31,,
fronius,2025-05-31,ab8e0174-0a82-4a59-ac40-c1483f459dd3,SW29-8-11-w4,e7b66537-5eac-4c20-801d-08a67f87d555,Symo Advanced 24.0-3 480 (2),,,24.0,parsed_from_inverter_name,198.44,,
fronius,2025-06-01,ab8e0174-0a82-4a59-ac40-c1483f459dd3,SW29-8-11-w4,3629dfdf-2086-4705-9e86-786da30d335e,Symo Advanced 24.0-3 480 (1),,,24.0,parsed_from_inverter_name,180.17,,
fronius,2025-06-01,ab8e0174-0a82-4a59-ac40-c1483f459dd3,SW29-8-11-w4,e7b66537-5eac-4c20-801d-08a67f87d555,Symo Advanced 24.0-3 480 (2),,,24.0,parsed_from_inverter_name,208.65,,
fronius,2025-06-02,ab8e0174-0a82-4a59-ac40-c1483f459dd3,SW29-8-11-w4,3629dfdf-2086-4705-9e86-786da30d335e,Symo Advanced 24.0-3 480 (1),,,24.0,parsed_from_inverter_name,105.37,,
fronius,2025-06-02,ab8e0174-0a82-4a59-ac40-c1483f459dd3,SW29-8-11-w4,e7b66537-5eac-4c20-801d-08a67f87d555,Symo Advanced 24.0-3 480 (2),,,24.0,parsed_from_inverter_name,129.66,,
fronius,2025-06-03,ab8e0174-0a82-4a59-ac40-c1483f459dd3,SW29-8-11-w4,3629dfdf-2086-4705-9e86-786da30d335e,Symo Advanced 24.0-3 480 (1),,,24.0,parsed_from_inverter_name,136.51,,
fronius,2025-06-03,ab8e0174-0a82-4a59-ac40-c1483f459dd3,SW29-8-11-w4,e7b66537-5eac-4c20-801d-08a67f87d555,Symo Advanced 24.0-3 480 (2),,,24.0,parsed_from_inverter_name,162.34,,
fronius,2025-06-04,ab8e0174-0a82-4a59-ac40-c1483f459dd3,SW29-8-11-w4,3629dfdf-2086-4705-9e86-786da30d335e,Symo Advanced 24.0-3 480 (1),,,24.0,parsed_from_inverter_name,146.73,,
fronius,2025-06-04,ab8e0174-0a82-4a59-ac40-c1483f459dd3,SW29-8-11-w4,e7b66537-5eac-4c20-801d-08a67f87d555,Symo Advanced 24.0-3 480 (2),,,24.0,parsed_from_inverter_name,211.95,,
fronius,2025-06-05,ab8e0174-0a82-4a59-ac40-c1483f459dd3,SW29-8-11-w4,3629dfdf-2086-4705-9e86-786da30d335e,Symo Advanced 24.0-3 480 (1),,,24.0,parsed_from_inverter_name,169.68,,
fronius,2025-06-05,ab8e0174-0a82-4a59-ac40-c1483f459dd3,SW29-8-11-w4,e7b66537-5eac-4c20-801d-08a67f87d555,Symo Advanced 24.0-3 480 (2),,,24.0,parsed_from_inverter_name,199.69,,
fronius,2025-06-06,ab8e0174-0a82-4a59-ac40-c1483f459dd3,SW29-8-11-w4,3629dfdf-2086-4705-9e86-786da30d335e,Symo Advanced 24.0-3 480 (1),,,24.0,parsed_from_inverter_name,34.49,,
fronius,2025-06-06,ab8e0174-0a82-4a59-ac40-c1483f459dd3,SW29-8-11-w4,e7b66537-5eac-4c20-801d-08a67f87d555,Symo Advanced 24.0-3 480 (2),,,24.0,parsed_from_inverter_name,173.66,,
fronius,2025-06-07,ab8e0174-0a82-4a59-ac40-c1483f459dd3,SW29-8-11-w4,3629dfdf-2086-4705-9e86-786da30d335e,Symo Advanced 24.0-3 480 (1),,,24.0,parsed_from_inverter_name,8.51,,
fronius,2025-06-07,ab8e0174-0a82-4a59-ac40-c1483f459dd3,SW29-8-11-w4,e7b66537-5eac-4c20-801d-08a67f87d555,Symo Advanced 24.0-3 480 (2),,,24.0,parsed_from_inverter_name,127.99,,
fronius,2025-06-08,ab8e0174-0a82-4a59-ac40-c1483f459dd3,SW29-8-11-w4,3629dfdf-2086-4705-9e86-786da30d335e,Symo Advanced 24.0-3 480 (1),,,24.0,parsed_from_inverter_name,181.09,,
fronius,2025-06-08,ab8e0174-0a82-4a59-ac40-c1483f459dd3,SW29-8-11-w4,e7b66537-5eac-4c20-801d-08a67f87d555,Symo Advanced 24.0-3 480 (2),,,24.0,parsed_from_inverter_name,213.43,,
fronius,2025-06-09,ab8e0174-0a82-4a59-ac40-c1483f459dd3,SW29-8-11-w4,3629dfdf-2086-4705-9e86-786da30d335e,Symo Advanced 24.0-3 480 (1),,,24.0,parsed_from_inverter_name,166.36,,
fronius,2025-06-09,ab8e0174-0a82-4a59-ac40-c1483f459dd3,SW29-8-11-w4,e7b66537-5eac-4c20-801d-08a67f87d555,Symo Advanced 24.0-3 480 (2),,,24.0,parsed_from_inverter_name,215.31,,
fronius,2025-06-10,ab8e0174-0a82-4a59-ac40-c1483f459dd3,SW29-8-11-w4,3629dfdf-2086-4705-9e86-786da30d335e,Symo Advanced 24.0-3 480 (1),,,24.0,parsed_from_inverter_name,176.33,,
fronius,2025-06-10,ab8e0174-0a82-4a59-ac40-c1483f459dd3,SW29-8-11-w4,e7b66537-5eac-4c20-801d-08a67f87d555,Symo Advanced 24.0-3 480 (2),,,24.0,parsed_from_inverter_name,214.05,,
fronius,2025-06-11,ab8e0174-0a82-4a59-ac40-c1483f459dd3,SW29-8-11-w4,3629dfdf-2086-4705-9e86-786da30d335e,Symo Advanced 24.0-3 480 (1),,,24.0,parsed_from_inverter_name,163.55,,
fronius,2025-06-11,ab8e0174-0a82-4a59-ac40-c1483f459dd3,SW29-8-11-w4,e7b66537-5eac-4c20-801d-08a67f87d555,Symo Advanced 24.0-3 480 (2),,,24.0,parsed_from_inverter_name,197.01,,
fronius,2025-06-12,ab8e0174-0a82-4a59-ac40-c1483f459dd3,SW29-8-11-w4,3629dfdf-2086-4705-9e86-786da30d335e,Symo Advanced 24.0-3 480 (1),,,24.0,parsed_from_inverter_name,42.7,,
fronius,2025-06-12,ab8e0174-0a82-4a59-ac40-c1483f459dd3,SW29-8-11-w4,e7b66537-5eac-4c20-801d-08a67f87d555,Symo Advanced 24.0-3 480 (2),,,24.0,parsed_from_inverter_name,57.83,,
fronius,2025-06-13,ab8e0174-0a82-4a59-ac40-c1483f459dd3,SW29-8-11-w4,3629dfdf-2086-4705-9e86-786da30d335e,Symo Advanced 24.0-3 480 (1),,,24.0,parsed_from_inverter_name,138.42,,
fronius,2025-06-13,ab8e0174-0a82-4a59-ac40-c1483f459dd3,SW29-8-11-w4,e7b66537-5eac-4c20-801d-08a67f87d555,Symo Advanced 24.0-3 480 (2),,,24.0,parsed_from_inverter_name,167.8,,
fronius,2025-06-14,ab8e0174-0a82-4a59-ac40-c1483f459dd3,SW29-8-11-w4,3629dfdf-2086-4705-9e86-786da30d335e,Symo Advanced 24.0-3 480 (1),,,24.0,parsed_from_inverter_name,177.04,,
fronius,2025-06-14,ab8e0174-0a82-4a59-ac40-c1483f459dd3,SW29-8-11-w4,e7b66537-5eac-4c20-801d-08a67f87d555,Symo Advanced 24.0-3 480 (2),,,24.0,parsed_from_inverter_name,206.92,,
fronius,2025-06-15,ab8e0174-0a82-4a59-ac40-c1483f459dd3,SW29-8-11-w4,3629dfdf-2086-4705-9e86-786da30d335e,Symo Advanced 24.0-3 480 (1),,,24.0,parsed_from_inverter_name,162.69,,
fronius,2025-06-15,ab8e0174-0a82-4a59-ac40-c1483f459dd3,SW29-8-11-w4,e7b66537-5eac-4c20-801d-08a67f87d555,Symo Advanced 24.0-3 480 (2),,,24.0,parsed_from_inverter_name,207.88,,
fronius,2025-06-16,ab8e0174-0a82-4a59-ac40-c1483f459dd3,SW29-8-11-w4,3629dfdf-2086-4705-9e86-786da30d335e,Symo Advanced 24.0-3 480 (1),,,24.0,parsed_from_inverter_name,179.55,,
fronius,2025-06-16,ab8e0174-0a82-4a59-ac40-c1483f459dd3,SW29-8-11-w4,e7b66537-5eac-4c20-801d-08a67f87d555,Symo Advanced 24.0-3 480 (2),,,24.0,parsed_from_inverter_name,217.87,,
fronius,2025-06-17,ab8e0174-0a82-4a59-ac40-c1483f459dd3,SW29-8-11-w4,3629dfdf-2086-4705-9e86-786da30d335e,Symo Advanced 24.0-3 480 (1),,,24.0,parsed_from_inverter_name,135.57,,
fronius,2025-06-17,ab8e0174-0a82-4a59-ac40-c1483f459dd3,SW29-8-11-w4,e7b66537-5eac-4c20-801d-08a67f87d555,Symo Advanced 24.0-3 480 (2),,,24.0,parsed_from_inverter_name,209.95,,
fronius,2025-06-18,ab8e0174-0a82-4a59-ac40-c1483f459dd3,SW29-8-11-w4,3629dfdf-2086-4705-9e86-786da30d335e,Symo Advanced 24.0-3 480 (1),,,24.0,parsed_from_inverter_name,59.33,,
fronius,2025-06-18,ab8e0174-0a82-4a59-ac40-c1483f459dd3,SW29-8-11-w4,e7b66537-5eac-4c20-801d-08a67f87d555,Symo Advanced 24.0-3 480 (2),,,24.0,parsed_from_inverter_name,206.04,,
fronius,2025-06-19,ab8e0174-0a82-4a59-ac40-c1483f459dd3,SW29-8-11-w4,3629dfdf-2086-4705-9e86-786da30d335e,Symo Advanced 24.0-3 480 (1),,,24.0,parsed_from_inverter_name,184.88,,
fronius,2025-06-19,ab8e0174-0a82-4a59-ac40-c1483f459dd3,SW29-8-11-w4,e7b66537-5eac-4c20-801d-08a67f87d555,Symo Advanced 24.0-3 480 (2),,,24.0,parsed_from_inverter_name,218.52,,
fronius,2025-06-20,ab8e0174-0a82-4a59-ac40-c1483f459dd3,SW29-8-11-w4,3629dfdf-2086-4705-9e86-786da30d335e,Symo Advanced 24.0-3 480 (1),,,24.0,parsed_from_inverter_name,25.49,,
fronius,2025-06-20,ab8e0174-0a82-4a59-ac40-c1483f459dd3,SW29-8-11-w4,e7b66537-5eac-4c20-801d-08a67f87d555,Symo Advanced 24.0-3 480 (2),,,24.0,parsed_from_inverter_name,38.78,,
fronius,2025-06-21,ab8e0174-0a82-4a59-ac40-c1483f459dd3,SW29-8-11-w4,3629dfdf-2086-4705-9e86-786da30d335e,Symo Advanced 24.0-3 480 (1),,,24.0,parsed_from_inverter_name,55.03,,
fronius,2025-06-21,ab8e0174-0a82-4a59-ac40-c1483f459dd3,SW29-8-11-w4,e7b66537-5eac-4c20-801d-08a67f87d555,Symo Advanced 24.0-3 480 (2),,,24.0,parsed_from_inverter_name,81.97,,
fronius,2025-06-22,ab8e0174-0a82-4a59-ac40-c1483f459dd3,SW29-8-11-w4,3629dfdf-2086-4705-9e86-786da30d335e,Symo Advanced 24.0-3 480 (1),,,24.0,parsed_from_inverter_name,58.05,,
fronius,2025-06-22,ab8e0174-0a82-4a59-ac40-c1483f459dd3,SW29-8-11-w4,e7b66537-5eac-4c20-801d-08a67f87d555,Symo Advanced 24.0-3 480 (2),,,24.0,parsed_from_inverter_name,77.68,,
fronius,2025-06-23,ab8e0174-0a82-4a59-ac40-c1483f459dd3,SW29-8-11-w4,3629dfdf-2086-4705-9e86-786da30d335e,Symo Advanced 24.0-3 480 (1),,,24.0,parsed_from_inverter_name,173.96,,
fronius,2025-06-23,ab8e0174-0a82-4a59-ac40-c1483f459dd3,SW29-8-11-w4,e7b66537-5eac-4c20-801d-08a67f87d555,Symo Advanced 24.0-3 480 (2),,,24.0,parsed_from_inverter_name,200.69,,
fronius,2025-06-24,ab8e0174-0a82-4a59-ac40-c1483f459dd3,SW29-8-11-w4,3629dfdf-2086-4705-9e86-786da30d335e,Symo Advanced 24.0-3 480 (1),,,24.0,parsed_from_inverter_name,175.75,,
fronius,2025-06-24,ab8e0174-0a82-4a59-ac40-c1483f459dd3,SW29-8-11-w4,e7b66537-5eac-4c20-801d-08a67f87d555,Symo Advanced 24.0-3 480 (2),,,24.0,parsed_from_inverter_name,212.29,,
fronius,2025-06-25,ab8e0174-0a82-4a59-ac40-c1483f459dd3,SW29-8-11-w4,3629dfdf-2086-4705-9e86-786da30d335e,Symo Advanced 24.0-3 480 (1),,,24.0,parsed_from_inverter_name,141.19,,
fronius,2025-06-25,ab8e0174-0a82-4a59-ac40-c1483f459dd3,SW29-8-11-w4,e7b66537-5eac-4c20-801d-08a67f87d555,Symo Advanced 24.0-3 480 (2),,,24.0,parsed_from_inverter_name,215.14,,
fronius,2025-06-26,ab8e0174-0a82-4a59-ac40-c1483f459dd3,SW29-8-11-w4,3629dfdf-2086-4705-9e86-786da30d335e,Symo Advanced 24.0-3 480 (1),,,24.0,parsed_from_inverter_name,148.54,,
fronius,2025-06-26,ab8e0174-0a82-4a59-ac40-c1483f459dd3,SW29-8-11-w4,e7b66537-5eac-4c20-801d-08a67f87d555,Symo Advanced 24.0-3 480 (2),,,24.0,parsed_from_inverter_name,187.49,,
fronius,2025-06-27,ab8e0174-0a82-4a59-ac40-c1483f459dd3,SW29-8-11-w4,3629dfdf-2086-4705-9e86-786da30d335e,Symo Advanced 24.0-3 480 (1),,,24.0,parsed_from_inverter_name,52.31,,
fronius,2025-06-27,ab8e0174-0a82-4a59-ac40-c1483f459dd3,SW29-8-11-w4,e7b66537-5eac-4c20-801d-08a67f87d555,Symo Advanced 24.0-3 480 (2),,,24.0,parsed_from_inverter_name,201.57,,
fronius,2025-06-28,ab8e0174-0a82-4a59-ac40-c1483f459dd3,SW29-8-11-w4,3629dfdf-2086-4705-9e86-786da30d335e,Symo Advanced 24.0-3 480 (1),,,24.0,parsed_from_inverter_name,153.92,,
fronius,2025-06-28,ab8e0174-0a82-4a59-ac40-c1483f459dd3,SW29-8-11-w4,e7b66537-5eac-4c20-801d-08a67f87d555,Symo Advanced 24.0-3 480 (2),,,24.0,parsed_from_inverter_name,183.91,,
fronius,2025-06-29,ab8e0174-0a82-4a59-ac40-c1483f459dd3,SW29-8-11-w4,3629dfdf-2086-4705-9e86-786da30d335e,Symo Advanced 24.0-3 480 (1),,,24.0,parsed_from_inverter_name,175.73,,
fronius,2025-06-29,ab8e0174-0a82-4a59-ac40-c1483f459dd3,SW29-8-11-w4,e7b66537-5eac-4c20-801d-08a67f87d555,Symo Advanced 24.0-3 480 (2),,,24.0,parsed_from_inverter_name,206.18,,
fronius,2025-06-30,ab8e0174-0a82-4a59-ac40-c1483f459dd3,SW29-8-11-w4,3629dfdf-2086-4705-9e86-786da30d335e,Symo Advanced 24.0-3 480 (1),,,24.0,parsed_from_inverter_name,182.04,,
fronius,2025-06-30,ab8e0174-0a82-4a59-ac40-c1483f459dd3,SW29-8-11-w4,e7b66537-5eac-4c20-801d-08a67f87d555,Symo Advanced 24.0-3 480 (2),,,24.0,parsed_from_inverter_name,215.6,,
fronius,2025-07-01,ab8e0174-0a82-4a59-ac40-c1483f459dd3,SW29-8-11-w4,e7b66537-5eac-4c20-801d-08a67f87d555,Symo Advanced 24.0-3 480 (2),,,24.0,parsed_from_inverter_name,213.98,,
fronius,2025-07-02,ab8e0174-0a82-4a59-ac40-c1483f459dd3,SW29-8-11-w4,3629dfdf-2086-4705-9e86-786da30d335e,Symo Advanced 24.0-3 480 (1),,,24.0,parsed_from_inverter_name,152.92,,
fronius,2025-07-02,ab8e0174-0a82-4a59-ac40-c1483f459dd3,SW29-8-11-w4,e7b66537-5eac-4c20-801d-08a67f87d555,Symo Advanced 24.0-3 480 (2),,,24.0,parsed_from_inverter_name,194.64,,
fronius,2025-07-03,ab8e0174-0a82-4a59-ac40-c1483f459dd3,SW29-8-11-w4,e7b66537-5eac-4c20-801d-08a67f87d555,Symo Advanced 24.0-3 480 (2),,,24.0,parsed_from_inverter_name,216.35,,
fronius,2025-07-04,ab8e0174-0a82-4a59-ac40-c1483f459dd3,SW29-8-11-w4,e7b66537-5eac-4c20-801d-08a67f87d555,Symo Advanced 24.0-3 480 (2),,,24.0,parsed_from_inverter_name,203.65,,
fronius,2025-07-05,ab8e0174-0a82-4a59-ac40-c1483f459dd3,SW29-8-11-w4,e7b66537-5eac-4c20-801d-08a67f87d555,Symo Advanced 24.0-3 480 (2),,,24.0,parsed_from_inverter_name,82.05,,
fronius,2025-07-06,ab8e0174-0a82-4a59-ac40-c1483f459dd3,SW29-8-11-w4,3629dfdf-2086-4705-9e86-786da30d335e,Symo Advanced 24.0-3 480 (1),,,24.0,parsed_from_inverter_name,97.79,,
fronius,2025-07-06,ab8e0174-0a82-4a59-ac40-c1483f459dd3,SW29-8-11-w4,e7b66537-5eac-4c20-801d-08a67f87d555,Symo Advanced 24.0-3 480 (2),,,24.0,parsed_from_inverter_name,167.07,,
fronius,2025-07-07,ab8e0174-0a82-4a59-ac40-c1483f459dd3,SW29-8-11-w4,3629dfdf-2086-4705-9e86-786da30d335e,Symo Advanced 24.0-3 480 (1),,,24.0,parsed_from_inverter_name,69.34,,
fronius,2025-07-07,ab8e0174-0a82-4a59-ac40-c1483f459dd3,SW29-8-11-w4,e7b66537-5eac-4c20-801d-08a67f87d555,Symo Advanced 24.0-3 480 (2),,,24.0,parsed_from_inverter_name,205.77,,
fronius,2025-07-08,ab8e0174-0a82-4a59-ac40-c1483f459dd3,SW29-8-11-w4,3629dfdf-2086-4705-9e86-786da30d335e,Symo Advanced 24.0-3 480 (1),,,24.0,parsed_from_inverter_name,4.25,,
fronius,2025-07-08,ab8e0174-0a82-4a59-ac40-c1483f459dd3,SW29-8-11-w4,e7b66537-5eac-4c20-801d-08a67f87d555,Symo Advanced 24.0-3 480 (2),,,24.0,parsed_from_inverter_name,213.37,,
fronius,2025-07-09,ab8e0174-0a82-4a59-ac40-c1483f459dd3,SW29-8-11-w4,3629dfdf-2086-4705-9e86-786da30d335e,Symo Advanced 24.0-3 480 (1),,,24.0,parsed_from_inverter_name,168.02,,
fronius,2025-07-09,ab8e0174-0a82-4a59-ac40-c1483f459dd3,SW29-8-11-w4,e7b66537-5eac-4c20-801d-08a67f87d555,Symo Advanced 24.0-3 480 (2),,,24.0,parsed_from_inverter_name,198.56,,
fronius,2025-07-10,ab8e0174-0a82-4a59-ac40-c1483f459dd3,SW29-8-11-w4,3629dfdf-2086-4705-9e86-786da30d335e,Symo Advanced 24.0-3 480 (1),,,24.0,parsed_from_inverter_name,26.74,,
fronius,2025-07-10,ab8e0174-0a82-4a59-ac40-c1483f459dd3,SW29-8-11-w4,e7b66537-5eac-4c20-801d-08a67f87d555,Symo Advanced 24.0-3 480 (2),,,24.0,parsed_from_inverter_name,102.04,,
fronius,2025-07-11,ab8e0174-0a82-4a59-ac40-c1483f459dd3,SW29-8-11-w4,3629dfdf-2086-4705-9e86-786da30d335e,Symo Advanced 24.0-3 480 (1),,,24.0,parsed_from_inverter_name,58.5,,
fronius,2025-07-11,ab8e0174-0a82-4a59-ac40-c1483f459dd3,SW29-8-11-w4,e7b66537-5eac-4c20-801d-08a67f87d555,Symo Advanced 24.0-3 480 (2),,,24.0,parsed_from_inverter_name,211.71,,
fronius,2025-07-12,ab8e0174-0a82-4a59-ac40-c1483f459dd3,SW29-8-11-w4,3629dfdf-2086-4705-9e86-786da30d335e,Symo Advanced 24.0-3 480 (1),,,24.0,parsed_from_inverter_name,48.55,,
fronius,2025-07-12,ab8e0174-0a82-4a59-ac40-c1483f459dd3,SW29-8-11-w4,e7b66537-5eac-4c20-801d-08a67f87d555,Symo Advanced 24.0-3 480 (2),,,24.0,parsed_from_inverter_name,198.95,,
fronius,2025-07-13,ab8e0174-0a82-4a59-ac40-c1483f459dd3,SW29-8-11-w4,3629dfdf-2086-4705-9e86-786da30d335e,Symo Advanced 24.0-3 480 (1),,,24.0,parsed_from_inverter_name,157.84,,
fronius,2025-07-13,ab8e0174-0a82-4a59-ac40-c1483f459dd3,SW29-8-11-w4,e7b66537-5eac-4c20-801d-08a67f87d555,Symo Advanced 24.0-3 480 (2),,,24.0,parsed_from_inverter_name,196.16,,
fronius,2025-07-14,ab8e0174-0a82-4a59-ac40-c1483f459dd3,SW29-8-11-w4,e7b66537-5eac-4c20-801d-08a67f87d555,Symo Advanced 24.0-3 480 (2),,,24.0,parsed_from_inverter_name,31.03,,
fronius,2025-07-15,ab8e0174-0a82-4a59-ac40-c1483f459dd3,SW29-8-11-w4,e7b66537-5eac-4c20-801d-08a67f87d555,Symo Advanced 24.0-3 480 (2),,,24.0,parsed_from_inverter_name,107.01,,
fronius,2025-07-16,ab8e0174-0a82-4a59-ac40-c1483f459dd3,SW29-8-11-w4,3629dfdf-2086-4705-9e86-786da30d335e,Symo Advanced 24.0-3 480 (1),,,24.0,parsed_from_inverter_name,155.76,,
fronius,2025-07-16,ab8e0174-0a82-4a59-ac40-c1483f459dd3,SW29-8-11-w4,e7b66537-5eac-4c20-801d-08a67f87d555,Symo Advanced 24.0-3 480 (2),,,24.0,parsed_from_inverter_name,188.55,,
fronius,2025-07-17,ab8e0174-0a82-4a59-ac40-c1483f459dd3,SW29-8-11-w4,3629dfdf-2086-4705-9e86-786da30d335e,Symo Advanced 24.0-3 480 (1),,,24.0,parsed_from_inverter_name,56.2,,
fronius,2025-07-17,ab8e0174-0a82-4a59-ac40-c1483f459dd3,SW29-8-11-w4,e7b66537-5eac-4c20-801d-08a67f87d555,Symo Advanced 24.0-3 480 (2),,,24.0,parsed_from_inverter_name,100.8,,
fronius,2025-07-18,ab8e0174-0a82-4a59-ac40-c1483f459dd3,SW29-8-11-w4,3629dfdf-2086-4705-9e86-786da30d335e,Symo Advanced 24.0-3 480 (1),,,24.0,parsed_from_inverter_name,156.19,,
fronius,2025-07-18,ab8e0174-0a82-4a59-ac40-c1483f459dd3,SW29-8-11-w4,e7b66537-5eac-4c20-801d-08a67f87d555,Symo Advanced 24.0-3 480 (2),,,24.0,parsed_from_inverter_name,191.06,,
fronius,2025-07-19,ab8e0174-0a82-4a59-ac40-c1483f459dd3,SW29-8-11-w4,3629dfdf-2086-4705-9e86-786da30d335e,Symo Advanced 24.0-3 480 (1),,,24.0,parsed_from_inverter_name,97.64,,
fronius,2025-07-19,ab8e0174-0a82-4a59-ac40-c1483f459dd3,SW29-8-11-w4,e7b66537-5eac-4c20-801d-08a67f87d555,Symo Advanced 24.0-3 480 (2),,,24.0,parsed_from_inverter_name,150.14,,
fronius,2025-07-20,ab8e0174-0a82-4a59-ac40-c1483f459dd3,SW29-8-11-w4,3629dfdf-2086-4705-9e86-786da30d335e,Symo Advanced 24.0-3 480 (1),,,24.0,parsed_from_inverter_name,166.26,,
fronius,2025-07-20,ab8e0174-0a82-4a59-ac40-c1483f459dd3,SW29-8-11-w4,e7b66537-5eac-4c20-801d-08a67f87d555,Symo Advanced 24.0-3 480 (2),,,24.0,parsed_from_inverter_name,195.53,,
fronius,2025-07-21,ab8e0174-0a82-4a59-ac40-c1483f459dd3,SW29-8-11-w4,3629dfdf-2086-4705-9e86-786da30d335e,Symo Advanced 24.0-3 480 (1),,,24.0,parsed_from_inverter_name,24.74,,
fronius,2025-07-21,ab8e0174-0a82-4a59-ac40-c1483f459dd3,SW29-8-11-w4,e7b66537-5eac-4c20-801d-08a67f87d555,Symo Advanced 24.0-3 480 (2),,,24.0,parsed_from_inverter_name,76.76,,
fronius,2025-07-22,ab8e0174-0a82-4a59-ac40-c1483f459dd3,SW29-8-11-w4,3629dfdf-2086-4705-9e86-786da30d335e,Symo Advanced 24.0-3 480 (1),,,24.0,parsed_from_inverter_name,28.48,,
fronius,2025-07-22,ab8e0174-0a82-4a59-ac40-c1483f459dd3,SW29-8-11-w4,e7b66537-5eac-4c20-801d-08a67f87d555,Symo Advanced 24.0-3 480 (2),,,24.0,parsed_from_inverter_name,38.72,,
fronius,2025-07-23,ab8e0174-0a82-4a59-ac40-c1483f459dd3,SW29-8-11-w4,3629dfdf-2086-4705-9e86-786da30d335e,Symo Advanced 24.0-3 480 (1),,,24.0,parsed_from_inverter_name,97.57,,
fronius,2025-07-23,ab8e0174-0a82-4a59-ac40-c1483f459dd3,SW29-8-11-w4,e7b66537-5eac-4c20-801d-08a67f87d555,Symo Advanced 24.0-3 480 (2),,,24.0,parsed_from_inverter_name,154.85,,
fronius,2025-07-24,ab8e0174-0a82-4a59-ac40-c1483f459dd3,SW29-8-11-w4,3629dfdf-2086-4705-9e86-786da30d335e,Symo Advanced 24.0-3 480 (1),,,24.0,parsed_from_inverter_name,177.56,,
fronius,2025-07-24,ab8e0174-0a82-4a59-ac40-c1483f459dd3,SW29-8-11-w4,e7b66537-5eac-4c20-801d-08a67f87d555,Symo Advanced 24.0-3 480 (2),,,24.0,parsed_from_inverter_name,211.08,,
fronius,2025-07-25,ab8e0174-0a82-4a59-ac40-c1483f459dd3,SW29-8-11-w4,3629dfdf-2086-4705-9e86-786da30d335e,Symo Advanced 24.0-3 480 (1),,,24.0,parsed_from_inverter_name,174.54,,
fronius,2025-07-25,ab8e0174-0a82-4a59-ac40-c1483f459dd3,SW29-8-11-w4,e7b66537-5eac-4c20-801d-08a67f87d555,Symo Advanced 24.0-3 480 (2),,,24.0,parsed_from_inverter_name,209.83,,
fronius,2025-07-26,ab8e0174-0a82-4a59-ac40-c1483f459dd3,SW29-8-11-w4,3629dfdf-2086-4705-9e86-786da30d335e,Symo Advanced 24.0-3 480 (1),,,24.0,parsed_from_inverter_name,159.29,,
fronius,2025-07-26,ab8e0174-0a82-4a59-ac40-c1483f459dd3,SW29-8-11-w4,e7b66537-5eac-4c20-801d-08a67f87d555,Symo Advanced 24.0-3 480 (2),,,24.0,parsed_from_inverter_name,195.32,,
fronius,2025-07-27,ab8e0174-0a82-4a59-ac40-c1483f459dd3,SW29-8-11-w4,3629dfdf-2086-4705-9e86-786da30d335e,Symo Advanced 24.0-3 480 (1),,,24.0,parsed_from_inverter_name,155.72,,
fronius,2025-07-27,ab8e0174-0a82-4a59-ac40-c1483f459dd3,SW29-8-11-w4,e7b66537-5eac-4c20-801d-08a67f87d555,Symo Advanced 24.0-3 480 (2),,,24.0,parsed_from_inverter_name,187.6,,
fronius,2025-07-28,ab8e0174-0a82-4a59-ac40-c1483f459dd3,SW29-8-11-w4,3629dfdf-2086-4705-9e86-786da30d335e,Symo Advanced 24.0-3 480 (1),,,24.0,parsed_from_inverter_name,57.61,,
fronius,2025-07-28,ab8e0174-0a82-4a59-ac40-c1483f459dd3,SW29-8-11-w4,e7b66537-5eac-4c20-801d-08a67f87d555,Symo Advanced 24.0-3 480 (2),,,24.0,parsed_from_inverter_name,134.78,,
fronius,2025-07-29,ab8e0174-0a82-4a59-ac40-c1483f459dd3,SW29-8-11-w4,e7b66537-5eac-4c20-801d-08a67f87d555,Symo Advanced 24.0-3 480 (2),,,24.0,parsed_from_inverter_name,203.64,,
fronius,2025-07-30,ab8e0174-0a82-4a59-ac40-c1483f459dd3,SW29-8-11-w4,3629dfdf-2086-4705-9e86-786da30d335e,Symo Advanced 24.0-3 480 (1),,,24.0,parsed_from_inverter_name,117.0,,
fronius,2025-07-30,ab8e0174-0a82-4a59-ac40-c1483f459dd3,SW29-8-11-w4,e7b66537-5eac-4c20-801d-08a67f87d555,Symo Advanced 24.0-3 480 (2),,,24.0,parsed_from_inverter_name,205.5,,
fronius,2025-07-31,ab8e0174-0a82-4a59-ac40-c1483f459dd3,SW29-8-11-w4,3629dfdf-2086-4705-9e86-786da30d335e,Symo Advanced 24.0-3 480 (1),,,24.0,parsed_from_inverter_name,168.57,,
fronius,2025-07-31,ab8e0174-0a82-4a59-ac40-c1483f459dd3,SW29-8-11-w4,e7b66537-5eac-4c20-801d-08a67f87d555,Symo Advanced 24.0-3 480 (2),,,24.0,parsed_from_inverter_name,201.08,,
fronius,2025-08-01,ab8e0174-0a82-4a59-ac40-c1483f459dd3,SW29-8-11-w4,3629dfdf-2086-4705-9e86-786da30d335e,Symo Advanced 24.0-3 480 (1),,,24.0,parsed_from_inverter_name,37.26,,
fronius,2025-08-01,ab8e0174-0a82-4a59-ac40-c1483f459dd3,SW29-8-11-w4,e7b66537-5eac-4c20-801d-08a67f87d555,Symo Advanced 24.0-3 480 (2),,,24.0,parsed_from_inverter_name,176.67,,
fronius,2025-08-02,ab8e0174-0a82-4a59-ac40-c1483f459dd3,SW29-8-11-w4,e7b66537-5eac-4c20-801d-08a67f87d555,Symo Advanced 24.0-3 480 (2),,,24.0,parsed_from_inverter_name,121.08,,
fronius,2025-08-03,ab8e0174-0a82-4a59-ac40-c1483f459dd3,SW29-8-11-w4,e7b66537-5eac-4c20-801d-08a67f87d555,Symo Advanced 24.0-3 480 (2),,,24.0,parsed_from_inverter_name,107.77,,
fronius,2025-08-04,ab8e0174-0a82-4a59-ac40-c1483f459dd3,SW29-8-11-w4,3629dfdf-2086-4705-9e86-786da30d335e,Symo Advanced 24.0-3 480 (1),,,24.0,parsed_from_inverter_name,75.17,,
fronius,2025-08-04,ab8e0174-0a82-4a59-ac40-c1483f459dd3,SW29-8-11-w4,e7b66537-5eac-4c20-801d-08a67f87d555,Symo Advanced 24.0-3 480 (2),,,24.0,parsed_from_inverter_name,120.24,,
fronius,2025-08-05,ab8e0174-0a82-4a59-ac40-c1483f459dd3,SW29-8-11-w4,e7b66537-5eac-4c20-801d-08a67f87d555,Symo Advanced 24.0-3 480 (2),,,24.0,parsed_from_inverter_name,143.66,,
fronius,2025-08-06,ab8e0174-0a82-4a59-ac40-c1483f459dd3,SW29-8-11-w4,e7b66537-5eac-4c20-801d-08a67f87d555,Symo Advanced 24.0-3 480 (2),,,24.0,parsed_from_inverter_name,183.37,,
fronius,2025-08-07,ab8e0174-0a82-4a59-ac40-c1483f459dd3,SW29-8-11-w4,3629dfdf-2086-4705-9e86-786da30d335e,Symo Advanced 24.0-3 480 (1),,,24.0,parsed_from_inverter_name,0.03,,
fronius,2025-08-07,ab8e0174-0a82-4a59-ac40-c1483f459dd3,SW29-8-11-w4,e7b66537-5eac-4c20-801d-08a67f87d555,Symo Advanced 24.0-3 480 (2),,,24.0,parsed_from_inverter_name,163.46,,
fronius,2025-08-08,ab8e0174-0a82-4a59-ac40-c1483f459dd3,SW29-8-11-w4,e7b66537-5eac-4c20-801d-08a67f87d555,Symo Advanced 24.0-3 480 (2),,,24.0,parsed_from_inverter_name,50.69,,
fronius,2025-08-09,ab8e0174-0a82-4a59-ac40-c1483f459dd3,SW29-8-11-w4,e7b66537-5eac-4c20-801d-08a67f87d555,Symo Advanced 24.0-3 480 (2),,,24.0,parsed_from_inverter_name,147.7,,
fronius,2025-08-10,ab8e0174-0a82-4a59-ac40-c1483f459dd3,SW29-8-11-w4,e7b66537-5eac-4c20-801d-08a67f87d555,Symo Advanced 24.0-3 480 (2),,,24.0,parsed_from_inverter_name,202.99,,
fronius,2025-08-11,ab8e0174-0a82-4a59-ac40-c1483f459dd3,SW29-8-11-w4,3629dfdf-2086-4705-9e86-786da30d335e,Symo Advanced 24.0-3 480 (1),,,24.0,parsed_from_inverter_name,111.62,,
fronius,2025-08-11,ab8e0174-0a82-4a59-ac40-c1483f459dd3,SW29-8-11-w4,e7b66537-5eac-4c20-801d-08a67f87d555,Symo Advanced 24.0-3 480 (2),,,24.0,parsed_from_inverter_name,139.94,,
fronius,2025-08-12,ab8e0174-0a82-4a59-ac40-c1483f459dd3,SW29-8-11-w4,3629dfdf-2086-4705-9e86-786da30d335e,Symo Advanced 24.0-3 480 (1),,,24.0,parsed_from_inverter_name,150.92,,
fronius,2025-08-12,ab8e0174-0a82-4a59-ac40-c1483f459dd3,SW29-8-11-w4,e7b66537-5eac-4c20-801d-08a67f87d555,Symo Advanced 24.0-3 480 (2),,,24.0,parsed_from_inverter_name,184.91,,
fronius,2025-08-13,ab8e0174-0a82-4a59-ac40-c1483f459dd3,SW29-8-11-w4,3629dfdf-2086-4705-9e86-786da30d335e,Symo Advanced 24.0-3 480 (1),,,24.0,parsed_from_inverter_name,157.12,,
fronius,2025-08-13,ab8e0174-0a82-4a59-ac40-c1483f459dd3,SW29-8-11-w4,e7b66537-5eac-4c20-801d-08a67f87d555,Symo Advanced 24.0-3 480 (2),,,24.0,parsed_from_inverter_name,190.08,,
fronius,2025-08-14,ab8e0174-0a82-4a59-ac40-c1483f459dd3,SW29-8-11-w4,3629dfdf-2086-4705-9e86-786da30d335e,Symo Advanced 24.0-3 480 (1),,,24.0,parsed_from_inverter_name,104.55,,
fronius,2025-08-14,ab8e0174-0a82-4a59-ac40-c1483f459dd3,SW29-8-11-w4,e7b66537-5eac-4c20-801d-08a67f87d555,Symo Advanced 24.0-3 480 (2),,,24.0,parsed_from_inverter_name,156.46,,
fronius,2025-08-15,ab8e0174-0a82-4a59-ac40-c1483f459dd3,SW29-8-11-w4,3629dfdf-2086-4705-9e86-786da30d335e,Symo Advanced 24.0-3 480 (1),,,24.0,parsed_from_inverter_name,110.88,,
fronius,2025-08-15,ab8e0174-0a82-4a59-ac40-c1483f459dd3,SW29-8-11-w4,e7b66537-5eac-4c20-801d-08a67f87d555,Symo Advanced 24.0-3 480 (2),,,24.0,parsed_from_inverter_name,153.25,,
fronius,2025-08-16,ab8e0174-0a82-4a59-ac40-c1483f459dd3,SW29-8-11-w4,3629dfdf-2086-4705-9e86-786da30d335e,Symo Advanced 24.0-3 480 (1),,,24.0,parsed_from_inverter_name,45.44,,
fronius,2025-08-16,ab8e0174-0a82-4a59-ac40-c1483f459dd3,SW29-8-11-w4,e7b66537-5eac-4c20-801d-08a67f87d555,Symo Advanced 24.0-3 480 (2),,,24.0,parsed_from_inverter_name,168.35,,
fronius,2025-08-17,ab8e0174-0a82-4a59-ac40-c1483f459dd3,SW29-8-11-w4,e7b66537-5eac-4c20-801d-08a67f87d555,Symo Advanced 24.0-3 480 (2),,,24.0,parsed_from_inverter_name,191.32,,
fronius,2025-08-18,ab8e0174-0a82-4a59-ac40-c1483f459dd3,SW29-8-11-w4,e7b66537-5eac-4c20-801d-08a67f87d555,Symo Advanced 24.0-3 480 (2),,,24.0,parsed_from_inverter_name,195.53,,
fronius,2025-08-19,ab8e0174-0a82-4a59-ac40-c1483f459dd3,SW29-8-11-w4,e7b66537-5eac-4c20-801d-08a67f87d555,Symo Advanced 24.0-3 480 (2),,,24.0,parsed_from_inverter_name,197.01,,
fronius,2025-08-20,ab8e0174-0a82-4a59-ac40-c1483f459dd3,SW29-8-11-w4,3629dfdf-2086-4705-9e86-786da30d335e,Symo Advanced 24.0-3 480 (1),,,24.0,parsed_from_inverter_name,30.41,,
fronius,2025-08-20,ab8e0174-0a82-4a59-ac40-c1483f459dd3,SW29-8-11-w4,e7b66537-5eac-4c20-801d-08a67f87d555,Symo Advanced 24.0-3 480 (2),,,24.0,parsed_from_inverter_name,189.39,,
fronius,2025-08-21,ab8e0174-0a82-4a59-ac40-c1483f459dd3,SW29-8-11-w4,e7b66537-5eac-4c20-801d-08a67f87d555,Symo Advanced 24.0-3 480 (2),,,24.0,parsed_from_inverter_name,202.88,,
fronius,2025-08-22,ab8e0174-0a82-4a59-ac40-c1483f459dd3,SW29-8-11-w4,3629dfdf-2086-4705-9e86-786da30d335e,Symo Advanced 24.0-3 480 (1),,,24.0,parsed_from_inverter_name,167.49,,
fronius,2025-08-22,ab8e0174-0a82-4a59-ac40-c1483f459dd3,SW29-8-11-w4,e7b66537-5eac-4c20-801d-08a67f87d555,Symo Advanced 24.0-3 480 (2),,,24.0,parsed_from_inverter_name,195.44,,
fronius,2025-08-23,ab8e0174-0a82-4a59-ac40-c1483f459dd3,SW29-8-11-w4,3629dfdf-2086-4705-9e86-786da30d335e,Symo Advanced 24.0-3 480 (1),,,24.0,parsed_from_inverter_name,155.19,,
fronius,2025-08-23,ab8e0174-0a82-4a59-ac40-c1483f459dd3,SW29-8-11-w4,e7b66537-5eac-4c20-801d-08a67f87d555,Symo Advanced 24.0-3 480 (2),,,24.0,parsed_from_inverter_name,199.42,,
fronius,2025-08-24,ab8e0174-0a82-4a59-ac40-c1483f459dd3,SW29-8-11-w4,e7b66537-5eac-4c20-801d-08a67f87d555,Symo Advanced 24.0-3 480 (2),,,24.0,parsed_from_inverter_name,198.57,,
fronius,2025-08-25,ab8e0174-0a82-4a59-ac40-c1483f459dd3,SW29-8-11-w4,3629dfdf-2086-4705-9e86-786da30d335e,Symo Advanced 24.0-3 480 (1),,,24.0,parsed_from_inverter_name,126.77,,
fronius,2025-08-25,ab8e0174-0a82-4a59-ac40-c1483f459dd3,SW29-8-11-w4,e7b66537-5eac-4c20-801d-08a67f87d555,Symo Advanced 24.0-3 480 (2),,,24.0,parsed_from_inverter_name,196.29,,
fronius,2025-08-26,ab8e0174-0a82-4a59-ac40-c1483f459dd3,SW29-8-11-w4,e7b66537-5eac-4c20-801d-08a67f87d555,Symo Advanced 24.0-3 480 (2),,,24.0,parsed_from_inverter_name,194.76,,
fronius,2025-08-27,ab8e0174-0a82-4a59-ac40-c1483f459dd3,SW29-8-11-w4,e7b66537-5eac-4c20-801d-08a67f87d555,Symo Advanced 24.0-3 480 (2),,,24.0,parsed_from_inverter_name,192.48,,
fronius,2025-08-28,ab8e0174-0a82-4a59-ac40-c1483f459dd3,SW29-8-11-w4,e7b66537-5eac-4c20-801d-08a67f87d555,Symo Advanced 24.0-3 480 (2),,,24.0,parsed_from_inverter_name,75.72,,
fronius,2025-08-29,ab8e0174-0a82-4a59-ac40-c1483f459dd3,SW29-8-11-w4,3629dfdf-2086-4705-9e86-786da30d335e,Symo Advanced 24.0-3 480 (1),,,24.0,parsed_from_inverter_name,63.7,,
fronius,2025-08-29,ab8e0174-0a82-4a59-ac40-c1483f459dd3,SW29-8-11-w4,e7b66537-5eac-4c20-801d-08a67f87d555,Symo Advanced 24.0-3 480 (2),,,24.0,parsed_from_inverter_name,105.35,,
fronius,2025-08-30,ab8e0174-0a82-4a59-ac40-c1483f459dd3,SW29-8-11-w4,3629dfdf-2086-4705-9e86-786da30d335e,Symo Advanced 24.0-3 480 (1),,,24.0,parsed_from_inverter_name,123.95,,
fronius,2025-08-30,ab8e0174-0a82-4a59-ac40-c1483f459dd3,SW29-8-11-w4,e7b66537-5eac-4c20-801d-08a67f87d555,Symo Advanced 24.0-3 480 (2),,,24.0,parsed_from_inverter_name,195.32,,
fronius,2025-08-31,ab8e0174-0a82-4a59-ac40-c1483f459dd3,SW29-8-11-w4,e7b66537-5eac-4c20-801d-08a67f87d555,Symo Advanced 24.0-3 480 (2),,,24.0,parsed_from_inverter_name,195.68,,
fronius,2025-09-01,ab8e0174-0a82-4a59-ac40-c1483f459dd3,SW29-8-11-w4,3629dfdf-2086-4705-9e86-786da30d335e,Symo Advanced 24.0-3 480 (1),,,24.0,parsed_from_inverter_name,142.19,,
fronius,2025-09-01,ab8e0174-0a82-4a59-ac40-c1483f459dd3,SW29-8-11-w4,e7b66537-5eac-4c20-801d-08a67f87d555,Symo Advanced 24.0-3 480 (2),,,24.0,parsed_from_inverter_name,188.79,,
fronius,2025-09-02,ab8e0174-0a82-4a59-ac40-c1483f459dd3,SW29-8-11-w4,e7b66537-5eac-4c20-801d-08a67f87d555,Symo Advanced 24.0-3 480 (2),,,24.0,parsed_from_inverter_name,169.41,,
fronius,2025-09-03,ab8e0174-0a82-4a59-ac40-c1483f459dd3,SW29-8-11-w4,e7b66537-5eac-4c20-801d-08a67f87d555,Symo Advanced 24.0-3 480 (2),,,24.0,parsed_from_inverter_name,121.37,,
fronius,2025-09-04,ab8e0174-0a82-4a59-ac40-c1483f459dd3,SW29-8-11-w4,e7b66537-5eac-4c20-801d-08a67f87d555,Symo Advanced 24.0-3 480 (2),,,24.0,parsed_from_inverter_name,171.5,,
fronius,2025-09-05,ab8e0174-0a82-4a59-ac40-c1483f459dd3,SW29-8-11-w4,3629dfdf-2086-4705-9e86-786da30d335e,Symo Advanced 24.0-3 480 (1),,,24.0,parsed_from_inverter_name,163.29,,
fronius,2025-09-05,ab8e0174-0a82-4a59-ac40-c1483f459dd3,SW29-8-11-w4,e7b66537-5eac-4c20-801d-08a67f87d555,Symo Advanced 24.0-3 480 (2),,,24.0,parsed_from_inverter_name,196.19,,
fronius,2025-09-06,ab8e0174-0a82-4a59-ac40-c1483f459dd3,SW29-8-11-w4,3629dfdf-2086-4705-9e86-786da30d335e,Symo Advanced 24.0-3 480 (1),,,24.0,parsed_from_inverter_name,152.43,,
fronius,2025-09-06,ab8e0174-0a82-4a59-ac40-c1483f459dd3,SW29-8-11-w4,e7b66537-5eac-4c20-801d-08a67f87d555,Symo Advanced 24.0-3 480 (2),,,24.0,parsed_from_inverter_name,190.52,,
fronius,2025-09-07,ab8e0174-0a82-4a59-ac40-c1483f459dd3,SW29-8-11-w4,3629dfdf-2086-4705-9e86-786da30d335e,Symo Advanced 24.0-3 480 (1),,,24.0,parsed_from_inverter_name,117.07,,
fronius,2025-09-07,ab8e0174-0a82-4a59-ac40-c1483f459dd3,SW29-8-11-w4,e7b66537-5eac-4c20-801d-08a67f87d555,Symo Advanced 24.0-3 480 (2),,,24.0,parsed_from_inverter_name,154.33,,
fronius,2025-09-08,ab8e0174-0a82-4a59-ac40-c1483f459dd3,SW29-8-11-w4,e7b66537-5eac-4c20-801d-08a67f87d555,Symo Advanced 24.0-3 480 (2),,,24.0,parsed_from_inverter_name,67.57,,
fronius,2025-09-09,ab8e0174-0a82-4a59-ac40-c1483f459dd3,SW29-8-11-w4,e7b66537-5eac-4c20-801d-08a67f87d555,Symo Advanced 24.0-3 480 (2),,,24.0,parsed_from_inverter_name,180.98,,
fronius,2025-09-10,ab8e0174-0a82-4a59-ac40-c1483f459dd3,SW29-8-11-w4,e7b66537-5eac-4c20-801d-08a67f87d555,Symo Advanced 24.0-3 480 (2),,,24.0,parsed_from_inverter_name,91.44,,
fronius,2025-09-11,ab8e0174-0a82-4a59-ac40-c1483f459dd3,SW29-8-11-w4,3629dfdf-2086-4705-9e86-786da30d335e,Symo Advanced 24.0-3 480 (1),,,24.0,parsed_from_inverter_name,133.31,,
fronius,2025-09-11,ab8e0174-0a82-4a59-ac40-c1483f459dd3,SW29-8-11-w4,e7b66537-5eac-4c20-801d-08a67f87d555,Symo Advanced 24.0-3 480 (2),,,24.0,parsed_from_inverter_name,184.41,,
fronius,2025-09-12,ab8e0174-0a82-4a59-ac40-c1483f459dd3,SW29-8-11-w4,e7b66537-5eac-4c20-801d-08a67f87d555,Symo Advanced 24.0-3 480 (2),,,24.0,parsed_from_inverter_name,178.39,,
fronius,2025-09-13,ab8e0174-0a82-4a59-ac40-c1483f459dd3,SW29-8-11-w4,e7b66537-5eac-4c20-801d-08a67f87d555,Symo Advanced 24.0-3 480 (2),,,24.0,parsed_from_inverter_name,186.64,,
fronius,2025-09-14,ab8e0174-0a82-4a59-ac40-c1483f459dd3,SW29-8-11-w4,e7b66537-5eac-4c20-801d-08a67f87d555,Symo Advanced 24.0-3 480 (2),,,24.0,parsed_from_inverter_name,149.55,,
fronius,2025-09-15,ab8e0174-0a82-4a59-ac40-c1483f459dd3,SW29-8-11-w4,e7b66537-5eac-4c20-801d-08a67f87d555,Symo Advanced 24.0-3 480 (2),,,24.0,parsed_from_inverter_name,146.67,,
fronius,2025-09-16,ab8e0174-0a82-4a59-ac40-c1483f459dd3,SW29-8-11-w4,3629dfdf-2086-4705-9e86-786da30d335e,Symo Advanced 24.0-3 480 (1),,,24.0,parsed_from_inverter_name,121.24,,
fronius,2025-09-16,ab8e0174-0a82-4a59-ac40-c1483f459dd3,SW29-8-11-w4,e7b66537-5eac-4c20-801d-08a67f87d555,Symo Advanced 24.0-3 480 (2),,,24.0,parsed_from_inverter_name,187.09,,
fronius,2025-09-17,ab8e0174-0a82-4a59-ac40-c1483f459dd3,SW29-8-11-w4,e7b66537-5eac-4c20-801d-08a67f87d555,Symo Advanced 24.0-3 480 (2),,,24.0,parsed_from_inverter_name,188.94,,
fronius,2025-09-18,ab8e0174-0a82-4a59-ac40-c1483f459dd3,SW29-8-11-w4,e7b66537-5eac-4c20-801d-08a67f87d555,Symo Advanced 24.0-3 480 (2),,,24.0,parsed_from_inverter_name,186.68,,
fronius,2025-09-19,ab8e0174-0a82-4a59-ac40-c1483f459dd3,SW29-8-11-w4,e7b66537-5eac-4c20-801d-08a67f87d555,Symo Advanced 24.0-3 480 (2),,,24.0,parsed_from_inverter_name,175.74,,
fronius,2025-09-20,ab8e0174-0a82-4a59-ac40-c1483f459dd3,SW29-8-11-w4,e7b66537-5eac-4c20-801d-08a67f87d555,Symo Advanced 24.0-3 480 (2),,,24.0,parsed_from_inverter_name,180.03,,
fronius,2025-09-21,ab8e0174-0a82-4a59-ac40-c1483f459dd3,SW29-8-11-w4,e7b66537-5eac-4c20-801d-08a67f87d555,Symo Advanced 24.0-3 480 (2),,,24.0,parsed_from_inverter_name,166.88,,
fronius,2025-09-22,ab8e0174-0a82-4a59-ac40-c1483f459dd3,SW29-8-11-w4,e7b66537-5eac-4c20-801d-08a67f87d555,Symo Advanced 24.0-3 480 (2),,,24.0,parsed_from_inverter_name,182.87,,
fronius,2025-09-23,ab8e0174-0a82-4a59-ac40-c1483f459dd3,SW29-8-11-w4,3629dfdf-2086-4705-9e86-786da30d335e,Symo Advanced 24.0-3 480 (1),,,24.0,parsed_from_inverter_name,150.64,,
fronius,2025-09-23,ab8e0174-0a82-4a59-ac40-c1483f459dd3,SW29-8-11-w4,e7b66537-5eac-4c20-801d-08a67f87d555,Symo Advanced 24.0-3 480 (2),,,24.0,parsed_from_inverter_name,184.27,,
fronius,2025-09-24,ab8e0174-0a82-4a59-ac40-c1483f459dd3,SW29-8-11-w4,e7b66537-5eac-4c20-801d-08a67f87d555,Symo Advanced 24.0-3 480 (2),,,24.0,parsed_from_inverter_name,183.57,,
fronius,2025-09-25,ab8e0174-0a82-4a59-ac40-c1483f459dd3,SW29-8-11-w4,3629dfdf-2086-4705-9e86-786da30d335e,Symo Advanced 24.0-3 480 (1),,,24.0,parsed_from_inverter_name,148.75,,
fronius,2025-09-25,ab8e0174-0a82-4a59-ac40-c1483f459dd3,SW29-8-11-w4,e7b66537-5eac-4c20-801d-08a67f87d555,Symo Advanced 24.0-3 480 (2),,,24.0,parsed_from_inverter_name,181.42,,
fronius,2025-09-26,ab8e0174-0a82-4a59-ac40-c1483f459dd3,SW29-8-11-w4,e7b66537-5eac-4c20-801d-08a67f87d555,Symo Advanced 24.0-3 480 (2),,,24.0,parsed_from_inverter_name,176.06,,
fronius,2025-09-27,ab8e0174-0a82-4a59-ac40-c1483f459dd3,SW29-8-11-w4,e7b66537-5eac-4c20-801d-08a67f87d555,Symo Advanced 24.0-3 480 (2),,,24.0,parsed_from_inverter_name,82.08,,
fronius,2025-09-28,ab8e0174-0a82-4a59-ac40-c1483f459dd3,SW29-8-11-w4,3629dfdf-2086-4705-9e86-786da30d335e,Symo Advanced 24.0-3 480 (1),,,24.0,parsed_from_inverter_name,113.64,,
fronius,2025-09-28,ab8e0174-0a82-4a59-ac40-c1483f459dd3,SW29-8-11-w4,e7b66537-5eac-4c20-801d-08a67f87d555,Symo Advanced 24.0-3 480 (2),,,24.0,parsed_from_inverter_name,147.06,,
fronius,2025-09-29,ab8e0174-0a82-4a59-ac40-c1483f459dd3,SW29-8-11-w4,3629dfdf-2086-4705-9e86-786da30d335e,Symo Advanced 24.0-3 480 (1),,,24.0,parsed_from_inverter_name,99.6,,
fronius,2025-09-29,ab8e0174-0a82-4a59-ac40-c1483f459dd3,SW29-8-11-w4,e7b66537-5eac-4c20-801d-08a67f87d555,Symo Advanced 24.0-3 480 (2),,,24.0,parsed_from_inverter_name,171.24,,
fronius,2025-09-30,ab8e0174-0a82-4a59-ac40-c1483f459dd3,SW29-8-11-w4,e7b66537-5eac-4c20-801d-08a67f87d555,Symo Advanced 24.0-3 480 (2),,,24.0,parsed_from_inverter_name,109.45,,
fronius,2025-10-01,ab8e0174-0a82-4a59-ac40-c1483f459dd3,SW29-8-11-w4,3629dfdf-2086-4705-9e86-786da30d335e,Symo Advanced 24.0-3 480 (1),,,24.0,parsed_from_inverter_name,52.77,,
fronius,2025-10-01,ab8e0174-0a82-4a59-ac40-c1483f459dd3,SW29-8-11-w4,e7b66537-5eac-4c20-801d-08a67f87d555,Symo Advanced 24.0-3 480 (2),,,24.0,parsed_from_inverter_name,135.82,,
fronius,2025-10-02,ab8e0174-0a82-4a59-ac40-c1483f459dd3,SW29-8-11-w4,3629dfdf-2086-4705-9e86-786da30d335e,Symo Advanced 24.0-3 480 (1),,,24.0,parsed_from_inverter_name,56.64,,
fronius,2025-10-02,ab8e0174-0a82-4a59-ac40-c1483f459dd3,SW29-8-11-w4,e7b66537-5eac-4c20-801d-08a67f87d555,Symo Advanced 24.0-3 480 (2),,,24.0,parsed_from_inverter_name,122.26,,
fronius,2025-10-03,ab8e0174-0a82-4a59-ac40-c1483f459dd3,SW29-8-11-w4,e7b66537-5eac-4c20-801d-08a67f87d555,Symo Advanced 24.0-3 480 (2),,,24.0,parsed_from_inverter_name,101.48,,
fronius,2025-10-04,ab8e0174-0a82-4a59-ac40-c1483f459dd3,SW29-8-11-w4,3629dfdf-2086-4705-9e86-786da30d335e,Symo Advanced 24.0-3 480 (1),,,24.0,parsed_from_inverter_name,19.51,,
fronius,2025-10-04,ab8e0174-0a82-4a59-ac40-c1483f459dd3,SW29-8-11-w4,e7b66537-5eac-4c20-801d-08a67f87d555,Symo Advanced 24.0-3 480 (2),,,24.0,parsed_from_inverter_name,26.59,,
fronius,2025-10-05,ab8e0174-0a82-4a59-ac40-c1483f459dd3,SW29-8-11-w4,3629dfdf-2086-4705-9e86-786da30d335e,Symo Advanced 24.0-3 480 (1),,,24.0,parsed_from_inverter_name,129.37,,
fronius,2025-10-05,ab8e0174-0a82-4a59-ac40-c1483f459dd3,SW29-8-11-w4,e7b66537-5eac-4c20-801d-08a67f87d555,Symo Advanced 24.0-3 480 (2),,,24.0,parsed_from_inverter_name,149.62,,
fronius,2025-10-06,ab8e0174-0a82-4a59-ac40-c1483f459dd3,SW29-8-11-w4,3629dfdf-2086-4705-9e86-786da30d335e,Symo Advanced 24.0-3 480 (1),,,24.0,parsed_from_inverter_name,135.2,,
fronius,2025-10-06,ab8e0174-0a82-4a59-ac40-c1483f459dd3,SW29-8-11-w4,e7b66537-5eac-4c20-801d-08a67f87d555,Symo Advanced 24.0-3 480 (2),,,24.0,parsed_from_inverter_name,164.21,,
fronius,2025-10-07,ab8e0174-0a82-4a59-ac40-c1483f459dd3,SW29-8-11-w4,3629dfdf-2086-4705-9e86-786da30d335e,Symo Advanced 24.0-3 480 (1),,,24.0,parsed_from_inverter_name,148.67,,
fronius,2025-10-07,ab8e0174-0a82-4a59-ac40-c1483f459dd3,SW29-8-11-w4,e7b66537-5eac-4c20-801d-08a67f87d555,Symo Advanced 24.0-3 480 (2),,,24.0,parsed_from_inverter_name,179.28,,
fronius,2025-10-08,ab8e0174-0a82-4a59-ac40-c1483f459dd3,SW29-8-11-w4,3629dfdf-2086-4705-9e86-786da30d335e,Symo Advanced 24.0-3 480 (1),,,24.0,parsed_from_inverter_name,148.12,,
fronius,2025-10-08,ab8e0174-0a82-4a59-ac40-c1483f459dd3,SW29-8-11-w4,e7b66537-5eac-4c20-801d-08a67f87d555,Symo Advanced 24.0-3 480 (2),,,24.0,parsed_from_inverter_name,178.08,,
fronius,2025-10-09,ab8e0174-0a82-4a59-ac40-c1483f459dd3,SW29-8-11-w4,3629dfdf-2086-4705-9e86-786da30d335e,Symo Advanced 24.0-3 480 (1),,,24.0,parsed_from_inverter_name,134.37,,
fronius,2025-10-09,ab8e0174-0a82-4a59-ac40-c1483f459dd3,SW29-8-11-w4,e7b66537-5eac-4c20-801d-08a67f87d555,Symo Advanced 24.0-3 480 (2),,,24.0,parsed_from_inverter_name,170.55,,
fronius,2025-10-10,ab8e0174-0a82-4a59-ac40-c1483f459dd3,SW29-8-11-w4,3629dfdf-2086-4705-9e86-786da30d335e,Symo Advanced 24.0-3 480 (1),,,24.0,parsed_from_inverter_name,141.31,,
fronius,2025-10-10,ab8e0174-0a82-4a59-ac40-c1483f459dd3,SW29-8-11-w4,e7b66537-5eac-4c20-801d-08a67f87d555,Symo Advanced 24.0-3 480 (2),,,24.0,parsed_from_inverter_name,173.54,,
fronius,2025-10-11,ab8e0174-0a82-4a59-ac40-c1483f459dd3,SW29-8-11-w4,3629dfdf-2086-4705-9e86-786da30d335e,Symo Advanced 24.0-3 480 (1),,,24.0,parsed_from_inverter_name,116.92,,
fronius,2025-10-11,ab8e0174-0a82-4a59-ac40-c1483f459dd3,SW29-8-11-w4,e7b66537-5eac-4c20-801d-08a67f87d555,Symo Advanced 24.0-3 480 (2),,,24.0,parsed_from_inverter_name,137.9,,
fronius,2025-10-12,ab8e0174-0a82-4a59-ac40-c1483f459dd3,SW29-8-11-w4,3629dfdf-2086-4705-9e86-786da30d335e,Symo Advanced 24.0-3 480 (1),,,24.0,parsed_from_inverter_name,20.55,,
fronius,2025-10-12,ab8e0174-0a82-4a59-ac40-c1483f459dd3,SW29-8-11-w4,e7b66537-5eac-4c20-801d-08a67f87d555,Symo Advanced 24.0-3 480 (2),,,24.0,parsed_from_inverter_name,28.22,,
fronius,2025-10-13,ab8e0174-0a82-4a59-ac40-c1483f459dd3,SW29-8-11-w4,3629dfdf-2086-4705-9e86-786da30d335e,Symo Advanced 24.0-3 480 (1),,,24.0,parsed_from_inverter_name,78.12,,
fronius,2025-10-13,ab8e0174-0a82-4a59-ac40-c1483f459dd3,SW29-8-11-w4,e7b66537-5eac-4c20-801d-08a67f87d555,Symo Advanced 24.0-3 480 (2),,,24.0,parsed_from_inverter_name,103.1,,
fronius,2025-10-14,ab8e0174-0a82-4a59-ac40-c1483f459dd3,SW29-8-11-w4,3629dfdf-2086-4705-9e86-786da30d335e,Symo Advanced 24.0-3 480 (1),,,24.0,parsed_from_inverter_name,32.32,,
fronius,2025-10-14,ab8e0174-0a82-4a59-ac40-c1483f459dd3,SW29-8-11-w4,e7b66537-5eac-4c20-801d-08a67f87d555,Symo Advanced 24.0-3 480 (2),,,24.0,parsed_from_inverter_name,44.01,,
fronius,2025-10-15,ab8e0174-0a82-4a59-ac40-c1483f459dd3,SW29-8-11-w4,3629dfdf-2086-4705-9e86-786da30d335e,Symo Advanced 24.0-3 480 (1),,,24.0,parsed_from_inverter_name,114.67,,
fronius,2025-10-15,ab8e0174-0a82-4a59-ac40-c1483f459dd3,SW29-8-11-w4,e7b66537-5eac-4c20-801d-08a67f87d555,Symo Advanced 24.0-3 480 (2),,,24.0,parsed_from_inverter_name,136.3,,
fronius,2025-10-16,ab8e0174-0a82-4a59-ac40-c1483f459dd3,SW29-8-11-w4,3629dfdf-2086-4705-9e86-786da30d335e,Symo Advanced 24.0-3 480 (1),,,24.0,parsed_from_inverter_name,140.29,,
fronius,2025-10-16,ab8e0174-0a82-4a59-ac40-c1483f459dd3,SW29-8-11-w4,e7b66537-5eac-4c20-801d-08a67f87d555,Symo Advanced 24.0-3 480 (2),,,24.0,parsed_from_inverter_name,172.63,,
fronius,2025-10-17,ab8e0174-0a82-4a59-ac40-c1483f459dd3,SW29-8-11-w4,3629dfdf-2086-4705-9e86-786da30d335e,Symo Advanced 24.0-3 480 (1),,,24.0,parsed_from_inverter_name,26.79,,
fronius,2025-10-17,ab8e0174-0a82-4a59-ac40-c1483f459dd3,SW29-8-11-w4,e7b66537-5eac-4c20-801d-08a67f87d555,Symo Advanced 24.0-3 480 (2),,,24.0,parsed_from_inverter_name,36.03,,
fronius,2025-10-18,ab8e0174-0a82-4a59-ac40-c1483f459dd3,SW29-8-11-w4,3629dfdf-2086-4705-9e86-786da30d335e,Symo Advanced 24.0-3 480 (1),,,24.0,parsed_from_inverter_name,130.1,,
fronius,2025-10-18,ab8e0174-0a82-4a59-ac40-c1483f459dd3,SW29-8-11-w4,e7b66537-5eac-4c20-801d-08a67f87d555,Symo Advanced 24.0-3 480 (2),,,24.0,parsed_from_inverter_name,153.06,,
fronius,2025-10-19,ab8e0174-0a82-4a59-ac40-c1483f459dd3,SW29-8-11-w4,3629dfdf-2086-4705-9e86-786da30d335e,Symo Advanced 24.0-3 480 (1),,,24.0,parsed_from_inverter_name,64.01,,
fronius,2025-10-19,ab8e0174-0a82-4a59-ac40-c1483f459dd3,SW29-8-11-w4,e7b66537-5eac-4c20-801d-08a67f87d555,Symo Advanced 24.0-3 480 (2),,,24.0,parsed_from_inverter_name,80.4,,
fronius,2025-10-20,ab8e0174-0a82-4a59-ac40-c1483f459dd3,SW29-8-11-w4,3629dfdf-2086-4705-9e86-786da30d335e,Symo Advanced 24.0-3 480 (1),,,24.0,parsed_from_inverter_name,110.03,,
fronius,2025-10-20,ab8e0174-0a82-4a59-ac40-c1483f459dd3,SW29-8-11-w4,e7b66537-5eac-4c20-801d-08a67f87d555,Symo Advanced 24.0-3 480 (2),,,24.0,parsed_from_inverter_name,128.18,,
fronius,2025-10-21,ab8e0174-0a82-4a59-ac40-c1483f459dd3,SW29-8-11-w4,3629dfdf-2086-4705-9e86-786da30d335e,Symo Advanced 24.0-3 480 (1),,,24.0,parsed_from_inverter_name,139.99,,
fronius,2025-10-21,ab8e0174-0a82-4a59-ac40-c1483f459dd3,SW29-8-11-w4,e7b66537-5eac-4c20-801d-08a67f87d555,Symo Advanced 24.0-3 480 (2),,,24.0,parsed_from_inverter_name,168.43,,
fronius,2025-10-22,ab8e0174-0a82-4a59-ac40-c1483f459dd3,SW29-8-11-w4,3629dfdf-2086-4705-9e86-786da30d335e,Symo Advanced 24.0-3 480 (1),,,24.0,parsed_from_inverter_name,137.81,,
fronius,2025-10-22,ab8e0174-0a82-4a59-ac40-c1483f459dd3,SW29-8-11-w4,e7b66537-5eac-4c20-801d-08a67f87d555,Symo Advanced 24.0-3 480 (2),,,24.0,parsed_from_inverter_name,168.54,,
fronius,2025-10-23,ab8e0174-0a82-4a59-ac40-c1483f459dd3,SW29-8-11-w4,3629dfdf-2086-4705-9e86-786da30d335e,Symo Advanced 24.0-3 480 (1),,,24.0,parsed_from_inverter_name,125.18,,
fronius,2025-10-23,ab8e0174-0a82-4a59-ac40-c1483f459dd3,SW29-8-11-w4,e7b66537-5eac-4c20-801d-08a67f87d555,Symo Advanced 24.0-3 480 (2),,,24.0,parsed_from_inverter_name,162.32,,
fronius,2025-10-24,ab8e0174-0a82-4a59-ac40-c1483f459dd3,SW29-8-11-w4,3629dfdf-2086-4705-9e86-786da30d335e,Symo Advanced 24.0-3 480 (1),,,24.0,parsed_from_inverter_name,58.64,,
fronius,2025-10-24,ab8e0174-0a82-4a59-ac40-c1483f459dd3,SW29-8-11-w4,e7b66537-5eac-4c20-801d-08a67f87d555,Symo Advanced 24.0-3 480 (2),,,24.0,parsed_from_inverter_name,76.14,,
fronius,2025-10-25,ab8e0174-0a82-4a59-ac40-c1483f459dd3,SW29-8-11-w4,3629dfdf-2086-4705-9e86-786da30d335e,Symo Advanced 24.0-3 480 (1),,,24.0,parsed_from_inverter_name,67.07,,
fronius,2025-10-25,ab8e0174-0a82-4a59-ac40-c1483f459dd3,SW29-8-11-w4,e7b66537-5eac-4c20-801d-08a67f87d555,Symo Advanced 24.0-3 480 (2),,,24.0,parsed_from_inverter_name,98.61,,
fronius,2025-10-26,ab8e0174-0a82-4a59-ac40-c1483f459dd3,SW29-8-11-w4,3629dfdf-2086-4705-9e86-786da30d335e,Symo Advanced 24.0-3 480 (1),,,24.0,parsed_from_inverter_name,117.77,,
fronius,2025-10-26,ab8e0174-0a82-4a59-ac40-c1483f459dd3,SW29-8-11-w4,e7b66537-5eac-4c20-801d-08a67f87d555,Symo Advanced 24.0-3 480 (2),,,24.0,parsed_from_inverter_name,138.56,,
fronius,2025-10-27,ab8e0174-0a82-4a59-ac40-c1483f459dd3,SW29-8-11-w4,3629dfdf-2086-4705-9e86-786da30d335e,Symo Advanced 24.0-3 480 (1),,,24.0,parsed_from_inverter_name,105.64,,
fronius,2025-10-27,ab8e0174-0a82-4a59-ac40-c1483f459dd3,SW29-8-11-w4,e7b66537-5eac-4c20-801d-08a67f87d555,Symo Advanced 24.0-3 480 (2),,,24.0,parsed_from_inverter_name,127.35,,
fronius,2025-10-28,ab8e0174-0a82-4a59-ac40-c1483f459dd3,SW29-8-11-w4,3629dfdf-2086-4705-9e86-786da30d335e,Symo Advanced 24.0-3 480 (1),,,24.0,parsed_from_inverter_name,133.67,,
fronius,2025-10-28,ab8e0174-0a82-4a59-ac40-c1483f459dd3,SW29-8-11-w4,e7b66537-5eac-4c20-801d-08a67f87d555,Symo Advanced 24.0-3 480 (2),,,24.0,parsed_from_inverter_name,162.66,,
fronius,2025-10-29,ab8e0174-0a82-4a59-ac40-c1483f459dd3,SW29-8-11-w4,3629dfdf-2086-4705-9e86-786da30d335e,Symo Advanced 24.0-3 480 (1),,,24.0,parsed_from_inverter_name,124.34,,
fronius,2025-10-29,ab8e0174-0a82-4a59-ac40-c1483f459dd3,SW29-8-11-w4,e7b66537-5eac-4c20-801d-08a67f87d555,Symo Advanced 24.0-3 480 (2),,,24.0,parsed_from_inverter_name,151.27,,
fronius,2025-10-30,ab8e0174-0a82-4a59-ac40-c1483f459dd3,SW29-8-11-w4,3629dfdf-2086-4705-9e86-786da30d335e,Symo Advanced 24.0-3 480 (1),,,24.0,parsed_from_inverter_name,131.05,,
fronius,2025-10-30,ab8e0174-0a82-4a59-ac40-c1483f459dd3,SW29-8-11-w4,e7b66537-5eac-4c20-801d-08a67f87d555,Symo Advanced 24.0-3 480 (2),,,24.0,parsed_from_inverter_name,159.96,,
fronius,2025-10-31,ab8e0174-0a82-4a59-ac40-c1483f459dd3,SW29-8-11-w4,3629dfdf-2086-4705-9e86-786da30d335e,Symo Advanced 24.0-3 480 (1),,,24.0,parsed_from_inverter_name,91.99,,
fronius,2025-10-31,ab8e0174-0a82-4a59-ac40-c1483f459dd3,SW29-8-11-w4,e7b66537-5eac-4c20-801d-08a67f87d555,Symo Advanced 24.0-3 480 (2),,,24.0,parsed_from_inverter_name,119.73,,
fronius,2025-11-01,ab8e0174-0a82-4a59-ac40-c1483f459dd3,SW29-8-11-w4,3629dfdf-2086-4705-9e86-786da30d335e,Symo Advanced 24.0-3 480 (1),,,24.0,parsed_from_inverter_name,27.97,,
fronius,2025-11-01,ab8e0174-0a82-4a59-ac40-c1483f459dd3,SW29-8-11-w4,e7b66537-5eac-4c20-801d-08a67f87d555,Symo Advanced 24.0-3 480 (2),,,24.0,parsed_from_inverter_name,37.15,,
fronius,2025-11-02,ab8e0174-0a82-4a59-ac40-c1483f459dd3,SW29-8-11-w4,3629dfdf-2086-4705-9e86-786da30d335e,Symo Advanced 24.0-3 480 (1),,,24.0,parsed_from_inverter_name,131.9,,
fronius,2025-11-02,ab8e0174-0a82-4a59-ac40-c1483f459dd3,SW29-8-11-w4,e7b66537-5eac-4c20-801d-08a67f87d555,Symo Advanced 24.0-3 480 (2),,,24.0,parsed_from_inverter_name,160.07,,
fronius,2025-11-03,ab8e0174-0a82-4a59-ac40-c1483f459dd3,SW29-8-11-w4,3629dfdf-2086-4705-9e86-786da30d335e,Symo Advanced 24.0-3 480 (1),,,24.0,parsed_from_inverter_name,31.43,,
fronius,2025-11-03,ab8e0174-0a82-4a59-ac40-c1483f459dd3,SW29-8-11-w4,e7b66537-5eac-4c20-801d-08a67f87d555,Symo Advanced 24.0-3 480 (2),,,24.0,parsed_from_inverter_name,42.55,,
fronius,2025-11-04,ab8e0174-0a82-4a59-ac40-c1483f459dd3,SW29-8-11-w4,3629dfdf-2086-4705-9e86-786da30d335e,Symo Advanced 24.0-3 480 (1),,,24.0,parsed_from_inverter_name,126.56,,
fronius,2025-11-04,ab8e0174-0a82-4a59-ac40-c1483f459dd3,SW29-8-11-w4,e7b66537-5eac-4c20-801d-08a67f87d555,Symo Advanced 24.0-3 480 (2),,,24.0,parsed_from_inverter_name,154.38,,
fronius,2025-11-05,ab8e0174-0a82-4a59-ac40-c1483f459dd3,SW29-8-11-w4,3629dfdf-2086-4705-9e86-786da30d335e,Symo Advanced 24.0-3 480 (1),,,24.0,parsed_from_inverter_name,41.21,,
fronius,2025-11-05,ab8e0174-0a82-4a59-ac40-c1483f459dd3,SW29-8-11-w4,e7b66537-5eac-4c20-801d-08a67f87d555,Symo Advanced 24.0-3 480 (2),,,24.0,parsed_from_inverter_name,55.68,,
fronius,2025-11-06,ab8e0174-0a82-4a59-ac40-c1483f459dd3,SW29-8-11-w4,3629dfdf-2086-4705-9e86-786da30d335e,Symo Advanced 24.0-3 480 (1),,,24.0,parsed_from_inverter_name,115.0,,
fronius,2025-11-06,ab8e0174-0a82-4a59-ac40-c1483f459dd3,SW29-8-11-w4,e7b66537-5eac-4c20-801d-08a67f87d555,Symo Advanced 24.0-3 480 (2),,,24.0,parsed_from_inverter_name,142.88,,
