provider,date,site_id,site_name,inverter_id,inverter_name,inverter_serial,inverter_model,inverter_rated_kw,inverter_rating_source,daily_energy_kwh,sun_hours,revenue_amount
fronius,2022-11-03,2ab95c68-1fa4-4006-85d8-f23561947d68,Teresa Loewen,c8c34930-94b1-40e7-8f68-af42014dad64,Primo 7.6-1 208-240 (1),,,7.6,parsed_from_inverter_name,2.27,,
fronius,2022-11-04,2ab95c68-1fa4-4006-85d8-f23561947d68,Teresa Loewen,c8c34930-94b1-40e7-8f68-af42014dad64,Primo 7.6-1 208-240 (1),,,7.6,parsed_from_inverter_name,5.38,,
fronius,2022-11-05,2ab95c68-1fa4-4006-85d8-f23561947d68,Teresa Loewen,c8c34930-94b1-40e7-8f68-af42014dad64,Primo 7.6-1 208-240 (1),,,7.6,parsed_from_inverter_name,0.07,,
fronius,2022-11-15,2ab95c68-1fa4-4006-85d8-f23561947d68,Teresa Loewen,c8c34930-94b1-40e7-8f68-af42014dad64,Primo 7.6-1 208-240 (1),,,7.6,parsed_from_inverter_name,0.0,,
fronius,2022-11-17,2ab95c68-1fa4-4006-85d8-f23561947d68,Teresa Loewen,c8c34930-94b1-40e7-8f68-af42014dad64,Primo 7.6-1 208-240 (1),,,7.6,parsed_from_inverter_name,0.12,,
fronius,2022-11-18,2ab95c68-1fa4-4006-85d8-f23561947d68,Teresa Loewen,c8c34930-94b1-40e7-8f68-af42014dad64,Primo 7.6-1 208-240 (1),,,7.6,parsed_from_inverter_name,0.12,,
fronius,2022-11-19,2ab95c68-1fa4-4006-85d8-f23561947d68,Teresa Loewen,c8c34930-94b1-40e7-8f68-af42014dad64,Primo 7.6-1 208-240 (1),,,7.6,parsed_from_inverter_name,0.3,,
fronius,2022-11-20,2ab95c68-1fa4-4006-85d8-f23561947d68,Teresa Loewen,c8c34930-94b1-40e7-8f68-af42014dad64,Primo 7.6-1 208-240 (1),,,7.6,parsed_from_inverter_name,0.53,,
fronius,2022-11-21,2ab95c68-1fa4-4006-85d8-f23561947d68,Teresa Loewen,c8c34930-94b1-40e7-8f68-af42014dad64,Primo 7.6-1 208-240 (1),,,7.6,parsed_from_inverter_name,2.01,,
fronius,2022-11-22,2ab95c68-1fa4-4006-85d8-f23561947d68,Teresa Loewen,c8c34930-94b1-40e7-8f68-af42014dad64,Primo 7.6-1 208-240 (1),,,7.6,parsed_from_inverter_name,4.15,,
fronius,2022-11-23,2ab95c68-1fa4-4006-85d8-f23561947d68,Teresa Loewen,c8c34930-94b1-40e7-8f68-af42014dad64,Primo 7.6-1 208-240 (1),,,7.6,parsed_from_inverter_name,11.43,,
fronius,2022-11-24,2ab95c68-1fa4-4006-85d8-f23561947d68,Teresa Loewen,c8c34930-94b1-40e7-8f68-af42014dad64,Primo 7.6-1 208-240 (1),,,7.6,parsed_from_inverter_name,2.94,,
fronius,2022-11-25,2ab95c68-1fa4-4006-85d8-f23561947d68,Teresa Loewen,c8c34930-94b1-40e7-8f68-af42014dad64,Primo 7.6-1 208-240 (1),,,7.6,parsed_from_inverter_name,11.37,,
fronius,2022-11-26,2ab95c68-1fa4-4006-85d8-f23561947d68,Teresa Loewen,c8c34930-94b1-40e7-8f68-af42014dad64,Primo 7.6-1 208-240 (1),,,7.6,parsed_from_inverter_name,10.79,,
fronius,2022-11-27,2ab95c68-1fa4-4006-85d8-f23561947d68,Teresa Loewen,c8c34930-94b1-40e7-8f68-af42014dad64,Primo 7.6-1 208-240 (1),,,7.6,parsed_from_inverter_name,2.6,,
fronius,2022-11-28,2ab95c68-1fa4-4006-85d8-f23561947d68,Teresa Loewen,c8c34930-94b1-40e7-8f68-af42014dad64,Primo 7.6-1 208-240 (1),,,7.6,parsed_from_inverter_name,2.69,,
fronius,2022-11-29,2ab95c68-1fa4-4006-85d8-f23561947d68,Teresa Loewen,c8c34930-94b1-40e7-8f68-af42014dad64,Primo 7.6-1 208-240 (1),,,7.6,parsed_from_inverter_name,4.02,,
fronius,2022-11-30,2ab95c68-1fa4-4006-85d8-f23561947d68,Teresa Loewen,c8c34930-94b1-40e7-8f68-af42014dad64,Primo 7.6-1 208-240 (1),,,7.6,parsed_from_inverter_name,0.75,,
fronius,2022-12-01,2ab95c68-1fa4-4006-85d8-f23561947d68,Teresa Loewen,c8c34930-94b1-40e7-8f68-af42014dad64,Primo 7.6-1 208-240 (1),,,7.6,parsed_from_inverter_name,0.16,,
fronius,2022-12-02,2ab95c68-1fa4-4006-85d8-f23561947d68,Teresa Loewen,c8c34930-94b1-40e7-8f68-af42014dad64,Primo 7.6-1 208-240 (1),,,7.6,parsed_from_inverter_name,0.56,,
fronius,2022-12-03,2ab95c68-1fa4-4006-85d8-f23561947d68,Teresa Loewen,c8c34930-94b1-40e7-8f68-af42014dad64,Primo 7.6-1 208-240 (1),,,7.6,parsed_from_inverter_name,1.47,,
fronius,2022-12-04,2ab95c68-1fa4-4006-85d8-f23561947d68,Teresa Loewen,c8c34930-94b1-40e7-8f68-af42014dad64,Primo 7.6-1 208-240 (1),,,7.6,parsed_from_inverter_name,5.78,,
fronius,2022-12-05,2ab95c68-1fa4-4006-85d8-f23561947d68,Teresa Loewen,c8c34930-94b1-40e7-8f68-af42014dad64,Primo 7.6-1 208-240 (1),,,7.6,parsed_from_inverter_name,0.71,,
fronius,2022-12-06,2ab95c68-1fa4-4006-85d8-f23561947d68,Teresa Loewen,c8c34930-94b1-40e7-8f68-af42014dad64,Primo 7.6-1 208-240 (1),,,7.6,parsed_from_inverter_name,0.38,,
fronius,2022-12-07,2ab95c68-1fa4-4006-85d8-f23561947d68,Teresa Loewen,c8c34930-94b1-40e7-8f68-af42014dad64,Primo 7.6-1 208-240 (1),,,7.6,parsed_from_inverter_name,5.47,,
fronius,2022-12-08,2ab95c68-1fa4-4006-85d8-f23561947d68,Teresa Loewen,c8c34930-94b1-40e7-8f68-af42014dad64,Primo 7.6-1 208-240 (1),,,7.6,parsed_from_inverter_name,5.84,,
fronius,2022-12-09,2ab95c68-1fa4-4006-85d8-f23561947d68,Teresa Loewen,c8c34930-94b1-40e7-8f68-af42014dad64,Primo 7.6-1 208-240 (1),,,7.6,parsed_from_inverter_name,9.72,,
fronius,2022-12-10,2ab95c68-1fa4-4006-85d8-f23561947d68,Teresa Loewen,c8c34930-94b1-40e7-8f68-af42014dad64,Primo 7.6-1 208-240 (1),,,7.6,parsed_from_inverter_name,5.98,,
fronius,2022-12-11,2ab95c68-1fa4-4006-85d8-f23561947d68,Teresa Loewen,c8c34930-94b1-40e7-8f68-af42014dad64,Primo 7.6-1 208-240 (1),,,7.6,parsed_from_inverter_name,2.97,,
fronius,2022-12-12,2ab95c68-1fa4-4006-85d8-f23561947d68,Teresa Loewen,c8c34930-94b1-40e7-8f68-af42014dad64,Primo 7.6-1 208-240 (1),,,7.6,parsed_from_inverter_name,0.95,,
fronius,2022-12-13,2ab95c68-1fa4-4006-85d8-f23561947d68,Teresa Loewen,c8c34930-94b1-40e7-8f68-af42014dad64,Primo 7.6-1 208-240 (1),,,7.6,parsed_from_inverter_name,1.5,,
fronius,2022-12-15,2ab95c68-1fa4-4006-85d8-f23561947d68,Teresa Loewen,c8c34930-94b1-40e7-8f68-af42014dad64,Primo 7.6-1 208-240 (1),,,7.6,parsed_from_inverter_name,0.02,,
fronius,2022-12-26,2ab95c68-1fa4-4006-85d8-f23561947d68,Teresa Loewen,c8c34930-94b1-40e7-8f68-af42014dad64,Primo 7.6-1 208-240 (1),,,7.6,parsed_from_inverter_name,4.52,,
fronius,2022-12-27,2ab95c68-1fa4-4006-85d8-f23561947d68,Teresa Loewen,c8c34930-94b1-40e7-8f68-af42014dad64,Primo 7.6-1 208-240 (1),,,7.6,parsed_from_inverter_name,1.45,,
fronius,2022-12-28,2ab95c68-1fa4-4006-85d8-f23561947d68,Teresa Loewen,c8c34930-94b1-40e7-8f68-af42014dad64,Primo 7.6-1 208-240 (1),,,7.6,parsed_from_inverter_name,2.02,,
fronius,2022-12-29,2ab95c68-1fa4-4006-85d8-f23561947d68,Teresa Loewen,c8c34930-94b1-40e7-8f68-af42014dad64,Primo 7.6-1 208-240 (1),,,7.6,parsed_from_inverter_name,8.97,,
fronius,2022-12-30,2ab95c68-1fa4-4006-85d8-f23561947d68,Teresa Loewen,c8c34930-94b1-40e7-8f68-af42014dad64,Primo 7.6-1 208-240 (1),,,7.6,parsed_from_inverter_name,6.36,,
fronius,2022-12-31,2ab95c68-1fa4-4006-85d8-f23561947d68,Teresa Loewen,c8c34930-94b1-40e7-8f68-af42014dad64,Primo 7.6-1 208-240 (1),,,7.6,parsed_from_inverter_name,9.49,,
fronius,2023-01-01,2ab95c68-1fa4-4006-85d8-f23561947d68,Teresa Loewen,c8c34930-94b1-40e7-8f68-af42014dad64,Primo 7.6-1 208-240 (1),,,7.6,parsed_from_inverter_name,9.39,,
fronius,2023-01-02,2ab95c68-1fa4-4006-85d8-f23561947d68,Teresa Loewen,c8c34930-94b1-40e7-8f68-af42014dad64,Primo 7.6-1 208-240 (1),,,7.6,parsed_from_inverter_name,9.43,,
fronius,2023-01-03,2ab95c68-1fa4-4006-85d8-f23561947d68,Teresa Loewen,c8c34930-94b1-40e7-8f68-af42014dad64,Primo 7.6-1 208-240 (1),,,7.6,parsed_from_inverter_name,8.0,,
fronius,2023-01-04,2ab95c68-1fa4-4006-85d8-f23561947d68,Teresa Loewen,c8c34930-94b1-40e7-8f68-af42014dad64,Primo 7.6-1 208-240 (1),,,7.6,parsed_from_inverter_name,9.53,,
fronius,2023-01-05,2ab95c68-1fa4-4006-85d8-f23561947d68,Teresa Loewen,c8c34930-94b1-40e7-8f68-af42014dad64,Primo 7.6-1 208-240 (1),,,7.6,parsed_from_inverter_name,7.31,,
fronius,2023-01-06,2ab95c68-1fa4-4006-85d8-f23561947d68,Teresa Loewen,c8c34930-94b1-40e7-8f68-af42014dad64,Primo 7.6-1 208-240 (1),,,7.6,parsed_from_inverter_name,9.29,,
fronius,2023-01-07,2ab95c68-1fa4-4006-85d8-f23561947d68,Teresa Loewen,c8c34930-94b1-40e7-8f68-af42014dad64,Primo 7.6-1 208-240 (1),,,7.6,parsed_from_inverter_name,8.57,,
fronius,2023-01-08,2ab95c68-1fa4-4006-85d8-f23561947d68,Teresa Loewen,c8c34930-94b1-40e7-8f68-af42014dad64,Primo 7.6-1 208-240 (1),,,7.6,parsed_from_inverter_name,3.17,,
fronius,2023-01-09,2ab95c68-1fa4-4006-85d8-f23561947d68,Teresa Loewen,c8c34930-94b1-40e7-8f68-af42014dad64,Primo 7.6-1 208-240 (1),,,7.6,parsed_from_inverter_name,8.09,,
fronius,2023-01-10,2ab95c68-1fa4-4006-85d8-f23561947d68,Teresa Loewen,c8c34930-94b1-40e7-8f68-af42014dad64,Primo 7.6-1 208-240 (1),,,7.6,parsed_from_inverter_name,9.12,,
fronius,2023-01-11,2ab95c68-1fa4-4006-85d8-f23561947d68,Teresa Loewen,c8c34930-94b1-40e7-8f68-af42014dad64,Primo 7.6-1 208-240 (1),,,7.6,parsed_from_inverter_name,9.86,,
fronius,2023-01-12,2ab95c68-1fa4-4006-85d8-f23561947d68,Teresa Loewen,c8c34930-94b1-40e7-8f68-af42014dad64,Primo 7.6-1 208-240 (1),,,7.6,parsed_from_inverter_name,3.13,,
fronius,2023-01-13,2ab95c68-1fa4-4006-85d8-f23561947d68,Teresa Loewen,c8c34930-94b1-40e7-8f68-af42014dad64,Primo 7.6-1 208-240 (1),,,7.6,parsed_from_inverter_name,8.03,,
fronius,2023-01-14,2ab95c68-1fa4-4006-85d8-f23561947d68,Teresa Loewen,c8c34930-94b1-40e7-8f68-af42014dad64,Primo 7.6-1 208-240 (1),,,7.6,parsed_from_inverter_name,10.62,,
fronius,2023-01-15,2ab95c68-1fa4-4006-85d8-f23561947d68,Teresa Loewen,c8c34930-94b1-40e7-8f68-af42014dad64,Primo 7.6-1 208-240 (1),,,7.6,parsed_from_inverter_name,4.31,,
fronius,2023-01-16,2ab95c68-1fa4-4006-85d8-f23561947d68,Teresa Loewen,c8c34930-94b1-40e7-8f68-af42014dad64,Primo 7.6-1 208-240 (1),,,7.6,parsed_from_inverter_name,10.83,,
fronius,2023-01-17,2ab95c68-1fa4-4006-85d8-f23561947d68,Teresa Loewen,c8c34930-94b1-40e7-8f68-af42014dad64,Primo 7.6-1 208-240 (1),,,7.6,parsed_from_inverter_name,10.87,,
fronius,2023-01-18,2ab95c68-1fa4-4006-85d8-f23561947d68,Teresa Loewen,c8c34930-94b1-40e7-8f68-af42014dad64,Primo 7.6-1 208-240 (1),,,7.6,parsed_from_inverter_name,9.83,,
fronius,2023-01-19,2ab95c68-1fa4-4006-85d8-f23561947d68,Teresa Loewen,c8c34930-94b1-40e7-8f68-af42014dad64,Primo 7.6-1 208-240 (1),,,7.6,parsed_from_inverter_name,9.48,,
fronius,2023-01-20,2ab95c68-1fa4-4006-85d8-f23561947d68,Teresa Loewen,c8c34930-94b1-40e7-8f68-af42014dad64,Primo 7.6-1 208-240 (1),,,7.6,parsed_from_inverter_name,10.0,,
fronius,2023-01-21,2ab95c68-1fa4-4006-85d8-f23561947d68,Teresa Loewen,c8c34930-94b1-40e7-8f68-af42014dad64,Primo 7.6-1 208-240 (1),,,7.6,parsed_from_inverter_name,11.26,,
fronius,2023-01-22,2ab95c68-1fa4-4006-85d8-f23561947d68,Teresa Loewen,c8c34930-94b1-40e7-8f68-af42014dad64,Primo 7.6-1 208-240 (1),,,7.6,parsed_from_inverter_name,0.48,,
fronius,2023-01-23,2ab95c68-1fa4-4006-85d8-f23561947d68,Teresa Loewen,c8c34930-94b1-40e7-8f68-af42014dad64,Primo 7.6-1 208-240 (1),,,7.6,parsed_from_inverter_name,9.45,,
fronius,2023-01-24,2ab95c68-1fa4-4006-85d8-f23561947d68,Teresa Loewen,c8c34930-94b1-40e7-8f68-af42014dad64,Primo 7.6-1 208-240 (1),,,7.6,parsed_from_inverter_name,5.41,,
fronius,2023-01-25,2ab95c68-1fa4-4006-85d8-f23561947d68,Teresa Loewen,c8c34930-94b1-40e7-8f68-af42014dad64,Primo 7.6-1 208-240 (1),,,7.6,parsed_from_inverter_name,3.04,,
fronius,2023-01-26,2ab95c68-1fa4-4006-85d8-f23561947d68,Teresa Loewen,c8c34930-94b1-40e7-8f68-af42014dad64,Primo 7.6-1 208-240 (1),,,7.6,parsed_from_inverter_name,9.67,,
fronius,2023-01-27,2ab95c68-1fa4-4006-85d8-f23561947d68,Teresa Loewen,c8c34930-94b1-40e7-8f68-af42014dad64,Primo 7.6-1 208-240 (1),,,7.6,parsed_from_inverter_name,1.74,,
fronius,2023-01-28,2ab95c68-1fa4-4006-85d8-f23561947d68,Teresa Loewen,c8c34930-94b1-40e7-8f68-af42014dad64,Primo 7.6-1 208-240 (1),,,7.6,parsed_from_inverter_name,2.6,,
fronius,2023-01-29,2ab95c68-1fa4-4006-85d8-f23561947d68,Teresa Loewen,c8c34930-94b1-40e7-8f68-af42014dad64,Primo 7.6-1 208-240 (1),,,7.6,parsed_from_inverter_name,3.48,,
fronius,2023-01-30,2ab95c68-1fa4-4006-85d8-f23561947d68,Teresa Loewen,c8c34930-94b1-40e7-8f68-af42014dad64,Primo 7.6-1 208-240 (1),,,7.6,parsed_from_inverter_name,0.51,,
fronius,2023-01-31,2ab95c68-1fa4-4006-85d8-f23561947d68,Teresa Loewen,c8c34930-94b1-40e7-8f68-af42014dad64,Primo 7.6-1 208-240 (1),,,7.6,parsed_from_inverter_name,0.59,,
fronius,2023-02-01,2ab95c68-1fa4-4006-85d8-f23561947d68,Teresa Loewen,c8c34930-94b1-40e7-8f68-af42014dad64,Primo 7.6-1 208-240 (1),,,7.6,parsed_from_inverter_name,1.44,,
fronius,2023-02-02,2ab95c68-1fa4-4006-85d8-f23561947d68,Teresa Loewen,c8c34930-94b1-40e7-8f68-af42014dad64,Primo 7.6-1 208-240 (1),,,7.6,parsed_from_inverter_name,1.25,,
fronius,2023-02-03,2ab95c68-1fa4-4006-85d8-f23561947d68,Teresa Loewen,c8c34930-94b1-40e7-8f68-af42014dad64,Primo 7.6-1 208-240 (1),,,7.6,parsed_from_inverter_name,11.79,,
fronius,2023-02-04,2ab95c68-1fa4-4006-85d8-f23561947d68,Teresa Loewen,c8c34930-94b1-40e7-8f68-af42014dad64,Primo 7.6-1 208-240 (1),,,7.6,parsed_from_inverter_name,14.37,,
fronius,2023-02-05,2ab95c68-1fa4-4006-85d8-f23561947d68,Teresa Loewen,c8c34930-94b1-40e7-8f68-af42014dad64,Primo 7.6-1 208-240 (1),,,7.6,parsed_from_inverter_name,8.6,,
fronius,2023-02-06,2ab95c68-1fa4-4006-85d8-f23561947d68,Teresa Loewen,c8c34930-94b1-40e7-8f68-af42014dad64,Primo 7.6-1 208-240 (1),,,7.6,parsed_from_inverter_name,14.38,,
fronius,2023-02-07,2ab95c68-1fa4-4006-85d8-f23561947d68,Teresa Loewen,c8c34930-94b1-40e7-8f68-af42014dad64,Primo 7.6-1 208-240 (1),,,7.6,parsed_from_inverter_name,3.31,,
fronius,2023-02-08,2ab95c68-1fa4-4006-85d8-f23561947d68,Teresa Loewen,c8c34930-94b1-40e7-8f68-af42014dad64,Primo 7.6-1 208-240 (1),,,7.6,parsed_from_inverter_name,9.99,,
fronius,2023-02-09,2ab95c68-1fa4-4006-85d8-f23561947d68,Teresa Loewen,c8c34930-94b1-40e7-8f68-af42014dad64,Primo 7.6-1 208-240 (1),,,7.6,parsed_from_inverter_name,17.34,,
fronius,2023-02-10,2ab95c68-1fa4-4006-85d8-f23561947d68,Teresa Loewen,c8c34930-94b1-40e7-8f68-af42014dad64,Primo 7.6-1 208-240 (1),,,7.6,parsed_from_inverter_name,16.6,,
fronius,2023-02-11,2ab95c68-1fa4-4006-85d8-f23561947d68,Teresa Loewen,c8c34930-94b1-40e7-8f68-af42014dad64,Primo 7.6-1 208-240 (1),,,7.6,parsed_from_inverter_name,16.98,,
fronius,2023-02-12,2ab95c68-1fa4-4006-85d8-f23561947d68,Teresa Loewen,c8c34930-94b1-40e7-8f68-af42014dad64,Primo 7.6-1 208-240 (1),,,7.6,parsed_from_inverter_name,11.24,,
fronius,2023-02-13,2ab95c68-1fa4-4006-85d8-f23561947d68,Teresa Loewen,c8c34930-94b1-40e7-8f68-af42014dad64,Primo 7.6-1 208-240 (1),,,7.6,parsed_from_inverter_name,10.82,,
fronius,2023-02-14,2ab95c68-1fa4-4006-85d8-f23561947d68,Teresa Loewen,c8c34930-94b1-40e7-8f68-af42014dad64,Primo 7.6-1 208-240 (1),,,7.6,parsed_from_inverter_name,2.55,,
fronius,2023-02-15,2ab95c68-1fa4-4006-85d8-f23561947d68,Teresa Loewen,c8c34930-94b1-40e7-8f68-af42014dad64,Primo 7.6-1 208-240 (1),,,7.6,parsed_from_inverter_name,15.52,,
fronius,2023-02-16,2ab95c68-1fa4-4006-85d8-f23561947d68,Teresa Loewen,c8c34930-94b1-40e7-8f68-af42014dad64,Primo 7.6-1 208-240 (1),,,7.6,parsed_from_inverter_name,9.45,,
fronius,2023-02-17,2ab95c68-1fa4-4006-85d8-f23561947d68,Teresa Loewen,c8c34930-94b1-40e7-8f68-af42014dad64,Primo 7.6-1 208-240 (1),,,7.6,parsed_from_inverter_name,20.49,,
fronius,2023-02-18,2ab95c68-1fa4-4006-85d8-f23561947d68,Teresa Loewen,c8c34930-94b1-40e7-8f68-af42014dad64,Primo 7.6-1 208-240 (1),,,7.6,parsed_from_inverter_name,17.27,,
fronius,2023-02-19,2ab95c68-1fa4-4006-85d8-f23561947d68,Teresa Loewen,c8c34930-94b1-40e7-8f68-af42014dad64,Primo 7.6-1 208-240 (1),,,7.6,parsed_from_inverter_name,14.01,,
fronius,2023-02-20,2ab95c68-1fa4-4006-85d8-f23561947d68,Teresa Loewen,c8c34930-94b1-40e7-8f68-af42014dad64,Primo 7.6-1 208-240 (1),,,7.6,parsed_from_inverter_name,0.24,,
fronius,2023-02-26,2ab95c68-1fa4-4006-85d8-f23561947d68,Teresa Loewen,c8c34930-94b1-40e7-8f68-af42014dad64,Primo 7.6-1 208-240 (1),,,7.6,parsed_from_inverter_name,0.74,,
fronius,2023-02-27,2ab95c68-1fa4-4006-85d8-f23561947d68,Teresa Loewen,c8c34930-94b1-40e7-8f68-af42014dad64,Primo 7.6-1 208-240 (1),,,7.6,parsed_from_inverter_name,5.94,,
fronius,2023-02-28,2ab95c68-1fa4-4006-85d8-f23561947d68,Teresa Loewen,c8c34930-94b1-40e7-8f68-af42014dad64,Primo 7.6-1 208-240 (1),,,7.6,parsed_from_inverter_name,2.71,,
fronius,2023-03-01,2ab95c68-1fa4-4006-85d8-f23561947d68,Teresa Loewen,c8c34930-94b1-40e7-8f68-af42014dad64,Primo 7.6-1 208-240 (1),,,7.6,parsed_from_inverter_name,5.93,,
fronius,2023-03-02,2ab95c68-1fa4-4006-85d8-f23561947d68,Teresa Loewen,c8c34930-94b1-40e7-8f68-af42014dad64,Primo 7.6-1 208-240 (1),,,7.6,parsed_from_inverter_name,16.1,,
fronius,2023-03-03,2ab95c68-1fa4-4006-85d8-f23561947d68,Teresa Loewen,c8c34930-94b1-40e7-8f68-af42014dad64,Primo 7.6-1 208-240 (1),,,7.6,parsed_from_inverter_name,25.12,,
fronius,2023-03-04,2ab95c68-1fa4-4006-85d8-f23561947d68,Teresa Loewen,c8c34930-94b1-40e7-8f68-af42014dad64,Primo 7.6-1 208-240 (1),,,7.6,parsed_from_inverter_name,27.02,,
fronius,2023-03-05,2ab95c68-1fa4-4006-85d8-f23561947d68,Teresa Loewen,c8c34930-94b1-40e7-8f68-af42014dad64,Primo 7.6-1 208-240 (1),,,7.6,parsed_from_inverter_name,2.36,,
fronius,2023-03-06,2ab95c68-1fa4-4006-85d8-f23561947d68,Teresa Loewen,c8c34930-94b1-40e7-8f68-af42014dad64,Primo 7.6-1 208-240 (1),,,7.6,parsed_from_inverter_name,0.47,,
fronius,2023-03-07,2ab95c68-1fa4-4006-85d8-f23561947d68,Teresa Loewen,c8c34930-94b1-40e7-8f68-af42014dad64,Primo 7.6-1 208-240 (1),,,7.6,parsed_from_inverter_name,0.72,,
fronius,2023-03-08,2ab95c68-1fa4-4006-85d8-f23561947d68,Teresa Loewen,c8c34930-94b1-40e7-8f68-af42014dad64,Primo 7.6-1 208-240 (1),,,7.6,parsed_from_inverter_name,0.27,,
fronius,2023-03-09,2ab95c68-1fa4-4006-85d8-f23561947d68,Teresa Loewen,c8c34930-94b1-40e7-8f68-af42014dad64,Primo 7.6-1 208-240 (1),,,7.6,parsed_from_inverter_name,0.68,,
fronius,2023-03-10,2ab95c68-1fa4-4006-85d8-f23561947d68,Teresa Loewen,c8c34930-94b1-40e7-8f68-af42014dad64,Primo 7.6-1 208-240 (1),,,7.6,parsed_from_inverter_name,0.01,,
fronius,2023-03-11,2ab95c68-1fa4-4006-85d8-f23561947d68,Teresa Loewen,c8c34930-94b1-40e7-8f68-af42014dad64,Primo 7.6-1 208-240 (1),,,7.6,parsed_from_inverter_name,0.01,,
fronius,2023-03-12,2ab95c68-1fa4-4006-85d8-f23561947d68,Teresa Loewen,c8c34930-94b1-40e7-8f68-af42014dad64,Primo 7.6-1 208-240 (1),,,7.6,parsed_from_inverter_name,0.05,,
fronius,2023-03-13,2ab95c68-1fa4-4006-85d8-f23561947d68,Teresa Loewen,c8c34930-94b1-40e7-8f68-af42014dad64,Primo 7.6-1 208-240 (1),,,7.6,parsed_from_inverter_name,3.98,,
fronius,2023-03-14,2ab95c68-1fa4-4006-85d8-f23561947d68,Teresa Loewen,c8c34930-94b1-40e7-8f68-af42014dad64,Primo 7.6-1 208-240 (1),,,7.6,parsed_from_inverter_name,30.05,,
fronius,2023-03-15,2ab95c68-1fa4-4006-85d8-f23561947d68,Teresa Loewen,c8c34930-94b1-40e7-8f68-af42014dad64,Primo 7.6-1 208-240 (1),,,7.6,parsed_from_inverter_name,28.71,,
fronius,2023-03-16,2ab95c68-1fa4-4006-85d8-f23561947d68,Teresa Loewen,c8c34930-94b1-40e7-8f68-af42014dad64,Primo 7.6-1 208-240 (1),,,7.6,parsed_from_inverter_name,37.84,,
fronius,2023-03-17,2ab95c68-1fa4-4006-85d8-f23561947d68,Teresa Loewen,c8c34930-94b1-40e7-8f68-af42014dad64,Primo 7.6-1 208-240 (1),,,7.6,parsed_from_inverter_name,39.21,,
fronius,2023-03-18,2ab95c68-1fa4-4006-85d8-f23561947d68,Teresa Loewen,c8c34930-94b1-40e7-8f68-af42014dad64,Primo 7.6-1 208-240 (1),,,7.6,parsed_from_inverter_name,31.2,,
fronius,2023-03-19,2ab95c68-1fa4-4006-85d8-f23561947d68,Teresa Loewen,c8c34930-94b1-40e7-8f68-af42014dad64,Primo 7.6-1 208-240 (1),,,7.6,parsed_from_inverter_name,38.68,,
fronius,2023-03-20,2ab95c68-1fa4-4006-85d8-f23561947d68,Teresa Loewen,c8c34930-94b1-40e7-8f68-af42014dad64,Primo 7.6-1 208-240 (1),,,7.6,parsed_from_inverter_name,39.29,,
fronius,2023-03-21,2ab95c68-1fa4-4006-85d8-f23561947d68,Teresa Loewen,c8c34930-94b1-40e7-8f68-af42014dad64,Primo 7.6-1 208-240 (1),,,7.6,parsed_from_inverter_name,38.93,,
fronius,2023-03-22,2ab95c68-1fa4-4006-85d8-f23561947d68,Teresa Loewen,c8c34930-94b1-40e7-8f68-af42014dad64,Primo 7.6-1 208-240 (1),,,7.6,parsed_from_inverter_name,40.87,,
fronius,2023-03-23,2ab95c68-1fa4-4006-85d8-f23561947d68,Teresa Loewen,c8c34930-94b1-40e7-8f68-af42014dad64,Primo 7.6-1 208-240 (1),,,7.6,parsed_from_inverter_name,42.4,,
fronius,2023-03-24,2ab95c68-1fa4-4006-85d8-f23561947d68,Teresa Loewen,c8c34930-94b1-40e7-8f68-af42014dad64,Primo 7.6-1 208-240 (1),,,7.6,parsed_from_inverter_name,28.74,,
fronius,2023-03-25,2ab95c68-1fa4-4006-85d8-f23561947d68,Teresa Loewen,c8c34930-94b1-40e7-8f68-af42014dad64,Primo 7.6-1 208-240 (1),,,7.6,parsed_from_inverter_name,37.98,,
fronius,2023-03-26,2ab95c68-1fa4-4006-85d8-f23561947d68,Teresa Loewen,c8c34930-94b1-40e7-8f68-af42014dad64,Primo 7.6-1 208-240 (1),,,7.6,parsed_from_inverter_name,30.15,,
fronius,2023-03-27,2ab95c68-1fa4-4006-85d8-f23561947d68,Teresa Loewen,c8c34930-94b1-40e7-8f68-af42014dad64,Primo 7.6-1 208-240 (1),,,7.6,parsed_from_inverter_name,1.42,,
fronius,2023-03-28,2ab95c68-1fa4-4006-85d8-f23561947d68,Teresa Loewen,c8c34930-94b1-40e7-8f68-af42014dad64,Primo 7.6-1 208-240 (1),,,7.6,parsed_from_inverter_name,24.06,,
fronius,2023-03-29,2ab95c68-1fa4-4006-85d8-f23561947d68,Teresa Loewen,c8c34930-94b1-40e7-8f68-af42014dad64,Primo 7.6-1 208-240 (1),,,7.6,parsed_from_inverter_name,44.89,,
fronius,2023-03-30,2ab95c68-1fa4-4006-85d8-f23561947d68,Teresa Loewen,c8c34930-94b1-40e7-8f68-af42014dad64,Primo 7.6-1 208-240 (1),,,7.6,parsed_from_inverter_name,35.52,,
fronius,2023-03-31,2ab95c68-1fa4-4006-85d8-f23561947d68,Teresa Loewen,c8c34930-94b1-40e7-8f68-af42014dad64,Primo 7.6-1 208-240 (1),,,7.6,parsed_from_inverter_name,46.72,,
fronius,2023-04-01,2ab95c68-1fa4-4006-85d8-f23561947d68,Teresa Loewen,c8c34930-94b1-40e7-8f68-af42014dad64,Primo 7.6-1 208-240 (1),,,7.6,parsed_from_inverter_name,30.0,,
fronius,2023-04-02,2ab95c68-1fa4-4006-85d8-f23561947d68,Teresa Loewen,c8c34930-94b1-40e7-8f68-af42014dad64,Primo 7.6-1 208-240 (1),,,7.6,parsed_from_inverter_name,0.7,,
fronius,2023-04-03,2ab95c68-1fa4-4006-85d8-f23561947d68,Teresa Loewen,c8c34930-94b1-40e7-8f68-af42014dad64,Primo 7.6-1 208-240 (1),,,7.6,parsed_from_inverter_name,5.16,,
fronius,2023-04-04,2ab95c68-1fa4-4006-85d8-f23561947d68,Teresa Loewen,c8c34930-94b1-40e7-8f68-af42014dad64,Primo 7.6-1 208-240 (1),,,7.6,parsed_from_inverter_name,10.69,,
fronius,2023-04-05,2ab95c68-1fa4-4006-85d8-f23561947d68,Teresa Loewen,c8c34930-94b1-40e7-8f68-af42014dad64,Primo 7.6-1 208-240 (1),,,7.6,parsed_from_inverter_name,41.64,,
fronius,2023-04-06,2ab95c68-1fa4-4006-85d8-f23561947d68,Teresa Loewen,c8c34930-94b1-40e7-8f68-af42014dad64,Primo 7.6-1 208-240 (1),,,7.6,parsed_from_inverter_name,48.37,,
fronius,2023-04-07,2ab95c68-1fa4-4006-85d8-f23561947d68,Teresa Loewen,c8c34930-94b1-40e7-8f68-af42014dad64,Primo 7.6-1 208-240 (1),,,7.6,parsed_from_inverter_name,33.85,,
fronius,2023-04-08,2ab95c68-1fa4-4006-85d8-f23561947d68,Teresa Loewen,c8c34930-94b1-40e7-8f68-af42014dad64,Primo 7.6-1 208-240 (1),,,7.6,parsed_from_inverter_name,43.31,,
fronius,2023-04-09,2ab95c68-1fa4-4006-85d8-f23561947d68,Teresa Loewen,c8c34930-94b1-40e7-8f68-af42014dad64,Primo 7.6-1 208-240 (1),,,7.6,parsed_from_inverter_name,41.74,,
fronius,2023-04-10,2ab95c68-1fa4-4006-85d8-f23561947d68,Teresa Loewen,c8c34930-94b1-40e7-8f68-af42014dad64,Primo 7.6-1 208-240 (1),,,7.6,parsed_from_inverter_name,37.94,,
fronius,2023-04-11,2ab95c68-1fa4-4006-85d8-f23561947d68,Teresa Loewen,c8c34930-94b1-40e7-8f68-af42014dad64,Primo 7.6-1 208-240 (1),,,7.6,parsed_from_inverter_name,47.1,,
fronius,2023-04-12,2ab95c68-1fa4-4006-85d8-f23561947d68,Teresa Loewen,c8c34930-94b1-40e7-8f68-af42014dad64,Primo 7.6-1 208-240 (1),,,7.6,parsed_from_inverter_name,30.6,,
fronius,2023-04-13,2ab95c68-1fa4-4006-85d8-f23561947d68,Teresa Loewen,c8c34930-94b1-40e7-8f68-af42014dad64,Primo 7.6-1 208-240 (1),,,7.6,parsed_from_inverter_name,32.59,,
fronius,2023-04-14,2ab95c68-1fa4-4006-85d8-f23561947d68,Teresa Loewen,c8c34930-94b1-40e7-8f68-af42014dad64,Primo 7.6-1 208-240 (1),,,7.6,parsed_from_inverter_name,42.88,,
fronius,2023-04-15,2ab95c68-1fa4-4006-85d8-f23561947d68,Teresa Loewen,c8c34930-94b1-40e7-8f68-af42014dad64,Primo 7.6-1 208-240 (1),,,7.6,parsed_from_inverter_name,50.6,,
fronius,2023-04-16,2ab95c68-1fa4-4006-85d8-f23561947d68,Teresa Loewen,c8c34930-94b1-40e7-8f68-af42014dad64,Primo 7.6-1 208-240 (1),,,7.6,parsed_from_inverter_name,42.71,,
fronius,2023-04-17,2ab95c68-1fa4-4006-85d8-f23561947d68,Teresa Loewen,c8c34930-94b1-40e7-8f68-af42014dad64,Primo 7.6-1 208-240 (1),,,7.6,parsed_from_inverter_name,53.48,,
fronius,2023-04-18,2ab95c68-1fa4-4006-85d8-f23561947d68,Teresa Loewen,c8c34930-94b1-40e7-8f68-af42014dad64,Primo 7.6-1 208-240 (1),,,7.6,parsed_from_inverter_name,24.09,,
fronius,2023-04-19,2ab95c68-1fa4-4006-85d8-f23561947d68,Teresa Loewen,c8c34930-94b1-40e7-8f68-af42014dad64,Primo 7.6-1 208-240 (1),,,7.6,parsed_from_inverter_name,8.12,,
fronius,2023-04-20,2ab95c68-1fa4-4006-85d8-f23561947d68,Teresa Loewen,c8c34930-94b1-40e7-8f68-af42014dad64,Primo 7.6-1 208-240 (1),,,7.6,parsed_from_inverter_name,2.74,,
fronius,2023-04-21,2ab95c68-1fa4-4006-85d8-f23561947d68,Teresa Loewen,c8c34930-94b1-40e7-8f68-af42014dad64,Primo 7.6-1 208-240 (1),,,7.6,parsed_from_inverter_name,27.84,,
fronius,2023-04-22,2ab95c68-1fa4-4006-85d8-f23561947d68,Teresa Loewen,c8c34930-94b1-40e7-8f68-af42014dad64,Primo 7.6-1 208-240 (1),,,7.6,parsed_from_inverter_name,35.45,,
fronius,2023-04-23,2ab95c68-1fa4-4006-85d8-f23561947d68,Teresa Loewen,c8c34930-94b1-40e7-8f68-af42014dad64,Primo 7.6-1 208-240 (1),,,7.6,parsed_from_inverter_name,44.74,,
fronius,2023-04-24,2ab95c68-1fa4-4006-85d8-f23561947d68,Teresa Loewen,c8c34930-94b1-40e7-8f68-af42014dad64,Primo 7.6-1 208-240 (1),,,7.6,parsed_from_inverter_name,26.68,,
fronius,2023-04-25,2ab95c68-1fa4-4006-85d8-f23561947d68,Teresa Loewen,c8c34930-94b1-40e7-8f68-af42014dad64,Primo 7.6-1 208-240 (1),,,7.6,parsed_from_inverter_name,49.68,,
fronius,2023-04-26,2ab95c68-1fa4-4006-85d8-f23561947d68,Teresa Loewen,c8c34930-94b1-40e7-8f68-af42014dad64,Primo 7.6-1 208-240 (1),,,7.6,parsed_from_inverter_name,24.79,,
fronius,2023-04-27,2ab95c68-1fa4-4006-85d8-f23561947d68,Teresa Loewen,c8c34930-94b1-40e7-8f68-af42014dad64,Primo 7.6-1 208-240 (1),,,7.6,parsed_from_inverter_name,49.09,,
fronius,2023-04-28,2ab95c68-1fa4-4006-85d8-f23561947d68,Teresa Loewen,c8c34930-94b1-40e7-8f68-af42014dad64,Primo 7.6-1 208-240 (1),,,7.6,parsed_from_inverter_name,50.67,,
fronius,2023-04-29,2ab95c68-1fa4-4006-85d8-f23561947d68,Teresa Loewen,c8c34930-94b1-40e7-8f68-af42014dad64,Primo 7.6-1 208-240 (1),,,7.6,parsed_from_inverter_name,52.08,,
fronius,2023-04-30,2ab95c68-1fa4-4006-85d8-f23561947d68,Teresa Loewen,c8c34930-94b1-40e7-8f68-af42014dad64,Primo 7.6-1 208-240 (1),,,7.6,parsed_from_inverter_name,52.43,,
fronius,2023-05-01,2ab95c68-1fa4-4006-85d8-f23561947d68,Teresa Loewen,c8c34930-94b1-40e7-8f68-af42014dad64,Primo 7.6-1 208-240 (1),,,7.6,parsed_from_inverter_name,52.79,,
fronius,2023-05-02,2ab95c68-1fa4-4006-85d8-f23561947d68,Teresa Loewen,c8c34930-94b1-40e7-8f68-af42014dad64,Primo 7.6-1 208-240 (1),,,7.6,parsed_from_inverter_name,52.65,,
fronius,2023-05-03,2ab95c68-1fa4-4006-85d8-f23561947d68,Teresa Loewen,c8c34930-94b1-40e7-8f68-af42014dad64,Primo 7.6-1 208-240 (1),,,7.6,parsed_from_inverter_name,48.27,,
fronius,2023-05-04,2ab95c68-1fa4-4006-85d8-f23561947d68,Teresa Loewen,c8c34930-94b1-40e7-8f68-af42014dad64,Primo 7.6-1 208-240 (1),,,7.6,parsed_from_inverter_name,44.58,,
fronius,2023-05-05,2ab95c68-1fa4-4006-85d8-f23561947d68,Teresa Loewen,c8c34930-94b1-40e7-8f68-af42014dad64,Primo 7.6-1 208-240 (1),,,7.6,parsed_from_inverter_name,43.28,,
fronius,2023-05-06,2ab95c68-1fa4-4006-85d8-f23561947d68,Teresa Loewen,c8c34930-94b1-40e7-8f68-af42014dad64,Primo 7.6-1 208-240 (1),,,7.6,parsed_from_inverter_name,12.45,,
fronius,2023-05-07,2ab95c68-1fa4-4006-85d8-f23561947d68,Teresa Loewen,c8c34930-94b1-40e7-8f68-af42014dad64,Primo 7.6-1 208-240 (1),,,7.6,parsed_from_inverter_name,27.4,,
fronius,2023-05-08,2ab95c68-1fa4-4006-85d8-f23561947d68,Teresa Loewen,c8c34930-94b1-40e7-8f68-af42014dad64,Primo 7.6-1 208-240 (1),,,7.6,parsed_from_inverter_name,43.68,,
fronius,2023-05-09,2ab95c68-1fa4-4006-85d8-f23561947d68,Teresa Loewen,c8c34930-94b1-40e7-8f68-af42014dad64,Primo 7.6-1 208-240 (1),,,7.6,parsed_from_inverter_name,39.32,,
fronius,2023-05-10,2ab95c68-1fa4-4006-85d8-f23561947d68,Teresa Loewen,c8c34930-94b1-40e7-8f68-af42014dad64,Primo 7.6-1 208-240 (1),,,7.6,parsed_from_inverter_name,35.7,,
fronius,2023-05-11,2ab95c68-1fa4-4006-85d8-f23561947d68,Teresa Loewen,c8c34930-94b1-40e7-8f68-af42014dad64,Primo 7.6-1 208-240 (1),,,7.6,parsed_from_inverter_name,41.98,,
fronius,2023-05-12,2ab95c68-1fa4-4006-85d8-f23561947d68,Teresa Loewen,c8c34930-94b1-40e7-8f68-af42014dad64,Primo 7.6-1 208-240 (1),,,7.6,parsed_from_inverter_name,47.38,,
fronius,2023-05-13,2ab95c68-1fa4-4006-85d8-f23561947d68,Teresa Loewen,c8c34930-94b1-40e7-8f68-af42014dad64,Primo 7.6-1 208-240 (1),,,7.6,parsed_from_inverter_name,49.75,,
fronius,2023-05-14,2ab95c68-1fa4-4006-85d8-f23561947d68,Teresa Loewen,c8c34930-94b1-40e7-8f68-af42014dad64,Primo 7.6-1 208-240 (1),,,7.6,parsed_from_inverter_name,37.24,,
fronius,2023-05-15,2ab95c68-1fa4-4006-85d8-f23561947d68,Teresa Loewen,c8c34930-94b1-40e7-8f68-af42014dad64,Primo 7.6-1 208-240 (1),,,7.6,parsed_from_inverter_name,53.36,,
fronius,2023-05-16,2ab95c68-1fa4-4006-85d8-f23561947d68,Teresa Loewen,c8c34930-94b1-40e7-8f68-af42014dad64,Primo 7.6-1 208-240 (1),,,7.6,parsed_from_inverter_name,36.84,,
fronius,2023-05-17,2ab95c68-1fa4-4006-85d8-f23561947d68,Teresa Loewen,c8c34930-94b1-40e7-8f68-af42014dad64,Primo 7.6-1 208-240 (1),,,7.6,parsed_from_inverter_name,30.08,,
fronius,2023-05-18,2ab95c68-1fa4-4006-85d8-f23561947d68,Teresa Loewen,c8c34930-94b1-40e7-8f68-af42014dad64,Primo 7.6-1 208-240 (1),,,7.6,parsed_from_inverter_name,46.71,,
fronius,2023-05-19,2ab95c68-1fa4-4006-85d8-f23561947d68,Teresa Loewen,c8c34930-94b1-40e7-8f68-af42014dad64,Primo 7.6-1 208-240 (1),,,7.6,parsed_from_inverter_name,46.73,,
fronius,2023-05-20,2ab95c68-1fa4-4006-85d8-f23561947d68,Teresa Loewen,c8c34930-94b1-40e7-8f68-af42014dad64,Primo 7.6-1 208-240 (1),,,7.6,parsed_from_inverter_name,35.43,,
fronius,2023-05-21,2ab95c68-1fa4-4006-85d8-f23561947d68,Teresa Loewen,c8c34930-94b1-40e7-8f68-af42014dad64,Primo 7.6-1 208-240 (1),,,7.6,parsed_from_inverter_name,41.79,,
fronius,2023-05-22,2ab95c68-1fa4-4006-85d8-f23561947d68,Teresa Loewen,c8c34930-94b1-40e7-8f68-af42014dad64,Primo 7.6-1 208-240 (1),,,7.6,parsed_from_inverter_name,37.72,,
fronius,2023-05-23,2ab95c68-1fa4-4006-85d8-f23561947d68,Teresa Loewen,c8c34930-94b1-40e7-8f68-af42014dad64,Primo 7.6-1 208-240 (1),,,7.6,parsed_from_inverter_name,48.87,,
fronius,2023-05-24,2ab95c68-1fa4-4006-85d8-f23561947d68,Teresa Loewen,c8c34930-94b1-40e7-8f68-af42014dad64,Primo 7.6-1 208-240 (1),,,7.6,parsed_from_inverter_name,39.32,,
fronius,2023-05-25,2ab95c68-1fa4-4006-85d8-f23561947d68,Teresa Loewen,c8c34930-94b1-40e7-8f68-af42014dad64,Primo 7.6-1 208-240 (1),,,7.6,parsed_from_inverter_name,34.05,,
fronius,2023-05-26,2ab95c68-1fa4-4006-85d8-f23561947d68,Teresa Loewen,c8c34930-94b1-40e7-8f68-af42014dad64,Primo 7.6-1 208-240 (1),,,7.6,parsed_from_inverter_name,38.08,,
fronius,2023-05-27,2ab95c68-1fa4-4006-85d8-f23561947d68,Teresa Loewen,c8c34930-94b1-40e7-8f68-af42014dad64,Primo 7.6-1 208-240 (1),,,7.6,parsed_from_inverter_name,16.61,,
fronius,2023-05-28,2ab95c68-1fa4-4006-85d8-f23561947d68,Teresa Loewen,c8c34930-94b1-40e7-8f68-af42014dad64,Primo 7.6-1 208-240 (1),,,7.6,parsed_from_inverter_name,49.24,,
fronius,2023-05-29,2ab95c68-1fa4-4006-85d8-f23561947d68,Teresa Loewen,c8c34930-94b1-40e7-8f68-af42014dad64,Primo 7.6-1 208-240 (1),,,7.6,parsed_from_inverter_name,40.52,,
fronius,2023-05-30,2ab95c68-1fa4-4006-85d8-f23561947d68,Teresa Loewen,c8c34930-94b1-40e7-8f68-af42014dad64,Primo 7.6-1 208-240 (1),,,7.6,parsed_from_inverter_name,52.69,,
fronius,2023-05-31,2ab95c68-1fa4-4006-85d8-f23561947d68,Teresa Loewen,c8c34930-94b1-40e7-8f68-af42014dad64,Primo 7.6-1 208-240 (1),,,7.6,parsed_from_inverter_name,37.99,,
fronius,2023-06-01,2ab95c68-1fa4-4006-85d8-f23561947d68,Teresa Loewen,c8c34930-94b1-40e7-8f68-af42014dad64,Primo 7.6-1 208-240 (1),,,7.6,parsed_from_inverter_name,14.16,,
fronius,2023-06-02,2ab95c68-1fa4-4006-85d8-f23561947d68,Teresa Loewen,c8c34930-94b1-40e7-8f68-af42014dad64,Primo 7.6-1 208-240 (1),,,7.6,parsed_from_inverter_name,40.52,,
fronius,2023-06-03,2ab95c68-1fa4-4006-85d8-f23561947d68,Teresa Loewen,c8c34930-94b1-40e7-8f68-af42014dad64,Primo 7.6-1 208-240 (1),,,7.6,parsed_from_inverter_name,16.25,,
fronius,2023-06-04,2ab95c68-1fa4-4006-85d8-f23561947d68,Teresa Loewen,c8c34930-94b1-40e7-8f68-af42014dad64,Primo 7.6-1 208-240 (1),,,7.6,parsed_from_inverter_name,50.5,,
fronius,2023-06-05,2ab95c68-1fa4-4006-85d8-f23561947d68,Teresa Loewen,c8c34930-94b1-40e7-8f68-af42014dad64,Primo 7.6-1 208-240 (1),,,7.6,parsed_from_inverter_name,52.4,,
fronius,2023-06-06,2ab95c68-1fa4-4006-85d8-f23561947d68,Teresa Loewen,c8c34930-94b1-40e7-8f68-af42014dad64,Primo 7.6-1 208-240 (1),,,7.6,parsed_from_inverter_name,31.74,,
fronius,2023-06-07,2ab95c68-1fa4-4006-85d8-f23561947d68,Teresa Loewen,c8c34930-94b1-40e7-8f68-af42014dad64,Primo 7.6-1 208-240 (1),,,7.6,parsed_from_inverter_name,51.36,,
fronius,2023-06-08,2ab95c68-1fa4-4006-85d8-f23561947d68,Teresa Loewen,c8c34930-94b1-40e7-8f68-af42014dad64,Primo 7.6-1 208-240 (1),,,7.6,parsed_from_inverter_name,44.61,,
fronius,2023-06-09,2ab95c68-1fa4-4006-85d8-f23561947d68,Teresa Loewen,c8c34930-94b1-40e7-8f68-af42014dad64,Primo 7.6-1 208-240 (1),,,7.6,parsed_from_inverter_name,18.29,,
fronius,2023-06-10,2ab95c68-1fa4-4006-85d8-f23561947d68,Teresa Loewen,c8c34930-94b1-40e7-8f68-af42014dad64,Primo 7.6-1 208-240 (1),,,7.6,parsed_from_inverter_name,34.94,,
fronius,2023-06-11,2ab95c68-1fa4-4006-85d8-f23561947d68,Teresa Loewen,c8c34930-94b1-40e7-8f68-af42014dad64,Primo 7.6-1 208-240 (1),,,7.6,parsed_from_inverter_name,42.86,,
fronius,2023-06-12,2ab95c68-1fa4-4006-85d8-f23561947d68,Teresa Loewen,c8c34930-94b1-40e7-8f68-af42014dad64,Primo 7.6-1 208-240 (1),,,7.6,parsed_from_inverter_name,35.76,,
fronius,2023-06-13,2ab95c68-1fa4-4006-85d8-f23561947d68,Teresa Loewen,c8c34930-94b1-40e7-8f68-af42014dad64,Primo 7.6-1 208-240 (1),,,7.6,parsed_from_inverter_name,52.53,,
fronius,2023-06-14,2ab95c68-1fa4-4006-85d8-f23561947d68,Teresa Loewen,c8c34930-94b1-40e7-8f68-af42014dad64,Primo 7.6-1 208-240 (1),,,7.6,parsed_from_inverter_name,34.82,,
fronius,2023-06-15,2ab95c68-1fa4-4006-85d8-f23561947d68,Teresa Loewen,c8c34930-94b1-40e7-8f68-af42014dad64,Primo 7.6-1 208-240 (1),,,7.6,parsed_from_inverter_name,31.28,,
fronius,2023-06-16,2ab95c68-1fa4-4006-85d8-f23561947d68,Teresa Loewen,c8c34930-94b1-40e7-8f68-af42014dad64,Primo 7.6-1 208-240 (1),,,7.6,parsed_from_inverter_name,52.1,,
fronius,2023-06-17,2ab95c68-1fa4-4006-85d8-f23561947d68,Teresa Loewen,c8c34930-94b1-40e7-8f68-af42014dad64,Primo 7.6-1 208-240 (1),,,7.6,parsed_from_inverter_name,44.42,,
fronius,2023-06-18,2ab95c68-1fa4-4006-85d8-f23561947d68,Teresa Loewen,c8c34930-94b1-40e7-8f68-af42014dad64,Primo 7.6-1 208-240 (1),,,7.6,parsed_from_inverter_name,32.06,,
fronius,2023-06-19,2ab95c68-1fa4-4006-85d8-f23561947d68,Teresa Loewen,c8c34930-94b1-40e7-8f68-af42014dad64,Primo 7.6-1 208-240 (1),,,7.6,parsed_from_inverter_name,57.43,,
fronius,2023-06-20,2ab95c68-1fa4-4006-85d8-f23561947d68,Teresa Loewen,c8c34930-94b1-40e7-8f68-af42014dad64,Primo 7.6-1 208-240 (1),,,7.6,parsed_from_inverter_name,30.5,,
fronius,2023-06-21,2ab95c68-1fa4-4006-85d8-f23561947d68,Teresa Loewen,c8c34930-94b1-40e7-8f68-af42014dad64,Primo 7.6-1 208-240 (1),,,7.6,parsed_from_inverter_name,36.37,,
fronius,2023-06-22,2ab95c68-1fa4-4006-85d8-f23561947d68,Teresa Loewen,c8c34930-94b1-40e7-8f68-af42014dad64,Primo 7.6-1 208-240 (1),,,7.6,parsed_from_inverter_name,56.08,,
fronius,2023-06-23,2ab95c68-1fa4-4006-85d8-f23561947d68,Teresa Loewen,c8c34930-94b1-40e7-8f68-af42014dad64,Primo 7.6-1 208-240 (1),,,7.6,parsed_from_inverter_name,51.02,,
fronius,2023-06-24,2ab95c68-1fa4-4006-85d8-f23561947d68,Teresa Loewen,c8c34930-94b1-40e7-8f68-af42014dad64,Primo 7.6-1 208-240 (1),,,7.6,parsed_from_inverter_name,38.4,,
fronius,2023-06-25,2ab95c68-1fa4-4006-85d8-f23561947d68,Teresa Loewen,c8c34930-94b1-40e7-8f68-af42014dad64,Primo 7.6-1 208-240 (1),,,7.6,parsed_from_inverter_name,41.9,,
fronius,2023-06-26,2ab95c68-1fa4-4006-85d8-f23561947d68,Teresa Loewen,c8c34930-94b1-40e7-8f68-af42014dad64,Primo 7.6-1 208-240 (1),,,7.6,parsed_from_inverter_name,46.09,,
fronius,2023-06-27,2ab95c68-1fa4-4006-85d8-f23561947d68,Teresa Loewen,c8c34930-94b1-40e7-8f68-af42014dad64,Primo 7.6-1 208-240 (1),,,7.6,parsed_from_inverter_name,46.12,,
fronius,2023-06-28,2ab95c68-1fa4-4006-85d8-f23561947d68,Teresa Loewen,c8c34930-94b1-40e7-8f68-af42014dad64,Primo 7.6-1 208-240 (1),,,7.6,parsed_from_inverter_name,39.14,,
fronius,2023-06-29,2ab95c68-1fa4-4006-85d8-f23561947d68,Teresa Loewen,c8c34930-94b1-40e7-8f68-af42014dad64,Primo 7.6-1 208-240 (1),,,7.6,parsed_from_inverter_name,47.83,,
fronius,2023-06-30,2ab95c68-1fa4-4006-85d8-f23561947d68,Teresa Loewen,c8c34930-94b1-40e7-8f68-af42014dad64,Primo 7.6-1 208-240 (1),,,7.6,parsed_from_inverter_name,40.6,,
fronius,2023-07-01,2ab95c68-1fa4-4006-85d8-f23561947d68,Teresa Loewen,c8c34930-94b1-40e7-8f68-af42014dad64,Primo 7.6-1 208-240 (1),,,7.6,parsed_from_inverter_name,54.18,,
fronius,2023-07-02,2ab95c68-1fa4-4006-85d8-f23561947d68,Teresa Loewen,c8c34930-94b1-40e7-8f68-af42014dad64,Primo 7.6-1 208-240 (1),,,7.6,parsed_from_inverter_name,48.21,,
fronius,2023-07-03,2ab95c68-1fa4-4006-85d8-f23561947d68,Teresa Loewen,c8c34930-94b1-40e7-8f68-af42014dad64,Primo 7.6-1 208-240 (1),,,7.6,parsed_from_inverter_name,45.26,,
fronius,2023-07-04,2ab95c68-1fa4-4006-85d8-f23561947d68,Teresa Loewen,c8c34930-94b1-40e7-8f68-af42014dad64,Primo 7.6-1 208-240 (1),,,7.6,parsed_from_inverter_name,37.48,,
fronius,2023-07-05,2ab95c68-1fa4-4006-85d8-f23561947d68,Teresa Loewen,c8c34930-94b1-40e7-8f68-af42014dad64,Primo 7.6-1 208-240 (1),,,7.6,parsed_from_inverter_name,52.5,,
fronius,2023-07-06,2ab95c68-1fa4-4006-85d8-f23561947d68,Teresa Loewen,c8c34930-94b1-40e7-8f68-af42014dad64,Primo 7.6-1 208-240 (1),,,7.6,parsed_from_inverter_name,47.59,,
fronius,2023-07-07,2ab95c68-1fa4-4006-85d8-f23561947d68,Teresa Loewen,c8c34930-94b1-40e7-8f68-af42014dad64,Primo 7.6-1 208-240 (1),,,7.6,parsed_from_inverter_name,42.64,,
fronius,2023-07-08,2ab95c68-1fa4-4006-85d8-f23561947d68,Teresa Loewen,c8c34930-94b1-40e7-8f68-af42014dad64,Primo 7.6-1 208-240 (1),,,7.6,parsed_from_inverter_name,48.34,,
fronius,2023-07-09,2ab95c68-1fa4-4006-85d8-f23561947d68,Teresa Loewen,c8c34930-94b1-40e7-8f68-af42014dad64,Primo 7.6-1 208-240 (1),,,7.6,parsed_from_inverter_name,48.39,,
fronius,2023-07-10,2ab95c68-1fa4-4006-85d8-f23561947d68,Teresa Loewen,c8c34930-94b1-40e7-8f68-af42014dad64,Primo 7.6-1 208-240 (1),,,7.6,parsed_from_inverter_name,38.56,,
fronius,2023-07-11,2ab95c68-1fa4-4006-85d8-f23561947d68,Teresa Loewen,c8c34930-94b1-40e7-8f68-af42014dad64,Primo 7.6-1 208-240 (1),,,7.6,parsed_from_inverter_name,30.82,,
fronius,2023-07-12,2ab95c68-1fa4-4006-85d8-f23561947d68,Teresa Loewen,c8c34930-94b1-40e7-8f68-af42014dad64,Primo 7.6-1 208-240 (1),,,7.6,parsed_from_inverter_name,45.3,,
fronius,2023-07-13,2ab95c68-1fa4-4006-85d8-f23561947d68,Teresa Loewen,c8c34930-94b1-40e7-8f68-af42014dad64,Primo 7.6-1 208-240 (1),,,7.6,parsed_from_inverter_name,41.98,,
fronius,2023-07-14,2ab95c68-1fa4-4006-85d8-f23561947d68,Teresa Loewen,c8c34930-94b1-40e7-8f68-af42014dad64,Primo 7.6-1 208-240 (1),,,7.6,parsed_from_inverter_name,34.02,,
fronius,2023-07-15,2ab95c68-1fa4-4006-85d8-f23561947d68,Teresa Loewen,c8c34930-94b1-40e7-8f68-af42014dad64,Primo 7.6-1 208-240 (1),,,7.6,parsed_from_inverter_name,39.29,,
fronius,2023-07-16,2ab95c68-1fa4-4006-85d8-f23561947d68,Teresa Loewen,c8c34930-94b1-40e7-8f68-af42014dad64,Primo 7.6-1 208-240 (1),,,7.6,parsed_from_inverter_name,48.33,,
fronius,2023-07-17,2ab95c68-1fa4-4006-85d8-f23561947d68,Teresa Loewen,c8c34930-94b1-40e7-8f68-af42014dad64,Primo 7.6-1 208-240 (1),,,7.6,parsed_from_inverter_name,46.23,,
fronius,2023-07-18,2ab95c68-1fa4-4006-85d8-f23561947d68,Teresa Loewen,c8c34930-94b1-40e7-8f68-af42014dad64,Primo 7.6-1 208-240 (1),,,7.6,parsed_from_inverter_name,40.7,,
fronius,2023-07-19,2ab95c68-1fa4-4006-85d8-f23561947d68,Teresa Loewen,c8c34930-94b1-40e7-8f68-af42014dad64,Primo 7.6-1 208-240 (1),,,7.6,parsed_from_inverter_name,49.95,,
fronius,2023-07-20,2ab95c68-1fa4-4006-85d8-f23561947d68,Teresa Loewen,c8c34930-94b1-40e7-8f68-af42014dad64,Primo 7.6-1 208-240 (1),,,7.6,parsed_from_inverter_name,49.37,,
fronius,2023-07-21,2ab95c68-1fa4-4006-85d8-f23561947d68,Teresa Loewen,c8c34930-94b1-40e7-8f68-af42014dad64,Primo 7.6-1 208-240 (1),,,7.6,parsed_from_inverter_name,43.53,,
fronius,2023-07-22,2ab95c68-1fa4-4006-85d8-f23561947d68,Teresa Loewen,c8c34930-94b1-40e7-8f68-af42014dad64,Primo 7.6-1 208-240 (1),,,7.6,parsed_from_inverter_name,51.77,,
fronius,2023-07-23,2ab95c68-1fa4-4006-85d8-f23561947d68,Teresa Loewen,c8c34930-94b1-40e7-8f68-af42014dad64,Primo 7.6-1 208-240 (1),,,7.6,parsed_from_inverter_name,49.83,,
fronius,2023-07-24,2ab95c68-1fa4-4006-85d8-f23561947d68,Teresa Loewen,c8c34930-94b1-40e7-8f68-af42014dad64,Primo 7.6-1 208-240 (1),,,7.6,parsed_from_inverter_name,46.42,,
fronius,2023-07-25,2ab95c68-1fa4-4006-85d8-f23561947d68,Teresa Loewen,c8c34930-94b1-40e7-8f68-af42014dad64,Primo 7.6-1 208-240 (1),,,7.6,parsed_from_inverter_name,49.03,,
fronius,2023-07-26,2ab95c68-1fa4-4006-85d8-f23561947d68,Teresa Loewen,c8c34930-94b1-40e7-8f68-af42014dad64,Primo 7.6-1 208-240 (1),,,7.6,parsed_from_inverter_name,54.12,,
fronius,2023-07-27,2ab95c68-1fa4-4006-85d8-f23561947d68,Teresa Loewen,c8c34930-94b1-40e7-8f68-af42014dad64,Primo 7.6-1 208-240 (1),,,7.6,parsed_from_inverter_name,45.24,,
fronius,2023-07-28,2ab95c68-1fa4-4006-85d8-f23561947d68,Teresa Loewen,c8c34930-94b1-40e7-8f68-af42014dad64,Primo 7.6-1 208-240 (1),,,7.6,parsed_from_inverter_name,28.02,,
fronius,2023-07-29,2ab95c68-1fa4-4006-85d8-f23561947d68,Teresa Loewen,c8c34930-94b1-40e7-8f68-af42014dad64,Primo 7.6-1 208-240 (1),,,7.6,parsed_from_inverter_name,41.1,,
fronius,2023-07-30,2ab95c68-1fa4-4006-85d8-f23561947d68,Teresa Loewen,c8c34930-94b1-40e7-8f68-af42014dad64,Primo 7.6-1 208-240 (1),,,7.6,parsed_from_inverter_name,40.12,,
fronius,2023-07-31,2ab95c68-1fa4-4006-85d8-f23561947d68,Teresa Loewen,c8c34930-94b1-40e7-8f68-af42014dad64,Primo 7.6-1 208-240 (1),,,7.6,parsed_from_inverter_name,51.35,,
fronius,2023-08-01,2ab95c68-1fa4-4006-85d8-f23561947d68,Teresa Loewen,c8c34930-94b1-40e7-8f68-af42014dad64,Primo 7.6-1 208-240 (1),,,7.6,parsed_from_inverter_name,50.75,,
fronius,2023-08-02,2ab95c68-1fa4-4006-85d8-f23561947d68,Teresa Loewen,c8c34930-94b1-40e7-8f68-af42014dad64,Primo 7.6-1 208-240 (1),,,7.6,parsed_from_inverter_name,49.88,,
fronius,2023-08-03,2ab95c68-1fa4-4006-85d8-f23561947d68,Teresa Loewen,c8c34930-94b1-40e7-8f68-af42014dad64,Primo 7.6-1 208-240 (1),,,7.6,parsed_from_inverter_name,49.56,,
fronius,2023-08-04,2ab95c68-1fa4-4006-85d8-f23561947d68,Teresa Loewen,c8c34930-94b1-40e7-8f68-af42014dad64,Primo 7.6-1 208-240 (1),,,7.6,parsed_from_inverter_name,45.31,,
fronius,2023-08-05,2ab95c68-1fa4-4006-85d8-f23561947d68,Teresa Loewen,c8c34930-94b1-40e7-8f68-af42014dad64,Primo 7.6-1 208-240 (1),,,7.6,parsed_from_inverter_name,30.98,,
fronius,2023-08-06,2ab95c68-1fa4-4006-85d8-f23561947d68,Teresa Loewen,c8c34930-94b1-40e7-8f68-af42014dad64,Primo 7.6-1 208-240 (1),,,7.6,parsed_from_inverter_name,44.79,,
fronius,2023-08-07,2ab95c68-1fa4-4006-85d8-f23561947d68,Teresa Loewen,c8c34930-94b1-40e7-8f68-af42014dad64,Primo 7.6-1 208-240 (1),,,7.6,parsed_from_inverter_name,44.97,,
fronius,2023-08-08,2ab95c68-1fa4-4006-85d8-f23561947d68,Teresa Loewen,c8c34930-94b1-40e7-8f68-af42014dad64,Primo 7.6-1 208-240 (1),,,7.6,parsed_from_inverter_name,34.92,,
fronius,2023-08-09,2ab95c68-1fa4-4006-85d8-f23561947d68,Teresa Loewen,c8c34930-94b1-40e7-8f68-af42014dad64,Primo 7.6-1 208-240 (1),,,7.6,parsed_from_inverter_name,17.79,,
fronius,2023-08-10,2ab95c68-1fa4-4006-85d8-f23561947d68,Teresa Loewen,c8c34930-94b1-40e7-8f68-af42014dad64,Primo 7.6-1 208-240 (1),,,7.6,parsed_from_inverter_name,25.79,,
fronius,2023-08-11,2ab95c68-1fa4-4006-85d8-f23561947d68,Teresa Loewen,c8c34930-94b1-40e7-8f68-af42014dad64,Primo 7.6-1 208-240 (1),,,7.6,parsed_from_inverter_name,49.98,,
fronius,2023-08-12,2ab95c68-1fa4-4006-85d8-f23561947d68,Teresa Loewen,c8c34930-94b1-40e7-8f68-af42014dad64,Primo 7.6-1 208-240 (1),,,7.6,parsed_from_inverter_name,34.08,,
fronius,2023-08-13,2ab95c68-1fa4-4006-85d8-f23561947d68,Teresa Loewen,c8c34930-94b1-40e7-8f68-af42014dad64,Primo 7.6-1 208-240 (1),,,7.6,parsed_from_inverter_name,48.41,,
fronius,2023-08-14,2ab95c68-1fa4-4006-85d8-f23561947d68,Teresa Loewen,c8c34930-94b1-40e7-8f68-af42014dad64,Primo 7.6-1 208-240 (1),,,7.6,parsed_from_inverter_name,46.84,,
fronius,2023-08-15,2ab95c68-1fa4-4006-85d8-f23561947d68,Teresa Loewen,c8c34930-94b1-40e7-8f68-af42014dad64,Primo 7.6-1 208-240 (1),,,7.6,parsed_from_inverter_name,45.93,,
fronius,2023-08-16,2ab95c68-1fa4-4006-85d8-f23561947d68,Teresa Loewen,c8c34930-94b1-40e7-8f68-af42014dad64,Primo 7.6-1 208-240 (1),,,7.6,parsed_from_inverter_name,41.47,,
fronius,2023-08-17,2ab95c68-1fa4-4006-85d8-f23561947d68,Teresa Loewen,c8c34930-94b1-40e7-8f68-af42014dad64,Primo 7.6-1 208-240 (1),,,7.6,parsed_from_inverter_name,37.14,,
fronius,2023-08-18,2ab95c68-1fa4-4006-85d8-f23561947d68,Teresa Loewen,c8c34930-94b1-40e7-8f68-af42014dad64,Primo 7.6-1 208-240 (1),,,7.6,parsed_from_inverter_name,31.35,,
fronius,2023-08-19,2ab95c68-1fa4-4006-85d8-f23561947d68,Teresa Loewen,c8c34930-94b1-40e7-8f68-af42014dad64,Primo 7.6-1 208-240 (1),,,7.6,parsed_from_inverter_name,31.47,,
fronius,2023-08-20,2ab95c68-1fa4-4006-85d8-f23561947d68,Teresa Loewen,c8c34930-94b1-40e7-8f68-af42014dad64,Primo 7.6-1 208-240 (1),,,7.6,parsed_from_inverter_name,29.9,,
fronius,2023-08-21,2ab95c68-1fa4-4006-85d8-f23561947d68,Teresa Loewen,c8c34930-94b1-40e7-8f68-af42014dad64,Primo 7.6-1 208-240 (1),,,7.6,parsed_from_inverter_name,11.77,,
fronius,2023-08-22,2ab95c68-1fa4-4006-85d8-f23561947d68,Teresa Loewen,c8c34930-94b1-40e7-8f68-af42014dad64,Primo 7.6-1 208-240 (1),,,7.6,parsed_from_inverter_name,27.62,,
fronius,2023-08-23,2ab95c68-1fa4-4006-85d8-f23561947d68,Teresa Loewen,c8c34930-94b1-40e7-8f68-af42014dad64,Primo 7.6-1 208-240 (1),,,7.6,parsed_from_inverter_name,44.24,,
fronius,2023-08-24,2ab95c68-1fa4-4006-85d8-f23561947d68,Teresa Loewen,c8c34930-94b1-40e7-8f68-af42014dad64,Primo 7.6-1 208-240 (1),,,7.6,parsed_from_inverter_name,43.76,,
fronius,2023-08-25,2ab95c68-1fa4-4006-85d8-f23561947d68,Teresa Loewen,c8c34930-94b1-40e7-8f68-af42014dad64,Primo 7.6-1 208-240 (1),,,7.6,parsed_from_inverter_name,43.47,,
fronius,2023-08-26,2ab95c68-1fa4-4006-85d8-f23561947d68,Teresa Loewen,c8c34930-94b1-40e7-8f68-af42014dad64,Primo 7.6-1 208-240 (1),,,7.6,parsed_from_inverter_name,44.62,,
fronius,2023-08-27,2ab95c68-1fa4-4006-85d8-f23561947d68,Teresa Loewen,c8c34930-94b1-40e7-8f68-af42014dad64,Primo 7.6-1 208-240 (1),,,7.6,parsed_from_inverter_name,42.0,,
fronius,2023-08-28,2ab95c68-1fa4-4006-85d8-f23561947d68,Teresa Loewen,c8c34930-94b1-40e7-8f68-af42014dad64,Primo 7.6-1 208-240 (1),,,7.6,parsed_from_inverter_name,42.57,,
fronius,2023-08-29,2ab95c68-1fa4-4006-85d8-f23561947d68,Teresa Loewen,c8c34930-94b1-40e7-8f68-af42014dad64,Primo 7.6-1 208-240 (1),,,7.6,parsed_from_inverter_name,42.13,,
fronius,2023-08-30,2ab95c68-1fa4-4006-85d8-f23561947d68,Teresa Loewen,c8c34930-94b1-40e7-8f68-af42014dad64,Primo 7.6-1 208-240 (1),,,7.6,parsed_from_inverter_name,18.41,,
fronius,2023-08-31,2ab95c68-1fa4-4006-85d8-f23561947d68,Teresa Loewen,c8c34930-94b1-40e7-8f68-af42014dad64,Primo 7.6-1 208-240 (1),,,7.6,parsed_from_inverter_name,21.62,,
fronius,2023-09-01,2ab95c68-1fa4-4006-85d8-f23561947d68,Teresa Loewen,c8c34930-94b1-40e7-8f68-af42014dad64,Primo 7.6-1 208-240 (1),,,7.6,parsed_from_inverter_name,35.32,,
fronius,2023-09-02,2ab95c68-1fa4-4006-85d8-f23561947d68,Teresa Loewen,c8c34930-94b1-40e7-8f68-af42014dad64,Primo 7.6-1 208-240 (1),,,7.6,parsed_from_inverter_name,42.28,,
fronius,2023-09-03,2ab95c68-1fa4-4006-85d8-f23561947d68,Teresa Loewen,c8c34930-94b1-40e7-8f68-af42014dad64,Primo 7.6-1 208-240 (1),,,7.6,parsed_from_inverter_name,36.77,,
fronius,2023-09-04,2ab95c68-1fa4-4006-85d8-f23561947d68,Teresa Loewen,c8c34930-94b1-40e7-8f68-af42014dad64,Primo 7.6-1 208-240 (1),,,7.6,parsed_from_inverter_name,9.03,,
fronius,2023-09-05,2ab95c68-1fa4-4006-85d8-f23561947d68,Teresa Loewen,c8c34930-94b1-40e7-8f68-af42014dad64,Primo 7.6-1 208-240 (1),,,7.6,parsed_from_inverter_name,34.35,,
fronius,2023-09-06,2ab95c68-1fa4-4006-85d8-f23561947d68,Teresa Loewen,c8c34930-94b1-40e7-8f68-af42014dad64,Primo 7.6-1 208-240 (1),,,7.6,parsed_from_inverter_name,23.13,,
fronius,2023-09-07,2ab95c68-1fa4-4006-85d8-f23561947d68,Teresa Loewen,c8c34930-94b1-40e7-8f68-af42014dad64,Primo 7.6-1 208-240 (1),,,7.6,parsed_from_inverter_name,36.98,,
fronius,2023-09-08,2ab95c68-1fa4-4006-85d8-f23561947d68,Teresa Loewen,c8c34930-94b1-40e7-8f68-af42014dad64,Primo 7.6-1 208-240 (1),,,7.6,parsed_from_inverter_name,24.5,,
fronius,2023-09-09,2ab95c68-1fa4-4006-85d8-f23561947d68,Teresa Loewen,c8c34930-94b1-40e7-8f68-af42014dad64,Primo 7.6-1 208-240 (1),,,7.6,parsed_from_inverter_name,39.47,,
fronius,2023-09-10,2ab95c68-1fa4-4006-85d8-f23561947d68,Teresa Loewen,c8c34930-94b1-40e7-8f68-af42014dad64,Primo 7.6-1 208-240 (1),,,7.6,parsed_from_inverter_name,40.15,,
fronius,2023-09-11,2ab95c68-1fa4-4006-85d8-f23561947d68,Teresa Loewen,c8c34930-94b1-40e7-8f68-af42014dad64,Primo 7.6-1 208-240 (1),,,7.6,parsed_from_inverter_name,36.45,,
fronius,2023-09-12,2ab95c68-1fa4-4006-85d8-f23561947d68,Teresa Loewen,c8c34930-94b1-40e7-8f68-af42014dad64,Primo 7.6-1 208-240 (1),,,7.6,parsed_from_inverter_name,27.31,,
fronius,2023-09-13,2ab95c68-1fa4-4006-85d8-f23561947d68,Teresa Loewen,c8c34930-94b1-40e7-8f68-af42014dad64,Primo 7.6-1 208-240 (1),,,7.6,parsed_from_inverter_name,22.71,,
fronius,2023-09-14,2ab95c68-1fa4-4006-85d8-f23561947d68,Teresa Loewen,c8c34930-94b1-40e7-8f68-af42014dad64,Primo 7.6-1 208-240 (1),,,7.6,parsed_from_inverter_name,37.06,,
fronius,2023-09-15,2ab95c68-1fa4-4006-85d8-f23561947d68,Teresa Loewen,c8c34930-94b1-40e7-8f68-af42014dad64,Primo 7.6-1 208-240 (1),,,7.6,parsed_from_inverter_name,37.67,,
fronius,2023-09-16,2ab95c68-1fa4-4006-85d8-f23561947d68,Teresa Loewen,c8c34930-94b1-40e7-8f68-af42014dad64,Primo 7.6-1 208-240 (1),,,7.6,parsed_from_inverter_name,37.52,,
fronius,2023-09-17,2ab95c68-1fa4-4006-85d8-f23561947d68,Teresa Loewen,c8c34930-94b1-40e7-8f68-af42014dad64,Primo 7.6-1 208-240 (1),,,7.6,parsed_from_inverter_name,27.04,,
fronius,2023-09-18,2ab95c68-1fa4-4006-85d8-f23561947d68,Teresa Loewen,c8c34930-94b1-40e7-8f68-af42014dad64,Primo 7.6-1 208-240 (1),,,7.6,parsed_from_inverter_name,25.31,,
fronius,2023-09-19,2ab95c68-1fa4-4006-85d8-f23561947d68,Teresa Loewen,c8c34930-94b1-40e7-8f68-af42014dad64,Primo 7.6-1 208-240 (1),,,7.6,parsed_from_inverter_name,21.07,,
fronius,2023-09-20,2ab95c68-1fa4-4006-85d8-f23561947d68,Teresa Loewen,c8c34930-94b1-40e7-8f68-af42014dad64,Primo 7.6-1 208-240 (1),,,7.6,parsed_from_inverter_name,24.02,,
fronius,2023-09-21,2ab95c68-1fa4-4006-85d8-f23561947d68,Teresa Loewen,c8c34930-94b1-40e7-8f68-af42014dad64,Primo 7.6-1 208-240 (1),,,7.6,parsed_from_inverter_name,33.28,,
fronius,2023-09-22,2ab95c68-1fa4-4006-85d8-f23561947d68,Teresa Loewen,c8c34930-94b1-40e7-8f68-af42014dad64,Primo 7.6-1 208-240 (1),,,7.6,parsed_from_inverter_name,4.76,,
fronius,2023-09-23,2ab95c68-1fa4-4006-85d8-f23561947d68,Teresa Loewen,c8c34930-94b1-40e7-8f68-af42014dad64,Primo 7.6-1 208-240 (1),,,7.6,parsed_from_inverter_name,22.73,,
fronius,2023-09-24,2ab95c68-1fa4-4006-85d8-f23561947d68,Teresa Loewen,c8c34930-94b1-40e7-8f68-af42014dad64,Primo 7.6-1 208-240 (1),,,7.6,parsed_from_inverter_name,21.5,,
fronius,2023-09-25,2ab95c68-1fa4-4006-85d8-f23561947d68,Teresa Loewen,c8c34930-94b1-40e7-8f68-af42014dad64,Primo 7.6-1 208-240 (1),,,7.6,parsed_from_inverter_name,19.56,,
fronius,2023-09-26,2ab95c68-1fa4-4006-85d8-f23561947d68,Teresa Loewen,c8c34930-94b1-40e7-8f68-af42014dad64,Primo 7.6-1 208-240 (1),,,7.6,parsed_from_inverter_name,23.93,,
fronius,2023-09-27,2ab95c68-1fa4-4006-85d8-f23561947d68,Teresa Loewen,c8c34930-94b1-40e7-8f68-af42014dad64,Primo 7.6-1 208-240 (1),,,7.6,parsed_from_inverter_name,17.81,,
fronius,2023-09-28,2ab95c68-1fa4-4006-85d8-f23561947d68,Teresa Loewen,c8c34930-94b1-40e7-8f68-af42014dad64,Primo 7.6-1 208-240 (1),,,7.6,parsed_from_inverter_name,30.2,,
fronius,2023-09-29,2ab95c68-1fa4-4006-85d8-f23561947d68,Teresa Loewen,c8c34930-94b1-40e7-8f68-af42014dad64,Primo 7.6-1 208-240 (1),,,7.6,parsed_from_inverter_name,22.49,,
fronius,2023-09-30,2ab95c68-1fa4-4006-85d8-f23561947d68,Teresa Loewen,c8c34930-94b1-40e7-8f68-af42014dad64,Primo 7.6-1 208-240 (1),,,7.6,parsed_from_inverter_name,4.31,,
fronius,2023-10-01,2ab95c68-1fa4-4006-85d8-f23561947d68,Teresa Loewen,c8c34930-94b1-40e7-8f68-af42014dad64,Primo 7.6-1 208-240 (1),,,7.6,parsed_from_inverter_name,4.14,,
fronius,2023-10-02,2ab95c68-1fa4-4006-85d8-f23561947d68,Teresa Loewen,c8c34930-94b1-40e7-8f68-af42014dad64,Primo 7.6-1 208-240 (1),,,7.6,parsed_from_inverter_name,15.62,,
fronius,2023-10-03,2ab95c68-1fa4-4006-85d8-f23561947d68,Teresa Loewen,c8c34930-94b1-40e7-8f68-af42014dad64,Primo 7.6-1 208-240 (1),,,7.6,parsed_from_inverter_name,17.64,,
fronius,2023-10-04,2ab95c68-1fa4-4006-85d8-f23561947d68,Teresa Loewen,c8c34930-94b1-40e7-8f68-af42014dad64,Primo 7.6-1 208-240 (1),,,7.6,parsed_from_inverter_name,14.42,,
fronius,2023-10-05,2ab95c68-1fa4-4006-85d8-f23561947d68,Teresa Loewen,c8c34930-94b1-40e7-8f68-af42014dad64,Primo 7.6-1 208-240 (1),,,7.6,parsed_from_inverter_name,17.3,,
fronius,2023-10-06,2ab95c68-1fa4-4006-85d8-f23561947d68,Teresa Loewen,c8c34930-94b1-40e7-8f68-af42014dad64,Primo 7.6-1 208-240 (1),,,7.6,parsed_from_inverter_name,24.04,,
fronius,2023-10-07,2ab95c68-1fa4-4006-85d8-f23561947d68,Teresa Loewen,c8c34930-94b1-40e7-8f68-af42014dad64,Primo 7.6-1 208-240 (1),,,7.6,parsed_from_inverter_name,22.86,,
fronius,2023-10-08,2ab95c68-1fa4-4006-85d8-f23561947d68,Teresa Loewen,c8c34930-94b1-40e7-8f68-af42014dad64,Primo 7.6-1 208-240 (1),,,7.6,parsed_from_inverter_name,22.27,,
fronius,2023-10-09,2ab95c68-1fa4-4006-85d8-f23561947d68,Teresa Loewen,c8c34930-94b1-40e7-8f68-af42014dad64,Primo 7.6-1 208-240 (1),,,7.6,parsed_from_inverter_name,21.27,,
fronius,2023-10-10,2ab95c68-1fa4-4006-85d8-f23561947d68,Teresa Loewen,c8c34930-94b1-40e7-8f68-af42014dad64,Primo 7.6-1 208-240 (1),,,7.6,parsed_from_inverter_name,11.33,,
fronius,2023-10-11,2ab95c68-1fa4-4006-85d8-f23561947d68,Teresa Loewen,c8c34930-94b1-40e7-8f68-af42014dad64,Primo 7.6-1 208-240 (1),,,7.6,parsed_from_inverter_name,9.46,,
fronius,2023-10-12,2ab95c68-1fa4-4006-85d8-f23561947d68,Teresa Loewen,c8c34930-94b1-40e7-8f68-af42014dad64,Primo 7.6-1 208-240 (1),,,7.6,parsed_from_inverter_name,1.6,,
fronius,2023-10-13,2ab95c68-1fa4-4006-85d8-f23561947d68,Teresa Loewen,c8c34930-94b1-40e7-8f68-af42014dad64,Primo 7.6-1 208-240 (1),,,7.6,parsed_from_inverter_name,8.43,,
fronius,2023-10-14,2ab95c68-1fa4-4006-85d8-f23561947d68,Teresa Loewen,c8c34930-94b1-40e7-8f68-af42014dad64,Primo 7.6-1 208-240 (1),,,7.6,parsed_from_inverter_name,18.51,,
fronius,2023-10-15,2ab95c68-1fa4-4006-85d8-f23561947d68,Teresa Loewen,c8c34930-94b1-40e7-8f68-af42014dad64,Primo 7.6-1 208-240 (1),,,7.6,parsed_from_inverter_name,19.18,,
fronius,2023-10-16,2ab95c68-1fa4-4006-85d8-f23561947d68,Teresa Loewen,c8c34930-94b1-40e7-8f68-af42014dad64,Primo 7.6-1 208-240 (1),,,7.6,parsed_from_inverter_name,9.25,,
fronius,2023-10-17,2ab95c68-1fa4-4006-85d8-f23561947d68,Teresa Loewen,c8c34930-94b1-40e7-8f68-af42014dad64,Primo 7.6-1 208-240 (1),,,7.6,parsed_from_inverter_name,12.04,,
fronius,2023-10-18,2ab95c68-1fa4-4006-85d8-f23561947d68,Teresa Loewen,c8c34930-94b1-40e7-8f68-af42014dad64,Primo 7.6-1 208-240 (1),,,7.6,parsed_from_inverter_name,5.91,,
fronius,2023-10-19,2ab95c68-1fa4-4006-85d8-f23561947d68,Teresa Loewen,c8c34930-94b1-40e7-8f68-af42014dad64,Primo 7.6-1 208-240 (1),,,7.6,parsed_from_inverter_name,17.21,,
fronius,2023-10-20,2ab95c68-1fa4-4006-85d8-f23561947d68,Teresa Loewen,c8c34930-94b1-40e7-8f68-af42014dad64,Primo 7.6-1 208-240 (1),,,7.6,parsed_from_inverter_name,13.93,,
fronius,2023-10-21,2ab95c68-1fa4-4006-85d8-f23561947d68,Teresa Loewen,c8c34930-94b1-40e7-8f68-af42014dad64,Primo 7.6-1 208-240 (1),,,7.6,parsed_from_inverter_name,6.54,,
fronius,2023-10-22,2ab95c68-1fa4-4006-85d8-f23561947d68,Teresa Loewen,c8c34930-94b1-40e7-8f68-af42014dad64,Primo 7.6-1 208-240 (1),,,7.6,parsed_from_inverter_name,4.24,,
fronius,2023-10-23,2ab95c68-1fa4-4006-85d8-f23561947d68,Teresa Loewen,c8c34930-94b1-40e7-8f68-af42014dad64,Primo 7.6-1 208-240 (1),,,7.6,parsed_from_inverter_name,2.69,,
fronius,2023-10-27,2ab95c68-1fa4-4006-85d8-f23561947d68,Teresa Loewen,c8c34930-94b1-40e7-8f68-af42014dad64,Primo 7.6-1 208-240 (1),,,7.6,parsed_from_inverter_name,0.0,,
fronius,2023-10-29,2ab95c68-1fa4-4006-85d8-f23561947d68,Teresa Loewen,c8c34930-94b1-40e7-8f68-af42014dad64,Primo 7.6-1 208-240 (1),,,7.6,parsed_from_inverter_name,0.01,,
fronius,2023-10-30,2ab95c68-1fa4-4006-85d8-f23561947d68,Teresa Loewen,c8c34930-94b1-40e7-8f68-af42014dad64,Primo 7.6-1 208-240 (1),,,7.6,parsed_from_inverter_name,1.02,,
fronius,2023-10-31,2ab95c68-1fa4-4006-85d8-f23561947d68,Teresa Loewen,c8c34930-94b1-40e7-8f68-af42014dad64,Primo 7.6-1 208-240 (1),,,7.6,parsed_from_inverter_name,8.4,,
fronius,2023-11-01,2ab95c68-1fa4-4006-85d8-f23561947d68,Teresa Loewen,c8c34930-94b1-40e7-8f68-af42014dad64,Primo 7.6-1 208-240 (1),,,7.6,parsed_from_inverter_name,12.1,,
fronius,2023-11-02,2ab95c68-1fa4-4006-85d8-f23561947d68,Teresa Loewen,c8c34930-94b1-40e7-8f68-af42014dad64,Primo 7.6-1 208-240 (1),,,7.6,parsed_from_inverter_name,4.3,,
fronius,2023-11-03,2ab95c68-1fa4-4006-85d8-f23561947d68,Teresa Loewen,c8c34930-94b1-40e7-8f68-af42014dad64,Primo 7.6-1 208-240 (1),,,7.6,parsed_from_inverter_name,13.13,,
fronius,2023-11-04,2ab95c68-1fa4-4006-85d8-f23561947d68,Teresa Loewen,c8c34930-94b1-40e7-8f68-af42014dad64,Primo 7.6-1 208-240 (1),,,7.6,parsed_from_inverter_name,2.49,,
fronius,2023-11-05,2ab95c68-1fa4-4006-85d8-f23561947d68,Teresa Loewen,c8c34930-94b1-40e7-8f68-af42014dad64,Primo 7.6-1 208-240 (1),,,7.6,parsed_from_inverter_name,13.21,,
fronius,2023-11-06,2ab95c68-1fa4-4006-85d8-f23561947d68,Teresa Loewen,c8c34930-94b1-40e7-8f68-af42014dad64,Primo 7.6-1 208-240 (1),,,7.6,parsed_from_inverter_name,8.05,,
fronius,2023-11-07,2ab95c68-1fa4-4006-85d8-f23561947d68,Teresa Loewen,c8c34930-94b1-40e7-8f68-af42014dad64,Primo 7.6-1 208-240 (1),,,7.6,parsed_from_inverter_name,8.93,,
fronius,2023-11-08,2ab95c68-1fa4-4006-85d8-f23561947d68,Teresa Loewen,c8c34930-94b1-40e7-8f68-af42014dad64,Primo 7.6-1 208-240 (1),,,7.6,parsed_from_inverter_name,12.64,,
fronius,2023-11-09,2ab95c68-1fa4-4006-85d8-f23561947d68,Teresa Loewen,c8c34930-94b1-40e7-8f68-af42014dad64,Primo 7.6-1 208-240 (1),,,7.6,parsed_from_inverter_name,11.77,,
fronius,2023-11-10,2ab95c68-1fa4-4006-85d8-f23561947d68,Teresa Loewen,c8c34930-94b1-40e7-8f68-af42014dad64,Primo 7.6-1 208-240 (1),,,7.6,parsed_from_inverter_name,12.59,,
fronius,2023-11-11,2ab95c68-1fa4-4006-85d8-f23561947d68,Teresa Loewen,c8c34930-94b1-40e7-8f68-af42014dad64,Primo 7.6-1 208-240 (1),,,7.6,parsed_from_inverter_name,10.42,,
fronius,2023-11-12,2ab95c68-1fa4-4006-85d8-f23561947d68,Teresa Loewen,c8c34930-94b1-40e7-8f68-af42014dad64,Primo 7.6-1 208-240 (1),,,7.6,parsed_from_inverter_name,9.7,,
fronius,2023-11-13,2ab95c68-1fa4-4006-85d8-f23561947d68,Teresa Loewen,c8c34930-94b1-40e7-8f68-af42014dad64,Primo 7.6-1 208-240 (1),,,7.6,parsed_from_inverter_name,11.93,,
fronius,2023-11-14,2ab95c68-1fa4-4006-85d8-f23561947d68,Teresa Loewen,c8c34930-94b1-40e7-8f68-af42014dad64,Primo 7.6-1 208-240 (1),,,7.6,parsed_from_inverter_name,11.31,,
fronius,2023-11-15,2ab95c68-1fa4-4006-85d8-f23561947d68,Teresa Loewen,c8c34930-94b1-40e7-8f68-af42014dad64,Primo 7.6-1 208-240 (1),,,7.6,parsed_from_inverter_name,4.64,,
fronius,2023-11-16,2ab95c68-1fa4-4006-85d8-f23561947d68,Teresa Loewen,c8c34930-94b1-40e7-8f68-af42014dad64,Primo 7.6-1 208-240 (1),,,7.6,parsed_from_inverter_name,8.9,,
fronius,2023-11-17,2ab95c68-1fa4-4006-85d8-f23561947d68,Teresa Loewen,c8c34930-94b1-40e7-8f68-af42014dad64,Primo 7.6-1 208-240 (1),,,7.6,parsed_from_inverter_name,10.81,,
fronius,2023-11-18,2ab95c68-1fa4-4006-85d8-f23561947d68,Teresa Loewen,c8c34930-94b1-40e7-8f68-af42014dad64,Primo 7.6-1 208-240 (1),,,7.6,parsed_from_inverter_name,9.89,,
fronius,2023-11-19,2ab95c68-1fa4-4006-85d8-f23561947d68,Teresa Loewen,c8c34930-94b1-40e7-8f68-af42014dad64,Primo 7.6-1 208-240 (1),,,7.6,parsed_from_inverter_name,7.45,,
fronius,2023-11-20,2ab95c68-1fa4-4006-85d8-f23561947d68,Teresa Loewen,c8c34930-94b1-40e7-8f68-af42014dad64,Primo 7.6-1 208-240 (1),,,7.6,parsed_from_inverter_name,10.2,,
fronius,2023-11-21,2ab95c68-1fa4-4006-85d8-f23561947d68,Teresa Loewen,c8c34930-94b1-40e7-8f68-af42014dad64,Primo 7.6-1 208-240 (1),,,7.6,parsed_from_inverter_name,2.69,,
fronius,2023-11-22,2ab95c68-1fa4-4006-85d8-f23561947d68,Teresa Loewen,c8c34930-94b1-40e7-8f68-af42014dad64,Primo 7.6-1 208-240 (1),,,7.6,parsed_from_inverter_name,9.09,,
fronius,2023-11-23,2ab95c68-1fa4-4006-85d8-f23561947d68,Teresa Loewen,c8c34930-94b1-40e7-8f68-af42014dad64,Primo 7.6-1 208-240 (1),,,7.6,parsed_from_inverter_name,2.9,,
fronius,2023-11-24,2ab95c68-1fa4-4006-85d8-f23561947d68,Teresa Loewen,c8c34930-94b1-40e7-8f68-af42014dad64,Primo 7.6-1 208-240 (1),,,7.6,parsed_from_inverter_name,10.5,,
fronius,2023-11-25,2ab95c68-1fa4-4006-85d8-f23561947d68,Teresa Loewen,c8c34930-94b1-40e7-8f68-af42014dad64,Primo 7.6-1 208-240 (1),,,7.6,parsed_from_inverter_name,8.05,,
fronius,2023-11-26,2ab95c68-1fa4-4006-85d8-f23561947d68,Teresa Loewen,c8c34930-94b1-40e7-8f68-af42014dad64,Primo 7.6-1 208-240 (1),,,7.6,parsed_from_inverter_name,10.57,,
fronius,2023-11-27,2ab95c68-1fa4-4006-85d8-f23561947d68,Teresa Loewen,c8c34930-94b1-40e7-8f68-af42014dad64,Primo 7.6-1 208-240 (1),,,7.6,parsed_from_inverter_name,6.65,,
fronius,2023-11-28,2ab95c68-1fa4-4006-85d8-f23561947d68,Teresa Loewen,c8c34930-94b1-40e7-8f68-af42014dad64,Primo 7.6-1 208-240 (1),,,7.6,parsed_from_inverter_name,9.86,,
fronius,2023-11-29,2ab95c68-1fa4-4006-85d8-f23561947d68,Teresa Loewen,c8c34930-94b1-40e7-8f68-af42014dad64,Primo 7.6-1 208-240 (1),,,7.6,parsed_from_inverter_name,9.42,,
fronius,2023-11-30,2ab95c68-1fa4-4006-85d8-f23561947d68,Teresa Loewen,c8c34930-94b1-40e7-8f68-af42014dad64,Primo 7.6-1 208-240 (1),,,7.6,parsed_from_inverter_name,8.08,,
fronius,2023-12-01,2ab95c68-1fa4-4006-85d8-f23561947d68,Teresa Loewen,c8c34930-94b1-40e7-8f68-af42014dad64,Primo 7.6-1 208-240 (1),,,7.6,parsed_from_inverter_name,7.62,,
fronius,2023-12-02,2ab95c68-1fa4-4006-85d8-f23561947d68,Teresa Loewen,c8c34930-94b1-40e7-8f68-af42014dad64,Primo 7.6-1 208-240 (1),,,7.6,parsed_from_inverter_name,4.38,,
fronius,2023-12-03,2ab95c68-1fa4-4006-85d8-f23561947d68,Teresa Loewen,c8c34930-94b1-40e7-8f68-af42014dad64,Primo 7.6-1 208-240 (1),,,7.6,parsed_from_inverter_name,5.76,,
fronius,2023-12-04,2ab95c68-1fa4-4006-85d8-f23561947d68,Teresa Loewen,c8c34930-94b1-40e7-8f68-af42014dad64,Primo 7.6-1 208-240 (1),,,7.6,parsed_from_inverter_name,7.45,,
fronius,2023-12-05,2ab95c68-1fa4-4006-85d8-f23561947d68,Teresa Loewen,c8c34930-94b1-40e7-8f68-af42014dad64,Primo 7.6-1 208-240 (1),,,7.6,parsed_from_inverter_name,4.96,,
fronius,2023-12-06,2ab95c68-1fa4-4006-85d8-f23561947d68,Teresa Loewen,c8c34930-94b1-40e7-8f68-af42014dad64,Primo 7.6-1 208-240 (1),,,7.6,parsed_from_inverter_name,6.48,,
fronius,2023-12-07,2ab95c68-1fa4-4006-85d8-f23561947d68,Teresa Loewen,c8c34930-94b1-40e7-8f68-af42014dad64,Primo 7.6-1 208-240 (1),,,7.6,parsed_from_inverter_name,1.39,,
fronius,2023-12-08,2ab95c68-1fa4-4006-85d8-f23561947d68,Teresa Loewen,c8c34930-94b1-40e7-8f68-af42014dad64,Primo 7.6-1 208-240 (1),,,7.6,parsed_from_inverter_name,0.02,,
fronius,2023-12-09,2ab95c68-1fa4-4006-85d8-f23561947d68,Teresa Loewen,c8c34930-94b1-40e7-8f68-af42014dad64,Primo 7.6-1 208-240 (1),,,7.6,parsed_from_inverter_name,0.08,,
fronius,2023-12-10,2ab95c68-1fa4-4006-85d8-f23561947d68,Teresa Loewen,c8c34930-94b1-40e7-8f68-af42014dad64,Primo 7.6-1 208-240 (1),,,7.6,parsed_from_inverter_name,7.26,,
fronius,2023-12-11,2ab95c68-1fa4-4006-85d8-f23561947d68,Teresa Loewen,c8c34930-94b1-40e7-8f68-af42014dad64,Primo 7.6-1 208-240 (1),,,7.6,parsed_from_inverter_name,3.65,,
fronius,2023-12-12,2ab95c68-1fa4-4006-85d8-f23561947d68,Teresa Loewen,c8c34930-94b1-40e7-8f68-af42014dad64,Primo 7.6-1 208-240 (1),,,7.6,parsed_from_inverter_name,8.78,,
fronius,2023-12-13,2ab95c68-1fa4-4006-85d8-f23561947d68,Teresa Loewen,c8c34930-94b1-40e7-8f68-af42014dad64,Primo 7.6-1 208-240 (1),,,7.6,parsed_from_inverter_name,9.05,,
fronius,2023-12-14,2ab95c68-1fa4-4006-85d8-f23561947d68,Teresa Loewen,c8c34930-94b1-40e7-8f68-af42014dad64,Primo 7.6-1 208-240 (1),,,7.6,parsed_from_inverter_name,5.3,,
fronius,2023-12-15,2ab95c68-1fa4-4006-85d8-f23561947d68,Teresa Loewen,c8c34930-94b1-40e7-8f68-af42014dad64,Primo 7.6-1 208-240 (1),,,7.6,parsed_from_inverter_name,6.97,,
fronius,2023-12-16,2ab95c68-1fa4-4006-85d8-f23561947d68,Teresa Loewen,c8c34930-94b1-40e7-8f68-af42014dad64,Primo 7.6-1 208-240 (1),,,7.6,parsed_from_inverter_name,6.06,,
fronius,2023-12-17,2ab95c68-1fa4-4006-85d8-f23561947d68,Teresa Loewen,c8c34930-94b1-40e7-8f68-af42014dad64,Primo 7.6-1 208-240 (1),,,7.6,parsed_from_inverter_name,6.95,,
fronius,2023-12-18,2ab95c68-1fa4-4006-85d8-f23561947d68,Teresa Loewen,c8c34930-94b1-40e7-8f68-af42014dad64,Primo 7.6-1 208-240 (1),,,7.6,parsed_from_inverter_name,1.43,,
fronius,2023-12-19,2ab95c68-1fa4-4006-85d8-f23561947d68,Teresa Loewen,c8c34930-94b1-40e7-8f68-af42014dad64,Primo 7.6-1 208-240 (1),,,7.6,parsed_from_inverter_name,6.93,,
fronius,2023-12-20,2ab95c68-1fa4-4006-85d8-f23561947d68,Teresa Loewen,c8c34930-94b1-40e7-8f68-af42014dad64,Primo 7.6-1 208-240 (1),,,7.6,parsed_from_inverter_name,4.38,,
fronius,2023-12-21,2ab95c68-1fa4-4006-85d8-f23561947d68,Teresa Loewen,c8c34930-94b1-40e7-8f68-af42014dad64,Primo 7.6-1 208-240 (1),,,7.6,parsed_from_inverter_name,6.04,,
fronius,2023-12-22,2ab95c68-1fa4-4006-85d8-f23561947d68,Teresa Loewen,c8c34930-94b1-40e7-8f68-af42014dad64,Primo 7.6-1 208-240 (1),,,7.6,parsed_from_inverter_name,8.23,,
fronius,2023-12-23,2ab95c68-1fa4-4006-85d8-f23561947d68,Teresa Loewen,c8c34930-94b1-40e7-8f68-af42014dad64,Primo 7.6-1 208-240 (1),,,7.6,parsed_from_inverter_name,7.4,,
fronius,2023-12-24,2ab95c68-1fa4-4006-85d8-f23561947d68,Teresa Loewen,c8c34930-94b1-40e7-8f68-af42014dad64,Primo 7.6-1 208-240 (1),,,7.6,parsed_from_inverter_name,8.84,,
fronius,2023-12-25,2ab95c68-1fa4-4006-85d8-f23561947d68,Teresa Loewen,c8c34930-94b1-40e7-8f68-af42014dad64,Primo 7.6-1 208-240 (1),,,7.6,parsed_from_inverter_name,8.91,,
fronius,2023-12-26,2ab95c68-1fa4-4006-85d8-f23561947d68,Teresa Loewen,c8c34930-94b1-40e7-8f68-af42014dad64,Primo 7.6-1 208-240 (1),,,7.6,parsed_from_inverter_name,8.3,,
fronius,2023-12-27,2ab95c68-1fa4-4006-85d8-f23561947d68,Teresa Loewen,c8c34930-94b1-40e7-8f68-af42014dad64,Primo 7.6-1 208-240 (1),,,7.6,parsed_from_inverter_name,8.73,,
fronius,2023-12-28,2ab95c68-1fa4-4006-85d8-f23561947d68,Teresa Loewen,c8c34930-94b1-40e7-8f68-af42014dad64,Primo 7.6-1 208-240 (1),,,7.6,parsed_from_inverter_name,8.14,,
fronius,2023-12-29,2ab95c68-1fa4-4006-85d8-f23561947d68,Teresa Loewen,c8c34930-94b1-40e7-8f68-af42014dad64,Primo 7.6-1 208-240 (1),,,7.6,parsed_from_inverter_name,7.09,,
fronius,2023-12-30,2ab95c68-1fa4-4006-85d8-f23561947d68,Teresa Loewen,c8c34930-94b1-40e7-8f68-af42014dad64,Primo 7.6-1 208-240 (1),,,7.6,parsed_from_inverter_name,6.4,,
fronius,2023-12-31,2ab95c68-1fa4-4006-85d8-f23561947d68,Teresa Loewen,c8c34930-94b1-40e7-8f68-af42014dad64,Primo 7.6-1 208-240 (1),,,7.6,parsed_from_inverter_name,8.72,,
fronius,2024-01-01,2ab95c68-1fa4-4006-85d8-f23561947d68,Teresa Loewen,c8c34930-94b1-40e7-8f68-af42014dad64,Primo 7.6-1 208-240 (1),,,7.6,parsed_from_inverter_name,7.73,,
fronius,2024-01-02,2ab95c68-1fa4-4006-85d8-f23561947d68,Teresa Loewen,c8c34930-94b1-40e7-8f68-af42014dad64,Primo 7.6-1 208-240 (1),,,7.6,parsed_from_inverter_name,6.88,,
fronius,2024-01-03,2ab95c68-1fa4-4006-85d8-f23561947d68,Teresa Loewen,c8c34930-94b1-40e7-8f68-af42014dad64,Primo 7.6-1 208-240 (1),,,7.6,parsed_from_inverter_name,8.73,,
fronius,2024-01-04,2ab95c68-1fa4-4006-85d8-f23561947d68,Teresa Loewen,c8c34930-94b1-40e7-8f68-af42014dad64,Primo 7.6-1 208-240 (1),,,7.6,parsed_from_inverter_name,7.85,,
fronius,2024-01-05,2ab95c68-1fa4-4006-85d8-f23561947d68,Teresa Loewen,c8c34930-94b1-40e7-8f68-af42014dad64,Primo 7.6-1 208-240 (1),,,7.6,parsed_from_inverter_name,9.02,,
fronius,2024-01-06,2ab95c68-1fa4-4006-85d8-f23561947d68,Teresa Loewen,c8c34930-94b1-40e7-8f68-af42014dad64,Primo 7.6-1 208-240 (1),,,7.6,parsed_from_inverter_name,6.86,,
fronius,2024-01-07,2ab95c68-1fa4-4006-85d8-f23561947d68,Teresa Loewen,c8c34930-94b1-40e7-8f68-af42014dad64,Primo 7.6-1 208-240 (1),,,7.6,parsed_from_inverter_name,0.18,,
fronius,2024-01-08,2ab95c68-1fa4-4006-85d8-f23561947d68,Teresa Loewen,c8c34930-94b1-40e7-8f68-af42014dad64,Primo 7.6-1 208-240 (1),,,7.6,parsed_from_inverter_name,0.49,,
fronius,2024-01-09,2ab95c68-1fa4-4006-85d8-f23561947d68,Teresa Loewen,c8c34930-94b1-40e7-8f68-af42014dad64,Primo 7.6-1 208-240 (1),,,7.6,parsed_from_inverter_name,2.93,,
fronius,2024-01-10,2ab95c68-1fa4-4006-85d8-f23561947d68,Teresa Loewen,c8c34930-94b1-40e7-8f68-af42014dad64,Primo 7.6-1 208-240 (1),,,7.6,parsed_from_inverter_name,0.47,,
fronius,2024-01-12,2ab95c68-1fa4-4006-85d8-f23561947d68,Teresa Loewen,c8c34930-94b1-40e7-8f68-af42014dad64,Primo 7.6-1 208-240 (1),,,7.6,parsed_from_inverter_name,0.18,,
fronius,2024-01-13,2ab95c68-1fa4-4006-85d8-f23561947d68,Teresa Loewen,c8c34930-94b1-40e7-8f68-af42014dad64,Primo 7.6-1 208-240 (1),,,7.6,parsed_from_inverter_name,0.25,,
fronius,2024-01-14,2ab95c68-1fa4-4006-85d8-f23561947d68,Teresa Loewen,c8c34930-94b1-40e7-8f68-af42014dad64,Primo 7.6-1 208-240 (1),,,7.6,parsed_from_inverter_name,0.23,,
fronius,2024-01-15,2ab95c68-1fa4-4006-85d8-f23561947d68,Teresa Loewen,c8c34930-94b1-40e7-8f68-af42014dad64,Primo 7.6-1 208-240 (1),,,7.6,parsed_from_inverter_name,0.26,,
fronius,2024-01-16,2ab95c68-1fa4-4006-85d8-f23561947d68,Teresa Loewen,c8c34930-94b1-40e7-8f68-af42014dad64,Primo 7.6-1 208-240 (1),,,7.6,parsed_from_inverter_name,0.24,,
fronius,2024-01-24,2ab95c68-1fa4-4006-85d8-f23561947d68,Teresa Loewen,c8c34930-94b1-40e7-8f68-af42014dad64,Primo 7.6-1 208-240 (1),,,7.6,parsed_from_inverter_name,4.05,,
fronius,2024-01-25,2ab95c68-1fa4-4006-85d8-f23561947d68,Teresa Loewen,c8c34930-94b1-40e7-8f68-af42014dad64,Primo 7.6-1 208-240 (1),,,7.6,parsed_from_inverter_name,10.12,,
fronius,2024-01-26,2ab95c68-1fa4-4006-85d8-f23561947d68,Teresa Loewen,c8c34930-94b1-40e7-8f68-af42014dad64,Primo 7.6-1 208-240 (1),,,7.6,parsed_from_inverter_name,11.02,,
fronius,2024-01-27,2ab95c68-1fa4-4006-85d8-f23561947d68,Teresa Loewen,c8c34930-94b1-40e7-8f68-af42014dad64,Primo 7.6-1 208-240 (1),,,7.6,parsed_from_inverter_name,11.77,,
fronius,2024-01-28,2ab95c68-1fa4-4006-85d8-f23561947d68,Teresa Loewen,c8c34930-94b1-40e7-8f68-af42014dad64,Primo 7.6-1 208-240 (1),,,7.6,parsed_from_inverter_name,3.53,,
fronius,2024-01-29,2ab95c68-1fa4-4006-85d8-f23561947d68,Teresa Loewen,c8c34930-94b1-40e7-8f68-af42014dad64,Primo 7.6-1 208-240 (1),,,7.6,parsed_from_inverter_name,6.28,,
fronius,2024-01-30,2ab95c68-1fa4-4006-85d8-f23561947d68,Teresa Loewen,c8c34930-94b1-40e7-8f68-af42014dad64,Primo 7.6-1 208-240 (1),,,7.6,parsed_from_inverter_name,6.7,,
fronius,2024-01-31,2ab95c68-1fa4-4006-85d8-f23561947d68,Teresa Loewen,c8c34930-94b1-40e7-8f68-af42014dad64,Primo 7.6-1 208-240 (1),,,7.6,parsed_from_inverter_name,9.92,,
fronius,2024-02-01,2ab95c68-1fa4-4006-85d8-f23561947d68,Teresa Loewen,c8c34930-94b1-40e7-8f68-af42014dad64,Primo 7.6-1 208-240 (1),,,7.6,parsed_from_inverter_name,11.98,,
fronius,2024-02-02,2ab95c68-1fa4-4006-85d8-f23561947d68,Teresa Loewen,c8c34930-94b1-40e7-8f68-af42014dad64,Primo 7.6-1 208-240 (1),,,7.6,parsed_from_inverter_name,11.42,,
fronius,2024-02-03,2ab95c68-1fa4-4006-85d8-f23561947d68,Teresa Loewen,c8c34930-94b1-40e7-8f68-af42014dad64,Primo 7.6-1 208-240 (1),,,7.6,parsed_from_inverter_name,2.17,,
fronius,2024-02-04,2ab95c68-1fa4-4006-85d8-f23561947d68,Teresa Loewen,c8c34930-94b1-40e7-8f68-af42014dad64,Primo 7.6-1 208-240 (1),,,7.6,parsed_from_inverter_name,0.0,,
fronius,2024-02-05,2ab95c68-1fa4-4006-85d8-f23561947d68,Teresa Loewen,c8c34930-94b1-40e7-8f68-af42014dad64,Primo 7.6-1 208-240 (1),,,7.6,parsed_from_inverter_name,0.02,,
fronius,2024-02-08,2ab95c68-1fa4-4006-85d8-f23561947d68,Teresa Loewen,c8c34930-94b1-40e7-8f68-af42014dad64,Primo 7.6-1 208-240 (1),,,7.6,parsed_from_inverter_name,0.02,,
fronius,2024-02-09,2ab95c68-1fa4-4006-85d8-f23561947d68,Teresa Loewen,c8c34930-94b1-40e7-8f68-af42014dad64,Primo 7.6-1 208-240 (1),,,7.6,parsed_from_inverter_name,0.03,,
fronius,2024-02-10,2ab95c68-1fa4-4006-85d8-f23561947d68,Teresa Loewen,c8c34930-94b1-40e7-8f68-af42014dad64,Primo 7.6-1 208-240 (1),,,7.6,parsed_from_inverter_name,0.12,,
fronius,2024-02-11,2ab95c68-1fa4-4006-85d8-f23561947d68,Teresa Loewen,c8c34930-94b1-40e7-8f68-af42014dad64,Primo 7.6-1 208-240 (1),,,7.6,parsed_from_inverter_name,0.47,,
fronius,2024-02-12,2ab95c68-1fa4-4006-85d8-f23561947d68,Teresa Loewen,c8c34930-94b1-40e7-8f68-af42014dad64,Primo 7.6-1 208-240 (1),,,7.6,parsed_from_inverter_name,1.67,,
fronius,2024-02-13,2ab95c68-1fa4-4006-85d8-f23561947d68,Teresa Loewen,c8c34930-94b1-40e7-8f68-af42014dad64,Primo 7.6-1 208-240 (1),,,7.6,parsed_from_inverter_name,0.16,,
fronius,2024-02-14,2ab95c68-1fa4-4006-85d8-f23561947d68,Teresa Loewen,c8c34930-94b1-40e7-8f68-af42014dad64,Primo 7.6-1 208-240 (1),,,7.6,parsed_from_inverter_name,0.95,,
fronius,2024-02-15,2ab95c68-1fa4-4006-85d8-f23561947d68,Teresa Loewen,c8c34930-94b1-40e7-8f68-af42014dad64,Primo 7.6-1 208-240 (1),,,7.6,parsed_from_inverter_name,1.48,,
fronius,2024-02-16,2ab95c68-1fa4-4006-85d8-f23561947d68,Teresa Loewen,c8c34930-94b1-40e7-8f68-af42014dad64,Primo 7.6-1 208-240 (1),,,7.6,parsed_from_inverter_name,5.15,,
fronius,2024-02-17,2ab95c68-1fa4-4006-85d8-f23561947d68,Teresa Loewen,c8c34930-94b1-40e7-8f68-af42014dad64,Primo 7.6-1 208-240 (1),,,7.6,parsed_from_inverter_name,10.11,,
fronius,2024-02-18,2ab95c68-1fa4-4006-85d8-f23561947d68,Teresa Loewen,c8c34930-94b1-40e7-8f68-af42014dad64,Primo 7.6-1 208-240 (1),,,7.6,parsed_from_inverter_name,11.61,,
fronius,2024-02-19,2ab95c68-1fa4-4006-85d8-f23561947d68,Teresa Loewen,c8c34930-94b1-40e7-8f68-af42014dad64,Primo 7.6-1 208-240 (1),,,7.6,parsed_from_inverter_name,17.1,,
fronius,2024-02-20,2ab95c68-1fa4-4006-85d8-f23561947d68,Teresa Loewen,c8c34930-94b1-40e7-8f68-af42014dad64,Primo 7.6-1 208-240 (1),,,7.6,parsed_from_inverter_name,11.67,,
fronius,2024-02-21,2ab95c68-1fa4-4006-85d8-f23561947d68,Teresa Loewen,c8c34930-94b1-40e7-8f68-af42014dad64,Primo 7.6-1 208-240 (1),,,7.6,parsed_from_inverter_name,20.62,,
fronius,2024-02-22,2ab95c68-1fa4-4006-85d8-f23561947d68,Teresa Loewen,c8c34930-94b1-40e7-8f68-af42014dad64,Primo 7.6-1 208-240 (1),,,7.6,parsed_from_inverter_name,17.64,,
fronius,2024-02-23,2ab95c68-1fa4-4006-85d8-f23561947d68,Teresa Loewen,c8c34930-94b1-40e7-8f68-af42014dad64,Primo 7.6-1 208-240 (1),,,7.6,parsed_from_inverter_name,21.88,,
fronius,2024-02-24,2ab95c68-1fa4-4006-85d8-f23561947d68,Teresa Loewen,c8c34930-94b1-40e7-8f68-af42014dad64,Primo 7.6-1 208-240 (1),,,7.6,parsed_from_inverter_name,8.17,,
fronius,2024-02-25,2ab95c68-1fa4-4006-85d8-f23561947d68,Teresa Loewen,c8c34930-94b1-40e7-8f68-af42014dad64,Primo 7.6-1 208-240 (1),,,7.6,parsed_from_inverter_name,16.91,,
fronius,2024-02-26,2ab95c68-1fa4-4006-85d8-f23561947d68,Teresa Loewen,c8c34930-94b1-40e7-8f68-af42014dad64,Primo 7.6-1 208-240 (1),,,7.6,parsed_from_inverter_name,3.34,,
fronius,2024-02-27,2ab95c68-1fa4-4006-85d8-f23561947d68,Teresa Loewen,c8c34930-94b1-40e7-8f68-af42014dad64,Primo 7.6-1 208-240 (1),,,7.6,parsed_from_inverter_name,1.65,,
fronius,2024-02-28,2ab95c68-1fa4-4006-85d8-f23561947d68,Teresa Loewen,c8c34930-94b1-40e7-8f68-af42014dad64,Primo 7.6-1 208-240 (1),,,7.6,parsed_from_inverter_name,10.81,,
fronius,2024-02-29,2ab95c68-1fa4-4006-85d8-f23561947d68,Teresa Loewen,c8c34930-94b1-40e7-8f68-af42014dad64,Primo 7.6-1 208-240 (1),,,7.6,parsed_from_inverter_name,22.04,,
fronius,2024-03-01,2ab95c68-1fa4-4006-85d8-f23561947d68,Teresa Loewen,c8c34930-94b1-40e7-8f68-af42014dad64,Primo 7.6-1 208-240 (1),,,7.6,parsed_from_inverter_name,7.74,,
fronius,2024-03-02,2ab95c68-1fa4-4006-85d8-f23561947d68,Teresa Loewen,c8c34930-94b1-40e7-8f68-af42014dad64,Primo 7.6-1 208-240 (1),,,7.6,parsed_from_inverter_name,0.21,,
fronius,2024-03-03,2ab95c68-1fa4-4006-85d8-f23561947d68,Teresa Loewen,c8c34930-94b1-40e7-8f68-af42014dad64,Primo 7.6-1 208-240 (1),,,7.6,parsed_from_inverter_name,0.89,,
fronius,2024-03-04,2ab95c68-1fa4-4006-85d8-f23561947d68,Teresa Loewen,c8c34930-94b1-40e7-8f68-af42014dad64,Primo 7.6-1 208-240 (1),,,7.6,parsed_from_inverter_name,0.92,,
fronius,2024-03-05,2ab95c68-1fa4-4006-85d8-f23561947d68,Teresa Loewen,c8c34930-94b1-40e7-8f68-af42014dad64,Primo 7.6-1 208-240 (1),,,7.6,parsed_from_inverter_name,0.56,,
fronius,2024-03-06,2ab95c68-1fa4-4006-85d8-f23561947d68,Teresa Loewen,c8c34930-94b1-40e7-8f68-af42014dad64,Primo 7.6-1 208-240 (1),,,7.6,parsed_from_inverter_name,1.26,,
fronius,2024-03-07,2ab95c68-1fa4-4006-85d8-f23561947d68,Teresa Loewen,c8c34930-94b1-40e7-8f68-af42014dad64,Primo 7.6-1 208-240 (1),,,7.6,parsed_from_inverter_name,7.63,,
fronius,2024-03-08,2ab95c68-1fa4-4006-85d8-f23561947d68,Teresa Loewen,c8c34930-94b1-40e7-8f68-af42014dad64,Primo 7.6-1 208-240 (1),,,7.6,parsed_from_inverter_name,28.63,,
fronius,2024-03-09,2ab95c68-1fa4-4006-85d8-f23561947d68,Teresa Loewen,c8c34930-94b1-40e7-8f68-af42014dad64,Primo 7.6-1 208-240 (1),,,7.6,parsed_from_inverter_name,22.31,,
fronius,2024-03-10,2ab95c68-1fa4-4006-85d8-f23561947d68,Teresa Loewen,c8c34930-94b1-40e7-8f68-af42014dad64,Primo 7.6-1 208-240 (1),,,7.6,parsed_from_inverter_name,29.93,,
fronius,2024-03-11,2ab95c68-1fa4-4006-85d8-f23561947d68,Teresa Loewen,c8c34930-94b1-40e7-8f68-af42014dad64,Primo 7.6-1 208-240 (1),,,7.6,parsed_from_inverter_name,31.8,,
fronius,2024-03-12,2ab95c68-1fa4-4006-85d8-f23561947d68,Teresa Loewen,c8c34930-94b1-40e7-8f68-af42014dad64,Primo 7.6-1 208-240 (1),,,7.6,parsed_from_inverter_name,32.49,,
fronius,2024-03-13,2ab95c68-1fa4-4006-85d8-f23561947d68,Teresa Loewen,c8c34930-94b1-40e7-8f68-af42014dad64,Primo 7.6-1 208-240 (1),,,7.6,parsed_from_inverter_name,28.35,,
fronius,2024-03-14,2ab95c68-1fa4-4006-85d8-f23561947d68,Teresa Loewen,c8c34930-94b1-40e7-8f68-af42014dad64,Primo 7.6-1 208-240 (1),,,7.6,parsed_from_inverter_name,34.14,,
fronius,2024-03-15,2ab95c68-1fa4-4006-85d8-f23561947d68,Teresa Loewen,c8c34930-94b1-40e7-8f68-af42014dad64,Primo 7.6-1 208-240 (1),,,7.6,parsed_from_inverter_name,30.84,,
fronius,2024-03-16,2ab95c68-1fa4-4006-85d8-f23561947d68,Teresa Loewen,c8c34930-94b1-40e7-8f68-af42014dad64,Primo 7.6-1 208-240 (1),,,7.6,parsed_from_inverter_name,33.35,,
fronius,2024-03-17,2ab95c68-1fa4-4006-85d8-f23561947d68,Teresa Loewen,c8c34930-94b1-40e7-8f68-af42014dad64,Primo 7.6-1 208-240 (1),,,7.6,parsed_from_inverter_name,34.97,,
fronius,2024-03-18,2ab95c68-1fa4-4006-85d8-f23561947d68,Teresa Loewen,c8c34930-94b1-40e7-8f68-af42014dad64,Primo 7.6-1 208-240 (1),,,7.6,parsed_from_inverter_name,35.61,,
fronius,2024-03-19,2ab95c68-1fa4-4006-85d8-f23561947d68,Teresa Loewen,c8c34930-94b1-40e7-8f68-af42014dad64,Primo 7.6-1 208-240 (1),,,7.6,parsed_from_inverter_name,25.68,,
fronius,2024-03-20,2ab95c68-1fa4-4006-85d8-f23561947d68,Teresa Loewen,c8c34930-94b1-40e7-8f68-af42014dad64,Primo 7.6-1 208-240 (1),,,7.6,parsed_from_inverter_name,1.15,,
fronius,2024-03-26,2ab95c68-1fa4-4006-85d8-f23561947d68,Teresa Loewen,c8c34930-94b1-40e7-8f68-af42014dad64,Primo 7.6-1 208-240 (1),,,7.6,parsed_from_inverter_name,2.73,,
fronius,2024-03-27,2ab95c68-1fa4-4006-85d8-f23561947d68,Teresa Loewen,c8c34930-94b1-40e7-8f68-af42014dad64,Primo 7.6-1 208-240 (1),,,7.6,parsed_from_inverter_name,27.94,,
fronius,2024-03-28,2ab95c68-1fa4-4006-85d8-f23561947d68,Teresa Loewen,c8c34930-94b1-40e7-8f68-af42014dad64,Primo 7.6-1 208-240 (1),,,7.6,parsed_from_inverter_name,14.09,,
fronius,2024-03-29,2ab95c68-1fa4-4006-85d8-f23561947d68,Teresa Loewen,c8c34930-94b1-40e7-8f68-af42014dad64,Primo 7.6-1 208-240 (1),,,7.6,parsed_from_inverter_name,21.89,,
fronius,2024-03-30,2ab95c68-1fa4-4006-85d8-f23561947d68,Teresa Loewen,c8c34930-94b1-40e7-8f68-af42014dad64,Primo 7.6-1 208-240 (1),,,7.6,parsed_from_inverter_name,43.85,,
fronius,2024-03-31,2ab95c68-1fa4-4006-85d8-f23561947d68,Teresa Loewen,c8c34930-94b1-40e7-8f68-af42014dad64,Primo 7.6-1 208-240 (1),,,7.6,parsed_from_inverter_name,42.48,,
fronius,2024-04-01,2ab95c68-1fa4-4006-85d8-f23561947d68,Teresa Loewen,c8c34930-94b1-40e7-8f68-af42014dad64,Primo 7.6-1 208-240 (1),,,7.6,parsed_from_inverter_name,44.67,,
fronius,2024-04-02,2ab95c68-1fa4-4006-85d8-f23561947d68,Teresa Loewen,c8c34930-94b1-40e7-8f68-af42014dad64,Primo 7.6-1 208-240 (1),,,7.6,parsed_from_inverter_name,27.12,,
fronius,2024-04-03,2ab95c68-1fa4-4006-85d8-f23561947d68,Teresa Loewen,c8c34930-94b1-40e7-8f68-af42014dad64,Primo 7.6-1 208-240 (1),,,7.6,parsed_from_inverter_name,37.04,,
fronius,2024-04-04,2ab95c68-1fa4-4006-85d8-f23561947d68,Teresa Loewen,c8c34930-94b1-40e7-8f68-af42014dad64,Primo 7.6-1 208-240 (1),,,7.6,parsed_from_inverter_name,4.51,,
fronius,2024-04-05,2ab95c68-1fa4-4006-85d8-f23561947d68,Teresa Loewen,c8c34930-94b1-40e7-8f68-af42014dad64,Primo 7.6-1 208-240 (1),,,7.6,parsed_from_inverter_name,3.22,,
fronius,2024-04-06,2ab95c68-1fa4-4006-85d8-f23561947d68,Teresa Loewen,c8c34930-94b1-40e7-8f68-af42014dad64,Primo 7.6-1 208-240 (1),,,7.6,parsed_from_inverter_name,18.76,,
fronius,2024-04-07,2ab95c68-1fa4-4006-85d8-f23561947d68,Teresa Loewen,c8c34930-94b1-40e7-8f68-af42014dad64,Primo 7.6-1 208-240 (1),,,7.6,parsed_from_inverter_name,21.57,,
fronius,2024-04-08,2ab95c68-1fa4-4006-85d8-f23561947d68,Teresa Loewen,c8c34930-94b1-40e7-8f68-af42014dad64,Primo 7.6-1 208-240 (1),,,7.6,parsed_from_inverter_name,46.74,,
fronius,2024-04-09,2ab95c68-1fa4-4006-85d8-f23561947d68,Teresa Loewen,c8c34930-94b1-40e7-8f68-af42014dad64,Primo 7.6-1 208-240 (1),,,7.6,parsed_from_inverter_name,42.99,,
fronius,2024-04-10,2ab95c68-1fa4-4006-85d8-f23561947d68,Teresa Loewen,c8c34930-94b1-40e7-8f68-af42014dad64,Primo 7.6-1 208-240 (1),,,7.6,parsed_from_inverter_name,44.58,,
fronius,2024-04-11,2ab95c68-1fa4-4006-85d8-f23561947d68,Teresa Loewen,c8c34930-94b1-40e7-8f68-af42014dad64,Primo 7.6-1 208-240 (1),,,7.6,parsed_from_inverter_name,37.51,,
fronius,2024-04-12,2ab95c68-1fa4-4006-85d8-f23561947d68,Teresa Loewen,c8c34930-94b1-40e7-8f68-af42014dad64,Primo 7.6-1 208-240 (1),,,7.6,parsed_from_inverter_name,47.16,,
fronius,2024-04-13,2ab95c68-1fa4-4006-85d8-f23561947d68,Teresa Loewen,c8c34930-94b1-40e7-8f68-af42014dad64,Primo 7.6-1 208-240 (1),,,7.6,parsed_from_inverter_name,49.07,,
fronius,2024-04-14,2ab95c68-1fa4-4006-85d8-f23561947d68,Teresa Loewen,c8c34930-94b1-40e7-8f68-af42014dad64,Primo 7.6-1 208-240 (1),,,7.6,parsed_from_inverter_name,48.46,,
fronius,2024-04-15,2ab95c68-1fa4-4006-85d8-f23561947d68,Teresa Loewen,c8c34930-94b1-40e7-8f68-af42014dad64,Primo 7.6-1 208-240 (1),,,7.6,parsed_from_inverter_name,38.71,,
fronius,2024-04-16,2ab95c68-1fa4-4006-85d8-f23561947d68,Teresa Loewen,c8c34930-94b1-40e7-8f68-af42014dad64,Primo 7.6-1 208-240 (1),,,7.6,parsed_from_inverter_name,15.0,,
fronius,2024-04-17,2ab95c68-1fa4-4006-85d8-f23561947d68,Teresa Loewen,c8c34930-94b1-40e7-8f68-af42014dad64,Primo 7.6-1 208-240 (1),,,7.6,parsed_from_inverter_name,27.94,,
fronius,2024-04-18,2ab95c68-1fa4-4006-85d8-f23561947d68,Teresa Loewen,c8c34930-94b1-40e7-8f68-af42014dad64,Primo 7.6-1 208-240 (1),,,7.6,parsed_from_inverter_name,46.71,,
fronius,2024-04-19,2ab95c68-1fa4-4006-85d8-f23561947d68,Teresa Loewen,c8c34930-94b1-40e7-8f68-af42014dad64,Primo 7.6-1 208-240 (1),,,7.6,parsed_from_inverter_name,39.05,,
fronius,2024-04-20,2ab95c68-1fa4-4006-85d8-f23561947d68,Teresa Loewen,c8c34930-94b1-40e7-8f68-af42014dad64,Primo 7.6-1 208-240 (1),,,7.6,parsed_from_inverter_name,54.01,,
fronius,2024-04-21,2ab95c68-1fa4-4006-85d8-f23561947d68,Teresa Loewen,c8c34930-94b1-40e7-8f68-af42014dad64,Primo 7.6-1 208-240 (1),,,7.6,parsed_from_inverter_name,53.8,,
fronius,2024-04-22,2ab95c68-1fa4-4006-85d8-f23561947d68,Teresa Loewen,c8c34930-94b1-40e7-8f68-af42014dad64,Primo 7.6-1 208-240 (1),,,7.6,parsed_from_inverter_name,40.18,,
fronius,2024-04-23,2ab95c68-1fa4-4006-85d8-f23561947d68,Teresa Loewen,c8c34930-94b1-40e7-8f68-af42014dad64,Primo 7.6-1 208-240 (1),,,7.6,parsed_from_inverter_name,51.9,,
fronius,2024-04-24,2ab95c68-1fa4-4006-85d8-f23561947d68,Teresa Loewen,c8c34930-94b1-40e7-8f68-af42014dad64,Primo 7.6-1 208-240 (1),,,7.6,parsed_from_inverter_name,33.91,,
fronius,2024-04-25,2ab95c68-1fa4-4006-85d8-f23561947d68,Teresa Loewen,c8c34930-94b1-40e7-8f68-af42014dad64,Primo 7.6-1 208-240 (1),,,7.6,parsed_from_inverter_name,39.3,,
fronius,2024-04-26,2ab95c68-1fa4-4006-85d8-f23561947d68,Teresa Loewen,c8c34930-94b1-40e7-8f68-af42014dad64,Primo 7.6-1 208-240 (1),,,7.6,parsed_from_inverter_name,33.55,,
fronius,2024-04-27,2ab95c68-1fa4-4006-85d8-f23561947d68,Teresa Loewen,c8c34930-94b1-40e7-8f68-af42014dad64,Primo 7.6-1 208-240 (1),,,7.6,parsed_from_inverter_name,32.19,,
fronius,2024-04-28,2ab95c68-1fa4-4006-85d8-f23561947d68,Teresa Loewen,c8c34930-94b1-40e7-8f68-af42014dad64,Primo 7.6-1 208-240 (1),,,7.6,parsed_from_inverter_name,51.52,,
fronius,2024-04-29,2ab95c68-1fa4-4006-85d8-f23561947d68,Teresa Loewen,c8c34930-94b1-40e7-8f68-af42014dad64,Primo 7.6-1 208-240 (1),,,7.6,parsed_from_inverter_name,40.67,,
fronius,2024-04-30,2ab95c68-1fa4-4006-85d8-f23561947d68,Teresa Loewen,c8c34930-94b1-40e7-8f68-af42014dad64,Primo 7.6-1 208-240 (1),,,7.6,parsed_from_inverter_name,17.34,,
fronius,2024-05-01,2ab95c68-1fa4-4006-85d8-f23561947d68,Teresa Loewen,c8c34930-94b1-40e7-8f68-af42014dad64,Primo 7.6-1 208-240 (1),,,7.6,parsed_from_inverter_name,12.27,,
fronius,2024-05-02,2ab95c68-1fa4-4006-85d8-f23561947d68,Teresa Loewen,c8c34930-94b1-40e7-8f68-af42014dad64,Primo 7.6-1 208-240 (1),,,7.6,parsed_from_inverter_name,19.5,,
fronius,2024-05-03,2ab95c68-1fa4-4006-85d8-f23561947d68,Teresa Loewen,c8c34930-94b1-40e7-8f68-af42014dad64,Primo 7.6-1 208-240 (1),,,7.6,parsed_from_inverter_name,45.82,,
fronius,2024-05-04,2ab95c68-1fa4-4006-85d8-f23561947d68,Teresa Loewen,c8c34930-94b1-40e7-8f68-af42014dad64,Primo 7.6-1 208-240 (1),,,7.6,parsed_from_inverter_name,52.76,,
fronius,2024-05-05,2ab95c68-1fa4-4006-85d8-f23561947d68,Teresa Loewen,c8c34930-94b1-40e7-8f68-af42014dad64,Primo 7.6-1 208-240 (1),,,7.6,parsed_from_inverter_name,17.43,,
fronius,2024-05-06,2ab95c68-1fa4-4006-85d8-f23561947d68,Teresa Loewen,c8c34930-94b1-40e7-8f68-af42014dad64,Primo 7.6-1 208-240 (1),,,7.6,parsed_from_inverter_name,35.31,,
fronius,2024-05-07,2ab95c68-1fa4-4006-85d8-f23561947d68,Teresa Loewen,c8c34930-94b1-40e7-8f68-af42014dad64,Primo 7.6-1 208-240 (1),,,7.6,parsed_from_inverter_name,4.14,,
fronius,2024-05-08,2ab95c68-1fa4-4006-85d8-f23561947d68,Teresa Loewen,c8c34930-94b1-40e7-8f68-af42014dad64,Primo 7.6-1 208-240 (1),,,7.6,parsed_from_inverter_name,14.7,,
fronius,2024-05-09,2ab95c68-1fa4-4006-85d8-f23561947d68,Teresa Loewen,c8c34930-94b1-40e7-8f68-af42014dad64,Primo 7.6-1 208-240 (1),,,7.6,parsed_from_inverter_name,54.69,,
fronius,2024-05-10,2ab95c68-1fa4-4006-85d8-f23561947d68,Teresa Loewen,c8c34930-94b1-40e7-8f68-af42014dad64,Primo 7.6-1 208-240 (1),,,7.6,parsed_from_inverter_name,54.13,,
fronius,2024-05-11,2ab95c68-1fa4-4006-85d8-f23561947d68,Teresa Loewen,c8c34930-94b1-40e7-8f68-af42014dad64,Primo 7.6-1 208-240 (1),,,7.6,parsed_from_inverter_name,45.34,,
fronius,2024-05-12,2ab95c68-1fa4-4006-85d8-f23561947d68,Teresa Loewen,c8c34930-94b1-40e7-8f68-af42014dad64,Primo 7.6-1 208-240 (1),,,7.6,parsed_from_inverter_name,48.15,,
fronius,2024-05-13,2ab95c68-1fa4-4006-85d8-f23561947d68,Teresa Loewen,c8c34930-94b1-40e7-8f68-af42014dad64,Primo 7.6-1 208-240 (1),,,7.6,parsed_from_inverter_name,31.24,,
fronius,2024-05-14,2ab95c68-1fa4-4006-85d8-f23561947d68,Teresa Loewen,c8c34930-94b1-40e7-8f68-af42014dad64,Primo 7.6-1 208-240 (1),,,7.6,parsed_from_inverter_name,39.27,,
fronius,2024-05-15,2ab95c68-1fa4-4006-85d8-f23561947d68,Teresa Loewen,c8c34930-94b1-40e7-8f68-af42014dad64,Primo 7.6-1 208-240 (1),,,7.6,parsed_from_inverter_name,36.86,,
fronius,2024-05-16,2ab95c68-1fa4-4006-85d8-f23561947d68,Teresa Loewen,c8c34930-94b1-40e7-8f68-af42014dad64,Primo 7.6-1 208-240 (1),,,7.6,parsed_from_inverter_name,28.16,,
fronius,2024-05-17,2ab95c68-1fa4-4006-85d8-f23561947d68,Teresa Loewen,c8c34930-94b1-40e7-8f68-af42014dad64,Primo 7.6-1 208-240 (1),,,7.6,parsed_from_inverter_name,15.14,,
fronius,2024-05-18,2ab95c68-1fa4-4006-85d8-f23561947d68,Teresa Loewen,c8c34930-94b1-40e7-8f68-af42014dad64,Primo 7.6-1 208-240 (1),,,7.6,parsed_from_inverter_name,38.15,,
fronius,2024-05-19,2ab95c68-1fa4-4006-85d8-f23561947d68,Teresa Loewen,c8c34930-94b1-40e7-8f68-af42014dad64,Primo 7.6-1 208-240 (1),,,7.6,parsed_from_inverter_name,24.92,,
fronius,2024-05-20,2ab95c68-1fa4-4006-85d8-f23561947d68,Teresa Loewen,c8c34930-94b1-40e7-8f68-af42014dad64,Primo 7.6-1 208-240 (1),,,7.6,parsed_from_inverter_name,26.56,,
fronius,2024-05-21,2ab95c68-1fa4-4006-85d8-f23561947d68,Teresa Loewen,c8c34930-94b1-40e7-8f68-af42014dad64,Primo 7.6-1 208-240 (1),,,7.6,parsed_from_inverter_name,43.96,,
fronius,2024-05-22,2ab95c68-1fa4-4006-85d8-f23561947d68,Teresa Loewen,c8c34930-94b1-40e7-8f68-af42014dad64,Primo 7.6-1 208-240 (1),,,7.6,parsed_from_inverter_name,19.96,,
fronius,2024-05-23,2ab95c68-1fa4-4006-85d8-f23561947d68,Teresa Loewen,c8c34930-94b1-40e7-8f68-af42014dad64,Primo 7.6-1 208-240 (1),,,7.6,parsed_from_inverter_name,35.08,,
fronius,2024-05-24,2ab95c68-1fa4-4006-85d8-f23561947d68,Teresa Loewen,c8c34930-94b1-40e7-8f68-af42014dad64,Primo 7.6-1 208-240 (1),,,7.6,parsed_from_inverter_name,44.99,,
fronius,2024-05-25,2ab95c68-1fa4-4006-85d8-f23561947d68,Teresa Loewen,c8c34930-94b1-40e7-8f68-af42014dad64,Primo 7.6-1 208-240 (1),,,7.6,parsed_from_inverter_name,50.8,,
fronius,2024-05-26,2ab95c68-1fa4-4006-85d8-f23561947d68,Teresa Loewen,c8c34930-94b1-40e7-8f68-af42014dad64,Primo 7.6-1 208-240 (1),,,7.6,parsed_from_inverter_name,33.48,,
fronius,2024-05-27,2ab95c68-1fa4-4006-85d8-f23561947d68,Teresa Loewen,c8c34930-94b1-40e7-8f68-af42014dad64,Primo 7.6-1 208-240 (1),,,7.6,parsed_from_inverter_name,51.4,,
fronius,2024-05-28,2ab95c68-1fa4-4006-85d8-f23561947d68,Teresa Loewen,c8c34930-94b1-40e7-8f68-af42014dad64,Primo 7.6-1 208-240 (1),,,7.6,parsed_from_inverter_name,43.64,,
fronius,2024-05-29,2ab95c68-1fa4-4006-85d8-f23561947d68,Teresa Loewen,c8c34930-94b1-40e7-8f68-af42014dad64,Primo 7.6-1 208-240 (1),,,7.6,parsed_from_inverter_name,48.08,,
fronius,2024-05-30,2ab95c68-1fa4-4006-85d8-f23561947d68,Teresa Loewen,c8c34930-94b1-40e7-8f68-af42014dad64,Primo 7.6-1 208-240 (1),,,7.6,parsed_from_inverter_name,35.05,,
fronius,2024-05-31,2ab95c68-1fa4-4006-85d8-f23561947d68,Teresa Loewen,c8c34930-94b1-40e7-8f68-af42014dad64,Primo 7.6-1 208-240 (1),,,7.6,parsed_from_inverter_name,43.12,,
fronius,2024-06-01,2ab95c68-1fa4-4006-85d8-f23561947d68,Teresa Loewen,c8c34930-94b1-40e7-8f68-af42014dad64,Primo 7.6-1 208-240 (1),,,7.6,parsed_from_inverter_name,38.97,,
fronius,2024-06-02,2ab95c68-1fa4-4006-85d8-f23561947d68,Teresa Loewen,c8c34930-94b1-40e7-8f68-af42014dad64,Primo 7.6-1 208-240 (1),,,7.6,parsed_from_inverter_name,48.32,,
fronius,2024-06-03,2ab95c68-1fa4-4006-85d8-f23561947d68,Teresa Loewen,c8c34930-94b1-40e7-8f68-af42014dad64,Primo 7.6-1 208-240 (1),,,7.6,parsed_from_inverter_name,34.49,,
fronius,2024-06-04,2ab95c68-1fa4-4006-85d8-f23561947d68,Teresa Loewen,c8c34930-94b1-40e7-8f68-af42014dad64,Primo 7.6-1 208-240 (1),,,7.6,parsed_from_inverter_name,58.26,,
fronius,2024-06-05,2ab95c68-1fa4-4006-85d8-f23561947d68,Teresa Loewen,c8c34930-94b1-40e7-8f68-af42014dad64,Primo 7.6-1 208-240 (1),,,7.6,parsed_from_inverter_name,54.1,,
fronius,2024-06-06,2ab95c68-1fa4-4006-85d8-f23561947d68,Teresa Loewen,c8c34930-94b1-40e7-8f68-af42014dad64,Primo 7.6-1 208-240 (1),,,7.6,parsed_from_inverter_name,51.12,,
fronius,2024-06-07,2ab95c68-1fa4-4006-85d8-f23561947d68,Teresa Loewen,c8c34930-94b1-40e7-8f68-af42014dad64,Primo 7.6-1 208-240 (1),,,7.6,parsed_from_inverter_name,51.56,,
fronius,2024-06-08,2ab95c68-1fa4-4006-85d8-f23561947d68,Teresa Loewen,c8c34930-94b1-40e7-8f68-af42014dad64,Primo 7.6-1 208-240 (1),,,7.6,parsed_from_inverter_name,35.65,,
fronius,2024-06-09,2ab95c68-1fa4-4006-85d8-f23561947d68,Teresa Loewen,c8c34930-94b1-40e7-8f68-af42014dad64,Primo 7.6-1 208-240 (1),,,7.6,parsed_from_inverter_name,47.07,,
fronius,2024-06-10,2ab95c68-1fa4-4006-85d8-f23561947d68,Teresa Loewen,c8c34930-94b1-40e7-8f68-af42014dad64,Primo 7.6-1 208-240 (1),,,7.6,parsed_from_inverter_name,37.33,,
fronius,2024-06-11,2ab95c68-1fa4-4006-85d8-f23561947d68,Teresa Loewen,c8c34930-94b1-40e7-8f68-af42014dad64,Primo 7.6-1 208-240 (1),,,7.6,parsed_from_inverter_name,51.35,,
fronius,2024-06-12,2ab95c68-1fa4-4006-85d8-f23561947d68,Teresa Loewen,c8c34930-94b1-40e7-8f68-af42014dad64,Primo 7.6-1 208-240 (1),,,7.6,parsed_from_inverter_name,51.59,,
fronius,2024-06-13,2ab95c68-1fa4-4006-85d8-f23561947d68,Teresa Loewen,c8c34930-94b1-40e7-8f68-af42014dad64,Primo 7.6-1 208-240 (1),,,7.6,parsed_from_inverter_name,50.97,,
fronius,2024-06-14,2ab95c68-1fa4-4006-85d8-f23561947d68,Teresa Loewen,c8c34930-94b1-40e7-8f68-af42014dad64,Primo 7.6-1 208-240 (1),,,7.6,parsed_from_inverter_name,48.57,,
fronius,2024-06-15,2ab95c68-1fa4-4006-85d8-f23561947d68,Teresa Loewen,c8c34930-94b1-40e7-8f68-af42014dad64,Primo 7.6-1 208-240 (1),,,7.6,parsed_from_inverter_name,29.69,,
fronius,2024-06-16,2ab95c68-1fa4-4006-85d8-f23561947d68,Teresa Loewen,c8c34930-94b1-40e7-8f68-af42014dad64,Primo 7.6-1 208-240 (1),,,7.6,parsed_from_inverter_name,16.62,,
fronius,2024-06-17,2ab95c68-1fa4-4006-85d8-f23561947d68,Teresa Loewen,c8c34930-94b1-40e7-8f68-af42014dad64,Primo 7.6-1 208-240 (1),,,7.6,parsed_from_inverter_name,22.38,,
fronius,2024-06-18,2ab95c68-1fa4-4006-85d8-f23561947d68,Teresa Loewen,c8c34930-94b1-40e7-8f68-af42014dad64,Primo 7.6-1 208-240 (1),,,7.6,parsed_from_inverter_name,17.49,,
fronius,2024-06-19,2ab95c68-1fa4-4006-85d8-f23561947d68,Teresa Loewen,c8c34930-94b1-40e7-8f68-af42014dad64,Primo 7.6-1 208-240 (1),,,7.6,parsed_from_inverter_name,40.75,,
fronius,2024-06-20,2ab95c68-1fa4-4006-85d8-f23561947d68,Teresa Loewen,c8c34930-94b1-40e7-8f68-af42014dad64,Primo 7.6-1 208-240 (1),,,7.6,parsed_from_inverter_name,50.97,,
fronius,2024-06-21,2ab95c68-1fa4-4006-85d8-f23561947d68,Teresa Loewen,c8c34930-94b1-40e7-8f68-af42014dad64,Primo 7.6-1 208-240 (1),,,7.6,parsed_from_inverter_name,35.27,,
fronius,2024-06-22,2ab95c68-1fa4-4006-85d8-f23561947d68,Teresa Loewen,c8c34930-94b1-40e7-8f68-af42014dad64,Primo 7.6-1 208-240 (1),,,7.6,parsed_from_inverter_name,53.15,,
fronius,2024-06-23,2ab95c68-1fa4-4006-85d8-f23561947d68,Teresa Loewen,c8c34930-94b1-40e7-8f68-af42014dad64,Primo 7.6-1 208-240 (1),,,7.6,parsed_from_inverter_name,53.88,,
fronius,2024-06-24,2ab95c68-1fa4-4006-85d8-f23561947d68,Teresa Loewen,c8c34930-94b1-40e7-8f68-af42014dad64,Primo 7.6-1 208-240 (1),,,7.6,parsed_from_inverter_name,55.73,,
fronius,2024-06-25,2ab95c68-1fa4-4006-85d8-f23561947d68,Teresa Loewen,c8c34930-94b1-40e7-8f68-af42014dad64,Primo 7.6-1 208-240 (1),,,7.6,parsed_from_inverter_name,54.15,,
fronius,2024-06-26,2ab95c68-1fa4-4006-85d8-f23561947d68,Teresa Loewen,c8c34930-94b1-40e7-8f68-af42014dad64,Primo 7.6-1 208-240 (1),,,7.6,parsed_from_inverter_name,31.72,,
fronius,2024-06-27,2ab95c68-1fa4-4006-85d8-f23561947d68,Teresa Loewen,c8c34930-94b1-40e7-8f68-af42014dad64,Primo 7.6-1 208-240 (1),,,7.6,parsed_from_inverter_name,19.17,,
fronius,2024-06-28,2ab95c68-1fa4-4006-85d8-f23561947d68,Teresa Loewen,c8c34930-94b1-40e7-8f68-af42014dad64,Primo 7.6-1 208-240 (1),,,7.6,parsed_from_inverter_name,36.67,,
fronius,2024-06-29,2ab95c68-1fa4-4006-85d8-f23561947d68,Teresa Loewen,c8c34930-94b1-40e7-8f68-af42014dad64,Primo 7.6-1 208-240 (1),,,7.6,parsed_from_inverter_name,53.05,,
fronius,2024-06-30,2ab95c68-1fa4-4006-85d8-f23561947d68,Teresa Loewen,c8c34930-94b1-40e7-8f68-af42014dad64,Primo 7.6-1 208-240 (1),,,7.6,parsed_from_inverter_name,21.54,,
fronius,2024-07-01,2ab95c68-1fa4-4006-85d8-f23561947d68,Teresa Loewen,c8c34930-94b1-40e7-8f68-af42014dad64,Primo 7.6-1 208-240 (1),,,7.6,parsed_from_inverter_name,29.76,,
fronius,2024-07-02,2ab95c68-1fa4-4006-85d8-f23561947d68,Teresa Loewen,c8c34930-94b1-40e7-8f68-af42014dad64,Primo 7.6-1 208-240 (1),,,7.6,parsed_from_inverter_name,44.15,,
fronius,2024-07-03,2ab95c68-1fa4-4006-85d8-f23561947d68,Teresa Loewen,c8c34930-94b1-40e7-8f68-af42014dad64,Primo 7.6-1 208-240 (1),,,7.6,parsed_from_inverter_name,21.62,,
fronius,2024-07-04,2ab95c68-1fa4-4006-85d8-f23561947d68,Teresa Loewen,c8c34930-94b1-40e7-8f68-af42014dad64,Primo 7.6-1 208-240 (1),,,7.6,parsed_from_inverter_name,47.5,,
fronius,2024-07-05,2ab95c68-1fa4-4006-85d8-f23561947d68,Teresa Loewen,c8c34930-94b1-40e7-8f68-af42014dad64,Primo 7.6-1 208-240 (1),,,7.6,parsed_from_inverter_name,50.85,,
fronius,2024-07-06,2ab95c68-1fa4-4006-85d8-f23561947d68,Teresa Loewen,c8c34930-94b1-40e7-8f68-af42014dad64,Primo 7.6-1 208-240 (1),,,7.6,parsed_from_inverter_name,47.69,,
fronius,2024-07-07,2ab95c68-1fa4-4006-85d8-f23561947d68,Teresa Loewen,c8c34930-94b1-40e7-8f68-af42014dad64,Primo 7.6-1 208-240 (1),,,7.6,parsed_from_inverter_name,52.73,,
fronius,2024-07-08,2ab95c68-1fa4-4006-85d8-f23561947d68,Teresa Loewen,c8c34930-94b1-40e7-8f68-af42014dad64,Primo 7.6-1 208-240 (1),,,7.6,parsed_from_inverter_name,51.42,,
fronius,2024-07-09,2ab95c68-1fa4-4006-85d8-f23561947d68,Teresa Loewen,c8c34930-94b1-40e7-8f68-af42014dad64,Primo 7.6-1 208-240 (1),,,7.6,parsed_from_inverter_name,50.61,,
fronius,2024-07-10,2ab95c68-1fa4-4006-85d8-f23561947d68,Teresa Loewen,c8c34930-94b1-40e7-8f68-af42014dad64,Primo 7.6-1 208-240 (1),,,7.6,parsed_from_inverter_name,49.77,,
fronius,2024-07-11,2ab95c68-1fa4-4006-85d8-f23561947d68,Teresa Loewen,c8c34930-94b1-40e7-8f68-af42014dad64,Primo 7.6-1 208-240 (1),,,7.6,parsed_from_inverter_name,49.6,,
fronius,2024-07-12,2ab95c68-1fa4-4006-85d8-f23561947d68,Teresa Loewen,c8c34930-94b1-40e7-8f68-af42014dad64,Primo 7.6-1 208-240 (1),,,7.6,parsed_from_inverter_name,50.53,,
fronius,2024-07-13,2ab95c68-1fa4-4006-85d8-f23561947d68,Teresa Loewen,c8c34930-94b1-40e7-8f68-af42014dad64,Primo 7.6-1 208-240 (1),,,7.6,parsed_from_inverter_name,50.69,,
fronius,2024-07-14,2ab95c68-1fa4-4006-85d8-f23561947d68,Teresa Loewen,c8c34930-94b1-40e7-8f68-af42014dad64,Primo 7.6-1 208-240 (1),,,7.6,parsed_from_inverter_name,49.17,,
fronius,2024-07-15,2ab95c68-1fa4-4006-85d8-f23561947d68,Teresa Loewen,c8c34930-94b1-40e7-8f68-af42014dad64,Primo 7.6-1 208-240 (1),,,7.6,parsed_from_inverter_name,47.89,,
fronius,2024-07-16,2ab95c68-1fa4-4006-85d8-f23561947d68,Teresa Loewen,c8c34930-94b1-40e7-8f68-af42014dad64,Primo 7.6-1 208-240 (1),,,7.6,parsed_from_inverter_name,45.66,,
fronius,2024-07-17,2ab95c68-1fa4-4006-85d8-f23561947d68,Teresa Loewen,c8c34930-94b1-40e7-8f68-af42014dad64,Primo 7.6-1 208-240 (1),,,7.6,parsed_from_inverter_name,48.31,,
fronius,2024-07-18,2ab95c68-1fa4-4006-85d8-f23561947d68,Teresa Loewen,c8c34930-94b1-40e7-8f68-af42014dad64,Primo 7.6-1 208-240 (1),,,7.6,parsed_from_inverter_name,21.65,,
fronius,2024-07-19,2ab95c68-1fa4-4006-85d8-f23561947d68,Teresa Loewen,c8c34930-94b1-40e7-8f68-af42014dad64,Primo 7.6-1 208-240 (1),,,7.6,parsed_from_inverter_name,48.64,,
fronius,2024-07-20,2ab95c68-1fa4-4006-85d8-f23561947d68,Teresa Loewen,c8c34930-94b1-40e7-8f68-af42014dad64,Primo 7.6-1 208-240 (1),,,7.6,parsed_from_inverter_name,48.27,,
fronius,2024-07-21,2ab95c68-1fa4-4006-85d8-f23561947d68,Teresa Loewen,c8c34930-94b1-40e7-8f68-af42014dad64,Primo 7.6-1 208-240 (1),,,7.6,parsed_from_inverter_name,47.07,,
fronius,2024-07-22,2ab95c68-1fa4-4006-85d8-f23561947d68,Teresa Loewen,c8c34930-94b1-40e7-8f68-af42014dad64,Primo 7.6-1 208-240 (1),,,7.6,parsed_from_inverter_name,43.91,,
fronius,2024-07-23,2ab95c68-1fa4-4006-85d8-f23561947d68,Teresa Loewen,c8c34930-94b1-40e7-8f68-af42014dad64,Primo 7.6-1 208-240 (1),,,7.6,parsed_from_inverter_name,49.44,,
fronius,2024-07-24,2ab95c68-1fa4-4006-85d8-f23561947d68,Teresa Loewen,c8c34930-94b1-40e7-8f68-af42014dad64,Primo 7.6-1 208-240 (1),,,7.6,parsed_from_inverter_name,47.93,,
fronius,2024-07-25,2ab95c68-1fa4-4006-85d8-f23561947d68,Teresa Loewen,c8c34930-94b1-40e7-8f68-af42014dad64,Primo 7.6-1 208-240 (1),,,7.6,parsed_from_inverter_name,45.42,,
fronius,2024-07-26,2ab95c68-1fa4-4006-85d8-f23561947d68,Teresa Loewen,c8c34930-94b1-40e7-8f68-af42014dad64,Primo 7.6-1 208-240 (1),,,7.6,parsed_from_inverter_name,50.3,,
fronius,2024-07-27,2ab95c68-1fa4-4006-85d8-f23561947d68,Teresa Loewen,c8c34930-94b1-40e7-8f68-af42014dad64,Primo 7.6-1 208-240 (1),,,7.6,parsed_from_inverter_name,44.33,,
fronius,2024-07-28,2ab95c68-1fa4-4006-85d8-f23561947d68,Teresa Loewen,c8c34930-94b1-40e7-8f68-af42014dad64,Primo 7.6-1 208-240 (1),,,7.6,parsed_from_inverter_name,34.13,,
fronius,2024-07-29,2ab95c68-1fa4-4006-85d8-f23561947d68,Teresa Loewen,c8c34930-94b1-40e7-8f68-af42014dad64,Primo 7.6-1 208-240 (1),,,7.6,parsed_from_inverter_name,43.47,,
fronius,2024-07-30,2ab95c68-1fa4-4006-85d8-f23561947d68,Teresa Loewen,c8c34930-94b1-40e7-8f68-af42014dad64,Primo 7.6-1 208-240 (1),,,7.6,parsed_from_inverter_name,36.12,,
fronius,2024-07-31,2ab95c68-1fa4-4006-85d8-f23561947d68,Teresa Loewen,c8c34930-94b1-40e7-8f68-af42014dad64,Primo 7.6-1 208-240 (1),,,7.6,parsed_from_inverter_name,47.63,,
fronius,2024-08-01,2ab95c68-1fa4-4006-85d8-f23561947d68,Teresa Loewen,c8c34930-94b1-40e7-8f68-af42014dad64,Primo 7.6-1 208-240 (1),,,7.6,parsed_from_inverter_name,49.63,,
fronius,2024-08-02,2ab95c68-1fa4-4006-85d8-f23561947d68,Teresa Loewen,c8c34930-94b1-40e7-8f68-af42014dad64,Primo 7.6-1 208-240 (1),,,7.6,parsed_from_inverter_name,45.93,,
fronius,2024-08-03,2ab95c68-1fa4-4006-85d8-f23561947d68,Teresa Loewen,c8c34930-94b1-40e7-8f68-af42014dad64,Primo 7.6-1 208-240 (1),,,7.6,parsed_from_inverter_name,27.36,,
fronius,2024-08-04,2ab95c68-1fa4-4006-85d8-f23561947d68,Teresa Loewen,c8c34930-94b1-40e7-8f68-af42014dad64,Primo 7.6-1 208-240 (1),,,7.6,parsed_from_inverter_name,22.41,,
fronius,2024-08-05,2ab95c68-1fa4-4006-85d8-f23561947d68,Teresa Loewen,c8c34930-94b1-40e7-8f68-af42014dad64,Primo 7.6-1 208-240 (1),,,7.6,parsed_from_inverter_name,45.3,,
fronius,2024-08-06,2ab95c68-1fa4-4006-85d8-f23561947d68,Teresa Loewen,c8c34930-94b1-40e7-8f68-af42014dad64,Primo 7.6-1 208-240 (1),,,7.6,parsed_from_inverter_name,35.51,,
fronius,2024-08-07,2ab95c68-1fa4-4006-85d8-f23561947d68,Teresa Loewen,c8c34930-94b1-40e7-8f68-af42014dad64,Primo 7.6-1 208-240 (1),,,7.6,parsed_from_inverter_name,23.17,,
fronius,2024-08-08,2ab95c68-1fa4-4006-85d8-f23561947d68,Teresa Loewen,c8c34930-94b1-40e7-8f68-af42014dad64,Primo 7.6-1 208-240 (1),,,7.6,parsed_from_inverter_name,44.1,,
fronius,2024-08-09,2ab95c68-1fa4-4006-85d8-f23561947d68,Teresa Loewen,c8c34930-94b1-40e7-8f68-af42014dad64,Primo 7.6-1 208-240 (1),,,7.6,parsed_from_inverter_name,42.04,,
fronius,2024-08-10,2ab95c68-1fa4-4006-85d8-f23561947d68,Teresa Loewen,c8c34930-94b1-40e7-8f68-af42014dad64,Primo 7.6-1 208-240 (1),,,7.6,parsed_from_inverter_name,44.8,,
fronius,2024-08-11,2ab95c68-1fa4-4006-85d8-f23561947d68,Teresa Loewen,c8c34930-94b1-40e7-8f68-af42014dad64,Primo 7.6-1 208-240 (1),,,7.6,parsed_from_inverter_name,37.2,,
fronius,2024-08-12,2ab95c68-1fa4-4006-85d8-f23561947d68,Teresa Loewen,c8c34930-94b1-40e7-8f68-af42014dad64,Primo 7.6-1 208-240 (1),,,7.6,parsed_from_inverter_name,32.07,,
fronius,2024-08-13,2ab95c68-1fa4-4006-85d8-f23561947d68,Teresa Loewen,c8c34930-94b1-40e7-8f68-af42014dad64,Primo 7.6-1 208-240 (1),,,7.6,parsed_from_inverter_name,38.43,,
fronius,2024-08-14,2ab95c68-1fa4-4006-85d8-f23561947d68,Teresa Loewen,c8c34930-94b1-40e7-8f68-af42014dad64,Primo 7.6-1 208-240 (1),,,7.6,parsed_from_inverter_name,43.03,,
fronius,2024-08-15,2ab95c68-1fa4-4006-85d8-f23561947d68,Teresa Loewen,c8c34930-94b1-40e7-8f68-af42014dad64,Primo 7.6-1 208-240 (1),,,7.6,parsed_from_inverter_name,29.27,,
fronius,2024-08-16,2ab95c68-1fa4-4006-85d8-f23561947d68,Teresa Loewen,c8c34930-94b1-40e7-8f68-af42014dad64,Primo 7.6-1 208-240 (1),,,7.6,parsed_from_inverter_name,20.59,,
fronius,2024-08-17,2ab95c68-1fa4-4006-85d8-f23561947d68,Teresa Loewen,c8c34930-94b1-40e7-8f68-af42014dad64,Primo 7.6-1 208-240 (1),,,7.6,parsed_from_inverter_name,46.19,,
fronius,2024-08-18,2ab95c68-1fa4-4006-85d8-f23561947d68,Teresa Loewen,c8c34930-94b1-40e7-8f68-af42014dad64,Primo 7.6-1 208-240 (1),,,7.6,parsed_from_inverter_name,40.83,,
fronius,2024-08-19,2ab95c68-1fa4-4006-85d8-f23561947d68,Teresa Loewen,c8c34930-94b1-40e7-8f68-af42014dad64,Primo 7.6-1 208-240 (1),,,7.6,parsed_from_inverter_name,41.26,,
fronius,2024-08-20,2ab95c68-1fa4-4006-85d8-f23561947d68,Teresa Loewen,c8c34930-94b1-40e7-8f68-af42014dad64,Primo 7.6-1 208-240 (1),,,7.6,parsed_from_inverter_name,38.75,,
fronius,2024-08-21,2ab95c68-1fa4-4006-85d8-f23561947d68,Teresa Loewen,c8c34930-94b1-40e7-8f68-af42014dad64,Primo 7.6-1 208-240 (1),,,7.6,parsed_from_inverter_name,40.24,,
fronius,2024-08-22,2ab95c68-1fa4-4006-85d8-f23561947d68,Teresa Loewen,c8c34930-94b1-40e7-8f68-af42014dad64,Primo 7.6-1 208-240 (1),,,7.6,parsed_from_inverter_name,44.16,,
fronius,2024-08-23,2ab95c68-1fa4-4006-85d8-f23561947d68,Teresa Loewen,c8c34930-94b1-40e7-8f68-af42014dad64,Primo 7.6-1 208-240 (1),,,7.6,parsed_from_inverter_name,34.52,,
fronius,2024-08-24,2ab95c68-1fa4-4006-85d8-f23561947d68,Teresa Loewen,c8c34930-94b1-40e7-8f68-af42014dad64,Primo 7.6-1 208-240 (1),,,7.6,parsed_from_inverter_name,44.34,,
fronius,2024-08-25,2ab95c68-1fa4-4006-85d8-f23561947d68,Teresa Loewen,c8c34930-94b1-40e7-8f68-af42014dad64,Primo 7.6-1 208-240 (1),,,7.6,parsed_from_inverter_name,39.08,,
fronius,2024-08-26,2ab95c68-1fa4-4006-85d8-f23561947d68,Teresa Loewen,c8c34930-94b1-40e7-8f68-af42014dad64,Primo 7.6-1 208-240 (1),,,7.6,parsed_from_inverter_name,43.86,,
fronius,2024-08-27,2ab95c68-1fa4-4006-85d8-f23561947d68,Teresa Loewen,c8c34930-94b1-40e7-8f68-af42014dad64,Primo 7.6-1 208-240 (1),,,7.6,parsed_from_inverter_name,17.14,,
fronius,2024-08-28,2ab95c68-1fa4-4006-85d8-f23561947d68,Teresa Loewen,c8c34930-94b1-40e7-8f68-af42014dad64,Primo 7.6-1 208-240 (1),,,7.6,parsed_from_inverter_name,3.79,,
fronius,2024-08-29,2ab95c68-1fa4-4006-85d8-f23561947d68,Teresa Loewen,c8c34930-94b1-40e7-8f68-af42014dad64,Primo 7.6-1 208-240 (1),,,7.6,parsed_from_inverter_name,45.15,,
fronius,2024-08-30,2ab95c68-1fa4-4006-85d8-f23561947d68,Teresa Loewen,c8c34930-94b1-40e7-8f68-af42014dad64,Primo 7.6-1 208-240 (1),,,7.6,parsed_from_inverter_name,43.73,,
fronius,2024-08-31,2ab95c68-1fa4-4006-85d8-f23561947d68,Teresa Loewen,c8c34930-94b1-40e7-8f68-af42014dad64,Primo 7.6-1 208-240 (1),,,7.6,parsed_from_inverter_name,43.29,,
fronius,2024-09-01,2ab95c68-1fa4-4006-85d8-f23561947d68,Teresa Loewen,c8c34930-94b1-40e7-8f68-af42014dad64,Primo 7.6-1 208-240 (1),,,7.6,parsed_from_inverter_name,40.64,,
fronius,2024-09-02,2ab95c68-1fa4-4006-85d8-f23561947d68,Teresa Loewen,c8c34930-94b1-40e7-8f68-af42014dad64,Primo 7.6-1 208-240 (1),,,7.6,parsed_from_inverter_name,39.35,,
fronius,2024-09-03,2ab95c68-1fa4-4006-85d8-f23561947d68,Teresa Loewen,c8c34930-94b1-40e7-8f68-af42014dad64,Primo 7.6-1 208-240 (1),,,7.6,parsed_from_inverter_name,37.8,,
fronius,2024-09-04,2ab95c68-1fa4-4006-85d8-f23561947d68,Teresa Loewen,c8c34930-94b1-40e7-8f68-af42014dad64,Primo 7.6-1 208-240 (1),,,7.6,parsed_from_inverter_name,35.27,,
fronius,2024-09-05,2ab95c68-1fa4-4006-85d8-f23561947d68,Teresa Loewen,c8c34930-94b1-40e7-8f68-af42014dad64,Primo 7.6-1 208-240 (1),,,7.6,parsed_from_inverter_name,40.17,,
fronius,2024-09-06,2ab95c68-1fa4-4006-85d8-f23561947d68,Teresa Loewen,c8c34930-94b1-40e7-8f68-af42014dad64,Primo 7.6-1 208-240 (1),,,7.6,parsed_from_inverter_name,39.7,,
fronius,2024-09-07,2ab95c68-1fa4-4006-85d8-f23561947d68,Teresa Loewen,c8c34930-94b1-40e7-8f68-af42014dad64,Primo 7.6-1 208-240 (1),,,7.6,parsed_from_inverter_name,39.77,,
fronius,2024-09-08,2ab95c68-1fa4-4006-85d8-f23561947d68,Teresa Loewen,c8c34930-94b1-40e7-8f68-af42014dad64,Primo 7.6-1 208-240 (1),,,7.6,parsed_from_inverter_name,36.77,,
fronius,2024-09-09,2ab95c68-1fa4-4006-85d8-f23561947d68,Teresa Loewen,c8c34930-94b1-40e7-8f68-af42014dad64,Primo 7.6-1 208-240 (1),,,7.6,parsed_from_inverter_name,28.49,,
fronius,2024-09-10,2ab95c68-1fa4-4006-85d8-f23561947d68,Teresa Loewen,c8c34930-94b1-40e7-8f68-af42014dad64,Primo 7.6-1 208-240 (1),,,7.6,parsed_from_inverter_name,30.66,,
fronius,2024-09-11,2ab95c68-1fa4-4006-85d8-f23561947d68,Teresa Loewen,c8c34930-94b1-40e7-8f68-af42014dad64,Primo 7.6-1 208-240 (1),,,7.6,parsed_from_inverter_name,11.32,,
fronius,2024-09-12,2ab95c68-1fa4-4006-85d8-f23561947d68,Teresa Loewen,c8c34930-94b1-40e7-8f68-af42014dad64,Primo 7.6-1 208-240 (1),,,7.6,parsed_from_inverter_name,1.64,,
fronius,2024-09-13,2ab95c68-1fa4-4006-85d8-f23561947d68,Teresa Loewen,c8c34930-94b1-40e7-8f68-af42014dad64,Primo 7.6-1 208-240 (1),,,7.6,parsed_from_inverter_name,29.46,,
fronius,2024-09-14,2ab95c68-1fa4-4006-85d8-f23561947d68,Teresa Loewen,c8c34930-94b1-40e7-8f68-af42014dad64,Primo 7.6-1 208-240 (1),,,7.6,parsed_from_inverter_name,25.36,,
fronius,2024-09-15,2ab95c68-1fa4-4006-85d8-f23561947d68,Teresa Loewen,c8c34930-94b1-40e7-8f68-af42014dad64,Primo 7.6-1 208-240 (1),,,7.6,parsed_from_inverter_name,27.0,,
fronius,2024-09-16,2ab95c68-1fa4-4006-85d8-f23561947d68,Teresa Loewen,c8c34930-94b1-40e7-8f68-af42014dad64,Primo 7.6-1 208-240 (1),,,7.6,parsed_from_inverter_name,35.78,,
fronius,2024-09-17,2ab95c68-1fa4-4006-85d8-f23561947d68,Teresa Loewen,c8c34930-94b1-40e7-8f68-af42014dad64,Primo 7.6-1 208-240 (1),,,7.6,parsed_from_inverter_name,11.99,,
fronius,2024-09-18,2ab95c68-1fa4-4006-85d8-f23561947d68,Teresa Loewen,c8c34930-94b1-40e7-8f68-af42014dad64,Primo 7.6-1 208-240 (1),,,7.6,parsed_from_inverter_name,23.27,,
fronius,2024-09-19,2ab95c68-1fa4-4006-85d8-f23561947d68,Teresa Loewen,c8c34930-94b1-40e7-8f68-af42014dad64,Primo 7.6-1 208-240 (1),,,7.6,parsed_from_inverter_name,32.27,,
fronius,2024-09-20,2ab95c68-1fa4-4006-85d8-f23561947d68,Teresa Loewen,c8c34930-94b1-40e7-8f68-af42014dad64,Primo 7.6-1 208-240 (1),,,7.6,parsed_from_inverter_name,5.92,,
fronius,2024-09-21,2ab95c68-1fa4-4006-85d8-f23561947d68,Teresa Loewen,c8c34930-94b1-40e7-8f68-af42014dad64,Primo 7.6-1 208-240 (1),,,7.6,parsed_from_inverter_name,34.24,,
fronius,2024-09-22,2ab95c68-1fa4-4006-85d8-f23561947d68,Teresa Loewen,c8c34930-94b1-40e7-8f68-af42014dad64,Primo 7.6-1 208-240 (1),,,7.6,parsed_from_inverter_name,26.49,,
fronius,2024-09-23,2ab95c68-1fa4-4006-85d8-f23561947d68,Teresa Loewen,c8c34930-94b1-40e7-8f68-af42014dad64,Primo 7.6-1 208-240 (1),,,7.6,parsed_from_inverter_name,30.05,,
fronius,2024-09-24,2ab95c68-1fa4-4006-85d8-f23561947d68,Teresa Loewen,c8c34930-94b1-40e7-8f68-af42014dad64,Primo 7.6-1 208-240 (1),,,7.6,parsed_from_inverter_name,30.88,,
fronius,2024-09-25,2ab95c68-1fa4-4006-85d8-f23561947d68,Teresa Loewen,c8c34930-94b1-40e7-8f68-af42014dad64,Primo 7.6-1 208-240 (1),,,7.6,parsed_from_inverter_name,29.47,,
fronius,2024-09-26,2ab95c68-1fa4-4006-85d8-f23561947d68,Teresa Loewen,c8c34930-94b1-40e7-8f68-af42014dad64,Primo 7.6-1 208-240 (1),,,7.6,parsed_from_inverter_name,31.36,,
fronius,2024-09-27,2ab95c68-1fa4-4006-85d8-f23561947d68,Teresa Loewen,c8c34930-94b1-40e7-8f68-af42014dad64,Primo 7.6-1 208-240 (1),,,7.6,parsed_from_inverter_name,30.7,,
fronius,2024-09-28,2ab95c68-1fa4-4006-85d8-f23561947d68,Teresa Loewen,c8c34930-94b1-40e7-8f68-af42014dad64,Primo 7.6-1 208-240 (1),,,7.6,parsed_from_inverter_name,26.75,,
fronius,2024-09-29,2ab95c68-1fa4-4006-85d8-f23561947d68,Teresa Loewen,c8c34930-94b1-40e7-8f68-af42014dad64,Primo 7.6-1 208-240 (1),,,7.6,parsed_from_inverter_name,23.27,,
fronius,2024-09-30,2ab95c68-1fa4-4006-85d8-f23561947d68,Teresa Loewen,c8c34930-94b1-40e7-8f68-af42014dad64,Primo 7.6-1 208-240 (1),,,7.6,parsed_from_inverter_name,30.4,,
fronius,2024-10-01,2ab95c68-1fa4-4006-85d8-f23561947d68,Teresa Loewen,c8c34930-94b1-40e7-8f68-af42014dad64,Primo 7.6-1 208-240 (1),,,7.6,parsed_from_inverter_name,22.52,,
fronius,2024-10-02,2ab95c68-1fa4-4006-85d8-f23561947d68,Teresa Loewen,c8c34930-94b1-40e7-8f68-af42014dad64,Primo 7.6-1 208-240 (1),,,7.6,parsed_from_inverter_name,18.32,,
fronius,2024-10-03,2ab95c68-1fa4-4006-85d8-f23561947d68,Teresa Loewen,c8c34930-94b1-40e7-8f68-af42014dad64,Primo 7.6-1 208-240 (1),,,7.6,parsed_from_inverter_name,27.58,,
fronius,2024-10-04,2ab95c68-1fa4-4006-85d8-f23561947d68,Teresa Loewen,c8c34930-94b1-40e7-8f68-af42014dad64,Primo 7.6-1 208-240 (1),,,7.6,parsed_from_inverter_name,18.74,,
fronius,2024-10-05,2ab95c68-1fa4-4006-85d8-f23561947d68,Teresa Loewen,c8c34930-94b1-40e7-8f68-af42014dad64,Primo 7.6-1 208-240 (1),,,7.6,parsed_from_inverter_name,27.0,,
fronius,2024-10-06,2ab95c68-1fa4-4006-85d8-f23561947d68,Teresa Loewen,c8c34930-94b1-40e7-8f68-af42014dad64,Primo 7.6-1 208-240 (1),,,7.6,parsed_from_inverter_name,21.46,,
fronius,2024-10-07,2ab95c68-1fa4-4006-85d8-f23561947d68,Teresa Loewen,c8c34930-94b1-40e7-8f68-af42014dad64,Primo 7.6-1 208-240 (1),,,7.6,parsed_from_inverter_name,25.76,,
fronius,2024-10-08,2ab95c68-1fa4-4006-85d8-f23561947d68,Teresa Loewen,c8c34930-94b1-40e7-8f68-af42014dad64,Primo 7.6-1 208-240 (1),,,7.6,parsed_from_inverter_name,22.43,,
fronius,2024-10-09,2ab95c68-1fa4-4006-85d8-f23561947d68,Teresa Loewen,c8c34930-94b1-40e7-8f68-af42014dad64,Primo 7.6-1 208-240 (1),,,7.6,parsed_from_inverter_name,19.28,,
fronius,2024-10-10,2ab95c68-1fa4-4006-85d8-f23561947d68,Teresa Loewen,c8c34930-94b1-40e7-8f68-af42014dad64,Primo 7.6-1 208-240 (1),,,7.6,parsed_from_inverter_name,22.49,,
fronius,2024-10-11,2ab95c68-1fa4-4006-85d8-f23561947d68,Teresa Loewen,c8c34930-94b1-40e7-8f68-af42014dad64,Primo 7.6-1 208-240 (1),,,7.6,parsed_from_inverter_name,19.71,,
fronius,2024-10-12,2ab95c68-1fa4-4006-85d8-f23561947d68,Teresa Loewen,c8c34930-94b1-40e7-8f68-af42014dad64,Primo 7.6-1 208-240 (1),,,7.6,parsed_from_inverter_name,19.68,,
fronius,2024-10-13,2ab95c68-1fa4-4006-85d8-f23561947d68,Teresa Loewen,c8c34930-94b1-40e7-8f68-af42014dad64,Primo 7.6-1 208-240 (1),,,7.6,parsed_from_inverter_name,20.65,,
fronius,2024-10-14,2ab95c68-1fa4-4006-85d8-f23561947d68,Teresa Loewen,c8c34930-94b1-40e7-8f68-af42014dad64,Primo 7.6-1 208-240 (1),,,7.6,parsed_from_inverter_name,18.98,,
fronius,2024-10-15,2ab95c68-1fa4-4006-85d8-f23561947d68,Teresa Loewen,c8c34930-94b1-40e7-8f68-af42014dad64,Primo 7.6-1 208-240 (1),,,7.6,parsed_from_inverter_name,10.38,,
fronius,2024-10-16,2ab95c68-1fa4-4006-85d8-f23561947d68,Teresa Loewen,c8c34930-94b1-40e7-8f68-af42014dad64,Primo 7.6-1 208-240 (1),,,7.6,parsed_from_inverter_name,19.82,,
fronius,2024-10-17,2ab95c68-1fa4-4006-85d8-f23561947d68,Teresa Loewen,c8c34930-94b1-40e7-8f68-af42014dad64,Primo 7.6-1 208-240 (1),,,7.6,parsed_from_inverter_name,18.14,,
fronius,2024-10-18,2ab95c68-1fa4-4006-85d8-f23561947d68,Teresa Loewen,c8c34930-94b1-40e7-8f68-af42014dad64,Primo 7.6-1 208-240 (1),,,7.6,parsed_from_inverter_name,18.41,,
fronius,2024-10-19,2ab95c68-1fa4-4006-85d8-f23561947d68,Teresa Loewen,c8c34930-94b1-40e7-8f68-af42014dad64,Primo 7.6-1 208-240 (1),,,7.6,parsed_from_inverter_name,14.07,,
fronius,2024-10-20,2ab95c68-1fa4-4006-85d8-f23561947d68,Teresa Loewen,c8c34930-94b1-40e7-8f68-af42014dad64,Primo 7.6-1 208-240 (1),,,7.6,parsed_from_inverter_name,14.37,,
fronius,2024-10-21,2ab95c68-1fa4-4006-85d8-f23561947d68,Teresa Loewen,c8c34930-94b1-40e7-8f68-af42014dad64,Primo 7.6-1 208-240 (1),,,7.6,parsed_from_inverter_name,2.95,,
fronius,2024-10-22,2ab95c68-1fa4-4006-85d8-f23561947d68,Teresa Loewen,c8c34930-94b1-40e7-8f68-af42014dad64,Primo 7.6-1 208-240 (1),,,7.6,parsed_from_inverter_name,14.25,,
fronius,2024-10-23,2ab95c68-1fa4-4006-85d8-f23561947d68,Teresa Loewen,c8c34930-94b1-40e7-8f68-af42014dad64,Primo 7.6-1 208-240 (1),,,7.6,parsed_from_inverter_name,18.61,,
fronius,2024-10-24,2ab95c68-1fa4-4006-85d8-f23561947d68,Teresa Loewen,c8c34930-94b1-40e7-8f68-af42014dad64,Primo 7.6-1 208-240 (1),,,7.6,parsed_from_inverter_name,18.25,,
fronius,2024-10-25,2ab95c68-1fa4-4006-85d8-f23561947d68,Teresa Loewen,c8c34930-94b1-40e7-8f68-af42014dad64,Primo 7.6-1 208-240 (1),,,7.6,parsed_from_inverter_name,17.16,,
fronius,2024-10-26,2ab95c68-1fa4-4006-85d8-f23561947d68,Teresa Loewen,c8c34930-94b1-40e7-8f68-af42014dad64,Primo 7.6-1 208-240 (1),,,7.6,parsed_from_inverter_name,12.86,,
fronius,2024-10-27,2ab95c68-1fa4-4006-85d8-f23561947d68,Teresa Loewen,c8c34930-94b1-40e7-8f68-af42014dad64,Primo 7.6-1 208-240 (1),,,7.6,parsed_from_inverter_name,15.72,,
fronius,2024-10-28,2ab95c68-1fa4-4006-85d8-f23561947d68,Teresa Loewen,c8c34930-94b1-40e7-8f68-af42014dad64,Primo 7.6-1 208-240 (1),,,7.6,parsed_from_inverter_name,11.71,,
fronius,2024-10-29,2ab95c68-1fa4-4006-85d8-f23561947d68,Teresa Loewen,c8c34930-94b1-40e7-8f68-af42014dad64,Primo 7.6-1 208-240 (1),,,7.6,parsed_from_inverter_name,8.75,,
fronius,2024-10-30,2ab95c68-1fa4-4006-85d8-f23561947d68,Teresa Loewen,c8c34930-94b1-40e7-8f68-af42014dad64,Primo 7.6-1 208-240 (1),,,7.6,parsed_from_inverter_name,16.22,,
fronius,2024-10-31,2ab95c68-1fa4-4006-85d8-f23561947d68,Teresa Loewen,c8c34930-94b1-40e7-8f68-af42014dad64,Primo 7.6-1 208-240 (1),,,7.6,parsed_from_inverter_name,15.74,,
fronius,2024-11-01,2ab95c68-1fa4-4006-85d8-f23561947d68,Teresa Loewen,c8c34930-94b1-40e7-8f68-af42014dad64,Primo 7.6-1 208-240 (1),,,7.6,parsed_from_inverter_name,14.12,,
fronius,2024-11-02,2ab95c68-1fa4-4006-85d8-f23561947d68,Teresa Loewen,c8c34930-94b1-40e7-8f68-af42014dad64,Primo 7.6-1 208-240 (1),,,7.6,parsed_from_inverter_name,12.31,,
fronius,2024-11-03,2ab95c68-1fa4-4006-85d8-f23561947d68,Teresa Loewen,c8c34930-94b1-40e7-8f68-af42014dad64,Primo 7.6-1 208-240 (1),,,7.6,parsed_from_inverter_name,12.2,,
fronius,2024-11-04,2ab95c68-1fa4-4006-85d8-f23561947d68,Teresa Loewen,c8c34930-94b1-40e7-8f68-af42014dad64,Primo 7.6-1 208-240 (1),,,7.6,parsed_from_inverter_name,5.16,,
fronius,2024-11-05,2ab95c68-1fa4-4006-85d8-f23561947d68,Teresa Loewen,c8c34930-94b1-40e7-8f68-af42014dad64,Primo 7.6-1 208-240 (1),,,7.6,parsed_from_inverter_name,3.13,,
fronius,2024-11-06,2ab95c68-1fa4-4006-85d8-f23561947d68,Teresa Loewen,c8c34930-94b1-40e7-8f68-af42014dad64,Primo 7.6-1 208-240 (1),,,7.6,parsed_from_inverter_name,12.55,,
fronius,2024-11-07,2ab95c68-1fa4-4006-85d8-f23561947d68,Teresa Loewen,c8c34930-94b1-40e7-8f68-af42014dad64,Primo 7.6-1 208-240 (1),,,7.6,parsed_from_inverter_name,14.07,,
fronius,2024-11-08,2ab95c68-1fa4-4006-85d8-f23561947d68,Teresa Loewen,c8c34930-94b1-40e7-8f68-af42014dad64,Primo 7.6-1 208-240 (1),,,7.6,parsed_from_inverter_name,12.41,,
fronius,2024-11-09,2ab95c68-1fa4-4006-85d8-f23561947d68,Teresa Loewen,c8c34930-94b1-40e7-8f68-af42014dad64,Primo 7.6-1 208-240 (1),,,7.6,parsed_from_inverter_name,8.03,,
fronius,2024-11-10,2ab95c68-1fa4-4006-85d8-f23561947d68,Teresa Loewen,c8c34930-94b1-40e7-8f68-af42014dad64,Primo 7.6-1 208-240 (1),,,7.6,parsed_from_inverter_name,5.76,,
fronius,2024-11-11,2ab95c68-1fa4-4006-85d8-f23561947d68,Teresa Loewen,c8c34930-94b1-40e7-8f68-af42014dad64,Primo 7.6-1 208-240 (1),,,7.6,parsed_from_inverter_name,8.21,,
fronius,2024-11-12,2ab95c68-1fa4-4006-85d8-f23561947d68,Teresa Loewen,c8c34930-94b1-40e7-8f68-af42014dad64,Primo 7.6-1 208-240 (1),,,7.6,parsed_from_inverter_name,14.09,,
fronius,2024-11-13,2ab95c68-1fa4-4006-85d8-f23561947d68,Teresa Loewen,c8c34930-94b1-40e7-8f68-af42014dad64,Primo 7.6-1 208-240 (1),,,7.6,parsed_from_inverter_name,5.64,,
fronius,2024-11-14,2ab95c68-1fa4-4006-85d8-f23561947d68,Teresa Loewen,c8c34930-94b1-40e7-8f68-af42014dad64,Primo 7.6-1 208-240 (1),,,7.6,parsed_from_inverter_name,5.38,,
fronius,2024-11-15,2ab95c68-1fa4-4006-85d8-f23561947d68,Teresa Loewen,c8c34930-94b1-40e7-8f68-af42014dad64,Primo 7.6-1 208-240 (1),,,7.6,parsed_from_inverter_name,5.28,,
fronius,2024-11-16,2ab95c68-1fa4-4006-85d8-f23561947d68,Teresa Loewen,c8c34930-94b1-40e7-8f68-af42014dad64,Primo 7.6-1 208-240 (1),,,7.6,parsed_from_inverter_name,13.51,,
fronius,2024-11-17,2ab95c68-1fa4-4006-85d8-f23561947d68,Teresa Loewen,c8c34930-94b1-40e7-8f68-af42014dad64,Primo 7.6-1 208-240 (1),,,7.6,parsed_from_inverter_name,8.75,,
fronius,2024-11-18,2ab95c68-1fa4-4006-85d8-f23561947d68,Teresa Loewen,c8c34930-94b1-40e7-8f68-af42014dad64,Primo 7.6-1 208-240 (1),,,7.6,parsed_from_inverter_name,3.95,,
fronius,2024-11-19,2ab95c68-1fa4-4006-85d8-f23561947d68,Teresa Loewen,c8c34930-94b1-40e7-8f68-af42014dad64,Primo 7.6-1 208-240 (1),,,7.6,parsed_from_inverter_name,0.75,,
fronius,2024-11-20,2ab95c68-1fa4-4006-85d8-f23561947d68,Teresa Loewen,c8c34930-94b1-40e7-8f68-af42014dad64,Primo 7.6-1 208-240 (1),,,7.6,parsed_from_inverter_name,0.64,,
fronius,2024-11-21,2ab95c68-1fa4-4006-85d8-f23561947d68,Teresa Loewen,c8c34930-94b1-40e7-8f68-af42014dad64,Primo 7.6-1 208-240 (1),,,7.6,parsed_from_inverter_name,0.53,,
fronius,2024-11-22,2ab95c68-1fa4-4006-85d8-f23561947d68,Teresa Loewen,c8c34930-94b1-40e7-8f68-af42014dad64,Primo 7.6-1 208-240 (1),,,7.6,parsed_from_inverter_name,0.0,,
fronius,2024-12-02,2ab95c68-1fa4-4006-85d8-f23561947d68,Teresa Loewen,c8c34930-94b1-40e7-8f68-af42014dad64,Primo 7.6-1 208-240 (1),,,7.6,parsed_from_inverter_name,0.0,,
fronius,2024-12-03,2ab95c68-1fa4-4006-85d8-f23561947d68,Teresa Loewen,c8c34930-94b1-40e7-8f68-af42014dad64,Primo 7.6-1 208-240 (1),,,7.6,parsed_from_inverter_name,3.47,,
fronius,2024-12-04,2ab95c68-1fa4-4006-85d8-f23561947d68,Teresa Loewen,c8c34930-94b1-40e7-8f68-af42014dad64,Primo 7.6-1 208-240 (1),,,7.6,parsed_from_inverter_name,2.15,,
fronius,2024-12-05,2ab95c68-1fa4-4006-85d8-f23561947d68,Teresa Loewen,c8c34930-94b1-40e7-8f68-af42014dad64,Primo 7.6-1 208-240 (1),,,7.6,parsed_from_inverter_name,8.81,,
fronius,2024-12-06,2ab95c68-1fa4-4006-85d8-f23561947d68,Teresa Loewen,c8c34930-94b1-40e7-8f68-af42014dad64,Primo 7.6-1 208-240 (1),,,7.6,parsed_from_inverter_name,4.92,,
fronius,2024-12-07,2ab95c68-1fa4-4006-85d8-f23561947d68,Teresa Loewen,c8c34930-94b1-40e7-8f68-af42014dad64,Primo 7.6-1 208-240 (1),,,7.6,parsed_from_inverter_name,3.18,,
fronius,2024-12-08,2ab95c68-1fa4-4006-85d8-f23561947d68,Teresa Loewen,c8c34930-94b1-40e7-8f68-af42014dad64,Primo 7.6-1 208-240 (1),,,7.6,parsed_from_inverter_name,2.14,,
fronius,2024-12-09,2ab95c68-1fa4-4006-85d8-f23561947d68,Teresa Loewen,c8c34930-94b1-40e7-8f68-af42014dad64,Primo 7.6-1 208-240 (1),,,7.6,parsed_from_inverter_name,7.97,,
fronius,2024-12-10,2ab95c68-1fa4-4006-85d8-f23561947d68,Teresa Loewen,c8c34930-94b1-40e7-8f68-af42014dad64,Primo 7.6-1 208-240 (1),,,7.6,parsed_from_inverter_name,8.23,,
fronius,2024-12-11,2ab95c68-1fa4-4006-85d8-f23561947d68,Teresa Loewen,c8c34930-94b1-40e7-8f68-af42014dad64,Primo 7.6-1 208-240 (1),,,7.6,parsed_from_inverter_name,2.62,,
fronius,2024-12-12,2ab95c68-1fa4-4006-85d8-f23561947d68,Teresa Loewen,c8c34930-94b1-40e7-8f68-af42014dad64,Primo 7.6-1 208-240 (1),,,7.6,parsed_from_inverter_name,8.57,,
fronius,2024-12-13,2ab95c68-1fa4-4006-85d8-f23561947d68,Teresa Loewen,c8c34930-94b1-40e7-8f68-af42014dad64,Primo 7.6-1 208-240 (1),,,7.6,parsed_from_inverter_name,7.92,,
fronius,2024-12-14,2ab95c68-1fa4-4006-85d8-f23561947d68,Teresa Loewen,c8c34930-94b1-40e7-8f68-af42014dad64,Primo 7.6-1 208-240 (1),,,7.6,parsed_from_inverter_name,9.47,,
fronius,2024-12-15,2ab95c68-1fa4-4006-85d8-f23561947d68,Teresa Loewen,c8c34930-94b1-40e7-8f68-af42014dad64,Primo 7.6-1 208-240 (1),,,7.6,parsed_from_inverter_name,5.6,,
fronius,2024-12-16,2ab95c68-1fa4-4006-85d8-f23561947d68,Teresa Loewen,c8c34930-94b1-40e7-8f68-af42014dad64,Primo 7.6-1 208-240 (1),,,7.6,parsed_from_inverter_name,2.47,,
fronius,2024-12-17,2ab95c68-1fa4-4006-85d8-f23561947d68,Teresa Loewen,c8c34930-94b1-40e7-8f68-af42014dad64,Primo 7.6-1 208-240 (1),,,7.6,parsed_from_inverter_name,0.58,,
fronius,2024-12-18,2ab95c68-1fa4-4006-85d8-f23561947d68,Teresa Loewen,c8c34930-94b1-40e7-8f68-af42014dad64,Primo 7.6-1 208-240 (1),,,7.6,parsed_from_inverter_name,0.8,,
fronius,2024-12-19,2ab95c68-1fa4-4006-85d8-f23561947d68,Teresa Loewen,c8c34930-94b1-40e7-8f68-af42014dad64,Primo 7.6-1 208-240 (1),,,7.6,parsed_from_inverter_name,0.82,,
fronius,2024-12-20,2ab95c68-1fa4-4006-85d8-f23561947d68,Teresa Loewen,c8c34930-94b1-40e7-8f68-af42014dad64,Primo 7.6-1 208-240 (1),,,7.6,parsed_from_inverter_name,8.63,,
fronius,2024-12-21,2ab95c68-1fa4-4006-85d8-f23561947d68,Teresa Loewen,c8c34930-94b1-40e7-8f68-af42014dad64,Primo 7.6-1 208-240 (1),,,7.6,parsed_from_inverter_name,5.02,,
fronius,2024-12-22,2ab95c68-1fa4-4006-85d8-f23561947d68,Teresa Loewen,c8c34930-94b1-40e7-8f68-af42014dad64,Primo 7.6-1 208-240 (1),,,7.6,parsed_from_inverter_name,8.82,,
fronius,2024-12-23,2ab95c68-1fa4-4006-85d8-f23561947d68,Teresa Loewen,c8c34930-94b1-40e7-8f68-af42014dad64,Primo 7.6-1 208-240 (1),,,7.6,parsed_from_inverter_name,10.68,,
fronius,2024-12-24,2ab95c68-1fa4-4006-85d8-f23561947d68,Teresa Loewen,c8c34930-94b1-40e7-8f68-af42014dad64,Primo 7.6-1 208-240 (1),,,7.6,parsed_from_inverter_name,8.56,,
fronius,2024-12-25,2ab95c68-1fa4-4006-85d8-f23561947d68,Teresa Loewen,c8c34930-94b1-40e7-8f68-af42014dad64,Primo 7.6-1 208-240 (1),,,7.6,parsed_from_inverter_name,9.35,,
fronius,2024-12-26,2ab95c68-1fa4-4006-85d8-f23561947d68,Teresa Loewen,c8c34930-94b1-40e7-8f68-af42014dad64,Primo 7.6-1 208-240 (1),,,7.6,parsed_from_inverter_name,3.3,,
fronius,2024-12-27,2ab95c68-1fa4-4006-85d8-f23561947d68,Teresa Loewen,c8c34930-94b1-40e7-8f68-af42014dad64,Primo 7.6-1 208-240 (1),,,7.6,parsed_from_inverter_name,9.14,,
fronius,2024-12-28,2ab95c68-1fa4-4006-85d8-f23561947d68,Teresa Loewen,c8c34930-94b1-40e7-8f68-af42014dad64,Primo 7.6-1 208-240 (1),,,7.6,parsed_from_inverter_name,6.26,,
fronius,2024-12-29,2ab95c68-1fa4-4006-85d8-f23561947d68,Teresa Loewen,c8c34930-94b1-40e7-8f68-af42014dad64,Primo 7.6-1 208-240 (1),,,7.6,parsed_from_inverter_name,2.67,,
fronius,2024-12-30,2ab95c68-1fa4-4006-85d8-f23561947d68,Teresa Loewen,c8c34930-94b1-40e7-8f68-af42014dad64,Primo 7.6-1 208-240 (1),,,7.6,parsed_from_inverter_name,1.0,,
fronius,2024-12-31,2ab95c68-1fa4-4006-85d8-f23561947d68,Teresa Loewen,c8c34930-94b1-40e7-8f68-af42014dad64,Primo 7.6-1 208-240 (1),,,7.6,parsed_from_inverter_name,0.24,,
fronius,2025-01-01,2ab95c68-1fa4-4006-85d8-f23561947d68,Teresa Loewen,c8c34930-94b1-40e7-8f68-af42014dad64,Primo 7.6-1 208-240 (1),,,7.6,parsed_from_inverter_name,0.17,,
fronius,2025-01-02,2ab95c68-1fa4-4006-85d8-f23561947d68,Teresa Loewen,c8c34930-94b1-40e7-8f68-af42014dad64,Primo 7.6-1 208-240 (1),,,7.6,parsed_from_inverter_name,0.33,,
fronius,2025-01-03,2ab95c68-1fa4-4006-85d8-f23561947d68,Teresa Loewen,c8c34930-94b1-40e7-8f68-af42014dad64,Primo 7.6-1 208-240 (1),,,7.6,parsed_from_inverter_name,0.04,,
fronius,2025-01-04,2ab95c68-1fa4-4006-85d8-f23561947d68,Teresa Loewen,c8c34930-94b1-40e7-8f68-af42014dad64,Primo 7.6-1 208-240 (1),,,7.6,parsed_from_inverter_name,0.01,,
fronius,2025-01-05,2ab95c68-1fa4-4006-85d8-f23561947d68,Teresa Loewen,c8c34930-94b1-40e7-8f68-af42014dad64,Primo 7.6-1 208-240 (1),,,7.6,parsed_from_inverter_name,0.04,,
fronius,2025-01-06,2ab95c68-1fa4-4006-85d8-f23561947d68,Teresa Loewen,c8c34930-94b1-40e7-8f68-af42014dad64,Primo 7.6-1 208-240 (1),,,7.6,parsed_from_inverter_name,0.01,,
fronius,2025-01-07,2ab95c68-1fa4-4006-85d8-f23561947d68,Teresa Loewen,c8c34930-94b1-40e7-8f68-af42014dad64,Primo 7.6-1 208-240 (1),,,7.6,parsed_from_inverter_name,0.35,,
fronius,2025-01-08,2ab95c68-1fa4-4006-85d8-f23561947d68,Teresa Loewen,c8c34930-94b1-40e7-8f68-af42014dad64,Primo 7.6-1 208-240 (1),,,7.6,parsed_from_inverter_name,5.76,,
fronius,2025-01-09,2ab95c68-1fa4-4006-85d8-f23561947d68,Teresa Loewen,c8c34930-94b1-40e7-8f68-af42014dad64,Primo 7.6-1 208-240 (1),,,7.6,parsed_from_inverter_name,11.19,,
fronius,2025-01-10,2ab95c68-1fa4-4006-85d8-f23561947d68,Teresa Loewen,c8c34930-94b1-40e7-8f68-af42014dad64,Primo 7.6-1 208-240 (1),,,7.6,parsed_from_inverter_name,5.79,,
fronius,2025-01-11,2ab95c68-1fa4-4006-85d8-f23561947d68,Teresa Loewen,c8c34930-94b1-40e7-8f68-af42014dad64,Primo 7.6-1 208-240 (1),,,7.6,parsed_from_inverter_name,0.23,,
fronius,2025-01-12,2ab95c68-1fa4-4006-85d8-f23561947d68,Teresa Loewen,c8c34930-94b1-40e7-8f68-af42014dad64,Primo 7.6-1 208-240 (1),,,7.6,parsed_from_inverter_name,1.23,,
fronius,2025-01-13,2ab95c68-1fa4-4006-85d8-f23561947d68,Teresa Loewen,c8c34930-94b1-40e7-8f68-af42014dad64,Primo 7.6-1 208-240 (1),,,7.6,parsed_from_inverter_name,4.15,,
fronius,2025-01-14,2ab95c68-1fa4-4006-85d8-f23561947d68,Teresa Loewen,c8c34930-94b1-40e7-8f68-af42014dad64,Primo 7.6-1 208-240 (1),,,7.6,parsed_from_inverter_name,5.7,,
fronius,2025-01-15,2ab95c68-1fa4-4006-85d8-f23561947d68,Teresa Loewen,c8c34930-94b1-40e7-8f68-af42014dad64,Primo 7.6-1 208-240 (1),,,7.6,parsed_from_inverter_name,10.4,,
fronius,2025-01-16,2ab95c68-1fa4-4006-85d8-f23561947d68,Teresa Loewen,c8c34930-94b1-40e7-8f68-af42014dad64,Primo 7.6-1 208-240 (1),,,7.6,parsed_from_inverter_name,12.25,,
fronius,2025-01-17,2ab95c68-1fa4-4006-85d8-f23561947d68,Teresa Loewen,c8c34930-94b1-40e7-8f68-af42014dad64,Primo 7.6-1 208-240 (1),,,7.6,parsed_from_inverter_name,2.47,,
fronius,2025-01-18,2ab95c68-1fa4-4006-85d8-f23561947d68,Teresa Loewen,c8c34930-94b1-40e7-8f68-af42014dad64,Primo 7.6-1 208-240 (1),,,7.6,parsed_from_inverter_name,2.1,,
fronius,2025-01-19,2ab95c68-1fa4-4006-85d8-f23561947d68,Teresa Loewen,c8c34930-94b1-40e7-8f68-af42014dad64,Primo 7.6-1 208-240 (1),,,7.6,parsed_from_inverter_name,2.09,,
fronius,2025-01-20,2ab95c68-1fa4-4006-85d8-f23561947d68,Teresa Loewen,c8c34930-94b1-40e7-8f68-af42014dad64,Primo 7.6-1 208-240 (1),,,7.6,parsed_from_inverter_name,2.03,,
fronius,2025-01-21,2ab95c68-1fa4-4006-85d8-f23561947d68,Teresa Loewen,c8c34930-94b1-40e7-8f68-af42014dad64,Primo 7.6-1 208-240 (1),,,7.6,parsed_from_inverter_name,6.39,,
fronius,2025-01-22,2ab95c68-1fa4-4006-85d8-f23561947d68,Teresa Loewen,c8c34930-94b1-40e7-8f68-af42014dad64,Primo 7.6-1 208-240 (1),,,7.6,parsed_from_inverter_name,7.67,,
fronius,2025-01-23,2ab95c68-1fa4-4006-85d8-f23561947d68,Teresa Loewen,c8c34930-94b1-40e7-8f68-af42014dad64,Primo 7.6-1 208-240 (1),,,7.6,parsed_from_inverter_name,3.45,,
fronius,2025-01-24,2ab95c68-1fa4-4006-85d8-f23561947d68,Teresa Loewen,c8c34930-94b1-40e7-8f68-af42014dad64,Primo 7.6-1 208-240 (1),,,7.6,parsed_from_inverter_name,0.82,,
fronius,2025-01-25,2ab95c68-1fa4-4006-85d8-f23561947d68,Teresa Loewen,c8c34930-94b1-40e7-8f68-af42014dad64,Primo 7.6-1 208-240 (1),,,7.6,parsed_from_inverter_name,10.7,,
fronius,2025-01-26,2ab95c68-1fa4-4006-85d8-f23561947d68,Teresa Loewen,c8c34930-94b1-40e7-8f68-af42014dad64,Primo 7.6-1 208-240 (1),,,7.6,parsed_from_inverter_name,13.89,,
fronius,2025-01-27,2ab95c68-1fa4-4006-85d8-f23561947d68,Teresa Loewen,c8c34930-94b1-40e7-8f68-af42014dad64,Primo 7.6-1 208-240 (1),,,7.6,parsed_from_inverter_name,13.88,,
fronius,2025-01-28,2ab95c68-1fa4-4006-85d8-f23561947d68,Teresa Loewen,c8c34930-94b1-40e7-8f68-af42014dad64,Primo 7.6-1 208-240 (1),,,7.6,parsed_from_inverter_name,14.31,,
fronius,2025-01-29,2ab95c68-1fa4-4006-85d8-f23561947d68,Teresa Loewen,c8c34930-94b1-40e7-8f68-af42014dad64,Primo 7.6-1 208-240 (1),,,7.6,parsed_from_inverter_name,11.86,,
fronius,2025-01-30,2ab95c68-1fa4-4006-85d8-f23561947d68,Teresa Loewen,c8c34930-94b1-40e7-8f68-af42014dad64,Primo 7.6-1 208-240 (1),,,7.6,parsed_from_inverter_name,13.42,,
fronius,2025-01-31,2ab95c68-1fa4-4006-85d8-f23561947d68,Teresa Loewen,c8c34930-94b1-40e7-8f68-af42014dad64,Primo 7.6-1 208-240 (1),,,7.6,parsed_from_inverter_name,9.64,,
fronius,2025-02-01,2ab95c68-1fa4-4006-85d8-f23561947d68,Teresa Loewen,c8c34930-94b1-40e7-8f68-af42014dad64,Primo 7.6-1 208-240 (1),,,7.6,parsed_from_inverter_name,2.96,,
fronius,2025-02-02,2ab95c68-1fa4-4006-85d8-f23561947d68,Teresa Loewen,c8c34930-94b1-40e7-8f68-af42014dad64,Primo 7.6-1 208-240 (1),,,7.6,parsed_from_inverter_name,2.07,,
fronius,2025-02-03,2ab95c68-1fa4-4006-85d8-f23561947d68,Teresa Loewen,c8c34930-94b1-40e7-8f68-af42014dad64,Primo 7.6-1 208-240 (1),,,7.6,parsed_from_inverter_name,1.24,,
fronius,2025-02-04,2ab95c68-1fa4-4006-85d8-f23561947d68,Teresa Loewen,c8c34930-94b1-40e7-8f68-af42014dad64,Primo 7.6-1 208-240 (1),,,7.6,parsed_from_inverter_name,0.14,,
fronius,2025-02-05,2ab95c68-1fa4-4006-85d8-f23561947d68,Teresa Loewen,c8c34930-94b1-40e7-8f68-af42014dad64,Primo 7.6-1 208-240 (1),,,7.6,parsed_from_inverter_name,0.35,,
fronius,2025-02-06,2ab95c68-1fa4-4006-85d8-f23561947d68,Teresa Loewen,c8c34930-94b1-40e7-8f68-af42014dad64,Primo 7.6-1 208-240 (1),,,7.6,parsed_from_inverter_name,0.39,,
fronius,2025-02-07,2ab95c68-1fa4-4006-85d8-f23561947d68,Teresa Loewen,c8c34930-94b1-40e7-8f68-af42014dad64,Primo 7.6-1 208-240 (1),,,7.6,parsed_from_inverter_name,0.32,,
fronius,2025-02-08,2ab95c68-1fa4-4006-85d8-f23561947d68,Teresa Loewen,c8c34930-94b1-40e7-8f68-af42014dad64,Primo 7.6-1 208-240 (1),,,7.6,parsed_from_inverter_name,0.47,,
fronius,2025-02-09,2ab95c68-1fa4-4006-85d8-f23561947d68,Teresa Loewen,c8c34930-94b1-40e7-8f68-af42014dad64,Primo 7.6-1 208-240 (1),,,7.6,parsed_from_inverter_name,0.21,,
fronius,2025-02-10,2ab95c68-1fa4-4006-85d8-f23561947d68,Teresa Loewen,c8c34930-94b1-40e7-8f68-af42014dad64,Primo 7.6-1 208-240 (1),,,7.6,parsed_from_inverter_name,0.38,,
fronius,2025-02-11,2ab95c68-1fa4-4006-85d8-f23561947d68,Teresa Loewen,c8c34930-94b1-40e7-8f68-af42014dad64,Primo 7.6-1 208-240 (1),,,7.6,parsed_from_inverter_name,0.24,,
fronius,2025-02-12,2ab95c68-1fa4-4006-85d8-f23561947d68,Teresa Loewen,c8c34930-94b1-40e7-8f68-af42014dad64,Primo 7.6-1 208-240 (1),,,7.6,parsed_from_inverter_name,0.33,,
fronius,2025-02-13,2ab95c68-1fa4-4006-85d8-f23561947d68,Teresa Loewen,c8c34930-94b1-40e7-8f68-af42014dad64,Primo 7.6-1 208-240 (1),,,7.6,parsed_from_inverter_name,0.73,,
fronius,2025-02-14,2ab95c68-1fa4-4006-85d8-f23561947d68,Teresa Loewen,c8c34930-94b1-40e7-8f68-af42014dad64,Primo 7.6-1 208-240 (1),,,7.6,parsed_from_inverter_name,0.04,,
fronius,2025-02-15,2ab95c68-1fa4-4006-85d8-f23561947d68,Teresa Loewen,c8c34930-94b1-40e7-8f68-af42014dad64,Primo 7.6-1 208-240 (1),,,7.6,parsed_from_inverter_name,0.11,,
fronius,2025-02-16,2ab95c68-1fa4-4006-85d8-f23561947d68,Teresa Loewen,c8c34930-94b1-40e7-8f68-af42014dad64,Primo 7.6-1 208-240 (1),,,7.6,parsed_from_inverter_name,0.02,,
fronius,2025-02-17,2ab95c68-1fa4-4006-85d8-f23561947d68,Teresa Loewen,c8c34930-94b1-40e7-8f68-af42014dad64,Primo 7.6-1 208-240 (1),,,7.6,parsed_from_inverter_name,0.08,,
fronius,2025-02-18,2ab95c68-1fa4-4006-85d8-f23561947d68,Teresa Loewen,c8c34930-94b1-40e7-8f68-af42014dad64,Primo 7.6-1 208-240 (1),,,7.6,parsed_from_inverter_name,0.08,,
fronius,2025-02-19,2ab95c68-1fa4-4006-85d8-f23561947d68,Teresa Loewen,c8c34930-94b1-40e7-8f68-af42014dad64,Primo 7.6-1 208-240 (1),,,7.6,parsed_from_inverter_name,0.08,,
fronius,2025-02-20,2ab95c68-1fa4-4006-85d8-f23561947d68,Teresa Loewen,c8c34930-94b1-40e7-8f68-af42014dad64,Primo 7.6-1 208-240 (1),,,7.6,parsed_from_inverter_name,2.23,,
fronius,2025-02-21,2ab95c68-1fa4-4006-85d8-f23561947d68,Teresa Loewen,c8c34930-94b1-40e7-8f68-af42014dad64,Primo 7.6-1 208-240 (1),,,7.6,parsed_from_inverter_name,7.4,,
fronius,2025-02-22,2ab95c68-1fa4-4006-85d8-f23561947d68,Teresa Loewen,c8c34930-94b1-40e7-8f68-af42014dad64,Primo 7.6-1 208-240 (1),,,7.6,parsed_from_inverter_name,23.72,,
fronius,2025-02-23,2ab95c68-1fa4-4006-85d8-f23561947d68,Teresa Loewen,c8c34930-94b1-40e7-8f68-af42014dad64,Primo 7.6-1 208-240 (1),,,7.6,parsed_from_inverter_name,22.62,,
fronius,2025-02-24,2ab95c68-1fa4-4006-85d8-f23561947d68,Teresa Loewen,c8c34930-94b1-40e7-8f68-af42014dad64,Primo 7.6-1 208-240 (1),,,7.6,parsed_from_inverter_name,23.39,,
fronius,2025-02-25,2ab95c68-1fa4-4006-85d8-f23561947d68,Teresa Loewen,c8c34930-94b1-40e7-8f68-af42014dad64,Primo 7.6-1 208-240 (1),,,7.6,parsed_from_inverter_name,23.61,,
fronius,2025-02-26,2ab95c68-1fa4-4006-85d8-f23561947d68,Teresa Loewen,c8c34930-94b1-40e7-8f68-af42014dad64,Primo 7.6-1 208-240 (1),,,7.6,parsed_from_inverter_name,24.02,,
fronius,2025-02-27,2ab95c68-1fa4-4006-85d8-f23561947d68,Teresa Loewen,c8c34930-94b1-40e7-8f68-af42014dad64,Primo 7.6-1 208-240 (1),,,7.6,parsed_from_inverter_name,16.9,,
fronius,2025-02-28,2ab95c68-1fa4-4006-85d8-f23561947d68,Teresa Loewen,c8c34930-94b1-40e7-8f68-af42014dad64,Primo 7.6-1 208-240 (1),,,7.6,parsed_from_inverter_name,23.18,,
fronius,2025-03-01,2ab95c68-1fa4-4006-85d8-f23561947d68,Teresa Loewen,c8c34930-94b1-40e7-8f68-af42014dad64,Primo 7.6-1 208-240 (1),,,7.6,parsed_from_inverter_name,26.27,,
fronius,2025-03-02,2ab95c68-1fa4-4006-85d8-f23561947d68,Teresa Loewen,c8c34930-94b1-40e7-8f68-af42014dad64,Primo 7.6-1 208-240 (1),,,7.6,parsed_from_inverter_name,26.01,,
fronius,2025-03-03,2ab95c68-1fa4-4006-85d8-f23561947d68,Teresa Loewen,c8c34930-94b1-40e7-8f68-af42014dad64,Primo 7.6-1 208-240 (1),,,7.6,parsed_from_inverter_name,8.39,,
fronius,2025-03-04,2ab95c68-1fa4-4006-85d8-f23561947d68,Teresa Loewen,c8c34930-94b1-40e7-8f68-af42014dad64,Primo 7.6-1 208-240 (1),,,7.6,parsed_from_inverter_name,24.73,,
fronius,2025-03-05,2ab95c68-1fa4-4006-85d8-f23561947d68,Teresa Loewen,c8c34930-94b1-40e7-8f68-af42014dad64,Primo 7.6-1 208-240 (1),,,7.6,parsed_from_inverter_name,15.63,,
fronius,2025-03-06,2ab95c68-1fa4-4006-85d8-f23561947d68,Teresa Loewen,c8c34930-94b1-40e7-8f68-af42014dad64,Primo 7.6-1 208-240 (1),,,7.6,parsed_from_inverter_name,28.96,,
fronius,2025-03-07,2ab95c68-1fa4-4006-85d8-f23561947d68,Teresa Loewen,c8c34930-94b1-40e7-8f68-af42014dad64,Primo 7.6-1 208-240 (1),,,7.6,parsed_from_inverter_name,30.17,,
fronius,2025-03-08,2ab95c68-1fa4-4006-85d8-f23561947d68,Teresa Loewen,c8c34930-94b1-40e7-8f68-af42014dad64,Primo 7.6-1 208-240 (1),,,7.6,parsed_from_inverter_name,20.9,,
fronius,2025-03-09,2ab95c68-1fa4-4006-85d8-f23561947d68,Teresa Loewen,c8c34930-94b1-40e7-8f68-af42014dad64,Primo 7.6-1 208-240 (1),,,7.6,parsed_from_inverter_name,19.89,,
fronius,2025-03-10,2ab95c68-1fa4-4006-85d8-f23561947d68,Teresa Loewen,c8c34930-94b1-40e7-8f68-af42014dad64,Primo 7.6-1 208-240 (1),,,7.6,parsed_from_inverter_name,23.55,,
fronius,2025-03-11,2ab95c68-1fa4-4006-85d8-f23561947d68,Teresa Loewen,c8c34930-94b1-40e7-8f68-af42014dad64,Primo 7.6-1 208-240 (1),,,7.6,parsed_from_inverter_name,23.66,,
fronius,2025-03-12,2ab95c68-1fa4-4006-85d8-f23561947d68,Teresa Loewen,c8c34930-94b1-40e7-8f68-af42014dad64,Primo 7.6-1 208-240 (1),,,7.6,parsed_from_inverter_name,28.48,,
fronius,2025-03-13,2ab95c68-1fa4-4006-85d8-f23561947d68,Teresa Loewen,c8c34930-94b1-40e7-8f68-af42014dad64,Primo 7.6-1 208-240 (1),,,7.6,parsed_from_inverter_name,19.29,,
fronius,2025-03-14,2ab95c68-1fa4-4006-85d8-f23561947d68,Teresa Loewen,c8c34930-94b1-40e7-8f68-af42014dad64,Primo 7.6-1 208-240 (1),,,7.6,parsed_from_inverter_name,29.83,,
fronius,2025-03-15,2ab95c68-1fa4-4006-85d8-f23561947d68,Teresa Loewen,c8c34930-94b1-40e7-8f68-af42014dad64,Primo 7.6-1 208-240 (1),,,7.6,parsed_from_inverter_name,2.88,,
fronius,2025-03-16,2ab95c68-1fa4-4006-85d8-f23561947d68,Teresa Loewen,c8c34930-94b1-40e7-8f68-af42014dad64,Primo 7.6-1 208-240 (1),,,7.6,parsed_from_inverter_name,0.37,,
fronius,2025-03-17,2ab95c68-1fa4-4006-85d8-f23561947d68,Teresa Loewen,c8c34930-94b1-40e7-8f68-af42014dad64,Primo 7.6-1 208-240 (1),,,7.6,parsed_from_inverter_name,16.93,,
fronius,2025-03-18,2ab95c68-1fa4-4006-85d8-f23561947d68,Teresa Loewen,c8c34930-94b1-40e7-8f68-af42014dad64,Primo 7.6-1 208-240 (1),,,7.6,parsed_from_inverter_name,19.03,,
fronius,2025-03-19,2ab95c68-1fa4-4006-85d8-f23561947d68,Teresa Loewen,c8c34930-94b1-40e7-8f68-af42014dad64,Primo 7.6-1 208-240 (1),,,7.6,parsed_from_inverter_name,36.15,,
fronius,2025-03-20,2ab95c68-1fa4-4006-85d8-f23561947d68,Teresa Loewen,c8c34930-94b1-40e7-8f68-af42014dad64,Primo 7.6-1 208-240 (1),,,7.6,parsed_from_inverter_name,21.45,,
fronius,2025-03-21,2ab95c68-1fa4-4006-85d8-f23561947d68,Teresa Loewen,c8c34930-94b1-40e7-8f68-af42014dad64,Primo 7.6-1 208-240 (1),,,7.6,parsed_from_inverter_name,36.96,,
fronius,2025-03-22,2ab95c68-1fa4-4006-85d8-f23561947d68,Teresa Loewen,c8c34930-94b1-40e7-8f68-af42014dad64,Primo 7.6-1 208-240 (1),,,7.6,parsed_from_inverter_name,25.76,,
fronius,2025-03-23,2ab95c68-1fa4-4006-85d8-f23561947d68,Teresa Loewen,c8c34930-94b1-40e7-8f68-af42014dad64,Primo 7.6-1 208-240 (1),,,7.6,parsed_from_inverter_name,21.05,,
fronius,2025-03-24,2ab95c68-1fa4-4006-85d8-f23561947d68,Teresa Loewen,c8c34930-94b1-40e7-8f68-af42014dad64,Primo 7.6-1 208-240 (1),,,7.6,parsed_from_inverter_name,37.63,,
fronius,2025-03-25,2ab95c68-1fa4-4006-85d8-f23561947d68,Teresa Loewen,c8c34930-94b1-40e7-8f68-af42014dad64,Primo 7.6-1 208-240 (1),,,7.6,parsed_from_inverter_name,20.86,,
fronius,2025-03-26,2ab95c68-1fa4-4006-85d8-f23561947d68,Teresa Loewen,c8c34930-94b1-40e7-8f68-af42014dad64,Primo 7.6-1 208-240 (1),,,7.6,parsed_from_inverter_name,36.37,,
fronius,2025-03-27,2ab95c68-1fa4-4006-85d8-f23561947d68,Teresa Loewen,c8c34930-94b1-40e7-8f68-af42014dad64,Primo 7.6-1 208-240 (1),,,7.6,parsed_from_inverter_name,13.37,,
fronius,2025-03-28,2ab95c68-1fa4-4006-85d8-f23561947d68,Teresa Loewen,c8c34930-94b1-40e7-8f68-af42014dad64,Primo 7.6-1 208-240 (1),,,7.6,parsed_from_inverter_name,12.04,,
fronius,2025-03-29,2ab95c68-1fa4-4006-85d8-f23561947d68,Teresa Loewen,c8c34930-94b1-40e7-8f68-af42014dad64,Primo 7.6-1 208-240 (1),,,7.6,parsed_from_inverter_name,9.87,,
fronius,2025-03-30,2ab95c68-1fa4-4006-85d8-f23561947d68,Teresa Loewen,c8c34930-94b1-40e7-8f68-af42014dad64,Primo 7.6-1 208-240 (1),,,7.6,parsed_from_inverter_name,15.47,,
fronius,2025-03-31,2ab95c68-1fa4-4006-85d8-f23561947d68,Teresa Loewen,c8c34930-94b1-40e7-8f68-af42014dad64,Primo 7.6-1 208-240 (1),,,7.6,parsed_from_inverter_name,28.86,,
fronius,2025-04-01,2ab95c68-1fa4-4006-85d8-f23561947d68,Teresa Loewen,c8c34930-94b1-40e7-8f68-af42014dad64,Primo 7.6-1 208-240 (1),,,7.6,parsed_from_inverter_name,33.88,,
fronius,2025-04-02,2ab95c68-1fa4-4006-85d8-f23561947d68,Teresa Loewen,c8c34930-94b1-40e7-8f68-af42014dad64,Primo 7.6-1 208-240 (1),,,7.6,parsed_from_inverter_name,5.53,,
fronius,2025-04-03,2ab95c68-1fa4-4006-85d8-f23561947d68,Teresa Loewen,c8c34930-94b1-40e7-8f68-af42014dad64,Primo 7.6-1 208-240 (1),,,7.6,parsed_from_inverter_name,23.22,,
fronius,2025-04-04,2ab95c68-1fa4-4006-85d8-f23561947d68,Teresa Loewen,c8c34930-94b1-40e7-8f68-af42014dad64,Primo 7.6-1 208-240 (1),,,7.6,parsed_from_inverter_name,47.19,,
fronius,2025-04-05,2ab95c68-1fa4-4006-85d8-f23561947d68,Teresa Loewen,c8c34930-94b1-40e7-8f68-af42014dad64,Primo 7.6-1 208-240 (1),,,7.6,parsed_from_inverter_name,45.89,,
fronius,2025-04-06,2ab95c68-1fa4-4006-85d8-f23561947d68,Teresa Loewen,c8c34930-94b1-40e7-8f68-af42014dad64,Primo 7.6-1 208-240 (1),,,7.6,parsed_from_inverter_name,45.6,,
fronius,2025-04-07,2ab95c68-1fa4-4006-85d8-f23561947d68,Teresa Loewen,c8c34930-94b1-40e7-8f68-af42014dad64,Primo 7.6-1 208-240 (1),,,7.6,parsed_from_inverter_name,25.67,,
fronius,2025-04-08,2ab95c68-1fa4-4006-85d8-f23561947d68,Teresa Loewen,c8c34930-94b1-40e7-8f68-af42014dad64,Primo 7.6-1 208-240 (1),,,7.6,parsed_from_inverter_name,40.68,,
fronius,2025-04-09,2ab95c68-1fa4-4006-85d8-f23561947d68,Teresa Loewen,c8c34930-94b1-40e7-8f68-af42014dad64,Primo 7.6-1 208-240 (1),,,7.6,parsed_from_inverter_name,46.3,,
fronius,2025-04-10,2ab95c68-1fa4-4006-85d8-f23561947d68,Teresa Loewen,c8c34930-94b1-40e7-8f68-af42014dad64,Primo 7.6-1 208-240 (1),,,7.6,parsed_from_inverter_name,36.62,,
fronius,2025-04-11,2ab95c68-1fa4-4006-85d8-f23561947d68,Teresa Loewen,c8c34930-94b1-40e7-8f68-af42014dad64,Primo 7.6-1 208-240 (1),,,7.6,parsed_from_inverter_name,48.32,,
fronius,2025-04-12,2ab95c68-1fa4-4006-85d8-f23561947d68,Teresa Loewen,c8c34930-94b1-40e7-8f68-af42014dad64,Primo 7.6-1 208-240 (1),,,7.6,parsed_from_inverter_name,37.57,,
fronius,2025-04-13,2ab95c68-1fa4-4006-85d8-f23561947d68,Teresa Loewen,c8c34930-94b1-40e7-8f68-af42014dad64,Primo 7.6-1 208-240 (1),,,7.6,parsed_from_inverter_name,39.66,,
fronius,2025-04-14,2ab95c68-1fa4-4006-85d8-f23561947d68,Teresa Loewen,c8c34930-94b1-40e7-8f68-af42014dad64,Primo 7.6-1 208-240 (1),,,7.6,parsed_from_inverter_name,47.48,,
fronius,2025-04-15,2ab95c68-1fa4-4006-85d8-f23561947d68,Teresa Loewen,c8c34930-94b1-40e7-8f68-af42014dad64,Primo 7.6-1 208-240 (1),,,7.6,parsed_from_inverter_name,48.15,,
fronius,2025-04-16,2ab95c68-1fa4-4006-85d8-f23561947d68,Teresa Loewen,c8c34930-94b1-40e7-8f68-af42014dad64,Primo 7.6-1 208-240 (1),,,7.6,parsed_from_inverter_name,20.74,,
fronius,2025-04-17,2ab95c68-1fa4-4006-85d8-f23561947d68,Teresa Loewen,c8c34930-94b1-40e7-8f68-af42014dad64,Primo 7.6-1 208-240 (1),,,7.6,parsed_from_inverter_name,35.5,,
fronius,2025-04-18,2ab95c68-1fa4-4006-85d8-f23561947d68,Teresa Loewen,c8c34930-94b1-40e7-8f68-af42014dad64,Primo 7.6-1 208-240 (1),,,7.6,parsed_from_inverter_name,49.23,,
fronius,2025-04-19,2ab95c68-1fa4-4006-85d8-f23561947d68,Teresa Loewen,c8c34930-94b1-40e7-8f68-af42014dad64,Primo 7.6-1 208-240 (1),,,7.6,parsed_from_inverter_name,22.74,,
fronius,2025-04-20,2ab95c68-1fa4-4006-85d8-f23561947d68,Teresa Loewen,c8c34930-94b1-40e7-8f68-af42014dad64,Primo 7.6-1 208-240 (1),,,7.6,parsed_from_inverter_name,9.38,,
fronius,2025-04-21,2ab95c68-1fa4-4006-85d8-f23561947d68,Teresa Loewen,c8c34930-94b1-40e7-8f68-af42014dad64,Primo 7.6-1 208-240 (1),,,7.6,parsed_from_inverter_name,16.81,,
fronius,2025-04-22,2ab95c68-1fa4-4006-85d8-f23561947d68,Teresa Loewen,c8c34930-94b1-40e7-8f68-af42014dad64,Primo 7.6-1 208-240 (1),,,7.6,parsed_from_inverter_name,38.36,,
fronius,2025-04-23,2ab95c68-1fa4-4006-85d8-f23561947d68,Teresa Loewen,c8c34930-94b1-40e7-8f68-af42014dad64,Primo 7.6-1 208-240 (1),,,7.6,parsed_from_inverter_name,47.97,,
fronius,2025-04-24,2ab95c68-1fa4-4006-85d8-f23561947d68,Teresa Loewen,c8c34930-94b1-40e7-8f68-af42014dad64,Primo 7.6-1 208-240 (1),,,7.6,parsed_from_inverter_name,52.31,,
fronius,2025-04-25,2ab95c68-1fa4-4006-85d8-f23561947d68,Teresa Loewen,c8c34930-94b1-40e7-8f68-af42014dad64,Primo 7.6-1 208-240 (1),,,7.6,parsed_from_inverter_name,53.59,,
fronius,2025-04-26,2ab95c68-1fa4-4006-85d8-f23561947d68,Teresa Loewen,c8c34930-94b1-40e7-8f68-af42014dad64,Primo 7.6-1 208-240 (1),,,7.6,parsed_from_inverter_name,48.12,,
fronius,2025-04-27,2ab95c68-1fa4-4006-85d8-f23561947d68,Teresa Loewen,c8c34930-94b1-40e7-8f68-af42014dad64,Primo 7.6-1 208-240 (1),,,7.6,parsed_from_inverter_name,30.49,,
fronius,2025-04-28,2ab95c68-1fa4-4006-85d8-f23561947d68,Teresa Loewen,c8c34930-94b1-40e7-8f68-af42014dad64,Primo 7.6-1 208-240 (1),,,7.6,parsed_from_inverter_name,49.16,,
fronius,2025-04-29,2ab95c68-1fa4-4006-85d8-f23561947d68,Teresa Loewen,c8c34930-94b1-40e7-8f68-af42014dad64,Primo 7.6-1 208-240 (1),,,7.6,parsed_from_inverter_name,29.07,,
fronius,2025-04-30,2ab95c68-1fa4-4006-85d8-f23561947d68,Teresa Loewen,c8c34930-94b1-40e7-8f68-af42014dad64,Primo 7.6-1 208-240 (1),,,7.6,parsed_from_inverter_name,43.96,,
fronius,2025-05-01,2ab95c68-1fa4-4006-85d8-f23561947d68,Teresa Loewen,c8c34930-94b1-40e7-8f68-af42014dad64,Primo 7.6-1 208-240 (1),,,7.6,parsed_from_inverter_name,53.79,,
fronius,2025-05-02,2ab95c68-1fa4-4006-85d8-f23561947d68,Teresa Loewen,c8c34930-94b1-40e7-8f68-af42014dad64,Primo 7.6-1 208-240 (1),,,7.6,parsed_from_inverter_name,53.27,,
fronius,2025-05-03,2ab95c68-1fa4-4006-85d8-f23561947d68,Teresa Loewen,c8c34930-94b1-40e7-8f68-af42014dad64,Primo 7.6-1 208-240 (1),,,7.6,parsed_from_inverter_name,52.13,,
fronius,2025-05-04,2ab95c68-1fa4-4006-85d8-f23561947d68,Teresa Loewen,c8c34930-94b1-40e7-8f68-af42014dad64,Primo 7.6-1 208-240 (1),,,7.6,parsed_from_inverter_name,20.02,,
fronius,2025-05-05,2ab95c68-1fa4-4006-85d8-f23561947d68,Teresa Loewen,c8c34930-94b1-40e7-8f68-af42014dad64,Primo 7.6-1 208-240 (1),,,7.6,parsed_from_inverter_name,52.51,,
fronius,2025-05-06,2ab95c68-1fa4-4006-85d8-f23561947d68,Teresa Loewen,c8c34930-94b1-40e7-8f68-af42014dad64,Primo 7.6-1 208-240 (1),,,7.6,parsed_from_inverter_name,55.74,,
fronius,2025-05-07,2ab95c68-1fa4-4006-85d8-f23561947d68,Teresa Loewen,c8c34930-94b1-40e7-8f68-af42014dad64,Primo 7.6-1 208-240 (1),,,7.6,parsed_from_inverter_name,54.35,,
fronius,2025-05-08,2ab95c68-1fa4-4006-85d8-f23561947d68,Teresa Loewen,c8c34930-94b1-40e7-8f68-af42014dad64,Primo 7.6-1 208-240 (1),,,7.6,parsed_from_inverter_name,54.99,,
fronius,2025-05-09,2ab95c68-1fa4-4006-85d8-f23561947d68,Teresa Loewen,c8c34930-94b1-40e7-8f68-af42014dad64,Primo 7.6-1 208-240 (1),,,7.6,parsed_from_inverter_name,51.09,,
fronius,2025-05-10,2ab95c68-1fa4-4006-85d8-f23561947d68,Teresa Loewen,c8c34930-94b1-40e7-8f68-af42014dad64,Primo 7.6-1 208-240 (1),,,7.6,parsed_from_inverter_name,46.31,,
fronius,2025-05-11,2ab95c68-1fa4-4006-85d8-f23561947d68,Teresa Loewen,c8c34930-94b1-40e7-8f68-af42014dad64,Primo 7.6-1 208-240 (1),,,7.6,parsed_from_inverter_name,27.45,,
fronius,2025-05-12,2ab95c68-1fa4-4006-85d8-f23561947d68,Teresa Loewen,c8c34930-94b1-40e7-8f68-af42014dad64,Primo 7.6-1 208-240 (1),,,7.6,parsed_from_inverter_name,47.43,,
fronius,2025-05-13,2ab95c68-1fa4-4006-85d8-f23561947d68,Teresa Loewen,c8c34930-94b1-40e7-8f68-af42014dad64,Primo 7.6-1 208-240 (1),,,7.6,parsed_from_inverter_name,30.57,,
fronius,2025-05-14,2ab95c68-1fa4-4006-85d8-f23561947d68,Teresa Loewen,c8c34930-94b1-40e7-8f68-af42014dad64,Primo 7.6-1 208-240 (1),,,7.6,parsed_from_inverter_name,35.71,,
fronius,2025-05-15,2ab95c68-1fa4-4006-85d8-f23561947d68,Teresa Loewen,c8c34930-94b1-40e7-8f68-af42014dad64,Primo 7.6-1 208-240 (1),,,7.6,parsed_from_inverter_name,10.77,,
fronius,2025-05-16,2ab95c68-1fa4-4006-85d8-f23561947d68,Teresa Loewen,c8c34930-94b1-40e7-8f68-af42014dad64,Primo 7.6-1 208-240 (1),,,7.6,parsed_from_inverter_name,36.26,,
fronius,2025-05-17,2ab95c68-1fa4-4006-85d8-f23561947d68,Teresa Loewen,c8c34930-94b1-40e7-8f68-af42014dad64,Primo 7.6-1 208-240 (1),,,7.6,parsed_from_inverter_name,34.88,,
fronius,2025-05-18,2ab95c68-1fa4-4006-85d8-f23561947d68,Teresa Loewen,c8c34930-94b1-40e7-8f68-af42014dad64,Primo 7.6-1 208-240 (1),,,7.6,parsed_from_inverter_name,13.5,,
fronius,2025-05-19,2ab95c68-1fa4-4006-85d8-f23561947d68,Teresa Loewen,c8c34930-94b1-40e7-8f68-af42014dad64,Primo 7.6-1 208-240 (1),,,7.6,parsed_from_inverter_name,46.03,,
fronius,2025-05-20,2ab95c68-1fa4-4006-85d8-f23561947d68,Teresa Loewen,c8c34930-94b1-40e7-8f68-af42014dad64,Primo 7.6-1 208-240 (1),,,7.6,parsed_from_inverter_name,45.19,,
fronius,2025-05-21,2ab95c68-1fa4-4006-85d8-f23561947d68,Teresa Loewen,c8c34930-94b1-40e7-8f68-af42014dad64,Primo 7.6-1 208-240 (1),,,7.6,parsed_from_inverter_name,39.14,,
fronius,2025-05-22,2ab95c68-1fa4-4006-85d8-f23561947d68,Teresa Loewen,c8c34930-94b1-40e7-8f68-af42014dad64,Primo 7.6-1 208-240 (1),,,7.6,parsed_from_inverter_name,35.85,,
fronius,2025-05-23,2ab95c68-1fa4-4006-85d8-f23561947d68,Teresa Loewen,c8c34930-94b1-40e7-8f68-af42014dad64,Primo 7.6-1 208-240 (1),,,7.6,parsed_from_inverter_name,17.46,,
fronius,2025-05-24,2ab95c68-1fa4-4006-85d8-f23561947d68,Teresa Loewen,c8c34930-94b1-40e7-8f68-af42014dad64,Primo 7.6-1 208-240 (1),,,7.6,parsed_from_inverter_name,53.77,,
fronius,2025-05-25,2ab95c68-1fa4-4006-85d8-f23561947d68,Teresa Loewen,c8c34930-94b1-40e7-8f68-af42014dad64,Primo 7.6-1 208-240 (1),,,7.6,parsed_from_inverter_name,53.5,,
fronius,2025-05-26,2ab95c68-1fa4-4006-85d8-f23561947d68,Teresa Loewen,c8c34930-94b1-40e7-8f68-af42014dad64,Primo 7.6-1 208-240 (1),,,7.6,parsed_from_inverter_name,43.07,,
fronius,2025-05-27,2ab95c68-1fa4-4006-85d8-f23561947d68,Teresa Loewen,c8c34930-94b1-40e7-8f68-af42014dad64,Primo 7.6-1 208-240 (1),,,7.6,parsed_from_inverter_name,50.59,,
fronius,2025-05-28,2ab95c68-1fa4-4006-85d8-f23561947d68,Teresa Loewen,c8c34930-94b1-40e7-8f68-af42014dad64,Primo 7.6-1 208-240 (1),,,7.6,parsed_from_inverter_name,51.69,,
fronius,2025-05-29,2ab95c68-1fa4-4006-85d8-f23561947d68,Teresa Loewen,c8c34930-94b1-40e7-8f68-af42014dad64,Primo 7.6-1 208-240 (1),,,7.6,parsed_from_inverter_name,49.66,,
fronius,2025-05-30,2ab95c68-1fa4-4006-85d8-f23561947d68,Teresa Loewen,c8c34930-94b1-40e7-8f68-af42014dad64,Primo 7.6-1 208-240 (1),,,7.6,parsed_from_inverter_name,53.7,,
fronius,2025-05-31,2ab95c68-1fa4-4006-85d8-f23561947d68,Teresa Loewen,c8c34930-94b1-40e7-8f68-af42014dad64,Primo 7.6-1 208-240 (1),,,7.6,parsed_from_inverter_name,42.75,,
fronius,2025-06-01,2ab95c68-1fa4-4006-85d8-f23561947d68,Teresa Loewen,c8c34930-94b1-40e7-8f68-af42014dad64,Primo 7.6-1 208-240 (1),,,7.6,parsed_from_inverter_name,48.53,,
fronius,2025-06-02,2ab95c68-1fa4-4006-85d8-f23561947d68,Teresa Loewen,c8c34930-94b1-40e7-8f68-af42014dad64,Primo 7.6-1 208-240 (1),,,7.6,parsed_from_inverter_name,31.66,,
fronius,2025-06-03,2ab95c68-1fa4-4006-85d8-f23561947d68,Teresa Loewen,c8c34930-94b1-40e7-8f68-af42014dad64,Primo 7.6-1 208-240 (1),,,7.6,parsed_from_inverter_name,37.06,,
fronius,2025-06-04,2ab95c68-1fa4-4006-85d8-f23561947d68,Teresa Loewen,c8c34930-94b1-40e7-8f68-af42014dad64,Primo 7.6-1 208-240 (1),,,7.6,parsed_from_inverter_name,50.84,,
fronius,2025-06-05,2ab95c68-1fa4-4006-85d8-f23561947d68,Teresa Loewen,c8c34930-94b1-40e7-8f68-af42014dad64,Primo 7.6-1 208-240 (1),,,7.6,parsed_from_inverter_name,53.0,,
fronius,2025-06-06,2ab95c68-1fa4-4006-85d8-f23561947d68,Teresa Loewen,c8c34930-94b1-40e7-8f68-af42014dad64,Primo 7.6-1 208-240 (1),,,7.6,parsed_from_inverter_name,38.89,,
fronius,2025-06-07,2ab95c68-1fa4-4006-85d8-f23561947d68,Teresa Loewen,c8c34930-94b1-40e7-8f68-af42014dad64,Primo 7.6-1 208-240 (1),,,7.6,parsed_from_inverter_name,23.71,,
fronius,2025-06-08,2ab95c68-1fa4-4006-85d8-f23561947d68,Teresa Loewen,c8c34930-94b1-40e7-8f68-af42014dad64,Primo 7.6-1 208-240 (1),,,7.6,parsed_from_inverter_name,50.05,,
fronius,2025-06-09,2ab95c68-1fa4-4006-85d8-f23561947d68,Teresa Loewen,c8c34930-94b1-40e7-8f68-af42014dad64,Primo 7.6-1 208-240 (1),,,7.6,parsed_from_inverter_name,51.81,,
fronius,2025-06-10,2ab95c68-1fa4-4006-85d8-f23561947d68,Teresa Loewen,c8c34930-94b1-40e7-8f68-af42014dad64,Primo 7.6-1 208-240 (1),,,7.6,parsed_from_inverter_name,50.77,,
fronius,2025-06-11,2ab95c68-1fa4-4006-85d8-f23561947d68,Teresa Loewen,c8c34930-94b1-40e7-8f68-af42014dad64,Primo 7.6-1 208-240 (1),,,7.6,parsed_from_inverter_name,44.42,,
fronius,2025-06-12,2ab95c68-1fa4-4006-85d8-f23561947d68,Teresa Loewen,c8c34930-94b1-40e7-8f68-af42014dad64,Primo 7.6-1 208-240 (1),,,7.6,parsed_from_inverter_name,21.04,,
fronius,2025-06-13,2ab95c68-1fa4-4006-85d8-f23561947d68,Teresa Loewen,c8c34930-94b1-40e7-8f68-af42014dad64,Primo 7.6-1 208-240 (1),,,7.6,parsed_from_inverter_name,40.81,,
fronius,2025-06-14,2ab95c68-1fa4-4006-85d8-f23561947d68,Teresa Loewen,c8c34930-94b1-40e7-8f68-af42014dad64,Primo 7.6-1 208-240 (1),,,7.6,parsed_from_inverter_name,47.46,,
fronius,2025-06-15,2ab95c68-1fa4-4006-85d8-f23561947d68,Teresa Loewen,c8c34930-94b1-40e7-8f68-af42014dad64,Primo 7.6-1 208-240 (1),,,7.6,parsed_from_inverter_name,44.52,,
fronius,2025-06-16,2ab95c68-1fa4-4006-85d8-f23561947d68,Teresa Loewen,c8c34930-94b1-40e7-8f68-af42014dad64,Primo 7.6-1 208-240 (1),,,7.6,parsed_from_inverter_name,52.26,,
fronius,2025-06-17,2ab95c68-1fa4-4006-85d8-f23561947d68,Teresa Loewen,c8c34930-94b1-40e7-8f68-af42014dad64,Primo 7.6-1 208-240 (1),,,7.6,parsed_from_inverter_name,46.91,,
fronius,2025-06-18,2ab95c68-1fa4-4006-85d8-f23561947d68,Teresa Loewen,c8c34930-94b1-40e7-8f68-af42014dad64,Primo 7.6-1 208-240 (1),,,7.6,parsed_from_inverter_name,47.27,,
fronius,2025-06-19,2ab95c68-1fa4-4006-85d8-f23561947d68,Teresa Loewen,c8c34930-94b1-40e7-8f68-af42014dad64,Primo 7.6-1 208-240 (1),,,7.6,parsed_from_inverter_name,52.08,,
fronius,2025-06-20,2ab95c68-1fa4-4006-85d8-f23561947d68,Teresa Loewen,c8c34930-94b1-40e7-8f68-af42014dad64,Primo 7.6-1 208-240 (1),,,7.6,parsed_from_inverter_name,6.6,,
fronius,2025-06-21,2ab95c68-1fa4-4006-85d8-f23561947d68,Teresa Loewen,c8c34930-94b1-40e7-8f68-af42014dad64,Primo 7.6-1 208-240 (1),,,7.6,parsed_from_inverter_name,3.74,,
fronius,2025-06-22,2ab95c68-1fa4-4006-85d8-f23561947d68,Teresa Loewen,c8c34930-94b1-40e7-8f68-af42014dad64,Primo 7.6-1 208-240 (1),,,7.6,parsed_from_inverter_name,29.7,,
fronius,2025-06-23,2ab95c68-1fa4-4006-85d8-f23561947d68,Teresa Loewen,c8c34930-94b1-40e7-8f68-af42014dad64,Primo 7.6-1 208-240 (1),,,7.6,parsed_from_inverter_name,46.34,,
fronius,2025-06-24,2ab95c68-1fa4-4006-85d8-f23561947d68,Teresa Loewen,c8c34930-94b1-40e7-8f68-af42014dad64,Primo 7.6-1 208-240 (1),,,7.6,parsed_from_inverter_name,49.11,,
fronius,2025-06-25,2ab95c68-1fa4-4006-85d8-f23561947d68,Teresa Loewen,c8c34930-94b1-40e7-8f68-af42014dad64,Primo 7.6-1 208-240 (1),,,7.6,parsed_from_inverter_name,46.41,,
fronius,2025-06-26,2ab95c68-1fa4-4006-85d8-f23561947d68,Teresa Loewen,c8c34930-94b1-40e7-8f68-af42014dad64,Primo 7.6-1 208-240 (1),,,7.6,parsed_from_inverter_name,39.97,,
fronius,2025-06-27,2ab95c68-1fa4-4006-85d8-f23561947d68,Teresa Loewen,c8c34930-94b1-40e7-8f68-af42014dad64,Primo 7.6-1 208-240 (1),,,7.6,parsed_from_inverter_name,51.12,,
fronius,2025-06-28,2ab95c68-1fa4-4006-85d8-f23561947d68,Teresa Loewen,c8c34930-94b1-40e7-8f68-af42014dad64,Primo 7.6-1 208-240 (1),,,7.6,parsed_from_inverter_name,43.27,,
fronius,2025-06-29,2ab95c68-1fa4-4006-85d8-f23561947d68,Teresa Loewen,c8c34930-94b1-40e7-8f68-af42014dad64,Primo 7.6-1 208-240 (1),,,7.6,parsed_from_inverter_name,50.61,,
fronius,2025-06-30,2ab95c68-1fa4-4006-85d8-f23561947d68,Teresa Loewen,c8c34930-94b1-40e7-8f68-af42014dad64,Primo 7.6-1 208-240 (1),,,7.6,parsed_from_inverter_name,52.48,,
fronius,2025-07-01,2ab95c68-1fa4-4006-85d8-f23561947d68,Teresa Loewen,c8c34930-94b1-40e7-8f68-af42014dad64,Primo 7.6-1 208-240 (1),,,7.6,parsed_from_inverter_name,51.53,,
fronius,2025-07-02,2ab95c68-1fa4-4006-85d8-f23561947d68,Teresa Loewen,c8c34930-94b1-40e7-8f68-af42014dad64,Primo 7.6-1 208-240 (1),,,7.6,parsed_from_inverter_name,40.35,,
fronius,2025-07-03,2ab95c68-1fa4-4006-85d8-f23561947d68,Teresa Loewen,c8c34930-94b1-40e7-8f68-af42014dad64,Primo 7.6-1 208-240 (1),,,7.6,parsed_from_inverter_name,53.17,,
fronius,2025-07-04,2ab95c68-1fa4-4006-85d8-f23561947d68,Teresa Loewen,c8c34930-94b1-40e7-8f68-af42014dad64,Primo 7.6-1 208-240 (1),,,7.6,parsed_from_inverter_name,46.3,,
fronius,2025-07-05,2ab95c68-1fa4-4006-85d8-f23561947d68,Teresa Loewen,c8c34930-94b1-40e7-8f68-af42014dad64,Primo 7.6-1 208-240 (1),,,7.6,parsed_from_inverter_name,8.41,,
fronius,2025-07-06,2ab95c68-1fa4-4006-85d8-f23561947d68,Teresa Loewen,c8c34930-94b1-40e7-8f68-af42014dad64,Primo 7.6-1 208-240 (1),,,7.6,parsed_from_inverter_name,30.95,,
fronius,2025-07-07,2ab95c68-1fa4-4006-85d8-f23561947d68,Teresa Loewen,c8c34930-94b1-40e7-8f68-af42014dad64,Primo 7.6-1 208-240 (1),,,7.6,parsed_from_inverter_name,52.56,,
fronius,2025-07-08,2ab95c68-1fa4-4006-85d8-f23561947d68,Teresa Loewen,c8c34930-94b1-40e7-8f68-af42014dad64,Primo 7.6-1 208-240 (1),,,7.6,parsed_from_inverter_name,52.11,,
fronius,2025-07-09,2ab95c68-1fa4-4006-85d8-f23561947d68,Teresa Loewen,c8c34930-94b1-40e7-8f68-af42014dad64,Primo 7.6-1 208-240 (1),,,7.6,parsed_from_inverter_name,41.69,,
fronius,2025-07-10,2ab95c68-1fa4-4006-85d8-f23561947d68,Teresa Loewen,c8c34930-94b1-40e7-8f68-af42014dad64,Primo 7.6-1 208-240 (1),,,7.6,parsed_from_inverter_name,23.65,,
fronius,2025-07-11,2ab95c68-1fa4-4006-85d8-f23561947d68,Teresa Loewen,c8c34930-94b1-40e7-8f68-af42014dad64,Primo 7.6-1 208-240 (1),,,7.6,parsed_from_inverter_name,51.26,,
fronius,2025-07-12,2ab95c68-1fa4-4006-85d8-f23561947d68,Teresa Loewen,c8c34930-94b1-40e7-8f68-af42014dad64,Primo 7.6-1 208-240 (1),,,7.6,parsed_from_inverter_name,50.06,,
fronius,2025-07-13,2ab95c68-1fa4-4006-85d8-f23561947d68,Teresa Loewen,c8c34930-94b1-40e7-8f68-af42014dad64,Primo 7.6-1 208-240 (1),,,7.6,parsed_from_inverter_name,47.65,,
fronius,2025-07-14,2ab95c68-1fa4-4006-85d8-f23561947d68,Teresa Loewen,c8c34930-94b1-40e7-8f68-af42014dad64,Primo 7.6-1 208-240 (1),,,7.6,parsed_from_inverter_name,5.36,,
fronius,2025-07-15,2ab95c68-1fa4-4006-85d8-f23561947d68,Teresa Loewen,c8c34930-94b1-40e7-8f68-af42014dad64,Primo 7.6-1 208-240 (1),,,7.6,parsed_from_inverter_name,18.61,,
fronius,2025-07-16,2ab95c68-1fa4-4006-85d8-f23561947d68,Teresa Loewen,c8c34930-94b1-40e7-8f68-af42014dad64,Primo 7.6-1 208-240 (1),,,7.6,parsed_from_inverter_name,49.05,,
fronius,2025-07-17,2ab95c68-1fa4-4006-85d8-f23561947d68,Teresa Loewen,c8c34930-94b1-40e7-8f68-af42014dad64,Primo 7.6-1 208-240 (1),,,7.6,parsed_from_inverter_name,19.42,,
fronius,2025-07-18,2ab95c68-1fa4-4006-85d8-f23561947d68,Teresa Loewen,c8c34930-94b1-40e7-8f68-af42014dad64,Primo 7.6-1 208-240 (1),,,7.6,parsed_from_inverter_name,42.63,,
fronius,2025-07-19,2ab95c68-1fa4-4006-85d8-f23561947d68,Teresa Loewen,c8c34930-94b1-40e7-8f68-af42014dad64,Primo 7.6-1 208-240 (1),,,7.6,parsed_from_inverter_name,30.49,,
fronius,2025-07-20,2ab95c68-1fa4-4006-85d8-f23561947d68,Teresa Loewen,c8c34930-94b1-40e7-8f68-af42014dad64,Primo 7.6-1 208-240 (1),,,7.6,parsed_from_inverter_name,42.32,,
fronius,2025-07-21,2ab95c68-1fa4-4006-85d8-f23561947d68,Teresa Loewen,c8c34930-94b1-40e7-8f68-af42014dad64,Primo 7.6-1 208-240 (1),,,7.6,parsed_from_inverter_name,21.63,,
fronius,2025-07-22,2ab95c68-1fa4-4006-85d8-f23561947d68,Teresa Loewen,c8c34930-94b1-40e7-8f68-af42014dad64,Primo 7.6-1 208-240 (1),,,7.6,parsed_from_inverter_name,6.02,,
fronius,2025-07-23,2ab95c68-1fa4-4006-85d8-f23561947d68,Teresa Loewen,c8c34930-94b1-40e7-8f68-af42014dad64,Primo 7.6-1 208-240 (1),,,7.6,parsed_from_inverter_name,48.88,,
fronius,2025-07-24,2ab95c68-1fa4-4006-85d8-f23561947d68,Teresa Loewen,c8c34930-94b1-40e7-8f68-af42014dad64,Primo 7.6-1 208-240 (1),,,7.6,parsed_from_inverter_name,50.54,,
fronius,2025-07-25,2ab95c68-1fa4-4006-85d8-f23561947d68,Teresa Loewen,c8c34930-94b1-40e7-8f68-af42014dad64,Primo 7.6-1 208-240 (1),,,7.6,parsed_from_inverter_name,49.97,,
fronius,2025-07-26,2ab95c68-1fa4-4006-85d8-f23561947d68,Teresa Loewen,c8c34930-94b1-40e7-8f68-af42014dad64,Primo 7.6-1 208-240 (1),,,7.6,parsed_from_inverter_name,45.93,,
fronius,2025-07-27,2ab95c68-1fa4-4006-85d8-f23561947d68,Teresa Loewen,c8c34930-94b1-40e7-8f68-af42014dad64,Primo 7.6-1 208-240 (1),,,7.6,parsed_from_inverter_name,36.16,,
fronius,2025-07-28,2ab95c68-1fa4-4006-85d8-f23561947d68,Teresa Loewen,c8c34930-94b1-40e7-8f68-af42014dad64,Primo 7.6-1 208-240 (1),,,7.6,parsed_from_inverter_name,27.58,,
fronius,2025-07-29,2ab95c68-1fa4-4006-85d8-f23561947d68,Teresa Loewen,c8c34930-94b1-40e7-8f68-af42014dad64,Primo 7.6-1 208-240 (1),,,7.6,parsed_from_inverter_name,48.01,,
fronius,2025-07-30,2ab95c68-1fa4-4006-85d8-f23561947d68,Teresa Loewen,c8c34930-94b1-40e7-8f68-af42014dad64,Primo 7.6-1 208-240 (1),,,7.6,parsed_from_inverter_name,47.73,,
fronius,2025-07-31,2ab95c68-1fa4-4006-85d8-f23561947d68,Teresa Loewen,c8c34930-94b1-40e7-8f68-af42014dad64,Primo 7.6-1 208-240 (1),,,7.6,parsed_from_inverter_name,47.5,,
fronius,2025-08-01,2ab95c68-1fa4-4006-85d8-f23561947d68,Teresa Loewen,c8c34930-94b1-40e7-8f68-af42014dad64,Primo 7.6-1 208-240 (1),,,7.6,parsed_from_inverter_name,42.54,,
fronius,2025-08-02,2ab95c68-1fa4-4006-85d8-f23561947d68,Teresa Loewen,c8c34930-94b1-40e7-8f68-af42014dad64,Primo 7.6-1 208-240 (1),,,7.6,parsed_from_inverter_name,35.79,,
fronius,2025-08-03,2ab95c68-1fa4-4006-85d8-f23561947d68,Teresa Loewen,c8c34930-94b1-40e7-8f68-af42014dad64,Primo 7.6-1 208-240 (1),,,7.6,parsed_from_inverter_name,18.48,,
fronius,2025-08-04,2ab95c68-1fa4-4006-85d8-f23561947d68,Teresa Loewen,c8c34930-94b1-40e7-8f68-af42014dad64,Primo 7.6-1 208-240 (1),,,7.6,parsed_from_inverter_name,45.06,,
fronius,2025-08-05,2ab95c68-1fa4-4006-85d8-f23561947d68,Teresa Loewen,c8c34930-94b1-40e7-8f68-af42014dad64,Primo 7.6-1 208-240 (1),,,7.6,parsed_from_inverter_name,34.13,,
fronius,2025-08-06,2ab95c68-1fa4-4006-85d8-f23561947d68,Teresa Loewen,c8c34930-94b1-40e7-8f68-af42014dad64,Primo 7.6-1 208-240 (1),,,7.6,parsed_from_inverter_name,34.47,,
fronius,2025-08-07,2ab95c68-1fa4-4006-85d8-f23561947d68,Teresa Loewen,c8c34930-94b1-40e7-8f68-af42014dad64,Primo 7.6-1 208-240 (1),,,7.6,parsed_from_inverter_name,31.36,,
fronius,2025-08-08,2ab95c68-1fa4-4006-85d8-f23561947d68,Teresa Loewen,c8c34930-94b1-40e7-8f68-af42014dad64,Primo 7.6-1 208-240 (1),,,7.6,parsed_from_inverter_name,8.2,,
fronius,2025-08-09,2ab95c68-1fa4-4006-85d8-f23561947d68,Teresa Loewen,c8c34930-94b1-40e7-8f68-af42014dad64,Primo 7.6-1 208-240 (1),,,7.6,parsed_from_inverter_name,36.65,,
fronius,2025-08-10,2ab95c68-1fa4-4006-85d8-f23561947d68,Teresa Loewen,c8c34930-94b1-40e7-8f68-af42014dad64,Primo 7.6-1 208-240 (1),,,7.6,parsed_from_inverter_name,46.01,,
fronius,2025-08-11,2ab95c68-1fa4-4006-85d8-f23561947d68,Teresa Loewen,c8c34930-94b1-40e7-8f68-af42014dad64,Primo 7.6-1 208-240 (1),,,7.6,parsed_from_inverter_name,26.71,,
fronius,2025-08-12,2ab95c68-1fa4-4006-85d8-f23561947d68,Teresa Loewen,c8c34930-94b1-40e7-8f68-af42014dad64,Primo 7.6-1 208-240 (1),,,7.6,parsed_from_inverter_name,46.3,,
fronius,2025-08-13,2ab95c68-1fa4-4006-85d8-f23561947d68,Teresa Loewen,c8c34930-94b1-40e7-8f68-af42014dad64,Primo 7.6-1 208-240 (1),,,7.6,parsed_from_inverter_name,45.55,,
fronius,2025-08-14,2ab95c68-1fa4-4006-85d8-f23561947d68,Teresa Loewen,c8c34930-94b1-40e7-8f68-af42014dad64,Primo 7.6-1 208-240 (1),,,7.6,parsed_from_inverter_name,30.55,,
fronius,2025-08-15,2ab95c68-1fa4-4006-85d8-f23561947d68,Teresa Loewen,c8c34930-94b1-40e7-8f68-af42014dad64,Primo 7.6-1 208-240 (1),,,7.6,parsed_from_inverter_name,34.92,,
fronius,2025-08-16,2ab95c68-1fa4-4006-85d8-f23561947d68,Teresa Loewen,c8c34930-94b1-40e7-8f68-af42014dad64,Primo 7.6-1 208-240 (1),,,7.6,parsed_from_inverter_name,31.87,,
fronius,2025-08-17,2ab95c68-1fa4-4006-85d8-f23561947d68,Teresa Loewen,c8c34930-94b1-40e7-8f68-af42014dad64,Primo 7.6-1 208-240 (1),,,7.6,parsed_from_inverter_name,44.46,,
fronius,2025-08-18,2ab95c68-1fa4-4006-85d8-f23561947d68,Teresa Loewen,c8c34930-94b1-40e7-8f68-af42014dad64,Primo 7.6-1 208-240 (1),,,7.6,parsed_from_inverter_name,45.29,,
fronius,2025-08-19,2ab95c68-1fa4-4006-85d8-f23561947d68,Teresa Loewen,c8c34930-94b1-40e7-8f68-af42014dad64,Primo 7.6-1 208-240 (1),,,7.6,parsed_from_inverter_name,44.26,,
fronius,2025-08-20,2ab95c68-1fa4-4006-85d8-f23561947d68,Teresa Loewen,c8c34930-94b1-40e7-8f68-af42014dad64,Primo 7.6-1 208-240 (1),,,7.6,parsed_from_inverter_name,42.46,,
fronius,2025-08-21,2ab95c68-1fa4-4006-85d8-f23561947d68,Teresa Loewen,c8c34930-94b1-40e7-8f68-af42014dad64,Primo 7.6-1 208-240 (1),,,7.6,parsed_from_inverter_name,45.49,,
fronius,2025-08-22,2ab95c68-1fa4-4006-85d8-f23561947d68,Teresa Loewen,c8c34930-94b1-40e7-8f68-af42014dad64,Primo 7.6-1 208-240 (1),,,7.6,parsed_from_inverter_name,45.35,,
fronius,2025-08-23,2ab95c68-1fa4-4006-85d8-f23561947d68,Teresa Loewen,c8c34930-94b1-40e7-8f68-af42014dad64,Primo 7.6-1 208-240 (1),,,7.6,parsed_from_inverter_name,45.18,,
fronius,2025-08-24,2ab95c68-1fa4-4006-85d8-f23561947d68,Teresa Loewen,c8c34930-94b1-40e7-8f68-af42014dad64,Primo 7.6-1 208-240 (1),,,7.6,parsed_from_inverter_name,44.29,,
fronius,2025-08-25,2ab95c68-1fa4-4006-85d8-f23561947d68,Teresa Loewen,c8c34930-94b1-40e7-8f68-af42014dad64,Primo 7.6-1 208-240 (1),,,7.6,parsed_from_inverter_name,43.12,,
fronius,2025-08-26,2ab95c68-1fa4-4006-85d8-f23561947d68,Teresa Loewen,c8c34930-94b1-40e7-8f68-af42014dad64,Primo 7.6-1 208-240 (1),,,7.6,parsed_from_inverter_name,42.0,,
fronius,2025-08-27,2ab95c68-1fa4-4006-85d8-f23561947d68,Teresa Loewen,c8c34930-94b1-40e7-8f68-af42014dad64,Primo 7.6-1 208-240 (1),,,7.6,parsed_from_inverter_name,38.92,,
fronius,2025-08-28,2ab95c68-1fa4-4006-85d8-f23561947d68,Teresa Loewen,c8c34930-94b1-40e7-8f68-af42014dad64,Primo 7.6-1 208-240 (1),,,7.6,parsed_from_inverter_name,15.69,,
fronius,2025-08-29,2ab95c68-1fa4-4006-85d8-f23561947d68,Teresa Loewen,c8c34930-94b1-40e7-8f68-af42014dad64,Primo 7.6-1 208-240 (1),,,7.6,parsed_from_inverter_name,38.58,,
fronius,2025-08-30,2ab95c68-1fa4-4006-85d8-f23561947d68,Teresa Loewen,c8c34930-94b1-40e7-8f68-af42014dad64,Primo 7.6-1 208-240 (1),,,7.6,parsed_from_inverter_name,36.69,,
fronius,2025-08-31,2ab95c68-1fa4-4006-85d8-f23561947d68,Teresa Loewen,c8c34930-94b1-40e7-8f68-af42014dad64,Primo 7.6-1 208-240 (1),,,7.6,parsed_from_inverter_name,38.67,,
fronius,2025-09-01,2ab95c68-1fa4-4006-85d8-f23561947d68,Teresa Loewen,c8c34930-94b1-40e7-8f68-af42014dad64,Primo 7.6-1 208-240 (1),,,7.6,parsed_from_inverter_name,35.2,,
fronius,2025-09-02,2ab95c68-1fa4-4006-85d8-f23561947d68,Teresa Loewen,c8c34930-94b1-40e7-8f68-af42014dad64,Primo 7.6-1 208-240 (1),,,7.6,parsed_from_inverter_name,33.66,,
fronius,2025-09-03,2ab95c68-1fa4-4006-85d8-f23561947d68,Teresa Loewen,c8c34930-94b1-40e7-8f68-af42014dad64,Primo 7.6-1 208-240 (1),,,7.6,parsed_from_inverter_name,18.99,,
fronius,2025-09-04,2ab95c68-1fa4-4006-85d8-f23561947d68,Teresa Loewen,c8c34930-94b1-40e7-8f68-af42014dad64,Primo 7.6-1 208-240 (1),,,7.6,parsed_from_inverter_name,12.48,,
fronius,2025-09-05,2ab95c68-1fa4-4006-85d8-f23561947d68,Teresa Loewen,c8c34930-94b1-40e7-8f68-af42014dad64,Primo 7.6-1 208-240 (1),,,7.6,parsed_from_inverter_name,39.51,,
fronius,2025-09-06,2ab95c68-1fa4-4006-85d8-f23561947d68,Teresa Loewen,c8c34930-94b1-40e7-8f68-af42014dad64,Primo 7.6-1 208-240 (1),,,7.6,parsed_from_inverter_name,34.95,,
fronius,2025-09-07,2ab95c68-1fa4-4006-85d8-f23561947d68,Teresa Loewen,c8c34930-94b1-40e7-8f68-af42014dad64,Primo 7.6-1 208-240 (1),,,7.6,parsed_from_inverter_name,26.79,,
fronius,2025-09-08,2ab95c68-1fa4-4006-85d8-f23561947d68,Teresa Loewen,c8c34930-94b1-40e7-8f68-af42014dad64,Primo 7.6-1 208-240 (1),,,7.6,parsed_from_inverter_name,26.44,,
fronius,2025-09-09,2ab95c68-1fa4-4006-85d8-f23561947d68,Teresa Loewen,c8c34930-94b1-40e7-8f68-af42014dad64,Primo 7.6-1 208-240 (1),,,7.6,parsed_from_inverter_name,34.53,,
fronius,2025-09-10,2ab95c68-1fa4-4006-85d8-f23561947d68,Teresa Loewen,c8c34930-94b1-40e7-8f68-af42014dad64,Primo 7.6-1 208-240 (1),,,7.6,parsed_from_inverter_name,10.7,,
fronius,2025-09-11,2ab95c68-1fa4-4006-85d8-f23561947d68,Teresa Loewen,c8c34930-94b1-40e7-8f68-af42014dad64,Primo 7.6-1 208-240 (1),,,7.6,parsed_from_inverter_name,28.45,,
fronius,2025-09-12,2ab95c68-1fa4-4006-85d8-f23561947d68,Teresa Loewen,c8c34930-94b1-40e7-8f68-af42014dad64,Primo 7.6-1 208-240 (1),,,7.6,parsed_from_inverter_name,34.55,,
fronius,2025-09-13,2ab95c68-1fa4-4006-85d8-f23561947d68,Teresa Loewen,c8c34930-94b1-40e7-8f68-af42014dad64,Primo 7.6-1 208-240 (1),,,7.6,parsed_from_inverter_name,33.68,,
fronius,2025-09-14,2ab95c68-1fa4-4006-85d8-f23561947d68,Teresa Loewen,c8c34930-94b1-40e7-8f68-af42014dad64,Primo 7.6-1 208-240 (1),,,7.6,parsed_from_inverter_name,31.25,,
fronius,2025-09-15,2ab95c68-1fa4-4006-85d8-f23561947d68,Teresa Loewen,c8c34930-94b1-40e7-8f68-af42014dad64,Primo 7.6-1 208-240 (1),,,7.6,parsed_from_inverter_name,18.73,,
fronius,2025-09-16,2ab95c68-1fa4-4006-85d8-f23561947d68,Teresa Loewen,c8c34930-94b1-40e7-8f68-af42014dad64,Primo 7.6-1 208-240 (1),,,7.6,parsed_from_inverter_name,33.47,,
fronius,2025-09-17,2ab95c68-1fa4-4006-85d8-f23561947d68,Teresa Loewen,c8c34930-94b1-40e7-8f68-af42014dad64,Primo 7.6-1 208-240 (1),,,7.6,parsed_from_inverter_name,33.16,,
fronius,2025-09-18,2ab95c68-1fa4-4006-85d8-f23561947d68,Teresa Loewen,c8c34930-94b1-40e7-8f68-af42014dad64,Primo 7.6-1 208-240 (1),,,7.6,parsed_from_inverter_name,32.52,,
fronius,2025-09-19,2ab95c68-1fa4-4006-85d8-f23561947d68,Teresa Loewen,c8c34930-94b1-40e7-8f68-af42014dad64,Primo 7.6-1 208-240 (1),,,7.6,parsed_from_inverter_name,31.2,,
fronius,2025-09-20,2ab95c68-1fa4-4006-85d8-f23561947d68,Teresa Loewen,c8c34930-94b1-40e7-8f68-af42014dad64,Primo 7.6-1 208-240 (1),,,7.6,parsed_from_inverter_name,31.95,,
fronius,2025-09-21,2ab95c68-1fa4-4006-85d8-f23561947d68,Teresa Loewen,c8c34930-94b1-40e7-8f68-af42014dad64,Primo 7.6-1 208-240 (1),,,7.6,parsed_from_inverter_name,18.62,,
fronius,2025-09-22,2ab95c68-1fa4-4006-85d8-f23561947d68,Teresa Loewen,c8c34930-94b1-40e7-8f68-af42014dad64,Primo 7.6-1 208-240 (1),,,7.6,parsed_from_inverter_name,31.87,,
fronius,2025-09-23,2ab95c68-1fa4-4006-85d8-f23561947d68,Teresa Loewen,c8c34930-94b1-40e7-8f68-af42014dad64,Primo 7.6-1 208-240 (1),,,7.6,parsed_from_inverter_name,30.28,,
fronius,2025-09-24,2ab95c68-1fa4-4006-85d8-f23561947d68,Teresa Loewen,c8c34930-94b1-40e7-8f68-af42014dad64,Primo 7.6-1 208-240 (1),,,7.6,parsed_from_inverter_name,30.75,,
fronius,2025-09-25,2ab95c68-1fa4-4006-85d8-f23561947d68,Teresa Loewen,c8c34930-94b1-40e7-8f68-af42014dad64,Primo 7.6-1 208-240 (1),,,7.6,parsed_from_inverter_name,29.48,,
fronius,2025-09-26,2ab95c68-1fa4-4006-85d8-f23561947d68,Teresa Loewen,c8c34930-94b1-40e7-8f68-af42014dad64,Primo 7.6-1 208-240 (1),,,7.6,parsed_from_inverter_name,29.22,,
fronius,2025-09-27,2ab95c68-1fa4-4006-85d8-f23561947d68,Teresa Loewen,c8c34930-94b1-40e7-8f68-af42014dad64,Primo 7.6-1 208-240 (1),,,7.6,parsed_from_inverter_name,11.22,,
fronius,2025-09-28,2ab95c68-1fa4-4006-85d8-f23561947d68,Teresa Loewen,c8c34930-94b1-40e7-8f68-af42014dad64,Primo 7.6-1 208-240 (1),,,7.6,parsed_from_inverter_name,25.46,,
fronius,2025-09-29,2ab95c68-1fa4-4006-85d8-f23561947d68,Teresa Loewen,c8c34930-94b1-40e7-8f68-af42014dad64,Primo 7.6-1 208-240 (1),,,7.6,parsed_from_inverter_name,13.69,,
fronius,2025-09-30,2ab95c68-1fa4-4006-85d8-f23561947d68,Teresa Loewen,c8c34930-94b1-40e7-8f68-af42014dad64,Primo 7.6-1 208-240 (1),,,7.6,parsed_from_inverter_name,16.3,,
fronius,2025-10-01,2ab95c68-1fa4-4006-85d8-f23561947d68,Teresa Loewen,c8c34930-94b1-40e7-8f68-af42014dad64,Primo 7.6-1 208-240 (1),,,7.6,parsed_from_inverter_name,17.08,,
fronius,2025-10-02,2ab95c68-1fa4-4006-85d8-f23561947d68,Teresa Loewen,c8c34930-94b1-40e7-8f68-af42014dad64,Primo 7.6-1 208-240 (1),,,7.6,parsed_from_inverter_name,14.23,,
fronius,2025-10-03,2ab95c68-1fa4-4006-85d8-f23561947d68,Teresa Loewen,c8c34930-94b1-40e7-8f68-af42014dad64,Primo 7.6-1 208-240 (1),,,7.6,parsed_from_inverter_name,24.58,,
fronius,2025-10-04,2ab95c68-1fa4-4006-85d8-f23561947d68,Teresa Loewen,c8c34930-94b1-40e7-8f68-af42014dad64,Primo 7.6-1 208-240 (1),,,7.6,parsed_from_inverter_name,6.83,,
fronius,2025-10-05,2ab95c68-1fa4-4006-85d8-f23561947d68,Teresa Loewen,c8c34930-94b1-40e7-8f68-af42014dad64,Primo 7.6-1 208-240 (1),,,7.6,parsed_from_inverter_name,23.74,,
fronius,2025-10-06,2ab95c68-1fa4-4006-85d8-f23561947d68,Teresa Loewen,c8c34930-94b1-40e7-8f68-af42014dad64,Primo 7.6-1 208-240 (1),,,7.6,parsed_from_inverter_name,24.14,,
fronius,2025-10-07,2ab95c68-1fa4-4006-85d8-f23561947d68,Teresa Loewen,c8c34930-94b1-40e7-8f68-af42014dad64,Primo 7.6-1 208-240 (1),,,7.6,parsed_from_inverter_name,24.04,,
fronius,2025-10-08,2ab95c68-1fa4-4006-85d8-f23561947d68,Teresa Loewen,c8c34930-94b1-40e7-8f68-af42014dad64,Primo 7.6-1 208-240 (1),,,7.6,parsed_from_inverter_name,23.29,,
fronius,2025-10-09,2ab95c68-1fa4-4006-85d8-f23561947d68,Teresa Loewen,c8c34930-94b1-40e7-8f68-af42014dad64,Primo 7.6-1 208-240 (1),,,7.6,parsed_from_inverter_name,22.33,,
fronius,2025-10-10,2ab95c68-1fa4-4006-85d8-f23561947d68,Teresa Loewen,c8c34930-94b1-40e7-8f68-af42014dad64,Primo 7.6-1 208-240 (1),,,7.6,parsed_from_inverter_name,21.3,,
fronius,2025-10-11,2ab95c68-1fa4-4006-85d8-f23561947d68,Teresa Loewen,c8c34930-94b1-40e7-8f68-af42014dad64,Primo 7.6-1 208-240 (1),,,7.6,parsed_from_inverter_name,20.78,,
fronius,2025-10-12,2ab95c68-1fa4-4006-85d8-f23561947d68,Teresa Loewen,c8c34930-94b1-40e7-8f68-af42014dad64,Primo 7.6-1 208-240 (1),,,7.6,parsed_from_inverter_name,5.43,,
fronius,2025-10-13,2ab95c68-1fa4-4006-85d8-f23561947d68,Teresa Loewen,c8c34930-94b1-40e7-8f68-af42014dad64,Primo 7.6-1 208-240 (1),,,7.6,parsed_from_inverter_name,12.83,,
fronius,2025-10-14,2ab95c68-1fa4-4006-85d8-f23561947d68,Teresa Loewen,c8c34930-94b1-40e7-8f68-af42014dad64,Primo 7.6-1 208-240 (1),,,7.6,parsed_from_inverter_name,7.49,,
fronius,2025-10-15,2ab95c68-1fa4-4006-85d8-f23561947d68,Teresa Loewen,c8c34930-94b1-40e7-8f68-af42014dad64,Primo 7.6-1 208-240 (1),,,7.6,parsed_from_inverter_name,20.03,,
fronius,2025-10-16,2ab95c68-1fa4-4006-85d8-f23561947d68,Teresa Loewen,c8c34930-94b1-40e7-8f68-af42014dad64,Primo 7.6-1 208-240 (1),,,7.6,parsed_from_inverter_name,19.78,,
fronius,2025-10-17,2ab95c68-1fa4-4006-85d8-f23561947d68,Teresa Loewen,c8c34930-94b1-40e7-8f68-af42014dad64,Primo 7.6-1 208-240 (1),,,7.6,parsed_from_inverter_name,5.73,,
fronius,2025-10-18,2ab95c68-1fa4-4006-85d8-f23561947d68,Teresa Loewen,c8c34930-94b1-40e7-8f68-af42014dad64,Primo 7.6-1 208-240 (1),,,7.6,parsed_from_inverter_name,17.93,,
fronius,2025-10-19,2ab95c68-1fa4-4006-85d8-f23561947d68,Teresa Loewen,c8c34930-94b1-40e7-8f68-af42014dad64,Primo 7.6-1 208-240 (1),,,7.6,parsed_from_inverter_name,19.41,,
fronius,2025-10-20,2ab95c68-1fa4-4006-85d8-f23561947d68,Teresa Loewen,c8c34930-94b1-40e7-8f68-af42014dad64,Primo 7.6-1 208-240 (1),,,7.6,parsed_from_inverter_name,17.06,,
fronius,2025-10-21,2ab95c68-1fa4-4006-85d8-f23561947d68,Teresa Loewen,c8c34930-94b1-40e7-8f68-af42014dad64,Primo 7.6-1 208-240 (1),,,7.6,parsed_from_inverter_name,18.4,,
fronius,2025-10-22,2ab95c68-1fa4-4006-85d8-f23561947d68,Teresa Loewen,c8c34930-94b1-40e7-8f68-af42014dad64,Primo 7.6-1 208-240 (1),,,7.6,parsed_from_inverter_name,17.91,,
fronius,2025-10-23,2ab95c68-1fa4-4006-85d8-f23561947d68,Teresa Loewen,c8c34930-94b1-40e7-8f68-af42014dad64,Primo 7.6-1 208-240 (1),,,7.6,parsed_from_inverter_name,16.39,,
fronius,2025-10-24,2ab95c68-1fa4-4006-85d8-f23561947d68,Teresa Loewen,c8c34930-94b1-40e7-8f68-af42014dad64,Primo 7.6-1 208-240 (1),,,7.6,parsed_from_inverter_name,6.34,,
fronius,2025-10-25,2ab95c68-1fa4-4006-85d8-f23561947d68,Teresa Loewen,c8c34930-94b1-40e7-8f68-af42014dad64,Primo 7.6-1 208-240 (1),,,7.6,parsed_from_inverter_name,9.32,,
fronius,2025-10-26,2ab95c68-1fa4-4006-85d8-f23561947d68,Teresa Loewen,c8c34930-94b1-40e7-8f68-af42014dad64,Primo 7.6-1 208-240 (1),,,7.6,parsed_from_inverter_name,15.21,,
fronius,2025-10-27,2ab95c68-1fa4-4006-85d8-f23561947d68,Teresa Loewen,c8c34930-94b1-40e7-8f68-af42014dad64,Primo 7.6-1 208-240 (1),,,7.6,parsed_from_inverter_name,16.93,,
fronius,2025-10-28,2ab95c68-1fa4-4006-85d8-f23561947d68,Teresa Loewen,c8c34930-94b1-40e7-8f68-af42014dad64,Primo 7.6-1 208-240 (1),,,7.6,parsed_from_inverter_name,17.07,,
fronius,2025-10-29,2ab95c68-1fa4-4006-85d8-f23561947d68,Teresa Loewen,c8c34930-94b1-40e7-8f68-af42014dad64,Primo 7.6-1 208-240 (1),,,7.6,parsed_from_inverter_name,11.51,,
fronius,2025-10-30,2ab95c68-1fa4-4006-85d8-f23561947d68,Teresa Loewen,c8c34930-94b1-40e7-8f68-af42014dad64,Primo 7.6-1 208-240 (1),,,7.6,parsed_from_inverter_name,15.77,,
fronius,2025-10-31,2ab95c68-1fa4-4006-85d8-f23561947d68,Teresa Loewen,c8c34930-94b1-40e7-8f68-af42014dad64,Primo 7.6-1 208-240 (1),,,7.6,parsed_from_inverter_name,11.37,,
fronius,2025-11-01,2ab95c68-1fa4-4006-85d8-f23561947d68,Teresa Loewen,c8c34930-94b1-40e7-8f68-af42014dad64,Primo 7.6-1 208-240 (1),,,7.6,parsed_from_inverter_name,6.78,,
fronius,2025-11-02,2ab95c68-1fa4-4006-85d8-f23561947d68,Teresa Loewen,c8c34930-94b1-40e7-8f68-af42014dad64,Primo 7.6-1 208-240 (1),,,7.6,parsed_from_inverter_name,17.01,,
fronius,2025-11-03,2ab95c68-1fa4-4006-85d8-f23561947d68,Teresa Loewen,c8c34930-94b1-40e7-8f68-af42014dad64,Primo 7.6-1 208-240 (1),,,7.6,parsed_from_inverter_name,11.19,,
fronius,2025-11-04,2ab95c68-1fa4-4006-85d8-f23561947d68,Teresa Loewen,c8c34930-94b1-40e7-8f68-af42014dad64,Primo 7.6-1 208-240 (1),,,7.6,parsed_from_inverter_name,15.96,,
fronius,2025-11-05,2ab95c68-1fa4-4006-85d8-f23561947d68,Teresa Loewen,c8c34930-94b1-40e7-8f68-af42014dad64,Primo 7.6-1 208-240 (1),,,7.6,parsed_from_inverter_name,6.66,,
fronius,2025-11-06,2ab95c68-1fa4-4006-85d8-f23561947d68,Teresa Loewen,c8c34930-94b1-40e7-8f68-af42014dad64,Primo 7.6-1 208-240 (1),,,7.6,parsed_from_inverter_name,12.43,,
fronius,2025-11-07,2ab95c68-1fa4-4006-85d8-f23561947d68,Teresa Loewen,c8c34930-94b1-40e7-8f68-af42014dad64,Primo 7.6-1 208-240 (1),,,7.6,parsed_from_inverter_name,2.72,,
fronius,2025-11-08,2ab95c68-1fa4-4006-85d8-f23561947d68,Teresa Loewen,c8c34930-94b1-40e7-8f68-af42014dad64,Primo 7.6-1 208-240 (1),,,7.6,parsed_from_inverter_name,13.0,,
fronius,2025-11-09,2ab95c68-1fa4-4006-85d8-f23561947d68,Teresa Loewen,c8c34930-94b1-40e7-8f68-af42014dad64,Primo 7.6-1 208-240 (1),,,7.6,parsed_from_inverter_name,7.08,,
fronius,2025-11-10,2ab95c68-1fa4-4006-85d8-f23561947d68,Teresa Loewen,c8c34930-94b1-40e7-8f68-af42014dad64,Primo 7.6-1 208-240 (1),,,7.6,parsed_from_inverter_name,5.0,,
fronius,2025-11-11,2ab95c68-1fa4-4006-85d8-f23561947d68,Teresa Loewen,c8c34930-94b1-40e7-8f68-af42014dad64,Primo 7.6-1 208-240 (1),,,7.6,parsed_from_inverter_name,13.4,,
fronius,2025-11-12,2ab95c68-1fa4-4006-85d8-f23561947d68,Teresa Loewen,c8c34930-94b1-40e7-8f68-af42014dad64,Primo 7.6-1 208-240 (1),,,7.6,parsed_from_inverter_name,6.91,,
fronius,2025-11-13,2ab95c68-1fa4-4006-85d8-f23561947d68,Teresa Loewen,c8c34930-94b1-40e7-8f68-af42014dad64,Primo 7.6-1 208-240 (1),,,7.6,parsed_from_inverter_name,12.75,,
fronius,2025-11-14,2ab95c68-1fa4-4006-85d8-f23561947d68,Teresa Loewen,c8c34930-94b1-40e7-8f68-af42014dad64,Primo 7.6-1 208-240 (1),,,7.6,parsed_from_inverter_name,0.04,,
fronius,2025-11-15,2ab95c68-1fa4-4006-85d8-f23561947d68,Teresa Loewen,c8c34930-94b1-40e7-8f68-af42014dad64,Primo 7.6-1 208-240 (1),,,7.6,parsed_from_inverter_name,0.93,,
fronius,2025-11-16,2ab95c68-1fa4-4006-85d8-f23561947d68,Teresa Loewen,c8c34930-94b1-40e7-8f68-af42014dad64,Primo 7.6-1 208-240 (1),,,7.6,parsed_from_inverter_name,5.97,,
fronius,2025-11-17,2ab95c68-1fa4-4006-85d8-f23561947d68,Teresa Loewen,c8c34930-94b1-40e7-8f68-af42014dad64,Primo 7.6-1 208-240 (1),,,7.6,parsed_from_inverter_name,8.54,,
fronius,2025-11-18,2ab95c68-1fa4-4006-85d8-f23561947d68,Teresa Loewen,c8c34930-94b1-40e7-8f68-af42014dad64,Primo 7.6-1 208-240 (1),,,7.6,parsed_from_inverter_name,8.84,,
fronius,2025-11-19,2ab95c68-1fa4-4006-85d8-f23561947d68,Teresa Loewen,c8c34930-94b1-40e7-8f68-af42014dad64,Primo 7.6-1 208-240 (1),,,7.6,parsed_from_inverter_name,12.5,,
fronius,2025-11-20,2ab95c68-1fa4-4006-85d8-f23561947d68,Teresa Loewen,c8c34930-94b1-40e7-8f68-af42014dad64,Primo 7.6-1 208-240 (1),,,7.6,parsed_from_inverter_name,12.26,,
fronius,2025-11-21,2ab95c68-1fa4-4006-85d8-f23561947d68,Teresa Loewen,c8c34930-94b1-40e7-8f68-af42014dad64,Primo 7.6-1 208-240 (1),,,7.6,parsed_from_inverter_name,6.11,,
fronius,2025-11-22,2ab95c68-1fa4-4006-85d8-f23561947d68,Teresa Loewen,c8c34930-94b1-40e7-8f68-af42014dad64,Primo 7.6-1 208-240 (1),,,7.6,parsed_from_inverter_name,9.0,,
fronius,2025-11-23,2ab95c68-1fa4-4006-85d8-f23561947d68,Teresa Loewen,c8c34930-94b1-40e7-8f68-af42014dad64,Primo 7.6-1 208-240 (1),,,7.6,parsed_from_inverter_name,9.21,,
fronius,2025-11-24,2ab95c68-1fa4-4006-85d8-f23561947d68,Teresa Loewen,c8c34930-94b1-40e7-8f68-af42014dad64,Primo 7.6-1 208-240 (1),,,7.6,parsed_from_inverter_name,0.08,,
fronius,2025-11-25,2ab95c68-1fa4-4006-85d8-f23561947d68,Teresa Loewen,c8c34930-94b1-40e7-8f68-af42014dad64,Primo 7.6-1 208-240 (1),,,7.6,parsed_from_inverter_name,1.19,,
fronius,2025-11-26,2ab95c68-1fa4-4006-85d8-f23561947d68,Teresa Loewen,c8c34930-94b1-40e7-8f68-af42014dad64,Primo 7.6-1 208-240 (1),,,7.6,parsed_from_inverter_name,2.85,,
fronius,2025-11-27,2ab95c68-1fa4-4006-85d8-f23561947d68,Teresa Loewen,c8c34930-94b1-40e7-8f68-af42014dad64,Primo 7.6-1 208-240 (1),,,7.6,parsed_from_inverter_name,3.85,,
fronius,2025-12-04,2ab95c68-1fa4-4006-85d8-f23561947d68,Teresa Loewen,c8c34930-94b1-40e7-8f68-af42014dad64,Primo 7.6-1 208-240 (1),,,7.6,parsed_from_inverter_name,0.38,,
fronius,2025-12-05,2ab95c68-1fa4-4006-85d8-f23561947d68,Teresa Loewen,c8c34930-94b1-40e7-8f68-af42014dad64,Primo 7.6-1 208-240 (1),,,7.6,parsed_from_inverter_name,1.02,,
fronius,2025-12-08,2ab95c68-1fa4-4006-85d8-f23561947d68,Teresa Loewen,c8c34930-94b1-40e7-8f68-af42014dad64,Primo 7.6-1 208-240 (1),,,7.6,parsed_from_inverter_name,2.52,,
fronius,2025-12-09,2ab95c68-1fa4-4006-85d8-f23561947d68,Teresa Loewen,c8c34930-94b1-40e7-8f68-af42014dad64,Primo 7.6-1 208-240 (1),,,7.6,parsed_from_inverter_name,9.97,,
fronius,2025-12-10,2ab95c68-1fa4-4006-85d8-f23561947d68,Teresa Loewen,c8c34930-94b1-40e7-8f68-af42014dad64,Primo 7.6-1 208-240 (1),,,7.6,parsed_from_inverter_name,3.88,,
fronius,2025-12-11,2ab95c68-1fa4-4006-85d8-f23561947d68,Teresa Loewen,c8c34930-94b1-40e7-8f68-af42014dad64,Primo 7.6-1 208-240 (1),,,7.6,parsed_from_inverter_name,0.01,,
fronius,2025-12-13,2ab95c68-1fa4-4006-85d8-f23561947d68,Teresa Loewen,c8c34930-94b1-40e7-8f68-af42014dad64,Primo 7.6-1 208-240 (1),,,7.6,parsed_from_inverter_name,0.0,,
fronius,2025-12-14,2ab95c68-1fa4-4006-85d8-f23561947d68,Teresa Loewen,c8c34930-94b1-40e7-8f68-af42014dad64,Primo 7.6-1 208-240 (1),,,7.6,parsed_from_inverter_name,3.74,,
fronius,2025-12-15,2ab95c68-1fa4-4006-85d8-f23561947d68,Teresa Loewen,c8c34930-94b1-40e7-8f68-af42014dad64,Primo 7.6-1 208-240 (1),,,7.6,parsed_from_inverter_name,6.69,,
fronius,2025-12-16,2ab95c68-1fa4-4006-85d8-f23561947d68,Teresa Loewen,c8c34930-94b1-40e7-8f68-af42014dad64,Primo 7.6-1 208-240 (1),,,7.6,parsed_from_inverter_name,9.41,,
fronius,2025-12-17,2ab95c68-1fa4-4006-85d8-f23561947d68,Teresa Loewen,c8c34930-94b1-40e7-8f68-af42014dad64,Primo 7.6-1 208-240 (1),,,7.6,parsed_from_inverter_name,2.77,,
fronius,2025-12-18,2ab95c68-1fa4-4006-85d8-f23561947d68,Teresa Loewen,c8c34930-94b1-40e7-8f68-af42014dad64,Primo 7.6-1 208-240 (1),,,7.6,parsed_from_inverter_name,2.55,,
fronius,2025-12-19,2ab95c68-1fa4-4006-85d8-f23561947d68,Teresa Loewen,c8c34930-94b1-40e7-8f68-af42014dad64,Primo 7.6-1 208-240 (1),,,7.6,parsed_from_inverter_name,10.01,,
fronius,2025-12-20,2ab95c68-1fa4-4006-85d8-f23561947d68,Teresa Loewen,c8c34930-94b1-40e7-8f68-af42014dad64,Primo 7.6-1 208-240 (1),,,7.6,parsed_from_inverter_name,9.94,,
fronius,2025-12-21,2ab95c68-1fa4-4006-85d8-f23561947d68,Teresa Loewen,c8c34930-94b1-40e7-8f68-af42014dad64,Primo 7.6-1 208-240 (1),,,7.6,parsed_from_inverter_name,5.61,,
fronius,2025-12-22,2ab95c68-1fa4-4006-85d8-f23561947d68,Teresa Loewen,c8c34930-94b1-40e7-8f68-af42014dad64,Primo 7.6-1 208-240 (1),,,7.6,parsed_from_inverter_name,3.81,,
fronius,2025-12-23,2ab95c68-1fa4-4006-85d8-f23561947d68,Teresa Loewen,c8c34930-94b1-40e7-8f68-af42014dad64,Primo 7.6-1 208-240 (1),,,7.6,parsed_from_inverter_name,6.57,,
fronius,2025-12-24,2ab95c68-1fa4-4006-85d8-f23561947d68,Teresa Loewen,c8c34930-94b1-40e7-8f68-af42014dad64,Primo 7.6-1 208-240 (1),,,7.6,parsed_from_inverter_name,1.69,,
fronius,2025-12-25,2ab95c68-1fa4-4006-85d8-f23561947d68,Teresa Loewen,c8c34930-94b1-40e7-8f68-af42014dad64,Primo 7.6-1 208-240 (1),,,7.6,parsed_from_inverter_name,8.61,,
fronius,2025-12-26,2ab95c68-1fa4-4006-85d8-f23561947d68,Teresa Loewen,c8c34930-94b1-40e7-8f68-af42014dad64,Primo 7.6-1 208-240 (1),,,7.6,parsed_from_inverter_name,1.96,,
fronius,2025-12-27,2ab95c68-1fa4-4006-85d8-f23561947d68,Teresa Loewen,c8c34930-94b1-40e7-8f68-af42014dad64,Primo 7.6-1 208-240 (1),,,7.6,parsed_from_inverter_name,5.51,,
fronius,2025-12-28,2ab95c68-1fa4-4006-85d8-f23561947d68,Teresa Loewen,c8c34930-94b1-40e7-8f68-af42014dad64,Primo 7.6-1 208-240 (1),,,7.6,parsed_from_inverter_name,7.75,,
fronius,2025-12-29,2ab95c68-1fa4-4006-85d8-f23561947d68,Teresa Loewen,c8c34930-94b1-40e7-8f68-af42014dad64,Primo 7.6-1 208-240 (1),,,7.6,parsed_from_inverter_name,7.41,,
fronius,2025-12-30,2ab95c68-1fa4-4006-85d8-f23561947d68,Teresa Loewen,c8c34930-94b1-40e7-8f68-af42014dad64,Primo 7.6-1 208-240 (1),,,7.6,parsed_from_inverter_name,7.56,,
fronius,2025-12-31,2ab95c68-1fa4-4006-85d8-f23561947d68,Teresa Loewen,c8c34930-94b1-40e7-8f68-af42014dad64,Primo 7.6-1 208-240 (1),,,7.6,parsed_from_inverter_name,6.78,,
fronius,2026-01-01,2ab95c68-1fa4-4006-85d8-f23561947d68,Teresa Loewen,c8c34930-94b1-40e7-8f68-af42014dad64,Primo 7.6-1 208-240 (1),,,7.6,parsed_from_inverter_name,6.16,,
fronius,2026-01-02,2ab95c68-1fa4-4006-85d8-f23561947d68,Teresa Loewen,c8c34930-94b1-40e7-8f68-af42014dad64,Primo 7.6-1 208-240 (1),,,7.6,parsed_from_inverter_name,4.0,,
fronius,2026-01-03,2ab95c68-1fa4-4006-85d8-f23561947d68,Teresa Loewen,c8c34930-94b1-40e7-8f68-af42014dad64,Primo 7.6-1 208-240 (1),,,7.6,parsed_from_inverter_name,9.3,,
fronius,2026-01-04,2ab95c68-1fa4-4006-85d8-f23561947d68,Teresa Loewen,c8c34930-94b1-40e7-8f68-af42014dad64,Primo 7.6-1 208-240 (1),,,7.6,parsed_from_inverter_name,9.94,,
fronius,2026-01-05,2ab95c68-1fa4-4006-85d8-f23561947d68,Teresa Loewen,c8c34930-94b1-40e7-8f68-af42014dad64,Primo 7.6-1 208-240 (1),,,7.6,parsed_from_inverter_name,5.4,,
fronius,2026-01-06,2ab95c68-1fa4-4006-85d8-f23561947d68,Teresa Loewen,c8c34930-94b1-40e7-8f68-af42014dad64,Primo 7.6-1 208-240 (1),,,7.6,parsed_from_inverter_name,3.87,,
fronius,2026-01-07,2ab95c68-1fa4-4006-85d8-f23561947d68,Teresa Loewen,c8c34930-94b1-40e7-8f68-af42014dad64,Primo 7.6-1 208-240 (1),,,7.6,parsed_from_inverter_name,11.95,,
fronius,2026-01-08,2ab95c68-1fa4-4006-85d8-f23561947d68,Teresa Loewen,c8c34930-94b1-40e7-8f68-af42014dad64,Primo 7.6-1 208-240 (1),,,7.6,parsed_from_inverter_name,10.8,,
fronius,2026-01-09,2ab95c68-1fa4-4006-85d8-f23561947d68,Teresa Loewen,c8c34930-94b1-40e7-8f68-af42014dad64,Primo 7.6-1 208-240 (1),,,7.6,parsed_from_inverter_name,8.36,,
fronius,2026-01-10,2ab95c68-1fa4-4006-85d8-f23561947d68,Teresa Loewen,c8c34930-94b1-40e7-8f68-af42014dad64,Primo 7.6-1 208-240 (1),,,7.6,parsed_from_inverter_name,6.51,,
fronius,2026-01-11,2ab95c68-1fa4-4006-85d8-f23561947d68,Teresa Loewen,c8c34930-94b1-40e7-8f68-af42014dad64,Primo 7.6-1 208-240 (1),,,7.6,parsed_from_inverter_name,6.82,,
fronius,2026-01-12,2ab95c68-1fa4-4006-85d8-f23561947d68,Teresa Loewen,c8c34930-94b1-40e7-8f68-af42014dad64,Primo 7.6-1 208-240 (1),,,7.6,parsed_from_inverter_name,3.29,,
fronius,2026-01-13,2ab95c68-1fa4-4006-85d8-f23561947d68,Teresa Loewen,c8c34930-94b1-40e7-8f68-af42014dad64,Primo 7.6-1 208-240 (1),,,7.6,parsed_from_inverter_name,8.78,,
fronius,2026-01-14,2ab95c68-1fa4-4006-85d8-f23561947d68,Teresa Loewen,c8c34930-94b1-40e7-8f68-af42014dad64,Primo 7.6-1 208-240 (1),,,7.6,parsed_from_inverter_name,11.37,,
fronius,2026-01-15,2ab95c68-1fa4-4006-85d8-f23561947d68,Teresa Loewen,c8c34930-94b1-40e7-8f68-af42014dad64,Primo 7.6-1 208-240 (1),,,7.6,parsed_from_inverter_name,5.74,,
fronius,2026-01-16,2ab95c68-1fa4-4006-85d8-f23561947d68,Teresa Loewen,c8c34930-94b1-40e7-8f68-af42014dad64,Primo 7.6-1 208-240 (1),,,7.6,parsed_from_inverter_name,12.31,,
fronius,2026-01-17,2ab95c68-1fa4-4006-85d8-f23561947d68,Teresa Loewen,c8c34930-94b1-40e7-8f68-af42014dad64,Primo 7.6-1 208-240 (1),,,7.6,parsed_from_inverter_name,8.39,,
fronius,2026-01-18,2ab95c68-1fa4-4006-85d8-f23561947d68,Teresa Loewen,c8c34930-94b1-40e7-8f68-af42014dad64,Primo 7.6-1 208-240 (1),,,7.6,parsed_from_inverter_name,5.22,,
fronius,2026-01-19,2ab95c68-1fa4-4006-85d8-f23561947d68,Teresa Loewen,c8c34930-94b1-40e7-8f68-af42014dad64,Primo 7.6-1 208-240 (1),,,7.6,parsed_from_inverter_name,10.31,,
fronius,2026-01-20,2ab95c68-1fa4-4006-85d8-f23561947d68,Teresa Loewen,c8c34930-94b1-40e7-8f68-af42014dad64,Primo 7.6-1 208-240 (1),,,7.6,parsed_from_inverter_name,8.79,,
fronius,2026-01-21,2ab95c68-1fa4-4006-85d8-f23561947d68,Teresa Loewen,c8c34930-94b1-40e7-8f68-af42014dad64,Primo 7.6-1 208-240 (1),,,7.6,parsed_from_inverter_name,11.17,,
fronius,2026-01-22,2ab95c68-1fa4-4006-85d8-f23561947d68,Teresa Loewen,c8c34930-94b1-40e7-8f68-af42014dad64,Primo 7.6-1 208-240 (1),,,7.6,parsed_from_inverter_name,3.23,,
fronius,2026-01-23,2ab95c68-1fa4-4006-85d8-f23561947d68,Teresa Loewen,c8c34930-94b1-40e7-8f68-af42014dad64,Primo 7.6-1 208-240 (1),,,7.6,parsed_from_inverter_name,4.18,,
fronius,2026-01-24,2ab95c68-1fa4-4006-85d8-f23561947d68,Teresa Loewen,c8c34930-94b1-40e7-8f68-af42014dad64,Primo 7.6-1 208-240 (1),,,7.6,parsed_from_inverter_name,0.25,,
fronius,2026-01-25,2ab95c68-1fa4-4006-85d8-f23561947d68,Teresa Loewen,c8c34930-94b1-40e7-8f68-af42014dad64,Primo 7.6-1 208-240 (1),,,7.6,parsed_from_inverter_name,0.58,,
fronius,2026-01-26,2ab95c68-1fa4-4006-85d8-f23561947d68,Teresa Loewen,c8c34930-94b1-40e7-8f68-af42014dad64,Primo 7.6-1 208-240 (1),,,7.6,parsed_from_inverter_name,0.42,,
fronius,2026-01-27,2ab95c68-1fa4-4006-85d8-f23561947d68,Teresa Loewen,c8c34930-94b1-40e7-8f68-af42014dad64,Primo 7.6-1 208-240 (1),,,7.6,parsed_from_inverter_name,6.87,,
fronius,2026-01-28,2ab95c68-1fa4-4006-85d8-f23561947d68,Teresa Loewen,c8c34930-94b1-40e7-8f68-af42014dad64,Primo 7.6-1 208-240 (1),,,7.6,parsed_from_inverter_name,9.28,,
fronius,2026-01-29,2ab95c68-1fa4-4006-85d8-f23561947d68,Teresa Loewen,c8c34930-94b1-40e7-8f68-af42014dad64,Primo 7.6-1 208-240 (1),,,7.6,parsed_from_inverter_name,14.81,,
fronius,2026-01-30,2ab95c68-1fa4-4006-85d8-f23561947d68,Teresa Loewen,c8c34930-94b1-40e7-8f68-af42014dad64,Primo 7.6-1 208-240 (1),,,7.6,parsed_from_inverter_name,7.71,,
fronius,2026-01-31,2ab95c68-1fa4-4006-85d8-f23561947d68,Teresa Loewen,c8c34930-94b1-40e7-8f68-af42014dad64,Primo 7.6-1 208-240 (1),,,7.6,parsed_from_inverter_name,11.77,,
fronius,2026-02-01,2ab95c68-1fa4-4006-85d8-f23561947d68,Teresa Loewen,c8c34930-94b1-40e7-8f68-af42014dad64,Primo 7.6-1 208-240 (1),,,7.6,parsed_from_inverter_name,12.18,,
fronius,2026-02-02,2ab95c68-1fa4-4006-85d8-f23561947d68,Teresa Loewen,c8c34930-94b1-40e7-8f68-af42014dad64,Primo 7.6-1 208-240 (1),,,7.6,parsed_from_inverter_name,11.42,,
fronius,2026-02-03,2ab95c68-1fa4-4006-85d8-f23561947d68,Teresa Loewen,c8c34930-94b1-40e7-8f68-af42014dad64,Primo 7.6-1 208-240 (1),,,7.6,parsed_from_inverter_name,14.48,,
fronius,2026-02-04,2ab95c68-1fa4-4006-85d8-f23561947d68,Teresa Loewen,c8c34930-94b1-40e7-8f68-af42014dad64,Primo 7.6-1 208-240 (1),,,7.6,parsed_from_inverter_name,9.24,,
fronius,2026-02-05,2ab95c68-1fa4-4006-85d8-f23561947d68,Teresa Loewen,c8c34930-94b1-40e7-8f68-af42014dad64,Primo 7.6-1 208-240 (1),,,7.6,parsed_from_inverter_name,14.18,,
fronius,2026-02-06,2ab95c68-1fa4-4006-85d8-f23561947d68,Teresa Loewen,c8c34930-94b1-40e7-8f68-af42014dad64,Primo 7.6-1 208-240 (1),,,7.6,parsed_from_inverter_name,14.43,,
fronius,2026-02-07,2ab95c68-1fa4-4006-85d8-f23561947d68,Teresa Loewen,c8c34930-94b1-40e7-8f68-af42014dad64,Primo 7.6-1 208-240 (1),,,7.6,parsed_from_inverter_name,12.63,,
fronius,2026-02-08,2ab95c68-1fa4-4006-85d8-f23561947d68,Teresa Loewen,c8c34930-94b1-40e7-8f68-af42014dad64,Primo 7.6-1 208-240 (1),,,7.6,parsed_from_inverter_name,10.38,,
fronius,2026-02-09,2ab95c68-1fa4-4006-85d8-f23561947d68,Teresa Loewen,c8c34930-94b1-40e7-8f68-af42014dad64,Primo 7.6-1 208-240 (1),,,7.6,parsed_from_inverter_name,16.4,,
fronius,2026-02-10,2ab95c68-1fa4-4006-85d8-f23561947d68,Teresa Loewen,c8c34930-94b1-40e7-8f68-af42014dad64,Primo 7.6-1 208-240 (1),,,7.6,parsed_from_inverter_name,17.67,,
fronius,2026-02-11,2ab95c68-1fa4-4006-85d8-f23561947d68,Teresa Loewen,c8c34930-94b1-40e7-8f68-af42014dad64,Primo 7.6-1 208-240 (1),,,7.6,parsed_from_inverter_name,17.45,,
fronius,2026-02-12,2ab95c68-1fa4-4006-85d8-f23561947d68,Teresa Loewen,c8c34930-94b1-40e7-8f68-af42014dad64,Primo 7.6-1 208-240 (1),,,7.6,parsed_from_inverter_name,12.37,,
fronius,2026-02-13,2ab95c68-1fa4-4006-85d8-f23561947d68,Teresa Loewen,c8c34930-94b1-40e7-8f68-af42014dad64,Primo 7.6-1 208-240 (1),,,7.6,parsed_from_inverter_name,9.09,,
fronius,2026-02-14,2ab95c68-1fa4-4006-85d8-f23561947d68,Teresa Loewen,c8c34930-94b1-40e7-8f68-af42014dad64,Primo 7.6-1 208-240 (1),,,7.6,parsed_from_inverter_name,17.21,,
fronius,2026-02-15,2ab95c68-1fa4-4006-85d8-f23561947d68,Teresa Loewen,c8c34930-94b1-40e7-8f68-af42014dad64,Primo 7.6-1 208-240 (1),,,7.6,parsed_from_inverter_name,19.42,,
fronius,2026-02-16,2ab95c68-1fa4-4006-85d8-f23561947d68,Teresa Loewen,c8c34930-94b1-40e7-8f68-af42014dad64,Primo 7.6-1 208-240 (1),,,7.6,parsed_from_inverter_name,11.41,,
fronius,2026-02-17,2ab95c68-1fa4-4006-85d8-f23561947d68,Teresa Loewen,c8c34930-94b1-40e7-8f68-af42014dad64,Primo 7.6-1 208-240 (1),,,7.6,parsed_from_inverter_name,2.72,,
fronius,2026-02-18,2ab95c68-1fa4-4006-85d8-f23561947d68,Teresa Loewen,c8c34930-94b1-40e7-8f68-af42014dad64,Primo 7.6-1 208-240 (1),,,7.6,parsed_from_inverter_name,3.19,,
fronius,2026-02-19,2ab95c68-1fa4-4006-85d8-f23561947d68,Teresa Loewen,c8c34930-94b1-40e7-8f68-af42014dad64,Primo 7.6-1 208-240 (1),,,7.6,parsed_from_inverter_name,2.85,,
fronius,2026-02-20,2ab95c68-1fa4-4006-85d8-f23561947d68,Teresa Loewen,c8c34930-94b1-40e7-8f68-af42014dad64,Primo 7.6-1 208-240 (1),,,7.6,parsed_from_inverter_name,1.51,,
fronius,2026-02-21,2ab95c68-1fa4-4006-85d8-f23561947d68,Teresa Loewen,c8c34930-94b1-40e7-8f68-af42014dad64,Primo 7.6-1 208-240 (1),,,7.6,parsed_from_inverter_name,2.87,,
fronius,2026-02-22,2ab95c68-1fa4-4006-85d8-f23561947d68,Teresa Loewen,c8c34930-94b1-40e7-8f68-af42014dad64,Primo 7.6-1 208-240 (1),,,7.6,parsed_from_inverter_name,7.98,,
fronius,2026-02-23,2ab95c68-1fa4-4006-85d8-f23561947d68,Teresa Loewen,c8c34930-94b1-40e7-8f68-af42014dad64,Primo 7.6-1 208-240 (1),,,7.6,parsed_from_inverter_name,13.02,,
fronius,2026-02-24,2ab95c68-1fa4-4006-85d8-f23561947d68,Teresa Loewen,c8c34930-94b1-40e7-8f68-af42014dad64,Primo 7.6-1 208-240 (1),,,7.6,parsed_from_inverter_name,22.95,,
fronius,2026-02-25,2ab95c68-1fa4-4006-85d8-f23561947d68,Teresa Loewen,c8c34930-94b1-40e7-8f68-af42014dad64,Primo 7.6-1 208-240 (1),,,7.6,parsed_from_inverter_name,9.51,,
fronius,2026-02-26,2ab95c68-1fa4-4006-85d8-f23561947d68,Teresa Loewen,c8c34930-94b1-40e7-8f68-af42014dad64,Primo 7.6-1 208-240 (1),,,7.6,parsed_from_inverter_name,22.24,,
fronius,2026-02-27,2ab95c68-1fa4-4006-85d8-f23561947d68,Teresa Loewen,c8c34930-94b1-40e7-8f68-af42014dad64,Primo 7.6-1 208-240 (1),,,7.6,parsed_from_inverter_name,8.26,,
fronius,2026-02-28,2ab95c68-1fa4-4006-85d8-f23561947d68,Teresa Loewen,c8c34930-94b1-40e7-8f68-af42014dad64,Primo 7.6-1 208-240 (1),,,7.6,parsed_from_inverter_name,8.91,,
fronius,2026-03-01,2ab95c68-1fa4-4006-85d8-f23561947d68,Teresa Loewen,c8c34930-94b1-40e7-8f68-af42014dad64,Primo 7.6-1 208-240 (1),,,7.6,parsed_from_inverter_name,26.06,,
fronius,2026-03-02,2ab95c68-1fa4-4006-85d8-f23561947d68,Teresa Loewen,c8c34930-94b1-40e7-8f68-af42014dad64,Primo 7.6-1 208-240 (1),,,7.6,parsed_from_inverter_name,27.84,,
fronius,2026-03-03,2ab95c68-1fa4-4006-85d8-f23561947d68,Teresa Loewen,c8c34930-94b1-40e7-8f68-af42014dad64,Primo 7.6-1 208-240 (1),,,7.6,parsed_from_inverter_name,20.12,,
fronius,2026-03-04,2ab95c68-1fa4-4006-85d8-f23561947d68,Teresa Loewen,c8c34930-94b1-40e7-8f68-af42014dad64,Primo 7.6-1 208-240 (1),,,7.6,parsed_from_inverter_name,9.59,,
fronius,2026-03-05,2ab95c68-1fa4-4006-85d8-f23561947d68,Teresa Loewen,c8c34930-94b1-40e7-8f68-af42014dad64,Primo 7.6-1 208-240 (1),,,7.6,parsed_from_inverter_name,23.87,,
fronius,2026-03-06,2ab95c68-1fa4-4006-85d8-f23561947d68,Teresa Loewen,c8c34930-94b1-40e7-8f68-af42014dad64,Primo 7.6-1 208-240 (1),,,7.6,parsed_from_inverter_name,28.86,,
fronius,2026-03-07,2ab95c68-1fa4-4006-85d8-f23561947d68,Teresa Loewen,c8c34930-94b1-40e7-8f68-af42014dad64,Primo 7.6-1 208-240 (1),,,7.6,parsed_from_inverter_name,27.96,,
fronius,2026-03-08,2ab95c68-1fa4-4006-85d8-f23561947d68,Teresa Loewen,c8c34930-94b1-40e7-8f68-af42014dad64,Primo 7.6-1 208-240 (1),,,7.6,parsed_from_inverter_name,8.54,,
fronius,2026-03-09,2ab95c68-1fa4-4006-85d8-f23561947d68,Teresa Loewen,c8c34930-94b1-40e7-8f68-af42014dad64,Primo 7.6-1 208-240 (1),,,7.6,parsed_from_inverter_name,5.06,,
fronius,2026-03-10,2ab95c68-1fa4-4006-85d8-f23561947d68,Teresa Loewen,c8c34930-94b1-40e7-8f68-af42014dad64,Primo 7.6-1 208-240 (1),,,7.6,parsed_from_inverter_name,22.24,,
fronius,2026-03-11,2ab95c68-1fa4-4006-85d8-f23561947d68,Teresa Loewen,c8c34930-94b1-40e7-8f68-af42014dad64,Primo 7.6-1 208-240 (1),,,7.6,parsed_from_inverter_name,32.05,,
fronius,2026-03-12,2ab95c68-1fa4-4006-85d8-f23561947d68,Teresa Loewen,c8c34930-94b1-40e7-8f68-af42014dad64,Primo 7.6-1 208-240 (1),,,7.6,parsed_from_inverter_name,10.59,,
fronius,2026-03-13,2ab95c68-1fa4-4006-85d8-f23561947d68,Teresa Loewen,c8c34930-94b1-40e7-8f68-af42014dad64,Primo 7.6-1 208-240 (1),,,7.6,parsed_from_inverter_name,6.55,,
fronius,2026-03-14,2ab95c68-1fa4-4006-85d8-f23561947d68,Teresa Loewen,c8c34930-94b1-40e7-8f68-af42014dad64,Primo 7.6-1 208-240 (1),,,7.6,parsed_from_inverter_name,4.18,,
fronius,2026-03-15,2ab95c68-1fa4-4006-85d8-f23561947d68,Teresa Loewen,c8c34930-94b1-40e7-8f68-af42014dad64,Primo 7.6-1 208-240 (1),,,7.6,parsed_from_inverter_name,18.61,,
fronius,2026-03-16,2ab95c68-1fa4-4006-85d8-f23561947d68,Teresa Loewen,c8c34930-94b1-40e7-8f68-af42014dad64,Primo 7.6-1 208-240 (1),,,7.6,parsed_from_inverter_name,12.13,,
fronius,2026-03-17,2ab95c68-1fa4-4006-85d8-f23561947d68,Teresa Loewen,c8c34930-94b1-40e7-8f68-af42014dad64,Primo 7.6-1 208-240 (1),,,7.6,parsed_from_inverter_name,8.56,,
fronius,2026-03-18,2ab95c68-1fa4-4006-85d8-f23561947d68,Teresa Loewen,c8c34930-94b1-40e7-8f68-af42014dad64,Primo 7.6-1 208-240 (1),,,7.6,parsed_from_inverter_name,9.74,,
fronius,2026-03-19,2ab95c68-1fa4-4006-85d8-f23561947d68,Teresa Loewen,c8c34930-94b1-40e7-8f68-af42014dad64,Primo 7.6-1 208-240 (1),,,7.6,parsed_from_inverter_name,14.84,,
fronius,2026-03-20,2ab95c68-1fa4-4006-85d8-f23561947d68,Teresa Loewen,c8c34930-94b1-40e7-8f68-af42014dad64,Primo 7.6-1 208-240 (1),,,7.6,parsed_from_inverter_name,30.23,,
fronius,2026-03-21,2ab95c68-1fa4-4006-85d8-f23561947d68,Teresa Loewen,c8c34930-94b1-40e7-8f68-af42014dad64,Primo 7.6-1 208-240 (1),,,7.6,parsed_from_inverter_name,7.93,,
fronius,2026-03-22,2ab95c68-1fa4-4006-85d8-f23561947d68,Teresa Loewen,c8c34930-94b1-40e7-8f68-af42014dad64,Primo 7.6-1 208-240 (1),,,7.6,parsed_from_inverter_name,37.64,,
fronius,2026-03-23,2ab95c68-1fa4-4006-85d8-f23561947d68,Teresa Loewen,c8c34930-94b1-40e7-8f68-af42014dad64,Primo 7.6-1 208-240 (1),,,7.6,parsed_from_inverter_name,38.25,,
fronius,2026-03-24,2ab95c68-1fa4-4006-85d8-f23561947d68,Teresa Loewen,c8c34930-94b1-40e7-8f68-af42014dad64,Primo 7.6-1 208-240 (1),,,7.6,parsed_from_inverter_name,15.24,,
fronius,2026-03-25,2ab95c68-1fa4-4006-85d8-f23561947d68,Teresa Loewen,c8c34930-94b1-40e7-8f68-af42014dad64,Primo 7.6-1 208-240 (1),,,7.6,parsed_from_inverter_name,39.15,,
fronius,2026-03-26,2ab95c68-1fa4-4006-85d8-f23561947d68,Teresa Loewen,c8c34930-94b1-40e7-8f68-af42014dad64,Primo 7.6-1 208-240 (1),,,7.6,parsed_from_inverter_name,16.27,,
fronius,2026-03-27,2ab95c68-1fa4-4006-85d8-f23561947d68,Teresa Loewen,c8c34930-94b1-40e7-8f68-af42014dad64,Primo 7.6-1 208-240 (1),,,7.6,parsed_from_inverter_name,39.02,,
fronius,2026-03-28,2ab95c68-1fa4-4006-85d8-f23561947d68,Teresa Loewen,c8c34930-94b1-40e7-8f68-af42014dad64,Primo 7.6-1 208-240 (1),,,7.6,parsed_from_inverter_name,39.94,,
fronius,2026-03-29,2ab95c68-1fa4-4006-85d8-f23561947d68,Teresa Loewen,c8c34930-94b1-40e7-8f68-af42014dad64,Primo 7.6-1 208-240 (1),,,7.6,parsed_from_inverter_name,21.31,,
fronius,2026-03-30,2ab95c68-1fa4-4006-85d8-f23561947d68,Teresa Loewen,c8c34930-94b1-40e7-8f68-af42014dad64,Primo 7.6-1 208-240 (1),,,7.6,parsed_from_inverter_name,11.68,,
fronius,2026-03-31,2ab95c68-1fa4-4006-85d8-f23561947d68,Teresa Loewen,c8c34930-94b1-40e7-8f68-af42014dad64,Primo 7.6-1 208-240 (1),,,7.6,parsed_from_inverter_name,36.7,,
fronius,2026-04-01,2ab95c68-1fa4-4006-85d8-f23561947d68,Teresa Loewen,c8c34930-94b1-40e7-8f68-af42014dad64,Primo 7.6-1 208-240 (1),,,7.6,parsed_from_inverter_name,28.9,,
fronius,2026-04-02,2ab95c68-1fa4-4006-85d8-f23561947d68,Teresa Loewen,c8c34930-94b1-40e7-8f68-af42014dad64,Primo 7.6-1 208-240 (1),,,7.6,parsed_from_inverter_name,4.24,,
fronius,2026-04-03,2ab95c68-1fa4-4006-85d8-f23561947d68,Teresa Loewen,c8c34930-94b1-40e7-8f68-af42014dad64,Primo 7.6-1 208-240 (1),,,7.6,parsed_from_inverter_name,20.09,,
fronius,2026-04-04,2ab95c68-1fa4-4006-85d8-f23561947d68,Teresa Loewen,c8c34930-94b1-40e7-8f68-af42014dad64,Primo 7.6-1 208-240 (1),,,7.6,parsed_from_inverter_name,35.19,,
fronius,2026-04-05,2ab95c68-1fa4-4006-85d8-f23561947d68,Teresa Loewen,c8c34930-94b1-40e7-8f68-af42014dad64,Primo 7.6-1 208-240 (1),,,7.6,parsed_from_inverter_name,24.41,,
fronius,2026-04-06,2ab95c68-1fa4-4006-85d8-f23561947d68,Teresa Loewen,c8c34930-94b1-40e7-8f68-af42014dad64,Primo 7.6-1 208-240 (1),,,7.6,parsed_from_inverter_name,39.52,,
fronius,2026-04-07,2ab95c68-1fa4-4006-85d8-f23561947d68,Teresa Loewen,c8c34930-94b1-40e7-8f68-af42014dad64,Primo 7.6-1 208-240 (1),,,7.6,parsed_from_inverter_name,6.2,,
fronius,2026-04-08,2ab95c68-1fa4-4006-85d8-f23561947d68,Teresa Loewen,c8c34930-94b1-40e7-8f68-af42014dad64,Primo 7.6-1 208-240 (1),,,7.6,parsed_from_inverter_name,39.55,,
fronius,2026-04-09,2ab95c68-1fa4-4006-85d8-f23561947d68,Teresa Loewen,c8c34930-94b1-40e7-8f68-af42014dad64,Primo 7.6-1 208-240 (1),,,7.6,parsed_from_inverter_name,39.11,,
fronius,2026-04-10,2ab95c68-1fa4-4006-85d8-f23561947d68,Teresa Loewen,c8c34930-94b1-40e7-8f68-af42014dad64,Primo 7.6-1 208-240 (1),,,7.6,parsed_from_inverter_name,46.37,,
fronius,2026-04-11,2ab95c68-1fa4-4006-85d8-f23561947d68,Teresa Loewen,c8c34930-94b1-40e7-8f68-af42014dad64,Primo 7.6-1 208-240 (1),,,7.6,parsed_from_inverter_name,24.42,,
fronius,2026-04-12,2ab95c68-1fa4-4006-85d8-f23561947d68,Teresa Loewen,c8c34930-94b1-40e7-8f68-af42014dad64,Primo 7.6-1 208-240 (1),,,7.6,parsed_from_inverter_name,6.39,,
fronius,2026-04-13,2ab95c68-1fa4-4006-85d8-f23561947d68,Teresa Loewen,c8c34930-94b1-40e7-8f68-af42014dad64,Primo 7.6-1 208-240 (1),,,7.6,parsed_from_inverter_name,36.73,,
fronius,2026-04-14,2ab95c68-1fa4-4006-85d8-f23561947d68,Teresa Loewen,c8c34930-94b1-40e7-8f68-af42014dad64,Primo 7.6-1 208-240 (1),,,7.6,parsed_from_inverter_name,32.2,,
fronius,2026-04-15,2ab95c68-1fa4-4006-85d8-f23561947d68,Teresa Loewen,c8c34930-94b1-40e7-8f68-af42014dad64,Primo 7.6-1 208-240 (1),,,7.6,parsed_from_inverter_name,25.7,,
fronius,2026-04-16,2ab95c68-1fa4-4006-85d8-f23561947d68,Teresa Loewen,c8c34930-94b1-40e7-8f68-af42014dad64,Primo 7.6-1 208-240 (1),,,7.6,parsed_from_inverter_name,12.7,,
fronius,2026-04-17,2ab95c68-1fa4-4006-85d8-f23561947d68,Teresa Loewen,c8c34930-94b1-40e7-8f68-af42014dad64,Primo 7.6-1 208-240 (1),,,7.6,parsed_from_inverter_name,41.56,,
fronius,2026-04-18,2ab95c68-1fa4-4006-85d8-f23561947d68,Teresa Loewen,c8c34930-94b1-40e7-8f68-af42014dad64,Primo 7.6-1 208-240 (1),,,7.6,parsed_from_inverter_name,49.63,,
fronius,2026-04-19,2ab95c68-1fa4-4006-85d8-f23561947d68,Teresa Loewen,c8c34930-94b1-40e7-8f68-af42014dad64,Primo 7.6-1 208-240 (1),,,7.6,parsed_from_inverter_name,48.57,,
fronius,2026-04-20,2ab95c68-1fa4-4006-85d8-f23561947d68,Teresa Loewen,c8c34930-94b1-40e7-8f68-af42014dad64,Primo 7.6-1 208-240 (1),,,7.6,parsed_from_inverter_name,45.76,,
fronius,2026-04-21,2ab95c68-1fa4-4006-85d8-f23561947d68,Teresa Loewen,c8c34930-94b1-40e7-8f68-af42014dad64,Primo 7.6-1 208-240 (1),,,7.6,parsed_from_inverter_name,48.17,,
fronius,2026-04-22,2ab95c68-1fa4-4006-85d8-f23561947d68,Teresa Loewen,c8c34930-94b1-40e7-8f68-af42014dad64,Primo 7.6-1 208-240 (1),,,7.6,parsed_from_inverter_name,21.59,,
fronius,2026-04-23,2ab95c68-1fa4-4006-85d8-f23561947d68,Teresa Loewen,c8c34930-94b1-40e7-8f68-af42014dad64,Primo 7.6-1 208-240 (1),,,7.6,parsed_from_inverter_name,34.08,,
fronius,2026-04-24,2ab95c68-1fa4-4006-85d8-f23561947d68,Teresa Loewen,c8c34930-94b1-40e7-8f68-af42014dad64,Primo 7.6-1 208-240 (1),,,7.6,parsed_from_inverter_name,18.39,,
fronius,2026-04-25,2ab95c68-1fa4-4006-85d8-f23561947d68,Teresa Loewen,c8c34930-94b1-40e7-8f68-af42014dad64,Primo 7.6-1 208-240 (1),,,7.6,parsed_from_inverter_name,20.89,,
fronius,2026-04-26,2ab95c68-1fa4-4006-85d8-f23561947d68,Teresa Loewen,c8c34930-94b1-40e7-8f68-af42014dad64,Primo 7.6-1 208-240 (1),,,7.6,parsed_from_inverter_name,15.59,,
fronius,2026-04-27,2ab95c68-1fa4-4006-85d8-f23561947d68,Teresa Loewen,c8c34930-94b1-40e7-8f68-af42014dad64,Primo 7.6-1 208-240 (1),,,7.6,parsed_from_inverter_name,49.42,,
fronius,2026-04-28,2ab95c68-1fa4-4006-85d8-f23561947d68,Teresa Loewen,c8c34930-94b1-40e7-8f68-af42014dad64,Primo 7.6-1 208-240 (1),,,7.6,parsed_from_inverter_name,41.74,,
fronius,2026-04-29,2ab95c68-1fa4-4006-85d8-f23561947d68,Teresa Loewen,c8c34930-94b1-40e7-8f68-af42014dad64,Primo 7.6-1 208-240 (1),,,7.6,parsed_from_inverter_name,44.59,,
fronius,2026-04-30,2ab95c68-1fa4-4006-85d8-f23561947d68,Teresa Loewen,c8c34930-94b1-40e7-8f68-af42014dad64,Primo 7.6-1 208-240 (1),,,7.6,parsed_from_inverter_name,52.37,,
fronius,2026-05-01,2ab95c68-1fa4-4006-85d8-f23561947d68,Teresa Loewen,c8c34930-94b1-40e7-8f68-af42014dad64,Primo 7.6-1 208-240 (1),,,7.6,parsed_from_inverter_name,49.56,,
fronius,2026-05-02,2ab95c68-1fa4-4006-85d8-f23561947d68,Teresa Loewen,c8c34930-94b1-40e7-8f68-af42014dad64,Primo 7.6-1 208-240 (1),,,7.6,parsed_from_inverter_name,37.29,,
fronius,2026-05-03,2ab95c68-1fa4-4006-85d8-f23561947d68,Teresa Loewen,c8c34930-94b1-40e7-8f68-af42014dad64,Primo 7.6-1 208-240 (1),,,7.6,parsed_from_inverter_name,50.22,,
fronius,2026-05-04,2ab95c68-1fa4-4006-85d8-f23561947d68,Teresa Loewen,c8c34930-94b1-40e7-8f68-af42014dad64,Primo 7.6-1 208-240 (1),,,7.6,parsed_from_inverter_name,36.46,,
fronius,2026-05-05,2ab95c68-1fa4-4006-85d8-f23561947d68,Teresa Loewen,c8c34930-94b1-40e7-8f68-af42014dad64,Primo 7.6-1 208-240 (1),,,7.6,parsed_from_inverter_name,43.01,,
fronius,2026-05-06,2ab95c68-1fa4-4006-85d8-f23561947d68,Teresa Loewen,c8c34930-94b1-40e7-8f68-af42014dad64,Primo 7.6-1 208-240 (1),,,7.6,parsed_from_inverter_name,45.57,,
fronius,2026-05-07,2ab95c68-1fa4-4006-85d8-f23561947d68,Teresa Loewen,c8c34930-94b1-40e7-8f68-af42014dad64,Primo 7.6-1 208-240 (1),,,7.6,parsed_from_inverter_name,37.96,,
fronius,2026-05-08,2ab95c68-1fa4-4006-85d8-f23561947d68,Teresa Loewen,c8c34930-94b1-40e7-8f68-af42014dad64,Primo 7.6-1 208-240 (1),,,7.6,parsed_from_inverter_name,48.14,,
fronius,2026-05-09,2ab95c68-1fa4-4006-85d8-f23561947d68,Teresa Loewen,c8c34930-94b1-40e7-8f68-af42014dad64,Primo 7.6-1 208-240 (1),,,7.6,parsed_from_inverter_name,43.13,,
fronius,2026-05-10,2ab95c68-1fa4-4006-85d8-f23561947d68,Teresa Loewen,c8c34930-94b1-40e7-8f68-af42014dad64,Primo 7.6-1 208-240 (1),,,7.6,parsed_from_inverter_name,37.3,,
fronius,2026-05-11,2ab95c68-1fa4-4006-85d8-f23561947d68,Teresa Loewen,c8c34930-94b1-40e7-8f68-af42014dad64,Primo 7.6-1 208-240 (1),,,7.6,parsed_from_inverter_name,48.09,,
fronius,2026-05-12,2ab95c68-1fa4-4006-85d8-f23561947d68,Teresa Loewen,c8c34930-94b1-40e7-8f68-af42014dad64,Primo 7.6-1 208-240 (1),,,7.6,parsed_from_inverter_name,48.77,,
fronius,2026-05-13,2ab95c68-1fa4-4006-85d8-f23561947d68,Teresa Loewen,c8c34930-94b1-40e7-8f68-af42014dad64,Primo 7.6-1 208-240 (1),,,7.6,parsed_from_inverter_name,17.74,,
fronius,2026-05-14,2ab95c68-1fa4-4006-85d8-f23561947d68,Teresa Loewen,c8c34930-94b1-40e7-8f68-af42014dad64,Primo 7.6-1 208-240 (1),,,7.6,parsed_from_inverter_name,30.52,,
