provider,date,site_id,site_name,inverter_id,inverter_name,inverter_serial,inverter_model,inverter_rated_kw,inverter_rating_source,daily_energy_kwh,sun_hours,revenue_amount
fronius,2024-05-01,d95b5e9d-f2d5-4950-85a9-909e52f727ba,Penner Farms - SE 27-8-13 (site 2),a9f3ac23-6f93-447b-9037-adff01636562,Symo 24.0-3 480 (2),,,24.0,parsed_from_inverter_name,80.42,,
fronius,2024-05-01,d95b5e9d-f2d5-4950-85a9-909e52f727ba,Penner Farms - SE 27-8-13 (site 2),b8a6c9fe-5838-42e7-9faa-adff01636559,Symo 24.0-3 480 (1),,,24.0,parsed_from_inverter_name,79.61,,
fronius,2024-05-01,d95b5e9d-f2d5-4950-85a9-909e52f727ba,Penner Farms - SE 27-8-13 (site 2),c3ec3bd8-8836-45bb-97b7-adff01636570,Symo 24.0-3 480 (3),,,24.0,parsed_from_inverter_name,81.09,,
fronius,2024-05-02,d95b5e9d-f2d5-4950-85a9-909e52f727ba,Penner Farms - SE 27-8-13 (site 2),a9f3ac23-6f93-447b-9037-adff01636562,Symo 24.0-3 480 (2),,,24.0,parsed_from_inverter_name,78.63,,
fronius,2024-05-02,d95b5e9d-f2d5-4950-85a9-909e52f727ba,Penner Farms - SE 27-8-13 (site 2),b8a6c9fe-5838-42e7-9faa-adff01636559,Symo 24.0-3 480 (1),,,24.0,parsed_from_inverter_name,78.11,,
fronius,2024-05-02,d95b5e9d-f2d5-4950-85a9-909e52f727ba,Penner Farms - SE 27-8-13 (site 2),c3ec3bd8-8836-45bb-97b7-adff01636570,Symo 24.0-3 480 (3),,,24.0,parsed_from_inverter_name,80.14,,
fronius,2024-05-03,d95b5e9d-f2d5-4950-85a9-909e52f727ba,Penner Farms - SE 27-8-13 (site 2),a9f3ac23-6f93-447b-9037-adff01636562,Symo 24.0-3 480 (2),,,24.0,parsed_from_inverter_name,162.18,,
fronius,2024-05-03,d95b5e9d-f2d5-4950-85a9-909e52f727ba,Penner Farms - SE 27-8-13 (site 2),b8a6c9fe-5838-42e7-9faa-adff01636559,Symo 24.0-3 480 (1),,,24.0,parsed_from_inverter_name,161.07,,
fronius,2024-05-03,d95b5e9d-f2d5-4950-85a9-909e52f727ba,Penner Farms - SE 27-8-13 (site 2),c3ec3bd8-8836-45bb-97b7-adff01636570,Symo 24.0-3 480 (3),,,24.0,parsed_from_inverter_name,103.33,,
fronius,2024-05-04,d95b5e9d-f2d5-4950-85a9-909e52f727ba,Penner Farms - SE 27-8-13 (site 2),a9f3ac23-6f93-447b-9037-adff01636562,Symo 24.0-3 480 (2),,,24.0,parsed_from_inverter_name,204.87,,
fronius,2024-05-04,d95b5e9d-f2d5-4950-85a9-909e52f727ba,Penner Farms - SE 27-8-13 (site 2),b8a6c9fe-5838-42e7-9faa-adff01636559,Symo 24.0-3 480 (1),,,24.0,parsed_from_inverter_name,202.89,,
fronius,2024-05-04,d95b5e9d-f2d5-4950-85a9-909e52f727ba,Penner Farms - SE 27-8-13 (site 2),c3ec3bd8-8836-45bb-97b7-adff01636570,Symo 24.0-3 480 (3),,,24.0,parsed_from_inverter_name,190.6,,
fronius,2024-05-05,d95b5e9d-f2d5-4950-85a9-909e52f727ba,Penner Farms - SE 27-8-13 (site 2),a9f3ac23-6f93-447b-9037-adff01636562,Symo 24.0-3 480 (2),,,24.0,parsed_from_inverter_name,102.63,,
fronius,2024-05-05,d95b5e9d-f2d5-4950-85a9-909e52f727ba,Penner Farms - SE 27-8-13 (site 2),b8a6c9fe-5838-42e7-9faa-adff01636559,Symo 24.0-3 480 (1),,,24.0,parsed_from_inverter_name,101.37,,
fronius,2024-05-05,d95b5e9d-f2d5-4950-85a9-909e52f727ba,Penner Farms - SE 27-8-13 (site 2),c3ec3bd8-8836-45bb-97b7-adff01636570,Symo 24.0-3 480 (3),,,24.0,parsed_from_inverter_name,103.56,,
fronius,2024-05-06,d95b5e9d-f2d5-4950-85a9-909e52f727ba,Penner Farms - SE 27-8-13 (site 2),a9f3ac23-6f93-447b-9037-adff01636562,Symo 24.0-3 480 (2),,,24.0,parsed_from_inverter_name,139.05,,
fronius,2024-05-06,d95b5e9d-f2d5-4950-85a9-909e52f727ba,Penner Farms - SE 27-8-13 (site 2),b8a6c9fe-5838-42e7-9faa-adff01636559,Symo 24.0-3 480 (1),,,24.0,parsed_from_inverter_name,138.24,,
fronius,2024-05-06,d95b5e9d-f2d5-4950-85a9-909e52f727ba,Penner Farms - SE 27-8-13 (site 2),c3ec3bd8-8836-45bb-97b7-adff01636570,Symo 24.0-3 480 (3),,,24.0,parsed_from_inverter_name,140.02,,
fronius,2024-05-07,d95b5e9d-f2d5-4950-85a9-909e52f727ba,Penner Farms - SE 27-8-13 (site 2),a9f3ac23-6f93-447b-9037-adff01636562,Symo 24.0-3 480 (2),,,24.0,parsed_from_inverter_name,19.66,,
fronius,2024-05-07,d95b5e9d-f2d5-4950-85a9-909e52f727ba,Penner Farms - SE 27-8-13 (site 2),b8a6c9fe-5838-42e7-9faa-adff01636559,Symo 24.0-3 480 (1),,,24.0,parsed_from_inverter_name,19.5,,
fronius,2024-05-07,d95b5e9d-f2d5-4950-85a9-909e52f727ba,Penner Farms - SE 27-8-13 (site 2),c3ec3bd8-8836-45bb-97b7-adff01636570,Symo 24.0-3 480 (3),,,24.0,parsed_from_inverter_name,19.78,,
fronius,2024-05-08,d95b5e9d-f2d5-4950-85a9-909e52f727ba,Penner Farms - SE 27-8-13 (site 2),a9f3ac23-6f93-447b-9037-adff01636562,Symo 24.0-3 480 (2),,,24.0,parsed_from_inverter_name,34.84,,
fronius,2024-05-08,d95b5e9d-f2d5-4950-85a9-909e52f727ba,Penner Farms - SE 27-8-13 (site 2),b8a6c9fe-5838-42e7-9faa-adff01636559,Symo 24.0-3 480 (1),,,24.0,parsed_from_inverter_name,34.41,,
fronius,2024-05-08,d95b5e9d-f2d5-4950-85a9-909e52f727ba,Penner Farms - SE 27-8-13 (site 2),c3ec3bd8-8836-45bb-97b7-adff01636570,Symo 24.0-3 480 (3),,,24.0,parsed_from_inverter_name,34.81,,
fronius,2024-05-09,d95b5e9d-f2d5-4950-85a9-909e52f727ba,Penner Farms - SE 27-8-13 (site 2),a9f3ac23-6f93-447b-9037-adff01636562,Symo 24.0-3 480 (2),,,24.0,parsed_from_inverter_name,213.69,,
fronius,2024-05-09,d95b5e9d-f2d5-4950-85a9-909e52f727ba,Penner Farms - SE 27-8-13 (site 2),b8a6c9fe-5838-42e7-9faa-adff01636559,Symo 24.0-3 480 (1),,,24.0,parsed_from_inverter_name,213.16,,
fronius,2024-05-09,d95b5e9d-f2d5-4950-85a9-909e52f727ba,Penner Farms - SE 27-8-13 (site 2),c3ec3bd8-8836-45bb-97b7-adff01636570,Symo 24.0-3 480 (3),,,24.0,parsed_from_inverter_name,213.78,,
fronius,2024-05-10,d95b5e9d-f2d5-4950-85a9-909e52f727ba,Penner Farms - SE 27-8-13 (site 2),a9f3ac23-6f93-447b-9037-adff01636562,Symo 24.0-3 480 (2),,,24.0,parsed_from_inverter_name,210.25,,
fronius,2024-05-10,d95b5e9d-f2d5-4950-85a9-909e52f727ba,Penner Farms - SE 27-8-13 (site 2),b8a6c9fe-5838-42e7-9faa-adff01636559,Symo 24.0-3 480 (1),,,24.0,parsed_from_inverter_name,209.39,,
fronius,2024-05-10,d95b5e9d-f2d5-4950-85a9-909e52f727ba,Penner Farms - SE 27-8-13 (site 2),c3ec3bd8-8836-45bb-97b7-adff01636570,Symo 24.0-3 480 (3),,,24.0,parsed_from_inverter_name,200.73,,
fronius,2024-05-11,d95b5e9d-f2d5-4950-85a9-909e52f727ba,Penner Farms - SE 27-8-13 (site 2),a9f3ac23-6f93-447b-9037-adff01636562,Symo 24.0-3 480 (2),,,24.0,parsed_from_inverter_name,202.4,,
fronius,2024-05-11,d95b5e9d-f2d5-4950-85a9-909e52f727ba,Penner Farms - SE 27-8-13 (site 2),b8a6c9fe-5838-42e7-9faa-adff01636559,Symo 24.0-3 480 (1),,,24.0,parsed_from_inverter_name,201.52,,
fronius,2024-05-11,d95b5e9d-f2d5-4950-85a9-909e52f727ba,Penner Farms - SE 27-8-13 (site 2),c3ec3bd8-8836-45bb-97b7-adff01636570,Symo 24.0-3 480 (3),,,24.0,parsed_from_inverter_name,94.78,,
fronius,2024-05-12,d95b5e9d-f2d5-4950-85a9-909e52f727ba,Penner Farms - SE 27-8-13 (site 2),a9f3ac23-6f93-447b-9037-adff01636562,Symo 24.0-3 480 (2),,,24.0,parsed_from_inverter_name,189.46,,
fronius,2024-05-12,d95b5e9d-f2d5-4950-85a9-909e52f727ba,Penner Farms - SE 27-8-13 (site 2),b8a6c9fe-5838-42e7-9faa-adff01636559,Symo 24.0-3 480 (1),,,24.0,parsed_from_inverter_name,187.35,,
fronius,2024-05-12,d95b5e9d-f2d5-4950-85a9-909e52f727ba,Penner Farms - SE 27-8-13 (site 2),c3ec3bd8-8836-45bb-97b7-adff01636570,Symo 24.0-3 480 (3),,,24.0,parsed_from_inverter_name,189.82,,
fronius,2024-05-13,d95b5e9d-f2d5-4950-85a9-909e52f727ba,Penner Farms - SE 27-8-13 (site 2),a9f3ac23-6f93-447b-9037-adff01636562,Symo 24.0-3 480 (2),,,24.0,parsed_from_inverter_name,145.44,,
fronius,2024-05-13,d95b5e9d-f2d5-4950-85a9-909e52f727ba,Penner Farms - SE 27-8-13 (site 2),b8a6c9fe-5838-42e7-9faa-adff01636559,Symo 24.0-3 480 (1),,,24.0,parsed_from_inverter_name,143.2,,
fronius,2024-05-13,d95b5e9d-f2d5-4950-85a9-909e52f727ba,Penner Farms - SE 27-8-13 (site 2),c3ec3bd8-8836-45bb-97b7-adff01636570,Symo 24.0-3 480 (3),,,24.0,parsed_from_inverter_name,139.35,,
fronius,2024-05-14,d95b5e9d-f2d5-4950-85a9-909e52f727ba,Penner Farms - SE 27-8-13 (site 2),a9f3ac23-6f93-447b-9037-adff01636562,Symo 24.0-3 480 (2),,,24.0,parsed_from_inverter_name,162.59,,
fronius,2024-05-14,d95b5e9d-f2d5-4950-85a9-909e52f727ba,Penner Farms - SE 27-8-13 (site 2),b8a6c9fe-5838-42e7-9faa-adff01636559,Symo 24.0-3 480 (1),,,24.0,parsed_from_inverter_name,160.92,,
fronius,2024-05-14,d95b5e9d-f2d5-4950-85a9-909e52f727ba,Penner Farms - SE 27-8-13 (site 2),c3ec3bd8-8836-45bb-97b7-adff01636570,Symo 24.0-3 480 (3),,,24.0,parsed_from_inverter_name,156.38,,
fronius,2024-05-15,d95b5e9d-f2d5-4950-85a9-909e52f727ba,Penner Farms - SE 27-8-13 (site 2),a9f3ac23-6f93-447b-9037-adff01636562,Symo 24.0-3 480 (2),,,24.0,parsed_from_inverter_name,182.05,,
fronius,2024-05-15,d95b5e9d-f2d5-4950-85a9-909e52f727ba,Penner Farms - SE 27-8-13 (site 2),b8a6c9fe-5838-42e7-9faa-adff01636559,Symo 24.0-3 480 (1),,,24.0,parsed_from_inverter_name,180.19,,
fronius,2024-05-15,d95b5e9d-f2d5-4950-85a9-909e52f727ba,Penner Farms - SE 27-8-13 (site 2),c3ec3bd8-8836-45bb-97b7-adff01636570,Symo 24.0-3 480 (3),,,24.0,parsed_from_inverter_name,182.23,,
fronius,2024-05-16,d95b5e9d-f2d5-4950-85a9-909e52f727ba,Penner Farms - SE 27-8-13 (site 2),a9f3ac23-6f93-447b-9037-adff01636562,Symo 24.0-3 480 (2),,,24.0,parsed_from_inverter_name,158.72,,
fronius,2024-05-16,d95b5e9d-f2d5-4950-85a9-909e52f727ba,Penner Farms - SE 27-8-13 (site 2),b8a6c9fe-5838-42e7-9faa-adff01636559,Symo 24.0-3 480 (1),,,24.0,parsed_from_inverter_name,157.2,,
fronius,2024-05-16,d95b5e9d-f2d5-4950-85a9-909e52f727ba,Penner Farms - SE 27-8-13 (site 2),c3ec3bd8-8836-45bb-97b7-adff01636570,Symo 24.0-3 480 (3),,,24.0,parsed_from_inverter_name,139.33,,
fronius,2024-05-18,d95b5e9d-f2d5-4950-85a9-909e52f727ba,Penner Farms - SE 27-8-13 (site 2),a9f3ac23-6f93-447b-9037-adff01636562,Symo 24.0-3 480 (2),,,24.0,parsed_from_inverter_name,168.69,,
fronius,2024-05-18,d95b5e9d-f2d5-4950-85a9-909e52f727ba,Penner Farms - SE 27-8-13 (site 2),b8a6c9fe-5838-42e7-9faa-adff01636559,Symo 24.0-3 480 (1),,,24.0,parsed_from_inverter_name,167.65,,
fronius,2024-05-18,d95b5e9d-f2d5-4950-85a9-909e52f727ba,Penner Farms - SE 27-8-13 (site 2),c3ec3bd8-8836-45bb-97b7-adff01636570,Symo 24.0-3 480 (3),,,24.0,parsed_from_inverter_name,147.24,,
fronius,2024-05-19,d95b5e9d-f2d5-4950-85a9-909e52f727ba,Penner Farms - SE 27-8-13 (site 2),a9f3ac23-6f93-447b-9037-adff01636562,Symo 24.0-3 480 (2),,,24.0,parsed_from_inverter_name,141.18,,
fronius,2024-05-19,d95b5e9d-f2d5-4950-85a9-909e52f727ba,Penner Farms - SE 27-8-13 (site 2),b8a6c9fe-5838-42e7-9faa-adff01636559,Symo 24.0-3 480 (1),,,24.0,parsed_from_inverter_name,140.35,,
fronius,2024-05-19,d95b5e9d-f2d5-4950-85a9-909e52f727ba,Penner Farms - SE 27-8-13 (site 2),c3ec3bd8-8836-45bb-97b7-adff01636570,Symo 24.0-3 480 (3),,,24.0,parsed_from_inverter_name,130.13,,
fronius,2024-05-20,d95b5e9d-f2d5-4950-85a9-909e52f727ba,Penner Farms - SE 27-8-13 (site 2),a9f3ac23-6f93-447b-9037-adff01636562,Symo 24.0-3 480 (2),,,24.0,parsed_from_inverter_name,130.85,,
fronius,2024-05-20,d95b5e9d-f2d5-4950-85a9-909e52f727ba,Penner Farms - SE 27-8-13 (site 2),b8a6c9fe-5838-42e7-9faa-adff01636559,Symo 24.0-3 480 (1),,,24.0,parsed_from_inverter_name,129.62,,
fronius,2024-05-20,d95b5e9d-f2d5-4950-85a9-909e52f727ba,Penner Farms - SE 27-8-13 (site 2),c3ec3bd8-8836-45bb-97b7-adff01636570,Symo 24.0-3 480 (3),,,24.0,parsed_from_inverter_name,128.92,,
fronius,2024-05-21,d95b5e9d-f2d5-4950-85a9-909e52f727ba,Penner Farms - SE 27-8-13 (site 2),a9f3ac23-6f93-447b-9037-adff01636562,Symo 24.0-3 480 (2),,,24.0,parsed_from_inverter_name,155.94,,
fronius,2024-05-21,d95b5e9d-f2d5-4950-85a9-909e52f727ba,Penner Farms - SE 27-8-13 (site 2),b8a6c9fe-5838-42e7-9faa-adff01636559,Symo 24.0-3 480 (1),,,24.0,parsed_from_inverter_name,154.79,,
fronius,2024-05-21,d95b5e9d-f2d5-4950-85a9-909e52f727ba,Penner Farms - SE 27-8-13 (site 2),c3ec3bd8-8836-45bb-97b7-adff01636570,Symo 24.0-3 480 (3),,,24.0,parsed_from_inverter_name,143.92,,
fronius,2024-05-22,d95b5e9d-f2d5-4950-85a9-909e52f727ba,Penner Farms - SE 27-8-13 (site 2),a9f3ac23-6f93-447b-9037-adff01636562,Symo 24.0-3 480 (2),,,24.0,parsed_from_inverter_name,111.27,,
fronius,2024-05-22,d95b5e9d-f2d5-4950-85a9-909e52f727ba,Penner Farms - SE 27-8-13 (site 2),b8a6c9fe-5838-42e7-9faa-adff01636559,Symo 24.0-3 480 (1),,,24.0,parsed_from_inverter_name,109.99,,
fronius,2024-05-22,d95b5e9d-f2d5-4950-85a9-909e52f727ba,Penner Farms - SE 27-8-13 (site 2),c3ec3bd8-8836-45bb-97b7-adff01636570,Symo 24.0-3 480 (3),,,24.0,parsed_from_inverter_name,112.0,,
fronius,2024-05-23,d95b5e9d-f2d5-4950-85a9-909e52f727ba,Penner Farms - SE 27-8-13 (site 2),a9f3ac23-6f93-447b-9037-adff01636562,Symo 24.0-3 480 (2),,,24.0,parsed_from_inverter_name,141.14,,
fronius,2024-05-23,d95b5e9d-f2d5-4950-85a9-909e52f727ba,Penner Farms - SE 27-8-13 (site 2),b8a6c9fe-5838-42e7-9faa-adff01636559,Symo 24.0-3 480 (1),,,24.0,parsed_from_inverter_name,140.29,,
fronius,2024-05-23,d95b5e9d-f2d5-4950-85a9-909e52f727ba,Penner Farms - SE 27-8-13 (site 2),c3ec3bd8-8836-45bb-97b7-adff01636570,Symo 24.0-3 480 (3),,,24.0,parsed_from_inverter_name,142.3,,
fronius,2024-05-24,d95b5e9d-f2d5-4950-85a9-909e52f727ba,Penner Farms - SE 27-8-13 (site 2),a9f3ac23-6f93-447b-9037-adff01636562,Symo 24.0-3 480 (2),,,24.0,parsed_from_inverter_name,172.98,,
fronius,2024-05-24,d95b5e9d-f2d5-4950-85a9-909e52f727ba,Penner Farms - SE 27-8-13 (site 2),b8a6c9fe-5838-42e7-9faa-adff01636559,Symo 24.0-3 480 (1),,,24.0,parsed_from_inverter_name,172.17,,
fronius,2024-05-24,d95b5e9d-f2d5-4950-85a9-909e52f727ba,Penner Farms - SE 27-8-13 (site 2),c3ec3bd8-8836-45bb-97b7-adff01636570,Symo 24.0-3 480 (3),,,24.0,parsed_from_inverter_name,152.42,,
fronius,2024-05-25,d95b5e9d-f2d5-4950-85a9-909e52f727ba,Penner Farms - SE 27-8-13 (site 2),a9f3ac23-6f93-447b-9037-adff01636562,Symo 24.0-3 480 (2),,,24.0,parsed_from_inverter_name,155.46,,
fronius,2024-05-25,d95b5e9d-f2d5-4950-85a9-909e52f727ba,Penner Farms - SE 27-8-13 (site 2),b8a6c9fe-5838-42e7-9faa-adff01636559,Symo 24.0-3 480 (1),,,24.0,parsed_from_inverter_name,154.29,,
fronius,2024-05-25,d95b5e9d-f2d5-4950-85a9-909e52f727ba,Penner Farms - SE 27-8-13 (site 2),c3ec3bd8-8836-45bb-97b7-adff01636570,Symo 24.0-3 480 (3),,,24.0,parsed_from_inverter_name,156.81,,
fronius,2024-05-26,d95b5e9d-f2d5-4950-85a9-909e52f727ba,Penner Farms - SE 27-8-13 (site 2),a9f3ac23-6f93-447b-9037-adff01636562,Symo 24.0-3 480 (2),,,24.0,parsed_from_inverter_name,141.79,,
fronius,2024-05-26,d95b5e9d-f2d5-4950-85a9-909e52f727ba,Penner Farms - SE 27-8-13 (site 2),b8a6c9fe-5838-42e7-9faa-adff01636559,Symo 24.0-3 480 (1),,,24.0,parsed_from_inverter_name,140.96,,
fronius,2024-05-26,d95b5e9d-f2d5-4950-85a9-909e52f727ba,Penner Farms - SE 27-8-13 (site 2),c3ec3bd8-8836-45bb-97b7-adff01636570,Symo 24.0-3 480 (3),,,24.0,parsed_from_inverter_name,141.56,,
fronius,2024-05-27,d95b5e9d-f2d5-4950-85a9-909e52f727ba,Penner Farms - SE 27-8-13 (site 2),a9f3ac23-6f93-447b-9037-adff01636562,Symo 24.0-3 480 (2),,,24.0,parsed_from_inverter_name,215.25,,
fronius,2024-05-27,d95b5e9d-f2d5-4950-85a9-909e52f727ba,Penner Farms - SE 27-8-13 (site 2),b8a6c9fe-5838-42e7-9faa-adff01636559,Symo 24.0-3 480 (1),,,24.0,parsed_from_inverter_name,214.81,,
fronius,2024-05-27,d95b5e9d-f2d5-4950-85a9-909e52f727ba,Penner Farms - SE 27-8-13 (site 2),c3ec3bd8-8836-45bb-97b7-adff01636570,Symo 24.0-3 480 (3),,,24.0,parsed_from_inverter_name,216.36,,
fronius,2024-05-28,d95b5e9d-f2d5-4950-85a9-909e52f727ba,Penner Farms - SE 27-8-13 (site 2),a9f3ac23-6f93-447b-9037-adff01636562,Symo 24.0-3 480 (2),,,24.0,parsed_from_inverter_name,204.3,,
fronius,2024-05-28,d95b5e9d-f2d5-4950-85a9-909e52f727ba,Penner Farms - SE 27-8-13 (site 2),b8a6c9fe-5838-42e7-9faa-adff01636559,Symo 24.0-3 480 (1),,,24.0,parsed_from_inverter_name,203.01,,
fronius,2024-05-28,d95b5e9d-f2d5-4950-85a9-909e52f727ba,Penner Farms - SE 27-8-13 (site 2),c3ec3bd8-8836-45bb-97b7-adff01636570,Symo 24.0-3 480 (3),,,24.0,parsed_from_inverter_name,205.55,,
fronius,2024-05-29,d95b5e9d-f2d5-4950-85a9-909e52f727ba,Penner Farms - SE 27-8-13 (site 2),a9f3ac23-6f93-447b-9037-adff01636562,Symo 24.0-3 480 (2),,,24.0,parsed_from_inverter_name,205.46,,
fronius,2024-05-29,d95b5e9d-f2d5-4950-85a9-909e52f727ba,Penner Farms - SE 27-8-13 (site 2),b8a6c9fe-5838-42e7-9faa-adff01636559,Symo 24.0-3 480 (1),,,24.0,parsed_from_inverter_name,204.73,,
fronius,2024-05-29,d95b5e9d-f2d5-4950-85a9-909e52f727ba,Penner Farms - SE 27-8-13 (site 2),c3ec3bd8-8836-45bb-97b7-adff01636570,Symo 24.0-3 480 (3),,,24.0,parsed_from_inverter_name,206.09,,
fronius,2024-05-30,d95b5e9d-f2d5-4950-85a9-909e52f727ba,Penner Farms - SE 27-8-13 (site 2),a9f3ac23-6f93-447b-9037-adff01636562,Symo 24.0-3 480 (2),,,24.0,parsed_from_inverter_name,115.36,,
fronius,2024-05-30,d95b5e9d-f2d5-4950-85a9-909e52f727ba,Penner Farms - SE 27-8-13 (site 2),b8a6c9fe-5838-42e7-9faa-adff01636559,Symo 24.0-3 480 (1),,,24.0,parsed_from_inverter_name,114.71,,
fronius,2024-05-30,d95b5e9d-f2d5-4950-85a9-909e52f727ba,Penner Farms - SE 27-8-13 (site 2),c3ec3bd8-8836-45bb-97b7-adff01636570,Symo 24.0-3 480 (3),,,24.0,parsed_from_inverter_name,115.76,,
fronius,2024-05-31,d95b5e9d-f2d5-4950-85a9-909e52f727ba,Penner Farms - SE 27-8-13 (site 2),a9f3ac23-6f93-447b-9037-adff01636562,Symo 24.0-3 480 (2),,,24.0,parsed_from_inverter_name,170.15,,
fronius,2024-05-31,d95b5e9d-f2d5-4950-85a9-909e52f727ba,Penner Farms - SE 27-8-13 (site 2),b8a6c9fe-5838-42e7-9faa-adff01636559,Symo 24.0-3 480 (1),,,24.0,parsed_from_inverter_name,169.25,,
fronius,2024-05-31,d95b5e9d-f2d5-4950-85a9-909e52f727ba,Penner Farms - SE 27-8-13 (site 2),c3ec3bd8-8836-45bb-97b7-adff01636570,Symo 24.0-3 480 (3),,,24.0,parsed_from_inverter_name,171.32,,
fronius,2024-06-01,d95b5e9d-f2d5-4950-85a9-909e52f727ba,Penner Farms - SE 27-8-13 (site 2),a9f3ac23-6f93-447b-9037-adff01636562,Symo 24.0-3 480 (2),,,24.0,parsed_from_inverter_name,177.55,,
fronius,2024-06-01,d95b5e9d-f2d5-4950-85a9-909e52f727ba,Penner Farms - SE 27-8-13 (site 2),b8a6c9fe-5838-42e7-9faa-adff01636559,Symo 24.0-3 480 (1),,,24.0,parsed_from_inverter_name,177.22,,
fronius,2024-06-01,d95b5e9d-f2d5-4950-85a9-909e52f727ba,Penner Farms - SE 27-8-13 (site 2),c3ec3bd8-8836-45bb-97b7-adff01636570,Symo 24.0-3 480 (3),,,24.0,parsed_from_inverter_name,178.83,,
fronius,2024-06-02,d95b5e9d-f2d5-4950-85a9-909e52f727ba,Penner Farms - SE 27-8-13 (site 2),a9f3ac23-6f93-447b-9037-adff01636562,Symo 24.0-3 480 (2),,,24.0,parsed_from_inverter_name,197.34,,
fronius,2024-06-02,d95b5e9d-f2d5-4950-85a9-909e52f727ba,Penner Farms - SE 27-8-13 (site 2),b8a6c9fe-5838-42e7-9faa-adff01636559,Symo 24.0-3 480 (1),,,24.0,parsed_from_inverter_name,196.88,,
fronius,2024-06-02,d95b5e9d-f2d5-4950-85a9-909e52f727ba,Penner Farms - SE 27-8-13 (site 2),c3ec3bd8-8836-45bb-97b7-adff01636570,Symo 24.0-3 480 (3),,,24.0,parsed_from_inverter_name,160.09,,
fronius,2024-06-03,d95b5e9d-f2d5-4950-85a9-909e52f727ba,Penner Farms - SE 27-8-13 (site 2),a9f3ac23-6f93-447b-9037-adff01636562,Symo 24.0-3 480 (2),,,24.0,parsed_from_inverter_name,125.25,,
fronius,2024-06-03,d95b5e9d-f2d5-4950-85a9-909e52f727ba,Penner Farms - SE 27-8-13 (site 2),b8a6c9fe-5838-42e7-9faa-adff01636559,Symo 24.0-3 480 (1),,,24.0,parsed_from_inverter_name,123.86,,
fronius,2024-06-03,d95b5e9d-f2d5-4950-85a9-909e52f727ba,Penner Farms - SE 27-8-13 (site 2),c3ec3bd8-8836-45bb-97b7-adff01636570,Symo 24.0-3 480 (3),,,24.0,parsed_from_inverter_name,126.22,,
fronius,2024-06-04,d95b5e9d-f2d5-4950-85a9-909e52f727ba,Penner Farms - SE 27-8-13 (site 2),a9f3ac23-6f93-447b-9037-adff01636562,Symo 24.0-3 480 (2),,,24.0,parsed_from_inverter_name,219.21,,
fronius,2024-06-04,d95b5e9d-f2d5-4950-85a9-909e52f727ba,Penner Farms - SE 27-8-13 (site 2),b8a6c9fe-5838-42e7-9faa-adff01636559,Symo 24.0-3 480 (1),,,24.0,parsed_from_inverter_name,218.93,,
fronius,2024-06-04,d95b5e9d-f2d5-4950-85a9-909e52f727ba,Penner Farms - SE 27-8-13 (site 2),c3ec3bd8-8836-45bb-97b7-adff01636570,Symo 24.0-3 480 (3),,,24.0,parsed_from_inverter_name,220.46,,
fronius,2024-06-05,d95b5e9d-f2d5-4950-85a9-909e52f727ba,Penner Farms - SE 27-8-13 (site 2),a9f3ac23-6f93-447b-9037-adff01636562,Symo 24.0-3 480 (2),,,24.0,parsed_from_inverter_name,205.63,,
fronius,2024-06-05,d95b5e9d-f2d5-4950-85a9-909e52f727ba,Penner Farms - SE 27-8-13 (site 2),b8a6c9fe-5838-42e7-9faa-adff01636559,Symo 24.0-3 480 (1),,,24.0,parsed_from_inverter_name,204.68,,
fronius,2024-06-05,d95b5e9d-f2d5-4950-85a9-909e52f727ba,Penner Farms - SE 27-8-13 (site 2),c3ec3bd8-8836-45bb-97b7-adff01636570,Symo 24.0-3 480 (3),,,24.0,parsed_from_inverter_name,206.89,,
fronius,2024-06-06,d95b5e9d-f2d5-4950-85a9-909e52f727ba,Penner Farms - SE 27-8-13 (site 2),a9f3ac23-6f93-447b-9037-adff01636562,Symo 24.0-3 480 (2),,,24.0,parsed_from_inverter_name,209.91,,
fronius,2024-06-06,d95b5e9d-f2d5-4950-85a9-909e52f727ba,Penner Farms - SE 27-8-13 (site 2),b8a6c9fe-5838-42e7-9faa-adff01636559,Symo 24.0-3 480 (1),,,24.0,parsed_from_inverter_name,208.49,,
fronius,2024-06-06,d95b5e9d-f2d5-4950-85a9-909e52f727ba,Penner Farms - SE 27-8-13 (site 2),c3ec3bd8-8836-45bb-97b7-adff01636570,Symo 24.0-3 480 (3),,,24.0,parsed_from_inverter_name,211.46,,
fronius,2024-06-07,d95b5e9d-f2d5-4950-85a9-909e52f727ba,Penner Farms - SE 27-8-13 (site 2),a9f3ac23-6f93-447b-9037-adff01636562,Symo 24.0-3 480 (2),,,24.0,parsed_from_inverter_name,187.17,,
fronius,2024-06-07,d95b5e9d-f2d5-4950-85a9-909e52f727ba,Penner Farms - SE 27-8-13 (site 2),b8a6c9fe-5838-42e7-9faa-adff01636559,Symo 24.0-3 480 (1),,,24.0,parsed_from_inverter_name,185.71,,
fronius,2024-06-07,d95b5e9d-f2d5-4950-85a9-909e52f727ba,Penner Farms - SE 27-8-13 (site 2),c3ec3bd8-8836-45bb-97b7-adff01636570,Symo 24.0-3 480 (3),,,24.0,parsed_from_inverter_name,187.61,,
fronius,2024-06-08,d95b5e9d-f2d5-4950-85a9-909e52f727ba,Penner Farms - SE 27-8-13 (site 2),a9f3ac23-6f93-447b-9037-adff01636562,Symo 24.0-3 480 (2),,,24.0,parsed_from_inverter_name,141.63,,
fronius,2024-06-08,d95b5e9d-f2d5-4950-85a9-909e52f727ba,Penner Farms - SE 27-8-13 (site 2),b8a6c9fe-5838-42e7-9faa-adff01636559,Symo 24.0-3 480 (1),,,24.0,parsed_from_inverter_name,139.59,,
fronius,2024-06-08,d95b5e9d-f2d5-4950-85a9-909e52f727ba,Penner Farms - SE 27-8-13 (site 2),c3ec3bd8-8836-45bb-97b7-adff01636570,Symo 24.0-3 480 (3),,,24.0,parsed_from_inverter_name,142.42,,
fronius,2024-06-09,d95b5e9d-f2d5-4950-85a9-909e52f727ba,Penner Farms - SE 27-8-13 (site 2),a9f3ac23-6f93-447b-9037-adff01636562,Symo 24.0-3 480 (2),,,24.0,parsed_from_inverter_name,213.68,,
fronius,2024-06-09,d95b5e9d-f2d5-4950-85a9-909e52f727ba,Penner Farms - SE 27-8-13 (site 2),b8a6c9fe-5838-42e7-9faa-adff01636559,Symo 24.0-3 480 (1),,,24.0,parsed_from_inverter_name,210.55,,
fronius,2024-06-09,d95b5e9d-f2d5-4950-85a9-909e52f727ba,Penner Farms - SE 27-8-13 (site 2),c3ec3bd8-8836-45bb-97b7-adff01636570,Symo 24.0-3 480 (3),,,24.0,parsed_from_inverter_name,214.82,,
fronius,2024-06-10,d95b5e9d-f2d5-4950-85a9-909e52f727ba,Penner Farms - SE 27-8-13 (site 2),a9f3ac23-6f93-447b-9037-adff01636562,Symo 24.0-3 480 (2),,,24.0,parsed_from_inverter_name,6.15,,
fronius,2024-06-10,d95b5e9d-f2d5-4950-85a9-909e52f727ba,Penner Farms - SE 27-8-13 (site 2),b8a6c9fe-5838-42e7-9faa-adff01636559,Symo 24.0-3 480 (1),,,24.0,parsed_from_inverter_name,6.08,,
fronius,2024-06-10,d95b5e9d-f2d5-4950-85a9-909e52f727ba,Penner Farms - SE 27-8-13 (site 2),c3ec3bd8-8836-45bb-97b7-adff01636570,Symo 24.0-3 480 (3),,,24.0,parsed_from_inverter_name,6.24,,
fronius,2024-06-11,d95b5e9d-f2d5-4950-85a9-909e52f727ba,Penner Farms - SE 27-8-13 (site 2),a9f3ac23-6f93-447b-9037-adff01636562,Symo 24.0-3 480 (2),,,24.0,parsed_from_inverter_name,206.77,,
fronius,2024-06-11,d95b5e9d-f2d5-4950-85a9-909e52f727ba,Penner Farms - SE 27-8-13 (site 2),b8a6c9fe-5838-42e7-9faa-adff01636559,Symo 24.0-3 480 (1),,,24.0,parsed_from_inverter_name,206.1,,
fronius,2024-06-11,d95b5e9d-f2d5-4950-85a9-909e52f727ba,Penner Farms - SE 27-8-13 (site 2),c3ec3bd8-8836-45bb-97b7-adff01636570,Symo 24.0-3 480 (3),,,24.0,parsed_from_inverter_name,208.05,,
fronius,2024-06-12,d95b5e9d-f2d5-4950-85a9-909e52f727ba,Penner Farms - SE 27-8-13 (site 2),a9f3ac23-6f93-447b-9037-adff01636562,Symo 24.0-3 480 (2),,,24.0,parsed_from_inverter_name,214.12,,
fronius,2024-06-12,d95b5e9d-f2d5-4950-85a9-909e52f727ba,Penner Farms - SE 27-8-13 (site 2),b8a6c9fe-5838-42e7-9faa-adff01636559,Symo 24.0-3 480 (1),,,24.0,parsed_from_inverter_name,213.71,,
fronius,2024-06-12,d95b5e9d-f2d5-4950-85a9-909e52f727ba,Penner Farms - SE 27-8-13 (site 2),c3ec3bd8-8836-45bb-97b7-adff01636570,Symo 24.0-3 480 (3),,,24.0,parsed_from_inverter_name,215.32,,
fronius,2024-06-13,d95b5e9d-f2d5-4950-85a9-909e52f727ba,Penner Farms - SE 27-8-13 (site 2),a9f3ac23-6f93-447b-9037-adff01636562,Symo 24.0-3 480 (2),,,24.0,parsed_from_inverter_name,203.7,,
fronius,2024-06-13,d95b5e9d-f2d5-4950-85a9-909e52f727ba,Penner Farms - SE 27-8-13 (site 2),b8a6c9fe-5838-42e7-9faa-adff01636559,Symo 24.0-3 480 (1),,,24.0,parsed_from_inverter_name,202.79,,
fronius,2024-06-13,d95b5e9d-f2d5-4950-85a9-909e52f727ba,Penner Farms - SE 27-8-13 (site 2),c3ec3bd8-8836-45bb-97b7-adff01636570,Symo 24.0-3 480 (3),,,24.0,parsed_from_inverter_name,205.24,,
fronius,2024-06-14,d95b5e9d-f2d5-4950-85a9-909e52f727ba,Penner Farms - SE 27-8-13 (site 2),a9f3ac23-6f93-447b-9037-adff01636562,Symo 24.0-3 480 (2),,,24.0,parsed_from_inverter_name,170.93,,
fronius,2024-06-14,d95b5e9d-f2d5-4950-85a9-909e52f727ba,Penner Farms - SE 27-8-13 (site 2),b8a6c9fe-5838-42e7-9faa-adff01636559,Symo 24.0-3 480 (1),,,24.0,parsed_from_inverter_name,169.7,,
fronius,2024-06-14,d95b5e9d-f2d5-4950-85a9-909e52f727ba,Penner Farms - SE 27-8-13 (site 2),c3ec3bd8-8836-45bb-97b7-adff01636570,Symo 24.0-3 480 (3),,,24.0,parsed_from_inverter_name,169.96,,
fronius,2024-06-15,d95b5e9d-f2d5-4950-85a9-909e52f727ba,Penner Farms - SE 27-8-13 (site 2),a9f3ac23-6f93-447b-9037-adff01636562,Symo 24.0-3 480 (2),,,24.0,parsed_from_inverter_name,127.01,,
fronius,2024-06-15,d95b5e9d-f2d5-4950-85a9-909e52f727ba,Penner Farms - SE 27-8-13 (site 2),b8a6c9fe-5838-42e7-9faa-adff01636559,Symo 24.0-3 480 (1),,,24.0,parsed_from_inverter_name,125.8,,
fronius,2024-06-15,d95b5e9d-f2d5-4950-85a9-909e52f727ba,Penner Farms - SE 27-8-13 (site 2),c3ec3bd8-8836-45bb-97b7-adff01636570,Symo 24.0-3 480 (3),,,24.0,parsed_from_inverter_name,128.94,,
fronius,2024-06-16,d95b5e9d-f2d5-4950-85a9-909e52f727ba,Penner Farms - SE 27-8-13 (site 2),a9f3ac23-6f93-447b-9037-adff01636562,Symo 24.0-3 480 (2),,,24.0,parsed_from_inverter_name,74.98,,
fronius,2024-06-16,d95b5e9d-f2d5-4950-85a9-909e52f727ba,Penner Farms - SE 27-8-13 (site 2),b8a6c9fe-5838-42e7-9faa-adff01636559,Symo 24.0-3 480 (1),,,24.0,parsed_from_inverter_name,73.97,,
fronius,2024-06-16,d95b5e9d-f2d5-4950-85a9-909e52f727ba,Penner Farms - SE 27-8-13 (site 2),c3ec3bd8-8836-45bb-97b7-adff01636570,Symo 24.0-3 480 (3),,,24.0,parsed_from_inverter_name,75.58,,
fronius,2024-06-17,d95b5e9d-f2d5-4950-85a9-909e52f727ba,Penner Farms - SE 27-8-13 (site 2),a9f3ac23-6f93-447b-9037-adff01636562,Symo 24.0-3 480 (2),,,24.0,parsed_from_inverter_name,80.36,,
fronius,2024-06-17,d95b5e9d-f2d5-4950-85a9-909e52f727ba,Penner Farms - SE 27-8-13 (site 2),b8a6c9fe-5838-42e7-9faa-adff01636559,Symo 24.0-3 480 (1),,,24.0,parsed_from_inverter_name,79.49,,
fronius,2024-06-17,d95b5e9d-f2d5-4950-85a9-909e52f727ba,Penner Farms - SE 27-8-13 (site 2),c3ec3bd8-8836-45bb-97b7-adff01636570,Symo 24.0-3 480 (3),,,24.0,parsed_from_inverter_name,81.17,,
fronius,2024-06-18,d95b5e9d-f2d5-4950-85a9-909e52f727ba,Penner Farms - SE 27-8-13 (site 2),a9f3ac23-6f93-447b-9037-adff01636562,Symo 24.0-3 480 (2),,,24.0,parsed_from_inverter_name,74.01,,
fronius,2024-06-18,d95b5e9d-f2d5-4950-85a9-909e52f727ba,Penner Farms - SE 27-8-13 (site 2),b8a6c9fe-5838-42e7-9faa-adff01636559,Symo 24.0-3 480 (1),,,24.0,parsed_from_inverter_name,73.0,,
fronius,2024-06-18,d95b5e9d-f2d5-4950-85a9-909e52f727ba,Penner Farms - SE 27-8-13 (site 2),c3ec3bd8-8836-45bb-97b7-adff01636570,Symo 24.0-3 480 (3),,,24.0,parsed_from_inverter_name,74.46,,
fronius,2024-06-19,d95b5e9d-f2d5-4950-85a9-909e52f727ba,Penner Farms - SE 27-8-13 (site 2),a9f3ac23-6f93-447b-9037-adff01636562,Symo 24.0-3 480 (2),,,24.0,parsed_from_inverter_name,187.41,,
fronius,2024-06-19,d95b5e9d-f2d5-4950-85a9-909e52f727ba,Penner Farms - SE 27-8-13 (site 2),b8a6c9fe-5838-42e7-9faa-adff01636559,Symo 24.0-3 480 (1),,,24.0,parsed_from_inverter_name,185.26,,
fronius,2024-06-19,d95b5e9d-f2d5-4950-85a9-909e52f727ba,Penner Farms - SE 27-8-13 (site 2),c3ec3bd8-8836-45bb-97b7-adff01636570,Symo 24.0-3 480 (3),,,24.0,parsed_from_inverter_name,188.84,,
fronius,2024-06-20,d95b5e9d-f2d5-4950-85a9-909e52f727ba,Penner Farms - SE 27-8-13 (site 2),a9f3ac23-6f93-447b-9037-adff01636562,Symo 24.0-3 480 (2),,,24.0,parsed_from_inverter_name,183.75,,
fronius,2024-06-20,d95b5e9d-f2d5-4950-85a9-909e52f727ba,Penner Farms - SE 27-8-13 (site 2),b8a6c9fe-5838-42e7-9faa-adff01636559,Symo 24.0-3 480 (1),,,24.0,parsed_from_inverter_name,182.03,,
fronius,2024-06-20,d95b5e9d-f2d5-4950-85a9-909e52f727ba,Penner Farms - SE 27-8-13 (site 2),c3ec3bd8-8836-45bb-97b7-adff01636570,Symo 24.0-3 480 (3),,,24.0,parsed_from_inverter_name,182.44,,
fronius,2024-06-21,d95b5e9d-f2d5-4950-85a9-909e52f727ba,Penner Farms - SE 27-8-13 (site 2),a9f3ac23-6f93-447b-9037-adff01636562,Symo 24.0-3 480 (2),,,24.0,parsed_from_inverter_name,187.6,,
fronius,2024-06-21,d95b5e9d-f2d5-4950-85a9-909e52f727ba,Penner Farms - SE 27-8-13 (site 2),b8a6c9fe-5838-42e7-9faa-adff01636559,Symo 24.0-3 480 (1),,,24.0,parsed_from_inverter_name,186.47,,
fronius,2024-06-21,d95b5e9d-f2d5-4950-85a9-909e52f727ba,Penner Farms - SE 27-8-13 (site 2),c3ec3bd8-8836-45bb-97b7-adff01636570,Symo 24.0-3 480 (3),,,24.0,parsed_from_inverter_name,165.51,,
fronius,2024-06-22,d95b5e9d-f2d5-4950-85a9-909e52f727ba,Penner Farms - SE 27-8-13 (site 2),a9f3ac23-6f93-447b-9037-adff01636562,Symo 24.0-3 480 (2),,,24.0,parsed_from_inverter_name,212.62,,
fronius,2024-06-22,d95b5e9d-f2d5-4950-85a9-909e52f727ba,Penner Farms - SE 27-8-13 (site 2),b8a6c9fe-5838-42e7-9faa-adff01636559,Symo 24.0-3 480 (1),,,24.0,parsed_from_inverter_name,207.72,,
fronius,2024-06-22,d95b5e9d-f2d5-4950-85a9-909e52f727ba,Penner Farms - SE 27-8-13 (site 2),c3ec3bd8-8836-45bb-97b7-adff01636570,Symo 24.0-3 480 (3),,,24.0,parsed_from_inverter_name,214.18,,
fronius,2024-06-23,d95b5e9d-f2d5-4950-85a9-909e52f727ba,Penner Farms - SE 27-8-13 (site 2),a9f3ac23-6f93-447b-9037-adff01636562,Symo 24.0-3 480 (2),,,24.0,parsed_from_inverter_name,200.95,,
fronius,2024-06-23,d95b5e9d-f2d5-4950-85a9-909e52f727ba,Penner Farms - SE 27-8-13 (site 2),b8a6c9fe-5838-42e7-9faa-adff01636559,Symo 24.0-3 480 (1),,,24.0,parsed_from_inverter_name,202.16,,
fronius,2024-06-23,d95b5e9d-f2d5-4950-85a9-909e52f727ba,Penner Farms - SE 27-8-13 (site 2),c3ec3bd8-8836-45bb-97b7-adff01636570,Symo 24.0-3 480 (3),,,24.0,parsed_from_inverter_name,199.79,,
fronius,2024-06-24,d95b5e9d-f2d5-4950-85a9-909e52f727ba,Penner Farms - SE 27-8-13 (site 2),a9f3ac23-6f93-447b-9037-adff01636562,Symo 24.0-3 480 (2),,,24.0,parsed_from_inverter_name,217.54,,
fronius,2024-06-24,d95b5e9d-f2d5-4950-85a9-909e52f727ba,Penner Farms - SE 27-8-13 (site 2),b8a6c9fe-5838-42e7-9faa-adff01636559,Symo 24.0-3 480 (1),,,24.0,parsed_from_inverter_name,216.73,,
fronius,2024-06-24,d95b5e9d-f2d5-4950-85a9-909e52f727ba,Penner Farms - SE 27-8-13 (site 2),c3ec3bd8-8836-45bb-97b7-adff01636570,Symo 24.0-3 480 (3),,,24.0,parsed_from_inverter_name,218.79,,
fronius,2024-06-25,d95b5e9d-f2d5-4950-85a9-909e52f727ba,Penner Farms - SE 27-8-13 (site 2),a9f3ac23-6f93-447b-9037-adff01636562,Symo 24.0-3 480 (2),,,24.0,parsed_from_inverter_name,218.33,,
fronius,2024-06-25,d95b5e9d-f2d5-4950-85a9-909e52f727ba,Penner Farms - SE 27-8-13 (site 2),b8a6c9fe-5838-42e7-9faa-adff01636559,Symo 24.0-3 480 (1),,,24.0,parsed_from_inverter_name,217.45,,
fronius,2024-06-25,d95b5e9d-f2d5-4950-85a9-909e52f727ba,Penner Farms - SE 27-8-13 (site 2),c3ec3bd8-8836-45bb-97b7-adff01636570,Symo 24.0-3 480 (3),,,24.0,parsed_from_inverter_name,219.5,,
fronius,2024-06-26,d95b5e9d-f2d5-4950-85a9-909e52f727ba,Penner Farms - SE 27-8-13 (site 2),a9f3ac23-6f93-447b-9037-adff01636562,Symo 24.0-3 480 (2),,,24.0,parsed_from_inverter_name,151.88,,
fronius,2024-06-26,d95b5e9d-f2d5-4950-85a9-909e52f727ba,Penner Farms - SE 27-8-13 (site 2),b8a6c9fe-5838-42e7-9faa-adff01636559,Symo 24.0-3 480 (1),,,24.0,parsed_from_inverter_name,150.46,,
fronius,2024-06-26,d95b5e9d-f2d5-4950-85a9-909e52f727ba,Penner Farms - SE 27-8-13 (site 2),c3ec3bd8-8836-45bb-97b7-adff01636570,Symo 24.0-3 480 (3),,,24.0,parsed_from_inverter_name,153.89,,
fronius,2024-06-27,d95b5e9d-f2d5-4950-85a9-909e52f727ba,Penner Farms - SE 27-8-13 (site 2),a9f3ac23-6f93-447b-9037-adff01636562,Symo 24.0-3 480 (2),,,24.0,parsed_from_inverter_name,83.86,,
fronius,2024-06-27,d95b5e9d-f2d5-4950-85a9-909e52f727ba,Penner Farms - SE 27-8-13 (site 2),b8a6c9fe-5838-42e7-9faa-adff01636559,Symo 24.0-3 480 (1),,,24.0,parsed_from_inverter_name,82.8,,
fronius,2024-06-27,d95b5e9d-f2d5-4950-85a9-909e52f727ba,Penner Farms - SE 27-8-13 (site 2),c3ec3bd8-8836-45bb-97b7-adff01636570,Symo 24.0-3 480 (3),,,24.0,parsed_from_inverter_name,84.15,,
fronius,2024-06-28,d95b5e9d-f2d5-4950-85a9-909e52f727ba,Penner Farms - SE 27-8-13 (site 2),a9f3ac23-6f93-447b-9037-adff01636562,Symo 24.0-3 480 (2),,,24.0,parsed_from_inverter_name,106.04,,
fronius,2024-06-28,d95b5e9d-f2d5-4950-85a9-909e52f727ba,Penner Farms - SE 27-8-13 (site 2),b8a6c9fe-5838-42e7-9faa-adff01636559,Symo 24.0-3 480 (1),,,24.0,parsed_from_inverter_name,104.9,,
fronius,2024-06-28,d95b5e9d-f2d5-4950-85a9-909e52f727ba,Penner Farms - SE 27-8-13 (site 2),c3ec3bd8-8836-45bb-97b7-adff01636570,Symo 24.0-3 480 (3),,,24.0,parsed_from_inverter_name,106.2,,
fronius,2024-06-29,d95b5e9d-f2d5-4950-85a9-909e52f727ba,Penner Farms - SE 27-8-13 (site 2),a9f3ac23-6f93-447b-9037-adff01636562,Symo 24.0-3 480 (2),,,24.0,parsed_from_inverter_name,211.09,,
fronius,2024-06-29,d95b5e9d-f2d5-4950-85a9-909e52f727ba,Penner Farms - SE 27-8-13 (site 2),b8a6c9fe-5838-42e7-9faa-adff01636559,Symo 24.0-3 480 (1),,,24.0,parsed_from_inverter_name,208.4,,
fronius,2024-06-29,d95b5e9d-f2d5-4950-85a9-909e52f727ba,Penner Farms - SE 27-8-13 (site 2),c3ec3bd8-8836-45bb-97b7-adff01636570,Symo 24.0-3 480 (3),,,24.0,parsed_from_inverter_name,212.77,,
fronius,2024-06-30,d95b5e9d-f2d5-4950-85a9-909e52f727ba,Penner Farms - SE 27-8-13 (site 2),a9f3ac23-6f93-447b-9037-adff01636562,Symo 24.0-3 480 (2),,,24.0,parsed_from_inverter_name,77.72,,
fronius,2024-06-30,d95b5e9d-f2d5-4950-85a9-909e52f727ba,Penner Farms - SE 27-8-13 (site 2),b8a6c9fe-5838-42e7-9faa-adff01636559,Symo 24.0-3 480 (1),,,24.0,parsed_from_inverter_name,76.17,,
fronius,2024-06-30,d95b5e9d-f2d5-4950-85a9-909e52f727ba,Penner Farms - SE 27-8-13 (site 2),c3ec3bd8-8836-45bb-97b7-adff01636570,Symo 24.0-3 480 (3),,,24.0,parsed_from_inverter_name,78.35,,
fronius,2024-07-01,d95b5e9d-f2d5-4950-85a9-909e52f727ba,Penner Farms - SE 27-8-13 (site 2),a9f3ac23-6f93-447b-9037-adff01636562,Symo 24.0-3 480 (2),,,24.0,parsed_from_inverter_name,119.77,,
fronius,2024-07-01,d95b5e9d-f2d5-4950-85a9-909e52f727ba,Penner Farms - SE 27-8-13 (site 2),b8a6c9fe-5838-42e7-9faa-adff01636559,Symo 24.0-3 480 (1),,,24.0,parsed_from_inverter_name,118.45,,
fronius,2024-07-01,d95b5e9d-f2d5-4950-85a9-909e52f727ba,Penner Farms - SE 27-8-13 (site 2),c3ec3bd8-8836-45bb-97b7-adff01636570,Symo 24.0-3 480 (3),,,24.0,parsed_from_inverter_name,120.31,,
fronius,2024-07-02,d95b5e9d-f2d5-4950-85a9-909e52f727ba,Penner Farms - SE 27-8-13 (site 2),a9f3ac23-6f93-447b-9037-adff01636562,Symo 24.0-3 480 (2),,,24.0,parsed_from_inverter_name,185.91,,
fronius,2024-07-02,d95b5e9d-f2d5-4950-85a9-909e52f727ba,Penner Farms - SE 27-8-13 (site 2),b8a6c9fe-5838-42e7-9faa-adff01636559,Symo 24.0-3 480 (1),,,24.0,parsed_from_inverter_name,184.9,,
fronius,2024-07-02,d95b5e9d-f2d5-4950-85a9-909e52f727ba,Penner Farms - SE 27-8-13 (site 2),c3ec3bd8-8836-45bb-97b7-adff01636570,Symo 24.0-3 480 (3),,,24.0,parsed_from_inverter_name,186.7,,
fronius,2024-07-03,d95b5e9d-f2d5-4950-85a9-909e52f727ba,Penner Farms - SE 27-8-13 (site 2),a9f3ac23-6f93-447b-9037-adff01636562,Symo 24.0-3 480 (2),,,24.0,parsed_from_inverter_name,140.26,,
fronius,2024-07-03,d95b5e9d-f2d5-4950-85a9-909e52f727ba,Penner Farms - SE 27-8-13 (site 2),b8a6c9fe-5838-42e7-9faa-adff01636559,Symo 24.0-3 480 (1),,,24.0,parsed_from_inverter_name,139.07,,
fronius,2024-07-03,d95b5e9d-f2d5-4950-85a9-909e52f727ba,Penner Farms - SE 27-8-13 (site 2),c3ec3bd8-8836-45bb-97b7-adff01636570,Symo 24.0-3 480 (3),,,24.0,parsed_from_inverter_name,139.53,,
fronius,2024-07-04,d95b5e9d-f2d5-4950-85a9-909e52f727ba,Penner Farms - SE 27-8-13 (site 2),a9f3ac23-6f93-447b-9037-adff01636562,Symo 24.0-3 480 (2),,,24.0,parsed_from_inverter_name,182.01,,
fronius,2024-07-04,d95b5e9d-f2d5-4950-85a9-909e52f727ba,Penner Farms - SE 27-8-13 (site 2),b8a6c9fe-5838-42e7-9faa-adff01636559,Symo 24.0-3 480 (1),,,24.0,parsed_from_inverter_name,180.89,,
fronius,2024-07-04,d95b5e9d-f2d5-4950-85a9-909e52f727ba,Penner Farms - SE 27-8-13 (site 2),c3ec3bd8-8836-45bb-97b7-adff01636570,Symo 24.0-3 480 (3),,,24.0,parsed_from_inverter_name,181.48,,
fronius,2024-07-05,d95b5e9d-f2d5-4950-85a9-909e52f727ba,Penner Farms - SE 27-8-13 (site 2),a9f3ac23-6f93-447b-9037-adff01636562,Symo 24.0-3 480 (2),,,24.0,parsed_from_inverter_name,0.15,,
fronius,2024-07-05,d95b5e9d-f2d5-4950-85a9-909e52f727ba,Penner Farms - SE 27-8-13 (site 2),b8a6c9fe-5838-42e7-9faa-adff01636559,Symo 24.0-3 480 (1),,,24.0,parsed_from_inverter_name,0.14,,
fronius,2024-07-05,d95b5e9d-f2d5-4950-85a9-909e52f727ba,Penner Farms - SE 27-8-13 (site 2),c3ec3bd8-8836-45bb-97b7-adff01636570,Symo 24.0-3 480 (3),,,24.0,parsed_from_inverter_name,0.15,,
fronius,2024-07-06,d95b5e9d-f2d5-4950-85a9-909e52f727ba,Penner Farms - SE 27-8-13 (site 2),a9f3ac23-6f93-447b-9037-adff01636562,Symo 24.0-3 480 (2),,,24.0,parsed_from_inverter_name,186.18,,
fronius,2024-07-06,d95b5e9d-f2d5-4950-85a9-909e52f727ba,Penner Farms - SE 27-8-13 (site 2),b8a6c9fe-5838-42e7-9faa-adff01636559,Symo 24.0-3 480 (1),,,24.0,parsed_from_inverter_name,185.28,,
fronius,2024-07-06,d95b5e9d-f2d5-4950-85a9-909e52f727ba,Penner Farms - SE 27-8-13 (site 2),c3ec3bd8-8836-45bb-97b7-adff01636570,Symo 24.0-3 480 (3),,,24.0,parsed_from_inverter_name,187.02,,
fronius,2024-07-07,d95b5e9d-f2d5-4950-85a9-909e52f727ba,Penner Farms - SE 27-8-13 (site 2),a9f3ac23-6f93-447b-9037-adff01636562,Symo 24.0-3 480 (2),,,24.0,parsed_from_inverter_name,208.58,,
fronius,2024-07-07,d95b5e9d-f2d5-4950-85a9-909e52f727ba,Penner Farms - SE 27-8-13 (site 2),b8a6c9fe-5838-42e7-9faa-adff01636559,Symo 24.0-3 480 (1),,,24.0,parsed_from_inverter_name,207.81,,
fronius,2024-07-07,d95b5e9d-f2d5-4950-85a9-909e52f727ba,Penner Farms - SE 27-8-13 (site 2),c3ec3bd8-8836-45bb-97b7-adff01636570,Symo 24.0-3 480 (3),,,24.0,parsed_from_inverter_name,209.79,,
fronius,2024-07-08,d95b5e9d-f2d5-4950-85a9-909e52f727ba,Penner Farms - SE 27-8-13 (site 2),a9f3ac23-6f93-447b-9037-adff01636562,Symo 24.0-3 480 (2),,,24.0,parsed_from_inverter_name,206.83,,
fronius,2024-07-08,d95b5e9d-f2d5-4950-85a9-909e52f727ba,Penner Farms - SE 27-8-13 (site 2),b8a6c9fe-5838-42e7-9faa-adff01636559,Symo 24.0-3 480 (1),,,24.0,parsed_from_inverter_name,206.45,,
fronius,2024-07-08,d95b5e9d-f2d5-4950-85a9-909e52f727ba,Penner Farms - SE 27-8-13 (site 2),c3ec3bd8-8836-45bb-97b7-adff01636570,Symo 24.0-3 480 (3),,,24.0,parsed_from_inverter_name,208.0,,
fronius,2024-07-09,d95b5e9d-f2d5-4950-85a9-909e52f727ba,Penner Farms - SE 27-8-13 (site 2),a9f3ac23-6f93-447b-9037-adff01636562,Symo 24.0-3 480 (2),,,24.0,parsed_from_inverter_name,204.91,,
fronius,2024-07-09,d95b5e9d-f2d5-4950-85a9-909e52f727ba,Penner Farms - SE 27-8-13 (site 2),b8a6c9fe-5838-42e7-9faa-adff01636559,Symo 24.0-3 480 (1),,,24.0,parsed_from_inverter_name,203.88,,
fronius,2024-07-09,d95b5e9d-f2d5-4950-85a9-909e52f727ba,Penner Farms - SE 27-8-13 (site 2),c3ec3bd8-8836-45bb-97b7-adff01636570,Symo 24.0-3 480 (3),,,24.0,parsed_from_inverter_name,206.26,,
fronius,2024-07-10,d95b5e9d-f2d5-4950-85a9-909e52f727ba,Penner Farms - SE 27-8-13 (site 2),a9f3ac23-6f93-447b-9037-adff01636562,Symo 24.0-3 480 (2),,,24.0,parsed_from_inverter_name,204.39,,
fronius,2024-07-10,d95b5e9d-f2d5-4950-85a9-909e52f727ba,Penner Farms - SE 27-8-13 (site 2),b8a6c9fe-5838-42e7-9faa-adff01636559,Symo 24.0-3 480 (1),,,24.0,parsed_from_inverter_name,202.15,,
fronius,2024-07-10,d95b5e9d-f2d5-4950-85a9-909e52f727ba,Penner Farms - SE 27-8-13 (site 2),c3ec3bd8-8836-45bb-97b7-adff01636570,Symo 24.0-3 480 (3),,,24.0,parsed_from_inverter_name,205.77,,
fronius,2024-07-11,d95b5e9d-f2d5-4950-85a9-909e52f727ba,Penner Farms - SE 27-8-13 (site 2),a9f3ac23-6f93-447b-9037-adff01636562,Symo 24.0-3 480 (2),,,24.0,parsed_from_inverter_name,204.44,,
fronius,2024-07-11,d95b5e9d-f2d5-4950-85a9-909e52f727ba,Penner Farms - SE 27-8-13 (site 2),b8a6c9fe-5838-42e7-9faa-adff01636559,Symo 24.0-3 480 (1),,,24.0,parsed_from_inverter_name,203.65,,
fronius,2024-07-11,d95b5e9d-f2d5-4950-85a9-909e52f727ba,Penner Farms - SE 27-8-13 (site 2),c3ec3bd8-8836-45bb-97b7-adff01636570,Symo 24.0-3 480 (3),,,24.0,parsed_from_inverter_name,205.46,,
fronius,2024-07-12,d95b5e9d-f2d5-4950-85a9-909e52f727ba,Penner Farms - SE 27-8-13 (site 2),a9f3ac23-6f93-447b-9037-adff01636562,Symo 24.0-3 480 (2),,,24.0,parsed_from_inverter_name,202.3,,
fronius,2024-07-12,d95b5e9d-f2d5-4950-85a9-909e52f727ba,Penner Farms - SE 27-8-13 (site 2),b8a6c9fe-5838-42e7-9faa-adff01636559,Symo 24.0-3 480 (1),,,24.0,parsed_from_inverter_name,201.11,,
fronius,2024-07-12,d95b5e9d-f2d5-4950-85a9-909e52f727ba,Penner Farms - SE 27-8-13 (site 2),c3ec3bd8-8836-45bb-97b7-adff01636570,Symo 24.0-3 480 (3),,,24.0,parsed_from_inverter_name,203.39,,
fronius,2024-07-13,d95b5e9d-f2d5-4950-85a9-909e52f727ba,Penner Farms - SE 27-8-13 (site 2),a9f3ac23-6f93-447b-9037-adff01636562,Symo 24.0-3 480 (2),,,24.0,parsed_from_inverter_name,202.55,,
fronius,2024-07-13,d95b5e9d-f2d5-4950-85a9-909e52f727ba,Penner Farms - SE 27-8-13 (site 2),b8a6c9fe-5838-42e7-9faa-adff01636559,Symo 24.0-3 480 (1),,,24.0,parsed_from_inverter_name,200.38,,
fronius,2024-07-13,d95b5e9d-f2d5-4950-85a9-909e52f727ba,Penner Farms - SE 27-8-13 (site 2),c3ec3bd8-8836-45bb-97b7-adff01636570,Symo 24.0-3 480 (3),,,24.0,parsed_from_inverter_name,203.77,,
fronius,2024-07-14,d95b5e9d-f2d5-4950-85a9-909e52f727ba,Penner Farms - SE 27-8-13 (site 2),a9f3ac23-6f93-447b-9037-adff01636562,Symo 24.0-3 480 (2),,,24.0,parsed_from_inverter_name,201.49,,
fronius,2024-07-14,d95b5e9d-f2d5-4950-85a9-909e52f727ba,Penner Farms - SE 27-8-13 (site 2),b8a6c9fe-5838-42e7-9faa-adff01636559,Symo 24.0-3 480 (1),,,24.0,parsed_from_inverter_name,200.66,,
fronius,2024-07-14,d95b5e9d-f2d5-4950-85a9-909e52f727ba,Penner Farms - SE 27-8-13 (site 2),c3ec3bd8-8836-45bb-97b7-adff01636570,Symo 24.0-3 480 (3),,,24.0,parsed_from_inverter_name,203.32,,
fronius,2024-07-15,d95b5e9d-f2d5-4950-85a9-909e52f727ba,Penner Farms - SE 27-8-13 (site 2),a9f3ac23-6f93-447b-9037-adff01636562,Symo 24.0-3 480 (2),,,24.0,parsed_from_inverter_name,197.7,,
fronius,2024-07-15,d95b5e9d-f2d5-4950-85a9-909e52f727ba,Penner Farms - SE 27-8-13 (site 2),b8a6c9fe-5838-42e7-9faa-adff01636559,Symo 24.0-3 480 (1),,,24.0,parsed_from_inverter_name,195.41,,
fronius,2024-07-15,d95b5e9d-f2d5-4950-85a9-909e52f727ba,Penner Farms - SE 27-8-13 (site 2),c3ec3bd8-8836-45bb-97b7-adff01636570,Symo 24.0-3 480 (3),,,24.0,parsed_from_inverter_name,198.88,,
fronius,2024-07-16,d95b5e9d-f2d5-4950-85a9-909e52f727ba,Penner Farms - SE 27-8-13 (site 2),a9f3ac23-6f93-447b-9037-adff01636562,Symo 24.0-3 480 (2),,,24.0,parsed_from_inverter_name,197.18,,
fronius,2024-07-16,d95b5e9d-f2d5-4950-85a9-909e52f727ba,Penner Farms - SE 27-8-13 (site 2),b8a6c9fe-5838-42e7-9faa-adff01636559,Symo 24.0-3 480 (1),,,24.0,parsed_from_inverter_name,196.0,,
fronius,2024-07-16,d95b5e9d-f2d5-4950-85a9-909e52f727ba,Penner Farms - SE 27-8-13 (site 2),c3ec3bd8-8836-45bb-97b7-adff01636570,Symo 24.0-3 480 (3),,,24.0,parsed_from_inverter_name,198.54,,
fronius,2024-07-17,d95b5e9d-f2d5-4950-85a9-909e52f727ba,Penner Farms - SE 27-8-13 (site 2),a9f3ac23-6f93-447b-9037-adff01636562,Symo 24.0-3 480 (2),,,24.0,parsed_from_inverter_name,200.07,,
fronius,2024-07-17,d95b5e9d-f2d5-4950-85a9-909e52f727ba,Penner Farms - SE 27-8-13 (site 2),b8a6c9fe-5838-42e7-9faa-adff01636559,Symo 24.0-3 480 (1),,,24.0,parsed_from_inverter_name,195.14,,
fronius,2024-07-17,d95b5e9d-f2d5-4950-85a9-909e52f727ba,Penner Farms - SE 27-8-13 (site 2),c3ec3bd8-8836-45bb-97b7-adff01636570,Symo 24.0-3 480 (3),,,24.0,parsed_from_inverter_name,202.54,,
fronius,2024-07-18,d95b5e9d-f2d5-4950-85a9-909e52f727ba,Penner Farms - SE 27-8-13 (site 2),a9f3ac23-6f93-447b-9037-adff01636562,Symo 24.0-3 480 (2),,,24.0,parsed_from_inverter_name,108.26,,
fronius,2024-07-18,d95b5e9d-f2d5-4950-85a9-909e52f727ba,Penner Farms - SE 27-8-13 (site 2),b8a6c9fe-5838-42e7-9faa-adff01636559,Symo 24.0-3 480 (1),,,24.0,parsed_from_inverter_name,106.95,,
fronius,2024-07-18,d95b5e9d-f2d5-4950-85a9-909e52f727ba,Penner Farms - SE 27-8-13 (site 2),c3ec3bd8-8836-45bb-97b7-adff01636570,Symo 24.0-3 480 (3),,,24.0,parsed_from_inverter_name,108.69,,
fronius,2024-07-19,d95b5e9d-f2d5-4950-85a9-909e52f727ba,Penner Farms - SE 27-8-13 (site 2),a9f3ac23-6f93-447b-9037-adff01636562,Symo 24.0-3 480 (2),,,24.0,parsed_from_inverter_name,195.52,,
fronius,2024-07-19,d95b5e9d-f2d5-4950-85a9-909e52f727ba,Penner Farms - SE 27-8-13 (site 2),b8a6c9fe-5838-42e7-9faa-adff01636559,Symo 24.0-3 480 (1),,,24.0,parsed_from_inverter_name,194.24,,
fronius,2024-07-19,d95b5e9d-f2d5-4950-85a9-909e52f727ba,Penner Farms - SE 27-8-13 (site 2),c3ec3bd8-8836-45bb-97b7-adff01636570,Symo 24.0-3 480 (3),,,24.0,parsed_from_inverter_name,195.07,,
fronius,2024-07-20,d95b5e9d-f2d5-4950-85a9-909e52f727ba,Penner Farms - SE 27-8-13 (site 2),a9f3ac23-6f93-447b-9037-adff01636562,Symo 24.0-3 480 (2),,,24.0,parsed_from_inverter_name,192.54,,
fronius,2024-07-20,d95b5e9d-f2d5-4950-85a9-909e52f727ba,Penner Farms - SE 27-8-13 (site 2),b8a6c9fe-5838-42e7-9faa-adff01636559,Symo 24.0-3 480 (1),,,24.0,parsed_from_inverter_name,191.32,,
fronius,2024-07-20,d95b5e9d-f2d5-4950-85a9-909e52f727ba,Penner Farms - SE 27-8-13 (site 2),c3ec3bd8-8836-45bb-97b7-adff01636570,Symo 24.0-3 480 (3),,,24.0,parsed_from_inverter_name,193.58,,
fronius,2024-07-21,d95b5e9d-f2d5-4950-85a9-909e52f727ba,Penner Farms - SE 27-8-13 (site 2),a9f3ac23-6f93-447b-9037-adff01636562,Symo 24.0-3 480 (2),,,24.0,parsed_from_inverter_name,187.85,,
fronius,2024-07-21,d95b5e9d-f2d5-4950-85a9-909e52f727ba,Penner Farms - SE 27-8-13 (site 2),b8a6c9fe-5838-42e7-9faa-adff01636559,Symo 24.0-3 480 (1),,,24.0,parsed_from_inverter_name,186.11,,
fronius,2024-07-21,d95b5e9d-f2d5-4950-85a9-909e52f727ba,Penner Farms - SE 27-8-13 (site 2),c3ec3bd8-8836-45bb-97b7-adff01636570,Symo 24.0-3 480 (3),,,24.0,parsed_from_inverter_name,188.71,,
fronius,2024-07-22,d95b5e9d-f2d5-4950-85a9-909e52f727ba,Penner Farms - SE 27-8-13 (site 2),a9f3ac23-6f93-447b-9037-adff01636562,Symo 24.0-3 480 (2),,,24.0,parsed_from_inverter_name,156.91,,
fronius,2024-07-22,d95b5e9d-f2d5-4950-85a9-909e52f727ba,Penner Farms - SE 27-8-13 (site 2),b8a6c9fe-5838-42e7-9faa-adff01636559,Symo 24.0-3 480 (1),,,24.0,parsed_from_inverter_name,154.75,,
fronius,2024-07-22,d95b5e9d-f2d5-4950-85a9-909e52f727ba,Penner Farms - SE 27-8-13 (site 2),c3ec3bd8-8836-45bb-97b7-adff01636570,Symo 24.0-3 480 (3),,,24.0,parsed_from_inverter_name,157.51,,
fronius,2024-07-23,d95b5e9d-f2d5-4950-85a9-909e52f727ba,Penner Farms - SE 27-8-13 (site 2),a9f3ac23-6f93-447b-9037-adff01636562,Symo 24.0-3 480 (2),,,24.0,parsed_from_inverter_name,189.71,,
fronius,2024-07-23,d95b5e9d-f2d5-4950-85a9-909e52f727ba,Penner Farms - SE 27-8-13 (site 2),b8a6c9fe-5838-42e7-9faa-adff01636559,Symo 24.0-3 480 (1),,,24.0,parsed_from_inverter_name,188.22,,
fronius,2024-07-23,d95b5e9d-f2d5-4950-85a9-909e52f727ba,Penner Farms - SE 27-8-13 (site 2),c3ec3bd8-8836-45bb-97b7-adff01636570,Symo 24.0-3 480 (3),,,24.0,parsed_from_inverter_name,189.86,,
fronius,2024-07-24,d95b5e9d-f2d5-4950-85a9-909e52f727ba,Penner Farms - SE 27-8-13 (site 2),a9f3ac23-6f93-447b-9037-adff01636562,Symo 24.0-3 480 (2),,,24.0,parsed_from_inverter_name,194.55,,
fronius,2024-07-24,d95b5e9d-f2d5-4950-85a9-909e52f727ba,Penner Farms - SE 27-8-13 (site 2),b8a6c9fe-5838-42e7-9faa-adff01636559,Symo 24.0-3 480 (1),,,24.0,parsed_from_inverter_name,193.5,,
fronius,2024-07-24,d95b5e9d-f2d5-4950-85a9-909e52f727ba,Penner Farms - SE 27-8-13 (site 2),c3ec3bd8-8836-45bb-97b7-adff01636570,Symo 24.0-3 480 (3),,,24.0,parsed_from_inverter_name,195.44,,
fronius,2024-07-25,d95b5e9d-f2d5-4950-85a9-909e52f727ba,Penner Farms - SE 27-8-13 (site 2),a9f3ac23-6f93-447b-9037-adff01636562,Symo 24.0-3 480 (2),,,24.0,parsed_from_inverter_name,179.0,,
fronius,2024-07-25,d95b5e9d-f2d5-4950-85a9-909e52f727ba,Penner Farms - SE 27-8-13 (site 2),b8a6c9fe-5838-42e7-9faa-adff01636559,Symo 24.0-3 480 (1),,,24.0,parsed_from_inverter_name,177.8,,
fronius,2024-07-25,d95b5e9d-f2d5-4950-85a9-909e52f727ba,Penner Farms - SE 27-8-13 (site 2),c3ec3bd8-8836-45bb-97b7-adff01636570,Symo 24.0-3 480 (3),,,24.0,parsed_from_inverter_name,178.95,,
fronius,2024-07-26,d95b5e9d-f2d5-4950-85a9-909e52f727ba,Penner Farms - SE 27-8-13 (site 2),a9f3ac23-6f93-447b-9037-adff01636562,Symo 24.0-3 480 (2),,,24.0,parsed_from_inverter_name,206.47,,
fronius,2024-07-26,d95b5e9d-f2d5-4950-85a9-909e52f727ba,Penner Farms - SE 27-8-13 (site 2),b8a6c9fe-5838-42e7-9faa-adff01636559,Symo 24.0-3 480 (1),,,24.0,parsed_from_inverter_name,205.73,,
fronius,2024-07-26,d95b5e9d-f2d5-4950-85a9-909e52f727ba,Penner Farms - SE 27-8-13 (site 2),c3ec3bd8-8836-45bb-97b7-adff01636570,Symo 24.0-3 480 (3),,,24.0,parsed_from_inverter_name,206.84,,
fronius,2024-07-27,d95b5e9d-f2d5-4950-85a9-909e52f727ba,Penner Farms - SE 27-8-13 (site 2),a9f3ac23-6f93-447b-9037-adff01636562,Symo 24.0-3 480 (2),,,24.0,parsed_from_inverter_name,178.51,,
fronius,2024-07-27,d95b5e9d-f2d5-4950-85a9-909e52f727ba,Penner Farms - SE 27-8-13 (site 2),b8a6c9fe-5838-42e7-9faa-adff01636559,Symo 24.0-3 480 (1),,,24.0,parsed_from_inverter_name,177.12,,
fronius,2024-07-27,d95b5e9d-f2d5-4950-85a9-909e52f727ba,Penner Farms - SE 27-8-13 (site 2),c3ec3bd8-8836-45bb-97b7-adff01636570,Symo 24.0-3 480 (3),,,24.0,parsed_from_inverter_name,179.28,,
fronius,2024-07-28,d95b5e9d-f2d5-4950-85a9-909e52f727ba,Penner Farms - SE 27-8-13 (site 2),a9f3ac23-6f93-447b-9037-adff01636562,Symo 24.0-3 480 (2),,,24.0,parsed_from_inverter_name,185.53,,
fronius,2024-07-28,d95b5e9d-f2d5-4950-85a9-909e52f727ba,Penner Farms - SE 27-8-13 (site 2),b8a6c9fe-5838-42e7-9faa-adff01636559,Symo 24.0-3 480 (1),,,24.0,parsed_from_inverter_name,184.26,,
fronius,2024-07-28,d95b5e9d-f2d5-4950-85a9-909e52f727ba,Penner Farms - SE 27-8-13 (site 2),c3ec3bd8-8836-45bb-97b7-adff01636570,Symo 24.0-3 480 (3),,,24.0,parsed_from_inverter_name,185.57,,
fronius,2024-07-29,d95b5e9d-f2d5-4950-85a9-909e52f727ba,Penner Farms - SE 27-8-13 (site 2),a9f3ac23-6f93-447b-9037-adff01636562,Symo 24.0-3 480 (2),,,24.0,parsed_from_inverter_name,195.25,,
fronius,2024-07-29,d95b5e9d-f2d5-4950-85a9-909e52f727ba,Penner Farms - SE 27-8-13 (site 2),b8a6c9fe-5838-42e7-9faa-adff01636559,Symo 24.0-3 480 (1),,,24.0,parsed_from_inverter_name,194.21,,
fronius,2024-07-29,d95b5e9d-f2d5-4950-85a9-909e52f727ba,Penner Farms - SE 27-8-13 (site 2),c3ec3bd8-8836-45bb-97b7-adff01636570,Symo 24.0-3 480 (3),,,24.0,parsed_from_inverter_name,195.37,,
fronius,2024-07-30,d95b5e9d-f2d5-4950-85a9-909e52f727ba,Penner Farms - SE 27-8-13 (site 2),a9f3ac23-6f93-447b-9037-adff01636562,Symo 24.0-3 480 (2),,,24.0,parsed_from_inverter_name,173.88,,
fronius,2024-07-30,d95b5e9d-f2d5-4950-85a9-909e52f727ba,Penner Farms - SE 27-8-13 (site 2),b8a6c9fe-5838-42e7-9faa-adff01636559,Symo 24.0-3 480 (1),,,24.0,parsed_from_inverter_name,172.17,,
fronius,2024-07-30,d95b5e9d-f2d5-4950-85a9-909e52f727ba,Penner Farms - SE 27-8-13 (site 2),c3ec3bd8-8836-45bb-97b7-adff01636570,Symo 24.0-3 480 (3),,,24.0,parsed_from_inverter_name,173.53,,
fronius,2024-07-31,d95b5e9d-f2d5-4950-85a9-909e52f727ba,Penner Farms - SE 27-8-13 (site 2),a9f3ac23-6f93-447b-9037-adff01636562,Symo 24.0-3 480 (2),,,24.0,parsed_from_inverter_name,200.23,,
fronius,2024-07-31,d95b5e9d-f2d5-4950-85a9-909e52f727ba,Penner Farms - SE 27-8-13 (site 2),b8a6c9fe-5838-42e7-9faa-adff01636559,Symo 24.0-3 480 (1),,,24.0,parsed_from_inverter_name,199.53,,
fronius,2024-07-31,d95b5e9d-f2d5-4950-85a9-909e52f727ba,Penner Farms - SE 27-8-13 (site 2),c3ec3bd8-8836-45bb-97b7-adff01636570,Symo 24.0-3 480 (3),,,24.0,parsed_from_inverter_name,200.49,,
fronius,2024-08-01,d95b5e9d-f2d5-4950-85a9-909e52f727ba,Penner Farms - SE 27-8-13 (site 2),a9f3ac23-6f93-447b-9037-adff01636562,Symo 24.0-3 480 (2),,,24.0,parsed_from_inverter_name,199.2,,
fronius,2024-08-01,d95b5e9d-f2d5-4950-85a9-909e52f727ba,Penner Farms - SE 27-8-13 (site 2),b8a6c9fe-5838-42e7-9faa-adff01636559,Symo 24.0-3 480 (1),,,24.0,parsed_from_inverter_name,197.83,,
fronius,2024-08-01,d95b5e9d-f2d5-4950-85a9-909e52f727ba,Penner Farms - SE 27-8-13 (site 2),c3ec3bd8-8836-45bb-97b7-adff01636570,Symo 24.0-3 480 (3),,,24.0,parsed_from_inverter_name,199.89,,
fronius,2024-08-02,d95b5e9d-f2d5-4950-85a9-909e52f727ba,Penner Farms - SE 27-8-13 (site 2),a9f3ac23-6f93-447b-9037-adff01636562,Symo 24.0-3 480 (2),,,24.0,parsed_from_inverter_name,195.5,,
fronius,2024-08-02,d95b5e9d-f2d5-4950-85a9-909e52f727ba,Penner Farms - SE 27-8-13 (site 2),b8a6c9fe-5838-42e7-9faa-adff01636559,Symo 24.0-3 480 (1),,,24.0,parsed_from_inverter_name,194.3,,
fronius,2024-08-02,d95b5e9d-f2d5-4950-85a9-909e52f727ba,Penner Farms - SE 27-8-13 (site 2),c3ec3bd8-8836-45bb-97b7-adff01636570,Symo 24.0-3 480 (3),,,24.0,parsed_from_inverter_name,195.91,,
fronius,2024-08-03,d95b5e9d-f2d5-4950-85a9-909e52f727ba,Penner Farms - SE 27-8-13 (site 2),a9f3ac23-6f93-447b-9037-adff01636562,Symo 24.0-3 480 (2),,,24.0,parsed_from_inverter_name,124.5,,
fronius,2024-08-03,d95b5e9d-f2d5-4950-85a9-909e52f727ba,Penner Farms - SE 27-8-13 (site 2),b8a6c9fe-5838-42e7-9faa-adff01636559,Symo 24.0-3 480 (1),,,24.0,parsed_from_inverter_name,123.02,,
fronius,2024-08-03,d95b5e9d-f2d5-4950-85a9-909e52f727ba,Penner Farms - SE 27-8-13 (site 2),c3ec3bd8-8836-45bb-97b7-adff01636570,Symo 24.0-3 480 (3),,,24.0,parsed_from_inverter_name,125.37,,
fronius,2024-08-04,d95b5e9d-f2d5-4950-85a9-909e52f727ba,Penner Farms - SE 27-8-13 (site 2),a9f3ac23-6f93-447b-9037-adff01636562,Symo 24.0-3 480 (2),,,24.0,parsed_from_inverter_name,120.67,,
fronius,2024-08-04,d95b5e9d-f2d5-4950-85a9-909e52f727ba,Penner Farms - SE 27-8-13 (site 2),b8a6c9fe-5838-42e7-9faa-adff01636559,Symo 24.0-3 480 (1),,,24.0,parsed_from_inverter_name,119.53,,
fronius,2024-08-04,d95b5e9d-f2d5-4950-85a9-909e52f727ba,Penner Farms - SE 27-8-13 (site 2),c3ec3bd8-8836-45bb-97b7-adff01636570,Symo 24.0-3 480 (3),,,24.0,parsed_from_inverter_name,121.29,,
fronius,2024-08-05,d95b5e9d-f2d5-4950-85a9-909e52f727ba,Penner Farms - SE 27-8-13 (site 2),a9f3ac23-6f93-447b-9037-adff01636562,Symo 24.0-3 480 (2),,,24.0,parsed_from_inverter_name,164.49,,
fronius,2024-08-05,d95b5e9d-f2d5-4950-85a9-909e52f727ba,Penner Farms - SE 27-8-13 (site 2),b8a6c9fe-5838-42e7-9faa-adff01636559,Symo 24.0-3 480 (1),,,24.0,parsed_from_inverter_name,161.82,,
fronius,2024-08-05,d95b5e9d-f2d5-4950-85a9-909e52f727ba,Penner Farms - SE 27-8-13 (site 2),c3ec3bd8-8836-45bb-97b7-adff01636570,Symo 24.0-3 480 (3),,,24.0,parsed_from_inverter_name,165.62,,
fronius,2024-08-06,d95b5e9d-f2d5-4950-85a9-909e52f727ba,Penner Farms - SE 27-8-13 (site 2),a9f3ac23-6f93-447b-9037-adff01636562,Symo 24.0-3 480 (2),,,24.0,parsed_from_inverter_name,151.47,,
fronius,2024-08-06,d95b5e9d-f2d5-4950-85a9-909e52f727ba,Penner Farms - SE 27-8-13 (site 2),b8a6c9fe-5838-42e7-9faa-adff01636559,Symo 24.0-3 480 (1),,,24.0,parsed_from_inverter_name,150.56,,
fronius,2024-08-06,d95b5e9d-f2d5-4950-85a9-909e52f727ba,Penner Farms - SE 27-8-13 (site 2),c3ec3bd8-8836-45bb-97b7-adff01636570,Symo 24.0-3 480 (3),,,24.0,parsed_from_inverter_name,151.45,,
fronius,2024-08-07,d95b5e9d-f2d5-4950-85a9-909e52f727ba,Penner Farms - SE 27-8-13 (site 2),a9f3ac23-6f93-447b-9037-adff01636562,Symo 24.0-3 480 (2),,,24.0,parsed_from_inverter_name,100.98,,
fronius,2024-08-07,d95b5e9d-f2d5-4950-85a9-909e52f727ba,Penner Farms - SE 27-8-13 (site 2),b8a6c9fe-5838-42e7-9faa-adff01636559,Symo 24.0-3 480 (1),,,24.0,parsed_from_inverter_name,100.25,,
fronius,2024-08-07,d95b5e9d-f2d5-4950-85a9-909e52f727ba,Penner Farms - SE 27-8-13 (site 2),c3ec3bd8-8836-45bb-97b7-adff01636570,Symo 24.0-3 480 (3),,,24.0,parsed_from_inverter_name,101.39,,
fronius,2024-08-08,d95b5e9d-f2d5-4950-85a9-909e52f727ba,Penner Farms - SE 27-8-13 (site 2),a9f3ac23-6f93-447b-9037-adff01636562,Symo 24.0-3 480 (2),,,24.0,parsed_from_inverter_name,201.39,,
fronius,2024-08-08,d95b5e9d-f2d5-4950-85a9-909e52f727ba,Penner Farms - SE 27-8-13 (site 2),b8a6c9fe-5838-42e7-9faa-adff01636559,Symo 24.0-3 480 (1),,,24.0,parsed_from_inverter_name,200.42,,
fronius,2024-08-08,d95b5e9d-f2d5-4950-85a9-909e52f727ba,Penner Farms - SE 27-8-13 (site 2),c3ec3bd8-8836-45bb-97b7-adff01636570,Symo 24.0-3 480 (3),,,24.0,parsed_from_inverter_name,201.15,,
fronius,2024-08-09,d95b5e9d-f2d5-4950-85a9-909e52f727ba,Penner Farms - SE 27-8-13 (site 2),a9f3ac23-6f93-447b-9037-adff01636562,Symo 24.0-3 480 (2),,,24.0,parsed_from_inverter_name,175.04,,
fronius,2024-08-09,d95b5e9d-f2d5-4950-85a9-909e52f727ba,Penner Farms - SE 27-8-13 (site 2),b8a6c9fe-5838-42e7-9faa-adff01636559,Symo 24.0-3 480 (1),,,24.0,parsed_from_inverter_name,173.75,,
fronius,2024-08-09,d95b5e9d-f2d5-4950-85a9-909e52f727ba,Penner Farms - SE 27-8-13 (site 2),c3ec3bd8-8836-45bb-97b7-adff01636570,Symo 24.0-3 480 (3),,,24.0,parsed_from_inverter_name,175.27,,
fronius,2024-08-10,d95b5e9d-f2d5-4950-85a9-909e52f727ba,Penner Farms - SE 27-8-13 (site 2),a9f3ac23-6f93-447b-9037-adff01636562,Symo 24.0-3 480 (2),,,24.0,parsed_from_inverter_name,185.66,,
fronius,2024-08-10,d95b5e9d-f2d5-4950-85a9-909e52f727ba,Penner Farms - SE 27-8-13 (site 2),b8a6c9fe-5838-42e7-9faa-adff01636559,Symo 24.0-3 480 (1),,,24.0,parsed_from_inverter_name,183.98,,
fronius,2024-08-10,d95b5e9d-f2d5-4950-85a9-909e52f727ba,Penner Farms - SE 27-8-13 (site 2),c3ec3bd8-8836-45bb-97b7-adff01636570,Symo 24.0-3 480 (3),,,24.0,parsed_from_inverter_name,186.4,,
fronius,2024-08-11,d95b5e9d-f2d5-4950-85a9-909e52f727ba,Penner Farms - SE 27-8-13 (site 2),a9f3ac23-6f93-447b-9037-adff01636562,Symo 24.0-3 480 (2),,,24.0,parsed_from_inverter_name,144.62,,
fronius,2024-08-11,d95b5e9d-f2d5-4950-85a9-909e52f727ba,Penner Farms - SE 27-8-13 (site 2),b8a6c9fe-5838-42e7-9faa-adff01636559,Symo 24.0-3 480 (1),,,24.0,parsed_from_inverter_name,143.02,,
fronius,2024-08-11,d95b5e9d-f2d5-4950-85a9-909e52f727ba,Penner Farms - SE 27-8-13 (site 2),c3ec3bd8-8836-45bb-97b7-adff01636570,Symo 24.0-3 480 (3),,,24.0,parsed_from_inverter_name,144.94,,
fronius,2024-08-12,d95b5e9d-f2d5-4950-85a9-909e52f727ba,Penner Farms - SE 27-8-13 (site 2),a9f3ac23-6f93-447b-9037-adff01636562,Symo 24.0-3 480 (2),,,24.0,parsed_from_inverter_name,155.53,,
fronius,2024-08-12,d95b5e9d-f2d5-4950-85a9-909e52f727ba,Penner Farms - SE 27-8-13 (site 2),b8a6c9fe-5838-42e7-9faa-adff01636559,Symo 24.0-3 480 (1),,,24.0,parsed_from_inverter_name,153.54,,
fronius,2024-08-12,d95b5e9d-f2d5-4950-85a9-909e52f727ba,Penner Farms - SE 27-8-13 (site 2),c3ec3bd8-8836-45bb-97b7-adff01636570,Symo 24.0-3 480 (3),,,24.0,parsed_from_inverter_name,156.05,,
fronius,2024-08-13,d95b5e9d-f2d5-4950-85a9-909e52f727ba,Penner Farms - SE 27-8-13 (site 2),a9f3ac23-6f93-447b-9037-adff01636562,Symo 24.0-3 480 (2),,,24.0,parsed_from_inverter_name,182.63,,
fronius,2024-08-13,d95b5e9d-f2d5-4950-85a9-909e52f727ba,Penner Farms - SE 27-8-13 (site 2),b8a6c9fe-5838-42e7-9faa-adff01636559,Symo 24.0-3 480 (1),,,24.0,parsed_from_inverter_name,181.81,,
fronius,2024-08-13,d95b5e9d-f2d5-4950-85a9-909e52f727ba,Penner Farms - SE 27-8-13 (site 2),c3ec3bd8-8836-45bb-97b7-adff01636570,Symo 24.0-3 480 (3),,,24.0,parsed_from_inverter_name,182.7,,
fronius,2024-08-14,d95b5e9d-f2d5-4950-85a9-909e52f727ba,Penner Farms - SE 27-8-13 (site 2),a9f3ac23-6f93-447b-9037-adff01636562,Symo 24.0-3 480 (2),,,24.0,parsed_from_inverter_name,187.55,,
fronius,2024-08-14,d95b5e9d-f2d5-4950-85a9-909e52f727ba,Penner Farms - SE 27-8-13 (site 2),b8a6c9fe-5838-42e7-9faa-adff01636559,Symo 24.0-3 480 (1),,,24.0,parsed_from_inverter_name,186.55,,
fronius,2024-08-14,d95b5e9d-f2d5-4950-85a9-909e52f727ba,Penner Farms - SE 27-8-13 (site 2),c3ec3bd8-8836-45bb-97b7-adff01636570,Symo 24.0-3 480 (3),,,24.0,parsed_from_inverter_name,187.68,,
fronius,2024-08-15,d95b5e9d-f2d5-4950-85a9-909e52f727ba,Penner Farms - SE 27-8-13 (site 2),a9f3ac23-6f93-447b-9037-adff01636562,Symo 24.0-3 480 (2),,,24.0,parsed_from_inverter_name,141.0,,
fronius,2024-08-15,d95b5e9d-f2d5-4950-85a9-909e52f727ba,Penner Farms - SE 27-8-13 (site 2),b8a6c9fe-5838-42e7-9faa-adff01636559,Symo 24.0-3 480 (1),,,24.0,parsed_from_inverter_name,139.67,,
fronius,2024-08-15,d95b5e9d-f2d5-4950-85a9-909e52f727ba,Penner Farms - SE 27-8-13 (site 2),c3ec3bd8-8836-45bb-97b7-adff01636570,Symo 24.0-3 480 (3),,,24.0,parsed_from_inverter_name,140.89,,
fronius,2024-08-16,d95b5e9d-f2d5-4950-85a9-909e52f727ba,Penner Farms - SE 27-8-13 (site 2),a9f3ac23-6f93-447b-9037-adff01636562,Symo 24.0-3 480 (2),,,24.0,parsed_from_inverter_name,92.93,,
fronius,2024-08-16,d95b5e9d-f2d5-4950-85a9-909e52f727ba,Penner Farms - SE 27-8-13 (site 2),b8a6c9fe-5838-42e7-9faa-adff01636559,Symo 24.0-3 480 (1),,,24.0,parsed_from_inverter_name,91.96,,
fronius,2024-08-16,d95b5e9d-f2d5-4950-85a9-909e52f727ba,Penner Farms - SE 27-8-13 (site 2),c3ec3bd8-8836-45bb-97b7-adff01636570,Symo 24.0-3 480 (3),,,24.0,parsed_from_inverter_name,93.44,,
fronius,2024-08-17,d95b5e9d-f2d5-4950-85a9-909e52f727ba,Penner Farms - SE 27-8-13 (site 2),a9f3ac23-6f93-447b-9037-adff01636562,Symo 24.0-3 480 (2),,,24.0,parsed_from_inverter_name,195.36,,
fronius,2024-08-17,d95b5e9d-f2d5-4950-85a9-909e52f727ba,Penner Farms - SE 27-8-13 (site 2),b8a6c9fe-5838-42e7-9faa-adff01636559,Symo 24.0-3 480 (1),,,24.0,parsed_from_inverter_name,194.74,,
fronius,2024-08-17,d95b5e9d-f2d5-4950-85a9-909e52f727ba,Penner Farms - SE 27-8-13 (site 2),c3ec3bd8-8836-45bb-97b7-adff01636570,Symo 24.0-3 480 (3),,,24.0,parsed_from_inverter_name,195.05,,
fronius,2024-08-18,d95b5e9d-f2d5-4950-85a9-909e52f727ba,Penner Farms - SE 27-8-13 (site 2),a9f3ac23-6f93-447b-9037-adff01636562,Symo 24.0-3 480 (2),,,24.0,parsed_from_inverter_name,171.46,,
fronius,2024-08-18,d95b5e9d-f2d5-4950-85a9-909e52f727ba,Penner Farms - SE 27-8-13 (site 2),b8a6c9fe-5838-42e7-9faa-adff01636559,Symo 24.0-3 480 (1),,,24.0,parsed_from_inverter_name,170.08,,
fronius,2024-08-18,d95b5e9d-f2d5-4950-85a9-909e52f727ba,Penner Farms - SE 27-8-13 (site 2),c3ec3bd8-8836-45bb-97b7-adff01636570,Symo 24.0-3 480 (3),,,24.0,parsed_from_inverter_name,171.52,,
fronius,2024-08-19,d95b5e9d-f2d5-4950-85a9-909e52f727ba,Penner Farms - SE 27-8-13 (site 2),a9f3ac23-6f93-447b-9037-adff01636562,Symo 24.0-3 480 (2),,,24.0,parsed_from_inverter_name,184.17,,
fronius,2024-08-19,d95b5e9d-f2d5-4950-85a9-909e52f727ba,Penner Farms - SE 27-8-13 (site 2),b8a6c9fe-5838-42e7-9faa-adff01636559,Symo 24.0-3 480 (1),,,24.0,parsed_from_inverter_name,182.27,,
fronius,2024-08-19,d95b5e9d-f2d5-4950-85a9-909e52f727ba,Penner Farms - SE 27-8-13 (site 2),c3ec3bd8-8836-45bb-97b7-adff01636570,Symo 24.0-3 480 (3),,,24.0,parsed_from_inverter_name,184.0,,
fronius,2024-08-20,d95b5e9d-f2d5-4950-85a9-909e52f727ba,Penner Farms - SE 27-8-13 (site 2),a9f3ac23-6f93-447b-9037-adff01636562,Symo 24.0-3 480 (2),,,24.0,parsed_from_inverter_name,149.99,,
fronius,2024-08-20,d95b5e9d-f2d5-4950-85a9-909e52f727ba,Penner Farms - SE 27-8-13 (site 2),b8a6c9fe-5838-42e7-9faa-adff01636559,Symo 24.0-3 480 (1),,,24.0,parsed_from_inverter_name,148.86,,
fronius,2024-08-20,d95b5e9d-f2d5-4950-85a9-909e52f727ba,Penner Farms - SE 27-8-13 (site 2),c3ec3bd8-8836-45bb-97b7-adff01636570,Symo 24.0-3 480 (3),,,24.0,parsed_from_inverter_name,149.87,,
fronius,2024-08-21,d95b5e9d-f2d5-4950-85a9-909e52f727ba,Penner Farms - SE 27-8-13 (site 2),a9f3ac23-6f93-447b-9037-adff01636562,Symo 24.0-3 480 (2),,,24.0,parsed_from_inverter_name,136.32,,
fronius,2024-08-21,d95b5e9d-f2d5-4950-85a9-909e52f727ba,Penner Farms - SE 27-8-13 (site 2),b8a6c9fe-5838-42e7-9faa-adff01636559,Symo 24.0-3 480 (1),,,24.0,parsed_from_inverter_name,135.69,,
fronius,2024-08-21,d95b5e9d-f2d5-4950-85a9-909e52f727ba,Penner Farms - SE 27-8-13 (site 2),c3ec3bd8-8836-45bb-97b7-adff01636570,Symo 24.0-3 480 (3),,,24.0,parsed_from_inverter_name,136.06,,
fronius,2024-08-22,d95b5e9d-f2d5-4950-85a9-909e52f727ba,Penner Farms - SE 27-8-13 (site 2),a9f3ac23-6f93-447b-9037-adff01636562,Symo 24.0-3 480 (2),,,24.0,parsed_from_inverter_name,192.07,,
fronius,2024-08-22,d95b5e9d-f2d5-4950-85a9-909e52f727ba,Penner Farms - SE 27-8-13 (site 2),b8a6c9fe-5838-42e7-9faa-adff01636559,Symo 24.0-3 480 (1),,,24.0,parsed_from_inverter_name,191.1,,
fronius,2024-08-22,d95b5e9d-f2d5-4950-85a9-909e52f727ba,Penner Farms - SE 27-8-13 (site 2),c3ec3bd8-8836-45bb-97b7-adff01636570,Symo 24.0-3 480 (3),,,24.0,parsed_from_inverter_name,191.69,,
fronius,2024-08-23,d95b5e9d-f2d5-4950-85a9-909e52f727ba,Penner Farms - SE 27-8-13 (site 2),a9f3ac23-6f93-447b-9037-adff01636562,Symo 24.0-3 480 (2),,,24.0,parsed_from_inverter_name,147.78,,
fronius,2024-08-23,d95b5e9d-f2d5-4950-85a9-909e52f727ba,Penner Farms - SE 27-8-13 (site 2),b8a6c9fe-5838-42e7-9faa-adff01636559,Symo 24.0-3 480 (1),,,24.0,parsed_from_inverter_name,145.9,,
fronius,2024-08-23,d95b5e9d-f2d5-4950-85a9-909e52f727ba,Penner Farms - SE 27-8-13 (site 2),c3ec3bd8-8836-45bb-97b7-adff01636570,Symo 24.0-3 480 (3),,,24.0,parsed_from_inverter_name,147.82,,
fronius,2024-08-24,d95b5e9d-f2d5-4950-85a9-909e52f727ba,Penner Farms - SE 27-8-13 (site 2),a9f3ac23-6f93-447b-9037-adff01636562,Symo 24.0-3 480 (2),,,24.0,parsed_from_inverter_name,168.6,,
fronius,2024-08-24,d95b5e9d-f2d5-4950-85a9-909e52f727ba,Penner Farms - SE 27-8-13 (site 2),b8a6c9fe-5838-42e7-9faa-adff01636559,Symo 24.0-3 480 (1),,,24.0,parsed_from_inverter_name,167.97,,
fronius,2024-08-24,d95b5e9d-f2d5-4950-85a9-909e52f727ba,Penner Farms - SE 27-8-13 (site 2),c3ec3bd8-8836-45bb-97b7-adff01636570,Symo 24.0-3 480 (3),,,24.0,parsed_from_inverter_name,168.56,,
fronius,2024-08-25,d95b5e9d-f2d5-4950-85a9-909e52f727ba,Penner Farms - SE 27-8-13 (site 2),a9f3ac23-6f93-447b-9037-adff01636562,Symo 24.0-3 480 (2),,,24.0,parsed_from_inverter_name,194.83,,
fronius,2024-08-25,d95b5e9d-f2d5-4950-85a9-909e52f727ba,Penner Farms - SE 27-8-13 (site 2),b8a6c9fe-5838-42e7-9faa-adff01636559,Symo 24.0-3 480 (1),,,24.0,parsed_from_inverter_name,194.44,,
fronius,2024-08-25,d95b5e9d-f2d5-4950-85a9-909e52f727ba,Penner Farms - SE 27-8-13 (site 2),c3ec3bd8-8836-45bb-97b7-adff01636570,Symo 24.0-3 480 (3),,,24.0,parsed_from_inverter_name,194.55,,
fronius,2024-08-26,d95b5e9d-f2d5-4950-85a9-909e52f727ba,Penner Farms - SE 27-8-13 (site 2),a9f3ac23-6f93-447b-9037-adff01636562,Symo 24.0-3 480 (2),,,24.0,parsed_from_inverter_name,189.26,,
fronius,2024-08-26,d95b5e9d-f2d5-4950-85a9-909e52f727ba,Penner Farms - SE 27-8-13 (site 2),b8a6c9fe-5838-42e7-9faa-adff01636559,Symo 24.0-3 480 (1),,,24.0,parsed_from_inverter_name,188.05,,
fronius,2024-08-26,d95b5e9d-f2d5-4950-85a9-909e52f727ba,Penner Farms - SE 27-8-13 (site 2),c3ec3bd8-8836-45bb-97b7-adff01636570,Symo 24.0-3 480 (3),,,24.0,parsed_from_inverter_name,188.98,,
fronius,2024-08-27,d95b5e9d-f2d5-4950-85a9-909e52f727ba,Penner Farms - SE 27-8-13 (site 2),a9f3ac23-6f93-447b-9037-adff01636562,Symo 24.0-3 480 (2),,,24.0,parsed_from_inverter_name,127.08,,
fronius,2024-08-27,d95b5e9d-f2d5-4950-85a9-909e52f727ba,Penner Farms - SE 27-8-13 (site 2),b8a6c9fe-5838-42e7-9faa-adff01636559,Symo 24.0-3 480 (1),,,24.0,parsed_from_inverter_name,126.07,,
fronius,2024-08-27,d95b5e9d-f2d5-4950-85a9-909e52f727ba,Penner Farms - SE 27-8-13 (site 2),c3ec3bd8-8836-45bb-97b7-adff01636570,Symo 24.0-3 480 (3),,,24.0,parsed_from_inverter_name,127.39,,
fronius,2024-08-28,d95b5e9d-f2d5-4950-85a9-909e52f727ba,Penner Farms - SE 27-8-13 (site 2),a9f3ac23-6f93-447b-9037-adff01636562,Symo 24.0-3 480 (2),,,24.0,parsed_from_inverter_name,85.94,,
fronius,2024-08-28,d95b5e9d-f2d5-4950-85a9-909e52f727ba,Penner Farms - SE 27-8-13 (site 2),b8a6c9fe-5838-42e7-9faa-adff01636559,Symo 24.0-3 480 (1),,,24.0,parsed_from_inverter_name,84.86,,
fronius,2024-08-28,d95b5e9d-f2d5-4950-85a9-909e52f727ba,Penner Farms - SE 27-8-13 (site 2),c3ec3bd8-8836-45bb-97b7-adff01636570,Symo 24.0-3 480 (3),,,24.0,parsed_from_inverter_name,86.46,,
fronius,2024-08-29,d95b5e9d-f2d5-4950-85a9-909e52f727ba,Penner Farms - SE 27-8-13 (site 2),a9f3ac23-6f93-447b-9037-adff01636562,Symo 24.0-3 480 (2),,,24.0,parsed_from_inverter_name,197.26,,
fronius,2024-08-29,d95b5e9d-f2d5-4950-85a9-909e52f727ba,Penner Farms - SE 27-8-13 (site 2),b8a6c9fe-5838-42e7-9faa-adff01636559,Symo 24.0-3 480 (1),,,24.0,parsed_from_inverter_name,197.15,,
fronius,2024-08-29,d95b5e9d-f2d5-4950-85a9-909e52f727ba,Penner Farms - SE 27-8-13 (site 2),c3ec3bd8-8836-45bb-97b7-adff01636570,Symo 24.0-3 480 (3),,,24.0,parsed_from_inverter_name,153.75,,
fronius,2024-08-30,d95b5e9d-f2d5-4950-85a9-909e52f727ba,Penner Farms - SE 27-8-13 (site 2),a9f3ac23-6f93-447b-9037-adff01636562,Symo 24.0-3 480 (2),,,24.0,parsed_from_inverter_name,186.56,,
fronius,2024-08-30,d95b5e9d-f2d5-4950-85a9-909e52f727ba,Penner Farms - SE 27-8-13 (site 2),b8a6c9fe-5838-42e7-9faa-adff01636559,Symo 24.0-3 480 (1),,,24.0,parsed_from_inverter_name,186.51,,
fronius,2024-08-30,d95b5e9d-f2d5-4950-85a9-909e52f727ba,Penner Farms - SE 27-8-13 (site 2),c3ec3bd8-8836-45bb-97b7-adff01636570,Symo 24.0-3 480 (3),,,24.0,parsed_from_inverter_name,186.54,,
fronius,2024-08-31,d95b5e9d-f2d5-4950-85a9-909e52f727ba,Penner Farms - SE 27-8-13 (site 2),a9f3ac23-6f93-447b-9037-adff01636562,Symo 24.0-3 480 (2),,,24.0,parsed_from_inverter_name,191.72,,
fronius,2024-08-31,d95b5e9d-f2d5-4950-85a9-909e52f727ba,Penner Farms - SE 27-8-13 (site 2),b8a6c9fe-5838-42e7-9faa-adff01636559,Symo 24.0-3 480 (1),,,24.0,parsed_from_inverter_name,191.09,,
fronius,2024-08-31,d95b5e9d-f2d5-4950-85a9-909e52f727ba,Penner Farms - SE 27-8-13 (site 2),c3ec3bd8-8836-45bb-97b7-adff01636570,Symo 24.0-3 480 (3),,,24.0,parsed_from_inverter_name,191.63,,
fronius,2024-09-01,d95b5e9d-f2d5-4950-85a9-909e52f727ba,Penner Farms - SE 27-8-13 (site 2),a9f3ac23-6f93-447b-9037-adff01636562,Symo 24.0-3 480 (2),,,24.0,parsed_from_inverter_name,191.77,,
fronius,2024-09-01,d95b5e9d-f2d5-4950-85a9-909e52f727ba,Penner Farms - SE 27-8-13 (site 2),b8a6c9fe-5838-42e7-9faa-adff01636559,Symo 24.0-3 480 (1),,,24.0,parsed_from_inverter_name,190.14,,
fronius,2024-09-01,d95b5e9d-f2d5-4950-85a9-909e52f727ba,Penner Farms - SE 27-8-13 (site 2),c3ec3bd8-8836-45bb-97b7-adff01636570,Symo 24.0-3 480 (3),,,24.0,parsed_from_inverter_name,191.47,,
fronius,2024-09-02,d95b5e9d-f2d5-4950-85a9-909e52f727ba,Penner Farms - SE 27-8-13 (site 2),a9f3ac23-6f93-447b-9037-adff01636562,Symo 24.0-3 480 (2),,,24.0,parsed_from_inverter_name,179.32,,
fronius,2024-09-02,d95b5e9d-f2d5-4950-85a9-909e52f727ba,Penner Farms - SE 27-8-13 (site 2),b8a6c9fe-5838-42e7-9faa-adff01636559,Symo 24.0-3 480 (1),,,24.0,parsed_from_inverter_name,178.62,,
fronius,2024-09-02,d95b5e9d-f2d5-4950-85a9-909e52f727ba,Penner Farms - SE 27-8-13 (site 2),c3ec3bd8-8836-45bb-97b7-adff01636570,Symo 24.0-3 480 (3),,,24.0,parsed_from_inverter_name,179.2,,
fronius,2024-09-03,d95b5e9d-f2d5-4950-85a9-909e52f727ba,Penner Farms - SE 27-8-13 (site 2),a9f3ac23-6f93-447b-9037-adff01636562,Symo 24.0-3 480 (2),,,24.0,parsed_from_inverter_name,157.04,,
fronius,2024-09-03,d95b5e9d-f2d5-4950-85a9-909e52f727ba,Penner Farms - SE 27-8-13 (site 2),b8a6c9fe-5838-42e7-9faa-adff01636559,Symo 24.0-3 480 (1),,,24.0,parsed_from_inverter_name,156.48,,
fronius,2024-09-03,d95b5e9d-f2d5-4950-85a9-909e52f727ba,Penner Farms - SE 27-8-13 (site 2),c3ec3bd8-8836-45bb-97b7-adff01636570,Symo 24.0-3 480 (3),,,24.0,parsed_from_inverter_name,125.93,,
fronius,2024-09-04,d95b5e9d-f2d5-4950-85a9-909e52f727ba,Penner Farms - SE 27-8-13 (site 2),a9f3ac23-6f93-447b-9037-adff01636562,Symo 24.0-3 480 (2),,,24.0,parsed_from_inverter_name,174.46,,
fronius,2024-09-04,d95b5e9d-f2d5-4950-85a9-909e52f727ba,Penner Farms - SE 27-8-13 (site 2),b8a6c9fe-5838-42e7-9faa-adff01636559,Symo 24.0-3 480 (1),,,24.0,parsed_from_inverter_name,173.92,,
fronius,2024-09-04,d95b5e9d-f2d5-4950-85a9-909e52f727ba,Penner Farms - SE 27-8-13 (site 2),c3ec3bd8-8836-45bb-97b7-adff01636570,Symo 24.0-3 480 (3),,,24.0,parsed_from_inverter_name,174.31,,
fronius,2024-09-05,d95b5e9d-f2d5-4950-85a9-909e52f727ba,Penner Farms - SE 27-8-13 (site 2),a9f3ac23-6f93-447b-9037-adff01636562,Symo 24.0-3 480 (2),,,24.0,parsed_from_inverter_name,185.75,,
fronius,2024-09-05,d95b5e9d-f2d5-4950-85a9-909e52f727ba,Penner Farms - SE 27-8-13 (site 2),b8a6c9fe-5838-42e7-9faa-adff01636559,Symo 24.0-3 480 (1),,,24.0,parsed_from_inverter_name,184.52,,
fronius,2024-09-05,d95b5e9d-f2d5-4950-85a9-909e52f727ba,Penner Farms - SE 27-8-13 (site 2),c3ec3bd8-8836-45bb-97b7-adff01636570,Symo 24.0-3 480 (3),,,24.0,parsed_from_inverter_name,184.51,,
fronius,2024-09-06,d95b5e9d-f2d5-4950-85a9-909e52f727ba,Penner Farms - SE 27-8-13 (site 2),a9f3ac23-6f93-447b-9037-adff01636562,Symo 24.0-3 480 (2),,,24.0,parsed_from_inverter_name,187.01,,
fronius,2024-09-06,d95b5e9d-f2d5-4950-85a9-909e52f727ba,Penner Farms - SE 27-8-13 (site 2),b8a6c9fe-5838-42e7-9faa-adff01636559,Symo 24.0-3 480 (1),,,24.0,parsed_from_inverter_name,185.37,,
fronius,2024-09-06,d95b5e9d-f2d5-4950-85a9-909e52f727ba,Penner Farms - SE 27-8-13 (site 2),c3ec3bd8-8836-45bb-97b7-adff01636570,Symo 24.0-3 480 (3),,,24.0,parsed_from_inverter_name,186.33,,
fronius,2024-09-07,d95b5e9d-f2d5-4950-85a9-909e52f727ba,Penner Farms - SE 27-8-13 (site 2),a9f3ac23-6f93-447b-9037-adff01636562,Symo 24.0-3 480 (2),,,24.0,parsed_from_inverter_name,185.71,,
fronius,2024-09-07,d95b5e9d-f2d5-4950-85a9-909e52f727ba,Penner Farms - SE 27-8-13 (site 2),b8a6c9fe-5838-42e7-9faa-adff01636559,Symo 24.0-3 480 (1),,,24.0,parsed_from_inverter_name,185.56,,
fronius,2024-09-07,d95b5e9d-f2d5-4950-85a9-909e52f727ba,Penner Farms - SE 27-8-13 (site 2),c3ec3bd8-8836-45bb-97b7-adff01636570,Symo 24.0-3 480 (3),,,24.0,parsed_from_inverter_name,184.78,,
fronius,2024-09-08,d95b5e9d-f2d5-4950-85a9-909e52f727ba,Penner Farms - SE 27-8-13 (site 2),a9f3ac23-6f93-447b-9037-adff01636562,Symo 24.0-3 480 (2),,,24.0,parsed_from_inverter_name,175.79,,
fronius,2024-09-08,d95b5e9d-f2d5-4950-85a9-909e52f727ba,Penner Farms - SE 27-8-13 (site 2),b8a6c9fe-5838-42e7-9faa-adff01636559,Symo 24.0-3 480 (1),,,24.0,parsed_from_inverter_name,175.15,,
fronius,2024-09-08,d95b5e9d-f2d5-4950-85a9-909e52f727ba,Penner Farms - SE 27-8-13 (site 2),c3ec3bd8-8836-45bb-97b7-adff01636570,Symo 24.0-3 480 (3),,,24.0,parsed_from_inverter_name,174.88,,
fronius,2024-09-09,d95b5e9d-f2d5-4950-85a9-909e52f727ba,Penner Farms - SE 27-8-13 (site 2),a9f3ac23-6f93-447b-9037-adff01636562,Symo 24.0-3 480 (2),,,24.0,parsed_from_inverter_name,124.72,,
fronius,2024-09-09,d95b5e9d-f2d5-4950-85a9-909e52f727ba,Penner Farms - SE 27-8-13 (site 2),b8a6c9fe-5838-42e7-9faa-adff01636559,Symo 24.0-3 480 (1),,,24.0,parsed_from_inverter_name,122.02,,
fronius,2024-09-09,d95b5e9d-f2d5-4950-85a9-909e52f727ba,Penner Farms - SE 27-8-13 (site 2),c3ec3bd8-8836-45bb-97b7-adff01636570,Symo 24.0-3 480 (3),,,24.0,parsed_from_inverter_name,123.96,,
fronius,2024-09-10,d95b5e9d-f2d5-4950-85a9-909e52f727ba,Penner Farms - SE 27-8-13 (site 2),a9f3ac23-6f93-447b-9037-adff01636562,Symo 24.0-3 480 (2),,,24.0,parsed_from_inverter_name,154.12,,
fronius,2024-09-10,d95b5e9d-f2d5-4950-85a9-909e52f727ba,Penner Farms - SE 27-8-13 (site 2),b8a6c9fe-5838-42e7-9faa-adff01636559,Symo 24.0-3 480 (1),,,24.0,parsed_from_inverter_name,152.92,,
fronius,2024-09-10,d95b5e9d-f2d5-4950-85a9-909e52f727ba,Penner Farms - SE 27-8-13 (site 2),c3ec3bd8-8836-45bb-97b7-adff01636570,Symo 24.0-3 480 (3),,,24.0,parsed_from_inverter_name,154.01,,
fronius,2024-09-11,d95b5e9d-f2d5-4950-85a9-909e52f727ba,Penner Farms - SE 27-8-13 (site 2),a9f3ac23-6f93-447b-9037-adff01636562,Symo 24.0-3 480 (2),,,24.0,parsed_from_inverter_name,76.76,,
fronius,2024-09-11,d95b5e9d-f2d5-4950-85a9-909e52f727ba,Penner Farms - SE 27-8-13 (site 2),b8a6c9fe-5838-42e7-9faa-adff01636559,Symo 24.0-3 480 (1),,,24.0,parsed_from_inverter_name,76.2,,
fronius,2024-09-11,d95b5e9d-f2d5-4950-85a9-909e52f727ba,Penner Farms - SE 27-8-13 (site 2),c3ec3bd8-8836-45bb-97b7-adff01636570,Symo 24.0-3 480 (3),,,24.0,parsed_from_inverter_name,76.88,,
fronius,2024-09-12,d95b5e9d-f2d5-4950-85a9-909e52f727ba,Penner Farms - SE 27-8-13 (site 2),a9f3ac23-6f93-447b-9037-adff01636562,Symo 24.0-3 480 (2),,,24.0,parsed_from_inverter_name,12.99,,
fronius,2024-09-12,d95b5e9d-f2d5-4950-85a9-909e52f727ba,Penner Farms - SE 27-8-13 (site 2),b8a6c9fe-5838-42e7-9faa-adff01636559,Symo 24.0-3 480 (1),,,24.0,parsed_from_inverter_name,12.87,,
fronius,2024-09-12,d95b5e9d-f2d5-4950-85a9-909e52f727ba,Penner Farms - SE 27-8-13 (site 2),c3ec3bd8-8836-45bb-97b7-adff01636570,Symo 24.0-3 480 (3),,,24.0,parsed_from_inverter_name,13.02,,
fronius,2024-09-13,d95b5e9d-f2d5-4950-85a9-909e52f727ba,Penner Farms - SE 27-8-13 (site 2),a9f3ac23-6f93-447b-9037-adff01636562,Symo 24.0-3 480 (2),,,24.0,parsed_from_inverter_name,140.52,,
fronius,2024-09-13,d95b5e9d-f2d5-4950-85a9-909e52f727ba,Penner Farms - SE 27-8-13 (site 2),b8a6c9fe-5838-42e7-9faa-adff01636559,Symo 24.0-3 480 (1),,,24.0,parsed_from_inverter_name,139.73,,
fronius,2024-09-13,d95b5e9d-f2d5-4950-85a9-909e52f727ba,Penner Farms - SE 27-8-13 (site 2),c3ec3bd8-8836-45bb-97b7-adff01636570,Symo 24.0-3 480 (3),,,24.0,parsed_from_inverter_name,139.74,,
fronius,2024-09-14,d95b5e9d-f2d5-4950-85a9-909e52f727ba,Penner Farms - SE 27-8-13 (site 2),a9f3ac23-6f93-447b-9037-adff01636562,Symo 24.0-3 480 (2),,,24.0,parsed_from_inverter_name,127.82,,
fronius,2024-09-14,d95b5e9d-f2d5-4950-85a9-909e52f727ba,Penner Farms - SE 27-8-13 (site 2),b8a6c9fe-5838-42e7-9faa-adff01636559,Symo 24.0-3 480 (1),,,24.0,parsed_from_inverter_name,126.94,,
fronius,2024-09-14,d95b5e9d-f2d5-4950-85a9-909e52f727ba,Penner Farms - SE 27-8-13 (site 2),c3ec3bd8-8836-45bb-97b7-adff01636570,Symo 24.0-3 480 (3),,,24.0,parsed_from_inverter_name,127.07,,
fronius,2024-09-15,d95b5e9d-f2d5-4950-85a9-909e52f727ba,Penner Farms - SE 27-8-13 (site 2),a9f3ac23-6f93-447b-9037-adff01636562,Symo 24.0-3 480 (2),,,24.0,parsed_from_inverter_name,115.92,,
fronius,2024-09-15,d95b5e9d-f2d5-4950-85a9-909e52f727ba,Penner Farms - SE 27-8-13 (site 2),b8a6c9fe-5838-42e7-9faa-adff01636559,Symo 24.0-3 480 (1),,,24.0,parsed_from_inverter_name,115.37,,
fronius,2024-09-15,d95b5e9d-f2d5-4950-85a9-909e52f727ba,Penner Farms - SE 27-8-13 (site 2),c3ec3bd8-8836-45bb-97b7-adff01636570,Symo 24.0-3 480 (3),,,24.0,parsed_from_inverter_name,116.15,,
fronius,2024-09-16,d95b5e9d-f2d5-4950-85a9-909e52f727ba,Penner Farms - SE 27-8-13 (site 2),a9f3ac23-6f93-447b-9037-adff01636562,Symo 24.0-3 480 (2),,,24.0,parsed_from_inverter_name,173.87,,
fronius,2024-09-16,d95b5e9d-f2d5-4950-85a9-909e52f727ba,Penner Farms - SE 27-8-13 (site 2),b8a6c9fe-5838-42e7-9faa-adff01636559,Symo 24.0-3 480 (1),,,24.0,parsed_from_inverter_name,173.14,,
fronius,2024-09-16,d95b5e9d-f2d5-4950-85a9-909e52f727ba,Penner Farms - SE 27-8-13 (site 2),c3ec3bd8-8836-45bb-97b7-adff01636570,Symo 24.0-3 480 (3),,,24.0,parsed_from_inverter_name,173.22,,
fronius,2024-09-17,d95b5e9d-f2d5-4950-85a9-909e52f727ba,Penner Farms - SE 27-8-13 (site 2),a9f3ac23-6f93-447b-9037-adff01636562,Symo 24.0-3 480 (2),,,24.0,parsed_from_inverter_name,132.07,,
fronius,2024-09-17,d95b5e9d-f2d5-4950-85a9-909e52f727ba,Penner Farms - SE 27-8-13 (site 2),b8a6c9fe-5838-42e7-9faa-adff01636559,Symo 24.0-3 480 (1),,,24.0,parsed_from_inverter_name,130.7,,
fronius,2024-09-17,d95b5e9d-f2d5-4950-85a9-909e52f727ba,Penner Farms - SE 27-8-13 (site 2),c3ec3bd8-8836-45bb-97b7-adff01636570,Symo 24.0-3 480 (3),,,24.0,parsed_from_inverter_name,130.95,,
fronius,2024-09-18,d95b5e9d-f2d5-4950-85a9-909e52f727ba,Penner Farms - SE 27-8-13 (site 2),a9f3ac23-6f93-447b-9037-adff01636562,Symo 24.0-3 480 (2),,,24.0,parsed_from_inverter_name,33.01,,
fronius,2024-09-18,d95b5e9d-f2d5-4950-85a9-909e52f727ba,Penner Farms - SE 27-8-13 (site 2),b8a6c9fe-5838-42e7-9faa-adff01636559,Symo 24.0-3 480 (1),,,24.0,parsed_from_inverter_name,32.72,,
fronius,2024-09-18,d95b5e9d-f2d5-4950-85a9-909e52f727ba,Penner Farms - SE 27-8-13 (site 2),c3ec3bd8-8836-45bb-97b7-adff01636570,Symo 24.0-3 480 (3),,,24.0,parsed_from_inverter_name,32.99,,
fronius,2024-09-19,d95b5e9d-f2d5-4950-85a9-909e52f727ba,Penner Farms - SE 27-8-13 (site 2),a9f3ac23-6f93-447b-9037-adff01636562,Symo 24.0-3 480 (2),,,24.0,parsed_from_inverter_name,145.24,,
fronius,2024-09-19,d95b5e9d-f2d5-4950-85a9-909e52f727ba,Penner Farms - SE 27-8-13 (site 2),b8a6c9fe-5838-42e7-9faa-adff01636559,Symo 24.0-3 480 (1),,,24.0,parsed_from_inverter_name,144.33,,
fronius,2024-09-19,d95b5e9d-f2d5-4950-85a9-909e52f727ba,Penner Farms - SE 27-8-13 (site 2),c3ec3bd8-8836-45bb-97b7-adff01636570,Symo 24.0-3 480 (3),,,24.0,parsed_from_inverter_name,144.52,,
fronius,2024-09-20,d95b5e9d-f2d5-4950-85a9-909e52f727ba,Penner Farms - SE 27-8-13 (site 2),a9f3ac23-6f93-447b-9037-adff01636562,Symo 24.0-3 480 (2),,,24.0,parsed_from_inverter_name,30.49,,
fronius,2024-09-20,d95b5e9d-f2d5-4950-85a9-909e52f727ba,Penner Farms - SE 27-8-13 (site 2),b8a6c9fe-5838-42e7-9faa-adff01636559,Symo 24.0-3 480 (1),,,24.0,parsed_from_inverter_name,30.16,,
fronius,2024-09-20,d95b5e9d-f2d5-4950-85a9-909e52f727ba,Penner Farms - SE 27-8-13 (site 2),c3ec3bd8-8836-45bb-97b7-adff01636570,Symo 24.0-3 480 (3),,,24.0,parsed_from_inverter_name,30.53,,
fronius,2024-09-21,d95b5e9d-f2d5-4950-85a9-909e52f727ba,Penner Farms - SE 27-8-13 (site 2),a9f3ac23-6f93-447b-9037-adff01636562,Symo 24.0-3 480 (2),,,24.0,parsed_from_inverter_name,184.3,,
fronius,2024-09-21,d95b5e9d-f2d5-4950-85a9-909e52f727ba,Penner Farms - SE 27-8-13 (site 2),b8a6c9fe-5838-42e7-9faa-adff01636559,Symo 24.0-3 480 (1),,,24.0,parsed_from_inverter_name,180.92,,
fronius,2024-09-21,d95b5e9d-f2d5-4950-85a9-909e52f727ba,Penner Farms - SE 27-8-13 (site 2),c3ec3bd8-8836-45bb-97b7-adff01636570,Symo 24.0-3 480 (3),,,24.0,parsed_from_inverter_name,131.54,,
fronius,2024-09-22,d95b5e9d-f2d5-4950-85a9-909e52f727ba,Penner Farms - SE 27-8-13 (site 2),a9f3ac23-6f93-447b-9037-adff01636562,Symo 24.0-3 480 (2),,,24.0,parsed_from_inverter_name,138.99,,
fronius,2024-09-22,d95b5e9d-f2d5-4950-85a9-909e52f727ba,Penner Farms - SE 27-8-13 (site 2),b8a6c9fe-5838-42e7-9faa-adff01636559,Symo 24.0-3 480 (1),,,24.0,parsed_from_inverter_name,138.32,,
fronius,2024-09-22,d95b5e9d-f2d5-4950-85a9-909e52f727ba,Penner Farms - SE 27-8-13 (site 2),c3ec3bd8-8836-45bb-97b7-adff01636570,Symo 24.0-3 480 (3),,,24.0,parsed_from_inverter_name,137.99,,
fronius,2024-09-23,d95b5e9d-f2d5-4950-85a9-909e52f727ba,Penner Farms - SE 27-8-13 (site 2),a9f3ac23-6f93-447b-9037-adff01636562,Symo 24.0-3 480 (2),,,24.0,parsed_from_inverter_name,166.37,,
fronius,2024-09-23,d95b5e9d-f2d5-4950-85a9-909e52f727ba,Penner Farms - SE 27-8-13 (site 2),b8a6c9fe-5838-42e7-9faa-adff01636559,Symo 24.0-3 480 (1),,,24.0,parsed_from_inverter_name,166.11,,
fronius,2024-09-23,d95b5e9d-f2d5-4950-85a9-909e52f727ba,Penner Farms - SE 27-8-13 (site 2),c3ec3bd8-8836-45bb-97b7-adff01636570,Symo 24.0-3 480 (3),,,24.0,parsed_from_inverter_name,165.38,,
fronius,2024-09-24,d95b5e9d-f2d5-4950-85a9-909e52f727ba,Penner Farms - SE 27-8-13 (site 2),a9f3ac23-6f93-447b-9037-adff01636562,Symo 24.0-3 480 (2),,,24.0,parsed_from_inverter_name,169.75,,
fronius,2024-09-24,d95b5e9d-f2d5-4950-85a9-909e52f727ba,Penner Farms - SE 27-8-13 (site 2),b8a6c9fe-5838-42e7-9faa-adff01636559,Symo 24.0-3 480 (1),,,24.0,parsed_from_inverter_name,169.77,,
fronius,2024-09-24,d95b5e9d-f2d5-4950-85a9-909e52f727ba,Penner Farms - SE 27-8-13 (site 2),c3ec3bd8-8836-45bb-97b7-adff01636570,Symo 24.0-3 480 (3),,,24.0,parsed_from_inverter_name,168.39,,
fronius,2024-09-25,d95b5e9d-f2d5-4950-85a9-909e52f727ba,Penner Farms - SE 27-8-13 (site 2),a9f3ac23-6f93-447b-9037-adff01636562,Symo 24.0-3 480 (2),,,24.0,parsed_from_inverter_name,170.65,,
fronius,2024-09-25,d95b5e9d-f2d5-4950-85a9-909e52f727ba,Penner Farms - SE 27-8-13 (site 2),b8a6c9fe-5838-42e7-9faa-adff01636559,Symo 24.0-3 480 (1),,,24.0,parsed_from_inverter_name,169.98,,
fronius,2024-09-25,d95b5e9d-f2d5-4950-85a9-909e52f727ba,Penner Farms - SE 27-8-13 (site 2),c3ec3bd8-8836-45bb-97b7-adff01636570,Symo 24.0-3 480 (3),,,24.0,parsed_from_inverter_name,169.25,,
fronius,2024-09-26,d95b5e9d-f2d5-4950-85a9-909e52f727ba,Penner Farms - SE 27-8-13 (site 2),a9f3ac23-6f93-447b-9037-adff01636562,Symo 24.0-3 480 (2),,,24.0,parsed_from_inverter_name,166.68,,
fronius,2024-09-26,d95b5e9d-f2d5-4950-85a9-909e52f727ba,Penner Farms - SE 27-8-13 (site 2),b8a6c9fe-5838-42e7-9faa-adff01636559,Symo 24.0-3 480 (1),,,24.0,parsed_from_inverter_name,166.44,,
fronius,2024-09-26,d95b5e9d-f2d5-4950-85a9-909e52f727ba,Penner Farms - SE 27-8-13 (site 2),c3ec3bd8-8836-45bb-97b7-adff01636570,Symo 24.0-3 480 (3),,,24.0,parsed_from_inverter_name,165.67,,
fronius,2024-09-27,d95b5e9d-f2d5-4950-85a9-909e52f727ba,Penner Farms - SE 27-8-13 (site 2),a9f3ac23-6f93-447b-9037-adff01636562,Symo 24.0-3 480 (2),,,24.0,parsed_from_inverter_name,175.15,,
fronius,2024-09-27,d95b5e9d-f2d5-4950-85a9-909e52f727ba,Penner Farms - SE 27-8-13 (site 2),b8a6c9fe-5838-42e7-9faa-adff01636559,Symo 24.0-3 480 (1),,,24.0,parsed_from_inverter_name,175.16,,
fronius,2024-09-27,d95b5e9d-f2d5-4950-85a9-909e52f727ba,Penner Farms - SE 27-8-13 (site 2),c3ec3bd8-8836-45bb-97b7-adff01636570,Symo 24.0-3 480 (3),,,24.0,parsed_from_inverter_name,173.98,,
fronius,2024-09-28,d95b5e9d-f2d5-4950-85a9-909e52f727ba,Penner Farms - SE 27-8-13 (site 2),a9f3ac23-6f93-447b-9037-adff01636562,Symo 24.0-3 480 (2),,,24.0,parsed_from_inverter_name,154.65,,
fronius,2024-09-28,d95b5e9d-f2d5-4950-85a9-909e52f727ba,Penner Farms - SE 27-8-13 (site 2),b8a6c9fe-5838-42e7-9faa-adff01636559,Symo 24.0-3 480 (1),,,24.0,parsed_from_inverter_name,154.47,,
fronius,2024-09-28,d95b5e9d-f2d5-4950-85a9-909e52f727ba,Penner Farms - SE 27-8-13 (site 2),c3ec3bd8-8836-45bb-97b7-adff01636570,Symo 24.0-3 480 (3),,,24.0,parsed_from_inverter_name,154.58,,
fronius,2024-09-29,d95b5e9d-f2d5-4950-85a9-909e52f727ba,Penner Farms - SE 27-8-13 (site 2),a9f3ac23-6f93-447b-9037-adff01636562,Symo 24.0-3 480 (2),,,24.0,parsed_from_inverter_name,68.12,,
fronius,2024-09-29,d95b5e9d-f2d5-4950-85a9-909e52f727ba,Penner Farms - SE 27-8-13 (site 2),b8a6c9fe-5838-42e7-9faa-adff01636559,Symo 24.0-3 480 (1),,,24.0,parsed_from_inverter_name,67.38,,
fronius,2024-09-29,d95b5e9d-f2d5-4950-85a9-909e52f727ba,Penner Farms - SE 27-8-13 (site 2),c3ec3bd8-8836-45bb-97b7-adff01636570,Symo 24.0-3 480 (3),,,24.0,parsed_from_inverter_name,68.34,,
fronius,2024-09-30,d95b5e9d-f2d5-4950-85a9-909e52f727ba,Penner Farms - SE 27-8-13 (site 2),a9f3ac23-6f93-447b-9037-adff01636562,Symo 24.0-3 480 (2),,,24.0,parsed_from_inverter_name,168.43,,
fronius,2024-09-30,d95b5e9d-f2d5-4950-85a9-909e52f727ba,Penner Farms - SE 27-8-13 (site 2),b8a6c9fe-5838-42e7-9faa-adff01636559,Symo 24.0-3 480 (1),,,24.0,parsed_from_inverter_name,167.99,,
fronius,2024-09-30,d95b5e9d-f2d5-4950-85a9-909e52f727ba,Penner Farms - SE 27-8-13 (site 2),c3ec3bd8-8836-45bb-97b7-adff01636570,Symo 24.0-3 480 (3),,,24.0,parsed_from_inverter_name,167.36,,
fronius,2024-10-01,d95b5e9d-f2d5-4950-85a9-909e52f727ba,Penner Farms - SE 27-8-13 (site 2),a9f3ac23-6f93-447b-9037-adff01636562,Symo 24.0-3 480 (2),,,24.0,parsed_from_inverter_name,127.91,,
fronius,2024-10-01,d95b5e9d-f2d5-4950-85a9-909e52f727ba,Penner Farms - SE 27-8-13 (site 2),b8a6c9fe-5838-42e7-9faa-adff01636559,Symo 24.0-3 480 (1),,,24.0,parsed_from_inverter_name,127.28,,
fronius,2024-10-01,d95b5e9d-f2d5-4950-85a9-909e52f727ba,Penner Farms - SE 27-8-13 (site 2),c3ec3bd8-8836-45bb-97b7-adff01636570,Symo 24.0-3 480 (3),,,24.0,parsed_from_inverter_name,127.29,,
fronius,2024-10-02,d95b5e9d-f2d5-4950-85a9-909e52f727ba,Penner Farms - SE 27-8-13 (site 2),a9f3ac23-6f93-447b-9037-adff01636562,Symo 24.0-3 480 (2),,,24.0,parsed_from_inverter_name,137.28,,
fronius,2024-10-02,d95b5e9d-f2d5-4950-85a9-909e52f727ba,Penner Farms - SE 27-8-13 (site 2),b8a6c9fe-5838-42e7-9faa-adff01636559,Symo 24.0-3 480 (1),,,24.0,parsed_from_inverter_name,136.93,,
fronius,2024-10-02,d95b5e9d-f2d5-4950-85a9-909e52f727ba,Penner Farms - SE 27-8-13 (site 2),c3ec3bd8-8836-45bb-97b7-adff01636570,Symo 24.0-3 480 (3),,,24.0,parsed_from_inverter_name,137.19,,
fronius,2024-10-03,d95b5e9d-f2d5-4950-85a9-909e52f727ba,Penner Farms - SE 27-8-13 (site 2),a9f3ac23-6f93-447b-9037-adff01636562,Symo 24.0-3 480 (2),,,24.0,parsed_from_inverter_name,173.39,,
fronius,2024-10-03,d95b5e9d-f2d5-4950-85a9-909e52f727ba,Penner Farms - SE 27-8-13 (site 2),b8a6c9fe-5838-42e7-9faa-adff01636559,Symo 24.0-3 480 (1),,,24.0,parsed_from_inverter_name,172.81,,
fronius,2024-10-03,d95b5e9d-f2d5-4950-85a9-909e52f727ba,Penner Farms - SE 27-8-13 (site 2),c3ec3bd8-8836-45bb-97b7-adff01636570,Symo 24.0-3 480 (3),,,24.0,parsed_from_inverter_name,172.31,,
fronius,2024-10-04,d95b5e9d-f2d5-4950-85a9-909e52f727ba,Penner Farms - SE 27-8-13 (site 2),a9f3ac23-6f93-447b-9037-adff01636562,Symo 24.0-3 480 (2),,,24.0,parsed_from_inverter_name,128.21,,
fronius,2024-10-04,d95b5e9d-f2d5-4950-85a9-909e52f727ba,Penner Farms - SE 27-8-13 (site 2),b8a6c9fe-5838-42e7-9faa-adff01636559,Symo 24.0-3 480 (1),,,24.0,parsed_from_inverter_name,126.63,,
fronius,2024-10-04,d95b5e9d-f2d5-4950-85a9-909e52f727ba,Penner Farms - SE 27-8-13 (site 2),c3ec3bd8-8836-45bb-97b7-adff01636570,Symo 24.0-3 480 (3),,,24.0,parsed_from_inverter_name,127.76,,
fronius,2024-10-05,d95b5e9d-f2d5-4950-85a9-909e52f727ba,Penner Farms - SE 27-8-13 (site 2),a9f3ac23-6f93-447b-9037-adff01636562,Symo 24.0-3 480 (2),,,24.0,parsed_from_inverter_name,174.16,,
fronius,2024-10-05,d95b5e9d-f2d5-4950-85a9-909e52f727ba,Penner Farms - SE 27-8-13 (site 2),b8a6c9fe-5838-42e7-9faa-adff01636559,Symo 24.0-3 480 (1),,,24.0,parsed_from_inverter_name,173.5,,
fronius,2024-10-05,d95b5e9d-f2d5-4950-85a9-909e52f727ba,Penner Farms - SE 27-8-13 (site 2),c3ec3bd8-8836-45bb-97b7-adff01636570,Symo 24.0-3 480 (3),,,24.0,parsed_from_inverter_name,172.81,,
fronius,2024-10-06,d95b5e9d-f2d5-4950-85a9-909e52f727ba,Penner Farms - SE 27-8-13 (site 2),a9f3ac23-6f93-447b-9037-adff01636562,Symo 24.0-3 480 (2),,,24.0,parsed_from_inverter_name,151.49,,
fronius,2024-10-06,d95b5e9d-f2d5-4950-85a9-909e52f727ba,Penner Farms - SE 27-8-13 (site 2),b8a6c9fe-5838-42e7-9faa-adff01636559,Symo 24.0-3 480 (1),,,24.0,parsed_from_inverter_name,150.82,,
fronius,2024-10-06,d95b5e9d-f2d5-4950-85a9-909e52f727ba,Penner Farms - SE 27-8-13 (site 2),c3ec3bd8-8836-45bb-97b7-adff01636570,Symo 24.0-3 480 (3),,,24.0,parsed_from_inverter_name,150.23,,
fronius,2024-10-07,d95b5e9d-f2d5-4950-85a9-909e52f727ba,Penner Farms - SE 27-8-13 (site 2),a9f3ac23-6f93-447b-9037-adff01636562,Symo 24.0-3 480 (2),,,24.0,parsed_from_inverter_name,169.28,,
fronius,2024-10-07,d95b5e9d-f2d5-4950-85a9-909e52f727ba,Penner Farms - SE 27-8-13 (site 2),b8a6c9fe-5838-42e7-9faa-adff01636559,Symo 24.0-3 480 (1),,,24.0,parsed_from_inverter_name,168.85,,
fronius,2024-10-07,d95b5e9d-f2d5-4950-85a9-909e52f727ba,Penner Farms - SE 27-8-13 (site 2),c3ec3bd8-8836-45bb-97b7-adff01636570,Symo 24.0-3 480 (3),,,24.0,parsed_from_inverter_name,167.21,,
fronius,2024-10-08,d95b5e9d-f2d5-4950-85a9-909e52f727ba,Penner Farms - SE 27-8-13 (site 2),a9f3ac23-6f93-447b-9037-adff01636562,Symo 24.0-3 480 (2),,,24.0,parsed_from_inverter_name,167.25,,
fronius,2024-10-08,d95b5e9d-f2d5-4950-85a9-909e52f727ba,Penner Farms - SE 27-8-13 (site 2),b8a6c9fe-5838-42e7-9faa-adff01636559,Symo 24.0-3 480 (1),,,24.0,parsed_from_inverter_name,166.61,,
fronius,2024-10-08,d95b5e9d-f2d5-4950-85a9-909e52f727ba,Penner Farms - SE 27-8-13 (site 2),c3ec3bd8-8836-45bb-97b7-adff01636570,Symo 24.0-3 480 (3),,,24.0,parsed_from_inverter_name,165.48,,
fronius,2024-10-09,d95b5e9d-f2d5-4950-85a9-909e52f727ba,Penner Farms - SE 27-8-13 (site 2),a9f3ac23-6f93-447b-9037-adff01636562,Symo 24.0-3 480 (2),,,24.0,parsed_from_inverter_name,60.21,,
fronius,2024-10-09,d95b5e9d-f2d5-4950-85a9-909e52f727ba,Penner Farms - SE 27-8-13 (site 2),b8a6c9fe-5838-42e7-9faa-adff01636559,Symo 24.0-3 480 (1),,,24.0,parsed_from_inverter_name,59.37,,
fronius,2024-10-09,d95b5e9d-f2d5-4950-85a9-909e52f727ba,Penner Farms - SE 27-8-13 (site 2),c3ec3bd8-8836-45bb-97b7-adff01636570,Symo 24.0-3 480 (3),,,24.0,parsed_from_inverter_name,60.11,,
fronius,2024-10-10,d95b5e9d-f2d5-4950-85a9-909e52f727ba,Penner Farms - SE 27-8-13 (site 2),a9f3ac23-6f93-447b-9037-adff01636562,Symo 24.0-3 480 (2),,,24.0,parsed_from_inverter_name,156.53,,
fronius,2024-10-10,d95b5e9d-f2d5-4950-85a9-909e52f727ba,Penner Farms - SE 27-8-13 (site 2),b8a6c9fe-5838-42e7-9faa-adff01636559,Symo 24.0-3 480 (1),,,24.0,parsed_from_inverter_name,155.57,,
fronius,2024-10-10,d95b5e9d-f2d5-4950-85a9-909e52f727ba,Penner Farms - SE 27-8-13 (site 2),c3ec3bd8-8836-45bb-97b7-adff01636570,Symo 24.0-3 480 (3),,,24.0,parsed_from_inverter_name,154.88,,
fronius,2024-10-11,d95b5e9d-f2d5-4950-85a9-909e52f727ba,Penner Farms - SE 27-8-13 (site 2),a9f3ac23-6f93-447b-9037-adff01636562,Symo 24.0-3 480 (2),,,24.0,parsed_from_inverter_name,150.14,,
fronius,2024-10-11,d95b5e9d-f2d5-4950-85a9-909e52f727ba,Penner Farms - SE 27-8-13 (site 2),b8a6c9fe-5838-42e7-9faa-adff01636559,Symo 24.0-3 480 (1),,,24.0,parsed_from_inverter_name,148.42,,
fronius,2024-10-11,d95b5e9d-f2d5-4950-85a9-909e52f727ba,Penner Farms - SE 27-8-13 (site 2),c3ec3bd8-8836-45bb-97b7-adff01636570,Symo 24.0-3 480 (3),,,24.0,parsed_from_inverter_name,149.02,,
fronius,2024-10-12,d95b5e9d-f2d5-4950-85a9-909e52f727ba,Penner Farms - SE 27-8-13 (site 2),a9f3ac23-6f93-447b-9037-adff01636562,Symo 24.0-3 480 (2),,,24.0,parsed_from_inverter_name,159.37,,
fronius,2024-10-12,d95b5e9d-f2d5-4950-85a9-909e52f727ba,Penner Farms - SE 27-8-13 (site 2),b8a6c9fe-5838-42e7-9faa-adff01636559,Symo 24.0-3 480 (1),,,24.0,parsed_from_inverter_name,158.37,,
fronius,2024-10-12,d95b5e9d-f2d5-4950-85a9-909e52f727ba,Penner Farms - SE 27-8-13 (site 2),c3ec3bd8-8836-45bb-97b7-adff01636570,Symo 24.0-3 480 (3),,,24.0,parsed_from_inverter_name,157.86,,
fronius,2024-10-13,d95b5e9d-f2d5-4950-85a9-909e52f727ba,Penner Farms - SE 27-8-13 (site 2),a9f3ac23-6f93-447b-9037-adff01636562,Symo 24.0-3 480 (2),,,24.0,parsed_from_inverter_name,166.55,,
fronius,2024-10-13,d95b5e9d-f2d5-4950-85a9-909e52f727ba,Penner Farms - SE 27-8-13 (site 2),b8a6c9fe-5838-42e7-9faa-adff01636559,Symo 24.0-3 480 (1),,,24.0,parsed_from_inverter_name,164.0,,
fronius,2024-10-13,d95b5e9d-f2d5-4950-85a9-909e52f727ba,Penner Farms - SE 27-8-13 (site 2),c3ec3bd8-8836-45bb-97b7-adff01636570,Symo 24.0-3 480 (3),,,24.0,parsed_from_inverter_name,164.55,,
fronius,2024-10-14,d95b5e9d-f2d5-4950-85a9-909e52f727ba,Penner Farms - SE 27-8-13 (site 2),a9f3ac23-6f93-447b-9037-adff01636562,Symo 24.0-3 480 (2),,,24.0,parsed_from_inverter_name,148.72,,
fronius,2024-10-14,d95b5e9d-f2d5-4950-85a9-909e52f727ba,Penner Farms - SE 27-8-13 (site 2),b8a6c9fe-5838-42e7-9faa-adff01636559,Symo 24.0-3 480 (1),,,24.0,parsed_from_inverter_name,147.74,,
fronius,2024-10-14,d95b5e9d-f2d5-4950-85a9-909e52f727ba,Penner Farms - SE 27-8-13 (site 2),c3ec3bd8-8836-45bb-97b7-adff01636570,Symo 24.0-3 480 (3),,,24.0,parsed_from_inverter_name,97.25,,
fronius,2024-10-15,d95b5e9d-f2d5-4950-85a9-909e52f727ba,Penner Farms - SE 27-8-13 (site 2),a9f3ac23-6f93-447b-9037-adff01636562,Symo 24.0-3 480 (2),,,24.0,parsed_from_inverter_name,84.6,,
fronius,2024-10-15,d95b5e9d-f2d5-4950-85a9-909e52f727ba,Penner Farms - SE 27-8-13 (site 2),b8a6c9fe-5838-42e7-9faa-adff01636559,Symo 24.0-3 480 (1),,,24.0,parsed_from_inverter_name,83.7,,
fronius,2024-10-15,d95b5e9d-f2d5-4950-85a9-909e52f727ba,Penner Farms - SE 27-8-13 (site 2),c3ec3bd8-8836-45bb-97b7-adff01636570,Symo 24.0-3 480 (3),,,24.0,parsed_from_inverter_name,84.05,,
fronius,2024-10-16,d95b5e9d-f2d5-4950-85a9-909e52f727ba,Penner Farms - SE 27-8-13 (site 2),a9f3ac23-6f93-447b-9037-adff01636562,Symo 24.0-3 480 (2),,,24.0,parsed_from_inverter_name,35.71,,
fronius,2024-10-16,d95b5e9d-f2d5-4950-85a9-909e52f727ba,Penner Farms - SE 27-8-13 (site 2),b8a6c9fe-5838-42e7-9faa-adff01636559,Symo 24.0-3 480 (1),,,24.0,parsed_from_inverter_name,34.61,,
fronius,2024-10-16,d95b5e9d-f2d5-4950-85a9-909e52f727ba,Penner Farms - SE 27-8-13 (site 2),c3ec3bd8-8836-45bb-97b7-adff01636570,Symo 24.0-3 480 (3),,,24.0,parsed_from_inverter_name,35.8,,
fronius,2024-10-17,d95b5e9d-f2d5-4950-85a9-909e52f727ba,Penner Farms - SE 27-8-13 (site 2),a9f3ac23-6f93-447b-9037-adff01636562,Symo 24.0-3 480 (2),,,24.0,parsed_from_inverter_name,118.02,,
fronius,2024-10-17,d95b5e9d-f2d5-4950-85a9-909e52f727ba,Penner Farms - SE 27-8-13 (site 2),b8a6c9fe-5838-42e7-9faa-adff01636559,Symo 24.0-3 480 (1),,,24.0,parsed_from_inverter_name,117.0,,
fronius,2024-10-17,d95b5e9d-f2d5-4950-85a9-909e52f727ba,Penner Farms - SE 27-8-13 (site 2),c3ec3bd8-8836-45bb-97b7-adff01636570,Symo 24.0-3 480 (3),,,24.0,parsed_from_inverter_name,116.64,,
fronius,2024-10-18,d95b5e9d-f2d5-4950-85a9-909e52f727ba,Penner Farms - SE 27-8-13 (site 2),a9f3ac23-6f93-447b-9037-adff01636562,Symo 24.0-3 480 (2),,,24.0,parsed_from_inverter_name,145.71,,
fronius,2024-10-18,d95b5e9d-f2d5-4950-85a9-909e52f727ba,Penner Farms - SE 27-8-13 (site 2),b8a6c9fe-5838-42e7-9faa-adff01636559,Symo 24.0-3 480 (1),,,24.0,parsed_from_inverter_name,144.64,,
fronius,2024-10-18,d95b5e9d-f2d5-4950-85a9-909e52f727ba,Penner Farms - SE 27-8-13 (site 2),c3ec3bd8-8836-45bb-97b7-adff01636570,Symo 24.0-3 480 (3),,,24.0,parsed_from_inverter_name,144.22,,
fronius,2024-10-19,d95b5e9d-f2d5-4950-85a9-909e52f727ba,Penner Farms - SE 27-8-13 (site 2),a9f3ac23-6f93-447b-9037-adff01636562,Symo 24.0-3 480 (2),,,24.0,parsed_from_inverter_name,136.96,,
fronius,2024-10-19,d95b5e9d-f2d5-4950-85a9-909e52f727ba,Penner Farms - SE 27-8-13 (site 2),b8a6c9fe-5838-42e7-9faa-adff01636559,Symo 24.0-3 480 (1),,,24.0,parsed_from_inverter_name,136.38,,
fronius,2024-10-19,d95b5e9d-f2d5-4950-85a9-909e52f727ba,Penner Farms - SE 27-8-13 (site 2),c3ec3bd8-8836-45bb-97b7-adff01636570,Symo 24.0-3 480 (3),,,24.0,parsed_from_inverter_name,135.55,,
fronius,2024-10-20,d95b5e9d-f2d5-4950-85a9-909e52f727ba,Penner Farms - SE 27-8-13 (site 2),a9f3ac23-6f93-447b-9037-adff01636562,Symo 24.0-3 480 (2),,,24.0,parsed_from_inverter_name,82.97,,
fronius,2024-10-20,d95b5e9d-f2d5-4950-85a9-909e52f727ba,Penner Farms - SE 27-8-13 (site 2),b8a6c9fe-5838-42e7-9faa-adff01636559,Symo 24.0-3 480 (1),,,24.0,parsed_from_inverter_name,82.17,,
fronius,2024-10-20,d95b5e9d-f2d5-4950-85a9-909e52f727ba,Penner Farms - SE 27-8-13 (site 2),c3ec3bd8-8836-45bb-97b7-adff01636570,Symo 24.0-3 480 (3),,,24.0,parsed_from_inverter_name,82.12,,
fronius,2024-10-21,d95b5e9d-f2d5-4950-85a9-909e52f727ba,Penner Farms - SE 27-8-13 (site 2),a9f3ac23-6f93-447b-9037-adff01636562,Symo 24.0-3 480 (2),,,24.0,parsed_from_inverter_name,9.4,,
fronius,2024-10-21,d95b5e9d-f2d5-4950-85a9-909e52f727ba,Penner Farms - SE 27-8-13 (site 2),b8a6c9fe-5838-42e7-9faa-adff01636559,Symo 24.0-3 480 (1),,,24.0,parsed_from_inverter_name,9.35,,
fronius,2024-10-21,d95b5e9d-f2d5-4950-85a9-909e52f727ba,Penner Farms - SE 27-8-13 (site 2),c3ec3bd8-8836-45bb-97b7-adff01636570,Symo 24.0-3 480 (3),,,24.0,parsed_from_inverter_name,9.52,,
fronius,2024-10-22,d95b5e9d-f2d5-4950-85a9-909e52f727ba,Penner Farms - SE 27-8-13 (site 2),a9f3ac23-6f93-447b-9037-adff01636562,Symo 24.0-3 480 (2),,,24.0,parsed_from_inverter_name,122.14,,
fronius,2024-10-22,d95b5e9d-f2d5-4950-85a9-909e52f727ba,Penner Farms - SE 27-8-13 (site 2),b8a6c9fe-5838-42e7-9faa-adff01636559,Symo 24.0-3 480 (1),,,24.0,parsed_from_inverter_name,120.5,,
fronius,2024-10-22,d95b5e9d-f2d5-4950-85a9-909e52f727ba,Penner Farms - SE 27-8-13 (site 2),c3ec3bd8-8836-45bb-97b7-adff01636570,Symo 24.0-3 480 (3),,,24.0,parsed_from_inverter_name,120.64,,
fronius,2024-10-23,d95b5e9d-f2d5-4950-85a9-909e52f727ba,Penner Farms - SE 27-8-13 (site 2),a9f3ac23-6f93-447b-9037-adff01636562,Symo 24.0-3 480 (2),,,24.0,parsed_from_inverter_name,159.03,,
fronius,2024-10-23,d95b5e9d-f2d5-4950-85a9-909e52f727ba,Penner Farms - SE 27-8-13 (site 2),b8a6c9fe-5838-42e7-9faa-adff01636559,Symo 24.0-3 480 (1),,,24.0,parsed_from_inverter_name,152.91,,
fronius,2024-10-23,d95b5e9d-f2d5-4950-85a9-909e52f727ba,Penner Farms - SE 27-8-13 (site 2),c3ec3bd8-8836-45bb-97b7-adff01636570,Symo 24.0-3 480 (3),,,24.0,parsed_from_inverter_name,156.67,,
fronius,2024-10-24,d95b5e9d-f2d5-4950-85a9-909e52f727ba,Penner Farms - SE 27-8-13 (site 2),a9f3ac23-6f93-447b-9037-adff01636562,Symo 24.0-3 480 (2),,,24.0,parsed_from_inverter_name,146.67,,
fronius,2024-10-24,d95b5e9d-f2d5-4950-85a9-909e52f727ba,Penner Farms - SE 27-8-13 (site 2),b8a6c9fe-5838-42e7-9faa-adff01636559,Symo 24.0-3 480 (1),,,24.0,parsed_from_inverter_name,144.97,,
fronius,2024-10-24,d95b5e9d-f2d5-4950-85a9-909e52f727ba,Penner Farms - SE 27-8-13 (site 2),c3ec3bd8-8836-45bb-97b7-adff01636570,Symo 24.0-3 480 (3),,,24.0,parsed_from_inverter_name,144.35,,
fronius,2024-10-25,d95b5e9d-f2d5-4950-85a9-909e52f727ba,Penner Farms - SE 27-8-13 (site 2),a9f3ac23-6f93-447b-9037-adff01636562,Symo 24.0-3 480 (2),,,24.0,parsed_from_inverter_name,140.17,,
fronius,2024-10-25,d95b5e9d-f2d5-4950-85a9-909e52f727ba,Penner Farms - SE 27-8-13 (site 2),b8a6c9fe-5838-42e7-9faa-adff01636559,Symo 24.0-3 480 (1),,,24.0,parsed_from_inverter_name,137.86,,
fronius,2024-10-25,d95b5e9d-f2d5-4950-85a9-909e52f727ba,Penner Farms - SE 27-8-13 (site 2),c3ec3bd8-8836-45bb-97b7-adff01636570,Symo 24.0-3 480 (3),,,24.0,parsed_from_inverter_name,138.47,,
fronius,2024-10-26,d95b5e9d-f2d5-4950-85a9-909e52f727ba,Penner Farms - SE 27-8-13 (site 2),a9f3ac23-6f93-447b-9037-adff01636562,Symo 24.0-3 480 (2),,,24.0,parsed_from_inverter_name,97.29,,
fronius,2024-10-26,d95b5e9d-f2d5-4950-85a9-909e52f727ba,Penner Farms - SE 27-8-13 (site 2),b8a6c9fe-5838-42e7-9faa-adff01636559,Symo 24.0-3 480 (1),,,24.0,parsed_from_inverter_name,95.61,,
fronius,2024-10-26,d95b5e9d-f2d5-4950-85a9-909e52f727ba,Penner Farms - SE 27-8-13 (site 2),c3ec3bd8-8836-45bb-97b7-adff01636570,Symo 24.0-3 480 (3),,,24.0,parsed_from_inverter_name,96.4,,
fronius,2024-10-27,d95b5e9d-f2d5-4950-85a9-909e52f727ba,Penner Farms - SE 27-8-13 (site 2),a9f3ac23-6f93-447b-9037-adff01636562,Symo 24.0-3 480 (2),,,24.0,parsed_from_inverter_name,132.46,,
fronius,2024-10-27,d95b5e9d-f2d5-4950-85a9-909e52f727ba,Penner Farms - SE 27-8-13 (site 2),b8a6c9fe-5838-42e7-9faa-adff01636559,Symo 24.0-3 480 (1),,,24.0,parsed_from_inverter_name,131.03,,
fronius,2024-10-27,d95b5e9d-f2d5-4950-85a9-909e52f727ba,Penner Farms - SE 27-8-13 (site 2),c3ec3bd8-8836-45bb-97b7-adff01636570,Symo 24.0-3 480 (3),,,24.0,parsed_from_inverter_name,130.35,,
fronius,2024-10-28,d95b5e9d-f2d5-4950-85a9-909e52f727ba,Penner Farms - SE 27-8-13 (site 2),a9f3ac23-6f93-447b-9037-adff01636562,Symo 24.0-3 480 (2),,,24.0,parsed_from_inverter_name,132.62,,
fronius,2024-10-28,d95b5e9d-f2d5-4950-85a9-909e52f727ba,Penner Farms - SE 27-8-13 (site 2),b8a6c9fe-5838-42e7-9faa-adff01636559,Symo 24.0-3 480 (1),,,24.0,parsed_from_inverter_name,130.97,,
fronius,2024-10-28,d95b5e9d-f2d5-4950-85a9-909e52f727ba,Penner Farms - SE 27-8-13 (site 2),c3ec3bd8-8836-45bb-97b7-adff01636570,Symo 24.0-3 480 (3),,,24.0,parsed_from_inverter_name,130.67,,
fronius,2024-10-29,d95b5e9d-f2d5-4950-85a9-909e52f727ba,Penner Farms - SE 27-8-13 (site 2),a9f3ac23-6f93-447b-9037-adff01636562,Symo 24.0-3 480 (2),,,24.0,parsed_from_inverter_name,56.26,,
fronius,2024-10-29,d95b5e9d-f2d5-4950-85a9-909e52f727ba,Penner Farms - SE 27-8-13 (site 2),b8a6c9fe-5838-42e7-9faa-adff01636559,Symo 24.0-3 480 (1),,,24.0,parsed_from_inverter_name,55.63,,
fronius,2024-10-29,d95b5e9d-f2d5-4950-85a9-909e52f727ba,Penner Farms - SE 27-8-13 (site 2),c3ec3bd8-8836-45bb-97b7-adff01636570,Symo 24.0-3 480 (3),,,24.0,parsed_from_inverter_name,54.02,,
fronius,2024-10-30,d95b5e9d-f2d5-4950-85a9-909e52f727ba,Penner Farms - SE 27-8-13 (site 2),a9f3ac23-6f93-447b-9037-adff01636562,Symo 24.0-3 480 (2),,,24.0,parsed_from_inverter_name,153.95,,
fronius,2024-10-30,d95b5e9d-f2d5-4950-85a9-909e52f727ba,Penner Farms - SE 27-8-13 (site 2),b8a6c9fe-5838-42e7-9faa-adff01636559,Symo 24.0-3 480 (1),,,24.0,parsed_from_inverter_name,150.35,,
fronius,2024-10-30,d95b5e9d-f2d5-4950-85a9-909e52f727ba,Penner Farms - SE 27-8-13 (site 2),c3ec3bd8-8836-45bb-97b7-adff01636570,Symo 24.0-3 480 (3),,,24.0,parsed_from_inverter_name,151.3,,
fronius,2024-10-31,d95b5e9d-f2d5-4950-85a9-909e52f727ba,Penner Farms - SE 27-8-13 (site 2),a9f3ac23-6f93-447b-9037-adff01636562,Symo 24.0-3 480 (2),,,24.0,parsed_from_inverter_name,144.86,,
fronius,2024-10-31,d95b5e9d-f2d5-4950-85a9-909e52f727ba,Penner Farms - SE 27-8-13 (site 2),b8a6c9fe-5838-42e7-9faa-adff01636559,Symo 24.0-3 480 (1),,,24.0,parsed_from_inverter_name,143.02,,
fronius,2024-10-31,d95b5e9d-f2d5-4950-85a9-909e52f727ba,Penner Farms - SE 27-8-13 (site 2),c3ec3bd8-8836-45bb-97b7-adff01636570,Symo 24.0-3 480 (3),,,24.0,parsed_from_inverter_name,142.37,,
fronius,2024-11-01,d95b5e9d-f2d5-4950-85a9-909e52f727ba,Penner Farms - SE 27-8-13 (site 2),a9f3ac23-6f93-447b-9037-adff01636562,Symo 24.0-3 480 (2),,,24.0,parsed_from_inverter_name,146.33,,
fronius,2024-11-01,d95b5e9d-f2d5-4950-85a9-909e52f727ba,Penner Farms - SE 27-8-13 (site 2),b8a6c9fe-5838-42e7-9faa-adff01636559,Symo 24.0-3 480 (1),,,24.0,parsed_from_inverter_name,142.65,,
fronius,2024-11-01,d95b5e9d-f2d5-4950-85a9-909e52f727ba,Penner Farms - SE 27-8-13 (site 2),c3ec3bd8-8836-45bb-97b7-adff01636570,Symo 24.0-3 480 (3),,,24.0,parsed_from_inverter_name,143.74,,
fronius,2024-11-02,d95b5e9d-f2d5-4950-85a9-909e52f727ba,Penner Farms - SE 27-8-13 (site 2),a9f3ac23-6f93-447b-9037-adff01636562,Symo 24.0-3 480 (2),,,24.0,parsed_from_inverter_name,103.05,,
fronius,2024-11-02,d95b5e9d-f2d5-4950-85a9-909e52f727ba,Penner Farms - SE 27-8-13 (site 2),b8a6c9fe-5838-42e7-9faa-adff01636559,Symo 24.0-3 480 (1),,,24.0,parsed_from_inverter_name,101.27,,
fronius,2024-11-02,d95b5e9d-f2d5-4950-85a9-909e52f727ba,Penner Farms - SE 27-8-13 (site 2),c3ec3bd8-8836-45bb-97b7-adff01636570,Symo 24.0-3 480 (3),,,24.0,parsed_from_inverter_name,101.67,,
fronius,2024-11-03,d95b5e9d-f2d5-4950-85a9-909e52f727ba,Penner Farms - SE 27-8-13 (site 2),a9f3ac23-6f93-447b-9037-adff01636562,Symo 24.0-3 480 (2),,,24.0,parsed_from_inverter_name,99.32,,
fronius,2024-11-03,d95b5e9d-f2d5-4950-85a9-909e52f727ba,Penner Farms - SE 27-8-13 (site 2),b8a6c9fe-5838-42e7-9faa-adff01636559,Symo 24.0-3 480 (1),,,24.0,parsed_from_inverter_name,97.33,,
fronius,2024-11-03,d95b5e9d-f2d5-4950-85a9-909e52f727ba,Penner Farms - SE 27-8-13 (site 2),c3ec3bd8-8836-45bb-97b7-adff01636570,Symo 24.0-3 480 (3),,,24.0,parsed_from_inverter_name,97.77,,
fronius,2024-11-04,d95b5e9d-f2d5-4950-85a9-909e52f727ba,Penner Farms - SE 27-8-13 (site 2),a9f3ac23-6f93-447b-9037-adff01636562,Symo 24.0-3 480 (2),,,24.0,parsed_from_inverter_name,60.46,,
fronius,2024-11-04,d95b5e9d-f2d5-4950-85a9-909e52f727ba,Penner Farms - SE 27-8-13 (site 2),b8a6c9fe-5838-42e7-9faa-adff01636559,Symo 24.0-3 480 (1),,,24.0,parsed_from_inverter_name,58.24,,
fronius,2024-11-04,d95b5e9d-f2d5-4950-85a9-909e52f727ba,Penner Farms - SE 27-8-13 (site 2),c3ec3bd8-8836-45bb-97b7-adff01636570,Symo 24.0-3 480 (3),,,24.0,parsed_from_inverter_name,59.89,,
fronius,2024-11-05,d95b5e9d-f2d5-4950-85a9-909e52f727ba,Penner Farms - SE 27-8-13 (site 2),a9f3ac23-6f93-447b-9037-adff01636562,Symo 24.0-3 480 (2),,,24.0,parsed_from_inverter_name,10.52,,
fronius,2024-11-05,d95b5e9d-f2d5-4950-85a9-909e52f727ba,Penner Farms - SE 27-8-13 (site 2),b8a6c9fe-5838-42e7-9faa-adff01636559,Symo 24.0-3 480 (1),,,24.0,parsed_from_inverter_name,11.19,,
fronius,2024-11-05,d95b5e9d-f2d5-4950-85a9-909e52f727ba,Penner Farms - SE 27-8-13 (site 2),c3ec3bd8-8836-45bb-97b7-adff01636570,Symo 24.0-3 480 (3),,,24.0,parsed_from_inverter_name,10.79,,
fronius,2024-11-06,d95b5e9d-f2d5-4950-85a9-909e52f727ba,Penner Farms - SE 27-8-13 (site 2),a9f3ac23-6f93-447b-9037-adff01636562,Symo 24.0-3 480 (2),,,24.0,parsed_from_inverter_name,116.8,,
fronius,2024-11-06,d95b5e9d-f2d5-4950-85a9-909e52f727ba,Penner Farms - SE 27-8-13 (site 2),b8a6c9fe-5838-42e7-9faa-adff01636559,Symo 24.0-3 480 (1),,,24.0,parsed_from_inverter_name,113.32,,
fronius,2024-11-06,d95b5e9d-f2d5-4950-85a9-909e52f727ba,Penner Farms - SE 27-8-13 (site 2),c3ec3bd8-8836-45bb-97b7-adff01636570,Symo 24.0-3 480 (3),,,24.0,parsed_from_inverter_name,114.53,,
fronius,2024-11-07,d95b5e9d-f2d5-4950-85a9-909e52f727ba,Penner Farms - SE 27-8-13 (site 2),a9f3ac23-6f93-447b-9037-adff01636562,Symo 24.0-3 480 (2),,,24.0,parsed_from_inverter_name,138.06,,
fronius,2024-11-07,d95b5e9d-f2d5-4950-85a9-909e52f727ba,Penner Farms - SE 27-8-13 (site 2),b8a6c9fe-5838-42e7-9faa-adff01636559,Symo 24.0-3 480 (1),,,24.0,parsed_from_inverter_name,134.95,,
fronius,2024-11-07,d95b5e9d-f2d5-4950-85a9-909e52f727ba,Penner Farms - SE 27-8-13 (site 2),c3ec3bd8-8836-45bb-97b7-adff01636570,Symo 24.0-3 480 (3),,,24.0,parsed_from_inverter_name,135.23,,
fronius,2024-11-08,d95b5e9d-f2d5-4950-85a9-909e52f727ba,Penner Farms - SE 27-8-13 (site 2),a9f3ac23-6f93-447b-9037-adff01636562,Symo 24.0-3 480 (2),,,24.0,parsed_from_inverter_name,101.86,,
fronius,2024-11-08,d95b5e9d-f2d5-4950-85a9-909e52f727ba,Penner Farms - SE 27-8-13 (site 2),b8a6c9fe-5838-42e7-9faa-adff01636559,Symo 24.0-3 480 (1),,,24.0,parsed_from_inverter_name,99.21,,
fronius,2024-11-08,d95b5e9d-f2d5-4950-85a9-909e52f727ba,Penner Farms - SE 27-8-13 (site 2),c3ec3bd8-8836-45bb-97b7-adff01636570,Symo 24.0-3 480 (3),,,24.0,parsed_from_inverter_name,100.03,,
fronius,2024-11-09,d95b5e9d-f2d5-4950-85a9-909e52f727ba,Penner Farms - SE 27-8-13 (site 2),a9f3ac23-6f93-447b-9037-adff01636562,Symo 24.0-3 480 (2),,,24.0,parsed_from_inverter_name,63.86,,
fronius,2024-11-09,d95b5e9d-f2d5-4950-85a9-909e52f727ba,Penner Farms - SE 27-8-13 (site 2),b8a6c9fe-5838-42e7-9faa-adff01636559,Symo 24.0-3 480 (1),,,24.0,parsed_from_inverter_name,62.46,,
fronius,2024-11-09,d95b5e9d-f2d5-4950-85a9-909e52f727ba,Penner Farms - SE 27-8-13 (site 2),c3ec3bd8-8836-45bb-97b7-adff01636570,Symo 24.0-3 480 (3),,,24.0,parsed_from_inverter_name,63.52,,
fronius,2024-11-10,d95b5e9d-f2d5-4950-85a9-909e52f727ba,Penner Farms - SE 27-8-13 (site 2),a9f3ac23-6f93-447b-9037-adff01636562,Symo 24.0-3 480 (2),,,24.0,parsed_from_inverter_name,13.14,,
fronius,2024-11-10,d95b5e9d-f2d5-4950-85a9-909e52f727ba,Penner Farms - SE 27-8-13 (site 2),b8a6c9fe-5838-42e7-9faa-adff01636559,Symo 24.0-3 480 (1),,,24.0,parsed_from_inverter_name,13.01,,
fronius,2024-11-10,d95b5e9d-f2d5-4950-85a9-909e52f727ba,Penner Farms - SE 27-8-13 (site 2),c3ec3bd8-8836-45bb-97b7-adff01636570,Symo 24.0-3 480 (3),,,24.0,parsed_from_inverter_name,13.27,,
fronius,2024-11-11,d95b5e9d-f2d5-4950-85a9-909e52f727ba,Penner Farms - SE 27-8-13 (site 2),a9f3ac23-6f93-447b-9037-adff01636562,Symo 24.0-3 480 (2),,,24.0,parsed_from_inverter_name,30.28,,
fronius,2024-11-11,d95b5e9d-f2d5-4950-85a9-909e52f727ba,Penner Farms - SE 27-8-13 (site 2),b8a6c9fe-5838-42e7-9faa-adff01636559,Symo 24.0-3 480 (1),,,24.0,parsed_from_inverter_name,28.89,,
fronius,2024-11-11,d95b5e9d-f2d5-4950-85a9-909e52f727ba,Penner Farms - SE 27-8-13 (site 2),c3ec3bd8-8836-45bb-97b7-adff01636570,Symo 24.0-3 480 (3),,,24.0,parsed_from_inverter_name,30.16,,
fronius,2024-11-12,d95b5e9d-f2d5-4950-85a9-909e52f727ba,Penner Farms - SE 27-8-13 (site 2),a9f3ac23-6f93-447b-9037-adff01636562,Symo 24.0-3 480 (2),,,24.0,parsed_from_inverter_name,133.74,,
fronius,2024-11-12,d95b5e9d-f2d5-4950-85a9-909e52f727ba,Penner Farms - SE 27-8-13 (site 2),b8a6c9fe-5838-42e7-9faa-adff01636559,Symo 24.0-3 480 (1),,,24.0,parsed_from_inverter_name,131.43,,
fronius,2024-11-12,d95b5e9d-f2d5-4950-85a9-909e52f727ba,Penner Farms - SE 27-8-13 (site 2),c3ec3bd8-8836-45bb-97b7-adff01636570,Symo 24.0-3 480 (3),,,24.0,parsed_from_inverter_name,130.68,,
fronius,2024-11-13,d95b5e9d-f2d5-4950-85a9-909e52f727ba,Penner Farms - SE 27-8-13 (site 2),a9f3ac23-6f93-447b-9037-adff01636562,Symo 24.0-3 480 (2),,,24.0,parsed_from_inverter_name,54.5,,
fronius,2024-11-13,d95b5e9d-f2d5-4950-85a9-909e52f727ba,Penner Farms - SE 27-8-13 (site 2),b8a6c9fe-5838-42e7-9faa-adff01636559,Symo 24.0-3 480 (1),,,24.0,parsed_from_inverter_name,53.38,,
fronius,2024-11-13,d95b5e9d-f2d5-4950-85a9-909e52f727ba,Penner Farms - SE 27-8-13 (site 2),c3ec3bd8-8836-45bb-97b7-adff01636570,Symo 24.0-3 480 (3),,,24.0,parsed_from_inverter_name,54.09,,
fronius,2024-11-14,d95b5e9d-f2d5-4950-85a9-909e52f727ba,Penner Farms - SE 27-8-13 (site 2),a9f3ac23-6f93-447b-9037-adff01636562,Symo 24.0-3 480 (2),,,24.0,parsed_from_inverter_name,78.34,,
fronius,2024-11-14,d95b5e9d-f2d5-4950-85a9-909e52f727ba,Penner Farms - SE 27-8-13 (site 2),b8a6c9fe-5838-42e7-9faa-adff01636559,Symo 24.0-3 480 (1),,,24.0,parsed_from_inverter_name,76.24,,
fronius,2024-11-14,d95b5e9d-f2d5-4950-85a9-909e52f727ba,Penner Farms - SE 27-8-13 (site 2),c3ec3bd8-8836-45bb-97b7-adff01636570,Symo 24.0-3 480 (3),,,24.0,parsed_from_inverter_name,77.26,,
fronius,2024-11-15,d95b5e9d-f2d5-4950-85a9-909e52f727ba,Penner Farms - SE 27-8-13 (site 2),a9f3ac23-6f93-447b-9037-adff01636562,Symo 24.0-3 480 (2),,,24.0,parsed_from_inverter_name,65.94,,
fronius,2024-11-15,d95b5e9d-f2d5-4950-85a9-909e52f727ba,Penner Farms - SE 27-8-13 (site 2),b8a6c9fe-5838-42e7-9faa-adff01636559,Symo 24.0-3 480 (1),,,24.0,parsed_from_inverter_name,63.0,,
fronius,2024-11-15,d95b5e9d-f2d5-4950-85a9-909e52f727ba,Penner Farms - SE 27-8-13 (site 2),c3ec3bd8-8836-45bb-97b7-adff01636570,Symo 24.0-3 480 (3),,,24.0,parsed_from_inverter_name,65.04,,
fronius,2024-11-16,d95b5e9d-f2d5-4950-85a9-909e52f727ba,Penner Farms - SE 27-8-13 (site 2),a9f3ac23-6f93-447b-9037-adff01636562,Symo 24.0-3 480 (2),,,24.0,parsed_from_inverter_name,122.8,,
fronius,2024-11-16,d95b5e9d-f2d5-4950-85a9-909e52f727ba,Penner Farms - SE 27-8-13 (site 2),b8a6c9fe-5838-42e7-9faa-adff01636559,Symo 24.0-3 480 (1),,,24.0,parsed_from_inverter_name,120.7,,
fronius,2024-11-16,d95b5e9d-f2d5-4950-85a9-909e52f727ba,Penner Farms - SE 27-8-13 (site 2),c3ec3bd8-8836-45bb-97b7-adff01636570,Symo 24.0-3 480 (3),,,24.0,parsed_from_inverter_name,119.89,,
fronius,2024-11-17,d95b5e9d-f2d5-4950-85a9-909e52f727ba,Penner Farms - SE 27-8-13 (site 2),a9f3ac23-6f93-447b-9037-adff01636562,Symo 24.0-3 480 (2),,,24.0,parsed_from_inverter_name,24.24,,
fronius,2024-11-17,d95b5e9d-f2d5-4950-85a9-909e52f727ba,Penner Farms - SE 27-8-13 (site 2),b8a6c9fe-5838-42e7-9faa-adff01636559,Symo 24.0-3 480 (1),,,24.0,parsed_from_inverter_name,23.7,,
fronius,2024-11-17,d95b5e9d-f2d5-4950-85a9-909e52f727ba,Penner Farms - SE 27-8-13 (site 2),c3ec3bd8-8836-45bb-97b7-adff01636570,Symo 24.0-3 480 (3),,,24.0,parsed_from_inverter_name,24.27,,
fronius,2024-11-18,d95b5e9d-f2d5-4950-85a9-909e52f727ba,Penner Farms - SE 27-8-13 (site 2),a9f3ac23-6f93-447b-9037-adff01636562,Symo 24.0-3 480 (2),,,24.0,parsed_from_inverter_name,62.33,,
fronius,2024-11-18,d95b5e9d-f2d5-4950-85a9-909e52f727ba,Penner Farms - SE 27-8-13 (site 2),b8a6c9fe-5838-42e7-9faa-adff01636559,Symo 24.0-3 480 (1),,,24.0,parsed_from_inverter_name,61.46,,
fronius,2024-11-18,d95b5e9d-f2d5-4950-85a9-909e52f727ba,Penner Farms - SE 27-8-13 (site 2),c3ec3bd8-8836-45bb-97b7-adff01636570,Symo 24.0-3 480 (3),,,24.0,parsed_from_inverter_name,61.67,,
fronius,2024-11-19,d95b5e9d-f2d5-4950-85a9-909e52f727ba,Penner Farms - SE 27-8-13 (site 2),a9f3ac23-6f93-447b-9037-adff01636562,Symo 24.0-3 480 (2),,,24.0,parsed_from_inverter_name,33.5,,
fronius,2024-11-19,d95b5e9d-f2d5-4950-85a9-909e52f727ba,Penner Farms - SE 27-8-13 (site 2),b8a6c9fe-5838-42e7-9faa-adff01636559,Symo 24.0-3 480 (1),,,24.0,parsed_from_inverter_name,28.07,,
fronius,2024-11-19,d95b5e9d-f2d5-4950-85a9-909e52f727ba,Penner Farms - SE 27-8-13 (site 2),c3ec3bd8-8836-45bb-97b7-adff01636570,Symo 24.0-3 480 (3),,,24.0,parsed_from_inverter_name,35.48,,
fronius,2024-11-20,d95b5e9d-f2d5-4950-85a9-909e52f727ba,Penner Farms - SE 27-8-13 (site 2),a9f3ac23-6f93-447b-9037-adff01636562,Symo 24.0-3 480 (2),,,24.0,parsed_from_inverter_name,24.24,,
fronius,2024-11-20,d95b5e9d-f2d5-4950-85a9-909e52f727ba,Penner Farms - SE 27-8-13 (site 2),b8a6c9fe-5838-42e7-9faa-adff01636559,Symo 24.0-3 480 (1),,,24.0,parsed_from_inverter_name,24.0,,
fronius,2024-11-20,d95b5e9d-f2d5-4950-85a9-909e52f727ba,Penner Farms - SE 27-8-13 (site 2),c3ec3bd8-8836-45bb-97b7-adff01636570,Symo 24.0-3 480 (3),,,24.0,parsed_from_inverter_name,24.51,,
fronius,2024-11-21,d95b5e9d-f2d5-4950-85a9-909e52f727ba,Penner Farms - SE 27-8-13 (site 2),a9f3ac23-6f93-447b-9037-adff01636562,Symo 24.0-3 480 (2),,,24.0,parsed_from_inverter_name,41.47,,
fronius,2024-11-21,d95b5e9d-f2d5-4950-85a9-909e52f727ba,Penner Farms - SE 27-8-13 (site 2),b8a6c9fe-5838-42e7-9faa-adff01636559,Symo 24.0-3 480 (1),,,24.0,parsed_from_inverter_name,43.16,,
fronius,2024-11-21,d95b5e9d-f2d5-4950-85a9-909e52f727ba,Penner Farms - SE 27-8-13 (site 2),c3ec3bd8-8836-45bb-97b7-adff01636570,Symo 24.0-3 480 (3),,,24.0,parsed_from_inverter_name,42.62,,
fronius,2024-11-22,d95b5e9d-f2d5-4950-85a9-909e52f727ba,Penner Farms - SE 27-8-13 (site 2),a9f3ac23-6f93-447b-9037-adff01636562,Symo 24.0-3 480 (2),,,24.0,parsed_from_inverter_name,6.05,,
fronius,2024-11-22,d95b5e9d-f2d5-4950-85a9-909e52f727ba,Penner Farms - SE 27-8-13 (site 2),b8a6c9fe-5838-42e7-9faa-adff01636559,Symo 24.0-3 480 (1),,,24.0,parsed_from_inverter_name,6.65,,
fronius,2024-11-22,d95b5e9d-f2d5-4950-85a9-909e52f727ba,Penner Farms - SE 27-8-13 (site 2),c3ec3bd8-8836-45bb-97b7-adff01636570,Symo 24.0-3 480 (3),,,24.0,parsed_from_inverter_name,6.31,,
fronius,2024-11-23,d95b5e9d-f2d5-4950-85a9-909e52f727ba,Penner Farms - SE 27-8-13 (site 2),a9f3ac23-6f93-447b-9037-adff01636562,Symo 24.0-3 480 (2),,,24.0,parsed_from_inverter_name,5.09,,
fronius,2024-11-23,d95b5e9d-f2d5-4950-85a9-909e52f727ba,Penner Farms - SE 27-8-13 (site 2),b8a6c9fe-5838-42e7-9faa-adff01636559,Symo 24.0-3 480 (1),,,24.0,parsed_from_inverter_name,4.95,,
fronius,2024-11-23,d95b5e9d-f2d5-4950-85a9-909e52f727ba,Penner Farms - SE 27-8-13 (site 2),c3ec3bd8-8836-45bb-97b7-adff01636570,Symo 24.0-3 480 (3),,,24.0,parsed_from_inverter_name,5.35,,
fronius,2024-11-24,d95b5e9d-f2d5-4950-85a9-909e52f727ba,Penner Farms - SE 27-8-13 (site 2),a9f3ac23-6f93-447b-9037-adff01636562,Symo 24.0-3 480 (2),,,24.0,parsed_from_inverter_name,24.64,,
fronius,2024-11-24,d95b5e9d-f2d5-4950-85a9-909e52f727ba,Penner Farms - SE 27-8-13 (site 2),b8a6c9fe-5838-42e7-9faa-adff01636559,Symo 24.0-3 480 (1),,,24.0,parsed_from_inverter_name,10.6,,
fronius,2024-11-24,d95b5e9d-f2d5-4950-85a9-909e52f727ba,Penner Farms - SE 27-8-13 (site 2),c3ec3bd8-8836-45bb-97b7-adff01636570,Symo 24.0-3 480 (3),,,24.0,parsed_from_inverter_name,22.47,,
fronius,2024-11-25,d95b5e9d-f2d5-4950-85a9-909e52f727ba,Penner Farms - SE 27-8-13 (site 2),a9f3ac23-6f93-447b-9037-adff01636562,Symo 24.0-3 480 (2),,,24.0,parsed_from_inverter_name,15.8,,
fronius,2024-11-25,d95b5e9d-f2d5-4950-85a9-909e52f727ba,Penner Farms - SE 27-8-13 (site 2),b8a6c9fe-5838-42e7-9faa-adff01636559,Symo 24.0-3 480 (1),,,24.0,parsed_from_inverter_name,7.81,,
fronius,2024-11-25,d95b5e9d-f2d5-4950-85a9-909e52f727ba,Penner Farms - SE 27-8-13 (site 2),c3ec3bd8-8836-45bb-97b7-adff01636570,Symo 24.0-3 480 (3),,,24.0,parsed_from_inverter_name,14.41,,
fronius,2024-11-26,d95b5e9d-f2d5-4950-85a9-909e52f727ba,Penner Farms - SE 27-8-13 (site 2),a9f3ac23-6f93-447b-9037-adff01636562,Symo 24.0-3 480 (2),,,24.0,parsed_from_inverter_name,55.48,,
fronius,2024-11-26,d95b5e9d-f2d5-4950-85a9-909e52f727ba,Penner Farms - SE 27-8-13 (site 2),b8a6c9fe-5838-42e7-9faa-adff01636559,Symo 24.0-3 480 (1),,,24.0,parsed_from_inverter_name,13.82,,
fronius,2024-11-26,d95b5e9d-f2d5-4950-85a9-909e52f727ba,Penner Farms - SE 27-8-13 (site 2),c3ec3bd8-8836-45bb-97b7-adff01636570,Symo 24.0-3 480 (3),,,24.0,parsed_from_inverter_name,43.1,,
fronius,2024-11-27,d95b5e9d-f2d5-4950-85a9-909e52f727ba,Penner Farms - SE 27-8-13 (site 2),a9f3ac23-6f93-447b-9037-adff01636562,Symo 24.0-3 480 (2),,,24.0,parsed_from_inverter_name,29.45,,
fronius,2024-11-27,d95b5e9d-f2d5-4950-85a9-909e52f727ba,Penner Farms - SE 27-8-13 (site 2),b8a6c9fe-5838-42e7-9faa-adff01636559,Symo 24.0-3 480 (1),,,24.0,parsed_from_inverter_name,10.26,,
fronius,2024-11-27,d95b5e9d-f2d5-4950-85a9-909e52f727ba,Penner Farms - SE 27-8-13 (site 2),c3ec3bd8-8836-45bb-97b7-adff01636570,Symo 24.0-3 480 (3),,,24.0,parsed_from_inverter_name,22.91,,
fronius,2024-11-28,d95b5e9d-f2d5-4950-85a9-909e52f727ba,Penner Farms - SE 27-8-13 (site 2),a9f3ac23-6f93-447b-9037-adff01636562,Symo 24.0-3 480 (2),,,24.0,parsed_from_inverter_name,31.48,,
fronius,2024-11-28,d95b5e9d-f2d5-4950-85a9-909e52f727ba,Penner Farms - SE 27-8-13 (site 2),b8a6c9fe-5838-42e7-9faa-adff01636559,Symo 24.0-3 480 (1),,,24.0,parsed_from_inverter_name,12.08,,
fronius,2024-11-28,d95b5e9d-f2d5-4950-85a9-909e52f727ba,Penner Farms - SE 27-8-13 (site 2),c3ec3bd8-8836-45bb-97b7-adff01636570,Symo 24.0-3 480 (3),,,24.0,parsed_from_inverter_name,25.27,,
fronius,2024-11-29,d95b5e9d-f2d5-4950-85a9-909e52f727ba,Penner Farms - SE 27-8-13 (site 2),a9f3ac23-6f93-447b-9037-adff01636562,Symo 24.0-3 480 (2),,,24.0,parsed_from_inverter_name,16.41,,
fronius,2024-11-29,d95b5e9d-f2d5-4950-85a9-909e52f727ba,Penner Farms - SE 27-8-13 (site 2),b8a6c9fe-5838-42e7-9faa-adff01636559,Symo 24.0-3 480 (1),,,24.0,parsed_from_inverter_name,9.12,,
fronius,2024-11-29,d95b5e9d-f2d5-4950-85a9-909e52f727ba,Penner Farms - SE 27-8-13 (site 2),c3ec3bd8-8836-45bb-97b7-adff01636570,Symo 24.0-3 480 (3),,,24.0,parsed_from_inverter_name,14.3,,
fronius,2024-11-30,d95b5e9d-f2d5-4950-85a9-909e52f727ba,Penner Farms - SE 27-8-13 (site 2),a9f3ac23-6f93-447b-9037-adff01636562,Symo 24.0-3 480 (2),,,24.0,parsed_from_inverter_name,39.86,,
fronius,2024-11-30,d95b5e9d-f2d5-4950-85a9-909e52f727ba,Penner Farms - SE 27-8-13 (site 2),b8a6c9fe-5838-42e7-9faa-adff01636559,Symo 24.0-3 480 (1),,,24.0,parsed_from_inverter_name,13.11,,
fronius,2024-11-30,d95b5e9d-f2d5-4950-85a9-909e52f727ba,Penner Farms - SE 27-8-13 (site 2),c3ec3bd8-8836-45bb-97b7-adff01636570,Symo 24.0-3 480 (3),,,24.0,parsed_from_inverter_name,30.95,,
fronius,2024-12-01,d95b5e9d-f2d5-4950-85a9-909e52f727ba,Penner Farms - SE 27-8-13 (site 2),a9f3ac23-6f93-447b-9037-adff01636562,Symo 24.0-3 480 (2),,,24.0,parsed_from_inverter_name,35.87,,
fronius,2024-12-01,d95b5e9d-f2d5-4950-85a9-909e52f727ba,Penner Farms - SE 27-8-13 (site 2),b8a6c9fe-5838-42e7-9faa-adff01636559,Symo 24.0-3 480 (1),,,24.0,parsed_from_inverter_name,10.05,,
fronius,2024-12-01,d95b5e9d-f2d5-4950-85a9-909e52f727ba,Penner Farms - SE 27-8-13 (site 2),c3ec3bd8-8836-45bb-97b7-adff01636570,Symo 24.0-3 480 (3),,,24.0,parsed_from_inverter_name,27.22,,
fronius,2024-12-02,d95b5e9d-f2d5-4950-85a9-909e52f727ba,Penner Farms - SE 27-8-13 (site 2),a9f3ac23-6f93-447b-9037-adff01636562,Symo 24.0-3 480 (2),,,24.0,parsed_from_inverter_name,88.78,,
fronius,2024-12-02,d95b5e9d-f2d5-4950-85a9-909e52f727ba,Penner Farms - SE 27-8-13 (site 2),b8a6c9fe-5838-42e7-9faa-adff01636559,Symo 24.0-3 480 (1),,,24.0,parsed_from_inverter_name,23.25,,
fronius,2024-12-02,d95b5e9d-f2d5-4950-85a9-909e52f727ba,Penner Farms - SE 27-8-13 (site 2),c3ec3bd8-8836-45bb-97b7-adff01636570,Symo 24.0-3 480 (3),,,24.0,parsed_from_inverter_name,65.45,,
fronius,2024-12-03,d95b5e9d-f2d5-4950-85a9-909e52f727ba,Penner Farms - SE 27-8-13 (site 2),a9f3ac23-6f93-447b-9037-adff01636562,Symo 24.0-3 480 (2),,,24.0,parsed_from_inverter_name,64.35,,
fronius,2024-12-03,d95b5e9d-f2d5-4950-85a9-909e52f727ba,Penner Farms - SE 27-8-13 (site 2),b8a6c9fe-5838-42e7-9faa-adff01636559,Symo 24.0-3 480 (1),,,24.0,parsed_from_inverter_name,60.05,,
fronius,2024-12-03,d95b5e9d-f2d5-4950-85a9-909e52f727ba,Penner Farms - SE 27-8-13 (site 2),c3ec3bd8-8836-45bb-97b7-adff01636570,Symo 24.0-3 480 (3),,,24.0,parsed_from_inverter_name,63.48,,
fronius,2024-12-04,d95b5e9d-f2d5-4950-85a9-909e52f727ba,Penner Farms - SE 27-8-13 (site 2),a9f3ac23-6f93-447b-9037-adff01636562,Symo 24.0-3 480 (2),,,24.0,parsed_from_inverter_name,65.41,,
fronius,2024-12-04,d95b5e9d-f2d5-4950-85a9-909e52f727ba,Penner Farms - SE 27-8-13 (site 2),b8a6c9fe-5838-42e7-9faa-adff01636559,Symo 24.0-3 480 (1),,,24.0,parsed_from_inverter_name,61.28,,
fronius,2024-12-04,d95b5e9d-f2d5-4950-85a9-909e52f727ba,Penner Farms - SE 27-8-13 (site 2),c3ec3bd8-8836-45bb-97b7-adff01636570,Symo 24.0-3 480 (3),,,24.0,parsed_from_inverter_name,64.56,,
fronius,2024-12-05,d95b5e9d-f2d5-4950-85a9-909e52f727ba,Penner Farms - SE 27-8-13 (site 2),a9f3ac23-6f93-447b-9037-adff01636562,Symo 24.0-3 480 (2),,,24.0,parsed_from_inverter_name,109.8,,
fronius,2024-12-05,d95b5e9d-f2d5-4950-85a9-909e52f727ba,Penner Farms - SE 27-8-13 (site 2),b8a6c9fe-5838-42e7-9faa-adff01636559,Symo 24.0-3 480 (1),,,24.0,parsed_from_inverter_name,99.95,,
fronius,2024-12-05,d95b5e9d-f2d5-4950-85a9-909e52f727ba,Penner Farms - SE 27-8-13 (site 2),c3ec3bd8-8836-45bb-97b7-adff01636570,Symo 24.0-3 480 (3),,,24.0,parsed_from_inverter_name,107.37,,
fronius,2024-12-06,d95b5e9d-f2d5-4950-85a9-909e52f727ba,Penner Farms - SE 27-8-13 (site 2),a9f3ac23-6f93-447b-9037-adff01636562,Symo 24.0-3 480 (2),,,24.0,parsed_from_inverter_name,63.52,,
fronius,2024-12-06,d95b5e9d-f2d5-4950-85a9-909e52f727ba,Penner Farms - SE 27-8-13 (site 2),b8a6c9fe-5838-42e7-9faa-adff01636559,Symo 24.0-3 480 (1),,,24.0,parsed_from_inverter_name,58.75,,
fronius,2024-12-06,d95b5e9d-f2d5-4950-85a9-909e52f727ba,Penner Farms - SE 27-8-13 (site 2),c3ec3bd8-8836-45bb-97b7-adff01636570,Symo 24.0-3 480 (3),,,24.0,parsed_from_inverter_name,62.89,,
fronius,2024-12-07,d95b5e9d-f2d5-4950-85a9-909e52f727ba,Penner Farms - SE 27-8-13 (site 2),a9f3ac23-6f93-447b-9037-adff01636562,Symo 24.0-3 480 (2),,,24.0,parsed_from_inverter_name,27.85,,
fronius,2024-12-07,d95b5e9d-f2d5-4950-85a9-909e52f727ba,Penner Farms - SE 27-8-13 (site 2),b8a6c9fe-5838-42e7-9faa-adff01636559,Symo 24.0-3 480 (1),,,24.0,parsed_from_inverter_name,26.72,,
fronius,2024-12-07,d95b5e9d-f2d5-4950-85a9-909e52f727ba,Penner Farms - SE 27-8-13 (site 2),c3ec3bd8-8836-45bb-97b7-adff01636570,Symo 24.0-3 480 (3),,,24.0,parsed_from_inverter_name,27.75,,
fronius,2024-12-08,d95b5e9d-f2d5-4950-85a9-909e52f727ba,Penner Farms - SE 27-8-13 (site 2),a9f3ac23-6f93-447b-9037-adff01636562,Symo 24.0-3 480 (2),,,24.0,parsed_from_inverter_name,7.86,,
fronius,2024-12-08,d95b5e9d-f2d5-4950-85a9-909e52f727ba,Penner Farms - SE 27-8-13 (site 2),b8a6c9fe-5838-42e7-9faa-adff01636559,Symo 24.0-3 480 (1),,,24.0,parsed_from_inverter_name,8.07,,
fronius,2024-12-08,d95b5e9d-f2d5-4950-85a9-909e52f727ba,Penner Farms - SE 27-8-13 (site 2),c3ec3bd8-8836-45bb-97b7-adff01636570,Symo 24.0-3 480 (3),,,24.0,parsed_from_inverter_name,8.18,,
fronius,2024-12-09,d95b5e9d-f2d5-4950-85a9-909e52f727ba,Penner Farms - SE 27-8-13 (site 2),a9f3ac23-6f93-447b-9037-adff01636562,Symo 24.0-3 480 (2),,,24.0,parsed_from_inverter_name,37.0,,
fronius,2024-12-09,d95b5e9d-f2d5-4950-85a9-909e52f727ba,Penner Farms - SE 27-8-13 (site 2),b8a6c9fe-5838-42e7-9faa-adff01636559,Symo 24.0-3 480 (1),,,24.0,parsed_from_inverter_name,38.5,,
fronius,2024-12-09,d95b5e9d-f2d5-4950-85a9-909e52f727ba,Penner Farms - SE 27-8-13 (site 2),c3ec3bd8-8836-45bb-97b7-adff01636570,Symo 24.0-3 480 (3),,,24.0,parsed_from_inverter_name,37.12,,
fronius,2024-12-10,d95b5e9d-f2d5-4950-85a9-909e52f727ba,Penner Farms - SE 27-8-13 (site 2),a9f3ac23-6f93-447b-9037-adff01636562,Symo 24.0-3 480 (2),,,24.0,parsed_from_inverter_name,29.58,,
fronius,2024-12-10,d95b5e9d-f2d5-4950-85a9-909e52f727ba,Penner Farms - SE 27-8-13 (site 2),b8a6c9fe-5838-42e7-9faa-adff01636559,Symo 24.0-3 480 (1),,,24.0,parsed_from_inverter_name,28.62,,
fronius,2024-12-10,d95b5e9d-f2d5-4950-85a9-909e52f727ba,Penner Farms - SE 27-8-13 (site 2),c3ec3bd8-8836-45bb-97b7-adff01636570,Symo 24.0-3 480 (3),,,24.0,parsed_from_inverter_name,29.48,,
fronius,2024-12-11,d95b5e9d-f2d5-4950-85a9-909e52f727ba,Penner Farms - SE 27-8-13 (site 2),a9f3ac23-6f93-447b-9037-adff01636562,Symo 24.0-3 480 (2),,,24.0,parsed_from_inverter_name,27.3,,
fronius,2024-12-11,d95b5e9d-f2d5-4950-85a9-909e52f727ba,Penner Farms - SE 27-8-13 (site 2),b8a6c9fe-5838-42e7-9faa-adff01636559,Symo 24.0-3 480 (1),,,24.0,parsed_from_inverter_name,26.65,,
fronius,2024-12-11,d95b5e9d-f2d5-4950-85a9-909e52f727ba,Penner Farms - SE 27-8-13 (site 2),c3ec3bd8-8836-45bb-97b7-adff01636570,Symo 24.0-3 480 (3),,,24.0,parsed_from_inverter_name,27.37,,
fronius,2024-12-12,d95b5e9d-f2d5-4950-85a9-909e52f727ba,Penner Farms - SE 27-8-13 (site 2),a9f3ac23-6f93-447b-9037-adff01636562,Symo 24.0-3 480 (2),,,24.0,parsed_from_inverter_name,108.27,,
fronius,2024-12-12,d95b5e9d-f2d5-4950-85a9-909e52f727ba,Penner Farms - SE 27-8-13 (site 2),b8a6c9fe-5838-42e7-9faa-adff01636559,Symo 24.0-3 480 (1),,,24.0,parsed_from_inverter_name,99.1,,
fronius,2024-12-12,d95b5e9d-f2d5-4950-85a9-909e52f727ba,Penner Farms - SE 27-8-13 (site 2),c3ec3bd8-8836-45bb-97b7-adff01636570,Symo 24.0-3 480 (3),,,24.0,parsed_from_inverter_name,105.26,,
fronius,2024-12-13,d95b5e9d-f2d5-4950-85a9-909e52f727ba,Penner Farms - SE 27-8-13 (site 2),a9f3ac23-6f93-447b-9037-adff01636562,Symo 24.0-3 480 (2),,,24.0,parsed_from_inverter_name,69.18,,
fronius,2024-12-13,d95b5e9d-f2d5-4950-85a9-909e52f727ba,Penner Farms - SE 27-8-13 (site 2),b8a6c9fe-5838-42e7-9faa-adff01636559,Symo 24.0-3 480 (1),,,24.0,parsed_from_inverter_name,64.62,,
fronius,2024-12-13,d95b5e9d-f2d5-4950-85a9-909e52f727ba,Penner Farms - SE 27-8-13 (site 2),c3ec3bd8-8836-45bb-97b7-adff01636570,Symo 24.0-3 480 (3),,,24.0,parsed_from_inverter_name,67.54,,
fronius,2024-12-14,d95b5e9d-f2d5-4950-85a9-909e52f727ba,Penner Farms - SE 27-8-13 (site 2),a9f3ac23-6f93-447b-9037-adff01636562,Symo 24.0-3 480 (2),,,24.0,parsed_from_inverter_name,35.79,,
fronius,2024-12-14,d95b5e9d-f2d5-4950-85a9-909e52f727ba,Penner Farms - SE 27-8-13 (site 2),b8a6c9fe-5838-42e7-9faa-adff01636559,Symo 24.0-3 480 (1),,,24.0,parsed_from_inverter_name,32.64,,
fronius,2024-12-14,d95b5e9d-f2d5-4950-85a9-909e52f727ba,Penner Farms - SE 27-8-13 (site 2),c3ec3bd8-8836-45bb-97b7-adff01636570,Symo 24.0-3 480 (3),,,24.0,parsed_from_inverter_name,34.85,,
fronius,2024-12-15,d95b5e9d-f2d5-4950-85a9-909e52f727ba,Penner Farms - SE 27-8-13 (site 2),a9f3ac23-6f93-447b-9037-adff01636562,Symo 24.0-3 480 (2),,,24.0,parsed_from_inverter_name,44.33,,
fronius,2024-12-15,d95b5e9d-f2d5-4950-85a9-909e52f727ba,Penner Farms - SE 27-8-13 (site 2),b8a6c9fe-5838-42e7-9faa-adff01636559,Symo 24.0-3 480 (1),,,24.0,parsed_from_inverter_name,41.26,,
fronius,2024-12-15,d95b5e9d-f2d5-4950-85a9-909e52f727ba,Penner Farms - SE 27-8-13 (site 2),c3ec3bd8-8836-45bb-97b7-adff01636570,Symo 24.0-3 480 (3),,,24.0,parsed_from_inverter_name,43.61,,
fronius,2024-12-16,d95b5e9d-f2d5-4950-85a9-909e52f727ba,Penner Farms - SE 27-8-13 (site 2),a9f3ac23-6f93-447b-9037-adff01636562,Symo 24.0-3 480 (2),,,24.0,parsed_from_inverter_name,14.37,,
fronius,2024-12-16,d95b5e9d-f2d5-4950-85a9-909e52f727ba,Penner Farms - SE 27-8-13 (site 2),b8a6c9fe-5838-42e7-9faa-adff01636559,Symo 24.0-3 480 (1),,,24.0,parsed_from_inverter_name,13.87,,
fronius,2024-12-16,d95b5e9d-f2d5-4950-85a9-909e52f727ba,Penner Farms - SE 27-8-13 (site 2),c3ec3bd8-8836-45bb-97b7-adff01636570,Symo 24.0-3 480 (3),,,24.0,parsed_from_inverter_name,14.5,,
fronius,2024-12-17,d95b5e9d-f2d5-4950-85a9-909e52f727ba,Penner Farms - SE 27-8-13 (site 2),a9f3ac23-6f93-447b-9037-adff01636562,Symo 24.0-3 480 (2),,,24.0,parsed_from_inverter_name,17.68,,
fronius,2024-12-17,d95b5e9d-f2d5-4950-85a9-909e52f727ba,Penner Farms - SE 27-8-13 (site 2),b8a6c9fe-5838-42e7-9faa-adff01636559,Symo 24.0-3 480 (1),,,24.0,parsed_from_inverter_name,17.48,,
fronius,2024-12-17,d95b5e9d-f2d5-4950-85a9-909e52f727ba,Penner Farms - SE 27-8-13 (site 2),c3ec3bd8-8836-45bb-97b7-adff01636570,Symo 24.0-3 480 (3),,,24.0,parsed_from_inverter_name,16.69,,
fronius,2024-12-18,d95b5e9d-f2d5-4950-85a9-909e52f727ba,Penner Farms - SE 27-8-13 (site 2),a9f3ac23-6f93-447b-9037-adff01636562,Symo 24.0-3 480 (2),,,24.0,parsed_from_inverter_name,17.9,,
fronius,2024-12-18,d95b5e9d-f2d5-4950-85a9-909e52f727ba,Penner Farms - SE 27-8-13 (site 2),b8a6c9fe-5838-42e7-9faa-adff01636559,Symo 24.0-3 480 (1),,,24.0,parsed_from_inverter_name,17.4,,
fronius,2024-12-18,d95b5e9d-f2d5-4950-85a9-909e52f727ba,Penner Farms - SE 27-8-13 (site 2),c3ec3bd8-8836-45bb-97b7-adff01636570,Symo 24.0-3 480 (3),,,24.0,parsed_from_inverter_name,17.91,,
fronius,2024-12-19,d95b5e9d-f2d5-4950-85a9-909e52f727ba,Penner Farms - SE 27-8-13 (site 2),a9f3ac23-6f93-447b-9037-adff01636562,Symo 24.0-3 480 (2),,,24.0,parsed_from_inverter_name,94.3,,
fronius,2024-12-19,d95b5e9d-f2d5-4950-85a9-909e52f727ba,Penner Farms - SE 27-8-13 (site 2),b8a6c9fe-5838-42e7-9faa-adff01636559,Symo 24.0-3 480 (1),,,24.0,parsed_from_inverter_name,87.14,,
fronius,2024-12-19,d95b5e9d-f2d5-4950-85a9-909e52f727ba,Penner Farms - SE 27-8-13 (site 2),c3ec3bd8-8836-45bb-97b7-adff01636570,Symo 24.0-3 480 (3),,,24.0,parsed_from_inverter_name,91.21,,
fronius,2024-12-20,d95b5e9d-f2d5-4950-85a9-909e52f727ba,Penner Farms - SE 27-8-13 (site 2),a9f3ac23-6f93-447b-9037-adff01636562,Symo 24.0-3 480 (2),,,24.0,parsed_from_inverter_name,107.05,,
fronius,2024-12-20,d95b5e9d-f2d5-4950-85a9-909e52f727ba,Penner Farms - SE 27-8-13 (site 2),b8a6c9fe-5838-42e7-9faa-adff01636559,Symo 24.0-3 480 (1),,,24.0,parsed_from_inverter_name,100.01,,
fronius,2024-12-20,d95b5e9d-f2d5-4950-85a9-909e52f727ba,Penner Farms - SE 27-8-13 (site 2),c3ec3bd8-8836-45bb-97b7-adff01636570,Symo 24.0-3 480 (3),,,24.0,parsed_from_inverter_name,104.28,,
fronius,2024-12-21,d95b5e9d-f2d5-4950-85a9-909e52f727ba,Penner Farms - SE 27-8-13 (site 2),a9f3ac23-6f93-447b-9037-adff01636562,Symo 24.0-3 480 (2),,,24.0,parsed_from_inverter_name,60.74,,
fronius,2024-12-21,d95b5e9d-f2d5-4950-85a9-909e52f727ba,Penner Farms - SE 27-8-13 (site 2),b8a6c9fe-5838-42e7-9faa-adff01636559,Symo 24.0-3 480 (1),,,24.0,parsed_from_inverter_name,54.77,,
fronius,2024-12-21,d95b5e9d-f2d5-4950-85a9-909e52f727ba,Penner Farms - SE 27-8-13 (site 2),c3ec3bd8-8836-45bb-97b7-adff01636570,Symo 24.0-3 480 (3),,,24.0,parsed_from_inverter_name,59.47,,
fronius,2024-12-22,d95b5e9d-f2d5-4950-85a9-909e52f727ba,Penner Farms - SE 27-8-13 (site 2),a9f3ac23-6f93-447b-9037-adff01636562,Symo 24.0-3 480 (2),,,24.0,parsed_from_inverter_name,50.04,,
fronius,2024-12-22,d95b5e9d-f2d5-4950-85a9-909e52f727ba,Penner Farms - SE 27-8-13 (site 2),b8a6c9fe-5838-42e7-9faa-adff01636559,Symo 24.0-3 480 (1),,,24.0,parsed_from_inverter_name,47.57,,
fronius,2024-12-22,d95b5e9d-f2d5-4950-85a9-909e52f727ba,Penner Farms - SE 27-8-13 (site 2),c3ec3bd8-8836-45bb-97b7-adff01636570,Symo 24.0-3 480 (3),,,24.0,parsed_from_inverter_name,49.05,,
fronius,2024-12-23,d95b5e9d-f2d5-4950-85a9-909e52f727ba,Penner Farms - SE 27-8-13 (site 2),a9f3ac23-6f93-447b-9037-adff01636562,Symo 24.0-3 480 (2),,,24.0,parsed_from_inverter_name,62.71,,
fronius,2024-12-23,d95b5e9d-f2d5-4950-85a9-909e52f727ba,Penner Farms - SE 27-8-13 (site 2),b8a6c9fe-5838-42e7-9faa-adff01636559,Symo 24.0-3 480 (1),,,24.0,parsed_from_inverter_name,60.28,,
fronius,2024-12-23,d95b5e9d-f2d5-4950-85a9-909e52f727ba,Penner Farms - SE 27-8-13 (site 2),c3ec3bd8-8836-45bb-97b7-adff01636570,Symo 24.0-3 480 (3),,,24.0,parsed_from_inverter_name,61.08,,
fronius,2024-12-24,d95b5e9d-f2d5-4950-85a9-909e52f727ba,Penner Farms - SE 27-8-13 (site 2),a9f3ac23-6f93-447b-9037-adff01636562,Symo 24.0-3 480 (2),,,24.0,parsed_from_inverter_name,49.51,,
fronius,2024-12-24,d95b5e9d-f2d5-4950-85a9-909e52f727ba,Penner Farms - SE 27-8-13 (site 2),b8a6c9fe-5838-42e7-9faa-adff01636559,Symo 24.0-3 480 (1),,,24.0,parsed_from_inverter_name,46.51,,
fronius,2024-12-24,d95b5e9d-f2d5-4950-85a9-909e52f727ba,Penner Farms - SE 27-8-13 (site 2),c3ec3bd8-8836-45bb-97b7-adff01636570,Symo 24.0-3 480 (3),,,24.0,parsed_from_inverter_name,48.22,,
fronius,2024-12-25,d95b5e9d-f2d5-4950-85a9-909e52f727ba,Penner Farms - SE 27-8-13 (site 2),a9f3ac23-6f93-447b-9037-adff01636562,Symo 24.0-3 480 (2),,,24.0,parsed_from_inverter_name,108.88,,
fronius,2024-12-25,d95b5e9d-f2d5-4950-85a9-909e52f727ba,Penner Farms - SE 27-8-13 (site 2),b8a6c9fe-5838-42e7-9faa-adff01636559,Symo 24.0-3 480 (1),,,24.0,parsed_from_inverter_name,102.69,,
fronius,2024-12-25,d95b5e9d-f2d5-4950-85a9-909e52f727ba,Penner Farms - SE 27-8-13 (site 2),c3ec3bd8-8836-45bb-97b7-adff01636570,Symo 24.0-3 480 (3),,,24.0,parsed_from_inverter_name,105.73,,
fronius,2024-12-26,d95b5e9d-f2d5-4950-85a9-909e52f727ba,Penner Farms - SE 27-8-13 (site 2),a9f3ac23-6f93-447b-9037-adff01636562,Symo 24.0-3 480 (2),,,24.0,parsed_from_inverter_name,13.81,,
fronius,2024-12-26,d95b5e9d-f2d5-4950-85a9-909e52f727ba,Penner Farms - SE 27-8-13 (site 2),b8a6c9fe-5838-42e7-9faa-adff01636559,Symo 24.0-3 480 (1),,,24.0,parsed_from_inverter_name,13.6,,
fronius,2024-12-26,d95b5e9d-f2d5-4950-85a9-909e52f727ba,Penner Farms - SE 27-8-13 (site 2),c3ec3bd8-8836-45bb-97b7-adff01636570,Symo 24.0-3 480 (3),,,24.0,parsed_from_inverter_name,13.85,,
fronius,2024-12-27,d95b5e9d-f2d5-4950-85a9-909e52f727ba,Penner Farms - SE 27-8-13 (site 2),a9f3ac23-6f93-447b-9037-adff01636562,Symo 24.0-3 480 (2),,,24.0,parsed_from_inverter_name,68.31,,
fronius,2024-12-27,d95b5e9d-f2d5-4950-85a9-909e52f727ba,Penner Farms - SE 27-8-13 (site 2),b8a6c9fe-5838-42e7-9faa-adff01636559,Symo 24.0-3 480 (1),,,24.0,parsed_from_inverter_name,66.51,,
fronius,2024-12-27,d95b5e9d-f2d5-4950-85a9-909e52f727ba,Penner Farms - SE 27-8-13 (site 2),c3ec3bd8-8836-45bb-97b7-adff01636570,Symo 24.0-3 480 (3),,,24.0,parsed_from_inverter_name,66.47,,
fronius,2024-12-28,d95b5e9d-f2d5-4950-85a9-909e52f727ba,Penner Farms - SE 27-8-13 (site 2),a9f3ac23-6f93-447b-9037-adff01636562,Symo 24.0-3 480 (2),,,24.0,parsed_from_inverter_name,72.79,,
fronius,2024-12-28,d95b5e9d-f2d5-4950-85a9-909e52f727ba,Penner Farms - SE 27-8-13 (site 2),b8a6c9fe-5838-42e7-9faa-adff01636559,Symo 24.0-3 480 (1),,,24.0,parsed_from_inverter_name,68.95,,
fronius,2024-12-28,d95b5e9d-f2d5-4950-85a9-909e52f727ba,Penner Farms - SE 27-8-13 (site 2),c3ec3bd8-8836-45bb-97b7-adff01636570,Symo 24.0-3 480 (3),,,24.0,parsed_from_inverter_name,70.97,,
fronius,2024-12-29,d95b5e9d-f2d5-4950-85a9-909e52f727ba,Penner Farms - SE 27-8-13 (site 2),a9f3ac23-6f93-447b-9037-adff01636562,Symo 24.0-3 480 (2),,,24.0,parsed_from_inverter_name,13.91,,
fronius,2024-12-29,d95b5e9d-f2d5-4950-85a9-909e52f727ba,Penner Farms - SE 27-8-13 (site 2),b8a6c9fe-5838-42e7-9faa-adff01636559,Symo 24.0-3 480 (1),,,24.0,parsed_from_inverter_name,13.43,,
fronius,2024-12-29,d95b5e9d-f2d5-4950-85a9-909e52f727ba,Penner Farms - SE 27-8-13 (site 2),c3ec3bd8-8836-45bb-97b7-adff01636570,Symo 24.0-3 480 (3),,,24.0,parsed_from_inverter_name,13.92,,
fronius,2024-12-30,d95b5e9d-f2d5-4950-85a9-909e52f727ba,Penner Farms - SE 27-8-13 (site 2),a9f3ac23-6f93-447b-9037-adff01636562,Symo 24.0-3 480 (2),,,24.0,parsed_from_inverter_name,22.55,,
fronius,2024-12-30,d95b5e9d-f2d5-4950-85a9-909e52f727ba,Penner Farms - SE 27-8-13 (site 2),b8a6c9fe-5838-42e7-9faa-adff01636559,Symo 24.0-3 480 (1),,,24.0,parsed_from_inverter_name,21.3,,
fronius,2024-12-30,d95b5e9d-f2d5-4950-85a9-909e52f727ba,Penner Farms - SE 27-8-13 (site 2),c3ec3bd8-8836-45bb-97b7-adff01636570,Symo 24.0-3 480 (3),,,24.0,parsed_from_inverter_name,22.47,,
fronius,2024-12-31,d95b5e9d-f2d5-4950-85a9-909e52f727ba,Penner Farms - SE 27-8-13 (site 2),a9f3ac23-6f93-447b-9037-adff01636562,Symo 24.0-3 480 (2),,,24.0,parsed_from_inverter_name,6.02,,
fronius,2024-12-31,d95b5e9d-f2d5-4950-85a9-909e52f727ba,Penner Farms - SE 27-8-13 (site 2),b8a6c9fe-5838-42e7-9faa-adff01636559,Symo 24.0-3 480 (1),,,24.0,parsed_from_inverter_name,5.97,,
fronius,2024-12-31,d95b5e9d-f2d5-4950-85a9-909e52f727ba,Penner Farms - SE 27-8-13 (site 2),c3ec3bd8-8836-45bb-97b7-adff01636570,Symo 24.0-3 480 (3),,,24.0,parsed_from_inverter_name,6.07,,
fronius,2025-01-01,d95b5e9d-f2d5-4950-85a9-909e52f727ba,Penner Farms - SE 27-8-13 (site 2),a9f3ac23-6f93-447b-9037-adff01636562,Symo 24.0-3 480 (2),,,24.0,parsed_from_inverter_name,7.15,,
fronius,2025-01-01,d95b5e9d-f2d5-4950-85a9-909e52f727ba,Penner Farms - SE 27-8-13 (site 2),b8a6c9fe-5838-42e7-9faa-adff01636559,Symo 24.0-3 480 (1),,,24.0,parsed_from_inverter_name,6.8,,
fronius,2025-01-01,d95b5e9d-f2d5-4950-85a9-909e52f727ba,Penner Farms - SE 27-8-13 (site 2),c3ec3bd8-8836-45bb-97b7-adff01636570,Symo 24.0-3 480 (3),,,24.0,parsed_from_inverter_name,7.26,,
fronius,2025-01-02,d95b5e9d-f2d5-4950-85a9-909e52f727ba,Penner Farms - SE 27-8-13 (site 2),a9f3ac23-6f93-447b-9037-adff01636562,Symo 24.0-3 480 (2),,,24.0,parsed_from_inverter_name,7.01,,
fronius,2025-01-02,d95b5e9d-f2d5-4950-85a9-909e52f727ba,Penner Farms - SE 27-8-13 (site 2),b8a6c9fe-5838-42e7-9faa-adff01636559,Symo 24.0-3 480 (1),,,24.0,parsed_from_inverter_name,6.71,,
fronius,2025-01-02,d95b5e9d-f2d5-4950-85a9-909e52f727ba,Penner Farms - SE 27-8-13 (site 2),c3ec3bd8-8836-45bb-97b7-adff01636570,Symo 24.0-3 480 (3),,,24.0,parsed_from_inverter_name,7.1,,
fronius,2025-01-03,d95b5e9d-f2d5-4950-85a9-909e52f727ba,Penner Farms - SE 27-8-13 (site 2),a9f3ac23-6f93-447b-9037-adff01636562,Symo 24.0-3 480 (2),,,24.0,parsed_from_inverter_name,7.89,,
fronius,2025-01-03,d95b5e9d-f2d5-4950-85a9-909e52f727ba,Penner Farms - SE 27-8-13 (site 2),b8a6c9fe-5838-42e7-9faa-adff01636559,Symo 24.0-3 480 (1),,,24.0,parsed_from_inverter_name,6.51,,
fronius,2025-01-03,d95b5e9d-f2d5-4950-85a9-909e52f727ba,Penner Farms - SE 27-8-13 (site 2),c3ec3bd8-8836-45bb-97b7-adff01636570,Symo 24.0-3 480 (3),,,24.0,parsed_from_inverter_name,7.99,,
fronius,2025-01-04,d95b5e9d-f2d5-4950-85a9-909e52f727ba,Penner Farms - SE 27-8-13 (site 2),a9f3ac23-6f93-447b-9037-adff01636562,Symo 24.0-3 480 (2),,,24.0,parsed_from_inverter_name,43.06,,
fronius,2025-01-04,d95b5e9d-f2d5-4950-85a9-909e52f727ba,Penner Farms - SE 27-8-13 (site 2),b8a6c9fe-5838-42e7-9faa-adff01636559,Symo 24.0-3 480 (1),,,24.0,parsed_from_inverter_name,18.5,,
fronius,2025-01-04,d95b5e9d-f2d5-4950-85a9-909e52f727ba,Penner Farms - SE 27-8-13 (site 2),c3ec3bd8-8836-45bb-97b7-adff01636570,Symo 24.0-3 480 (3),,,24.0,parsed_from_inverter_name,42.48,,
fronius,2025-01-05,d95b5e9d-f2d5-4950-85a9-909e52f727ba,Penner Farms - SE 27-8-13 (site 2),a9f3ac23-6f93-447b-9037-adff01636562,Symo 24.0-3 480 (2),,,24.0,parsed_from_inverter_name,74.75,,
fronius,2025-01-05,d95b5e9d-f2d5-4950-85a9-909e52f727ba,Penner Farms - SE 27-8-13 (site 2),b8a6c9fe-5838-42e7-9faa-adff01636559,Symo 24.0-3 480 (1),,,24.0,parsed_from_inverter_name,34.81,,
fronius,2025-01-05,d95b5e9d-f2d5-4950-85a9-909e52f727ba,Penner Farms - SE 27-8-13 (site 2),c3ec3bd8-8836-45bb-97b7-adff01636570,Symo 24.0-3 480 (3),,,24.0,parsed_from_inverter_name,73.4,,
fronius,2025-01-06,d95b5e9d-f2d5-4950-85a9-909e52f727ba,Penner Farms - SE 27-8-13 (site 2),a9f3ac23-6f93-447b-9037-adff01636562,Symo 24.0-3 480 (2),,,24.0,parsed_from_inverter_name,37.19,,
fronius,2025-01-06,d95b5e9d-f2d5-4950-85a9-909e52f727ba,Penner Farms - SE 27-8-13 (site 2),b8a6c9fe-5838-42e7-9faa-adff01636559,Symo 24.0-3 480 (1),,,24.0,parsed_from_inverter_name,19.27,,
fronius,2025-01-06,d95b5e9d-f2d5-4950-85a9-909e52f727ba,Penner Farms - SE 27-8-13 (site 2),c3ec3bd8-8836-45bb-97b7-adff01636570,Symo 24.0-3 480 (3),,,24.0,parsed_from_inverter_name,36.88,,
fronius,2025-01-07,d95b5e9d-f2d5-4950-85a9-909e52f727ba,Penner Farms - SE 27-8-13 (site 2),a9f3ac23-6f93-447b-9037-adff01636562,Symo 24.0-3 480 (2),,,24.0,parsed_from_inverter_name,130.54,,
fronius,2025-01-07,d95b5e9d-f2d5-4950-85a9-909e52f727ba,Penner Farms - SE 27-8-13 (site 2),b8a6c9fe-5838-42e7-9faa-adff01636559,Symo 24.0-3 480 (1),,,24.0,parsed_from_inverter_name,95.65,,
fronius,2025-01-07,d95b5e9d-f2d5-4950-85a9-909e52f727ba,Penner Farms - SE 27-8-13 (site 2),c3ec3bd8-8836-45bb-97b7-adff01636570,Symo 24.0-3 480 (3),,,24.0,parsed_from_inverter_name,126.61,,
fronius,2025-01-08,d95b5e9d-f2d5-4950-85a9-909e52f727ba,Penner Farms - SE 27-8-13 (site 2),a9f3ac23-6f93-447b-9037-adff01636562,Symo 24.0-3 480 (2),,,24.0,parsed_from_inverter_name,29.76,,
fronius,2025-01-08,d95b5e9d-f2d5-4950-85a9-909e52f727ba,Penner Farms - SE 27-8-13 (site 2),b8a6c9fe-5838-42e7-9faa-adff01636559,Symo 24.0-3 480 (1),,,24.0,parsed_from_inverter_name,28.82,,
fronius,2025-01-08,d95b5e9d-f2d5-4950-85a9-909e52f727ba,Penner Farms - SE 27-8-13 (site 2),c3ec3bd8-8836-45bb-97b7-adff01636570,Symo 24.0-3 480 (3),,,24.0,parsed_from_inverter_name,29.53,,
fronius,2025-01-09,d95b5e9d-f2d5-4950-85a9-909e52f727ba,Penner Farms - SE 27-8-13 (site 2),a9f3ac23-6f93-447b-9037-adff01636562,Symo 24.0-3 480 (2),,,24.0,parsed_from_inverter_name,124.67,,
fronius,2025-01-09,d95b5e9d-f2d5-4950-85a9-909e52f727ba,Penner Farms - SE 27-8-13 (site 2),b8a6c9fe-5838-42e7-9faa-adff01636559,Symo 24.0-3 480 (1),,,24.0,parsed_from_inverter_name,117.36,,
fronius,2025-01-09,d95b5e9d-f2d5-4950-85a9-909e52f727ba,Penner Farms - SE 27-8-13 (site 2),c3ec3bd8-8836-45bb-97b7-adff01636570,Symo 24.0-3 480 (3),,,24.0,parsed_from_inverter_name,121.76,,
fronius,2025-01-10,d95b5e9d-f2d5-4950-85a9-909e52f727ba,Penner Farms - SE 27-8-13 (site 2),a9f3ac23-6f93-447b-9037-adff01636562,Symo 24.0-3 480 (2),,,24.0,parsed_from_inverter_name,25.16,,
fronius,2025-01-10,d95b5e9d-f2d5-4950-85a9-909e52f727ba,Penner Farms - SE 27-8-13 (site 2),b8a6c9fe-5838-42e7-9faa-adff01636559,Symo 24.0-3 480 (1),,,24.0,parsed_from_inverter_name,24.58,,
fronius,2025-01-10,d95b5e9d-f2d5-4950-85a9-909e52f727ba,Penner Farms - SE 27-8-13 (site 2),c3ec3bd8-8836-45bb-97b7-adff01636570,Symo 24.0-3 480 (3),,,24.0,parsed_from_inverter_name,25.09,,
fronius,2025-01-11,d95b5e9d-f2d5-4950-85a9-909e52f727ba,Penner Farms - SE 27-8-13 (site 2),a9f3ac23-6f93-447b-9037-adff01636562,Symo 24.0-3 480 (2),,,24.0,parsed_from_inverter_name,15.55,,
fronius,2025-01-11,d95b5e9d-f2d5-4950-85a9-909e52f727ba,Penner Farms - SE 27-8-13 (site 2),b8a6c9fe-5838-42e7-9faa-adff01636559,Symo 24.0-3 480 (1),,,24.0,parsed_from_inverter_name,15.31,,
fronius,2025-01-11,d95b5e9d-f2d5-4950-85a9-909e52f727ba,Penner Farms - SE 27-8-13 (site 2),c3ec3bd8-8836-45bb-97b7-adff01636570,Symo 24.0-3 480 (3),,,24.0,parsed_from_inverter_name,15.67,,
fronius,2025-01-12,d95b5e9d-f2d5-4950-85a9-909e52f727ba,Penner Farms - SE 27-8-13 (site 2),a9f3ac23-6f93-447b-9037-adff01636562,Symo 24.0-3 480 (2),,,24.0,parsed_from_inverter_name,6.44,,
fronius,2025-01-12,d95b5e9d-f2d5-4950-85a9-909e52f727ba,Penner Farms - SE 27-8-13 (site 2),b8a6c9fe-5838-42e7-9faa-adff01636559,Symo 24.0-3 480 (1),,,24.0,parsed_from_inverter_name,6.54,,
fronius,2025-01-12,d95b5e9d-f2d5-4950-85a9-909e52f727ba,Penner Farms - SE 27-8-13 (site 2),c3ec3bd8-8836-45bb-97b7-adff01636570,Symo 24.0-3 480 (3),,,24.0,parsed_from_inverter_name,6.93,,
fronius,2025-01-13,d95b5e9d-f2d5-4950-85a9-909e52f727ba,Penner Farms - SE 27-8-13 (site 2),a9f3ac23-6f93-447b-9037-adff01636562,Symo 24.0-3 480 (2),,,24.0,parsed_from_inverter_name,65.68,,
fronius,2025-01-13,d95b5e9d-f2d5-4950-85a9-909e52f727ba,Penner Farms - SE 27-8-13 (site 2),b8a6c9fe-5838-42e7-9faa-adff01636559,Symo 24.0-3 480 (1),,,24.0,parsed_from_inverter_name,59.35,,
fronius,2025-01-13,d95b5e9d-f2d5-4950-85a9-909e52f727ba,Penner Farms - SE 27-8-13 (site 2),c3ec3bd8-8836-45bb-97b7-adff01636570,Symo 24.0-3 480 (3),,,24.0,parsed_from_inverter_name,64.61,,
fronius,2025-01-14,d95b5e9d-f2d5-4950-85a9-909e52f727ba,Penner Farms - SE 27-8-13 (site 2),a9f3ac23-6f93-447b-9037-adff01636562,Symo 24.0-3 480 (2),,,24.0,parsed_from_inverter_name,65.3,,
fronius,2025-01-14,d95b5e9d-f2d5-4950-85a9-909e52f727ba,Penner Farms - SE 27-8-13 (site 2),b8a6c9fe-5838-42e7-9faa-adff01636559,Symo 24.0-3 480 (1),,,24.0,parsed_from_inverter_name,63.22,,
fronius,2025-01-14,d95b5e9d-f2d5-4950-85a9-909e52f727ba,Penner Farms - SE 27-8-13 (site 2),c3ec3bd8-8836-45bb-97b7-adff01636570,Symo 24.0-3 480 (3),,,24.0,parsed_from_inverter_name,64.45,,
fronius,2025-01-15,d95b5e9d-f2d5-4950-85a9-909e52f727ba,Penner Farms - SE 27-8-13 (site 2),a9f3ac23-6f93-447b-9037-adff01636562,Symo 24.0-3 480 (2),,,24.0,parsed_from_inverter_name,112.08,,
fronius,2025-01-15,d95b5e9d-f2d5-4950-85a9-909e52f727ba,Penner Farms - SE 27-8-13 (site 2),b8a6c9fe-5838-42e7-9faa-adff01636559,Symo 24.0-3 480 (1),,,24.0,parsed_from_inverter_name,107.03,,
fronius,2025-01-15,d95b5e9d-f2d5-4950-85a9-909e52f727ba,Penner Farms - SE 27-8-13 (site 2),c3ec3bd8-8836-45bb-97b7-adff01636570,Symo 24.0-3 480 (3),,,24.0,parsed_from_inverter_name,109.6,,
fronius,2025-01-16,d95b5e9d-f2d5-4950-85a9-909e52f727ba,Penner Farms - SE 27-8-13 (site 2),a9f3ac23-6f93-447b-9037-adff01636562,Symo 24.0-3 480 (2),,,24.0,parsed_from_inverter_name,102.34,,
fronius,2025-01-16,d95b5e9d-f2d5-4950-85a9-909e52f727ba,Penner Farms - SE 27-8-13 (site 2),b8a6c9fe-5838-42e7-9faa-adff01636559,Symo 24.0-3 480 (1),,,24.0,parsed_from_inverter_name,100.0,,
fronius,2025-01-16,d95b5e9d-f2d5-4950-85a9-909e52f727ba,Penner Farms - SE 27-8-13 (site 2),c3ec3bd8-8836-45bb-97b7-adff01636570,Symo 24.0-3 480 (3),,,24.0,parsed_from_inverter_name,99.86,,
fronius,2025-01-17,d95b5e9d-f2d5-4950-85a9-909e52f727ba,Penner Farms - SE 27-8-13 (site 2),a9f3ac23-6f93-447b-9037-adff01636562,Symo 24.0-3 480 (2),,,24.0,parsed_from_inverter_name,47.25,,
fronius,2025-01-17,d95b5e9d-f2d5-4950-85a9-909e52f727ba,Penner Farms - SE 27-8-13 (site 2),b8a6c9fe-5838-42e7-9faa-adff01636559,Symo 24.0-3 480 (1),,,24.0,parsed_from_inverter_name,32.5,,
fronius,2025-01-17,d95b5e9d-f2d5-4950-85a9-909e52f727ba,Penner Farms - SE 27-8-13 (site 2),c3ec3bd8-8836-45bb-97b7-adff01636570,Symo 24.0-3 480 (3),,,24.0,parsed_from_inverter_name,39.73,,
fronius,2025-01-18,d95b5e9d-f2d5-4950-85a9-909e52f727ba,Penner Farms - SE 27-8-13 (site 2),a9f3ac23-6f93-447b-9037-adff01636562,Symo 24.0-3 480 (2),,,24.0,parsed_from_inverter_name,69.9,,
fronius,2025-01-18,d95b5e9d-f2d5-4950-85a9-909e52f727ba,Penner Farms - SE 27-8-13 (site 2),b8a6c9fe-5838-42e7-9faa-adff01636559,Symo 24.0-3 480 (1),,,24.0,parsed_from_inverter_name,45.72,,
fronius,2025-01-18,d95b5e9d-f2d5-4950-85a9-909e52f727ba,Penner Farms - SE 27-8-13 (site 2),c3ec3bd8-8836-45bb-97b7-adff01636570,Symo 24.0-3 480 (3),,,24.0,parsed_from_inverter_name,42.01,,
fronius,2025-01-19,d95b5e9d-f2d5-4950-85a9-909e52f727ba,Penner Farms - SE 27-8-13 (site 2),a9f3ac23-6f93-447b-9037-adff01636562,Symo 24.0-3 480 (2),,,24.0,parsed_from_inverter_name,115.1,,
fronius,2025-01-19,d95b5e9d-f2d5-4950-85a9-909e52f727ba,Penner Farms - SE 27-8-13 (site 2),b8a6c9fe-5838-42e7-9faa-adff01636559,Symo 24.0-3 480 (1),,,24.0,parsed_from_inverter_name,71.49,,
fronius,2025-01-19,d95b5e9d-f2d5-4950-85a9-909e52f727ba,Penner Farms - SE 27-8-13 (site 2),c3ec3bd8-8836-45bb-97b7-adff01636570,Symo 24.0-3 480 (3),,,24.0,parsed_from_inverter_name,68.18,,
fronius,2025-01-20,d95b5e9d-f2d5-4950-85a9-909e52f727ba,Penner Farms - SE 27-8-13 (site 2),a9f3ac23-6f93-447b-9037-adff01636562,Symo 24.0-3 480 (2),,,24.0,parsed_from_inverter_name,112.04,,
fronius,2025-01-20,d95b5e9d-f2d5-4950-85a9-909e52f727ba,Penner Farms - SE 27-8-13 (site 2),b8a6c9fe-5838-42e7-9faa-adff01636559,Symo 24.0-3 480 (1),,,24.0,parsed_from_inverter_name,73.49,,
fronius,2025-01-20,d95b5e9d-f2d5-4950-85a9-909e52f727ba,Penner Farms - SE 27-8-13 (site 2),c3ec3bd8-8836-45bb-97b7-adff01636570,Symo 24.0-3 480 (3),,,24.0,parsed_from_inverter_name,68.66,,
fronius,2025-01-21,d95b5e9d-f2d5-4950-85a9-909e52f727ba,Penner Farms - SE 27-8-13 (site 2),a9f3ac23-6f93-447b-9037-adff01636562,Symo 24.0-3 480 (2),,,24.0,parsed_from_inverter_name,28.06,,
fronius,2025-01-21,d95b5e9d-f2d5-4950-85a9-909e52f727ba,Penner Farms - SE 27-8-13 (site 2),b8a6c9fe-5838-42e7-9faa-adff01636559,Symo 24.0-3 480 (1),,,24.0,parsed_from_inverter_name,27.82,,
fronius,2025-01-21,d95b5e9d-f2d5-4950-85a9-909e52f727ba,Penner Farms - SE 27-8-13 (site 2),c3ec3bd8-8836-45bb-97b7-adff01636570,Symo 24.0-3 480 (3),,,24.0,parsed_from_inverter_name,27.38,,
fronius,2025-01-22,d95b5e9d-f2d5-4950-85a9-909e52f727ba,Penner Farms - SE 27-8-13 (site 2),a9f3ac23-6f93-447b-9037-adff01636562,Symo 24.0-3 480 (2),,,24.0,parsed_from_inverter_name,64.94,,
fronius,2025-01-22,d95b5e9d-f2d5-4950-85a9-909e52f727ba,Penner Farms - SE 27-8-13 (site 2),b8a6c9fe-5838-42e7-9faa-adff01636559,Symo 24.0-3 480 (1),,,24.0,parsed_from_inverter_name,63.82,,
fronius,2025-01-22,d95b5e9d-f2d5-4950-85a9-909e52f727ba,Penner Farms - SE 27-8-13 (site 2),c3ec3bd8-8836-45bb-97b7-adff01636570,Symo 24.0-3 480 (3),,,24.0,parsed_from_inverter_name,61.84,,
fronius,2025-01-23,d95b5e9d-f2d5-4950-85a9-909e52f727ba,Penner Farms - SE 27-8-13 (site 2),a9f3ac23-6f93-447b-9037-adff01636562,Symo 24.0-3 480 (2),,,24.0,parsed_from_inverter_name,31.25,,
fronius,2025-01-23,d95b5e9d-f2d5-4950-85a9-909e52f727ba,Penner Farms - SE 27-8-13 (site 2),b8a6c9fe-5838-42e7-9faa-adff01636559,Symo 24.0-3 480 (1),,,24.0,parsed_from_inverter_name,30.8,,
fronius,2025-01-23,d95b5e9d-f2d5-4950-85a9-909e52f727ba,Penner Farms - SE 27-8-13 (site 2),c3ec3bd8-8836-45bb-97b7-adff01636570,Symo 24.0-3 480 (3),,,24.0,parsed_from_inverter_name,30.76,,
fronius,2025-01-24,d95b5e9d-f2d5-4950-85a9-909e52f727ba,Penner Farms - SE 27-8-13 (site 2),a9f3ac23-6f93-447b-9037-adff01636562,Symo 24.0-3 480 (2),,,24.0,parsed_from_inverter_name,49.59,,
fronius,2025-01-24,d95b5e9d-f2d5-4950-85a9-909e52f727ba,Penner Farms - SE 27-8-13 (site 2),b8a6c9fe-5838-42e7-9faa-adff01636559,Symo 24.0-3 480 (1),,,24.0,parsed_from_inverter_name,49.42,,
fronius,2025-01-24,d95b5e9d-f2d5-4950-85a9-909e52f727ba,Penner Farms - SE 27-8-13 (site 2),c3ec3bd8-8836-45bb-97b7-adff01636570,Symo 24.0-3 480 (3),,,24.0,parsed_from_inverter_name,50.69,,
fronius,2025-01-25,d95b5e9d-f2d5-4950-85a9-909e52f727ba,Penner Farms - SE 27-8-13 (site 2),a9f3ac23-6f93-447b-9037-adff01636562,Symo 24.0-3 480 (2),,,24.0,parsed_from_inverter_name,126.38,,
fronius,2025-01-25,d95b5e9d-f2d5-4950-85a9-909e52f727ba,Penner Farms - SE 27-8-13 (site 2),b8a6c9fe-5838-42e7-9faa-adff01636559,Symo 24.0-3 480 (1),,,24.0,parsed_from_inverter_name,120.65,,
fronius,2025-01-25,d95b5e9d-f2d5-4950-85a9-909e52f727ba,Penner Farms - SE 27-8-13 (site 2),c3ec3bd8-8836-45bb-97b7-adff01636570,Symo 24.0-3 480 (3),,,24.0,parsed_from_inverter_name,124.75,,
fronius,2025-01-26,d95b5e9d-f2d5-4950-85a9-909e52f727ba,Penner Farms - SE 27-8-13 (site 2),a9f3ac23-6f93-447b-9037-adff01636562,Symo 24.0-3 480 (2),,,24.0,parsed_from_inverter_name,147.84,,
fronius,2025-01-26,d95b5e9d-f2d5-4950-85a9-909e52f727ba,Penner Farms - SE 27-8-13 (site 2),b8a6c9fe-5838-42e7-9faa-adff01636559,Symo 24.0-3 480 (1),,,24.0,parsed_from_inverter_name,142.4,,
fronius,2025-01-26,d95b5e9d-f2d5-4950-85a9-909e52f727ba,Penner Farms - SE 27-8-13 (site 2),c3ec3bd8-8836-45bb-97b7-adff01636570,Symo 24.0-3 480 (3),,,24.0,parsed_from_inverter_name,146.18,,
fronius,2025-01-27,d95b5e9d-f2d5-4950-85a9-909e52f727ba,Penner Farms - SE 27-8-13 (site 2),a9f3ac23-6f93-447b-9037-adff01636562,Symo 24.0-3 480 (2),,,24.0,parsed_from_inverter_name,133.84,,
fronius,2025-01-27,d95b5e9d-f2d5-4950-85a9-909e52f727ba,Penner Farms - SE 27-8-13 (site 2),b8a6c9fe-5838-42e7-9faa-adff01636559,Symo 24.0-3 480 (1),,,24.0,parsed_from_inverter_name,129.43,,
fronius,2025-01-27,d95b5e9d-f2d5-4950-85a9-909e52f727ba,Penner Farms - SE 27-8-13 (site 2),c3ec3bd8-8836-45bb-97b7-adff01636570,Symo 24.0-3 480 (3),,,24.0,parsed_from_inverter_name,132.15,,
fronius,2025-01-28,d95b5e9d-f2d5-4950-85a9-909e52f727ba,Penner Farms - SE 27-8-13 (site 2),a9f3ac23-6f93-447b-9037-adff01636562,Symo 24.0-3 480 (2),,,24.0,parsed_from_inverter_name,123.3,,
fronius,2025-01-28,d95b5e9d-f2d5-4950-85a9-909e52f727ba,Penner Farms - SE 27-8-13 (site 2),b8a6c9fe-5838-42e7-9faa-adff01636559,Symo 24.0-3 480 (1),,,24.0,parsed_from_inverter_name,119.29,,
fronius,2025-01-28,d95b5e9d-f2d5-4950-85a9-909e52f727ba,Penner Farms - SE 27-8-13 (site 2),c3ec3bd8-8836-45bb-97b7-adff01636570,Symo 24.0-3 480 (3),,,24.0,parsed_from_inverter_name,121.72,,
fronius,2025-01-29,d95b5e9d-f2d5-4950-85a9-909e52f727ba,Penner Farms - SE 27-8-13 (site 2),a9f3ac23-6f93-447b-9037-adff01636562,Symo 24.0-3 480 (2),,,24.0,parsed_from_inverter_name,71.19,,
fronius,2025-01-29,d95b5e9d-f2d5-4950-85a9-909e52f727ba,Penner Farms - SE 27-8-13 (site 2),b8a6c9fe-5838-42e7-9faa-adff01636559,Symo 24.0-3 480 (1),,,24.0,parsed_from_inverter_name,68.66,,
fronius,2025-01-29,d95b5e9d-f2d5-4950-85a9-909e52f727ba,Penner Farms - SE 27-8-13 (site 2),c3ec3bd8-8836-45bb-97b7-adff01636570,Symo 24.0-3 480 (3),,,24.0,parsed_from_inverter_name,70.59,,
fronius,2025-01-30,d95b5e9d-f2d5-4950-85a9-909e52f727ba,Penner Farms - SE 27-8-13 (site 2),a9f3ac23-6f93-447b-9037-adff01636562,Symo 24.0-3 480 (2),,,24.0,parsed_from_inverter_name,91.29,,
fronius,2025-01-30,d95b5e9d-f2d5-4950-85a9-909e52f727ba,Penner Farms - SE 27-8-13 (site 2),b8a6c9fe-5838-42e7-9faa-adff01636559,Symo 24.0-3 480 (1),,,24.0,parsed_from_inverter_name,88.1,,
fronius,2025-01-30,d95b5e9d-f2d5-4950-85a9-909e52f727ba,Penner Farms - SE 27-8-13 (site 2),c3ec3bd8-8836-45bb-97b7-adff01636570,Symo 24.0-3 480 (3),,,24.0,parsed_from_inverter_name,91.12,,
fronius,2025-01-31,d95b5e9d-f2d5-4950-85a9-909e52f727ba,Penner Farms - SE 27-8-13 (site 2),a9f3ac23-6f93-447b-9037-adff01636562,Symo 24.0-3 480 (2),,,24.0,parsed_from_inverter_name,65.22,,
fronius,2025-01-31,d95b5e9d-f2d5-4950-85a9-909e52f727ba,Penner Farms - SE 27-8-13 (site 2),b8a6c9fe-5838-42e7-9faa-adff01636559,Symo 24.0-3 480 (1),,,24.0,parsed_from_inverter_name,63.44,,
fronius,2025-01-31,d95b5e9d-f2d5-4950-85a9-909e52f727ba,Penner Farms - SE 27-8-13 (site 2),c3ec3bd8-8836-45bb-97b7-adff01636570,Symo 24.0-3 480 (3),,,24.0,parsed_from_inverter_name,64.81,,
fronius,2025-02-01,d95b5e9d-f2d5-4950-85a9-909e52f727ba,Penner Farms - SE 27-8-13 (site 2),a9f3ac23-6f93-447b-9037-adff01636562,Symo 24.0-3 480 (2),,,24.0,parsed_from_inverter_name,17.67,,
fronius,2025-02-01,d95b5e9d-f2d5-4950-85a9-909e52f727ba,Penner Farms - SE 27-8-13 (site 2),b8a6c9fe-5838-42e7-9faa-adff01636559,Symo 24.0-3 480 (1),,,24.0,parsed_from_inverter_name,17.74,,
fronius,2025-02-01,d95b5e9d-f2d5-4950-85a9-909e52f727ba,Penner Farms - SE 27-8-13 (site 2),c3ec3bd8-8836-45bb-97b7-adff01636570,Symo 24.0-3 480 (3),,,24.0,parsed_from_inverter_name,17.25,,
fronius,2025-02-02,d95b5e9d-f2d5-4950-85a9-909e52f727ba,Penner Farms - SE 27-8-13 (site 2),a9f3ac23-6f93-447b-9037-adff01636562,Symo 24.0-3 480 (2),,,24.0,parsed_from_inverter_name,19.8,,
fronius,2025-02-02,d95b5e9d-f2d5-4950-85a9-909e52f727ba,Penner Farms - SE 27-8-13 (site 2),b8a6c9fe-5838-42e7-9faa-adff01636559,Symo 24.0-3 480 (1),,,24.0,parsed_from_inverter_name,19.69,,
fronius,2025-02-02,d95b5e9d-f2d5-4950-85a9-909e52f727ba,Penner Farms - SE 27-8-13 (site 2),c3ec3bd8-8836-45bb-97b7-adff01636570,Symo 24.0-3 480 (3),,,24.0,parsed_from_inverter_name,20.55,,
fronius,2025-02-03,d95b5e9d-f2d5-4950-85a9-909e52f727ba,Penner Farms - SE 27-8-13 (site 2),a9f3ac23-6f93-447b-9037-adff01636562,Symo 24.0-3 480 (2),,,24.0,parsed_from_inverter_name,18.7,,
fronius,2025-02-03,d95b5e9d-f2d5-4950-85a9-909e52f727ba,Penner Farms - SE 27-8-13 (site 2),b8a6c9fe-5838-42e7-9faa-adff01636559,Symo 24.0-3 480 (1),,,24.0,parsed_from_inverter_name,18.21,,
fronius,2025-02-03,d95b5e9d-f2d5-4950-85a9-909e52f727ba,Penner Farms - SE 27-8-13 (site 2),c3ec3bd8-8836-45bb-97b7-adff01636570,Symo 24.0-3 480 (3),,,24.0,parsed_from_inverter_name,18.56,,
fronius,2025-02-04,d95b5e9d-f2d5-4950-85a9-909e52f727ba,Penner Farms - SE 27-8-13 (site 2),a9f3ac23-6f93-447b-9037-adff01636562,Symo 24.0-3 480 (2),,,24.0,parsed_from_inverter_name,11.03,,
fronius,2025-02-04,d95b5e9d-f2d5-4950-85a9-909e52f727ba,Penner Farms - SE 27-8-13 (site 2),b8a6c9fe-5838-42e7-9faa-adff01636559,Symo 24.0-3 480 (1),,,24.0,parsed_from_inverter_name,10.73,,
fronius,2025-02-04,d95b5e9d-f2d5-4950-85a9-909e52f727ba,Penner Farms - SE 27-8-13 (site 2),c3ec3bd8-8836-45bb-97b7-adff01636570,Symo 24.0-3 480 (3),,,24.0,parsed_from_inverter_name,11.52,,
fronius,2025-02-05,d95b5e9d-f2d5-4950-85a9-909e52f727ba,Penner Farms - SE 27-8-13 (site 2),a9f3ac23-6f93-447b-9037-adff01636562,Symo 24.0-3 480 (2),,,24.0,parsed_from_inverter_name,21.98,,
fronius,2025-02-05,d95b5e9d-f2d5-4950-85a9-909e52f727ba,Penner Farms - SE 27-8-13 (site 2),b8a6c9fe-5838-42e7-9faa-adff01636559,Symo 24.0-3 480 (1),,,24.0,parsed_from_inverter_name,26.04,,
fronius,2025-02-05,d95b5e9d-f2d5-4950-85a9-909e52f727ba,Penner Farms - SE 27-8-13 (site 2),c3ec3bd8-8836-45bb-97b7-adff01636570,Symo 24.0-3 480 (3),,,24.0,parsed_from_inverter_name,19.95,,
fronius,2025-02-06,d95b5e9d-f2d5-4950-85a9-909e52f727ba,Penner Farms - SE 27-8-13 (site 2),a9f3ac23-6f93-447b-9037-adff01636562,Symo 24.0-3 480 (2),,,24.0,parsed_from_inverter_name,23.29,,
fronius,2025-02-06,d95b5e9d-f2d5-4950-85a9-909e52f727ba,Penner Farms - SE 27-8-13 (site 2),b8a6c9fe-5838-42e7-9faa-adff01636559,Symo 24.0-3 480 (1),,,24.0,parsed_from_inverter_name,30.45,,
fronius,2025-02-06,d95b5e9d-f2d5-4950-85a9-909e52f727ba,Penner Farms - SE 27-8-13 (site 2),c3ec3bd8-8836-45bb-97b7-adff01636570,Symo 24.0-3 480 (3),,,24.0,parsed_from_inverter_name,21.44,,
fronius,2025-02-07,d95b5e9d-f2d5-4950-85a9-909e52f727ba,Penner Farms - SE 27-8-13 (site 2),a9f3ac23-6f93-447b-9037-adff01636562,Symo 24.0-3 480 (2),,,24.0,parsed_from_inverter_name,51.57,,
fronius,2025-02-07,d95b5e9d-f2d5-4950-85a9-909e52f727ba,Penner Farms - SE 27-8-13 (site 2),b8a6c9fe-5838-42e7-9faa-adff01636559,Symo 24.0-3 480 (1),,,24.0,parsed_from_inverter_name,75.49,,
fronius,2025-02-07,d95b5e9d-f2d5-4950-85a9-909e52f727ba,Penner Farms - SE 27-8-13 (site 2),c3ec3bd8-8836-45bb-97b7-adff01636570,Symo 24.0-3 480 (3),,,24.0,parsed_from_inverter_name,42.38,,
fronius,2025-02-08,d95b5e9d-f2d5-4950-85a9-909e52f727ba,Penner Farms - SE 27-8-13 (site 2),a9f3ac23-6f93-447b-9037-adff01636562,Symo 24.0-3 480 (2),,,24.0,parsed_from_inverter_name,66.49,,
fronius,2025-02-08,d95b5e9d-f2d5-4950-85a9-909e52f727ba,Penner Farms - SE 27-8-13 (site 2),b8a6c9fe-5838-42e7-9faa-adff01636559,Symo 24.0-3 480 (1),,,24.0,parsed_from_inverter_name,82.5,,
fronius,2025-02-08,d95b5e9d-f2d5-4950-85a9-909e52f727ba,Penner Farms - SE 27-8-13 (site 2),c3ec3bd8-8836-45bb-97b7-adff01636570,Symo 24.0-3 480 (3),,,24.0,parsed_from_inverter_name,55.91,,
fronius,2025-02-09,d95b5e9d-f2d5-4950-85a9-909e52f727ba,Penner Farms - SE 27-8-13 (site 2),a9f3ac23-6f93-447b-9037-adff01636562,Symo 24.0-3 480 (2),,,24.0,parsed_from_inverter_name,51.37,,
fronius,2025-02-09,d95b5e9d-f2d5-4950-85a9-909e52f727ba,Penner Farms - SE 27-8-13 (site 2),b8a6c9fe-5838-42e7-9faa-adff01636559,Symo 24.0-3 480 (1),,,24.0,parsed_from_inverter_name,66.12,,
fronius,2025-02-09,d95b5e9d-f2d5-4950-85a9-909e52f727ba,Penner Farms - SE 27-8-13 (site 2),c3ec3bd8-8836-45bb-97b7-adff01636570,Symo 24.0-3 480 (3),,,24.0,parsed_from_inverter_name,44.63,,
fronius,2025-02-10,d95b5e9d-f2d5-4950-85a9-909e52f727ba,Penner Farms - SE 27-8-13 (site 2),a9f3ac23-6f93-447b-9037-adff01636562,Symo 24.0-3 480 (2),,,24.0,parsed_from_inverter_name,102.41,,
fronius,2025-02-10,d95b5e9d-f2d5-4950-85a9-909e52f727ba,Penner Farms - SE 27-8-13 (site 2),b8a6c9fe-5838-42e7-9faa-adff01636559,Symo 24.0-3 480 (1),,,24.0,parsed_from_inverter_name,136.07,,
fronius,2025-02-10,d95b5e9d-f2d5-4950-85a9-909e52f727ba,Penner Farms - SE 27-8-13 (site 2),c3ec3bd8-8836-45bb-97b7-adff01636570,Symo 24.0-3 480 (3),,,24.0,parsed_from_inverter_name,79.7,,
fronius,2025-02-11,d95b5e9d-f2d5-4950-85a9-909e52f727ba,Penner Farms - SE 27-8-13 (site 2),a9f3ac23-6f93-447b-9037-adff01636562,Symo 24.0-3 480 (2),,,24.0,parsed_from_inverter_name,65.99,,
fronius,2025-02-11,d95b5e9d-f2d5-4950-85a9-909e52f727ba,Penner Farms - SE 27-8-13 (site 2),b8a6c9fe-5838-42e7-9faa-adff01636559,Symo 24.0-3 480 (1),,,24.0,parsed_from_inverter_name,83.7,,
fronius,2025-02-11,d95b5e9d-f2d5-4950-85a9-909e52f727ba,Penner Farms - SE 27-8-13 (site 2),c3ec3bd8-8836-45bb-97b7-adff01636570,Symo 24.0-3 480 (3),,,24.0,parsed_from_inverter_name,54.17,,
fronius,2025-02-12,d95b5e9d-f2d5-4950-85a9-909e52f727ba,Penner Farms - SE 27-8-13 (site 2),a9f3ac23-6f93-447b-9037-adff01636562,Symo 24.0-3 480 (2),,,24.0,parsed_from_inverter_name,112.54,,
fronius,2025-02-12,d95b5e9d-f2d5-4950-85a9-909e52f727ba,Penner Farms - SE 27-8-13 (site 2),b8a6c9fe-5838-42e7-9faa-adff01636559,Symo 24.0-3 480 (1),,,24.0,parsed_from_inverter_name,141.11,,
fronius,2025-02-12,d95b5e9d-f2d5-4950-85a9-909e52f727ba,Penner Farms - SE 27-8-13 (site 2),c3ec3bd8-8836-45bb-97b7-adff01636570,Symo 24.0-3 480 (3),,,24.0,parsed_from_inverter_name,87.73,,
fronius,2025-02-13,d95b5e9d-f2d5-4950-85a9-909e52f727ba,Penner Farms - SE 27-8-13 (site 2),a9f3ac23-6f93-447b-9037-adff01636562,Symo 24.0-3 480 (2),,,24.0,parsed_from_inverter_name,149.56,,
fronius,2025-02-13,d95b5e9d-f2d5-4950-85a9-909e52f727ba,Penner Farms - SE 27-8-13 (site 2),b8a6c9fe-5838-42e7-9faa-adff01636559,Symo 24.0-3 480 (1),,,24.0,parsed_from_inverter_name,157.01,,
fronius,2025-02-13,d95b5e9d-f2d5-4950-85a9-909e52f727ba,Penner Farms - SE 27-8-13 (site 2),c3ec3bd8-8836-45bb-97b7-adff01636570,Symo 24.0-3 480 (3),,,24.0,parsed_from_inverter_name,118.98,,
fronius,2025-02-14,d95b5e9d-f2d5-4950-85a9-909e52f727ba,Penner Farms - SE 27-8-13 (site 2),a9f3ac23-6f93-447b-9037-adff01636562,Symo 24.0-3 480 (2),,,24.0,parsed_from_inverter_name,32.42,,
fronius,2025-02-14,d95b5e9d-f2d5-4950-85a9-909e52f727ba,Penner Farms - SE 27-8-13 (site 2),b8a6c9fe-5838-42e7-9faa-adff01636559,Symo 24.0-3 480 (1),,,24.0,parsed_from_inverter_name,34.55,,
fronius,2025-02-14,d95b5e9d-f2d5-4950-85a9-909e52f727ba,Penner Farms - SE 27-8-13 (site 2),c3ec3bd8-8836-45bb-97b7-adff01636570,Symo 24.0-3 480 (3),,,24.0,parsed_from_inverter_name,27.89,,
fronius,2025-02-15,d95b5e9d-f2d5-4950-85a9-909e52f727ba,Penner Farms - SE 27-8-13 (site 2),a9f3ac23-6f93-447b-9037-adff01636562,Symo 24.0-3 480 (2),,,24.0,parsed_from_inverter_name,28.36,,
fronius,2025-02-15,d95b5e9d-f2d5-4950-85a9-909e52f727ba,Penner Farms - SE 27-8-13 (site 2),b8a6c9fe-5838-42e7-9faa-adff01636559,Symo 24.0-3 480 (1),,,24.0,parsed_from_inverter_name,28.5,,
fronius,2025-02-15,d95b5e9d-f2d5-4950-85a9-909e52f727ba,Penner Farms - SE 27-8-13 (site 2),c3ec3bd8-8836-45bb-97b7-adff01636570,Symo 24.0-3 480 (3),,,24.0,parsed_from_inverter_name,27.38,,
fronius,2025-02-16,d95b5e9d-f2d5-4950-85a9-909e52f727ba,Penner Farms - SE 27-8-13 (site 2),a9f3ac23-6f93-447b-9037-adff01636562,Symo 24.0-3 480 (2),,,24.0,parsed_from_inverter_name,22.65,,
fronius,2025-02-16,d95b5e9d-f2d5-4950-85a9-909e52f727ba,Penner Farms - SE 27-8-13 (site 2),b8a6c9fe-5838-42e7-9faa-adff01636559,Symo 24.0-3 480 (1),,,24.0,parsed_from_inverter_name,22.69,,
fronius,2025-02-16,d95b5e9d-f2d5-4950-85a9-909e52f727ba,Penner Farms - SE 27-8-13 (site 2),c3ec3bd8-8836-45bb-97b7-adff01636570,Symo 24.0-3 480 (3),,,24.0,parsed_from_inverter_name,22.09,,
fronius,2025-02-17,d95b5e9d-f2d5-4950-85a9-909e52f727ba,Penner Farms - SE 27-8-13 (site 2),a9f3ac23-6f93-447b-9037-adff01636562,Symo 24.0-3 480 (2),,,24.0,parsed_from_inverter_name,38.79,,
fronius,2025-02-17,d95b5e9d-f2d5-4950-85a9-909e52f727ba,Penner Farms - SE 27-8-13 (site 2),b8a6c9fe-5838-42e7-9faa-adff01636559,Symo 24.0-3 480 (1),,,24.0,parsed_from_inverter_name,39.8,,
fronius,2025-02-17,d95b5e9d-f2d5-4950-85a9-909e52f727ba,Penner Farms - SE 27-8-13 (site 2),c3ec3bd8-8836-45bb-97b7-adff01636570,Symo 24.0-3 480 (3),,,24.0,parsed_from_inverter_name,36.63,,
fronius,2025-02-18,d95b5e9d-f2d5-4950-85a9-909e52f727ba,Penner Farms - SE 27-8-13 (site 2),a9f3ac23-6f93-447b-9037-adff01636562,Symo 24.0-3 480 (2),,,24.0,parsed_from_inverter_name,51.37,,
fronius,2025-02-18,d95b5e9d-f2d5-4950-85a9-909e52f727ba,Penner Farms - SE 27-8-13 (site 2),b8a6c9fe-5838-42e7-9faa-adff01636559,Symo 24.0-3 480 (1),,,24.0,parsed_from_inverter_name,47.26,,
fronius,2025-02-18,d95b5e9d-f2d5-4950-85a9-909e52f727ba,Penner Farms - SE 27-8-13 (site 2),c3ec3bd8-8836-45bb-97b7-adff01636570,Symo 24.0-3 480 (3),,,24.0,parsed_from_inverter_name,48.45,,
fronius,2025-02-19,d95b5e9d-f2d5-4950-85a9-909e52f727ba,Penner Farms - SE 27-8-13 (site 2),a9f3ac23-6f93-447b-9037-adff01636562,Symo 24.0-3 480 (2),,,24.0,parsed_from_inverter_name,51.28,,
fronius,2025-02-19,d95b5e9d-f2d5-4950-85a9-909e52f727ba,Penner Farms - SE 27-8-13 (site 2),b8a6c9fe-5838-42e7-9faa-adff01636559,Symo 24.0-3 480 (1),,,24.0,parsed_from_inverter_name,46.87,,
fronius,2025-02-19,d95b5e9d-f2d5-4950-85a9-909e52f727ba,Penner Farms - SE 27-8-13 (site 2),c3ec3bd8-8836-45bb-97b7-adff01636570,Symo 24.0-3 480 (3),,,24.0,parsed_from_inverter_name,48.45,,
fronius,2025-02-20,d95b5e9d-f2d5-4950-85a9-909e52f727ba,Penner Farms - SE 27-8-13 (site 2),a9f3ac23-6f93-447b-9037-adff01636562,Symo 24.0-3 480 (2),,,24.0,parsed_from_inverter_name,113.5,,
fronius,2025-02-20,d95b5e9d-f2d5-4950-85a9-909e52f727ba,Penner Farms - SE 27-8-13 (site 2),b8a6c9fe-5838-42e7-9faa-adff01636559,Symo 24.0-3 480 (1),,,24.0,parsed_from_inverter_name,111.73,,
fronius,2025-02-20,d95b5e9d-f2d5-4950-85a9-909e52f727ba,Penner Farms - SE 27-8-13 (site 2),c3ec3bd8-8836-45bb-97b7-adff01636570,Symo 24.0-3 480 (3),,,24.0,parsed_from_inverter_name,109.65,,
fronius,2025-02-21,d95b5e9d-f2d5-4950-85a9-909e52f727ba,Penner Farms - SE 27-8-13 (site 2),a9f3ac23-6f93-447b-9037-adff01636562,Symo 24.0-3 480 (2),,,24.0,parsed_from_inverter_name,110.71,,
fronius,2025-02-21,d95b5e9d-f2d5-4950-85a9-909e52f727ba,Penner Farms - SE 27-8-13 (site 2),b8a6c9fe-5838-42e7-9faa-adff01636559,Symo 24.0-3 480 (1),,,24.0,parsed_from_inverter_name,108.57,,
fronius,2025-02-21,d95b5e9d-f2d5-4950-85a9-909e52f727ba,Penner Farms - SE 27-8-13 (site 2),c3ec3bd8-8836-45bb-97b7-adff01636570,Symo 24.0-3 480 (3),,,24.0,parsed_from_inverter_name,109.45,,
fronius,2025-02-22,d95b5e9d-f2d5-4950-85a9-909e52f727ba,Penner Farms - SE 27-8-13 (site 2),a9f3ac23-6f93-447b-9037-adff01636562,Symo 24.0-3 480 (2),,,24.0,parsed_from_inverter_name,148.88,,
fronius,2025-02-22,d95b5e9d-f2d5-4950-85a9-909e52f727ba,Penner Farms - SE 27-8-13 (site 2),b8a6c9fe-5838-42e7-9faa-adff01636559,Symo 24.0-3 480 (1),,,24.0,parsed_from_inverter_name,146.73,,
fronius,2025-02-22,d95b5e9d-f2d5-4950-85a9-909e52f727ba,Penner Farms - SE 27-8-13 (site 2),c3ec3bd8-8836-45bb-97b7-adff01636570,Symo 24.0-3 480 (3),,,24.0,parsed_from_inverter_name,147.01,,
fronius,2025-02-23,d95b5e9d-f2d5-4950-85a9-909e52f727ba,Penner Farms - SE 27-8-13 (site 2),a9f3ac23-6f93-447b-9037-adff01636562,Symo 24.0-3 480 (2),,,24.0,parsed_from_inverter_name,132.75,,
fronius,2025-02-23,d95b5e9d-f2d5-4950-85a9-909e52f727ba,Penner Farms - SE 27-8-13 (site 2),b8a6c9fe-5838-42e7-9faa-adff01636559,Symo 24.0-3 480 (1),,,24.0,parsed_from_inverter_name,130.35,,
fronius,2025-02-23,d95b5e9d-f2d5-4950-85a9-909e52f727ba,Penner Farms - SE 27-8-13 (site 2),c3ec3bd8-8836-45bb-97b7-adff01636570,Symo 24.0-3 480 (3),,,24.0,parsed_from_inverter_name,131.24,,
fronius,2025-02-24,d95b5e9d-f2d5-4950-85a9-909e52f727ba,Penner Farms - SE 27-8-13 (site 2),a9f3ac23-6f93-447b-9037-adff01636562,Symo 24.0-3 480 (2),,,24.0,parsed_from_inverter_name,157.72,,
fronius,2025-02-24,d95b5e9d-f2d5-4950-85a9-909e52f727ba,Penner Farms - SE 27-8-13 (site 2),b8a6c9fe-5838-42e7-9faa-adff01636559,Symo 24.0-3 480 (1),,,24.0,parsed_from_inverter_name,156.04,,
fronius,2025-02-24,d95b5e9d-f2d5-4950-85a9-909e52f727ba,Penner Farms - SE 27-8-13 (site 2),c3ec3bd8-8836-45bb-97b7-adff01636570,Symo 24.0-3 480 (3),,,24.0,parsed_from_inverter_name,155.76,,
fronius,2025-02-25,d95b5e9d-f2d5-4950-85a9-909e52f727ba,Penner Farms - SE 27-8-13 (site 2),a9f3ac23-6f93-447b-9037-adff01636562,Symo 24.0-3 480 (2),,,24.0,parsed_from_inverter_name,173.42,,
fronius,2025-02-25,d95b5e9d-f2d5-4950-85a9-909e52f727ba,Penner Farms - SE 27-8-13 (site 2),b8a6c9fe-5838-42e7-9faa-adff01636559,Symo 24.0-3 480 (1),,,24.0,parsed_from_inverter_name,171.92,,
fronius,2025-02-25,d95b5e9d-f2d5-4950-85a9-909e52f727ba,Penner Farms - SE 27-8-13 (site 2),c3ec3bd8-8836-45bb-97b7-adff01636570,Symo 24.0-3 480 (3),,,24.0,parsed_from_inverter_name,171.45,,
fronius,2025-02-26,d95b5e9d-f2d5-4950-85a9-909e52f727ba,Penner Farms - SE 27-8-13 (site 2),a9f3ac23-6f93-447b-9037-adff01636562,Symo 24.0-3 480 (2),,,24.0,parsed_from_inverter_name,160.53,,
fronius,2025-02-26,d95b5e9d-f2d5-4950-85a9-909e52f727ba,Penner Farms - SE 27-8-13 (site 2),b8a6c9fe-5838-42e7-9faa-adff01636559,Symo 24.0-3 480 (1),,,24.0,parsed_from_inverter_name,158.74,,
fronius,2025-02-26,d95b5e9d-f2d5-4950-85a9-909e52f727ba,Penner Farms - SE 27-8-13 (site 2),c3ec3bd8-8836-45bb-97b7-adff01636570,Symo 24.0-3 480 (3),,,24.0,parsed_from_inverter_name,158.78,,
fronius,2025-02-27,d95b5e9d-f2d5-4950-85a9-909e52f727ba,Penner Farms - SE 27-8-13 (site 2),a9f3ac23-6f93-447b-9037-adff01636562,Symo 24.0-3 480 (2),,,24.0,parsed_from_inverter_name,105.8,,
fronius,2025-02-27,d95b5e9d-f2d5-4950-85a9-909e52f727ba,Penner Farms - SE 27-8-13 (site 2),b8a6c9fe-5838-42e7-9faa-adff01636559,Symo 24.0-3 480 (1),,,24.0,parsed_from_inverter_name,104.39,,
fronius,2025-02-27,d95b5e9d-f2d5-4950-85a9-909e52f727ba,Penner Farms - SE 27-8-13 (site 2),c3ec3bd8-8836-45bb-97b7-adff01636570,Symo 24.0-3 480 (3),,,24.0,parsed_from_inverter_name,104.87,,
fronius,2025-02-28,d95b5e9d-f2d5-4950-85a9-909e52f727ba,Penner Farms - SE 27-8-13 (site 2),a9f3ac23-6f93-447b-9037-adff01636562,Symo 24.0-3 480 (2),,,24.0,parsed_from_inverter_name,166.22,,
fronius,2025-02-28,d95b5e9d-f2d5-4950-85a9-909e52f727ba,Penner Farms - SE 27-8-13 (site 2),b8a6c9fe-5838-42e7-9faa-adff01636559,Symo 24.0-3 480 (1),,,24.0,parsed_from_inverter_name,164.06,,
fronius,2025-02-28,d95b5e9d-f2d5-4950-85a9-909e52f727ba,Penner Farms - SE 27-8-13 (site 2),c3ec3bd8-8836-45bb-97b7-adff01636570,Symo 24.0-3 480 (3),,,24.0,parsed_from_inverter_name,164.22,,
fronius,2025-03-01,d95b5e9d-f2d5-4950-85a9-909e52f727ba,Penner Farms - SE 27-8-13 (site 2),a9f3ac23-6f93-447b-9037-adff01636562,Symo 24.0-3 480 (2),,,24.0,parsed_from_inverter_name,170.13,,
fronius,2025-03-01,d95b5e9d-f2d5-4950-85a9-909e52f727ba,Penner Farms - SE 27-8-13 (site 2),b8a6c9fe-5838-42e7-9faa-adff01636559,Symo 24.0-3 480 (1),,,24.0,parsed_from_inverter_name,155.6,,
fronius,2025-03-01,d95b5e9d-f2d5-4950-85a9-909e52f727ba,Penner Farms - SE 27-8-13 (site 2),c3ec3bd8-8836-45bb-97b7-adff01636570,Symo 24.0-3 480 (3),,,24.0,parsed_from_inverter_name,142.4,,
fronius,2025-03-02,d95b5e9d-f2d5-4950-85a9-909e52f727ba,Penner Farms - SE 27-8-13 (site 2),a9f3ac23-6f93-447b-9037-adff01636562,Symo 24.0-3 480 (2),,,24.0,parsed_from_inverter_name,172.28,,
fronius,2025-03-02,d95b5e9d-f2d5-4950-85a9-909e52f727ba,Penner Farms - SE 27-8-13 (site 2),b8a6c9fe-5838-42e7-9faa-adff01636559,Symo 24.0-3 480 (1),,,24.0,parsed_from_inverter_name,170.74,,
fronius,2025-03-02,d95b5e9d-f2d5-4950-85a9-909e52f727ba,Penner Farms - SE 27-8-13 (site 2),c3ec3bd8-8836-45bb-97b7-adff01636570,Symo 24.0-3 480 (3),,,24.0,parsed_from_inverter_name,170.16,,
fronius,2025-03-03,d95b5e9d-f2d5-4950-85a9-909e52f727ba,Penner Farms - SE 27-8-13 (site 2),a9f3ac23-6f93-447b-9037-adff01636562,Symo 24.0-3 480 (2),,,24.0,parsed_from_inverter_name,35.18,,
fronius,2025-03-03,d95b5e9d-f2d5-4950-85a9-909e52f727ba,Penner Farms - SE 27-8-13 (site 2),b8a6c9fe-5838-42e7-9faa-adff01636559,Symo 24.0-3 480 (1),,,24.0,parsed_from_inverter_name,34.8,,
fronius,2025-03-03,d95b5e9d-f2d5-4950-85a9-909e52f727ba,Penner Farms - SE 27-8-13 (site 2),c3ec3bd8-8836-45bb-97b7-adff01636570,Symo 24.0-3 480 (3),,,24.0,parsed_from_inverter_name,35.26,,
fronius,2025-03-04,d95b5e9d-f2d5-4950-85a9-909e52f727ba,Penner Farms - SE 27-8-13 (site 2),a9f3ac23-6f93-447b-9037-adff01636562,Symo 24.0-3 480 (2),,,24.0,parsed_from_inverter_name,167.56,,
fronius,2025-03-04,d95b5e9d-f2d5-4950-85a9-909e52f727ba,Penner Farms - SE 27-8-13 (site 2),b8a6c9fe-5838-42e7-9faa-adff01636559,Symo 24.0-3 480 (1),,,24.0,parsed_from_inverter_name,166.06,,
fronius,2025-03-04,d95b5e9d-f2d5-4950-85a9-909e52f727ba,Penner Farms - SE 27-8-13 (site 2),c3ec3bd8-8836-45bb-97b7-adff01636570,Symo 24.0-3 480 (3),,,24.0,parsed_from_inverter_name,167.25,,
fronius,2025-03-05,d95b5e9d-f2d5-4950-85a9-909e52f727ba,Penner Farms - SE 27-8-13 (site 2),a9f3ac23-6f93-447b-9037-adff01636562,Symo 24.0-3 480 (2),,,24.0,parsed_from_inverter_name,129.19,,
fronius,2025-03-05,d95b5e9d-f2d5-4950-85a9-909e52f727ba,Penner Farms - SE 27-8-13 (site 2),b8a6c9fe-5838-42e7-9faa-adff01636559,Symo 24.0-3 480 (1),,,24.0,parsed_from_inverter_name,127.93,,
fronius,2025-03-05,d95b5e9d-f2d5-4950-85a9-909e52f727ba,Penner Farms - SE 27-8-13 (site 2),c3ec3bd8-8836-45bb-97b7-adff01636570,Symo 24.0-3 480 (3),,,24.0,parsed_from_inverter_name,128.1,,
fronius,2025-03-06,d95b5e9d-f2d5-4950-85a9-909e52f727ba,Penner Farms - SE 27-8-13 (site 2),a9f3ac23-6f93-447b-9037-adff01636562,Symo 24.0-3 480 (2),,,24.0,parsed_from_inverter_name,171.11,,
fronius,2025-03-06,d95b5e9d-f2d5-4950-85a9-909e52f727ba,Penner Farms - SE 27-8-13 (site 2),b8a6c9fe-5838-42e7-9faa-adff01636559,Symo 24.0-3 480 (1),,,24.0,parsed_from_inverter_name,170.13,,
fronius,2025-03-06,d95b5e9d-f2d5-4950-85a9-909e52f727ba,Penner Farms - SE 27-8-13 (site 2),c3ec3bd8-8836-45bb-97b7-adff01636570,Symo 24.0-3 480 (3),,,24.0,parsed_from_inverter_name,169.58,,
fronius,2025-03-07,d95b5e9d-f2d5-4950-85a9-909e52f727ba,Penner Farms - SE 27-8-13 (site 2),a9f3ac23-6f93-447b-9037-adff01636562,Symo 24.0-3 480 (2),,,24.0,parsed_from_inverter_name,180.27,,
fronius,2025-03-07,d95b5e9d-f2d5-4950-85a9-909e52f727ba,Penner Farms - SE 27-8-13 (site 2),b8a6c9fe-5838-42e7-9faa-adff01636559,Symo 24.0-3 480 (1),,,24.0,parsed_from_inverter_name,179.53,,
fronius,2025-03-07,d95b5e9d-f2d5-4950-85a9-909e52f727ba,Penner Farms - SE 27-8-13 (site 2),c3ec3bd8-8836-45bb-97b7-adff01636570,Symo 24.0-3 480 (3),,,24.0,parsed_from_inverter_name,178.76,,
fronius,2025-03-08,d95b5e9d-f2d5-4950-85a9-909e52f727ba,Penner Farms - SE 27-8-13 (site 2),a9f3ac23-6f93-447b-9037-adff01636562,Symo 24.0-3 480 (2),,,24.0,parsed_from_inverter_name,84.87,,
fronius,2025-03-08,d95b5e9d-f2d5-4950-85a9-909e52f727ba,Penner Farms - SE 27-8-13 (site 2),b8a6c9fe-5838-42e7-9faa-adff01636559,Symo 24.0-3 480 (1),,,24.0,parsed_from_inverter_name,84.13,,
fronius,2025-03-08,d95b5e9d-f2d5-4950-85a9-909e52f727ba,Penner Farms - SE 27-8-13 (site 2),c3ec3bd8-8836-45bb-97b7-adff01636570,Symo 24.0-3 480 (3),,,24.0,parsed_from_inverter_name,84.46,,
fronius,2025-03-09,d95b5e9d-f2d5-4950-85a9-909e52f727ba,Penner Farms - SE 27-8-13 (site 2),a9f3ac23-6f93-447b-9037-adff01636562,Symo 24.0-3 480 (2),,,24.0,parsed_from_inverter_name,64.64,,
fronius,2025-03-09,d95b5e9d-f2d5-4950-85a9-909e52f727ba,Penner Farms - SE 27-8-13 (site 2),b8a6c9fe-5838-42e7-9faa-adff01636559,Symo 24.0-3 480 (1),,,24.0,parsed_from_inverter_name,63.85,,
fronius,2025-03-09,d95b5e9d-f2d5-4950-85a9-909e52f727ba,Penner Farms - SE 27-8-13 (site 2),c3ec3bd8-8836-45bb-97b7-adff01636570,Symo 24.0-3 480 (3),,,24.0,parsed_from_inverter_name,64.49,,
fronius,2025-03-10,d95b5e9d-f2d5-4950-85a9-909e52f727ba,Penner Farms - SE 27-8-13 (site 2),a9f3ac23-6f93-447b-9037-adff01636562,Symo 24.0-3 480 (2),,,24.0,parsed_from_inverter_name,140.44,,
fronius,2025-03-10,d95b5e9d-f2d5-4950-85a9-909e52f727ba,Penner Farms - SE 27-8-13 (site 2),b8a6c9fe-5838-42e7-9faa-adff01636559,Symo 24.0-3 480 (1),,,24.0,parsed_from_inverter_name,139.07,,
fronius,2025-03-10,d95b5e9d-f2d5-4950-85a9-909e52f727ba,Penner Farms - SE 27-8-13 (site 2),c3ec3bd8-8836-45bb-97b7-adff01636570,Symo 24.0-3 480 (3),,,24.0,parsed_from_inverter_name,139.07,,
fronius,2025-03-11,d95b5e9d-f2d5-4950-85a9-909e52f727ba,Penner Farms - SE 27-8-13 (site 2),a9f3ac23-6f93-447b-9037-adff01636562,Symo 24.0-3 480 (2),,,24.0,parsed_from_inverter_name,139.21,,
fronius,2025-03-11,d95b5e9d-f2d5-4950-85a9-909e52f727ba,Penner Farms - SE 27-8-13 (site 2),b8a6c9fe-5838-42e7-9faa-adff01636559,Symo 24.0-3 480 (1),,,24.0,parsed_from_inverter_name,138.91,,
fronius,2025-03-11,d95b5e9d-f2d5-4950-85a9-909e52f727ba,Penner Farms - SE 27-8-13 (site 2),c3ec3bd8-8836-45bb-97b7-adff01636570,Symo 24.0-3 480 (3),,,24.0,parsed_from_inverter_name,138.85,,
fronius,2025-03-12,d95b5e9d-f2d5-4950-85a9-909e52f727ba,Penner Farms - SE 27-8-13 (site 2),a9f3ac23-6f93-447b-9037-adff01636562,Symo 24.0-3 480 (2),,,24.0,parsed_from_inverter_name,138.46,,
fronius,2025-03-12,d95b5e9d-f2d5-4950-85a9-909e52f727ba,Penner Farms - SE 27-8-13 (site 2),b8a6c9fe-5838-42e7-9faa-adff01636559,Symo 24.0-3 480 (1),,,24.0,parsed_from_inverter_name,137.98,,
fronius,2025-03-12,d95b5e9d-f2d5-4950-85a9-909e52f727ba,Penner Farms - SE 27-8-13 (site 2),c3ec3bd8-8836-45bb-97b7-adff01636570,Symo 24.0-3 480 (3),,,24.0,parsed_from_inverter_name,137.45,,
fronius,2025-03-13,d95b5e9d-f2d5-4950-85a9-909e52f727ba,Penner Farms - SE 27-8-13 (site 2),a9f3ac23-6f93-447b-9037-adff01636562,Symo 24.0-3 480 (2),,,24.0,parsed_from_inverter_name,62.96,,
fronius,2025-03-13,d95b5e9d-f2d5-4950-85a9-909e52f727ba,Penner Farms - SE 27-8-13 (site 2),b8a6c9fe-5838-42e7-9faa-adff01636559,Symo 24.0-3 480 (1),,,24.0,parsed_from_inverter_name,62.24,,
fronius,2025-03-13,d95b5e9d-f2d5-4950-85a9-909e52f727ba,Penner Farms - SE 27-8-13 (site 2),c3ec3bd8-8836-45bb-97b7-adff01636570,Symo 24.0-3 480 (3),,,24.0,parsed_from_inverter_name,62.5,,
fronius,2025-03-14,d95b5e9d-f2d5-4950-85a9-909e52f727ba,Penner Farms - SE 27-8-13 (site 2),a9f3ac23-6f93-447b-9037-adff01636562,Symo 24.0-3 480 (2),,,24.0,parsed_from_inverter_name,151.62,,
fronius,2025-03-14,d95b5e9d-f2d5-4950-85a9-909e52f727ba,Penner Farms - SE 27-8-13 (site 2),b8a6c9fe-5838-42e7-9faa-adff01636559,Symo 24.0-3 480 (1),,,24.0,parsed_from_inverter_name,150.02,,
fronius,2025-03-14,d95b5e9d-f2d5-4950-85a9-909e52f727ba,Penner Farms - SE 27-8-13 (site 2),c3ec3bd8-8836-45bb-97b7-adff01636570,Symo 24.0-3 480 (3),,,24.0,parsed_from_inverter_name,150.41,,
fronius,2025-03-15,d95b5e9d-f2d5-4950-85a9-909e52f727ba,Penner Farms - SE 27-8-13 (site 2),a9f3ac23-6f93-447b-9037-adff01636562,Symo 24.0-3 480 (2),,,24.0,parsed_from_inverter_name,46.63,,
fronius,2025-03-15,d95b5e9d-f2d5-4950-85a9-909e52f727ba,Penner Farms - SE 27-8-13 (site 2),b8a6c9fe-5838-42e7-9faa-adff01636559,Symo 24.0-3 480 (1),,,24.0,parsed_from_inverter_name,42.35,,
fronius,2025-03-15,d95b5e9d-f2d5-4950-85a9-909e52f727ba,Penner Farms - SE 27-8-13 (site 2),c3ec3bd8-8836-45bb-97b7-adff01636570,Symo 24.0-3 480 (3),,,24.0,parsed_from_inverter_name,47.68,,
fronius,2025-03-16,d95b5e9d-f2d5-4950-85a9-909e52f727ba,Penner Farms - SE 27-8-13 (site 2),a9f3ac23-6f93-447b-9037-adff01636562,Symo 24.0-3 480 (2),,,24.0,parsed_from_inverter_name,29.36,,
fronius,2025-03-16,d95b5e9d-f2d5-4950-85a9-909e52f727ba,Penner Farms - SE 27-8-13 (site 2),b8a6c9fe-5838-42e7-9faa-adff01636559,Symo 24.0-3 480 (1),,,24.0,parsed_from_inverter_name,42.4,,
fronius,2025-03-16,d95b5e9d-f2d5-4950-85a9-909e52f727ba,Penner Farms - SE 27-8-13 (site 2),c3ec3bd8-8836-45bb-97b7-adff01636570,Symo 24.0-3 480 (3),,,24.0,parsed_from_inverter_name,41.44,,
fronius,2025-03-17,d95b5e9d-f2d5-4950-85a9-909e52f727ba,Penner Farms - SE 27-8-13 (site 2),a9f3ac23-6f93-447b-9037-adff01636562,Symo 24.0-3 480 (2),,,24.0,parsed_from_inverter_name,155.73,,
fronius,2025-03-17,d95b5e9d-f2d5-4950-85a9-909e52f727ba,Penner Farms - SE 27-8-13 (site 2),b8a6c9fe-5838-42e7-9faa-adff01636559,Symo 24.0-3 480 (1),,,24.0,parsed_from_inverter_name,159.89,,
fronius,2025-03-17,d95b5e9d-f2d5-4950-85a9-909e52f727ba,Penner Farms - SE 27-8-13 (site 2),c3ec3bd8-8836-45bb-97b7-adff01636570,Symo 24.0-3 480 (3),,,24.0,parsed_from_inverter_name,157.66,,
fronius,2025-03-18,d95b5e9d-f2d5-4950-85a9-909e52f727ba,Penner Farms - SE 27-8-13 (site 2),a9f3ac23-6f93-447b-9037-adff01636562,Symo 24.0-3 480 (2),,,24.0,parsed_from_inverter_name,45.81,,
fronius,2025-03-18,d95b5e9d-f2d5-4950-85a9-909e52f727ba,Penner Farms - SE 27-8-13 (site 2),b8a6c9fe-5838-42e7-9faa-adff01636559,Symo 24.0-3 480 (1),,,24.0,parsed_from_inverter_name,44.69,,
fronius,2025-03-18,d95b5e9d-f2d5-4950-85a9-909e52f727ba,Penner Farms - SE 27-8-13 (site 2),c3ec3bd8-8836-45bb-97b7-adff01636570,Symo 24.0-3 480 (3),,,24.0,parsed_from_inverter_name,46.59,,
fronius,2025-03-19,d95b5e9d-f2d5-4950-85a9-909e52f727ba,Penner Farms - SE 27-8-13 (site 2),a9f3ac23-6f93-447b-9037-adff01636562,Symo 24.0-3 480 (2),,,24.0,parsed_from_inverter_name,185.1,,
fronius,2025-03-19,d95b5e9d-f2d5-4950-85a9-909e52f727ba,Penner Farms - SE 27-8-13 (site 2),b8a6c9fe-5838-42e7-9faa-adff01636559,Symo 24.0-3 480 (1),,,24.0,parsed_from_inverter_name,184.73,,
fronius,2025-03-19,d95b5e9d-f2d5-4950-85a9-909e52f727ba,Penner Farms - SE 27-8-13 (site 2),c3ec3bd8-8836-45bb-97b7-adff01636570,Symo 24.0-3 480 (3),,,24.0,parsed_from_inverter_name,184.35,,
fronius,2025-03-20,d95b5e9d-f2d5-4950-85a9-909e52f727ba,Penner Farms - SE 27-8-13 (site 2),a9f3ac23-6f93-447b-9037-adff01636562,Symo 24.0-3 480 (2),,,24.0,parsed_from_inverter_name,99.66,,
fronius,2025-03-20,d95b5e9d-f2d5-4950-85a9-909e52f727ba,Penner Farms - SE 27-8-13 (site 2),b8a6c9fe-5838-42e7-9faa-adff01636559,Symo 24.0-3 480 (1),,,24.0,parsed_from_inverter_name,99.26,,
fronius,2025-03-20,d95b5e9d-f2d5-4950-85a9-909e52f727ba,Penner Farms - SE 27-8-13 (site 2),c3ec3bd8-8836-45bb-97b7-adff01636570,Symo 24.0-3 480 (3),,,24.0,parsed_from_inverter_name,99.46,,
fronius,2025-03-21,d95b5e9d-f2d5-4950-85a9-909e52f727ba,Penner Farms - SE 27-8-13 (site 2),a9f3ac23-6f93-447b-9037-adff01636562,Symo 24.0-3 480 (2),,,24.0,parsed_from_inverter_name,167.76,,
fronius,2025-03-21,d95b5e9d-f2d5-4950-85a9-909e52f727ba,Penner Farms - SE 27-8-13 (site 2),b8a6c9fe-5838-42e7-9faa-adff01636559,Symo 24.0-3 480 (1),,,24.0,parsed_from_inverter_name,167.3,,
fronius,2025-03-21,d95b5e9d-f2d5-4950-85a9-909e52f727ba,Penner Farms - SE 27-8-13 (site 2),c3ec3bd8-8836-45bb-97b7-adff01636570,Symo 24.0-3 480 (3),,,24.0,parsed_from_inverter_name,167.0,,
fronius,2025-03-22,d95b5e9d-f2d5-4950-85a9-909e52f727ba,Penner Farms - SE 27-8-13 (site 2),a9f3ac23-6f93-447b-9037-adff01636562,Symo 24.0-3 480 (2),,,24.0,parsed_from_inverter_name,137.52,,
fronius,2025-03-22,d95b5e9d-f2d5-4950-85a9-909e52f727ba,Penner Farms - SE 27-8-13 (site 2),b8a6c9fe-5838-42e7-9faa-adff01636559,Symo 24.0-3 480 (1),,,24.0,parsed_from_inverter_name,137.15,,
fronius,2025-03-22,d95b5e9d-f2d5-4950-85a9-909e52f727ba,Penner Farms - SE 27-8-13 (site 2),c3ec3bd8-8836-45bb-97b7-adff01636570,Symo 24.0-3 480 (3),,,24.0,parsed_from_inverter_name,134.66,,
fronius,2025-03-23,d95b5e9d-f2d5-4950-85a9-909e52f727ba,Penner Farms - SE 27-8-13 (site 2),a9f3ac23-6f93-447b-9037-adff01636562,Symo 24.0-3 480 (2),,,24.0,parsed_from_inverter_name,114.9,,
fronius,2025-03-23,d95b5e9d-f2d5-4950-85a9-909e52f727ba,Penner Farms - SE 27-8-13 (site 2),b8a6c9fe-5838-42e7-9faa-adff01636559,Symo 24.0-3 480 (1),,,24.0,parsed_from_inverter_name,114.25,,
fronius,2025-03-23,d95b5e9d-f2d5-4950-85a9-909e52f727ba,Penner Farms - SE 27-8-13 (site 2),c3ec3bd8-8836-45bb-97b7-adff01636570,Symo 24.0-3 480 (3),,,24.0,parsed_from_inverter_name,114.71,,
fronius,2025-03-24,d95b5e9d-f2d5-4950-85a9-909e52f727ba,Penner Farms - SE 27-8-13 (site 2),a9f3ac23-6f93-447b-9037-adff01636562,Symo 24.0-3 480 (2),,,24.0,parsed_from_inverter_name,99.95,,
fronius,2025-03-24,d95b5e9d-f2d5-4950-85a9-909e52f727ba,Penner Farms - SE 27-8-13 (site 2),b8a6c9fe-5838-42e7-9faa-adff01636559,Symo 24.0-3 480 (1),,,24.0,parsed_from_inverter_name,99.17,,
fronius,2025-03-24,d95b5e9d-f2d5-4950-85a9-909e52f727ba,Penner Farms - SE 27-8-13 (site 2),c3ec3bd8-8836-45bb-97b7-adff01636570,Symo 24.0-3 480 (3),,,24.0,parsed_from_inverter_name,99.87,,
fronius,2025-03-25,d95b5e9d-f2d5-4950-85a9-909e52f727ba,Penner Farms - SE 27-8-13 (site 2),a9f3ac23-6f93-447b-9037-adff01636562,Symo 24.0-3 480 (2),,,24.0,parsed_from_inverter_name,107.25,,
fronius,2025-03-25,d95b5e9d-f2d5-4950-85a9-909e52f727ba,Penner Farms - SE 27-8-13 (site 2),b8a6c9fe-5838-42e7-9faa-adff01636559,Symo 24.0-3 480 (1),,,24.0,parsed_from_inverter_name,106.36,,
fronius,2025-03-25,d95b5e9d-f2d5-4950-85a9-909e52f727ba,Penner Farms - SE 27-8-13 (site 2),c3ec3bd8-8836-45bb-97b7-adff01636570,Symo 24.0-3 480 (3),,,24.0,parsed_from_inverter_name,107.39,,
fronius,2025-03-26,d95b5e9d-f2d5-4950-85a9-909e52f727ba,Penner Farms - SE 27-8-13 (site 2),a9f3ac23-6f93-447b-9037-adff01636562,Symo 24.0-3 480 (2),,,24.0,parsed_from_inverter_name,183.99,,
fronius,2025-03-26,d95b5e9d-f2d5-4950-85a9-909e52f727ba,Penner Farms - SE 27-8-13 (site 2),b8a6c9fe-5838-42e7-9faa-adff01636559,Symo 24.0-3 480 (1),,,24.0,parsed_from_inverter_name,183.33,,
fronius,2025-03-26,d95b5e9d-f2d5-4950-85a9-909e52f727ba,Penner Farms - SE 27-8-13 (site 2),c3ec3bd8-8836-45bb-97b7-adff01636570,Symo 24.0-3 480 (3),,,24.0,parsed_from_inverter_name,167.95,,
fronius,2025-03-27,d95b5e9d-f2d5-4950-85a9-909e52f727ba,Penner Farms - SE 27-8-13 (site 2),a9f3ac23-6f93-447b-9037-adff01636562,Symo 24.0-3 480 (2),,,24.0,parsed_from_inverter_name,76.07,,
fronius,2025-03-27,d95b5e9d-f2d5-4950-85a9-909e52f727ba,Penner Farms - SE 27-8-13 (site 2),b8a6c9fe-5838-42e7-9faa-adff01636559,Symo 24.0-3 480 (1),,,24.0,parsed_from_inverter_name,75.63,,
fronius,2025-03-27,d95b5e9d-f2d5-4950-85a9-909e52f727ba,Penner Farms - SE 27-8-13 (site 2),c3ec3bd8-8836-45bb-97b7-adff01636570,Symo 24.0-3 480 (3),,,24.0,parsed_from_inverter_name,76.22,,
fronius,2025-03-28,d95b5e9d-f2d5-4950-85a9-909e52f727ba,Penner Farms - SE 27-8-13 (site 2),a9f3ac23-6f93-447b-9037-adff01636562,Symo 24.0-3 480 (2),,,24.0,parsed_from_inverter_name,53.71,,
fronius,2025-03-28,d95b5e9d-f2d5-4950-85a9-909e52f727ba,Penner Farms - SE 27-8-13 (site 2),b8a6c9fe-5838-42e7-9faa-adff01636559,Symo 24.0-3 480 (1),,,24.0,parsed_from_inverter_name,51.69,,
fronius,2025-03-28,d95b5e9d-f2d5-4950-85a9-909e52f727ba,Penner Farms - SE 27-8-13 (site 2),c3ec3bd8-8836-45bb-97b7-adff01636570,Symo 24.0-3 480 (3),,,24.0,parsed_from_inverter_name,56.18,,
fronius,2025-03-29,d95b5e9d-f2d5-4950-85a9-909e52f727ba,Penner Farms - SE 27-8-13 (site 2),a9f3ac23-6f93-447b-9037-adff01636562,Symo 24.0-3 480 (2),,,24.0,parsed_from_inverter_name,37.81,,
fronius,2025-03-29,d95b5e9d-f2d5-4950-85a9-909e52f727ba,Penner Farms - SE 27-8-13 (site 2),b8a6c9fe-5838-42e7-9faa-adff01636559,Symo 24.0-3 480 (1),,,24.0,parsed_from_inverter_name,38.52,,
fronius,2025-03-29,d95b5e9d-f2d5-4950-85a9-909e52f727ba,Penner Farms - SE 27-8-13 (site 2),c3ec3bd8-8836-45bb-97b7-adff01636570,Symo 24.0-3 480 (3),,,24.0,parsed_from_inverter_name,40.72,,
fronius,2025-03-30,d95b5e9d-f2d5-4950-85a9-909e52f727ba,Penner Farms - SE 27-8-13 (site 2),a9f3ac23-6f93-447b-9037-adff01636562,Symo 24.0-3 480 (2),,,24.0,parsed_from_inverter_name,107.1,,
fronius,2025-03-30,d95b5e9d-f2d5-4950-85a9-909e52f727ba,Penner Farms - SE 27-8-13 (site 2),b8a6c9fe-5838-42e7-9faa-adff01636559,Symo 24.0-3 480 (1),,,24.0,parsed_from_inverter_name,108.25,,
fronius,2025-03-30,d95b5e9d-f2d5-4950-85a9-909e52f727ba,Penner Farms - SE 27-8-13 (site 2),c3ec3bd8-8836-45bb-97b7-adff01636570,Symo 24.0-3 480 (3),,,24.0,parsed_from_inverter_name,109.31,,
fronius,2025-03-31,d95b5e9d-f2d5-4950-85a9-909e52f727ba,Penner Farms - SE 27-8-13 (site 2),a9f3ac23-6f93-447b-9037-adff01636562,Symo 24.0-3 480 (2),,,24.0,parsed_from_inverter_name,88.09,,
fronius,2025-03-31,d95b5e9d-f2d5-4950-85a9-909e52f727ba,Penner Farms - SE 27-8-13 (site 2),b8a6c9fe-5838-42e7-9faa-adff01636559,Symo 24.0-3 480 (1),,,24.0,parsed_from_inverter_name,86.9,,
fronius,2025-03-31,d95b5e9d-f2d5-4950-85a9-909e52f727ba,Penner Farms - SE 27-8-13 (site 2),c3ec3bd8-8836-45bb-97b7-adff01636570,Symo 24.0-3 480 (3),,,24.0,parsed_from_inverter_name,87.7,,
fronius,2025-04-01,d95b5e9d-f2d5-4950-85a9-909e52f727ba,Penner Farms - SE 27-8-13 (site 2),a9f3ac23-6f93-447b-9037-adff01636562,Symo 24.0-3 480 (2),,,24.0,parsed_from_inverter_name,145.58,,
fronius,2025-04-01,d95b5e9d-f2d5-4950-85a9-909e52f727ba,Penner Farms - SE 27-8-13 (site 2),b8a6c9fe-5838-42e7-9faa-adff01636559,Symo 24.0-3 480 (1),,,24.0,parsed_from_inverter_name,140.79,,
fronius,2025-04-01,d95b5e9d-f2d5-4950-85a9-909e52f727ba,Penner Farms - SE 27-8-13 (site 2),c3ec3bd8-8836-45bb-97b7-adff01636570,Symo 24.0-3 480 (3),,,24.0,parsed_from_inverter_name,146.21,,
fronius,2025-04-02,d95b5e9d-f2d5-4950-85a9-909e52f727ba,Penner Farms - SE 27-8-13 (site 2),a9f3ac23-6f93-447b-9037-adff01636562,Symo 24.0-3 480 (2),,,24.0,parsed_from_inverter_name,33.71,,
fronius,2025-04-02,d95b5e9d-f2d5-4950-85a9-909e52f727ba,Penner Farms - SE 27-8-13 (site 2),b8a6c9fe-5838-42e7-9faa-adff01636559,Symo 24.0-3 480 (1),,,24.0,parsed_from_inverter_name,34.98,,
fronius,2025-04-02,d95b5e9d-f2d5-4950-85a9-909e52f727ba,Penner Farms - SE 27-8-13 (site 2),c3ec3bd8-8836-45bb-97b7-adff01636570,Symo 24.0-3 480 (3),,,24.0,parsed_from_inverter_name,34.79,,
fronius,2025-04-03,d95b5e9d-f2d5-4950-85a9-909e52f727ba,Penner Farms - SE 27-8-13 (site 2),a9f3ac23-6f93-447b-9037-adff01636562,Symo 24.0-3 480 (2),,,24.0,parsed_from_inverter_name,132.51,,
fronius,2025-04-03,d95b5e9d-f2d5-4950-85a9-909e52f727ba,Penner Farms - SE 27-8-13 (site 2),b8a6c9fe-5838-42e7-9faa-adff01636559,Symo 24.0-3 480 (1),,,24.0,parsed_from_inverter_name,130.56,,
fronius,2025-04-03,d95b5e9d-f2d5-4950-85a9-909e52f727ba,Penner Farms - SE 27-8-13 (site 2),c3ec3bd8-8836-45bb-97b7-adff01636570,Symo 24.0-3 480 (3),,,24.0,parsed_from_inverter_name,132.25,,
fronius,2025-04-04,d95b5e9d-f2d5-4950-85a9-909e52f727ba,Penner Farms - SE 27-8-13 (site 2),a9f3ac23-6f93-447b-9037-adff01636562,Symo 24.0-3 480 (2),,,24.0,parsed_from_inverter_name,203.03,,
fronius,2025-04-04,d95b5e9d-f2d5-4950-85a9-909e52f727ba,Penner Farms - SE 27-8-13 (site 2),b8a6c9fe-5838-42e7-9faa-adff01636559,Symo 24.0-3 480 (1),,,24.0,parsed_from_inverter_name,202.67,,
fronius,2025-04-04,d95b5e9d-f2d5-4950-85a9-909e52f727ba,Penner Farms - SE 27-8-13 (site 2),c3ec3bd8-8836-45bb-97b7-adff01636570,Symo 24.0-3 480 (3),,,24.0,parsed_from_inverter_name,202.36,,
fronius,2025-04-05,d95b5e9d-f2d5-4950-85a9-909e52f727ba,Penner Farms - SE 27-8-13 (site 2),a9f3ac23-6f93-447b-9037-adff01636562,Symo 24.0-3 480 (2),,,24.0,parsed_from_inverter_name,200.47,,
fronius,2025-04-05,d95b5e9d-f2d5-4950-85a9-909e52f727ba,Penner Farms - SE 27-8-13 (site 2),b8a6c9fe-5838-42e7-9faa-adff01636559,Symo 24.0-3 480 (1),,,24.0,parsed_from_inverter_name,200.38,,
fronius,2025-04-05,d95b5e9d-f2d5-4950-85a9-909e52f727ba,Penner Farms - SE 27-8-13 (site 2),c3ec3bd8-8836-45bb-97b7-adff01636570,Symo 24.0-3 480 (3),,,24.0,parsed_from_inverter_name,199.84,,
fronius,2025-04-06,d95b5e9d-f2d5-4950-85a9-909e52f727ba,Penner Farms - SE 27-8-13 (site 2),a9f3ac23-6f93-447b-9037-adff01636562,Symo 24.0-3 480 (2),,,24.0,parsed_from_inverter_name,197.38,,
fronius,2025-04-06,d95b5e9d-f2d5-4950-85a9-909e52f727ba,Penner Farms - SE 27-8-13 (site 2),b8a6c9fe-5838-42e7-9faa-adff01636559,Symo 24.0-3 480 (1),,,24.0,parsed_from_inverter_name,196.91,,
fronius,2025-04-06,d95b5e9d-f2d5-4950-85a9-909e52f727ba,Penner Farms - SE 27-8-13 (site 2),c3ec3bd8-8836-45bb-97b7-adff01636570,Symo 24.0-3 480 (3),,,24.0,parsed_from_inverter_name,154.37,,
fronius,2025-04-07,d95b5e9d-f2d5-4950-85a9-909e52f727ba,Penner Farms - SE 27-8-13 (site 2),a9f3ac23-6f93-447b-9037-adff01636562,Symo 24.0-3 480 (2),,,24.0,parsed_from_inverter_name,134.37,,
fronius,2025-04-07,d95b5e9d-f2d5-4950-85a9-909e52f727ba,Penner Farms - SE 27-8-13 (site 2),b8a6c9fe-5838-42e7-9faa-adff01636559,Symo 24.0-3 480 (1),,,24.0,parsed_from_inverter_name,133.46,,
fronius,2025-04-07,d95b5e9d-f2d5-4950-85a9-909e52f727ba,Penner Farms - SE 27-8-13 (site 2),c3ec3bd8-8836-45bb-97b7-adff01636570,Symo 24.0-3 480 (3),,,24.0,parsed_from_inverter_name,134.38,,
fronius,2025-04-08,d95b5e9d-f2d5-4950-85a9-909e52f727ba,Penner Farms - SE 27-8-13 (site 2),a9f3ac23-6f93-447b-9037-adff01636562,Symo 24.0-3 480 (2),,,24.0,parsed_from_inverter_name,164.79,,
fronius,2025-04-08,d95b5e9d-f2d5-4950-85a9-909e52f727ba,Penner Farms - SE 27-8-13 (site 2),b8a6c9fe-5838-42e7-9faa-adff01636559,Symo 24.0-3 480 (1),,,24.0,parsed_from_inverter_name,164.42,,
fronius,2025-04-08,d95b5e9d-f2d5-4950-85a9-909e52f727ba,Penner Farms - SE 27-8-13 (site 2),c3ec3bd8-8836-45bb-97b7-adff01636570,Symo 24.0-3 480 (3),,,24.0,parsed_from_inverter_name,164.34,,
fronius,2025-04-09,d95b5e9d-f2d5-4950-85a9-909e52f727ba,Penner Farms - SE 27-8-13 (site 2),a9f3ac23-6f93-447b-9037-adff01636562,Symo 24.0-3 480 (2),,,24.0,parsed_from_inverter_name,151.5,,
fronius,2025-04-09,d95b5e9d-f2d5-4950-85a9-909e52f727ba,Penner Farms - SE 27-8-13 (site 2),b8a6c9fe-5838-42e7-9faa-adff01636559,Symo 24.0-3 480 (1),,,24.0,parsed_from_inverter_name,150.77,,
fronius,2025-04-09,d95b5e9d-f2d5-4950-85a9-909e52f727ba,Penner Farms - SE 27-8-13 (site 2),c3ec3bd8-8836-45bb-97b7-adff01636570,Symo 24.0-3 480 (3),,,24.0,parsed_from_inverter_name,151.27,,
fronius,2025-04-10,d95b5e9d-f2d5-4950-85a9-909e52f727ba,Penner Farms - SE 27-8-13 (site 2),a9f3ac23-6f93-447b-9037-adff01636562,Symo 24.0-3 480 (2),,,24.0,parsed_from_inverter_name,171.87,,
fronius,2025-04-10,d95b5e9d-f2d5-4950-85a9-909e52f727ba,Penner Farms - SE 27-8-13 (site 2),b8a6c9fe-5838-42e7-9faa-adff01636559,Symo 24.0-3 480 (1),,,24.0,parsed_from_inverter_name,170.83,,
fronius,2025-04-10,d95b5e9d-f2d5-4950-85a9-909e52f727ba,Penner Farms - SE 27-8-13 (site 2),c3ec3bd8-8836-45bb-97b7-adff01636570,Symo 24.0-3 480 (3),,,24.0,parsed_from_inverter_name,169.59,,
fronius,2025-04-11,d95b5e9d-f2d5-4950-85a9-909e52f727ba,Penner Farms - SE 27-8-13 (site 2),a9f3ac23-6f93-447b-9037-adff01636562,Symo 24.0-3 480 (2),,,24.0,parsed_from_inverter_name,181.78,,
fronius,2025-04-11,d95b5e9d-f2d5-4950-85a9-909e52f727ba,Penner Farms - SE 27-8-13 (site 2),b8a6c9fe-5838-42e7-9faa-adff01636559,Symo 24.0-3 480 (1),,,24.0,parsed_from_inverter_name,181.08,,
fronius,2025-04-11,d95b5e9d-f2d5-4950-85a9-909e52f727ba,Penner Farms - SE 27-8-13 (site 2),c3ec3bd8-8836-45bb-97b7-adff01636570,Symo 24.0-3 480 (3),,,24.0,parsed_from_inverter_name,180.96,,
fronius,2025-04-12,d95b5e9d-f2d5-4950-85a9-909e52f727ba,Penner Farms - SE 27-8-13 (site 2),a9f3ac23-6f93-447b-9037-adff01636562,Symo 24.0-3 480 (2),,,24.0,parsed_from_inverter_name,178.98,,
fronius,2025-04-12,d95b5e9d-f2d5-4950-85a9-909e52f727ba,Penner Farms - SE 27-8-13 (site 2),b8a6c9fe-5838-42e7-9faa-adff01636559,Symo 24.0-3 480 (1),,,24.0,parsed_from_inverter_name,178.49,,
fronius,2025-04-12,d95b5e9d-f2d5-4950-85a9-909e52f727ba,Penner Farms - SE 27-8-13 (site 2),c3ec3bd8-8836-45bb-97b7-adff01636570,Symo 24.0-3 480 (3),,,24.0,parsed_from_inverter_name,178.92,,
fronius,2025-04-15,d95b5e9d-f2d5-4950-85a9-909e52f727ba,Penner Farms - SE 27-8-13 (site 2),a9f3ac23-6f93-447b-9037-adff01636562,Symo 24.0-3 480 (2),,,24.0,parsed_from_inverter_name,196.2,,
fronius,2025-04-15,d95b5e9d-f2d5-4950-85a9-909e52f727ba,Penner Farms - SE 27-8-13 (site 2),b8a6c9fe-5838-42e7-9faa-adff01636559,Symo 24.0-3 480 (1),,,24.0,parsed_from_inverter_name,195.86,,
fronius,2025-04-15,d95b5e9d-f2d5-4950-85a9-909e52f727ba,Penner Farms - SE 27-8-13 (site 2),c3ec3bd8-8836-45bb-97b7-adff01636570,Symo 24.0-3 480 (3),,,24.0,parsed_from_inverter_name,196.03,,
fronius,2025-04-16,d95b5e9d-f2d5-4950-85a9-909e52f727ba,Penner Farms - SE 27-8-13 (site 2),a9f3ac23-6f93-447b-9037-adff01636562,Symo 24.0-3 480 (2),,,24.0,parsed_from_inverter_name,64.63,,
fronius,2025-04-16,d95b5e9d-f2d5-4950-85a9-909e52f727ba,Penner Farms - SE 27-8-13 (site 2),b8a6c9fe-5838-42e7-9faa-adff01636559,Symo 24.0-3 480 (1),,,24.0,parsed_from_inverter_name,64.11,,
fronius,2025-04-16,d95b5e9d-f2d5-4950-85a9-909e52f727ba,Penner Farms - SE 27-8-13 (site 2),c3ec3bd8-8836-45bb-97b7-adff01636570,Symo 24.0-3 480 (3),,,24.0,parsed_from_inverter_name,64.58,,
fronius,2025-04-17,d95b5e9d-f2d5-4950-85a9-909e52f727ba,Penner Farms - SE 27-8-13 (site 2),a9f3ac23-6f93-447b-9037-adff01636562,Symo 24.0-3 480 (2),,,24.0,parsed_from_inverter_name,140.85,,
fronius,2025-04-17,d95b5e9d-f2d5-4950-85a9-909e52f727ba,Penner Farms - SE 27-8-13 (site 2),b8a6c9fe-5838-42e7-9faa-adff01636559,Symo 24.0-3 480 (1),,,24.0,parsed_from_inverter_name,139.8,,
fronius,2025-04-17,d95b5e9d-f2d5-4950-85a9-909e52f727ba,Penner Farms - SE 27-8-13 (site 2),c3ec3bd8-8836-45bb-97b7-adff01636570,Symo 24.0-3 480 (3),,,24.0,parsed_from_inverter_name,140.79,,
fronius,2025-04-18,d95b5e9d-f2d5-4950-85a9-909e52f727ba,Penner Farms - SE 27-8-13 (site 2),a9f3ac23-6f93-447b-9037-adff01636562,Symo 24.0-3 480 (2),,,24.0,parsed_from_inverter_name,207.81,,
fronius,2025-04-18,d95b5e9d-f2d5-4950-85a9-909e52f727ba,Penner Farms - SE 27-8-13 (site 2),b8a6c9fe-5838-42e7-9faa-adff01636559,Symo 24.0-3 480 (1),,,24.0,parsed_from_inverter_name,207.17,,
fronius,2025-04-18,d95b5e9d-f2d5-4950-85a9-909e52f727ba,Penner Farms - SE 27-8-13 (site 2),c3ec3bd8-8836-45bb-97b7-adff01636570,Symo 24.0-3 480 (3),,,24.0,parsed_from_inverter_name,207.63,,
fronius,2025-04-19,d95b5e9d-f2d5-4950-85a9-909e52f727ba,Penner Farms - SE 27-8-13 (site 2),a9f3ac23-6f93-447b-9037-adff01636562,Symo 24.0-3 480 (2),,,24.0,parsed_from_inverter_name,111.29,,
fronius,2025-04-19,d95b5e9d-f2d5-4950-85a9-909e52f727ba,Penner Farms - SE 27-8-13 (site 2),b8a6c9fe-5838-42e7-9faa-adff01636559,Symo 24.0-3 480 (1),,,24.0,parsed_from_inverter_name,110.51,,
fronius,2025-04-19,d95b5e9d-f2d5-4950-85a9-909e52f727ba,Penner Farms - SE 27-8-13 (site 2),c3ec3bd8-8836-45bb-97b7-adff01636570,Symo 24.0-3 480 (3),,,24.0,parsed_from_inverter_name,111.72,,
fronius,2025-04-20,d95b5e9d-f2d5-4950-85a9-909e52f727ba,Penner Farms - SE 27-8-13 (site 2),a9f3ac23-6f93-447b-9037-adff01636562,Symo 24.0-3 480 (2),,,24.0,parsed_from_inverter_name,66.1,,
fronius,2025-04-20,d95b5e9d-f2d5-4950-85a9-909e52f727ba,Penner Farms - SE 27-8-13 (site 2),b8a6c9fe-5838-42e7-9faa-adff01636559,Symo 24.0-3 480 (1),,,24.0,parsed_from_inverter_name,62.7,,
fronius,2025-04-20,d95b5e9d-f2d5-4950-85a9-909e52f727ba,Penner Farms - SE 27-8-13 (site 2),c3ec3bd8-8836-45bb-97b7-adff01636570,Symo 24.0-3 480 (3),,,24.0,parsed_from_inverter_name,66.11,,
fronius,2025-04-21,d95b5e9d-f2d5-4950-85a9-909e52f727ba,Penner Farms - SE 27-8-13 (site 2),a9f3ac23-6f93-447b-9037-adff01636562,Symo 24.0-3 480 (2),,,24.0,parsed_from_inverter_name,70.7,,
fronius,2025-04-21,d95b5e9d-f2d5-4950-85a9-909e52f727ba,Penner Farms - SE 27-8-13 (site 2),b8a6c9fe-5838-42e7-9faa-adff01636559,Symo 24.0-3 480 (1),,,24.0,parsed_from_inverter_name,70.11,,
fronius,2025-04-21,d95b5e9d-f2d5-4950-85a9-909e52f727ba,Penner Farms - SE 27-8-13 (site 2),c3ec3bd8-8836-45bb-97b7-adff01636570,Symo 24.0-3 480 (3),,,24.0,parsed_from_inverter_name,70.45,,
fronius,2025-04-22,d95b5e9d-f2d5-4950-85a9-909e52f727ba,Penner Farms - SE 27-8-13 (site 2),a9f3ac23-6f93-447b-9037-adff01636562,Symo 24.0-3 480 (2),,,24.0,parsed_from_inverter_name,102.34,,
fronius,2025-04-22,d95b5e9d-f2d5-4950-85a9-909e52f727ba,Penner Farms - SE 27-8-13 (site 2),b8a6c9fe-5838-42e7-9faa-adff01636559,Symo 24.0-3 480 (1),,,24.0,parsed_from_inverter_name,101.42,,
fronius,2025-04-22,d95b5e9d-f2d5-4950-85a9-909e52f727ba,Penner Farms - SE 27-8-13 (site 2),c3ec3bd8-8836-45bb-97b7-adff01636570,Symo 24.0-3 480 (3),,,24.0,parsed_from_inverter_name,102.08,,
fronius,2025-04-23,d95b5e9d-f2d5-4950-85a9-909e52f727ba,Penner Farms - SE 27-8-13 (site 2),a9f3ac23-6f93-447b-9037-adff01636562,Symo 24.0-3 480 (2),,,24.0,parsed_from_inverter_name,157.84,,
fronius,2025-04-23,d95b5e9d-f2d5-4950-85a9-909e52f727ba,Penner Farms - SE 27-8-13 (site 2),b8a6c9fe-5838-42e7-9faa-adff01636559,Symo 24.0-3 480 (1),,,24.0,parsed_from_inverter_name,156.71,,
fronius,2025-04-23,d95b5e9d-f2d5-4950-85a9-909e52f727ba,Penner Farms - SE 27-8-13 (site 2),c3ec3bd8-8836-45bb-97b7-adff01636570,Symo 24.0-3 480 (3),,,24.0,parsed_from_inverter_name,158.35,,
fronius,2025-04-24,d95b5e9d-f2d5-4950-85a9-909e52f727ba,Penner Farms - SE 27-8-13 (site 2),a9f3ac23-6f93-447b-9037-adff01636562,Symo 24.0-3 480 (2),,,24.0,parsed_from_inverter_name,207.61,,
fronius,2025-04-24,d95b5e9d-f2d5-4950-85a9-909e52f727ba,Penner Farms - SE 27-8-13 (site 2),b8a6c9fe-5838-42e7-9faa-adff01636559,Symo 24.0-3 480 (1),,,24.0,parsed_from_inverter_name,206.8,,
fronius,2025-04-24,d95b5e9d-f2d5-4950-85a9-909e52f727ba,Penner Farms - SE 27-8-13 (site 2),c3ec3bd8-8836-45bb-97b7-adff01636570,Symo 24.0-3 480 (3),,,24.0,parsed_from_inverter_name,207.71,,
fronius,2025-04-25,d95b5e9d-f2d5-4950-85a9-909e52f727ba,Penner Farms - SE 27-8-13 (site 2),a9f3ac23-6f93-447b-9037-adff01636562,Symo 24.0-3 480 (2),,,24.0,parsed_from_inverter_name,211.66,,
fronius,2025-04-25,d95b5e9d-f2d5-4950-85a9-909e52f727ba,Penner Farms - SE 27-8-13 (site 2),b8a6c9fe-5838-42e7-9faa-adff01636559,Symo 24.0-3 480 (1),,,24.0,parsed_from_inverter_name,210.01,,
fronius,2025-04-25,d95b5e9d-f2d5-4950-85a9-909e52f727ba,Penner Farms - SE 27-8-13 (site 2),c3ec3bd8-8836-45bb-97b7-adff01636570,Symo 24.0-3 480 (3),,,24.0,parsed_from_inverter_name,212.0,,
fronius,2025-04-26,d95b5e9d-f2d5-4950-85a9-909e52f727ba,Penner Farms - SE 27-8-13 (site 2),a9f3ac23-6f93-447b-9037-adff01636562,Symo 24.0-3 480 (2),,,24.0,parsed_from_inverter_name,202.85,,
fronius,2025-04-26,d95b5e9d-f2d5-4950-85a9-909e52f727ba,Penner Farms - SE 27-8-13 (site 2),b8a6c9fe-5838-42e7-9faa-adff01636559,Symo 24.0-3 480 (1),,,24.0,parsed_from_inverter_name,198.75,,
fronius,2025-04-26,d95b5e9d-f2d5-4950-85a9-909e52f727ba,Penner Farms - SE 27-8-13 (site 2),c3ec3bd8-8836-45bb-97b7-adff01636570,Symo 24.0-3 480 (3),,,24.0,parsed_from_inverter_name,203.45,,
fronius,2025-04-27,d95b5e9d-f2d5-4950-85a9-909e52f727ba,Penner Farms - SE 27-8-13 (site 2),a9f3ac23-6f93-447b-9037-adff01636562,Symo 24.0-3 480 (2),,,24.0,parsed_from_inverter_name,210.66,,
fronius,2025-04-27,d95b5e9d-f2d5-4950-85a9-909e52f727ba,Penner Farms - SE 27-8-13 (site 2),b8a6c9fe-5838-42e7-9faa-adff01636559,Symo 24.0-3 480 (1),,,24.0,parsed_from_inverter_name,210.14,,
fronius,2025-04-27,d95b5e9d-f2d5-4950-85a9-909e52f727ba,Penner Farms - SE 27-8-13 (site 2),c3ec3bd8-8836-45bb-97b7-adff01636570,Symo 24.0-3 480 (3),,,24.0,parsed_from_inverter_name,211.0,,
fronius,2025-04-28,d95b5e9d-f2d5-4950-85a9-909e52f727ba,Penner Farms - SE 27-8-13 (site 2),a9f3ac23-6f93-447b-9037-adff01636562,Symo 24.0-3 480 (2),,,24.0,parsed_from_inverter_name,203.14,,
fronius,2025-04-28,d95b5e9d-f2d5-4950-85a9-909e52f727ba,Penner Farms - SE 27-8-13 (site 2),b8a6c9fe-5838-42e7-9faa-adff01636559,Symo 24.0-3 480 (1),,,24.0,parsed_from_inverter_name,202.09,,
fronius,2025-04-28,d95b5e9d-f2d5-4950-85a9-909e52f727ba,Penner Farms - SE 27-8-13 (site 2),c3ec3bd8-8836-45bb-97b7-adff01636570,Symo 24.0-3 480 (3),,,24.0,parsed_from_inverter_name,203.76,,
fronius,2025-04-29,d95b5e9d-f2d5-4950-85a9-909e52f727ba,Penner Farms - SE 27-8-13 (site 2),a9f3ac23-6f93-447b-9037-adff01636562,Symo 24.0-3 480 (2),,,24.0,parsed_from_inverter_name,131.5,,
fronius,2025-04-29,d95b5e9d-f2d5-4950-85a9-909e52f727ba,Penner Farms - SE 27-8-13 (site 2),b8a6c9fe-5838-42e7-9faa-adff01636559,Symo 24.0-3 480 (1),,,24.0,parsed_from_inverter_name,130.93,,
fronius,2025-04-29,d95b5e9d-f2d5-4950-85a9-909e52f727ba,Penner Farms - SE 27-8-13 (site 2),c3ec3bd8-8836-45bb-97b7-adff01636570,Symo 24.0-3 480 (3),,,24.0,parsed_from_inverter_name,130.42,,
fronius,2025-04-30,d95b5e9d-f2d5-4950-85a9-909e52f727ba,Penner Farms - SE 27-8-13 (site 2),a9f3ac23-6f93-447b-9037-adff01636562,Symo 24.0-3 480 (2),,,24.0,parsed_from_inverter_name,180.28,,
fronius,2025-04-30,d95b5e9d-f2d5-4950-85a9-909e52f727ba,Penner Farms - SE 27-8-13 (site 2),b8a6c9fe-5838-42e7-9faa-adff01636559,Symo 24.0-3 480 (1),,,24.0,parsed_from_inverter_name,179.8,,
fronius,2025-04-30,d95b5e9d-f2d5-4950-85a9-909e52f727ba,Penner Farms - SE 27-8-13 (site 2),c3ec3bd8-8836-45bb-97b7-adff01636570,Symo 24.0-3 480 (3),,,24.0,parsed_from_inverter_name,180.73,,
fronius,2025-05-01,d95b5e9d-f2d5-4950-85a9-909e52f727ba,Penner Farms - SE 27-8-13 (site 2),a9f3ac23-6f93-447b-9037-adff01636562,Symo 24.0-3 480 (2),,,24.0,parsed_from_inverter_name,210.76,,
fronius,2025-05-01,d95b5e9d-f2d5-4950-85a9-909e52f727ba,Penner Farms - SE 27-8-13 (site 2),b8a6c9fe-5838-42e7-9faa-adff01636559,Symo 24.0-3 480 (1),,,24.0,parsed_from_inverter_name,210.02,,
fronius,2025-05-01,d95b5e9d-f2d5-4950-85a9-909e52f727ba,Penner Farms - SE 27-8-13 (site 2),c3ec3bd8-8836-45bb-97b7-adff01636570,Symo 24.0-3 480 (3),,,24.0,parsed_from_inverter_name,211.37,,
fronius,2025-05-02,d95b5e9d-f2d5-4950-85a9-909e52f727ba,Penner Farms - SE 27-8-13 (site 2),a9f3ac23-6f93-447b-9037-adff01636562,Symo 24.0-3 480 (2),,,24.0,parsed_from_inverter_name,209.1,,
fronius,2025-05-02,d95b5e9d-f2d5-4950-85a9-909e52f727ba,Penner Farms - SE 27-8-13 (site 2),b8a6c9fe-5838-42e7-9faa-adff01636559,Symo 24.0-3 480 (1),,,24.0,parsed_from_inverter_name,208.63,,
fronius,2025-05-02,d95b5e9d-f2d5-4950-85a9-909e52f727ba,Penner Farms - SE 27-8-13 (site 2),c3ec3bd8-8836-45bb-97b7-adff01636570,Symo 24.0-3 480 (3),,,24.0,parsed_from_inverter_name,209.7,,
fronius,2025-05-03,d95b5e9d-f2d5-4950-85a9-909e52f727ba,Penner Farms - SE 27-8-13 (site 2),a9f3ac23-6f93-447b-9037-adff01636562,Symo 24.0-3 480 (2),,,24.0,parsed_from_inverter_name,206.9,,
fronius,2025-05-03,d95b5e9d-f2d5-4950-85a9-909e52f727ba,Penner Farms - SE 27-8-13 (site 2),b8a6c9fe-5838-42e7-9faa-adff01636559,Symo 24.0-3 480 (1),,,24.0,parsed_from_inverter_name,206.38,,
fronius,2025-05-03,d95b5e9d-f2d5-4950-85a9-909e52f727ba,Penner Farms - SE 27-8-13 (site 2),c3ec3bd8-8836-45bb-97b7-adff01636570,Symo 24.0-3 480 (3),,,24.0,parsed_from_inverter_name,207.34,,
fronius,2025-05-04,d95b5e9d-f2d5-4950-85a9-909e52f727ba,Penner Farms - SE 27-8-13 (site 2),a9f3ac23-6f93-447b-9037-adff01636562,Symo 24.0-3 480 (2),,,24.0,parsed_from_inverter_name,76.34,,
fronius,2025-05-04,d95b5e9d-f2d5-4950-85a9-909e52f727ba,Penner Farms - SE 27-8-13 (site 2),b8a6c9fe-5838-42e7-9faa-adff01636559,Symo 24.0-3 480 (1),,,24.0,parsed_from_inverter_name,75.57,,
fronius,2025-05-04,d95b5e9d-f2d5-4950-85a9-909e52f727ba,Penner Farms - SE 27-8-13 (site 2),c3ec3bd8-8836-45bb-97b7-adff01636570,Symo 24.0-3 480 (3),,,24.0,parsed_from_inverter_name,76.93,,
fronius,2025-05-05,d95b5e9d-f2d5-4950-85a9-909e52f727ba,Penner Farms - SE 27-8-13 (site 2),a9f3ac23-6f93-447b-9037-adff01636562,Symo 24.0-3 480 (2),,,24.0,parsed_from_inverter_name,190.12,,
fronius,2025-05-05,d95b5e9d-f2d5-4950-85a9-909e52f727ba,Penner Farms - SE 27-8-13 (site 2),b8a6c9fe-5838-42e7-9faa-adff01636559,Symo 24.0-3 480 (1),,,24.0,parsed_from_inverter_name,189.1,,
fronius,2025-05-05,d95b5e9d-f2d5-4950-85a9-909e52f727ba,Penner Farms - SE 27-8-13 (site 2),c3ec3bd8-8836-45bb-97b7-adff01636570,Symo 24.0-3 480 (3),,,24.0,parsed_from_inverter_name,190.24,,
fronius,2025-05-06,d95b5e9d-f2d5-4950-85a9-909e52f727ba,Penner Farms - SE 27-8-13 (site 2),a9f3ac23-6f93-447b-9037-adff01636562,Symo 24.0-3 480 (2),,,24.0,parsed_from_inverter_name,214.41,,
fronius,2025-05-06,d95b5e9d-f2d5-4950-85a9-909e52f727ba,Penner Farms - SE 27-8-13 (site 2),b8a6c9fe-5838-42e7-9faa-adff01636559,Symo 24.0-3 480 (1),,,24.0,parsed_from_inverter_name,212.62,,
fronius,2025-05-06,d95b5e9d-f2d5-4950-85a9-909e52f727ba,Penner Farms - SE 27-8-13 (site 2),c3ec3bd8-8836-45bb-97b7-adff01636570,Symo 24.0-3 480 (3),,,24.0,parsed_from_inverter_name,215.26,,
fronius,2025-05-07,d95b5e9d-f2d5-4950-85a9-909e52f727ba,Penner Farms - SE 27-8-13 (site 2),a9f3ac23-6f93-447b-9037-adff01636562,Symo 24.0-3 480 (2),,,24.0,parsed_from_inverter_name,211.5,,
fronius,2025-05-07,d95b5e9d-f2d5-4950-85a9-909e52f727ba,Penner Farms - SE 27-8-13 (site 2),b8a6c9fe-5838-42e7-9faa-adff01636559,Symo 24.0-3 480 (1),,,24.0,parsed_from_inverter_name,210.62,,
fronius,2025-05-07,d95b5e9d-f2d5-4950-85a9-909e52f727ba,Penner Farms - SE 27-8-13 (site 2),c3ec3bd8-8836-45bb-97b7-adff01636570,Symo 24.0-3 480 (3),,,24.0,parsed_from_inverter_name,212.27,,
fronius,2025-05-08,d95b5e9d-f2d5-4950-85a9-909e52f727ba,Penner Farms - SE 27-8-13 (site 2),a9f3ac23-6f93-447b-9037-adff01636562,Symo 24.0-3 480 (2),,,24.0,parsed_from_inverter_name,0.23,,
fronius,2025-05-08,d95b5e9d-f2d5-4950-85a9-909e52f727ba,Penner Farms - SE 27-8-13 (site 2),b8a6c9fe-5838-42e7-9faa-adff01636559,Symo 24.0-3 480 (1),,,24.0,parsed_from_inverter_name,0.22,,
fronius,2025-05-08,d95b5e9d-f2d5-4950-85a9-909e52f727ba,Penner Farms - SE 27-8-13 (site 2),c3ec3bd8-8836-45bb-97b7-adff01636570,Symo 24.0-3 480 (3),,,24.0,parsed_from_inverter_name,0.22,,
fronius,2025-05-09,d95b5e9d-f2d5-4950-85a9-909e52f727ba,Penner Farms - SE 27-8-13 (site 2),a9f3ac23-6f93-447b-9037-adff01636562,Symo 24.0-3 480 (2),,,24.0,parsed_from_inverter_name,187.6,,
fronius,2025-05-09,d95b5e9d-f2d5-4950-85a9-909e52f727ba,Penner Farms - SE 27-8-13 (site 2),b8a6c9fe-5838-42e7-9faa-adff01636559,Symo 24.0-3 480 (1),,,24.0,parsed_from_inverter_name,185.83,,
fronius,2025-05-09,d95b5e9d-f2d5-4950-85a9-909e52f727ba,Penner Farms - SE 27-8-13 (site 2),c3ec3bd8-8836-45bb-97b7-adff01636570,Symo 24.0-3 480 (3),,,24.0,parsed_from_inverter_name,188.7,,
fronius,2025-05-10,d95b5e9d-f2d5-4950-85a9-909e52f727ba,Penner Farms - SE 27-8-13 (site 2),a9f3ac23-6f93-447b-9037-adff01636562,Symo 24.0-3 480 (2),,,24.0,parsed_from_inverter_name,179.15,,
fronius,2025-05-10,d95b5e9d-f2d5-4950-85a9-909e52f727ba,Penner Farms - SE 27-8-13 (site 2),b8a6c9fe-5838-42e7-9faa-adff01636559,Symo 24.0-3 480 (1),,,24.0,parsed_from_inverter_name,177.83,,
fronius,2025-05-10,d95b5e9d-f2d5-4950-85a9-909e52f727ba,Penner Farms - SE 27-8-13 (site 2),c3ec3bd8-8836-45bb-97b7-adff01636570,Symo 24.0-3 480 (3),,,24.0,parsed_from_inverter_name,177.62,,
fronius,2025-05-11,d95b5e9d-f2d5-4950-85a9-909e52f727ba,Penner Farms - SE 27-8-13 (site 2),a9f3ac23-6f93-447b-9037-adff01636562,Symo 24.0-3 480 (2),,,24.0,parsed_from_inverter_name,127.13,,
fronius,2025-05-11,d95b5e9d-f2d5-4950-85a9-909e52f727ba,Penner Farms - SE 27-8-13 (site 2),b8a6c9fe-5838-42e7-9faa-adff01636559,Symo 24.0-3 480 (1),,,24.0,parsed_from_inverter_name,126.0,,
fronius,2025-05-11,d95b5e9d-f2d5-4950-85a9-909e52f727ba,Penner Farms - SE 27-8-13 (site 2),c3ec3bd8-8836-45bb-97b7-adff01636570,Symo 24.0-3 480 (3),,,24.0,parsed_from_inverter_name,127.44,,
fronius,2025-05-12,d95b5e9d-f2d5-4950-85a9-909e52f727ba,Penner Farms - SE 27-8-13 (site 2),a9f3ac23-6f93-447b-9037-adff01636562,Symo 24.0-3 480 (2),,,24.0,parsed_from_inverter_name,61.46,,
fronius,2025-05-12,d95b5e9d-f2d5-4950-85a9-909e52f727ba,Penner Farms - SE 27-8-13 (site 2),b8a6c9fe-5838-42e7-9faa-adff01636559,Symo 24.0-3 480 (1),,,24.0,parsed_from_inverter_name,60.61,,
fronius,2025-05-12,d95b5e9d-f2d5-4950-85a9-909e52f727ba,Penner Farms - SE 27-8-13 (site 2),c3ec3bd8-8836-45bb-97b7-adff01636570,Symo 24.0-3 480 (3),,,24.0,parsed_from_inverter_name,62.23,,
fronius,2025-05-13,d95b5e9d-f2d5-4950-85a9-909e52f727ba,Penner Farms - SE 27-8-13 (site 2),a9f3ac23-6f93-447b-9037-adff01636562,Symo 24.0-3 480 (2),,,24.0,parsed_from_inverter_name,146.26,,
fronius,2025-05-13,d95b5e9d-f2d5-4950-85a9-909e52f727ba,Penner Farms - SE 27-8-13 (site 2),b8a6c9fe-5838-42e7-9faa-adff01636559,Symo 24.0-3 480 (1),,,24.0,parsed_from_inverter_name,145.59,,
fronius,2025-05-13,d95b5e9d-f2d5-4950-85a9-909e52f727ba,Penner Farms - SE 27-8-13 (site 2),c3ec3bd8-8836-45bb-97b7-adff01636570,Symo 24.0-3 480 (3),,,24.0,parsed_from_inverter_name,146.52,,
fronius,2025-05-14,d95b5e9d-f2d5-4950-85a9-909e52f727ba,Penner Farms - SE 27-8-13 (site 2),a9f3ac23-6f93-447b-9037-adff01636562,Symo 24.0-3 480 (2),,,24.0,parsed_from_inverter_name,123.27,,
fronius,2025-05-14,d95b5e9d-f2d5-4950-85a9-909e52f727ba,Penner Farms - SE 27-8-13 (site 2),b8a6c9fe-5838-42e7-9faa-adff01636559,Symo 24.0-3 480 (1),,,24.0,parsed_from_inverter_name,122.11,,
fronius,2025-05-14,d95b5e9d-f2d5-4950-85a9-909e52f727ba,Penner Farms - SE 27-8-13 (site 2),c3ec3bd8-8836-45bb-97b7-adff01636570,Symo 24.0-3 480 (3),,,24.0,parsed_from_inverter_name,124.36,,
fronius,2025-05-15,d95b5e9d-f2d5-4950-85a9-909e52f727ba,Penner Farms - SE 27-8-13 (site 2),a9f3ac23-6f93-447b-9037-adff01636562,Symo 24.0-3 480 (2),,,24.0,parsed_from_inverter_name,61.15,,
fronius,2025-05-15,d95b5e9d-f2d5-4950-85a9-909e52f727ba,Penner Farms - SE 27-8-13 (site 2),b8a6c9fe-5838-42e7-9faa-adff01636559,Symo 24.0-3 480 (1),,,24.0,parsed_from_inverter_name,60.47,,
fronius,2025-05-15,d95b5e9d-f2d5-4950-85a9-909e52f727ba,Penner Farms - SE 27-8-13 (site 2),c3ec3bd8-8836-45bb-97b7-adff01636570,Symo 24.0-3 480 (3),,,24.0,parsed_from_inverter_name,61.77,,
fronius,2025-05-16,d95b5e9d-f2d5-4950-85a9-909e52f727ba,Penner Farms - SE 27-8-13 (site 2),a9f3ac23-6f93-447b-9037-adff01636562,Symo 24.0-3 480 (2),,,24.0,parsed_from_inverter_name,173.61,,
fronius,2025-05-16,d95b5e9d-f2d5-4950-85a9-909e52f727ba,Penner Farms - SE 27-8-13 (site 2),b8a6c9fe-5838-42e7-9faa-adff01636559,Symo 24.0-3 480 (1),,,24.0,parsed_from_inverter_name,172.92,,
fronius,2025-05-16,d95b5e9d-f2d5-4950-85a9-909e52f727ba,Penner Farms - SE 27-8-13 (site 2),c3ec3bd8-8836-45bb-97b7-adff01636570,Symo 24.0-3 480 (3),,,24.0,parsed_from_inverter_name,173.94,,
fronius,2025-05-17,d95b5e9d-f2d5-4950-85a9-909e52f727ba,Penner Farms - SE 27-8-13 (site 2),a9f3ac23-6f93-447b-9037-adff01636562,Symo 24.0-3 480 (2),,,24.0,parsed_from_inverter_name,137.34,,
fronius,2025-05-17,d95b5e9d-f2d5-4950-85a9-909e52f727ba,Penner Farms - SE 27-8-13 (site 2),b8a6c9fe-5838-42e7-9faa-adff01636559,Symo 24.0-3 480 (1),,,24.0,parsed_from_inverter_name,135.94,,
fronius,2025-05-17,d95b5e9d-f2d5-4950-85a9-909e52f727ba,Penner Farms - SE 27-8-13 (site 2),c3ec3bd8-8836-45bb-97b7-adff01636570,Symo 24.0-3 480 (3),,,24.0,parsed_from_inverter_name,138.08,,
fronius,2025-05-18,d95b5e9d-f2d5-4950-85a9-909e52f727ba,Penner Farms - SE 27-8-13 (site 2),a9f3ac23-6f93-447b-9037-adff01636562,Symo 24.0-3 480 (2),,,24.0,parsed_from_inverter_name,63.33,,
fronius,2025-05-18,d95b5e9d-f2d5-4950-85a9-909e52f727ba,Penner Farms - SE 27-8-13 (site 2),b8a6c9fe-5838-42e7-9faa-adff01636559,Symo 24.0-3 480 (1),,,24.0,parsed_from_inverter_name,62.76,,
fronius,2025-05-18,d95b5e9d-f2d5-4950-85a9-909e52f727ba,Penner Farms - SE 27-8-13 (site 2),c3ec3bd8-8836-45bb-97b7-adff01636570,Symo 24.0-3 480 (3),,,24.0,parsed_from_inverter_name,64.21,,
fronius,2025-05-19,d95b5e9d-f2d5-4950-85a9-909e52f727ba,Penner Farms - SE 27-8-13 (site 2),a9f3ac23-6f93-447b-9037-adff01636562,Symo 24.0-3 480 (2),,,24.0,parsed_from_inverter_name,119.5,,
fronius,2025-05-19,d95b5e9d-f2d5-4950-85a9-909e52f727ba,Penner Farms - SE 27-8-13 (site 2),b8a6c9fe-5838-42e7-9faa-adff01636559,Symo 24.0-3 480 (1),,,24.0,parsed_from_inverter_name,118.68,,
fronius,2025-05-19,d95b5e9d-f2d5-4950-85a9-909e52f727ba,Penner Farms - SE 27-8-13 (site 2),c3ec3bd8-8836-45bb-97b7-adff01636570,Symo 24.0-3 480 (3),,,24.0,parsed_from_inverter_name,119.25,,
fronius,2025-05-20,d95b5e9d-f2d5-4950-85a9-909e52f727ba,Penner Farms - SE 27-8-13 (site 2),a9f3ac23-6f93-447b-9037-adff01636562,Symo 24.0-3 480 (2),,,24.0,parsed_from_inverter_name,171.6,,
fronius,2025-05-20,d95b5e9d-f2d5-4950-85a9-909e52f727ba,Penner Farms - SE 27-8-13 (site 2),b8a6c9fe-5838-42e7-9faa-adff01636559,Symo 24.0-3 480 (1),,,24.0,parsed_from_inverter_name,169.05,,
fronius,2025-05-20,d95b5e9d-f2d5-4950-85a9-909e52f727ba,Penner Farms - SE 27-8-13 (site 2),c3ec3bd8-8836-45bb-97b7-adff01636570,Symo 24.0-3 480 (3),,,24.0,parsed_from_inverter_name,171.95,,
fronius,2025-05-21,d95b5e9d-f2d5-4950-85a9-909e52f727ba,Penner Farms - SE 27-8-13 (site 2),a9f3ac23-6f93-447b-9037-adff01636562,Symo 24.0-3 480 (2),,,24.0,parsed_from_inverter_name,152.12,,
fronius,2025-05-21,d95b5e9d-f2d5-4950-85a9-909e52f727ba,Penner Farms - SE 27-8-13 (site 2),b8a6c9fe-5838-42e7-9faa-adff01636559,Symo 24.0-3 480 (1),,,24.0,parsed_from_inverter_name,151.17,,
fronius,2025-05-21,d95b5e9d-f2d5-4950-85a9-909e52f727ba,Penner Farms - SE 27-8-13 (site 2),c3ec3bd8-8836-45bb-97b7-adff01636570,Symo 24.0-3 480 (3),,,24.0,parsed_from_inverter_name,152.3,,
fronius,2025-05-22,d95b5e9d-f2d5-4950-85a9-909e52f727ba,Penner Farms - SE 27-8-13 (site 2),a9f3ac23-6f93-447b-9037-adff01636562,Symo 24.0-3 480 (2),,,24.0,parsed_from_inverter_name,170.56,,
fronius,2025-05-22,d95b5e9d-f2d5-4950-85a9-909e52f727ba,Penner Farms - SE 27-8-13 (site 2),b8a6c9fe-5838-42e7-9faa-adff01636559,Symo 24.0-3 480 (1),,,24.0,parsed_from_inverter_name,168.74,,
fronius,2025-05-22,d95b5e9d-f2d5-4950-85a9-909e52f727ba,Penner Farms - SE 27-8-13 (site 2),c3ec3bd8-8836-45bb-97b7-adff01636570,Symo 24.0-3 480 (3),,,24.0,parsed_from_inverter_name,171.84,,
fronius,2025-05-23,d95b5e9d-f2d5-4950-85a9-909e52f727ba,Penner Farms - SE 27-8-13 (site 2),a9f3ac23-6f93-447b-9037-adff01636562,Symo 24.0-3 480 (2),,,24.0,parsed_from_inverter_name,83.8,,
fronius,2025-05-23,d95b5e9d-f2d5-4950-85a9-909e52f727ba,Penner Farms - SE 27-8-13 (site 2),b8a6c9fe-5838-42e7-9faa-adff01636559,Symo 24.0-3 480 (1),,,24.0,parsed_from_inverter_name,83.01,,
fronius,2025-05-23,d95b5e9d-f2d5-4950-85a9-909e52f727ba,Penner Farms - SE 27-8-13 (site 2),c3ec3bd8-8836-45bb-97b7-adff01636570,Symo 24.0-3 480 (3),,,24.0,parsed_from_inverter_name,84.11,,
fronius,2025-05-24,d95b5e9d-f2d5-4950-85a9-909e52f727ba,Penner Farms - SE 27-8-13 (site 2),a9f3ac23-6f93-447b-9037-adff01636562,Symo 24.0-3 480 (2),,,24.0,parsed_from_inverter_name,208.54,,
fronius,2025-05-24,d95b5e9d-f2d5-4950-85a9-909e52f727ba,Penner Farms - SE 27-8-13 (site 2),b8a6c9fe-5838-42e7-9faa-adff01636559,Symo 24.0-3 480 (1),,,24.0,parsed_from_inverter_name,206.47,,
fronius,2025-05-24,d95b5e9d-f2d5-4950-85a9-909e52f727ba,Penner Farms - SE 27-8-13 (site 2),c3ec3bd8-8836-45bb-97b7-adff01636570,Symo 24.0-3 480 (3),,,24.0,parsed_from_inverter_name,208.74,,
fronius,2025-05-25,d95b5e9d-f2d5-4950-85a9-909e52f727ba,Penner Farms - SE 27-8-13 (site 2),a9f3ac23-6f93-447b-9037-adff01636562,Symo 24.0-3 480 (2),,,24.0,parsed_from_inverter_name,212.22,,
fronius,2025-05-25,d95b5e9d-f2d5-4950-85a9-909e52f727ba,Penner Farms - SE 27-8-13 (site 2),b8a6c9fe-5838-42e7-9faa-adff01636559,Symo 24.0-3 480 (1),,,24.0,parsed_from_inverter_name,209.66,,
fronius,2025-05-25,d95b5e9d-f2d5-4950-85a9-909e52f727ba,Penner Farms - SE 27-8-13 (site 2),c3ec3bd8-8836-45bb-97b7-adff01636570,Symo 24.0-3 480 (3),,,24.0,parsed_from_inverter_name,213.15,,
fronius,2025-05-26,d95b5e9d-f2d5-4950-85a9-909e52f727ba,Penner Farms - SE 27-8-13 (site 2),a9f3ac23-6f93-447b-9037-adff01636562,Symo 24.0-3 480 (2),,,24.0,parsed_from_inverter_name,198.92,,
fronius,2025-05-26,d95b5e9d-f2d5-4950-85a9-909e52f727ba,Penner Farms - SE 27-8-13 (site 2),b8a6c9fe-5838-42e7-9faa-adff01636559,Symo 24.0-3 480 (1),,,24.0,parsed_from_inverter_name,196.55,,
fronius,2025-05-26,d95b5e9d-f2d5-4950-85a9-909e52f727ba,Penner Farms - SE 27-8-13 (site 2),c3ec3bd8-8836-45bb-97b7-adff01636570,Symo 24.0-3 480 (3),,,24.0,parsed_from_inverter_name,199.9,,
fronius,2025-05-27,d95b5e9d-f2d5-4950-85a9-909e52f727ba,Penner Farms - SE 27-8-13 (site 2),a9f3ac23-6f93-447b-9037-adff01636562,Symo 24.0-3 480 (2),,,24.0,parsed_from_inverter_name,211.46,,
fronius,2025-05-27,d95b5e9d-f2d5-4950-85a9-909e52f727ba,Penner Farms - SE 27-8-13 (site 2),b8a6c9fe-5838-42e7-9faa-adff01636559,Symo 24.0-3 480 (1),,,24.0,parsed_from_inverter_name,210.38,,
fronius,2025-05-27,d95b5e9d-f2d5-4950-85a9-909e52f727ba,Penner Farms - SE 27-8-13 (site 2),c3ec3bd8-8836-45bb-97b7-adff01636570,Symo 24.0-3 480 (3),,,24.0,parsed_from_inverter_name,211.85,,
fronius,2025-05-28,d95b5e9d-f2d5-4950-85a9-909e52f727ba,Penner Farms - SE 27-8-13 (site 2),a9f3ac23-6f93-447b-9037-adff01636562,Symo 24.0-3 480 (2),,,24.0,parsed_from_inverter_name,208.35,,
fronius,2025-05-28,d95b5e9d-f2d5-4950-85a9-909e52f727ba,Penner Farms - SE 27-8-13 (site 2),b8a6c9fe-5838-42e7-9faa-adff01636559,Symo 24.0-3 480 (1),,,24.0,parsed_from_inverter_name,206.93,,
fronius,2025-05-28,d95b5e9d-f2d5-4950-85a9-909e52f727ba,Penner Farms - SE 27-8-13 (site 2),c3ec3bd8-8836-45bb-97b7-adff01636570,Symo 24.0-3 480 (3),,,24.0,parsed_from_inverter_name,209.43,,
fronius,2025-05-29,d95b5e9d-f2d5-4950-85a9-909e52f727ba,Penner Farms - SE 27-8-13 (site 2),a9f3ac23-6f93-447b-9037-adff01636562,Symo 24.0-3 480 (2),,,24.0,parsed_from_inverter_name,210.34,,
fronius,2025-05-29,d95b5e9d-f2d5-4950-85a9-909e52f727ba,Penner Farms - SE 27-8-13 (site 2),b8a6c9fe-5838-42e7-9faa-adff01636559,Symo 24.0-3 480 (1),,,24.0,parsed_from_inverter_name,207.95,,
fronius,2025-05-29,d95b5e9d-f2d5-4950-85a9-909e52f727ba,Penner Farms - SE 27-8-13 (site 2),c3ec3bd8-8836-45bb-97b7-adff01636570,Symo 24.0-3 480 (3),,,24.0,parsed_from_inverter_name,211.02,,
fronius,2025-05-30,d95b5e9d-f2d5-4950-85a9-909e52f727ba,Penner Farms - SE 27-8-13 (site 2),a9f3ac23-6f93-447b-9037-adff01636562,Symo 24.0-3 480 (2),,,24.0,parsed_from_inverter_name,212.28,,
fronius,2025-05-30,d95b5e9d-f2d5-4950-85a9-909e52f727ba,Penner Farms - SE 27-8-13 (site 2),b8a6c9fe-5838-42e7-9faa-adff01636559,Symo 24.0-3 480 (1),,,24.0,parsed_from_inverter_name,211.33,,
fronius,2025-05-30,d95b5e9d-f2d5-4950-85a9-909e52f727ba,Penner Farms - SE 27-8-13 (site 2),c3ec3bd8-8836-45bb-97b7-adff01636570,Symo 24.0-3 480 (3),,,24.0,parsed_from_inverter_name,212.73,,
fronius,2025-05-31,d95b5e9d-f2d5-4950-85a9-909e52f727ba,Penner Farms - SE 27-8-13 (site 2),a9f3ac23-6f93-447b-9037-adff01636562,Symo 24.0-3 480 (2),,,24.0,parsed_from_inverter_name,179.5,,
fronius,2025-05-31,d95b5e9d-f2d5-4950-85a9-909e52f727ba,Penner Farms - SE 27-8-13 (site 2),b8a6c9fe-5838-42e7-9faa-adff01636559,Symo 24.0-3 480 (1),,,24.0,parsed_from_inverter_name,177.04,,
fronius,2025-05-31,d95b5e9d-f2d5-4950-85a9-909e52f727ba,Penner Farms - SE 27-8-13 (site 2),c3ec3bd8-8836-45bb-97b7-adff01636570,Symo 24.0-3 480 (3),,,24.0,parsed_from_inverter_name,179.46,,
fronius,2025-06-01,d95b5e9d-f2d5-4950-85a9-909e52f727ba,Penner Farms - SE 27-8-13 (site 2),a9f3ac23-6f93-447b-9037-adff01636562,Symo 24.0-3 480 (2),,,24.0,parsed_from_inverter_name,212.52,,
fronius,2025-06-01,d95b5e9d-f2d5-4950-85a9-909e52f727ba,Penner Farms - SE 27-8-13 (site 2),b8a6c9fe-5838-42e7-9faa-adff01636559,Symo 24.0-3 480 (1),,,24.0,parsed_from_inverter_name,211.47,,
fronius,2025-06-01,d95b5e9d-f2d5-4950-85a9-909e52f727ba,Penner Farms - SE 27-8-13 (site 2),c3ec3bd8-8836-45bb-97b7-adff01636570,Symo 24.0-3 480 (3),,,24.0,parsed_from_inverter_name,213.23,,
fronius,2025-06-02,d95b5e9d-f2d5-4950-85a9-909e52f727ba,Penner Farms - SE 27-8-13 (site 2),a9f3ac23-6f93-447b-9037-adff01636562,Symo 24.0-3 480 (2),,,24.0,parsed_from_inverter_name,119.02,,
fronius,2025-06-02,d95b5e9d-f2d5-4950-85a9-909e52f727ba,Penner Farms - SE 27-8-13 (site 2),b8a6c9fe-5838-42e7-9faa-adff01636559,Symo 24.0-3 480 (1),,,24.0,parsed_from_inverter_name,117.75,,
fronius,2025-06-02,d95b5e9d-f2d5-4950-85a9-909e52f727ba,Penner Farms - SE 27-8-13 (site 2),c3ec3bd8-8836-45bb-97b7-adff01636570,Symo 24.0-3 480 (3),,,24.0,parsed_from_inverter_name,119.08,,
fronius,2025-06-03,d95b5e9d-f2d5-4950-85a9-909e52f727ba,Penner Farms - SE 27-8-13 (site 2),a9f3ac23-6f93-447b-9037-adff01636562,Symo 24.0-3 480 (2),,,24.0,parsed_from_inverter_name,151.52,,
fronius,2025-06-03,d95b5e9d-f2d5-4950-85a9-909e52f727ba,Penner Farms - SE 27-8-13 (site 2),b8a6c9fe-5838-42e7-9faa-adff01636559,Symo 24.0-3 480 (1),,,24.0,parsed_from_inverter_name,150.35,,
fronius,2025-06-03,d95b5e9d-f2d5-4950-85a9-909e52f727ba,Penner Farms - SE 27-8-13 (site 2),c3ec3bd8-8836-45bb-97b7-adff01636570,Symo 24.0-3 480 (3),,,24.0,parsed_from_inverter_name,152.12,,
fronius,2025-06-04,d95b5e9d-f2d5-4950-85a9-909e52f727ba,Penner Farms - SE 27-8-13 (site 2),a9f3ac23-6f93-447b-9037-adff01636562,Symo 24.0-3 480 (2),,,24.0,parsed_from_inverter_name,207.51,,
fronius,2025-06-04,d95b5e9d-f2d5-4950-85a9-909e52f727ba,Penner Farms - SE 27-8-13 (site 2),b8a6c9fe-5838-42e7-9faa-adff01636559,Symo 24.0-3 480 (1),,,24.0,parsed_from_inverter_name,205.89,,
fronius,2025-06-04,d95b5e9d-f2d5-4950-85a9-909e52f727ba,Penner Farms - SE 27-8-13 (site 2),c3ec3bd8-8836-45bb-97b7-adff01636570,Symo 24.0-3 480 (3),,,24.0,parsed_from_inverter_name,206.38,,
fronius,2025-06-05,d95b5e9d-f2d5-4950-85a9-909e52f727ba,Penner Farms - SE 27-8-13 (site 2),a9f3ac23-6f93-447b-9037-adff01636562,Symo 24.0-3 480 (2),,,24.0,parsed_from_inverter_name,209.78,,
fronius,2025-06-05,d95b5e9d-f2d5-4950-85a9-909e52f727ba,Penner Farms - SE 27-8-13 (site 2),b8a6c9fe-5838-42e7-9faa-adff01636559,Symo 24.0-3 480 (1),,,24.0,parsed_from_inverter_name,208.39,,
fronius,2025-06-05,d95b5e9d-f2d5-4950-85a9-909e52f727ba,Penner Farms - SE 27-8-13 (site 2),c3ec3bd8-8836-45bb-97b7-adff01636570,Symo 24.0-3 480 (3),,,24.0,parsed_from_inverter_name,211.02,,
fronius,2025-06-06,d95b5e9d-f2d5-4950-85a9-909e52f727ba,Penner Farms - SE 27-8-13 (site 2),a9f3ac23-6f93-447b-9037-adff01636562,Symo 24.0-3 480 (2),,,24.0,parsed_from_inverter_name,165.05,,
fronius,2025-06-06,d95b5e9d-f2d5-4950-85a9-909e52f727ba,Penner Farms - SE 27-8-13 (site 2),b8a6c9fe-5838-42e7-9faa-adff01636559,Symo 24.0-3 480 (1),,,24.0,parsed_from_inverter_name,163.77,,
fronius,2025-06-06,d95b5e9d-f2d5-4950-85a9-909e52f727ba,Penner Farms - SE 27-8-13 (site 2),c3ec3bd8-8836-45bb-97b7-adff01636570,Symo 24.0-3 480 (3),,,24.0,parsed_from_inverter_name,165.73,,
fronius,2025-06-07,d95b5e9d-f2d5-4950-85a9-909e52f727ba,Penner Farms - SE 27-8-13 (site 2),a9f3ac23-6f93-447b-9037-adff01636562,Symo 24.0-3 480 (2),,,24.0,parsed_from_inverter_name,122.93,,
fronius,2025-06-07,d95b5e9d-f2d5-4950-85a9-909e52f727ba,Penner Farms - SE 27-8-13 (site 2),b8a6c9fe-5838-42e7-9faa-adff01636559,Symo 24.0-3 480 (1),,,24.0,parsed_from_inverter_name,121.72,,
fronius,2025-06-07,d95b5e9d-f2d5-4950-85a9-909e52f727ba,Penner Farms - SE 27-8-13 (site 2),c3ec3bd8-8836-45bb-97b7-adff01636570,Symo 24.0-3 480 (3),,,24.0,parsed_from_inverter_name,123.29,,
fronius,2025-06-08,d95b5e9d-f2d5-4950-85a9-909e52f727ba,Penner Farms - SE 27-8-13 (site 2),a9f3ac23-6f93-447b-9037-adff01636562,Symo 24.0-3 480 (2),,,24.0,parsed_from_inverter_name,208.69,,
fronius,2025-06-08,d95b5e9d-f2d5-4950-85a9-909e52f727ba,Penner Farms - SE 27-8-13 (site 2),b8a6c9fe-5838-42e7-9faa-adff01636559,Symo 24.0-3 480 (1),,,24.0,parsed_from_inverter_name,207.74,,
fronius,2025-06-08,d95b5e9d-f2d5-4950-85a9-909e52f727ba,Penner Farms - SE 27-8-13 (site 2),c3ec3bd8-8836-45bb-97b7-adff01636570,Symo 24.0-3 480 (3),,,24.0,parsed_from_inverter_name,209.51,,
fronius,2025-06-09,d95b5e9d-f2d5-4950-85a9-909e52f727ba,Penner Farms - SE 27-8-13 (site 2),a9f3ac23-6f93-447b-9037-adff01636562,Symo 24.0-3 480 (2),,,24.0,parsed_from_inverter_name,211.3,,
fronius,2025-06-09,d95b5e9d-f2d5-4950-85a9-909e52f727ba,Penner Farms - SE 27-8-13 (site 2),b8a6c9fe-5838-42e7-9faa-adff01636559,Symo 24.0-3 480 (1),,,24.0,parsed_from_inverter_name,210.36,,
fronius,2025-06-09,d95b5e9d-f2d5-4950-85a9-909e52f727ba,Penner Farms - SE 27-8-13 (site 2),c3ec3bd8-8836-45bb-97b7-adff01636570,Symo 24.0-3 480 (3),,,24.0,parsed_from_inverter_name,212.48,,
fronius,2025-06-10,d95b5e9d-f2d5-4950-85a9-909e52f727ba,Penner Farms - SE 27-8-13 (site 2),a9f3ac23-6f93-447b-9037-adff01636562,Symo 24.0-3 480 (2),,,24.0,parsed_from_inverter_name,209.45,,
fronius,2025-06-10,d95b5e9d-f2d5-4950-85a9-909e52f727ba,Penner Farms - SE 27-8-13 (site 2),b8a6c9fe-5838-42e7-9faa-adff01636559,Symo 24.0-3 480 (1),,,24.0,parsed_from_inverter_name,208.14,,
fronius,2025-06-10,d95b5e9d-f2d5-4950-85a9-909e52f727ba,Penner Farms - SE 27-8-13 (site 2),c3ec3bd8-8836-45bb-97b7-adff01636570,Symo 24.0-3 480 (3),,,24.0,parsed_from_inverter_name,210.99,,
fronius,2025-06-11,d95b5e9d-f2d5-4950-85a9-909e52f727ba,Penner Farms - SE 27-8-13 (site 2),a9f3ac23-6f93-447b-9037-adff01636562,Symo 24.0-3 480 (2),,,24.0,parsed_from_inverter_name,193.74,,
fronius,2025-06-11,d95b5e9d-f2d5-4950-85a9-909e52f727ba,Penner Farms - SE 27-8-13 (site 2),b8a6c9fe-5838-42e7-9faa-adff01636559,Symo 24.0-3 480 (1),,,24.0,parsed_from_inverter_name,191.58,,
fronius,2025-06-11,d95b5e9d-f2d5-4950-85a9-909e52f727ba,Penner Farms - SE 27-8-13 (site 2),c3ec3bd8-8836-45bb-97b7-adff01636570,Symo 24.0-3 480 (3),,,24.0,parsed_from_inverter_name,192.13,,
fronius,2025-06-12,d95b5e9d-f2d5-4950-85a9-909e52f727ba,Penner Farms - SE 27-8-13 (site 2),a9f3ac23-6f93-447b-9037-adff01636562,Symo 24.0-3 480 (2),,,24.0,parsed_from_inverter_name,51.69,,
fronius,2025-06-12,d95b5e9d-f2d5-4950-85a9-909e52f727ba,Penner Farms - SE 27-8-13 (site 2),b8a6c9fe-5838-42e7-9faa-adff01636559,Symo 24.0-3 480 (1),,,24.0,parsed_from_inverter_name,50.81,,
fronius,2025-06-12,d95b5e9d-f2d5-4950-85a9-909e52f727ba,Penner Farms - SE 27-8-13 (site 2),c3ec3bd8-8836-45bb-97b7-adff01636570,Symo 24.0-3 480 (3),,,24.0,parsed_from_inverter_name,52.16,,
fronius,2025-06-13,d95b5e9d-f2d5-4950-85a9-909e52f727ba,Penner Farms - SE 27-8-13 (site 2),a9f3ac23-6f93-447b-9037-adff01636562,Symo 24.0-3 480 (2),,,24.0,parsed_from_inverter_name,175.23,,
fronius,2025-06-13,d95b5e9d-f2d5-4950-85a9-909e52f727ba,Penner Farms - SE 27-8-13 (site 2),b8a6c9fe-5838-42e7-9faa-adff01636559,Symo 24.0-3 480 (1),,,24.0,parsed_from_inverter_name,173.04,,
fronius,2025-06-13,d95b5e9d-f2d5-4950-85a9-909e52f727ba,Penner Farms - SE 27-8-13 (site 2),c3ec3bd8-8836-45bb-97b7-adff01636570,Symo 24.0-3 480 (3),,,24.0,parsed_from_inverter_name,175.97,,
fronius,2025-06-14,d95b5e9d-f2d5-4950-85a9-909e52f727ba,Penner Farms - SE 27-8-13 (site 2),a9f3ac23-6f93-447b-9037-adff01636562,Symo 24.0-3 480 (2),,,24.0,parsed_from_inverter_name,204.32,,
fronius,2025-06-14,d95b5e9d-f2d5-4950-85a9-909e52f727ba,Penner Farms - SE 27-8-13 (site 2),b8a6c9fe-5838-42e7-9faa-adff01636559,Symo 24.0-3 480 (1),,,24.0,parsed_from_inverter_name,203.11,,
fronius,2025-06-14,d95b5e9d-f2d5-4950-85a9-909e52f727ba,Penner Farms - SE 27-8-13 (site 2),c3ec3bd8-8836-45bb-97b7-adff01636570,Symo 24.0-3 480 (3),,,24.0,parsed_from_inverter_name,205.05,,
fronius,2025-06-15,d95b5e9d-f2d5-4950-85a9-909e52f727ba,Penner Farms - SE 27-8-13 (site 2),a9f3ac23-6f93-447b-9037-adff01636562,Symo 24.0-3 480 (2),,,24.0,parsed_from_inverter_name,201.84,,
fronius,2025-06-15,d95b5e9d-f2d5-4950-85a9-909e52f727ba,Penner Farms - SE 27-8-13 (site 2),b8a6c9fe-5838-42e7-9faa-adff01636559,Symo 24.0-3 480 (1),,,24.0,parsed_from_inverter_name,200.55,,
fronius,2025-06-15,d95b5e9d-f2d5-4950-85a9-909e52f727ba,Penner Farms - SE 27-8-13 (site 2),c3ec3bd8-8836-45bb-97b7-adff01636570,Symo 24.0-3 480 (3),,,24.0,parsed_from_inverter_name,202.91,,
fronius,2025-06-16,d95b5e9d-f2d5-4950-85a9-909e52f727ba,Penner Farms - SE 27-8-13 (site 2),a9f3ac23-6f93-447b-9037-adff01636562,Symo 24.0-3 480 (2),,,24.0,parsed_from_inverter_name,212.92,,
fronius,2025-06-16,d95b5e9d-f2d5-4950-85a9-909e52f727ba,Penner Farms - SE 27-8-13 (site 2),b8a6c9fe-5838-42e7-9faa-adff01636559,Symo 24.0-3 480 (1),,,24.0,parsed_from_inverter_name,211.34,,
fronius,2025-06-16,d95b5e9d-f2d5-4950-85a9-909e52f727ba,Penner Farms - SE 27-8-13 (site 2),c3ec3bd8-8836-45bb-97b7-adff01636570,Symo 24.0-3 480 (3),,,24.0,parsed_from_inverter_name,214.06,,
fronius,2025-06-17,d95b5e9d-f2d5-4950-85a9-909e52f727ba,Penner Farms - SE 27-8-13 (site 2),a9f3ac23-6f93-447b-9037-adff01636562,Symo 24.0-3 480 (2),,,24.0,parsed_from_inverter_name,206.32,,
fronius,2025-06-17,d95b5e9d-f2d5-4950-85a9-909e52f727ba,Penner Farms - SE 27-8-13 (site 2),b8a6c9fe-5838-42e7-9faa-adff01636559,Symo 24.0-3 480 (1),,,24.0,parsed_from_inverter_name,204.58,,
fronius,2025-06-17,d95b5e9d-f2d5-4950-85a9-909e52f727ba,Penner Farms - SE 27-8-13 (site 2),c3ec3bd8-8836-45bb-97b7-adff01636570,Symo 24.0-3 480 (3),,,24.0,parsed_from_inverter_name,207.03,,
fronius,2025-06-18,d95b5e9d-f2d5-4950-85a9-909e52f727ba,Penner Farms - SE 27-8-13 (site 2),a9f3ac23-6f93-447b-9037-adff01636562,Symo 24.0-3 480 (2),,,24.0,parsed_from_inverter_name,198.5,,
fronius,2025-06-18,d95b5e9d-f2d5-4950-85a9-909e52f727ba,Penner Farms - SE 27-8-13 (site 2),b8a6c9fe-5838-42e7-9faa-adff01636559,Symo 24.0-3 480 (1),,,24.0,parsed_from_inverter_name,197.54,,
fronius,2025-06-18,d95b5e9d-f2d5-4950-85a9-909e52f727ba,Penner Farms - SE 27-8-13 (site 2),c3ec3bd8-8836-45bb-97b7-adff01636570,Symo 24.0-3 480 (3),,,24.0,parsed_from_inverter_name,199.6,,
fronius,2025-06-19,d95b5e9d-f2d5-4950-85a9-909e52f727ba,Penner Farms - SE 27-8-13 (site 2),a9f3ac23-6f93-447b-9037-adff01636562,Symo 24.0-3 480 (2),,,24.0,parsed_from_inverter_name,212.5,,
fronius,2025-06-19,d95b5e9d-f2d5-4950-85a9-909e52f727ba,Penner Farms - SE 27-8-13 (site 2),b8a6c9fe-5838-42e7-9faa-adff01636559,Symo 24.0-3 480 (1),,,24.0,parsed_from_inverter_name,211.56,,
fronius,2025-06-19,d95b5e9d-f2d5-4950-85a9-909e52f727ba,Penner Farms - SE 27-8-13 (site 2),c3ec3bd8-8836-45bb-97b7-adff01636570,Symo 24.0-3 480 (3),,,24.0,parsed_from_inverter_name,213.77,,
fronius,2025-06-21,d95b5e9d-f2d5-4950-85a9-909e52f727ba,Penner Farms - SE 27-8-13 (site 2),a9f3ac23-6f93-447b-9037-adff01636562,Symo 24.0-3 480 (2),,,24.0,parsed_from_inverter_name,3.41,,
fronius,2025-06-21,d95b5e9d-f2d5-4950-85a9-909e52f727ba,Penner Farms - SE 27-8-13 (site 2),b8a6c9fe-5838-42e7-9faa-adff01636559,Symo 24.0-3 480 (1),,,24.0,parsed_from_inverter_name,3.36,,
fronius,2025-06-21,d95b5e9d-f2d5-4950-85a9-909e52f727ba,Penner Farms - SE 27-8-13 (site 2),c3ec3bd8-8836-45bb-97b7-adff01636570,Symo 24.0-3 480 (3),,,24.0,parsed_from_inverter_name,3.43,,
fronius,2025-06-22,d95b5e9d-f2d5-4950-85a9-909e52f727ba,Penner Farms - SE 27-8-13 (site 2),a9f3ac23-6f93-447b-9037-adff01636562,Symo 24.0-3 480 (2),,,24.0,parsed_from_inverter_name,79.32,,
fronius,2025-06-22,d95b5e9d-f2d5-4950-85a9-909e52f727ba,Penner Farms - SE 27-8-13 (site 2),b8a6c9fe-5838-42e7-9faa-adff01636559,Symo 24.0-3 480 (1),,,24.0,parsed_from_inverter_name,78.13,,
fronius,2025-06-22,d95b5e9d-f2d5-4950-85a9-909e52f727ba,Penner Farms - SE 27-8-13 (site 2),c3ec3bd8-8836-45bb-97b7-adff01636570,Symo 24.0-3 480 (3),,,24.0,parsed_from_inverter_name,79.34,,
fronius,2025-06-23,d95b5e9d-f2d5-4950-85a9-909e52f727ba,Penner Farms - SE 27-8-13 (site 2),a9f3ac23-6f93-447b-9037-adff01636562,Symo 24.0-3 480 (2),,,24.0,parsed_from_inverter_name,195.31,,
fronius,2025-06-23,d95b5e9d-f2d5-4950-85a9-909e52f727ba,Penner Farms - SE 27-8-13 (site 2),b8a6c9fe-5838-42e7-9faa-adff01636559,Symo 24.0-3 480 (1),,,24.0,parsed_from_inverter_name,194.26,,
fronius,2025-06-23,d95b5e9d-f2d5-4950-85a9-909e52f727ba,Penner Farms - SE 27-8-13 (site 2),c3ec3bd8-8836-45bb-97b7-adff01636570,Symo 24.0-3 480 (3),,,24.0,parsed_from_inverter_name,195.95,,
fronius,2025-06-24,d95b5e9d-f2d5-4950-85a9-909e52f727ba,Penner Farms - SE 27-8-13 (site 2),a9f3ac23-6f93-447b-9037-adff01636562,Symo 24.0-3 480 (2),,,24.0,parsed_from_inverter_name,208.52,,
fronius,2025-06-24,d95b5e9d-f2d5-4950-85a9-909e52f727ba,Penner Farms - SE 27-8-13 (site 2),b8a6c9fe-5838-42e7-9faa-adff01636559,Symo 24.0-3 480 (1),,,24.0,parsed_from_inverter_name,206.19,,
fronius,2025-06-24,d95b5e9d-f2d5-4950-85a9-909e52f727ba,Penner Farms - SE 27-8-13 (site 2),c3ec3bd8-8836-45bb-97b7-adff01636570,Symo 24.0-3 480 (3),,,24.0,parsed_from_inverter_name,203.53,,
fronius,2025-06-25,d95b5e9d-f2d5-4950-85a9-909e52f727ba,Penner Farms - SE 27-8-13 (site 2),a9f3ac23-6f93-447b-9037-adff01636562,Symo 24.0-3 480 (2),,,24.0,parsed_from_inverter_name,208.08,,
fronius,2025-06-25,d95b5e9d-f2d5-4950-85a9-909e52f727ba,Penner Farms - SE 27-8-13 (site 2),b8a6c9fe-5838-42e7-9faa-adff01636559,Symo 24.0-3 480 (1),,,24.0,parsed_from_inverter_name,205.92,,
fronius,2025-06-25,d95b5e9d-f2d5-4950-85a9-909e52f727ba,Penner Farms - SE 27-8-13 (site 2),c3ec3bd8-8836-45bb-97b7-adff01636570,Symo 24.0-3 480 (3),,,24.0,parsed_from_inverter_name,208.99,,
fronius,2025-06-26,d95b5e9d-f2d5-4950-85a9-909e52f727ba,Penner Farms - SE 27-8-13 (site 2),a9f3ac23-6f93-447b-9037-adff01636562,Symo 24.0-3 480 (2),,,24.0,parsed_from_inverter_name,177.33,,
fronius,2025-06-26,d95b5e9d-f2d5-4950-85a9-909e52f727ba,Penner Farms - SE 27-8-13 (site 2),b8a6c9fe-5838-42e7-9faa-adff01636559,Symo 24.0-3 480 (1),,,24.0,parsed_from_inverter_name,175.17,,
fronius,2025-06-26,d95b5e9d-f2d5-4950-85a9-909e52f727ba,Penner Farms - SE 27-8-13 (site 2),c3ec3bd8-8836-45bb-97b7-adff01636570,Symo 24.0-3 480 (3),,,24.0,parsed_from_inverter_name,177.74,,
fronius,2025-06-27,d95b5e9d-f2d5-4950-85a9-909e52f727ba,Penner Farms - SE 27-8-13 (site 2),a9f3ac23-6f93-447b-9037-adff01636562,Symo 24.0-3 480 (2),,,24.0,parsed_from_inverter_name,200.49,,
fronius,2025-06-27,d95b5e9d-f2d5-4950-85a9-909e52f727ba,Penner Farms - SE 27-8-13 (site 2),b8a6c9fe-5838-42e7-9faa-adff01636559,Symo 24.0-3 480 (1),,,24.0,parsed_from_inverter_name,198.76,,
fronius,2025-06-27,d95b5e9d-f2d5-4950-85a9-909e52f727ba,Penner Farms - SE 27-8-13 (site 2),c3ec3bd8-8836-45bb-97b7-adff01636570,Symo 24.0-3 480 (3),,,24.0,parsed_from_inverter_name,201.41,,
fronius,2025-06-28,d95b5e9d-f2d5-4950-85a9-909e52f727ba,Penner Farms - SE 27-8-13 (site 2),a9f3ac23-6f93-447b-9037-adff01636562,Symo 24.0-3 480 (2),,,24.0,parsed_from_inverter_name,164.99,,
fronius,2025-06-28,d95b5e9d-f2d5-4950-85a9-909e52f727ba,Penner Farms - SE 27-8-13 (site 2),b8a6c9fe-5838-42e7-9faa-adff01636559,Symo 24.0-3 480 (1),,,24.0,parsed_from_inverter_name,163.46,,
fronius,2025-06-28,d95b5e9d-f2d5-4950-85a9-909e52f727ba,Penner Farms - SE 27-8-13 (site 2),c3ec3bd8-8836-45bb-97b7-adff01636570,Symo 24.0-3 480 (3),,,24.0,parsed_from_inverter_name,165.99,,
fronius,2025-06-29,d95b5e9d-f2d5-4950-85a9-909e52f727ba,Penner Farms - SE 27-8-13 (site 2),a9f3ac23-6f93-447b-9037-adff01636562,Symo 24.0-3 480 (2),,,24.0,parsed_from_inverter_name,197.3,,
fronius,2025-06-29,d95b5e9d-f2d5-4950-85a9-909e52f727ba,Penner Farms - SE 27-8-13 (site 2),b8a6c9fe-5838-42e7-9faa-adff01636559,Symo 24.0-3 480 (1),,,24.0,parsed_from_inverter_name,193.73,,
fronius,2025-06-29,d95b5e9d-f2d5-4950-85a9-909e52f727ba,Penner Farms - SE 27-8-13 (site 2),c3ec3bd8-8836-45bb-97b7-adff01636570,Symo 24.0-3 480 (3),,,24.0,parsed_from_inverter_name,197.48,,
fronius,2025-06-30,d95b5e9d-f2d5-4950-85a9-909e52f727ba,Penner Farms - SE 27-8-13 (site 2),a9f3ac23-6f93-447b-9037-adff01636562,Symo 24.0-3 480 (2),,,24.0,parsed_from_inverter_name,210.89,,
fronius,2025-06-30,d95b5e9d-f2d5-4950-85a9-909e52f727ba,Penner Farms - SE 27-8-13 (site 2),b8a6c9fe-5838-42e7-9faa-adff01636559,Symo 24.0-3 480 (1),,,24.0,parsed_from_inverter_name,208.72,,
fronius,2025-06-30,d95b5e9d-f2d5-4950-85a9-909e52f727ba,Penner Farms - SE 27-8-13 (site 2),c3ec3bd8-8836-45bb-97b7-adff01636570,Symo 24.0-3 480 (3),,,24.0,parsed_from_inverter_name,211.84,,
fronius,2025-07-01,d95b5e9d-f2d5-4950-85a9-909e52f727ba,Penner Farms - SE 27-8-13 (site 2),a9f3ac23-6f93-447b-9037-adff01636562,Symo 24.0-3 480 (2),,,24.0,parsed_from_inverter_name,201.81,,
fronius,2025-07-01,d95b5e9d-f2d5-4950-85a9-909e52f727ba,Penner Farms - SE 27-8-13 (site 2),b8a6c9fe-5838-42e7-9faa-adff01636559,Symo 24.0-3 480 (1),,,24.0,parsed_from_inverter_name,199.99,,
fronius,2025-07-01,d95b5e9d-f2d5-4950-85a9-909e52f727ba,Penner Farms - SE 27-8-13 (site 2),c3ec3bd8-8836-45bb-97b7-adff01636570,Symo 24.0-3 480 (3),,,24.0,parsed_from_inverter_name,202.66,,
fronius,2025-07-02,d95b5e9d-f2d5-4950-85a9-909e52f727ba,Penner Farms - SE 27-8-13 (site 2),a9f3ac23-6f93-447b-9037-adff01636562,Symo 24.0-3 480 (2),,,24.0,parsed_from_inverter_name,183.56,,
fronius,2025-07-02,d95b5e9d-f2d5-4950-85a9-909e52f727ba,Penner Farms - SE 27-8-13 (site 2),b8a6c9fe-5838-42e7-9faa-adff01636559,Symo 24.0-3 480 (1),,,24.0,parsed_from_inverter_name,180.93,,
fronius,2025-07-02,d95b5e9d-f2d5-4950-85a9-909e52f727ba,Penner Farms - SE 27-8-13 (site 2),c3ec3bd8-8836-45bb-97b7-adff01636570,Symo 24.0-3 480 (3),,,24.0,parsed_from_inverter_name,184.73,,
fronius,2025-07-03,d95b5e9d-f2d5-4950-85a9-909e52f727ba,Penner Farms - SE 27-8-13 (site 2),a9f3ac23-6f93-447b-9037-adff01636562,Symo 24.0-3 480 (2),,,24.0,parsed_from_inverter_name,213.44,,
fronius,2025-07-03,d95b5e9d-f2d5-4950-85a9-909e52f727ba,Penner Farms - SE 27-8-13 (site 2),b8a6c9fe-5838-42e7-9faa-adff01636559,Symo 24.0-3 480 (1),,,24.0,parsed_from_inverter_name,212.19,,
fronius,2025-07-03,d95b5e9d-f2d5-4950-85a9-909e52f727ba,Penner Farms - SE 27-8-13 (site 2),c3ec3bd8-8836-45bb-97b7-adff01636570,Symo 24.0-3 480 (3),,,24.0,parsed_from_inverter_name,214.02,,
fronius,2025-07-04,d95b5e9d-f2d5-4950-85a9-909e52f727ba,Penner Farms - SE 27-8-13 (site 2),a9f3ac23-6f93-447b-9037-adff01636562,Symo 24.0-3 480 (2),,,24.0,parsed_from_inverter_name,196.57,,
fronius,2025-07-04,d95b5e9d-f2d5-4950-85a9-909e52f727ba,Penner Farms - SE 27-8-13 (site 2),b8a6c9fe-5838-42e7-9faa-adff01636559,Symo 24.0-3 480 (1),,,24.0,parsed_from_inverter_name,195.46,,
fronius,2025-07-04,d95b5e9d-f2d5-4950-85a9-909e52f727ba,Penner Farms - SE 27-8-13 (site 2),c3ec3bd8-8836-45bb-97b7-adff01636570,Symo 24.0-3 480 (3),,,24.0,parsed_from_inverter_name,197.85,,
fronius,2025-07-05,d95b5e9d-f2d5-4950-85a9-909e52f727ba,Penner Farms - SE 27-8-13 (site 2),a9f3ac23-6f93-447b-9037-adff01636562,Symo 24.0-3 480 (2),,,24.0,parsed_from_inverter_name,80.49,,
fronius,2025-07-05,d95b5e9d-f2d5-4950-85a9-909e52f727ba,Penner Farms - SE 27-8-13 (site 2),b8a6c9fe-5838-42e7-9faa-adff01636559,Symo 24.0-3 480 (1),,,24.0,parsed_from_inverter_name,79.11,,
fronius,2025-07-05,d95b5e9d-f2d5-4950-85a9-909e52f727ba,Penner Farms - SE 27-8-13 (site 2),c3ec3bd8-8836-45bb-97b7-adff01636570,Symo 24.0-3 480 (3),,,24.0,parsed_from_inverter_name,80.71,,
fronius,2025-07-06,d95b5e9d-f2d5-4950-85a9-909e52f727ba,Penner Farms - SE 27-8-13 (site 2),a9f3ac23-6f93-447b-9037-adff01636562,Symo 24.0-3 480 (2),,,24.0,parsed_from_inverter_name,156.14,,
fronius,2025-07-06,d95b5e9d-f2d5-4950-85a9-909e52f727ba,Penner Farms - SE 27-8-13 (site 2),b8a6c9fe-5838-42e7-9faa-adff01636559,Symo 24.0-3 480 (1),,,24.0,parsed_from_inverter_name,153.37,,
fronius,2025-07-06,d95b5e9d-f2d5-4950-85a9-909e52f727ba,Penner Farms - SE 27-8-13 (site 2),c3ec3bd8-8836-45bb-97b7-adff01636570,Symo 24.0-3 480 (3),,,24.0,parsed_from_inverter_name,156.47,,
fronius,2025-07-07,d95b5e9d-f2d5-4950-85a9-909e52f727ba,Penner Farms - SE 27-8-13 (site 2),a9f3ac23-6f93-447b-9037-adff01636562,Symo 24.0-3 480 (2),,,24.0,parsed_from_inverter_name,187.69,,
fronius,2025-07-07,d95b5e9d-f2d5-4950-85a9-909e52f727ba,Penner Farms - SE 27-8-13 (site 2),b8a6c9fe-5838-42e7-9faa-adff01636559,Symo 24.0-3 480 (1),,,24.0,parsed_from_inverter_name,186.29,,
fronius,2025-07-07,d95b5e9d-f2d5-4950-85a9-909e52f727ba,Penner Farms - SE 27-8-13 (site 2),c3ec3bd8-8836-45bb-97b7-adff01636570,Symo 24.0-3 480 (3),,,24.0,parsed_from_inverter_name,188.6,,
fronius,2025-07-08,d95b5e9d-f2d5-4950-85a9-909e52f727ba,Penner Farms - SE 27-8-13 (site 2),a9f3ac23-6f93-447b-9037-adff01636562,Symo 24.0-3 480 (2),,,24.0,parsed_from_inverter_name,206.19,,
fronius,2025-07-08,d95b5e9d-f2d5-4950-85a9-909e52f727ba,Penner Farms - SE 27-8-13 (site 2),b8a6c9fe-5838-42e7-9faa-adff01636559,Symo 24.0-3 480 (1),,,24.0,parsed_from_inverter_name,205.21,,
fronius,2025-07-08,d95b5e9d-f2d5-4950-85a9-909e52f727ba,Penner Farms - SE 27-8-13 (site 2),c3ec3bd8-8836-45bb-97b7-adff01636570,Symo 24.0-3 480 (3),,,24.0,parsed_from_inverter_name,206.92,,
fronius,2025-07-09,d95b5e9d-f2d5-4950-85a9-909e52f727ba,Penner Farms - SE 27-8-13 (site 2),a9f3ac23-6f93-447b-9037-adff01636562,Symo 24.0-3 480 (2),,,24.0,parsed_from_inverter_name,192.07,,
fronius,2025-07-09,d95b5e9d-f2d5-4950-85a9-909e52f727ba,Penner Farms - SE 27-8-13 (site 2),b8a6c9fe-5838-42e7-9faa-adff01636559,Symo 24.0-3 480 (1),,,24.0,parsed_from_inverter_name,191.19,,
fronius,2025-07-09,d95b5e9d-f2d5-4950-85a9-909e52f727ba,Penner Farms - SE 27-8-13 (site 2),c3ec3bd8-8836-45bb-97b7-adff01636570,Symo 24.0-3 480 (3),,,24.0,parsed_from_inverter_name,193.13,,
fronius,2025-07-10,d95b5e9d-f2d5-4950-85a9-909e52f727ba,Penner Farms - SE 27-8-13 (site 2),a9f3ac23-6f93-447b-9037-adff01636562,Symo 24.0-3 480 (2),,,24.0,parsed_from_inverter_name,110.03,,
fronius,2025-07-10,d95b5e9d-f2d5-4950-85a9-909e52f727ba,Penner Farms - SE 27-8-13 (site 2),b8a6c9fe-5838-42e7-9faa-adff01636559,Symo 24.0-3 480 (1),,,24.0,parsed_from_inverter_name,108.69,,
fronius,2025-07-10,d95b5e9d-f2d5-4950-85a9-909e52f727ba,Penner Farms - SE 27-8-13 (site 2),c3ec3bd8-8836-45bb-97b7-adff01636570,Symo 24.0-3 480 (3),,,24.0,parsed_from_inverter_name,110.46,,
fronius,2025-07-11,d95b5e9d-f2d5-4950-85a9-909e52f727ba,Penner Farms - SE 27-8-13 (site 2),a9f3ac23-6f93-447b-9037-adff01636562,Symo 24.0-3 480 (2),,,24.0,parsed_from_inverter_name,202.56,,
fronius,2025-07-11,d95b5e9d-f2d5-4950-85a9-909e52f727ba,Penner Farms - SE 27-8-13 (site 2),b8a6c9fe-5838-42e7-9faa-adff01636559,Symo 24.0-3 480 (1),,,24.0,parsed_from_inverter_name,201.08,,
fronius,2025-07-11,d95b5e9d-f2d5-4950-85a9-909e52f727ba,Penner Farms - SE 27-8-13 (site 2),c3ec3bd8-8836-45bb-97b7-adff01636570,Symo 24.0-3 480 (3),,,24.0,parsed_from_inverter_name,203.31,,
fronius,2025-07-12,d95b5e9d-f2d5-4950-85a9-909e52f727ba,Penner Farms - SE 27-8-13 (site 2),a9f3ac23-6f93-447b-9037-adff01636562,Symo 24.0-3 480 (2),,,24.0,parsed_from_inverter_name,199.51,,
fronius,2025-07-12,d95b5e9d-f2d5-4950-85a9-909e52f727ba,Penner Farms - SE 27-8-13 (site 2),b8a6c9fe-5838-42e7-9faa-adff01636559,Symo 24.0-3 480 (1),,,24.0,parsed_from_inverter_name,198.18,,
fronius,2025-07-12,d95b5e9d-f2d5-4950-85a9-909e52f727ba,Penner Farms - SE 27-8-13 (site 2),c3ec3bd8-8836-45bb-97b7-adff01636570,Symo 24.0-3 480 (3),,,24.0,parsed_from_inverter_name,199.81,,
fronius,2025-07-30,d95b5e9d-f2d5-4950-85a9-909e52f727ba,Penner Farms - SE 27-8-13 (site 2),a9f3ac23-6f93-447b-9037-adff01636562,Symo 24.0-3 480 (2),,,24.0,parsed_from_inverter_name,10.52,,
fronius,2025-07-30,d95b5e9d-f2d5-4950-85a9-909e52f727ba,Penner Farms - SE 27-8-13 (site 2),b8a6c9fe-5838-42e7-9faa-adff01636559,Symo 24.0-3 480 (1),,,24.0,parsed_from_inverter_name,10.13,,
fronius,2025-07-30,d95b5e9d-f2d5-4950-85a9-909e52f727ba,Penner Farms - SE 27-8-13 (site 2),c3ec3bd8-8836-45bb-97b7-adff01636570,Symo 24.0-3 480 (3),,,24.0,parsed_from_inverter_name,10.29,,
fronius,2025-07-31,d95b5e9d-f2d5-4950-85a9-909e52f727ba,Penner Farms - SE 27-8-13 (site 2),a9f3ac23-6f93-447b-9037-adff01636562,Symo 24.0-3 480 (2),,,24.0,parsed_from_inverter_name,189.68,,
fronius,2025-07-31,d95b5e9d-f2d5-4950-85a9-909e52f727ba,Penner Farms - SE 27-8-13 (site 2),b8a6c9fe-5838-42e7-9faa-adff01636559,Symo 24.0-3 480 (1),,,24.0,parsed_from_inverter_name,188.17,,
fronius,2025-07-31,d95b5e9d-f2d5-4950-85a9-909e52f727ba,Penner Farms - SE 27-8-13 (site 2),c3ec3bd8-8836-45bb-97b7-adff01636570,Symo 24.0-3 480 (3),,,24.0,parsed_from_inverter_name,155.57,,
fronius,2025-08-01,d95b5e9d-f2d5-4950-85a9-909e52f727ba,Penner Farms - SE 27-8-13 (site 2),a9f3ac23-6f93-447b-9037-adff01636562,Symo 24.0-3 480 (2),,,24.0,parsed_from_inverter_name,144.11,,
fronius,2025-08-01,d95b5e9d-f2d5-4950-85a9-909e52f727ba,Penner Farms - SE 27-8-13 (site 2),b8a6c9fe-5838-42e7-9faa-adff01636559,Symo 24.0-3 480 (1),,,24.0,parsed_from_inverter_name,142.7,,
fronius,2025-08-01,d95b5e9d-f2d5-4950-85a9-909e52f727ba,Penner Farms - SE 27-8-13 (site 2),c3ec3bd8-8836-45bb-97b7-adff01636570,Symo 24.0-3 480 (3),,,24.0,parsed_from_inverter_name,144.12,,
fronius,2025-08-02,d95b5e9d-f2d5-4950-85a9-909e52f727ba,Penner Farms - SE 27-8-13 (site 2),a9f3ac23-6f93-447b-9037-adff01636562,Symo 24.0-3 480 (2),,,24.0,parsed_from_inverter_name,107.0,,
fronius,2025-08-02,d95b5e9d-f2d5-4950-85a9-909e52f727ba,Penner Farms - SE 27-8-13 (site 2),b8a6c9fe-5838-42e7-9faa-adff01636559,Symo 24.0-3 480 (1),,,24.0,parsed_from_inverter_name,105.76,,
fronius,2025-08-02,d95b5e9d-f2d5-4950-85a9-909e52f727ba,Penner Farms - SE 27-8-13 (site 2),c3ec3bd8-8836-45bb-97b7-adff01636570,Symo 24.0-3 480 (3),,,24.0,parsed_from_inverter_name,96.86,,
fronius,2025-08-03,d95b5e9d-f2d5-4950-85a9-909e52f727ba,Penner Farms - SE 27-8-13 (site 2),a9f3ac23-6f93-447b-9037-adff01636562,Symo 24.0-3 480 (2),,,24.0,parsed_from_inverter_name,101.45,,
fronius,2025-08-03,d95b5e9d-f2d5-4950-85a9-909e52f727ba,Penner Farms - SE 27-8-13 (site 2),b8a6c9fe-5838-42e7-9faa-adff01636559,Symo 24.0-3 480 (1),,,24.0,parsed_from_inverter_name,99.89,,
fronius,2025-08-03,d95b5e9d-f2d5-4950-85a9-909e52f727ba,Penner Farms - SE 27-8-13 (site 2),c3ec3bd8-8836-45bb-97b7-adff01636570,Symo 24.0-3 480 (3),,,24.0,parsed_from_inverter_name,102.37,,
fronius,2025-08-04,d95b5e9d-f2d5-4950-85a9-909e52f727ba,Penner Farms - SE 27-8-13 (site 2),a9f3ac23-6f93-447b-9037-adff01636562,Symo 24.0-3 480 (2),,,24.0,parsed_from_inverter_name,120.37,,
fronius,2025-08-04,d95b5e9d-f2d5-4950-85a9-909e52f727ba,Penner Farms - SE 27-8-13 (site 2),b8a6c9fe-5838-42e7-9faa-adff01636559,Symo 24.0-3 480 (1),,,24.0,parsed_from_inverter_name,119.31,,
fronius,2025-08-04,d95b5e9d-f2d5-4950-85a9-909e52f727ba,Penner Farms - SE 27-8-13 (site 2),c3ec3bd8-8836-45bb-97b7-adff01636570,Symo 24.0-3 480 (3),,,24.0,parsed_from_inverter_name,116.18,,
fronius,2025-08-05,d95b5e9d-f2d5-4950-85a9-909e52f727ba,Penner Farms - SE 27-8-13 (site 2),a9f3ac23-6f93-447b-9037-adff01636562,Symo 24.0-3 480 (2),,,24.0,parsed_from_inverter_name,133.92,,
fronius,2025-08-05,d95b5e9d-f2d5-4950-85a9-909e52f727ba,Penner Farms - SE 27-8-13 (site 2),b8a6c9fe-5838-42e7-9faa-adff01636559,Symo 24.0-3 480 (1),,,24.0,parsed_from_inverter_name,132.37,,
fronius,2025-08-05,d95b5e9d-f2d5-4950-85a9-909e52f727ba,Penner Farms - SE 27-8-13 (site 2),c3ec3bd8-8836-45bb-97b7-adff01636570,Symo 24.0-3 480 (3),,,24.0,parsed_from_inverter_name,127.22,,
fronius,2025-08-06,d95b5e9d-f2d5-4950-85a9-909e52f727ba,Penner Farms - SE 27-8-13 (site 2),a9f3ac23-6f93-447b-9037-adff01636562,Symo 24.0-3 480 (2),,,24.0,parsed_from_inverter_name,169.58,,
fronius,2025-08-06,d95b5e9d-f2d5-4950-85a9-909e52f727ba,Penner Farms - SE 27-8-13 (site 2),b8a6c9fe-5838-42e7-9faa-adff01636559,Symo 24.0-3 480 (1),,,24.0,parsed_from_inverter_name,168.77,,
fronius,2025-08-06,d95b5e9d-f2d5-4950-85a9-909e52f727ba,Penner Farms - SE 27-8-13 (site 2),c3ec3bd8-8836-45bb-97b7-adff01636570,Symo 24.0-3 480 (3),,,24.0,parsed_from_inverter_name,170.18,,
fronius,2025-08-07,d95b5e9d-f2d5-4950-85a9-909e52f727ba,Penner Farms - SE 27-8-13 (site 2),a9f3ac23-6f93-447b-9037-adff01636562,Symo 24.0-3 480 (2),,,24.0,parsed_from_inverter_name,148.26,,
fronius,2025-08-07,d95b5e9d-f2d5-4950-85a9-909e52f727ba,Penner Farms - SE 27-8-13 (site 2),b8a6c9fe-5838-42e7-9faa-adff01636559,Symo 24.0-3 480 (1),,,24.0,parsed_from_inverter_name,147.63,,
fronius,2025-08-07,d95b5e9d-f2d5-4950-85a9-909e52f727ba,Penner Farms - SE 27-8-13 (site 2),c3ec3bd8-8836-45bb-97b7-adff01636570,Symo 24.0-3 480 (3),,,24.0,parsed_from_inverter_name,148.53,,
fronius,2025-08-08,d95b5e9d-f2d5-4950-85a9-909e52f727ba,Penner Farms - SE 27-8-13 (site 2),a9f3ac23-6f93-447b-9037-adff01636562,Symo 24.0-3 480 (2),,,24.0,parsed_from_inverter_name,47.79,,
fronius,2025-08-08,d95b5e9d-f2d5-4950-85a9-909e52f727ba,Penner Farms - SE 27-8-13 (site 2),b8a6c9fe-5838-42e7-9faa-adff01636559,Symo 24.0-3 480 (1),,,24.0,parsed_from_inverter_name,47.04,,
fronius,2025-08-08,d95b5e9d-f2d5-4950-85a9-909e52f727ba,Penner Farms - SE 27-8-13 (site 2),c3ec3bd8-8836-45bb-97b7-adff01636570,Symo 24.0-3 480 (3),,,24.0,parsed_from_inverter_name,48.04,,
fronius,2025-08-09,d95b5e9d-f2d5-4950-85a9-909e52f727ba,Penner Farms - SE 27-8-13 (site 2),a9f3ac23-6f93-447b-9037-adff01636562,Symo 24.0-3 480 (2),,,24.0,parsed_from_inverter_name,139.99,,
fronius,2025-08-09,d95b5e9d-f2d5-4950-85a9-909e52f727ba,Penner Farms - SE 27-8-13 (site 2),b8a6c9fe-5838-42e7-9faa-adff01636559,Symo 24.0-3 480 (1),,,24.0,parsed_from_inverter_name,138.63,,
fronius,2025-08-09,d95b5e9d-f2d5-4950-85a9-909e52f727ba,Penner Farms - SE 27-8-13 (site 2),c3ec3bd8-8836-45bb-97b7-adff01636570,Symo 24.0-3 480 (3),,,24.0,parsed_from_inverter_name,132.96,,
fronius,2025-08-10,d95b5e9d-f2d5-4950-85a9-909e52f727ba,Penner Farms - SE 27-8-13 (site 2),a9f3ac23-6f93-447b-9037-adff01636562,Symo 24.0-3 480 (2),,,24.0,parsed_from_inverter_name,195.12,,
fronius,2025-08-10,d95b5e9d-f2d5-4950-85a9-909e52f727ba,Penner Farms - SE 27-8-13 (site 2),b8a6c9fe-5838-42e7-9faa-adff01636559,Symo 24.0-3 480 (1),,,24.0,parsed_from_inverter_name,194.25,,
fronius,2025-08-10,d95b5e9d-f2d5-4950-85a9-909e52f727ba,Penner Farms - SE 27-8-13 (site 2),c3ec3bd8-8836-45bb-97b7-adff01636570,Symo 24.0-3 480 (3),,,24.0,parsed_from_inverter_name,192.55,,
fronius,2025-08-11,d95b5e9d-f2d5-4950-85a9-909e52f727ba,Penner Farms - SE 27-8-13 (site 2),a9f3ac23-6f93-447b-9037-adff01636562,Symo 24.0-3 480 (2),,,24.0,parsed_from_inverter_name,133.8,,
fronius,2025-08-11,d95b5e9d-f2d5-4950-85a9-909e52f727ba,Penner Farms - SE 27-8-13 (site 2),b8a6c9fe-5838-42e7-9faa-adff01636559,Symo 24.0-3 480 (1),,,24.0,parsed_from_inverter_name,132.29,,
fronius,2025-08-11,d95b5e9d-f2d5-4950-85a9-909e52f727ba,Penner Farms - SE 27-8-13 (site 2),c3ec3bd8-8836-45bb-97b7-adff01636570,Symo 24.0-3 480 (3),,,24.0,parsed_from_inverter_name,133.84,,
fronius,2025-08-12,d95b5e9d-f2d5-4950-85a9-909e52f727ba,Penner Farms - SE 27-8-13 (site 2),a9f3ac23-6f93-447b-9037-adff01636562,Symo 24.0-3 480 (2),,,24.0,parsed_from_inverter_name,188.08,,
fronius,2025-08-12,d95b5e9d-f2d5-4950-85a9-909e52f727ba,Penner Farms - SE 27-8-13 (site 2),b8a6c9fe-5838-42e7-9faa-adff01636559,Symo 24.0-3 480 (1),,,24.0,parsed_from_inverter_name,186.66,,
fronius,2025-08-12,d95b5e9d-f2d5-4950-85a9-909e52f727ba,Penner Farms - SE 27-8-13 (site 2),c3ec3bd8-8836-45bb-97b7-adff01636570,Symo 24.0-3 480 (3),,,24.0,parsed_from_inverter_name,188.34,,
fronius,2025-08-13,d95b5e9d-f2d5-4950-85a9-909e52f727ba,Penner Farms - SE 27-8-13 (site 2),a9f3ac23-6f93-447b-9037-adff01636562,Symo 24.0-3 480 (2),,,24.0,parsed_from_inverter_name,191.64,,
fronius,2025-08-13,d95b5e9d-f2d5-4950-85a9-909e52f727ba,Penner Farms - SE 27-8-13 (site 2),b8a6c9fe-5838-42e7-9faa-adff01636559,Symo 24.0-3 480 (1),,,24.0,parsed_from_inverter_name,190.9,,
fronius,2025-08-13,d95b5e9d-f2d5-4950-85a9-909e52f727ba,Penner Farms - SE 27-8-13 (site 2),c3ec3bd8-8836-45bb-97b7-adff01636570,Symo 24.0-3 480 (3),,,24.0,parsed_from_inverter_name,188.85,,
fronius,2025-08-14,d95b5e9d-f2d5-4950-85a9-909e52f727ba,Penner Farms - SE 27-8-13 (site 2),a9f3ac23-6f93-447b-9037-adff01636562,Symo 24.0-3 480 (2),,,24.0,parsed_from_inverter_name,141.43,,
fronius,2025-08-14,d95b5e9d-f2d5-4950-85a9-909e52f727ba,Penner Farms - SE 27-8-13 (site 2),b8a6c9fe-5838-42e7-9faa-adff01636559,Symo 24.0-3 480 (1),,,24.0,parsed_from_inverter_name,139.88,,
fronius,2025-08-14,d95b5e9d-f2d5-4950-85a9-909e52f727ba,Penner Farms - SE 27-8-13 (site 2),c3ec3bd8-8836-45bb-97b7-adff01636570,Symo 24.0-3 480 (3),,,24.0,parsed_from_inverter_name,140.97,,
fronius,2025-08-15,d95b5e9d-f2d5-4950-85a9-909e52f727ba,Penner Farms - SE 27-8-13 (site 2),a9f3ac23-6f93-447b-9037-adff01636562,Symo 24.0-3 480 (2),,,24.0,parsed_from_inverter_name,143.24,,
fronius,2025-08-15,d95b5e9d-f2d5-4950-85a9-909e52f727ba,Penner Farms - SE 27-8-13 (site 2),b8a6c9fe-5838-42e7-9faa-adff01636559,Symo 24.0-3 480 (1),,,24.0,parsed_from_inverter_name,141.8,,
fronius,2025-08-15,d95b5e9d-f2d5-4950-85a9-909e52f727ba,Penner Farms - SE 27-8-13 (site 2),c3ec3bd8-8836-45bb-97b7-adff01636570,Symo 24.0-3 480 (3),,,24.0,parsed_from_inverter_name,142.74,,
fronius,2025-08-16,d95b5e9d-f2d5-4950-85a9-909e52f727ba,Penner Farms - SE 27-8-13 (site 2),a9f3ac23-6f93-447b-9037-adff01636562,Symo 24.0-3 480 (2),,,24.0,parsed_from_inverter_name,166.0,,
fronius,2025-08-16,d95b5e9d-f2d5-4950-85a9-909e52f727ba,Penner Farms - SE 27-8-13 (site 2),b8a6c9fe-5838-42e7-9faa-adff01636559,Symo 24.0-3 480 (1),,,24.0,parsed_from_inverter_name,165.54,,
fronius,2025-08-16,d95b5e9d-f2d5-4950-85a9-909e52f727ba,Penner Farms - SE 27-8-13 (site 2),c3ec3bd8-8836-45bb-97b7-adff01636570,Symo 24.0-3 480 (3),,,24.0,parsed_from_inverter_name,165.58,,
fronius,2025-08-17,d95b5e9d-f2d5-4950-85a9-909e52f727ba,Penner Farms - SE 27-8-13 (site 2),a9f3ac23-6f93-447b-9037-adff01636562,Symo 24.0-3 480 (2),,,24.0,parsed_from_inverter_name,174.26,,
fronius,2025-08-17,d95b5e9d-f2d5-4950-85a9-909e52f727ba,Penner Farms - SE 27-8-13 (site 2),b8a6c9fe-5838-42e7-9faa-adff01636559,Symo 24.0-3 480 (1),,,24.0,parsed_from_inverter_name,173.56,,
fronius,2025-08-17,d95b5e9d-f2d5-4950-85a9-909e52f727ba,Penner Farms - SE 27-8-13 (site 2),c3ec3bd8-8836-45bb-97b7-adff01636570,Symo 24.0-3 480 (3),,,24.0,parsed_from_inverter_name,174.46,,
fronius,2025-08-18,d95b5e9d-f2d5-4950-85a9-909e52f727ba,Penner Farms - SE 27-8-13 (site 2),a9f3ac23-6f93-447b-9037-adff01636562,Symo 24.0-3 480 (2),,,24.0,parsed_from_inverter_name,188.68,,
fronius,2025-08-18,d95b5e9d-f2d5-4950-85a9-909e52f727ba,Penner Farms - SE 27-8-13 (site 2),b8a6c9fe-5838-42e7-9faa-adff01636559,Symo 24.0-3 480 (1),,,24.0,parsed_from_inverter_name,186.95,,
fronius,2025-08-18,d95b5e9d-f2d5-4950-85a9-909e52f727ba,Penner Farms - SE 27-8-13 (site 2),c3ec3bd8-8836-45bb-97b7-adff01636570,Symo 24.0-3 480 (3),,,24.0,parsed_from_inverter_name,188.16,,
fronius,2025-08-19,d95b5e9d-f2d5-4950-85a9-909e52f727ba,Penner Farms - SE 27-8-13 (site 2),a9f3ac23-6f93-447b-9037-adff01636562,Symo 24.0-3 480 (2),,,24.0,parsed_from_inverter_name,189.65,,
fronius,2025-08-19,d95b5e9d-f2d5-4950-85a9-909e52f727ba,Penner Farms - SE 27-8-13 (site 2),b8a6c9fe-5838-42e7-9faa-adff01636559,Symo 24.0-3 480 (1),,,24.0,parsed_from_inverter_name,188.45,,
fronius,2025-08-19,d95b5e9d-f2d5-4950-85a9-909e52f727ba,Penner Farms - SE 27-8-13 (site 2),c3ec3bd8-8836-45bb-97b7-adff01636570,Symo 24.0-3 480 (3),,,24.0,parsed_from_inverter_name,189.25,,
fronius,2025-08-20,d95b5e9d-f2d5-4950-85a9-909e52f727ba,Penner Farms - SE 27-8-13 (site 2),a9f3ac23-6f93-447b-9037-adff01636562,Symo 24.0-3 480 (2),,,24.0,parsed_from_inverter_name,176.76,,
fronius,2025-08-20,d95b5e9d-f2d5-4950-85a9-909e52f727ba,Penner Farms - SE 27-8-13 (site 2),b8a6c9fe-5838-42e7-9faa-adff01636559,Symo 24.0-3 480 (1),,,24.0,parsed_from_inverter_name,176.33,,
fronius,2025-08-20,d95b5e9d-f2d5-4950-85a9-909e52f727ba,Penner Farms - SE 27-8-13 (site 2),c3ec3bd8-8836-45bb-97b7-adff01636570,Symo 24.0-3 480 (3),,,24.0,parsed_from_inverter_name,176.61,,
fronius,2025-08-21,d95b5e9d-f2d5-4950-85a9-909e52f727ba,Penner Farms - SE 27-8-13 (site 2),a9f3ac23-6f93-447b-9037-adff01636562,Symo 24.0-3 480 (2),,,24.0,parsed_from_inverter_name,198.2,,
fronius,2025-08-21,d95b5e9d-f2d5-4950-85a9-909e52f727ba,Penner Farms - SE 27-8-13 (site 2),b8a6c9fe-5838-42e7-9faa-adff01636559,Symo 24.0-3 480 (1),,,24.0,parsed_from_inverter_name,197.43,,
fronius,2025-08-21,d95b5e9d-f2d5-4950-85a9-909e52f727ba,Penner Farms - SE 27-8-13 (site 2),c3ec3bd8-8836-45bb-97b7-adff01636570,Symo 24.0-3 480 (3),,,24.0,parsed_from_inverter_name,197.82,,
fronius,2025-08-22,d95b5e9d-f2d5-4950-85a9-909e52f727ba,Penner Farms - SE 27-8-13 (site 2),a9f3ac23-6f93-447b-9037-adff01636562,Symo 24.0-3 480 (2),,,24.0,parsed_from_inverter_name,193.89,,
fronius,2025-08-22,d95b5e9d-f2d5-4950-85a9-909e52f727ba,Penner Farms - SE 27-8-13 (site 2),b8a6c9fe-5838-42e7-9faa-adff01636559,Symo 24.0-3 480 (1),,,24.0,parsed_from_inverter_name,193.11,,
fronius,2025-08-22,d95b5e9d-f2d5-4950-85a9-909e52f727ba,Penner Farms - SE 27-8-13 (site 2),c3ec3bd8-8836-45bb-97b7-adff01636570,Symo 24.0-3 480 (3),,,24.0,parsed_from_inverter_name,193.31,,
fronius,2025-08-23,d95b5e9d-f2d5-4950-85a9-909e52f727ba,Penner Farms - SE 27-8-13 (site 2),a9f3ac23-6f93-447b-9037-adff01636562,Symo 24.0-3 480 (2),,,24.0,parsed_from_inverter_name,194.56,,
fronius,2025-08-23,d95b5e9d-f2d5-4950-85a9-909e52f727ba,Penner Farms - SE 27-8-13 (site 2),b8a6c9fe-5838-42e7-9faa-adff01636559,Symo 24.0-3 480 (1),,,24.0,parsed_from_inverter_name,193.82,,
fronius,2025-08-23,d95b5e9d-f2d5-4950-85a9-909e52f727ba,Penner Farms - SE 27-8-13 (site 2),c3ec3bd8-8836-45bb-97b7-adff01636570,Symo 24.0-3 480 (3),,,24.0,parsed_from_inverter_name,194.27,,
fronius,2025-08-24,d95b5e9d-f2d5-4950-85a9-909e52f727ba,Penner Farms - SE 27-8-13 (site 2),a9f3ac23-6f93-447b-9037-adff01636562,Symo 24.0-3 480 (2),,,24.0,parsed_from_inverter_name,193.13,,
fronius,2025-08-24,d95b5e9d-f2d5-4950-85a9-909e52f727ba,Penner Farms - SE 27-8-13 (site 2),b8a6c9fe-5838-42e7-9faa-adff01636559,Symo 24.0-3 480 (1),,,24.0,parsed_from_inverter_name,191.39,,
fronius,2025-08-24,d95b5e9d-f2d5-4950-85a9-909e52f727ba,Penner Farms - SE 27-8-13 (site 2),c3ec3bd8-8836-45bb-97b7-adff01636570,Symo 24.0-3 480 (3),,,24.0,parsed_from_inverter_name,192.09,,
fronius,2025-08-25,d95b5e9d-f2d5-4950-85a9-909e52f727ba,Penner Farms - SE 27-8-13 (site 2),a9f3ac23-6f93-447b-9037-adff01636562,Symo 24.0-3 480 (2),,,24.0,parsed_from_inverter_name,187.34,,
fronius,2025-08-25,d95b5e9d-f2d5-4950-85a9-909e52f727ba,Penner Farms - SE 27-8-13 (site 2),b8a6c9fe-5838-42e7-9faa-adff01636559,Symo 24.0-3 480 (1),,,24.0,parsed_from_inverter_name,186.58,,
fronius,2025-08-25,d95b5e9d-f2d5-4950-85a9-909e52f727ba,Penner Farms - SE 27-8-13 (site 2),c3ec3bd8-8836-45bb-97b7-adff01636570,Symo 24.0-3 480 (3),,,24.0,parsed_from_inverter_name,186.95,,
fronius,2025-08-26,d95b5e9d-f2d5-4950-85a9-909e52f727ba,Penner Farms - SE 27-8-13 (site 2),a9f3ac23-6f93-447b-9037-adff01636562,Symo 24.0-3 480 (2),,,24.0,parsed_from_inverter_name,185.68,,
fronius,2025-08-26,d95b5e9d-f2d5-4950-85a9-909e52f727ba,Penner Farms - SE 27-8-13 (site 2),b8a6c9fe-5838-42e7-9faa-adff01636559,Symo 24.0-3 480 (1),,,24.0,parsed_from_inverter_name,184.2,,
fronius,2025-08-26,d95b5e9d-f2d5-4950-85a9-909e52f727ba,Penner Farms - SE 27-8-13 (site 2),c3ec3bd8-8836-45bb-97b7-adff01636570,Symo 24.0-3 480 (3),,,24.0,parsed_from_inverter_name,184.9,,
fronius,2025-08-27,d95b5e9d-f2d5-4950-85a9-909e52f727ba,Penner Farms - SE 27-8-13 (site 2),a9f3ac23-6f93-447b-9037-adff01636562,Symo 24.0-3 480 (2),,,24.0,parsed_from_inverter_name,181.58,,
fronius,2025-08-27,d95b5e9d-f2d5-4950-85a9-909e52f727ba,Penner Farms - SE 27-8-13 (site 2),b8a6c9fe-5838-42e7-9faa-adff01636559,Symo 24.0-3 480 (1),,,24.0,parsed_from_inverter_name,180.16,,
fronius,2025-08-27,d95b5e9d-f2d5-4950-85a9-909e52f727ba,Penner Farms - SE 27-8-13 (site 2),c3ec3bd8-8836-45bb-97b7-adff01636570,Symo 24.0-3 480 (3),,,24.0,parsed_from_inverter_name,180.85,,
fronius,2025-08-28,d95b5e9d-f2d5-4950-85a9-909e52f727ba,Penner Farms - SE 27-8-13 (site 2),a9f3ac23-6f93-447b-9037-adff01636562,Symo 24.0-3 480 (2),,,24.0,parsed_from_inverter_name,61.46,,
fronius,2025-08-28,d95b5e9d-f2d5-4950-85a9-909e52f727ba,Penner Farms - SE 27-8-13 (site 2),b8a6c9fe-5838-42e7-9faa-adff01636559,Symo 24.0-3 480 (1),,,24.0,parsed_from_inverter_name,60.89,,
fronius,2025-08-28,d95b5e9d-f2d5-4950-85a9-909e52f727ba,Penner Farms - SE 27-8-13 (site 2),c3ec3bd8-8836-45bb-97b7-adff01636570,Symo 24.0-3 480 (3),,,24.0,parsed_from_inverter_name,61.66,,
fronius,2025-08-29,d95b5e9d-f2d5-4950-85a9-909e52f727ba,Penner Farms - SE 27-8-13 (site 2),a9f3ac23-6f93-447b-9037-adff01636562,Symo 24.0-3 480 (2),,,24.0,parsed_from_inverter_name,115.79,,
fronius,2025-08-29,d95b5e9d-f2d5-4950-85a9-909e52f727ba,Penner Farms - SE 27-8-13 (site 2),b8a6c9fe-5838-42e7-9faa-adff01636559,Symo 24.0-3 480 (1),,,24.0,parsed_from_inverter_name,114.25,,
fronius,2025-08-29,d95b5e9d-f2d5-4950-85a9-909e52f727ba,Penner Farms - SE 27-8-13 (site 2),c3ec3bd8-8836-45bb-97b7-adff01636570,Symo 24.0-3 480 (3),,,24.0,parsed_from_inverter_name,114.68,,
fronius,2025-08-30,d95b5e9d-f2d5-4950-85a9-909e52f727ba,Penner Farms - SE 27-8-13 (site 2),a9f3ac23-6f93-447b-9037-adff01636562,Symo 24.0-3 480 (2),,,24.0,parsed_from_inverter_name,185.0,,
fronius,2025-08-30,d95b5e9d-f2d5-4950-85a9-909e52f727ba,Penner Farms - SE 27-8-13 (site 2),b8a6c9fe-5838-42e7-9faa-adff01636559,Symo 24.0-3 480 (1),,,24.0,parsed_from_inverter_name,183.86,,
fronius,2025-08-30,d95b5e9d-f2d5-4950-85a9-909e52f727ba,Penner Farms - SE 27-8-13 (site 2),c3ec3bd8-8836-45bb-97b7-adff01636570,Symo 24.0-3 480 (3),,,24.0,parsed_from_inverter_name,184.53,,
fronius,2025-08-31,d95b5e9d-f2d5-4950-85a9-909e52f727ba,Penner Farms - SE 27-8-13 (site 2),a9f3ac23-6f93-447b-9037-adff01636562,Symo 24.0-3 480 (2),,,24.0,parsed_from_inverter_name,182.93,,
fronius,2025-08-31,d95b5e9d-f2d5-4950-85a9-909e52f727ba,Penner Farms - SE 27-8-13 (site 2),b8a6c9fe-5838-42e7-9faa-adff01636559,Symo 24.0-3 480 (1),,,24.0,parsed_from_inverter_name,182.32,,
fronius,2025-08-31,d95b5e9d-f2d5-4950-85a9-909e52f727ba,Penner Farms - SE 27-8-13 (site 2),c3ec3bd8-8836-45bb-97b7-adff01636570,Symo 24.0-3 480 (3),,,24.0,parsed_from_inverter_name,181.98,,
fronius,2025-09-01,d95b5e9d-f2d5-4950-85a9-909e52f727ba,Penner Farms - SE 27-8-13 (site 2),a9f3ac23-6f93-447b-9037-adff01636562,Symo 24.0-3 480 (2),,,24.0,parsed_from_inverter_name,172.47,,
fronius,2025-09-01,d95b5e9d-f2d5-4950-85a9-909e52f727ba,Penner Farms - SE 27-8-13 (site 2),b8a6c9fe-5838-42e7-9faa-adff01636559,Symo 24.0-3 480 (1),,,24.0,parsed_from_inverter_name,171.22,,
fronius,2025-09-01,d95b5e9d-f2d5-4950-85a9-909e52f727ba,Penner Farms - SE 27-8-13 (site 2),c3ec3bd8-8836-45bb-97b7-adff01636570,Symo 24.0-3 480 (3),,,24.0,parsed_from_inverter_name,171.47,,
fronius,2025-09-02,d95b5e9d-f2d5-4950-85a9-909e52f727ba,Penner Farms - SE 27-8-13 (site 2),a9f3ac23-6f93-447b-9037-adff01636562,Symo 24.0-3 480 (2),,,24.0,parsed_from_inverter_name,151.79,,
fronius,2025-09-02,d95b5e9d-f2d5-4950-85a9-909e52f727ba,Penner Farms - SE 27-8-13 (site 2),b8a6c9fe-5838-42e7-9faa-adff01636559,Symo 24.0-3 480 (1),,,24.0,parsed_from_inverter_name,150.25,,
fronius,2025-09-02,d95b5e9d-f2d5-4950-85a9-909e52f727ba,Penner Farms - SE 27-8-13 (site 2),c3ec3bd8-8836-45bb-97b7-adff01636570,Symo 24.0-3 480 (3),,,24.0,parsed_from_inverter_name,151.18,,
fronius,2025-09-03,d95b5e9d-f2d5-4950-85a9-909e52f727ba,Penner Farms - SE 27-8-13 (site 2),a9f3ac23-6f93-447b-9037-adff01636562,Symo 24.0-3 480 (2),,,24.0,parsed_from_inverter_name,92.42,,
fronius,2025-09-03,d95b5e9d-f2d5-4950-85a9-909e52f727ba,Penner Farms - SE 27-8-13 (site 2),b8a6c9fe-5838-42e7-9faa-adff01636559,Symo 24.0-3 480 (1),,,24.0,parsed_from_inverter_name,91.34,,
fronius,2025-09-03,d95b5e9d-f2d5-4950-85a9-909e52f727ba,Penner Farms - SE 27-8-13 (site 2),c3ec3bd8-8836-45bb-97b7-adff01636570,Symo 24.0-3 480 (3),,,24.0,parsed_from_inverter_name,92.41,,
fronius,2025-09-04,d95b5e9d-f2d5-4950-85a9-909e52f727ba,Penner Farms - SE 27-8-13 (site 2),a9f3ac23-6f93-447b-9037-adff01636562,Symo 24.0-3 480 (2),,,24.0,parsed_from_inverter_name,160.7,,
fronius,2025-09-04,d95b5e9d-f2d5-4950-85a9-909e52f727ba,Penner Farms - SE 27-8-13 (site 2),b8a6c9fe-5838-42e7-9faa-adff01636559,Symo 24.0-3 480 (1),,,24.0,parsed_from_inverter_name,159.72,,
fronius,2025-09-04,d95b5e9d-f2d5-4950-85a9-909e52f727ba,Penner Farms - SE 27-8-13 (site 2),c3ec3bd8-8836-45bb-97b7-adff01636570,Symo 24.0-3 480 (3),,,24.0,parsed_from_inverter_name,159.67,,
fronius,2025-09-05,d95b5e9d-f2d5-4950-85a9-909e52f727ba,Penner Farms - SE 27-8-13 (site 2),a9f3ac23-6f93-447b-9037-adff01636562,Symo 24.0-3 480 (2),,,24.0,parsed_from_inverter_name,188.55,,
fronius,2025-09-05,d95b5e9d-f2d5-4950-85a9-909e52f727ba,Penner Farms - SE 27-8-13 (site 2),b8a6c9fe-5838-42e7-9faa-adff01636559,Symo 24.0-3 480 (1),,,24.0,parsed_from_inverter_name,187.56,,
fronius,2025-09-05,d95b5e9d-f2d5-4950-85a9-909e52f727ba,Penner Farms - SE 27-8-13 (site 2),c3ec3bd8-8836-45bb-97b7-adff01636570,Symo 24.0-3 480 (3),,,24.0,parsed_from_inverter_name,185.88,,
fronius,2025-09-06,d95b5e9d-f2d5-4950-85a9-909e52f727ba,Penner Farms - SE 27-8-13 (site 2),a9f3ac23-6f93-447b-9037-adff01636562,Symo 24.0-3 480 (2),,,24.0,parsed_from_inverter_name,176.13,,
fronius,2025-09-06,d95b5e9d-f2d5-4950-85a9-909e52f727ba,Penner Farms - SE 27-8-13 (site 2),b8a6c9fe-5838-42e7-9faa-adff01636559,Symo 24.0-3 480 (1),,,24.0,parsed_from_inverter_name,174.6,,
fronius,2025-09-06,d95b5e9d-f2d5-4950-85a9-909e52f727ba,Penner Farms - SE 27-8-13 (site 2),c3ec3bd8-8836-45bb-97b7-adff01636570,Symo 24.0-3 480 (3),,,24.0,parsed_from_inverter_name,175.14,,
fronius,2025-09-07,d95b5e9d-f2d5-4950-85a9-909e52f727ba,Penner Farms - SE 27-8-13 (site 2),a9f3ac23-6f93-447b-9037-adff01636562,Symo 24.0-3 480 (2),,,24.0,parsed_from_inverter_name,130.85,,
fronius,2025-09-07,d95b5e9d-f2d5-4950-85a9-909e52f727ba,Penner Farms - SE 27-8-13 (site 2),b8a6c9fe-5838-42e7-9faa-adff01636559,Symo 24.0-3 480 (1),,,24.0,parsed_from_inverter_name,129.94,,
fronius,2025-09-07,d95b5e9d-f2d5-4950-85a9-909e52f727ba,Penner Farms - SE 27-8-13 (site 2),c3ec3bd8-8836-45bb-97b7-adff01636570,Symo 24.0-3 480 (3),,,24.0,parsed_from_inverter_name,129.84,,
fronius,2025-09-08,d95b5e9d-f2d5-4950-85a9-909e52f727ba,Penner Farms - SE 27-8-13 (site 2),a9f3ac23-6f93-447b-9037-adff01636562,Symo 24.0-3 480 (2),,,24.0,parsed_from_inverter_name,73.03,,
fronius,2025-09-08,d95b5e9d-f2d5-4950-85a9-909e52f727ba,Penner Farms - SE 27-8-13 (site 2),b8a6c9fe-5838-42e7-9faa-adff01636559,Symo 24.0-3 480 (1),,,24.0,parsed_from_inverter_name,72.1,,
fronius,2025-09-08,d95b5e9d-f2d5-4950-85a9-909e52f727ba,Penner Farms - SE 27-8-13 (site 2),c3ec3bd8-8836-45bb-97b7-adff01636570,Symo 24.0-3 480 (3),,,24.0,parsed_from_inverter_name,72.64,,
fronius,2025-09-09,d95b5e9d-f2d5-4950-85a9-909e52f727ba,Penner Farms - SE 27-8-13 (site 2),a9f3ac23-6f93-447b-9037-adff01636562,Symo 24.0-3 480 (2),,,24.0,parsed_from_inverter_name,166.92,,
fronius,2025-09-09,d95b5e9d-f2d5-4950-85a9-909e52f727ba,Penner Farms - SE 27-8-13 (site 2),b8a6c9fe-5838-42e7-9faa-adff01636559,Symo 24.0-3 480 (1),,,24.0,parsed_from_inverter_name,165.59,,
fronius,2025-09-09,d95b5e9d-f2d5-4950-85a9-909e52f727ba,Penner Farms - SE 27-8-13 (site 2),c3ec3bd8-8836-45bb-97b7-adff01636570,Symo 24.0-3 480 (3),,,24.0,parsed_from_inverter_name,165.77,,
fronius,2025-09-10,d95b5e9d-f2d5-4950-85a9-909e52f727ba,Penner Farms - SE 27-8-13 (site 2),a9f3ac23-6f93-447b-9037-adff01636562,Symo 24.0-3 480 (2),,,24.0,parsed_from_inverter_name,53.6,,
fronius,2025-09-10,d95b5e9d-f2d5-4950-85a9-909e52f727ba,Penner Farms - SE 27-8-13 (site 2),b8a6c9fe-5838-42e7-9faa-adff01636559,Symo 24.0-3 480 (1),,,24.0,parsed_from_inverter_name,52.79,,
fronius,2025-09-10,d95b5e9d-f2d5-4950-85a9-909e52f727ba,Penner Farms - SE 27-8-13 (site 2),c3ec3bd8-8836-45bb-97b7-adff01636570,Symo 24.0-3 480 (3),,,24.0,parsed_from_inverter_name,53.36,,
fronius,2025-09-11,d95b5e9d-f2d5-4950-85a9-909e52f727ba,Penner Farms - SE 27-8-13 (site 2),a9f3ac23-6f93-447b-9037-adff01636562,Symo 24.0-3 480 (2),,,24.0,parsed_from_inverter_name,167.96,,
fronius,2025-09-11,d95b5e9d-f2d5-4950-85a9-909e52f727ba,Penner Farms - SE 27-8-13 (site 2),b8a6c9fe-5838-42e7-9faa-adff01636559,Symo 24.0-3 480 (1),,,24.0,parsed_from_inverter_name,166.75,,
fronius,2025-09-11,d95b5e9d-f2d5-4950-85a9-909e52f727ba,Penner Farms - SE 27-8-13 (site 2),c3ec3bd8-8836-45bb-97b7-adff01636570,Symo 24.0-3 480 (3),,,24.0,parsed_from_inverter_name,166.47,,
fronius,2025-09-12,d95b5e9d-f2d5-4950-85a9-909e52f727ba,Penner Farms - SE 27-8-13 (site 2),a9f3ac23-6f93-447b-9037-adff01636562,Symo 24.0-3 480 (2),,,24.0,parsed_from_inverter_name,142.62,,
fronius,2025-09-12,d95b5e9d-f2d5-4950-85a9-909e52f727ba,Penner Farms - SE 27-8-13 (site 2),b8a6c9fe-5838-42e7-9faa-adff01636559,Symo 24.0-3 480 (1),,,24.0,parsed_from_inverter_name,140.69,,
fronius,2025-09-12,d95b5e9d-f2d5-4950-85a9-909e52f727ba,Penner Farms - SE 27-8-13 (site 2),c3ec3bd8-8836-45bb-97b7-adff01636570,Symo 24.0-3 480 (3),,,24.0,parsed_from_inverter_name,142.01,,
fronius,2025-09-13,d95b5e9d-f2d5-4950-85a9-909e52f727ba,Penner Farms - SE 27-8-13 (site 2),a9f3ac23-6f93-447b-9037-adff01636562,Symo 24.0-3 480 (2),,,24.0,parsed_from_inverter_name,172.49,,
fronius,2025-09-13,d95b5e9d-f2d5-4950-85a9-909e52f727ba,Penner Farms - SE 27-8-13 (site 2),b8a6c9fe-5838-42e7-9faa-adff01636559,Symo 24.0-3 480 (1),,,24.0,parsed_from_inverter_name,171.34,,
fronius,2025-09-13,d95b5e9d-f2d5-4950-85a9-909e52f727ba,Penner Farms - SE 27-8-13 (site 2),c3ec3bd8-8836-45bb-97b7-adff01636570,Symo 24.0-3 480 (3),,,24.0,parsed_from_inverter_name,170.66,,
fronius,2025-09-14,d95b5e9d-f2d5-4950-85a9-909e52f727ba,Penner Farms - SE 27-8-13 (site 2),a9f3ac23-6f93-447b-9037-adff01636562,Symo 24.0-3 480 (2),,,24.0,parsed_from_inverter_name,149.16,,
fronius,2025-09-14,d95b5e9d-f2d5-4950-85a9-909e52f727ba,Penner Farms - SE 27-8-13 (site 2),b8a6c9fe-5838-42e7-9faa-adff01636559,Symo 24.0-3 480 (1),,,24.0,parsed_from_inverter_name,147.83,,
fronius,2025-09-14,d95b5e9d-f2d5-4950-85a9-909e52f727ba,Penner Farms - SE 27-8-13 (site 2),c3ec3bd8-8836-45bb-97b7-adff01636570,Symo 24.0-3 480 (3),,,24.0,parsed_from_inverter_name,147.75,,
fronius,2025-09-15,d95b5e9d-f2d5-4950-85a9-909e52f727ba,Penner Farms - SE 27-8-13 (site 2),a9f3ac23-6f93-447b-9037-adff01636562,Symo 24.0-3 480 (2),,,24.0,parsed_from_inverter_name,124.06,,
fronius,2025-09-15,d95b5e9d-f2d5-4950-85a9-909e52f727ba,Penner Farms - SE 27-8-13 (site 2),b8a6c9fe-5838-42e7-9faa-adff01636559,Symo 24.0-3 480 (1),,,24.0,parsed_from_inverter_name,123.14,,
fronius,2025-09-15,d95b5e9d-f2d5-4950-85a9-909e52f727ba,Penner Farms - SE 27-8-13 (site 2),c3ec3bd8-8836-45bb-97b7-adff01636570,Symo 24.0-3 480 (3),,,24.0,parsed_from_inverter_name,122.95,,
fronius,2025-09-16,d95b5e9d-f2d5-4950-85a9-909e52f727ba,Penner Farms - SE 27-8-13 (site 2),a9f3ac23-6f93-447b-9037-adff01636562,Symo 24.0-3 480 (2),,,24.0,parsed_from_inverter_name,177.95,,
fronius,2025-09-16,d95b5e9d-f2d5-4950-85a9-909e52f727ba,Penner Farms - SE 27-8-13 (site 2),b8a6c9fe-5838-42e7-9faa-adff01636559,Symo 24.0-3 480 (1),,,24.0,parsed_from_inverter_name,176.89,,
fronius,2025-09-16,d95b5e9d-f2d5-4950-85a9-909e52f727ba,Penner Farms - SE 27-8-13 (site 2),c3ec3bd8-8836-45bb-97b7-adff01636570,Symo 24.0-3 480 (3),,,24.0,parsed_from_inverter_name,176.31,,
fronius,2025-09-17,d95b5e9d-f2d5-4950-85a9-909e52f727ba,Penner Farms - SE 27-8-13 (site 2),a9f3ac23-6f93-447b-9037-adff01636562,Symo 24.0-3 480 (2),,,24.0,parsed_from_inverter_name,179.14,,
fronius,2025-09-17,d95b5e9d-f2d5-4950-85a9-909e52f727ba,Penner Farms - SE 27-8-13 (site 2),b8a6c9fe-5838-42e7-9faa-adff01636559,Symo 24.0-3 480 (1),,,24.0,parsed_from_inverter_name,177.52,,
fronius,2025-09-17,d95b5e9d-f2d5-4950-85a9-909e52f727ba,Penner Farms - SE 27-8-13 (site 2),c3ec3bd8-8836-45bb-97b7-adff01636570,Symo 24.0-3 480 (3),,,24.0,parsed_from_inverter_name,177.74,,
fronius,2025-09-18,d95b5e9d-f2d5-4950-85a9-909e52f727ba,Penner Farms - SE 27-8-13 (site 2),a9f3ac23-6f93-447b-9037-adff01636562,Symo 24.0-3 480 (2),,,24.0,parsed_from_inverter_name,176.36,,
fronius,2025-09-18,d95b5e9d-f2d5-4950-85a9-909e52f727ba,Penner Farms - SE 27-8-13 (site 2),b8a6c9fe-5838-42e7-9faa-adff01636559,Symo 24.0-3 480 (1),,,24.0,parsed_from_inverter_name,174.56,,
fronius,2025-09-18,d95b5e9d-f2d5-4950-85a9-909e52f727ba,Penner Farms - SE 27-8-13 (site 2),c3ec3bd8-8836-45bb-97b7-adff01636570,Symo 24.0-3 480 (3),,,24.0,parsed_from_inverter_name,171.23,,
fronius,2025-09-19,d95b5e9d-f2d5-4950-85a9-909e52f727ba,Penner Farms - SE 27-8-13 (site 2),a9f3ac23-6f93-447b-9037-adff01636562,Symo 24.0-3 480 (2),,,24.0,parsed_from_inverter_name,165.04,,
fronius,2025-09-19,d95b5e9d-f2d5-4950-85a9-909e52f727ba,Penner Farms - SE 27-8-13 (site 2),b8a6c9fe-5838-42e7-9faa-adff01636559,Symo 24.0-3 480 (1),,,24.0,parsed_from_inverter_name,163.78,,
fronius,2025-09-19,d95b5e9d-f2d5-4950-85a9-909e52f727ba,Penner Farms - SE 27-8-13 (site 2),c3ec3bd8-8836-45bb-97b7-adff01636570,Symo 24.0-3 480 (3),,,24.0,parsed_from_inverter_name,163.18,,
fronius,2025-09-20,d95b5e9d-f2d5-4950-85a9-909e52f727ba,Penner Farms - SE 27-8-13 (site 2),a9f3ac23-6f93-447b-9037-adff01636562,Symo 24.0-3 480 (2),,,24.0,parsed_from_inverter_name,173.88,,
fronius,2025-09-20,d95b5e9d-f2d5-4950-85a9-909e52f727ba,Penner Farms - SE 27-8-13 (site 2),b8a6c9fe-5838-42e7-9faa-adff01636559,Symo 24.0-3 480 (1),,,24.0,parsed_from_inverter_name,172.93,,
fronius,2025-09-20,d95b5e9d-f2d5-4950-85a9-909e52f727ba,Penner Farms - SE 27-8-13 (site 2),c3ec3bd8-8836-45bb-97b7-adff01636570,Symo 24.0-3 480 (3),,,24.0,parsed_from_inverter_name,171.68,,
fronius,2025-09-21,d95b5e9d-f2d5-4950-85a9-909e52f727ba,Penner Farms - SE 27-8-13 (site 2),a9f3ac23-6f93-447b-9037-adff01636562,Symo 24.0-3 480 (2),,,24.0,parsed_from_inverter_name,150.76,,
fronius,2025-09-21,d95b5e9d-f2d5-4950-85a9-909e52f727ba,Penner Farms - SE 27-8-13 (site 2),b8a6c9fe-5838-42e7-9faa-adff01636559,Symo 24.0-3 480 (1),,,24.0,parsed_from_inverter_name,150.19,,
fronius,2025-09-21,d95b5e9d-f2d5-4950-85a9-909e52f727ba,Penner Farms - SE 27-8-13 (site 2),c3ec3bd8-8836-45bb-97b7-adff01636570,Symo 24.0-3 480 (3),,,24.0,parsed_from_inverter_name,149.03,,
fronius,2025-09-22,d95b5e9d-f2d5-4950-85a9-909e52f727ba,Penner Farms - SE 27-8-13 (site 2),a9f3ac23-6f93-447b-9037-adff01636562,Symo 24.0-3 480 (2),,,24.0,parsed_from_inverter_name,177.93,,
fronius,2025-09-22,d95b5e9d-f2d5-4950-85a9-909e52f727ba,Penner Farms - SE 27-8-13 (site 2),b8a6c9fe-5838-42e7-9faa-adff01636559,Symo 24.0-3 480 (1),,,24.0,parsed_from_inverter_name,177.2,,
fronius,2025-09-22,d95b5e9d-f2d5-4950-85a9-909e52f727ba,Penner Farms - SE 27-8-13 (site 2),c3ec3bd8-8836-45bb-97b7-adff01636570,Symo 24.0-3 480 (3),,,24.0,parsed_from_inverter_name,176.08,,
fronius,2025-09-23,d95b5e9d-f2d5-4950-85a9-909e52f727ba,Penner Farms - SE 27-8-13 (site 2),a9f3ac23-6f93-447b-9037-adff01636562,Symo 24.0-3 480 (2),,,24.0,parsed_from_inverter_name,174.81,,
fronius,2025-09-23,d95b5e9d-f2d5-4950-85a9-909e52f727ba,Penner Farms - SE 27-8-13 (site 2),b8a6c9fe-5838-42e7-9faa-adff01636559,Symo 24.0-3 480 (1),,,24.0,parsed_from_inverter_name,173.24,,
fronius,2025-09-23,d95b5e9d-f2d5-4950-85a9-909e52f727ba,Penner Farms - SE 27-8-13 (site 2),c3ec3bd8-8836-45bb-97b7-adff01636570,Symo 24.0-3 480 (3),,,24.0,parsed_from_inverter_name,172.5,,
fronius,2025-09-24,d95b5e9d-f2d5-4950-85a9-909e52f727ba,Penner Farms - SE 27-8-13 (site 2),a9f3ac23-6f93-447b-9037-adff01636562,Symo 24.0-3 480 (2),,,24.0,parsed_from_inverter_name,178.9,,
fronius,2025-09-24,d95b5e9d-f2d5-4950-85a9-909e52f727ba,Penner Farms - SE 27-8-13 (site 2),b8a6c9fe-5838-42e7-9faa-adff01636559,Symo 24.0-3 480 (1),,,24.0,parsed_from_inverter_name,178.22,,
fronius,2025-09-24,d95b5e9d-f2d5-4950-85a9-909e52f727ba,Penner Farms - SE 27-8-13 (site 2),c3ec3bd8-8836-45bb-97b7-adff01636570,Symo 24.0-3 480 (3),,,24.0,parsed_from_inverter_name,177.31,,
fronius,2025-09-25,d95b5e9d-f2d5-4950-85a9-909e52f727ba,Penner Farms - SE 27-8-13 (site 2),a9f3ac23-6f93-447b-9037-adff01636562,Symo 24.0-3 480 (2),,,24.0,parsed_from_inverter_name,175.03,,
fronius,2025-09-25,d95b5e9d-f2d5-4950-85a9-909e52f727ba,Penner Farms - SE 27-8-13 (site 2),b8a6c9fe-5838-42e7-9faa-adff01636559,Symo 24.0-3 480 (1),,,24.0,parsed_from_inverter_name,173.43,,
fronius,2025-09-25,d95b5e9d-f2d5-4950-85a9-909e52f727ba,Penner Farms - SE 27-8-13 (site 2),c3ec3bd8-8836-45bb-97b7-adff01636570,Symo 24.0-3 480 (3),,,24.0,parsed_from_inverter_name,173.05,,
fronius,2025-09-26,d95b5e9d-f2d5-4950-85a9-909e52f727ba,Penner Farms - SE 27-8-13 (site 2),a9f3ac23-6f93-447b-9037-adff01636562,Symo 24.0-3 480 (2),,,24.0,parsed_from_inverter_name,170.68,,
fronius,2025-09-26,d95b5e9d-f2d5-4950-85a9-909e52f727ba,Penner Farms - SE 27-8-13 (site 2),b8a6c9fe-5838-42e7-9faa-adff01636559,Symo 24.0-3 480 (1),,,24.0,parsed_from_inverter_name,169.82,,
fronius,2025-09-26,d95b5e9d-f2d5-4950-85a9-909e52f727ba,Penner Farms - SE 27-8-13 (site 2),c3ec3bd8-8836-45bb-97b7-adff01636570,Symo 24.0-3 480 (3),,,24.0,parsed_from_inverter_name,168.29,,
fronius,2025-09-27,d95b5e9d-f2d5-4950-85a9-909e52f727ba,Penner Farms - SE 27-8-13 (site 2),a9f3ac23-6f93-447b-9037-adff01636562,Symo 24.0-3 480 (2),,,24.0,parsed_from_inverter_name,66.1,,
fronius,2025-09-27,d95b5e9d-f2d5-4950-85a9-909e52f727ba,Penner Farms - SE 27-8-13 (site 2),b8a6c9fe-5838-42e7-9faa-adff01636559,Symo 24.0-3 480 (1),,,24.0,parsed_from_inverter_name,65.33,,
fronius,2025-09-27,d95b5e9d-f2d5-4950-85a9-909e52f727ba,Penner Farms - SE 27-8-13 (site 2),c3ec3bd8-8836-45bb-97b7-adff01636570,Symo 24.0-3 480 (3),,,24.0,parsed_from_inverter_name,65.25,,
fronius,2025-09-28,d95b5e9d-f2d5-4950-85a9-909e52f727ba,Penner Farms - SE 27-8-13 (site 2),a9f3ac23-6f93-447b-9037-adff01636562,Symo 24.0-3 480 (2),,,24.0,parsed_from_inverter_name,141.59,,
fronius,2025-09-28,d95b5e9d-f2d5-4950-85a9-909e52f727ba,Penner Farms - SE 27-8-13 (site 2),b8a6c9fe-5838-42e7-9faa-adff01636559,Symo 24.0-3 480 (1),,,24.0,parsed_from_inverter_name,140.42,,
fronius,2025-09-28,d95b5e9d-f2d5-4950-85a9-909e52f727ba,Penner Farms - SE 27-8-13 (site 2),c3ec3bd8-8836-45bb-97b7-adff01636570,Symo 24.0-3 480 (3),,,24.0,parsed_from_inverter_name,140.02,,
fronius,2025-09-29,d95b5e9d-f2d5-4950-85a9-909e52f727ba,Penner Farms - SE 27-8-13 (site 2),a9f3ac23-6f93-447b-9037-adff01636562,Symo 24.0-3 480 (2),,,24.0,parsed_from_inverter_name,160.31,,
fronius,2025-09-29,d95b5e9d-f2d5-4950-85a9-909e52f727ba,Penner Farms - SE 27-8-13 (site 2),b8a6c9fe-5838-42e7-9faa-adff01636559,Symo 24.0-3 480 (1),,,24.0,parsed_from_inverter_name,158.14,,
fronius,2025-09-29,d95b5e9d-f2d5-4950-85a9-909e52f727ba,Penner Farms - SE 27-8-13 (site 2),c3ec3bd8-8836-45bb-97b7-adff01636570,Symo 24.0-3 480 (3),,,24.0,parsed_from_inverter_name,158.44,,
fronius,2025-09-30,d95b5e9d-f2d5-4950-85a9-909e52f727ba,Penner Farms - SE 27-8-13 (site 2),a9f3ac23-6f93-447b-9037-adff01636562,Symo 24.0-3 480 (2),,,24.0,parsed_from_inverter_name,85.66,,
fronius,2025-09-30,d95b5e9d-f2d5-4950-85a9-909e52f727ba,Penner Farms - SE 27-8-13 (site 2),b8a6c9fe-5838-42e7-9faa-adff01636559,Symo 24.0-3 480 (1),,,24.0,parsed_from_inverter_name,84.65,,
fronius,2025-09-30,d95b5e9d-f2d5-4950-85a9-909e52f727ba,Penner Farms - SE 27-8-13 (site 2),c3ec3bd8-8836-45bb-97b7-adff01636570,Symo 24.0-3 480 (3),,,24.0,parsed_from_inverter_name,84.78,,
fronius,2025-10-01,d95b5e9d-f2d5-4950-85a9-909e52f727ba,Penner Farms - SE 27-8-13 (site 2),a9f3ac23-6f93-447b-9037-adff01636562,Symo 24.0-3 480 (2),,,24.0,parsed_from_inverter_name,116.59,,
fronius,2025-10-01,d95b5e9d-f2d5-4950-85a9-909e52f727ba,Penner Farms - SE 27-8-13 (site 2),b8a6c9fe-5838-42e7-9faa-adff01636559,Symo 24.0-3 480 (1),,,24.0,parsed_from_inverter_name,115.87,,
fronius,2025-10-01,d95b5e9d-f2d5-4950-85a9-909e52f727ba,Penner Farms - SE 27-8-13 (site 2),c3ec3bd8-8836-45bb-97b7-adff01636570,Symo 24.0-3 480 (3),,,24.0,parsed_from_inverter_name,115.53,,
fronius,2025-10-02,d95b5e9d-f2d5-4950-85a9-909e52f727ba,Penner Farms - SE 27-8-13 (site 2),a9f3ac23-6f93-447b-9037-adff01636562,Symo 24.0-3 480 (2),,,24.0,parsed_from_inverter_name,101.32,,
fronius,2025-10-02,d95b5e9d-f2d5-4950-85a9-909e52f727ba,Penner Farms - SE 27-8-13 (site 2),b8a6c9fe-5838-42e7-9faa-adff01636559,Symo 24.0-3 480 (1),,,24.0,parsed_from_inverter_name,100.53,,
fronius,2025-10-02,d95b5e9d-f2d5-4950-85a9-909e52f727ba,Penner Farms - SE 27-8-13 (site 2),c3ec3bd8-8836-45bb-97b7-adff01636570,Symo 24.0-3 480 (3),,,24.0,parsed_from_inverter_name,100.24,,
fronius,2025-10-03,d95b5e9d-f2d5-4950-85a9-909e52f727ba,Penner Farms - SE 27-8-13 (site 2),a9f3ac23-6f93-447b-9037-adff01636562,Symo 24.0-3 480 (2),,,24.0,parsed_from_inverter_name,112.79,,
fronius,2025-10-03,d95b5e9d-f2d5-4950-85a9-909e52f727ba,Penner Farms - SE 27-8-13 (site 2),b8a6c9fe-5838-42e7-9faa-adff01636559,Symo 24.0-3 480 (1),,,24.0,parsed_from_inverter_name,112.23,,
fronius,2025-10-03,d95b5e9d-f2d5-4950-85a9-909e52f727ba,Penner Farms - SE 27-8-13 (site 2),c3ec3bd8-8836-45bb-97b7-adff01636570,Symo 24.0-3 480 (3),,,24.0,parsed_from_inverter_name,110.99,,
fronius,2025-10-04,d95b5e9d-f2d5-4950-85a9-909e52f727ba,Penner Farms - SE 27-8-13 (site 2),a9f3ac23-6f93-447b-9037-adff01636562,Symo 24.0-3 480 (2),,,24.0,parsed_from_inverter_name,18.16,,
fronius,2025-10-04,d95b5e9d-f2d5-4950-85a9-909e52f727ba,Penner Farms - SE 27-8-13 (site 2),b8a6c9fe-5838-42e7-9faa-adff01636559,Symo 24.0-3 480 (1),,,24.0,parsed_from_inverter_name,17.9,,
fronius,2025-10-04,d95b5e9d-f2d5-4950-85a9-909e52f727ba,Penner Farms - SE 27-8-13 (site 2),c3ec3bd8-8836-45bb-97b7-adff01636570,Symo 24.0-3 480 (3),,,24.0,parsed_from_inverter_name,18.2,,
fronius,2025-10-05,d95b5e9d-f2d5-4950-85a9-909e52f727ba,Penner Farms - SE 27-8-13 (site 2),a9f3ac23-6f93-447b-9037-adff01636562,Symo 24.0-3 480 (2),,,24.0,parsed_from_inverter_name,152.21,,
fronius,2025-10-05,d95b5e9d-f2d5-4950-85a9-909e52f727ba,Penner Farms - SE 27-8-13 (site 2),b8a6c9fe-5838-42e7-9faa-adff01636559,Symo 24.0-3 480 (1),,,24.0,parsed_from_inverter_name,151.37,,
fronius,2025-10-05,d95b5e9d-f2d5-4950-85a9-909e52f727ba,Penner Farms - SE 27-8-13 (site 2),c3ec3bd8-8836-45bb-97b7-adff01636570,Symo 24.0-3 480 (3),,,24.0,parsed_from_inverter_name,150.58,,
fronius,2025-10-06,d95b5e9d-f2d5-4950-85a9-909e52f727ba,Penner Farms - SE 27-8-13 (site 2),a9f3ac23-6f93-447b-9037-adff01636562,Symo 24.0-3 480 (2),,,24.0,parsed_from_inverter_name,164.45,,
fronius,2025-10-06,d95b5e9d-f2d5-4950-85a9-909e52f727ba,Penner Farms - SE 27-8-13 (site 2),b8a6c9fe-5838-42e7-9faa-adff01636559,Symo 24.0-3 480 (1),,,24.0,parsed_from_inverter_name,163.5,,
fronius,2025-10-06,d95b5e9d-f2d5-4950-85a9-909e52f727ba,Penner Farms - SE 27-8-13 (site 2),c3ec3bd8-8836-45bb-97b7-adff01636570,Symo 24.0-3 480 (3),,,24.0,parsed_from_inverter_name,162.72,,
fronius,2025-10-07,d95b5e9d-f2d5-4950-85a9-909e52f727ba,Penner Farms - SE 27-8-13 (site 2),a9f3ac23-6f93-447b-9037-adff01636562,Symo 24.0-3 480 (2),,,24.0,parsed_from_inverter_name,171.6,,
fronius,2025-10-07,d95b5e9d-f2d5-4950-85a9-909e52f727ba,Penner Farms - SE 27-8-13 (site 2),b8a6c9fe-5838-42e7-9faa-adff01636559,Symo 24.0-3 480 (1),,,24.0,parsed_from_inverter_name,170.05,,
fronius,2025-10-07,d95b5e9d-f2d5-4950-85a9-909e52f727ba,Penner Farms - SE 27-8-13 (site 2),c3ec3bd8-8836-45bb-97b7-adff01636570,Symo 24.0-3 480 (3),,,24.0,parsed_from_inverter_name,169.21,,
fronius,2025-10-08,d95b5e9d-f2d5-4950-85a9-909e52f727ba,Penner Farms - SE 27-8-13 (site 2),a9f3ac23-6f93-447b-9037-adff01636562,Symo 24.0-3 480 (2),,,24.0,parsed_from_inverter_name,171.45,,
fronius,2025-10-08,d95b5e9d-f2d5-4950-85a9-909e52f727ba,Penner Farms - SE 27-8-13 (site 2),b8a6c9fe-5838-42e7-9faa-adff01636559,Symo 24.0-3 480 (1),,,24.0,parsed_from_inverter_name,170.43,,
fronius,2025-10-08,d95b5e9d-f2d5-4950-85a9-909e52f727ba,Penner Farms - SE 27-8-13 (site 2),c3ec3bd8-8836-45bb-97b7-adff01636570,Symo 24.0-3 480 (3),,,24.0,parsed_from_inverter_name,169.53,,
fronius,2025-10-09,d95b5e9d-f2d5-4950-85a9-909e52f727ba,Penner Farms - SE 27-8-13 (site 2),a9f3ac23-6f93-447b-9037-adff01636562,Symo 24.0-3 480 (2),,,24.0,parsed_from_inverter_name,159.0,,
fronius,2025-10-09,d95b5e9d-f2d5-4950-85a9-909e52f727ba,Penner Farms - SE 27-8-13 (site 2),b8a6c9fe-5838-42e7-9faa-adff01636559,Symo 24.0-3 480 (1),,,24.0,parsed_from_inverter_name,157.47,,
fronius,2025-10-09,d95b5e9d-f2d5-4950-85a9-909e52f727ba,Penner Farms - SE 27-8-13 (site 2),c3ec3bd8-8836-45bb-97b7-adff01636570,Symo 24.0-3 480 (3),,,24.0,parsed_from_inverter_name,156.91,,
fronius,2025-10-10,d95b5e9d-f2d5-4950-85a9-909e52f727ba,Penner Farms - SE 27-8-13 (site 2),a9f3ac23-6f93-447b-9037-adff01636562,Symo 24.0-3 480 (2),,,24.0,parsed_from_inverter_name,163.41,,
fronius,2025-10-10,d95b5e9d-f2d5-4950-85a9-909e52f727ba,Penner Farms - SE 27-8-13 (site 2),b8a6c9fe-5838-42e7-9faa-adff01636559,Symo 24.0-3 480 (1),,,24.0,parsed_from_inverter_name,161.17,,
fronius,2025-10-10,d95b5e9d-f2d5-4950-85a9-909e52f727ba,Penner Farms - SE 27-8-13 (site 2),c3ec3bd8-8836-45bb-97b7-adff01636570,Symo 24.0-3 480 (3),,,24.0,parsed_from_inverter_name,161.11,,
fronius,2025-10-11,d95b5e9d-f2d5-4950-85a9-909e52f727ba,Penner Farms - SE 27-8-13 (site 2),a9f3ac23-6f93-447b-9037-adff01636562,Symo 24.0-3 480 (2),,,24.0,parsed_from_inverter_name,135.98,,
fronius,2025-10-11,d95b5e9d-f2d5-4950-85a9-909e52f727ba,Penner Farms - SE 27-8-13 (site 2),b8a6c9fe-5838-42e7-9faa-adff01636559,Symo 24.0-3 480 (1),,,24.0,parsed_from_inverter_name,134.88,,
fronius,2025-10-11,d95b5e9d-f2d5-4950-85a9-909e52f727ba,Penner Farms - SE 27-8-13 (site 2),c3ec3bd8-8836-45bb-97b7-adff01636570,Symo 24.0-3 480 (3),,,24.0,parsed_from_inverter_name,131.42,,
fronius,2025-10-12,d95b5e9d-f2d5-4950-85a9-909e52f727ba,Penner Farms - SE 27-8-13 (site 2),a9f3ac23-6f93-447b-9037-adff01636562,Symo 24.0-3 480 (2),,,24.0,parsed_from_inverter_name,21.0,,
fronius,2025-10-12,d95b5e9d-f2d5-4950-85a9-909e52f727ba,Penner Farms - SE 27-8-13 (site 2),b8a6c9fe-5838-42e7-9faa-adff01636559,Symo 24.0-3 480 (1),,,24.0,parsed_from_inverter_name,20.6,,
fronius,2025-10-12,d95b5e9d-f2d5-4950-85a9-909e52f727ba,Penner Farms - SE 27-8-13 (site 2),c3ec3bd8-8836-45bb-97b7-adff01636570,Symo 24.0-3 480 (3),,,24.0,parsed_from_inverter_name,20.95,,
fronius,2025-10-13,d95b5e9d-f2d5-4950-85a9-909e52f727ba,Penner Farms - SE 27-8-13 (site 2),a9f3ac23-6f93-447b-9037-adff01636562,Symo 24.0-3 480 (2),,,24.0,parsed_from_inverter_name,92.28,,
fronius,2025-10-13,d95b5e9d-f2d5-4950-85a9-909e52f727ba,Penner Farms - SE 27-8-13 (site 2),b8a6c9fe-5838-42e7-9faa-adff01636559,Symo 24.0-3 480 (1),,,24.0,parsed_from_inverter_name,90.86,,
fronius,2025-10-13,d95b5e9d-f2d5-4950-85a9-909e52f727ba,Penner Farms - SE 27-8-13 (site 2),c3ec3bd8-8836-45bb-97b7-adff01636570,Symo 24.0-3 480 (3),,,24.0,parsed_from_inverter_name,91.18,,
fronius,2025-10-14,d95b5e9d-f2d5-4950-85a9-909e52f727ba,Penner Farms - SE 27-8-13 (site 2),a9f3ac23-6f93-447b-9037-adff01636562,Symo 24.0-3 480 (2),,,24.0,parsed_from_inverter_name,31.5,,
fronius,2025-10-14,d95b5e9d-f2d5-4950-85a9-909e52f727ba,Penner Farms - SE 27-8-13 (site 2),b8a6c9fe-5838-42e7-9faa-adff01636559,Symo 24.0-3 480 (1),,,24.0,parsed_from_inverter_name,30.89,,
fronius,2025-10-14,d95b5e9d-f2d5-4950-85a9-909e52f727ba,Penner Farms - SE 27-8-13 (site 2),c3ec3bd8-8836-45bb-97b7-adff01636570,Symo 24.0-3 480 (3),,,24.0,parsed_from_inverter_name,31.51,,
fronius,2025-10-15,d95b5e9d-f2d5-4950-85a9-909e52f727ba,Penner Farms - SE 27-8-13 (site 2),a9f3ac23-6f93-447b-9037-adff01636562,Symo 24.0-3 480 (2),,,24.0,parsed_from_inverter_name,138.41,,
fronius,2025-10-15,d95b5e9d-f2d5-4950-85a9-909e52f727ba,Penner Farms - SE 27-8-13 (site 2),b8a6c9fe-5838-42e7-9faa-adff01636559,Symo 24.0-3 480 (1),,,24.0,parsed_from_inverter_name,135.54,,
fronius,2025-10-15,d95b5e9d-f2d5-4950-85a9-909e52f727ba,Penner Farms - SE 27-8-13 (site 2),c3ec3bd8-8836-45bb-97b7-adff01636570,Symo 24.0-3 480 (3),,,24.0,parsed_from_inverter_name,135.88,,
fronius,2025-10-16,d95b5e9d-f2d5-4950-85a9-909e52f727ba,Penner Farms - SE 27-8-13 (site 2),a9f3ac23-6f93-447b-9037-adff01636562,Symo 24.0-3 480 (2),,,24.0,parsed_from_inverter_name,165.34,,
fronius,2025-10-16,d95b5e9d-f2d5-4950-85a9-909e52f727ba,Penner Farms - SE 27-8-13 (site 2),b8a6c9fe-5838-42e7-9faa-adff01636559,Symo 24.0-3 480 (1),,,24.0,parsed_from_inverter_name,162.79,,
fronius,2025-10-16,d95b5e9d-f2d5-4950-85a9-909e52f727ba,Penner Farms - SE 27-8-13 (site 2),c3ec3bd8-8836-45bb-97b7-adff01636570,Symo 24.0-3 480 (3),,,24.0,parsed_from_inverter_name,161.83,,
fronius,2025-10-17,d95b5e9d-f2d5-4950-85a9-909e52f727ba,Penner Farms - SE 27-8-13 (site 2),a9f3ac23-6f93-447b-9037-adff01636562,Symo 24.0-3 480 (2),,,24.0,parsed_from_inverter_name,34.16,,
fronius,2025-10-17,d95b5e9d-f2d5-4950-85a9-909e52f727ba,Penner Farms - SE 27-8-13 (site 2),b8a6c9fe-5838-42e7-9faa-adff01636559,Symo 24.0-3 480 (1),,,24.0,parsed_from_inverter_name,33.12,,
fronius,2025-10-17,d95b5e9d-f2d5-4950-85a9-909e52f727ba,Penner Farms - SE 27-8-13 (site 2),c3ec3bd8-8836-45bb-97b7-adff01636570,Symo 24.0-3 480 (3),,,24.0,parsed_from_inverter_name,33.7,,
fronius,2025-10-18,d95b5e9d-f2d5-4950-85a9-909e52f727ba,Penner Farms - SE 27-8-13 (site 2),a9f3ac23-6f93-447b-9037-adff01636562,Symo 24.0-3 480 (2),,,24.0,parsed_from_inverter_name,149.78,,
fronius,2025-10-18,d95b5e9d-f2d5-4950-85a9-909e52f727ba,Penner Farms - SE 27-8-13 (site 2),b8a6c9fe-5838-42e7-9faa-adff01636559,Symo 24.0-3 480 (1),,,24.0,parsed_from_inverter_name,148.4,,
fronius,2025-10-18,d95b5e9d-f2d5-4950-85a9-909e52f727ba,Penner Farms - SE 27-8-13 (site 2),c3ec3bd8-8836-45bb-97b7-adff01636570,Symo 24.0-3 480 (3),,,24.0,parsed_from_inverter_name,147.83,,
fronius,2025-10-19,d95b5e9d-f2d5-4950-85a9-909e52f727ba,Penner Farms - SE 27-8-13 (site 2),a9f3ac23-6f93-447b-9037-adff01636562,Symo 24.0-3 480 (2),,,24.0,parsed_from_inverter_name,78.83,,
fronius,2025-10-19,d95b5e9d-f2d5-4950-85a9-909e52f727ba,Penner Farms - SE 27-8-13 (site 2),b8a6c9fe-5838-42e7-9faa-adff01636559,Symo 24.0-3 480 (1),,,24.0,parsed_from_inverter_name,77.92,,
fronius,2025-10-19,d95b5e9d-f2d5-4950-85a9-909e52f727ba,Penner Farms - SE 27-8-13 (site 2),c3ec3bd8-8836-45bb-97b7-adff01636570,Symo 24.0-3 480 (3),,,24.0,parsed_from_inverter_name,78.17,,
fronius,2025-10-20,d95b5e9d-f2d5-4950-85a9-909e52f727ba,Penner Farms - SE 27-8-13 (site 2),a9f3ac23-6f93-447b-9037-adff01636562,Symo 24.0-3 480 (2),,,24.0,parsed_from_inverter_name,5.16,,
fronius,2025-10-20,d95b5e9d-f2d5-4950-85a9-909e52f727ba,Penner Farms - SE 27-8-13 (site 2),b8a6c9fe-5838-42e7-9faa-adff01636559,Symo 24.0-3 480 (1),,,24.0,parsed_from_inverter_name,5.07,,
fronius,2025-10-20,d95b5e9d-f2d5-4950-85a9-909e52f727ba,Penner Farms - SE 27-8-13 (site 2),c3ec3bd8-8836-45bb-97b7-adff01636570,Symo 24.0-3 480 (3),,,24.0,parsed_from_inverter_name,5.17,,
fronius,2025-10-21,d95b5e9d-f2d5-4950-85a9-909e52f727ba,Penner Farms - SE 27-8-13 (site 2),a9f3ac23-6f93-447b-9037-adff01636562,Symo 24.0-3 480 (2),,,24.0,parsed_from_inverter_name,102.12,,
fronius,2025-10-21,d95b5e9d-f2d5-4950-85a9-909e52f727ba,Penner Farms - SE 27-8-13 (site 2),b8a6c9fe-5838-42e7-9faa-adff01636559,Symo 24.0-3 480 (1),,,24.0,parsed_from_inverter_name,100.86,,
fronius,2025-10-21,d95b5e9d-f2d5-4950-85a9-909e52f727ba,Penner Farms - SE 27-8-13 (site 2),c3ec3bd8-8836-45bb-97b7-adff01636570,Symo 24.0-3 480 (3),,,24.0,parsed_from_inverter_name,99.89,,
fronius,2025-10-22,d95b5e9d-f2d5-4950-85a9-909e52f727ba,Penner Farms - SE 27-8-13 (site 2),a9f3ac23-6f93-447b-9037-adff01636562,Symo 24.0-3 480 (2),,,24.0,parsed_from_inverter_name,162.71,,
fronius,2025-10-22,d95b5e9d-f2d5-4950-85a9-909e52f727ba,Penner Farms - SE 27-8-13 (site 2),b8a6c9fe-5838-42e7-9faa-adff01636559,Symo 24.0-3 480 (1),,,24.0,parsed_from_inverter_name,158.56,,
fronius,2025-10-22,d95b5e9d-f2d5-4950-85a9-909e52f727ba,Penner Farms - SE 27-8-13 (site 2),c3ec3bd8-8836-45bb-97b7-adff01636570,Symo 24.0-3 480 (3),,,24.0,parsed_from_inverter_name,159.68,,
fronius,2025-10-23,d95b5e9d-f2d5-4950-85a9-909e52f727ba,Penner Farms - SE 27-8-13 (site 2),a9f3ac23-6f93-447b-9037-adff01636562,Symo 24.0-3 480 (2),,,24.0,parsed_from_inverter_name,154.24,,
fronius,2025-10-23,d95b5e9d-f2d5-4950-85a9-909e52f727ba,Penner Farms - SE 27-8-13 (site 2),b8a6c9fe-5838-42e7-9faa-adff01636559,Symo 24.0-3 480 (1),,,24.0,parsed_from_inverter_name,151.79,,
fronius,2025-10-23,d95b5e9d-f2d5-4950-85a9-909e52f727ba,Penner Farms - SE 27-8-13 (site 2),c3ec3bd8-8836-45bb-97b7-adff01636570,Symo 24.0-3 480 (3),,,24.0,parsed_from_inverter_name,151.19,,
fronius,2025-10-24,d95b5e9d-f2d5-4950-85a9-909e52f727ba,Penner Farms - SE 27-8-13 (site 2),a9f3ac23-6f93-447b-9037-adff01636562,Symo 24.0-3 480 (2),,,24.0,parsed_from_inverter_name,55.74,,
fronius,2025-10-24,d95b5e9d-f2d5-4950-85a9-909e52f727ba,Penner Farms - SE 27-8-13 (site 2),b8a6c9fe-5838-42e7-9faa-adff01636559,Symo 24.0-3 480 (1),,,24.0,parsed_from_inverter_name,54.37,,
fronius,2025-10-24,d95b5e9d-f2d5-4950-85a9-909e52f727ba,Penner Farms - SE 27-8-13 (site 2),c3ec3bd8-8836-45bb-97b7-adff01636570,Symo 24.0-3 480 (3),,,24.0,parsed_from_inverter_name,55.31,,
fronius,2025-10-25,d95b5e9d-f2d5-4950-85a9-909e52f727ba,Penner Farms - SE 27-8-13 (site 2),a9f3ac23-6f93-447b-9037-adff01636562,Symo 24.0-3 480 (2),,,24.0,parsed_from_inverter_name,89.78,,
fronius,2025-10-25,d95b5e9d-f2d5-4950-85a9-909e52f727ba,Penner Farms - SE 27-8-13 (site 2),b8a6c9fe-5838-42e7-9faa-adff01636559,Symo 24.0-3 480 (1),,,24.0,parsed_from_inverter_name,88.58,,
fronius,2025-10-25,d95b5e9d-f2d5-4950-85a9-909e52f727ba,Penner Farms - SE 27-8-13 (site 2),c3ec3bd8-8836-45bb-97b7-adff01636570,Symo 24.0-3 480 (3),,,24.0,parsed_from_inverter_name,88.71,,
fronius,2025-10-26,d95b5e9d-f2d5-4950-85a9-909e52f727ba,Penner Farms - SE 27-8-13 (site 2),a9f3ac23-6f93-447b-9037-adff01636562,Symo 24.0-3 480 (2),,,24.0,parsed_from_inverter_name,143.43,,
fronius,2025-10-26,d95b5e9d-f2d5-4950-85a9-909e52f727ba,Penner Farms - SE 27-8-13 (site 2),b8a6c9fe-5838-42e7-9faa-adff01636559,Symo 24.0-3 480 (1),,,24.0,parsed_from_inverter_name,141.26,,
fronius,2025-10-26,d95b5e9d-f2d5-4950-85a9-909e52f727ba,Penner Farms - SE 27-8-13 (site 2),c3ec3bd8-8836-45bb-97b7-adff01636570,Symo 24.0-3 480 (3),,,24.0,parsed_from_inverter_name,141.69,,
fronius,2025-10-27,d95b5e9d-f2d5-4950-85a9-909e52f727ba,Penner Farms - SE 27-8-13 (site 2),a9f3ac23-6f93-447b-9037-adff01636562,Symo 24.0-3 480 (2),,,24.0,parsed_from_inverter_name,131.9,,
fronius,2025-10-27,d95b5e9d-f2d5-4950-85a9-909e52f727ba,Penner Farms - SE 27-8-13 (site 2),b8a6c9fe-5838-42e7-9faa-adff01636559,Symo 24.0-3 480 (1),,,24.0,parsed_from_inverter_name,130.09,,
fronius,2025-10-27,d95b5e9d-f2d5-4950-85a9-909e52f727ba,Penner Farms - SE 27-8-13 (site 2),c3ec3bd8-8836-45bb-97b7-adff01636570,Symo 24.0-3 480 (3),,,24.0,parsed_from_inverter_name,129.78,,
fronius,2025-10-28,d95b5e9d-f2d5-4950-85a9-909e52f727ba,Penner Farms - SE 27-8-13 (site 2),a9f3ac23-6f93-447b-9037-adff01636562,Symo 24.0-3 480 (2),,,24.0,parsed_from_inverter_name,157.71,,
fronius,2025-10-28,d95b5e9d-f2d5-4950-85a9-909e52f727ba,Penner Farms - SE 27-8-13 (site 2),b8a6c9fe-5838-42e7-9faa-adff01636559,Symo 24.0-3 480 (1),,,24.0,parsed_from_inverter_name,154.87,,
fronius,2025-10-28,d95b5e9d-f2d5-4950-85a9-909e52f727ba,Penner Farms - SE 27-8-13 (site 2),c3ec3bd8-8836-45bb-97b7-adff01636570,Symo 24.0-3 480 (3),,,24.0,parsed_from_inverter_name,154.65,,
fronius,2025-10-29,d95b5e9d-f2d5-4950-85a9-909e52f727ba,Penner Farms - SE 27-8-13 (site 2),a9f3ac23-6f93-447b-9037-adff01636562,Symo 24.0-3 480 (2),,,24.0,parsed_from_inverter_name,146.11,,
fronius,2025-10-29,d95b5e9d-f2d5-4950-85a9-909e52f727ba,Penner Farms - SE 27-8-13 (site 2),b8a6c9fe-5838-42e7-9faa-adff01636559,Symo 24.0-3 480 (1),,,24.0,parsed_from_inverter_name,143.85,,
fronius,2025-10-29,d95b5e9d-f2d5-4950-85a9-909e52f727ba,Penner Farms - SE 27-8-13 (site 2),c3ec3bd8-8836-45bb-97b7-adff01636570,Symo 24.0-3 480 (3),,,24.0,parsed_from_inverter_name,143.05,,
fronius,2025-10-30,d95b5e9d-f2d5-4950-85a9-909e52f727ba,Penner Farms - SE 27-8-13 (site 2),a9f3ac23-6f93-447b-9037-adff01636562,Symo 24.0-3 480 (2),,,24.0,parsed_from_inverter_name,152.7,,
fronius,2025-10-30,d95b5e9d-f2d5-4950-85a9-909e52f727ba,Penner Farms - SE 27-8-13 (site 2),b8a6c9fe-5838-42e7-9faa-adff01636559,Symo 24.0-3 480 (1),,,24.0,parsed_from_inverter_name,149.62,,
fronius,2025-10-30,d95b5e9d-f2d5-4950-85a9-909e52f727ba,Penner Farms - SE 27-8-13 (site 2),c3ec3bd8-8836-45bb-97b7-adff01636570,Symo 24.0-3 480 (3),,,24.0,parsed_from_inverter_name,149.64,,
fronius,2025-10-31,d95b5e9d-f2d5-4950-85a9-909e52f727ba,Penner Farms - SE 27-8-13 (site 2),a9f3ac23-6f93-447b-9037-adff01636562,Symo 24.0-3 480 (2),,,24.0,parsed_from_inverter_name,110.39,,
fronius,2025-10-31,d95b5e9d-f2d5-4950-85a9-909e52f727ba,Penner Farms - SE 27-8-13 (site 2),b8a6c9fe-5838-42e7-9faa-adff01636559,Symo 24.0-3 480 (1),,,24.0,parsed_from_inverter_name,106.9,,
fronius,2025-10-31,d95b5e9d-f2d5-4950-85a9-909e52f727ba,Penner Farms - SE 27-8-13 (site 2),c3ec3bd8-8836-45bb-97b7-adff01636570,Symo 24.0-3 480 (3),,,24.0,parsed_from_inverter_name,109.0,,
fronius,2025-11-01,d95b5e9d-f2d5-4950-85a9-909e52f727ba,Penner Farms - SE 27-8-13 (site 2),a9f3ac23-6f93-447b-9037-adff01636562,Symo 24.0-3 480 (2),,,24.0,parsed_from_inverter_name,35.98,,
fronius,2025-11-01,d95b5e9d-f2d5-4950-85a9-909e52f727ba,Penner Farms - SE 27-8-13 (site 2),b8a6c9fe-5838-42e7-9faa-adff01636559,Symo 24.0-3 480 (1),,,24.0,parsed_from_inverter_name,34.89,,
fronius,2025-11-01,d95b5e9d-f2d5-4950-85a9-909e52f727ba,Penner Farms - SE 27-8-13 (site 2),c3ec3bd8-8836-45bb-97b7-adff01636570,Symo 24.0-3 480 (3),,,24.0,parsed_from_inverter_name,35.66,,
fronius,2025-11-02,d95b5e9d-f2d5-4950-85a9-909e52f727ba,Penner Farms - SE 27-8-13 (site 2),a9f3ac23-6f93-447b-9037-adff01636562,Symo 24.0-3 480 (2),,,24.0,parsed_from_inverter_name,155.51,,
fronius,2025-11-02,d95b5e9d-f2d5-4950-85a9-909e52f727ba,Penner Farms - SE 27-8-13 (site 2),b8a6c9fe-5838-42e7-9faa-adff01636559,Symo 24.0-3 480 (1),,,24.0,parsed_from_inverter_name,151.81,,
fronius,2025-11-02,d95b5e9d-f2d5-4950-85a9-909e52f727ba,Penner Farms - SE 27-8-13 (site 2),c3ec3bd8-8836-45bb-97b7-adff01636570,Symo 24.0-3 480 (3),,,24.0,parsed_from_inverter_name,152.07,,
fronius,2025-11-03,d95b5e9d-f2d5-4950-85a9-909e52f727ba,Penner Farms - SE 27-8-13 (site 2),a9f3ac23-6f93-447b-9037-adff01636562,Symo 24.0-3 480 (2),,,24.0,parsed_from_inverter_name,37.84,,
fronius,2025-11-03,d95b5e9d-f2d5-4950-85a9-909e52f727ba,Penner Farms - SE 27-8-13 (site 2),b8a6c9fe-5838-42e7-9faa-adff01636559,Symo 24.0-3 480 (1),,,24.0,parsed_from_inverter_name,37.12,,
fronius,2025-11-03,d95b5e9d-f2d5-4950-85a9-909e52f727ba,Penner Farms - SE 27-8-13 (site 2),c3ec3bd8-8836-45bb-97b7-adff01636570,Symo 24.0-3 480 (3),,,24.0,parsed_from_inverter_name,37.72,,
fronius,2025-11-04,d95b5e9d-f2d5-4950-85a9-909e52f727ba,Penner Farms - SE 27-8-13 (site 2),a9f3ac23-6f93-447b-9037-adff01636562,Symo 24.0-3 480 (2),,,24.0,parsed_from_inverter_name,149.19,,
fronius,2025-11-04,d95b5e9d-f2d5-4950-85a9-909e52f727ba,Penner Farms - SE 27-8-13 (site 2),b8a6c9fe-5838-42e7-9faa-adff01636559,Symo 24.0-3 480 (1),,,24.0,parsed_from_inverter_name,146.12,,
fronius,2025-11-04,d95b5e9d-f2d5-4950-85a9-909e52f727ba,Penner Farms - SE 27-8-13 (site 2),c3ec3bd8-8836-45bb-97b7-adff01636570,Symo 24.0-3 480 (3),,,24.0,parsed_from_inverter_name,145.86,,
fronius,2025-11-05,d95b5e9d-f2d5-4950-85a9-909e52f727ba,Penner Farms - SE 27-8-13 (site 2),a9f3ac23-6f93-447b-9037-adff01636562,Symo 24.0-3 480 (2),,,24.0,parsed_from_inverter_name,54.49,,
fronius,2025-11-05,d95b5e9d-f2d5-4950-85a9-909e52f727ba,Penner Farms - SE 27-8-13 (site 2),b8a6c9fe-5838-42e7-9faa-adff01636559,Symo 24.0-3 480 (1),,,24.0,parsed_from_inverter_name,53.14,,
fronius,2025-11-05,d95b5e9d-f2d5-4950-85a9-909e52f727ba,Penner Farms - SE 27-8-13 (site 2),c3ec3bd8-8836-45bb-97b7-adff01636570,Symo 24.0-3 480 (3),,,24.0,parsed_from_inverter_name,54.11,,
fronius,2025-11-06,d95b5e9d-f2d5-4950-85a9-909e52f727ba,Penner Farms - SE 27-8-13 (site 2),a9f3ac23-6f93-447b-9037-adff01636562,Symo 24.0-3 480 (2),,,24.0,parsed_from_inverter_name,133.16,,
fronius,2025-11-06,d95b5e9d-f2d5-4950-85a9-909e52f727ba,Penner Farms - SE 27-8-13 (site 2),b8a6c9fe-5838-42e7-9faa-adff01636559,Symo 24.0-3 480 (1),,,24.0,parsed_from_inverter_name,130.34,,
fronius,2025-11-06,d95b5e9d-f2d5-4950-85a9-909e52f727ba,Penner Farms - SE 27-8-13 (site 2),c3ec3bd8-8836-45bb-97b7-adff01636570,Symo 24.0-3 480 (3),,,24.0,parsed_from_inverter_name,116.0,,
fronius,2025-11-07,d95b5e9d-f2d5-4950-85a9-909e52f727ba,Penner Farms - SE 27-8-13 (site 2),a9f3ac23-6f93-447b-9037-adff01636562,Symo 24.0-3 480 (2),,,24.0,parsed_from_inverter_name,16.46,,
fronius,2025-11-07,d95b5e9d-f2d5-4950-85a9-909e52f727ba,Penner Farms - SE 27-8-13 (site 2),b8a6c9fe-5838-42e7-9faa-adff01636559,Symo 24.0-3 480 (1),,,24.0,parsed_from_inverter_name,16.41,,
fronius,2025-11-07,d95b5e9d-f2d5-4950-85a9-909e52f727ba,Penner Farms - SE 27-8-13 (site 2),c3ec3bd8-8836-45bb-97b7-adff01636570,Symo 24.0-3 480 (3),,,24.0,parsed_from_inverter_name,16.29,,
fronius,2025-11-08,d95b5e9d-f2d5-4950-85a9-909e52f727ba,Penner Farms - SE 27-8-13 (site 2),a9f3ac23-6f93-447b-9037-adff01636562,Symo 24.0-3 480 (2),,,24.0,parsed_from_inverter_name,87.13,,
fronius,2025-11-08,d95b5e9d-f2d5-4950-85a9-909e52f727ba,Penner Farms - SE 27-8-13 (site 2),b8a6c9fe-5838-42e7-9faa-adff01636559,Symo 24.0-3 480 (1),,,24.0,parsed_from_inverter_name,91.49,,
fronius,2025-11-08,d95b5e9d-f2d5-4950-85a9-909e52f727ba,Penner Farms - SE 27-8-13 (site 2),c3ec3bd8-8836-45bb-97b7-adff01636570,Symo 24.0-3 480 (3),,,24.0,parsed_from_inverter_name,83.89,,
fronius,2025-11-09,d95b5e9d-f2d5-4950-85a9-909e52f727ba,Penner Farms - SE 27-8-13 (site 2),a9f3ac23-6f93-447b-9037-adff01636562,Symo 24.0-3 480 (2),,,24.0,parsed_from_inverter_name,41.11,,
fronius,2025-11-09,d95b5e9d-f2d5-4950-85a9-909e52f727ba,Penner Farms - SE 27-8-13 (site 2),b8a6c9fe-5838-42e7-9faa-adff01636559,Symo 24.0-3 480 (1),,,24.0,parsed_from_inverter_name,40.06,,
fronius,2025-11-09,d95b5e9d-f2d5-4950-85a9-909e52f727ba,Penner Farms - SE 27-8-13 (site 2),c3ec3bd8-8836-45bb-97b7-adff01636570,Symo 24.0-3 480 (3),,,24.0,parsed_from_inverter_name,40.78,,
fronius,2025-11-10,d95b5e9d-f2d5-4950-85a9-909e52f727ba,Penner Farms - SE 27-8-13 (site 2),a9f3ac23-6f93-447b-9037-adff01636562,Symo 24.0-3 480 (2),,,24.0,parsed_from_inverter_name,21.41,,
fronius,2025-11-10,d95b5e9d-f2d5-4950-85a9-909e52f727ba,Penner Farms - SE 27-8-13 (site 2),b8a6c9fe-5838-42e7-9faa-adff01636559,Symo 24.0-3 480 (1),,,24.0,parsed_from_inverter_name,20.67,,
fronius,2025-11-10,d95b5e9d-f2d5-4950-85a9-909e52f727ba,Penner Farms - SE 27-8-13 (site 2),c3ec3bd8-8836-45bb-97b7-adff01636570,Symo 24.0-3 480 (3),,,24.0,parsed_from_inverter_name,21.35,,
fronius,2025-11-11,d95b5e9d-f2d5-4950-85a9-909e52f727ba,Penner Farms - SE 27-8-13 (site 2),a9f3ac23-6f93-447b-9037-adff01636562,Symo 24.0-3 480 (2),,,24.0,parsed_from_inverter_name,76.47,,
fronius,2025-11-11,d95b5e9d-f2d5-4950-85a9-909e52f727ba,Penner Farms - SE 27-8-13 (site 2),b8a6c9fe-5838-42e7-9faa-adff01636559,Symo 24.0-3 480 (1),,,24.0,parsed_from_inverter_name,74.47,,
fronius,2025-11-11,d95b5e9d-f2d5-4950-85a9-909e52f727ba,Penner Farms - SE 27-8-13 (site 2),c3ec3bd8-8836-45bb-97b7-adff01636570,Symo 24.0-3 480 (3),,,24.0,parsed_from_inverter_name,75.17,,
fronius,2025-11-12,d95b5e9d-f2d5-4950-85a9-909e52f727ba,Penner Farms - SE 27-8-13 (site 2),a9f3ac23-6f93-447b-9037-adff01636562,Symo 24.0-3 480 (2),,,24.0,parsed_from_inverter_name,83.14,,
fronius,2025-11-12,d95b5e9d-f2d5-4950-85a9-909e52f727ba,Penner Farms - SE 27-8-13 (site 2),b8a6c9fe-5838-42e7-9faa-adff01636559,Symo 24.0-3 480 (1),,,24.0,parsed_from_inverter_name,81.07,,
fronius,2025-11-12,d95b5e9d-f2d5-4950-85a9-909e52f727ba,Penner Farms - SE 27-8-13 (site 2),c3ec3bd8-8836-45bb-97b7-adff01636570,Symo 24.0-3 480 (3),,,24.0,parsed_from_inverter_name,81.62,,
fronius,2025-11-13,d95b5e9d-f2d5-4950-85a9-909e52f727ba,Penner Farms - SE 27-8-13 (site 2),a9f3ac23-6f93-447b-9037-adff01636562,Symo 24.0-3 480 (2),,,24.0,parsed_from_inverter_name,61.69,,
fronius,2025-11-13,d95b5e9d-f2d5-4950-85a9-909e52f727ba,Penner Farms - SE 27-8-13 (site 2),b8a6c9fe-5838-42e7-9faa-adff01636559,Symo 24.0-3 480 (1),,,24.0,parsed_from_inverter_name,60.0,,
fronius,2025-11-13,d95b5e9d-f2d5-4950-85a9-909e52f727ba,Penner Farms - SE 27-8-13 (site 2),c3ec3bd8-8836-45bb-97b7-adff01636570,Symo 24.0-3 480 (3),,,24.0,parsed_from_inverter_name,60.58,,
fronius,2025-11-14,d95b5e9d-f2d5-4950-85a9-909e52f727ba,Penner Farms - SE 27-8-13 (site 2),a9f3ac23-6f93-447b-9037-adff01636562,Symo 24.0-3 480 (2),,,24.0,parsed_from_inverter_name,15.2,,
fronius,2025-11-14,d95b5e9d-f2d5-4950-85a9-909e52f727ba,Penner Farms - SE 27-8-13 (site 2),b8a6c9fe-5838-42e7-9faa-adff01636559,Symo 24.0-3 480 (1),,,24.0,parsed_from_inverter_name,14.97,,
fronius,2025-11-14,d95b5e9d-f2d5-4950-85a9-909e52f727ba,Penner Farms - SE 27-8-13 (site 2),c3ec3bd8-8836-45bb-97b7-adff01636570,Symo 24.0-3 480 (3),,,24.0,parsed_from_inverter_name,15.3,,
fronius,2025-11-15,d95b5e9d-f2d5-4950-85a9-909e52f727ba,Penner Farms - SE 27-8-13 (site 2),a9f3ac23-6f93-447b-9037-adff01636562,Symo 24.0-3 480 (2),,,24.0,parsed_from_inverter_name,98.08,,
fronius,2025-11-15,d95b5e9d-f2d5-4950-85a9-909e52f727ba,Penner Farms - SE 27-8-13 (site 2),b8a6c9fe-5838-42e7-9faa-adff01636559,Symo 24.0-3 480 (1),,,24.0,parsed_from_inverter_name,92.91,,
fronius,2025-11-15,d95b5e9d-f2d5-4950-85a9-909e52f727ba,Penner Farms - SE 27-8-13 (site 2),c3ec3bd8-8836-45bb-97b7-adff01636570,Symo 24.0-3 480 (3),,,24.0,parsed_from_inverter_name,92.51,,
fronius,2025-11-16,d95b5e9d-f2d5-4950-85a9-909e52f727ba,Penner Farms - SE 27-8-13 (site 2),a9f3ac23-6f93-447b-9037-adff01636562,Symo 24.0-3 480 (2),,,24.0,parsed_from_inverter_name,99.06,,
fronius,2025-11-16,d95b5e9d-f2d5-4950-85a9-909e52f727ba,Penner Farms - SE 27-8-13 (site 2),b8a6c9fe-5838-42e7-9faa-adff01636559,Symo 24.0-3 480 (1),,,24.0,parsed_from_inverter_name,93.78,,
fronius,2025-11-16,d95b5e9d-f2d5-4950-85a9-909e52f727ba,Penner Farms - SE 27-8-13 (site 2),c3ec3bd8-8836-45bb-97b7-adff01636570,Symo 24.0-3 480 (3),,,24.0,parsed_from_inverter_name,96.71,,
fronius,2025-11-17,d95b5e9d-f2d5-4950-85a9-909e52f727ba,Penner Farms - SE 27-8-13 (site 2),a9f3ac23-6f93-447b-9037-adff01636562,Symo 24.0-3 480 (2),,,24.0,parsed_from_inverter_name,80.75,,
fronius,2025-11-17,d95b5e9d-f2d5-4950-85a9-909e52f727ba,Penner Farms - SE 27-8-13 (site 2),b8a6c9fe-5838-42e7-9faa-adff01636559,Symo 24.0-3 480 (1),,,24.0,parsed_from_inverter_name,77.2,,
fronius,2025-11-17,d95b5e9d-f2d5-4950-85a9-909e52f727ba,Penner Farms - SE 27-8-13 (site 2),c3ec3bd8-8836-45bb-97b7-adff01636570,Symo 24.0-3 480 (3),,,24.0,parsed_from_inverter_name,79.38,,
fronius,2025-11-18,d95b5e9d-f2d5-4950-85a9-909e52f727ba,Penner Farms - SE 27-8-13 (site 2),a9f3ac23-6f93-447b-9037-adff01636562,Symo 24.0-3 480 (2),,,24.0,parsed_from_inverter_name,13.04,,
fronius,2025-11-18,d95b5e9d-f2d5-4950-85a9-909e52f727ba,Penner Farms - SE 27-8-13 (site 2),b8a6c9fe-5838-42e7-9faa-adff01636559,Symo 24.0-3 480 (1),,,24.0,parsed_from_inverter_name,12.81,,
fronius,2025-11-18,d95b5e9d-f2d5-4950-85a9-909e52f727ba,Penner Farms - SE 27-8-13 (site 2),c3ec3bd8-8836-45bb-97b7-adff01636570,Symo 24.0-3 480 (3),,,24.0,parsed_from_inverter_name,13.05,,
fronius,2025-11-19,d95b5e9d-f2d5-4950-85a9-909e52f727ba,Penner Farms - SE 27-8-13 (site 2),a9f3ac23-6f93-447b-9037-adff01636562,Symo 24.0-3 480 (2),,,24.0,parsed_from_inverter_name,128.27,,
fronius,2025-11-19,d95b5e9d-f2d5-4950-85a9-909e52f727ba,Penner Farms - SE 27-8-13 (site 2),b8a6c9fe-5838-42e7-9faa-adff01636559,Symo 24.0-3 480 (1),,,24.0,parsed_from_inverter_name,124.62,,
fronius,2025-11-19,d95b5e9d-f2d5-4950-85a9-909e52f727ba,Penner Farms - SE 27-8-13 (site 2),c3ec3bd8-8836-45bb-97b7-adff01636570,Symo 24.0-3 480 (3),,,24.0,parsed_from_inverter_name,122.51,,
fronius,2025-11-20,d95b5e9d-f2d5-4950-85a9-909e52f727ba,Penner Farms - SE 27-8-13 (site 2),a9f3ac23-6f93-447b-9037-adff01636562,Symo 24.0-3 480 (2),,,24.0,parsed_from_inverter_name,131.74,,
fronius,2025-11-20,d95b5e9d-f2d5-4950-85a9-909e52f727ba,Penner Farms - SE 27-8-13 (site 2),b8a6c9fe-5838-42e7-9faa-adff01636559,Symo 24.0-3 480 (1),,,24.0,parsed_from_inverter_name,125.06,,
fronius,2025-11-20,d95b5e9d-f2d5-4950-85a9-909e52f727ba,Penner Farms - SE 27-8-13 (site 2),c3ec3bd8-8836-45bb-97b7-adff01636570,Symo 24.0-3 480 (3),,,24.0,parsed_from_inverter_name,128.41,,
fronius,2025-11-21,d95b5e9d-f2d5-4950-85a9-909e52f727ba,Penner Farms - SE 27-8-13 (site 2),a9f3ac23-6f93-447b-9037-adff01636562,Symo 24.0-3 480 (2),,,24.0,parsed_from_inverter_name,57.21,,
fronius,2025-11-21,d95b5e9d-f2d5-4950-85a9-909e52f727ba,Penner Farms - SE 27-8-13 (site 2),b8a6c9fe-5838-42e7-9faa-adff01636559,Symo 24.0-3 480 (1),,,24.0,parsed_from_inverter_name,55.05,,
fronius,2025-11-21,d95b5e9d-f2d5-4950-85a9-909e52f727ba,Penner Farms - SE 27-8-13 (site 2),c3ec3bd8-8836-45bb-97b7-adff01636570,Symo 24.0-3 480 (3),,,24.0,parsed_from_inverter_name,56.45,,
fronius,2025-11-22,d95b5e9d-f2d5-4950-85a9-909e52f727ba,Penner Farms - SE 27-8-13 (site 2),a9f3ac23-6f93-447b-9037-adff01636562,Symo 24.0-3 480 (2),,,24.0,parsed_from_inverter_name,61.86,,
fronius,2025-11-22,d95b5e9d-f2d5-4950-85a9-909e52f727ba,Penner Farms - SE 27-8-13 (site 2),b8a6c9fe-5838-42e7-9faa-adff01636559,Symo 24.0-3 480 (1),,,24.0,parsed_from_inverter_name,60.02,,
fronius,2025-11-22,d95b5e9d-f2d5-4950-85a9-909e52f727ba,Penner Farms - SE 27-8-13 (site 2),c3ec3bd8-8836-45bb-97b7-adff01636570,Symo 24.0-3 480 (3),,,24.0,parsed_from_inverter_name,60.77,,
fronius,2025-11-23,d95b5e9d-f2d5-4950-85a9-909e52f727ba,Penner Farms - SE 27-8-13 (site 2),a9f3ac23-6f93-447b-9037-adff01636562,Symo 24.0-3 480 (2),,,24.0,parsed_from_inverter_name,48.29,,
fronius,2025-11-23,d95b5e9d-f2d5-4950-85a9-909e52f727ba,Penner Farms - SE 27-8-13 (site 2),b8a6c9fe-5838-42e7-9faa-adff01636559,Symo 24.0-3 480 (1),,,24.0,parsed_from_inverter_name,47.08,,
fronius,2025-11-23,d95b5e9d-f2d5-4950-85a9-909e52f727ba,Penner Farms - SE 27-8-13 (site 2),c3ec3bd8-8836-45bb-97b7-adff01636570,Symo 24.0-3 480 (3),,,24.0,parsed_from_inverter_name,47.61,,
fronius,2025-11-24,d95b5e9d-f2d5-4950-85a9-909e52f727ba,Penner Farms - SE 27-8-13 (site 2),a9f3ac23-6f93-447b-9037-adff01636562,Symo 24.0-3 480 (2),,,24.0,parsed_from_inverter_name,5.53,,
fronius,2025-11-24,d95b5e9d-f2d5-4950-85a9-909e52f727ba,Penner Farms - SE 27-8-13 (site 2),b8a6c9fe-5838-42e7-9faa-adff01636559,Symo 24.0-3 480 (1),,,24.0,parsed_from_inverter_name,6.73,,
fronius,2025-11-24,d95b5e9d-f2d5-4950-85a9-909e52f727ba,Penner Farms - SE 27-8-13 (site 2),c3ec3bd8-8836-45bb-97b7-adff01636570,Symo 24.0-3 480 (3),,,24.0,parsed_from_inverter_name,6.61,,
fronius,2025-11-25,d95b5e9d-f2d5-4950-85a9-909e52f727ba,Penner Farms - SE 27-8-13 (site 2),a9f3ac23-6f93-447b-9037-adff01636562,Symo 24.0-3 480 (2),,,24.0,parsed_from_inverter_name,19.68,,
fronius,2025-11-25,d95b5e9d-f2d5-4950-85a9-909e52f727ba,Penner Farms - SE 27-8-13 (site 2),b8a6c9fe-5838-42e7-9faa-adff01636559,Symo 24.0-3 480 (1),,,24.0,parsed_from_inverter_name,36.84,,
fronius,2025-11-25,d95b5e9d-f2d5-4950-85a9-909e52f727ba,Penner Farms - SE 27-8-13 (site 2),c3ec3bd8-8836-45bb-97b7-adff01636570,Symo 24.0-3 480 (3),,,24.0,parsed_from_inverter_name,29.34,,
fronius,2025-11-26,d95b5e9d-f2d5-4950-85a9-909e52f727ba,Penner Farms - SE 27-8-13 (site 2),a9f3ac23-6f93-447b-9037-adff01636562,Symo 24.0-3 480 (2),,,24.0,parsed_from_inverter_name,52.5,,
fronius,2025-11-26,d95b5e9d-f2d5-4950-85a9-909e52f727ba,Penner Farms - SE 27-8-13 (site 2),b8a6c9fe-5838-42e7-9faa-adff01636559,Symo 24.0-3 480 (1),,,24.0,parsed_from_inverter_name,63.58,,
fronius,2025-11-26,d95b5e9d-f2d5-4950-85a9-909e52f727ba,Penner Farms - SE 27-8-13 (site 2),c3ec3bd8-8836-45bb-97b7-adff01636570,Symo 24.0-3 480 (3),,,24.0,parsed_from_inverter_name,54.67,,
fronius,2025-11-27,d95b5e9d-f2d5-4950-85a9-909e52f727ba,Penner Farms - SE 27-8-13 (site 2),a9f3ac23-6f93-447b-9037-adff01636562,Symo 24.0-3 480 (2),,,24.0,parsed_from_inverter_name,28.48,,
fronius,2025-11-27,d95b5e9d-f2d5-4950-85a9-909e52f727ba,Penner Farms - SE 27-8-13 (site 2),b8a6c9fe-5838-42e7-9faa-adff01636559,Symo 24.0-3 480 (1),,,24.0,parsed_from_inverter_name,33.26,,
fronius,2025-11-27,d95b5e9d-f2d5-4950-85a9-909e52f727ba,Penner Farms - SE 27-8-13 (site 2),c3ec3bd8-8836-45bb-97b7-adff01636570,Symo 24.0-3 480 (3),,,24.0,parsed_from_inverter_name,29.43,,
fronius,2025-11-28,d95b5e9d-f2d5-4950-85a9-909e52f727ba,Penner Farms - SE 27-8-13 (site 2),a9f3ac23-6f93-447b-9037-adff01636562,Symo 24.0-3 480 (2),,,24.0,parsed_from_inverter_name,12.37,,
fronius,2025-11-28,d95b5e9d-f2d5-4950-85a9-909e52f727ba,Penner Farms - SE 27-8-13 (site 2),b8a6c9fe-5838-42e7-9faa-adff01636559,Symo 24.0-3 480 (1),,,24.0,parsed_from_inverter_name,10.62,,
fronius,2025-11-28,d95b5e9d-f2d5-4950-85a9-909e52f727ba,Penner Farms - SE 27-8-13 (site 2),c3ec3bd8-8836-45bb-97b7-adff01636570,Symo 24.0-3 480 (3),,,24.0,parsed_from_inverter_name,12.15,,
fronius,2025-11-29,d95b5e9d-f2d5-4950-85a9-909e52f727ba,Penner Farms - SE 27-8-13 (site 2),a9f3ac23-6f93-447b-9037-adff01636562,Symo 24.0-3 480 (2),,,24.0,parsed_from_inverter_name,48.49,,
fronius,2025-11-29,d95b5e9d-f2d5-4950-85a9-909e52f727ba,Penner Farms - SE 27-8-13 (site 2),b8a6c9fe-5838-42e7-9faa-adff01636559,Symo 24.0-3 480 (1),,,24.0,parsed_from_inverter_name,44.48,,
fronius,2025-11-29,d95b5e9d-f2d5-4950-85a9-909e52f727ba,Penner Farms - SE 27-8-13 (site 2),c3ec3bd8-8836-45bb-97b7-adff01636570,Symo 24.0-3 480 (3),,,24.0,parsed_from_inverter_name,38.68,,
fronius,2025-11-30,d95b5e9d-f2d5-4950-85a9-909e52f727ba,Penner Farms - SE 27-8-13 (site 2),a9f3ac23-6f93-447b-9037-adff01636562,Symo 24.0-3 480 (2),,,24.0,parsed_from_inverter_name,41.54,,
fronius,2025-11-30,d95b5e9d-f2d5-4950-85a9-909e52f727ba,Penner Farms - SE 27-8-13 (site 2),b8a6c9fe-5838-42e7-9faa-adff01636559,Symo 24.0-3 480 (1),,,24.0,parsed_from_inverter_name,44.55,,
fronius,2025-11-30,d95b5e9d-f2d5-4950-85a9-909e52f727ba,Penner Farms - SE 27-8-13 (site 2),c3ec3bd8-8836-45bb-97b7-adff01636570,Symo 24.0-3 480 (3),,,24.0,parsed_from_inverter_name,36.57,,
fronius,2025-12-01,d95b5e9d-f2d5-4950-85a9-909e52f727ba,Penner Farms - SE 27-8-13 (site 2),a9f3ac23-6f93-447b-9037-adff01636562,Symo 24.0-3 480 (2),,,24.0,parsed_from_inverter_name,34.95,,
fronius,2025-12-01,d95b5e9d-f2d5-4950-85a9-909e52f727ba,Penner Farms - SE 27-8-13 (site 2),b8a6c9fe-5838-42e7-9faa-adff01636559,Symo 24.0-3 480 (1),,,24.0,parsed_from_inverter_name,34.7,,
fronius,2025-12-01,d95b5e9d-f2d5-4950-85a9-909e52f727ba,Penner Farms - SE 27-8-13 (site 2),c3ec3bd8-8836-45bb-97b7-adff01636570,Symo 24.0-3 480 (3),,,24.0,parsed_from_inverter_name,32.78,,
fronius,2025-12-02,d95b5e9d-f2d5-4950-85a9-909e52f727ba,Penner Farms - SE 27-8-13 (site 2),a9f3ac23-6f93-447b-9037-adff01636562,Symo 24.0-3 480 (2),,,24.0,parsed_from_inverter_name,29.76,,
fronius,2025-12-02,d95b5e9d-f2d5-4950-85a9-909e52f727ba,Penner Farms - SE 27-8-13 (site 2),b8a6c9fe-5838-42e7-9faa-adff01636559,Symo 24.0-3 480 (1),,,24.0,parsed_from_inverter_name,28.4,,
fronius,2025-12-02,d95b5e9d-f2d5-4950-85a9-909e52f727ba,Penner Farms - SE 27-8-13 (site 2),c3ec3bd8-8836-45bb-97b7-adff01636570,Symo 24.0-3 480 (3),,,24.0,parsed_from_inverter_name,29.71,,
fronius,2025-12-03,d95b5e9d-f2d5-4950-85a9-909e52f727ba,Penner Farms - SE 27-8-13 (site 2),a9f3ac23-6f93-447b-9037-adff01636562,Symo 24.0-3 480 (2),,,24.0,parsed_from_inverter_name,110.42,,
fronius,2025-12-03,d95b5e9d-f2d5-4950-85a9-909e52f727ba,Penner Farms - SE 27-8-13 (site 2),b8a6c9fe-5838-42e7-9faa-adff01636559,Symo 24.0-3 480 (1),,,24.0,parsed_from_inverter_name,101.21,,
fronius,2025-12-03,d95b5e9d-f2d5-4950-85a9-909e52f727ba,Penner Farms - SE 27-8-13 (site 2),c3ec3bd8-8836-45bb-97b7-adff01636570,Symo 24.0-3 480 (3),,,24.0,parsed_from_inverter_name,107.75,,
fronius,2025-12-04,d95b5e9d-f2d5-4950-85a9-909e52f727ba,Penner Farms - SE 27-8-13 (site 2),a9f3ac23-6f93-447b-9037-adff01636562,Symo 24.0-3 480 (2),,,24.0,parsed_from_inverter_name,75.8,,
fronius,2025-12-04,d95b5e9d-f2d5-4950-85a9-909e52f727ba,Penner Farms - SE 27-8-13 (site 2),b8a6c9fe-5838-42e7-9faa-adff01636559,Symo 24.0-3 480 (1),,,24.0,parsed_from_inverter_name,73.5,,
fronius,2025-12-04,d95b5e9d-f2d5-4950-85a9-909e52f727ba,Penner Farms - SE 27-8-13 (site 2),c3ec3bd8-8836-45bb-97b7-adff01636570,Symo 24.0-3 480 (3),,,24.0,parsed_from_inverter_name,74.6,,
fronius,2025-12-05,d95b5e9d-f2d5-4950-85a9-909e52f727ba,Penner Farms - SE 27-8-13 (site 2),a9f3ac23-6f93-447b-9037-adff01636562,Symo 24.0-3 480 (2),,,24.0,parsed_from_inverter_name,41.57,,
fronius,2025-12-05,d95b5e9d-f2d5-4950-85a9-909e52f727ba,Penner Farms - SE 27-8-13 (site 2),b8a6c9fe-5838-42e7-9faa-adff01636559,Symo 24.0-3 480 (1),,,24.0,parsed_from_inverter_name,39.64,,
fronius,2025-12-05,d95b5e9d-f2d5-4950-85a9-909e52f727ba,Penner Farms - SE 27-8-13 (site 2),c3ec3bd8-8836-45bb-97b7-adff01636570,Symo 24.0-3 480 (3),,,24.0,parsed_from_inverter_name,41.31,,
fronius,2025-12-06,d95b5e9d-f2d5-4950-85a9-909e52f727ba,Penner Farms - SE 27-8-13 (site 2),a9f3ac23-6f93-447b-9037-adff01636562,Symo 24.0-3 480 (2),,,24.0,parsed_from_inverter_name,16.4,,
fronius,2025-12-06,d95b5e9d-f2d5-4950-85a9-909e52f727ba,Penner Farms - SE 27-8-13 (site 2),b8a6c9fe-5838-42e7-9faa-adff01636559,Symo 24.0-3 480 (1),,,24.0,parsed_from_inverter_name,20.61,,
fronius,2025-12-06,d95b5e9d-f2d5-4950-85a9-909e52f727ba,Penner Farms - SE 27-8-13 (site 2),c3ec3bd8-8836-45bb-97b7-adff01636570,Symo 24.0-3 480 (3),,,24.0,parsed_from_inverter_name,17.57,,
fronius,2025-12-07,d95b5e9d-f2d5-4950-85a9-909e52f727ba,Penner Farms - SE 27-8-13 (site 2),a9f3ac23-6f93-447b-9037-adff01636562,Symo 24.0-3 480 (2),,,24.0,parsed_from_inverter_name,27.21,,
fronius,2025-12-07,d95b5e9d-f2d5-4950-85a9-909e52f727ba,Penner Farms - SE 27-8-13 (site 2),b8a6c9fe-5838-42e7-9faa-adff01636559,Symo 24.0-3 480 (1),,,24.0,parsed_from_inverter_name,30.25,,
fronius,2025-12-07,d95b5e9d-f2d5-4950-85a9-909e52f727ba,Penner Farms - SE 27-8-13 (site 2),c3ec3bd8-8836-45bb-97b7-adff01636570,Symo 24.0-3 480 (3),,,24.0,parsed_from_inverter_name,27.36,,
fronius,2025-12-08,d95b5e9d-f2d5-4950-85a9-909e52f727ba,Penner Farms - SE 27-8-13 (site 2),a9f3ac23-6f93-447b-9037-adff01636562,Symo 24.0-3 480 (2),,,24.0,parsed_from_inverter_name,22.74,,
fronius,2025-12-08,d95b5e9d-f2d5-4950-85a9-909e52f727ba,Penner Farms - SE 27-8-13 (site 2),b8a6c9fe-5838-42e7-9faa-adff01636559,Symo 24.0-3 480 (1),,,24.0,parsed_from_inverter_name,21.84,,
fronius,2025-12-08,d95b5e9d-f2d5-4950-85a9-909e52f727ba,Penner Farms - SE 27-8-13 (site 2),c3ec3bd8-8836-45bb-97b7-adff01636570,Symo 24.0-3 480 (3),,,24.0,parsed_from_inverter_name,22.91,,
fronius,2025-12-09,d95b5e9d-f2d5-4950-85a9-909e52f727ba,Penner Farms - SE 27-8-13 (site 2),a9f3ac23-6f93-447b-9037-adff01636562,Symo 24.0-3 480 (2),,,24.0,parsed_from_inverter_name,79.0,,
fronius,2025-12-09,d95b5e9d-f2d5-4950-85a9-909e52f727ba,Penner Farms - SE 27-8-13 (site 2),b8a6c9fe-5838-42e7-9faa-adff01636559,Symo 24.0-3 480 (1),,,24.0,parsed_from_inverter_name,75.35,,
fronius,2025-12-09,d95b5e9d-f2d5-4950-85a9-909e52f727ba,Penner Farms - SE 27-8-13 (site 2),c3ec3bd8-8836-45bb-97b7-adff01636570,Symo 24.0-3 480 (3),,,24.0,parsed_from_inverter_name,76.61,,
fronius,2025-12-10,d95b5e9d-f2d5-4950-85a9-909e52f727ba,Penner Farms - SE 27-8-13 (site 2),a9f3ac23-6f93-447b-9037-adff01636562,Symo 24.0-3 480 (2),,,24.0,parsed_from_inverter_name,21.64,,
fronius,2025-12-10,d95b5e9d-f2d5-4950-85a9-909e52f727ba,Penner Farms - SE 27-8-13 (site 2),b8a6c9fe-5838-42e7-9faa-adff01636559,Symo 24.0-3 480 (1),,,24.0,parsed_from_inverter_name,21.11,,
fronius,2025-12-10,d95b5e9d-f2d5-4950-85a9-909e52f727ba,Penner Farms - SE 27-8-13 (site 2),c3ec3bd8-8836-45bb-97b7-adff01636570,Symo 24.0-3 480 (3),,,24.0,parsed_from_inverter_name,21.56,,
fronius,2025-12-12,d95b5e9d-f2d5-4950-85a9-909e52f727ba,Penner Farms - SE 27-8-13 (site 2),a9f3ac23-6f93-447b-9037-adff01636562,Symo 24.0-3 480 (2),,,24.0,parsed_from_inverter_name,14.29,,
fronius,2025-12-12,d95b5e9d-f2d5-4950-85a9-909e52f727ba,Penner Farms - SE 27-8-13 (site 2),b8a6c9fe-5838-42e7-9faa-adff01636559,Symo 24.0-3 480 (1),,,24.0,parsed_from_inverter_name,13.78,,
fronius,2025-12-12,d95b5e9d-f2d5-4950-85a9-909e52f727ba,Penner Farms - SE 27-8-13 (site 2),c3ec3bd8-8836-45bb-97b7-adff01636570,Symo 24.0-3 480 (3),,,24.0,parsed_from_inverter_name,15.23,,
fronius,2025-12-13,d95b5e9d-f2d5-4950-85a9-909e52f727ba,Penner Farms - SE 27-8-13 (site 2),a9f3ac23-6f93-447b-9037-adff01636562,Symo 24.0-3 480 (2),,,24.0,parsed_from_inverter_name,13.72,,
fronius,2025-12-13,d95b5e9d-f2d5-4950-85a9-909e52f727ba,Penner Farms - SE 27-8-13 (site 2),b8a6c9fe-5838-42e7-9faa-adff01636559,Symo 24.0-3 480 (1),,,24.0,parsed_from_inverter_name,12.36,,
fronius,2025-12-13,d95b5e9d-f2d5-4950-85a9-909e52f727ba,Penner Farms - SE 27-8-13 (site 2),c3ec3bd8-8836-45bb-97b7-adff01636570,Symo 24.0-3 480 (3),,,24.0,parsed_from_inverter_name,13.23,,
fronius,2025-12-14,d95b5e9d-f2d5-4950-85a9-909e52f727ba,Penner Farms - SE 27-8-13 (site 2),a9f3ac23-6f93-447b-9037-adff01636562,Symo 24.0-3 480 (2),,,24.0,parsed_from_inverter_name,29.09,,
fronius,2025-12-14,d95b5e9d-f2d5-4950-85a9-909e52f727ba,Penner Farms - SE 27-8-13 (site 2),b8a6c9fe-5838-42e7-9faa-adff01636559,Symo 24.0-3 480 (1),,,24.0,parsed_from_inverter_name,26.14,,
fronius,2025-12-14,d95b5e9d-f2d5-4950-85a9-909e52f727ba,Penner Farms - SE 27-8-13 (site 2),c3ec3bd8-8836-45bb-97b7-adff01636570,Symo 24.0-3 480 (3),,,24.0,parsed_from_inverter_name,28.85,,
fronius,2025-12-15,d95b5e9d-f2d5-4950-85a9-909e52f727ba,Penner Farms - SE 27-8-13 (site 2),a9f3ac23-6f93-447b-9037-adff01636562,Symo 24.0-3 480 (2),,,24.0,parsed_from_inverter_name,26.11,,
fronius,2025-12-15,d95b5e9d-f2d5-4950-85a9-909e52f727ba,Penner Farms - SE 27-8-13 (site 2),b8a6c9fe-5838-42e7-9faa-adff01636559,Symo 24.0-3 480 (1),,,24.0,parsed_from_inverter_name,23.88,,
fronius,2025-12-15,d95b5e9d-f2d5-4950-85a9-909e52f727ba,Penner Farms - SE 27-8-13 (site 2),c3ec3bd8-8836-45bb-97b7-adff01636570,Symo 24.0-3 480 (3),,,24.0,parsed_from_inverter_name,25.78,,
fronius,2025-12-17,d95b5e9d-f2d5-4950-85a9-909e52f727ba,Penner Farms - SE 27-8-13 (site 2),a9f3ac23-6f93-447b-9037-adff01636562,Symo 24.0-3 480 (2),,,24.0,parsed_from_inverter_name,0.5,,
fronius,2025-12-17,d95b5e9d-f2d5-4950-85a9-909e52f727ba,Penner Farms - SE 27-8-13 (site 2),b8a6c9fe-5838-42e7-9faa-adff01636559,Symo 24.0-3 480 (1),,,24.0,parsed_from_inverter_name,0.49,,
fronius,2025-12-17,d95b5e9d-f2d5-4950-85a9-909e52f727ba,Penner Farms - SE 27-8-13 (site 2),c3ec3bd8-8836-45bb-97b7-adff01636570,Symo 24.0-3 480 (3),,,24.0,parsed_from_inverter_name,0.51,,
fronius,2025-12-18,d95b5e9d-f2d5-4950-85a9-909e52f727ba,Penner Farms - SE 27-8-13 (site 2),a9f3ac23-6f93-447b-9037-adff01636562,Symo 24.0-3 480 (2),,,24.0,parsed_from_inverter_name,49.56,,
fronius,2025-12-18,d95b5e9d-f2d5-4950-85a9-909e52f727ba,Penner Farms - SE 27-8-13 (site 2),b8a6c9fe-5838-42e7-9faa-adff01636559,Symo 24.0-3 480 (1),,,24.0,parsed_from_inverter_name,45.49,,
fronius,2025-12-18,d95b5e9d-f2d5-4950-85a9-909e52f727ba,Penner Farms - SE 27-8-13 (site 2),c3ec3bd8-8836-45bb-97b7-adff01636570,Symo 24.0-3 480 (3),,,24.0,parsed_from_inverter_name,48.82,,
fronius,2025-12-19,d95b5e9d-f2d5-4950-85a9-909e52f727ba,Penner Farms - SE 27-8-13 (site 2),a9f3ac23-6f93-447b-9037-adff01636562,Symo 24.0-3 480 (2),,,24.0,parsed_from_inverter_name,94.81,,
fronius,2025-12-19,d95b5e9d-f2d5-4950-85a9-909e52f727ba,Penner Farms - SE 27-8-13 (site 2),b8a6c9fe-5838-42e7-9faa-adff01636559,Symo 24.0-3 480 (1),,,24.0,parsed_from_inverter_name,90.36,,
fronius,2025-12-19,d95b5e9d-f2d5-4950-85a9-909e52f727ba,Penner Farms - SE 27-8-13 (site 2),c3ec3bd8-8836-45bb-97b7-adff01636570,Symo 24.0-3 480 (3),,,24.0,parsed_from_inverter_name,92.22,,
fronius,2025-12-20,d95b5e9d-f2d5-4950-85a9-909e52f727ba,Penner Farms - SE 27-8-13 (site 2),a9f3ac23-6f93-447b-9037-adff01636562,Symo 24.0-3 480 (2),,,24.0,parsed_from_inverter_name,102.52,,
fronius,2025-12-20,d95b5e9d-f2d5-4950-85a9-909e52f727ba,Penner Farms - SE 27-8-13 (site 2),b8a6c9fe-5838-42e7-9faa-adff01636559,Symo 24.0-3 480 (1),,,24.0,parsed_from_inverter_name,93.39,,
fronius,2025-12-20,d95b5e9d-f2d5-4950-85a9-909e52f727ba,Penner Farms - SE 27-8-13 (site 2),c3ec3bd8-8836-45bb-97b7-adff01636570,Symo 24.0-3 480 (3),,,24.0,parsed_from_inverter_name,99.82,,
fronius,2025-12-21,d95b5e9d-f2d5-4950-85a9-909e52f727ba,Penner Farms - SE 27-8-13 (site 2),a9f3ac23-6f93-447b-9037-adff01636562,Symo 24.0-3 480 (2),,,24.0,parsed_from_inverter_name,27.17,,
fronius,2025-12-21,d95b5e9d-f2d5-4950-85a9-909e52f727ba,Penner Farms - SE 27-8-13 (site 2),b8a6c9fe-5838-42e7-9faa-adff01636559,Symo 24.0-3 480 (1),,,24.0,parsed_from_inverter_name,26.74,,
fronius,2025-12-21,d95b5e9d-f2d5-4950-85a9-909e52f727ba,Penner Farms - SE 27-8-13 (site 2),c3ec3bd8-8836-45bb-97b7-adff01636570,Symo 24.0-3 480 (3),,,24.0,parsed_from_inverter_name,27.15,,
fronius,2025-12-22,d95b5e9d-f2d5-4950-85a9-909e52f727ba,Penner Farms - SE 27-8-13 (site 2),a9f3ac23-6f93-447b-9037-adff01636562,Symo 24.0-3 480 (2),,,24.0,parsed_from_inverter_name,13.77,,
fronius,2025-12-22,d95b5e9d-f2d5-4950-85a9-909e52f727ba,Penner Farms - SE 27-8-13 (site 2),b8a6c9fe-5838-42e7-9faa-adff01636559,Symo 24.0-3 480 (1),,,24.0,parsed_from_inverter_name,13.74,,
fronius,2025-12-22,d95b5e9d-f2d5-4950-85a9-909e52f727ba,Penner Farms - SE 27-8-13 (site 2),c3ec3bd8-8836-45bb-97b7-adff01636570,Symo 24.0-3 480 (3),,,24.0,parsed_from_inverter_name,13.26,,
fronius,2025-12-23,d95b5e9d-f2d5-4950-85a9-909e52f727ba,Penner Farms - SE 27-8-13 (site 2),a9f3ac23-6f93-447b-9037-adff01636562,Symo 24.0-3 480 (2),,,24.0,parsed_from_inverter_name,49.85,,
fronius,2025-12-23,d95b5e9d-f2d5-4950-85a9-909e52f727ba,Penner Farms - SE 27-8-13 (site 2),b8a6c9fe-5838-42e7-9faa-adff01636559,Symo 24.0-3 480 (1),,,24.0,parsed_from_inverter_name,46.74,,
fronius,2025-12-23,d95b5e9d-f2d5-4950-85a9-909e52f727ba,Penner Farms - SE 27-8-13 (site 2),c3ec3bd8-8836-45bb-97b7-adff01636570,Symo 24.0-3 480 (3),,,24.0,parsed_from_inverter_name,48.96,,
fronius,2025-12-24,d95b5e9d-f2d5-4950-85a9-909e52f727ba,Penner Farms - SE 27-8-13 (site 2),a9f3ac23-6f93-447b-9037-adff01636562,Symo 24.0-3 480 (2),,,24.0,parsed_from_inverter_name,9.04,,
fronius,2025-12-24,d95b5e9d-f2d5-4950-85a9-909e52f727ba,Penner Farms - SE 27-8-13 (site 2),b8a6c9fe-5838-42e7-9faa-adff01636559,Symo 24.0-3 480 (1),,,24.0,parsed_from_inverter_name,8.95,,
fronius,2025-12-24,d95b5e9d-f2d5-4950-85a9-909e52f727ba,Penner Farms - SE 27-8-13 (site 2),c3ec3bd8-8836-45bb-97b7-adff01636570,Symo 24.0-3 480 (3),,,24.0,parsed_from_inverter_name,9.16,,
fronius,2025-12-25,d95b5e9d-f2d5-4950-85a9-909e52f727ba,Penner Farms - SE 27-8-13 (site 2),a9f3ac23-6f93-447b-9037-adff01636562,Symo 24.0-3 480 (2),,,24.0,parsed_from_inverter_name,99.56,,
fronius,2025-12-25,d95b5e9d-f2d5-4950-85a9-909e52f727ba,Penner Farms - SE 27-8-13 (site 2),b8a6c9fe-5838-42e7-9faa-adff01636559,Symo 24.0-3 480 (1),,,24.0,parsed_from_inverter_name,90.43,,
fronius,2025-12-25,d95b5e9d-f2d5-4950-85a9-909e52f727ba,Penner Farms - SE 27-8-13 (site 2),c3ec3bd8-8836-45bb-97b7-adff01636570,Symo 24.0-3 480 (3),,,24.0,parsed_from_inverter_name,96.91,,
fronius,2025-12-26,d95b5e9d-f2d5-4950-85a9-909e52f727ba,Penner Farms - SE 27-8-13 (site 2),a9f3ac23-6f93-447b-9037-adff01636562,Symo 24.0-3 480 (2),,,24.0,parsed_from_inverter_name,8.35,,
fronius,2025-12-26,d95b5e9d-f2d5-4950-85a9-909e52f727ba,Penner Farms - SE 27-8-13 (site 2),b8a6c9fe-5838-42e7-9faa-adff01636559,Symo 24.0-3 480 (1),,,24.0,parsed_from_inverter_name,8.23,,
fronius,2025-12-26,d95b5e9d-f2d5-4950-85a9-909e52f727ba,Penner Farms - SE 27-8-13 (site 2),c3ec3bd8-8836-45bb-97b7-adff01636570,Symo 24.0-3 480 (3),,,24.0,parsed_from_inverter_name,8.46,,
fronius,2025-12-27,d95b5e9d-f2d5-4950-85a9-909e52f727ba,Penner Farms - SE 27-8-13 (site 2),a9f3ac23-6f93-447b-9037-adff01636562,Symo 24.0-3 480 (2),,,24.0,parsed_from_inverter_name,36.74,,
fronius,2025-12-27,d95b5e9d-f2d5-4950-85a9-909e52f727ba,Penner Farms - SE 27-8-13 (site 2),b8a6c9fe-5838-42e7-9faa-adff01636559,Symo 24.0-3 480 (1),,,24.0,parsed_from_inverter_name,28.07,,
fronius,2025-12-27,d95b5e9d-f2d5-4950-85a9-909e52f727ba,Penner Farms - SE 27-8-13 (site 2),c3ec3bd8-8836-45bb-97b7-adff01636570,Symo 24.0-3 480 (3),,,24.0,parsed_from_inverter_name,35.72,,
fronius,2025-12-28,d95b5e9d-f2d5-4950-85a9-909e52f727ba,Penner Farms - SE 27-8-13 (site 2),a9f3ac23-6f93-447b-9037-adff01636562,Symo 24.0-3 480 (2),,,24.0,parsed_from_inverter_name,74.14,,
fronius,2025-12-28,d95b5e9d-f2d5-4950-85a9-909e52f727ba,Penner Farms - SE 27-8-13 (site 2),b8a6c9fe-5838-42e7-9faa-adff01636559,Symo 24.0-3 480 (1),,,24.0,parsed_from_inverter_name,70.12,,
fronius,2025-12-28,d95b5e9d-f2d5-4950-85a9-909e52f727ba,Penner Farms - SE 27-8-13 (site 2),c3ec3bd8-8836-45bb-97b7-adff01636570,Symo 24.0-3 480 (3),,,24.0,parsed_from_inverter_name,70.85,,
fronius,2025-12-29,d95b5e9d-f2d5-4950-85a9-909e52f727ba,Penner Farms - SE 27-8-13 (site 2),a9f3ac23-6f93-447b-9037-adff01636562,Symo 24.0-3 480 (2),,,24.0,parsed_from_inverter_name,51.14,,
fronius,2025-12-29,d95b5e9d-f2d5-4950-85a9-909e52f727ba,Penner Farms - SE 27-8-13 (site 2),b8a6c9fe-5838-42e7-9faa-adff01636559,Symo 24.0-3 480 (1),,,24.0,parsed_from_inverter_name,48.4,,
fronius,2025-12-29,d95b5e9d-f2d5-4950-85a9-909e52f727ba,Penner Farms - SE 27-8-13 (site 2),c3ec3bd8-8836-45bb-97b7-adff01636570,Symo 24.0-3 480 (3),,,24.0,parsed_from_inverter_name,48.25,,
fronius,2025-12-30,d95b5e9d-f2d5-4950-85a9-909e52f727ba,Penner Farms - SE 27-8-13 (site 2),a9f3ac23-6f93-447b-9037-adff01636562,Symo 24.0-3 480 (2),,,24.0,parsed_from_inverter_name,84.9,,
fronius,2025-12-30,d95b5e9d-f2d5-4950-85a9-909e52f727ba,Penner Farms - SE 27-8-13 (site 2),b8a6c9fe-5838-42e7-9faa-adff01636559,Symo 24.0-3 480 (1),,,24.0,parsed_from_inverter_name,79.33,,
fronius,2025-12-30,d95b5e9d-f2d5-4950-85a9-909e52f727ba,Penner Farms - SE 27-8-13 (site 2),c3ec3bd8-8836-45bb-97b7-adff01636570,Symo 24.0-3 480 (3),,,24.0,parsed_from_inverter_name,82.88,,
fronius,2025-12-31,d95b5e9d-f2d5-4950-85a9-909e52f727ba,Penner Farms - SE 27-8-13 (site 2),a9f3ac23-6f93-447b-9037-adff01636562,Symo 24.0-3 480 (2),,,24.0,parsed_from_inverter_name,41.61,,
fronius,2025-12-31,d95b5e9d-f2d5-4950-85a9-909e52f727ba,Penner Farms - SE 27-8-13 (site 2),b8a6c9fe-5838-42e7-9faa-adff01636559,Symo 24.0-3 480 (1),,,24.0,parsed_from_inverter_name,38.71,,
fronius,2025-12-31,d95b5e9d-f2d5-4950-85a9-909e52f727ba,Penner Farms - SE 27-8-13 (site 2),c3ec3bd8-8836-45bb-97b7-adff01636570,Symo 24.0-3 480 (3),,,24.0,parsed_from_inverter_name,40.89,,
fronius,2026-01-01,d95b5e9d-f2d5-4950-85a9-909e52f727ba,Penner Farms - SE 27-8-13 (site 2),a9f3ac23-6f93-447b-9037-adff01636562,Symo 24.0-3 480 (2),,,24.0,parsed_from_inverter_name,59.97,,
fronius,2026-01-01,d95b5e9d-f2d5-4950-85a9-909e52f727ba,Penner Farms - SE 27-8-13 (site 2),b8a6c9fe-5838-42e7-9faa-adff01636559,Symo 24.0-3 480 (1),,,24.0,parsed_from_inverter_name,54.64,,
fronius,2026-01-01,d95b5e9d-f2d5-4950-85a9-909e52f727ba,Penner Farms - SE 27-8-13 (site 2),c3ec3bd8-8836-45bb-97b7-adff01636570,Symo 24.0-3 480 (3),,,24.0,parsed_from_inverter_name,58.77,,
fronius,2026-01-02,d95b5e9d-f2d5-4950-85a9-909e52f727ba,Penner Farms - SE 27-8-13 (site 2),a9f3ac23-6f93-447b-9037-adff01636562,Symo 24.0-3 480 (2),,,24.0,parsed_from_inverter_name,21.91,,
fronius,2026-01-02,d95b5e9d-f2d5-4950-85a9-909e52f727ba,Penner Farms - SE 27-8-13 (site 2),b8a6c9fe-5838-42e7-9faa-adff01636559,Symo 24.0-3 480 (1),,,24.0,parsed_from_inverter_name,20.83,,
fronius,2026-01-02,d95b5e9d-f2d5-4950-85a9-909e52f727ba,Penner Farms - SE 27-8-13 (site 2),c3ec3bd8-8836-45bb-97b7-adff01636570,Symo 24.0-3 480 (3),,,24.0,parsed_from_inverter_name,21.08,,
fronius,2026-01-03,d95b5e9d-f2d5-4950-85a9-909e52f727ba,Penner Farms - SE 27-8-13 (site 2),a9f3ac23-6f93-447b-9037-adff01636562,Symo 24.0-3 480 (2),,,24.0,parsed_from_inverter_name,47.94,,
fronius,2026-01-03,d95b5e9d-f2d5-4950-85a9-909e52f727ba,Penner Farms - SE 27-8-13 (site 2),b8a6c9fe-5838-42e7-9faa-adff01636559,Symo 24.0-3 480 (1),,,24.0,parsed_from_inverter_name,43.74,,
fronius,2026-01-03,d95b5e9d-f2d5-4950-85a9-909e52f727ba,Penner Farms - SE 27-8-13 (site 2),c3ec3bd8-8836-45bb-97b7-adff01636570,Symo 24.0-3 480 (3),,,24.0,parsed_from_inverter_name,45.76,,
fronius,2026-01-04,d95b5e9d-f2d5-4950-85a9-909e52f727ba,Penner Farms - SE 27-8-13 (site 2),a9f3ac23-6f93-447b-9037-adff01636562,Symo 24.0-3 480 (2),,,24.0,parsed_from_inverter_name,57.02,,
fronius,2026-01-04,d95b5e9d-f2d5-4950-85a9-909e52f727ba,Penner Farms - SE 27-8-13 (site 2),b8a6c9fe-5838-42e7-9faa-adff01636559,Symo 24.0-3 480 (1),,,24.0,parsed_from_inverter_name,54.89,,
fronius,2026-01-04,d95b5e9d-f2d5-4950-85a9-909e52f727ba,Penner Farms - SE 27-8-13 (site 2),c3ec3bd8-8836-45bb-97b7-adff01636570,Symo 24.0-3 480 (3),,,24.0,parsed_from_inverter_name,51.79,,
fronius,2026-01-05,d95b5e9d-f2d5-4950-85a9-909e52f727ba,Penner Farms - SE 27-8-13 (site 2),a9f3ac23-6f93-447b-9037-adff01636562,Symo 24.0-3 480 (2),,,24.0,parsed_from_inverter_name,22.77,,
fronius,2026-01-05,d95b5e9d-f2d5-4950-85a9-909e52f727ba,Penner Farms - SE 27-8-13 (site 2),b8a6c9fe-5838-42e7-9faa-adff01636559,Symo 24.0-3 480 (1),,,24.0,parsed_from_inverter_name,22.45,,
fronius,2026-01-05,d95b5e9d-f2d5-4950-85a9-909e52f727ba,Penner Farms - SE 27-8-13 (site 2),c3ec3bd8-8836-45bb-97b7-adff01636570,Symo 24.0-3 480 (3),,,24.0,parsed_from_inverter_name,22.46,,
fronius,2026-01-06,d95b5e9d-f2d5-4950-85a9-909e52f727ba,Penner Farms - SE 27-8-13 (site 2),a9f3ac23-6f93-447b-9037-adff01636562,Symo 24.0-3 480 (2),,,24.0,parsed_from_inverter_name,19.47,,
fronius,2026-01-06,d95b5e9d-f2d5-4950-85a9-909e52f727ba,Penner Farms - SE 27-8-13 (site 2),b8a6c9fe-5838-42e7-9faa-adff01636559,Symo 24.0-3 480 (1),,,24.0,parsed_from_inverter_name,19.02,,
fronius,2026-01-06,d95b5e9d-f2d5-4950-85a9-909e52f727ba,Penner Farms - SE 27-8-13 (site 2),c3ec3bd8-8836-45bb-97b7-adff01636570,Symo 24.0-3 480 (3),,,24.0,parsed_from_inverter_name,19.58,,
fronius,2026-01-07,d95b5e9d-f2d5-4950-85a9-909e52f727ba,Penner Farms - SE 27-8-13 (site 2),a9f3ac23-6f93-447b-9037-adff01636562,Symo 24.0-3 480 (2),,,24.0,parsed_from_inverter_name,76.7,,
fronius,2026-01-07,d95b5e9d-f2d5-4950-85a9-909e52f727ba,Penner Farms - SE 27-8-13 (site 2),b8a6c9fe-5838-42e7-9faa-adff01636559,Symo 24.0-3 480 (1),,,24.0,parsed_from_inverter_name,72.89,,
fronius,2026-01-07,d95b5e9d-f2d5-4950-85a9-909e52f727ba,Penner Farms - SE 27-8-13 (site 2),c3ec3bd8-8836-45bb-97b7-adff01636570,Symo 24.0-3 480 (3),,,24.0,parsed_from_inverter_name,75.02,,
fronius,2026-01-08,d95b5e9d-f2d5-4950-85a9-909e52f727ba,Penner Farms - SE 27-8-13 (site 2),a9f3ac23-6f93-447b-9037-adff01636562,Symo 24.0-3 480 (2),,,24.0,parsed_from_inverter_name,117.06,,
fronius,2026-01-08,d95b5e9d-f2d5-4950-85a9-909e52f727ba,Penner Farms - SE 27-8-13 (site 2),b8a6c9fe-5838-42e7-9faa-adff01636559,Symo 24.0-3 480 (1),,,24.0,parsed_from_inverter_name,112.57,,
fronius,2026-01-08,d95b5e9d-f2d5-4950-85a9-909e52f727ba,Penner Farms - SE 27-8-13 (site 2),c3ec3bd8-8836-45bb-97b7-adff01636570,Symo 24.0-3 480 (3),,,24.0,parsed_from_inverter_name,113.68,,
fronius,2026-01-09,d95b5e9d-f2d5-4950-85a9-909e52f727ba,Penner Farms - SE 27-8-13 (site 2),a9f3ac23-6f93-447b-9037-adff01636562,Symo 24.0-3 480 (2),,,24.0,parsed_from_inverter_name,85.28,,
fronius,2026-01-09,d95b5e9d-f2d5-4950-85a9-909e52f727ba,Penner Farms - SE 27-8-13 (site 2),b8a6c9fe-5838-42e7-9faa-adff01636559,Symo 24.0-3 480 (1),,,24.0,parsed_from_inverter_name,79.23,,
fronius,2026-01-09,d95b5e9d-f2d5-4950-85a9-909e52f727ba,Penner Farms - SE 27-8-13 (site 2),c3ec3bd8-8836-45bb-97b7-adff01636570,Symo 24.0-3 480 (3),,,24.0,parsed_from_inverter_name,83.34,,
fronius,2026-01-10,d95b5e9d-f2d5-4950-85a9-909e52f727ba,Penner Farms - SE 27-8-13 (site 2),a9f3ac23-6f93-447b-9037-adff01636562,Symo 24.0-3 480 (2),,,24.0,parsed_from_inverter_name,30.29,,
fronius,2026-01-10,d95b5e9d-f2d5-4950-85a9-909e52f727ba,Penner Farms - SE 27-8-13 (site 2),b8a6c9fe-5838-42e7-9faa-adff01636559,Symo 24.0-3 480 (1),,,24.0,parsed_from_inverter_name,29.08,,
fronius,2026-01-10,d95b5e9d-f2d5-4950-85a9-909e52f727ba,Penner Farms - SE 27-8-13 (site 2),c3ec3bd8-8836-45bb-97b7-adff01636570,Symo 24.0-3 480 (3),,,24.0,parsed_from_inverter_name,30.2,,
fronius,2026-01-11,d95b5e9d-f2d5-4950-85a9-909e52f727ba,Penner Farms - SE 27-8-13 (site 2),a9f3ac23-6f93-447b-9037-adff01636562,Symo 24.0-3 480 (2),,,24.0,parsed_from_inverter_name,54.61,,
fronius,2026-01-11,d95b5e9d-f2d5-4950-85a9-909e52f727ba,Penner Farms - SE 27-8-13 (site 2),b8a6c9fe-5838-42e7-9faa-adff01636559,Symo 24.0-3 480 (1),,,24.0,parsed_from_inverter_name,53.0,,
fronius,2026-01-11,d95b5e9d-f2d5-4950-85a9-909e52f727ba,Penner Farms - SE 27-8-13 (site 2),c3ec3bd8-8836-45bb-97b7-adff01636570,Symo 24.0-3 480 (3),,,24.0,parsed_from_inverter_name,53.5,,
fronius,2026-01-12,d95b5e9d-f2d5-4950-85a9-909e52f727ba,Penner Farms - SE 27-8-13 (site 2),a9f3ac23-6f93-447b-9037-adff01636562,Symo 24.0-3 480 (2),,,24.0,parsed_from_inverter_name,17.22,,
fronius,2026-01-12,d95b5e9d-f2d5-4950-85a9-909e52f727ba,Penner Farms - SE 27-8-13 (site 2),b8a6c9fe-5838-42e7-9faa-adff01636559,Symo 24.0-3 480 (1),,,24.0,parsed_from_inverter_name,16.92,,
fronius,2026-01-12,d95b5e9d-f2d5-4950-85a9-909e52f727ba,Penner Farms - SE 27-8-13 (site 2),c3ec3bd8-8836-45bb-97b7-adff01636570,Symo 24.0-3 480 (3),,,24.0,parsed_from_inverter_name,17.19,,
fronius,2026-01-13,d95b5e9d-f2d5-4950-85a9-909e52f727ba,Penner Farms - SE 27-8-13 (site 2),a9f3ac23-6f93-447b-9037-adff01636562,Symo 24.0-3 480 (2),,,24.0,parsed_from_inverter_name,83.79,,
fronius,2026-01-13,d95b5e9d-f2d5-4950-85a9-909e52f727ba,Penner Farms - SE 27-8-13 (site 2),b8a6c9fe-5838-42e7-9faa-adff01636559,Symo 24.0-3 480 (1),,,24.0,parsed_from_inverter_name,79.8,,
fronius,2026-01-13,d95b5e9d-f2d5-4950-85a9-909e52f727ba,Penner Farms - SE 27-8-13 (site 2),c3ec3bd8-8836-45bb-97b7-adff01636570,Symo 24.0-3 480 (3),,,24.0,parsed_from_inverter_name,81.56,,
fronius,2026-01-14,d95b5e9d-f2d5-4950-85a9-909e52f727ba,Penner Farms - SE 27-8-13 (site 2),a9f3ac23-6f93-447b-9037-adff01636562,Symo 24.0-3 480 (2),,,24.0,parsed_from_inverter_name,127.43,,
fronius,2026-01-14,d95b5e9d-f2d5-4950-85a9-909e52f727ba,Penner Farms - SE 27-8-13 (site 2),b8a6c9fe-5838-42e7-9faa-adff01636559,Symo 24.0-3 480 (1),,,24.0,parsed_from_inverter_name,120.19,,
fronius,2026-01-14,d95b5e9d-f2d5-4950-85a9-909e52f727ba,Penner Farms - SE 27-8-13 (site 2),c3ec3bd8-8836-45bb-97b7-adff01636570,Symo 24.0-3 480 (3),,,24.0,parsed_from_inverter_name,123.4,,
fronius,2026-01-15,d95b5e9d-f2d5-4950-85a9-909e52f727ba,Penner Farms - SE 27-8-13 (site 2),a9f3ac23-6f93-447b-9037-adff01636562,Symo 24.0-3 480 (2),,,24.0,parsed_from_inverter_name,47.06,,
fronius,2026-01-15,d95b5e9d-f2d5-4950-85a9-909e52f727ba,Penner Farms - SE 27-8-13 (site 2),b8a6c9fe-5838-42e7-9faa-adff01636559,Symo 24.0-3 480 (1),,,24.0,parsed_from_inverter_name,44.37,,
fronius,2026-01-15,d95b5e9d-f2d5-4950-85a9-909e52f727ba,Penner Farms - SE 27-8-13 (site 2),c3ec3bd8-8836-45bb-97b7-adff01636570,Symo 24.0-3 480 (3),,,24.0,parsed_from_inverter_name,45.67,,
fronius,2026-01-16,d95b5e9d-f2d5-4950-85a9-909e52f727ba,Penner Farms - SE 27-8-13 (site 2),a9f3ac23-6f93-447b-9037-adff01636562,Symo 24.0-3 480 (2),,,24.0,parsed_from_inverter_name,105.99,,
fronius,2026-01-16,d95b5e9d-f2d5-4950-85a9-909e52f727ba,Penner Farms - SE 27-8-13 (site 2),b8a6c9fe-5838-42e7-9faa-adff01636559,Symo 24.0-3 480 (1),,,24.0,parsed_from_inverter_name,102.09,,
fronius,2026-01-16,d95b5e9d-f2d5-4950-85a9-909e52f727ba,Penner Farms - SE 27-8-13 (site 2),c3ec3bd8-8836-45bb-97b7-adff01636570,Symo 24.0-3 480 (3),,,24.0,parsed_from_inverter_name,103.03,,
fronius,2026-01-17,d95b5e9d-f2d5-4950-85a9-909e52f727ba,Penner Farms - SE 27-8-13 (site 2),a9f3ac23-6f93-447b-9037-adff01636562,Symo 24.0-3 480 (2),,,24.0,parsed_from_inverter_name,110.08,,
fronius,2026-01-17,d95b5e9d-f2d5-4950-85a9-909e52f727ba,Penner Farms - SE 27-8-13 (site 2),b8a6c9fe-5838-42e7-9faa-adff01636559,Symo 24.0-3 480 (1),,,24.0,parsed_from_inverter_name,104.39,,
fronius,2026-01-17,d95b5e9d-f2d5-4950-85a9-909e52f727ba,Penner Farms - SE 27-8-13 (site 2),c3ec3bd8-8836-45bb-97b7-adff01636570,Symo 24.0-3 480 (3),,,24.0,parsed_from_inverter_name,107.21,,
fronius,2026-01-18,d95b5e9d-f2d5-4950-85a9-909e52f727ba,Penner Farms - SE 27-8-13 (site 2),a9f3ac23-6f93-447b-9037-adff01636562,Symo 24.0-3 480 (2),,,24.0,parsed_from_inverter_name,74.24,,
fronius,2026-01-18,d95b5e9d-f2d5-4950-85a9-909e52f727ba,Penner Farms - SE 27-8-13 (site 2),b8a6c9fe-5838-42e7-9faa-adff01636559,Symo 24.0-3 480 (1),,,24.0,parsed_from_inverter_name,72.79,,
fronius,2026-01-18,d95b5e9d-f2d5-4950-85a9-909e52f727ba,Penner Farms - SE 27-8-13 (site 2),c3ec3bd8-8836-45bb-97b7-adff01636570,Symo 24.0-3 480 (3),,,24.0,parsed_from_inverter_name,72.23,,
fronius,2026-01-19,d95b5e9d-f2d5-4950-85a9-909e52f727ba,Penner Farms - SE 27-8-13 (site 2),a9f3ac23-6f93-447b-9037-adff01636562,Symo 24.0-3 480 (2),,,24.0,parsed_from_inverter_name,78.83,,
fronius,2026-01-19,d95b5e9d-f2d5-4950-85a9-909e52f727ba,Penner Farms - SE 27-8-13 (site 2),b8a6c9fe-5838-42e7-9faa-adff01636559,Symo 24.0-3 480 (1),,,24.0,parsed_from_inverter_name,74.18,,
fronius,2026-01-19,d95b5e9d-f2d5-4950-85a9-909e52f727ba,Penner Farms - SE 27-8-13 (site 2),c3ec3bd8-8836-45bb-97b7-adff01636570,Symo 24.0-3 480 (3),,,24.0,parsed_from_inverter_name,76.9,,
fronius,2026-01-20,d95b5e9d-f2d5-4950-85a9-909e52f727ba,Penner Farms - SE 27-8-13 (site 2),a9f3ac23-6f93-447b-9037-adff01636562,Symo 24.0-3 480 (2),,,24.0,parsed_from_inverter_name,28.82,,
fronius,2026-01-20,d95b5e9d-f2d5-4950-85a9-909e52f727ba,Penner Farms - SE 27-8-13 (site 2),b8a6c9fe-5838-42e7-9faa-adff01636559,Symo 24.0-3 480 (1),,,24.0,parsed_from_inverter_name,25.17,,
fronius,2026-01-20,d95b5e9d-f2d5-4950-85a9-909e52f727ba,Penner Farms - SE 27-8-13 (site 2),c3ec3bd8-8836-45bb-97b7-adff01636570,Symo 24.0-3 480 (3),,,24.0,parsed_from_inverter_name,27.21,,
fronius,2026-01-21,d95b5e9d-f2d5-4950-85a9-909e52f727ba,Penner Farms - SE 27-8-13 (site 2),a9f3ac23-6f93-447b-9037-adff01636562,Symo 24.0-3 480 (2),,,24.0,parsed_from_inverter_name,113.71,,
fronius,2026-01-21,d95b5e9d-f2d5-4950-85a9-909e52f727ba,Penner Farms - SE 27-8-13 (site 2),b8a6c9fe-5838-42e7-9faa-adff01636559,Symo 24.0-3 480 (1),,,24.0,parsed_from_inverter_name,107.82,,
fronius,2026-01-21,d95b5e9d-f2d5-4950-85a9-909e52f727ba,Penner Farms - SE 27-8-13 (site 2),c3ec3bd8-8836-45bb-97b7-adff01636570,Symo 24.0-3 480 (3),,,24.0,parsed_from_inverter_name,109.77,,
fronius,2026-01-22,d95b5e9d-f2d5-4950-85a9-909e52f727ba,Penner Farms - SE 27-8-13 (site 2),a9f3ac23-6f93-447b-9037-adff01636562,Symo 24.0-3 480 (2),,,24.0,parsed_from_inverter_name,39.54,,
fronius,2026-01-22,d95b5e9d-f2d5-4950-85a9-909e52f727ba,Penner Farms - SE 27-8-13 (site 2),b8a6c9fe-5838-42e7-9faa-adff01636559,Symo 24.0-3 480 (1),,,24.0,parsed_from_inverter_name,39.25,,
fronius,2026-01-22,d95b5e9d-f2d5-4950-85a9-909e52f727ba,Penner Farms - SE 27-8-13 (site 2),c3ec3bd8-8836-45bb-97b7-adff01636570,Symo 24.0-3 480 (3),,,24.0,parsed_from_inverter_name,40.46,,
fronius,2026-01-23,d95b5e9d-f2d5-4950-85a9-909e52f727ba,Penner Farms - SE 27-8-13 (site 2),a9f3ac23-6f93-447b-9037-adff01636562,Symo 24.0-3 480 (2),,,24.0,parsed_from_inverter_name,108.63,,
fronius,2026-01-23,d95b5e9d-f2d5-4950-85a9-909e52f727ba,Penner Farms - SE 27-8-13 (site 2),b8a6c9fe-5838-42e7-9faa-adff01636559,Symo 24.0-3 480 (1),,,24.0,parsed_from_inverter_name,109.01,,
fronius,2026-01-23,d95b5e9d-f2d5-4950-85a9-909e52f727ba,Penner Farms - SE 27-8-13 (site 2),c3ec3bd8-8836-45bb-97b7-adff01636570,Symo 24.0-3 480 (3),,,24.0,parsed_from_inverter_name,109.33,,
fronius,2026-01-24,d95b5e9d-f2d5-4950-85a9-909e52f727ba,Penner Farms - SE 27-8-13 (site 2),a9f3ac23-6f93-447b-9037-adff01636562,Symo 24.0-3 480 (2),,,24.0,parsed_from_inverter_name,34.84,,
fronius,2026-01-24,d95b5e9d-f2d5-4950-85a9-909e52f727ba,Penner Farms - SE 27-8-13 (site 2),b8a6c9fe-5838-42e7-9faa-adff01636559,Symo 24.0-3 480 (1),,,24.0,parsed_from_inverter_name,31.04,,
fronius,2026-01-24,d95b5e9d-f2d5-4950-85a9-909e52f727ba,Penner Farms - SE 27-8-13 (site 2),c3ec3bd8-8836-45bb-97b7-adff01636570,Symo 24.0-3 480 (3),,,24.0,parsed_from_inverter_name,31.5,,
fronius,2026-01-25,d95b5e9d-f2d5-4950-85a9-909e52f727ba,Penner Farms - SE 27-8-13 (site 2),a9f3ac23-6f93-447b-9037-adff01636562,Symo 24.0-3 480 (2),,,24.0,parsed_from_inverter_name,85.99,,
fronius,2026-01-25,d95b5e9d-f2d5-4950-85a9-909e52f727ba,Penner Farms - SE 27-8-13 (site 2),b8a6c9fe-5838-42e7-9faa-adff01636559,Symo 24.0-3 480 (1),,,24.0,parsed_from_inverter_name,81.59,,
fronius,2026-01-25,d95b5e9d-f2d5-4950-85a9-909e52f727ba,Penner Farms - SE 27-8-13 (site 2),c3ec3bd8-8836-45bb-97b7-adff01636570,Symo 24.0-3 480 (3),,,24.0,parsed_from_inverter_name,80.2,,
fronius,2026-01-26,d95b5e9d-f2d5-4950-85a9-909e52f727ba,Penner Farms - SE 27-8-13 (site 2),a9f3ac23-6f93-447b-9037-adff01636562,Symo 24.0-3 480 (2),,,24.0,parsed_from_inverter_name,75.96,,
fronius,2026-01-26,d95b5e9d-f2d5-4950-85a9-909e52f727ba,Penner Farms - SE 27-8-13 (site 2),b8a6c9fe-5838-42e7-9faa-adff01636559,Symo 24.0-3 480 (1),,,24.0,parsed_from_inverter_name,71.33,,
fronius,2026-01-26,d95b5e9d-f2d5-4950-85a9-909e52f727ba,Penner Farms - SE 27-8-13 (site 2),c3ec3bd8-8836-45bb-97b7-adff01636570,Symo 24.0-3 480 (3),,,24.0,parsed_from_inverter_name,75.31,,
fronius,2026-01-27,d95b5e9d-f2d5-4950-85a9-909e52f727ba,Penner Farms - SE 27-8-13 (site 2),a9f3ac23-6f93-447b-9037-adff01636562,Symo 24.0-3 480 (2),,,24.0,parsed_from_inverter_name,137.12,,
fronius,2026-01-27,d95b5e9d-f2d5-4950-85a9-909e52f727ba,Penner Farms - SE 27-8-13 (site 2),b8a6c9fe-5838-42e7-9faa-adff01636559,Symo 24.0-3 480 (1),,,24.0,parsed_from_inverter_name,133.68,,
fronius,2026-01-27,d95b5e9d-f2d5-4950-85a9-909e52f727ba,Penner Farms - SE 27-8-13 (site 2),c3ec3bd8-8836-45bb-97b7-adff01636570,Symo 24.0-3 480 (3),,,24.0,parsed_from_inverter_name,134.72,,
fronius,2026-01-28,d95b5e9d-f2d5-4950-85a9-909e52f727ba,Penner Farms - SE 27-8-13 (site 2),a9f3ac23-6f93-447b-9037-adff01636562,Symo 24.0-3 480 (2),,,24.0,parsed_from_inverter_name,36.33,,
fronius,2026-01-28,d95b5e9d-f2d5-4950-85a9-909e52f727ba,Penner Farms - SE 27-8-13 (site 2),b8a6c9fe-5838-42e7-9faa-adff01636559,Symo 24.0-3 480 (1),,,24.0,parsed_from_inverter_name,35.46,,
fronius,2026-01-28,d95b5e9d-f2d5-4950-85a9-909e52f727ba,Penner Farms - SE 27-8-13 (site 2),c3ec3bd8-8836-45bb-97b7-adff01636570,Symo 24.0-3 480 (3),,,24.0,parsed_from_inverter_name,36.28,,
fronius,2026-01-29,d95b5e9d-f2d5-4950-85a9-909e52f727ba,Penner Farms - SE 27-8-13 (site 2),a9f3ac23-6f93-447b-9037-adff01636562,Symo 24.0-3 480 (2),,,24.0,parsed_from_inverter_name,91.59,,
fronius,2026-01-29,d95b5e9d-f2d5-4950-85a9-909e52f727ba,Penner Farms - SE 27-8-13 (site 2),b8a6c9fe-5838-42e7-9faa-adff01636559,Symo 24.0-3 480 (1),,,24.0,parsed_from_inverter_name,87.84,,
fronius,2026-01-29,d95b5e9d-f2d5-4950-85a9-909e52f727ba,Penner Farms - SE 27-8-13 (site 2),c3ec3bd8-8836-45bb-97b7-adff01636570,Symo 24.0-3 480 (3),,,24.0,parsed_from_inverter_name,89.9,,
fronius,2026-01-30,d95b5e9d-f2d5-4950-85a9-909e52f727ba,Penner Farms - SE 27-8-13 (site 2),a9f3ac23-6f93-447b-9037-adff01636562,Symo 24.0-3 480 (2),,,24.0,parsed_from_inverter_name,52.72,,
fronius,2026-01-30,d95b5e9d-f2d5-4950-85a9-909e52f727ba,Penner Farms - SE 27-8-13 (site 2),b8a6c9fe-5838-42e7-9faa-adff01636559,Symo 24.0-3 480 (1),,,24.0,parsed_from_inverter_name,51.65,,
fronius,2026-01-30,d95b5e9d-f2d5-4950-85a9-909e52f727ba,Penner Farms - SE 27-8-13 (site 2),c3ec3bd8-8836-45bb-97b7-adff01636570,Symo 24.0-3 480 (3),,,24.0,parsed_from_inverter_name,52.18,,
fronius,2026-01-31,d95b5e9d-f2d5-4950-85a9-909e52f727ba,Penner Farms - SE 27-8-13 (site 2),a9f3ac23-6f93-447b-9037-adff01636562,Symo 24.0-3 480 (2),,,24.0,parsed_from_inverter_name,120.1,,
fronius,2026-01-31,d95b5e9d-f2d5-4950-85a9-909e52f727ba,Penner Farms - SE 27-8-13 (site 2),b8a6c9fe-5838-42e7-9faa-adff01636559,Symo 24.0-3 480 (1),,,24.0,parsed_from_inverter_name,116.6,,
fronius,2026-01-31,d95b5e9d-f2d5-4950-85a9-909e52f727ba,Penner Farms - SE 27-8-13 (site 2),c3ec3bd8-8836-45bb-97b7-adff01636570,Symo 24.0-3 480 (3),,,24.0,parsed_from_inverter_name,117.94,,
fronius,2026-02-01,d95b5e9d-f2d5-4950-85a9-909e52f727ba,Penner Farms - SE 27-8-13 (site 2),a9f3ac23-6f93-447b-9037-adff01636562,Symo 24.0-3 480 (2),,,24.0,parsed_from_inverter_name,40.15,,
fronius,2026-02-01,d95b5e9d-f2d5-4950-85a9-909e52f727ba,Penner Farms - SE 27-8-13 (site 2),b8a6c9fe-5838-42e7-9faa-adff01636559,Symo 24.0-3 480 (1),,,24.0,parsed_from_inverter_name,39.13,,
fronius,2026-02-01,d95b5e9d-f2d5-4950-85a9-909e52f727ba,Penner Farms - SE 27-8-13 (site 2),c3ec3bd8-8836-45bb-97b7-adff01636570,Symo 24.0-3 480 (3),,,24.0,parsed_from_inverter_name,39.77,,
fronius,2026-02-02,d95b5e9d-f2d5-4950-85a9-909e52f727ba,Penner Farms - SE 27-8-13 (site 2),a9f3ac23-6f93-447b-9037-adff01636562,Symo 24.0-3 480 (2),,,24.0,parsed_from_inverter_name,129.3,,
fronius,2026-02-02,d95b5e9d-f2d5-4950-85a9-909e52f727ba,Penner Farms - SE 27-8-13 (site 2),b8a6c9fe-5838-42e7-9faa-adff01636559,Symo 24.0-3 480 (1),,,24.0,parsed_from_inverter_name,126.37,,
fronius,2026-02-02,d95b5e9d-f2d5-4950-85a9-909e52f727ba,Penner Farms - SE 27-8-13 (site 2),c3ec3bd8-8836-45bb-97b7-adff01636570,Symo 24.0-3 480 (3),,,24.0,parsed_from_inverter_name,126.78,,
fronius,2026-02-03,d95b5e9d-f2d5-4950-85a9-909e52f727ba,Penner Farms - SE 27-8-13 (site 2),a9f3ac23-6f93-447b-9037-adff01636562,Symo 24.0-3 480 (2),,,24.0,parsed_from_inverter_name,96.09,,
fronius,2026-02-03,d95b5e9d-f2d5-4950-85a9-909e52f727ba,Penner Farms - SE 27-8-13 (site 2),b8a6c9fe-5838-42e7-9faa-adff01636559,Symo 24.0-3 480 (1),,,24.0,parsed_from_inverter_name,93.33,,
fronius,2026-02-03,d95b5e9d-f2d5-4950-85a9-909e52f727ba,Penner Farms - SE 27-8-13 (site 2),c3ec3bd8-8836-45bb-97b7-adff01636570,Symo 24.0-3 480 (3),,,24.0,parsed_from_inverter_name,94.47,,
fronius,2026-02-04,d95b5e9d-f2d5-4950-85a9-909e52f727ba,Penner Farms - SE 27-8-13 (site 2),a9f3ac23-6f93-447b-9037-adff01636562,Symo 24.0-3 480 (2),,,24.0,parsed_from_inverter_name,80.25,,
fronius,2026-02-04,d95b5e9d-f2d5-4950-85a9-909e52f727ba,Penner Farms - SE 27-8-13 (site 2),b8a6c9fe-5838-42e7-9faa-adff01636559,Symo 24.0-3 480 (1),,,24.0,parsed_from_inverter_name,78.95,,
fronius,2026-02-04,d95b5e9d-f2d5-4950-85a9-909e52f727ba,Penner Farms - SE 27-8-13 (site 2),c3ec3bd8-8836-45bb-97b7-adff01636570,Symo 24.0-3 480 (3),,,24.0,parsed_from_inverter_name,78.93,,
fronius,2026-02-05,d95b5e9d-f2d5-4950-85a9-909e52f727ba,Penner Farms - SE 27-8-13 (site 2),a9f3ac23-6f93-447b-9037-adff01636562,Symo 24.0-3 480 (2),,,24.0,parsed_from_inverter_name,146.09,,
fronius,2026-02-05,d95b5e9d-f2d5-4950-85a9-909e52f727ba,Penner Farms - SE 27-8-13 (site 2),b8a6c9fe-5838-42e7-9faa-adff01636559,Symo 24.0-3 480 (1),,,24.0,parsed_from_inverter_name,142.47,,
fronius,2026-02-05,d95b5e9d-f2d5-4950-85a9-909e52f727ba,Penner Farms - SE 27-8-13 (site 2),c3ec3bd8-8836-45bb-97b7-adff01636570,Symo 24.0-3 480 (3),,,24.0,parsed_from_inverter_name,143.13,,
fronius,2026-02-06,d95b5e9d-f2d5-4950-85a9-909e52f727ba,Penner Farms - SE 27-8-13 (site 2),a9f3ac23-6f93-447b-9037-adff01636562,Symo 24.0-3 480 (2),,,24.0,parsed_from_inverter_name,121.09,,
fronius,2026-02-06,d95b5e9d-f2d5-4950-85a9-909e52f727ba,Penner Farms - SE 27-8-13 (site 2),b8a6c9fe-5838-42e7-9faa-adff01636559,Symo 24.0-3 480 (1),,,24.0,parsed_from_inverter_name,118.06,,
fronius,2026-02-06,d95b5e9d-f2d5-4950-85a9-909e52f727ba,Penner Farms - SE 27-8-13 (site 2),c3ec3bd8-8836-45bb-97b7-adff01636570,Symo 24.0-3 480 (3),,,24.0,parsed_from_inverter_name,119.04,,
fronius,2026-02-07,d95b5e9d-f2d5-4950-85a9-909e52f727ba,Penner Farms - SE 27-8-13 (site 2),a9f3ac23-6f93-447b-9037-adff01636562,Symo 24.0-3 480 (2),,,24.0,parsed_from_inverter_name,117.54,,
fronius,2026-02-07,d95b5e9d-f2d5-4950-85a9-909e52f727ba,Penner Farms - SE 27-8-13 (site 2),b8a6c9fe-5838-42e7-9faa-adff01636559,Symo 24.0-3 480 (1),,,24.0,parsed_from_inverter_name,115.7,,
fronius,2026-02-07,d95b5e9d-f2d5-4950-85a9-909e52f727ba,Penner Farms - SE 27-8-13 (site 2),c3ec3bd8-8836-45bb-97b7-adff01636570,Symo 24.0-3 480 (3),,,24.0,parsed_from_inverter_name,115.55,,
fronius,2026-02-08,d95b5e9d-f2d5-4950-85a9-909e52f727ba,Penner Farms - SE 27-8-13 (site 2),a9f3ac23-6f93-447b-9037-adff01636562,Symo 24.0-3 480 (2),,,24.0,parsed_from_inverter_name,57.68,,
fronius,2026-02-08,d95b5e9d-f2d5-4950-85a9-909e52f727ba,Penner Farms - SE 27-8-13 (site 2),b8a6c9fe-5838-42e7-9faa-adff01636559,Symo 24.0-3 480 (1),,,24.0,parsed_from_inverter_name,56.0,,
fronius,2026-02-08,d95b5e9d-f2d5-4950-85a9-909e52f727ba,Penner Farms - SE 27-8-13 (site 2),c3ec3bd8-8836-45bb-97b7-adff01636570,Symo 24.0-3 480 (3),,,24.0,parsed_from_inverter_name,57.16,,
fronius,2026-02-09,d95b5e9d-f2d5-4950-85a9-909e52f727ba,Penner Farms - SE 27-8-13 (site 2),a9f3ac23-6f93-447b-9037-adff01636562,Symo 24.0-3 480 (2),,,24.0,parsed_from_inverter_name,75.84,,
fronius,2026-02-09,d95b5e9d-f2d5-4950-85a9-909e52f727ba,Penner Farms - SE 27-8-13 (site 2),b8a6c9fe-5838-42e7-9faa-adff01636559,Symo 24.0-3 480 (1),,,24.0,parsed_from_inverter_name,74.45,,
fronius,2026-02-09,d95b5e9d-f2d5-4950-85a9-909e52f727ba,Penner Farms - SE 27-8-13 (site 2),c3ec3bd8-8836-45bb-97b7-adff01636570,Symo 24.0-3 480 (3),,,24.0,parsed_from_inverter_name,74.6,,
fronius,2026-02-10,d95b5e9d-f2d5-4950-85a9-909e52f727ba,Penner Farms - SE 27-8-13 (site 2),a9f3ac23-6f93-447b-9037-adff01636562,Symo 24.0-3 480 (2),,,24.0,parsed_from_inverter_name,159.81,,
fronius,2026-02-10,d95b5e9d-f2d5-4950-85a9-909e52f727ba,Penner Farms - SE 27-8-13 (site 2),b8a6c9fe-5838-42e7-9faa-adff01636559,Symo 24.0-3 480 (1),,,24.0,parsed_from_inverter_name,157.13,,
fronius,2026-02-10,d95b5e9d-f2d5-4950-85a9-909e52f727ba,Penner Farms - SE 27-8-13 (site 2),c3ec3bd8-8836-45bb-97b7-adff01636570,Symo 24.0-3 480 (3),,,24.0,parsed_from_inverter_name,156.98,,
fronius,2026-02-11,d95b5e9d-f2d5-4950-85a9-909e52f727ba,Penner Farms - SE 27-8-13 (site 2),a9f3ac23-6f93-447b-9037-adff01636562,Symo 24.0-3 480 (2),,,24.0,parsed_from_inverter_name,159.02,,
fronius,2026-02-11,d95b5e9d-f2d5-4950-85a9-909e52f727ba,Penner Farms - SE 27-8-13 (site 2),b8a6c9fe-5838-42e7-9faa-adff01636559,Symo 24.0-3 480 (1),,,24.0,parsed_from_inverter_name,156.39,,
fronius,2026-02-11,d95b5e9d-f2d5-4950-85a9-909e52f727ba,Penner Farms - SE 27-8-13 (site 2),c3ec3bd8-8836-45bb-97b7-adff01636570,Symo 24.0-3 480 (3),,,24.0,parsed_from_inverter_name,156.16,,
fronius,2026-02-12,d95b5e9d-f2d5-4950-85a9-909e52f727ba,Penner Farms - SE 27-8-13 (site 2),a9f3ac23-6f93-447b-9037-adff01636562,Symo 24.0-3 480 (2),,,24.0,parsed_from_inverter_name,106.38,,
fronius,2026-02-12,d95b5e9d-f2d5-4950-85a9-909e52f727ba,Penner Farms - SE 27-8-13 (site 2),b8a6c9fe-5838-42e7-9faa-adff01636559,Symo 24.0-3 480 (1),,,24.0,parsed_from_inverter_name,104.65,,
fronius,2026-02-12,d95b5e9d-f2d5-4950-85a9-909e52f727ba,Penner Farms - SE 27-8-13 (site 2),c3ec3bd8-8836-45bb-97b7-adff01636570,Symo 24.0-3 480 (3),,,24.0,parsed_from_inverter_name,105.18,,
fronius,2026-02-13,d95b5e9d-f2d5-4950-85a9-909e52f727ba,Penner Farms - SE 27-8-13 (site 2),a9f3ac23-6f93-447b-9037-adff01636562,Symo 24.0-3 480 (2),,,24.0,parsed_from_inverter_name,69.76,,
fronius,2026-02-13,d95b5e9d-f2d5-4950-85a9-909e52f727ba,Penner Farms - SE 27-8-13 (site 2),b8a6c9fe-5838-42e7-9faa-adff01636559,Symo 24.0-3 480 (1),,,24.0,parsed_from_inverter_name,68.85,,
fronius,2026-02-13,d95b5e9d-f2d5-4950-85a9-909e52f727ba,Penner Farms - SE 27-8-13 (site 2),c3ec3bd8-8836-45bb-97b7-adff01636570,Symo 24.0-3 480 (3),,,24.0,parsed_from_inverter_name,69.36,,
fronius,2026-02-14,d95b5e9d-f2d5-4950-85a9-909e52f727ba,Penner Farms - SE 27-8-13 (site 2),a9f3ac23-6f93-447b-9037-adff01636562,Symo 24.0-3 480 (2),,,24.0,parsed_from_inverter_name,143.03,,
fronius,2026-02-14,d95b5e9d-f2d5-4950-85a9-909e52f727ba,Penner Farms - SE 27-8-13 (site 2),b8a6c9fe-5838-42e7-9faa-adff01636559,Symo 24.0-3 480 (1),,,24.0,parsed_from_inverter_name,141.47,,
fronius,2026-02-14,d95b5e9d-f2d5-4950-85a9-909e52f727ba,Penner Farms - SE 27-8-13 (site 2),c3ec3bd8-8836-45bb-97b7-adff01636570,Symo 24.0-3 480 (3),,,24.0,parsed_from_inverter_name,140.93,,
fronius,2026-02-15,d95b5e9d-f2d5-4950-85a9-909e52f727ba,Penner Farms - SE 27-8-13 (site 2),a9f3ac23-6f93-447b-9037-adff01636562,Symo 24.0-3 480 (2),,,24.0,parsed_from_inverter_name,164.54,,
fronius,2026-02-15,d95b5e9d-f2d5-4950-85a9-909e52f727ba,Penner Farms - SE 27-8-13 (site 2),b8a6c9fe-5838-42e7-9faa-adff01636559,Symo 24.0-3 480 (1),,,24.0,parsed_from_inverter_name,163.08,,
fronius,2026-02-15,d95b5e9d-f2d5-4950-85a9-909e52f727ba,Penner Farms - SE 27-8-13 (site 2),c3ec3bd8-8836-45bb-97b7-adff01636570,Symo 24.0-3 480 (3),,,24.0,parsed_from_inverter_name,162.01,,
fronius,2026-02-16,d95b5e9d-f2d5-4950-85a9-909e52f727ba,Penner Farms - SE 27-8-13 (site 2),a9f3ac23-6f93-447b-9037-adff01636562,Symo 24.0-3 480 (2),,,24.0,parsed_from_inverter_name,106.48,,
fronius,2026-02-16,d95b5e9d-f2d5-4950-85a9-909e52f727ba,Penner Farms - SE 27-8-13 (site 2),b8a6c9fe-5838-42e7-9faa-adff01636559,Symo 24.0-3 480 (1),,,24.0,parsed_from_inverter_name,104.85,,
fronius,2026-02-16,d95b5e9d-f2d5-4950-85a9-909e52f727ba,Penner Farms - SE 27-8-13 (site 2),c3ec3bd8-8836-45bb-97b7-adff01636570,Symo 24.0-3 480 (3),,,24.0,parsed_from_inverter_name,105.59,,
fronius,2026-02-17,d95b5e9d-f2d5-4950-85a9-909e52f727ba,Penner Farms - SE 27-8-13 (site 2),a9f3ac23-6f93-447b-9037-adff01636562,Symo 24.0-3 480 (2),,,24.0,parsed_from_inverter_name,32.87,,
fronius,2026-02-17,d95b5e9d-f2d5-4950-85a9-909e52f727ba,Penner Farms - SE 27-8-13 (site 2),b8a6c9fe-5838-42e7-9faa-adff01636559,Symo 24.0-3 480 (1),,,24.0,parsed_from_inverter_name,32.06,,
fronius,2026-02-17,d95b5e9d-f2d5-4950-85a9-909e52f727ba,Penner Farms - SE 27-8-13 (site 2),c3ec3bd8-8836-45bb-97b7-adff01636570,Symo 24.0-3 480 (3),,,24.0,parsed_from_inverter_name,32.71,,
fronius,2026-02-18,d95b5e9d-f2d5-4950-85a9-909e52f727ba,Penner Farms - SE 27-8-13 (site 2),a9f3ac23-6f93-447b-9037-adff01636562,Symo 24.0-3 480 (2),,,24.0,parsed_from_inverter_name,103.97,,
fronius,2026-02-18,d95b5e9d-f2d5-4950-85a9-909e52f727ba,Penner Farms - SE 27-8-13 (site 2),b8a6c9fe-5838-42e7-9faa-adff01636559,Symo 24.0-3 480 (1),,,24.0,parsed_from_inverter_name,101.6,,
fronius,2026-02-18,d95b5e9d-f2d5-4950-85a9-909e52f727ba,Penner Farms - SE 27-8-13 (site 2),c3ec3bd8-8836-45bb-97b7-adff01636570,Symo 24.0-3 480 (3),,,24.0,parsed_from_inverter_name,103.07,,
fronius,2026-02-19,d95b5e9d-f2d5-4950-85a9-909e52f727ba,Penner Farms - SE 27-8-13 (site 2),a9f3ac23-6f93-447b-9037-adff01636562,Symo 24.0-3 480 (2),,,24.0,parsed_from_inverter_name,149.2,,
fronius,2026-02-19,d95b5e9d-f2d5-4950-85a9-909e52f727ba,Penner Farms - SE 27-8-13 (site 2),b8a6c9fe-5838-42e7-9faa-adff01636559,Symo 24.0-3 480 (1),,,24.0,parsed_from_inverter_name,149.66,,
fronius,2026-02-19,d95b5e9d-f2d5-4950-85a9-909e52f727ba,Penner Farms - SE 27-8-13 (site 2),c3ec3bd8-8836-45bb-97b7-adff01636570,Symo 24.0-3 480 (3),,,24.0,parsed_from_inverter_name,143.04,,
fronius,2026-02-20,d95b5e9d-f2d5-4950-85a9-909e52f727ba,Penner Farms - SE 27-8-13 (site 2),a9f3ac23-6f93-447b-9037-adff01636562,Symo 24.0-3 480 (2),,,24.0,parsed_from_inverter_name,141.65,,
fronius,2026-02-20,d95b5e9d-f2d5-4950-85a9-909e52f727ba,Penner Farms - SE 27-8-13 (site 2),b8a6c9fe-5838-42e7-9faa-adff01636559,Symo 24.0-3 480 (1),,,24.0,parsed_from_inverter_name,149.31,,
fronius,2026-02-20,d95b5e9d-f2d5-4950-85a9-909e52f727ba,Penner Farms - SE 27-8-13 (site 2),c3ec3bd8-8836-45bb-97b7-adff01636570,Symo 24.0-3 480 (3),,,24.0,parsed_from_inverter_name,139.4,,
fronius,2026-02-21,d95b5e9d-f2d5-4950-85a9-909e52f727ba,Penner Farms - SE 27-8-13 (site 2),a9f3ac23-6f93-447b-9037-adff01636562,Symo 24.0-3 480 (2),,,24.0,parsed_from_inverter_name,177.6,,
fronius,2026-02-21,d95b5e9d-f2d5-4950-85a9-909e52f727ba,Penner Farms - SE 27-8-13 (site 2),b8a6c9fe-5838-42e7-9faa-adff01636559,Symo 24.0-3 480 (1),,,24.0,parsed_from_inverter_name,177.12,,
fronius,2026-02-21,d95b5e9d-f2d5-4950-85a9-909e52f727ba,Penner Farms - SE 27-8-13 (site 2),c3ec3bd8-8836-45bb-97b7-adff01636570,Symo 24.0-3 480 (3),,,24.0,parsed_from_inverter_name,177.71,,
fronius,2026-02-22,d95b5e9d-f2d5-4950-85a9-909e52f727ba,Penner Farms - SE 27-8-13 (site 2),a9f3ac23-6f93-447b-9037-adff01636562,Symo 24.0-3 480 (2),,,24.0,parsed_from_inverter_name,164.31,,
fronius,2026-02-22,d95b5e9d-f2d5-4950-85a9-909e52f727ba,Penner Farms - SE 27-8-13 (site 2),b8a6c9fe-5838-42e7-9faa-adff01636559,Symo 24.0-3 480 (1),,,24.0,parsed_from_inverter_name,160.0,,
fronius,2026-02-22,d95b5e9d-f2d5-4950-85a9-909e52f727ba,Penner Farms - SE 27-8-13 (site 2),c3ec3bd8-8836-45bb-97b7-adff01636570,Symo 24.0-3 480 (3),,,24.0,parsed_from_inverter_name,162.74,,
fronius,2026-02-23,d95b5e9d-f2d5-4950-85a9-909e52f727ba,Penner Farms - SE 27-8-13 (site 2),a9f3ac23-6f93-447b-9037-adff01636562,Symo 24.0-3 480 (2),,,24.0,parsed_from_inverter_name,118.54,,
fronius,2026-02-23,d95b5e9d-f2d5-4950-85a9-909e52f727ba,Penner Farms - SE 27-8-13 (site 2),b8a6c9fe-5838-42e7-9faa-adff01636559,Symo 24.0-3 480 (1),,,24.0,parsed_from_inverter_name,116.9,,
fronius,2026-02-23,d95b5e9d-f2d5-4950-85a9-909e52f727ba,Penner Farms - SE 27-8-13 (site 2),c3ec3bd8-8836-45bb-97b7-adff01636570,Symo 24.0-3 480 (3),,,24.0,parsed_from_inverter_name,117.97,,
fronius,2026-02-24,d95b5e9d-f2d5-4950-85a9-909e52f727ba,Penner Farms - SE 27-8-13 (site 2),a9f3ac23-6f93-447b-9037-adff01636562,Symo 24.0-3 480 (2),,,24.0,parsed_from_inverter_name,174.71,,
fronius,2026-02-24,d95b5e9d-f2d5-4950-85a9-909e52f727ba,Penner Farms - SE 27-8-13 (site 2),b8a6c9fe-5838-42e7-9faa-adff01636559,Symo 24.0-3 480 (1),,,24.0,parsed_from_inverter_name,172.53,,
fronius,2026-02-24,d95b5e9d-f2d5-4950-85a9-909e52f727ba,Penner Farms - SE 27-8-13 (site 2),c3ec3bd8-8836-45bb-97b7-adff01636570,Symo 24.0-3 480 (3),,,24.0,parsed_from_inverter_name,172.93,,
fronius,2026-02-25,d95b5e9d-f2d5-4950-85a9-909e52f727ba,Penner Farms - SE 27-8-13 (site 2),a9f3ac23-6f93-447b-9037-adff01636562,Symo 24.0-3 480 (2),,,24.0,parsed_from_inverter_name,101.03,,
fronius,2026-02-25,d95b5e9d-f2d5-4950-85a9-909e52f727ba,Penner Farms - SE 27-8-13 (site 2),b8a6c9fe-5838-42e7-9faa-adff01636559,Symo 24.0-3 480 (1),,,24.0,parsed_from_inverter_name,99.63,,
fronius,2026-02-25,d95b5e9d-f2d5-4950-85a9-909e52f727ba,Penner Farms - SE 27-8-13 (site 2),c3ec3bd8-8836-45bb-97b7-adff01636570,Symo 24.0-3 480 (3),,,24.0,parsed_from_inverter_name,100.24,,
fronius,2026-02-26,d95b5e9d-f2d5-4950-85a9-909e52f727ba,Penner Farms - SE 27-8-13 (site 2),a9f3ac23-6f93-447b-9037-adff01636562,Symo 24.0-3 480 (2),,,24.0,parsed_from_inverter_name,33.04,,
fronius,2026-02-26,d95b5e9d-f2d5-4950-85a9-909e52f727ba,Penner Farms - SE 27-8-13 (site 2),b8a6c9fe-5838-42e7-9faa-adff01636559,Symo 24.0-3 480 (1),,,24.0,parsed_from_inverter_name,32.45,,
fronius,2026-02-26,d95b5e9d-f2d5-4950-85a9-909e52f727ba,Penner Farms - SE 27-8-13 (site 2),c3ec3bd8-8836-45bb-97b7-adff01636570,Symo 24.0-3 480 (3),,,24.0,parsed_from_inverter_name,32.61,,
fronius,2026-02-27,d95b5e9d-f2d5-4950-85a9-909e52f727ba,Penner Farms - SE 27-8-13 (site 2),a9f3ac23-6f93-447b-9037-adff01636562,Symo 24.0-3 480 (2),,,24.0,parsed_from_inverter_name,53.09,,
fronius,2026-02-27,d95b5e9d-f2d5-4950-85a9-909e52f727ba,Penner Farms - SE 27-8-13 (site 2),b8a6c9fe-5838-42e7-9faa-adff01636559,Symo 24.0-3 480 (1),,,24.0,parsed_from_inverter_name,52.04,,
fronius,2026-02-27,d95b5e9d-f2d5-4950-85a9-909e52f727ba,Penner Farms - SE 27-8-13 (site 2),c3ec3bd8-8836-45bb-97b7-adff01636570,Symo 24.0-3 480 (3),,,24.0,parsed_from_inverter_name,52.84,,
fronius,2026-02-28,d95b5e9d-f2d5-4950-85a9-909e52f727ba,Penner Farms - SE 27-8-13 (site 2),a9f3ac23-6f93-447b-9037-adff01636562,Symo 24.0-3 480 (2),,,24.0,parsed_from_inverter_name,108.49,,
fronius,2026-02-28,d95b5e9d-f2d5-4950-85a9-909e52f727ba,Penner Farms - SE 27-8-13 (site 2),b8a6c9fe-5838-42e7-9faa-adff01636559,Symo 24.0-3 480 (1),,,24.0,parsed_from_inverter_name,107.98,,
fronius,2026-02-28,d95b5e9d-f2d5-4950-85a9-909e52f727ba,Penner Farms - SE 27-8-13 (site 2),c3ec3bd8-8836-45bb-97b7-adff01636570,Symo 24.0-3 480 (3),,,24.0,parsed_from_inverter_name,109.13,,
fronius,2026-03-01,d95b5e9d-f2d5-4950-85a9-909e52f727ba,Penner Farms - SE 27-8-13 (site 2),a9f3ac23-6f93-447b-9037-adff01636562,Symo 24.0-3 480 (2),,,24.0,parsed_from_inverter_name,178.89,,
fronius,2026-03-01,d95b5e9d-f2d5-4950-85a9-909e52f727ba,Penner Farms - SE 27-8-13 (site 2),b8a6c9fe-5838-42e7-9faa-adff01636559,Symo 24.0-3 480 (1),,,24.0,parsed_from_inverter_name,176.86,,
fronius,2026-03-01,d95b5e9d-f2d5-4950-85a9-909e52f727ba,Penner Farms - SE 27-8-13 (site 2),c3ec3bd8-8836-45bb-97b7-adff01636570,Symo 24.0-3 480 (3),,,24.0,parsed_from_inverter_name,177.21,,
fronius,2026-03-02,d95b5e9d-f2d5-4950-85a9-909e52f727ba,Penner Farms - SE 27-8-13 (site 2),a9f3ac23-6f93-447b-9037-adff01636562,Symo 24.0-3 480 (2),,,24.0,parsed_from_inverter_name,173.81,,
fronius,2026-03-02,d95b5e9d-f2d5-4950-85a9-909e52f727ba,Penner Farms - SE 27-8-13 (site 2),b8a6c9fe-5838-42e7-9faa-adff01636559,Symo 24.0-3 480 (1),,,24.0,parsed_from_inverter_name,172.72,,
fronius,2026-03-02,d95b5e9d-f2d5-4950-85a9-909e52f727ba,Penner Farms - SE 27-8-13 (site 2),c3ec3bd8-8836-45bb-97b7-adff01636570,Symo 24.0-3 480 (3),,,24.0,parsed_from_inverter_name,172.35,,
fronius,2026-03-03,d95b5e9d-f2d5-4950-85a9-909e52f727ba,Penner Farms - SE 27-8-13 (site 2),a9f3ac23-6f93-447b-9037-adff01636562,Symo 24.0-3 480 (2),,,24.0,parsed_from_inverter_name,47.27,,
fronius,2026-03-03,d95b5e9d-f2d5-4950-85a9-909e52f727ba,Penner Farms - SE 27-8-13 (site 2),b8a6c9fe-5838-42e7-9faa-adff01636559,Symo 24.0-3 480 (1),,,24.0,parsed_from_inverter_name,46.4,,
fronius,2026-03-03,d95b5e9d-f2d5-4950-85a9-909e52f727ba,Penner Farms - SE 27-8-13 (site 2),c3ec3bd8-8836-45bb-97b7-adff01636570,Symo 24.0-3 480 (3),,,24.0,parsed_from_inverter_name,47.27,,
fronius,2026-03-04,d95b5e9d-f2d5-4950-85a9-909e52f727ba,Penner Farms - SE 27-8-13 (site 2),a9f3ac23-6f93-447b-9037-adff01636562,Symo 24.0-3 480 (2),,,24.0,parsed_from_inverter_name,58.27,,
fronius,2026-03-04,d95b5e9d-f2d5-4950-85a9-909e52f727ba,Penner Farms - SE 27-8-13 (site 2),b8a6c9fe-5838-42e7-9faa-adff01636559,Symo 24.0-3 480 (1),,,24.0,parsed_from_inverter_name,57.4,,
fronius,2026-03-04,d95b5e9d-f2d5-4950-85a9-909e52f727ba,Penner Farms - SE 27-8-13 (site 2),c3ec3bd8-8836-45bb-97b7-adff01636570,Symo 24.0-3 480 (3),,,24.0,parsed_from_inverter_name,58.21,,
fronius,2026-03-05,d95b5e9d-f2d5-4950-85a9-909e52f727ba,Penner Farms - SE 27-8-13 (site 2),a9f3ac23-6f93-447b-9037-adff01636562,Symo 24.0-3 480 (2),,,24.0,parsed_from_inverter_name,120.1,,
fronius,2026-03-05,d95b5e9d-f2d5-4950-85a9-909e52f727ba,Penner Farms - SE 27-8-13 (site 2),b8a6c9fe-5838-42e7-9faa-adff01636559,Symo 24.0-3 480 (1),,,24.0,parsed_from_inverter_name,118.79,,
fronius,2026-03-05,d95b5e9d-f2d5-4950-85a9-909e52f727ba,Penner Farms - SE 27-8-13 (site 2),c3ec3bd8-8836-45bb-97b7-adff01636570,Symo 24.0-3 480 (3),,,24.0,parsed_from_inverter_name,118.82,,
fronius,2026-03-06,d95b5e9d-f2d5-4950-85a9-909e52f727ba,Penner Farms - SE 27-8-13 (site 2),a9f3ac23-6f93-447b-9037-adff01636562,Symo 24.0-3 480 (2),,,24.0,parsed_from_inverter_name,180.89,,
fronius,2026-03-06,d95b5e9d-f2d5-4950-85a9-909e52f727ba,Penner Farms - SE 27-8-13 (site 2),b8a6c9fe-5838-42e7-9faa-adff01636559,Symo 24.0-3 480 (1),,,24.0,parsed_from_inverter_name,102.99,,
fronius,2026-03-06,d95b5e9d-f2d5-4950-85a9-909e52f727ba,Penner Farms - SE 27-8-13 (site 2),c3ec3bd8-8836-45bb-97b7-adff01636570,Symo 24.0-3 480 (3),,,24.0,parsed_from_inverter_name,179.34,,
fronius,2026-03-07,d95b5e9d-f2d5-4950-85a9-909e52f727ba,Penner Farms - SE 27-8-13 (site 2),a9f3ac23-6f93-447b-9037-adff01636562,Symo 24.0-3 480 (2),,,24.0,parsed_from_inverter_name,144.91,,
fronius,2026-03-07,d95b5e9d-f2d5-4950-85a9-909e52f727ba,Penner Farms - SE 27-8-13 (site 2),b8a6c9fe-5838-42e7-9faa-adff01636559,Symo 24.0-3 480 (1),,,24.0,parsed_from_inverter_name,143.3,,
fronius,2026-03-07,d95b5e9d-f2d5-4950-85a9-909e52f727ba,Penner Farms - SE 27-8-13 (site 2),c3ec3bd8-8836-45bb-97b7-adff01636570,Symo 24.0-3 480 (3),,,24.0,parsed_from_inverter_name,142.97,,
fronius,2026-03-08,d95b5e9d-f2d5-4950-85a9-909e52f727ba,Penner Farms - SE 27-8-13 (site 2),a9f3ac23-6f93-447b-9037-adff01636562,Symo 24.0-3 480 (2),,,24.0,parsed_from_inverter_name,85.77,,
fronius,2026-03-08,d95b5e9d-f2d5-4950-85a9-909e52f727ba,Penner Farms - SE 27-8-13 (site 2),b8a6c9fe-5838-42e7-9faa-adff01636559,Symo 24.0-3 480 (1),,,24.0,parsed_from_inverter_name,85.07,,
fronius,2026-03-08,d95b5e9d-f2d5-4950-85a9-909e52f727ba,Penner Farms - SE 27-8-13 (site 2),c3ec3bd8-8836-45bb-97b7-adff01636570,Symo 24.0-3 480 (3),,,24.0,parsed_from_inverter_name,81.02,,
fronius,2026-03-09,d95b5e9d-f2d5-4950-85a9-909e52f727ba,Penner Farms - SE 27-8-13 (site 2),a9f3ac23-6f93-447b-9037-adff01636562,Symo 24.0-3 480 (2),,,24.0,parsed_from_inverter_name,160.73,,
fronius,2026-03-09,d95b5e9d-f2d5-4950-85a9-909e52f727ba,Penner Farms - SE 27-8-13 (site 2),b8a6c9fe-5838-42e7-9faa-adff01636559,Symo 24.0-3 480 (1),,,24.0,parsed_from_inverter_name,163.24,,
fronius,2026-03-09,d95b5e9d-f2d5-4950-85a9-909e52f727ba,Penner Farms - SE 27-8-13 (site 2),c3ec3bd8-8836-45bb-97b7-adff01636570,Symo 24.0-3 480 (3),,,24.0,parsed_from_inverter_name,164.92,,
fronius,2026-03-10,d95b5e9d-f2d5-4950-85a9-909e52f727ba,Penner Farms - SE 27-8-13 (site 2),a9f3ac23-6f93-447b-9037-adff01636562,Symo 24.0-3 480 (2),,,24.0,parsed_from_inverter_name,176.29,,
fronius,2026-03-10,d95b5e9d-f2d5-4950-85a9-909e52f727ba,Penner Farms - SE 27-8-13 (site 2),b8a6c9fe-5838-42e7-9faa-adff01636559,Symo 24.0-3 480 (1),,,24.0,parsed_from_inverter_name,175.66,,
fronius,2026-03-10,d95b5e9d-f2d5-4950-85a9-909e52f727ba,Penner Farms - SE 27-8-13 (site 2),c3ec3bd8-8836-45bb-97b7-adff01636570,Symo 24.0-3 480 (3),,,24.0,parsed_from_inverter_name,175.12,,
fronius,2026-03-11,d95b5e9d-f2d5-4950-85a9-909e52f727ba,Penner Farms - SE 27-8-13 (site 2),a9f3ac23-6f93-447b-9037-adff01636562,Symo 24.0-3 480 (2),,,24.0,parsed_from_inverter_name,182.29,,
fronius,2026-03-11,d95b5e9d-f2d5-4950-85a9-909e52f727ba,Penner Farms - SE 27-8-13 (site 2),b8a6c9fe-5838-42e7-9faa-adff01636559,Symo 24.0-3 480 (1),,,24.0,parsed_from_inverter_name,181.88,,
fronius,2026-03-11,d95b5e9d-f2d5-4950-85a9-909e52f727ba,Penner Farms - SE 27-8-13 (site 2),c3ec3bd8-8836-45bb-97b7-adff01636570,Symo 24.0-3 480 (3),,,24.0,parsed_from_inverter_name,181.33,,
fronius,2026-03-12,d95b5e9d-f2d5-4950-85a9-909e52f727ba,Penner Farms - SE 27-8-13 (site 2),a9f3ac23-6f93-447b-9037-adff01636562,Symo 24.0-3 480 (2),,,24.0,parsed_from_inverter_name,43.5,,
fronius,2026-03-12,d95b5e9d-f2d5-4950-85a9-909e52f727ba,Penner Farms - SE 27-8-13 (site 2),b8a6c9fe-5838-42e7-9faa-adff01636559,Symo 24.0-3 480 (1),,,24.0,parsed_from_inverter_name,42.11,,
fronius,2026-03-12,d95b5e9d-f2d5-4950-85a9-909e52f727ba,Penner Farms - SE 27-8-13 (site 2),c3ec3bd8-8836-45bb-97b7-adff01636570,Symo 24.0-3 480 (3),,,24.0,parsed_from_inverter_name,43.67,,
fronius,2026-03-13,d95b5e9d-f2d5-4950-85a9-909e52f727ba,Penner Farms - SE 27-8-13 (site 2),a9f3ac23-6f93-447b-9037-adff01636562,Symo 24.0-3 480 (2),,,24.0,parsed_from_inverter_name,54.69,,
fronius,2026-03-13,d95b5e9d-f2d5-4950-85a9-909e52f727ba,Penner Farms - SE 27-8-13 (site 2),b8a6c9fe-5838-42e7-9faa-adff01636559,Symo 24.0-3 480 (1),,,24.0,parsed_from_inverter_name,54.15,,
fronius,2026-03-13,d95b5e9d-f2d5-4950-85a9-909e52f727ba,Penner Farms - SE 27-8-13 (site 2),c3ec3bd8-8836-45bb-97b7-adff01636570,Symo 24.0-3 480 (3),,,24.0,parsed_from_inverter_name,54.75,,
fronius,2026-03-14,d95b5e9d-f2d5-4950-85a9-909e52f727ba,Penner Farms - SE 27-8-13 (site 2),a9f3ac23-6f93-447b-9037-adff01636562,Symo 24.0-3 480 (2),,,24.0,parsed_from_inverter_name,39.92,,
fronius,2026-03-14,d95b5e9d-f2d5-4950-85a9-909e52f727ba,Penner Farms - SE 27-8-13 (site 2),b8a6c9fe-5838-42e7-9faa-adff01636559,Symo 24.0-3 480 (1),,,24.0,parsed_from_inverter_name,35.07,,
fronius,2026-03-14,d95b5e9d-f2d5-4950-85a9-909e52f727ba,Penner Farms - SE 27-8-13 (site 2),c3ec3bd8-8836-45bb-97b7-adff01636570,Symo 24.0-3 480 (3),,,24.0,parsed_from_inverter_name,35.64,,
fronius,2026-03-15,d95b5e9d-f2d5-4950-85a9-909e52f727ba,Penner Farms - SE 27-8-13 (site 2),a9f3ac23-6f93-447b-9037-adff01636562,Symo 24.0-3 480 (2),,,24.0,parsed_from_inverter_name,149.66,,
fronius,2026-03-15,d95b5e9d-f2d5-4950-85a9-909e52f727ba,Penner Farms - SE 27-8-13 (site 2),b8a6c9fe-5838-42e7-9faa-adff01636559,Symo 24.0-3 480 (1),,,24.0,parsed_from_inverter_name,140.29,,
fronius,2026-03-15,d95b5e9d-f2d5-4950-85a9-909e52f727ba,Penner Farms - SE 27-8-13 (site 2),c3ec3bd8-8836-45bb-97b7-adff01636570,Symo 24.0-3 480 (3),,,24.0,parsed_from_inverter_name,145.62,,
fronius,2026-03-16,d95b5e9d-f2d5-4950-85a9-909e52f727ba,Penner Farms - SE 27-8-13 (site 2),a9f3ac23-6f93-447b-9037-adff01636562,Symo 24.0-3 480 (2),,,24.0,parsed_from_inverter_name,86.93,,
fronius,2026-03-16,d95b5e9d-f2d5-4950-85a9-909e52f727ba,Penner Farms - SE 27-8-13 (site 2),b8a6c9fe-5838-42e7-9faa-adff01636559,Symo 24.0-3 480 (1),,,24.0,parsed_from_inverter_name,84.82,,
fronius,2026-03-16,d95b5e9d-f2d5-4950-85a9-909e52f727ba,Penner Farms - SE 27-8-13 (site 2),c3ec3bd8-8836-45bb-97b7-adff01636570,Symo 24.0-3 480 (3),,,24.0,parsed_from_inverter_name,87.13,,
fronius,2026-03-17,d95b5e9d-f2d5-4950-85a9-909e52f727ba,Penner Farms - SE 27-8-13 (site 2),a9f3ac23-6f93-447b-9037-adff01636562,Symo 24.0-3 480 (2),,,24.0,parsed_from_inverter_name,31.77,,
fronius,2026-03-17,d95b5e9d-f2d5-4950-85a9-909e52f727ba,Penner Farms - SE 27-8-13 (site 2),b8a6c9fe-5838-42e7-9faa-adff01636559,Symo 24.0-3 480 (1),,,24.0,parsed_from_inverter_name,31.32,,
fronius,2026-03-17,d95b5e9d-f2d5-4950-85a9-909e52f727ba,Penner Farms - SE 27-8-13 (site 2),c3ec3bd8-8836-45bb-97b7-adff01636570,Symo 24.0-3 480 (3),,,24.0,parsed_from_inverter_name,31.94,,
fronius,2026-03-18,d95b5e9d-f2d5-4950-85a9-909e52f727ba,Penner Farms - SE 27-8-13 (site 2),a9f3ac23-6f93-447b-9037-adff01636562,Symo 24.0-3 480 (2),,,24.0,parsed_from_inverter_name,74.86,,
fronius,2026-03-18,d95b5e9d-f2d5-4950-85a9-909e52f727ba,Penner Farms - SE 27-8-13 (site 2),b8a6c9fe-5838-42e7-9faa-adff01636559,Symo 24.0-3 480 (1),,,24.0,parsed_from_inverter_name,73.99,,
fronius,2026-03-18,d95b5e9d-f2d5-4950-85a9-909e52f727ba,Penner Farms - SE 27-8-13 (site 2),c3ec3bd8-8836-45bb-97b7-adff01636570,Symo 24.0-3 480 (3),,,24.0,parsed_from_inverter_name,72.25,,
fronius,2026-03-19,d95b5e9d-f2d5-4950-85a9-909e52f727ba,Penner Farms - SE 27-8-13 (site 2),a9f3ac23-6f93-447b-9037-adff01636562,Symo 24.0-3 480 (2),,,24.0,parsed_from_inverter_name,82.04,,
fronius,2026-03-19,d95b5e9d-f2d5-4950-85a9-909e52f727ba,Penner Farms - SE 27-8-13 (site 2),b8a6c9fe-5838-42e7-9faa-adff01636559,Symo 24.0-3 480 (1),,,24.0,parsed_from_inverter_name,81.19,,
fronius,2026-03-19,d95b5e9d-f2d5-4950-85a9-909e52f727ba,Penner Farms - SE 27-8-13 (site 2),c3ec3bd8-8836-45bb-97b7-adff01636570,Symo 24.0-3 480 (3),,,24.0,parsed_from_inverter_name,81.98,,
fronius,2026-03-20,d95b5e9d-f2d5-4950-85a9-909e52f727ba,Penner Farms - SE 27-8-13 (site 2),a9f3ac23-6f93-447b-9037-adff01636562,Symo 24.0-3 480 (2),,,24.0,parsed_from_inverter_name,151.28,,
fronius,2026-03-20,d95b5e9d-f2d5-4950-85a9-909e52f727ba,Penner Farms - SE 27-8-13 (site 2),b8a6c9fe-5838-42e7-9faa-adff01636559,Symo 24.0-3 480 (1),,,24.0,parsed_from_inverter_name,150.31,,
fronius,2026-03-20,d95b5e9d-f2d5-4950-85a9-909e52f727ba,Penner Farms - SE 27-8-13 (site 2),c3ec3bd8-8836-45bb-97b7-adff01636570,Symo 24.0-3 480 (3),,,24.0,parsed_from_inverter_name,145.81,,
fronius,2026-03-21,d95b5e9d-f2d5-4950-85a9-909e52f727ba,Penner Farms - SE 27-8-13 (site 2),a9f3ac23-6f93-447b-9037-adff01636562,Symo 24.0-3 480 (2),,,24.0,parsed_from_inverter_name,47.31,,
fronius,2026-03-21,d95b5e9d-f2d5-4950-85a9-909e52f727ba,Penner Farms - SE 27-8-13 (site 2),b8a6c9fe-5838-42e7-9faa-adff01636559,Symo 24.0-3 480 (1),,,24.0,parsed_from_inverter_name,46.41,,
fronius,2026-03-21,d95b5e9d-f2d5-4950-85a9-909e52f727ba,Penner Farms - SE 27-8-13 (site 2),c3ec3bd8-8836-45bb-97b7-adff01636570,Symo 24.0-3 480 (3),,,24.0,parsed_from_inverter_name,47.17,,
fronius,2026-03-22,d95b5e9d-f2d5-4950-85a9-909e52f727ba,Penner Farms - SE 27-8-13 (site 2),a9f3ac23-6f93-447b-9037-adff01636562,Symo 24.0-3 480 (2),,,24.0,parsed_from_inverter_name,176.49,,
fronius,2026-03-22,d95b5e9d-f2d5-4950-85a9-909e52f727ba,Penner Farms - SE 27-8-13 (site 2),b8a6c9fe-5838-42e7-9faa-adff01636559,Symo 24.0-3 480 (1),,,24.0,parsed_from_inverter_name,175.26,,
fronius,2026-03-22,d95b5e9d-f2d5-4950-85a9-909e52f727ba,Penner Farms - SE 27-8-13 (site 2),c3ec3bd8-8836-45bb-97b7-adff01636570,Symo 24.0-3 480 (3),,,24.0,parsed_from_inverter_name,147.49,,
fronius,2026-03-23,d95b5e9d-f2d5-4950-85a9-909e52f727ba,Penner Farms - SE 27-8-13 (site 2),a9f3ac23-6f93-447b-9037-adff01636562,Symo 24.0-3 480 (2),,,24.0,parsed_from_inverter_name,173.75,,
fronius,2026-03-23,d95b5e9d-f2d5-4950-85a9-909e52f727ba,Penner Farms - SE 27-8-13 (site 2),b8a6c9fe-5838-42e7-9faa-adff01636559,Symo 24.0-3 480 (1),,,24.0,parsed_from_inverter_name,172.34,,
fronius,2026-03-23,d95b5e9d-f2d5-4950-85a9-909e52f727ba,Penner Farms - SE 27-8-13 (site 2),c3ec3bd8-8836-45bb-97b7-adff01636570,Symo 24.0-3 480 (3),,,24.0,parsed_from_inverter_name,173.16,,
fronius,2026-03-24,d95b5e9d-f2d5-4950-85a9-909e52f727ba,Penner Farms - SE 27-8-13 (site 2),a9f3ac23-6f93-447b-9037-adff01636562,Symo 24.0-3 480 (2),,,24.0,parsed_from_inverter_name,53.29,,
fronius,2026-03-24,d95b5e9d-f2d5-4950-85a9-909e52f727ba,Penner Farms - SE 27-8-13 (site 2),b8a6c9fe-5838-42e7-9faa-adff01636559,Symo 24.0-3 480 (1),,,24.0,parsed_from_inverter_name,52.59,,
fronius,2026-03-24,d95b5e9d-f2d5-4950-85a9-909e52f727ba,Penner Farms - SE 27-8-13 (site 2),c3ec3bd8-8836-45bb-97b7-adff01636570,Symo 24.0-3 480 (3),,,24.0,parsed_from_inverter_name,53.4,,
fronius,2026-03-25,d95b5e9d-f2d5-4950-85a9-909e52f727ba,Penner Farms - SE 27-8-13 (site 2),a9f3ac23-6f93-447b-9037-adff01636562,Symo 24.0-3 480 (2),,,24.0,parsed_from_inverter_name,172.38,,
fronius,2026-03-25,d95b5e9d-f2d5-4950-85a9-909e52f727ba,Penner Farms - SE 27-8-13 (site 2),b8a6c9fe-5838-42e7-9faa-adff01636559,Symo 24.0-3 480 (1),,,24.0,parsed_from_inverter_name,171.69,,
fronius,2026-03-25,d95b5e9d-f2d5-4950-85a9-909e52f727ba,Penner Farms - SE 27-8-13 (site 2),c3ec3bd8-8836-45bb-97b7-adff01636570,Symo 24.0-3 480 (3),,,24.0,parsed_from_inverter_name,168.17,,
fronius,2026-03-26,d95b5e9d-f2d5-4950-85a9-909e52f727ba,Penner Farms - SE 27-8-13 (site 2),a9f3ac23-6f93-447b-9037-adff01636562,Symo 24.0-3 480 (2),,,24.0,parsed_from_inverter_name,126.12,,
fronius,2026-03-26,d95b5e9d-f2d5-4950-85a9-909e52f727ba,Penner Farms - SE 27-8-13 (site 2),b8a6c9fe-5838-42e7-9faa-adff01636559,Symo 24.0-3 480 (1),,,24.0,parsed_from_inverter_name,141.76,,
fronius,2026-03-26,d95b5e9d-f2d5-4950-85a9-909e52f727ba,Penner Farms - SE 27-8-13 (site 2),c3ec3bd8-8836-45bb-97b7-adff01636570,Symo 24.0-3 480 (3),,,24.0,parsed_from_inverter_name,138.79,,
fronius,2026-03-27,d95b5e9d-f2d5-4950-85a9-909e52f727ba,Penner Farms - SE 27-8-13 (site 2),a9f3ac23-6f93-447b-9037-adff01636562,Symo 24.0-3 480 (2),,,24.0,parsed_from_inverter_name,182.76,,
fronius,2026-03-27,d95b5e9d-f2d5-4950-85a9-909e52f727ba,Penner Farms - SE 27-8-13 (site 2),b8a6c9fe-5838-42e7-9faa-adff01636559,Symo 24.0-3 480 (1),,,24.0,parsed_from_inverter_name,181.62,,
fronius,2026-03-27,d95b5e9d-f2d5-4950-85a9-909e52f727ba,Penner Farms - SE 27-8-13 (site 2),c3ec3bd8-8836-45bb-97b7-adff01636570,Symo 24.0-3 480 (3),,,24.0,parsed_from_inverter_name,181.93,,
fronius,2026-03-28,d95b5e9d-f2d5-4950-85a9-909e52f727ba,Penner Farms - SE 27-8-13 (site 2),a9f3ac23-6f93-447b-9037-adff01636562,Symo 24.0-3 480 (2),,,24.0,parsed_from_inverter_name,140.83,,
fronius,2026-03-28,d95b5e9d-f2d5-4950-85a9-909e52f727ba,Penner Farms - SE 27-8-13 (site 2),b8a6c9fe-5838-42e7-9faa-adff01636559,Symo 24.0-3 480 (1),,,24.0,parsed_from_inverter_name,139.52,,
fronius,2026-03-28,d95b5e9d-f2d5-4950-85a9-909e52f727ba,Penner Farms - SE 27-8-13 (site 2),c3ec3bd8-8836-45bb-97b7-adff01636570,Symo 24.0-3 480 (3),,,24.0,parsed_from_inverter_name,137.16,,
fronius,2026-03-29,d95b5e9d-f2d5-4950-85a9-909e52f727ba,Penner Farms - SE 27-8-13 (site 2),a9f3ac23-6f93-447b-9037-adff01636562,Symo 24.0-3 480 (2),,,24.0,parsed_from_inverter_name,41.24,,
fronius,2026-03-29,d95b5e9d-f2d5-4950-85a9-909e52f727ba,Penner Farms - SE 27-8-13 (site 2),b8a6c9fe-5838-42e7-9faa-adff01636559,Symo 24.0-3 480 (1),,,24.0,parsed_from_inverter_name,40.67,,
fronius,2026-03-29,d95b5e9d-f2d5-4950-85a9-909e52f727ba,Penner Farms - SE 27-8-13 (site 2),c3ec3bd8-8836-45bb-97b7-adff01636570,Symo 24.0-3 480 (3),,,24.0,parsed_from_inverter_name,41.4,,
fronius,2026-03-30,d95b5e9d-f2d5-4950-85a9-909e52f727ba,Penner Farms - SE 27-8-13 (site 2),a9f3ac23-6f93-447b-9037-adff01636562,Symo 24.0-3 480 (2),,,24.0,parsed_from_inverter_name,68.41,,
fronius,2026-03-30,d95b5e9d-f2d5-4950-85a9-909e52f727ba,Penner Farms - SE 27-8-13 (site 2),b8a6c9fe-5838-42e7-9faa-adff01636559,Symo 24.0-3 480 (1),,,24.0,parsed_from_inverter_name,69.22,,
fronius,2026-03-30,d95b5e9d-f2d5-4950-85a9-909e52f727ba,Penner Farms - SE 27-8-13 (site 2),c3ec3bd8-8836-45bb-97b7-adff01636570,Symo 24.0-3 480 (3),,,24.0,parsed_from_inverter_name,68.61,,
fronius,2026-03-31,d95b5e9d-f2d5-4950-85a9-909e52f727ba,Penner Farms - SE 27-8-13 (site 2),a9f3ac23-6f93-447b-9037-adff01636562,Symo 24.0-3 480 (2),,,24.0,parsed_from_inverter_name,172.39,,
fronius,2026-03-31,d95b5e9d-f2d5-4950-85a9-909e52f727ba,Penner Farms - SE 27-8-13 (site 2),b8a6c9fe-5838-42e7-9faa-adff01636559,Symo 24.0-3 480 (1),,,24.0,parsed_from_inverter_name,169.32,,
fronius,2026-03-31,d95b5e9d-f2d5-4950-85a9-909e52f727ba,Penner Farms - SE 27-8-13 (site 2),c3ec3bd8-8836-45bb-97b7-adff01636570,Symo 24.0-3 480 (3),,,24.0,parsed_from_inverter_name,171.85,,
fronius,2026-04-01,d95b5e9d-f2d5-4950-85a9-909e52f727ba,Penner Farms - SE 27-8-13 (site 2),a9f3ac23-6f93-447b-9037-adff01636562,Symo 24.0-3 480 (2),,,24.0,parsed_from_inverter_name,165.99,,
fronius,2026-04-01,d95b5e9d-f2d5-4950-85a9-909e52f727ba,Penner Farms - SE 27-8-13 (site 2),b8a6c9fe-5838-42e7-9faa-adff01636559,Symo 24.0-3 480 (1),,,24.0,parsed_from_inverter_name,164.33,,
fronius,2026-04-01,d95b5e9d-f2d5-4950-85a9-909e52f727ba,Penner Farms - SE 27-8-13 (site 2),c3ec3bd8-8836-45bb-97b7-adff01636570,Symo 24.0-3 480 (3),,,24.0,parsed_from_inverter_name,165.95,,
fronius,2026-04-02,d95b5e9d-f2d5-4950-85a9-909e52f727ba,Penner Farms - SE 27-8-13 (site 2),a9f3ac23-6f93-447b-9037-adff01636562,Symo 24.0-3 480 (2),,,24.0,parsed_from_inverter_name,52.19,,
fronius,2026-04-02,d95b5e9d-f2d5-4950-85a9-909e52f727ba,Penner Farms - SE 27-8-13 (site 2),b8a6c9fe-5838-42e7-9faa-adff01636559,Symo 24.0-3 480 (1),,,24.0,parsed_from_inverter_name,52.9,,
fronius,2026-04-02,d95b5e9d-f2d5-4950-85a9-909e52f727ba,Penner Farms - SE 27-8-13 (site 2),c3ec3bd8-8836-45bb-97b7-adff01636570,Symo 24.0-3 480 (3),,,24.0,parsed_from_inverter_name,47.19,,
fronius,2026-04-03,d95b5e9d-f2d5-4950-85a9-909e52f727ba,Penner Farms - SE 27-8-13 (site 2),a9f3ac23-6f93-447b-9037-adff01636562,Symo 24.0-3 480 (2),,,24.0,parsed_from_inverter_name,124.01,,
fronius,2026-04-03,d95b5e9d-f2d5-4950-85a9-909e52f727ba,Penner Farms - SE 27-8-13 (site 2),b8a6c9fe-5838-42e7-9faa-adff01636559,Symo 24.0-3 480 (1),,,24.0,parsed_from_inverter_name,122.41,,
fronius,2026-04-03,d95b5e9d-f2d5-4950-85a9-909e52f727ba,Penner Farms - SE 27-8-13 (site 2),c3ec3bd8-8836-45bb-97b7-adff01636570,Symo 24.0-3 480 (3),,,24.0,parsed_from_inverter_name,119.71,,
fronius,2026-04-04,d95b5e9d-f2d5-4950-85a9-909e52f727ba,Penner Farms - SE 27-8-13 (site 2),a9f3ac23-6f93-447b-9037-adff01636562,Symo 24.0-3 480 (2),,,24.0,parsed_from_inverter_name,176.21,,
fronius,2026-04-04,d95b5e9d-f2d5-4950-85a9-909e52f727ba,Penner Farms - SE 27-8-13 (site 2),b8a6c9fe-5838-42e7-9faa-adff01636559,Symo 24.0-3 480 (1),,,24.0,parsed_from_inverter_name,175.04,,
fronius,2026-04-04,d95b5e9d-f2d5-4950-85a9-909e52f727ba,Penner Farms - SE 27-8-13 (site 2),c3ec3bd8-8836-45bb-97b7-adff01636570,Symo 24.0-3 480 (3),,,24.0,parsed_from_inverter_name,168.88,,
fronius,2026-04-05,d95b5e9d-f2d5-4950-85a9-909e52f727ba,Penner Farms - SE 27-8-13 (site 2),a9f3ac23-6f93-447b-9037-adff01636562,Symo 24.0-3 480 (2),,,24.0,parsed_from_inverter_name,120.31,,
fronius,2026-04-05,d95b5e9d-f2d5-4950-85a9-909e52f727ba,Penner Farms - SE 27-8-13 (site 2),b8a6c9fe-5838-42e7-9faa-adff01636559,Symo 24.0-3 480 (1),,,24.0,parsed_from_inverter_name,119.06,,
fronius,2026-04-05,d95b5e9d-f2d5-4950-85a9-909e52f727ba,Penner Farms - SE 27-8-13 (site 2),c3ec3bd8-8836-45bb-97b7-adff01636570,Symo 24.0-3 480 (3),,,24.0,parsed_from_inverter_name,117.84,,
fronius,2026-04-06,d95b5e9d-f2d5-4950-85a9-909e52f727ba,Penner Farms - SE 27-8-13 (site 2),a9f3ac23-6f93-447b-9037-adff01636562,Symo 24.0-3 480 (2),,,24.0,parsed_from_inverter_name,170.15,,
fronius,2026-04-06,d95b5e9d-f2d5-4950-85a9-909e52f727ba,Penner Farms - SE 27-8-13 (site 2),b8a6c9fe-5838-42e7-9faa-adff01636559,Symo 24.0-3 480 (1),,,24.0,parsed_from_inverter_name,163.98,,
fronius,2026-04-06,d95b5e9d-f2d5-4950-85a9-909e52f727ba,Penner Farms - SE 27-8-13 (site 2),c3ec3bd8-8836-45bb-97b7-adff01636570,Symo 24.0-3 480 (3),,,24.0,parsed_from_inverter_name,167.31,,
fronius,2026-04-07,d95b5e9d-f2d5-4950-85a9-909e52f727ba,Penner Farms - SE 27-8-13 (site 2),a9f3ac23-6f93-447b-9037-adff01636562,Symo 24.0-3 480 (2),,,24.0,parsed_from_inverter_name,64.76,,
fronius,2026-04-07,d95b5e9d-f2d5-4950-85a9-909e52f727ba,Penner Farms - SE 27-8-13 (site 2),b8a6c9fe-5838-42e7-9faa-adff01636559,Symo 24.0-3 480 (1),,,24.0,parsed_from_inverter_name,64.8,,
fronius,2026-04-07,d95b5e9d-f2d5-4950-85a9-909e52f727ba,Penner Farms - SE 27-8-13 (site 2),c3ec3bd8-8836-45bb-97b7-adff01636570,Symo 24.0-3 480 (3),,,24.0,parsed_from_inverter_name,65.06,,
fronius,2026-04-08,d95b5e9d-f2d5-4950-85a9-909e52f727ba,Penner Farms - SE 27-8-13 (site 2),a9f3ac23-6f93-447b-9037-adff01636562,Symo 24.0-3 480 (2),,,24.0,parsed_from_inverter_name,140.54,,
fronius,2026-04-08,d95b5e9d-f2d5-4950-85a9-909e52f727ba,Penner Farms - SE 27-8-13 (site 2),b8a6c9fe-5838-42e7-9faa-adff01636559,Symo 24.0-3 480 (1),,,24.0,parsed_from_inverter_name,139.56,,
fronius,2026-04-08,d95b5e9d-f2d5-4950-85a9-909e52f727ba,Penner Farms - SE 27-8-13 (site 2),c3ec3bd8-8836-45bb-97b7-adff01636570,Symo 24.0-3 480 (3),,,24.0,parsed_from_inverter_name,139.33,,
fronius,2026-04-09,d95b5e9d-f2d5-4950-85a9-909e52f727ba,Penner Farms - SE 27-8-13 (site 2),a9f3ac23-6f93-447b-9037-adff01636562,Symo 24.0-3 480 (2),,,24.0,parsed_from_inverter_name,163.47,,
fronius,2026-04-09,d95b5e9d-f2d5-4950-85a9-909e52f727ba,Penner Farms - SE 27-8-13 (site 2),b8a6c9fe-5838-42e7-9faa-adff01636559,Symo 24.0-3 480 (1),,,24.0,parsed_from_inverter_name,162.09,,
fronius,2026-04-09,d95b5e9d-f2d5-4950-85a9-909e52f727ba,Penner Farms - SE 27-8-13 (site 2),c3ec3bd8-8836-45bb-97b7-adff01636570,Symo 24.0-3 480 (3),,,24.0,parsed_from_inverter_name,162.81,,
fronius,2026-04-10,d95b5e9d-f2d5-4950-85a9-909e52f727ba,Penner Farms - SE 27-8-13 (site 2),a9f3ac23-6f93-447b-9037-adff01636562,Symo 24.0-3 480 (2),,,24.0,parsed_from_inverter_name,202.35,,
fronius,2026-04-10,d95b5e9d-f2d5-4950-85a9-909e52f727ba,Penner Farms - SE 27-8-13 (site 2),b8a6c9fe-5838-42e7-9faa-adff01636559,Symo 24.0-3 480 (1),,,24.0,parsed_from_inverter_name,200.98,,
fronius,2026-04-10,d95b5e9d-f2d5-4950-85a9-909e52f727ba,Penner Farms - SE 27-8-13 (site 2),c3ec3bd8-8836-45bb-97b7-adff01636570,Symo 24.0-3 480 (3),,,24.0,parsed_from_inverter_name,202.2,,
fronius,2026-04-11,d95b5e9d-f2d5-4950-85a9-909e52f727ba,Penner Farms - SE 27-8-13 (site 2),a9f3ac23-6f93-447b-9037-adff01636562,Symo 24.0-3 480 (2),,,24.0,parsed_from_inverter_name,114.96,,
fronius,2026-04-11,d95b5e9d-f2d5-4950-85a9-909e52f727ba,Penner Farms - SE 27-8-13 (site 2),b8a6c9fe-5838-42e7-9faa-adff01636559,Symo 24.0-3 480 (1),,,24.0,parsed_from_inverter_name,113.91,,
fronius,2026-04-11,d95b5e9d-f2d5-4950-85a9-909e52f727ba,Penner Farms - SE 27-8-13 (site 2),c3ec3bd8-8836-45bb-97b7-adff01636570,Symo 24.0-3 480 (3),,,24.0,parsed_from_inverter_name,114.54,,
fronius,2026-04-12,d95b5e9d-f2d5-4950-85a9-909e52f727ba,Penner Farms - SE 27-8-13 (site 2),a9f3ac23-6f93-447b-9037-adff01636562,Symo 24.0-3 480 (2),,,24.0,parsed_from_inverter_name,34.39,,
fronius,2026-04-12,d95b5e9d-f2d5-4950-85a9-909e52f727ba,Penner Farms - SE 27-8-13 (site 2),b8a6c9fe-5838-42e7-9faa-adff01636559,Symo 24.0-3 480 (1),,,24.0,parsed_from_inverter_name,34.02,,
fronius,2026-04-12,d95b5e9d-f2d5-4950-85a9-909e52f727ba,Penner Farms - SE 27-8-13 (site 2),c3ec3bd8-8836-45bb-97b7-adff01636570,Symo 24.0-3 480 (3),,,24.0,parsed_from_inverter_name,34.56,,
fronius,2026-04-13,d95b5e9d-f2d5-4950-85a9-909e52f727ba,Penner Farms - SE 27-8-13 (site 2),a9f3ac23-6f93-447b-9037-adff01636562,Symo 24.0-3 480 (2),,,24.0,parsed_from_inverter_name,170.25,,
fronius,2026-04-13,d95b5e9d-f2d5-4950-85a9-909e52f727ba,Penner Farms - SE 27-8-13 (site 2),b8a6c9fe-5838-42e7-9faa-adff01636559,Symo 24.0-3 480 (1),,,24.0,parsed_from_inverter_name,169.32,,
fronius,2026-04-13,d95b5e9d-f2d5-4950-85a9-909e52f727ba,Penner Farms - SE 27-8-13 (site 2),c3ec3bd8-8836-45bb-97b7-adff01636570,Symo 24.0-3 480 (3),,,24.0,parsed_from_inverter_name,162.21,,
fronius,2026-04-14,d95b5e9d-f2d5-4950-85a9-909e52f727ba,Penner Farms - SE 27-8-13 (site 2),a9f3ac23-6f93-447b-9037-adff01636562,Symo 24.0-3 480 (2),,,24.0,parsed_from_inverter_name,186.9,,
fronius,2026-04-14,d95b5e9d-f2d5-4950-85a9-909e52f727ba,Penner Farms - SE 27-8-13 (site 2),b8a6c9fe-5838-42e7-9faa-adff01636559,Symo 24.0-3 480 (1),,,24.0,parsed_from_inverter_name,186.93,,
fronius,2026-04-14,d95b5e9d-f2d5-4950-85a9-909e52f727ba,Penner Farms - SE 27-8-13 (site 2),c3ec3bd8-8836-45bb-97b7-adff01636570,Symo 24.0-3 480 (3),,,24.0,parsed_from_inverter_name,53.61,,
fronius,2026-04-15,d95b5e9d-f2d5-4950-85a9-909e52f727ba,Penner Farms - SE 27-8-13 (site 2),a9f3ac23-6f93-447b-9037-adff01636562,Symo 24.0-3 480 (2),,,24.0,parsed_from_inverter_name,102.46,,
fronius,2026-04-15,d95b5e9d-f2d5-4950-85a9-909e52f727ba,Penner Farms - SE 27-8-13 (site 2),b8a6c9fe-5838-42e7-9faa-adff01636559,Symo 24.0-3 480 (1),,,24.0,parsed_from_inverter_name,101.64,,
fronius,2026-04-15,d95b5e9d-f2d5-4950-85a9-909e52f727ba,Penner Farms - SE 27-8-13 (site 2),c3ec3bd8-8836-45bb-97b7-adff01636570,Symo 24.0-3 480 (3),,,24.0,parsed_from_inverter_name,102.82,,
fronius,2026-04-16,d95b5e9d-f2d5-4950-85a9-909e52f727ba,Penner Farms - SE 27-8-13 (site 2),a9f3ac23-6f93-447b-9037-adff01636562,Symo 24.0-3 480 (2),,,24.0,parsed_from_inverter_name,81.6,,
fronius,2026-04-16,d95b5e9d-f2d5-4950-85a9-909e52f727ba,Penner Farms - SE 27-8-13 (site 2),b8a6c9fe-5838-42e7-9faa-adff01636559,Symo 24.0-3 480 (1),,,24.0,parsed_from_inverter_name,77.94,,
fronius,2026-04-16,d95b5e9d-f2d5-4950-85a9-909e52f727ba,Penner Farms - SE 27-8-13 (site 2),c3ec3bd8-8836-45bb-97b7-adff01636570,Symo 24.0-3 480 (3),,,24.0,parsed_from_inverter_name,76.9,,
fronius,2026-04-17,d95b5e9d-f2d5-4950-85a9-909e52f727ba,Penner Farms - SE 27-8-13 (site 2),a9f3ac23-6f93-447b-9037-adff01636562,Symo 24.0-3 480 (2),,,24.0,parsed_from_inverter_name,162.44,,
fronius,2026-04-17,d95b5e9d-f2d5-4950-85a9-909e52f727ba,Penner Farms - SE 27-8-13 (site 2),b8a6c9fe-5838-42e7-9faa-adff01636559,Symo 24.0-3 480 (1),,,24.0,parsed_from_inverter_name,160.42,,
fronius,2026-04-17,d95b5e9d-f2d5-4950-85a9-909e52f727ba,Penner Farms - SE 27-8-13 (site 2),c3ec3bd8-8836-45bb-97b7-adff01636570,Symo 24.0-3 480 (3),,,24.0,parsed_from_inverter_name,160.49,,
fronius,2026-04-18,d95b5e9d-f2d5-4950-85a9-909e52f727ba,Penner Farms - SE 27-8-13 (site 2),a9f3ac23-6f93-447b-9037-adff01636562,Symo 24.0-3 480 (2),,,24.0,parsed_from_inverter_name,207.87,,
fronius,2026-04-18,d95b5e9d-f2d5-4950-85a9-909e52f727ba,Penner Farms - SE 27-8-13 (site 2),b8a6c9fe-5838-42e7-9faa-adff01636559,Symo 24.0-3 480 (1),,,24.0,parsed_from_inverter_name,207.45,,
fronius,2026-04-18,d95b5e9d-f2d5-4950-85a9-909e52f727ba,Penner Farms - SE 27-8-13 (site 2),c3ec3bd8-8836-45bb-97b7-adff01636570,Symo 24.0-3 480 (3),,,24.0,parsed_from_inverter_name,200.61,,
fronius,2026-04-19,d95b5e9d-f2d5-4950-85a9-909e52f727ba,Penner Farms - SE 27-8-13 (site 2),a9f3ac23-6f93-447b-9037-adff01636562,Symo 24.0-3 480 (2),,,24.0,parsed_from_inverter_name,203.53,,
fronius,2026-04-19,d95b5e9d-f2d5-4950-85a9-909e52f727ba,Penner Farms - SE 27-8-13 (site 2),b8a6c9fe-5838-42e7-9faa-adff01636559,Symo 24.0-3 480 (1),,,24.0,parsed_from_inverter_name,205.65,,
fronius,2026-04-19,d95b5e9d-f2d5-4950-85a9-909e52f727ba,Penner Farms - SE 27-8-13 (site 2),c3ec3bd8-8836-45bb-97b7-adff01636570,Symo 24.0-3 480 (3),,,24.0,parsed_from_inverter_name,200.3,,
fronius,2026-04-20,d95b5e9d-f2d5-4950-85a9-909e52f727ba,Penner Farms - SE 27-8-13 (site 2),a9f3ac23-6f93-447b-9037-adff01636562,Symo 24.0-3 480 (2),,,24.0,parsed_from_inverter_name,201.22,,
fronius,2026-04-20,d95b5e9d-f2d5-4950-85a9-909e52f727ba,Penner Farms - SE 27-8-13 (site 2),b8a6c9fe-5838-42e7-9faa-adff01636559,Symo 24.0-3 480 (1),,,24.0,parsed_from_inverter_name,200.55,,
fronius,2026-04-20,d95b5e9d-f2d5-4950-85a9-909e52f727ba,Penner Farms - SE 27-8-13 (site 2),c3ec3bd8-8836-45bb-97b7-adff01636570,Symo 24.0-3 480 (3),,,24.0,parsed_from_inverter_name,201.66,,
fronius,2026-04-21,d95b5e9d-f2d5-4950-85a9-909e52f727ba,Penner Farms - SE 27-8-13 (site 2),a9f3ac23-6f93-447b-9037-adff01636562,Symo 24.0-3 480 (2),,,24.0,parsed_from_inverter_name,203.71,,
fronius,2026-04-21,d95b5e9d-f2d5-4950-85a9-909e52f727ba,Penner Farms - SE 27-8-13 (site 2),b8a6c9fe-5838-42e7-9faa-adff01636559,Symo 24.0-3 480 (1),,,24.0,parsed_from_inverter_name,203.43,,
fronius,2026-04-21,d95b5e9d-f2d5-4950-85a9-909e52f727ba,Penner Farms - SE 27-8-13 (site 2),c3ec3bd8-8836-45bb-97b7-adff01636570,Symo 24.0-3 480 (3),,,24.0,parsed_from_inverter_name,203.88,,
fronius,2026-04-22,d95b5e9d-f2d5-4950-85a9-909e52f727ba,Penner Farms - SE 27-8-13 (site 2),a9f3ac23-6f93-447b-9037-adff01636562,Symo 24.0-3 480 (2),,,24.0,parsed_from_inverter_name,185.77,,
fronius,2026-04-22,d95b5e9d-f2d5-4950-85a9-909e52f727ba,Penner Farms - SE 27-8-13 (site 2),b8a6c9fe-5838-42e7-9faa-adff01636559,Symo 24.0-3 480 (1),,,24.0,parsed_from_inverter_name,185.31,,
fronius,2026-04-22,d95b5e9d-f2d5-4950-85a9-909e52f727ba,Penner Farms - SE 27-8-13 (site 2),c3ec3bd8-8836-45bb-97b7-adff01636570,Symo 24.0-3 480 (3),,,24.0,parsed_from_inverter_name,106.91,,
fronius,2026-04-23,d95b5e9d-f2d5-4950-85a9-909e52f727ba,Penner Farms - SE 27-8-13 (site 2),a9f3ac23-6f93-447b-9037-adff01636562,Symo 24.0-3 480 (2),,,24.0,parsed_from_inverter_name,140.47,,
fronius,2026-04-23,d95b5e9d-f2d5-4950-85a9-909e52f727ba,Penner Farms - SE 27-8-13 (site 2),b8a6c9fe-5838-42e7-9faa-adff01636559,Symo 24.0-3 480 (1),,,24.0,parsed_from_inverter_name,139.4,,
fronius,2026-04-23,d95b5e9d-f2d5-4950-85a9-909e52f727ba,Penner Farms - SE 27-8-13 (site 2),c3ec3bd8-8836-45bb-97b7-adff01636570,Symo 24.0-3 480 (3),,,24.0,parsed_from_inverter_name,118.31,,
fronius,2026-04-24,d95b5e9d-f2d5-4950-85a9-909e52f727ba,Penner Farms - SE 27-8-13 (site 2),a9f3ac23-6f93-447b-9037-adff01636562,Symo 24.0-3 480 (2),,,24.0,parsed_from_inverter_name,140.73,,
fronius,2026-04-24,d95b5e9d-f2d5-4950-85a9-909e52f727ba,Penner Farms - SE 27-8-13 (site 2),b8a6c9fe-5838-42e7-9faa-adff01636559,Symo 24.0-3 480 (1),,,24.0,parsed_from_inverter_name,136.39,,
fronius,2026-04-24,d95b5e9d-f2d5-4950-85a9-909e52f727ba,Penner Farms - SE 27-8-13 (site 2),c3ec3bd8-8836-45bb-97b7-adff01636570,Symo 24.0-3 480 (3),,,24.0,parsed_from_inverter_name,112.06,,
fronius,2026-04-25,d95b5e9d-f2d5-4950-85a9-909e52f727ba,Penner Farms - SE 27-8-13 (site 2),a9f3ac23-6f93-447b-9037-adff01636562,Symo 24.0-3 480 (2),,,24.0,parsed_from_inverter_name,169.36,,
fronius,2026-04-25,d95b5e9d-f2d5-4950-85a9-909e52f727ba,Penner Farms - SE 27-8-13 (site 2),b8a6c9fe-5838-42e7-9faa-adff01636559,Symo 24.0-3 480 (1),,,24.0,parsed_from_inverter_name,168.53,,
fronius,2026-04-25,d95b5e9d-f2d5-4950-85a9-909e52f727ba,Penner Farms - SE 27-8-13 (site 2),c3ec3bd8-8836-45bb-97b7-adff01636570,Symo 24.0-3 480 (3),,,24.0,parsed_from_inverter_name,136.93,,
fronius,2026-04-26,d95b5e9d-f2d5-4950-85a9-909e52f727ba,Penner Farms - SE 27-8-13 (site 2),a9f3ac23-6f93-447b-9037-adff01636562,Symo 24.0-3 480 (2),,,24.0,parsed_from_inverter_name,150.76,,
fronius,2026-04-26,d95b5e9d-f2d5-4950-85a9-909e52f727ba,Penner Farms - SE 27-8-13 (site 2),b8a6c9fe-5838-42e7-9faa-adff01636559,Symo 24.0-3 480 (1),,,24.0,parsed_from_inverter_name,148.02,,
fronius,2026-04-26,d95b5e9d-f2d5-4950-85a9-909e52f727ba,Penner Farms - SE 27-8-13 (site 2),c3ec3bd8-8836-45bb-97b7-adff01636570,Symo 24.0-3 480 (3),,,24.0,parsed_from_inverter_name,124.99,,
fronius,2026-04-27,d95b5e9d-f2d5-4950-85a9-909e52f727ba,Penner Farms - SE 27-8-13 (site 2),a9f3ac23-6f93-447b-9037-adff01636562,Symo 24.0-3 480 (2),,,24.0,parsed_from_inverter_name,222.16,,
fronius,2026-04-27,d95b5e9d-f2d5-4950-85a9-909e52f727ba,Penner Farms - SE 27-8-13 (site 2),b8a6c9fe-5838-42e7-9faa-adff01636559,Symo 24.0-3 480 (1),,,24.0,parsed_from_inverter_name,220.3,,
fronius,2026-04-27,d95b5e9d-f2d5-4950-85a9-909e52f727ba,Penner Farms - SE 27-8-13 (site 2),c3ec3bd8-8836-45bb-97b7-adff01636570,Symo 24.0-3 480 (3),,,24.0,parsed_from_inverter_name,218.63,,
fronius,2026-04-28,d95b5e9d-f2d5-4950-85a9-909e52f727ba,Penner Farms - SE 27-8-13 (site 2),a9f3ac23-6f93-447b-9037-adff01636562,Symo 24.0-3 480 (2),,,24.0,parsed_from_inverter_name,205.63,,
fronius,2026-04-28,d95b5e9d-f2d5-4950-85a9-909e52f727ba,Penner Farms - SE 27-8-13 (site 2),b8a6c9fe-5838-42e7-9faa-adff01636559,Symo 24.0-3 480 (1),,,24.0,parsed_from_inverter_name,204.52,,
fronius,2026-04-28,d95b5e9d-f2d5-4950-85a9-909e52f727ba,Penner Farms - SE 27-8-13 (site 2),c3ec3bd8-8836-45bb-97b7-adff01636570,Symo 24.0-3 480 (3),,,24.0,parsed_from_inverter_name,160.62,,
fronius,2026-04-29,d95b5e9d-f2d5-4950-85a9-909e52f727ba,Penner Farms - SE 27-8-13 (site 2),a9f3ac23-6f93-447b-9037-adff01636562,Symo 24.0-3 480 (2),,,24.0,parsed_from_inverter_name,194.24,,
fronius,2026-04-29,d95b5e9d-f2d5-4950-85a9-909e52f727ba,Penner Farms - SE 27-8-13 (site 2),b8a6c9fe-5838-42e7-9faa-adff01636559,Symo 24.0-3 480 (1),,,24.0,parsed_from_inverter_name,193.82,,
fronius,2026-04-29,d95b5e9d-f2d5-4950-85a9-909e52f727ba,Penner Farms - SE 27-8-13 (site 2),c3ec3bd8-8836-45bb-97b7-adff01636570,Symo 24.0-3 480 (3),,,24.0,parsed_from_inverter_name,190.28,,
fronius,2026-04-30,d95b5e9d-f2d5-4950-85a9-909e52f727ba,Penner Farms - SE 27-8-13 (site 2),a9f3ac23-6f93-447b-9037-adff01636562,Symo 24.0-3 480 (2),,,24.0,parsed_from_inverter_name,208.46,,
fronius,2026-04-30,d95b5e9d-f2d5-4950-85a9-909e52f727ba,Penner Farms - SE 27-8-13 (site 2),b8a6c9fe-5838-42e7-9faa-adff01636559,Symo 24.0-3 480 (1),,,24.0,parsed_from_inverter_name,208.08,,
fronius,2026-04-30,d95b5e9d-f2d5-4950-85a9-909e52f727ba,Penner Farms - SE 27-8-13 (site 2),c3ec3bd8-8836-45bb-97b7-adff01636570,Symo 24.0-3 480 (3),,,24.0,parsed_from_inverter_name,207.79,,
fronius,2026-05-01,d95b5e9d-f2d5-4950-85a9-909e52f727ba,Penner Farms - SE 27-8-13 (site 2),a9f3ac23-6f93-447b-9037-adff01636562,Symo 24.0-3 480 (2),,,24.0,parsed_from_inverter_name,205.32,,
fronius,2026-05-01,d95b5e9d-f2d5-4950-85a9-909e52f727ba,Penner Farms - SE 27-8-13 (site 2),b8a6c9fe-5838-42e7-9faa-adff01636559,Symo 24.0-3 480 (1),,,24.0,parsed_from_inverter_name,205.0,,
fronius,2026-05-01,d95b5e9d-f2d5-4950-85a9-909e52f727ba,Penner Farms - SE 27-8-13 (site 2),c3ec3bd8-8836-45bb-97b7-adff01636570,Symo 24.0-3 480 (3),,,24.0,parsed_from_inverter_name,137.3,,
fronius,2026-05-02,d95b5e9d-f2d5-4950-85a9-909e52f727ba,Penner Farms - SE 27-8-13 (site 2),a9f3ac23-6f93-447b-9037-adff01636562,Symo 24.0-3 480 (2),,,24.0,parsed_from_inverter_name,158.25,,
fronius,2026-05-02,d95b5e9d-f2d5-4950-85a9-909e52f727ba,Penner Farms - SE 27-8-13 (site 2),b8a6c9fe-5838-42e7-9faa-adff01636559,Symo 24.0-3 480 (1),,,24.0,parsed_from_inverter_name,157.12,,
fronius,2026-05-02,d95b5e9d-f2d5-4950-85a9-909e52f727ba,Penner Farms - SE 27-8-13 (site 2),c3ec3bd8-8836-45bb-97b7-adff01636570,Symo 24.0-3 480 (3),,,24.0,parsed_from_inverter_name,157.01,,
fronius,2026-05-03,d95b5e9d-f2d5-4950-85a9-909e52f727ba,Penner Farms - SE 27-8-13 (site 2),a9f3ac23-6f93-447b-9037-adff01636562,Symo 24.0-3 480 (2),,,24.0,parsed_from_inverter_name,202.92,,
fronius,2026-05-03,d95b5e9d-f2d5-4950-85a9-909e52f727ba,Penner Farms - SE 27-8-13 (site 2),b8a6c9fe-5838-42e7-9faa-adff01636559,Symo 24.0-3 480 (1),,,24.0,parsed_from_inverter_name,202.32,,
fronius,2026-05-03,d95b5e9d-f2d5-4950-85a9-909e52f727ba,Penner Farms - SE 27-8-13 (site 2),c3ec3bd8-8836-45bb-97b7-adff01636570,Symo 24.0-3 480 (3),,,24.0,parsed_from_inverter_name,202.44,,
fronius,2026-05-04,d95b5e9d-f2d5-4950-85a9-909e52f727ba,Penner Farms - SE 27-8-13 (site 2),a9f3ac23-6f93-447b-9037-adff01636562,Symo 24.0-3 480 (2),,,24.0,parsed_from_inverter_name,190.27,,
fronius,2026-05-04,d95b5e9d-f2d5-4950-85a9-909e52f727ba,Penner Farms - SE 27-8-13 (site 2),b8a6c9fe-5838-42e7-9faa-adff01636559,Symo 24.0-3 480 (1),,,24.0,parsed_from_inverter_name,189.26,,
fronius,2026-05-04,d95b5e9d-f2d5-4950-85a9-909e52f727ba,Penner Farms - SE 27-8-13 (site 2),c3ec3bd8-8836-45bb-97b7-adff01636570,Symo 24.0-3 480 (3),,,24.0,parsed_from_inverter_name,188.98,,
fronius,2026-05-05,d95b5e9d-f2d5-4950-85a9-909e52f727ba,Penner Farms - SE 27-8-13 (site 2),a9f3ac23-6f93-447b-9037-adff01636562,Symo 24.0-3 480 (2),,,24.0,parsed_from_inverter_name,186.02,,
fronius,2026-05-05,d95b5e9d-f2d5-4950-85a9-909e52f727ba,Penner Farms - SE 27-8-13 (site 2),b8a6c9fe-5838-42e7-9faa-adff01636559,Symo 24.0-3 480 (1),,,24.0,parsed_from_inverter_name,185.1,,
fronius,2026-05-05,d95b5e9d-f2d5-4950-85a9-909e52f727ba,Penner Farms - SE 27-8-13 (site 2),c3ec3bd8-8836-45bb-97b7-adff01636570,Symo 24.0-3 480 (3),,,24.0,parsed_from_inverter_name,184.76,,
fronius,2026-05-06,d95b5e9d-f2d5-4950-85a9-909e52f727ba,Penner Farms - SE 27-8-13 (site 2),a9f3ac23-6f93-447b-9037-adff01636562,Symo 24.0-3 480 (2),,,24.0,parsed_from_inverter_name,203.69,,
fronius,2026-05-06,d95b5e9d-f2d5-4950-85a9-909e52f727ba,Penner Farms - SE 27-8-13 (site 2),b8a6c9fe-5838-42e7-9faa-adff01636559,Symo 24.0-3 480 (1),,,24.0,parsed_from_inverter_name,203.01,,
fronius,2026-05-06,d95b5e9d-f2d5-4950-85a9-909e52f727ba,Penner Farms - SE 27-8-13 (site 2),c3ec3bd8-8836-45bb-97b7-adff01636570,Symo 24.0-3 480 (3),,,24.0,parsed_from_inverter_name,203.41,,
fronius,2026-05-07,d95b5e9d-f2d5-4950-85a9-909e52f727ba,Penner Farms - SE 27-8-13 (site 2),a9f3ac23-6f93-447b-9037-adff01636562,Symo 24.0-3 480 (2),,,24.0,parsed_from_inverter_name,181.86,,
fronius,2026-05-07,d95b5e9d-f2d5-4950-85a9-909e52f727ba,Penner Farms - SE 27-8-13 (site 2),b8a6c9fe-5838-42e7-9faa-adff01636559,Symo 24.0-3 480 (1),,,24.0,parsed_from_inverter_name,181.09,,
fronius,2026-05-07,d95b5e9d-f2d5-4950-85a9-909e52f727ba,Penner Farms - SE 27-8-13 (site 2),c3ec3bd8-8836-45bb-97b7-adff01636570,Symo 24.0-3 480 (3),,,24.0,parsed_from_inverter_name,180.63,,
fronius,2026-05-08,d95b5e9d-f2d5-4950-85a9-909e52f727ba,Penner Farms - SE 27-8-13 (site 2),a9f3ac23-6f93-447b-9037-adff01636562,Symo 24.0-3 480 (2),,,24.0,parsed_from_inverter_name,137.71,,
fronius,2026-05-08,d95b5e9d-f2d5-4950-85a9-909e52f727ba,Penner Farms - SE 27-8-13 (site 2),b8a6c9fe-5838-42e7-9faa-adff01636559,Symo 24.0-3 480 (1),,,24.0,parsed_from_inverter_name,134.4,,
fronius,2026-05-08,d95b5e9d-f2d5-4950-85a9-909e52f727ba,Penner Farms - SE 27-8-13 (site 2),c3ec3bd8-8836-45bb-97b7-adff01636570,Symo 24.0-3 480 (3),,,24.0,parsed_from_inverter_name,137.39,,
fronius,2026-05-11,d95b5e9d-f2d5-4950-85a9-909e52f727ba,Penner Farms - SE 27-8-13 (site 2),a9f3ac23-6f93-447b-9037-adff01636562,Symo 24.0-3 480 (2),,,24.0,parsed_from_inverter_name,191.19,,
fronius,2026-05-11,d95b5e9d-f2d5-4950-85a9-909e52f727ba,Penner Farms - SE 27-8-13 (site 2),b8a6c9fe-5838-42e7-9faa-adff01636559,Symo 24.0-3 480 (1),,,24.0,parsed_from_inverter_name,190.35,,
fronius,2026-05-11,d95b5e9d-f2d5-4950-85a9-909e52f727ba,Penner Farms - SE 27-8-13 (site 2),c3ec3bd8-8836-45bb-97b7-adff01636570,Symo 24.0-3 480 (3),,,24.0,parsed_from_inverter_name,190.63,,
fronius,2026-05-12,d95b5e9d-f2d5-4950-85a9-909e52f727ba,Penner Farms - SE 27-8-13 (site 2),a9f3ac23-6f93-447b-9037-adff01636562,Symo 24.0-3 480 (2),,,24.0,parsed_from_inverter_name,206.3,,
fronius,2026-05-12,d95b5e9d-f2d5-4950-85a9-909e52f727ba,Penner Farms - SE 27-8-13 (site 2),b8a6c9fe-5838-42e7-9faa-adff01636559,Symo 24.0-3 480 (1),,,24.0,parsed_from_inverter_name,204.75,,
fronius,2026-05-12,d95b5e9d-f2d5-4950-85a9-909e52f727ba,Penner Farms - SE 27-8-13 (site 2),c3ec3bd8-8836-45bb-97b7-adff01636570,Symo 24.0-3 480 (3),,,24.0,parsed_from_inverter_name,205.64,,
fronius,2026-05-13,d95b5e9d-f2d5-4950-85a9-909e52f727ba,Penner Farms - SE 27-8-13 (site 2),a9f3ac23-6f93-447b-9037-adff01636562,Symo 24.0-3 480 (2),,,24.0,parsed_from_inverter_name,89.89,,
fronius,2026-05-13,d95b5e9d-f2d5-4950-85a9-909e52f727ba,Penner Farms - SE 27-8-13 (site 2),b8a6c9fe-5838-42e7-9faa-adff01636559,Symo 24.0-3 480 (1),,,24.0,parsed_from_inverter_name,88.64,,
fronius,2026-05-13,d95b5e9d-f2d5-4950-85a9-909e52f727ba,Penner Farms - SE 27-8-13 (site 2),c3ec3bd8-8836-45bb-97b7-adff01636570,Symo 24.0-3 480 (3),,,24.0,parsed_from_inverter_name,89.61,,
fronius,2026-05-14,d95b5e9d-f2d5-4950-85a9-909e52f727ba,Penner Farms - SE 27-8-13 (site 2),a9f3ac23-6f93-447b-9037-adff01636562,Symo 24.0-3 480 (2),,,24.0,parsed_from_inverter_name,0.07,,
fronius,2026-05-14,d95b5e9d-f2d5-4950-85a9-909e52f727ba,Penner Farms - SE 27-8-13 (site 2),b8a6c9fe-5838-42e7-9faa-adff01636559,Symo 24.0-3 480 (1),,,24.0,parsed_from_inverter_name,0.07,,
fronius,2026-05-14,d95b5e9d-f2d5-4950-85a9-909e52f727ba,Penner Farms - SE 27-8-13 (site 2),c3ec3bd8-8836-45bb-97b7-adff01636570,Symo 24.0-3 480 (3),,,24.0,parsed_from_inverter_name,0.07,,
