provider,date,site_id,site_name,inverter_id,inverter_name,inverter_serial,inverter_model,inverter_rated_kw,inverter_rating_source,daily_energy_kwh,sun_hours,revenue_amount
solis,2025-01-20,1298491919449775028,Harker Arena,1308675217948824631,4804040241200012,4804040241200012,0404,6.0,,1.0,0.17,0.13
solis,2025-01-20,1298491919449775028,Harker Arena,1308675217948824676,4804040241200044,4804040241200044,0404,6.0,,1.1,0.18,0.143
solis,2025-01-20,1298491919449775028,Harker Arena,1308675217948824790,4804040241200032,4804040241200032,0404,6.0,,1.1,0.18,0.143
solis,2025-01-20,1298491919449775028,Harker Arena,1308675217948824824,4804040241200005,4804040241200005,0404,6.0,,0.9,0.15,0.117
solis,2025-01-21,1298491919449775028,Harker Arena,1308675217948824631,4804040241200012,4804040241200012,0404,6.0,,8.6,1.43,1.118
solis,2025-01-21,1298491919449775028,Harker Arena,1308675217948824676,4804040241200044,4804040241200044,0404,6.0,,9.2,1.53,1.196
solis,2025-01-21,1298491919449775028,Harker Arena,1308675217948824790,4804040241200032,4804040241200032,0404,6.0,,9.1,1.52,1.183
solis,2025-01-21,1298491919449775028,Harker Arena,1308675217948824824,4804040241200005,4804040241200005,0404,6.0,,7.0,1.17,0.91
solis,2025-01-22,1298491919449775028,Harker Arena,1308675217948824631,4804040241200012,4804040241200012,0404,6.0,,11.2,1.87,1.456
solis,2025-01-22,1298491919449775028,Harker Arena,1308675217948824676,4804040241200044,4804040241200044,0404,6.0,,11.7,1.95,1.521
solis,2025-01-22,1298491919449775028,Harker Arena,1308675217948824790,4804040241200032,4804040241200032,0404,6.0,,11.6,1.93,1.508
solis,2025-01-22,1298491919449775028,Harker Arena,1308675217948824824,4804040241200005,4804040241200005,0404,6.0,,11.4,1.9,1.482
solis,2025-01-23,1298491919449775028,Harker Arena,1308675217948824631,4804040241200012,4804040241200012,0404,6.0,,3.9,0.65,0.507
solis,2025-01-23,1298491919449775028,Harker Arena,1308675217948824676,4804040241200044,4804040241200044,0404,6.0,,3.9,0.65,0.507
solis,2025-01-23,1298491919449775028,Harker Arena,1308675217948824790,4804040241200032,4804040241200032,0404,6.0,,3.9,0.65,0.507
solis,2025-01-23,1298491919449775028,Harker Arena,1308675217948824824,4804040241200005,4804040241200005,0404,6.0,,4.0,0.67,0.52
solis,2025-01-24,1298491919449775028,Harker Arena,1308675217948824631,4804040241200012,4804040241200012,0404,6.0,,3.5,0.58,0.455
solis,2025-01-24,1298491919449775028,Harker Arena,1308675217948824676,4804040241200044,4804040241200044,0404,6.0,,4.2,0.7,0.546
solis,2025-01-24,1298491919449775028,Harker Arena,1308675217948824790,4804040241200032,4804040241200032,0404,6.0,,3.8,0.63,0.494
solis,2025-01-24,1298491919449775028,Harker Arena,1308675217948824824,4804040241200005,4804040241200005,0404,6.0,,3.4,0.57,0.442
solis,2025-01-25,1298491919449775028,Harker Arena,1308675217948824631,4804040241200012,4804040241200012,0404,6.0,,33.3,5.55,1.989
solis,2025-01-25,1298491919449775028,Harker Arena,1308675217948824676,4804040241200044,4804040241200044,0404,6.0,,35.2,5.87,2.236
solis,2025-01-25,1298491919449775028,Harker Arena,1308675217948824790,4804040241200032,4804040241200032,0404,6.0,,34.4,5.73,2.132
solis,2025-01-25,1298491919449775028,Harker Arena,1308675217948824824,4804040241200005,4804040241200005,0404,6.0,,33.5,5.58,2.015
solis,2025-01-26,1298491919449775028,Harker Arena,1308675217948824631,4804040241200012,4804040241200012,0404,6.0,,33.2,5.53,4.316
solis,2025-01-26,1298491919449775028,Harker Arena,1308675217948824676,4804040241200044,4804040241200044,0404,6.0,,33.3,5.55,4.329
solis,2025-01-26,1298491919449775028,Harker Arena,1308675217948824790,4804040241200032,4804040241200032,0404,6.0,,33.3,5.55,4.329
solis,2025-01-26,1298491919449775028,Harker Arena,1308675217948824824,4804040241200005,4804040241200005,0404,6.0,,33.7,5.62,4.381
solis,2025-01-27,1298491919449775028,Harker Arena,1308675217948824631,4804040241200012,4804040241200012,0404,6.0,,32.4,5.4,2.106
solis,2025-01-27,1298491919449775028,Harker Arena,1308675217948824676,4804040241200044,4804040241200044,0404,6.0,,33.0,5.5,2.132
solis,2025-01-27,1298491919449775028,Harker Arena,1308675217948824790,4804040241200032,4804040241200032,0404,6.0,,33.1,5.52,2.132
solis,2025-01-27,1298491919449775028,Harker Arena,1308675217948824824,4804040241200005,4804040241200005,0404,6.0,,34.1,5.68,2.158
solis,2025-01-28,1298491919449775028,Harker Arena,1308675217948824631,4804040241200012,4804040241200012,0404,6.0,,30.9,5.15,4.017
solis,2025-01-28,1298491919449775028,Harker Arena,1308675217948824676,4804040241200044,4804040241200044,0404,6.0,,31.7,5.28,4.121
solis,2025-01-28,1298491919449775028,Harker Arena,1308675217948824790,4804040241200032,4804040241200032,0404,6.0,,31.5,5.25,4.095
solis,2025-01-28,1298491919449775028,Harker Arena,1308675217948824824,4804040241200005,4804040241200005,0404,6.0,,31.7,5.28,4.121
solis,2025-01-29,1298491919449775028,Harker Arena,1308675217948824631,4804040241200012,4804040241200012,0404,6.0,,16.2,2.7,2.106
solis,2025-01-29,1298491919449775028,Harker Arena,1308675217948824676,4804040241200044,4804040241200044,0404,6.0,,16.8,2.8,2.184
solis,2025-01-29,1298491919449775028,Harker Arena,1308675217948824790,4804040241200032,4804040241200032,0404,6.0,,16.7,2.78,2.171
solis,2025-01-29,1298491919449775028,Harker Arena,1308675217948824824,4804040241200005,4804040241200005,0404,6.0,,16.5,2.75,2.145
solis,2025-01-30,1298491919449775028,Harker Arena,1308675217948824631,4804040241200012,4804040241200012,0404,6.0,,27.4,4.57,3.562
solis,2025-01-30,1298491919449775028,Harker Arena,1308675217948824676,4804040241200044,4804040241200044,0404,6.0,,28.2,4.7,3.666
solis,2025-01-30,1298491919449775028,Harker Arena,1308675217948824790,4804040241200032,4804040241200032,0404,6.0,,28.0,4.67,3.64
solis,2025-01-30,1298491919449775028,Harker Arena,1308675217948824824,4804040241200005,4804040241200005,0404,6.0,,28.0,4.67,3.64
solis,2025-01-31,1298491919449775028,Harker Arena,1308675217948824631,4804040241200012,4804040241200012,0404,6.0,,18.3,3.05,2.379
solis,2025-01-31,1298491919449775028,Harker Arena,1308675217948824676,4804040241200044,4804040241200044,0404,6.0,,18.6,3.1,2.418
solis,2025-01-31,1298491919449775028,Harker Arena,1308675217948824790,4804040241200032,4804040241200032,0404,6.0,,18.5,3.08,2.405
solis,2025-01-31,1298491919449775028,Harker Arena,1308675217948824824,4804040241200005,4804040241200005,0404,6.0,,18.6,3.1,2.418
solis,2025-02-01,1298491919449775028,Harker Arena,1308675217948824631,4804040241200012,4804040241200012,0404,6.0,,3.2,0.53,0.416
solis,2025-02-01,1298491919449775028,Harker Arena,1308675217948824676,4804040241200044,4804040241200044,0404,6.0,,3.6,0.6,0.468
solis,2025-02-01,1298491919449775028,Harker Arena,1308675217948824790,4804040241200032,4804040241200032,0404,6.0,,3.5,0.58,0.455
solis,2025-02-01,1298491919449775028,Harker Arena,1308675217948824824,4804040241200005,4804040241200005,0404,6.0,,3.0,0.5,0.39
solis,2025-02-02,1298491919449775028,Harker Arena,1308675217948824631,4804040241200012,4804040241200012,0404,6.0,,2.1,0.35,0.273
solis,2025-02-02,1298491919449775028,Harker Arena,1308675217948824676,4804040241200044,4804040241200044,0404,6.0,,2.2,0.37,0.286
solis,2025-02-02,1298491919449775028,Harker Arena,1308675217948824790,4804040241200032,4804040241200032,0404,6.0,,2.1,0.35,0.273
solis,2025-02-02,1298491919449775028,Harker Arena,1308675217948824824,4804040241200005,4804040241200005,0404,6.0,,2.0,0.33,0.26
solis,2025-02-03,1298491919449775028,Harker Arena,1308675217948824631,4804040241200012,4804040241200012,0404,6.0,,1.8,0.3,0.234
solis,2025-02-03,1298491919449775028,Harker Arena,1308675217948824676,4804040241200044,4804040241200044,0404,6.0,,2.1,0.35,0.273
solis,2025-02-03,1298491919449775028,Harker Arena,1308675217948824790,4804040241200032,4804040241200032,0404,6.0,,2.0,0.33,0.26
solis,2025-02-03,1298491919449775028,Harker Arena,1308675217948824824,4804040241200005,4804040241200005,0404,6.0,,1.8,0.3,0.234
solis,2025-02-04,1298491919449775028,Harker Arena,1308675217948824631,4804040241200012,4804040241200012,0404,6.0,,0.7,0.12,0.091
solis,2025-02-04,1298491919449775028,Harker Arena,1308675217948824676,4804040241200044,4804040241200044,0404,6.0,,0.8,0.13,0.104
solis,2025-02-04,1298491919449775028,Harker Arena,1308675217948824790,4804040241200032,4804040241200032,0404,6.0,,0.8,0.13,0.104
solis,2025-02-04,1298491919449775028,Harker Arena,1308675217948824824,4804040241200005,4804040241200005,0404,6.0,,0.7,0.12,0.091
solis,2025-02-05,1298491919449775028,Harker Arena,1308675217948824631,4804040241200012,4804040241200012,0404,6.0,,3.1,0.52,0.403
solis,2025-02-05,1298491919449775028,Harker Arena,1308675217948824676,4804040241200044,4804040241200044,0404,6.0,,3.6,0.6,0.468
solis,2025-02-05,1298491919449775028,Harker Arena,1308675217948824790,4804040241200032,4804040241200032,0404,6.0,,3.3,0.55,0.429
solis,2025-02-05,1298491919449775028,Harker Arena,1308675217948824824,4804040241200005,4804040241200005,0404,6.0,,3.2,0.53,0.416
solis,2025-02-06,1298491919449775028,Harker Arena,1308675217948824631,4804040241200012,4804040241200012,0404,6.0,,5.8,0.97,0.754
solis,2025-02-06,1298491919449775028,Harker Arena,1308675217948824676,4804040241200044,4804040241200044,0404,6.0,,10.9,1.82,1.417
solis,2025-02-06,1298491919449775028,Harker Arena,1308675217948824790,4804040241200032,4804040241200032,0404,6.0,,10.6,1.77,1.378
solis,2025-02-06,1298491919449775028,Harker Arena,1308675217948824824,4804040241200005,4804040241200005,0404,6.0,,6.1,1.02,0.793
solis,2025-02-07,1298491919449775028,Harker Arena,1308675217948824631,4804040241200012,4804040241200012,0404,6.0,,11.7,1.95,1.521
solis,2025-02-07,1298491919449775028,Harker Arena,1308675217948824676,4804040241200044,4804040241200044,0404,6.0,,19.9,3.32,2.587
solis,2025-02-07,1298491919449775028,Harker Arena,1308675217948824790,4804040241200032,4804040241200032,0404,6.0,,17.1,2.85,2.223
solis,2025-02-07,1298491919449775028,Harker Arena,1308675217948824824,4804040241200005,4804040241200005,0404,6.0,,13.7,2.28,1.781
solis,2025-02-08,1298491919449775028,Harker Arena,1308675217948824631,4804040241200012,4804040241200012,0404,6.0,,12.6,2.1,1.638
solis,2025-02-08,1298491919449775028,Harker Arena,1308675217948824676,4804040241200044,4804040241200044,0404,6.0,,17.9,2.98,2.327
solis,2025-02-08,1298491919449775028,Harker Arena,1308675217948824790,4804040241200032,4804040241200032,0404,6.0,,15.9,2.65,2.067
solis,2025-02-08,1298491919449775028,Harker Arena,1308675217948824824,4804040241200005,4804040241200005,0404,6.0,,12.2,2.03,1.586
solis,2025-02-09,1298491919449775028,Harker Arena,1308675217948824631,4804040241200012,4804040241200012,0404,6.0,,4.8,0.8,0.624
solis,2025-02-09,1298491919449775028,Harker Arena,1308675217948824676,4804040241200044,4804040241200044,0404,6.0,,5.5,0.92,0.715
solis,2025-02-09,1298491919449775028,Harker Arena,1308675217948824790,4804040241200032,4804040241200032,0404,6.0,,5.5,0.92,0.715
solis,2025-02-09,1298491919449775028,Harker Arena,1308675217948824824,4804040241200005,4804040241200005,0404,6.0,,5.4,0.9,0.702
solis,2025-02-10,1298491919449775028,Harker Arena,1308675217948824631,4804040241200012,4804040241200012,0404,6.0,,10.9,1.82,1.417
solis,2025-02-10,1298491919449775028,Harker Arena,1308675217948824676,4804040241200044,4804040241200044,0404,6.0,,14.5,2.42,1.885
solis,2025-02-10,1298491919449775028,Harker Arena,1308675217948824790,4804040241200032,4804040241200032,0404,6.0,,13.2,2.2,1.716
solis,2025-02-10,1298491919449775028,Harker Arena,1308675217948824824,4804040241200005,4804040241200005,0404,6.0,,9.9,1.65,1.287
solis,2025-02-11,1298491919449775028,Harker Arena,1308675217948824631,4804040241200012,4804040241200012,0404,6.0,,10.0,1.67,1.3
solis,2025-02-11,1298491919449775028,Harker Arena,1308675217948824676,4804040241200044,4804040241200044,0404,6.0,,13.5,2.25,1.755
solis,2025-02-11,1298491919449775028,Harker Arena,1308675217948824790,4804040241200032,4804040241200032,0404,6.0,,12.2,2.03,1.586
solis,2025-02-11,1298491919449775028,Harker Arena,1308675217948824824,4804040241200005,4804040241200005,0404,6.0,,8.4,1.4,1.092
solis,2025-02-12,1298491919449775028,Harker Arena,1308675217948824631,4804040241200012,4804040241200012,0404,6.0,,18.5,3.08,2.405
solis,2025-02-12,1298491919449775028,Harker Arena,1308675217948824676,4804040241200044,4804040241200044,0404,6.0,,27.7,4.62,3.601
solis,2025-02-12,1298491919449775028,Harker Arena,1308675217948824790,4804040241200032,4804040241200032,0404,6.0,,22.2,3.7,2.886
solis,2025-02-12,1298491919449775028,Harker Arena,1308675217948824824,4804040241200005,4804040241200005,0404,6.0,,15.0,2.5,1.95
solis,2025-02-13,1298491919449775028,Harker Arena,1308675217948824631,4804040241200012,4804040241200012,0404,6.0,,31.2,5.2,4.056
solis,2025-02-13,1298491919449775028,Harker Arena,1308675217948824676,4804040241200044,4804040241200044,0404,6.0,,38.7,6.45,5.031
solis,2025-02-13,1298491919449775028,Harker Arena,1308675217948824790,4804040241200032,4804040241200032,0404,6.0,,36.6,6.1,4.758
solis,2025-02-13,1298491919449775028,Harker Arena,1308675217948824824,4804040241200005,4804040241200005,0404,6.0,,28.1,4.68,3.653
solis,2025-02-14,1298491919449775028,Harker Arena,1308675217948824631,4804040241200012,4804040241200012,0404,6.0,,2.0,0.33,0.26
solis,2025-02-14,1298491919449775028,Harker Arena,1308675217948824676,4804040241200044,4804040241200044,0404,6.0,,2.3,0.38,0.299
solis,2025-02-14,1298491919449775028,Harker Arena,1308675217948824790,4804040241200032,4804040241200032,0404,6.0,,2.2,0.37,0.286
solis,2025-02-14,1298491919449775028,Harker Arena,1308675217948824824,4804040241200005,4804040241200005,0404,6.0,,1.9,0.32,0.247
solis,2025-02-15,1298491919449775028,Harker Arena,1308675217948824631,4804040241200012,4804040241200012,0404,6.0,,3.9,0.65,0.507
solis,2025-02-15,1298491919449775028,Harker Arena,1308675217948824676,4804040241200044,4804040241200044,0404,6.0,,9.6,1.6,1.248
solis,2025-02-15,1298491919449775028,Harker Arena,1308675217948824790,4804040241200032,4804040241200032,0404,6.0,,4.4,0.73,0.572
solis,2025-02-15,1298491919449775028,Harker Arena,1308675217948824824,4804040241200005,4804040241200005,0404,6.0,,3.8,0.63,0.494
solis,2025-02-16,1298491919449775028,Harker Arena,1308675217948824631,4804040241200012,4804040241200012,0404,6.0,,1.9,0.32,0.247
solis,2025-02-16,1298491919449775028,Harker Arena,1308675217948824676,4804040241200044,4804040241200044,0404,6.0,,12.3,2.05,1.599
solis,2025-02-16,1298491919449775028,Harker Arena,1308675217948824790,4804040241200032,4804040241200032,0404,6.0,,2.0,0.33,0.26
solis,2025-02-16,1298491919449775028,Harker Arena,1308675217948824824,4804040241200005,4804040241200005,0404,6.0,,1.7,0.28,0.221
solis,2025-02-17,1298491919449775028,Harker Arena,1308675217948824631,4804040241200012,4804040241200012,0404,6.0,,5.1,0.85,0.663
solis,2025-02-17,1298491919449775028,Harker Arena,1308675217948824676,4804040241200044,4804040241200044,0404,6.0,,8.6,1.43,1.118
solis,2025-02-17,1298491919449775028,Harker Arena,1308675217948824790,4804040241200032,4804040241200032,0404,6.0,,5.4,0.9,0.702
solis,2025-02-17,1298491919449775028,Harker Arena,1308675217948824824,4804040241200005,4804040241200005,0404,6.0,,4.6,0.77,0.598
solis,2025-02-18,1298491919449775028,Harker Arena,1308675217948824631,4804040241200012,4804040241200012,0404,6.0,,5.7,0.95,0.741
solis,2025-02-18,1298491919449775028,Harker Arena,1308675217948824676,4804040241200044,4804040241200044,0404,6.0,,13.4,2.23,1.742
solis,2025-02-18,1298491919449775028,Harker Arena,1308675217948824790,4804040241200032,4804040241200032,0404,6.0,,6.0,1.0,0.78
solis,2025-02-18,1298491919449775028,Harker Arena,1308675217948824824,4804040241200005,4804040241200005,0404,6.0,,5.2,0.87,0.676
solis,2025-02-19,1298491919449775028,Harker Arena,1308675217948824631,4804040241200012,4804040241200012,0404,6.0,,8.7,1.45,1.131
solis,2025-02-19,1298491919449775028,Harker Arena,1308675217948824676,4804040241200044,4804040241200044,0404,6.0,,33.5,5.58,4.355
solis,2025-02-19,1298491919449775028,Harker Arena,1308675217948824790,4804040241200032,4804040241200032,0404,6.0,,11.1,1.85,1.443
solis,2025-02-19,1298491919449775028,Harker Arena,1308675217948824824,4804040241200005,4804040241200005,0404,6.0,,6.3,1.05,0.819
solis,2025-02-20,1298491919449775028,Harker Arena,1308675217948824631,4804040241200012,4804040241200012,0404,6.0,,33.4,5.57,4.342
solis,2025-02-20,1298491919449775028,Harker Arena,1308675217948824676,4804040241200044,4804040241200044,0404,6.0,,37.5,6.25,4.875
solis,2025-02-20,1298491919449775028,Harker Arena,1308675217948824790,4804040241200032,4804040241200032,0404,6.0,,34.5,5.75,4.485
solis,2025-02-20,1298491919449775028,Harker Arena,1308675217948824824,4804040241200005,4804040241200005,0404,6.0,,31.7,5.28,4.121
solis,2025-02-21,1298491919449775028,Harker Arena,1308675217948824631,4804040241200012,4804040241200012,0404,6.0,,15.0,2.5,1.95
solis,2025-02-21,1298491919449775028,Harker Arena,1308675217948824676,4804040241200044,4804040241200044,0404,6.0,,15.5,2.58,2.015
solis,2025-02-21,1298491919449775028,Harker Arena,1308675217948824790,4804040241200032,4804040241200032,0404,6.0,,15.3,2.55,1.989
solis,2025-02-21,1298491919449775028,Harker Arena,1308675217948824824,4804040241200005,4804040241200005,0404,6.0,,15.5,2.58,2.015
solis,2025-02-22,1298491919449775028,Harker Arena,1308675217948824631,4804040241200012,4804040241200012,0404,6.0,,37.2,6.2,4.836
solis,2025-02-22,1298491919449775028,Harker Arena,1308675217948824676,4804040241200044,4804040241200044,0404,6.0,,34.6,5.77,4.498
solis,2025-02-22,1298491919449775028,Harker Arena,1308675217948824790,4804040241200032,4804040241200032,0404,6.0,,35.1,5.85,4.563
solis,2025-02-22,1298491919449775028,Harker Arena,1308675217948824824,4804040241200005,4804040241200005,0404,6.0,,36.3,6.05,4.719
solis,2025-02-23,1298491919449775028,Harker Arena,1308675217948824631,4804040241200012,4804040241200012,0404,6.0,,36.6,6.1,4.758
solis,2025-02-23,1298491919449775028,Harker Arena,1308675217948824676,4804040241200044,4804040241200044,0404,6.0,,33.3,5.55,4.329
solis,2025-02-23,1298491919449775028,Harker Arena,1308675217948824790,4804040241200032,4804040241200032,0404,6.0,,33.7,5.62,4.381
solis,2025-02-23,1298491919449775028,Harker Arena,1308675217948824824,4804040241200005,4804040241200005,0404,6.0,,34.9,5.82,4.537
solis,2025-02-24,1298491919449775028,Harker Arena,1308675217948824631,4804040241200012,4804040241200012,0404,6.0,,37.4,6.23,4.862
solis,2025-02-24,1298491919449775028,Harker Arena,1308675217948824676,4804040241200044,4804040241200044,0404,6.0,,35.8,5.97,4.654
solis,2025-02-24,1298491919449775028,Harker Arena,1308675217948824790,4804040241200032,4804040241200032,0404,6.0,,36.0,6.0,4.68
solis,2025-02-24,1298491919449775028,Harker Arena,1308675217948824824,4804040241200005,4804040241200005,0404,6.0,,37.1,6.18,4.823
solis,2025-02-25,1298491919449775028,Harker Arena,1308675217948824631,4804040241200012,4804040241200012,0404,6.0,,40.5,6.75,5.265
solis,2025-02-25,1298491919449775028,Harker Arena,1308675217948824676,4804040241200044,4804040241200044,0404,6.0,,38.8,6.47,5.044
solis,2025-02-25,1298491919449775028,Harker Arena,1308675217948824790,4804040241200032,4804040241200032,0404,6.0,,39.1,6.52,5.083
solis,2025-02-25,1298491919449775028,Harker Arena,1308675217948824824,4804040241200005,4804040241200005,0404,6.0,,40.2,6.7,5.226
solis,2025-02-26,1298491919449775028,Harker Arena,1308675217948824631,4804040241200012,4804040241200012,0404,6.0,,38.4,6.4,4.992
solis,2025-02-26,1298491919449775028,Harker Arena,1308675217948824676,4804040241200044,4804040241200044,0404,6.0,,37.1,6.18,4.823
solis,2025-02-26,1298491919449775028,Harker Arena,1308675217948824790,4804040241200032,4804040241200032,0404,6.0,,37.5,6.25,4.875
solis,2025-02-26,1298491919449775028,Harker Arena,1308675217948824824,4804040241200005,4804040241200005,0404,6.0,,38.2,6.37,4.966
solis,2025-02-27,1298491919449775028,Harker Arena,1308675217948824631,4804040241200012,4804040241200012,0404,6.0,,25.4,4.23,3.302
solis,2025-02-27,1298491919449775028,Harker Arena,1308675217948824676,4804040241200044,4804040241200044,0404,6.0,,25.2,4.2,3.276
solis,2025-02-27,1298491919449775028,Harker Arena,1308675217948824790,4804040241200032,4804040241200032,0404,6.0,,25.2,4.2,3.276
solis,2025-02-27,1298491919449775028,Harker Arena,1308675217948824824,4804040241200005,4804040241200005,0404,6.0,,25.7,4.28,3.341
solis,2025-02-28,1298491919449775028,Harker Arena,1308675217948824631,4804040241200012,4804040241200012,0404,6.0,,34.9,5.82,4.537
solis,2025-02-28,1298491919449775028,Harker Arena,1308675217948824676,4804040241200044,4804040241200044,0404,6.0,,34.3,5.72,4.459
solis,2025-02-28,1298491919449775028,Harker Arena,1308675217948824790,4804040241200032,4804040241200032,0404,6.0,,34.6,5.77,4.498
solis,2025-02-28,1298491919449775028,Harker Arena,1308675217948824824,4804040241200005,4804040241200005,0404,6.0,,35.2,5.87,4.576
solis,2025-03-01,1298491919449775028,Harker Arena,1308675217948824631,4804040241200012,4804040241200012,0404,6.0,,42.3,7.05,5.499
solis,2025-03-01,1298491919449775028,Harker Arena,1308675217948824676,4804040241200044,4804040241200044,0404,6.0,,42.4,7.07,5.512
solis,2025-03-01,1298491919449775028,Harker Arena,1308675217948824790,4804040241200032,4804040241200032,0404,6.0,,42.4,7.07,5.512
solis,2025-03-01,1298491919449775028,Harker Arena,1308675217948824824,4804040241200005,4804040241200005,0404,6.0,,42.7,7.12,5.551
solis,2025-03-02,1298491919449775028,Harker Arena,1308675217948824631,4804040241200012,4804040241200012,0404,6.0,,42.8,7.13,5.564
solis,2025-03-02,1298491919449775028,Harker Arena,1308675217948824676,4804040241200044,4804040241200044,0404,6.0,,40.9,6.82,5.317
solis,2025-03-02,1298491919449775028,Harker Arena,1308675217948824790,4804040241200032,4804040241200032,0404,6.0,,41.2,6.87,5.356
solis,2025-03-02,1298491919449775028,Harker Arena,1308675217948824824,4804040241200005,4804040241200005,0404,6.0,,42.6,7.1,5.538
solis,2025-03-03,1298491919449775028,Harker Arena,1308675217948824631,4804040241200012,4804040241200012,0404,6.0,,8.8,1.47,1.144
solis,2025-03-03,1298491919449775028,Harker Arena,1308675217948824676,4804040241200044,4804040241200044,0404,6.0,,9.0,1.5,1.17
solis,2025-03-03,1298491919449775028,Harker Arena,1308675217948824790,4804040241200032,4804040241200032,0404,6.0,,8.9,1.48,1.157
solis,2025-03-03,1298491919449775028,Harker Arena,1308675217948824824,4804040241200005,4804040241200005,0404,6.0,,9.0,1.5,1.17
solis,2025-03-04,1298491919449775028,Harker Arena,1308675217948824631,4804040241200012,4804040241200012,0404,6.0,,39.8,6.63,5.174
solis,2025-03-04,1298491919449775028,Harker Arena,1308675217948824676,4804040241200044,4804040241200044,0404,6.0,,38.1,6.35,4.953
solis,2025-03-04,1298491919449775028,Harker Arena,1308675217948824790,4804040241200032,4804040241200032,0404,6.0,,38.5,6.42,5.005
solis,2025-03-04,1298491919449775028,Harker Arena,1308675217948824824,4804040241200005,4804040241200005,0404,6.0,,39.5,6.58,5.135
solis,2025-03-05,1298491919449775028,Harker Arena,1308675217948824631,4804040241200012,4804040241200012,0404,6.0,,16.5,2.75,2.145
solis,2025-03-05,1298491919449775028,Harker Arena,1308675217948824676,4804040241200044,4804040241200044,0404,6.0,,16.8,2.8,2.184
solis,2025-03-05,1298491919449775028,Harker Arena,1308675217948824790,4804040241200032,4804040241200032,0404,6.0,,16.7,2.78,2.171
solis,2025-03-05,1298491919449775028,Harker Arena,1308675217948824824,4804040241200005,4804040241200005,0404,6.0,,16.7,2.78,2.171
solis,2025-03-06,1298491919449775028,Harker Arena,1308675217948824631,4804040241200012,4804040241200012,0404,6.0,,37.4,6.23,4.862
solis,2025-03-06,1298491919449775028,Harker Arena,1308675217948824676,4804040241200044,4804040241200044,0404,6.0,,35.5,5.92,4.615
solis,2025-03-06,1298491919449775028,Harker Arena,1308675217948824790,4804040241200032,4804040241200032,0404,6.0,,35.9,5.98,4.667
solis,2025-03-06,1298491919449775028,Harker Arena,1308675217948824824,4804040241200005,4804040241200005,0404,6.0,,37.1,6.18,4.823
solis,2025-03-07,1298491919449775028,Harker Arena,1308675217948824631,4804040241200012,4804040241200012,0404,6.0,,44.6,7.43,5.798
solis,2025-03-07,1298491919449775028,Harker Arena,1308675217948824676,4804040241200044,4804040241200044,0404,6.0,,41.7,6.95,5.421
solis,2025-03-07,1298491919449775028,Harker Arena,1308675217948824790,4804040241200032,4804040241200032,0404,6.0,,42.5,7.08,5.525
solis,2025-03-07,1298491919449775028,Harker Arena,1308675217948824824,4804040241200005,4804040241200005,0404,6.0,,43.9,7.32,5.707
solis,2025-03-08,1298491919449775028,Harker Arena,1308675217948824631,4804040241200012,4804040241200012,0404,6.0,,23.7,3.95,3.081
solis,2025-03-08,1298491919449775028,Harker Arena,1308675217948824676,4804040241200044,4804040241200044,0404,6.0,,23.6,3.93,3.068
solis,2025-03-08,1298491919449775028,Harker Arena,1308675217948824790,4804040241200032,4804040241200032,0404,6.0,,23.6,3.93,3.068
solis,2025-03-08,1298491919449775028,Harker Arena,1308675217948824824,4804040241200005,4804040241200005,0404,6.0,,24.0,4.0,3.12
solis,2025-03-09,1298491919449775028,Harker Arena,1308675217948824631,4804040241200012,4804040241200012,0404,6.0,,29.0,4.83,3.77
solis,2025-03-09,1298491919449775028,Harker Arena,1308675217948824676,4804040241200044,4804040241200044,0404,6.0,,29.3,4.88,3.809
solis,2025-03-09,1298491919449775028,Harker Arena,1308675217948824790,4804040241200032,4804040241200032,0404,6.0,,29.3,4.88,3.809
solis,2025-03-09,1298491919449775028,Harker Arena,1308675217948824824,4804040241200005,4804040241200005,0404,6.0,,29.7,4.95,3.861
solis,2025-03-10,1298491919449775028,Harker Arena,1308675217948824631,4804040241200012,4804040241200012,0404,6.0,,27.8,4.63,3.614
solis,2025-03-10,1298491919449775028,Harker Arena,1308675217948824676,4804040241200044,4804040241200044,0404,6.0,,27.3,4.55,3.549
solis,2025-03-10,1298491919449775028,Harker Arena,1308675217948824790,4804040241200032,4804040241200032,0404,6.0,,27.6,4.6,3.588
solis,2025-03-10,1298491919449775028,Harker Arena,1308675217948824824,4804040241200005,4804040241200005,0404,6.0,,27.3,4.55,3.549
solis,2025-03-11,1298491919449775028,Harker Arena,1308675217948824631,4804040241200012,4804040241200012,0404,6.0,,32.2,5.37,4.186
solis,2025-03-11,1298491919449775028,Harker Arena,1308675217948824676,4804040241200044,4804040241200044,0404,6.0,,30.8,5.13,4.004
solis,2025-03-11,1298491919449775028,Harker Arena,1308675217948824790,4804040241200032,4804040241200032,0404,6.0,,31.0,5.17,4.03
solis,2025-03-11,1298491919449775028,Harker Arena,1308675217948824824,4804040241200005,4804040241200005,0404,6.0,,32.1,5.35,4.173
solis,2025-03-12,1298491919449775028,Harker Arena,1308675217948824631,4804040241200012,4804040241200012,0404,6.0,,34.9,5.82,4.537
solis,2025-03-12,1298491919449775028,Harker Arena,1308675217948824676,4804040241200044,4804040241200044,0404,6.0,,34.1,5.68,4.433
solis,2025-03-12,1298491919449775028,Harker Arena,1308675217948824790,4804040241200032,4804040241200032,0404,6.0,,34.3,5.72,4.459
solis,2025-03-12,1298491919449775028,Harker Arena,1308675217948824824,4804040241200005,4804040241200005,0404,6.0,,35.0,5.83,4.55
solis,2025-03-13,1298491919449775028,Harker Arena,1308675217948824631,4804040241200012,4804040241200012,0404,6.0,,24.5,4.08,3.185
solis,2025-03-13,1298491919449775028,Harker Arena,1308675217948824676,4804040241200044,4804040241200044,0404,6.0,,24.8,4.13,3.224
solis,2025-03-13,1298491919449775028,Harker Arena,1308675217948824790,4804040241200032,4804040241200032,0404,6.0,,24.7,4.12,3.211
solis,2025-03-13,1298491919449775028,Harker Arena,1308675217948824824,4804040241200005,4804040241200005,0404,6.0,,24.9,4.15,3.237
solis,2025-03-14,1298491919449775028,Harker Arena,1308675217948824631,4804040241200012,4804040241200012,0404,6.0,,35.1,5.85,4.563
solis,2025-03-14,1298491919449775028,Harker Arena,1308675217948824676,4804040241200044,4804040241200044,0404,6.0,,33.3,5.55,4.329
solis,2025-03-14,1298491919449775028,Harker Arena,1308675217948824790,4804040241200032,4804040241200032,0404,6.0,,33.7,5.62,4.381
solis,2025-03-14,1298491919449775028,Harker Arena,1308675217948824824,4804040241200005,4804040241200005,0404,6.0,,34.7,5.78,4.511
solis,2025-03-15,1298491919449775028,Harker Arena,1308675217948824631,4804040241200012,4804040241200012,0404,6.0,,12.0,2.0,1.56
solis,2025-03-15,1298491919449775028,Harker Arena,1308675217948824676,4804040241200044,4804040241200044,0404,6.0,,12.9,2.15,1.677
solis,2025-03-15,1298491919449775028,Harker Arena,1308675217948824790,4804040241200032,4804040241200032,0404,6.0,,12.2,2.03,1.586
solis,2025-03-15,1298491919449775028,Harker Arena,1308675217948824824,4804040241200005,4804040241200005,0404,6.0,,11.6,1.93,1.508
solis,2025-03-16,1298491919449775028,Harker Arena,1308675217948824631,4804040241200012,4804040241200012,0404,6.0,,2.9,0.48,0.377
solis,2025-03-16,1298491919449775028,Harker Arena,1308675217948824676,4804040241200044,4804040241200044,0404,6.0,,2.8,0.47,0.364
solis,2025-03-16,1298491919449775028,Harker Arena,1308675217948824790,4804040241200032,4804040241200032,0404,6.0,,2.8,0.47,0.364
solis,2025-03-16,1298491919449775028,Harker Arena,1308675217948824824,4804040241200005,4804040241200005,0404,6.0,,3.2,0.53,0.416
solis,2025-03-17,1298491919449775028,Harker Arena,1308675217948824631,4804040241200012,4804040241200012,0404,6.0,,33.2,5.53,4.316
solis,2025-03-17,1298491919449775028,Harker Arena,1308675217948824676,4804040241200044,4804040241200044,0404,6.0,,33.2,5.53,4.316
solis,2025-03-17,1298491919449775028,Harker Arena,1308675217948824790,4804040241200032,4804040241200032,0404,6.0,,32.6,5.43,4.238
solis,2025-03-17,1298491919449775028,Harker Arena,1308675217948824824,4804040241200005,4804040241200005,0404,6.0,,33.7,5.62,4.381
solis,2025-03-18,1298491919449775028,Harker Arena,1308675217948824631,4804040241200012,4804040241200012,0404,6.0,,21.9,3.65,2.847
solis,2025-03-18,1298491919449775028,Harker Arena,1308675217948824676,4804040241200044,4804040241200044,0404,6.0,,21.7,3.62,2.821
solis,2025-03-18,1298491919449775028,Harker Arena,1308675217948824790,4804040241200032,4804040241200032,0404,6.0,,21.7,3.62,2.821
solis,2025-03-18,1298491919449775028,Harker Arena,1308675217948824824,4804040241200005,4804040241200005,0404,6.0,,22.0,3.67,2.86
solis,2025-03-19,1298491919449775028,Harker Arena,1308675217948824631,4804040241200012,4804040241200012,0404,6.0,,43.4,7.23,5.642
solis,2025-03-19,1298491919449775028,Harker Arena,1308675217948824676,4804040241200044,4804040241200044,0404,6.0,,41.3,6.88,5.369
solis,2025-03-19,1298491919449775028,Harker Arena,1308675217948824790,4804040241200032,4804040241200032,0404,6.0,,41.8,6.97,5.434
solis,2025-03-19,1298491919449775028,Harker Arena,1308675217948824824,4804040241200005,4804040241200005,0404,6.0,,43.2,7.2,5.616
solis,2025-03-20,1298491919449775028,Harker Arena,1308675217948824631,4804040241200012,4804040241200012,0404,6.0,,23.5,3.92,3.055
solis,2025-03-20,1298491919449775028,Harker Arena,1308675217948824676,4804040241200044,4804040241200044,0404,6.0,,24.0,4.0,3.12
solis,2025-03-20,1298491919449775028,Harker Arena,1308675217948824790,4804040241200032,4804040241200032,0404,6.0,,23.9,3.98,3.107
solis,2025-03-20,1298491919449775028,Harker Arena,1308675217948824824,4804040241200005,4804040241200005,0404,6.0,,24.1,4.02,3.133
solis,2025-03-21,1298491919449775028,Harker Arena,1308675217948824631,4804040241200012,4804040241200012,0404,6.0,,40.2,6.7,5.226
solis,2025-03-21,1298491919449775028,Harker Arena,1308675217948824676,4804040241200044,4804040241200044,0404,6.0,,37.6,6.27,4.888
solis,2025-03-21,1298491919449775028,Harker Arena,1308675217948824790,4804040241200032,4804040241200032,0404,6.0,,38.0,6.33,4.94
solis,2025-03-21,1298491919449775028,Harker Arena,1308675217948824824,4804040241200005,4804040241200005,0404,6.0,,39.4,6.57,5.122
solis,2025-03-22,1298491919449775028,Harker Arena,1308675217948824631,4804040241200012,4804040241200012,0404,6.0,,28.0,4.67,3.64
solis,2025-03-22,1298491919449775028,Harker Arena,1308675217948824676,4804040241200044,4804040241200044,0404,6.0,,27.0,4.5,3.51
solis,2025-03-22,1298491919449775028,Harker Arena,1308675217948824790,4804040241200032,4804040241200032,0404,6.0,,27.1,4.52,3.523
solis,2025-03-22,1298491919449775028,Harker Arena,1308675217948824824,4804040241200005,4804040241200005,0404,6.0,,27.8,4.63,3.614
solis,2025-03-23,1298491919449775028,Harker Arena,1308675217948824631,4804040241200012,4804040241200012,0404,6.0,,25.3,4.22,3.289
solis,2025-03-23,1298491919449775028,Harker Arena,1308675217948824676,4804040241200044,4804040241200044,0404,6.0,,25.5,4.25,3.315
solis,2025-03-23,1298491919449775028,Harker Arena,1308675217948824790,4804040241200032,4804040241200032,0404,6.0,,25.4,4.23,3.302
solis,2025-03-23,1298491919449775028,Harker Arena,1308675217948824824,4804040241200005,4804040241200005,0404,6.0,,25.8,4.3,3.354
solis,2025-03-24,1298491919449775028,Harker Arena,1308675217948824631,4804040241200012,4804040241200012,0404,6.0,,40.3,6.72,5.239
solis,2025-03-24,1298491919449775028,Harker Arena,1308675217948824676,4804040241200044,4804040241200044,0404,6.0,,37.8,6.3,4.914
solis,2025-03-24,1298491919449775028,Harker Arena,1308675217948824790,4804040241200032,4804040241200032,0404,6.0,,38.3,6.38,4.979
solis,2025-03-24,1298491919449775028,Harker Arena,1308675217948824824,4804040241200005,4804040241200005,0404,6.0,,39.5,6.58,5.135
solis,2025-03-25,1298491919449775028,Harker Arena,1308675217948824631,4804040241200012,4804040241200012,0404,6.0,,24.0,4.0,3.12
solis,2025-03-25,1298491919449775028,Harker Arena,1308675217948824676,4804040241200044,4804040241200044,0404,6.0,,24.3,4.05,3.159
solis,2025-03-25,1298491919449775028,Harker Arena,1308675217948824790,4804040241200032,4804040241200032,0404,6.0,,24.1,4.02,3.133
solis,2025-03-25,1298491919449775028,Harker Arena,1308675217948824824,4804040241200005,4804040241200005,0404,6.0,,24.3,4.05,3.159
solis,2025-04-08,1298491919449775028,Harker Arena,1308675217948824631,4804040241200012,4804040241200012,0404,6.0,,47.8,7.97,6.214
solis,2025-04-08,1298491919449775028,Harker Arena,1308675217948824676,4804040241200044,4804040241200044,0404,6.0,,46.0,7.67,5.98
solis,2025-04-08,1298491919449775028,Harker Arena,1308675217948824790,4804040241200032,4804040241200032,0404,6.0,,46.3,7.72,6.019
solis,2025-04-08,1298491919449775028,Harker Arena,1308675217948824824,4804040241200005,4804040241200005,0404,6.0,,47.6,7.93,6.188
solis,2025-04-09,1298491919449775028,Harker Arena,1308675217948824631,4804040241200012,4804040241200012,0404,6.0,,44.3,7.38,5.759
solis,2025-04-09,1298491919449775028,Harker Arena,1308675217948824676,4804040241200044,4804040241200044,0404,6.0,,41.6,6.93,5.408
solis,2025-04-09,1298491919449775028,Harker Arena,1308675217948824790,4804040241200032,4804040241200032,0404,6.0,,42.1,7.02,5.473
solis,2025-04-09,1298491919449775028,Harker Arena,1308675217948824824,4804040241200005,4804040241200005,0404,6.0,,43.5,7.25,5.655
solis,2025-04-10,1298491919449775028,Harker Arena,1308675217948824631,4804040241200012,4804040241200012,0404,6.0,,41.6,6.93,5.408
solis,2025-04-10,1298491919449775028,Harker Arena,1308675217948824676,4804040241200044,4804040241200044,0404,6.0,,39.9,6.65,5.187
solis,2025-04-10,1298491919449775028,Harker Arena,1308675217948824790,4804040241200032,4804040241200032,0404,6.0,,40.1,6.68,5.213
solis,2025-04-10,1298491919449775028,Harker Arena,1308675217948824824,4804040241200005,4804040241200005,0404,6.0,,41.3,6.88,5.369
solis,2025-04-11,1298491919449775028,Harker Arena,1308675217948824631,4804040241200012,4804040241200012,0404,6.0,,49.0,8.17,6.37
solis,2025-04-11,1298491919449775028,Harker Arena,1308675217948824676,4804040241200044,4804040241200044,0404,6.0,,45.4,7.57,5.902
solis,2025-04-11,1298491919449775028,Harker Arena,1308675217948824790,4804040241200032,4804040241200032,0404,6.0,,46.0,7.67,5.98
solis,2025-04-11,1298491919449775028,Harker Arena,1308675217948824824,4804040241200005,4804040241200005,0404,6.0,,47.9,7.98,6.227
solis,2025-04-12,1298491919449775028,Harker Arena,1308675217948824631,4804040241200012,4804040241200012,0404,6.0,,40.3,6.72,5.239
solis,2025-04-12,1298491919449775028,Harker Arena,1308675217948824676,4804040241200044,4804040241200044,0404,6.0,,37.7,6.28,4.901
solis,2025-04-12,1298491919449775028,Harker Arena,1308675217948824790,4804040241200032,4804040241200032,0404,6.0,,38.0,6.33,4.94
solis,2025-04-12,1298491919449775028,Harker Arena,1308675217948824824,4804040241200005,4804040241200005,0404,6.0,,39.3,6.55,5.109
solis,2025-04-13,1298491919449775028,Harker Arena,1308675217948824631,4804040241200012,4804040241200012,0404,6.0,,40.9,6.82,5.317
solis,2025-04-13,1298491919449775028,Harker Arena,1308675217948824676,4804040241200044,4804040241200044,0404,6.0,,39.6,6.6,5.148
solis,2025-04-13,1298491919449775028,Harker Arena,1308675217948824790,4804040241200032,4804040241200032,0404,6.0,,39.9,6.65,5.187
solis,2025-04-13,1298491919449775028,Harker Arena,1308675217948824824,4804040241200005,4804040241200005,0404,6.0,,41.1,6.85,5.343
solis,2025-04-14,1298491919449775028,Harker Arena,1308675217948824631,4804040241200012,4804040241200012,0404,6.0,,48.7,8.12,6.331
solis,2025-04-14,1298491919449775028,Harker Arena,1308675217948824676,4804040241200044,4804040241200044,0404,6.0,,46.1,7.68,5.993
solis,2025-04-14,1298491919449775028,Harker Arena,1308675217948824790,4804040241200032,4804040241200032,0404,6.0,,46.5,7.75,6.045
solis,2025-04-14,1298491919449775028,Harker Arena,1308675217948824824,4804040241200005,4804040241200005,0404,6.0,,48.1,8.02,6.253
solis,2025-04-15,1298491919449775028,Harker Arena,1308675217948824631,4804040241200012,4804040241200012,0404,6.0,,50.0,8.33,6.5
solis,2025-04-15,1298491919449775028,Harker Arena,1308675217948824676,4804040241200044,4804040241200044,0404,6.0,,47.6,7.93,6.188
solis,2025-04-15,1298491919449775028,Harker Arena,1308675217948824790,4804040241200032,4804040241200032,0404,6.0,,47.9,7.98,6.227
solis,2025-04-15,1298491919449775028,Harker Arena,1308675217948824824,4804040241200005,4804040241200005,0404,6.0,,49.8,8.3,6.474
solis,2025-04-16,1298491919449775028,Harker Arena,1308675217948824631,4804040241200012,4804040241200012,0404,6.0,,20.8,3.47,2.704
solis,2025-04-16,1298491919449775028,Harker Arena,1308675217948824676,4804040241200044,4804040241200044,0404,6.0,,21.1,3.52,2.743
solis,2025-04-16,1298491919449775028,Harker Arena,1308675217948824790,4804040241200032,4804040241200032,0404,6.0,,21.1,3.52,2.743
solis,2025-04-16,1298491919449775028,Harker Arena,1308675217948824824,4804040241200005,4804040241200005,0404,6.0,,21.3,3.55,2.769
solis,2025-04-17,1298491919449775028,Harker Arena,1308675217948824631,4804040241200012,4804040241200012,0404,6.0,,34.1,5.68,4.433
solis,2025-04-17,1298491919449775028,Harker Arena,1308675217948824676,4804040241200044,4804040241200044,0404,6.0,,33.3,5.55,4.329
solis,2025-04-17,1298491919449775028,Harker Arena,1308675217948824790,4804040241200032,4804040241200032,0404,6.0,,33.4,5.57,4.342
solis,2025-04-17,1298491919449775028,Harker Arena,1308675217948824824,4804040241200005,4804040241200005,0404,6.0,,34.1,5.68,4.433
solis,2025-04-18,1298491919449775028,Harker Arena,1308675217948824631,4804040241200012,4804040241200012,0404,6.0,,50.0,8.33,6.5
solis,2025-04-18,1298491919449775028,Harker Arena,1308675217948824676,4804040241200044,4804040241200044,0404,6.0,,45.3,7.55,5.889
solis,2025-04-18,1298491919449775028,Harker Arena,1308675217948824790,4804040241200032,4804040241200032,0404,6.0,,45.9,7.65,5.967
solis,2025-04-18,1298491919449775028,Harker Arena,1308675217948824824,4804040241200005,4804040241200005,0404,6.0,,48.1,8.02,6.253
solis,2025-04-19,1298491919449775028,Harker Arena,1308675217948824631,4804040241200012,4804040241200012,0404,6.0,,22.6,3.77,2.938
solis,2025-04-19,1298491919449775028,Harker Arena,1308675217948824676,4804040241200044,4804040241200044,0404,6.0,,23.2,3.87,3.016
solis,2025-04-19,1298491919449775028,Harker Arena,1308675217948824790,4804040241200032,4804040241200032,0404,6.0,,22.9,3.82,2.977
solis,2025-04-19,1298491919449775028,Harker Arena,1308675217948824824,4804040241200005,4804040241200005,0404,6.0,,23.1,3.85,3.003
solis,2025-04-20,1298491919449775028,Harker Arena,1308675217948824631,4804040241200012,4804040241200012,0404,6.0,,10.9,1.82,1.417
solis,2025-04-20,1298491919449775028,Harker Arena,1308675217948824676,4804040241200044,4804040241200044,0404,6.0,,11.0,1.83,1.43
solis,2025-04-20,1298491919449775028,Harker Arena,1308675217948824790,4804040241200032,4804040241200032,0404,6.0,,11.0,1.83,1.43
solis,2025-04-20,1298491919449775028,Harker Arena,1308675217948824824,4804040241200005,4804040241200005,0404,6.0,,11.1,1.85,1.443
solis,2025-04-21,1298491919449775028,Harker Arena,1308675217948824631,4804040241200012,4804040241200012,0404,6.0,,16.7,2.78,2.171
solis,2025-04-21,1298491919449775028,Harker Arena,1308675217948824676,4804040241200044,4804040241200044,0404,6.0,,16.3,2.72,2.119
solis,2025-04-21,1298491919449775028,Harker Arena,1308675217948824790,4804040241200032,4804040241200032,0404,6.0,,16.5,2.75,2.145
solis,2025-04-21,1298491919449775028,Harker Arena,1308675217948824824,4804040241200005,4804040241200005,0404,6.0,,16.7,2.78,2.171
solis,2025-04-22,1298491919449775028,Harker Arena,1308675217948824631,4804040241200012,4804040241200012,0404,6.0,,33.6,5.6,4.368
solis,2025-04-22,1298491919449775028,Harker Arena,1308675217948824676,4804040241200044,4804040241200044,0404,6.0,,31.4,5.23,4.082
solis,2025-04-22,1298491919449775028,Harker Arena,1308675217948824790,4804040241200032,4804040241200032,0404,6.0,,31.8,5.3,4.134
solis,2025-04-22,1298491919449775028,Harker Arena,1308675217948824824,4804040241200005,4804040241200005,0404,6.0,,32.8,5.47,4.264
solis,2025-04-23,1298491919449775028,Harker Arena,1308675217948824631,4804040241200012,4804040241200012,0404,6.0,,50.2,8.37,6.526
solis,2025-04-23,1298491919449775028,Harker Arena,1308675217948824676,4804040241200044,4804040241200044,0404,6.0,,47.3,7.88,6.149
solis,2025-04-23,1298491919449775028,Harker Arena,1308675217948824790,4804040241200032,4804040241200032,0404,6.0,,48.0,8.0,6.24
solis,2025-04-23,1298491919449775028,Harker Arena,1308675217948824824,4804040241200005,4804040241200005,0404,6.0,,49.6,8.27,6.448
solis,2025-04-24,1298491919449775028,Harker Arena,1308675217948824631,4804040241200012,4804040241200012,0404,6.0,,51.3,8.55,6.669
solis,2025-04-24,1298491919449775028,Harker Arena,1308675217948824676,4804040241200044,4804040241200044,0404,6.0,,48.8,8.13,6.344
solis,2025-04-24,1298491919449775028,Harker Arena,1308675217948824790,4804040241200032,4804040241200032,0404,6.0,,49.3,8.22,6.409
solis,2025-04-24,1298491919449775028,Harker Arena,1308675217948824824,4804040241200005,4804040241200005,0404,6.0,,50.8,8.47,6.604
solis,2025-04-25,1298491919449775028,Harker Arena,1308675217948824631,4804040241200012,4804040241200012,0404,6.0,,52.7,8.78,6.851
solis,2025-04-25,1298491919449775028,Harker Arena,1308675217948824676,4804040241200044,4804040241200044,0404,6.0,,49.8,8.3,6.474
solis,2025-04-25,1298491919449775028,Harker Arena,1308675217948824790,4804040241200032,4804040241200032,0404,6.0,,50.3,8.38,6.539
solis,2025-04-25,1298491919449775028,Harker Arena,1308675217948824824,4804040241200005,4804040241200005,0404,6.0,,52.2,8.7,6.786
solis,2025-04-26,1298491919449775028,Harker Arena,1308675217948824631,4804040241200012,4804040241200012,0404,6.0,,49.5,8.25,6.435
solis,2025-04-26,1298491919449775028,Harker Arena,1308675217948824676,4804040241200044,4804040241200044,0404,6.0,,45.5,7.58,5.915
solis,2025-04-26,1298491919449775028,Harker Arena,1308675217948824790,4804040241200032,4804040241200032,0404,6.0,,45.9,7.65,5.967
solis,2025-04-26,1298491919449775028,Harker Arena,1308675217948824824,4804040241200005,4804040241200005,0404,6.0,,47.9,7.98,6.227
solis,2025-04-27,1298491919449775028,Harker Arena,1308675217948824631,4804040241200012,4804040241200012,0404,6.0,,30.6,5.1,3.978
solis,2025-04-27,1298491919449775028,Harker Arena,1308675217948824676,4804040241200044,4804040241200044,0404,6.0,,29.2,4.87,3.796
solis,2025-04-27,1298491919449775028,Harker Arena,1308675217948824790,4804040241200032,4804040241200032,0404,6.0,,29.3,4.88,3.809
solis,2025-04-27,1298491919449775028,Harker Arena,1308675217948824824,4804040241200005,4804040241200005,0404,6.0,,30.2,5.03,3.926
solis,2025-04-28,1298491919449775028,Harker Arena,1308675217948824631,4804040241200012,4804040241200012,0404,6.0,,49.6,8.27,6.448
solis,2025-04-28,1298491919449775028,Harker Arena,1308675217948824676,4804040241200044,4804040241200044,0404,6.0,,46.8,7.8,6.084
solis,2025-04-28,1298491919449775028,Harker Arena,1308675217948824790,4804040241200032,4804040241200032,0404,6.0,,47.3,7.88,6.149
solis,2025-04-28,1298491919449775028,Harker Arena,1308675217948824824,4804040241200005,4804040241200005,0404,6.0,,48.9,8.15,6.357
solis,2025-04-29,1298491919449775028,Harker Arena,1308675217948824631,4804040241200012,4804040241200012,0404,6.0,,26.5,4.42,3.445
solis,2025-04-29,1298491919449775028,Harker Arena,1308675217948824676,4804040241200044,4804040241200044,0404,6.0,,26.7,4.45,3.471
solis,2025-04-29,1298491919449775028,Harker Arena,1308675217948824790,4804040241200032,4804040241200032,0404,6.0,,26.6,4.43,3.458
solis,2025-04-29,1298491919449775028,Harker Arena,1308675217948824824,4804040241200005,4804040241200005,0404,6.0,,27.0,4.5,3.51
solis,2025-04-30,1298491919449775028,Harker Arena,1308675217948824631,4804040241200012,4804040241200012,0404,6.0,,44.9,7.48,5.837
solis,2025-04-30,1298491919449775028,Harker Arena,1308675217948824676,4804040241200044,4804040241200044,0404,6.0,,42.6,7.1,5.538
solis,2025-04-30,1298491919449775028,Harker Arena,1308675217948824790,4804040241200032,4804040241200032,0404,6.0,,42.9,7.15,5.577
solis,2025-04-30,1298491919449775028,Harker Arena,1308675217948824824,4804040241200005,4804040241200005,0404,6.0,,44.2,7.37,5.746
solis,2025-05-01,1298491919449775028,Harker Arena,1308675217948824631,4804040241200012,4804040241200012,0404,6.0,,51.5,8.58,6.695
solis,2025-05-01,1298491919449775028,Harker Arena,1308675217948824676,4804040241200044,4804040241200044,0404,6.0,,47.9,7.98,6.227
solis,2025-05-01,1298491919449775028,Harker Arena,1308675217948824790,4804040241200032,4804040241200032,0404,6.0,,48.5,8.08,6.305
solis,2025-05-01,1298491919449775028,Harker Arena,1308675217948824824,4804040241200005,4804040241200005,0404,6.0,,50.5,8.42,6.565
solis,2025-05-02,1298491919449775028,Harker Arena,1308675217948824631,4804040241200012,4804040241200012,0404,6.0,,52.7,8.78,6.851
solis,2025-05-02,1298491919449775028,Harker Arena,1308675217948824676,4804040241200044,4804040241200044,0404,6.0,,50.0,8.33,6.5
solis,2025-05-02,1298491919449775028,Harker Arena,1308675217948824790,4804040241200032,4804040241200032,0404,6.0,,50.9,8.48,6.617
solis,2025-05-02,1298491919449775028,Harker Arena,1308675217948824824,4804040241200005,4804040241200005,0404,6.0,,52.5,8.75,6.825
solis,2025-05-03,1298491919449775028,Harker Arena,1308675217948824631,4804040241200012,4804040241200012,0404,6.0,,51.7,8.62,6.721
solis,2025-05-03,1298491919449775028,Harker Arena,1308675217948824676,4804040241200044,4804040241200044,0404,6.0,,48.4,8.07,6.292
solis,2025-05-03,1298491919449775028,Harker Arena,1308675217948824790,4804040241200032,4804040241200032,0404,6.0,,49.1,8.18,6.383
solis,2025-05-03,1298491919449775028,Harker Arena,1308675217948824824,4804040241200005,4804040241200005,0404,6.0,,51.3,8.55,6.669
solis,2025-05-04,1298491919449775028,Harker Arena,1308675217948824631,4804040241200012,4804040241200012,0404,6.0,,19.4,3.23,2.522
solis,2025-05-04,1298491919449775028,Harker Arena,1308675217948824676,4804040241200044,4804040241200044,0404,6.0,,19.6,3.27,2.548
solis,2025-05-04,1298491919449775028,Harker Arena,1308675217948824790,4804040241200032,4804040241200032,0404,6.0,,19.5,3.25,2.535
solis,2025-05-04,1298491919449775028,Harker Arena,1308675217948824824,4804040241200005,4804040241200005,0404,6.0,,19.7,3.28,2.561
solis,2025-05-05,1298491919449775028,Harker Arena,1308675217948824631,4804040241200012,4804040241200012,0404,6.0,,47.6,7.93,6.188
solis,2025-05-05,1298491919449775028,Harker Arena,1308675217948824676,4804040241200044,4804040241200044,0404,6.0,,45.6,7.6,5.928
solis,2025-05-05,1298491919449775028,Harker Arena,1308675217948824790,4804040241200032,4804040241200032,0404,6.0,,46.2,7.7,6.006
solis,2025-05-05,1298491919449775028,Harker Arena,1308675217948824824,4804040241200005,4804040241200005,0404,6.0,,47.6,7.93,6.188
solis,2025-05-06,1298491919449775028,Harker Arena,1308675217948824631,4804040241200012,4804040241200012,0404,6.0,,53.4,8.9,6.942
solis,2025-05-06,1298491919449775028,Harker Arena,1308675217948824676,4804040241200044,4804040241200044,0404,6.0,,50.4,8.4,6.552
solis,2025-05-06,1298491919449775028,Harker Arena,1308675217948824790,4804040241200032,4804040241200032,0404,6.0,,51.1,8.52,6.643
solis,2025-05-06,1298491919449775028,Harker Arena,1308675217948824824,4804040241200005,4804040241200005,0404,6.0,,52.8,8.8,6.864
solis,2025-05-07,1298491919449775028,Harker Arena,1308675217948824631,4804040241200012,4804040241200012,0404,6.0,,52.7,8.78,6.851
solis,2025-05-07,1298491919449775028,Harker Arena,1308675217948824676,4804040241200044,4804040241200044,0404,6.0,,50.7,8.45,6.591
solis,2025-05-07,1298491919449775028,Harker Arena,1308675217948824790,4804040241200032,4804040241200032,0404,6.0,,51.3,8.55,6.669
solis,2025-05-07,1298491919449775028,Harker Arena,1308675217948824824,4804040241200005,4804040241200005,0404,6.0,,52.8,8.8,6.864
solis,2025-05-08,1298491919449775028,Harker Arena,1308675217948824631,4804040241200012,4804040241200012,0404,6.0,,53.3,8.88,6.929
solis,2025-05-08,1298491919449775028,Harker Arena,1308675217948824676,4804040241200044,4804040241200044,0404,6.0,,49.7,8.28,6.461
solis,2025-05-08,1298491919449775028,Harker Arena,1308675217948824790,4804040241200032,4804040241200032,0404,6.0,,50.5,8.42,6.565
solis,2025-05-08,1298491919449775028,Harker Arena,1308675217948824824,4804040241200005,4804040241200005,0404,6.0,,52.6,8.77,6.838
solis,2025-05-09,1298491919449775028,Harker Arena,1308675217948824631,4804040241200012,4804040241200012,0404,6.0,,51.0,8.5,6.63
solis,2025-05-09,1298491919449775028,Harker Arena,1308675217948824676,4804040241200044,4804040241200044,0404,6.0,,50.7,8.45,6.591
solis,2025-05-09,1298491919449775028,Harker Arena,1308675217948824790,4804040241200032,4804040241200032,0404,6.0,,50.9,8.48,6.617
solis,2025-05-09,1298491919449775028,Harker Arena,1308675217948824824,4804040241200005,4804040241200005,0404,6.0,,51.4,8.57,6.682
solis,2025-05-10,1298491919449775028,Harker Arena,1308675217948824631,4804040241200012,4804040241200012,0404,6.0,,47.9,7.98,6.227
solis,2025-05-10,1298491919449775028,Harker Arena,1308675217948824676,4804040241200044,4804040241200044,0404,6.0,,46.1,7.68,5.993
solis,2025-05-10,1298491919449775028,Harker Arena,1308675217948824790,4804040241200032,4804040241200032,0404,6.0,,46.3,7.72,6.019
solis,2025-05-10,1298491919449775028,Harker Arena,1308675217948824824,4804040241200005,4804040241200005,0404,6.0,,47.9,7.98,6.227
solis,2025-05-11,1298491919449775028,Harker Arena,1308675217948824631,4804040241200012,4804040241200012,0404,6.0,,26.4,4.4,3.432
solis,2025-05-11,1298491919449775028,Harker Arena,1308675217948824676,4804040241200044,4804040241200044,0404,6.0,,26.5,4.42,3.445
solis,2025-05-11,1298491919449775028,Harker Arena,1308675217948824790,4804040241200032,4804040241200032,0404,6.0,,26.3,4.38,3.419
solis,2025-05-11,1298491919449775028,Harker Arena,1308675217948824824,4804040241200005,4804040241200005,0404,6.0,,26.8,4.47,3.484
solis,2025-05-12,1298491919449775028,Harker Arena,1308675217948824631,4804040241200012,4804040241200012,0404,6.0,,44.9,7.48,5.837
solis,2025-05-12,1298491919449775028,Harker Arena,1308675217948824676,4804040241200044,4804040241200044,0404,6.0,,42.4,7.07,5.512
solis,2025-05-12,1298491919449775028,Harker Arena,1308675217948824790,4804040241200032,4804040241200032,0404,6.0,,43.0,7.17,5.59
solis,2025-05-12,1298491919449775028,Harker Arena,1308675217948824824,4804040241200005,4804040241200005,0404,6.0,,44.4,7.4,5.772
solis,2025-05-13,1298491919449775028,Harker Arena,1308675217948824631,4804040241200012,4804040241200012,0404,6.0,,30.7,5.12,3.991
solis,2025-05-13,1298491919449775028,Harker Arena,1308675217948824676,4804040241200044,4804040241200044,0404,6.0,,30.4,5.07,3.952
solis,2025-05-13,1298491919449775028,Harker Arena,1308675217948824790,4804040241200032,4804040241200032,0404,6.0,,30.4,5.07,3.952
solis,2025-05-13,1298491919449775028,Harker Arena,1308675217948824824,4804040241200005,4804040241200005,0404,6.0,,31.0,5.17,4.03
solis,2025-05-14,1298491919449775028,Harker Arena,1308675217948824631,4804040241200012,4804040241200012,0404,6.0,,39.3,6.55,5.109
solis,2025-05-14,1298491919449775028,Harker Arena,1308675217948824676,4804040241200044,4804040241200044,0404,6.0,,38.7,6.45,5.031
solis,2025-05-14,1298491919449775028,Harker Arena,1308675217948824790,4804040241200032,4804040241200032,0404,6.0,,38.8,6.47,5.044
solis,2025-05-14,1298491919449775028,Harker Arena,1308675217948824824,4804040241200005,4804040241200005,0404,6.0,,39.5,6.58,5.135
solis,2025-05-15,1298491919449775028,Harker Arena,1308675217948824631,4804040241200012,4804040241200012,0404,6.0,,11.3,1.88,1.469
solis,2025-05-15,1298491919449775028,Harker Arena,1308675217948824676,4804040241200044,4804040241200044,0404,6.0,,11.3,1.88,1.469
solis,2025-05-15,1298491919449775028,Harker Arena,1308675217948824790,4804040241200032,4804040241200032,0404,6.0,,11.3,1.88,1.469
solis,2025-05-15,1298491919449775028,Harker Arena,1308675217948824824,4804040241200005,4804040241200005,0404,6.0,,11.5,1.92,1.495
solis,2025-05-16,1298491919449775028,Harker Arena,1308675217948824631,4804040241200012,4804040241200012,0404,6.0,,35.5,5.92,4.615
solis,2025-05-16,1298491919449775028,Harker Arena,1308675217948824676,4804040241200044,4804040241200044,0404,6.0,,35.5,5.92,4.615
solis,2025-05-16,1298491919449775028,Harker Arena,1308675217948824790,4804040241200032,4804040241200032,0404,6.0,,35.5,5.92,4.615
solis,2025-05-16,1298491919449775028,Harker Arena,1308675217948824824,4804040241200005,4804040241200005,0404,6.0,,35.8,5.97,4.654
solis,2025-05-17,1298491919449775028,Harker Arena,1308675217948824631,4804040241200012,4804040241200012,0404,6.0,,41.3,6.88,5.369
solis,2025-05-17,1298491919449775028,Harker Arena,1308675217948824676,4804040241200044,4804040241200044,0404,6.0,,38.4,6.4,4.992
solis,2025-05-17,1298491919449775028,Harker Arena,1308675217948824790,4804040241200032,4804040241200032,0404,6.0,,38.6,6.43,5.018
solis,2025-05-17,1298491919449775028,Harker Arena,1308675217948824824,4804040241200005,4804040241200005,0404,6.0,,40.0,6.67,5.2
solis,2025-05-18,1298491919449775028,Harker Arena,1308675217948824631,4804040241200012,4804040241200012,0404,6.0,,14.7,2.45,1.911
solis,2025-05-18,1298491919449775028,Harker Arena,1308675217948824676,4804040241200044,4804040241200044,0404,6.0,,14.9,2.48,1.937
solis,2025-05-18,1298491919449775028,Harker Arena,1308675217948824790,4804040241200032,4804040241200032,0404,6.0,,14.9,2.48,1.937
solis,2025-05-18,1298491919449775028,Harker Arena,1308675217948824824,4804040241200005,4804040241200005,0404,6.0,,14.9,2.48,1.937
solis,2025-05-19,1298491919449775028,Harker Arena,1308675217948824631,4804040241200012,4804040241200012,0404,6.0,,42.0,7.0,5.46
solis,2025-05-19,1298491919449775028,Harker Arena,1308675217948824676,4804040241200044,4804040241200044,0404,6.0,,38.0,6.33,4.94
solis,2025-05-19,1298491919449775028,Harker Arena,1308675217948824790,4804040241200032,4804040241200032,0404,6.0,,39.0,6.5,5.07
solis,2025-05-19,1298491919449775028,Harker Arena,1308675217948824824,4804040241200005,4804040241200005,0404,6.0,,40.0,6.67,5.2
solis,2025-05-20,1298491919449775028,Harker Arena,1308675217948824631,4804040241200012,4804040241200012,0404,6.0,,44.8,7.47,5.824
solis,2025-05-20,1298491919449775028,Harker Arena,1308675217948824676,4804040241200044,4804040241200044,0404,6.0,,42.1,7.02,5.473
solis,2025-05-20,1298491919449775028,Harker Arena,1308675217948824790,4804040241200032,4804040241200032,0404,6.0,,42.6,7.1,5.538
solis,2025-05-20,1298491919449775028,Harker Arena,1308675217948824824,4804040241200005,4804040241200005,0404,6.0,,44.3,7.38,5.759
solis,2025-05-21,1298491919449775028,Harker Arena,1308675217948824631,4804040241200012,4804040241200012,0404,6.0,,43.2,7.2,5.616
solis,2025-05-21,1298491919449775028,Harker Arena,1308675217948824676,4804040241200044,4804040241200044,0404,6.0,,41.6,6.93,5.408
solis,2025-05-21,1298491919449775028,Harker Arena,1308675217948824790,4804040241200032,4804040241200032,0404,6.0,,41.7,6.95,5.421
solis,2025-05-21,1298491919449775028,Harker Arena,1308675217948824824,4804040241200005,4804040241200005,0404,6.0,,43.0,7.17,5.59
solis,2025-05-22,1298491919449775028,Harker Arena,1308675217948824631,4804040241200012,4804040241200012,0404,6.0,,39.5,6.58,5.135
solis,2025-05-22,1298491919449775028,Harker Arena,1308675217948824676,4804040241200044,4804040241200044,0404,6.0,,39.0,6.5,5.07
solis,2025-05-22,1298491919449775028,Harker Arena,1308675217948824790,4804040241200032,4804040241200032,0404,6.0,,39.0,6.5,5.07
solis,2025-05-22,1298491919449775028,Harker Arena,1308675217948824824,4804040241200005,4804040241200005,0404,6.0,,39.6,6.6,5.148
solis,2025-05-23,1298491919449775028,Harker Arena,1308675217948824631,4804040241200012,4804040241200012,0404,6.0,,17.1,2.85,2.223
solis,2025-05-23,1298491919449775028,Harker Arena,1308675217948824676,4804040241200044,4804040241200044,0404,6.0,,17.5,2.92,2.275
solis,2025-05-23,1298491919449775028,Harker Arena,1308675217948824790,4804040241200032,4804040241200032,0404,6.0,,17.3,2.88,2.249
solis,2025-05-23,1298491919449775028,Harker Arena,1308675217948824824,4804040241200005,4804040241200005,0404,6.0,,17.6,2.93,2.288
solis,2025-05-24,1298491919449775028,Harker Arena,1308675217948824631,4804040241200012,4804040241200012,0404,6.0,,53.2,8.87,6.916
solis,2025-05-24,1298491919449775028,Harker Arena,1308675217948824676,4804040241200044,4804040241200044,0404,6.0,,48.2,8.03,6.266
solis,2025-05-24,1298491919449775028,Harker Arena,1308675217948824790,4804040241200032,4804040241200032,0404,6.0,,49.0,8.17,6.37
solis,2025-05-24,1298491919449775028,Harker Arena,1308675217948824824,4804040241200005,4804040241200005,0404,6.0,,51.0,8.5,6.63
solis,2025-05-25,1298491919449775028,Harker Arena,1308675217948824631,4804040241200012,4804040241200012,0404,6.0,,53.2,8.87,6.916
solis,2025-05-25,1298491919449775028,Harker Arena,1308675217948824676,4804040241200044,4804040241200044,0404,6.0,,49.9,8.32,6.487
solis,2025-05-25,1298491919449775028,Harker Arena,1308675217948824790,4804040241200032,4804040241200032,0404,6.0,,50.4,8.4,6.552
solis,2025-05-25,1298491919449775028,Harker Arena,1308675217948824824,4804040241200005,4804040241200005,0404,6.0,,52.2,8.7,6.786
solis,2025-05-26,1298491919449775028,Harker Arena,1308675217948824631,4804040241200012,4804040241200012,0404,6.0,,48.0,8.0,6.24
solis,2025-05-26,1298491919449775028,Harker Arena,1308675217948824676,4804040241200044,4804040241200044,0404,6.0,,46.2,7.7,6.006
solis,2025-05-26,1298491919449775028,Harker Arena,1308675217948824790,4804040241200032,4804040241200032,0404,6.0,,46.6,7.77,6.058
solis,2025-05-26,1298491919449775028,Harker Arena,1308675217948824824,4804040241200005,4804040241200005,0404,6.0,,47.9,7.98,6.227
solis,2025-05-27,1298491919449775028,Harker Arena,1308675217948824631,4804040241200012,4804040241200012,0404,6.0,,51.6,8.6,6.708
solis,2025-05-27,1298491919449775028,Harker Arena,1308675217948824676,4804040241200044,4804040241200044,0404,6.0,,49.9,8.32,6.487
solis,2025-05-27,1298491919449775028,Harker Arena,1308675217948824790,4804040241200032,4804040241200032,0404,6.0,,50.2,8.37,6.526
solis,2025-05-27,1298491919449775028,Harker Arena,1308675217948824824,4804040241200005,4804040241200005,0404,6.0,,51.7,8.62,6.721
solis,2025-05-28,1298491919449775028,Harker Arena,1308675217948824631,4804040241200012,4804040241200012,0404,6.0,,53.0,8.83,6.89
solis,2025-05-28,1298491919449775028,Harker Arena,1308675217948824676,4804040241200044,4804040241200044,0404,6.0,,51.1,8.52,6.643
solis,2025-05-28,1298491919449775028,Harker Arena,1308675217948824790,4804040241200032,4804040241200032,0404,6.0,,51.5,8.58,6.695
solis,2025-05-28,1298491919449775028,Harker Arena,1308675217948824824,4804040241200005,4804040241200005,0404,6.0,,52.8,8.8,6.864
solis,2025-05-29,1298491919449775028,Harker Arena,1308675217948824631,4804040241200012,4804040241200012,0404,6.0,,51.9,8.65,6.747
solis,2025-05-29,1298491919449775028,Harker Arena,1308675217948824676,4804040241200044,4804040241200044,0404,6.0,,51.8,8.63,6.734
solis,2025-05-29,1298491919449775028,Harker Arena,1308675217948824790,4804040241200032,4804040241200032,0404,6.0,,51.8,8.63,6.734
solis,2025-05-29,1298491919449775028,Harker Arena,1308675217948824824,4804040241200005,4804040241200005,0404,6.0,,52.2,8.7,6.786
solis,2025-05-30,1298491919449775028,Harker Arena,1308675217948824631,4804040241200012,4804040241200012,0404,6.0,,53.3,8.88,6.929
solis,2025-05-30,1298491919449775028,Harker Arena,1308675217948824676,4804040241200044,4804040241200044,0404,6.0,,53.1,8.85,6.903
solis,2025-05-30,1298491919449775028,Harker Arena,1308675217948824790,4804040241200032,4804040241200032,0404,6.0,,53.1,8.85,6.903
solis,2025-05-30,1298491919449775028,Harker Arena,1308675217948824824,4804040241200005,4804040241200005,0404,6.0,,53.7,8.95,6.981
solis,2025-05-31,1298491919449775028,Harker Arena,1308675217948824631,4804040241200012,4804040241200012,0404,6.0,,46.3,7.72,6.019
solis,2025-05-31,1298491919449775028,Harker Arena,1308675217948824676,4804040241200044,4804040241200044,0404,6.0,,46.1,7.68,5.993
solis,2025-05-31,1298491919449775028,Harker Arena,1308675217948824790,4804040241200032,4804040241200032,0404,6.0,,46.2,7.7,6.006
solis,2025-05-31,1298491919449775028,Harker Arena,1308675217948824824,4804040241200005,4804040241200005,0404,6.0,,46.9,7.82,6.097
solis,2025-06-01,1298491919449775028,Harker Arena,1308675217948824631,4804040241200012,4804040241200012,0404,6.0,,51.9,8.65,6.747
solis,2025-06-01,1298491919449775028,Harker Arena,1308675217948824676,4804040241200044,4804040241200044,0404,6.0,,48.4,8.07,6.292
solis,2025-06-01,1298491919449775028,Harker Arena,1308675217948824790,4804040241200032,4804040241200032,0404,6.0,,48.9,8.15,6.357
solis,2025-06-01,1298491919449775028,Harker Arena,1308675217948824824,4804040241200005,4804040241200005,0404,6.0,,50.9,8.48,6.617
solis,2025-06-02,1298491919449775028,Harker Arena,1308675217948824631,4804040241200012,4804040241200012,0404,6.0,,32.3,5.38,4.199
solis,2025-06-02,1298491919449775028,Harker Arena,1308675217948824676,4804040241200044,4804040241200044,0404,6.0,,31.8,5.3,4.134
solis,2025-06-02,1298491919449775028,Harker Arena,1308675217948824790,4804040241200032,4804040241200032,0404,6.0,,31.8,5.3,4.134
solis,2025-06-02,1298491919449775028,Harker Arena,1308675217948824824,4804040241200005,4804040241200005,0404,6.0,,32.4,5.4,4.212
solis,2025-06-03,1298491919449775028,Harker Arena,1308675217948824631,4804040241200012,4804040241200012,0404,6.0,,35.4,5.9,4.602
solis,2025-06-03,1298491919449775028,Harker Arena,1308675217948824676,4804040241200044,4804040241200044,0404,6.0,,35.7,5.95,4.641
solis,2025-06-03,1298491919449775028,Harker Arena,1308675217948824790,4804040241200032,4804040241200032,0404,6.0,,35.7,5.95,4.641
solis,2025-06-03,1298491919449775028,Harker Arena,1308675217948824824,4804040241200005,4804040241200005,0404,6.0,,36.0,6.0,4.68
solis,2025-06-04,1298491919449775028,Harker Arena,1308675217948824631,4804040241200012,4804040241200012,0404,6.0,,51.8,8.63,6.734
solis,2025-06-04,1298491919449775028,Harker Arena,1308675217948824676,4804040241200044,4804040241200044,0404,6.0,,49.5,8.25,6.435
solis,2025-06-04,1298491919449775028,Harker Arena,1308675217948824790,4804040241200032,4804040241200032,0404,6.0,,50.0,8.33,6.5
solis,2025-06-04,1298491919449775028,Harker Arena,1308675217948824824,4804040241200005,4804040241200005,0404,6.0,,51.5,8.58,6.695
solis,2025-06-05,1298491919449775028,Harker Arena,1308675217948824631,4804040241200012,4804040241200012,0404,6.0,,52.8,8.8,6.864
solis,2025-06-05,1298491919449775028,Harker Arena,1308675217948824676,4804040241200044,4804040241200044,0404,6.0,,50.3,8.38,6.539
solis,2025-06-05,1298491919449775028,Harker Arena,1308675217948824790,4804040241200032,4804040241200032,0404,6.0,,50.7,8.45,6.591
solis,2025-06-05,1298491919449775028,Harker Arena,1308675217948824824,4804040241200005,4804040241200005,0404,6.0,,52.5,8.75,6.825
solis,2025-06-06,1298491919449775028,Harker Arena,1308675217948824631,4804040241200012,4804040241200012,0404,6.0,,41.2,6.87,5.356
solis,2025-06-06,1298491919449775028,Harker Arena,1308675217948824676,4804040241200044,4804040241200044,0404,6.0,,42.0,7.0,5.46
solis,2025-06-06,1298491919449775028,Harker Arena,1308675217948824790,4804040241200032,4804040241200032,0404,6.0,,41.8,6.97,5.434
solis,2025-06-06,1298491919449775028,Harker Arena,1308675217948824824,4804040241200005,4804040241200005,0404,6.0,,42.2,7.03,5.486
solis,2025-06-07,1298491919449775028,Harker Arena,1308675217948824631,4804040241200012,4804040241200012,0404,6.0,,26.3,4.38,3.419
solis,2025-06-07,1298491919449775028,Harker Arena,1308675217948824676,4804040241200044,4804040241200044,0404,6.0,,26.7,4.45,3.471
solis,2025-06-07,1298491919449775028,Harker Arena,1308675217948824790,4804040241200032,4804040241200032,0404,6.0,,26.5,4.42,3.445
solis,2025-06-07,1298491919449775028,Harker Arena,1308675217948824824,4804040241200005,4804040241200005,0404,6.0,,26.9,4.48,3.497
solis,2025-06-08,1298491919449775028,Harker Arena,1308675217948824631,4804040241200012,4804040241200012,0404,6.0,,52.1,8.68,6.773
solis,2025-06-08,1298491919449775028,Harker Arena,1308675217948824676,4804040241200044,4804040241200044,0404,6.0,,48.9,8.15,6.357
solis,2025-06-08,1298491919449775028,Harker Arena,1308675217948824790,4804040241200032,4804040241200032,0404,6.0,,49.2,8.2,6.396
solis,2025-06-08,1298491919449775028,Harker Arena,1308675217948824824,4804040241200005,4804040241200005,0404,6.0,,51.0,8.5,6.63
solis,2025-06-09,1298491919449775028,Harker Arena,1308675217948824631,4804040241200012,4804040241200012,0404,6.0,,53.4,8.9,6.942
solis,2025-06-09,1298491919449775028,Harker Arena,1308675217948824676,4804040241200044,4804040241200044,0404,6.0,,53.4,8.9,6.942
solis,2025-06-09,1298491919449775028,Harker Arena,1308675217948824790,4804040241200032,4804040241200032,0404,6.0,,53.4,8.9,6.942
solis,2025-06-09,1298491919449775028,Harker Arena,1308675217948824824,4804040241200005,4804040241200005,0404,6.0,,53.8,8.97,6.994
solis,2025-06-10,1298491919449775028,Harker Arena,1308675217948824631,4804040241200012,4804040241200012,0404,6.0,,52.8,8.8,6.864
solis,2025-06-10,1298491919449775028,Harker Arena,1308675217948824676,4804040241200044,4804040241200044,0404,6.0,,53.1,8.85,6.903
solis,2025-06-10,1298491919449775028,Harker Arena,1308675217948824790,4804040241200032,4804040241200032,0404,6.0,,52.8,8.8,6.864
solis,2025-06-10,1298491919449775028,Harker Arena,1308675217948824824,4804040241200005,4804040241200005,0404,6.0,,53.3,8.88,6.929
solis,2025-06-11,1298491919449775028,Harker Arena,1308675217948824631,4804040241200012,4804040241200012,0404,6.0,,48.4,8.07,6.292
solis,2025-06-11,1298491919449775028,Harker Arena,1308675217948824676,4804040241200044,4804040241200044,0404,6.0,,49.2,8.2,6.396
solis,2025-06-11,1298491919449775028,Harker Arena,1308675217948824790,4804040241200032,4804040241200032,0404,6.0,,49.0,8.17,6.37
solis,2025-06-11,1298491919449775028,Harker Arena,1308675217948824824,4804040241200005,4804040241200005,0404,6.0,,49.2,8.2,6.396
solis,2025-06-12,1298491919449775028,Harker Arena,1308675217948824631,4804040241200012,4804040241200012,0404,6.0,,23.8,3.97,3.094
solis,2025-06-12,1298491919449775028,Harker Arena,1308675217948824676,4804040241200044,4804040241200044,0404,6.0,,24.5,4.08,3.185
solis,2025-06-12,1298491919449775028,Harker Arena,1308675217948824790,4804040241200032,4804040241200032,0404,6.0,,24.2,4.03,3.146
solis,2025-06-12,1298491919449775028,Harker Arena,1308675217948824824,4804040241200005,4804040241200005,0404,6.0,,24.4,4.07,3.172
solis,2025-06-13,1298491919449775028,Harker Arena,1308675217948824631,4804040241200012,4804040241200012,0404,6.0,,41.7,6.95,5.421
solis,2025-06-13,1298491919449775028,Harker Arena,1308675217948824676,4804040241200044,4804040241200044,0404,6.0,,42.3,7.05,5.499
solis,2025-06-13,1298491919449775028,Harker Arena,1308675217948824790,4804040241200032,4804040241200032,0404,6.0,,42.1,7.02,5.473
solis,2025-06-13,1298491919449775028,Harker Arena,1308675217948824824,4804040241200005,4804040241200005,0404,6.0,,42.4,7.07,5.512
solis,2025-06-14,1298491919449775028,Harker Arena,1308675217948824631,4804040241200012,4804040241200012,0404,6.0,,49.7,8.28,6.461
solis,2025-06-14,1298491919449775028,Harker Arena,1308675217948824676,4804040241200044,4804040241200044,0404,6.0,,48.0,8.0,6.24
solis,2025-06-14,1298491919449775028,Harker Arena,1308675217948824790,4804040241200032,4804040241200032,0404,6.0,,48.1,8.02,6.253
solis,2025-06-14,1298491919449775028,Harker Arena,1308675217948824824,4804040241200005,4804040241200005,0404,6.0,,49.7,8.28,6.461
solis,2025-06-15,1298491919449775028,Harker Arena,1308675217948824631,4804040241200012,4804040241200012,0404,6.0,,48.6,8.1,6.318
solis,2025-06-15,1298491919449775028,Harker Arena,1308675217948824676,4804040241200044,4804040241200044,0404,6.0,,48.5,8.08,6.305
solis,2025-06-15,1298491919449775028,Harker Arena,1308675217948824790,4804040241200032,4804040241200032,0404,6.0,,48.4,8.07,6.292
solis,2025-06-15,1298491919449775028,Harker Arena,1308675217948824824,4804040241200005,4804040241200005,0404,6.0,,49.4,8.23,6.422
solis,2025-06-16,1298491919449775028,Harker Arena,1308675217948824631,4804040241200012,4804040241200012,0404,6.0,,53.5,8.92,6.955
solis,2025-06-16,1298491919449775028,Harker Arena,1308675217948824676,4804040241200044,4804040241200044,0404,6.0,,52.7,8.78,6.851
solis,2025-06-16,1298491919449775028,Harker Arena,1308675217948824790,4804040241200032,4804040241200032,0404,6.0,,52.8,8.8,6.864
solis,2025-06-16,1298491919449775028,Harker Arena,1308675217948824824,4804040241200005,4804040241200005,0404,6.0,,53.6,8.93,6.968
solis,2025-06-17,1298491919449775028,Harker Arena,1308675217948824631,4804040241200012,4804040241200012,0404,6.0,,49.3,8.22,6.409
solis,2025-06-17,1298491919449775028,Harker Arena,1308675217948824676,4804040241200044,4804040241200044,0404,6.0,,49.4,8.23,6.422
solis,2025-06-17,1298491919449775028,Harker Arena,1308675217948824790,4804040241200032,4804040241200032,0404,6.0,,49.3,8.22,6.409
solis,2025-06-17,1298491919449775028,Harker Arena,1308675217948824824,4804040241200005,4804040241200005,0404,6.0,,49.7,8.28,6.461
solis,2025-06-18,1298491919449775028,Harker Arena,1308675217948824631,4804040241200012,4804040241200012,0404,6.0,,53.0,8.83,6.89
solis,2025-06-18,1298491919449775028,Harker Arena,1308675217948824676,4804040241200044,4804040241200044,0404,6.0,,51.8,8.63,6.734
solis,2025-06-18,1298491919449775028,Harker Arena,1308675217948824790,4804040241200032,4804040241200032,0404,6.0,,52.1,8.68,6.773
solis,2025-06-18,1298491919449775028,Harker Arena,1308675217948824824,4804040241200005,4804040241200005,0404,6.0,,53.2,8.87,6.916
solis,2025-06-19,1298491919449775028,Harker Arena,1308675217948824631,4804040241200012,4804040241200012,0404,6.0,,53.0,8.83,6.89
solis,2025-06-19,1298491919449775028,Harker Arena,1308675217948824676,4804040241200044,4804040241200044,0404,6.0,,51.4,8.57,6.682
solis,2025-06-19,1298491919449775028,Harker Arena,1308675217948824790,4804040241200032,4804040241200032,0404,6.0,,51.7,8.62,6.721
solis,2025-06-19,1298491919449775028,Harker Arena,1308675217948824824,4804040241200005,4804040241200005,0404,6.0,,53.0,8.83,6.89
solis,2025-06-20,1298491919449775028,Harker Arena,1308675217948824631,4804040241200012,4804040241200012,0404,6.0,,8.1,1.35,1.053
solis,2025-06-20,1298491919449775028,Harker Arena,1308675217948824676,4804040241200044,4804040241200044,0404,6.0,,8.3,1.38,1.079
solis,2025-06-20,1298491919449775028,Harker Arena,1308675217948824790,4804040241200032,4804040241200032,0404,6.0,,8.2,1.37,1.066
solis,2025-06-20,1298491919449775028,Harker Arena,1308675217948824824,4804040241200005,4804040241200005,0404,6.0,,8.3,1.38,1.079
solis,2025-06-21,1298491919449775028,Harker Arena,1308675217948824631,4804040241200012,4804040241200012,0404,6.0,,4.6,0.77,0.598
solis,2025-06-21,1298491919449775028,Harker Arena,1308675217948824676,4804040241200044,4804040241200044,0404,6.0,,4.7,0.78,0.611
solis,2025-06-21,1298491919449775028,Harker Arena,1308675217948824790,4804040241200032,4804040241200032,0404,6.0,,4.7,0.78,0.611
solis,2025-06-21,1298491919449775028,Harker Arena,1308675217948824824,4804040241200005,4804040241200005,0404,6.0,,4.8,0.8,0.624
solis,2025-06-22,1298491919449775028,Harker Arena,1308675217948824631,4804040241200012,4804040241200012,0404,6.0,,34.0,5.67,4.42
solis,2025-06-22,1298491919449775028,Harker Arena,1308675217948824676,4804040241200044,4804040241200044,0404,6.0,,33.1,5.52,4.303
solis,2025-06-22,1298491919449775028,Harker Arena,1308675217948824790,4804040241200032,4804040241200032,0404,6.0,,33.2,5.53,4.316
solis,2025-06-22,1298491919449775028,Harker Arena,1308675217948824824,4804040241200005,4804040241200005,0404,6.0,,33.8,5.63,4.394
solis,2025-06-23,1298491919449775028,Harker Arena,1308675217948824631,4804040241200012,4804040241200012,0404,6.0,,49.4,8.23,6.422
solis,2025-06-23,1298491919449775028,Harker Arena,1308675217948824676,4804040241200044,4804040241200044,0404,6.0,,45.5,7.58,5.915
solis,2025-06-23,1298491919449775028,Harker Arena,1308675217948824790,4804040241200032,4804040241200032,0404,6.0,,46.3,7.72,6.019
solis,2025-06-23,1298491919449775028,Harker Arena,1308675217948824824,4804040241200005,4804040241200005,0404,6.0,,48.1,8.02,6.253
solis,2025-06-24,1298491919449775028,Harker Arena,1308675217948824631,4804040241200012,4804040241200012,0404,6.0,,49.8,8.3,6.474
solis,2025-06-24,1298491919449775028,Harker Arena,1308675217948824676,4804040241200044,4804040241200044,0404,6.0,,46.1,7.68,5.993
solis,2025-06-24,1298491919449775028,Harker Arena,1308675217948824790,4804040241200032,4804040241200032,0404,6.0,,46.5,7.75,6.045
solis,2025-06-24,1298491919449775028,Harker Arena,1308675217948824824,4804040241200005,4804040241200005,0404,6.0,,48.3,8.05,6.279
solis,2025-06-25,1298491919449775028,Harker Arena,1308675217948824631,4804040241200012,4804040241200012,0404,6.0,,48.0,8.0,6.24
solis,2025-06-25,1298491919449775028,Harker Arena,1308675217948824676,4804040241200044,4804040241200044,0404,6.0,,46.0,7.67,5.98
solis,2025-06-25,1298491919449775028,Harker Arena,1308675217948824790,4804040241200032,4804040241200032,0404,6.0,,46.5,7.75,6.045
solis,2025-06-25,1298491919449775028,Harker Arena,1308675217948824824,4804040241200005,4804040241200005,0404,6.0,,48.0,8.0,6.24
solis,2025-06-26,1298491919449775028,Harker Arena,1308675217948824631,4804040241200012,4804040241200012,0404,6.0,,40.6,6.77,5.278
solis,2025-06-26,1298491919449775028,Harker Arena,1308675217948824676,4804040241200044,4804040241200044,0404,6.0,,40.4,6.73,5.252
solis,2025-06-26,1298491919449775028,Harker Arena,1308675217948824790,4804040241200032,4804040241200032,0404,6.0,,40.5,6.75,5.265
solis,2025-06-26,1298491919449775028,Harker Arena,1308675217948824824,4804040241200005,4804040241200005,0404,6.0,,41.1,6.85,5.343
solis,2025-06-27,1298491919449775028,Harker Arena,1308675217948824631,4804040241200012,4804040241200012,0404,6.0,,53.1,8.85,6.903
solis,2025-06-27,1298491919449775028,Harker Arena,1308675217948824676,4804040241200044,4804040241200044,0404,6.0,,50.5,8.42,6.565
solis,2025-06-27,1298491919449775028,Harker Arena,1308675217948824790,4804040241200032,4804040241200032,0404,6.0,,51.1,8.52,6.643
solis,2025-06-27,1298491919449775028,Harker Arena,1308675217948824824,4804040241200005,4804040241200005,0404,6.0,,52.7,8.78,6.851
solis,2025-06-28,1298491919449775028,Harker Arena,1308675217948824631,4804040241200012,4804040241200012,0404,6.0,,47.9,7.98,6.227
solis,2025-06-28,1298491919449775028,Harker Arena,1308675217948824676,4804040241200044,4804040241200044,0404,6.0,,45.3,7.55,5.889
solis,2025-06-28,1298491919449775028,Harker Arena,1308675217948824790,4804040241200032,4804040241200032,0404,6.0,,45.7,7.62,5.941
solis,2025-06-28,1298491919449775028,Harker Arena,1308675217948824824,4804040241200005,4804040241200005,0404,6.0,,47.3,7.88,6.149
solis,2025-06-29,1298491919449775028,Harker Arena,1308675217948824631,4804040241200012,4804040241200012,0404,6.0,,50.4,8.4,6.552
solis,2025-06-29,1298491919449775028,Harker Arena,1308675217948824676,4804040241200044,4804040241200044,0404,6.0,,46.9,7.82,6.097
solis,2025-06-29,1298491919449775028,Harker Arena,1308675217948824790,4804040241200032,4804040241200032,0404,6.0,,47.3,7.88,6.149
solis,2025-06-29,1298491919449775028,Harker Arena,1308675217948824824,4804040241200005,4804040241200005,0404,6.0,,49.1,8.18,6.383
solis,2025-06-30,1298491919449775028,Harker Arena,1308675217948824631,4804040241200012,4804040241200012,0404,6.0,,53.1,8.85,6.903
solis,2025-06-30,1298491919449775028,Harker Arena,1308675217948824676,4804040241200044,4804040241200044,0404,6.0,,53.2,8.87,6.916
solis,2025-06-30,1298491919449775028,Harker Arena,1308675217948824790,4804040241200032,4804040241200032,0404,6.0,,53.0,8.83,6.89
solis,2025-06-30,1298491919449775028,Harker Arena,1308675217948824824,4804040241200005,4804040241200005,0404,6.0,,53.6,8.93,6.968
solis,2025-07-01,1298491919449775028,Harker Arena,1308675217948824631,4804040241200012,4804040241200012,0404,6.0,,54.0,9.0,7.02
solis,2025-07-01,1298491919449775028,Harker Arena,1308675217948824676,4804040241200044,4804040241200044,0404,6.0,,52.8,8.8,6.864
solis,2025-07-01,1298491919449775028,Harker Arena,1308675217948824790,4804040241200032,4804040241200032,0404,6.0,,52.9,8.82,6.877
solis,2025-07-01,1298491919449775028,Harker Arena,1308675217948824824,4804040241200005,4804040241200005,0404,6.0,,53.5,8.92,6.955
solis,2025-07-02,1298491919449775028,Harker Arena,1308675217948824631,4804040241200012,4804040241200012,0404,6.0,,43.1,7.18,5.603
solis,2025-07-02,1298491919449775028,Harker Arena,1308675217948824676,4804040241200044,4804040241200044,0404,6.0,,43.6,7.27,5.668
solis,2025-07-02,1298491919449775028,Harker Arena,1308675217948824790,4804040241200032,4804040241200032,0404,6.0,,43.4,7.23,5.642
solis,2025-07-02,1298491919449775028,Harker Arena,1308675217948824824,4804040241200005,4804040241200005,0404,6.0,,43.8,7.3,5.694
solis,2025-07-03,1298491919449775028,Harker Arena,1308675217948824631,4804040241200012,4804040241200012,0404,6.0,,54.2,9.03,7.046
solis,2025-07-03,1298491919449775028,Harker Arena,1308675217948824676,4804040241200044,4804040241200044,0404,6.0,,54.5,9.08,7.085
solis,2025-07-03,1298491919449775028,Harker Arena,1308675217948824790,4804040241200032,4804040241200032,0404,6.0,,54.3,9.05,7.059
solis,2025-07-03,1298491919449775028,Harker Arena,1308675217948824824,4804040241200005,4804040241200005,0404,6.0,,54.7,9.12,7.111
solis,2025-07-04,1298491919449775028,Harker Arena,1308675217948824631,4804040241200012,4804040241200012,0404,6.0,,49.2,8.2,6.396
solis,2025-07-04,1298491919449775028,Harker Arena,1308675217948824676,4804040241200044,4804040241200044,0404,6.0,,49.4,8.23,6.422
solis,2025-07-04,1298491919449775028,Harker Arena,1308675217948824790,4804040241200032,4804040241200032,0404,6.0,,49.1,8.18,6.383
solis,2025-07-04,1298491919449775028,Harker Arena,1308675217948824824,4804040241200005,4804040241200005,0404,6.0,,49.5,8.25,6.435
solis,2025-07-05,1298491919449775028,Harker Arena,1308675217948824631,4804040241200012,4804040241200012,0404,6.0,,10.5,1.75,1.365
solis,2025-07-05,1298491919449775028,Harker Arena,1308675217948824676,4804040241200044,4804040241200044,0404,6.0,,10.7,1.78,1.391
solis,2025-07-05,1298491919449775028,Harker Arena,1308675217948824790,4804040241200032,4804040241200032,0404,6.0,,10.6,1.77,1.378
solis,2025-07-05,1298491919449775028,Harker Arena,1308675217948824824,4804040241200005,4804040241200005,0404,6.0,,10.8,1.8,1.404
solis,2025-07-06,1298491919449775028,Harker Arena,1308675217948824631,4804040241200012,4804040241200012,0404,6.0,,33.9,5.65,4.407
solis,2025-07-06,1298491919449775028,Harker Arena,1308675217948824676,4804040241200044,4804040241200044,0404,6.0,,33.7,5.62,4.381
solis,2025-07-06,1298491919449775028,Harker Arena,1308675217948824790,4804040241200032,4804040241200032,0404,6.0,,33.8,5.63,4.394
solis,2025-07-06,1298491919449775028,Harker Arena,1308675217948824824,4804040241200005,4804040241200005,0404,6.0,,34.2,5.7,4.446
solis,2025-07-07,1298491919449775028,Harker Arena,1308675217948824631,4804040241200012,4804040241200012,0404,6.0,,53.0,8.83,6.89
solis,2025-07-07,1298491919449775028,Harker Arena,1308675217948824676,4804040241200044,4804040241200044,0404,6.0,,51.9,8.65,6.747
solis,2025-07-07,1298491919449775028,Harker Arena,1308675217948824790,4804040241200032,4804040241200032,0404,6.0,,51.9,8.65,6.747
solis,2025-07-07,1298491919449775028,Harker Arena,1308675217948824824,4804040241200005,4804040241200005,0404,6.0,,53.1,8.85,6.903
solis,2025-07-08,1298491919449775028,Harker Arena,1308675217948824631,4804040241200012,4804040241200012,0404,6.0,,53.3,8.88,6.929
solis,2025-07-08,1298491919449775028,Harker Arena,1308675217948824676,4804040241200044,4804040241200044,0404,6.0,,53.6,8.93,6.968
solis,2025-07-08,1298491919449775028,Harker Arena,1308675217948824790,4804040241200032,4804040241200032,0404,6.0,,53.5,8.92,6.955
solis,2025-07-08,1298491919449775028,Harker Arena,1308675217948824824,4804040241200005,4804040241200005,0404,6.0,,53.7,8.95,6.981
solis,2025-07-09,1298491919449775028,Harker Arena,1308675217948824631,4804040241200012,4804040241200012,0404,6.0,,46.0,7.67,5.98
solis,2025-07-09,1298491919449775028,Harker Arena,1308675217948824676,4804040241200044,4804040241200044,0404,6.0,,46.2,7.7,6.006
solis,2025-07-09,1298491919449775028,Harker Arena,1308675217948824790,4804040241200032,4804040241200032,0404,6.0,,46.0,7.67,5.98
solis,2025-07-09,1298491919449775028,Harker Arena,1308675217948824824,4804040241200005,4804040241200005,0404,6.0,,46.4,7.73,6.032
solis,2025-07-10,1298491919449775028,Harker Arena,1308675217948824631,4804040241200012,4804040241200012,0404,6.0,,28.4,4.73,3.692
solis,2025-07-10,1298491919449775028,Harker Arena,1308675217948824676,4804040241200044,4804040241200044,0404,6.0,,28.6,4.77,3.718
solis,2025-07-10,1298491919449775028,Harker Arena,1308675217948824790,4804040241200032,4804040241200032,0404,6.0,,28.4,4.73,3.692
solis,2025-07-10,1298491919449775028,Harker Arena,1308675217948824824,4804040241200005,4804040241200005,0404,6.0,,28.8,4.8,3.744
solis,2025-07-11,1298491919449775028,Harker Arena,1308675217948824631,4804040241200012,4804040241200012,0404,6.0,,52.5,8.75,6.825
solis,2025-07-11,1298491919449775028,Harker Arena,1308675217948824676,4804040241200044,4804040241200044,0404,6.0,,52.0,8.67,6.76
solis,2025-07-11,1298491919449775028,Harker Arena,1308675217948824790,4804040241200032,4804040241200032,0404,6.0,,52.2,8.7,6.786
solis,2025-07-11,1298491919449775028,Harker Arena,1308675217948824824,4804040241200005,4804040241200005,0404,6.0,,52.9,8.82,6.877
solis,2025-07-12,1298491919449775028,Harker Arena,1308675217948824631,4804040241200012,4804040241200012,0404,6.0,,51.8,8.63,6.734
solis,2025-07-12,1298491919449775028,Harker Arena,1308675217948824676,4804040241200044,4804040241200044,0404,6.0,,50.9,8.48,6.617
solis,2025-07-12,1298491919449775028,Harker Arena,1308675217948824790,4804040241200032,4804040241200032,0404,6.0,,51.1,8.52,6.643
solis,2025-07-12,1298491919449775028,Harker Arena,1308675217948824824,4804040241200005,4804040241200005,0404,6.0,,52.0,8.67,6.76
solis,2025-07-13,1298491919449775028,Harker Arena,1308675217948824631,4804040241200012,4804040241200012,0404,6.0,,48.2,8.03,6.266
solis,2025-07-13,1298491919449775028,Harker Arena,1308675217948824676,4804040241200044,4804040241200044,0404,6.0,,46.6,7.77,6.058
solis,2025-07-13,1298491919449775028,Harker Arena,1308675217948824790,4804040241200032,4804040241200032,0404,6.0,,47.0,7.83,6.11
solis,2025-07-13,1298491919449775028,Harker Arena,1308675217948824824,4804040241200005,4804040241200005,0404,6.0,,48.2,8.03,6.266
solis,2025-07-14,1298491919449775028,Harker Arena,1308675217948824631,4804040241200012,4804040241200012,0404,6.0,,6.4,1.07,0.832
solis,2025-07-14,1298491919449775028,Harker Arena,1308675217948824676,4804040241200044,4804040241200044,0404,6.0,,6.7,1.12,0.871
solis,2025-07-14,1298491919449775028,Harker Arena,1308675217948824790,4804040241200032,4804040241200032,0404,6.0,,6.6,1.1,0.858
solis,2025-07-14,1298491919449775028,Harker Arena,1308675217948824824,4804040241200005,4804040241200005,0404,6.0,,6.7,1.12,0.871
solis,2025-07-15,1298491919449775028,Harker Arena,1308675217948824631,4804040241200012,4804040241200012,0404,6.0,,20.8,3.47,2.704
solis,2025-07-15,1298491919449775028,Harker Arena,1308675217948824676,4804040241200044,4804040241200044,0404,6.0,,21.0,3.5,2.73
solis,2025-07-15,1298491919449775028,Harker Arena,1308675217948824790,4804040241200032,4804040241200032,0404,6.0,,20.9,3.48,2.717
solis,2025-07-15,1298491919449775028,Harker Arena,1308675217948824824,4804040241200005,4804040241200005,0404,6.0,,21.1,3.52,2.743
solis,2025-07-16,1298491919449775028,Harker Arena,1308675217948824631,4804040241200012,4804040241200012,0404,6.0,,49.9,8.32,6.487
solis,2025-07-16,1298491919449775028,Harker Arena,1308675217948824676,4804040241200044,4804040241200044,0404,6.0,,26.0,4.33,3.38
solis,2025-07-16,1298491919449775028,Harker Arena,1308675217948824790,4804040241200032,4804040241200032,0404,6.0,,48.1,8.02,6.253
solis,2025-07-16,1298491919449775028,Harker Arena,1308675217948824824,4804040241200005,4804040241200005,0404,6.0,,49.2,8.2,6.396
solis,2025-07-17,1298491919449775028,Harker Arena,1308675217948824631,4804040241200012,4804040241200012,0404,6.0,,20.8,3.47,2.704
solis,2025-07-17,1298491919449775028,Harker Arena,1308675217948824676,4804040241200044,4804040241200044,0404,6.0,,21.1,3.52,2.743
solis,2025-07-17,1298491919449775028,Harker Arena,1308675217948824790,4804040241200032,4804040241200032,0404,6.0,,20.9,3.48,2.717
solis,2025-07-17,1298491919449775028,Harker Arena,1308675217948824824,4804040241200005,4804040241200005,0404,6.0,,21.3,3.55,2.769
solis,2025-07-18,1298491919449775028,Harker Arena,1308675217948824631,4804040241200012,4804040241200012,0404,6.0,,46.6,7.77,6.058
solis,2025-07-18,1298491919449775028,Harker Arena,1308675217948824676,4804040241200044,4804040241200044,0404,6.0,,44.0,7.33,5.72
solis,2025-07-18,1298491919449775028,Harker Arena,1308675217948824790,4804040241200032,4804040241200032,0404,6.0,,44.4,7.4,5.772
solis,2025-07-18,1298491919449775028,Harker Arena,1308675217948824824,4804040241200005,4804040241200005,0404,6.0,,45.8,7.63,5.954
solis,2025-07-19,1298491919449775028,Harker Arena,1308675217948824631,4804040241200012,4804040241200012,0404,6.0,,33.9,5.65,4.407
solis,2025-07-19,1298491919449775028,Harker Arena,1308675217948824676,4804040241200044,4804040241200044,0404,6.0,,33.2,5.53,4.316
solis,2025-07-19,1298491919449775028,Harker Arena,1308675217948824790,4804040241200032,4804040241200032,0404,6.0,,33.1,5.52,4.303
solis,2025-07-19,1298491919449775028,Harker Arena,1308675217948824824,4804040241200005,4804040241200005,0404,6.0,,33.9,5.65,4.407
solis,2025-07-20,1298491919449775028,Harker Arena,1308675217948824631,4804040241200012,4804040241200012,0404,6.0,,45.7,7.62,5.941
solis,2025-07-20,1298491919449775028,Harker Arena,1308675217948824676,4804040241200044,4804040241200044,0404,6.0,,43.1,7.18,5.603
solis,2025-07-20,1298491919449775028,Harker Arena,1308675217948824790,4804040241200032,4804040241200032,0404,6.0,,43.2,7.2,5.616
solis,2025-07-20,1298491919449775028,Harker Arena,1308675217948824824,4804040241200005,4804040241200005,0404,6.0,,45.0,7.5,5.85
solis,2025-07-21,1298491919449775028,Harker Arena,1308675217948824631,4804040241200012,4804040241200012,0404,6.0,,23.8,3.97,3.094
solis,2025-07-21,1298491919449775028,Harker Arena,1308675217948824676,4804040241200044,4804040241200044,0404,6.0,,24.3,4.05,3.159
solis,2025-07-21,1298491919449775028,Harker Arena,1308675217948824790,4804040241200032,4804040241200032,0404,6.0,,24.1,4.02,3.133
solis,2025-07-21,1298491919449775028,Harker Arena,1308675217948824824,4804040241200005,4804040241200005,0404,6.0,,24.2,4.03,3.146
solis,2025-07-22,1298491919449775028,Harker Arena,1308675217948824631,4804040241200012,4804040241200012,0404,6.0,,8.2,1.37,1.066
solis,2025-07-22,1298491919449775028,Harker Arena,1308675217948824676,4804040241200044,4804040241200044,0404,6.0,,8.4,1.4,1.092
solis,2025-07-22,1298491919449775028,Harker Arena,1308675217948824790,4804040241200032,4804040241200032,0404,6.0,,8.5,1.42,1.105
solis,2025-07-22,1298491919449775028,Harker Arena,1308675217948824824,4804040241200005,4804040241200005,0404,6.0,,8.5,1.42,1.105
solis,2025-07-23,1298491919449775028,Harker Arena,1308675217948824631,4804040241200012,4804040241200012,0404,6.0,,50.6,8.43,6.578
solis,2025-07-23,1298491919449775028,Harker Arena,1308675217948824676,4804040241200044,4804040241200044,0404,6.0,,47.7,7.95,6.201
solis,2025-07-23,1298491919449775028,Harker Arena,1308675217948824790,4804040241200032,4804040241200032,0404,6.0,,48.0,8.0,6.24
solis,2025-07-23,1298491919449775028,Harker Arena,1308675217948824824,4804040241200005,4804040241200005,0404,6.0,,49.9,8.32,6.487
solis,2025-07-24,1298491919449775028,Harker Arena,1308675217948824631,4804040241200012,4804040241200012,0404,6.0,,51.3,8.55,6.669
solis,2025-07-24,1298491919449775028,Harker Arena,1308675217948824676,4804040241200044,4804040241200044,0404,6.0,,47.3,7.88,6.149
solis,2025-07-24,1298491919449775028,Harker Arena,1308675217948824790,4804040241200032,4804040241200032,0404,6.0,,47.7,7.95,6.201
solis,2025-07-24,1298491919449775028,Harker Arena,1308675217948824824,4804040241200005,4804040241200005,0404,6.0,,49.7,8.28,6.461
solis,2025-07-25,1298491919449775028,Harker Arena,1308675217948824631,4804040241200012,4804040241200012,0404,6.0,,51.5,8.58,6.695
solis,2025-07-25,1298491919449775028,Harker Arena,1308675217948824676,4804040241200044,4804040241200044,0404,6.0,,50.4,8.4,6.552
solis,2025-07-25,1298491919449775028,Harker Arena,1308675217948824790,4804040241200032,4804040241200032,0404,6.0,,50.8,8.47,6.604
solis,2025-07-25,1298491919449775028,Harker Arena,1308675217948824824,4804040241200005,4804040241200005,0404,6.0,,51.9,8.65,6.747
solis,2025-07-26,1298491919449775028,Harker Arena,1308675217948824631,4804040241200012,4804040241200012,0404,6.0,,48.8,8.13,6.344
solis,2025-07-26,1298491919449775028,Harker Arena,1308675217948824676,4804040241200044,4804040241200044,0404,6.0,,45.4,7.57,5.902
solis,2025-07-26,1298491919449775028,Harker Arena,1308675217948824790,4804040241200032,4804040241200032,0404,6.0,,46.0,7.67,5.98
solis,2025-07-26,1298491919449775028,Harker Arena,1308675217948824824,4804040241200005,4804040241200005,0404,6.0,,47.8,7.97,6.214
solis,2025-07-27,1298491919449775028,Harker Arena,1308675217948824631,4804040241200012,4804040241200012,0404,6.0,,39.2,6.53,5.096
solis,2025-07-27,1298491919449775028,Harker Arena,1308675217948824676,4804040241200044,4804040241200044,0404,6.0,,36.9,6.15,4.797
solis,2025-07-27,1298491919449775028,Harker Arena,1308675217948824790,4804040241200032,4804040241200032,0404,6.0,,37.3,6.22,4.849
solis,2025-07-27,1298491919449775028,Harker Arena,1308675217948824824,4804040241200005,4804040241200005,0404,6.0,,38.4,6.4,4.992
solis,2025-07-28,1298491919449775028,Harker Arena,1308675217948824631,4804040241200012,4804040241200012,0404,6.0,,32.3,5.38,4.199
solis,2025-07-28,1298491919449775028,Harker Arena,1308675217948824676,4804040241200044,4804040241200044,0404,6.0,,32.8,5.47,4.264
solis,2025-07-28,1298491919449775028,Harker Arena,1308675217948824790,4804040241200032,4804040241200032,0404,6.0,,32.6,5.43,4.238
solis,2025-07-28,1298491919449775028,Harker Arena,1308675217948824824,4804040241200005,4804040241200005,0404,6.0,,32.9,5.48,4.277
solis,2025-07-29,1298491919449775028,Harker Arena,1308675217948824631,4804040241200012,4804040241200012,0404,6.0,,50.5,8.42,6.565
solis,2025-07-29,1298491919449775028,Harker Arena,1308675217948824676,4804040241200044,4804040241200044,0404,6.0,,47.4,7.9,6.162
solis,2025-07-29,1298491919449775028,Harker Arena,1308675217948824790,4804040241200032,4804040241200032,0404,6.0,,47.8,7.97,6.214
solis,2025-07-29,1298491919449775028,Harker Arena,1308675217948824824,4804040241200005,4804040241200005,0404,6.0,,49.7,8.28,6.461
solis,2025-07-30,1298491919449775028,Harker Arena,1308675217948824631,4804040241200012,4804040241200012,0404,6.0,,50.7,8.45,6.591
solis,2025-07-30,1298491919449775028,Harker Arena,1308675217948824676,4804040241200044,4804040241200044,0404,6.0,,49.1,8.18,6.383
solis,2025-07-30,1298491919449775028,Harker Arena,1308675217948824790,4804040241200032,4804040241200032,0404,6.0,,49.5,8.25,6.435
solis,2025-07-30,1298491919449775028,Harker Arena,1308675217948824824,4804040241200005,4804040241200005,0404,6.0,,50.7,8.45,6.591
solis,2025-07-31,1298491919449775028,Harker Arena,1308675217948824631,4804040241200012,4804040241200012,0404,6.0,,51.1,8.52,6.643
solis,2025-07-31,1298491919449775028,Harker Arena,1308675217948824676,4804040241200044,4804040241200044,0404,6.0,,49.2,8.2,6.396
solis,2025-07-31,1298491919449775028,Harker Arena,1308675217948824790,4804040241200032,4804040241200032,0404,6.0,,49.5,8.25,6.435
solis,2025-07-31,1298491919449775028,Harker Arena,1308675217948824824,4804040241200005,4804040241200005,0404,6.0,,50.9,8.48,6.617
solis,2025-08-01,1298491919449775028,Harker Arena,1308675217948824631,4804040241200012,4804040241200012,0404,6.0,,47.6,7.93,6.188
solis,2025-08-01,1298491919449775028,Harker Arena,1308675217948824676,4804040241200044,4804040241200044,0404,6.0,,44.0,7.33,5.72
solis,2025-08-01,1298491919449775028,Harker Arena,1308675217948824790,4804040241200032,4804040241200032,0404,6.0,,44.5,7.42,5.785
solis,2025-08-01,1298491919449775028,Harker Arena,1308675217948824824,4804040241200005,4804040241200005,0404,6.0,,46.4,7.73,6.032
solis,2025-08-02,1298491919449775028,Harker Arena,1308675217948824631,4804040241200012,4804040241200012,0404,6.0,,40.9,6.82,5.317
solis,2025-08-02,1298491919449775028,Harker Arena,1308675217948824676,4804040241200044,4804040241200044,0404,6.0,,40.0,6.67,5.2
solis,2025-08-02,1298491919449775028,Harker Arena,1308675217948824790,4804040241200032,4804040241200032,0404,6.0,,40.1,6.68,5.213
solis,2025-08-02,1298491919449775028,Harker Arena,1308675217948824824,4804040241200005,4804040241200005,0404,6.0,,41.1,6.85,5.343
solis,2025-08-03,1298491919449775028,Harker Arena,1308675217948824631,4804040241200012,4804040241200012,0404,6.0,,20.9,3.48,2.717
solis,2025-08-03,1298491919449775028,Harker Arena,1308675217948824676,4804040241200044,4804040241200044,0404,6.0,,21.1,3.52,2.743
solis,2025-08-03,1298491919449775028,Harker Arena,1308675217948824790,4804040241200032,4804040241200032,0404,6.0,,20.9,3.48,2.717
solis,2025-08-03,1298491919449775028,Harker Arena,1308675217948824824,4804040241200005,4804040241200005,0404,6.0,,21.3,3.55,2.769
solis,2025-08-04,1298491919449775028,Harker Arena,1308675217948824631,4804040241200012,4804040241200012,0404,6.0,,46.5,7.75,6.045
solis,2025-08-04,1298491919449775028,Harker Arena,1308675217948824676,4804040241200044,4804040241200044,0404,6.0,,44.6,7.43,5.798
solis,2025-08-04,1298491919449775028,Harker Arena,1308675217948824790,4804040241200032,4804040241200032,0404,6.0,,44.8,7.47,5.824
solis,2025-08-04,1298491919449775028,Harker Arena,1308675217948824824,4804040241200005,4804040241200005,0404,6.0,,46.3,7.72,6.019
solis,2025-08-05,1298491919449775028,Harker Arena,1308675217948824631,4804040241200012,4804040241200012,0404,6.0,,39.2,6.53,5.096
solis,2025-08-05,1298491919449775028,Harker Arena,1308675217948824676,4804040241200044,4804040241200044,0404,6.0,,37.6,6.27,4.888
solis,2025-08-05,1298491919449775028,Harker Arena,1308675217948824790,4804040241200032,4804040241200032,0404,6.0,,37.7,6.28,4.901
solis,2025-08-05,1298491919449775028,Harker Arena,1308675217948824824,4804040241200005,4804040241200005,0404,6.0,,38.8,6.47,5.044
solis,2025-08-06,1298491919449775028,Harker Arena,1308675217948824631,4804040241200012,4804040241200012,0404,6.0,,39.0,6.5,5.07
solis,2025-08-06,1298491919449775028,Harker Arena,1308675217948824676,4804040241200044,4804040241200044,0404,6.0,,39.0,6.5,5.07
solis,2025-08-06,1298491919449775028,Harker Arena,1308675217948824790,4804040241200032,4804040241200032,0404,6.0,,38.8,6.47,5.044
solis,2025-08-06,1298491919449775028,Harker Arena,1308675217948824824,4804040241200005,4804040241200005,0404,6.0,,39.4,6.57,5.122
solis,2025-08-07,1298491919449775028,Harker Arena,1308675217948824631,4804040241200012,4804040241200012,0404,6.0,,35.4,5.9,4.602
solis,2025-08-07,1298491919449775028,Harker Arena,1308675217948824676,4804040241200044,4804040241200044,0404,6.0,,35.7,5.95,4.641
solis,2025-08-07,1298491919449775028,Harker Arena,1308675217948824790,4804040241200032,4804040241200032,0404,6.0,,35.6,5.93,4.628
solis,2025-08-07,1298491919449775028,Harker Arena,1308675217948824824,4804040241200005,4804040241200005,0404,6.0,,36.2,6.03,4.706
solis,2025-08-08,1298491919449775028,Harker Arena,1308675217948824631,4804040241200012,4804040241200012,0404,6.0,,11.8,1.97,1.534
solis,2025-08-08,1298491919449775028,Harker Arena,1308675217948824676,4804040241200044,4804040241200044,0404,6.0,,12.0,2.0,1.56
solis,2025-08-08,1298491919449775028,Harker Arena,1308675217948824790,4804040241200032,4804040241200032,0404,6.0,,12.0,2.0,1.56
solis,2025-08-08,1298491919449775028,Harker Arena,1308675217948824824,4804040241200005,4804040241200005,0404,6.0,,12.0,2.0,1.56
solis,2025-08-09,1298491919449775028,Harker Arena,1308675217948824631,4804040241200012,4804040241200012,0404,6.0,,38.5,6.42,5.005
solis,2025-08-09,1298491919449775028,Harker Arena,1308675217948824676,4804040241200044,4804040241200044,0404,6.0,,36.5,6.08,4.745
solis,2025-08-09,1298491919449775028,Harker Arena,1308675217948824790,4804040241200032,4804040241200032,0404,6.0,,36.8,6.13,4.784
solis,2025-08-09,1298491919449775028,Harker Arena,1308675217948824824,4804040241200005,4804040241200005,0404,6.0,,38.0,6.33,4.94
solis,2025-08-10,1298491919449775028,Harker Arena,1308675217948824631,4804040241200012,4804040241200012,0404,6.0,,49.9,8.32,6.487
solis,2025-08-10,1298491919449775028,Harker Arena,1308675217948824676,4804040241200044,4804040241200044,0404,6.0,,45.8,7.63,5.954
solis,2025-08-10,1298491919449775028,Harker Arena,1308675217948824790,4804040241200032,4804040241200032,0404,6.0,,46.3,7.72,6.019
solis,2025-08-10,1298491919449775028,Harker Arena,1308675217948824824,4804040241200005,4804040241200005,0404,6.0,,48.4,8.07,6.292
solis,2025-08-11,1298491919449775028,Harker Arena,1308675217948824631,4804040241200012,4804040241200012,0404,6.0,,30.2,5.03,3.926
solis,2025-08-11,1298491919449775028,Harker Arena,1308675217948824676,4804040241200044,4804040241200044,0404,6.0,,30.1,5.02,3.913
solis,2025-08-11,1298491919449775028,Harker Arena,1308675217948824790,4804040241200032,4804040241200032,0404,6.0,,30.0,5.0,3.9
solis,2025-08-11,1298491919449775028,Harker Arena,1308675217948824824,4804040241200005,4804040241200005,0404,6.0,,30.6,5.1,3.978
solis,2025-08-12,1298491919449775028,Harker Arena,1308675217948824631,4804040241200012,4804040241200012,0404,6.0,,50.3,8.38,6.539
solis,2025-08-12,1298491919449775028,Harker Arena,1308675217948824676,4804040241200044,4804040241200044,0404,6.0,,49.0,8.17,6.37
solis,2025-08-12,1298491919449775028,Harker Arena,1308675217948824790,4804040241200032,4804040241200032,0404,6.0,,49.3,8.22,6.409
solis,2025-08-12,1298491919449775028,Harker Arena,1308675217948824824,4804040241200005,4804040241200005,0404,6.0,,50.4,8.4,6.552
solis,2025-08-13,1298491919449775028,Harker Arena,1308675217948824631,4804040241200012,4804040241200012,0404,6.0,,48.6,8.1,6.318
solis,2025-08-13,1298491919449775028,Harker Arena,1308675217948824676,4804040241200044,4804040241200044,0404,6.0,,47.3,7.88,6.149
solis,2025-08-13,1298491919449775028,Harker Arena,1308675217948824790,4804040241200032,4804040241200032,0404,6.0,,47.6,7.93,6.188
solis,2025-08-13,1298491919449775028,Harker Arena,1308675217948824824,4804040241200005,4804040241200005,0404,6.0,,48.5,8.08,6.305
solis,2025-08-14,1298491919449775028,Harker Arena,1308675217948824631,4804040241200012,4804040241200012,0404,6.0,,34.3,5.72,4.459
solis,2025-08-14,1298491919449775028,Harker Arena,1308675217948824676,4804040241200044,4804040241200044,0404,6.0,,34.5,5.75,4.485
solis,2025-08-14,1298491919449775028,Harker Arena,1308675217948824790,4804040241200032,4804040241200032,0404,6.0,,34.5,5.75,4.485
solis,2025-08-14,1298491919449775028,Harker Arena,1308675217948824824,4804040241200005,4804040241200005,0404,6.0,,34.9,5.82,4.537
solis,2025-08-15,1298491919449775028,Harker Arena,1308675217948824631,4804040241200012,4804040241200012,0404,6.0,,38.2,6.37,4.966
solis,2025-08-15,1298491919449775028,Harker Arena,1308675217948824676,4804040241200044,4804040241200044,0404,6.0,,38.4,6.4,4.992
solis,2025-08-15,1298491919449775028,Harker Arena,1308675217948824790,4804040241200032,4804040241200032,0404,6.0,,38.4,6.4,4.992
solis,2025-08-15,1298491919449775028,Harker Arena,1308675217948824824,4804040241200005,4804040241200005,0404,6.0,,38.9,6.48,5.057
solis,2025-08-16,1298491919449775028,Harker Arena,1308675217948824631,4804040241200012,4804040241200012,0404,6.0,,37.6,6.27,4.888
solis,2025-08-16,1298491919449775028,Harker Arena,1308675217948824676,4804040241200044,4804040241200044,0404,6.0,,35.5,5.92,4.615
solis,2025-08-16,1298491919449775028,Harker Arena,1308675217948824790,4804040241200032,4804040241200032,0404,6.0,,36.0,6.0,4.68
solis,2025-08-16,1298491919449775028,Harker Arena,1308675217948824824,4804040241200005,4804040241200005,0404,6.0,,37.2,6.2,4.836
solis,2025-08-17,1298491919449775028,Harker Arena,1308675217948824631,4804040241200012,4804040241200012,0404,6.0,,48.0,8.0,6.24
solis,2025-08-17,1298491919449775028,Harker Arena,1308675217948824676,4804040241200044,4804040241200044,0404,6.0,,44.4,7.4,5.772
solis,2025-08-17,1298491919449775028,Harker Arena,1308675217948824790,4804040241200032,4804040241200032,0404,6.0,,45.3,7.55,5.889
solis,2025-08-17,1298491919449775028,Harker Arena,1308675217948824824,4804040241200005,4804040241200005,0404,6.0,,47.0,7.83,6.11
solis,2025-08-18,1298491919449775028,Harker Arena,1308675217948824631,4804040241200012,4804040241200012,0404,6.0,,48.9,8.15,6.357
solis,2025-08-18,1298491919449775028,Harker Arena,1308675217948824676,4804040241200044,4804040241200044,0404,6.0,,47.7,7.95,6.201
solis,2025-08-18,1298491919449775028,Harker Arena,1308675217948824790,4804040241200032,4804040241200032,0404,6.0,,47.9,7.98,6.227
solis,2025-08-18,1298491919449775028,Harker Arena,1308675217948824824,4804040241200005,4804040241200005,0404,6.0,,49.0,8.17,6.37
solis,2025-08-19,1298491919449775028,Harker Arena,1308675217948824631,4804040241200012,4804040241200012,0404,6.0,,48.5,8.08,6.305
solis,2025-08-19,1298491919449775028,Harker Arena,1308675217948824676,4804040241200044,4804040241200044,0404,6.0,,48.4,8.07,6.292
solis,2025-08-19,1298491919449775028,Harker Arena,1308675217948824790,4804040241200032,4804040241200032,0404,6.0,,48.4,8.07,6.292
solis,2025-08-19,1298491919449775028,Harker Arena,1308675217948824824,4804040241200005,4804040241200005,0404,6.0,,49.0,8.17,6.37
solis,2025-08-20,1298491919449775028,Harker Arena,1308675217948824631,4804040241200012,4804040241200012,0404,6.0,,45.7,7.62,5.941
solis,2025-08-20,1298491919449775028,Harker Arena,1308675217948824676,4804040241200044,4804040241200044,0404,6.0,,45.1,7.52,5.863
solis,2025-08-20,1298491919449775028,Harker Arena,1308675217948824790,4804040241200032,4804040241200032,0404,6.0,,45.3,7.55,5.889
solis,2025-08-20,1298491919449775028,Harker Arena,1308675217948824824,4804040241200005,4804040241200005,0404,6.0,,45.9,7.65,5.967
solis,2025-08-21,1298491919449775028,Harker Arena,1308675217948824631,4804040241200012,4804040241200012,0404,6.0,,50.4,8.4,6.552
solis,2025-08-21,1298491919449775028,Harker Arena,1308675217948824676,4804040241200044,4804040241200044,0404,6.0,,50.1,8.35,6.513
solis,2025-08-21,1298491919449775028,Harker Arena,1308675217948824790,4804040241200032,4804040241200032,0404,6.0,,50.0,8.33,6.5
solis,2025-08-21,1298491919449775028,Harker Arena,1308675217948824824,4804040241200005,4804040241200005,0404,6.0,,50.6,8.43,6.578
solis,2025-08-22,1298491919449775028,Harker Arena,1308675217948824631,4804040241200012,4804040241200012,0404,6.0,,49.7,8.28,6.461
solis,2025-08-22,1298491919449775028,Harker Arena,1308675217948824676,4804040241200044,4804040241200044,0404,6.0,,48.6,8.1,6.318
solis,2025-08-22,1298491919449775028,Harker Arena,1308675217948824790,4804040241200032,4804040241200032,0404,6.0,,48.9,8.15,6.357
solis,2025-08-22,1298491919449775028,Harker Arena,1308675217948824824,4804040241200005,4804040241200005,0404,6.0,,50.0,8.33,6.5
solis,2025-08-23,1298491919449775028,Harker Arena,1308675217948824631,4804040241200012,4804040241200012,0404,6.0,,50.0,8.33,6.5
solis,2025-08-23,1298491919449775028,Harker Arena,1308675217948824676,4804040241200044,4804040241200044,0404,6.0,,49.3,8.22,6.409
solis,2025-08-23,1298491919449775028,Harker Arena,1308675217948824790,4804040241200032,4804040241200032,0404,6.0,,49.1,8.18,6.383
solis,2025-08-23,1298491919449775028,Harker Arena,1308675217948824824,4804040241200005,4804040241200005,0404,6.0,,50.1,8.35,6.513
solis,2025-08-24,1298491919449775028,Harker Arena,1308675217948824631,4804040241200012,4804040241200012,0404,6.0,,49.1,8.18,6.383
solis,2025-08-24,1298491919449775028,Harker Arena,1308675217948824676,4804040241200044,4804040241200044,0404,6.0,,46.4,7.73,6.032
solis,2025-08-24,1298491919449775028,Harker Arena,1308675217948824790,4804040241200032,4804040241200032,0404,6.0,,46.7,7.78,6.071
solis,2025-08-24,1298491919449775028,Harker Arena,1308675217948824824,4804040241200005,4804040241200005,0404,6.0,,48.3,8.05,6.279
solis,2025-08-25,1298491919449775028,Harker Arena,1308675217948824631,4804040241200012,4804040241200012,0404,6.0,,48.7,8.12,6.331
solis,2025-08-25,1298491919449775028,Harker Arena,1308675217948824676,4804040241200044,4804040241200044,0404,6.0,,47.2,7.87,6.136
solis,2025-08-25,1298491919449775028,Harker Arena,1308675217948824790,4804040241200032,4804040241200032,0404,6.0,,47.3,7.88,6.149
solis,2025-08-25,1298491919449775028,Harker Arena,1308675217948824824,4804040241200005,4804040241200005,0404,6.0,,48.6,8.1,6.318
solis,2025-08-26,1298491919449775028,Harker Arena,1308675217948824631,4804040241200012,4804040241200012,0404,6.0,,48.5,8.08,6.305
solis,2025-08-26,1298491919449775028,Harker Arena,1308675217948824676,4804040241200044,4804040241200044,0404,6.0,,48.2,8.03,6.266
solis,2025-08-26,1298491919449775028,Harker Arena,1308675217948824790,4804040241200032,4804040241200032,0404,6.0,,48.3,8.05,6.279
solis,2025-08-26,1298491919449775028,Harker Arena,1308675217948824824,4804040241200005,4804040241200005,0404,6.0,,48.9,8.15,6.357
solis,2025-08-27,1298491919449775028,Harker Arena,1308675217948824631,4804040241200012,4804040241200012,0404,6.0,,46.4,7.73,6.032
solis,2025-08-27,1298491919449775028,Harker Arena,1308675217948824676,4804040241200044,4804040241200044,0404,6.0,,45.5,7.58,5.915
solis,2025-08-27,1298491919449775028,Harker Arena,1308675217948824790,4804040241200032,4804040241200032,0404,6.0,,45.6,7.6,5.928
solis,2025-08-27,1298491919449775028,Harker Arena,1308675217948824824,4804040241200005,4804040241200005,0404,6.0,,46.6,7.77,6.058
solis,2025-08-28,1298491919449775028,Harker Arena,1308675217948824631,4804040241200012,4804040241200012,0404,6.0,,15.9,2.65,2.067
solis,2025-08-28,1298491919449775028,Harker Arena,1308675217948824676,4804040241200044,4804040241200044,0404,6.0,,16.3,2.72,2.119
solis,2025-08-28,1298491919449775028,Harker Arena,1308675217948824790,4804040241200032,4804040241200032,0404,6.0,,16.1,2.68,2.093
solis,2025-08-28,1298491919449775028,Harker Arena,1308675217948824824,4804040241200005,4804040241200005,0404,6.0,,16.2,2.7,2.106
solis,2025-08-29,1298491919449775028,Harker Arena,1308675217948824631,4804040241200012,4804040241200012,0404,6.0,,38.6,6.43,5.018
solis,2025-08-29,1298491919449775028,Harker Arena,1308675217948824676,4804040241200044,4804040241200044,0404,6.0,,38.9,6.48,5.057
solis,2025-08-29,1298491919449775028,Harker Arena,1308675217948824790,4804040241200032,4804040241200032,0404,6.0,,38.8,6.47,5.044
solis,2025-08-29,1298491919449775028,Harker Arena,1308675217948824824,4804040241200005,4804040241200005,0404,6.0,,39.2,6.53,5.096
solis,2025-08-30,1298491919449775028,Harker Arena,1308675217948824631,4804040241200012,4804040241200012,0404,6.0,,42.0,7.0,5.46
solis,2025-08-30,1298491919449775028,Harker Arena,1308675217948824676,4804040241200044,4804040241200044,0404,6.0,,39.3,6.55,5.109
solis,2025-08-30,1298491919449775028,Harker Arena,1308675217948824790,4804040241200032,4804040241200032,0404,6.0,,39.6,6.6,5.148
solis,2025-08-30,1298491919449775028,Harker Arena,1308675217948824824,4804040241200005,4804040241200005,0404,6.0,,41.0,6.83,5.33
solis,2025-08-31,1298491919449775028,Harker Arena,1308675217948824631,4804040241200012,4804040241200012,0404,6.0,,44.0,7.33,5.72
solis,2025-08-31,1298491919449775028,Harker Arena,1308675217948824676,4804040241200044,4804040241200044,0404,6.0,,41.2,6.87,5.356
solis,2025-08-31,1298491919449775028,Harker Arena,1308675217948824790,4804040241200032,4804040241200032,0404,6.0,,41.5,6.92,5.395
solis,2025-08-31,1298491919449775028,Harker Arena,1308675217948824824,4804040241200005,4804040241200005,0404,6.0,,43.2,7.2,5.616
solis,2025-09-01,1298491919449775028,Harker Arena,1308675217948824631,4804040241200012,4804040241200012,0404,6.0,,39.5,6.58,5.135
solis,2025-09-01,1298491919449775028,Harker Arena,1308675217948824676,4804040241200044,4804040241200044,0404,6.0,,39.0,6.5,5.07
solis,2025-09-01,1298491919449775028,Harker Arena,1308675217948824790,4804040241200032,4804040241200032,0404,6.0,,39.0,6.5,5.07
solis,2025-09-01,1298491919449775028,Harker Arena,1308675217948824824,4804040241200005,4804040241200005,0404,6.0,,39.8,6.63,5.174
solis,2025-09-02,1298491919449775028,Harker Arena,1308675217948824631,4804040241200012,4804040241200012,0404,6.0,,39.4,6.57,5.122
solis,2025-09-02,1298491919449775028,Harker Arena,1308675217948824676,4804040241200044,4804040241200044,0404,6.0,,40.3,6.72,5.239
solis,2025-09-02,1298491919449775028,Harker Arena,1308675217948824790,4804040241200032,4804040241200032,0404,6.0,,40.2,6.7,5.226
solis,2025-09-02,1298491919449775028,Harker Arena,1308675217948824824,4804040241200005,4804040241200005,0404,6.0,,40.4,6.73,5.252
solis,2025-09-03,1298491919449775028,Harker Arena,1308675217948824631,4804040241200012,4804040241200012,0404,6.0,,24.4,4.07,3.172
solis,2025-09-03,1298491919449775028,Harker Arena,1308675217948824676,4804040241200044,4804040241200044,0404,6.0,,25.0,4.17,3.25
solis,2025-09-03,1298491919449775028,Harker Arena,1308675217948824790,4804040241200032,4804040241200032,0404,6.0,,24.8,4.13,3.224
solis,2025-09-03,1298491919449775028,Harker Arena,1308675217948824824,4804040241200005,4804040241200005,0404,6.0,,24.9,4.15,3.237
solis,2025-09-04,1298491919449775028,Harker Arena,1308675217948824631,4804040241200012,4804040241200012,0404,6.0,,15.2,2.53,1.976
solis,2025-09-04,1298491919449775028,Harker Arena,1308675217948824676,4804040241200044,4804040241200044,0404,6.0,,15.8,2.63,2.054
solis,2025-09-04,1298491919449775028,Harker Arena,1308675217948824790,4804040241200032,4804040241200032,0404,6.0,,15.6,2.6,2.028
solis,2025-09-04,1298491919449775028,Harker Arena,1308675217948824824,4804040241200005,4804040241200005,0404,6.0,,15.7,2.62,2.041
solis,2025-09-05,1298491919449775028,Harker Arena,1308675217948824631,4804040241200012,4804040241200012,0404,6.0,,46.4,7.73,6.032
solis,2025-09-05,1298491919449775028,Harker Arena,1308675217948824676,4804040241200044,4804040241200044,0404,6.0,,43.9,7.32,5.707
solis,2025-09-05,1298491919449775028,Harker Arena,1308675217948824790,4804040241200032,4804040241200032,0404,6.0,,44.4,7.4,5.772
solis,2025-09-05,1298491919449775028,Harker Arena,1308675217948824824,4804040241200005,4804040241200005,0404,6.0,,46.1,7.68,5.993
solis,2025-09-06,1298491919449775028,Harker Arena,1308675217948824631,4804040241200012,4804040241200012,0404,6.0,,42.3,7.05,5.499
solis,2025-09-06,1298491919449775028,Harker Arena,1308675217948824676,4804040241200044,4804040241200044,0404,6.0,,41.0,6.83,5.33
solis,2025-09-06,1298491919449775028,Harker Arena,1308675217948824790,4804040241200032,4804040241200032,0404,6.0,,41.1,6.85,5.343
solis,2025-09-06,1298491919449775028,Harker Arena,1308675217948824824,4804040241200005,4804040241200005,0404,6.0,,42.2,7.03,5.486
solis,2025-09-07,1298491919449775028,Harker Arena,1308675217948824631,4804040241200012,4804040241200012,0404,6.0,,30.9,5.15,4.017
solis,2025-09-07,1298491919449775028,Harker Arena,1308675217948824676,4804040241200044,4804040241200044,0404,6.0,,31.6,5.27,4.108
solis,2025-09-07,1298491919449775028,Harker Arena,1308675217948824790,4804040241200032,4804040241200032,0404,6.0,,31.5,5.25,4.095
solis,2025-09-07,1298491919449775028,Harker Arena,1308675217948824824,4804040241200005,4804040241200005,0404,6.0,,31.8,5.3,4.134
solis,2025-09-08,1298491919449775028,Harker Arena,1308675217948824631,4804040241200012,4804040241200012,0404,6.0,,32.3,5.38,4.199
solis,2025-09-08,1298491919449775028,Harker Arena,1308675217948824676,4804040241200044,4804040241200044,0404,6.0,,32.8,5.47,4.264
solis,2025-09-08,1298491919449775028,Harker Arena,1308675217948824790,4804040241200032,4804040241200032,0404,6.0,,32.7,5.45,4.251
solis,2025-09-08,1298491919449775028,Harker Arena,1308675217948824824,4804040241200005,4804040241200005,0404,6.0,,33.1,5.52,4.303
solis,2025-09-09,1298491919449775028,Harker Arena,1308675217948824631,4804040241200012,4804040241200012,0404,6.0,,40.7,6.78,5.291
solis,2025-09-09,1298491919449775028,Harker Arena,1308675217948824676,4804040241200044,4804040241200044,0404,6.0,,39.7,6.62,5.161
solis,2025-09-09,1298491919449775028,Harker Arena,1308675217948824790,4804040241200032,4804040241200032,0404,6.0,,39.9,6.65,5.187
solis,2025-09-09,1298491919449775028,Harker Arena,1308675217948824824,4804040241200005,4804040241200005,0404,6.0,,41.0,6.83,5.33
solis,2025-09-10,1298491919449775028,Harker Arena,1308675217948824631,4804040241200012,4804040241200012,0404,6.0,,16.3,2.72,2.119
solis,2025-09-10,1298491919449775028,Harker Arena,1308675217948824676,4804040241200044,4804040241200044,0404,6.0,,16.8,2.8,2.184
solis,2025-09-10,1298491919449775028,Harker Arena,1308675217948824790,4804040241200032,4804040241200032,0404,6.0,,16.7,2.78,2.171
solis,2025-09-10,1298491919449775028,Harker Arena,1308675217948824824,4804040241200005,4804040241200005,0404,6.0,,16.8,2.8,2.184
solis,2025-09-11,1298491919449775028,Harker Arena,1308675217948824631,4804040241200012,4804040241200012,0404,6.0,,39.4,6.57,5.122
solis,2025-09-11,1298491919449775028,Harker Arena,1308675217948824676,4804040241200044,4804040241200044,0404,6.0,,39.1,6.52,5.083
solis,2025-09-11,1298491919449775028,Harker Arena,1308675217948824790,4804040241200032,4804040241200032,0404,6.0,,39.1,6.52,5.083
solis,2025-09-11,1298491919449775028,Harker Arena,1308675217948824824,4804040241200005,4804040241200005,0404,6.0,,39.7,6.62,5.161
solis,2025-09-12,1298491919449775028,Harker Arena,1308675217948824631,4804040241200012,4804040241200012,0404,6.0,,37.1,6.18,4.823
solis,2025-09-12,1298491919449775028,Harker Arena,1308675217948824676,4804040241200044,4804040241200044,0404,6.0,,35.9,5.98,4.667
solis,2025-09-12,1298491919449775028,Harker Arena,1308675217948824790,4804040241200032,4804040241200032,0404,6.0,,36.2,6.03,4.706
solis,2025-09-12,1298491919449775028,Harker Arena,1308675217948824824,4804040241200005,4804040241200005,0404,6.0,,37.2,6.2,4.836
solis,2025-09-13,1298491919449775028,Harker Arena,1308675217948824631,4804040241200012,4804040241200012,0404,6.0,,41.2,6.87,5.356
solis,2025-09-13,1298491919449775028,Harker Arena,1308675217948824676,4804040241200044,4804040241200044,0404,6.0,,39.9,6.65,5.187
solis,2025-09-13,1298491919449775028,Harker Arena,1308675217948824790,4804040241200032,4804040241200032,0404,6.0,,40.1,6.68,5.213
solis,2025-09-13,1298491919449775028,Harker Arena,1308675217948824824,4804040241200005,4804040241200005,0404,6.0,,41.2,6.87,5.356
solis,2025-09-14,1298491919449775028,Harker Arena,1308675217948824631,4804040241200012,4804040241200012,0404,6.0,,41.8,6.97,5.434
solis,2025-09-14,1298491919449775028,Harker Arena,1308675217948824676,4804040241200044,4804040241200044,0404,6.0,,41.5,6.92,5.395
solis,2025-09-14,1298491919449775028,Harker Arena,1308675217948824790,4804040241200032,4804040241200032,0404,6.0,,41.7,6.95,5.421
solis,2025-09-14,1298491919449775028,Harker Arena,1308675217948824824,4804040241200005,4804040241200005,0404,6.0,,42.5,7.08,5.525
solis,2025-09-15,1298491919449775028,Harker Arena,1308675217948824631,4804040241200012,4804040241200012,0404,6.0,,21.3,3.55,2.769
solis,2025-09-15,1298491919449775028,Harker Arena,1308675217948824676,4804040241200044,4804040241200044,0404,6.0,,21.3,3.55,2.769
solis,2025-09-15,1298491919449775028,Harker Arena,1308675217948824790,4804040241200032,4804040241200032,0404,6.0,,21.4,3.57,2.782
solis,2025-09-15,1298491919449775028,Harker Arena,1308675217948824824,4804040241200005,4804040241200005,0404,6.0,,21.8,3.63,2.834
solis,2025-09-16,1298491919449775028,Harker Arena,1308675217948824631,4804040241200012,4804040241200012,0404,6.0,,43.9,7.32,5.707
solis,2025-09-16,1298491919449775028,Harker Arena,1308675217948824676,4804040241200044,4804040241200044,0404,6.0,,43.4,7.23,5.642
solis,2025-09-16,1298491919449775028,Harker Arena,1308675217948824790,4804040241200032,4804040241200032,0404,6.0,,43.6,7.27,5.668
solis,2025-09-16,1298491919449775028,Harker Arena,1308675217948824824,4804040241200005,4804040241200005,0404,6.0,,44.3,7.38,5.759
solis,2025-09-17,1298491919449775028,Harker Arena,1308675217948824631,4804040241200012,4804040241200012,0404,6.0,,44.3,7.38,5.759
solis,2025-09-17,1298491919449775028,Harker Arena,1308675217948824676,4804040241200044,4804040241200044,0404,6.0,,44.4,7.4,5.772
solis,2025-09-17,1298491919449775028,Harker Arena,1308675217948824790,4804040241200032,4804040241200032,0404,6.0,,44.4,7.4,5.772
solis,2025-09-17,1298491919449775028,Harker Arena,1308675217948824824,4804040241200005,4804040241200005,0404,6.0,,44.8,7.47,5.824
solis,2025-09-18,1298491919449775028,Harker Arena,1308675217948824631,4804040241200012,4804040241200012,0404,6.0,,43.7,7.28,5.681
solis,2025-09-18,1298491919449775028,Harker Arena,1308675217948824676,4804040241200044,4804040241200044,0404,6.0,,43.9,7.32,5.707
solis,2025-09-18,1298491919449775028,Harker Arena,1308675217948824790,4804040241200032,4804040241200032,0404,6.0,,43.9,7.32,5.707
solis,2025-09-18,1298491919449775028,Harker Arena,1308675217948824824,4804040241200005,4804040241200005,0404,6.0,,44.2,7.37,5.746
solis,2025-09-19,1298491919449775028,Harker Arena,1308675217948824631,4804040241200012,4804040241200012,0404,6.0,,43.0,7.17,5.59
solis,2025-09-19,1298491919449775028,Harker Arena,1308675217948824676,4804040241200044,4804040241200044,0404,6.0,,42.3,7.05,5.499
solis,2025-09-19,1298491919449775028,Harker Arena,1308675217948824790,4804040241200032,4804040241200032,0404,6.0,,42.5,7.08,5.525
solis,2025-09-19,1298491919449775028,Harker Arena,1308675217948824824,4804040241200005,4804040241200005,0404,6.0,,43.3,7.22,5.629
solis,2025-09-20,1298491919449775028,Harker Arena,1308675217948824631,4804040241200012,4804040241200012,0404,6.0,,43.4,7.23,5.642
solis,2025-09-20,1298491919449775028,Harker Arena,1308675217948824676,4804040241200044,4804040241200044,0404,6.0,,41.8,6.97,5.434
solis,2025-09-20,1298491919449775028,Harker Arena,1308675217948824790,4804040241200032,4804040241200032,0404,6.0,,42.3,7.05,5.499
solis,2025-09-20,1298491919449775028,Harker Arena,1308675217948824824,4804040241200005,4804040241200005,0404,6.0,,43.6,7.27,5.668
solis,2025-09-21,1298491919449775028,Harker Arena,1308675217948824631,4804040241200012,4804040241200012,0404,6.0,,27.2,4.53,3.536
solis,2025-09-21,1298491919449775028,Harker Arena,1308675217948824676,4804040241200044,4804040241200044,0404,6.0,,26.3,4.38,3.419
solis,2025-09-21,1298491919449775028,Harker Arena,1308675217948824790,4804040241200032,4804040241200032,0404,6.0,,26.4,4.4,3.432
solis,2025-09-21,1298491919449775028,Harker Arena,1308675217948824824,4804040241200005,4804040241200005,0404,6.0,,27.2,4.53,3.536
solis,2025-09-22,1298491919449775028,Harker Arena,1308675217948824631,4804040241200012,4804040241200012,0404,6.0,,45.4,7.57,5.902
solis,2025-09-22,1298491919449775028,Harker Arena,1308675217948824676,4804040241200044,4804040241200044,0404,6.0,,44.5,7.42,5.785
solis,2025-09-22,1298491919449775028,Harker Arena,1308675217948824790,4804040241200032,4804040241200032,0404,6.0,,44.8,7.47,5.824
solis,2025-09-22,1298491919449775028,Harker Arena,1308675217948824824,4804040241200005,4804040241200005,0404,6.0,,45.7,7.62,5.941
solis,2025-09-23,1298491919449775028,Harker Arena,1308675217948824631,4804040241200012,4804040241200012,0404,6.0,,44.9,7.48,5.837
solis,2025-09-23,1298491919449775028,Harker Arena,1308675217948824676,4804040241200044,4804040241200044,0404,6.0,,44.8,7.47,5.824
solis,2025-09-23,1298491919449775028,Harker Arena,1308675217948824790,4804040241200032,4804040241200032,0404,6.0,,44.9,7.48,5.837
solis,2025-09-23,1298491919449775028,Harker Arena,1308675217948824824,4804040241200005,4804040241200005,0404,6.0,,45.4,7.57,5.902
solis,2025-09-24,1298491919449775028,Harker Arena,1308675217948824631,4804040241200012,4804040241200012,0404,6.0,,44.6,7.43,5.798
solis,2025-09-24,1298491919449775028,Harker Arena,1308675217948824676,4804040241200044,4804040241200044,0404,6.0,,44.1,7.35,5.733
solis,2025-09-24,1298491919449775028,Harker Arena,1308675217948824790,4804040241200032,4804040241200032,0404,6.0,,44.3,7.38,5.759
solis,2025-09-24,1298491919449775028,Harker Arena,1308675217948824824,4804040241200005,4804040241200005,0404,6.0,,45.0,7.5,5.85
solis,2025-09-25,1298491919449775028,Harker Arena,1308675217948824631,4804040241200012,4804040241200012,0404,6.0,,44.4,7.4,5.772
solis,2025-09-25,1298491919449775028,Harker Arena,1308675217948824676,4804040241200044,4804040241200044,0404,6.0,,44.2,7.37,5.746
solis,2025-09-25,1298491919449775028,Harker Arena,1308675217948824790,4804040241200032,4804040241200032,0404,6.0,,44.4,7.4,5.772
solis,2025-09-25,1298491919449775028,Harker Arena,1308675217948824824,4804040241200005,4804040241200005,0404,6.0,,44.8,7.47,5.824
solis,2025-09-26,1298491919449775028,Harker Arena,1308675217948824631,4804040241200012,4804040241200012,0404,6.0,,44.6,7.43,5.798
solis,2025-09-26,1298491919449775028,Harker Arena,1308675217948824676,4804040241200044,4804040241200044,0404,6.0,,43.5,7.25,5.655
solis,2025-09-26,1298491919449775028,Harker Arena,1308675217948824790,4804040241200032,4804040241200032,0404,6.0,,43.8,7.3,5.694
solis,2025-09-26,1298491919449775028,Harker Arena,1308675217948824824,4804040241200005,4804040241200005,0404,6.0,,44.8,7.47,5.824
solis,2025-09-27,1298491919449775028,Harker Arena,1308675217948824631,4804040241200012,4804040241200012,0404,6.0,,14.8,2.47,1.924
solis,2025-09-27,1298491919449775028,Harker Arena,1308675217948824676,4804040241200044,4804040241200044,0404,6.0,,15.1,2.52,1.963
solis,2025-09-27,1298491919449775028,Harker Arena,1308675217948824790,4804040241200032,4804040241200032,0404,6.0,,15.1,2.52,1.963
solis,2025-09-27,1298491919449775028,Harker Arena,1308675217948824824,4804040241200005,4804040241200005,0404,6.0,,15.2,2.53,1.976
solis,2025-09-28,1298491919449775028,Harker Arena,1308675217948824631,4804040241200012,4804040241200012,0404,6.0,,38.9,6.48,5.057
solis,2025-09-28,1298491919449775028,Harker Arena,1308675217948824676,4804040241200044,4804040241200044,0404,6.0,,37.0,6.17,4.81
solis,2025-09-28,1298491919449775028,Harker Arena,1308675217948824790,4804040241200032,4804040241200032,0404,6.0,,37.3,6.22,4.849
solis,2025-09-28,1298491919449775028,Harker Arena,1308675217948824824,4804040241200005,4804040241200005,0404,6.0,,38.5,6.42,5.005
solis,2025-09-29,1298491919449775028,Harker Arena,1308675217948824631,4804040241200012,4804040241200012,0404,6.0,,24.8,4.13,3.224
solis,2025-09-29,1298491919449775028,Harker Arena,1308675217948824676,4804040241200044,4804040241200044,0404,6.0,,25.5,4.25,3.315
solis,2025-09-29,1298491919449775028,Harker Arena,1308675217948824790,4804040241200032,4804040241200032,0404,6.0,,25.2,4.2,3.276
solis,2025-09-29,1298491919449775028,Harker Arena,1308675217948824824,4804040241200005,4804040241200005,0404,6.0,,25.3,4.22,3.289
solis,2025-09-30,1298491919449775028,Harker Arena,1308675217948824631,4804040241200012,4804040241200012,0404,6.0,,23.3,3.88,3.029
solis,2025-09-30,1298491919449775028,Harker Arena,1308675217948824676,4804040241200044,4804040241200044,0404,6.0,,23.9,3.98,3.107
solis,2025-09-30,1298491919449775028,Harker Arena,1308675217948824790,4804040241200032,4804040241200032,0404,6.0,,23.8,3.97,3.094
solis,2025-09-30,1298491919449775028,Harker Arena,1308675217948824824,4804040241200005,4804040241200005,0404,6.0,,23.9,3.98,3.107
solis,2025-10-01,1298491919449775028,Harker Arena,1308675217948824631,4804040241200012,4804040241200012,0404,6.0,,26.5,4.42,3.445
solis,2025-10-01,1298491919449775028,Harker Arena,1308675217948824676,4804040241200044,4804040241200044,0404,6.0,,26.9,4.48,3.497
solis,2025-10-01,1298491919449775028,Harker Arena,1308675217948824790,4804040241200032,4804040241200032,0404,6.0,,26.7,4.45,3.471
solis,2025-10-01,1298491919449775028,Harker Arena,1308675217948824824,4804040241200005,4804040241200005,0404,6.0,,27.1,4.52,3.523
solis,2025-10-02,1298491919449775028,Harker Arena,1308675217948824631,4804040241200012,4804040241200012,0404,6.0,,20.5,3.42,2.665
solis,2025-10-02,1298491919449775028,Harker Arena,1308675217948824676,4804040241200044,4804040241200044,0404,6.0,,21.0,3.5,2.73
solis,2025-10-02,1298491919449775028,Harker Arena,1308675217948824790,4804040241200032,4804040241200032,0404,6.0,,20.8,3.47,2.704
solis,2025-10-02,1298491919449775028,Harker Arena,1308675217948824824,4804040241200005,4804040241200005,0404,6.0,,21.0,3.5,2.73
solis,2025-10-03,1298491919449775028,Harker Arena,1308675217948824631,4804040241200012,4804040241200012,0404,6.0,,40.4,6.73,5.252
solis,2025-10-03,1298491919449775028,Harker Arena,1308675217948824676,4804040241200044,4804040241200044,0404,6.0,,40.3,6.72,5.239
solis,2025-10-03,1298491919449775028,Harker Arena,1308675217948824790,4804040241200032,4804040241200032,0404,6.0,,40.4,6.73,5.252
solis,2025-10-03,1298491919449775028,Harker Arena,1308675217948824824,4804040241200005,4804040241200005,0404,6.0,,41.0,6.83,5.33
solis,2025-10-04,1298491919449775028,Harker Arena,1308675217948824631,4804040241200012,4804040241200012,0404,6.0,,9.6,1.6,1.248
solis,2025-10-04,1298491919449775028,Harker Arena,1308675217948824676,4804040241200044,4804040241200044,0404,6.0,,9.8,1.63,1.274
solis,2025-10-04,1298491919449775028,Harker Arena,1308675217948824790,4804040241200032,4804040241200032,0404,6.0,,9.7,1.62,1.261
solis,2025-10-04,1298491919449775028,Harker Arena,1308675217948824824,4804040241200005,4804040241200005,0404,6.0,,9.9,1.65,1.287
solis,2025-10-05,1298491919449775028,Harker Arena,1308675217948824631,4804040241200012,4804040241200012,0404,6.0,,39.7,6.62,5.161
solis,2025-10-05,1298491919449775028,Harker Arena,1308675217948824676,4804040241200044,4804040241200044,0404,6.0,,37.0,6.17,4.81
solis,2025-10-05,1298491919449775028,Harker Arena,1308675217948824790,4804040241200032,4804040241200032,0404,6.0,,37.8,6.3,4.914
solis,2025-10-05,1298491919449775028,Harker Arena,1308675217948824824,4804040241200005,4804040241200005,0404,6.0,,39.1,6.52,5.083
solis,2025-10-06,1298491919449775028,Harker Arena,1308675217948824631,4804040241200012,4804040241200012,0404,6.0,,43.2,7.2,5.616
solis,2025-10-06,1298491919449775028,Harker Arena,1308675217948824676,4804040241200044,4804040241200044,0404,6.0,,42.3,7.05,5.499
solis,2025-10-06,1298491919449775028,Harker Arena,1308675217948824790,4804040241200032,4804040241200032,0404,6.0,,42.6,7.1,5.538
solis,2025-10-06,1298491919449775028,Harker Arena,1308675217948824824,4804040241200005,4804040241200005,0404,6.0,,43.4,7.23,5.642
solis,2025-10-07,1298491919449775028,Harker Arena,1308675217948824631,4804040241200012,4804040241200012,0404,6.0,,43.4,7.23,5.642
solis,2025-10-07,1298491919449775028,Harker Arena,1308675217948824676,4804040241200044,4804040241200044,0404,6.0,,43.0,7.17,5.59
solis,2025-10-07,1298491919449775028,Harker Arena,1308675217948824790,4804040241200032,4804040241200032,0404,6.0,,43.2,7.2,5.616
solis,2025-10-07,1298491919449775028,Harker Arena,1308675217948824824,4804040241200005,4804040241200005,0404,6.0,,43.7,7.28,5.681
solis,2025-10-08,1298491919449775028,Harker Arena,1308675217948824631,4804040241200012,4804040241200012,0404,6.0,,41.9,6.98,5.447
solis,2025-10-08,1298491919449775028,Harker Arena,1308675217948824676,4804040241200044,4804040241200044,0404,6.0,,40.1,6.68,5.213
solis,2025-10-08,1298491919449775028,Harker Arena,1308675217948824790,4804040241200032,4804040241200032,0404,6.0,,40.6,6.77,5.278
solis,2025-10-08,1298491919449775028,Harker Arena,1308675217948824824,4804040241200005,4804040241200005,0404,6.0,,41.8,6.97,5.434
solis,2025-10-09,1298491919449775028,Harker Arena,1308675217948824631,4804040241200012,4804040241200012,0404,6.0,,41.6,6.93,5.408
solis,2025-10-09,1298491919449775028,Harker Arena,1308675217948824676,4804040241200044,4804040241200044,0404,6.0,,39.2,6.53,5.096
solis,2025-10-09,1298491919449775028,Harker Arena,1308675217948824790,4804040241200032,4804040241200032,0404,6.0,,39.5,6.58,5.135
solis,2025-10-09,1298491919449775028,Harker Arena,1308675217948824824,4804040241200005,4804040241200005,0404,6.0,,40.8,6.8,5.304
solis,2025-10-10,1298491919449775028,Harker Arena,1308675217948824631,4804040241200012,4804040241200012,0404,6.0,,40.7,6.78,5.291
solis,2025-10-10,1298491919449775028,Harker Arena,1308675217948824676,4804040241200044,4804040241200044,0404,6.0,,39.7,6.62,5.161
solis,2025-10-10,1298491919449775028,Harker Arena,1308675217948824790,4804040241200032,4804040241200032,0404,6.0,,39.9,6.65,5.187
solis,2025-10-10,1298491919449775028,Harker Arena,1308675217948824824,4804040241200005,4804040241200005,0404,6.0,,40.9,6.82,5.317
solis,2025-10-11,1298491919449775028,Harker Arena,1308675217948824631,4804040241200012,4804040241200012,0404,6.0,,39.9,6.65,5.187
solis,2025-10-11,1298491919449775028,Harker Arena,1308675217948824676,4804040241200044,4804040241200044,0404,6.0,,36.9,6.15,4.797
solis,2025-10-11,1298491919449775028,Harker Arena,1308675217948824790,4804040241200032,4804040241200032,0404,6.0,,37.3,6.22,4.849
solis,2025-10-11,1298491919449775028,Harker Arena,1308675217948824824,4804040241200005,4804040241200005,0404,6.0,,38.8,6.47,5.044
solis,2025-10-12,1298491919449775028,Harker Arena,1308675217948824631,4804040241200012,4804040241200012,0404,6.0,,5.8,0.97,0.754
solis,2025-10-12,1298491919449775028,Harker Arena,1308675217948824676,4804040241200044,4804040241200044,0404,6.0,,5.6,0.93,0.728
solis,2025-10-12,1298491919449775028,Harker Arena,1308675217948824790,4804040241200032,4804040241200032,0404,6.0,,5.7,0.95,0.741
solis,2025-10-12,1298491919449775028,Harker Arena,1308675217948824824,4804040241200005,4804040241200005,0404,6.0,,6.0,1.0,0.78
solis,2025-10-13,1298491919449775028,Harker Arena,1308675217948824631,4804040241200012,4804040241200012,0404,6.0,,23.6,3.93,3.068
solis,2025-10-13,1298491919449775028,Harker Arena,1308675217948824676,4804040241200044,4804040241200044,0404,6.0,,22.7,3.78,2.951
solis,2025-10-13,1298491919449775028,Harker Arena,1308675217948824790,4804040241200032,4804040241200032,0404,6.0,,22.8,3.8,2.964
solis,2025-10-13,1298491919449775028,Harker Arena,1308675217948824824,4804040241200005,4804040241200005,0404,6.0,,23.4,3.9,3.042
solis,2025-10-14,1298491919449775028,Harker Arena,1308675217948824631,4804040241200012,4804040241200012,0404,6.0,,8.1,1.35,1.053
solis,2025-10-14,1298491919449775028,Harker Arena,1308675217948824676,4804040241200044,4804040241200044,0404,6.0,,8.3,1.38,1.079
solis,2025-10-14,1298491919449775028,Harker Arena,1308675217948824790,4804040241200032,4804040241200032,0404,6.0,,8.1,1.35,1.053
solis,2025-10-14,1298491919449775028,Harker Arena,1308675217948824824,4804040241200005,4804040241200005,0404,6.0,,8.2,1.37,1.066
solis,2025-10-15,1298491919449775028,Harker Arena,1308675217948824631,4804040241200012,4804040241200012,0404,6.0,,41.7,6.95,5.421
solis,2025-10-15,1298491919449775028,Harker Arena,1308675217948824676,4804040241200044,4804040241200044,0404,6.0,,40.6,6.77,5.278
solis,2025-10-15,1298491919449775028,Harker Arena,1308675217948824790,4804040241200032,4804040241200032,0404,6.0,,40.9,6.82,5.317
solis,2025-10-15,1298491919449775028,Harker Arena,1308675217948824824,4804040241200005,4804040241200005,0404,6.0,,41.7,6.95,5.421
solis,2025-10-16,1298491919449775028,Harker Arena,1308675217948824631,4804040241200012,4804040241200012,0404,6.0,,42.0,7.0,5.46
solis,2025-10-16,1298491919449775028,Harker Arena,1308675217948824676,4804040241200044,4804040241200044,0404,6.0,,41.2,6.87,5.356
solis,2025-10-16,1298491919449775028,Harker Arena,1308675217948824790,4804040241200032,4804040241200032,0404,6.0,,41.6,6.93,5.408
solis,2025-10-16,1298491919449775028,Harker Arena,1308675217948824824,4804040241200005,4804040241200005,0404,6.0,,42.3,7.05,5.499
solis,2025-10-17,1298491919449775028,Harker Arena,1308675217948824631,4804040241200012,4804040241200012,0404,6.0,,17.3,2.88,2.249
solis,2025-10-17,1298491919449775028,Harker Arena,1308675217948824676,4804040241200044,4804040241200044,0404,6.0,,17.4,2.9,2.262
solis,2025-10-17,1298491919449775028,Harker Arena,1308675217948824790,4804040241200032,4804040241200032,0404,6.0,,17.2,2.87,2.236
solis,2025-10-17,1298491919449775028,Harker Arena,1308675217948824824,4804040241200005,4804040241200005,0404,6.0,,17.5,2.92,2.275
solis,2025-10-18,1298491919449775028,Harker Arena,1308675217948824631,4804040241200012,4804040241200012,0404,6.0,,35.1,5.85,4.563
solis,2025-10-18,1298491919449775028,Harker Arena,1308675217948824676,4804040241200044,4804040241200044,0404,6.0,,32.3,5.38,4.199
solis,2025-10-18,1298491919449775028,Harker Arena,1308675217948824790,4804040241200032,4804040241200032,0404,6.0,,32.8,5.47,4.264
solis,2025-10-18,1298491919449775028,Harker Arena,1308675217948824824,4804040241200005,4804040241200005,0404,6.0,,34.1,5.68,4.433
solis,2025-10-19,1298491919449775028,Harker Arena,1308675217948824631,4804040241200012,4804040241200012,0404,6.0,,30.4,5.07,3.952
solis,2025-10-19,1298491919449775028,Harker Arena,1308675217948824676,4804040241200044,4804040241200044,0404,6.0,,27.7,4.62,3.601
solis,2025-10-19,1298491919449775028,Harker Arena,1308675217948824790,4804040241200032,4804040241200032,0404,6.0,,28.4,4.73,3.692
solis,2025-10-19,1298491919449775028,Harker Arena,1308675217948824824,4804040241200005,4804040241200005,0404,6.0,,29.5,4.92,3.835
solis,2025-10-20,1298491919449775028,Harker Arena,1308675217948824631,4804040241200012,4804040241200012,0404,6.0,,35.4,5.9,4.602
solis,2025-10-20,1298491919449775028,Harker Arena,1308675217948824676,4804040241200044,4804040241200044,0404,6.0,,34.1,5.68,4.433
solis,2025-10-20,1298491919449775028,Harker Arena,1308675217948824790,4804040241200032,4804040241200032,0404,6.0,,34.5,5.75,4.485
solis,2025-10-20,1298491919449775028,Harker Arena,1308675217948824824,4804040241200005,4804040241200005,0404,6.0,,35.3,5.88,4.589
solis,2025-10-21,1298491919449775028,Harker Arena,1308675217948824631,4804040241200012,4804040241200012,0404,6.0,,40.6,6.77,5.278
solis,2025-10-21,1298491919449775028,Harker Arena,1308675217948824676,4804040241200044,4804040241200044,0404,6.0,,38.5,6.42,5.005
solis,2025-10-21,1298491919449775028,Harker Arena,1308675217948824790,4804040241200032,4804040241200032,0404,6.0,,39.1,6.52,5.083
solis,2025-10-21,1298491919449775028,Harker Arena,1308675217948824824,4804040241200005,4804040241200005,0404,6.0,,40.1,6.68,5.213
solis,2025-10-22,1298491919449775028,Harker Arena,1308675217948824631,4804040241200012,4804040241200012,0404,6.0,,40.4,6.73,5.252
solis,2025-10-22,1298491919449775028,Harker Arena,1308675217948824676,4804040241200044,4804040241200044,0404,6.0,,38.7,6.45,5.031
solis,2025-10-22,1298491919449775028,Harker Arena,1308675217948824790,4804040241200032,4804040241200032,0404,6.0,,39.1,6.52,5.083
solis,2025-10-22,1298491919449775028,Harker Arena,1308675217948824824,4804040241200005,4804040241200005,0404,6.0,,39.9,6.65,5.187
solis,2025-10-23,1298491919449775028,Harker Arena,1308675217948824631,4804040241200012,4804040241200012,0404,6.0,,36.6,6.1,4.758
solis,2025-10-23,1298491919449775028,Harker Arena,1308675217948824676,4804040241200044,4804040241200044,0404,6.0,,36.0,6.0,4.68
solis,2025-10-23,1298491919449775028,Harker Arena,1308675217948824790,4804040241200032,4804040241200032,0404,6.0,,36.3,6.05,4.719
solis,2025-10-23,1298491919449775028,Harker Arena,1308675217948824824,4804040241200005,4804040241200005,0404,6.0,,36.8,6.13,4.784
solis,2025-10-24,1298491919449775028,Harker Arena,1308675217948824631,4804040241200012,4804040241200012,0404,6.0,,8.8,1.47,1.144
solis,2025-10-24,1298491919449775028,Harker Arena,1308675217948824676,4804040241200044,4804040241200044,0404,6.0,,9.0,1.5,1.17
solis,2025-10-24,1298491919449775028,Harker Arena,1308675217948824790,4804040241200032,4804040241200032,0404,6.0,,8.9,1.48,1.157
solis,2025-10-24,1298491919449775028,Harker Arena,1308675217948824824,4804040241200005,4804040241200005,0404,6.0,,9.0,1.5,1.17
solis,2025-10-25,1298491919449775028,Harker Arena,1308675217948824631,4804040241200012,4804040241200012,0404,6.0,,25.7,4.28,3.341
solis,2025-10-25,1298491919449775028,Harker Arena,1308675217948824676,4804040241200044,4804040241200044,0404,6.0,,25.3,4.22,3.289
solis,2025-10-25,1298491919449775028,Harker Arena,1308675217948824790,4804040241200032,4804040241200032,0404,6.0,,25.4,4.23,3.302
solis,2025-10-25,1298491919449775028,Harker Arena,1308675217948824824,4804040241200005,4804040241200005,0404,6.0,,25.9,4.32,3.367
solis,2025-10-26,1298491919449775028,Harker Arena,1308675217948824631,4804040241200012,4804040241200012,0404,6.0,,34.3,5.72,4.459
solis,2025-10-26,1298491919449775028,Harker Arena,1308675217948824676,4804040241200044,4804040241200044,0404,6.0,,33.0,5.5,4.29
solis,2025-10-26,1298491919449775028,Harker Arena,1308675217948824790,4804040241200032,4804040241200032,0404,6.0,,33.4,5.57,4.342
solis,2025-10-26,1298491919449775028,Harker Arena,1308675217948824824,4804040241200005,4804040241200005,0404,6.0,,33.9,5.65,4.407
solis,2025-10-27,1298491919449775028,Harker Arena,1308675217948824631,4804040241200012,4804040241200012,0404,6.0,,32.0,5.33,4.16
solis,2025-10-27,1298491919449775028,Harker Arena,1308675217948824676,4804040241200044,4804040241200044,0404,6.0,,31.4,5.23,4.082
solis,2025-10-27,1298491919449775028,Harker Arena,1308675217948824790,4804040241200032,4804040241200032,0404,6.0,,31.6,5.27,4.108
solis,2025-10-27,1298491919449775028,Harker Arena,1308675217948824824,4804040241200005,4804040241200005,0404,6.0,,32.1,5.35,4.173
solis,2025-10-28,1298491919449775028,Harker Arena,1308675217948824631,4804040241200012,4804040241200012,0404,6.0,,38.1,6.35,4.953
solis,2025-10-28,1298491919449775028,Harker Arena,1308675217948824676,4804040241200044,4804040241200044,0404,6.0,,36.3,6.05,4.719
solis,2025-10-28,1298491919449775028,Harker Arena,1308675217948824790,4804040241200032,4804040241200032,0404,6.0,,36.9,6.15,4.797
solis,2025-10-28,1298491919449775028,Harker Arena,1308675217948824824,4804040241200005,4804040241200005,0404,6.0,,37.7,6.28,4.901
solis,2025-10-29,1298491919449775028,Harker Arena,1308675217948824631,4804040241200012,4804040241200012,0404,6.0,,37.2,6.2,4.836
solis,2025-10-29,1298491919449775028,Harker Arena,1308675217948824676,4804040241200044,4804040241200044,0404,6.0,,35.3,5.88,4.589
solis,2025-10-29,1298491919449775028,Harker Arena,1308675217948824790,4804040241200032,4804040241200032,0404,6.0,,35.7,5.95,4.641
solis,2025-10-29,1298491919449775028,Harker Arena,1308675217948824824,4804040241200005,4804040241200005,0404,6.0,,36.3,6.05,4.719
solis,2025-10-30,1298491919449775028,Harker Arena,1308675217948824631,4804040241200012,4804040241200012,0404,6.0,,34.9,5.82,4.537
solis,2025-10-30,1298491919449775028,Harker Arena,1308675217948824676,4804040241200044,4804040241200044,0404,6.0,,34.1,5.68,4.433
solis,2025-10-30,1298491919449775028,Harker Arena,1308675217948824790,4804040241200032,4804040241200032,0404,6.0,,34.5,5.75,4.485
solis,2025-10-30,1298491919449775028,Harker Arena,1308675217948824824,4804040241200005,4804040241200005,0404,6.0,,35.1,5.85,4.563
solis,2025-10-31,1298491919449775028,Harker Arena,1308675217948824631,4804040241200012,4804040241200012,0404,6.0,,18.9,3.15,2.457
solis,2025-10-31,1298491919449775028,Harker Arena,1308675217948824676,4804040241200044,4804040241200044,0404,6.0,,19.4,3.23,2.522
solis,2025-10-31,1298491919449775028,Harker Arena,1308675217948824790,4804040241200032,4804040241200032,0404,6.0,,19.2,3.2,2.496
solis,2025-10-31,1298491919449775028,Harker Arena,1308675217948824824,4804040241200005,4804040241200005,0404,6.0,,19.4,3.23,2.522
solis,2025-11-01,1298491919449775028,Harker Arena,1308675217948824631,4804040241200012,4804040241200012,0404,6.0,,14.3,2.38,1.859
solis,2025-11-01,1298491919449775028,Harker Arena,1308675217948824676,4804040241200044,4804040241200044,0404,6.0,,14.8,2.47,1.924
solis,2025-11-01,1298491919449775028,Harker Arena,1308675217948824790,4804040241200032,4804040241200032,0404,6.0,,14.7,2.45,1.911
solis,2025-11-01,1298491919449775028,Harker Arena,1308675217948824824,4804040241200005,4804040241200005,0404,6.0,,14.5,2.42,1.885
solis,2025-11-02,1298491919449775028,Harker Arena,1308675217948824631,4804040241200012,4804040241200012,0404,6.0,,38.1,6.35,4.953
solis,2025-11-02,1298491919449775028,Harker Arena,1308675217948824676,4804040241200044,4804040241200044,0404,6.0,,38.0,6.33,4.94
solis,2025-11-02,1298491919449775028,Harker Arena,1308675217948824790,4804040241200032,4804040241200032,0404,6.0,,38.1,6.35,4.953
solis,2025-11-02,1298491919449775028,Harker Arena,1308675217948824824,4804040241200005,4804040241200005,0404,6.0,,38.5,6.42,5.005
solis,2025-11-03,1298491919449775028,Harker Arena,1308675217948824631,4804040241200012,4804040241200012,0404,6.0,,13.7,2.28,1.781
solis,2025-11-03,1298491919449775028,Harker Arena,1308675217948824676,4804040241200044,4804040241200044,0404,6.0,,13.5,2.25,1.755
solis,2025-11-03,1298491919449775028,Harker Arena,1308675217948824790,4804040241200032,4804040241200032,0404,6.0,,13.6,2.27,1.768
solis,2025-11-03,1298491919449775028,Harker Arena,1308675217948824824,4804040241200005,4804040241200005,0404,6.0,,13.9,2.32,1.807
solis,2025-11-04,1298491919449775028,Harker Arena,1308675217948824631,4804040241200012,4804040241200012,0404,6.0,,36.3,6.05,4.719
solis,2025-11-04,1298491919449775028,Harker Arena,1308675217948824676,4804040241200044,4804040241200044,0404,6.0,,36.2,6.03,4.706
solis,2025-11-04,1298491919449775028,Harker Arena,1308675217948824790,4804040241200032,4804040241200032,0404,6.0,,36.3,6.05,4.719
solis,2025-11-04,1298491919449775028,Harker Arena,1308675217948824824,4804040241200005,4804040241200005,0404,6.0,,36.7,6.12,4.771
solis,2025-11-05,1298491919449775028,Harker Arena,1308675217948824631,4804040241200012,4804040241200012,0404,6.0,,8.6,1.43,1.118
solis,2025-11-05,1298491919449775028,Harker Arena,1308675217948824676,4804040241200044,4804040241200044,0404,6.0,,8.8,1.47,1.144
solis,2025-11-05,1298491919449775028,Harker Arena,1308675217948824790,4804040241200032,4804040241200032,0404,6.0,,8.7,1.45,1.131
solis,2025-11-05,1298491919449775028,Harker Arena,1308675217948824824,4804040241200005,4804040241200005,0404,6.0,,8.7,1.45,1.131
solis,2025-11-06,1298491919449775028,Harker Arena,1308675217948824631,4804040241200012,4804040241200012,0404,6.0,,26.9,4.48,3.497
solis,2025-11-06,1298491919449775028,Harker Arena,1308675217948824676,4804040241200044,4804040241200044,0404,6.0,,26.9,4.48,3.497
solis,2025-11-06,1298491919449775028,Harker Arena,1308675217948824790,4804040241200032,4804040241200032,0404,6.0,,27.0,4.5,3.51
solis,2025-11-06,1298491919449775028,Harker Arena,1308675217948824824,4804040241200005,4804040241200005,0404,6.0,,27.2,4.53,3.536
solis,2025-11-07,1298491919449775028,Harker Arena,1308675217948824631,4804040241200012,4804040241200012,0404,6.0,,4.5,0.75,0.585
solis,2025-11-07,1298491919449775028,Harker Arena,1308675217948824676,4804040241200044,4804040241200044,0404,6.0,,4.7,0.78,0.611
solis,2025-11-07,1298491919449775028,Harker Arena,1308675217948824790,4804040241200032,4804040241200032,0404,6.0,,4.6,0.77,0.598
solis,2025-11-07,1298491919449775028,Harker Arena,1308675217948824824,4804040241200005,4804040241200005,0404,6.0,,4.6,0.77,0.598
solis,2025-11-08,1298491919449775028,Harker Arena,1308675217948824631,4804040241200012,4804040241200012,0404,6.0,,25.7,4.28,3.341
solis,2025-11-08,1298491919449775028,Harker Arena,1308675217948824676,4804040241200044,4804040241200044,0404,6.0,,26.7,4.45,3.471
solis,2025-11-08,1298491919449775028,Harker Arena,1308675217948824790,4804040241200032,4804040241200032,0404,6.0,,26.5,4.42,3.445
solis,2025-11-08,1298491919449775028,Harker Arena,1308675217948824824,4804040241200005,4804040241200005,0404,6.0,,26.5,4.42,3.445
solis,2025-11-09,1298491919449775028,Harker Arena,1308675217948824631,4804040241200012,4804040241200012,0404,6.0,,9.2,1.53,1.196
solis,2025-11-09,1298491919449775028,Harker Arena,1308675217948824676,4804040241200044,4804040241200044,0404,6.0,,9.3,1.55,1.209
solis,2025-11-09,1298491919449775028,Harker Arena,1308675217948824790,4804040241200032,4804040241200032,0404,6.0,,9.3,1.55,1.209
solis,2025-11-09,1298491919449775028,Harker Arena,1308675217948824824,4804040241200005,4804040241200005,0404,6.0,,9.4,1.57,1.222
solis,2025-11-10,1298491919449775028,Harker Arena,1308675217948824631,4804040241200012,4804040241200012,0404,6.0,,6.4,1.07,0.832
solis,2025-11-10,1298491919449775028,Harker Arena,1308675217948824676,4804040241200044,4804040241200044,0404,6.0,,6.7,1.12,0.871
solis,2025-11-10,1298491919449775028,Harker Arena,1308675217948824790,4804040241200032,4804040241200032,0404,6.0,,6.6,1.1,0.858
solis,2025-11-10,1298491919449775028,Harker Arena,1308675217948824824,4804040241200005,4804040241200005,0404,6.0,,6.6,1.1,0.858
solis,2025-11-11,1298491919449775028,Harker Arena,1308675217948824631,4804040241200012,4804040241200012,0404,6.0,,23.6,3.93,3.068
solis,2025-11-11,1298491919449775028,Harker Arena,1308675217948824676,4804040241200044,4804040241200044,0404,6.0,,22.8,3.8,2.964
solis,2025-11-11,1298491919449775028,Harker Arena,1308675217948824790,4804040241200032,4804040241200032,0404,6.0,,22.9,3.82,2.977
solis,2025-11-11,1298491919449775028,Harker Arena,1308675217948824824,4804040241200005,4804040241200005,0404,6.0,,23.5,3.92,3.055
solis,2025-11-12,1298491919449775028,Harker Arena,1308675217948824631,4804040241200012,4804040241200012,0404,6.0,,9.6,1.6,1.248
solis,2025-11-12,1298491919449775028,Harker Arena,1308675217948824676,4804040241200044,4804040241200044,0404,6.0,,9.8,1.63,1.274
solis,2025-11-12,1298491919449775028,Harker Arena,1308675217948824790,4804040241200032,4804040241200032,0404,6.0,,9.8,1.63,1.274
solis,2025-11-12,1298491919449775028,Harker Arena,1308675217948824824,4804040241200005,4804040241200005,0404,6.0,,9.9,1.65,1.287
solis,2025-11-13,1298491919449775028,Harker Arena,1308675217948824631,4804040241200012,4804040241200012,0404,6.0,,21.0,3.5,2.73
solis,2025-11-13,1298491919449775028,Harker Arena,1308675217948824676,4804040241200044,4804040241200044,0404,6.0,,21.7,3.62,2.821
solis,2025-11-13,1298491919449775028,Harker Arena,1308675217948824790,4804040241200032,4804040241200032,0404,6.0,,21.6,3.6,2.808
solis,2025-11-13,1298491919449775028,Harker Arena,1308675217948824824,4804040241200005,4804040241200005,0404,6.0,,21.5,3.58,2.795
solis,2025-11-14,1298491919449775028,Harker Arena,1308675217948824631,4804040241200012,4804040241200012,0404,6.0,,0.8,0.13,0.104
solis,2025-11-14,1298491919449775028,Harker Arena,1308675217948824676,4804040241200044,4804040241200044,0404,6.0,,0.9,0.15,0.117
solis,2025-11-14,1298491919449775028,Harker Arena,1308675217948824790,4804040241200032,4804040241200032,0404,6.0,,0.9,0.15,0.117
solis,2025-11-14,1298491919449775028,Harker Arena,1308675217948824824,4804040241200005,4804040241200005,0404,6.0,,0.9,0.15,0.117
solis,2025-11-15,1298491919449775028,Harker Arena,1308675217948824631,4804040241200012,4804040241200012,0404,6.0,,16.7,2.78,2.171
solis,2025-11-15,1298491919449775028,Harker Arena,1308675217948824676,4804040241200044,4804040241200044,0404,6.0,,18.0,3.0,2.34
solis,2025-11-15,1298491919449775028,Harker Arena,1308675217948824790,4804040241200032,4804040241200032,0404,6.0,,17.5,2.92,2.275
solis,2025-11-15,1298491919449775028,Harker Arena,1308675217948824824,4804040241200005,4804040241200005,0404,6.0,,17.5,2.92,2.275
solis,2025-11-16,1298491919449775028,Harker Arena,1308675217948824631,4804040241200012,4804040241200012,0404,6.0,,19.8,3.3,2.574
solis,2025-11-16,1298491919449775028,Harker Arena,1308675217948824676,4804040241200044,4804040241200044,0404,6.0,,20.5,3.42,2.665
solis,2025-11-16,1298491919449775028,Harker Arena,1308675217948824790,4804040241200032,4804040241200032,0404,6.0,,20.3,3.38,2.639
solis,2025-11-16,1298491919449775028,Harker Arena,1308675217948824824,4804040241200005,4804040241200005,0404,6.0,,20.3,3.38,2.639
solis,2025-11-17,1298491919449775028,Harker Arena,1308675217948824631,4804040241200012,4804040241200012,0404,6.0,,10.9,1.82,1.417
solis,2025-11-17,1298491919449775028,Harker Arena,1308675217948824676,4804040241200044,4804040241200044,0404,6.0,,11.1,1.85,1.443
solis,2025-11-17,1298491919449775028,Harker Arena,1308675217948824790,4804040241200032,4804040241200032,0404,6.0,,11.0,1.83,1.43
solis,2025-11-17,1298491919449775028,Harker Arena,1308675217948824824,4804040241200005,4804040241200005,0404,6.0,,11.1,1.85,1.443
solis,2025-11-18,1298491919449775028,Harker Arena,1308675217948824631,4804040241200012,4804040241200012,0404,6.0,,12.7,2.12,1.651
solis,2025-11-18,1298491919449775028,Harker Arena,1308675217948824676,4804040241200044,4804040241200044,0404,6.0,,13.1,2.18,1.703
solis,2025-11-18,1298491919449775028,Harker Arena,1308675217948824790,4804040241200032,4804040241200032,0404,6.0,,13.1,2.18,1.703
solis,2025-11-18,1298491919449775028,Harker Arena,1308675217948824824,4804040241200005,4804040241200005,0404,6.0,,13.2,2.2,1.716
solis,2025-11-19,1298491919449775028,Harker Arena,1308675217948824631,4804040241200012,4804040241200012,0404,6.0,,29.4,4.9,3.822
solis,2025-11-19,1298491919449775028,Harker Arena,1308675217948824676,4804040241200044,4804040241200044,0404,6.0,,30.6,5.1,3.978
solis,2025-11-19,1298491919449775028,Harker Arena,1308675217948824790,4804040241200032,4804040241200032,0404,6.0,,30.4,5.07,3.952
solis,2025-11-19,1298491919449775028,Harker Arena,1308675217948824824,4804040241200005,4804040241200005,0404,6.0,,30.3,5.05,3.939
solis,2025-11-20,1298491919449775028,Harker Arena,1308675217948824631,4804040241200012,4804040241200012,0404,6.0,,31.0,5.17,4.03
solis,2025-11-20,1298491919449775028,Harker Arena,1308675217948824676,4804040241200044,4804040241200044,0404,6.0,,32.1,5.35,4.173
solis,2025-11-20,1298491919449775028,Harker Arena,1308675217948824790,4804040241200032,4804040241200032,0404,6.0,,32.0,5.33,4.16
solis,2025-11-20,1298491919449775028,Harker Arena,1308675217948824824,4804040241200005,4804040241200005,0404,6.0,,31.9,5.32,4.147
solis,2025-11-21,1298491919449775028,Harker Arena,1308675217948824631,4804040241200012,4804040241200012,0404,6.0,,9.5,1.58,1.235
solis,2025-11-21,1298491919449775028,Harker Arena,1308675217948824676,4804040241200044,4804040241200044,0404,6.0,,9.9,1.65,1.287
solis,2025-11-21,1298491919449775028,Harker Arena,1308675217948824790,4804040241200032,4804040241200032,0404,6.0,,9.9,1.65,1.287
solis,2025-11-21,1298491919449775028,Harker Arena,1308675217948824824,4804040241200005,4804040241200005,0404,6.0,,9.9,1.65,1.287
solis,2025-11-22,1298491919449775028,Harker Arena,1308675217948824631,4804040241200012,4804040241200012,0404,6.0,,18.5,3.08,2.405
solis,2025-11-22,1298491919449775028,Harker Arena,1308675217948824676,4804040241200044,4804040241200044,0404,6.0,,18.9,3.15,2.457
solis,2025-11-22,1298491919449775028,Harker Arena,1308675217948824790,4804040241200032,4804040241200032,0404,6.0,,18.7,3.12,2.431
solis,2025-11-22,1298491919449775028,Harker Arena,1308675217948824824,4804040241200005,4804040241200005,0404,6.0,,18.9,3.15,2.457
solis,2025-11-23,1298491919449775028,Harker Arena,1308675217948824631,4804040241200012,4804040241200012,0404,6.0,,15.0,2.5,1.95
solis,2025-11-23,1298491919449775028,Harker Arena,1308675217948824676,4804040241200044,4804040241200044,0404,6.0,,14.9,2.48,1.937
solis,2025-11-23,1298491919449775028,Harker Arena,1308675217948824790,4804040241200032,4804040241200032,0404,6.0,,15.1,2.52,1.963
solis,2025-11-23,1298491919449775028,Harker Arena,1308675217948824824,4804040241200005,4804040241200005,0404,6.0,,15.4,2.57,2.002
solis,2025-11-24,1298491919449775028,Harker Arena,1308675217948824631,4804040241200012,4804040241200012,0404,6.0,,0.2,0.03,0.026
solis,2025-11-24,1298491919449775028,Harker Arena,1308675217948824676,4804040241200044,4804040241200044,0404,6.0,,0.2,0.03,0.026
solis,2025-11-24,1298491919449775028,Harker Arena,1308675217948824790,4804040241200032,4804040241200032,0404,6.0,,0.2,0.03,0.026
solis,2025-11-24,1298491919449775028,Harker Arena,1308675217948824824,4804040241200005,4804040241200005,0404,6.0,,0.2,0.03,0.026
solis,2025-11-25,1298491919449775028,Harker Arena,1308675217948824631,4804040241200012,4804040241200012,0404,6.0,,7.2,1.2,0.936
solis,2025-11-25,1298491919449775028,Harker Arena,1308675217948824676,4804040241200044,4804040241200044,0404,6.0,,10.5,1.75,1.365
solis,2025-11-25,1298491919449775028,Harker Arena,1308675217948824790,4804040241200032,4804040241200032,0404,6.0,,8.5,1.42,1.105
solis,2025-11-25,1298491919449775028,Harker Arena,1308675217948824824,4804040241200005,4804040241200005,0404,6.0,,6.4,1.07,0.832
solis,2025-11-26,1298491919449775028,Harker Arena,1308675217948824631,4804040241200012,4804040241200012,0404,6.0,,19.0,3.17,2.47
solis,2025-11-26,1298491919449775028,Harker Arena,1308675217948824676,4804040241200044,4804040241200044,0404,6.0,,21.0,3.5,2.73
solis,2025-11-26,1298491919449775028,Harker Arena,1308675217948824790,4804040241200032,4804040241200032,0404,6.0,,20.4,3.4,2.652
solis,2025-11-26,1298491919449775028,Harker Arena,1308675217948824824,4804040241200005,4804040241200005,0404,6.0,,18.3,3.05,2.379
solis,2025-11-27,1298491919449775028,Harker Arena,1308675217948824631,4804040241200012,4804040241200012,0404,6.0,,7.9,1.32,1.027
solis,2025-11-27,1298491919449775028,Harker Arena,1308675217948824676,4804040241200044,4804040241200044,0404,6.0,,10.2,1.7,1.326
solis,2025-11-27,1298491919449775028,Harker Arena,1308675217948824790,4804040241200032,4804040241200032,0404,6.0,,10.1,1.68,1.313
solis,2025-11-27,1298491919449775028,Harker Arena,1308675217948824824,4804040241200005,4804040241200005,0404,6.0,,8.2,1.37,1.066
solis,2025-11-28,1298491919449775028,Harker Arena,1308675217948824631,4804040241200012,4804040241200012,0404,6.0,,0.3,0.05,0.039
solis,2025-11-28,1298491919449775028,Harker Arena,1308675217948824676,4804040241200044,4804040241200044,0404,6.0,,0.5,0.08,0.065
solis,2025-11-28,1298491919449775028,Harker Arena,1308675217948824790,4804040241200032,4804040241200032,0404,6.0,,0.2,0.03,0.026
solis,2025-11-28,1298491919449775028,Harker Arena,1308675217948824824,4804040241200005,4804040241200005,0404,6.0,,0.3,0.05,0.039
solis,2025-11-29,1298491919449775028,Harker Arena,1308675217948824631,4804040241200012,4804040241200012,0404,6.0,,7.0,1.17,0.91
solis,2025-11-29,1298491919449775028,Harker Arena,1308675217948824676,4804040241200044,4804040241200044,0404,6.0,,7.7,1.28,1.001
solis,2025-11-29,1298491919449775028,Harker Arena,1308675217948824790,4804040241200032,4804040241200032,0404,6.0,,15.7,2.62,2.041
solis,2025-11-29,1298491919449775028,Harker Arena,1308675217948824824,4804040241200005,4804040241200005,0404,6.0,,4.9,0.82,0.637
solis,2025-11-30,1298491919449775028,Harker Arena,1308675217948824631,4804040241200012,4804040241200012,0404,6.0,,11.8,1.97,1.534
solis,2025-11-30,1298491919449775028,Harker Arena,1308675217948824676,4804040241200044,4804040241200044,0404,6.0,,11.6,1.93,1.508
solis,2025-11-30,1298491919449775028,Harker Arena,1308675217948824790,4804040241200032,4804040241200032,0404,6.0,,24.9,4.15,3.237
solis,2025-11-30,1298491919449775028,Harker Arena,1308675217948824824,4804040241200005,4804040241200005,0404,6.0,,11.1,1.85,1.443
solis,2025-12-01,1298491919449775028,Harker Arena,1308675217948824631,4804040241200012,4804040241200012,0404,6.0,,6.8,1.13,0.884
solis,2025-12-01,1298491919449775028,Harker Arena,1308675217948824676,4804040241200044,4804040241200044,0404,6.0,,8.2,1.37,1.066
solis,2025-12-01,1298491919449775028,Harker Arena,1308675217948824790,4804040241200032,4804040241200032,0404,6.0,,11.8,1.97,1.534
solis,2025-12-01,1298491919449775028,Harker Arena,1308675217948824824,4804040241200005,4804040241200005,0404,6.0,,6.6,1.1,0.858
solis,2025-12-02,1298491919449775028,Harker Arena,1308675217948824631,4804040241200012,4804040241200012,0404,6.0,,3.5,0.58,0.455
solis,2025-12-02,1298491919449775028,Harker Arena,1308675217948824676,4804040241200044,4804040241200044,0404,6.0,,6.0,1.0,0.78
solis,2025-12-02,1298491919449775028,Harker Arena,1308675217948824790,4804040241200032,4804040241200032,0404,6.0,,6.4,1.07,0.832
solis,2025-12-02,1298491919449775028,Harker Arena,1308675217948824824,4804040241200005,4804040241200005,0404,6.0,,5.2,0.87,0.676
solis,2025-12-03,1298491919449775028,Harker Arena,1308675217948824631,4804040241200012,4804040241200012,0404,6.0,,8.0,1.33,1.04
solis,2025-12-03,1298491919449775028,Harker Arena,1308675217948824676,4804040241200044,4804040241200044,0404,6.0,,16.0,2.67,2.08
solis,2025-12-03,1298491919449775028,Harker Arena,1308675217948824790,4804040241200032,4804040241200032,0404,6.0,,12.7,2.12,1.651
solis,2025-12-03,1298491919449775028,Harker Arena,1308675217948824824,4804040241200005,4804040241200005,0404,6.0,,11.3,1.88,1.469
solis,2025-12-04,1298491919449775028,Harker Arena,1308675217948824631,4804040241200012,4804040241200012,0404,6.0,,14.8,2.47,1.924
solis,2025-12-04,1298491919449775028,Harker Arena,1308675217948824676,4804040241200044,4804040241200044,0404,6.0,,16.7,2.78,2.171
solis,2025-12-04,1298491919449775028,Harker Arena,1308675217948824790,4804040241200032,4804040241200032,0404,6.0,,16.7,2.78,2.171
solis,2025-12-04,1298491919449775028,Harker Arena,1308675217948824824,4804040241200005,4804040241200005,0404,6.0,,16.5,2.75,2.145
solis,2025-12-05,1298491919449775028,Harker Arena,1308675217948824631,4804040241200012,4804040241200012,0404,6.0,,11.9,1.98,1.547
solis,2025-12-05,1298491919449775028,Harker Arena,1308675217948824676,4804040241200044,4804040241200044,0404,6.0,,12.8,2.13,1.664
solis,2025-12-05,1298491919449775028,Harker Arena,1308675217948824790,4804040241200032,4804040241200032,0404,6.0,,12.5,2.08,1.625
solis,2025-12-05,1298491919449775028,Harker Arena,1308675217948824824,4804040241200005,4804040241200005,0404,6.0,,12.2,2.03,1.586
solis,2025-12-06,1298491919449775028,Harker Arena,1308675217948824631,4804040241200012,4804040241200012,0404,6.0,,0.7,0.12,0.091
solis,2025-12-06,1298491919449775028,Harker Arena,1308675217948824676,4804040241200044,4804040241200044,0404,6.0,,0.8,0.13,0.104
solis,2025-12-06,1298491919449775028,Harker Arena,1308675217948824790,4804040241200032,4804040241200032,0404,6.0,,0.7,0.12,0.091
solis,2025-12-06,1298491919449775028,Harker Arena,1308675217948824824,4804040241200005,4804040241200005,0404,6.0,,0.8,0.13,0.104
solis,2025-12-07,1298491919449775028,Harker Arena,1308675217948824631,4804040241200012,4804040241200012,0404,6.0,,7.6,1.27,0.988
solis,2025-12-07,1298491919449775028,Harker Arena,1308675217948824676,4804040241200044,4804040241200044,0404,6.0,,9.2,1.53,1.196
solis,2025-12-07,1298491919449775028,Harker Arena,1308675217948824790,4804040241200032,4804040241200032,0404,6.0,,10.2,1.7,1.326
solis,2025-12-07,1298491919449775028,Harker Arena,1308675217948824824,4804040241200005,4804040241200005,0404,6.0,,7.0,1.17,0.91
solis,2025-12-08,1298491919449775028,Harker Arena,1308675217948824631,4804040241200012,4804040241200012,0404,6.0,,4.0,0.67,0.52
solis,2025-12-08,1298491919449775028,Harker Arena,1308675217948824676,4804040241200044,4804040241200044,0404,6.0,,4.0,0.67,0.52
solis,2025-12-08,1298491919449775028,Harker Arena,1308675217948824790,4804040241200032,4804040241200032,0404,6.0,,4.0,0.67,0.52
solis,2025-12-08,1298491919449775028,Harker Arena,1308675217948824824,4804040241200005,4804040241200005,0404,6.0,,4.0,0.67,0.52
solis,2025-12-09,1298491919449775028,Harker Arena,1308675217948824631,4804040241200012,4804040241200012,0404,6.0,,18.0,3.0,2.34
solis,2025-12-09,1298491919449775028,Harker Arena,1308675217948824676,4804040241200044,4804040241200044,0404,6.0,,19.3,3.22,2.509
solis,2025-12-09,1298491919449775028,Harker Arena,1308675217948824790,4804040241200032,4804040241200032,0404,6.0,,19.0,3.17,2.47
solis,2025-12-09,1298491919449775028,Harker Arena,1308675217948824824,4804040241200005,4804040241200005,0404,6.0,,18.6,3.1,2.418
solis,2025-12-10,1298491919449775028,Harker Arena,1308675217948824631,4804040241200012,4804040241200012,0404,6.0,,4.4,0.73,0.572
solis,2025-12-10,1298491919449775028,Harker Arena,1308675217948824676,4804040241200044,4804040241200044,0404,6.0,,4.4,0.73,0.572
solis,2025-12-10,1298491919449775028,Harker Arena,1308675217948824790,4804040241200032,4804040241200032,0404,6.0,,4.4,0.73,0.572
solis,2025-12-10,1298491919449775028,Harker Arena,1308675217948824824,4804040241200005,4804040241200005,0404,6.0,,4.5,0.75,0.585
solis,2025-12-11,1298491919449775028,Harker Arena,1308675217948824631,4804040241200012,4804040241200012,0404,6.0,,0.2,0.03,0.026
solis,2025-12-11,1298491919449775028,Harker Arena,1308675217948824676,4804040241200044,4804040241200044,0404,6.0,,0.3,0.05,0.039
solis,2025-12-11,1298491919449775028,Harker Arena,1308675217948824790,4804040241200032,4804040241200032,0404,6.0,,0.2,0.03,0.026
solis,2025-12-11,1298491919449775028,Harker Arena,1308675217948824824,4804040241200005,4804040241200005,0404,6.0,,0.2,0.03,0.026
solis,2025-12-12,1298491919449775028,Harker Arena,1308675217948824631,4804040241200012,4804040241200012,0404,6.0,,0.2,0.03,0.026
solis,2025-12-12,1298491919449775028,Harker Arena,1308675217948824676,4804040241200044,4804040241200044,0404,6.0,,0.1,0.02,0.013
solis,2025-12-12,1298491919449775028,Harker Arena,1308675217948824790,4804040241200032,4804040241200032,0404,6.0,,0.2,0.03,0.026
solis,2025-12-12,1298491919449775028,Harker Arena,1308675217948824824,4804040241200005,4804040241200005,0404,6.0,,0.2,0.03,0.026
solis,2025-12-13,1298491919449775028,Harker Arena,1308675217948824631,4804040241200012,4804040241200012,0404,6.0,,0.5,0.08,0.065
solis,2025-12-13,1298491919449775028,Harker Arena,1308675217948824676,4804040241200044,4804040241200044,0404,6.0,,0.6,0.1,0.078
solis,2025-12-13,1298491919449775028,Harker Arena,1308675217948824790,4804040241200032,4804040241200032,0404,6.0,,0.5,0.08,0.065
solis,2025-12-13,1298491919449775028,Harker Arena,1308675217948824824,4804040241200005,4804040241200005,0404,6.0,,0.5,0.08,0.065
solis,2025-12-14,1298491919449775028,Harker Arena,1308675217948824631,4804040241200012,4804040241200012,0404,6.0,,8.7,1.45,1.131
solis,2025-12-14,1298491919449775028,Harker Arena,1308675217948824676,4804040241200044,4804040241200044,0404,6.0,,8.7,1.45,1.131
solis,2025-12-14,1298491919449775028,Harker Arena,1308675217948824790,4804040241200032,4804040241200032,0404,6.0,,8.6,1.43,1.118
solis,2025-12-14,1298491919449775028,Harker Arena,1308675217948824824,4804040241200005,4804040241200005,0404,6.0,,9.4,1.57,1.222
solis,2025-12-15,1298491919449775028,Harker Arena,1308675217948824631,4804040241200012,4804040241200012,0404,6.0,,10.5,1.75,1.365
solis,2025-12-15,1298491919449775028,Harker Arena,1308675217948824676,4804040241200044,4804040241200044,0404,6.0,,11.1,1.85,1.443
solis,2025-12-15,1298491919449775028,Harker Arena,1308675217948824790,4804040241200032,4804040241200032,0404,6.0,,11.0,1.83,1.43
solis,2025-12-15,1298491919449775028,Harker Arena,1308675217948824824,4804040241200005,4804040241200005,0404,6.0,,10.8,1.8,1.404
solis,2025-12-16,1298491919449775028,Harker Arena,1308675217948824631,4804040241200012,4804040241200012,0404,6.0,,23.7,3.95,3.081
solis,2025-12-16,1298491919449775028,Harker Arena,1308675217948824676,4804040241200044,4804040241200044,0404,6.0,,26.0,4.33,3.38
solis,2025-12-16,1298491919449775028,Harker Arena,1308675217948824790,4804040241200032,4804040241200032,0404,6.0,,25.4,4.23,3.302
solis,2025-12-16,1298491919449775028,Harker Arena,1308675217948824824,4804040241200005,4804040241200005,0404,6.0,,24.4,4.07,3.172
solis,2025-12-17,1298491919449775028,Harker Arena,1308675217948824631,4804040241200012,4804040241200012,0404,6.0,,6.8,1.13,0.884
solis,2025-12-17,1298491919449775028,Harker Arena,1308675217948824676,4804040241200044,4804040241200044,0404,6.0,,7.1,1.18,0.923
solis,2025-12-17,1298491919449775028,Harker Arena,1308675217948824790,4804040241200032,4804040241200032,0404,6.0,,7.0,1.17,0.91
solis,2025-12-17,1298491919449775028,Harker Arena,1308675217948824824,4804040241200005,4804040241200005,0404,6.0,,7.3,1.22,0.949
solis,2025-12-18,1298491919449775028,Harker Arena,1308675217948824631,4804040241200012,4804040241200012,0404,6.0,,4.6,0.77,0.598
solis,2025-12-18,1298491919449775028,Harker Arena,1308675217948824676,4804040241200044,4804040241200044,0404,6.0,,2.6,0.43,0.338
solis,2025-12-18,1298491919449775028,Harker Arena,1308675217948824790,4804040241200032,4804040241200032,0404,6.0,,3.1,0.52,0.403
solis,2025-12-18,1298491919449775028,Harker Arena,1308675217948824824,4804040241200005,4804040241200005,0404,6.0,,6.3,1.05,0.819
solis,2025-12-19,1298491919449775028,Harker Arena,1308675217948824631,4804040241200012,4804040241200012,0404,6.0,,21.6,3.6,2.808
solis,2025-12-19,1298491919449775028,Harker Arena,1308675217948824676,4804040241200044,4804040241200044,0404,6.0,,23.8,3.97,3.094
solis,2025-12-19,1298491919449775028,Harker Arena,1308675217948824790,4804040241200032,4804040241200032,0404,6.0,,23.0,3.83,2.99
solis,2025-12-19,1298491919449775028,Harker Arena,1308675217948824824,4804040241200005,4804040241200005,0404,6.0,,22.4,3.73,2.912
solis,2025-12-20,1298491919449775028,Harker Arena,1308675217948824631,4804040241200012,4804040241200012,0404,6.0,,24.0,4.0,3.12
solis,2025-12-20,1298491919449775028,Harker Arena,1308675217948824676,4804040241200044,4804040241200044,0404,6.0,,26.6,4.43,3.458
solis,2025-12-20,1298491919449775028,Harker Arena,1308675217948824790,4804040241200032,4804040241200032,0404,6.0,,25.7,4.28,3.341
solis,2025-12-20,1298491919449775028,Harker Arena,1308675217948824824,4804040241200005,4804040241200005,0404,6.0,,24.6,4.1,3.198
solis,2025-12-21,1298491919449775028,Harker Arena,1308675217948824631,4804040241200012,4804040241200012,0404,6.0,,7.1,1.18,0.923
solis,2025-12-21,1298491919449775028,Harker Arena,1308675217948824676,4804040241200044,4804040241200044,0404,6.0,,7.3,1.22,0.949
solis,2025-12-21,1298491919449775028,Harker Arena,1308675217948824790,4804040241200032,4804040241200032,0404,6.0,,7.3,1.22,0.949
solis,2025-12-21,1298491919449775028,Harker Arena,1308675217948824824,4804040241200005,4804040241200005,0404,6.0,,7.3,1.22,0.949
solis,2025-12-22,1298491919449775028,Harker Arena,1308675217948824631,4804040241200012,4804040241200012,0404,6.0,,6.1,1.02,0.793
solis,2025-12-22,1298491919449775028,Harker Arena,1308675217948824676,4804040241200044,4804040241200044,0404,6.0,,6.9,1.15,0.897
solis,2025-12-22,1298491919449775028,Harker Arena,1308675217948824790,4804040241200032,4804040241200032,0404,6.0,,6.6,1.1,0.858
solis,2025-12-22,1298491919449775028,Harker Arena,1308675217948824824,4804040241200005,4804040241200005,0404,6.0,,6.0,1.0,0.78
solis,2025-12-23,1298491919449775028,Harker Arena,1308675217948824631,4804040241200012,4804040241200012,0404,6.0,,13.9,2.32,1.807
solis,2025-12-23,1298491919449775028,Harker Arena,1308675217948824676,4804040241200044,4804040241200044,0404,6.0,,14.9,2.48,1.937
solis,2025-12-23,1298491919449775028,Harker Arena,1308675217948824790,4804040241200032,4804040241200032,0404,6.0,,14.6,2.43,1.898
solis,2025-12-23,1298491919449775028,Harker Arena,1308675217948824824,4804040241200005,4804040241200005,0404,6.0,,14.3,2.38,1.859
solis,2025-12-24,1298491919449775028,Harker Arena,1308675217948824631,4804040241200012,4804040241200012,0404,6.0,,2.2,0.37,0.286
solis,2025-12-24,1298491919449775028,Harker Arena,1308675217948824676,4804040241200044,4804040241200044,0404,6.0,,2.1,0.35,0.273
solis,2025-12-24,1298491919449775028,Harker Arena,1308675217948824790,4804040241200032,4804040241200032,0404,6.0,,2.2,0.37,0.286
solis,2025-12-24,1298491919449775028,Harker Arena,1308675217948824824,4804040241200005,4804040241200005,0404,6.0,,2.2,0.37,0.286
solis,2025-12-25,1298491919449775028,Harker Arena,1308675217948824631,4804040241200012,4804040241200012,0404,6.0,,20.4,3.4,2.652
solis,2025-12-25,1298491919449775028,Harker Arena,1308675217948824676,4804040241200044,4804040241200044,0404,6.0,,22.0,3.67,2.86
solis,2025-12-25,1298491919449775028,Harker Arena,1308675217948824790,4804040241200032,4804040241200032,0404,6.0,,21.7,3.62,2.821
solis,2025-12-25,1298491919449775028,Harker Arena,1308675217948824824,4804040241200005,4804040241200005,0404,6.0,,21.0,3.5,2.73
solis,2025-12-26,1298491919449775028,Harker Arena,1308675217948824631,4804040241200012,4804040241200012,0404,6.0,,3.0,0.5,0.39
solis,2025-12-26,1298491919449775028,Harker Arena,1308675217948824676,4804040241200044,4804040241200044,0404,6.0,,3.0,0.5,0.39
solis,2025-12-26,1298491919449775028,Harker Arena,1308675217948824790,4804040241200032,4804040241200032,0404,6.0,,2.9,0.48,0.377
solis,2025-12-26,1298491919449775028,Harker Arena,1308675217948824824,4804040241200005,4804040241200005,0404,6.0,,3.0,0.5,0.39
solis,2025-12-27,1298491919449775028,Harker Arena,1308675217948824631,4804040241200012,4804040241200012,0404,6.0,,4.2,0.7,0.546
solis,2025-12-27,1298491919449775028,Harker Arena,1308675217948824676,4804040241200044,4804040241200044,0404,6.0,,4.2,0.7,0.546
solis,2025-12-27,1298491919449775028,Harker Arena,1308675217948824790,4804040241200032,4804040241200032,0404,6.0,,4.4,0.73,0.572
solis,2025-12-27,1298491919449775028,Harker Arena,1308675217948824824,4804040241200005,4804040241200005,0404,6.0,,4.2,0.7,0.546
solis,2025-12-28,1298491919449775028,Harker Arena,1308675217948824631,4804040241200012,4804040241200012,0404,6.0,,11.3,1.88,1.469
solis,2025-12-28,1298491919449775028,Harker Arena,1308675217948824676,4804040241200044,4804040241200044,0404,6.0,,13.5,2.25,1.755
solis,2025-12-28,1298491919449775028,Harker Arena,1308675217948824790,4804040241200032,4804040241200032,0404,6.0,,12.7,2.12,1.651
solis,2025-12-28,1298491919449775028,Harker Arena,1308675217948824824,4804040241200005,4804040241200005,0404,6.0,,10.5,1.75,1.365
solis,2025-12-29,1298491919449775028,Harker Arena,1308675217948824631,4804040241200012,4804040241200012,0404,6.0,,13.8,2.3,1.794
solis,2025-12-29,1298491919449775028,Harker Arena,1308675217948824676,4804040241200044,4804040241200044,0404,6.0,,14.7,2.45,1.911
solis,2025-12-29,1298491919449775028,Harker Arena,1308675217948824790,4804040241200032,4804040241200032,0404,6.0,,14.4,2.4,1.872
solis,2025-12-29,1298491919449775028,Harker Arena,1308675217948824824,4804040241200005,4804040241200005,0404,6.0,,14.3,2.38,1.859
solis,2025-12-30,1298491919449775028,Harker Arena,1308675217948824631,4804040241200012,4804040241200012,0404,6.0,,16.2,2.7,2.106
solis,2025-12-30,1298491919449775028,Harker Arena,1308675217948824676,4804040241200044,4804040241200044,0404,6.0,,17.3,2.88,2.249
solis,2025-12-30,1298491919449775028,Harker Arena,1308675217948824790,4804040241200032,4804040241200032,0404,6.0,,17.0,2.83,2.21
solis,2025-12-30,1298491919449775028,Harker Arena,1308675217948824824,4804040241200005,4804040241200005,0404,6.0,,16.6,2.77,2.158
solis,2025-12-31,1298491919449775028,Harker Arena,1308675217948824631,4804040241200012,4804040241200012,0404,6.0,,17.3,2.88,2.249
solis,2025-12-31,1298491919449775028,Harker Arena,1308675217948824676,4804040241200044,4804040241200044,0404,6.0,,18.6,3.1,2.418
solis,2025-12-31,1298491919449775028,Harker Arena,1308675217948824790,4804040241200032,4804040241200032,0404,6.0,,18.1,3.02,2.353
solis,2025-12-31,1298491919449775028,Harker Arena,1308675217948824824,4804040241200005,4804040241200005,0404,6.0,,17.9,2.98,2.327
solis,2026-01-01,1298491919449775028,Harker Arena,1308675217948824631,4804040241200012,4804040241200012,0404,6.0,,11.3,1.88,1.469
solis,2026-01-01,1298491919449775028,Harker Arena,1308675217948824676,4804040241200044,4804040241200044,0404,6.0,,11.7,1.95,1.521
solis,2026-01-01,1298491919449775028,Harker Arena,1308675217948824790,4804040241200032,4804040241200032,0404,6.0,,11.6,1.93,1.508
solis,2026-01-01,1298491919449775028,Harker Arena,1308675217948824824,4804040241200005,4804040241200005,0404,6.0,,11.6,1.93,1.508
solis,2026-01-02,1298491919449775028,Harker Arena,1308675217948824631,4804040241200012,4804040241200012,0404,6.0,,4.1,0.68,0.533
solis,2026-01-02,1298491919449775028,Harker Arena,1308675217948824676,4804040241200044,4804040241200044,0404,6.0,,4.2,0.7,0.546
solis,2026-01-02,1298491919449775028,Harker Arena,1308675217948824790,4804040241200032,4804040241200032,0404,6.0,,4.1,0.68,0.533
solis,2026-01-02,1298491919449775028,Harker Arena,1308675217948824824,4804040241200005,4804040241200005,0404,6.0,,4.2,0.7,0.546
solis,2026-01-03,1298491919449775028,Harker Arena,1308675217948824631,4804040241200012,4804040241200012,0404,6.0,,14.8,2.47,1.924
solis,2026-01-03,1298491919449775028,Harker Arena,1308675217948824676,4804040241200044,4804040241200044,0404,6.0,,15.8,2.63,2.054
solis,2026-01-03,1298491919449775028,Harker Arena,1308675217948824790,4804040241200032,4804040241200032,0404,6.0,,15.5,2.58,2.015
solis,2026-01-03,1298491919449775028,Harker Arena,1308675217948824824,4804040241200005,4804040241200005,0404,6.0,,15.1,2.52,1.963
solis,2026-01-04,1298491919449775028,Harker Arena,1308675217948824631,4804040241200012,4804040241200012,0404,6.0,,14.6,2.43,1.898
solis,2026-01-04,1298491919449775028,Harker Arena,1308675217948824676,4804040241200044,4804040241200044,0404,6.0,,15.3,2.55,1.989
solis,2026-01-04,1298491919449775028,Harker Arena,1308675217948824790,4804040241200032,4804040241200032,0404,6.0,,15.2,2.53,1.976
solis,2026-01-04,1298491919449775028,Harker Arena,1308675217948824824,4804040241200005,4804040241200005,0404,6.0,,15.2,2.53,1.976
solis,2026-01-05,1298491919449775028,Harker Arena,1308675217948824631,4804040241200012,4804040241200012,0404,6.0,,10.2,1.7,1.326
solis,2026-01-05,1298491919449775028,Harker Arena,1308675217948824676,4804040241200044,4804040241200044,0404,6.0,,10.9,1.82,1.417
solis,2026-01-05,1298491919449775028,Harker Arena,1308675217948824790,4804040241200032,4804040241200032,0404,6.0,,10.8,1.8,1.404
solis,2026-01-05,1298491919449775028,Harker Arena,1308675217948824824,4804040241200005,4804040241200005,0404,6.0,,10.5,1.75,1.365
solis,2026-01-06,1298491919449775028,Harker Arena,1308675217948824631,4804040241200012,4804040241200012,0404,6.0,,5.9,0.98,0.767
solis,2026-01-06,1298491919449775028,Harker Arena,1308675217948824676,4804040241200044,4804040241200044,0404,6.0,,6.2,1.03,0.806
solis,2026-01-06,1298491919449775028,Harker Arena,1308675217948824790,4804040241200032,4804040241200032,0404,6.0,,6.0,1.0,0.78
solis,2026-01-06,1298491919449775028,Harker Arena,1308675217948824824,4804040241200005,4804040241200005,0404,6.0,,6.1,1.02,0.793
solis,2026-01-07,1298491919449775028,Harker Arena,1308675217948824631,4804040241200012,4804040241200012,0404,6.0,,27.4,4.57,3.562
solis,2026-01-07,1298491919449775028,Harker Arena,1308675217948824676,4804040241200044,4804040241200044,0404,6.0,,29.3,4.88,3.809
solis,2026-01-07,1298491919449775028,Harker Arena,1308675217948824790,4804040241200032,4804040241200032,0404,6.0,,28.9,4.82,3.757
solis,2026-01-07,1298491919449775028,Harker Arena,1308675217948824824,4804040241200005,4804040241200005,0404,6.0,,28.4,4.73,3.692
solis,2026-01-08,1298491919449775028,Harker Arena,1308675217948824631,4804040241200012,4804040241200012,0404,6.0,,27.9,4.65,3.627
solis,2026-01-08,1298491919449775028,Harker Arena,1308675217948824676,4804040241200044,4804040241200044,0404,6.0,,29.9,4.98,3.887
solis,2026-01-08,1298491919449775028,Harker Arena,1308675217948824790,4804040241200032,4804040241200032,0404,6.0,,29.4,4.9,3.822
solis,2026-01-08,1298491919449775028,Harker Arena,1308675217948824824,4804040241200005,4804040241200005,0404,6.0,,28.9,4.82,3.757
solis,2026-01-09,1298491919449775028,Harker Arena,1308675217948824631,4804040241200012,4804040241200012,0404,6.0,,18.4,3.07,2.392
solis,2026-01-09,1298491919449775028,Harker Arena,1308675217948824676,4804040241200044,4804040241200044,0404,6.0,,19.5,3.25,2.535
solis,2026-01-09,1298491919449775028,Harker Arena,1308675217948824790,4804040241200032,4804040241200032,0404,6.0,,19.3,3.22,2.509
solis,2026-01-09,1298491919449775028,Harker Arena,1308675217948824824,4804040241200005,4804040241200005,0404,6.0,,19.1,3.18,2.483
solis,2026-01-10,1298491919449775028,Harker Arena,1308675217948824631,4804040241200012,4804040241200012,0404,6.0,,9.0,1.5,1.17
solis,2026-01-10,1298491919449775028,Harker Arena,1308675217948824676,4804040241200044,4804040241200044,0404,6.0,,9.2,1.53,1.196
solis,2026-01-10,1298491919449775028,Harker Arena,1308675217948824790,4804040241200032,4804040241200032,0404,6.0,,9.1,1.52,1.183
solis,2026-01-10,1298491919449775028,Harker Arena,1308675217948824824,4804040241200005,4804040241200005,0404,6.0,,9.2,1.53,1.196
solis,2026-01-11,1298491919449775028,Harker Arena,1308675217948824631,4804040241200012,4804040241200012,0404,6.0,,9.4,1.57,1.222
solis,2026-01-11,1298491919449775028,Harker Arena,1308675217948824676,4804040241200044,4804040241200044,0404,6.0,,9.6,1.6,1.248
solis,2026-01-11,1298491919449775028,Harker Arena,1308675217948824790,4804040241200032,4804040241200032,0404,6.0,,9.6,1.6,1.248
solis,2026-01-11,1298491919449775028,Harker Arena,1308675217948824824,4804040241200005,4804040241200005,0404,6.0,,9.7,1.62,1.261
solis,2026-01-12,1298491919449775028,Harker Arena,1308675217948824631,4804040241200012,4804040241200012,0404,6.0,,3.5,0.58,0.455
solis,2026-01-12,1298491919449775028,Harker Arena,1308675217948824676,4804040241200044,4804040241200044,0404,6.0,,3.6,0.6,0.468
solis,2026-01-12,1298491919449775028,Harker Arena,1308675217948824790,4804040241200032,4804040241200032,0404,6.0,,3.6,0.6,0.468
solis,2026-01-12,1298491919449775028,Harker Arena,1308675217948824824,4804040241200005,4804040241200005,0404,6.0,,3.7,0.62,0.481
solis,2026-01-13,1298491919449775028,Harker Arena,1308675217948824631,4804040241200012,4804040241200012,0404,6.0,,15.0,2.5,1.95
solis,2026-01-13,1298491919449775028,Harker Arena,1308675217948824676,4804040241200044,4804040241200044,0404,6.0,,15.7,2.62,2.041
solis,2026-01-13,1298491919449775028,Harker Arena,1308675217948824790,4804040241200032,4804040241200032,0404,6.0,,15.5,2.58,2.015
solis,2026-01-13,1298491919449775028,Harker Arena,1308675217948824824,4804040241200005,4804040241200005,0404,6.0,,15.6,2.6,2.028
solis,2026-01-14,1298491919449775028,Harker Arena,1308675217948824631,4804040241200012,4804040241200012,0404,6.0,,29.5,4.92,3.835
solis,2026-01-14,1298491919449775028,Harker Arena,1308675217948824676,4804040241200044,4804040241200044,0404,6.0,,31.0,5.17,4.03
solis,2026-01-14,1298491919449775028,Harker Arena,1308675217948824790,4804040241200032,4804040241200032,0404,6.0,,30.8,5.13,4.004
solis,2026-01-14,1298491919449775028,Harker Arena,1308675217948824824,4804040241200005,4804040241200005,0404,6.0,,30.5,5.08,3.965
solis,2026-01-15,1298491919449775028,Harker Arena,1308675217948824631,4804040241200012,4804040241200012,0404,6.0,,10.6,1.77,1.378
solis,2026-01-15,1298491919449775028,Harker Arena,1308675217948824676,4804040241200044,4804040241200044,0404,6.0,,11.4,1.9,1.482
solis,2026-01-15,1298491919449775028,Harker Arena,1308675217948824790,4804040241200032,4804040241200032,0404,6.0,,11.1,1.85,1.443
solis,2026-01-15,1298491919449775028,Harker Arena,1308675217948824824,4804040241200005,4804040241200005,0404,6.0,,10.9,1.82,1.417
solis,2026-01-16,1298491919449775028,Harker Arena,1308675217948824631,4804040241200012,4804040241200012,0404,6.0,,25.1,4.18,3.263
solis,2026-01-16,1298491919449775028,Harker Arena,1308675217948824676,4804040241200044,4804040241200044,0404,6.0,,25.9,4.32,3.367
solis,2026-01-16,1298491919449775028,Harker Arena,1308675217948824790,4804040241200032,4804040241200032,0404,6.0,,25.8,4.3,3.354
solis,2026-01-16,1298491919449775028,Harker Arena,1308675217948824824,4804040241200005,4804040241200005,0404,6.0,,26.0,4.33,3.38
solis,2026-01-17,1298491919449775028,Harker Arena,1308675217948824631,4804040241200012,4804040241200012,0404,6.0,,24.7,4.12,3.211
solis,2026-01-17,1298491919449775028,Harker Arena,1308675217948824676,4804040241200044,4804040241200044,0404,6.0,,24.5,4.08,3.185
solis,2026-01-17,1298491919449775028,Harker Arena,1308675217948824790,4804040241200032,4804040241200032,0404,6.0,,24.6,4.1,3.198
solis,2026-01-17,1298491919449775028,Harker Arena,1308675217948824824,4804040241200005,4804040241200005,0404,6.0,,25.0,4.17,3.25
solis,2026-01-18,1298491919449775028,Harker Arena,1308675217948824631,4804040241200012,4804040241200012,0404,6.0,,5.9,0.98,0.767
solis,2026-01-18,1298491919449775028,Harker Arena,1308675217948824676,4804040241200044,4804040241200044,0404,6.0,,6.1,1.02,0.793
solis,2026-01-18,1298491919449775028,Harker Arena,1308675217948824790,4804040241200032,4804040241200032,0404,6.0,,6.1,1.02,0.793
solis,2026-01-18,1298491919449775028,Harker Arena,1308675217948824824,4804040241200005,4804040241200005,0404,6.0,,6.1,1.02,0.793
solis,2026-01-19,1298491919449775028,Harker Arena,1308675217948824631,4804040241200012,4804040241200012,0404,6.0,,24.7,4.12,3.211
solis,2026-01-19,1298491919449775028,Harker Arena,1308675217948824676,4804040241200044,4804040241200044,0404,6.0,,25.7,4.28,3.341
solis,2026-01-19,1298491919449775028,Harker Arena,1308675217948824790,4804040241200032,4804040241200032,0404,6.0,,25.5,4.25,3.315
solis,2026-01-19,1298491919449775028,Harker Arena,1308675217948824824,4804040241200005,4804040241200005,0404,6.0,,25.4,4.23,3.302
solis,2026-01-20,1298491919449775028,Harker Arena,1308675217948824631,4804040241200012,4804040241200012,0404,6.0,,12.1,2.02,1.573
solis,2026-01-20,1298491919449775028,Harker Arena,1308675217948824676,4804040241200044,4804040241200044,0404,6.0,,13.9,2.32,1.807
solis,2026-01-20,1298491919449775028,Harker Arena,1308675217948824790,4804040241200032,4804040241200032,0404,6.0,,13.5,2.25,1.755
solis,2026-01-20,1298491919449775028,Harker Arena,1308675217948824824,4804040241200005,4804040241200005,0404,6.0,,13.1,2.18,1.703
solis,2026-01-21,1298491919449775028,Harker Arena,1308675217948824631,4804040241200012,4804040241200012,0404,6.0,,16.5,2.75,2.145
solis,2026-01-21,1298491919449775028,Harker Arena,1308675217948824676,4804040241200044,4804040241200044,0404,6.0,,17.0,2.83,2.21
solis,2026-01-21,1298491919449775028,Harker Arena,1308675217948824790,4804040241200032,4804040241200032,0404,6.0,,17.0,2.83,2.21
solis,2026-01-21,1298491919449775028,Harker Arena,1308675217948824824,4804040241200005,4804040241200005,0404,6.0,,17.1,2.85,2.223
solis,2026-01-22,1298491919449775028,Harker Arena,1308675217948824631,4804040241200012,4804040241200012,0404,6.0,,4.2,0.7,0.546
solis,2026-01-22,1298491919449775028,Harker Arena,1308675217948824676,4804040241200044,4804040241200044,0404,6.0,,4.4,0.73,0.572
solis,2026-01-22,1298491919449775028,Harker Arena,1308675217948824790,4804040241200032,4804040241200032,0404,6.0,,4.4,0.73,0.572
solis,2026-01-22,1298491919449775028,Harker Arena,1308675217948824824,4804040241200005,4804040241200005,0404,6.0,,4.5,0.75,0.585
solis,2026-01-23,1298491919449775028,Harker Arena,1308675217948824631,4804040241200012,4804040241200012,0404,6.0,,26.2,4.37,3.406
solis,2026-01-23,1298491919449775028,Harker Arena,1308675217948824676,4804040241200044,4804040241200044,0404,6.0,,25.9,4.32,3.367
solis,2026-01-23,1298491919449775028,Harker Arena,1308675217948824790,4804040241200032,4804040241200032,0404,6.0,,25.9,4.32,3.367
solis,2026-01-23,1298491919449775028,Harker Arena,1308675217948824824,4804040241200005,4804040241200005,0404,6.0,,26.3,4.38,3.419
solis,2026-01-24,1298491919449775028,Harker Arena,1308675217948824631,4804040241200012,4804040241200012,0404,6.0,,0.9,0.15,0.117
solis,2026-01-24,1298491919449775028,Harker Arena,1308675217948824676,4804040241200044,4804040241200044,0404,6.0,,1.0,0.17,0.13
solis,2026-01-24,1298491919449775028,Harker Arena,1308675217948824790,4804040241200032,4804040241200032,0404,6.0,,0.9,0.15,0.117
solis,2026-01-24,1298491919449775028,Harker Arena,1308675217948824824,4804040241200005,4804040241200005,0404,6.0,,1.0,0.17,0.13
solis,2026-01-25,1298491919449775028,Harker Arena,1308675217948824631,4804040241200012,4804040241200012,0404,6.0,,7.0,1.17,0.91
solis,2026-01-25,1298491919449775028,Harker Arena,1308675217948824676,4804040241200044,4804040241200044,0404,6.0,,15.6,2.6,2.028
solis,2026-01-25,1298491919449775028,Harker Arena,1308675217948824790,4804040241200032,4804040241200032,0404,6.0,,10.2,1.7,1.326
solis,2026-01-25,1298491919449775028,Harker Arena,1308675217948824824,4804040241200005,4804040241200005,0404,6.0,,8.3,1.38,1.079
solis,2026-01-26,1298491919449775028,Harker Arena,1308675217948824631,4804040241200012,4804040241200012,0404,6.0,,6.7,1.12,0.871
solis,2026-01-26,1298491919449775028,Harker Arena,1308675217948824676,4804040241200044,4804040241200044,0404,6.0,,8.6,1.43,1.118
solis,2026-01-26,1298491919449775028,Harker Arena,1308675217948824790,4804040241200032,4804040241200032,0404,6.0,,8.3,1.38,1.079
solis,2026-01-26,1298491919449775028,Harker Arena,1308675217948824824,4804040241200005,4804040241200005,0404,6.0,,7.9,1.32,1.027
solis,2026-01-27,1298491919449775028,Harker Arena,1308675217948824631,4804040241200012,4804040241200012,0404,6.0,,32.1,5.35,4.173
solis,2026-01-27,1298491919449775028,Harker Arena,1308675217948824676,4804040241200044,4804040241200044,0404,6.0,,33.3,5.55,4.329
solis,2026-01-27,1298491919449775028,Harker Arena,1308675217948824790,4804040241200032,4804040241200032,0404,6.0,,33.5,5.58,4.355
solis,2026-01-27,1298491919449775028,Harker Arena,1308675217948824824,4804040241200005,4804040241200005,0404,6.0,,33.1,5.52,4.303
solis,2026-01-28,1298491919449775028,Harker Arena,1308675217948824631,4804040241200012,4804040241200012,0404,6.0,,14.4,2.4,1.872
solis,2026-01-28,1298491919449775028,Harker Arena,1308675217948824676,4804040241200044,4804040241200044,0404,6.0,,14.5,2.42,1.885
solis,2026-01-28,1298491919449775028,Harker Arena,1308675217948824790,4804040241200032,4804040241200032,0404,6.0,,14.5,2.42,1.885
solis,2026-01-28,1298491919449775028,Harker Arena,1308675217948824824,4804040241200005,4804040241200005,0404,6.0,,14.7,2.45,1.911
solis,2026-01-29,1298491919449775028,Harker Arena,1308675217948824631,4804040241200012,4804040241200012,0404,6.0,,27.7,4.62,3.601
solis,2026-01-29,1298491919449775028,Harker Arena,1308675217948824676,4804040241200044,4804040241200044,0404,6.0,,27.9,4.65,3.627
solis,2026-01-29,1298491919449775028,Harker Arena,1308675217948824790,4804040241200032,4804040241200032,0404,6.0,,28.0,4.67,3.64
solis,2026-01-29,1298491919449775028,Harker Arena,1308675217948824824,4804040241200005,4804040241200005,0404,6.0,,28.3,4.72,3.679
solis,2026-01-30,1298491919449775028,Harker Arena,1308675217948824631,4804040241200012,4804040241200012,0404,6.0,,9.9,1.65,1.287
solis,2026-01-30,1298491919449775028,Harker Arena,1308675217948824676,4804040241200044,4804040241200044,0404,6.0,,10.1,1.68,1.313
solis,2026-01-30,1298491919449775028,Harker Arena,1308675217948824790,4804040241200032,4804040241200032,0404,6.0,,10.1,1.68,1.313
solis,2026-01-30,1298491919449775028,Harker Arena,1308675217948824824,4804040241200005,4804040241200005,0404,6.0,,10.2,1.7,1.326
solis,2026-01-31,1298491919449775028,Harker Arena,1308675217948824631,4804040241200012,4804040241200012,0404,6.0,,28.1,4.68,3.653
solis,2026-01-31,1298491919449775028,Harker Arena,1308675217948824676,4804040241200044,4804040241200044,0404,6.0,,27.9,4.65,3.627
solis,2026-01-31,1298491919449775028,Harker Arena,1308675217948824790,4804040241200032,4804040241200032,0404,6.0,,28.0,4.67,3.64
solis,2026-01-31,1298491919449775028,Harker Arena,1308675217948824824,4804040241200005,4804040241200005,0404,6.0,,28.4,4.73,3.692
solis,2026-02-01,1298491919449775028,Harker Arena,1308675217948824631,4804040241200012,4804040241200012,0404,6.0,,16.5,2.75,2.145
solis,2026-02-01,1298491919449775028,Harker Arena,1308675217948824676,4804040241200044,4804040241200044,0404,6.0,,16.6,2.77,2.158
solis,2026-02-01,1298491919449775028,Harker Arena,1308675217948824790,4804040241200032,4804040241200032,0404,6.0,,16.7,2.78,2.171
solis,2026-02-01,1298491919449775028,Harker Arena,1308675217948824824,4804040241200005,4804040241200005,0404,6.0,,16.8,2.8,2.184
solis,2026-02-02,1298491919449775028,Harker Arena,1308675217948824631,4804040241200012,4804040241200012,0404,6.0,,28.8,4.8,3.744
solis,2026-02-02,1298491919449775028,Harker Arena,1308675217948824676,4804040241200044,4804040241200044,0404,6.0,,29.0,4.83,3.77
solis,2026-02-02,1298491919449775028,Harker Arena,1308675217948824790,4804040241200032,4804040241200032,0404,6.0,,29.0,4.83,3.77
solis,2026-02-02,1298491919449775028,Harker Arena,1308675217948824824,4804040241200005,4804040241200005,0404,6.0,,29.2,4.87,3.796
solis,2026-02-03,1298491919449775028,Harker Arena,1308675217948824631,4804040241200012,4804040241200012,0404,6.0,,21.0,3.5,2.73
solis,2026-02-03,1298491919449775028,Harker Arena,1308675217948824676,4804040241200044,4804040241200044,0404,6.0,,21.5,3.58,2.795
solis,2026-02-03,1298491919449775028,Harker Arena,1308675217948824790,4804040241200032,4804040241200032,0404,6.0,,21.5,3.58,2.795
solis,2026-02-03,1298491919449775028,Harker Arena,1308675217948824824,4804040241200005,4804040241200005,0404,6.0,,21.5,3.58,2.795
solis,2026-02-04,1298491919449775028,Harker Arena,1308675217948824631,4804040241200012,4804040241200012,0404,6.0,,15.0,2.5,1.95
solis,2026-02-04,1298491919449775028,Harker Arena,1308675217948824676,4804040241200044,4804040241200044,0404,6.0,,15.1,2.52,1.963
solis,2026-02-04,1298491919449775028,Harker Arena,1308675217948824790,4804040241200032,4804040241200032,0404,6.0,,15.2,2.53,1.976
solis,2026-02-04,1298491919449775028,Harker Arena,1308675217948824824,4804040241200005,4804040241200005,0404,6.0,,15.5,2.58,2.015
solis,2026-02-05,1298491919449775028,Harker Arena,1308675217948824631,4804040241200012,4804040241200012,0404,6.0,,33.8,5.63,4.394
solis,2026-02-05,1298491919449775028,Harker Arena,1308675217948824676,4804040241200044,4804040241200044,0404,6.0,,34.7,5.78,4.511
solis,2026-02-05,1298491919449775028,Harker Arena,1308675217948824790,4804040241200032,4804040241200032,0404,6.0,,34.5,5.75,4.485
solis,2026-02-05,1298491919449775028,Harker Arena,1308675217948824824,4804040241200005,4804040241200005,0404,6.0,,34.4,5.73,4.472
solis,2026-02-06,1298491919449775028,Harker Arena,1308675217948824631,4804040241200012,4804040241200012,0404,6.0,,28.6,4.77,3.718
solis,2026-02-06,1298491919449775028,Harker Arena,1308675217948824676,4804040241200044,4804040241200044,0404,6.0,,28.8,4.8,3.744
solis,2026-02-06,1298491919449775028,Harker Arena,1308675217948824790,4804040241200032,4804040241200032,0404,6.0,,28.9,4.82,3.757
solis,2026-02-06,1298491919449775028,Harker Arena,1308675217948824824,4804040241200005,4804040241200005,0404,6.0,,29.1,4.85,3.783
solis,2026-02-07,1298491919449775028,Harker Arena,1308675217948824631,4804040241200012,4804040241200012,0404,6.0,,29.6,4.93,3.848
solis,2026-02-07,1298491919449775028,Harker Arena,1308675217948824676,4804040241200044,4804040241200044,0404,6.0,,29.9,4.98,3.887
solis,2026-02-07,1298491919449775028,Harker Arena,1308675217948824790,4804040241200032,4804040241200032,0404,6.0,,29.9,4.98,3.887
solis,2026-02-07,1298491919449775028,Harker Arena,1308675217948824824,4804040241200005,4804040241200005,0404,6.0,,30.1,5.02,3.913
solis,2026-02-08,1298491919449775028,Harker Arena,1308675217948824631,4804040241200012,4804040241200012,0404,6.0,,12.4,2.07,1.612
solis,2026-02-08,1298491919449775028,Harker Arena,1308675217948824676,4804040241200044,4804040241200044,0404,6.0,,12.7,2.12,1.651
solis,2026-02-08,1298491919449775028,Harker Arena,1308675217948824790,4804040241200032,4804040241200032,0404,6.0,,12.6,2.1,1.638
solis,2026-02-08,1298491919449775028,Harker Arena,1308675217948824824,4804040241200005,4804040241200005,0404,6.0,,12.7,2.12,1.651
solis,2026-02-09,1298491919449775028,Harker Arena,1308675217948824631,4804040241200012,4804040241200012,0404,6.0,,20.7,3.45,2.691
solis,2026-02-09,1298491919449775028,Harker Arena,1308675217948824676,4804040241200044,4804040241200044,0404,6.0,,20.9,3.48,2.717
solis,2026-02-09,1298491919449775028,Harker Arena,1308675217948824790,4804040241200032,4804040241200032,0404,6.0,,20.9,3.48,2.717
solis,2026-02-09,1298491919449775028,Harker Arena,1308675217948824824,4804040241200005,4804040241200005,0404,6.0,,21.1,3.52,2.743
solis,2026-02-10,1298491919449775028,Harker Arena,1308675217948824631,4804040241200012,4804040241200012,0404,6.0,,39.0,6.5,5.07
solis,2026-02-10,1298491919449775028,Harker Arena,1308675217948824676,4804040241200044,4804040241200044,0404,6.0,,38.0,6.33,4.94
solis,2026-02-10,1298491919449775028,Harker Arena,1308675217948824790,4804040241200032,4804040241200032,0404,6.0,,38.3,6.38,4.979
solis,2026-02-10,1298491919449775028,Harker Arena,1308675217948824824,4804040241200005,4804040241200005,0404,6.0,,38.7,6.45,5.031
solis,2026-02-11,1298491919449775028,Harker Arena,1308675217948824631,4804040241200012,4804040241200012,0404,6.0,,38.7,6.45,5.031
solis,2026-02-11,1298491919449775028,Harker Arena,1308675217948824676,4804040241200044,4804040241200044,0404,6.0,,38.0,6.33,4.94
solis,2026-02-11,1298491919449775028,Harker Arena,1308675217948824790,4804040241200032,4804040241200032,0404,6.0,,38.4,6.4,4.992
solis,2026-02-11,1298491919449775028,Harker Arena,1308675217948824824,4804040241200005,4804040241200005,0404,6.0,,38.9,6.48,5.057
solis,2026-02-12,1298491919449775028,Harker Arena,1308675217948824631,4804040241200012,4804040241200012,0404,6.0,,20.1,3.35,2.613
solis,2026-02-12,1298491919449775028,Harker Arena,1308675217948824676,4804040241200044,4804040241200044,0404,6.0,,20.7,3.45,2.691
solis,2026-02-12,1298491919449775028,Harker Arena,1308675217948824790,4804040241200032,4804040241200032,0404,6.0,,20.6,3.43,2.678
solis,2026-02-12,1298491919449775028,Harker Arena,1308675217948824824,4804040241200005,4804040241200005,0404,6.0,,20.6,3.43,2.678
solis,2026-02-13,1298491919449775028,Harker Arena,1308675217948824631,4804040241200012,4804040241200012,0404,6.0,,9.7,1.62,1.261
solis,2026-02-13,1298491919449775028,Harker Arena,1308675217948824676,4804040241200044,4804040241200044,0404,6.0,,10.0,1.67,1.3
solis,2026-02-13,1298491919449775028,Harker Arena,1308675217948824790,4804040241200032,4804040241200032,0404,6.0,,9.9,1.65,1.287
solis,2026-02-13,1298491919449775028,Harker Arena,1308675217948824824,4804040241200005,4804040241200005,0404,6.0,,9.9,1.65,1.287
solis,2026-02-14,1298491919449775028,Harker Arena,1308675217948824631,4804040241200012,4804040241200012,0404,6.0,,34.6,5.77,4.498
solis,2026-02-14,1298491919449775028,Harker Arena,1308675217948824676,4804040241200044,4804040241200044,0404,6.0,,31.8,5.3,4.134
solis,2026-02-14,1298491919449775028,Harker Arena,1308675217948824790,4804040241200032,4804040241200032,0404,6.0,,32.3,5.38,4.199
solis,2026-02-14,1298491919449775028,Harker Arena,1308675217948824824,4804040241200005,4804040241200005,0404,6.0,,33.4,5.57,4.342
solis,2026-02-15,1298491919449775028,Harker Arena,1308675217948824631,4804040241200012,4804040241200012,0404,6.0,,40.0,6.67,5.2
solis,2026-02-15,1298491919449775028,Harker Arena,1308675217948824676,4804040241200044,4804040241200044,0404,6.0,,36.2,6.03,4.706
solis,2026-02-15,1298491919449775028,Harker Arena,1308675217948824790,4804040241200032,4804040241200032,0404,6.0,,36.9,6.15,4.797
solis,2026-02-15,1298491919449775028,Harker Arena,1308675217948824824,4804040241200005,4804040241200005,0404,6.0,,38.1,6.35,4.953
solis,2026-02-16,1298491919449775028,Harker Arena,1308675217948824631,4804040241200012,4804040241200012,0404,6.0,,19.9,3.32,2.587
solis,2026-02-16,1298491919449775028,Harker Arena,1308675217948824676,4804040241200044,4804040241200044,0404,6.0,,19.6,3.27,2.548
solis,2026-02-16,1298491919449775028,Harker Arena,1308675217948824790,4804040241200032,4804040241200032,0404,6.0,,19.7,3.28,2.561
solis,2026-02-16,1298491919449775028,Harker Arena,1308675217948824824,4804040241200005,4804040241200005,0404,6.0,,19.9,3.32,2.587
solis,2026-02-17,1298491919449775028,Harker Arena,1308675217948824631,4804040241200012,4804040241200012,0404,6.0,,2.0,0.33,0.26
solis,2026-02-17,1298491919449775028,Harker Arena,1308675217948824676,4804040241200044,4804040241200044,0404,6.0,,0.6,0.1,0.078
solis,2026-02-17,1298491919449775028,Harker Arena,1308675217948824790,4804040241200032,4804040241200032,0404,6.0,,1.3,0.22,0.169
solis,2026-02-17,1298491919449775028,Harker Arena,1308675217948824824,4804040241200005,4804040241200005,0404,6.0,,4.1,0.68,0.533
solis,2026-02-18,1298491919449775028,Harker Arena,1308675217948824631,4804040241200012,4804040241200012,0404,6.0,,3.2,0.53,0.416
solis,2026-02-18,1298491919449775028,Harker Arena,1308675217948824676,4804040241200044,4804040241200044,0404,6.0,,1.6,0.27,0.208
solis,2026-02-18,1298491919449775028,Harker Arena,1308675217948824790,4804040241200032,4804040241200032,0404,6.0,,2.5,0.42,0.325
solis,2026-02-18,1298491919449775028,Harker Arena,1308675217948824824,4804040241200005,4804040241200005,0404,6.0,,5.8,0.97,0.754
solis,2026-02-19,1298491919449775028,Harker Arena,1308675217948824631,4804040241200012,4804040241200012,0404,6.0,,10.9,1.82,1.417
solis,2026-02-19,1298491919449775028,Harker Arena,1308675217948824676,4804040241200044,4804040241200044,0404,6.0,,5.2,0.87,0.676
solis,2026-02-19,1298491919449775028,Harker Arena,1308675217948824790,4804040241200032,4804040241200032,0404,6.0,,11.3,1.88,1.469
solis,2026-02-19,1298491919449775028,Harker Arena,1308675217948824824,4804040241200005,4804040241200005,0404,6.0,,22.3,3.72,2.899
solis,2026-02-20,1298491919449775028,Harker Arena,1308675217948824631,4804040241200012,4804040241200012,0404,6.0,,8.6,1.43,1.118
solis,2026-02-20,1298491919449775028,Harker Arena,1308675217948824676,4804040241200044,4804040241200044,0404,6.0,,4.6,0.77,0.598
solis,2026-02-20,1298491919449775028,Harker Arena,1308675217948824790,4804040241200032,4804040241200032,0404,6.0,,8.4,1.4,1.092
solis,2026-02-20,1298491919449775028,Harker Arena,1308675217948824824,4804040241200005,4804040241200005,0404,6.0,,15.2,2.53,1.976
solis,2026-02-21,1298491919449775028,Harker Arena,1308675217948824631,4804040241200012,4804040241200012,0404,6.0,,17.9,2.98,2.327
solis,2026-02-21,1298491919449775028,Harker Arena,1308675217948824676,4804040241200044,4804040241200044,0404,6.0,,13.0,2.17,1.69
solis,2026-02-21,1298491919449775028,Harker Arena,1308675217948824790,4804040241200032,4804040241200032,0404,6.0,,13.4,2.23,1.742
solis,2026-02-21,1298491919449775028,Harker Arena,1308675217948824824,4804040241200005,4804040241200005,0404,6.0,,25.6,4.27,3.328
solis,2026-02-22,1298491919449775028,Harker Arena,1308675217948824631,4804040241200012,4804040241200012,0404,6.0,,22.0,3.67,2.86
solis,2026-02-22,1298491919449775028,Harker Arena,1308675217948824676,4804040241200044,4804040241200044,0404,6.0,,23.5,3.92,3.055
solis,2026-02-22,1298491919449775028,Harker Arena,1308675217948824790,4804040241200032,4804040241200032,0404,6.0,,19.5,3.25,2.535
solis,2026-02-22,1298491919449775028,Harker Arena,1308675217948824824,4804040241200005,4804040241200005,0404,6.0,,26.2,4.37,3.406
solis,2026-02-23,1298491919449775028,Harker Arena,1308675217948824631,4804040241200012,4804040241200012,0404,6.0,,25.9,4.32,3.367
solis,2026-02-23,1298491919449775028,Harker Arena,1308675217948824676,4804040241200044,4804040241200044,0404,6.0,,28.4,4.73,3.692
solis,2026-02-23,1298491919449775028,Harker Arena,1308675217948824790,4804040241200032,4804040241200032,0404,6.0,,27.5,4.58,3.575
solis,2026-02-23,1298491919449775028,Harker Arena,1308675217948824824,4804040241200005,4804040241200005,0404,6.0,,24.5,4.08,3.185
solis,2026-02-24,1298491919449775028,Harker Arena,1308675217948824631,4804040241200012,4804040241200012,0404,6.0,,42.4,7.07,5.512
solis,2026-02-24,1298491919449775028,Harker Arena,1308675217948824676,4804040241200044,4804040241200044,0404,6.0,,41.8,6.97,5.434
solis,2026-02-24,1298491919449775028,Harker Arena,1308675217948824790,4804040241200032,4804040241200032,0404,6.0,,41.9,6.98,5.447
solis,2026-02-24,1298491919449775028,Harker Arena,1308675217948824824,4804040241200005,4804040241200005,0404,6.0,,42.4,7.07,5.512
solis,2026-02-25,1298491919449775028,Harker Arena,1308675217948824631,4804040241200012,4804040241200012,0404,6.0,,12.3,2.05,1.599
solis,2026-02-25,1298491919449775028,Harker Arena,1308675217948824676,4804040241200044,4804040241200044,0404,6.0,,13.0,2.17,1.69
solis,2026-02-25,1298491919449775028,Harker Arena,1308675217948824790,4804040241200032,4804040241200032,0404,6.0,,12.6,2.1,1.638
solis,2026-02-25,1298491919449775028,Harker Arena,1308675217948824824,4804040241200005,4804040241200005,0404,6.0,,12.5,2.08,1.625
solis,2026-02-26,1298491919449775028,Harker Arena,1308675217948824631,4804040241200012,4804040241200012,0404,6.0,,34.2,5.7,4.446
solis,2026-02-26,1298491919449775028,Harker Arena,1308675217948824676,4804040241200044,4804040241200044,0404,6.0,,32.0,5.33,4.16
solis,2026-02-26,1298491919449775028,Harker Arena,1308675217948824790,4804040241200032,4804040241200032,0404,6.0,,32.5,5.42,4.225
solis,2026-02-26,1298491919449775028,Harker Arena,1308675217948824824,4804040241200005,4804040241200005,0404,6.0,,33.6,5.6,4.368
solis,2026-02-27,1298491919449775028,Harker Arena,1308675217948824631,4804040241200012,4804040241200012,0404,6.0,,9.9,1.65,1.287
solis,2026-02-27,1298491919449775028,Harker Arena,1308675217948824676,4804040241200044,4804040241200044,0404,6.0,,10.0,1.67,1.3
solis,2026-02-27,1298491919449775028,Harker Arena,1308675217948824790,4804040241200032,4804040241200032,0404,6.0,,10.0,1.67,1.3
solis,2026-02-27,1298491919449775028,Harker Arena,1308675217948824824,4804040241200005,4804040241200005,0404,6.0,,9.9,1.65,1.287
solis,2026-02-28,1298491919449775028,Harker Arena,1308675217948824631,4804040241200012,4804040241200012,0404,6.0,,30.4,5.07,3.952
solis,2026-02-28,1298491919449775028,Harker Arena,1308675217948824676,4804040241200044,4804040241200044,0404,6.0,,28.6,4.77,3.718
solis,2026-02-28,1298491919449775028,Harker Arena,1308675217948824790,4804040241200032,4804040241200032,0404,6.0,,28.7,4.78,3.731
solis,2026-02-28,1298491919449775028,Harker Arena,1308675217948824824,4804040241200005,4804040241200005,0404,6.0,,29.5,4.92,3.835
solis,2026-03-01,1298491919449775028,Harker Arena,1308675217948824631,4804040241200012,4804040241200012,0404,6.0,,43.8,7.3,5.694
solis,2026-03-01,1298491919449775028,Harker Arena,1308675217948824676,4804040241200044,4804040241200044,0404,6.0,,40.8,6.8,5.304
solis,2026-03-01,1298491919449775028,Harker Arena,1308675217948824790,4804040241200032,4804040241200032,0404,6.0,,41.5,6.92,5.395
solis,2026-03-01,1298491919449775028,Harker Arena,1308675217948824824,4804040241200005,4804040241200005,0404,6.0,,42.8,7.13,5.564
solis,2026-03-02,1298491919449775028,Harker Arena,1308675217948824631,4804040241200012,4804040241200012,0404,6.0,,42.4,7.07,5.512
solis,2026-03-02,1298491919449775028,Harker Arena,1308675217948824676,4804040241200044,4804040241200044,0404,6.0,,41.1,6.85,5.343
solis,2026-03-02,1298491919449775028,Harker Arena,1308675217948824790,4804040241200032,4804040241200032,0404,6.0,,41.4,6.9,5.382
solis,2026-03-02,1298491919449775028,Harker Arena,1308675217948824824,4804040241200005,4804040241200005,0404,6.0,,42.4,7.07,5.512
solis,2026-03-03,1298491919449775028,Harker Arena,1308675217948824631,4804040241200012,4804040241200012,0404,6.0,,23.8,3.97,3.094
solis,2026-03-03,1298491919449775028,Harker Arena,1308675217948824676,4804040241200044,4804040241200044,0404,6.0,,24.1,4.02,3.133
solis,2026-03-03,1298491919449775028,Harker Arena,1308675217948824790,4804040241200032,4804040241200032,0404,6.0,,24.1,4.02,3.133
solis,2026-03-03,1298491919449775028,Harker Arena,1308675217948824824,4804040241200005,4804040241200005,0404,6.0,,24.2,4.03,3.146
solis,2026-03-04,1298491919449775028,Harker Arena,1308675217948824631,4804040241200012,4804040241200012,0404,6.0,,9.4,1.57,1.222
solis,2026-03-04,1298491919449775028,Harker Arena,1308675217948824676,4804040241200044,4804040241200044,0404,6.0,,9.7,1.62,1.261
solis,2026-03-04,1298491919449775028,Harker Arena,1308675217948824790,4804040241200032,4804040241200032,0404,6.0,,9.6,1.6,1.248
solis,2026-03-04,1298491919449775028,Harker Arena,1308675217948824824,4804040241200005,4804040241200005,0404,6.0,,9.7,1.62,1.261
solis,2026-03-05,1298491919449775028,Harker Arena,1308675217948824631,4804040241200012,4804040241200012,0404,6.0,,26.5,4.42,3.445
solis,2026-03-05,1298491919449775028,Harker Arena,1308675217948824676,4804040241200044,4804040241200044,0404,6.0,,25.2,4.2,3.276
solis,2026-03-05,1298491919449775028,Harker Arena,1308675217948824790,4804040241200032,4804040241200032,0404,6.0,,25.4,4.23,3.302
solis,2026-03-05,1298491919449775028,Harker Arena,1308675217948824824,4804040241200005,4804040241200005,0404,6.0,,26.3,4.38,3.419
solis,2026-03-06,1298491919449775028,Harker Arena,1308675217948824631,4804040241200012,4804040241200012,0404,6.0,,43.6,7.27,5.668
solis,2026-03-06,1298491919449775028,Harker Arena,1308675217948824676,4804040241200044,4804040241200044,0404,6.0,,42.2,7.03,5.486
solis,2026-03-06,1298491919449775028,Harker Arena,1308675217948824790,4804040241200032,4804040241200032,0404,6.0,,42.7,7.12,5.551
solis,2026-03-06,1298491919449775028,Harker Arena,1308675217948824824,4804040241200005,4804040241200005,0404,6.0,,43.7,7.28,5.681
solis,2026-03-07,1298491919449775028,Harker Arena,1308675217948824631,4804040241200012,4804040241200012,0404,6.0,,36.8,6.13,4.784
solis,2026-03-07,1298491919449775028,Harker Arena,1308675217948824676,4804040241200044,4804040241200044,0404,6.0,,36.9,6.15,4.797
solis,2026-03-07,1298491919449775028,Harker Arena,1308675217948824790,4804040241200032,4804040241200032,0404,6.0,,36.9,6.15,4.797
solis,2026-03-07,1298491919449775028,Harker Arena,1308675217948824824,4804040241200005,4804040241200005,0404,6.0,,37.1,6.18,4.823
solis,2026-03-08,1298491919449775028,Harker Arena,1308675217948824631,4804040241200012,4804040241200012,0404,6.0,,19.7,3.28,2.561
solis,2026-03-08,1298491919449775028,Harker Arena,1308675217948824676,4804040241200044,4804040241200044,0404,6.0,,18.5,3.08,2.405
solis,2026-03-08,1298491919449775028,Harker Arena,1308675217948824790,4804040241200032,4804040241200032,0404,6.0,,18.8,3.13,2.444
solis,2026-03-08,1298491919449775028,Harker Arena,1308675217948824824,4804040241200005,4804040241200005,0404,6.0,,19.3,3.22,2.509
solis,2026-03-09,1298491919449775028,Harker Arena,1308675217948824631,4804040241200012,4804040241200012,0404,6.0,,22.6,3.77,2.938
solis,2026-03-09,1298491919449775028,Harker Arena,1308675217948824676,4804040241200044,4804040241200044,0404,6.0,,25.3,4.22,3.289
solis,2026-03-09,1298491919449775028,Harker Arena,1308675217948824790,4804040241200032,4804040241200032,0404,6.0,,24.4,4.07,3.172
solis,2026-03-09,1298491919449775028,Harker Arena,1308675217948824824,4804040241200005,4804040241200005,0404,6.0,,24.2,4.03,3.146
solis,2026-03-10,1298491919449775028,Harker Arena,1308675217948824631,4804040241200012,4804040241200012,0404,6.0,,38.9,6.48,5.057
solis,2026-03-10,1298491919449775028,Harker Arena,1308675217948824676,4804040241200044,4804040241200044,0404,6.0,,38.6,6.43,5.018
solis,2026-03-10,1298491919449775028,Harker Arena,1308675217948824790,4804040241200032,4804040241200032,0404,6.0,,38.5,6.42,5.005
solis,2026-03-10,1298491919449775028,Harker Arena,1308675217948824824,4804040241200005,4804040241200005,0404,6.0,,39.1,6.52,5.083
solis,2026-03-11,1298491919449775028,Harker Arena,1308675217948824631,4804040241200012,4804040241200012,0404,6.0,,45.6,7.6,5.928
solis,2026-03-11,1298491919449775028,Harker Arena,1308675217948824676,4804040241200044,4804040241200044,0404,6.0,,43.3,7.22,5.629
solis,2026-03-11,1298491919449775028,Harker Arena,1308675217948824790,4804040241200032,4804040241200032,0404,6.0,,44.0,7.33,5.72
solis,2026-03-11,1298491919449775028,Harker Arena,1308675217948824824,4804040241200005,4804040241200005,0404,6.0,,45.2,7.53,5.876
solis,2026-03-12,1298491919449775028,Harker Arena,1308675217948824631,4804040241200012,4804040241200012,0404,6.0,,17.8,2.97,2.314
solis,2026-03-12,1298491919449775028,Harker Arena,1308675217948824676,4804040241200044,4804040241200044,0404,6.0,,20.3,3.38,2.639
solis,2026-03-12,1298491919449775028,Harker Arena,1308675217948824790,4804040241200032,4804040241200032,0404,6.0,,18.8,3.13,2.444
solis,2026-03-12,1298491919449775028,Harker Arena,1308675217948824824,4804040241200005,4804040241200005,0404,6.0,,18.7,3.12,2.431
solis,2026-03-13,1298491919449775028,Harker Arena,1308675217948824631,4804040241200012,4804040241200012,0404,6.0,,7.7,1.28,1.001
solis,2026-03-13,1298491919449775028,Harker Arena,1308675217948824676,4804040241200044,4804040241200044,0404,6.0,,9.6,1.6,1.248
solis,2026-03-13,1298491919449775028,Harker Arena,1308675217948824790,4804040241200032,4804040241200032,0404,6.0,,9.5,1.58,1.235
solis,2026-03-13,1298491919449775028,Harker Arena,1308675217948824824,4804040241200005,4804040241200005,0404,6.0,,8.9,1.48,1.157
solis,2026-03-14,1298491919449775028,Harker Arena,1308675217948824631,4804040241200012,4804040241200012,0404,6.0,,3.2,0.53,0.416
solis,2026-03-14,1298491919449775028,Harker Arena,1308675217948824676,4804040241200044,4804040241200044,0404,6.0,,4.4,0.73,0.572
solis,2026-03-14,1298491919449775028,Harker Arena,1308675217948824790,4804040241200032,4804040241200032,0404,6.0,,3.9,0.65,0.507
solis,2026-03-14,1298491919449775028,Harker Arena,1308675217948824824,4804040241200005,4804040241200005,0404,6.0,,3.3,0.55,0.429
solis,2026-03-15,1298491919449775028,Harker Arena,1308675217948824631,4804040241200012,4804040241200012,0404,6.0,,31.9,5.32,4.147
solis,2026-03-15,1298491919449775028,Harker Arena,1308675217948824676,4804040241200044,4804040241200044,0404,6.0,,36.0,6.0,4.68
solis,2026-03-15,1298491919449775028,Harker Arena,1308675217948824790,4804040241200032,4804040241200032,0404,6.0,,33.1,5.52,4.303
solis,2026-03-15,1298491919449775028,Harker Arena,1308675217948824824,4804040241200005,4804040241200005,0404,6.0,,29.7,4.95,3.861
solis,2026-03-16,1298491919449775028,Harker Arena,1308675217948824631,4804040241200012,4804040241200012,0404,6.0,,17.3,2.88,2.249
solis,2026-03-16,1298491919449775028,Harker Arena,1308675217948824676,4804040241200044,4804040241200044,0404,6.0,,17.6,2.93,2.288
solis,2026-03-16,1298491919449775028,Harker Arena,1308675217948824790,4804040241200032,4804040241200032,0404,6.0,,17.5,2.92,2.275
solis,2026-03-16,1298491919449775028,Harker Arena,1308675217948824824,4804040241200005,4804040241200005,0404,6.0,,17.7,2.95,2.301
solis,2026-03-17,1298491919449775028,Harker Arena,1308675217948824631,4804040241200012,4804040241200012,0404,6.0,,8.5,1.42,1.105
solis,2026-03-17,1298491919449775028,Harker Arena,1308675217948824676,4804040241200044,4804040241200044,0404,6.0,,8.7,1.45,1.131
solis,2026-03-17,1298491919449775028,Harker Arena,1308675217948824790,4804040241200032,4804040241200032,0404,6.0,,8.6,1.43,1.118
solis,2026-03-17,1298491919449775028,Harker Arena,1308675217948824824,4804040241200005,4804040241200005,0404,6.0,,8.6,1.43,1.118
solis,2026-03-18,1298491919449775028,Harker Arena,1308675217948824631,4804040241200012,4804040241200012,0404,6.0,,11.0,1.83,1.43
solis,2026-03-18,1298491919449775028,Harker Arena,1308675217948824676,4804040241200044,4804040241200044,0404,6.0,,11.3,1.88,1.469
solis,2026-03-18,1298491919449775028,Harker Arena,1308675217948824790,4804040241200032,4804040241200032,0404,6.0,,11.3,1.88,1.469
solis,2026-03-18,1298491919449775028,Harker Arena,1308675217948824824,4804040241200005,4804040241200005,0404,6.0,,11.2,1.87,1.456
solis,2026-03-19,1298491919449775028,Harker Arena,1308675217948824631,4804040241200012,4804040241200012,0404,6.0,,16.7,2.78,2.171
solis,2026-03-19,1298491919449775028,Harker Arena,1308675217948824676,4804040241200044,4804040241200044,0404,6.0,,17.1,2.85,2.223
solis,2026-03-19,1298491919449775028,Harker Arena,1308675217948824790,4804040241200032,4804040241200032,0404,6.0,,17.0,2.83,2.21
solis,2026-03-19,1298491919449775028,Harker Arena,1308675217948824824,4804040241200005,4804040241200005,0404,6.0,,17.1,2.85,2.223
solis,2026-03-20,1298491919449775028,Harker Arena,1308675217948824631,4804040241200012,4804040241200012,0404,6.0,,40.4,6.73,5.252
solis,2026-03-20,1298491919449775028,Harker Arena,1308675217948824676,4804040241200044,4804040241200044,0404,6.0,,38.4,6.4,4.992
solis,2026-03-20,1298491919449775028,Harker Arena,1308675217948824790,4804040241200032,4804040241200032,0404,6.0,,38.8,6.47,5.044
solis,2026-03-20,1298491919449775028,Harker Arena,1308675217948824824,4804040241200005,4804040241200005,0404,6.0,,40.0,6.67,5.2
solis,2026-03-21,1298491919449775028,Harker Arena,1308675217948824631,4804040241200012,4804040241200012,0404,6.0,,11.4,1.9,1.482
solis,2026-03-21,1298491919449775028,Harker Arena,1308675217948824676,4804040241200044,4804040241200044,0404,6.0,,12.2,2.03,1.586
solis,2026-03-21,1298491919449775028,Harker Arena,1308675217948824790,4804040241200032,4804040241200032,0404,6.0,,11.7,1.95,1.521
solis,2026-03-21,1298491919449775028,Harker Arena,1308675217948824824,4804040241200005,4804040241200005,0404,6.0,,11.5,1.92,1.495
solis,2026-03-22,1298491919449775028,Harker Arena,1308675217948824631,4804040241200012,4804040241200012,0404,6.0,,47.0,7.83,6.11
solis,2026-03-22,1298491919449775028,Harker Arena,1308675217948824676,4804040241200044,4804040241200044,0404,6.0,,43.4,7.23,5.642
solis,2026-03-22,1298491919449775028,Harker Arena,1308675217948824790,4804040241200032,4804040241200032,0404,6.0,,44.0,7.33,5.72
solis,2026-03-22,1298491919449775028,Harker Arena,1308675217948824824,4804040241200005,4804040241200005,0404,6.0,,45.8,7.63,5.954
solis,2026-03-23,1298491919449775028,Harker Arena,1308675217948824631,4804040241200012,4804040241200012,0404,6.0,,44.0,7.33,5.72
solis,2026-03-23,1298491919449775028,Harker Arena,1308675217948824676,4804040241200044,4804040241200044,0404,6.0,,41.9,6.98,5.447
solis,2026-03-23,1298491919449775028,Harker Arena,1308675217948824790,4804040241200032,4804040241200032,0404,6.0,,42.4,7.07,5.512
solis,2026-03-23,1298491919449775028,Harker Arena,1308675217948824824,4804040241200005,4804040241200005,0404,6.0,,43.5,7.25,5.655
solis,2026-03-24,1298491919449775028,Harker Arena,1308675217948824631,4804040241200012,4804040241200012,0404,6.0,,17.4,2.9,2.262
solis,2026-03-24,1298491919449775028,Harker Arena,1308675217948824676,4804040241200044,4804040241200044,0404,6.0,,17.7,2.95,2.301
solis,2026-03-24,1298491919449775028,Harker Arena,1308675217948824790,4804040241200032,4804040241200032,0404,6.0,,17.6,2.93,2.288
solis,2026-03-24,1298491919449775028,Harker Arena,1308675217948824824,4804040241200005,4804040241200005,0404,6.0,,17.8,2.97,2.314
solis,2026-03-25,1298491919449775028,Harker Arena,1308675217948824631,4804040241200012,4804040241200012,0404,6.0,,41.4,6.9,5.382
solis,2026-03-25,1298491919449775028,Harker Arena,1308675217948824676,4804040241200044,4804040241200044,0404,6.0,,38.7,6.45,5.031
solis,2026-03-25,1298491919449775028,Harker Arena,1308675217948824790,4804040241200032,4804040241200032,0404,6.0,,39.2,6.53,5.096
solis,2026-03-25,1298491919449775028,Harker Arena,1308675217948824824,4804040241200005,4804040241200005,0404,6.0,,40.7,6.78,5.291
solis,2026-03-26,1298491919449775028,Harker Arena,1308675217948824631,4804040241200012,4804040241200012,0404,6.0,,30.7,5.12,3.991
solis,2026-03-26,1298491919449775028,Harker Arena,1308675217948824676,4804040241200044,4804040241200044,0404,6.0,,31.5,5.25,4.095
solis,2026-03-26,1298491919449775028,Harker Arena,1308675217948824790,4804040241200032,4804040241200032,0404,6.0,,32.9,5.48,4.277
solis,2026-03-26,1298491919449775028,Harker Arena,1308675217948824824,4804040241200005,4804040241200005,0404,6.0,,31.8,5.3,4.134
solis,2026-03-27,1298491919449775028,Harker Arena,1308675217948824631,4804040241200012,4804040241200012,0404,6.0,,45.2,7.53,5.876
solis,2026-03-27,1298491919449775028,Harker Arena,1308675217948824676,4804040241200044,4804040241200044,0404,6.0,,42.7,7.12,5.551
solis,2026-03-27,1298491919449775028,Harker Arena,1308675217948824790,4804040241200032,4804040241200032,0404,6.0,,43.4,7.23,5.642
solis,2026-03-27,1298491919449775028,Harker Arena,1308675217948824824,4804040241200005,4804040241200005,0404,6.0,,44.6,7.43,5.798
solis,2026-03-28,1298491919449775028,Harker Arena,1308675217948824631,4804040241200012,4804040241200012,0404,6.0,,45.5,7.58,5.915
solis,2026-03-28,1298491919449775028,Harker Arena,1308675217948824676,4804040241200044,4804040241200044,0404,6.0,,44.9,7.48,5.837
solis,2026-03-28,1298491919449775028,Harker Arena,1308675217948824790,4804040241200032,4804040241200032,0404,6.0,,45.2,7.53,5.876
solis,2026-03-28,1298491919449775028,Harker Arena,1308675217948824824,4804040241200005,4804040241200005,0404,6.0,,45.7,7.62,5.941
solis,2026-03-29,1298491919449775028,Harker Arena,1308675217948824631,4804040241200012,4804040241200012,0404,6.0,,24.9,4.15,3.237
solis,2026-03-29,1298491919449775028,Harker Arena,1308675217948824676,4804040241200044,4804040241200044,0404,6.0,,25.0,4.17,3.25
solis,2026-03-29,1298491919449775028,Harker Arena,1308675217948824790,4804040241200032,4804040241200032,0404,6.0,,25.0,4.17,3.25
solis,2026-03-29,1298491919449775028,Harker Arena,1308675217948824824,4804040241200005,4804040241200005,0404,6.0,,25.2,4.2,3.276
solis,2026-03-30,1298491919449775028,Harker Arena,1308675217948824631,4804040241200012,4804040241200012,0404,6.0,,19.5,3.25,2.535
solis,2026-03-30,1298491919449775028,Harker Arena,1308675217948824676,4804040241200044,4804040241200044,0404,6.0,,23.4,3.9,3.042
solis,2026-03-30,1298491919449775028,Harker Arena,1308675217948824790,4804040241200032,4804040241200032,0404,6.0,,22.1,3.68,2.873
solis,2026-03-30,1298491919449775028,Harker Arena,1308675217948824824,4804040241200005,4804040241200005,0404,6.0,,22.5,3.75,2.925
solis,2026-03-31,1298491919449775028,Harker Arena,1308675217948824631,4804040241200012,4804040241200012,0404,6.0,,41.6,6.93,5.408
solis,2026-03-31,1298491919449775028,Harker Arena,1308675217948824676,4804040241200044,4804040241200044,0404,6.0,,40.7,6.78,5.291
solis,2026-03-31,1298491919449775028,Harker Arena,1308675217948824790,4804040241200032,4804040241200032,0404,6.0,,40.9,6.82,5.317
solis,2026-03-31,1298491919449775028,Harker Arena,1308675217948824824,4804040241200005,4804040241200005,0404,6.0,,41.7,6.95,5.421
solis,2026-04-01,1298491919449775028,Harker Arena,1308675217948824631,4804040241200012,4804040241200012,0404,6.0,,31.4,5.23,4.082
solis,2026-04-01,1298491919449775028,Harker Arena,1308675217948824676,4804040241200044,4804040241200044,0404,6.0,,31.1,5.18,4.043
solis,2026-04-01,1298491919449775028,Harker Arena,1308675217948824790,4804040241200032,4804040241200032,0404,6.0,,31.2,5.2,4.056
solis,2026-04-01,1298491919449775028,Harker Arena,1308675217948824824,4804040241200005,4804040241200005,0404,6.0,,31.6,5.27,4.108
solis,2026-04-02,1298491919449775028,Harker Arena,1308675217948824631,4804040241200012,4804040241200012,0404,6.0,,9.3,1.55,1.209
solis,2026-04-02,1298491919449775028,Harker Arena,1308675217948824676,4804040241200044,4804040241200044,0404,6.0,,11.3,1.88,1.469
solis,2026-04-02,1298491919449775028,Harker Arena,1308675217948824790,4804040241200032,4804040241200032,0404,6.0,,10.8,1.8,1.404
solis,2026-04-02,1298491919449775028,Harker Arena,1308675217948824824,4804040241200005,4804040241200005,0404,6.0,,10.3,1.72,1.339
solis,2026-04-03,1298491919449775028,Harker Arena,1308675217948824631,4804040241200012,4804040241200012,0404,6.0,,20.3,3.38,2.639
solis,2026-04-03,1298491919449775028,Harker Arena,1308675217948824676,4804040241200044,4804040241200044,0404,6.0,,19.7,3.28,2.561
solis,2026-04-03,1298491919449775028,Harker Arena,1308675217948824790,4804040241200032,4804040241200032,0404,6.0,,19.9,3.32,2.587
solis,2026-04-03,1298491919449775028,Harker Arena,1308675217948824824,4804040241200005,4804040241200005,0404,6.0,,20.2,3.37,2.626
solis,2026-04-04,1298491919449775028,Harker Arena,1308675217948824631,4804040241200012,4804040241200012,0404,6.0,,40.0,6.67,5.2
solis,2026-04-04,1298491919449775028,Harker Arena,1308675217948824676,4804040241200044,4804040241200044,0404,6.0,,37.4,6.23,4.862
solis,2026-04-04,1298491919449775028,Harker Arena,1308675217948824790,4804040241200032,4804040241200032,0404,6.0,,37.9,6.32,4.927
solis,2026-04-04,1298491919449775028,Harker Arena,1308675217948824824,4804040241200005,4804040241200005,0404,6.0,,39.2,6.53,5.096
solis,2026-04-05,1298491919449775028,Harker Arena,1308675217948824631,4804040241200012,4804040241200012,0404,6.0,,27.7,4.62,3.601
solis,2026-04-05,1298491919449775028,Harker Arena,1308675217948824676,4804040241200044,4804040241200044,0404,6.0,,27.3,4.55,3.549
solis,2026-04-05,1298491919449775028,Harker Arena,1308675217948824790,4804040241200032,4804040241200032,0404,6.0,,27.2,4.53,3.536
solis,2026-04-05,1298491919449775028,Harker Arena,1308675217948824824,4804040241200005,4804040241200005,0404,6.0,,27.7,4.62,3.601
solis,2026-04-06,1298491919449775028,Harker Arena,1308675217948824631,4804040241200012,4804040241200012,0404,6.0,,41.6,6.93,5.408
solis,2026-04-06,1298491919449775028,Harker Arena,1308675217948824676,4804040241200044,4804040241200044,0404,6.0,,39.3,6.55,5.109
solis,2026-04-06,1298491919449775028,Harker Arena,1308675217948824790,4804040241200032,4804040241200032,0404,6.0,,40.0,6.67,5.2
solis,2026-04-06,1298491919449775028,Harker Arena,1308675217948824824,4804040241200005,4804040241200005,0404,6.0,,41.2,6.87,5.356
solis,2026-04-07,1298491919449775028,Harker Arena,1308675217948824631,4804040241200012,4804040241200012,0404,6.0,,14.6,2.43,1.898
solis,2026-04-07,1298491919449775028,Harker Arena,1308675217948824676,4804040241200044,4804040241200044,0404,6.0,,16.6,2.77,2.158
solis,2026-04-07,1298491919449775028,Harker Arena,1308675217948824790,4804040241200032,4804040241200032,0404,6.0,,14.4,2.4,1.872
solis,2026-04-07,1298491919449775028,Harker Arena,1308675217948824824,4804040241200005,4804040241200005,0404,6.0,,16.0,2.67,2.08
solis,2026-04-08,1298491919449775028,Harker Arena,1308675217948824631,4804040241200012,4804040241200012,0404,6.0,,44.7,7.45,5.811
solis,2026-04-08,1298491919449775028,Harker Arena,1308675217948824676,4804040241200044,4804040241200044,0404,6.0,,43.5,7.25,5.655
solis,2026-04-08,1298491919449775028,Harker Arena,1308675217948824790,4804040241200032,4804040241200032,0404,6.0,,43.0,7.17,5.59
solis,2026-04-08,1298491919449775028,Harker Arena,1308675217948824824,4804040241200005,4804040241200005,0404,6.0,,45.0,7.5,5.85
solis,2026-04-09,1298491919449775028,Harker Arena,1308675217948824631,4804040241200012,4804040241200012,0404,6.0,,45.7,7.62,5.941
solis,2026-04-09,1298491919449775028,Harker Arena,1308675217948824676,4804040241200044,4804040241200044,0404,6.0,,44.1,7.35,5.733
solis,2026-04-09,1298491919449775028,Harker Arena,1308675217948824790,4804040241200032,4804040241200032,0404,6.0,,44.1,7.35,5.733
solis,2026-04-09,1298491919449775028,Harker Arena,1308675217948824824,4804040241200005,4804040241200005,0404,6.0,,44.9,7.48,5.837
solis,2026-04-10,1298491919449775028,Harker Arena,1308675217948824631,4804040241200012,4804040241200012,0404,6.0,,49.8,8.3,6.474
solis,2026-04-10,1298491919449775028,Harker Arena,1308675217948824676,4804040241200044,4804040241200044,0404,6.0,,46.2,7.7,6.006
solis,2026-04-10,1298491919449775028,Harker Arena,1308675217948824790,4804040241200032,4804040241200032,0404,6.0,,46.8,7.8,6.084
solis,2026-04-10,1298491919449775028,Harker Arena,1308675217948824824,4804040241200005,4804040241200005,0404,6.0,,48.6,8.1,6.318
solis,2026-04-11,1298491919449775028,Harker Arena,1308675217948824631,4804040241200012,4804040241200012,0404,6.0,,27.8,4.63,3.614
solis,2026-04-11,1298491919449775028,Harker Arena,1308675217948824676,4804040241200044,4804040241200044,0404,6.0,,27.5,4.58,3.575
solis,2026-04-11,1298491919449775028,Harker Arena,1308675217948824790,4804040241200032,4804040241200032,0404,6.0,,27.6,4.6,3.588
solis,2026-04-11,1298491919449775028,Harker Arena,1308675217948824824,4804040241200005,4804040241200005,0404,6.0,,28.0,4.67,3.64
solis,2026-04-12,1298491919449775028,Harker Arena,1308675217948824631,4804040241200012,4804040241200012,0404,6.0,,7.3,1.22,0.949
solis,2026-04-12,1298491919449775028,Harker Arena,1308675217948824676,4804040241200044,4804040241200044,0404,6.0,,7.5,1.25,0.975
solis,2026-04-12,1298491919449775028,Harker Arena,1308675217948824790,4804040241200032,4804040241200032,0404,6.0,,7.5,1.25,0.975
solis,2026-04-12,1298491919449775028,Harker Arena,1308675217948824824,4804040241200005,4804040241200005,0404,6.0,,7.5,1.25,0.975
solis,2026-04-13,1298491919449775028,Harker Arena,1308675217948824631,4804040241200012,4804040241200012,0404,6.0,,36.5,6.08,4.745
solis,2026-04-13,1298491919449775028,Harker Arena,1308675217948824676,4804040241200044,4804040241200044,0404,6.0,,34.8,5.8,4.524
solis,2026-04-13,1298491919449775028,Harker Arena,1308675217948824790,4804040241200032,4804040241200032,0404,6.0,,35.2,5.87,4.576
solis,2026-04-13,1298491919449775028,Harker Arena,1308675217948824824,4804040241200005,4804040241200005,0404,6.0,,36.1,6.02,4.693
solis,2026-04-14,1298491919449775028,Harker Arena,1308675217948824631,4804040241200012,4804040241200012,0404,6.0,,34.3,5.72,4.459
solis,2026-04-14,1298491919449775028,Harker Arena,1308675217948824676,4804040241200044,4804040241200044,0404,6.0,,33.6,5.6,4.368
solis,2026-04-14,1298491919449775028,Harker Arena,1308675217948824790,4804040241200032,4804040241200032,0404,6.0,,33.8,5.63,4.394
solis,2026-04-14,1298491919449775028,Harker Arena,1308675217948824824,4804040241200005,4804040241200005,0404,6.0,,34.5,5.75,4.485
solis,2026-04-15,1298491919449775028,Harker Arena,1308675217948824631,4804040241200012,4804040241200012,0404,6.0,,35.1,5.85,4.563
solis,2026-04-15,1298491919449775028,Harker Arena,1308675217948824676,4804040241200044,4804040241200044,0404,6.0,,34.5,5.75,4.485
solis,2026-04-15,1298491919449775028,Harker Arena,1308675217948824790,4804040241200032,4804040241200032,0404,6.0,,34.6,5.77,4.498
solis,2026-04-15,1298491919449775028,Harker Arena,1308675217948824824,4804040241200005,4804040241200005,0404,6.0,,35.3,5.88,4.589
solis,2026-04-16,1298491919449775028,Harker Arena,1308675217948824631,4804040241200012,4804040241200012,0404,6.0,,3.4,0.57,0.442
solis,2026-04-16,1298491919449775028,Harker Arena,1308675217948824676,4804040241200044,4804040241200044,0404,6.0,,3.2,0.53,0.416
solis,2026-04-16,1298491919449775028,Harker Arena,1308675217948824790,4804040241200032,4804040241200032,0404,6.0,,3.4,0.57,0.442
solis,2026-04-16,1298491919449775028,Harker Arena,1308675217948824824,4804040241200005,4804040241200005,0404,6.0,,4.5,0.75,0.585
solis,2026-04-17,1298491919449775028,Harker Arena,1308675217948824631,4804040241200012,4804040241200012,0404,6.0,,33.0,5.5,4.29
solis,2026-04-17,1298491919449775028,Harker Arena,1308675217948824676,4804040241200044,4804040241200044,0404,6.0,,31.2,5.2,4.056
solis,2026-04-17,1298491919449775028,Harker Arena,1308675217948824790,4804040241200032,4804040241200032,0404,6.0,,31.2,5.2,4.056
solis,2026-04-17,1298491919449775028,Harker Arena,1308675217948824824,4804040241200005,4804040241200005,0404,6.0,,33.2,5.53,4.316
solis,2026-04-18,1298491919449775028,Harker Arena,1308675217948824631,4804040241200012,4804040241200012,0404,6.0,,50.6,8.43,6.578
solis,2026-04-18,1298491919449775028,Harker Arena,1308675217948824676,4804040241200044,4804040241200044,0404,6.0,,45.7,7.62,5.941
solis,2026-04-18,1298491919449775028,Harker Arena,1308675217948824790,4804040241200032,4804040241200032,0404,6.0,,46.5,7.75,6.045
solis,2026-04-18,1298491919449775028,Harker Arena,1308675217948824824,4804040241200005,4804040241200005,0404,6.0,,48.7,8.12,6.331
solis,2026-04-19,1298491919449775028,Harker Arena,1308675217948824631,4804040241200012,4804040241200012,0404,6.0,,50.0,8.33,6.5
solis,2026-04-19,1298491919449775028,Harker Arena,1308675217948824676,4804040241200044,4804040241200044,0404,6.0,,46.1,7.68,5.993
solis,2026-04-19,1298491919449775028,Harker Arena,1308675217948824790,4804040241200032,4804040241200032,0404,6.0,,46.8,7.8,6.084
solis,2026-04-19,1298491919449775028,Harker Arena,1308675217948824824,4804040241200005,4804040241200005,0404,6.0,,48.9,8.15,6.357
solis,2026-04-20,1298491919449775028,Harker Arena,1308675217948824631,4804040241200012,4804040241200012,0404,6.0,,47.6,7.93,6.188
solis,2026-04-20,1298491919449775028,Harker Arena,1308675217948824676,4804040241200044,4804040241200044,0404,6.0,,45.8,7.63,5.954
solis,2026-04-20,1298491919449775028,Harker Arena,1308675217948824790,4804040241200032,4804040241200032,0404,6.0,,46.4,7.73,6.032
solis,2026-04-20,1298491919449775028,Harker Arena,1308675217948824824,4804040241200005,4804040241200005,0404,6.0,,47.5,7.92,6.175
solis,2026-04-21,1298491919449775028,Harker Arena,1308675217948824631,4804040241200012,4804040241200012,0404,6.0,,50.4,8.4,6.552
solis,2026-04-21,1298491919449775028,Harker Arena,1308675217948824676,4804040241200044,4804040241200044,0404,6.0,,48.4,8.07,6.292
solis,2026-04-21,1298491919449775028,Harker Arena,1308675217948824790,4804040241200032,4804040241200032,0404,6.0,,48.8,8.13,6.344
solis,2026-04-21,1298491919449775028,Harker Arena,1308675217948824824,4804040241200005,4804040241200005,0404,6.0,,50.3,8.38,6.539
solis,2026-04-22,1298491919449775028,Harker Arena,1308675217948824631,4804040241200012,4804040241200012,0404,6.0,,24.6,4.1,3.198
solis,2026-04-22,1298491919449775028,Harker Arena,1308675217948824676,4804040241200044,4804040241200044,0404,6.0,,24.3,4.05,3.159
solis,2026-04-22,1298491919449775028,Harker Arena,1308675217948824790,4804040241200032,4804040241200032,0404,6.0,,24.3,4.05,3.159
solis,2026-04-22,1298491919449775028,Harker Arena,1308675217948824824,4804040241200005,4804040241200005,0404,6.0,,24.8,4.13,3.224
solis,2026-04-23,1298491919449775028,Harker Arena,1308675217948824631,4804040241200012,4804040241200012,0404,6.0,,32.9,5.48,4.277
solis,2026-04-23,1298491919449775028,Harker Arena,1308675217948824676,4804040241200044,4804040241200044,0404,6.0,,31.6,5.27,4.108
solis,2026-04-23,1298491919449775028,Harker Arena,1308675217948824790,4804040241200032,4804040241200032,0404,6.0,,31.9,5.32,4.147
solis,2026-04-23,1298491919449775028,Harker Arena,1308675217948824824,4804040241200005,4804040241200005,0404,6.0,,32.7,5.45,4.251
solis,2026-04-24,1298491919449775028,Harker Arena,1308675217948824631,4804040241200012,4804040241200012,0404,6.0,,19.6,3.27,2.548
solis,2026-04-24,1298491919449775028,Harker Arena,1308675217948824676,4804040241200044,4804040241200044,0404,6.0,,19.9,3.32,2.587
solis,2026-04-24,1298491919449775028,Harker Arena,1308675217948824790,4804040241200032,4804040241200032,0404,6.0,,19.8,3.3,2.574
solis,2026-04-24,1298491919449775028,Harker Arena,1308675217948824824,4804040241200005,4804040241200005,0404,6.0,,20.1,3.35,2.613
solis,2026-04-25,1298491919449775028,Harker Arena,1308675217948824631,4804040241200012,4804040241200012,0404,6.0,,22.0,3.67,2.86
solis,2026-04-25,1298491919449775028,Harker Arena,1308675217948824676,4804040241200044,4804040241200044,0404,6.0,,22.3,3.72,2.899
solis,2026-04-25,1298491919449775028,Harker Arena,1308675217948824790,4804040241200032,4804040241200032,0404,6.0,,22.5,3.75,2.925
solis,2026-04-25,1298491919449775028,Harker Arena,1308675217948824824,4804040241200005,4804040241200005,0404,6.0,,22.9,3.82,2.977
solis,2026-04-26,1298491919449775028,Harker Arena,1308675217948824631,4804040241200012,4804040241200012,0404,6.0,,20.8,3.47,2.704
solis,2026-04-26,1298491919449775028,Harker Arena,1308675217948824676,4804040241200044,4804040241200044,0404,6.0,,21.4,3.57,2.782
solis,2026-04-26,1298491919449775028,Harker Arena,1308675217948824790,4804040241200032,4804040241200032,0404,6.0,,21.1,3.52,2.743
solis,2026-04-26,1298491919449775028,Harker Arena,1308675217948824824,4804040241200005,4804040241200005,0404,6.0,,21.1,3.52,2.743
solis,2026-04-27,1298491919449775028,Harker Arena,1308675217948824631,4804040241200012,4804040241200012,0404,6.0,,46.6,7.77,6.058
solis,2026-04-27,1298491919449775028,Harker Arena,1308675217948824676,4804040241200044,4804040241200044,0404,6.0,,42.6,7.1,5.538
solis,2026-04-27,1298491919449775028,Harker Arena,1308675217948824790,4804040241200032,4804040241200032,0404,6.0,,43.4,7.23,5.642
solis,2026-04-27,1298491919449775028,Harker Arena,1308675217948824824,4804040241200005,4804040241200005,0404,6.0,,45.4,7.57,5.902
solis,2026-04-28,1298491919449775028,Harker Arena,1308675217948824631,4804040241200012,4804040241200012,0404,6.0,,43.3,7.22,5.629
solis,2026-04-28,1298491919449775028,Harker Arena,1308675217948824676,4804040241200044,4804040241200044,0404,6.0,,40.6,6.77,5.278
solis,2026-04-28,1298491919449775028,Harker Arena,1308675217948824790,4804040241200032,4804040241200032,0404,6.0,,41.1,6.85,5.343
solis,2026-04-28,1298491919449775028,Harker Arena,1308675217948824824,4804040241200005,4804040241200005,0404,6.0,,42.6,7.1,5.538
solis,2026-04-29,1298491919449775028,Harker Arena,1308675217948824631,4804040241200012,4804040241200012,0404,6.0,,45.1,7.52,5.863
solis,2026-04-29,1298491919449775028,Harker Arena,1308675217948824676,4804040241200044,4804040241200044,0404,6.0,,42.2,7.03,5.486
solis,2026-04-29,1298491919449775028,Harker Arena,1308675217948824790,4804040241200032,4804040241200032,0404,6.0,,42.8,7.13,5.564
solis,2026-04-29,1298491919449775028,Harker Arena,1308675217948824824,4804040241200005,4804040241200005,0404,6.0,,44.6,7.43,5.798
solis,2026-04-30,1298491919449775028,Harker Arena,1308675217948824631,4804040241200012,4804040241200012,0404,6.0,,51.9,8.65,6.747
solis,2026-04-30,1298491919449775028,Harker Arena,1308675217948824676,4804040241200044,4804040241200044,0404,6.0,,49.0,8.17,6.37
solis,2026-04-30,1298491919449775028,Harker Arena,1308675217948824790,4804040241200032,4804040241200032,0404,6.0,,49.4,8.23,6.422
solis,2026-04-30,1298491919449775028,Harker Arena,1308675217948824824,4804040241200005,4804040241200005,0404,6.0,,51.3,8.55,6.669
solis,2026-05-01,1298491919449775028,Harker Arena,1308675217948824631,4804040241200012,4804040241200012,0404,6.0,,50.1,8.35,6.513
solis,2026-05-01,1298491919449775028,Harker Arena,1308675217948824676,4804040241200044,4804040241200044,0404,6.0,,47.1,7.85,6.123
solis,2026-05-01,1298491919449775028,Harker Arena,1308675217948824790,4804040241200032,4804040241200032,0404,6.0,,48.0,8.0,6.24
solis,2026-05-01,1298491919449775028,Harker Arena,1308675217948824824,4804040241200005,4804040241200005,0404,6.0,,49.7,8.28,6.461
solis,2026-05-02,1298491919449775028,Harker Arena,1308675217948824631,4804040241200012,4804040241200012,0404,6.0,,39.8,6.63,5.174
solis,2026-05-02,1298491919449775028,Harker Arena,1308675217948824676,4804040241200044,4804040241200044,0404,6.0,,37.6,6.27,4.888
solis,2026-05-02,1298491919449775028,Harker Arena,1308675217948824790,4804040241200032,4804040241200032,0404,6.0,,38.1,6.35,4.953
solis,2026-05-02,1298491919449775028,Harker Arena,1308675217948824824,4804040241200005,4804040241200005,0404,6.0,,39.5,6.58,5.135
solis,2026-05-03,1298491919449775028,Harker Arena,1308675217948824631,4804040241200012,4804040241200012,0404,6.0,,49.8,8.3,6.474
solis,2026-05-03,1298491919449775028,Harker Arena,1308675217948824676,4804040241200044,4804040241200044,0404,6.0,,44.9,7.48,5.837
solis,2026-05-03,1298491919449775028,Harker Arena,1308675217948824790,4804040241200032,4804040241200032,0404,6.0,,45.5,7.58,5.915
solis,2026-05-03,1298491919449775028,Harker Arena,1308675217948824824,4804040241200005,4804040241200005,0404,6.0,,47.6,7.93,6.188
solis,2026-05-13,1298491919449775028,Harker Arena,1308675217948824631,4804040241200012,4804040241200012,0404,6.0,,12.0,2.0,1.56
solis,2026-05-13,1298491919449775028,Harker Arena,1308675217948824676,4804040241200044,4804040241200044,0404,6.0,,12.3,2.05,1.599
solis,2026-05-13,1298491919449775028,Harker Arena,1308675217948824790,4804040241200032,4804040241200032,0404,6.0,,12.0,2.0,1.56
solis,2026-05-13,1298491919449775028,Harker Arena,1308675217948824824,4804040241200005,4804040241200005,0404,6.0,,12.1,2.02,1.573
