provider,date,site_id,site_name,inverter_id,inverter_name,inverter_serial,inverter_model,inverter_rated_kw,inverter_rating_source,daily_energy_kwh,sun_hours,revenue_amount
solis,2025-02-05,1298491919449848959,Richard,1308675217948936492,4804040243030117,4804040243030117,0404,6.0,,0.1,0.02,0.01
solis,2025-02-05,1298491919449848959,Richard,1308675217948936777,4804040243030101,4804040243030101,0404,6.0,,0.0,0.0,0.0
solis,2025-02-14,1298491919449848959,Richard,1308675217948936492,4804040243030117,4804040243030117,0404,6.0,,4.1,0.68,0.406
solis,2025-02-14,1298491919449848959,Richard,1308675217948936777,4804040243030101,4804040243030101,0404,6.0,,2.0,0.33,0.198
solis,2025-02-15,1298491919449848959,Richard,1308675217948936492,4804040243030117,4804040243030117,0404,6.0,,31.1,5.18,3.079
solis,2025-02-15,1298491919449848959,Richard,1308675217948936777,4804040243030101,4804040243030101,0404,6.0,,18.5,3.08,1.832
solis,2025-02-16,1298491919449848959,Richard,1308675217948936492,4804040243030117,4804040243030117,0404,6.0,,14.6,2.43,1.445
solis,2025-02-16,1298491919449848959,Richard,1308675217948936777,4804040243030101,4804040243030101,0404,6.0,,7.8,1.3,0.772
solis,2025-02-17,1298491919449848959,Richard,1308675217948936492,4804040243030117,4804040243030117,0404,6.0,,29.2,4.87,2.891
solis,2025-02-17,1298491919449848959,Richard,1308675217948936777,4804040243030101,4804040243030101,0404,6.0,,17.7,2.95,1.752
solis,2025-02-18,1298491919449848959,Richard,1308675217948936492,4804040243030117,4804040243030117,0404,6.0,,28.7,4.78,2.841
solis,2025-02-18,1298491919449848959,Richard,1308675217948936777,4804040243030101,4804040243030101,0404,6.0,,15.9,2.65,1.574
solis,2025-02-19,1298491919449848959,Richard,1308675217948936492,4804040243030117,4804040243030117,0404,6.0,,34.4,5.73,3.406
solis,2025-02-19,1298491919449848959,Richard,1308675217948936777,4804040243030101,4804040243030101,0404,6.0,,20.7,3.45,2.049
solis,2025-02-20,1298491919449848959,Richard,1308675217948936492,4804040243030117,4804040243030117,0404,6.0,,38.0,6.33,3.762
solis,2025-02-20,1298491919449848959,Richard,1308675217948936777,4804040243030101,4804040243030101,0404,6.0,,20.3,3.38,2.01
solis,2025-02-21,1298491919449848959,Richard,1308675217948936492,4804040243030117,4804040243030117,0404,6.0,,13.5,2.25,1.337
solis,2025-02-21,1298491919449848959,Richard,1308675217948936777,4804040243030101,4804040243030101,0404,6.0,,6.4,1.07,0.634
solis,2025-02-22,1298491919449848959,Richard,1308675217948936492,4804040243030117,4804040243030117,0404,6.0,,34.6,5.77,3.425
solis,2025-02-22,1298491919449848959,Richard,1308675217948936777,4804040243030101,4804040243030101,0404,6.0,,17.4,2.9,1.723
solis,2025-02-23,1298491919449848959,Richard,1308675217948936492,4804040243030117,4804040243030117,0404,6.0,,35.4,5.9,3.505
solis,2025-02-23,1298491919449848959,Richard,1308675217948936777,4804040243030101,4804040243030101,0404,6.0,,17.9,2.98,1.772
solis,2025-02-24,1298491919449848959,Richard,1308675217948936492,4804040243030117,4804040243030117,0404,6.0,,33.0,5.5,3.267
solis,2025-02-24,1298491919449848959,Richard,1308675217948936777,4804040243030101,4804040243030101,0404,6.0,,16.8,2.8,1.663
solis,2025-02-25,1298491919449848959,Richard,1308675217948936492,4804040243030117,4804040243030117,0404,6.0,,36.3,6.05,3.594
solis,2025-02-25,1298491919449848959,Richard,1308675217948936777,4804040243030101,4804040243030101,0404,6.0,,18.5,3.08,1.832
solis,2025-02-26,1298491919449848959,Richard,1308675217948936492,4804040243030117,4804040243030117,0404,6.0,,34.7,5.78,3.435
solis,2025-02-26,1298491919449848959,Richard,1308675217948936777,4804040243030101,4804040243030101,0404,6.0,,17.6,2.93,1.742
solis,2025-02-27,1298491919449848959,Richard,1308675217948936492,4804040243030117,4804040243030117,0404,6.0,,22.2,3.7,2.198
solis,2025-02-27,1298491919449848959,Richard,1308675217948936777,4804040243030101,4804040243030101,0404,6.0,,11.1,1.85,1.099
solis,2025-02-28,1298491919449848959,Richard,1308675217948936492,4804040243030117,4804040243030117,0404,6.0,,32.2,5.37,3.188
solis,2025-02-28,1298491919449848959,Richard,1308675217948936777,4804040243030101,4804040243030101,0404,6.0,,16.2,2.7,1.604
solis,2025-03-01,1298491919449848959,Richard,1308675217948936492,4804040243030117,4804040243030117,0404,6.0,,39.6,6.6,3.92
solis,2025-03-01,1298491919449848959,Richard,1308675217948936777,4804040243030101,4804040243030101,0404,6.0,,20.0,3.33,1.98
solis,2025-03-02,1298491919449848959,Richard,1308675217948936492,4804040243030117,4804040243030117,0404,6.0,,39.6,6.6,3.92
solis,2025-03-02,1298491919449848959,Richard,1308675217948936777,4804040243030101,4804040243030101,0404,6.0,,20.0,3.33,1.98
solis,2025-03-03,1298491919449848959,Richard,1308675217948936492,4804040243030117,4804040243030117,0404,6.0,,7.3,1.22,0.723
solis,2025-03-03,1298491919449848959,Richard,1308675217948936777,4804040243030101,4804040243030101,0404,6.0,,3.5,0.58,0.347
solis,2025-03-04,1298491919449848959,Richard,1308675217948936492,4804040243030117,4804040243030117,0404,6.0,,36.4,6.07,3.604
solis,2025-03-04,1298491919449848959,Richard,1308675217948936777,4804040243030101,4804040243030101,0404,6.0,,18.1,3.02,1.792
solis,2025-03-05,1298491919449848959,Richard,1308675217948936492,4804040243030117,4804040243030117,0404,6.0,,14.4,2.4,1.426
solis,2025-03-05,1298491919449848959,Richard,1308675217948936777,4804040243030101,4804040243030101,0404,6.0,,7.2,1.2,0.713
solis,2025-03-06,1298491919449848959,Richard,1308675217948936492,4804040243030117,4804040243030117,0404,6.0,,30.6,5.1,3.029
solis,2025-03-06,1298491919449848959,Richard,1308675217948936777,4804040243030101,4804040243030101,0404,6.0,,15.4,2.57,1.525
solis,2025-03-07,1298491919449848959,Richard,1308675217948936492,4804040243030117,4804040243030117,0404,6.0,,41.2,6.87,4.079
solis,2025-03-07,1298491919449848959,Richard,1308675217948936777,4804040243030101,4804040243030101,0404,6.0,,20.9,3.48,2.069
solis,2025-03-08,1298491919449848959,Richard,1308675217948936492,4804040243030117,4804040243030117,0404,6.0,,24.1,4.02,2.386
solis,2025-03-08,1298491919449848959,Richard,1308675217948936777,4804040243030101,4804040243030101,0404,6.0,,12.0,2.0,1.188
solis,2025-03-09,1298491919449848959,Richard,1308675217948936492,4804040243030117,4804040243030117,0404,6.0,,26.4,4.4,2.614
solis,2025-03-09,1298491919449848959,Richard,1308675217948936777,4804040243030101,4804040243030101,0404,6.0,,13.2,2.2,1.307
solis,2025-03-10,1298491919449848959,Richard,1308675217948936492,4804040243030117,4804040243030117,0404,6.0,,31.4,5.23,3.109
solis,2025-03-10,1298491919449848959,Richard,1308675217948936777,4804040243030101,4804040243030101,0404,6.0,,16.3,2.72,1.614
solis,2025-03-11,1298491919449848959,Richard,1308675217948936492,4804040243030117,4804040243030117,0404,6.0,,30.2,5.03,2.99
solis,2025-03-11,1298491919449848959,Richard,1308675217948936777,4804040243030101,4804040243030101,0404,6.0,,22.8,3.8,2.257
solis,2025-03-12,1298491919449848959,Richard,1308675217948936492,4804040243030117,4804040243030117,0404,6.0,,31.2,5.2,3.089
solis,2025-03-12,1298491919449848959,Richard,1308675217948936777,4804040243030101,4804040243030101,0404,6.0,,31.0,5.17,3.069
solis,2025-03-13,1298491919449848959,Richard,1308675217948936492,4804040243030117,4804040243030117,0404,6.0,,24.1,4.02,2.386
solis,2025-03-13,1298491919449848959,Richard,1308675217948936777,4804040243030101,4804040243030101,0404,6.0,,24.1,4.02,2.386
solis,2025-03-14,1298491919449848959,Richard,1308675217948936492,4804040243030117,4804040243030117,0404,6.0,,29.7,4.95,2.94
solis,2025-03-14,1298491919449848959,Richard,1308675217948936777,4804040243030101,4804040243030101,0404,6.0,,29.7,4.95,2.94
solis,2025-03-15,1298491919449848959,Richard,1308675217948936492,4804040243030117,4804040243030117,0404,6.0,,13.0,2.17,1.287
solis,2025-03-15,1298491919449848959,Richard,1308675217948936777,4804040243030101,4804040243030101,0404,6.0,,13.1,2.18,1.297
solis,2025-03-16,1298491919449848959,Richard,1308675217948936492,4804040243030117,4804040243030117,0404,6.0,,3.5,0.58,0.347
solis,2025-03-16,1298491919449848959,Richard,1308675217948936777,4804040243030101,4804040243030101,0404,6.0,,2.8,0.47,0.277
solis,2025-03-17,1298491919449848959,Richard,1308675217948936492,4804040243030117,4804040243030117,0404,6.0,,32.0,5.33,3.168
solis,2025-03-17,1298491919449848959,Richard,1308675217948936777,4804040243030101,4804040243030101,0404,6.0,,30.9,5.15,3.059
solis,2025-03-18,1298491919449848959,Richard,1308675217948936492,4804040243030117,4804040243030117,0404,6.0,,23.6,3.93,2.336
solis,2025-03-18,1298491919449848959,Richard,1308675217948936777,4804040243030101,4804040243030101,0404,6.0,,23.5,3.92,2.327
solis,2025-03-19,1298491919449848959,Richard,1308675217948936492,4804040243030117,4804040243030117,0404,6.0,,39.7,6.62,3.93
solis,2025-03-19,1298491919449848959,Richard,1308675217948936777,4804040243030101,4804040243030101,0404,6.0,,39.6,6.6,3.92
solis,2025-03-20,1298491919449848959,Richard,1308675217948936492,4804040243030117,4804040243030117,0404,6.0,,21.2,3.53,2.099
solis,2025-03-20,1298491919449848959,Richard,1308675217948936777,4804040243030101,4804040243030101,0404,6.0,,21.2,3.53,2.099
solis,2025-03-21,1298491919449848959,Richard,1308675217948936492,4804040243030117,4804040243030117,0404,6.0,,42.2,7.03,4.178
solis,2025-03-21,1298491919449848959,Richard,1308675217948936777,4804040243030101,4804040243030101,0404,6.0,,42.2,7.03,4.178
solis,2025-03-22,1298491919449848959,Richard,1308675217948936492,4804040243030117,4804040243030117,0404,6.0,,27.6,4.6,2.732
solis,2025-03-22,1298491919449848959,Richard,1308675217948936777,4804040243030101,4804040243030101,0404,6.0,,27.5,4.58,2.723
solis,2025-03-23,1298491919449848959,Richard,1308675217948936492,4804040243030117,4804040243030117,0404,6.0,,19.1,3.18,1.891
solis,2025-03-23,1298491919449848959,Richard,1308675217948936777,4804040243030101,4804040243030101,0404,6.0,,19.0,3.17,1.881
solis,2025-03-24,1298491919449848959,Richard,1308675217948936492,4804040243030117,4804040243030117,0404,6.0,,39.7,6.62,3.93
solis,2025-03-24,1298491919449848959,Richard,1308675217948936777,4804040243030101,4804040243030101,0404,6.0,,39.7,6.62,3.93
solis,2025-03-25,1298491919449848959,Richard,1308675217948936492,4804040243030117,4804040243030117,0404,6.0,,20.2,3.37,2.0
solis,2025-03-25,1298491919449848959,Richard,1308675217948936777,4804040243030101,4804040243030101,0404,6.0,,20.1,3.35,1.99
solis,2025-03-26,1298491919449848959,Richard,1308675217948936492,4804040243030117,4804040243030117,0404,6.0,,30.3,5.05,3.0
solis,2025-03-26,1298491919449848959,Richard,1308675217948936777,4804040243030101,4804040243030101,0404,6.0,,30.0,5.0,2.97
solis,2025-03-27,1298491919449848959,Richard,1308675217948936492,4804040243030117,4804040243030117,0404,6.0,,15.9,2.65,1.574
solis,2025-03-27,1298491919449848959,Richard,1308675217948936777,4804040243030101,4804040243030101,0404,6.0,,15.8,2.63,1.564
solis,2025-03-28,1298491919449848959,Richard,1308675217948936492,4804040243030117,4804040243030117,0404,6.0,,11.6,1.93,1.148
solis,2025-03-28,1298491919449848959,Richard,1308675217948936777,4804040243030101,4804040243030101,0404,6.0,,11.4,1.9,1.129
solis,2025-03-29,1298491919449848959,Richard,1308675217948936492,4804040243030117,4804040243030117,0404,6.0,,8.2,1.37,0.812
solis,2025-03-29,1298491919449848959,Richard,1308675217948936777,4804040243030101,4804040243030101,0404,6.0,,8.3,1.38,0.822
solis,2025-03-30,1298491919449848959,Richard,1308675217948936492,4804040243030117,4804040243030117,0404,6.0,,15.2,2.53,1.505
solis,2025-03-30,1298491919449848959,Richard,1308675217948936777,4804040243030101,4804040243030101,0404,6.0,,15.2,2.53,1.505
solis,2025-03-31,1298491919449848959,Richard,1308675217948936492,4804040243030117,4804040243030117,0404,6.0,,32.9,5.48,3.257
solis,2025-03-31,1298491919449848959,Richard,1308675217948936777,4804040243030101,4804040243030101,0404,6.0,,32.7,5.45,3.237
solis,2025-04-01,1298491919449848959,Richard,1308675217948936492,4804040243030117,4804040243030117,0404,6.0,,40.5,6.75,4.01
solis,2025-04-01,1298491919449848959,Richard,1308675217948936777,4804040243030101,4804040243030101,0404,6.0,,40.3,6.72,3.99
solis,2025-04-02,1298491919449848959,Richard,1308675217948936492,4804040243030117,4804040243030117,0404,6.0,,6.4,1.07,0.634
solis,2025-04-02,1298491919449848959,Richard,1308675217948936777,4804040243030101,4804040243030101,0404,6.0,,6.3,1.05,0.624
solis,2025-04-03,1298491919449848959,Richard,1308675217948936492,4804040243030117,4804040243030117,0404,6.0,,35.1,5.85,3.475
solis,2025-04-03,1298491919449848959,Richard,1308675217948936777,4804040243030101,4804040243030101,0404,6.0,,34.3,5.72,3.396
solis,2025-04-04,1298491919449848959,Richard,1308675217948936492,4804040243030117,4804040243030117,0404,6.0,,49.0,8.17,4.851
solis,2025-04-04,1298491919449848959,Richard,1308675217948936777,4804040243030101,4804040243030101,0404,6.0,,48.9,8.15,4.841
solis,2025-04-05,1298491919449848959,Richard,1308675217948936492,4804040243030117,4804040243030117,0404,6.0,,47.8,7.97,4.732
solis,2025-04-05,1298491919449848959,Richard,1308675217948936777,4804040243030101,4804040243030101,0404,6.0,,47.7,7.95,4.722
solis,2025-04-06,1298491919449848959,Richard,1308675217948936492,4804040243030117,4804040243030117,0404,6.0,,47.4,7.9,4.693
solis,2025-04-06,1298491919449848959,Richard,1308675217948936777,4804040243030101,4804040243030101,0404,6.0,,47.3,7.88,4.683
solis,2025-04-07,1298491919449848959,Richard,1308675217948936492,4804040243030117,4804040243030117,0404,6.0,,22.9,3.82,2.267
solis,2025-04-07,1298491919449848959,Richard,1308675217948936777,4804040243030101,4804040243030101,0404,6.0,,22.9,3.82,2.267
solis,2025-04-08,1298491919449848959,Richard,1308675217948936492,4804040243030117,4804040243030117,0404,6.0,,40.3,6.72,3.99
solis,2025-04-08,1298491919449848959,Richard,1308675217948936777,4804040243030101,4804040243030101,0404,6.0,,40.4,6.73,4.0
solis,2025-04-09,1298491919449848959,Richard,1308675217948936492,4804040243030117,4804040243030117,0404,6.0,,44.9,7.48,4.445
solis,2025-04-09,1298491919449848959,Richard,1308675217948936777,4804040243030101,4804040243030101,0404,6.0,,44.9,7.48,4.445
solis,2025-04-10,1298491919449848959,Richard,1308675217948936492,4804040243030117,4804040243030117,0404,6.0,,36.0,6.0,3.564
solis,2025-04-10,1298491919449848959,Richard,1308675217948936777,4804040243030101,4804040243030101,0404,6.0,,35.7,5.95,3.534
solis,2025-04-11,1298491919449848959,Richard,1308675217948936492,4804040243030117,4804040243030117,0404,6.0,,48.7,8.12,4.821
solis,2025-04-11,1298491919449848959,Richard,1308675217948936777,4804040243030101,4804040243030101,0404,6.0,,48.7,8.12,4.821
solis,2025-04-12,1298491919449848959,Richard,1308675217948936492,4804040243030117,4804040243030117,0404,6.0,,35.4,5.9,3.505
solis,2025-04-12,1298491919449848959,Richard,1308675217948936777,4804040243030101,4804040243030101,0404,6.0,,35.1,5.85,3.475
solis,2025-04-13,1298491919449848959,Richard,1308675217948936492,4804040243030117,4804040243030117,0404,6.0,,43.0,7.17,4.257
solis,2025-04-13,1298491919449848959,Richard,1308675217948936777,4804040243030101,4804040243030101,0404,6.0,,41.5,6.92,4.109
solis,2025-04-14,1298491919449848959,Richard,1308675217948936492,4804040243030117,4804040243030117,0404,6.0,,47.7,7.95,4.722
solis,2025-04-14,1298491919449848959,Richard,1308675217948936777,4804040243030101,4804040243030101,0404,6.0,,47.4,7.9,4.693
solis,2025-04-15,1298491919449848959,Richard,1308675217948936492,4804040243030117,4804040243030117,0404,6.0,,47.5,7.92,4.703
solis,2025-04-15,1298491919449848959,Richard,1308675217948936777,4804040243030101,4804040243030101,0404,6.0,,47.5,7.92,4.703
solis,2025-04-16,1298491919449848959,Richard,1308675217948936492,4804040243030117,4804040243030117,0404,6.0,,20.0,3.33,1.98
solis,2025-04-16,1298491919449848959,Richard,1308675217948936777,4804040243030101,4804040243030101,0404,6.0,,19.8,3.3,1.96
solis,2025-04-17,1298491919449848959,Richard,1308675217948936492,4804040243030117,4804040243030117,0404,6.0,,34.0,5.67,3.366
solis,2025-04-17,1298491919449848959,Richard,1308675217948936777,4804040243030101,4804040243030101,0404,6.0,,33.9,5.65,3.356
solis,2025-04-18,1298491919449848959,Richard,1308675217948936492,4804040243030117,4804040243030117,0404,6.0,,48.3,8.05,4.782
solis,2025-04-18,1298491919449848959,Richard,1308675217948936777,4804040243030101,4804040243030101,0404,6.0,,48.3,8.05,4.782
solis,2025-04-19,1298491919449848959,Richard,1308675217948936492,4804040243030117,4804040243030117,0404,6.0,,23.7,3.95,2.346
solis,2025-04-19,1298491919449848959,Richard,1308675217948936777,4804040243030101,4804040243030101,0404,6.0,,23.8,3.97,2.356
solis,2025-04-20,1298491919449848959,Richard,1308675217948936492,4804040243030117,4804040243030117,0404,6.0,,10.1,1.68,1.0
solis,2025-04-20,1298491919449848959,Richard,1308675217948936777,4804040243030101,4804040243030101,0404,6.0,,9.9,1.65,0.98
solis,2025-04-21,1298491919449848959,Richard,1308675217948936492,4804040243030117,4804040243030117,0404,6.0,,16.1,2.68,1.594
solis,2025-04-21,1298491919449848959,Richard,1308675217948936777,4804040243030101,4804040243030101,0404,6.0,,16.0,2.67,1.584
solis,2025-04-22,1298491919449848959,Richard,1308675217948936492,4804040243030117,4804040243030117,0404,6.0,,32.8,5.47,3.247
solis,2025-04-22,1298491919449848959,Richard,1308675217948936777,4804040243030101,4804040243030101,0404,6.0,,32.8,5.47,3.247
solis,2025-04-23,1298491919449848959,Richard,1308675217948936492,4804040243030117,4804040243030117,0404,6.0,,47.4,7.9,4.693
solis,2025-04-23,1298491919449848959,Richard,1308675217948936777,4804040243030101,4804040243030101,0404,6.0,,47.0,7.83,4.653
solis,2025-04-24,1298491919449848959,Richard,1308675217948936492,4804040243030117,4804040243030117,0404,6.0,,50.4,8.4,4.99
solis,2025-04-24,1298491919449848959,Richard,1308675217948936777,4804040243030101,4804040243030101,0404,6.0,,50.0,8.33,4.95
solis,2025-04-25,1298491919449848959,Richard,1308675217948936492,4804040243030117,4804040243030117,0404,6.0,,51.0,8.5,5.049
solis,2025-04-25,1298491919449848959,Richard,1308675217948936777,4804040243030101,4804040243030101,0404,6.0,,50.7,8.45,5.019
solis,2025-04-26,1298491919449848959,Richard,1308675217948936492,4804040243030117,4804040243030117,0404,6.0,,50.0,8.33,4.95
solis,2025-04-26,1298491919449848959,Richard,1308675217948936777,4804040243030101,4804040243030101,0404,6.0,,49.5,8.25,4.901
solis,2025-04-27,1298491919449848959,Richard,1308675217948936492,4804040243030117,4804040243030117,0404,6.0,,20.7,3.45,2.049
solis,2025-04-27,1298491919449848959,Richard,1308675217948936777,4804040243030101,4804040243030101,0404,6.0,,20.5,3.42,2.03
solis,2025-04-28,1298491919449848959,Richard,1308675217948936492,4804040243030117,4804040243030117,0404,6.0,,47.9,7.98,4.742
solis,2025-04-28,1298491919449848959,Richard,1308675217948936777,4804040243030101,4804040243030101,0404,6.0,,47.8,7.97,4.732
solis,2025-04-29,1298491919449848959,Richard,1308675217948936492,4804040243030117,4804040243030117,0404,6.0,,26.8,4.47,2.653
solis,2025-04-29,1298491919449848959,Richard,1308675217948936777,4804040243030101,4804040243030101,0404,6.0,,26.6,4.43,2.633
solis,2025-04-30,1298491919449848959,Richard,1308675217948936492,4804040243030117,4804040243030117,0404,6.0,,40.9,6.82,4.049
solis,2025-04-30,1298491919449848959,Richard,1308675217948936777,4804040243030101,4804040243030101,0404,6.0,,40.6,6.77,4.019
solis,2025-05-01,1298491919449848959,Richard,1308675217948936492,4804040243030117,4804040243030117,0404,6.0,,50.5,8.42,5.0
solis,2025-05-01,1298491919449848959,Richard,1308675217948936777,4804040243030101,4804040243030101,0404,6.0,,50.2,8.37,4.97
solis,2025-05-02,1298491919449848959,Richard,1308675217948936492,4804040243030117,4804040243030117,0404,6.0,,50.4,8.4,4.99
solis,2025-05-02,1298491919449848959,Richard,1308675217948936777,4804040243030101,4804040243030101,0404,6.0,,50.3,8.38,4.98
solis,2025-05-03,1298491919449848959,Richard,1308675217948936492,4804040243030117,4804040243030117,0404,6.0,,49.3,8.22,4.881
solis,2025-05-03,1298491919449848959,Richard,1308675217948936777,4804040243030101,4804040243030101,0404,6.0,,49.0,8.17,4.851
solis,2025-05-04,1298491919449848959,Richard,1308675217948936492,4804040243030117,4804040243030117,0404,6.0,,20.8,3.47,2.059
solis,2025-05-04,1298491919449848959,Richard,1308675217948936777,4804040243030101,4804040243030101,0404,6.0,,20.6,3.43,2.039
solis,2025-05-05,1298491919449848959,Richard,1308675217948936492,4804040243030117,4804040243030117,0404,6.0,,46.8,7.8,4.633
solis,2025-05-05,1298491919449848959,Richard,1308675217948936777,4804040243030101,4804040243030101,0404,6.0,,46.5,7.75,4.604
solis,2025-05-06,1298491919449848959,Richard,1308675217948936492,4804040243030117,4804040243030117,0404,6.0,,51.9,8.65,5.138
solis,2025-05-06,1298491919449848959,Richard,1308675217948936777,4804040243030101,4804040243030101,0404,6.0,,51.6,8.6,5.108
solis,2025-05-07,1298491919449848959,Richard,1308675217948936492,4804040243030117,4804040243030117,0404,6.0,,51.2,8.53,5.069
solis,2025-05-07,1298491919449848959,Richard,1308675217948936777,4804040243030101,4804040243030101,0404,6.0,,51.0,8.5,5.049
solis,2025-05-08,1298491919449848959,Richard,1308675217948936492,4804040243030117,4804040243030117,0404,6.0,,51.3,8.55,5.079
solis,2025-05-08,1298491919449848959,Richard,1308675217948936777,4804040243030101,4804040243030101,0404,6.0,,51.0,8.5,5.049
solis,2025-05-09,1298491919449848959,Richard,1308675217948936492,4804040243030117,4804040243030117,0404,6.0,,49.9,8.32,4.94
solis,2025-05-09,1298491919449848959,Richard,1308675217948936777,4804040243030101,4804040243030101,0404,6.0,,49.5,8.25,4.901
solis,2025-05-10,1298491919449848959,Richard,1308675217948936492,4804040243030117,4804040243030117,0404,6.0,,45.3,7.55,4.485
solis,2025-05-10,1298491919449848959,Richard,1308675217948936777,4804040243030101,4804040243030101,0404,6.0,,44.9,7.48,4.445
solis,2025-05-11,1298491919449848959,Richard,1308675217948936492,4804040243030117,4804040243030117,0404,6.0,,24.9,4.15,2.465
solis,2025-05-11,1298491919449848959,Richard,1308675217948936777,4804040243030101,4804040243030101,0404,6.0,,24.8,4.13,2.455
solis,2025-05-12,1298491919449848959,Richard,1308675217948936492,4804040243030117,4804040243030117,0404,6.0,,45.3,7.55,4.485
solis,2025-05-12,1298491919449848959,Richard,1308675217948936777,4804040243030101,4804040243030101,0404,6.0,,45.3,7.55,4.485
solis,2025-05-13,1298491919449848959,Richard,1308675217948936492,4804040243030117,4804040243030117,0404,6.0,,32.5,5.42,3.218
solis,2025-05-13,1298491919449848959,Richard,1308675217948936777,4804040243030101,4804040243030101,0404,6.0,,32.3,5.38,3.198
solis,2025-05-14,1298491919449848959,Richard,1308675217948936492,4804040243030117,4804040243030117,0404,6.0,,42.6,7.1,4.217
solis,2025-05-14,1298491919449848959,Richard,1308675217948936777,4804040243030101,4804040243030101,0404,6.0,,42.3,7.05,4.188
solis,2025-05-15,1298491919449848959,Richard,1308675217948936492,4804040243030117,4804040243030117,0404,6.0,,13.9,2.32,1.376
solis,2025-05-15,1298491919449848959,Richard,1308675217948936777,4804040243030101,4804040243030101,0404,6.0,,13.8,2.3,1.366
solis,2025-05-16,1298491919449848959,Richard,1308675217948936492,4804040243030117,4804040243030117,0404,6.0,,32.2,5.37,3.188
solis,2025-05-16,1298491919449848959,Richard,1308675217948936777,4804040243030101,4804040243030101,0404,6.0,,31.8,5.3,3.148
solis,2025-05-17,1298491919449848959,Richard,1308675217948936492,4804040243030117,4804040243030117,0404,6.0,,41.7,6.95,4.128
solis,2025-05-17,1298491919449848959,Richard,1308675217948936777,4804040243030101,4804040243030101,0404,6.0,,41.5,6.92,4.109
solis,2025-05-18,1298491919449848959,Richard,1308675217948936492,4804040243030117,4804040243030117,0404,6.0,,14.7,2.45,1.455
solis,2025-05-18,1298491919449848959,Richard,1308675217948936777,4804040243030101,4804040243030101,0404,6.0,,14.5,2.42,1.436
solis,2025-05-19,1298491919449848959,Richard,1308675217948936492,4804040243030117,4804040243030117,0404,6.0,,48.2,8.03,4.772
solis,2025-05-19,1298491919449848959,Richard,1308675217948936777,4804040243030101,4804040243030101,0404,6.0,,48.3,8.05,4.782
solis,2025-05-20,1298491919449848959,Richard,1308675217948936492,4804040243030117,4804040243030117,0404,6.0,,0.2,0.03,0.02
solis,2025-05-20,1298491919449848959,Richard,1308675217948936777,4804040243030101,4804040243030101,0404,6.0,,0.2,0.03,0.02
solis,2025-05-21,1298491919449848959,Richard,1308675217948936492,4804040243030117,4804040243030117,0404,6.0,,42.3,7.05,4.188
solis,2025-05-21,1298491919449848959,Richard,1308675217948936777,4804040243030101,4804040243030101,0404,6.0,,42.2,7.03,4.178
solis,2025-05-22,1298491919449848959,Richard,1308675217948936492,4804040243030117,4804040243030117,0404,6.0,,38.3,6.38,3.792
solis,2025-05-22,1298491919449848959,Richard,1308675217948936777,4804040243030101,4804040243030101,0404,6.0,,37.9,6.32,3.752
solis,2025-05-23,1298491919449848959,Richard,1308675217948936492,4804040243030117,4804040243030117,0404,6.0,,17.4,2.9,1.723
solis,2025-05-23,1298491919449848959,Richard,1308675217948936777,4804040243030101,4804040243030101,0404,6.0,,16.9,2.82,1.673
solis,2025-05-24,1298491919449848959,Richard,1308675217948936492,4804040243030117,4804040243030117,0404,6.0,,51.8,8.63,5.128
solis,2025-05-24,1298491919449848959,Richard,1308675217948936777,4804040243030101,4804040243030101,0404,6.0,,51.4,8.57,5.089
solis,2025-05-25,1298491919449848959,Richard,1308675217948936492,4804040243030117,4804040243030117,0404,6.0,,51.1,8.52,5.059
solis,2025-05-25,1298491919449848959,Richard,1308675217948936777,4804040243030101,4804040243030101,0404,6.0,,50.5,8.42,5.0
solis,2025-05-26,1298491919449848959,Richard,1308675217948936492,4804040243030117,4804040243030117,0404,6.0,,46.7,7.78,4.623
solis,2025-05-26,1298491919449848959,Richard,1308675217948936777,4804040243030101,4804040243030101,0404,6.0,,46.3,7.72,4.584
solis,2025-05-27,1298491919449848959,Richard,1308675217948936492,4804040243030117,4804040243030117,0404,6.0,,50.0,8.33,4.95
solis,2025-05-27,1298491919449848959,Richard,1308675217948936777,4804040243030101,4804040243030101,0404,6.0,,49.7,8.28,4.92
solis,2025-05-28,1298491919449848959,Richard,1308675217948936492,4804040243030117,4804040243030117,0404,6.0,,50.3,8.38,4.98
solis,2025-05-28,1298491919449848959,Richard,1308675217948936777,4804040243030101,4804040243030101,0404,6.0,,49.8,8.3,4.93
solis,2025-05-29,1298491919449848959,Richard,1308675217948936492,4804040243030117,4804040243030117,0404,6.0,,48.1,8.02,4.762
solis,2025-05-29,1298491919449848959,Richard,1308675217948936777,4804040243030101,4804040243030101,0404,6.0,,47.8,7.97,4.732
solis,2025-05-30,1298491919449848959,Richard,1308675217948936492,4804040243030117,4804040243030117,0404,6.0,,50.8,8.47,5.029
solis,2025-05-30,1298491919449848959,Richard,1308675217948936777,4804040243030101,4804040243030101,0404,6.0,,50.5,8.42,5.0
solis,2025-05-31,1298491919449848959,Richard,1308675217948936492,4804040243030117,4804040243030117,0404,6.0,,43.0,7.17,4.257
solis,2025-05-31,1298491919449848959,Richard,1308675217948936777,4804040243030101,4804040243030101,0404,6.0,,42.7,7.12,4.227
solis,2025-06-01,1298491919449848959,Richard,1308675217948936492,4804040243030117,4804040243030117,0404,6.0,,46.0,7.67,4.554
solis,2025-06-01,1298491919449848959,Richard,1308675217948936777,4804040243030101,4804040243030101,0404,6.0,,45.8,7.63,4.534
solis,2025-06-02,1298491919449848959,Richard,1308675217948936492,4804040243030117,4804040243030117,0404,6.0,,38.3,6.38,3.792
solis,2025-06-02,1298491919449848959,Richard,1308675217948936777,4804040243030101,4804040243030101,0404,6.0,,38.2,6.37,3.782
solis,2025-06-03,1298491919449848959,Richard,1308675217948936492,4804040243030117,4804040243030117,0404,6.0,,29.8,4.97,2.95
solis,2025-06-03,1298491919449848959,Richard,1308675217948936777,4804040243030101,4804040243030101,0404,6.0,,29.5,4.92,2.921
solis,2025-06-04,1298491919449848959,Richard,1308675217948936492,4804040243030117,4804040243030117,0404,6.0,,49.6,8.27,4.91
solis,2025-06-04,1298491919449848959,Richard,1308675217948936777,4804040243030101,4804040243030101,0404,6.0,,49.3,8.22,4.881
solis,2025-06-05,1298491919449848959,Richard,1308675217948936492,4804040243030117,4804040243030117,0404,6.0,,10.3,1.72,1.02
solis,2025-06-05,1298491919449848959,Richard,1308675217948936777,4804040243030101,4804040243030101,0404,6.0,,10.0,1.67,0.99
solis,2025-06-06,1298491919449848959,Richard,1308675217948936492,4804040243030117,4804040243030117,0404,6.0,,40.4,6.73,4.0
solis,2025-06-06,1298491919449848959,Richard,1308675217948936777,4804040243030101,4804040243030101,0404,6.0,,40.4,6.73,4.0
solis,2025-06-07,1298491919449848959,Richard,1308675217948936492,4804040243030117,4804040243030117,0404,6.0,,25.9,4.32,2.564
solis,2025-06-07,1298491919449848959,Richard,1308675217948936777,4804040243030101,4804040243030101,0404,6.0,,25.7,4.28,2.544
solis,2025-06-08,1298491919449848959,Richard,1308675217948936492,4804040243030117,4804040243030117,0404,6.0,,48.7,8.12,4.821
solis,2025-06-08,1298491919449848959,Richard,1308675217948936777,4804040243030101,4804040243030101,0404,6.0,,48.4,8.07,4.792
solis,2025-06-09,1298491919449848959,Richard,1308675217948936492,4804040243030117,4804040243030117,0404,6.0,,49.7,8.28,4.92
solis,2025-06-09,1298491919449848959,Richard,1308675217948936777,4804040243030101,4804040243030101,0404,6.0,,49.2,8.2,4.871
solis,2025-06-10,1298491919449848959,Richard,1308675217948936492,4804040243030117,4804040243030117,0404,6.0,,49.5,8.25,4.901
solis,2025-06-10,1298491919449848959,Richard,1308675217948936777,4804040243030101,4804040243030101,0404,6.0,,48.9,8.15,4.841
solis,2025-06-11,1298491919449848959,Richard,1308675217948936492,4804040243030117,4804040243030117,0404,6.0,,44.5,7.42,4.406
solis,2025-06-11,1298491919449848959,Richard,1308675217948936777,4804040243030101,4804040243030101,0404,6.0,,44.0,7.33,4.356
solis,2025-06-12,1298491919449848959,Richard,1308675217948936492,4804040243030117,4804040243030117,0404,6.0,,23.7,3.95,2.346
solis,2025-06-12,1298491919449848959,Richard,1308675217948936777,4804040243030101,4804040243030101,0404,6.0,,23.6,3.93,2.336
solis,2025-06-13,1298491919449848959,Richard,1308675217948936492,4804040243030117,4804040243030117,0404,6.0,,37.5,6.25,3.713
solis,2025-06-13,1298491919449848959,Richard,1308675217948936777,4804040243030101,4804040243030101,0404,6.0,,37.3,6.22,3.693
solis,2025-06-14,1298491919449848959,Richard,1308675217948936492,4804040243030117,4804040243030117,0404,6.0,,45.4,7.57,4.495
solis,2025-06-14,1298491919449848959,Richard,1308675217948936777,4804040243030101,4804040243030101,0404,6.0,,45.1,7.52,4.465
solis,2025-06-15,1298491919449848959,Richard,1308675217948936492,4804040243030117,4804040243030117,0404,6.0,,43.1,7.18,4.267
solis,2025-06-15,1298491919449848959,Richard,1308675217948936777,4804040243030101,4804040243030101,0404,6.0,,42.8,7.13,4.237
solis,2025-06-16,1298491919449848959,Richard,1308675217948936492,4804040243030117,4804040243030117,0404,6.0,,49.9,8.32,4.94
solis,2025-06-16,1298491919449848959,Richard,1308675217948936777,4804040243030101,4804040243030101,0404,6.0,,49.5,8.25,4.901
solis,2025-06-17,1298491919449848959,Richard,1308675217948936492,4804040243030117,4804040243030117,0404,6.0,,47.7,7.95,4.722
solis,2025-06-17,1298491919449848959,Richard,1308675217948936777,4804040243030101,4804040243030101,0404,6.0,,47.2,7.87,4.673
solis,2025-06-18,1298491919449848959,Richard,1308675217948936492,4804040243030117,4804040243030117,0404,6.0,,48.8,8.13,4.831
solis,2025-06-18,1298491919449848959,Richard,1308675217948936777,4804040243030101,4804040243030101,0404,6.0,,48.5,8.08,4.802
solis,2025-06-19,1298491919449848959,Richard,1308675217948936492,4804040243030117,4804040243030117,0404,6.0,,51.7,8.62,5.118
solis,2025-06-19,1298491919449848959,Richard,1308675217948936777,4804040243030101,4804040243030101,0404,6.0,,51.4,8.57,5.089
solis,2025-06-20,1298491919449848959,Richard,1308675217948936492,4804040243030117,4804040243030117,0404,6.0,,8.1,1.35,0.802
solis,2025-06-20,1298491919449848959,Richard,1308675217948936777,4804040243030101,4804040243030101,0404,6.0,,8.2,1.37,0.812
solis,2025-06-21,1298491919449848959,Richard,1308675217948936492,4804040243030117,4804040243030117,0404,6.0,,5.3,0.88,0.525
solis,2025-06-21,1298491919449848959,Richard,1308675217948936777,4804040243030101,4804040243030101,0404,6.0,,5.3,0.88,0.525
solis,2025-06-22,1298491919449848959,Richard,1308675217948936492,4804040243030117,4804040243030117,0404,6.0,,29.6,4.93,2.93
solis,2025-06-22,1298491919449848959,Richard,1308675217948936777,4804040243030101,4804040243030101,0404,6.0,,29.4,4.9,2.911
solis,2025-06-23,1298491919449848959,Richard,1308675217948936492,4804040243030117,4804040243030117,0404,6.0,,45.2,7.53,4.475
solis,2025-06-23,1298491919449848959,Richard,1308675217948936777,4804040243030101,4804040243030101,0404,6.0,,44.9,7.48,4.445
solis,2025-06-24,1298491919449848959,Richard,1308675217948936492,4804040243030117,4804040243030117,0404,6.0,,49.5,8.25,4.901
solis,2025-06-24,1298491919449848959,Richard,1308675217948936777,4804040243030101,4804040243030101,0404,6.0,,49.1,8.18,4.861
solis,2025-06-25,1298491919449848959,Richard,1308675217948936492,4804040243030117,4804040243030117,0404,6.0,,43.6,7.27,4.316
solis,2025-06-25,1298491919449848959,Richard,1308675217948936777,4804040243030101,4804040243030101,0404,6.0,,43.4,7.23,4.297
solis,2025-06-26,1298491919449848959,Richard,1308675217948936492,4804040243030117,4804040243030117,0404,6.0,,44.2,7.37,4.376
solis,2025-06-26,1298491919449848959,Richard,1308675217948936777,4804040243030101,4804040243030101,0404,6.0,,44.1,7.35,4.366
solis,2025-06-27,1298491919449848959,Richard,1308675217948936492,4804040243030117,4804040243030117,0404,6.0,,50.7,8.45,5.019
solis,2025-06-27,1298491919449848959,Richard,1308675217948936777,4804040243030101,4804040243030101,0404,6.0,,50.6,8.43,5.009
solis,2025-06-28,1298491919449848959,Richard,1308675217948936492,4804040243030117,4804040243030117,0404,6.0,,44.7,7.45,4.425
solis,2025-06-28,1298491919449848959,Richard,1308675217948936777,4804040243030101,4804040243030101,0404,6.0,,44.3,7.38,4.386
solis,2025-06-29,1298491919449848959,Richard,1308675217948936492,4804040243030117,4804040243030117,0404,6.0,,49.3,8.22,4.881
solis,2025-06-29,1298491919449848959,Richard,1308675217948936777,4804040243030101,4804040243030101,0404,6.0,,48.9,8.15,4.841
solis,2025-06-30,1298491919449848959,Richard,1308675217948936492,4804040243030117,4804040243030117,0404,6.0,,49.6,8.27,4.91
solis,2025-06-30,1298491919449848959,Richard,1308675217948936777,4804040243030101,4804040243030101,0404,6.0,,49.2,8.2,4.871
solis,2025-07-01,1298491919449848959,Richard,1308675217948936492,4804040243030117,4804040243030117,0404,6.0,,49.3,8.22,4.881
solis,2025-07-01,1298491919449848959,Richard,1308675217948936777,4804040243030101,4804040243030101,0404,6.0,,48.7,8.12,4.821
solis,2025-07-02,1298491919449848959,Richard,1308675217948936492,4804040243030117,4804040243030117,0404,6.0,,41.4,6.9,4.099
solis,2025-07-02,1298491919449848959,Richard,1308675217948936777,4804040243030101,4804040243030101,0404,6.0,,41.2,6.87,4.079
solis,2025-07-03,1298491919449848959,Richard,1308675217948936492,4804040243030117,4804040243030117,0404,6.0,,50.2,8.37,4.97
solis,2025-07-03,1298491919449848959,Richard,1308675217948936777,4804040243030101,4804040243030101,0404,6.0,,49.9,8.32,4.94
solis,2025-07-04,1298491919449848959,Richard,1308675217948936492,4804040243030117,4804040243030117,0404,6.0,,45.0,7.5,4.455
solis,2025-07-04,1298491919449848959,Richard,1308675217948936777,4804040243030101,4804040243030101,0404,6.0,,44.5,7.42,4.406
solis,2025-07-05,1298491919449848959,Richard,1308675217948936492,4804040243030117,4804040243030117,0404,6.0,,15.5,2.58,1.535
solis,2025-07-05,1298491919449848959,Richard,1308675217948936777,4804040243030101,4804040243030101,0404,6.0,,15.5,2.58,1.535
solis,2025-07-06,1298491919449848959,Richard,1308675217948936492,4804040243030117,4804040243030117,0404,6.0,,30.8,5.13,3.049
solis,2025-07-06,1298491919449848959,Richard,1308675217948936777,4804040243030101,4804040243030101,0404,6.0,,30.7,5.12,3.039
solis,2025-07-07,1298491919449848959,Richard,1308675217948936492,4804040243030117,4804040243030117,0404,6.0,,50.2,8.37,4.97
solis,2025-07-07,1298491919449848959,Richard,1308675217948936777,4804040243030101,4804040243030101,0404,6.0,,49.7,8.28,4.92
solis,2025-07-08,1298491919449848959,Richard,1308675217948936492,4804040243030117,4804040243030117,0404,6.0,,49.8,8.3,4.93
solis,2025-07-08,1298491919449848959,Richard,1308675217948936777,4804040243030101,4804040243030101,0404,6.0,,49.5,8.25,4.901
solis,2025-07-09,1298491919449848959,Richard,1308675217948936492,4804040243030117,4804040243030117,0404,6.0,,39.8,6.63,3.94
solis,2025-07-09,1298491919449848959,Richard,1308675217948936777,4804040243030101,4804040243030101,0404,6.0,,39.5,6.58,3.911
solis,2025-07-10,1298491919449848959,Richard,1308675217948936492,4804040243030117,4804040243030117,0404,6.0,,24.1,4.02,2.386
solis,2025-07-10,1298491919449848959,Richard,1308675217948936777,4804040243030101,4804040243030101,0404,6.0,,24.1,4.02,2.386
solis,2025-07-11,1298491919449848959,Richard,1308675217948936492,4804040243030117,4804040243030117,0404,6.0,,47.1,7.85,4.663
solis,2025-07-11,1298491919449848959,Richard,1308675217948936777,4804040243030101,4804040243030101,0404,6.0,,46.8,7.8,4.633
solis,2025-07-12,1298491919449848959,Richard,1308675217948936492,4804040243030117,4804040243030117,0404,6.0,,48.4,8.07,4.792
solis,2025-07-12,1298491919449848959,Richard,1308675217948936777,4804040243030101,4804040243030101,0404,6.0,,48.0,8.0,4.752
solis,2025-07-13,1298491919449848959,Richard,1308675217948936492,4804040243030117,4804040243030117,0404,6.0,,46.8,7.8,4.633
solis,2025-07-13,1298491919449848959,Richard,1308675217948936777,4804040243030101,4804040243030101,0404,6.0,,46.4,7.73,4.594
solis,2025-07-14,1298491919449848959,Richard,1308675217948936492,4804040243030117,4804040243030117,0404,6.0,,5.9,0.98,0.584
solis,2025-07-14,1298491919449848959,Richard,1308675217948936777,4804040243030101,4804040243030101,0404,6.0,,5.9,0.98,0.584
solis,2025-07-15,1298491919449848959,Richard,1308675217948936492,4804040243030117,4804040243030117,0404,6.0,,21.8,3.63,2.158
solis,2025-07-15,1298491919449848959,Richard,1308675217948936777,4804040243030101,4804040243030101,0404,6.0,,21.7,3.62,2.148
solis,2025-07-16,1298491919449848959,Richard,1308675217948936492,4804040243030117,4804040243030117,0404,6.0,,47.0,7.83,4.653
solis,2025-07-16,1298491919449848959,Richard,1308675217948936777,4804040243030101,4804040243030101,0404,6.0,,46.5,7.75,4.604
solis,2025-07-17,1298491919449848959,Richard,1308675217948936492,4804040243030117,4804040243030117,0404,6.0,,19.1,3.18,1.891
solis,2025-07-17,1298491919449848959,Richard,1308675217948936777,4804040243030101,4804040243030101,0404,6.0,,19.1,3.18,1.891
solis,2025-07-18,1298491919449848959,Richard,1308675217948936492,4804040243030117,4804040243030117,0404,6.0,,43.4,7.23,4.297
solis,2025-07-18,1298491919449848959,Richard,1308675217948936777,4804040243030101,4804040243030101,0404,6.0,,43.1,7.18,4.267
solis,2025-07-19,1298491919449848959,Richard,1308675217948936492,4804040243030117,4804040243030117,0404,6.0,,34.1,5.68,3.376
solis,2025-07-19,1298491919449848959,Richard,1308675217948936777,4804040243030101,4804040243030101,0404,6.0,,33.8,5.63,3.346
solis,2025-07-20,1298491919449848959,Richard,1308675217948936492,4804040243030117,4804040243030117,0404,6.0,,40.8,6.8,4.039
solis,2025-07-20,1298491919449848959,Richard,1308675217948936777,4804040243030101,4804040243030101,0404,6.0,,40.5,6.75,4.01
solis,2025-07-21,1298491919449848959,Richard,1308675217948936492,4804040243030117,4804040243030117,0404,6.0,,19.7,3.28,1.95
solis,2025-07-21,1298491919449848959,Richard,1308675217948936777,4804040243030101,4804040243030101,0404,6.0,,19.5,3.25,1.931
solis,2025-07-22,1298491919449848959,Richard,1308675217948936492,4804040243030117,4804040243030117,0404,6.0,,7.2,1.2,0.713
solis,2025-07-22,1298491919449848959,Richard,1308675217948936777,4804040243030101,4804040243030101,0404,6.0,,7.2,1.2,0.713
solis,2025-07-23,1298491919449848959,Richard,1308675217948936492,4804040243030117,4804040243030117,0404,6.0,,48.8,8.13,4.831
solis,2025-07-23,1298491919449848959,Richard,1308675217948936777,4804040243030101,4804040243030101,0404,6.0,,48.5,8.08,4.802
solis,2025-07-24,1298491919449848959,Richard,1308675217948936492,4804040243030117,4804040243030117,0404,6.0,,48.6,8.1,4.811
solis,2025-07-24,1298491919449848959,Richard,1308675217948936777,4804040243030101,4804040243030101,0404,6.0,,35.0,5.83,3.465
solis,2025-07-25,1298491919449848959,Richard,1308675217948936492,4804040243030117,4804040243030117,0404,6.0,,44.5,7.42,4.406
solis,2025-07-25,1298491919449848959,Richard,1308675217948936777,4804040243030101,4804040243030101,0404,6.0,,44.2,7.37,4.376
solis,2025-07-26,1298491919449848959,Richard,1308675217948936492,4804040243030117,4804040243030117,0404,6.0,,43.8,7.3,4.336
solis,2025-07-26,1298491919449848959,Richard,1308675217948936777,4804040243030101,4804040243030101,0404,6.0,,43.5,7.25,4.307
solis,2025-07-27,1298491919449848959,Richard,1308675217948936492,4804040243030117,4804040243030117,0404,6.0,,33.3,5.55,3.297
solis,2025-07-27,1298491919449848959,Richard,1308675217948936777,4804040243030101,4804040243030101,0404,6.0,,33.2,5.53,3.287
solis,2025-07-28,1298491919449848959,Richard,1308675217948936492,4804040243030117,4804040243030117,0404,6.0,,27.4,4.57,2.713
solis,2025-07-28,1298491919449848959,Richard,1308675217948936777,4804040243030101,4804040243030101,0404,6.0,,27.2,4.53,2.693
solis,2025-07-29,1298491919449848959,Richard,1308675217948936492,4804040243030117,4804040243030117,0404,6.0,,46.3,7.72,4.584
solis,2025-07-29,1298491919449848959,Richard,1308675217948936777,4804040243030101,4804040243030101,0404,6.0,,45.7,7.62,4.524
solis,2025-07-30,1298491919449848959,Richard,1308675217948936492,4804040243030117,4804040243030117,0404,6.0,,48.2,8.03,4.772
solis,2025-07-30,1298491919449848959,Richard,1308675217948936777,4804040243030101,4804040243030101,0404,6.0,,47.7,7.95,4.722
solis,2025-07-31,1298491919449848959,Richard,1308675217948936492,4804040243030117,4804040243030117,0404,6.0,,48.6,8.1,4.811
solis,2025-07-31,1298491919449848959,Richard,1308675217948936777,4804040243030101,4804040243030101,0404,6.0,,48.1,8.02,4.762
solis,2025-08-01,1298491919449848959,Richard,1308675217948936492,4804040243030117,4804040243030117,0404,6.0,,43.8,7.3,4.336
solis,2025-08-01,1298491919449848959,Richard,1308675217948936777,4804040243030101,4804040243030101,0404,6.0,,43.3,7.22,4.287
solis,2025-08-02,1298491919449848959,Richard,1308675217948936492,4804040243030117,4804040243030117,0404,6.0,,37.9,6.32,3.752
solis,2025-08-02,1298491919449848959,Richard,1308675217948936777,4804040243030101,4804040243030101,0404,6.0,,37.6,6.27,3.722
solis,2025-08-03,1298491919449848959,Richard,1308675217948936492,4804040243030117,4804040243030117,0404,6.0,,20.7,3.45,2.049
solis,2025-08-03,1298491919449848959,Richard,1308675217948936777,4804040243030101,4804040243030101,0404,6.0,,20.6,3.43,2.039
solis,2025-08-04,1298491919449848959,Richard,1308675217948936492,4804040243030117,4804040243030117,0404,6.0,,46.6,7.77,4.613
solis,2025-08-04,1298491919449848959,Richard,1308675217948936777,4804040243030101,4804040243030101,0404,6.0,,46.3,7.72,4.584
solis,2025-08-05,1298491919449848959,Richard,1308675217948936492,4804040243030117,4804040243030117,0404,6.0,,41.9,6.98,4.148
solis,2025-08-05,1298491919449848959,Richard,1308675217948936777,4804040243030101,4804040243030101,0404,6.0,,41.7,6.95,4.128
solis,2025-08-06,1298491919449848959,Richard,1308675217948936492,4804040243030117,4804040243030117,0404,6.0,,38.0,6.33,3.762
solis,2025-08-06,1298491919449848959,Richard,1308675217948936777,4804040243030101,4804040243030101,0404,6.0,,37.7,6.28,3.732
solis,2025-08-07,1298491919449848959,Richard,1308675217948936492,4804040243030117,4804040243030117,0404,6.0,,30.9,5.15,3.059
solis,2025-08-07,1298491919449848959,Richard,1308675217948936777,4804040243030101,4804040243030101,0404,6.0,,30.8,5.13,3.049
solis,2025-08-08,1298491919449848959,Richard,1308675217948936492,4804040243030117,4804040243030117,0404,6.0,,9.3,1.55,0.921
solis,2025-08-08,1298491919449848959,Richard,1308675217948936777,4804040243030101,4804040243030101,0404,6.0,,9.2,1.53,0.911
solis,2025-08-09,1298491919449848959,Richard,1308675217948936492,4804040243030117,4804040243030117,0404,6.0,,42.8,7.13,4.237
solis,2025-08-09,1298491919449848959,Richard,1308675217948936777,4804040243030101,4804040243030101,0404,6.0,,42.6,7.1,4.217
solis,2025-08-10,1298491919449848959,Richard,1308675217948936492,4804040243030117,4804040243030117,0404,6.0,,46.0,7.67,4.554
solis,2025-08-10,1298491919449848959,Richard,1308675217948936777,4804040243030101,4804040243030101,0404,6.0,,45.8,7.63,4.534
solis,2025-08-11,1298491919449848959,Richard,1308675217948936492,4804040243030117,4804040243030117,0404,6.0,,30.2,5.03,2.99
solis,2025-08-11,1298491919449848959,Richard,1308675217948936777,4804040243030101,4804040243030101,0404,6.0,,30.2,5.03,2.99
solis,2025-08-12,1298491919449848959,Richard,1308675217948936492,4804040243030117,4804040243030117,0404,6.0,,46.3,7.72,4.584
solis,2025-08-12,1298491919449848959,Richard,1308675217948936777,4804040243030101,4804040243030101,0404,6.0,,46.1,7.68,4.564
solis,2025-08-13,1298491919449848959,Richard,1308675217948936492,4804040243030117,4804040243030117,0404,6.0,,46.6,7.77,4.613
solis,2025-08-13,1298491919449848959,Richard,1308675217948936777,4804040243030101,4804040243030101,0404,6.0,,46.5,7.75,4.604
solis,2025-08-14,1298491919449848959,Richard,1308675217948936492,4804040243030117,4804040243030117,0404,6.0,,33.0,5.5,3.267
solis,2025-08-14,1298491919449848959,Richard,1308675217948936777,4804040243030101,4804040243030101,0404,6.0,,33.0,5.5,3.267
solis,2025-08-15,1298491919449848959,Richard,1308675217948936492,4804040243030117,4804040243030117,0404,6.0,,32.7,5.45,3.237
solis,2025-08-15,1298491919449848959,Richard,1308675217948936777,4804040243030101,4804040243030101,0404,6.0,,32.7,5.45,3.237
solis,2025-08-16,1298491919449848959,Richard,1308675217948936492,4804040243030117,4804040243030117,0404,6.0,,32.2,5.37,3.188
solis,2025-08-16,1298491919449848959,Richard,1308675217948936777,4804040243030101,4804040243030101,0404,6.0,,32.2,5.37,3.188
solis,2025-08-17,1298491919449848959,Richard,1308675217948936492,4804040243030117,4804040243030117,0404,6.0,,41.0,6.83,4.059
solis,2025-08-17,1298491919449848959,Richard,1308675217948936777,4804040243030101,4804040243030101,0404,6.0,,40.9,6.82,4.049
solis,2025-08-18,1298491919449848959,Richard,1308675217948936492,4804040243030117,4804040243030117,0404,6.0,,46.0,7.67,4.554
solis,2025-08-18,1298491919449848959,Richard,1308675217948936777,4804040243030101,4804040243030101,0404,6.0,,46.1,7.68,4.564
solis,2025-08-19,1298491919449848959,Richard,1308675217948936492,4804040243030117,4804040243030117,0404,6.0,,44.4,7.4,4.396
solis,2025-08-19,1298491919449848959,Richard,1308675217948936777,4804040243030101,4804040243030101,0404,6.0,,44.0,7.33,4.356
solis,2025-08-20,1298491919449848959,Richard,1308675217948936492,4804040243030117,4804040243030117,0404,6.0,,43.7,7.28,4.326
solis,2025-08-20,1298491919449848959,Richard,1308675217948936777,4804040243030101,4804040243030101,0404,6.0,,43.7,7.28,4.326
solis,2025-08-21,1298491919449848959,Richard,1308675217948936492,4804040243030117,4804040243030117,0404,6.0,,47.1,7.85,4.663
solis,2025-08-21,1298491919449848959,Richard,1308675217948936777,4804040243030101,4804040243030101,0404,6.0,,46.7,7.78,4.623
solis,2025-08-22,1298491919449848959,Richard,1308675217948936492,4804040243030117,4804040243030117,0404,6.0,,46.5,7.75,4.604
solis,2025-08-22,1298491919449848959,Richard,1308675217948936777,4804040243030101,4804040243030101,0404,6.0,,46.1,7.68,4.564
solis,2025-08-23,1298491919449848959,Richard,1308675217948936492,4804040243030117,4804040243030117,0404,6.0,,46.3,7.72,4.584
solis,2025-08-23,1298491919449848959,Richard,1308675217948936777,4804040243030101,4804040243030101,0404,6.0,,45.8,7.63,4.534
solis,2025-08-24,1298491919449848959,Richard,1308675217948936492,4804040243030117,4804040243030117,0404,6.0,,45.9,7.65,4.544
solis,2025-08-24,1298491919449848959,Richard,1308675217948936777,4804040243030101,4804040243030101,0404,6.0,,45.4,7.57,4.495
solis,2025-08-25,1298491919449848959,Richard,1308675217948936492,4804040243030117,4804040243030117,0404,6.0,,44.8,7.47,4.435
solis,2025-08-25,1298491919449848959,Richard,1308675217948936777,4804040243030101,4804040243030101,0404,6.0,,44.5,7.42,4.406
solis,2025-08-26,1298491919449848959,Richard,1308675217948936492,4804040243030117,4804040243030117,0404,6.0,,43.4,7.23,4.297
solis,2025-08-26,1298491919449848959,Richard,1308675217948936777,4804040243030101,4804040243030101,0404,6.0,,42.9,7.15,4.247
solis,2025-08-27,1298491919449848959,Richard,1308675217948936492,4804040243030117,4804040243030117,0404,6.0,,42.6,7.1,4.217
solis,2025-08-27,1298491919449848959,Richard,1308675217948936777,4804040243030101,4804040243030101,0404,6.0,,42.3,7.05,4.188
solis,2025-08-28,1298491919449848959,Richard,1308675217948936492,4804040243030117,4804040243030117,0404,6.0,,20.8,3.47,2.059
solis,2025-08-28,1298491919449848959,Richard,1308675217948936777,4804040243030101,4804040243030101,0404,6.0,,20.7,3.45,2.049
solis,2025-08-29,1298491919449848959,Richard,1308675217948936492,4804040243030117,4804040243030117,0404,6.0,,42.0,7.0,4.158
solis,2025-08-29,1298491919449848959,Richard,1308675217948936777,4804040243030101,4804040243030101,0404,6.0,,41.7,6.95,4.128
solis,2025-08-30,1298491919449848959,Richard,1308675217948936492,4804040243030117,4804040243030117,0404,6.0,,37.9,6.32,3.752
solis,2025-08-30,1298491919449848959,Richard,1308675217948936777,4804040243030101,4804040243030101,0404,6.0,,37.6,6.27,3.722
solis,2025-08-31,1298491919449848959,Richard,1308675217948936492,4804040243030117,4804040243030117,0404,6.0,,41.9,6.98,4.148
solis,2025-08-31,1298491919449848959,Richard,1308675217948936777,4804040243030101,4804040243030101,0404,6.0,,41.5,6.92,4.109
solis,2025-09-01,1298491919449848959,Richard,1308675217948936492,4804040243030117,4804040243030117,0404,6.0,,34.7,5.78,3.435
solis,2025-09-01,1298491919449848959,Richard,1308675217948936777,4804040243030101,4804040243030101,0404,6.0,,34.5,5.75,3.416
solis,2025-09-02,1298491919449848959,Richard,1308675217948936492,4804040243030117,4804040243030117,0404,6.0,,36.0,6.0,3.564
solis,2025-09-02,1298491919449848959,Richard,1308675217948936777,4804040243030101,4804040243030101,0404,6.0,,35.7,5.95,3.534
solis,2025-09-03,1298491919449848959,Richard,1308675217948936492,4804040243030117,4804040243030117,0404,6.0,,26.0,4.33,2.574
solis,2025-09-03,1298491919449848959,Richard,1308675217948936777,4804040243030101,4804040243030101,0404,6.0,,25.8,4.3,2.554
solis,2025-09-04,1298491919449848959,Richard,1308675217948936492,4804040243030117,4804040243030117,0404,6.0,,11.0,1.83,1.089
solis,2025-09-04,1298491919449848959,Richard,1308675217948936777,4804040243030101,4804040243030101,0404,6.0,,11.0,1.83,1.089
solis,2025-09-05,1298491919449848959,Richard,1308675217948936492,4804040243030117,4804040243030117,0404,6.0,,44.0,7.33,4.356
solis,2025-09-05,1298491919449848959,Richard,1308675217948936777,4804040243030101,4804040243030101,0404,6.0,,43.7,7.28,4.326
solis,2025-09-06,1298491919449848959,Richard,1308675217948936492,4804040243030117,4804040243030117,0404,6.0,,38.9,6.48,3.851
solis,2025-09-06,1298491919449848959,Richard,1308675217948936777,4804040243030101,4804040243030101,0404,6.0,,38.6,6.43,3.821
solis,2025-09-07,1298491919449848959,Richard,1308675217948936492,4804040243030117,4804040243030117,0404,6.0,,27.2,4.53,2.693
solis,2025-09-07,1298491919449848959,Richard,1308675217948936777,4804040243030101,4804040243030101,0404,6.0,,27.2,4.53,2.693
solis,2025-09-08,1298491919449848959,Richard,1308675217948936492,4804040243030117,4804040243030117,0404,6.0,,28.8,4.8,2.851
solis,2025-09-08,1298491919449848959,Richard,1308675217948936777,4804040243030101,4804040243030101,0404,6.0,,28.7,4.78,2.841
solis,2025-09-09,1298491919449848959,Richard,1308675217948936492,4804040243030117,4804040243030117,0404,6.0,,38.4,6.4,3.802
solis,2025-09-09,1298491919449848959,Richard,1308675217948936777,4804040243030101,4804040243030101,0404,6.0,,38.1,6.35,3.772
solis,2025-09-10,1298491919449848959,Richard,1308675217948936492,4804040243030117,4804040243030117,0404,6.0,,13.3,2.22,1.317
solis,2025-09-10,1298491919449848959,Richard,1308675217948936777,4804040243030101,4804040243030101,0404,6.0,,13.4,2.23,1.327
solis,2025-09-11,1298491919449848959,Richard,1308675217948936492,4804040243030117,4804040243030117,0404,6.0,,39.8,6.63,3.94
solis,2025-09-11,1298491919449848959,Richard,1308675217948936777,4804040243030101,4804040243030101,0404,6.0,,39.5,6.58,3.911
solis,2025-09-12,1298491919449848959,Richard,1308675217948936492,4804040243030117,4804040243030117,0404,6.0,,37.9,6.32,3.752
solis,2025-09-12,1298491919449848959,Richard,1308675217948936777,4804040243030101,4804040243030101,0404,6.0,,37.7,6.28,3.732
solis,2025-09-13,1298491919449848959,Richard,1308675217948936492,4804040243030117,4804040243030117,0404,6.0,,38.3,6.38,3.792
solis,2025-09-13,1298491919449848959,Richard,1308675217948936777,4804040243030101,4804040243030101,0404,6.0,,38.0,6.33,3.762
solis,2025-09-14,1298491919449848959,Richard,1308675217948936492,4804040243030117,4804040243030117,0404,6.0,,35.8,5.97,3.544
solis,2025-09-14,1298491919449848959,Richard,1308675217948936777,4804040243030101,4804040243030101,0404,6.0,,35.9,5.98,3.554
solis,2025-09-15,1298491919449848959,Richard,1308675217948936492,4804040243030117,4804040243030117,0404,6.0,,18.2,3.03,1.802
solis,2025-09-15,1298491919449848959,Richard,1308675217948936777,4804040243030101,4804040243030101,0404,6.0,,18.1,3.02,1.792
solis,2025-09-16,1298491919449848959,Richard,1308675217948936492,4804040243030117,4804040243030117,0404,6.0,,39.5,6.58,3.911
solis,2025-09-16,1298491919449848959,Richard,1308675217948936777,4804040243030101,4804040243030101,0404,6.0,,39.4,6.57,3.901
solis,2025-09-17,1298491919449848959,Richard,1308675217948936492,4804040243030117,4804040243030117,0404,6.0,,40.6,6.77,4.019
solis,2025-09-17,1298491919449848959,Richard,1308675217948936777,4804040243030101,4804040243030101,0404,6.0,,40.3,6.72,3.99
solis,2025-09-18,1298491919449848959,Richard,1308675217948936492,4804040243030117,4804040243030117,0404,6.0,,40.1,6.68,3.97
solis,2025-09-18,1298491919449848959,Richard,1308675217948936777,4804040243030101,4804040243030101,0404,6.0,,39.9,6.65,3.95
solis,2025-09-19,1298491919449848959,Richard,1308675217948936492,4804040243030117,4804040243030117,0404,6.0,,38.8,6.47,3.841
solis,2025-09-19,1298491919449848959,Richard,1308675217948936777,4804040243030101,4804040243030101,0404,6.0,,38.6,6.43,3.821
solis,2025-09-20,1298491919449848959,Richard,1308675217948936492,4804040243030117,4804040243030117,0404,6.0,,40.6,6.77,4.019
solis,2025-09-20,1298491919449848959,Richard,1308675217948936777,4804040243030101,4804040243030101,0404,6.0,,40.7,6.78,4.029
solis,2025-09-21,1298491919449848959,Richard,1308675217948936492,4804040243030117,4804040243030117,0404,6.0,,23.2,3.87,2.297
solis,2025-09-21,1298491919449848959,Richard,1308675217948936777,4804040243030101,4804040243030101,0404,6.0,,23.0,3.83,2.277
solis,2025-09-22,1298491919449848959,Richard,1308675217948936492,4804040243030117,4804040243030117,0404,6.0,,41.6,6.93,4.118
solis,2025-09-22,1298491919449848959,Richard,1308675217948936777,4804040243030101,4804040243030101,0404,6.0,,41.6,6.93,4.118
solis,2025-09-23,1298491919449848959,Richard,1308675217948936492,4804040243030117,4804040243030117,0404,6.0,,40.4,6.73,4.0
solis,2025-09-23,1298491919449848959,Richard,1308675217948936777,4804040243030101,4804040243030101,0404,6.0,,40.2,6.7,3.98
solis,2025-09-24,1298491919449848959,Richard,1308675217948936492,4804040243030117,4804040243030117,0404,6.0,,41.2,6.87,4.079
solis,2025-09-24,1298491919449848959,Richard,1308675217948936777,4804040243030101,4804040243030101,0404,6.0,,41.1,6.85,4.069
solis,2025-09-25,1298491919449848959,Richard,1308675217948936492,4804040243030117,4804040243030117,0404,6.0,,39.9,6.65,3.95
solis,2025-09-25,1298491919449848959,Richard,1308675217948936777,4804040243030101,4804040243030101,0404,6.0,,39.8,6.63,3.94
solis,2025-09-26,1298491919449848959,Richard,1308675217948936492,4804040243030117,4804040243030117,0404,6.0,,41.0,6.83,4.059
solis,2025-09-26,1298491919449848959,Richard,1308675217948936777,4804040243030101,4804040243030101,0404,6.0,,41.0,6.83,4.059
solis,2025-09-27,1298491919449848959,Richard,1308675217948936492,4804040243030117,4804040243030117,0404,6.0,,16.3,2.72,1.614
solis,2025-09-27,1298491919449848959,Richard,1308675217948936777,4804040243030101,4804040243030101,0404,6.0,,16.3,2.72,1.614
solis,2025-09-28,1298491919449848959,Richard,1308675217948936492,4804040243030117,4804040243030117,0404,6.0,,34.8,5.8,3.445
solis,2025-09-28,1298491919449848959,Richard,1308675217948936777,4804040243030101,4804040243030101,0404,6.0,,34.6,5.77,3.425
solis,2025-09-29,1298491919449848959,Richard,1308675217948936492,4804040243030117,4804040243030117,0404,6.0,,29.3,4.88,2.901
solis,2025-09-29,1298491919449848959,Richard,1308675217948936777,4804040243030101,4804040243030101,0404,6.0,,29.1,4.85,2.881
solis,2025-09-30,1298491919449848959,Richard,1308675217948936492,4804040243030117,4804040243030117,0404,6.0,,21.5,3.58,2.129
solis,2025-09-30,1298491919449848959,Richard,1308675217948936777,4804040243030101,4804040243030101,0404,6.0,,21.5,3.58,2.129
solis,2025-10-01,1298491919449848959,Richard,1308675217948936492,4804040243030117,4804040243030117,0404,6.0,,27.9,4.65,2.762
solis,2025-10-01,1298491919449848959,Richard,1308675217948936777,4804040243030101,4804040243030101,0404,6.0,,27.8,4.63,2.752
solis,2025-10-02,1298491919449848959,Richard,1308675217948936492,4804040243030117,4804040243030117,0404,6.0,,20.5,3.42,2.03
solis,2025-10-02,1298491919449848959,Richard,1308675217948936777,4804040243030101,4804040243030101,0404,6.0,,20.5,3.42,2.03
solis,2025-10-03,1298491919449848959,Richard,1308675217948936492,4804040243030117,4804040243030117,0404,6.0,,35.5,5.92,3.515
solis,2025-10-03,1298491919449848959,Richard,1308675217948936777,4804040243030101,4804040243030101,0404,6.0,,35.4,5.9,3.505
solis,2025-10-04,1298491919449848959,Richard,1308675217948936492,4804040243030117,4804040243030117,0404,6.0,,5.4,0.9,0.535
solis,2025-10-04,1298491919449848959,Richard,1308675217948936777,4804040243030101,4804040243030101,0404,6.0,,5.5,0.92,0.545
solis,2025-10-05,1298491919449848959,Richard,1308675217948936492,4804040243030117,4804040243030117,0404,6.0,,35.6,5.93,3.524
solis,2025-10-05,1298491919449848959,Richard,1308675217948936777,4804040243030101,4804040243030101,0404,6.0,,35.5,5.92,3.515
solis,2025-10-06,1298491919449848959,Richard,1308675217948936492,4804040243030117,4804040243030117,0404,6.0,,38.8,6.47,3.841
solis,2025-10-06,1298491919449848959,Richard,1308675217948936777,4804040243030101,4804040243030101,0404,6.0,,38.7,6.45,3.831
solis,2025-10-07,1298491919449848959,Richard,1308675217948936492,4804040243030117,4804040243030117,0404,6.0,,38.9,6.48,3.851
solis,2025-10-07,1298491919449848959,Richard,1308675217948936777,4804040243030101,4804040243030101,0404,6.0,,38.8,6.47,3.841
solis,2025-10-08,1298491919449848959,Richard,1308675217948936492,4804040243030117,4804040243030117,0404,6.0,,38.0,6.33,3.762
solis,2025-10-08,1298491919449848959,Richard,1308675217948936777,4804040243030101,4804040243030101,0404,6.0,,37.9,6.32,3.752
solis,2025-10-09,1298491919449848959,Richard,1308675217948936492,4804040243030117,4804040243030117,0404,6.0,,37.6,6.27,3.722
solis,2025-10-09,1298491919449848959,Richard,1308675217948936777,4804040243030101,4804040243030101,0404,6.0,,37.4,6.23,3.703
solis,2025-10-10,1298491919449848959,Richard,1308675217948936492,4804040243030117,4804040243030117,0404,6.0,,36.6,6.1,3.623
solis,2025-10-10,1298491919449848959,Richard,1308675217948936777,4804040243030101,4804040243030101,0404,6.0,,36.4,6.07,3.604
solis,2025-10-11,1298491919449848959,Richard,1308675217948936492,4804040243030117,4804040243030117,0404,6.0,,37.0,6.17,3.663
solis,2025-10-11,1298491919449848959,Richard,1308675217948936777,4804040243030101,4804040243030101,0404,6.0,,37.1,6.18,3.673
solis,2025-10-12,1298491919449848959,Richard,1308675217948936492,4804040243030117,4804040243030117,0404,6.0,,9.3,1.55,0.921
solis,2025-10-12,1298491919449848959,Richard,1308675217948936777,4804040243030101,4804040243030101,0404,6.0,,9.1,1.52,0.901
solis,2025-10-13,1298491919449848959,Richard,1308675217948936492,4804040243030117,4804040243030117,0404,6.0,,28.3,4.72,2.802
solis,2025-10-13,1298491919449848959,Richard,1308675217948936777,4804040243030101,4804040243030101,0404,6.0,,28.1,4.68,2.782
solis,2025-10-14,1298491919449848959,Richard,1308675217948936492,4804040243030117,4804040243030117,0404,6.0,,8.0,1.33,0.792
solis,2025-10-14,1298491919449848959,Richard,1308675217948936777,4804040243030101,4804040243030101,0404,6.0,,7.9,1.32,0.782
solis,2025-10-15,1298491919449848959,Richard,1308675217948936492,4804040243030117,4804040243030117,0404,6.0,,37.4,6.23,3.703
solis,2025-10-15,1298491919449848959,Richard,1308675217948936777,4804040243030101,4804040243030101,0404,6.0,,37.3,6.22,3.693
solis,2025-10-16,1298491919449848959,Richard,1308675217948936492,4804040243030117,4804040243030117,0404,6.0,,37.7,6.28,3.732
solis,2025-10-16,1298491919449848959,Richard,1308675217948936777,4804040243030101,4804040243030101,0404,6.0,,37.8,6.3,3.742
solis,2025-10-17,1298491919449848959,Richard,1308675217948936492,4804040243030117,4804040243030117,0404,6.0,,16.8,2.8,1.663
solis,2025-10-17,1298491919449848959,Richard,1308675217948936777,4804040243030101,4804040243030101,0404,6.0,,16.7,2.78,1.653
solis,2025-10-18,1298491919449848959,Richard,1308675217948936492,4804040243030117,4804040243030117,0404,6.0,,30.8,5.13,3.049
solis,2025-10-18,1298491919449848959,Richard,1308675217948936777,4804040243030101,4804040243030101,0404,6.0,,30.8,5.13,3.049
solis,2025-10-19,1298491919449848959,Richard,1308675217948936492,4804040243030117,4804040243030117,0404,6.0,,29.0,4.83,2.871
solis,2025-10-19,1298491919449848959,Richard,1308675217948936777,4804040243030101,4804040243030101,0404,6.0,,29.1,4.85,2.881
solis,2025-10-20,1298491919449848959,Richard,1308675217948936492,4804040243030117,4804040243030117,0404,6.0,,30.0,5.0,2.97
solis,2025-10-20,1298491919449848959,Richard,1308675217948936777,4804040243030101,4804040243030101,0404,6.0,,29.9,4.98,2.96
solis,2025-10-21,1298491919449848959,Richard,1308675217948936492,4804040243030117,4804040243030117,0404,6.0,,36.4,6.07,3.604
solis,2025-10-21,1298491919449848959,Richard,1308675217948936777,4804040243030101,4804040243030101,0404,6.0,,36.4,6.07,3.604
solis,2025-10-22,1298491919449848959,Richard,1308675217948936492,4804040243030117,4804040243030117,0404,6.0,,36.4,6.07,3.604
solis,2025-10-22,1298491919449848959,Richard,1308675217948936777,4804040243030101,4804040243030101,0404,6.0,,36.4,6.07,3.604
solis,2025-10-23,1298491919449848959,Richard,1308675217948936492,4804040243030117,4804040243030117,0404,6.0,,31.7,5.28,3.138
solis,2025-10-23,1298491919449848959,Richard,1308675217948936777,4804040243030101,4804040243030101,0404,6.0,,31.8,5.3,3.148
solis,2025-10-24,1298491919449848959,Richard,1308675217948936492,4804040243030117,4804040243030117,0404,6.0,,11.4,1.9,1.129
solis,2025-10-24,1298491919449848959,Richard,1308675217948936777,4804040243030101,4804040243030101,0404,6.0,,11.4,1.9,1.129
solis,2025-10-25,1298491919449848959,Richard,1308675217948936492,4804040243030117,4804040243030117,0404,6.0,,23.5,3.92,2.327
solis,2025-10-25,1298491919449848959,Richard,1308675217948936777,4804040243030101,4804040243030101,0404,6.0,,23.4,3.9,2.317
solis,2025-10-26,1298491919449848959,Richard,1308675217948936492,4804040243030117,4804040243030117,0404,6.0,,29.6,4.93,2.93
solis,2025-10-26,1298491919449848959,Richard,1308675217948936777,4804040243030101,4804040243030101,0404,6.0,,29.5,4.92,2.921
solis,2025-10-27,1298491919449848959,Richard,1308675217948936492,4804040243030117,4804040243030117,0404,6.0,,26.5,4.42,2.624
solis,2025-10-27,1298491919449848959,Richard,1308675217948936777,4804040243030101,4804040243030101,0404,6.0,,26.7,4.45,2.643
solis,2025-10-28,1298491919449848959,Richard,1308675217948936492,4804040243030117,4804040243030117,0404,6.0,,33.5,5.58,3.317
solis,2025-10-28,1298491919449848959,Richard,1308675217948936777,4804040243030101,4804040243030101,0404,6.0,,33.4,5.57,3.307
solis,2025-10-29,1298491919449848959,Richard,1308675217948936492,4804040243030117,4804040243030117,0404,6.0,,33.2,5.53,3.287
solis,2025-10-29,1298491919449848959,Richard,1308675217948936777,4804040243030101,4804040243030101,0404,6.0,,33.4,5.57,3.307
solis,2025-10-30,1298491919449848959,Richard,1308675217948936492,4804040243030117,4804040243030117,0404,6.0,,31.3,5.22,3.099
solis,2025-10-30,1298491919449848959,Richard,1308675217948936777,4804040243030101,4804040243030101,0404,6.0,,31.3,5.22,3.099
solis,2025-10-31,1298491919449848959,Richard,1308675217948936492,4804040243030117,4804040243030117,0404,6.0,,16.7,2.78,1.653
solis,2025-10-31,1298491919449848959,Richard,1308675217948936777,4804040243030101,4804040243030101,0404,6.0,,16.5,2.75,1.634
solis,2025-11-01,1298491919449848959,Richard,1308675217948936492,4804040243030117,4804040243030117,0404,6.0,,15.3,2.55,1.515
solis,2025-11-01,1298491919449848959,Richard,1308675217948936777,4804040243030101,4804040243030101,0404,6.0,,15.4,2.57,1.525
solis,2025-11-02,1298491919449848959,Richard,1308675217948936492,4804040243030117,4804040243030117,0404,6.0,,34.6,5.77,3.425
solis,2025-11-02,1298491919449848959,Richard,1308675217948936777,4804040243030101,4804040243030101,0404,6.0,,34.7,5.78,3.435
solis,2025-11-03,1298491919449848959,Richard,1308675217948936492,4804040243030117,4804040243030117,0404,6.0,,13.3,2.22,1.317
solis,2025-11-03,1298491919449848959,Richard,1308675217948936777,4804040243030101,4804040243030101,0404,6.0,,13.4,2.23,1.327
solis,2025-11-04,1298491919449848959,Richard,1308675217948936492,4804040243030117,4804040243030117,0404,6.0,,33.0,5.5,3.267
solis,2025-11-04,1298491919449848959,Richard,1308675217948936777,4804040243030101,4804040243030101,0404,6.0,,32.9,5.48,3.257
solis,2025-11-05,1298491919449848959,Richard,1308675217948936492,4804040243030117,4804040243030117,0404,6.0,,5.7,0.95,0.564
solis,2025-11-05,1298491919449848959,Richard,1308675217948936777,4804040243030101,4804040243030101,0404,6.0,,5.6,0.93,0.554
solis,2025-11-06,1298491919449848959,Richard,1308675217948936492,4804040243030117,4804040243030117,0404,6.0,,24.6,4.1,2.435
solis,2025-11-06,1298491919449848959,Richard,1308675217948936777,4804040243030101,4804040243030101,0404,6.0,,24.8,4.13,2.455
solis,2025-11-07,1298491919449848959,Richard,1308675217948936492,4804040243030117,4804040243030117,0404,6.0,,4.4,0.73,0.436
solis,2025-11-07,1298491919449848959,Richard,1308675217948936777,4804040243030101,4804040243030101,0404,6.0,,4.4,0.73,0.436
solis,2025-11-08,1298491919449848959,Richard,1308675217948936492,4804040243030117,4804040243030117,0404,6.0,,25.9,4.32,2.564
solis,2025-11-08,1298491919449848959,Richard,1308675217948936777,4804040243030101,4804040243030101,0404,6.0,,25.9,4.32,2.564
solis,2025-11-09,1298491919449848959,Richard,1308675217948936492,4804040243030117,4804040243030117,0404,6.0,,7.9,1.32,0.782
solis,2025-11-09,1298491919449848959,Richard,1308675217948936777,4804040243030101,4804040243030101,0404,6.0,,7.9,1.32,0.782
solis,2025-11-10,1298491919449848959,Richard,1308675217948936492,4804040243030117,4804040243030117,0404,6.0,,6.9,1.15,0.683
solis,2025-11-10,1298491919449848959,Richard,1308675217948936777,4804040243030101,4804040243030101,0404,6.0,,6.9,1.15,0.683
solis,2025-11-11,1298491919449848959,Richard,1308675217948936492,4804040243030117,4804040243030117,0404,6.0,,20.1,3.35,1.99
solis,2025-11-11,1298491919449848959,Richard,1308675217948936777,4804040243030101,4804040243030101,0404,6.0,,20.3,3.38,2.01
solis,2025-11-12,1298491919449848959,Richard,1308675217948936492,4804040243030117,4804040243030117,0404,6.0,,6.0,1.0,0.594
solis,2025-11-12,1298491919449848959,Richard,1308675217948936777,4804040243030101,4804040243030101,0404,6.0,,5.9,0.98,0.584
solis,2025-11-13,1298491919449848959,Richard,1308675217948936492,4804040243030117,4804040243030117,0404,6.0,,21.4,3.57,2.119
solis,2025-11-13,1298491919449848959,Richard,1308675217948936777,4804040243030101,4804040243030101,0404,6.0,,21.6,3.6,2.138
solis,2025-11-14,1298491919449848959,Richard,1308675217948936492,4804040243030117,4804040243030117,0404,6.0,,4.5,0.75,0.446
solis,2025-11-14,1298491919449848959,Richard,1308675217948936777,4804040243030101,4804040243030101,0404,6.0,,4.6,0.77,0.455
solis,2025-11-15,1298491919449848959,Richard,1308675217948936492,4804040243030117,4804040243030117,0404,6.0,,17.7,2.95,1.752
solis,2025-11-15,1298491919449848959,Richard,1308675217948936777,4804040243030101,4804040243030101,0404,6.0,,17.4,2.9,1.723
solis,2025-11-16,1298491919449848959,Richard,1308675217948936492,4804040243030117,4804040243030117,0404,6.0,,18.7,3.12,1.851
solis,2025-11-16,1298491919449848959,Richard,1308675217948936777,4804040243030101,4804040243030101,0404,6.0,,18.6,3.1,1.841
solis,2025-11-17,1298491919449848959,Richard,1308675217948936492,4804040243030117,4804040243030117,0404,6.0,,12.6,2.1,1.247
solis,2025-11-17,1298491919449848959,Richard,1308675217948936777,4804040243030101,4804040243030101,0404,6.0,,12.6,2.1,1.247
solis,2025-11-18,1298491919449848959,Richard,1308675217948936492,4804040243030117,4804040243030117,0404,6.0,,12.1,2.02,1.198
solis,2025-11-18,1298491919449848959,Richard,1308675217948936777,4804040243030101,4804040243030101,0404,6.0,,12.1,2.02,1.198
solis,2025-11-19,1298491919449848959,Richard,1308675217948936492,4804040243030117,4804040243030117,0404,6.0,,27.8,4.63,2.752
solis,2025-11-19,1298491919449848959,Richard,1308675217948936777,4804040243030101,4804040243030101,0404,6.0,,27.9,4.65,2.762
solis,2025-11-20,1298491919449848959,Richard,1308675217948936492,4804040243030117,4804040243030117,0404,6.0,,28.7,4.78,2.841
solis,2025-11-20,1298491919449848959,Richard,1308675217948936777,4804040243030101,4804040243030101,0404,6.0,,28.9,4.82,2.861
solis,2025-11-21,1298491919449848959,Richard,1308675217948936492,4804040243030117,4804040243030117,0404,6.0,,6.3,1.05,0.624
solis,2025-11-21,1298491919449848959,Richard,1308675217948936777,4804040243030101,4804040243030101,0404,6.0,,6.3,1.05,0.624
solis,2025-11-22,1298491919449848959,Richard,1308675217948936492,4804040243030117,4804040243030117,0404,6.0,,24.6,4.1,2.435
solis,2025-11-22,1298491919449848959,Richard,1308675217948936777,4804040243030101,4804040243030101,0404,6.0,,24.6,4.1,2.435
solis,2025-11-23,1298491919449848959,Richard,1308675217948936492,4804040243030117,4804040243030117,0404,6.0,,13.6,2.27,1.346
solis,2025-11-23,1298491919449848959,Richard,1308675217948936777,4804040243030101,4804040243030101,0404,6.0,,13.6,2.27,1.346
solis,2025-11-24,1298491919449848959,Richard,1308675217948936492,4804040243030117,4804040243030117,0404,6.0,,0.5,0.08,0.05
solis,2025-11-24,1298491919449848959,Richard,1308675217948936777,4804040243030101,4804040243030101,0404,6.0,,0.3,0.05,0.03
solis,2025-11-25,1298491919449848959,Richard,1308675217948936492,4804040243030117,4804040243030117,0404,6.0,,15.9,2.65,1.574
solis,2025-11-25,1298491919449848959,Richard,1308675217948936777,4804040243030101,4804040243030101,0404,6.0,,13.0,2.17,1.287
solis,2025-11-26,1298491919449848959,Richard,1308675217948936492,4804040243030117,4804040243030117,0404,6.0,,20.9,3.48,2.069
solis,2025-11-26,1298491919449848959,Richard,1308675217948936777,4804040243030101,4804040243030101,0404,6.0,,21.0,3.5,2.079
solis,2025-11-27,1298491919449848959,Richard,1308675217948936492,4804040243030117,4804040243030117,0404,6.0,,7.6,1.27,0.752
solis,2025-11-27,1298491919449848959,Richard,1308675217948936777,4804040243030101,4804040243030101,0404,6.0,,7.4,1.23,0.733
solis,2025-11-28,1298491919449848959,Richard,1308675217948936492,4804040243030117,4804040243030117,0404,6.0,,1.9,0.32,0.188
solis,2025-11-28,1298491919449848959,Richard,1308675217948936777,4804040243030101,4804040243030101,0404,6.0,,2.1,0.35,0.208
solis,2025-11-29,1298491919449848959,Richard,1308675217948936492,4804040243030117,4804040243030117,0404,6.0,,27.2,4.53,2.693
solis,2025-11-29,1298491919449848959,Richard,1308675217948936777,4804040243030101,4804040243030101,0404,6.0,,26.3,4.38,2.604
solis,2025-11-30,1298491919449848959,Richard,1308675217948936492,4804040243030117,4804040243030117,0404,6.0,,24.8,4.13,2.455
solis,2025-11-30,1298491919449848959,Richard,1308675217948936777,4804040243030101,4804040243030101,0404,6.0,,25.0,4.17,2.475
solis,2025-12-01,1298491919449848959,Richard,1308675217948936492,4804040243030117,4804040243030117,0404,6.0,,12.2,2.03,1.208
solis,2025-12-01,1298491919449848959,Richard,1308675217948936777,4804040243030101,4804040243030101,0404,6.0,,12.2,2.03,1.208
solis,2025-12-02,1298491919449848959,Richard,1308675217948936492,4804040243030117,4804040243030117,0404,6.0,,6.3,1.05,0.624
solis,2025-12-02,1298491919449848959,Richard,1308675217948936777,4804040243030101,4804040243030101,0404,6.0,,6.1,1.02,0.604
solis,2025-12-03,1298491919449848959,Richard,1308675217948936492,4804040243030117,4804040243030117,0404,6.0,,15.3,2.55,1.515
solis,2025-12-03,1298491919449848959,Richard,1308675217948936777,4804040243030101,4804040243030101,0404,6.0,,14.9,2.48,1.475
solis,2025-12-04,1298491919449848959,Richard,1308675217948936492,4804040243030117,4804040243030117,0404,6.0,,19.7,3.28,1.95
solis,2025-12-04,1298491919449848959,Richard,1308675217948936777,4804040243030101,4804040243030101,0404,6.0,,19.4,3.23,1.921
solis,2025-12-05,1298491919449848959,Richard,1308675217948936492,4804040243030117,4804040243030117,0404,6.0,,11.1,1.85,1.099
solis,2025-12-05,1298491919449848959,Richard,1308675217948936777,4804040243030101,4804040243030101,0404,6.0,,10.9,1.82,1.079
solis,2025-12-06,1298491919449848959,Richard,1308675217948936492,4804040243030117,4804040243030117,0404,6.0,,8.9,1.48,0.881
solis,2025-12-06,1298491919449848959,Richard,1308675217948936777,4804040243030101,4804040243030101,0404,6.0,,9.0,1.5,0.891
solis,2025-12-07,1298491919449848959,Richard,1308675217948936492,4804040243030117,4804040243030117,0404,6.0,,10.5,1.75,1.04
solis,2025-12-07,1298491919449848959,Richard,1308675217948936777,4804040243030101,4804040243030101,0404,6.0,,10.5,1.75,1.04
solis,2025-12-08,1298491919449848959,Richard,1308675217948936492,4804040243030117,4804040243030117,0404,6.0,,3.7,0.62,0.366
solis,2025-12-08,1298491919449848959,Richard,1308675217948936777,4804040243030101,4804040243030101,0404,6.0,,3.5,0.58,0.347
solis,2025-12-09,1298491919449848959,Richard,1308675217948936492,4804040243030117,4804040243030117,0404,6.0,,19.1,3.18,1.891
solis,2025-12-09,1298491919449848959,Richard,1308675217948936777,4804040243030101,4804040243030101,0404,6.0,,19.0,3.17,1.881
solis,2025-12-10,1298491919449848959,Richard,1308675217948936492,4804040243030117,4804040243030117,0404,6.0,,4.1,0.68,0.406
solis,2025-12-10,1298491919449848959,Richard,1308675217948936777,4804040243030101,4804040243030101,0404,6.0,,4.0,0.67,0.396
solis,2025-12-11,1298491919449848959,Richard,1308675217948936492,4804040243030117,4804040243030117,0404,6.0,,0.6,0.1,0.059
solis,2025-12-11,1298491919449848959,Richard,1308675217948936777,4804040243030101,4804040243030101,0404,6.0,,0.7,0.12,0.069
solis,2025-12-12,1298491919449848959,Richard,1308675217948936492,4804040243030117,4804040243030117,0404,6.0,,4.3,0.72,0.426
solis,2025-12-12,1298491919449848959,Richard,1308675217948936777,4804040243030101,4804040243030101,0404,6.0,,3.7,0.62,0.366
solis,2025-12-13,1298491919449848959,Richard,1308675217948936492,4804040243030117,4804040243030117,0404,6.0,,4.5,0.75,0.446
solis,2025-12-13,1298491919449848959,Richard,1308675217948936777,4804040243030101,4804040243030101,0404,6.0,,4.6,0.77,0.455
solis,2025-12-14,1298491919449848959,Richard,1308675217948936492,4804040243030117,4804040243030117,0404,6.0,,8.1,1.35,0.802
solis,2025-12-14,1298491919449848959,Richard,1308675217948936777,4804040243030101,4804040243030101,0404,6.0,,8.0,1.33,0.792
solis,2025-12-15,1298491919449848959,Richard,1308675217948936492,4804040243030117,4804040243030117,0404,6.0,,11.7,1.95,1.158
solis,2025-12-15,1298491919449848959,Richard,1308675217948936777,4804040243030101,4804040243030101,0404,6.0,,11.8,1.97,1.168
solis,2025-12-16,1298491919449848959,Richard,1308675217948936492,4804040243030117,4804040243030117,0404,6.0,,22.1,3.68,2.188
solis,2025-12-16,1298491919449848959,Richard,1308675217948936777,4804040243030101,4804040243030101,0404,6.0,,22.2,3.7,2.198
solis,2025-12-17,1298491919449848959,Richard,1308675217948936492,4804040243030117,4804040243030117,0404,6.0,,7.3,1.22,0.723
solis,2025-12-17,1298491919449848959,Richard,1308675217948936777,4804040243030101,4804040243030101,0404,6.0,,7.2,1.2,0.713
solis,2025-12-18,1298491919449848959,Richard,1308675217948936492,4804040243030117,4804040243030117,0404,6.0,,4.3,0.72,0.426
solis,2025-12-18,1298491919449848959,Richard,1308675217948936777,4804040243030101,4804040243030101,0404,6.0,,4.1,0.68,0.406
solis,2025-12-19,1298491919449848959,Richard,1308675217948936492,4804040243030117,4804040243030117,0404,6.0,,21.1,3.52,2.089
solis,2025-12-19,1298491919449848959,Richard,1308675217948936777,4804040243030101,4804040243030101,0404,6.0,,21.1,3.52,2.089
solis,2025-12-20,1298491919449848959,Richard,1308675217948936492,4804040243030117,4804040243030117,0404,6.0,,24.2,4.03,2.396
solis,2025-12-20,1298491919449848959,Richard,1308675217948936777,4804040243030101,4804040243030101,0404,6.0,,24.2,4.03,2.396
solis,2025-12-21,1298491919449848959,Richard,1308675217948936492,4804040243030117,4804040243030117,0404,6.0,,7.7,1.28,0.762
solis,2025-12-21,1298491919449848959,Richard,1308675217948936777,4804040243030101,4804040243030101,0404,6.0,,7.7,1.28,0.762
solis,2025-12-22,1298491919449848959,Richard,1308675217948936492,4804040243030117,4804040243030117,0404,6.0,,4.5,0.75,0.446
solis,2025-12-22,1298491919449848959,Richard,1308675217948936777,4804040243030101,4804040243030101,0404,6.0,,4.5,0.75,0.446
solis,2025-12-23,1298491919449848959,Richard,1308675217948936492,4804040243030117,4804040243030117,0404,6.0,,14.9,2.48,1.475
solis,2025-12-23,1298491919449848959,Richard,1308675217948936777,4804040243030101,4804040243030101,0404,6.0,,14.9,2.48,1.475
solis,2025-12-24,1298491919449848959,Richard,1308675217948936492,4804040243030117,4804040243030117,0404,6.0,,1.8,0.3,0.178
solis,2025-12-24,1298491919449848959,Richard,1308675217948936777,4804040243030101,4804040243030101,0404,6.0,,1.8,0.3,0.178
solis,2025-12-25,1298491919449848959,Richard,1308675217948936492,4804040243030117,4804040243030117,0404,6.0,,20.4,3.4,2.02
solis,2025-12-25,1298491919449848959,Richard,1308675217948936777,4804040243030101,4804040243030101,0404,6.0,,20.3,3.38,2.01
solis,2025-12-26,1298491919449848959,Richard,1308675217948936492,4804040243030117,4804040243030117,0404,6.0,,2.1,0.35,0.208
solis,2025-12-26,1298491919449848959,Richard,1308675217948936777,4804040243030101,4804040243030101,0404,6.0,,2.1,0.35,0.208
solis,2025-12-27,1298491919449848959,Richard,1308675217948936492,4804040243030117,4804040243030117,0404,6.0,,7.5,1.25,0.743
solis,2025-12-27,1298491919449848959,Richard,1308675217948936777,4804040243030101,4804040243030101,0404,6.0,,8.2,1.37,0.812
solis,2025-12-28,1298491919449848959,Richard,1308675217948936492,4804040243030117,4804040243030117,0404,6.0,,16.2,2.7,1.604
solis,2025-12-28,1298491919449848959,Richard,1308675217948936777,4804040243030101,4804040243030101,0404,6.0,,16.0,2.67,1.584
solis,2025-12-29,1298491919449848959,Richard,1308675217948936492,4804040243030117,4804040243030117,0404,6.0,,14.4,2.4,1.426
solis,2025-12-29,1298491919449848959,Richard,1308675217948936777,4804040243030101,4804040243030101,0404,6.0,,14.4,2.4,1.426
solis,2025-12-30,1298491919449848959,Richard,1308675217948936492,4804040243030117,4804040243030117,0404,6.0,,14.8,2.47,1.465
solis,2025-12-30,1298491919449848959,Richard,1308675217948936777,4804040243030101,4804040243030101,0404,6.0,,14.7,2.45,1.455
solis,2025-12-31,1298491919449848959,Richard,1308675217948936492,4804040243030117,4804040243030117,0404,6.0,,16.7,2.78,1.653
solis,2025-12-31,1298491919449848959,Richard,1308675217948936777,4804040243030101,4804040243030101,0404,6.0,,16.8,2.8,1.663
solis,2026-01-01,1298491919449848959,Richard,1308675217948936492,4804040243030117,4804040243030117,0404,6.0,,7.7,1.28,0.762
solis,2026-01-01,1298491919449848959,Richard,1308675217948936777,4804040243030101,4804040243030101,0404,6.0,,7.7,1.28,0.762
solis,2026-01-02,1298491919449848959,Richard,1308675217948936492,4804040243030117,4804040243030117,0404,6.0,,7.2,1.2,0.713
solis,2026-01-02,1298491919449848959,Richard,1308675217948936777,4804040243030101,4804040243030101,0404,6.0,,7.2,1.2,0.713
solis,2026-01-03,1298491919449848959,Richard,1308675217948936492,4804040243030117,4804040243030117,0404,6.0,,9.8,1.63,0.97
solis,2026-01-03,1298491919449848959,Richard,1308675217948936777,4804040243030101,4804040243030101,0404,6.0,,9.8,1.63,0.97
solis,2026-01-04,1298491919449848959,Richard,1308675217948936492,4804040243030117,4804040243030117,0404,6.0,,11.6,1.93,1.148
solis,2026-01-04,1298491919449848959,Richard,1308675217948936777,4804040243030101,4804040243030101,0404,6.0,,11.6,1.93,1.148
solis,2026-01-06,1298491919449848959,Richard,1308675217948936492,4804040243030117,4804040243030117,0404,6.0,,7.1,1.18,0.703
solis,2026-01-06,1298491919449848959,Richard,1308675217948936777,4804040243030101,4804040243030101,0404,6.0,,7.2,1.2,0.713
solis,2026-01-07,1298491919449848959,Richard,1308675217948936492,4804040243030117,4804040243030117,0404,6.0,,25.0,4.17,2.475
solis,2026-01-07,1298491919449848959,Richard,1308675217948936777,4804040243030101,4804040243030101,0404,6.0,,25.1,4.18,2.485
solis,2026-01-08,1298491919449848959,Richard,1308675217948936492,4804040243030117,4804040243030117,0404,6.0,,26.5,4.42,2.624
solis,2026-01-08,1298491919449848959,Richard,1308675217948936777,4804040243030101,4804040243030101,0404,6.0,,26.7,4.45,2.643
solis,2026-01-09,1298491919449848959,Richard,1308675217948936492,4804040243030117,4804040243030117,0404,6.0,,16.3,2.72,1.614
solis,2026-01-09,1298491919449848959,Richard,1308675217948936777,4804040243030101,4804040243030101,0404,6.0,,16.3,2.72,1.614
solis,2026-01-10,1298491919449848959,Richard,1308675217948936492,4804040243030117,4804040243030117,0404,6.0,,10.3,1.72,1.02
solis,2026-01-10,1298491919449848959,Richard,1308675217948936777,4804040243030101,4804040243030101,0404,6.0,,10.4,1.73,1.03
solis,2026-01-11,1298491919449848959,Richard,1308675217948936492,4804040243030117,4804040243030117,0404,6.0,,5.8,0.97,0.574
solis,2026-01-11,1298491919449848959,Richard,1308675217948936777,4804040243030101,4804040243030101,0404,6.0,,5.8,0.97,0.574
solis,2026-01-12,1298491919449848959,Richard,1308675217948936492,4804040243030117,4804040243030117,0404,6.0,,4.5,0.75,0.446
solis,2026-01-12,1298491919449848959,Richard,1308675217948936777,4804040243030101,4804040243030101,0404,6.0,,4.5,0.75,0.446
solis,2026-01-13,1298491919449848959,Richard,1308675217948936492,4804040243030117,4804040243030117,0404,6.0,,10.4,1.73,1.03
solis,2026-01-13,1298491919449848959,Richard,1308675217948936777,4804040243030101,4804040243030101,0404,6.0,,10.5,1.75,1.04
solis,2026-01-14,1298491919449848959,Richard,1308675217948936492,4804040243030117,4804040243030117,0404,6.0,,27.4,4.57,2.713
solis,2026-01-14,1298491919449848959,Richard,1308675217948936777,4804040243030101,4804040243030101,0404,6.0,,27.4,4.57,2.713
solis,2026-01-15,1298491919449848959,Richard,1308675217948936492,4804040243030117,4804040243030117,0404,6.0,,10.6,1.77,1.049
solis,2026-01-15,1298491919449848959,Richard,1308675217948936777,4804040243030101,4804040243030101,0404,6.0,,10.6,1.77,1.049
solis,2026-01-16,1298491919449848959,Richard,1308675217948936492,4804040243030117,4804040243030117,0404,6.0,,23.6,3.93,2.336
solis,2026-01-16,1298491919449848959,Richard,1308675217948936777,4804040243030101,4804040243030101,0404,6.0,,23.7,3.95,2.346
solis,2026-01-17,1298491919449848959,Richard,1308675217948936492,4804040243030117,4804040243030117,0404,6.0,,22.4,3.73,2.218
solis,2026-01-17,1298491919449848959,Richard,1308675217948936777,4804040243030101,4804040243030101,0404,6.0,,22.5,3.75,2.228
solis,2026-01-18,1298491919449848959,Richard,1308675217948936492,4804040243030117,4804040243030117,0404,6.0,,3.1,0.52,0.307
solis,2026-01-18,1298491919449848959,Richard,1308675217948936777,4804040243030101,4804040243030101,0404,6.0,,3.1,0.52,0.307
solis,2026-01-19,1298491919449848959,Richard,1308675217948936492,4804040243030117,4804040243030117,0404,6.0,,23.4,3.9,2.317
solis,2026-01-19,1298491919449848959,Richard,1308675217948936777,4804040243030101,4804040243030101,0404,6.0,,23.4,3.9,2.317
solis,2026-01-20,1298491919449848959,Richard,1308675217948936492,4804040243030117,4804040243030117,0404,6.0,,17.2,2.87,1.703
solis,2026-01-20,1298491919449848959,Richard,1308675217948936777,4804040243030101,4804040243030101,0404,6.0,,17.2,2.87,1.703
solis,2026-01-21,1298491919449848959,Richard,1308675217948936492,4804040243030117,4804040243030117,0404,6.0,,18.3,3.05,1.812
solis,2026-01-21,1298491919449848959,Richard,1308675217948936777,4804040243030101,4804040243030101,0404,6.0,,18.4,3.07,1.822
solis,2026-01-22,1298491919449848959,Richard,1308675217948936492,4804040243030117,4804040243030117,0404,6.0,,4.0,0.67,0.396
solis,2026-01-22,1298491919449848959,Richard,1308675217948936777,4804040243030101,4804040243030101,0404,6.0,,4.1,0.68,0.406
solis,2026-01-23,1298491919449848959,Richard,1308675217948936492,4804040243030117,4804040243030117,0404,6.0,,24.4,4.07,2.416
solis,2026-01-23,1298491919449848959,Richard,1308675217948936777,4804040243030101,4804040243030101,0404,6.0,,25.0,4.17,2.475
solis,2026-01-24,1298491919449848959,Richard,1308675217948936492,4804040243030117,4804040243030117,0404,6.0,,1.4,0.23,0.139
solis,2026-01-24,1298491919449848959,Richard,1308675217948936777,4804040243030101,4804040243030101,0404,6.0,,1.3,0.22,0.129
solis,2026-01-25,1298491919449848959,Richard,1308675217948936492,4804040243030117,4804040243030117,0404,6.0,,13.2,2.2,1.307
solis,2026-01-25,1298491919449848959,Richard,1308675217948936777,4804040243030101,4804040243030101,0404,6.0,,15.6,2.6,1.544
solis,2026-01-26,1298491919449848959,Richard,1308675217948936492,4804040243030117,4804040243030117,0404,6.0,,8.3,1.38,0.822
solis,2026-01-26,1298491919449848959,Richard,1308675217948936777,4804040243030101,4804040243030101,0404,6.0,,8.2,1.37,0.812
solis,2026-01-27,1298491919449848959,Richard,1308675217948936492,4804040243030117,4804040243030117,0404,6.0,,30.5,5.08,3.02
solis,2026-01-27,1298491919449848959,Richard,1308675217948936777,4804040243030101,4804040243030101,0404,6.0,,30.6,5.1,3.029
solis,2026-01-28,1298491919449848959,Richard,1308675217948936492,4804040243030117,4804040243030117,0404,6.0,,12.8,2.13,1.267
solis,2026-01-28,1298491919449848959,Richard,1308675217948936777,4804040243030101,4804040243030101,0404,6.0,,12.7,2.12,1.257
solis,2026-01-29,1298491919449848959,Richard,1308675217948936492,4804040243030117,4804040243030117,0404,6.0,,25.0,4.17,2.475
solis,2026-01-29,1298491919449848959,Richard,1308675217948936777,4804040243030101,4804040243030101,0404,6.0,,13.5,2.25,1.337
solis,2026-01-30,1298491919449848959,Richard,1308675217948936492,4804040243030117,4804040243030117,0404,6.0,,8.7,1.45,0.861
solis,2026-01-30,1298491919449848959,Richard,1308675217948936777,4804040243030101,4804040243030101,0404,6.0,,8.6,1.43,0.851
solis,2026-01-31,1298491919449848959,Richard,1308675217948936492,4804040243030117,4804040243030117,0404,6.0,,23.7,3.95,2.346
solis,2026-01-31,1298491919449848959,Richard,1308675217948936777,4804040243030101,4804040243030101,0404,6.0,,23.8,3.97,2.356
solis,2026-02-01,1298491919449848959,Richard,1308675217948936492,4804040243030117,4804040243030117,0404,6.0,,17.3,2.88,1.713
solis,2026-02-01,1298491919449848959,Richard,1308675217948936777,4804040243030101,4804040243030101,0404,6.0,,17.3,2.88,1.713
solis,2026-02-02,1298491919449848959,Richard,1308675217948936492,4804040243030117,4804040243030117,0404,6.0,,26.4,4.4,2.614
solis,2026-02-02,1298491919449848959,Richard,1308675217948936777,4804040243030101,4804040243030101,0404,6.0,,26.5,4.42,2.624
solis,2026-02-03,1298491919449848959,Richard,1308675217948936492,4804040243030117,4804040243030117,0404,6.0,,18.7,3.12,1.851
solis,2026-02-03,1298491919449848959,Richard,1308675217948936777,4804040243030101,4804040243030101,0404,6.0,,18.6,3.1,1.841
solis,2026-02-04,1298491919449848959,Richard,1308675217948936492,4804040243030117,4804040243030117,0404,6.0,,11.0,1.83,1.089
solis,2026-02-04,1298491919449848959,Richard,1308675217948936777,4804040243030101,4804040243030101,0404,6.0,,11.0,1.83,1.089
solis,2026-02-05,1298491919449848959,Richard,1308675217948936492,4804040243030117,4804040243030117,0404,6.0,,29.7,4.95,2.94
solis,2026-02-05,1298491919449848959,Richard,1308675217948936777,4804040243030101,4804040243030101,0404,6.0,,29.8,4.97,2.95
solis,2026-02-06,1298491919449848959,Richard,1308675217948936492,4804040243030117,4804040243030117,0404,6.0,,28.3,4.72,2.802
solis,2026-02-06,1298491919449848959,Richard,1308675217948936777,4804040243030101,4804040243030101,0404,6.0,,28.3,4.72,2.802
solis,2026-02-07,1298491919449848959,Richard,1308675217948936492,4804040243030117,4804040243030117,0404,6.0,,26.1,4.35,2.584
solis,2026-02-07,1298491919449848959,Richard,1308675217948936777,4804040243030101,4804040243030101,0404,6.0,,26.0,4.33,2.574
solis,2026-02-08,1298491919449848959,Richard,1308675217948936492,4804040243030117,4804040243030117,0404,6.0,,11.6,1.93,1.148
solis,2026-02-08,1298491919449848959,Richard,1308675217948936777,4804040243030101,4804040243030101,0404,6.0,,11.6,1.93,1.148
solis,2026-02-09,1298491919449848959,Richard,1308675217948936492,4804040243030117,4804040243030117,0404,6.0,,18.9,3.15,1.871
solis,2026-02-09,1298491919449848959,Richard,1308675217948936777,4804040243030101,4804040243030101,0404,6.0,,18.8,3.13,1.861
solis,2026-02-10,1298491919449848959,Richard,1308675217948936492,4804040243030117,4804040243030117,0404,6.0,,35.6,5.93,3.524
solis,2026-02-10,1298491919449848959,Richard,1308675217948936777,4804040243030101,4804040243030101,0404,6.0,,35.8,5.97,3.544
solis,2026-02-11,1298491919449848959,Richard,1308675217948936492,4804040243030117,4804040243030117,0404,6.0,,35.0,5.83,3.465
solis,2026-02-11,1298491919449848959,Richard,1308675217948936777,4804040243030101,4804040243030101,0404,6.0,,35.0,5.83,3.465
solis,2026-02-12,1298491919449848959,Richard,1308675217948936492,4804040243030117,4804040243030117,0404,6.0,,15.3,2.55,1.515
solis,2026-02-12,1298491919449848959,Richard,1308675217948936777,4804040243030101,4804040243030101,0404,6.0,,15.2,2.53,1.505
solis,2026-02-13,1298491919449848959,Richard,1308675217948936492,4804040243030117,4804040243030117,0404,6.0,,15.0,2.5,1.485
solis,2026-02-13,1298491919449848959,Richard,1308675217948936777,4804040243030101,4804040243030101,0404,6.0,,15.1,2.52,1.495
solis,2026-02-14,1298491919449848959,Richard,1308675217948936492,4804040243030117,4804040243030117,0404,6.0,,33.3,5.55,3.297
solis,2026-02-14,1298491919449848959,Richard,1308675217948936777,4804040243030101,4804040243030101,0404,6.0,,33.3,5.55,3.297
solis,2026-02-15,1298491919449848959,Richard,1308675217948936492,4804040243030117,4804040243030117,0404,6.0,,36.7,6.12,3.633
solis,2026-02-15,1298491919449848959,Richard,1308675217948936777,4804040243030101,4804040243030101,0404,6.0,,36.8,6.13,3.643
solis,2026-02-16,1298491919449848959,Richard,1308675217948936492,4804040243030117,4804040243030117,0404,6.0,,17.7,2.95,1.752
solis,2026-02-16,1298491919449848959,Richard,1308675217948936777,4804040243030101,4804040243030101,0404,6.0,,17.6,2.93,1.742
solis,2026-02-17,1298491919449848959,Richard,1308675217948936492,4804040243030117,4804040243030117,0404,6.0,,7.6,1.27,0.752
solis,2026-02-17,1298491919449848959,Richard,1308675217948936777,4804040243030101,4804040243030101,0404,6.0,,7.8,1.3,0.772
solis,2026-02-18,1298491919449848959,Richard,1308675217948936492,4804040243030117,4804040243030117,0404,6.0,,10.0,1.67,0.99
solis,2026-02-18,1298491919449848959,Richard,1308675217948936777,4804040243030101,4804040243030101,0404,6.0,,9.9,1.65,0.98
solis,2026-02-19,1298491919449848959,Richard,1308675217948936492,4804040243030117,4804040243030117,0404,6.0,,19.5,3.25,1.931
solis,2026-02-19,1298491919449848959,Richard,1308675217948936777,4804040243030101,4804040243030101,0404,6.0,,23.2,3.87,2.297
solis,2026-02-20,1298491919449848959,Richard,1308675217948936492,4804040243030117,4804040243030117,0404,6.0,,28.1,4.68,2.782
solis,2026-02-20,1298491919449848959,Richard,1308675217948936777,4804040243030101,4804040243030101,0404,6.0,,29.3,4.88,2.901
solis,2026-02-21,1298491919449848959,Richard,1308675217948936492,4804040243030117,4804040243030117,0404,6.0,,41.4,6.9,4.099
solis,2026-02-21,1298491919449848959,Richard,1308675217948936777,4804040243030101,4804040243030101,0404,6.0,,42.2,7.03,4.178
solis,2026-02-22,1298491919449848959,Richard,1308675217948936492,4804040243030117,4804040243030117,0404,6.0,,35.0,5.83,3.465
solis,2026-02-22,1298491919449848959,Richard,1308675217948936777,4804040243030101,4804040243030101,0404,6.0,,35.3,5.88,3.495
solis,2026-02-23,1298491919449848959,Richard,1308675217948936492,4804040243030117,4804040243030117,0404,6.0,,22.9,3.82,2.267
solis,2026-02-23,1298491919449848959,Richard,1308675217948936777,4804040243030101,4804040243030101,0404,6.0,,22.7,3.78,2.247
solis,2026-02-24,1298491919449848959,Richard,1308675217948936492,4804040243030117,4804040243030117,0404,6.0,,39.5,6.58,3.911
solis,2026-02-24,1298491919449848959,Richard,1308675217948936777,4804040243030101,4804040243030101,0404,6.0,,39.2,6.53,3.881
solis,2026-02-25,1298491919449848959,Richard,1308675217948936492,4804040243030117,4804040243030117,0404,6.0,,11.1,1.85,1.099
solis,2026-02-25,1298491919449848959,Richard,1308675217948936777,4804040243030101,4804040243030101,0404,6.0,,10.9,1.82,1.079
solis,2026-02-26,1298491919449848959,Richard,1308675217948936492,4804040243030117,4804040243030117,0404,6.0,,31.6,5.27,3.128
solis,2026-02-26,1298491919449848959,Richard,1308675217948936777,4804040243030101,4804040243030101,0404,6.0,,31.6,5.27,3.128
solis,2026-02-27,1298491919449848959,Richard,1308675217948936492,4804040243030117,4804040243030117,0404,6.0,,7.2,1.2,0.713
solis,2026-02-27,1298491919449848959,Richard,1308675217948936777,4804040243030101,4804040243030101,0404,6.0,,7.5,1.25,0.743
solis,2026-02-28,1298491919449848959,Richard,1308675217948936492,4804040243030117,4804040243030117,0404,6.0,,27.5,4.58,2.723
solis,2026-02-28,1298491919449848959,Richard,1308675217948936777,4804040243030101,4804040243030101,0404,6.0,,25.5,4.25,2.525
solis,2026-03-01,1298491919449848959,Richard,1308675217948936492,4804040243030117,4804040243030117,0404,6.0,,40.2,6.7,3.98
solis,2026-03-01,1298491919449848959,Richard,1308675217948936777,4804040243030101,4804040243030101,0404,6.0,,40.2,6.7,3.98
solis,2026-03-02,1298491919449848959,Richard,1308675217948936492,4804040243030117,4804040243030117,0404,6.0,,36.3,6.05,3.594
solis,2026-03-02,1298491919449848959,Richard,1308675217948936777,4804040243030101,4804040243030101,0404,6.0,,36.2,6.03,3.584
solis,2026-03-03,1298491919449848959,Richard,1308675217948936492,4804040243030117,4804040243030117,0404,6.0,,24.7,4.12,2.445
solis,2026-03-03,1298491919449848959,Richard,1308675217948936777,4804040243030101,4804040243030101,0404,6.0,,24.6,4.1,2.435
solis,2026-03-04,1298491919449848959,Richard,1308675217948936492,4804040243030117,4804040243030117,0404,6.0,,10.6,1.77,1.049
solis,2026-03-04,1298491919449848959,Richard,1308675217948936777,4804040243030101,4804040243030101,0404,6.0,,10.5,1.75,1.04
solis,2026-03-05,1298491919449848959,Richard,1308675217948936492,4804040243030117,4804040243030117,0404,6.0,,23.1,3.85,2.287
solis,2026-03-05,1298491919449848959,Richard,1308675217948936777,4804040243030101,4804040243030101,0404,6.0,,23.0,3.83,2.277
solis,2026-03-06,1298491919449848959,Richard,1308675217948936492,4804040243030117,4804040243030117,0404,6.0,,41.1,6.85,4.069
solis,2026-03-06,1298491919449848959,Richard,1308675217948936777,4804040243030101,4804040243030101,0404,6.0,,41.1,6.85,4.069
solis,2026-03-07,1298491919449848959,Richard,1308675217948936492,4804040243030117,4804040243030117,0404,6.0,,34.6,5.77,3.425
solis,2026-03-07,1298491919449848959,Richard,1308675217948936777,4804040243030101,4804040243030101,0404,6.0,,34.6,5.77,3.425
solis,2026-03-08,1298491919449848959,Richard,1308675217948936492,4804040243030117,4804040243030117,0404,6.0,,16.5,2.75,1.634
solis,2026-03-08,1298491919449848959,Richard,1308675217948936777,4804040243030101,4804040243030101,0404,6.0,,16.3,2.72,1.614
solis,2026-03-09,1298491919449848959,Richard,1308675217948936492,4804040243030117,4804040243030117,0404,6.0,,35.7,5.95,3.534
solis,2026-03-09,1298491919449848959,Richard,1308675217948936777,4804040243030101,4804040243030101,0404,6.0,,35.0,5.83,3.465
solis,2026-03-10,1298491919449848959,Richard,1308675217948936492,4804040243030117,4804040243030117,0404,6.0,,39.5,6.58,3.911
solis,2026-03-10,1298491919449848959,Richard,1308675217948936777,4804040243030101,4804040243030101,0404,6.0,,39.4,6.57,3.901
solis,2026-03-11,1298491919449848959,Richard,1308675217948936492,4804040243030117,4804040243030117,0404,6.0,,44.3,7.38,4.386
solis,2026-03-11,1298491919449848959,Richard,1308675217948936777,4804040243030101,4804040243030101,0404,6.0,,44.2,7.37,4.376
solis,2026-03-12,1298491919449848959,Richard,1308675217948936492,4804040243030117,4804040243030117,0404,6.0,,31.7,5.28,3.138
solis,2026-03-12,1298491919449848959,Richard,1308675217948936777,4804040243030101,4804040243030101,0404,6.0,,31.6,5.27,3.128
solis,2026-03-13,1298491919449848959,Richard,1308675217948936492,4804040243030117,4804040243030117,0404,6.0,,11.5,1.92,1.139
solis,2026-03-13,1298491919449848959,Richard,1308675217948936777,4804040243030101,4804040243030101,0404,6.0,,11.3,1.88,1.119
solis,2026-03-14,1298491919449848959,Richard,1308675217948936492,4804040243030117,4804040243030117,0404,6.0,,10.8,1.8,1.069
solis,2026-03-14,1298491919449848959,Richard,1308675217948936777,4804040243030101,4804040243030101,0404,6.0,,12.3,2.05,1.218
solis,2026-03-15,1298491919449848959,Richard,1308675217948936492,4804040243030117,4804040243030117,0404,6.0,,39.9,6.65,3.95
solis,2026-03-15,1298491919449848959,Richard,1308675217948936777,4804040243030101,4804040243030101,0404,6.0,,40.4,6.73,4.0
solis,2026-03-16,1298491919449848959,Richard,1308675217948936492,4804040243030117,4804040243030117,0404,6.0,,15.4,2.57,1.525
solis,2026-03-16,1298491919449848959,Richard,1308675217948936777,4804040243030101,4804040243030101,0404,6.0,,15.0,2.5,1.485
solis,2026-03-18,1298491919449848959,Richard,1308675217948936492,4804040243030117,4804040243030117,0404,6.0,,8.0,1.33,0.792
solis,2026-03-18,1298491919449848959,Richard,1308675217948936777,4804040243030101,4804040243030101,0404,6.0,,8.0,1.33,0.792
solis,2026-03-19,1298491919449848959,Richard,1308675217948936492,4804040243030117,4804040243030117,0404,6.0,,19.8,3.3,1.96
solis,2026-03-19,1298491919449848959,Richard,1308675217948936777,4804040243030101,4804040243030101,0404,6.0,,19.9,3.32,1.97
solis,2026-03-20,1298491919449848959,Richard,1308675217948936492,4804040243030117,4804040243030117,0404,6.0,,33.4,5.57,3.307
solis,2026-03-20,1298491919449848959,Richard,1308675217948936777,4804040243030101,4804040243030101,0404,6.0,,33.3,5.55,3.297
solis,2026-03-21,1298491919449848959,Richard,1308675217948936492,4804040243030117,4804040243030117,0404,6.0,,15.7,2.62,1.554
solis,2026-03-21,1298491919449848959,Richard,1308675217948936777,4804040243030101,4804040243030101,0404,6.0,,15.6,2.6,1.544
solis,2026-03-22,1298491919449848959,Richard,1308675217948936492,4804040243030117,4804040243030117,0404,6.0,,44.3,7.38,4.386
solis,2026-03-22,1298491919449848959,Richard,1308675217948936777,4804040243030101,4804040243030101,0404,6.0,,44.4,7.4,4.396
solis,2026-03-23,1298491919449848959,Richard,1308675217948936492,4804040243030117,4804040243030117,0404,6.0,,42.8,7.13,4.237
solis,2026-03-23,1298491919449848959,Richard,1308675217948936777,4804040243030101,4804040243030101,0404,6.0,,42.5,7.08,4.208
solis,2026-03-24,1298491919449848959,Richard,1308675217948936492,4804040243030117,4804040243030117,0404,6.0,,16.0,2.67,1.584
solis,2026-03-24,1298491919449848959,Richard,1308675217948936777,4804040243030101,4804040243030101,0404,6.0,,15.9,2.65,1.574
solis,2026-03-25,1298491919449848959,Richard,1308675217948936492,4804040243030117,4804040243030117,0404,6.0,,44.8,7.47,4.435
solis,2026-03-25,1298491919449848959,Richard,1308675217948936777,4804040243030101,4804040243030101,0404,6.0,,44.7,7.45,4.425
solis,2026-03-26,1298491919449848959,Richard,1308675217948936492,4804040243030117,4804040243030117,0404,6.0,,27.2,4.53,2.693
solis,2026-03-26,1298491919449848959,Richard,1308675217948936777,4804040243030101,4804040243030101,0404,6.0,,30.0,5.0,2.97
solis,2026-03-27,1298491919449848959,Richard,1308675217948936492,4804040243030117,4804040243030117,0404,6.0,,42.0,7.0,4.158
solis,2026-03-27,1298491919449848959,Richard,1308675217948936777,4804040243030101,4804040243030101,0404,6.0,,41.9,6.98,4.148
solis,2026-03-28,1298491919449848959,Richard,1308675217948936492,4804040243030117,4804040243030117,0404,6.0,,40.4,6.73,4.0
solis,2026-03-28,1298491919449848959,Richard,1308675217948936777,4804040243030101,4804040243030101,0404,6.0,,40.2,6.7,3.98
solis,2026-03-29,1298491919449848959,Richard,1308675217948936492,4804040243030117,4804040243030117,0404,6.0,,21.5,3.58,2.129
solis,2026-03-29,1298491919449848959,Richard,1308675217948936777,4804040243030101,4804040243030101,0404,6.0,,21.5,3.58,2.129
solis,2026-03-30,1298491919449848959,Richard,1308675217948936492,4804040243030117,4804040243030117,0404,6.0,,26.9,4.48,2.663
solis,2026-03-30,1298491919449848959,Richard,1308675217948936777,4804040243030101,4804040243030101,0404,6.0,,29.7,4.95,2.94
solis,2026-03-31,1298491919449848959,Richard,1308675217948936492,4804040243030117,4804040243030117,0404,6.0,,39.7,6.62,3.93
solis,2026-03-31,1298491919449848959,Richard,1308675217948936777,4804040243030101,4804040243030101,0404,6.0,,39.4,6.57,3.901
solis,2026-04-01,1298491919449848959,Richard,1308675217948936492,4804040243030117,4804040243030117,0404,6.0,,29.4,4.9,2.911
solis,2026-04-01,1298491919449848959,Richard,1308675217948936777,4804040243030101,4804040243030101,0404,6.0,,29.2,4.87,2.891
solis,2026-04-02,1298491919449848959,Richard,1308675217948936492,4804040243030117,4804040243030117,0404,6.0,,11.0,1.83,1.089
solis,2026-04-02,1298491919449848959,Richard,1308675217948936777,4804040243030101,4804040243030101,0404,6.0,,10.8,1.8,1.069
solis,2026-04-03,1298491919449848959,Richard,1308675217948936492,4804040243030117,4804040243030117,0404,6.0,,19.2,3.2,1.901
solis,2026-04-03,1298491919449848959,Richard,1308675217948936777,4804040243030101,4804040243030101,0404,6.0,,19.1,3.18,1.891
solis,2026-04-04,1298491919449848959,Richard,1308675217948936492,4804040243030117,4804040243030117,0404,6.0,,38.9,6.48,3.851
solis,2026-04-04,1298491919449848959,Richard,1308675217948936777,4804040243030101,4804040243030101,0404,6.0,,38.7,6.45,3.831
solis,2026-04-05,1298491919449848959,Richard,1308675217948936492,4804040243030117,4804040243030117,0404,6.0,,22.8,3.8,2.257
solis,2026-04-05,1298491919449848959,Richard,1308675217948936777,4804040243030101,4804040243030101,0404,6.0,,22.7,3.78,2.247
solis,2026-04-06,1298491919449848959,Richard,1308675217948936492,4804040243030117,4804040243030117,0404,6.0,,35.4,5.9,3.505
solis,2026-04-06,1298491919449848959,Richard,1308675217948936777,4804040243030101,4804040243030101,0404,6.0,,35.3,5.88,3.495
solis,2026-04-07,1298491919449848959,Richard,1308675217948936492,4804040243030117,4804040243030117,0404,6.0,,20.6,3.43,2.039
solis,2026-04-07,1298491919449848959,Richard,1308675217948936777,4804040243030101,4804040243030101,0404,6.0,,21.2,3.53,2.099
solis,2026-04-08,1298491919449848959,Richard,1308675217948936492,4804040243030117,4804040243030117,0404,6.0,,48.3,8.05,4.782
solis,2026-04-08,1298491919449848959,Richard,1308675217948936777,4804040243030101,4804040243030101,0404,6.0,,48.1,8.02,4.762
solis,2026-04-09,1298491919449848959,Richard,1308675217948936492,4804040243030117,4804040243030117,0404,6.0,,47.2,7.87,4.673
solis,2026-04-09,1298491919449848959,Richard,1308675217948936777,4804040243030101,4804040243030101,0404,6.0,,46.8,7.8,4.633
solis,2026-04-10,1298491919449848959,Richard,1308675217948936492,4804040243030117,4804040243030117,0404,6.0,,48.0,8.0,4.752
solis,2026-04-10,1298491919449848959,Richard,1308675217948936777,4804040243030101,4804040243030101,0404,6.0,,47.5,7.92,4.703
solis,2026-04-11,1298491919449848959,Richard,1308675217948936492,4804040243030117,4804040243030117,0404,6.0,,26.0,4.33,2.574
solis,2026-04-11,1298491919449848959,Richard,1308675217948936777,4804040243030101,4804040243030101,0404,6.0,,26.0,4.33,2.574
solis,2026-04-12,1298491919449848959,Richard,1308675217948936492,4804040243030117,4804040243030117,0404,6.0,,7.6,1.27,0.752
solis,2026-04-12,1298491919449848959,Richard,1308675217948936777,4804040243030101,4804040243030101,0404,6.0,,7.5,1.25,0.743
solis,2026-04-13,1298491919449848959,Richard,1308675217948936492,4804040243030117,4804040243030117,0404,6.0,,38.2,6.37,3.782
solis,2026-04-13,1298491919449848959,Richard,1308675217948936777,4804040243030101,4804040243030101,0404,6.0,,38.2,6.37,3.782
solis,2026-04-14,1298491919449848959,Richard,1308675217948936492,4804040243030117,4804040243030117,0404,6.0,,29.5,4.92,2.921
solis,2026-04-14,1298491919449848959,Richard,1308675217948936777,4804040243030101,4804040243030101,0404,6.0,,29.4,4.9,2.911
solis,2026-04-15,1298491919449848959,Richard,1308675217948936492,4804040243030117,4804040243030117,0404,6.0,,36.3,6.05,3.594
solis,2026-04-15,1298491919449848959,Richard,1308675217948936777,4804040243030101,4804040243030101,0404,6.0,,36.1,6.02,3.574
solis,2026-04-16,1298491919449848959,Richard,1308675217948936492,4804040243030117,4804040243030117,0404,6.0,,1.6,0.27,0.158
solis,2026-04-16,1298491919449848959,Richard,1308675217948936777,4804040243030101,4804040243030101,0404,6.0,,21.3,3.55,2.109
solis,2026-04-17,1298491919449848959,Richard,1308675217948936492,4804040243030117,4804040243030117,0404,6.0,,23.3,3.88,2.307
solis,2026-04-17,1298491919449848959,Richard,1308675217948936777,4804040243030101,4804040243030101,0404,6.0,,39.7,6.62,3.93
solis,2026-04-18,1298491919449848959,Richard,1308675217948936492,4804040243030117,4804040243030117,0404,6.0,,30.4,5.07,3.01
solis,2026-04-18,1298491919449848959,Richard,1308675217948936777,4804040243030101,4804040243030101,0404,6.0,,48.4,8.07,4.792
solis,2026-04-19,1298491919449848959,Richard,1308675217948936492,4804040243030117,4804040243030117,0404,6.0,,46.0,7.67,4.554
solis,2026-04-19,1298491919449848959,Richard,1308675217948936777,4804040243030101,4804040243030101,0404,6.0,,47.6,7.93,4.712
solis,2026-04-20,1298491919449848959,Richard,1308675217948936492,4804040243030117,4804040243030117,0404,6.0,,42.8,7.13,4.237
solis,2026-04-20,1298491919449848959,Richard,1308675217948936777,4804040243030101,4804040243030101,0404,6.0,,46.0,7.67,4.554
solis,2026-04-21,1298491919449848959,Richard,1308675217948936777,4804040243030101,4804040243030101,0404,6.0,,8.5,1.42,0.842
solis,2026-04-22,1298491919449848959,Richard,1308675217948936492,4804040243030117,4804040243030117,0404,6.0,,17.5,2.92,1.733
solis,2026-04-22,1298491919449848959,Richard,1308675217948936777,4804040243030101,4804040243030101,0404,6.0,,17.3,2.88,1.713
solis,2026-04-23,1298491919449848959,Richard,1308675217948936492,4804040243030117,4804040243030117,0404,6.0,,29.4,4.9,2.911
solis,2026-04-23,1298491919449848959,Richard,1308675217948936777,4804040243030101,4804040243030101,0404,6.0,,29.1,4.85,2.881
solis,2026-04-24,1298491919449848959,Richard,1308675217948936492,4804040243030117,4804040243030117,0404,6.0,,18.9,3.15,1.871
solis,2026-04-24,1298491919449848959,Richard,1308675217948936777,4804040243030101,4804040243030101,0404,6.0,,18.8,3.13,1.861
solis,2026-04-25,1298491919449848959,Richard,1308675217948936492,4804040243030117,4804040243030117,0404,6.0,,25.7,4.28,2.544
solis,2026-04-25,1298491919449848959,Richard,1308675217948936777,4804040243030101,4804040243030101,0404,6.0,,26.5,4.42,2.624
solis,2026-04-26,1298491919449848959,Richard,1308675217948936492,4804040243030117,4804040243030117,0404,6.0,,19.0,3.17,1.881
solis,2026-04-26,1298491919449848959,Richard,1308675217948936777,4804040243030101,4804040243030101,0404,6.0,,18.9,3.15,1.871
solis,2026-04-27,1298491919449848959,Richard,1308675217948936492,4804040243030117,4804040243030117,0404,6.0,,43.1,7.18,4.267
solis,2026-04-27,1298491919449848959,Richard,1308675217948936777,4804040243030101,4804040243030101,0404,6.0,,43.1,7.18,4.267
solis,2026-04-28,1298491919449848959,Richard,1308675217948936492,4804040243030117,4804040243030117,0404,6.0,,44.6,7.43,4.415
solis,2026-04-28,1298491919449848959,Richard,1308675217948936777,4804040243030101,4804040243030101,0404,6.0,,44.3,7.38,4.386
solis,2026-04-29,1298491919449848959,Richard,1308675217948936492,4804040243030117,4804040243030117,0404,6.0,,42.2,7.03,4.178
solis,2026-04-29,1298491919449848959,Richard,1308675217948936777,4804040243030101,4804040243030101,0404,6.0,,42.0,7.0,4.158
solis,2026-04-30,1298491919449848959,Richard,1308675217948936492,4804040243030117,4804040243030117,0404,6.0,,50.2,8.37,4.97
solis,2026-04-30,1298491919449848959,Richard,1308675217948936777,4804040243030101,4804040243030101,0404,6.0,,49.9,8.32,4.94
solis,2026-05-01,1298491919449848959,Richard,1308675217948936492,4804040243030117,4804040243030117,0404,6.0,,48.2,8.03,4.772
solis,2026-05-01,1298491919449848959,Richard,1308675217948936777,4804040243030101,4804040243030101,0404,6.0,,47.9,7.98,4.742
solis,2026-05-02,1298491919449848959,Richard,1308675217948936492,4804040243030117,4804040243030117,0404,6.0,,39.6,6.6,3.92
solis,2026-05-02,1298491919449848959,Richard,1308675217948936777,4804040243030101,4804040243030101,0404,6.0,,39.5,6.58,3.911
solis,2026-05-03,1298491919449848959,Richard,1308675217948936492,4804040243030117,4804040243030117,0404,6.0,,48.6,8.1,4.811
solis,2026-05-03,1298491919449848959,Richard,1308675217948936777,4804040243030101,4804040243030101,0404,6.0,,48.3,8.05,4.782
solis,2026-05-05,1298491919449848959,Richard,1308675217948936492,4804040243030117,4804040243030117,0404,6.0,,31.0,5.17,3.069
solis,2026-05-05,1298491919449848959,Richard,1308675217948936777,4804040243030101,4804040243030101,0404,6.0,,30.8,5.13,3.049
solis,2026-05-06,1298491919449848959,Richard,1308675217948936492,4804040243030117,4804040243030117,0404,6.0,,44.9,7.48,4.445
solis,2026-05-06,1298491919449848959,Richard,1308675217948936777,4804040243030101,4804040243030101,0404,6.0,,44.5,7.42,4.406
solis,2026-05-07,1298491919449848959,Richard,1308675217948936492,4804040243030117,4804040243030117,0404,6.0,,40.4,6.73,4.0
solis,2026-05-07,1298491919449848959,Richard,1308675217948936777,4804040243030101,4804040243030101,0404,6.0,,40.2,6.7,3.98
solis,2026-05-08,1298491919449848959,Richard,1308675217948936492,4804040243030117,4804040243030117,0404,6.0,,45.1,7.52,4.465
solis,2026-05-08,1298491919449848959,Richard,1308675217948936777,4804040243030101,4804040243030101,0404,6.0,,44.6,7.43,4.415
solis,2026-05-09,1298491919449848959,Richard,1308675217948936492,4804040243030117,4804040243030117,0404,6.0,,34.6,5.77,3.425
solis,2026-05-09,1298491919449848959,Richard,1308675217948936777,4804040243030101,4804040243030101,0404,6.0,,34.4,5.73,3.406
solis,2026-05-10,1298491919449848959,Richard,1308675217948936492,4804040243030117,4804040243030117,0404,6.0,,37.7,6.28,3.732
solis,2026-05-10,1298491919449848959,Richard,1308675217948936777,4804040243030101,4804040243030101,0404,6.0,,37.6,6.27,3.722
solis,2026-05-11,1298491919449848959,Richard,1308675217948936492,4804040243030117,4804040243030117,0404,6.0,,44.0,7.33,4.356
solis,2026-05-11,1298491919449848959,Richard,1308675217948936777,4804040243030101,4804040243030101,0404,6.0,,43.7,7.28,4.326
solis,2026-05-12,1298491919449848959,Richard,1308675217948936492,4804040243030117,4804040243030117,0404,6.0,,48.0,8.0,4.752
solis,2026-05-12,1298491919449848959,Richard,1308675217948936777,4804040243030101,4804040243030101,0404,6.0,,47.6,7.93,4.712
solis,2026-05-13,1298491919449848959,Richard,1308675217948936492,4804040243030117,4804040243030117,0404,6.0,,12.5,2.08,1.238
solis,2026-05-13,1298491919449848959,Richard,1308675217948936777,4804040243030101,4804040243030101,0404,6.0,,12.4,2.07,1.228
